point_id,phase,comparison,role,repetition,slot,order,variant,mode,payload,events_per_batch,owner_intents,writers,unit_shape,feed_source,feed_weight
e000001,exploratory,pwritev_full_8m,baseline,1,1,ABBA,k_pwrite,process,24,1,2,2,domain,synthetic_sweep,1
e000002,exploratory,pwritev_full_8m,candidate,1,2,ABBA,pwritev_full_8m,process,24,1,2,2,domain,synthetic_sweep,1
e000003,exploratory,pwritev_full_8m,candidate,1,3,ABBA,pwritev_full_8m,process,24,1,2,2,domain,synthetic_sweep,1
e000004,exploratory,pwritev_full_8m,baseline,1,4,ABBA,k_pwrite,process,24,1,2,2,domain,synthetic_sweep,1
e000005,exploratory,copy_contiguous,candidate,1,1,BAAB,copy_contiguous,process,24,1,2,2,domain,synthetic_sweep,1
e000006,exploratory,copy_contiguous,baseline,1,2,BAAB,k_pwrite,process,24,1,2,2,domain,synthetic_sweep,1
e000007,exploratory,copy_contiguous,baseline,1,3,BAAB,k_pwrite,process,24,1,2,2,domain,synthetic_sweep,1
e000008,exploratory,copy_contiguous,candidate,1,4,BAAB,copy_contiguous,process,24,1,2,2,domain,synthetic_sweep,1
e000009,exploratory,pwritev_full_8m,baseline,1,1,ABBA,k_pwrite,process,24,1,2,2,new_name,synthetic_sweep,1
e000010,exploratory,pwritev_full_8m,candidate,1,2,ABBA,pwritev_full_8m,process,24,1,2,2,new_name,synthetic_sweep,1
e000011,exploratory,pwritev_full_8m,candidate,1,3,ABBA,pwritev_full_8m,process,24,1,2,2,new_name,synthetic_sweep,1
e000012,exploratory,pwritev_full_8m,baseline,1,4,ABBA,k_pwrite,process,24,1,2,2,new_name,synthetic_sweep,1
e000013,exploratory,copy_contiguous,candidate,1,1,BAAB,copy_contiguous,process,24,1,2,2,new_name,synthetic_sweep,1
e000014,exploratory,copy_contiguous,baseline,1,2,BAAB,k_pwrite,process,24,1,2,2,new_name,synthetic_sweep,1
e000015,exploratory,copy_contiguous,baseline,1,3,BAAB,k_pwrite,process,24,1,2,2,new_name,synthetic_sweep,1
e000016,exploratory,copy_contiguous,candidate,1,4,BAAB,copy_contiguous,process,24,1,2,2,new_name,synthetic_sweep,1
e000017,exploratory,pwritev_full_8m,baseline,1,1,ABBA,k_pwrite,process,24,1,4,4,domain,synthetic_sweep,1
e000018,exploratory,pwritev_full_8m,candidate,1,2,ABBA,pwritev_full_8m,process,24,1,4,4,domain,synthetic_sweep,1
e000019,exploratory,pwritev_full_8m,candidate,1,3,ABBA,pwritev_full_8m,process,24,1,4,4,domain,synthetic_sweep,1
e000020,exploratory,pwritev_full_8m,baseline,1,4,ABBA,k_pwrite,process,24,1,4,4,domain,synthetic_sweep,1
e000021,exploratory,copy_contiguous,candidate,1,1,BAAB,copy_contiguous,process,24,1,4,4,domain,synthetic_sweep,1
e000022,exploratory,copy_contiguous,baseline,1,2,BAAB,k_pwrite,process,24,1,4,4,domain,synthetic_sweep,1
e000023,exploratory,copy_contiguous,baseline,1,3,BAAB,k_pwrite,process,24,1,4,4,domain,synthetic_sweep,1
e000024,exploratory,copy_contiguous,candidate,1,4,BAAB,copy_contiguous,process,24,1,4,4,domain,synthetic_sweep,1
e000025,exploratory,pwritev_full_8m,baseline,1,1,ABBA,k_pwrite,process,24,1,4,4,new_name,synthetic_sweep,1
e000026,exploratory,pwritev_full_8m,candidate,1,2,ABBA,pwritev_full_8m,process,24,1,4,4,new_name,synthetic_sweep,1
e000027,exploratory,pwritev_full_8m,candidate,1,3,ABBA,pwritev_full_8m,process,24,1,4,4,new_name,synthetic_sweep,1
e000028,exploratory,pwritev_full_8m,baseline,1,4,ABBA,k_pwrite,process,24,1,4,4,new_name,synthetic_sweep,1
e000029,exploratory,copy_contiguous,candidate,1,1,BAAB,copy_contiguous,process,24,1,4,4,new_name,synthetic_sweep,1
e000030,exploratory,copy_contiguous,baseline,1,2,BAAB,k_pwrite,process,24,1,4,4,new_name,synthetic_sweep,1
e000031,exploratory,copy_contiguous,baseline,1,3,BAAB,k_pwrite,process,24,1,4,4,new_name,synthetic_sweep,1
e000032,exploratory,copy_contiguous,candidate,1,4,BAAB,copy_contiguous,process,24,1,4,4,new_name,synthetic_sweep,1
e000033,exploratory,pwritev_full_8m,baseline,1,1,ABBA,k_pwrite,process,24,1,16,4,domain,synthetic_sweep,1
e000034,exploratory,pwritev_full_8m,candidate,1,2,ABBA,pwritev_full_8m,process,24,1,16,4,domain,synthetic_sweep,1
e000035,exploratory,pwritev_full_8m,candidate,1,3,ABBA,pwritev_full_8m,process,24,1,16,4,domain,synthetic_sweep,1
e000036,exploratory,pwritev_full_8m,baseline,1,4,ABBA,k_pwrite,process,24,1,16,4,domain,synthetic_sweep,1
e000037,exploratory,copy_contiguous,candidate,1,1,BAAB,copy_contiguous,process,24,1,16,4,domain,synthetic_sweep,1
e000038,exploratory,copy_contiguous,baseline,1,2,BAAB,k_pwrite,process,24,1,16,4,domain,synthetic_sweep,1
e000039,exploratory,copy_contiguous,baseline,1,3,BAAB,k_pwrite,process,24,1,16,4,domain,synthetic_sweep,1
e000040,exploratory,copy_contiguous,candidate,1,4,BAAB,copy_contiguous,process,24,1,16,4,domain,synthetic_sweep,1
e000041,exploratory,pwritev_full_8m,baseline,1,1,ABBA,k_pwrite,process,24,1,16,4,new_name,synthetic_sweep,1
e000042,exploratory,pwritev_full_8m,candidate,1,2,ABBA,pwritev_full_8m,process,24,1,16,4,new_name,synthetic_sweep,1
e000043,exploratory,pwritev_full_8m,candidate,1,3,ABBA,pwritev_full_8m,process,24,1,16,4,new_name,synthetic_sweep,1
e000044,exploratory,pwritev_full_8m,baseline,1,4,ABBA,k_pwrite,process,24,1,16,4,new_name,synthetic_sweep,1
e000045,exploratory,copy_contiguous,candidate,1,1,BAAB,copy_contiguous,process,24,1,16,4,new_name,synthetic_sweep,1
e000046,exploratory,copy_contiguous,baseline,1,2,BAAB,k_pwrite,process,24,1,16,4,new_name,synthetic_sweep,1
e000047,exploratory,copy_contiguous,baseline,1,3,BAAB,k_pwrite,process,24,1,16,4,new_name,synthetic_sweep,1
e000048,exploratory,copy_contiguous,candidate,1,4,BAAB,copy_contiguous,process,24,1,16,4,new_name,synthetic_sweep,1
e000049,exploratory,pwritev_full_8m,baseline,1,1,ABBA,k_pwrite,process,24,1,64,4,domain,synthetic_sweep,1
e000050,exploratory,pwritev_full_8m,candidate,1,2,ABBA,pwritev_full_8m,process,24,1,64,4,domain,synthetic_sweep,1
e000051,exploratory,pwritev_full_8m,candidate,1,3,ABBA,pwritev_full_8m,process,24,1,64,4,domain,synthetic_sweep,1
e000052,exploratory,pwritev_full_8m,baseline,1,4,ABBA,k_pwrite,process,24,1,64,4,domain,synthetic_sweep,1
e000053,exploratory,copy_contiguous,candidate,1,1,BAAB,copy_contiguous,process,24,1,64,4,domain,synthetic_sweep,1
e000054,exploratory,copy_contiguous,baseline,1,2,BAAB,k_pwrite,process,24,1,64,4,domain,synthetic_sweep,1
e000055,exploratory,copy_contiguous,baseline,1,3,BAAB,k_pwrite,process,24,1,64,4,domain,synthetic_sweep,1
e000056,exploratory,copy_contiguous,candidate,1,4,BAAB,copy_contiguous,process,24,1,64,4,domain,synthetic_sweep,1
e000057,exploratory,pwritev_full_8m,baseline,1,1,ABBA,k_pwrite,process,24,1,64,4,new_name,synthetic_sweep,1
e000058,exploratory,pwritev_full_8m,candidate,1,2,ABBA,pwritev_full_8m,process,24,1,64,4,new_name,synthetic_sweep,1
e000059,exploratory,pwritev_full_8m,candidate,1,3,ABBA,pwritev_full_8m,process,24,1,64,4,new_name,synthetic_sweep,1
e000060,exploratory,pwritev_full_8m,baseline,1,4,ABBA,k_pwrite,process,24,1,64,4,new_name,synthetic_sweep,1
e000061,exploratory,pwritev_64_8m,candidate,1,1,BAAB,pwritev_64_8m,process,24,1,64,4,new_name,synthetic_sweep,1
e000062,exploratory,pwritev_64_8m,baseline,1,2,BAAB,k_pwrite,process,24,1,64,4,new_name,synthetic_sweep,1
e000063,exploratory,pwritev_64_8m,baseline,1,3,BAAB,k_pwrite,process,24,1,64,4,new_name,synthetic_sweep,1
e000064,exploratory,pwritev_64_8m,candidate,1,4,BAAB,pwritev_64_8m,process,24,1,64,4,new_name,synthetic_sweep,1
e000065,exploratory,copy_contiguous,baseline,1,1,ABBA,k_pwrite,process,24,1,64,4,new_name,synthetic_sweep,1
e000066,exploratory,copy_contiguous,candidate,1,2,ABBA,copy_contiguous,process,24,1,64,4,new_name,synthetic_sweep,1
e000067,exploratory,copy_contiguous,candidate,1,3,ABBA,copy_contiguous,process,24,1,64,4,new_name,synthetic_sweep,1
e000068,exploratory,copy_contiguous,baseline,1,4,ABBA,k_pwrite,process,24,1,64,4,new_name,synthetic_sweep,1
e000069,exploratory,pwritev_full_8m,candidate,1,1,BAAB,pwritev_full_8m,process,24,1,256,4,domain,synthetic_sweep,1
e000070,exploratory,pwritev_full_8m,baseline,1,2,BAAB,k_pwrite,process,24,1,256,4,domain,synthetic_sweep,1
e000071,exploratory,pwritev_full_8m,baseline,1,3,BAAB,k_pwrite,process,24,1,256,4,domain,synthetic_sweep,1
e000072,exploratory,pwritev_full_8m,candidate,1,4,BAAB,pwritev_full_8m,process,24,1,256,4,domain,synthetic_sweep,1
e000073,exploratory,pwritev_64_8m,baseline,1,1,ABBA,k_pwrite,process,24,1,256,4,domain,synthetic_sweep,1
e000074,exploratory,pwritev_64_8m,candidate,1,2,ABBA,pwritev_64_8m,process,24,1,256,4,domain,synthetic_sweep,1
e000075,exploratory,pwritev_64_8m,candidate,1,3,ABBA,pwritev_64_8m,process,24,1,256,4,domain,synthetic_sweep,1
e000076,exploratory,pwritev_64_8m,baseline,1,4,ABBA,k_pwrite,process,24,1,256,4,domain,synthetic_sweep,1
e000077,exploratory,copy_contiguous,candidate,1,1,BAAB,copy_contiguous,process,24,1,256,4,domain,synthetic_sweep,1
e000078,exploratory,copy_contiguous,baseline,1,2,BAAB,k_pwrite,process,24,1,256,4,domain,synthetic_sweep,1
e000079,exploratory,copy_contiguous,baseline,1,3,BAAB,k_pwrite,process,24,1,256,4,domain,synthetic_sweep,1
e000080,exploratory,copy_contiguous,candidate,1,4,BAAB,copy_contiguous,process,24,1,256,4,domain,synthetic_sweep,1
e000081,exploratory,pwritev_full_8m,baseline,1,1,ABBA,k_pwrite,process,24,1,256,4,new_name,synthetic_sweep,1
e000082,exploratory,pwritev_full_8m,candidate,1,2,ABBA,pwritev_full_8m,process,24,1,256,4,new_name,synthetic_sweep,1
e000083,exploratory,pwritev_full_8m,candidate,1,3,ABBA,pwritev_full_8m,process,24,1,256,4,new_name,synthetic_sweep,1
e000084,exploratory,pwritev_full_8m,baseline,1,4,ABBA,k_pwrite,process,24,1,256,4,new_name,synthetic_sweep,1
e000085,exploratory,pwritev_256_8m,candidate,1,1,BAAB,pwritev_256_8m,process,24,1,256,4,new_name,synthetic_sweep,1
e000086,exploratory,pwritev_256_8m,baseline,1,2,BAAB,k_pwrite,process,24,1,256,4,new_name,synthetic_sweep,1
e000087,exploratory,pwritev_256_8m,baseline,1,3,BAAB,k_pwrite,process,24,1,256,4,new_name,synthetic_sweep,1
e000088,exploratory,pwritev_256_8m,candidate,1,4,BAAB,pwritev_256_8m,process,24,1,256,4,new_name,synthetic_sweep,1
e000089,exploratory,pwritev_64_8m,baseline,1,1,ABBA,k_pwrite,process,24,1,256,4,new_name,synthetic_sweep,1
e000090,exploratory,pwritev_64_8m,candidate,1,2,ABBA,pwritev_64_8m,process,24,1,256,4,new_name,synthetic_sweep,1
e000091,exploratory,pwritev_64_8m,candidate,1,3,ABBA,pwritev_64_8m,process,24,1,256,4,new_name,synthetic_sweep,1
e000092,exploratory,pwritev_64_8m,baseline,1,4,ABBA,k_pwrite,process,24,1,256,4,new_name,synthetic_sweep,1
e000093,exploratory,copy_contiguous,candidate,1,1,BAAB,copy_contiguous,process,24,1,256,4,new_name,synthetic_sweep,1
e000094,exploratory,copy_contiguous,baseline,1,2,BAAB,k_pwrite,process,24,1,256,4,new_name,synthetic_sweep,1
e000095,exploratory,copy_contiguous,baseline,1,3,BAAB,k_pwrite,process,24,1,256,4,new_name,synthetic_sweep,1
e000096,exploratory,copy_contiguous,candidate,1,4,BAAB,copy_contiguous,process,24,1,256,4,new_name,synthetic_sweep,1
e000097,exploratory,pwritev_full_8m,baseline,1,1,ABBA,k_pwrite,process,24,1,1024,4,domain,synthetic_sweep,1
e000098,exploratory,pwritev_full_8m,candidate,1,2,ABBA,pwritev_full_8m,process,24,1,1024,4,domain,synthetic_sweep,1
e000099,exploratory,pwritev_full_8m,candidate,1,3,ABBA,pwritev_full_8m,process,24,1,1024,4,domain,synthetic_sweep,1
e000100,exploratory,pwritev_full_8m,baseline,1,4,ABBA,k_pwrite,process,24,1,1024,4,domain,synthetic_sweep,1
e000101,exploratory,pwritev_256_8m,candidate,1,1,BAAB,pwritev_256_8m,process,24,1,1024,4,domain,synthetic_sweep,1
e000102,exploratory,pwritev_256_8m,baseline,1,2,BAAB,k_pwrite,process,24,1,1024,4,domain,synthetic_sweep,1
e000103,exploratory,pwritev_256_8m,baseline,1,3,BAAB,k_pwrite,process,24,1,1024,4,domain,synthetic_sweep,1
e000104,exploratory,pwritev_256_8m,candidate,1,4,BAAB,pwritev_256_8m,process,24,1,1024,4,domain,synthetic_sweep,1
e000105,exploratory,pwritev_64_8m,baseline,1,1,ABBA,k_pwrite,process,24,1,1024,4,domain,synthetic_sweep,1
e000106,exploratory,pwritev_64_8m,candidate,1,2,ABBA,pwritev_64_8m,process,24,1,1024,4,domain,synthetic_sweep,1
e000107,exploratory,pwritev_64_8m,candidate,1,3,ABBA,pwritev_64_8m,process,24,1,1024,4,domain,synthetic_sweep,1
e000108,exploratory,pwritev_64_8m,baseline,1,4,ABBA,k_pwrite,process,24,1,1024,4,domain,synthetic_sweep,1
e000109,exploratory,copy_contiguous,candidate,1,1,BAAB,copy_contiguous,process,24,1,1024,4,domain,synthetic_sweep,1
e000110,exploratory,copy_contiguous,baseline,1,2,BAAB,k_pwrite,process,24,1,1024,4,domain,synthetic_sweep,1
e000111,exploratory,copy_contiguous,baseline,1,3,BAAB,k_pwrite,process,24,1,1024,4,domain,synthetic_sweep,1
e000112,exploratory,copy_contiguous,candidate,1,4,BAAB,copy_contiguous,process,24,1,1024,4,domain,synthetic_sweep,1
e000113,exploratory,pwritev_full_8m,baseline,1,1,ABBA,k_pwrite,process,24,1,1024,4,new_name,synthetic_sweep,1
e000114,exploratory,pwritev_full_8m,candidate,1,2,ABBA,pwritev_full_8m,process,24,1,1024,4,new_name,synthetic_sweep,1
e000115,exploratory,pwritev_full_8m,candidate,1,3,ABBA,pwritev_full_8m,process,24,1,1024,4,new_name,synthetic_sweep,1
e000116,exploratory,pwritev_full_8m,baseline,1,4,ABBA,k_pwrite,process,24,1,1024,4,new_name,synthetic_sweep,1
e000117,exploratory,pwritev_256_8m,candidate,1,1,BAAB,pwritev_256_8m,process,24,1,1024,4,new_name,synthetic_sweep,1
e000118,exploratory,pwritev_256_8m,baseline,1,2,BAAB,k_pwrite,process,24,1,1024,4,new_name,synthetic_sweep,1
e000119,exploratory,pwritev_256_8m,baseline,1,3,BAAB,k_pwrite,process,24,1,1024,4,new_name,synthetic_sweep,1
e000120,exploratory,pwritev_256_8m,candidate,1,4,BAAB,pwritev_256_8m,process,24,1,1024,4,new_name,synthetic_sweep,1
e000121,exploratory,pwritev_64_8m,baseline,1,1,ABBA,k_pwrite,process,24,1,1024,4,new_name,synthetic_sweep,1
e000122,exploratory,pwritev_64_8m,candidate,1,2,ABBA,pwritev_64_8m,process,24,1,1024,4,new_name,synthetic_sweep,1
e000123,exploratory,pwritev_64_8m,candidate,1,3,ABBA,pwritev_64_8m,process,24,1,1024,4,new_name,synthetic_sweep,1
e000124,exploratory,pwritev_64_8m,baseline,1,4,ABBA,k_pwrite,process,24,1,1024,4,new_name,synthetic_sweep,1
e000125,exploratory,copy_contiguous,candidate,1,1,BAAB,copy_contiguous,process,24,1,1024,4,new_name,synthetic_sweep,1
e000126,exploratory,copy_contiguous,baseline,1,2,BAAB,k_pwrite,process,24,1,1024,4,new_name,synthetic_sweep,1
e000127,exploratory,copy_contiguous,baseline,1,3,BAAB,k_pwrite,process,24,1,1024,4,new_name,synthetic_sweep,1
e000128,exploratory,copy_contiguous,candidate,1,4,BAAB,copy_contiguous,process,24,1,1024,4,new_name,synthetic_sweep,1
e000129,exploratory,pwritev_full_8m,baseline,1,1,ABBA,k_pwrite,process,24,1,1025,4,domain,synthetic_sweep,1
e000130,exploratory,pwritev_full_8m,candidate,1,2,ABBA,pwritev_full_8m,process,24,1,1025,4,domain,synthetic_sweep,1
e000131,exploratory,pwritev_full_8m,candidate,1,3,ABBA,pwritev_full_8m,process,24,1,1025,4,domain,synthetic_sweep,1
e000132,exploratory,pwritev_full_8m,baseline,1,4,ABBA,k_pwrite,process,24,1,1025,4,domain,synthetic_sweep,1
e000133,exploratory,pwritev_256_8m,candidate,1,1,BAAB,pwritev_256_8m,process,24,1,1025,4,domain,synthetic_sweep,1
e000134,exploratory,pwritev_256_8m,baseline,1,2,BAAB,k_pwrite,process,24,1,1025,4,domain,synthetic_sweep,1
e000135,exploratory,pwritev_256_8m,baseline,1,3,BAAB,k_pwrite,process,24,1,1025,4,domain,synthetic_sweep,1
e000136,exploratory,pwritev_256_8m,candidate,1,4,BAAB,pwritev_256_8m,process,24,1,1025,4,domain,synthetic_sweep,1
e000137,exploratory,pwritev_64_8m,baseline,1,1,ABBA,k_pwrite,process,24,1,1025,4,domain,synthetic_sweep,1
e000138,exploratory,pwritev_64_8m,candidate,1,2,ABBA,pwritev_64_8m,process,24,1,1025,4,domain,synthetic_sweep,1
e000139,exploratory,pwritev_64_8m,candidate,1,3,ABBA,pwritev_64_8m,process,24,1,1025,4,domain,synthetic_sweep,1
e000140,exploratory,pwritev_64_8m,baseline,1,4,ABBA,k_pwrite,process,24,1,1025,4,domain,synthetic_sweep,1
e000141,exploratory,copy_contiguous,candidate,1,1,BAAB,copy_contiguous,process,24,1,1025,4,domain,synthetic_sweep,1
e000142,exploratory,copy_contiguous,baseline,1,2,BAAB,k_pwrite,process,24,1,1025,4,domain,synthetic_sweep,1
e000143,exploratory,copy_contiguous,baseline,1,3,BAAB,k_pwrite,process,24,1,1025,4,domain,synthetic_sweep,1
e000144,exploratory,copy_contiguous,candidate,1,4,BAAB,copy_contiguous,process,24,1,1025,4,domain,synthetic_sweep,1
e000145,exploratory,pwritev_full_8m,baseline,1,1,ABBA,k_pwrite,process,24,1,1025,4,new_name,synthetic_sweep,1
e000146,exploratory,pwritev_full_8m,candidate,1,2,ABBA,pwritev_full_8m,process,24,1,1025,4,new_name,synthetic_sweep,1
e000147,exploratory,pwritev_full_8m,candidate,1,3,ABBA,pwritev_full_8m,process,24,1,1025,4,new_name,synthetic_sweep,1
e000148,exploratory,pwritev_full_8m,baseline,1,4,ABBA,k_pwrite,process,24,1,1025,4,new_name,synthetic_sweep,1
e000149,exploratory,pwritev_256_8m,candidate,1,1,BAAB,pwritev_256_8m,process,24,1,1025,4,new_name,synthetic_sweep,1
e000150,exploratory,pwritev_256_8m,baseline,1,2,BAAB,k_pwrite,process,24,1,1025,4,new_name,synthetic_sweep,1
e000151,exploratory,pwritev_256_8m,baseline,1,3,BAAB,k_pwrite,process,24,1,1025,4,new_name,synthetic_sweep,1
e000152,exploratory,pwritev_256_8m,candidate,1,4,BAAB,pwritev_256_8m,process,24,1,1025,4,new_name,synthetic_sweep,1
e000153,exploratory,pwritev_64_8m,baseline,1,1,ABBA,k_pwrite,process,24,1,1025,4,new_name,synthetic_sweep,1
e000154,exploratory,pwritev_64_8m,candidate,1,2,ABBA,pwritev_64_8m,process,24,1,1025,4,new_name,synthetic_sweep,1
e000155,exploratory,pwritev_64_8m,candidate,1,3,ABBA,pwritev_64_8m,process,24,1,1025,4,new_name,synthetic_sweep,1
e000156,exploratory,pwritev_64_8m,baseline,1,4,ABBA,k_pwrite,process,24,1,1025,4,new_name,synthetic_sweep,1
e000157,exploratory,copy_contiguous,candidate,1,1,BAAB,copy_contiguous,process,24,1,1025,4,new_name,synthetic_sweep,1
e000158,exploratory,copy_contiguous,baseline,1,2,BAAB,k_pwrite,process,24,1,1025,4,new_name,synthetic_sweep,1
e000159,exploratory,copy_contiguous,baseline,1,3,BAAB,k_pwrite,process,24,1,1025,4,new_name,synthetic_sweep,1
e000160,exploratory,copy_contiguous,candidate,1,4,BAAB,copy_contiguous,process,24,1,1025,4,new_name,synthetic_sweep,1
e000161,exploratory,pwritev_full_8m,baseline,1,1,ABBA,k_pwrite,process,24,10,2,2,domain,synthetic_sweep,1
e000162,exploratory,pwritev_full_8m,candidate,1,2,ABBA,pwritev_full_8m,process,24,10,2,2,domain,synthetic_sweep,1
e000163,exploratory,pwritev_full_8m,candidate,1,3,ABBA,pwritev_full_8m,process,24,10,2,2,domain,synthetic_sweep,1
e000164,exploratory,pwritev_full_8m,baseline,1,4,ABBA,k_pwrite,process,24,10,2,2,domain,synthetic_sweep,1
e000165,exploratory,copy_contiguous,candidate,1,1,BAAB,copy_contiguous,process,24,10,2,2,domain,synthetic_sweep,1
e000166,exploratory,copy_contiguous,baseline,1,2,BAAB,k_pwrite,process,24,10,2,2,domain,synthetic_sweep,1
e000167,exploratory,copy_contiguous,baseline,1,3,BAAB,k_pwrite,process,24,10,2,2,domain,synthetic_sweep,1
e000168,exploratory,copy_contiguous,candidate,1,4,BAAB,copy_contiguous,process,24,10,2,2,domain,synthetic_sweep,1
e000169,exploratory,pwritev_full_8m,baseline,1,1,ABBA,k_pwrite,process,24,10,2,2,new_name,synthetic_sweep,1
e000170,exploratory,pwritev_full_8m,candidate,1,2,ABBA,pwritev_full_8m,process,24,10,2,2,new_name,synthetic_sweep,1
e000171,exploratory,pwritev_full_8m,candidate,1,3,ABBA,pwritev_full_8m,process,24,10,2,2,new_name,synthetic_sweep,1
e000172,exploratory,pwritev_full_8m,baseline,1,4,ABBA,k_pwrite,process,24,10,2,2,new_name,synthetic_sweep,1
e000173,exploratory,copy_contiguous,candidate,1,1,BAAB,copy_contiguous,process,24,10,2,2,new_name,synthetic_sweep,1
e000174,exploratory,copy_contiguous,baseline,1,2,BAAB,k_pwrite,process,24,10,2,2,new_name,synthetic_sweep,1
e000175,exploratory,copy_contiguous,baseline,1,3,BAAB,k_pwrite,process,24,10,2,2,new_name,synthetic_sweep,1
e000176,exploratory,copy_contiguous,candidate,1,4,BAAB,copy_contiguous,process,24,10,2,2,new_name,synthetic_sweep,1
e000177,exploratory,pwritev_full_8m,baseline,1,1,ABBA,k_pwrite,process,24,10,4,4,domain,synthetic_sweep,1
e000178,exploratory,pwritev_full_8m,candidate,1,2,ABBA,pwritev_full_8m,process,24,10,4,4,domain,synthetic_sweep,1
e000179,exploratory,pwritev_full_8m,candidate,1,3,ABBA,pwritev_full_8m,process,24,10,4,4,domain,synthetic_sweep,1
e000180,exploratory,pwritev_full_8m,baseline,1,4,ABBA,k_pwrite,process,24,10,4,4,domain,synthetic_sweep,1
e000181,exploratory,copy_contiguous,candidate,1,1,BAAB,copy_contiguous,process,24,10,4,4,domain,synthetic_sweep,1
e000182,exploratory,copy_contiguous,baseline,1,2,BAAB,k_pwrite,process,24,10,4,4,domain,synthetic_sweep,1
e000183,exploratory,copy_contiguous,baseline,1,3,BAAB,k_pwrite,process,24,10,4,4,domain,synthetic_sweep,1
e000184,exploratory,copy_contiguous,candidate,1,4,BAAB,copy_contiguous,process,24,10,4,4,domain,synthetic_sweep,1
e000185,exploratory,pwritev_full_8m,baseline,1,1,ABBA,k_pwrite,process,24,10,4,4,new_name,synthetic_sweep,1
e000186,exploratory,pwritev_full_8m,candidate,1,2,ABBA,pwritev_full_8m,process,24,10,4,4,new_name,synthetic_sweep,1
e000187,exploratory,pwritev_full_8m,candidate,1,3,ABBA,pwritev_full_8m,process,24,10,4,4,new_name,synthetic_sweep,1
e000188,exploratory,pwritev_full_8m,baseline,1,4,ABBA,k_pwrite,process,24,10,4,4,new_name,synthetic_sweep,1
e000189,exploratory,copy_contiguous,candidate,1,1,BAAB,copy_contiguous,process,24,10,4,4,new_name,synthetic_sweep,1
e000190,exploratory,copy_contiguous,baseline,1,2,BAAB,k_pwrite,process,24,10,4,4,new_name,synthetic_sweep,1
e000191,exploratory,copy_contiguous,baseline,1,3,BAAB,k_pwrite,process,24,10,4,4,new_name,synthetic_sweep,1
e000192,exploratory,copy_contiguous,candidate,1,4,BAAB,copy_contiguous,process,24,10,4,4,new_name,synthetic_sweep,1
e000193,exploratory,pwritev_full_8m,baseline,1,1,ABBA,k_pwrite,process,24,10,16,4,domain,synthetic_sweep,1
e000194,exploratory,pwritev_full_8m,candidate,1,2,ABBA,pwritev_full_8m,process,24,10,16,4,domain,synthetic_sweep,1
e000195,exploratory,pwritev_full_8m,candidate,1,3,ABBA,pwritev_full_8m,process,24,10,16,4,domain,synthetic_sweep,1
e000196,exploratory,pwritev_full_8m,baseline,1,4,ABBA,k_pwrite,process,24,10,16,4,domain,synthetic_sweep,1
e000197,exploratory,copy_contiguous,candidate,1,1,BAAB,copy_contiguous,process,24,10,16,4,domain,synthetic_sweep,1
e000198,exploratory,copy_contiguous,baseline,1,2,BAAB,k_pwrite,process,24,10,16,4,domain,synthetic_sweep,1
e000199,exploratory,copy_contiguous,baseline,1,3,BAAB,k_pwrite,process,24,10,16,4,domain,synthetic_sweep,1
e000200,exploratory,copy_contiguous,candidate,1,4,BAAB,copy_contiguous,process,24,10,16,4,domain,synthetic_sweep,1
e000201,exploratory,pwritev_full_8m,baseline,1,1,ABBA,k_pwrite,process,24,10,16,4,new_name,synthetic_sweep,1
e000202,exploratory,pwritev_full_8m,candidate,1,2,ABBA,pwritev_full_8m,process,24,10,16,4,new_name,synthetic_sweep,1
e000203,exploratory,pwritev_full_8m,candidate,1,3,ABBA,pwritev_full_8m,process,24,10,16,4,new_name,synthetic_sweep,1
e000204,exploratory,pwritev_full_8m,baseline,1,4,ABBA,k_pwrite,process,24,10,16,4,new_name,synthetic_sweep,1
e000205,exploratory,copy_contiguous,candidate,1,1,BAAB,copy_contiguous,process,24,10,16,4,new_name,synthetic_sweep,1
e000206,exploratory,copy_contiguous,baseline,1,2,BAAB,k_pwrite,process,24,10,16,4,new_name,synthetic_sweep,1
e000207,exploratory,copy_contiguous,baseline,1,3,BAAB,k_pwrite,process,24,10,16,4,new_name,synthetic_sweep,1
e000208,exploratory,copy_contiguous,candidate,1,4,BAAB,copy_contiguous,process,24,10,16,4,new_name,synthetic_sweep,1
e000209,exploratory,pwritev_full_8m,baseline,1,1,ABBA,k_pwrite,process,24,10,64,4,domain,synthetic_sweep,1
e000210,exploratory,pwritev_full_8m,candidate,1,2,ABBA,pwritev_full_8m,process,24,10,64,4,domain,synthetic_sweep,1
e000211,exploratory,pwritev_full_8m,candidate,1,3,ABBA,pwritev_full_8m,process,24,10,64,4,domain,synthetic_sweep,1
e000212,exploratory,pwritev_full_8m,baseline,1,4,ABBA,k_pwrite,process,24,10,64,4,domain,synthetic_sweep,1
e000213,exploratory,copy_contiguous,candidate,1,1,BAAB,copy_contiguous,process,24,10,64,4,domain,synthetic_sweep,1
e000214,exploratory,copy_contiguous,baseline,1,2,BAAB,k_pwrite,process,24,10,64,4,domain,synthetic_sweep,1
e000215,exploratory,copy_contiguous,baseline,1,3,BAAB,k_pwrite,process,24,10,64,4,domain,synthetic_sweep,1
e000216,exploratory,copy_contiguous,candidate,1,4,BAAB,copy_contiguous,process,24,10,64,4,domain,synthetic_sweep,1
e000217,exploratory,pwritev_full_8m,baseline,1,1,ABBA,k_pwrite,process,24,10,64,4,new_name,synthetic_sweep,1
e000218,exploratory,pwritev_full_8m,candidate,1,2,ABBA,pwritev_full_8m,process,24,10,64,4,new_name,synthetic_sweep,1
e000219,exploratory,pwritev_full_8m,candidate,1,3,ABBA,pwritev_full_8m,process,24,10,64,4,new_name,synthetic_sweep,1
e000220,exploratory,pwritev_full_8m,baseline,1,4,ABBA,k_pwrite,process,24,10,64,4,new_name,synthetic_sweep,1
e000221,exploratory,pwritev_64_8m,candidate,1,1,BAAB,pwritev_64_8m,process,24,10,64,4,new_name,synthetic_sweep,1
e000222,exploratory,pwritev_64_8m,baseline,1,2,BAAB,k_pwrite,process,24,10,64,4,new_name,synthetic_sweep,1
e000223,exploratory,pwritev_64_8m,baseline,1,3,BAAB,k_pwrite,process,24,10,64,4,new_name,synthetic_sweep,1
e000224,exploratory,pwritev_64_8m,candidate,1,4,BAAB,pwritev_64_8m,process,24,10,64,4,new_name,synthetic_sweep,1
e000225,exploratory,copy_contiguous,baseline,1,1,ABBA,k_pwrite,process,24,10,64,4,new_name,synthetic_sweep,1
e000226,exploratory,copy_contiguous,candidate,1,2,ABBA,copy_contiguous,process,24,10,64,4,new_name,synthetic_sweep,1
e000227,exploratory,copy_contiguous,candidate,1,3,ABBA,copy_contiguous,process,24,10,64,4,new_name,synthetic_sweep,1
e000228,exploratory,copy_contiguous,baseline,1,4,ABBA,k_pwrite,process,24,10,64,4,new_name,synthetic_sweep,1
e000229,exploratory,pwritev_full_8m,candidate,1,1,BAAB,pwritev_full_8m,process,24,10,256,4,domain,synthetic_sweep,1
e000230,exploratory,pwritev_full_8m,baseline,1,2,BAAB,k_pwrite,process,24,10,256,4,domain,synthetic_sweep,1
e000231,exploratory,pwritev_full_8m,baseline,1,3,BAAB,k_pwrite,process,24,10,256,4,domain,synthetic_sweep,1
e000232,exploratory,pwritev_full_8m,candidate,1,4,BAAB,pwritev_full_8m,process,24,10,256,4,domain,synthetic_sweep,1
e000233,exploratory,pwritev_64_8m,baseline,1,1,ABBA,k_pwrite,process,24,10,256,4,domain,synthetic_sweep,1
e000234,exploratory,pwritev_64_8m,candidate,1,2,ABBA,pwritev_64_8m,process,24,10,256,4,domain,synthetic_sweep,1
e000235,exploratory,pwritev_64_8m,candidate,1,3,ABBA,pwritev_64_8m,process,24,10,256,4,domain,synthetic_sweep,1
e000236,exploratory,pwritev_64_8m,baseline,1,4,ABBA,k_pwrite,process,24,10,256,4,domain,synthetic_sweep,1
e000237,exploratory,copy_contiguous,candidate,1,1,BAAB,copy_contiguous,process,24,10,256,4,domain,synthetic_sweep,1
e000238,exploratory,copy_contiguous,baseline,1,2,BAAB,k_pwrite,process,24,10,256,4,domain,synthetic_sweep,1
e000239,exploratory,copy_contiguous,baseline,1,3,BAAB,k_pwrite,process,24,10,256,4,domain,synthetic_sweep,1
e000240,exploratory,copy_contiguous,candidate,1,4,BAAB,copy_contiguous,process,24,10,256,4,domain,synthetic_sweep,1
e000241,exploratory,pwritev_full_8m,baseline,1,1,ABBA,k_pwrite,process,24,10,256,4,new_name,synthetic_sweep,1
e000242,exploratory,pwritev_full_8m,candidate,1,2,ABBA,pwritev_full_8m,process,24,10,256,4,new_name,synthetic_sweep,1
e000243,exploratory,pwritev_full_8m,candidate,1,3,ABBA,pwritev_full_8m,process,24,10,256,4,new_name,synthetic_sweep,1
e000244,exploratory,pwritev_full_8m,baseline,1,4,ABBA,k_pwrite,process,24,10,256,4,new_name,synthetic_sweep,1
e000245,exploratory,pwritev_256_8m,candidate,1,1,BAAB,pwritev_256_8m,process,24,10,256,4,new_name,synthetic_sweep,1
e000246,exploratory,pwritev_256_8m,baseline,1,2,BAAB,k_pwrite,process,24,10,256,4,new_name,synthetic_sweep,1
e000247,exploratory,pwritev_256_8m,baseline,1,3,BAAB,k_pwrite,process,24,10,256,4,new_name,synthetic_sweep,1
e000248,exploratory,pwritev_256_8m,candidate,1,4,BAAB,pwritev_256_8m,process,24,10,256,4,new_name,synthetic_sweep,1
e000249,exploratory,pwritev_64_8m,baseline,1,1,ABBA,k_pwrite,process,24,10,256,4,new_name,synthetic_sweep,1
e000250,exploratory,pwritev_64_8m,candidate,1,2,ABBA,pwritev_64_8m,process,24,10,256,4,new_name,synthetic_sweep,1
e000251,exploratory,pwritev_64_8m,candidate,1,3,ABBA,pwritev_64_8m,process,24,10,256,4,new_name,synthetic_sweep,1
e000252,exploratory,pwritev_64_8m,baseline,1,4,ABBA,k_pwrite,process,24,10,256,4,new_name,synthetic_sweep,1
e000253,exploratory,copy_contiguous,candidate,1,1,BAAB,copy_contiguous,process,24,10,256,4,new_name,synthetic_sweep,1
e000254,exploratory,copy_contiguous,baseline,1,2,BAAB,k_pwrite,process,24,10,256,4,new_name,synthetic_sweep,1
e000255,exploratory,copy_contiguous,baseline,1,3,BAAB,k_pwrite,process,24,10,256,4,new_name,synthetic_sweep,1
e000256,exploratory,copy_contiguous,candidate,1,4,BAAB,copy_contiguous,process,24,10,256,4,new_name,synthetic_sweep,1
e000257,exploratory,pwritev_full_8m,baseline,1,1,ABBA,k_pwrite,process,24,10,1024,4,domain,synthetic_sweep,1
e000258,exploratory,pwritev_full_8m,candidate,1,2,ABBA,pwritev_full_8m,process,24,10,1024,4,domain,synthetic_sweep,1
e000259,exploratory,pwritev_full_8m,candidate,1,3,ABBA,pwritev_full_8m,process,24,10,1024,4,domain,synthetic_sweep,1
e000260,exploratory,pwritev_full_8m,baseline,1,4,ABBA,k_pwrite,process,24,10,1024,4,domain,synthetic_sweep,1
e000261,exploratory,pwritev_256_8m,candidate,1,1,BAAB,pwritev_256_8m,process,24,10,1024,4,domain,synthetic_sweep,1
e000262,exploratory,pwritev_256_8m,baseline,1,2,BAAB,k_pwrite,process,24,10,1024,4,domain,synthetic_sweep,1
e000263,exploratory,pwritev_256_8m,baseline,1,3,BAAB,k_pwrite,process,24,10,1024,4,domain,synthetic_sweep,1
e000264,exploratory,pwritev_256_8m,candidate,1,4,BAAB,pwritev_256_8m,process,24,10,1024,4,domain,synthetic_sweep,1
e000265,exploratory,pwritev_64_8m,baseline,1,1,ABBA,k_pwrite,process,24,10,1024,4,domain,synthetic_sweep,1
e000266,exploratory,pwritev_64_8m,candidate,1,2,ABBA,pwritev_64_8m,process,24,10,1024,4,domain,synthetic_sweep,1
e000267,exploratory,pwritev_64_8m,candidate,1,3,ABBA,pwritev_64_8m,process,24,10,1024,4,domain,synthetic_sweep,1
e000268,exploratory,pwritev_64_8m,baseline,1,4,ABBA,k_pwrite,process,24,10,1024,4,domain,synthetic_sweep,1
e000269,exploratory,copy_contiguous,candidate,1,1,BAAB,copy_contiguous,process,24,10,1024,4,domain,synthetic_sweep,1
e000270,exploratory,copy_contiguous,baseline,1,2,BAAB,k_pwrite,process,24,10,1024,4,domain,synthetic_sweep,1
e000271,exploratory,copy_contiguous,baseline,1,3,BAAB,k_pwrite,process,24,10,1024,4,domain,synthetic_sweep,1
e000272,exploratory,copy_contiguous,candidate,1,4,BAAB,copy_contiguous,process,24,10,1024,4,domain,synthetic_sweep,1
e000273,exploratory,pwritev_full_8m,baseline,1,1,ABBA,k_pwrite,process,24,10,1024,4,new_name,synthetic_sweep,1
e000274,exploratory,pwritev_full_8m,candidate,1,2,ABBA,pwritev_full_8m,process,24,10,1024,4,new_name,synthetic_sweep,1
e000275,exploratory,pwritev_full_8m,candidate,1,3,ABBA,pwritev_full_8m,process,24,10,1024,4,new_name,synthetic_sweep,1
e000276,exploratory,pwritev_full_8m,baseline,1,4,ABBA,k_pwrite,process,24,10,1024,4,new_name,synthetic_sweep,1
e000277,exploratory,pwritev_256_8m,candidate,1,1,BAAB,pwritev_256_8m,process,24,10,1024,4,new_name,synthetic_sweep,1
e000278,exploratory,pwritev_256_8m,baseline,1,2,BAAB,k_pwrite,process,24,10,1024,4,new_name,synthetic_sweep,1
e000279,exploratory,pwritev_256_8m,baseline,1,3,BAAB,k_pwrite,process,24,10,1024,4,new_name,synthetic_sweep,1
e000280,exploratory,pwritev_256_8m,candidate,1,4,BAAB,pwritev_256_8m,process,24,10,1024,4,new_name,synthetic_sweep,1
e000281,exploratory,pwritev_64_8m,baseline,1,1,ABBA,k_pwrite,process,24,10,1024,4,new_name,synthetic_sweep,1
e000282,exploratory,pwritev_64_8m,candidate,1,2,ABBA,pwritev_64_8m,process,24,10,1024,4,new_name,synthetic_sweep,1
e000283,exploratory,pwritev_64_8m,candidate,1,3,ABBA,pwritev_64_8m,process,24,10,1024,4,new_name,synthetic_sweep,1
e000284,exploratory,pwritev_64_8m,baseline,1,4,ABBA,k_pwrite,process,24,10,1024,4,new_name,synthetic_sweep,1
e000285,exploratory,copy_contiguous,candidate,1,1,BAAB,copy_contiguous,process,24,10,1024,4,new_name,synthetic_sweep,1
e000286,exploratory,copy_contiguous,baseline,1,2,BAAB,k_pwrite,process,24,10,1024,4,new_name,synthetic_sweep,1
e000287,exploratory,copy_contiguous,baseline,1,3,BAAB,k_pwrite,process,24,10,1024,4,new_name,synthetic_sweep,1
e000288,exploratory,copy_contiguous,candidate,1,4,BAAB,copy_contiguous,process,24,10,1024,4,new_name,synthetic_sweep,1
e000289,exploratory,pwritev_full_8m,baseline,1,1,ABBA,k_pwrite,process,24,10,1025,4,domain,synthetic_sweep,1
e000290,exploratory,pwritev_full_8m,candidate,1,2,ABBA,pwritev_full_8m,process,24,10,1025,4,domain,synthetic_sweep,1
e000291,exploratory,pwritev_full_8m,candidate,1,3,ABBA,pwritev_full_8m,process,24,10,1025,4,domain,synthetic_sweep,1
e000292,exploratory,pwritev_full_8m,baseline,1,4,ABBA,k_pwrite,process,24,10,1025,4,domain,synthetic_sweep,1
e000293,exploratory,pwritev_256_8m,candidate,1,1,BAAB,pwritev_256_8m,process,24,10,1025,4,domain,synthetic_sweep,1
e000294,exploratory,pwritev_256_8m,baseline,1,2,BAAB,k_pwrite,process,24,10,1025,4,domain,synthetic_sweep,1
e000295,exploratory,pwritev_256_8m,baseline,1,3,BAAB,k_pwrite,process,24,10,1025,4,domain,synthetic_sweep,1
e000296,exploratory,pwritev_256_8m,candidate,1,4,BAAB,pwritev_256_8m,process,24,10,1025,4,domain,synthetic_sweep,1
e000297,exploratory,pwritev_64_8m,baseline,1,1,ABBA,k_pwrite,process,24,10,1025,4,domain,synthetic_sweep,1
e000298,exploratory,pwritev_64_8m,candidate,1,2,ABBA,pwritev_64_8m,process,24,10,1025,4,domain,synthetic_sweep,1
e000299,exploratory,pwritev_64_8m,candidate,1,3,ABBA,pwritev_64_8m,process,24,10,1025,4,domain,synthetic_sweep,1
e000300,exploratory,pwritev_64_8m,baseline,1,4,ABBA,k_pwrite,process,24,10,1025,4,domain,synthetic_sweep,1
e000301,exploratory,copy_contiguous,candidate,1,1,BAAB,copy_contiguous,process,24,10,1025,4,domain,synthetic_sweep,1
e000302,exploratory,copy_contiguous,baseline,1,2,BAAB,k_pwrite,process,24,10,1025,4,domain,synthetic_sweep,1
e000303,exploratory,copy_contiguous,baseline,1,3,BAAB,k_pwrite,process,24,10,1025,4,domain,synthetic_sweep,1
e000304,exploratory,copy_contiguous,candidate,1,4,BAAB,copy_contiguous,process,24,10,1025,4,domain,synthetic_sweep,1
e000305,exploratory,pwritev_full_8m,baseline,1,1,ABBA,k_pwrite,process,24,10,1025,4,new_name,synthetic_sweep,1
e000306,exploratory,pwritev_full_8m,candidate,1,2,ABBA,pwritev_full_8m,process,24,10,1025,4,new_name,synthetic_sweep,1
e000307,exploratory,pwritev_full_8m,candidate,1,3,ABBA,pwritev_full_8m,process,24,10,1025,4,new_name,synthetic_sweep,1
e000308,exploratory,pwritev_full_8m,baseline,1,4,ABBA,k_pwrite,process,24,10,1025,4,new_name,synthetic_sweep,1
e000309,exploratory,pwritev_256_8m,candidate,1,1,BAAB,pwritev_256_8m,process,24,10,1025,4,new_name,synthetic_sweep,1
e000310,exploratory,pwritev_256_8m,baseline,1,2,BAAB,k_pwrite,process,24,10,1025,4,new_name,synthetic_sweep,1
e000311,exploratory,pwritev_256_8m,baseline,1,3,BAAB,k_pwrite,process,24,10,1025,4,new_name,synthetic_sweep,1
e000312,exploratory,pwritev_256_8m,candidate,1,4,BAAB,pwritev_256_8m,process,24,10,1025,4,new_name,synthetic_sweep,1
e000313,exploratory,pwritev_64_8m,baseline,1,1,ABBA,k_pwrite,process,24,10,1025,4,new_name,synthetic_sweep,1
e000314,exploratory,pwritev_64_8m,candidate,1,2,ABBA,pwritev_64_8m,process,24,10,1025,4,new_name,synthetic_sweep,1
e000315,exploratory,pwritev_64_8m,candidate,1,3,ABBA,pwritev_64_8m,process,24,10,1025,4,new_name,synthetic_sweep,1
e000316,exploratory,pwritev_64_8m,baseline,1,4,ABBA,k_pwrite,process,24,10,1025,4,new_name,synthetic_sweep,1
e000317,exploratory,copy_contiguous,candidate,1,1,BAAB,copy_contiguous,process,24,10,1025,4,new_name,synthetic_sweep,1
e000318,exploratory,copy_contiguous,baseline,1,2,BAAB,k_pwrite,process,24,10,1025,4,new_name,synthetic_sweep,1
e000319,exploratory,copy_contiguous,baseline,1,3,BAAB,k_pwrite,process,24,10,1025,4,new_name,synthetic_sweep,1
e000320,exploratory,copy_contiguous,candidate,1,4,BAAB,copy_contiguous,process,24,10,1025,4,new_name,synthetic_sweep,1
e000321,exploratory,pwritev_full_8m,baseline,1,1,ABBA,k_pwrite,process,24,100,2,2,domain,synthetic_sweep,1
e000322,exploratory,pwritev_full_8m,candidate,1,2,ABBA,pwritev_full_8m,process,24,100,2,2,domain,synthetic_sweep,1
e000323,exploratory,pwritev_full_8m,candidate,1,3,ABBA,pwritev_full_8m,process,24,100,2,2,domain,synthetic_sweep,1
e000324,exploratory,pwritev_full_8m,baseline,1,4,ABBA,k_pwrite,process,24,100,2,2,domain,synthetic_sweep,1
e000325,exploratory,copy_contiguous,candidate,1,1,BAAB,copy_contiguous,process,24,100,2,2,domain,synthetic_sweep,1
e000326,exploratory,copy_contiguous,baseline,1,2,BAAB,k_pwrite,process,24,100,2,2,domain,synthetic_sweep,1
e000327,exploratory,copy_contiguous,baseline,1,3,BAAB,k_pwrite,process,24,100,2,2,domain,synthetic_sweep,1
e000328,exploratory,copy_contiguous,candidate,1,4,BAAB,copy_contiguous,process,24,100,2,2,domain,synthetic_sweep,1
e000329,exploratory,pwritev_full_8m,baseline,1,1,ABBA,k_pwrite,process,24,100,2,2,new_name,synthetic_sweep,1
e000330,exploratory,pwritev_full_8m,candidate,1,2,ABBA,pwritev_full_8m,process,24,100,2,2,new_name,synthetic_sweep,1
e000331,exploratory,pwritev_full_8m,candidate,1,3,ABBA,pwritev_full_8m,process,24,100,2,2,new_name,synthetic_sweep,1
e000332,exploratory,pwritev_full_8m,baseline,1,4,ABBA,k_pwrite,process,24,100,2,2,new_name,synthetic_sweep,1
e000333,exploratory,copy_contiguous,candidate,1,1,BAAB,copy_contiguous,process,24,100,2,2,new_name,synthetic_sweep,1
e000334,exploratory,copy_contiguous,baseline,1,2,BAAB,k_pwrite,process,24,100,2,2,new_name,synthetic_sweep,1
e000335,exploratory,copy_contiguous,baseline,1,3,BAAB,k_pwrite,process,24,100,2,2,new_name,synthetic_sweep,1
e000336,exploratory,copy_contiguous,candidate,1,4,BAAB,copy_contiguous,process,24,100,2,2,new_name,synthetic_sweep,1
e000337,exploratory,pwritev_full_8m,baseline,1,1,ABBA,k_pwrite,process,24,100,4,4,domain,synthetic_sweep,1
e000338,exploratory,pwritev_full_8m,candidate,1,2,ABBA,pwritev_full_8m,process,24,100,4,4,domain,synthetic_sweep,1
e000339,exploratory,pwritev_full_8m,candidate,1,3,ABBA,pwritev_full_8m,process,24,100,4,4,domain,synthetic_sweep,1
e000340,exploratory,pwritev_full_8m,baseline,1,4,ABBA,k_pwrite,process,24,100,4,4,domain,synthetic_sweep,1
e000341,exploratory,copy_contiguous,candidate,1,1,BAAB,copy_contiguous,process,24,100,4,4,domain,synthetic_sweep,1
e000342,exploratory,copy_contiguous,baseline,1,2,BAAB,k_pwrite,process,24,100,4,4,domain,synthetic_sweep,1
e000343,exploratory,copy_contiguous,baseline,1,3,BAAB,k_pwrite,process,24,100,4,4,domain,synthetic_sweep,1
e000344,exploratory,copy_contiguous,candidate,1,4,BAAB,copy_contiguous,process,24,100,4,4,domain,synthetic_sweep,1
e000345,exploratory,pwritev_full_8m,baseline,1,1,ABBA,k_pwrite,process,24,100,4,4,new_name,synthetic_sweep,1
e000346,exploratory,pwritev_full_8m,candidate,1,2,ABBA,pwritev_full_8m,process,24,100,4,4,new_name,synthetic_sweep,1
e000347,exploratory,pwritev_full_8m,candidate,1,3,ABBA,pwritev_full_8m,process,24,100,4,4,new_name,synthetic_sweep,1
e000348,exploratory,pwritev_full_8m,baseline,1,4,ABBA,k_pwrite,process,24,100,4,4,new_name,synthetic_sweep,1
e000349,exploratory,copy_contiguous,candidate,1,1,BAAB,copy_contiguous,process,24,100,4,4,new_name,synthetic_sweep,1
e000350,exploratory,copy_contiguous,baseline,1,2,BAAB,k_pwrite,process,24,100,4,4,new_name,synthetic_sweep,1
e000351,exploratory,copy_contiguous,baseline,1,3,BAAB,k_pwrite,process,24,100,4,4,new_name,synthetic_sweep,1
e000352,exploratory,copy_contiguous,candidate,1,4,BAAB,copy_contiguous,process,24,100,4,4,new_name,synthetic_sweep,1
e000353,exploratory,pwritev_full_8m,baseline,1,1,ABBA,k_pwrite,process,24,1000,2,2,domain,synthetic_sweep,1
e000354,exploratory,pwritev_full_8m,candidate,1,2,ABBA,pwritev_full_8m,process,24,1000,2,2,domain,synthetic_sweep,1
e000355,exploratory,pwritev_full_8m,candidate,1,3,ABBA,pwritev_full_8m,process,24,1000,2,2,domain,synthetic_sweep,1
e000356,exploratory,pwritev_full_8m,baseline,1,4,ABBA,k_pwrite,process,24,1000,2,2,domain,synthetic_sweep,1
e000357,exploratory,copy_contiguous,candidate,1,1,BAAB,copy_contiguous,process,24,1000,2,2,domain,synthetic_sweep,1
e000358,exploratory,copy_contiguous,baseline,1,2,BAAB,k_pwrite,process,24,1000,2,2,domain,synthetic_sweep,1
e000359,exploratory,copy_contiguous,baseline,1,3,BAAB,k_pwrite,process,24,1000,2,2,domain,synthetic_sweep,1
e000360,exploratory,copy_contiguous,candidate,1,4,BAAB,copy_contiguous,process,24,1000,2,2,domain,synthetic_sweep,1
e000361,exploratory,pwritev_full_8m,baseline,1,1,ABBA,k_pwrite,process,24,1000,2,2,new_name,synthetic_sweep,1
e000362,exploratory,pwritev_full_8m,candidate,1,2,ABBA,pwritev_full_8m,process,24,1000,2,2,new_name,synthetic_sweep,1
e000363,exploratory,pwritev_full_8m,candidate,1,3,ABBA,pwritev_full_8m,process,24,1000,2,2,new_name,synthetic_sweep,1
e000364,exploratory,pwritev_full_8m,baseline,1,4,ABBA,k_pwrite,process,24,1000,2,2,new_name,synthetic_sweep,1
e000365,exploratory,copy_contiguous,candidate,1,1,BAAB,copy_contiguous,process,24,1000,2,2,new_name,synthetic_sweep,1
e000366,exploratory,copy_contiguous,baseline,1,2,BAAB,k_pwrite,process,24,1000,2,2,new_name,synthetic_sweep,1
e000367,exploratory,copy_contiguous,baseline,1,3,BAAB,k_pwrite,process,24,1000,2,2,new_name,synthetic_sweep,1
e000368,exploratory,copy_contiguous,candidate,1,4,BAAB,copy_contiguous,process,24,1000,2,2,new_name,synthetic_sweep,1
e000369,exploratory,pwritev_full_8m,baseline,1,1,ABBA,k_pwrite,process,24,1000,4,4,domain,synthetic_sweep,1
e000370,exploratory,pwritev_full_8m,candidate,1,2,ABBA,pwritev_full_8m,process,24,1000,4,4,domain,synthetic_sweep,1
e000371,exploratory,pwritev_full_8m,candidate,1,3,ABBA,pwritev_full_8m,process,24,1000,4,4,domain,synthetic_sweep,1
e000372,exploratory,pwritev_full_8m,baseline,1,4,ABBA,k_pwrite,process,24,1000,4,4,domain,synthetic_sweep,1
e000373,exploratory,copy_contiguous,candidate,1,1,BAAB,copy_contiguous,process,24,1000,4,4,domain,synthetic_sweep,1
e000374,exploratory,copy_contiguous,baseline,1,2,BAAB,k_pwrite,process,24,1000,4,4,domain,synthetic_sweep,1
e000375,exploratory,copy_contiguous,baseline,1,3,BAAB,k_pwrite,process,24,1000,4,4,domain,synthetic_sweep,1
e000376,exploratory,copy_contiguous,candidate,1,4,BAAB,copy_contiguous,process,24,1000,4,4,domain,synthetic_sweep,1
e000377,exploratory,pwritev_full_8m,baseline,1,1,ABBA,k_pwrite,process,24,1000,4,4,new_name,synthetic_sweep,1
e000378,exploratory,pwritev_full_8m,candidate,1,2,ABBA,pwritev_full_8m,process,24,1000,4,4,new_name,synthetic_sweep,1
e000379,exploratory,pwritev_full_8m,candidate,1,3,ABBA,pwritev_full_8m,process,24,1000,4,4,new_name,synthetic_sweep,1
e000380,exploratory,pwritev_full_8m,baseline,1,4,ABBA,k_pwrite,process,24,1000,4,4,new_name,synthetic_sweep,1
e000381,exploratory,copy_contiguous,candidate,1,1,BAAB,copy_contiguous,process,24,1000,4,4,new_name,synthetic_sweep,1
e000382,exploratory,copy_contiguous,baseline,1,2,BAAB,k_pwrite,process,24,1000,4,4,new_name,synthetic_sweep,1
e000383,exploratory,copy_contiguous,baseline,1,3,BAAB,k_pwrite,process,24,1000,4,4,new_name,synthetic_sweep,1
e000384,exploratory,copy_contiguous,candidate,1,4,BAAB,copy_contiguous,process,24,1000,4,4,new_name,synthetic_sweep,1
e000385,exploratory,pwritev_full_8m,baseline,1,1,ABBA,k_pwrite,process,250,1,2,2,domain,synthetic_sweep,1
e000386,exploratory,pwritev_full_8m,candidate,1,2,ABBA,pwritev_full_8m,process,250,1,2,2,domain,synthetic_sweep,1
e000387,exploratory,pwritev_full_8m,candidate,1,3,ABBA,pwritev_full_8m,process,250,1,2,2,domain,synthetic_sweep,1
e000388,exploratory,pwritev_full_8m,baseline,1,4,ABBA,k_pwrite,process,250,1,2,2,domain,synthetic_sweep,1
e000389,exploratory,copy_contiguous,candidate,1,1,BAAB,copy_contiguous,process,250,1,2,2,domain,synthetic_sweep,1
e000390,exploratory,copy_contiguous,baseline,1,2,BAAB,k_pwrite,process,250,1,2,2,domain,synthetic_sweep,1
e000391,exploratory,copy_contiguous,baseline,1,3,BAAB,k_pwrite,process,250,1,2,2,domain,synthetic_sweep,1
e000392,exploratory,copy_contiguous,candidate,1,4,BAAB,copy_contiguous,process,250,1,2,2,domain,synthetic_sweep,1
e000393,exploratory,pwritev_full_8m,baseline,1,1,ABBA,k_pwrite,process,250,1,2,2,new_name,synthetic_sweep,1
e000394,exploratory,pwritev_full_8m,candidate,1,2,ABBA,pwritev_full_8m,process,250,1,2,2,new_name,synthetic_sweep,1
e000395,exploratory,pwritev_full_8m,candidate,1,3,ABBA,pwritev_full_8m,process,250,1,2,2,new_name,synthetic_sweep,1
e000396,exploratory,pwritev_full_8m,baseline,1,4,ABBA,k_pwrite,process,250,1,2,2,new_name,synthetic_sweep,1
e000397,exploratory,copy_contiguous,candidate,1,1,BAAB,copy_contiguous,process,250,1,2,2,new_name,synthetic_sweep,1
e000398,exploratory,copy_contiguous,baseline,1,2,BAAB,k_pwrite,process,250,1,2,2,new_name,synthetic_sweep,1
e000399,exploratory,copy_contiguous,baseline,1,3,BAAB,k_pwrite,process,250,1,2,2,new_name,synthetic_sweep,1
e000400,exploratory,copy_contiguous,candidate,1,4,BAAB,copy_contiguous,process,250,1,2,2,new_name,synthetic_sweep,1
e000401,exploratory,pwritev_full_8m,baseline,1,1,ABBA,k_pwrite,process,250,1,4,4,domain,synthetic_sweep,1
e000402,exploratory,pwritev_full_8m,candidate,1,2,ABBA,pwritev_full_8m,process,250,1,4,4,domain,synthetic_sweep,1
e000403,exploratory,pwritev_full_8m,candidate,1,3,ABBA,pwritev_full_8m,process,250,1,4,4,domain,synthetic_sweep,1
e000404,exploratory,pwritev_full_8m,baseline,1,4,ABBA,k_pwrite,process,250,1,4,4,domain,synthetic_sweep,1
e000405,exploratory,copy_contiguous,candidate,1,1,BAAB,copy_contiguous,process,250,1,4,4,domain,synthetic_sweep,1
e000406,exploratory,copy_contiguous,baseline,1,2,BAAB,k_pwrite,process,250,1,4,4,domain,synthetic_sweep,1
e000407,exploratory,copy_contiguous,baseline,1,3,BAAB,k_pwrite,process,250,1,4,4,domain,synthetic_sweep,1
e000408,exploratory,copy_contiguous,candidate,1,4,BAAB,copy_contiguous,process,250,1,4,4,domain,synthetic_sweep,1
e000409,exploratory,pwritev_full_8m,baseline,1,1,ABBA,k_pwrite,process,250,1,4,4,new_name,synthetic_sweep,1
e000410,exploratory,pwritev_full_8m,candidate,1,2,ABBA,pwritev_full_8m,process,250,1,4,4,new_name,synthetic_sweep,1
e000411,exploratory,pwritev_full_8m,candidate,1,3,ABBA,pwritev_full_8m,process,250,1,4,4,new_name,synthetic_sweep,1
e000412,exploratory,pwritev_full_8m,baseline,1,4,ABBA,k_pwrite,process,250,1,4,4,new_name,synthetic_sweep,1
e000413,exploratory,copy_contiguous,candidate,1,1,BAAB,copy_contiguous,process,250,1,4,4,new_name,synthetic_sweep,1
e000414,exploratory,copy_contiguous,baseline,1,2,BAAB,k_pwrite,process,250,1,4,4,new_name,synthetic_sweep,1
e000415,exploratory,copy_contiguous,baseline,1,3,BAAB,k_pwrite,process,250,1,4,4,new_name,synthetic_sweep,1
e000416,exploratory,copy_contiguous,candidate,1,4,BAAB,copy_contiguous,process,250,1,4,4,new_name,synthetic_sweep,1
e000417,exploratory,pwritev_full_8m,baseline,1,1,ABBA,k_pwrite,process,250,10,2,2,domain,synthetic_sweep,1
e000418,exploratory,pwritev_full_8m,candidate,1,2,ABBA,pwritev_full_8m,process,250,10,2,2,domain,synthetic_sweep,1
e000419,exploratory,pwritev_full_8m,candidate,1,3,ABBA,pwritev_full_8m,process,250,10,2,2,domain,synthetic_sweep,1
e000420,exploratory,pwritev_full_8m,baseline,1,4,ABBA,k_pwrite,process,250,10,2,2,domain,synthetic_sweep,1
e000421,exploratory,copy_contiguous,candidate,1,1,BAAB,copy_contiguous,process,250,10,2,2,domain,synthetic_sweep,1
e000422,exploratory,copy_contiguous,baseline,1,2,BAAB,k_pwrite,process,250,10,2,2,domain,synthetic_sweep,1
e000423,exploratory,copy_contiguous,baseline,1,3,BAAB,k_pwrite,process,250,10,2,2,domain,synthetic_sweep,1
e000424,exploratory,copy_contiguous,candidate,1,4,BAAB,copy_contiguous,process,250,10,2,2,domain,synthetic_sweep,1
e000425,exploratory,pwritev_full_8m,baseline,1,1,ABBA,k_pwrite,process,250,10,2,2,new_name,synthetic_sweep,1
e000426,exploratory,pwritev_full_8m,candidate,1,2,ABBA,pwritev_full_8m,process,250,10,2,2,new_name,synthetic_sweep,1
e000427,exploratory,pwritev_full_8m,candidate,1,3,ABBA,pwritev_full_8m,process,250,10,2,2,new_name,synthetic_sweep,1
e000428,exploratory,pwritev_full_8m,baseline,1,4,ABBA,k_pwrite,process,250,10,2,2,new_name,synthetic_sweep,1
e000429,exploratory,copy_contiguous,candidate,1,1,BAAB,copy_contiguous,process,250,10,2,2,new_name,synthetic_sweep,1
e000430,exploratory,copy_contiguous,baseline,1,2,BAAB,k_pwrite,process,250,10,2,2,new_name,synthetic_sweep,1
e000431,exploratory,copy_contiguous,baseline,1,3,BAAB,k_pwrite,process,250,10,2,2,new_name,synthetic_sweep,1
e000432,exploratory,copy_contiguous,candidate,1,4,BAAB,copy_contiguous,process,250,10,2,2,new_name,synthetic_sweep,1
e000433,exploratory,pwritev_full_8m,baseline,1,1,ABBA,k_pwrite,process,250,10,4,4,domain,synthetic_sweep,1
e000434,exploratory,pwritev_full_8m,candidate,1,2,ABBA,pwritev_full_8m,process,250,10,4,4,domain,synthetic_sweep,1
e000435,exploratory,pwritev_full_8m,candidate,1,3,ABBA,pwritev_full_8m,process,250,10,4,4,domain,synthetic_sweep,1
e000436,exploratory,pwritev_full_8m,baseline,1,4,ABBA,k_pwrite,process,250,10,4,4,domain,synthetic_sweep,1
e000437,exploratory,copy_contiguous,candidate,1,1,BAAB,copy_contiguous,process,250,10,4,4,domain,synthetic_sweep,1
e000438,exploratory,copy_contiguous,baseline,1,2,BAAB,k_pwrite,process,250,10,4,4,domain,synthetic_sweep,1
e000439,exploratory,copy_contiguous,baseline,1,3,BAAB,k_pwrite,process,250,10,4,4,domain,synthetic_sweep,1
e000440,exploratory,copy_contiguous,candidate,1,4,BAAB,copy_contiguous,process,250,10,4,4,domain,synthetic_sweep,1
e000441,exploratory,pwritev_full_8m,baseline,1,1,ABBA,k_pwrite,process,250,10,4,4,new_name,synthetic_sweep,1
e000442,exploratory,pwritev_full_8m,candidate,1,2,ABBA,pwritev_full_8m,process,250,10,4,4,new_name,synthetic_sweep,1
e000443,exploratory,pwritev_full_8m,candidate,1,3,ABBA,pwritev_full_8m,process,250,10,4,4,new_name,synthetic_sweep,1
e000444,exploratory,pwritev_full_8m,baseline,1,4,ABBA,k_pwrite,process,250,10,4,4,new_name,synthetic_sweep,1
e000445,exploratory,copy_contiguous,candidate,1,1,BAAB,copy_contiguous,process,250,10,4,4,new_name,synthetic_sweep,1
e000446,exploratory,copy_contiguous,baseline,1,2,BAAB,k_pwrite,process,250,10,4,4,new_name,synthetic_sweep,1
e000447,exploratory,copy_contiguous,baseline,1,3,BAAB,k_pwrite,process,250,10,4,4,new_name,synthetic_sweep,1
e000448,exploratory,copy_contiguous,candidate,1,4,BAAB,copy_contiguous,process,250,10,4,4,new_name,synthetic_sweep,1
e000449,exploratory,pwritev_full_8m,baseline,1,1,ABBA,k_pwrite,process,250,10,16,4,domain,synthetic_sweep,1
e000450,exploratory,pwritev_full_8m,candidate,1,2,ABBA,pwritev_full_8m,process,250,10,16,4,domain,synthetic_sweep,1
e000451,exploratory,pwritev_full_8m,candidate,1,3,ABBA,pwritev_full_8m,process,250,10,16,4,domain,synthetic_sweep,1
e000452,exploratory,pwritev_full_8m,baseline,1,4,ABBA,k_pwrite,process,250,10,16,4,domain,synthetic_sweep,1
e000453,exploratory,copy_contiguous,candidate,1,1,BAAB,copy_contiguous,process,250,10,16,4,domain,synthetic_sweep,1
e000454,exploratory,copy_contiguous,baseline,1,2,BAAB,k_pwrite,process,250,10,16,4,domain,synthetic_sweep,1
e000455,exploratory,copy_contiguous,baseline,1,3,BAAB,k_pwrite,process,250,10,16,4,domain,synthetic_sweep,1
e000456,exploratory,copy_contiguous,candidate,1,4,BAAB,copy_contiguous,process,250,10,16,4,domain,synthetic_sweep,1
e000457,exploratory,pwritev_full_8m,baseline,1,1,ABBA,k_pwrite,process,250,10,16,4,new_name,synthetic_sweep,1
e000458,exploratory,pwritev_full_8m,candidate,1,2,ABBA,pwritev_full_8m,process,250,10,16,4,new_name,synthetic_sweep,1
e000459,exploratory,pwritev_full_8m,candidate,1,3,ABBA,pwritev_full_8m,process,250,10,16,4,new_name,synthetic_sweep,1
e000460,exploratory,pwritev_full_8m,baseline,1,4,ABBA,k_pwrite,process,250,10,16,4,new_name,synthetic_sweep,1
e000461,exploratory,copy_contiguous,candidate,1,1,BAAB,copy_contiguous,process,250,10,16,4,new_name,synthetic_sweep,1
e000462,exploratory,copy_contiguous,baseline,1,2,BAAB,k_pwrite,process,250,10,16,4,new_name,synthetic_sweep,1
e000463,exploratory,copy_contiguous,baseline,1,3,BAAB,k_pwrite,process,250,10,16,4,new_name,synthetic_sweep,1
e000464,exploratory,copy_contiguous,candidate,1,4,BAAB,copy_contiguous,process,250,10,16,4,new_name,synthetic_sweep,1
e000465,exploratory,pwritev_full_8m,baseline,1,1,ABBA,k_pwrite,process,250,10,64,4,domain,synthetic_sweep,1
e000466,exploratory,pwritev_full_8m,candidate,1,2,ABBA,pwritev_full_8m,process,250,10,64,4,domain,synthetic_sweep,1
e000467,exploratory,pwritev_full_8m,candidate,1,3,ABBA,pwritev_full_8m,process,250,10,64,4,domain,synthetic_sweep,1
e000468,exploratory,pwritev_full_8m,baseline,1,4,ABBA,k_pwrite,process,250,10,64,4,domain,synthetic_sweep,1
e000469,exploratory,copy_contiguous,candidate,1,1,BAAB,copy_contiguous,process,250,10,64,4,domain,synthetic_sweep,1
e000470,exploratory,copy_contiguous,baseline,1,2,BAAB,k_pwrite,process,250,10,64,4,domain,synthetic_sweep,1
e000471,exploratory,copy_contiguous,baseline,1,3,BAAB,k_pwrite,process,250,10,64,4,domain,synthetic_sweep,1
e000472,exploratory,copy_contiguous,candidate,1,4,BAAB,copy_contiguous,process,250,10,64,4,domain,synthetic_sweep,1
e000473,exploratory,pwritev_full_8m,baseline,1,1,ABBA,k_pwrite,process,250,10,64,4,new_name,synthetic_sweep,1
e000474,exploratory,pwritev_full_8m,candidate,1,2,ABBA,pwritev_full_8m,process,250,10,64,4,new_name,synthetic_sweep,1
e000475,exploratory,pwritev_full_8m,candidate,1,3,ABBA,pwritev_full_8m,process,250,10,64,4,new_name,synthetic_sweep,1
e000476,exploratory,pwritev_full_8m,baseline,1,4,ABBA,k_pwrite,process,250,10,64,4,new_name,synthetic_sweep,1
e000477,exploratory,pwritev_64_8m,candidate,1,1,BAAB,pwritev_64_8m,process,250,10,64,4,new_name,synthetic_sweep,1
e000478,exploratory,pwritev_64_8m,baseline,1,2,BAAB,k_pwrite,process,250,10,64,4,new_name,synthetic_sweep,1
e000479,exploratory,pwritev_64_8m,baseline,1,3,BAAB,k_pwrite,process,250,10,64,4,new_name,synthetic_sweep,1
e000480,exploratory,pwritev_64_8m,candidate,1,4,BAAB,pwritev_64_8m,process,250,10,64,4,new_name,synthetic_sweep,1
e000481,exploratory,copy_contiguous,baseline,1,1,ABBA,k_pwrite,process,250,10,64,4,new_name,synthetic_sweep,1
e000482,exploratory,copy_contiguous,candidate,1,2,ABBA,copy_contiguous,process,250,10,64,4,new_name,synthetic_sweep,1
e000483,exploratory,copy_contiguous,candidate,1,3,ABBA,copy_contiguous,process,250,10,64,4,new_name,synthetic_sweep,1
e000484,exploratory,copy_contiguous,baseline,1,4,ABBA,k_pwrite,process,250,10,64,4,new_name,synthetic_sweep,1
e000485,exploratory,pwritev_full_8m,candidate,1,1,BAAB,pwritev_full_8m,process,250,10,256,4,domain,synthetic_sweep,1
e000486,exploratory,pwritev_full_8m,baseline,1,2,BAAB,k_pwrite,process,250,10,256,4,domain,synthetic_sweep,1
e000487,exploratory,pwritev_full_8m,baseline,1,3,BAAB,k_pwrite,process,250,10,256,4,domain,synthetic_sweep,1
e000488,exploratory,pwritev_full_8m,candidate,1,4,BAAB,pwritev_full_8m,process,250,10,256,4,domain,synthetic_sweep,1
e000489,exploratory,pwritev_64_8m,baseline,1,1,ABBA,k_pwrite,process,250,10,256,4,domain,synthetic_sweep,1
e000490,exploratory,pwritev_64_8m,candidate,1,2,ABBA,pwritev_64_8m,process,250,10,256,4,domain,synthetic_sweep,1
e000491,exploratory,pwritev_64_8m,candidate,1,3,ABBA,pwritev_64_8m,process,250,10,256,4,domain,synthetic_sweep,1
e000492,exploratory,pwritev_64_8m,baseline,1,4,ABBA,k_pwrite,process,250,10,256,4,domain,synthetic_sweep,1
e000493,exploratory,copy_contiguous,candidate,1,1,BAAB,copy_contiguous,process,250,10,256,4,domain,synthetic_sweep,1
e000494,exploratory,copy_contiguous,baseline,1,2,BAAB,k_pwrite,process,250,10,256,4,domain,synthetic_sweep,1
e000495,exploratory,copy_contiguous,baseline,1,3,BAAB,k_pwrite,process,250,10,256,4,domain,synthetic_sweep,1
e000496,exploratory,copy_contiguous,candidate,1,4,BAAB,copy_contiguous,process,250,10,256,4,domain,synthetic_sweep,1
e000497,exploratory,pwritev_full_8m,baseline,1,1,ABBA,k_pwrite,process,250,10,256,4,new_name,synthetic_sweep,1
e000498,exploratory,pwritev_full_8m,candidate,1,2,ABBA,pwritev_full_8m,process,250,10,256,4,new_name,synthetic_sweep,1
e000499,exploratory,pwritev_full_8m,candidate,1,3,ABBA,pwritev_full_8m,process,250,10,256,4,new_name,synthetic_sweep,1
e000500,exploratory,pwritev_full_8m,baseline,1,4,ABBA,k_pwrite,process,250,10,256,4,new_name,synthetic_sweep,1
e000501,exploratory,pwritev_256_8m,candidate,1,1,BAAB,pwritev_256_8m,process,250,10,256,4,new_name,synthetic_sweep,1
e000502,exploratory,pwritev_256_8m,baseline,1,2,BAAB,k_pwrite,process,250,10,256,4,new_name,synthetic_sweep,1
e000503,exploratory,pwritev_256_8m,baseline,1,3,BAAB,k_pwrite,process,250,10,256,4,new_name,synthetic_sweep,1
e000504,exploratory,pwritev_256_8m,candidate,1,4,BAAB,pwritev_256_8m,process,250,10,256,4,new_name,synthetic_sweep,1
e000505,exploratory,pwritev_64_8m,baseline,1,1,ABBA,k_pwrite,process,250,10,256,4,new_name,synthetic_sweep,1
e000506,exploratory,pwritev_64_8m,candidate,1,2,ABBA,pwritev_64_8m,process,250,10,256,4,new_name,synthetic_sweep,1
e000507,exploratory,pwritev_64_8m,candidate,1,3,ABBA,pwritev_64_8m,process,250,10,256,4,new_name,synthetic_sweep,1
e000508,exploratory,pwritev_64_8m,baseline,1,4,ABBA,k_pwrite,process,250,10,256,4,new_name,synthetic_sweep,1
e000509,exploratory,copy_contiguous,candidate,1,1,BAAB,copy_contiguous,process,250,10,256,4,new_name,synthetic_sweep,1
e000510,exploratory,copy_contiguous,baseline,1,2,BAAB,k_pwrite,process,250,10,256,4,new_name,synthetic_sweep,1
e000511,exploratory,copy_contiguous,baseline,1,3,BAAB,k_pwrite,process,250,10,256,4,new_name,synthetic_sweep,1
e000512,exploratory,copy_contiguous,candidate,1,4,BAAB,copy_contiguous,process,250,10,256,4,new_name,synthetic_sweep,1
e000513,exploratory,pwritev_full_8m,baseline,1,1,ABBA,k_pwrite,process,250,10,1024,4,domain,synthetic_sweep,1
e000514,exploratory,pwritev_full_8m,candidate,1,2,ABBA,pwritev_full_8m,process,250,10,1024,4,domain,synthetic_sweep,1
e000515,exploratory,pwritev_full_8m,candidate,1,3,ABBA,pwritev_full_8m,process,250,10,1024,4,domain,synthetic_sweep,1
e000516,exploratory,pwritev_full_8m,baseline,1,4,ABBA,k_pwrite,process,250,10,1024,4,domain,synthetic_sweep,1
e000517,exploratory,pwritev_256_8m,candidate,1,1,BAAB,pwritev_256_8m,process,250,10,1024,4,domain,synthetic_sweep,1
e000518,exploratory,pwritev_256_8m,baseline,1,2,BAAB,k_pwrite,process,250,10,1024,4,domain,synthetic_sweep,1
e000519,exploratory,pwritev_256_8m,baseline,1,3,BAAB,k_pwrite,process,250,10,1024,4,domain,synthetic_sweep,1
e000520,exploratory,pwritev_256_8m,candidate,1,4,BAAB,pwritev_256_8m,process,250,10,1024,4,domain,synthetic_sweep,1
e000521,exploratory,pwritev_64_8m,baseline,1,1,ABBA,k_pwrite,process,250,10,1024,4,domain,synthetic_sweep,1
e000522,exploratory,pwritev_64_8m,candidate,1,2,ABBA,pwritev_64_8m,process,250,10,1024,4,domain,synthetic_sweep,1
e000523,exploratory,pwritev_64_8m,candidate,1,3,ABBA,pwritev_64_8m,process,250,10,1024,4,domain,synthetic_sweep,1
e000524,exploratory,pwritev_64_8m,baseline,1,4,ABBA,k_pwrite,process,250,10,1024,4,domain,synthetic_sweep,1
e000525,exploratory,copy_contiguous,candidate,1,1,BAAB,copy_contiguous,process,250,10,1024,4,domain,synthetic_sweep,1
e000526,exploratory,copy_contiguous,baseline,1,2,BAAB,k_pwrite,process,250,10,1024,4,domain,synthetic_sweep,1
e000527,exploratory,copy_contiguous,baseline,1,3,BAAB,k_pwrite,process,250,10,1024,4,domain,synthetic_sweep,1
e000528,exploratory,copy_contiguous,candidate,1,4,BAAB,copy_contiguous,process,250,10,1024,4,domain,synthetic_sweep,1
e000529,exploratory,pwritev_full_8m,baseline,1,1,ABBA,k_pwrite,process,250,10,1024,4,new_name,synthetic_sweep,1
e000530,exploratory,pwritev_full_8m,candidate,1,2,ABBA,pwritev_full_8m,process,250,10,1024,4,new_name,synthetic_sweep,1
e000531,exploratory,pwritev_full_8m,candidate,1,3,ABBA,pwritev_full_8m,process,250,10,1024,4,new_name,synthetic_sweep,1
e000532,exploratory,pwritev_full_8m,baseline,1,4,ABBA,k_pwrite,process,250,10,1024,4,new_name,synthetic_sweep,1
e000533,exploratory,pwritev_256_8m,candidate,1,1,BAAB,pwritev_256_8m,process,250,10,1024,4,new_name,synthetic_sweep,1
e000534,exploratory,pwritev_256_8m,baseline,1,2,BAAB,k_pwrite,process,250,10,1024,4,new_name,synthetic_sweep,1
e000535,exploratory,pwritev_256_8m,baseline,1,3,BAAB,k_pwrite,process,250,10,1024,4,new_name,synthetic_sweep,1
e000536,exploratory,pwritev_256_8m,candidate,1,4,BAAB,pwritev_256_8m,process,250,10,1024,4,new_name,synthetic_sweep,1
e000537,exploratory,pwritev_64_8m,baseline,1,1,ABBA,k_pwrite,process,250,10,1024,4,new_name,synthetic_sweep,1
e000538,exploratory,pwritev_64_8m,candidate,1,2,ABBA,pwritev_64_8m,process,250,10,1024,4,new_name,synthetic_sweep,1
e000539,exploratory,pwritev_64_8m,candidate,1,3,ABBA,pwritev_64_8m,process,250,10,1024,4,new_name,synthetic_sweep,1
e000540,exploratory,pwritev_64_8m,baseline,1,4,ABBA,k_pwrite,process,250,10,1024,4,new_name,synthetic_sweep,1
e000541,exploratory,copy_contiguous,candidate,1,1,BAAB,copy_contiguous,process,250,10,1024,4,new_name,synthetic_sweep,1
e000542,exploratory,copy_contiguous,baseline,1,2,BAAB,k_pwrite,process,250,10,1024,4,new_name,synthetic_sweep,1
e000543,exploratory,copy_contiguous,baseline,1,3,BAAB,k_pwrite,process,250,10,1024,4,new_name,synthetic_sweep,1
e000544,exploratory,copy_contiguous,candidate,1,4,BAAB,copy_contiguous,process,250,10,1024,4,new_name,synthetic_sweep,1
e000545,exploratory,pwritev_full_8m,baseline,1,1,ABBA,k_pwrite,process,250,10,1025,4,domain,synthetic_sweep,1
e000546,exploratory,pwritev_full_8m,candidate,1,2,ABBA,pwritev_full_8m,process,250,10,1025,4,domain,synthetic_sweep,1
e000547,exploratory,pwritev_full_8m,candidate,1,3,ABBA,pwritev_full_8m,process,250,10,1025,4,domain,synthetic_sweep,1
e000548,exploratory,pwritev_full_8m,baseline,1,4,ABBA,k_pwrite,process,250,10,1025,4,domain,synthetic_sweep,1
e000549,exploratory,pwritev_256_8m,candidate,1,1,BAAB,pwritev_256_8m,process,250,10,1025,4,domain,synthetic_sweep,1
e000550,exploratory,pwritev_256_8m,baseline,1,2,BAAB,k_pwrite,process,250,10,1025,4,domain,synthetic_sweep,1
e000551,exploratory,pwritev_256_8m,baseline,1,3,BAAB,k_pwrite,process,250,10,1025,4,domain,synthetic_sweep,1
e000552,exploratory,pwritev_256_8m,candidate,1,4,BAAB,pwritev_256_8m,process,250,10,1025,4,domain,synthetic_sweep,1
e000553,exploratory,pwritev_64_8m,baseline,1,1,ABBA,k_pwrite,process,250,10,1025,4,domain,synthetic_sweep,1
e000554,exploratory,pwritev_64_8m,candidate,1,2,ABBA,pwritev_64_8m,process,250,10,1025,4,domain,synthetic_sweep,1
e000555,exploratory,pwritev_64_8m,candidate,1,3,ABBA,pwritev_64_8m,process,250,10,1025,4,domain,synthetic_sweep,1
e000556,exploratory,pwritev_64_8m,baseline,1,4,ABBA,k_pwrite,process,250,10,1025,4,domain,synthetic_sweep,1
e000557,exploratory,copy_contiguous,candidate,1,1,BAAB,copy_contiguous,process,250,10,1025,4,domain,synthetic_sweep,1
e000558,exploratory,copy_contiguous,baseline,1,2,BAAB,k_pwrite,process,250,10,1025,4,domain,synthetic_sweep,1
e000559,exploratory,copy_contiguous,baseline,1,3,BAAB,k_pwrite,process,250,10,1025,4,domain,synthetic_sweep,1
e000560,exploratory,copy_contiguous,candidate,1,4,BAAB,copy_contiguous,process,250,10,1025,4,domain,synthetic_sweep,1
e000561,exploratory,pwritev_full_8m,baseline,1,1,ABBA,k_pwrite,process,250,10,1025,4,new_name,synthetic_sweep,1
e000562,exploratory,pwritev_full_8m,candidate,1,2,ABBA,pwritev_full_8m,process,250,10,1025,4,new_name,synthetic_sweep,1
e000563,exploratory,pwritev_full_8m,candidate,1,3,ABBA,pwritev_full_8m,process,250,10,1025,4,new_name,synthetic_sweep,1
e000564,exploratory,pwritev_full_8m,baseline,1,4,ABBA,k_pwrite,process,250,10,1025,4,new_name,synthetic_sweep,1
e000565,exploratory,pwritev_256_8m,candidate,1,1,BAAB,pwritev_256_8m,process,250,10,1025,4,new_name,synthetic_sweep,1
e000566,exploratory,pwritev_256_8m,baseline,1,2,BAAB,k_pwrite,process,250,10,1025,4,new_name,synthetic_sweep,1
e000567,exploratory,pwritev_256_8m,baseline,1,3,BAAB,k_pwrite,process,250,10,1025,4,new_name,synthetic_sweep,1
e000568,exploratory,pwritev_256_8m,candidate,1,4,BAAB,pwritev_256_8m,process,250,10,1025,4,new_name,synthetic_sweep,1
e000569,exploratory,pwritev_64_8m,baseline,1,1,ABBA,k_pwrite,process,250,10,1025,4,new_name,synthetic_sweep,1
e000570,exploratory,pwritev_64_8m,candidate,1,2,ABBA,pwritev_64_8m,process,250,10,1025,4,new_name,synthetic_sweep,1
e000571,exploratory,pwritev_64_8m,candidate,1,3,ABBA,pwritev_64_8m,process,250,10,1025,4,new_name,synthetic_sweep,1
e000572,exploratory,pwritev_64_8m,baseline,1,4,ABBA,k_pwrite,process,250,10,1025,4,new_name,synthetic_sweep,1
e000573,exploratory,copy_contiguous,candidate,1,1,BAAB,copy_contiguous,process,250,10,1025,4,new_name,synthetic_sweep,1
e000574,exploratory,copy_contiguous,baseline,1,2,BAAB,k_pwrite,process,250,10,1025,4,new_name,synthetic_sweep,1
e000575,exploratory,copy_contiguous,baseline,1,3,BAAB,k_pwrite,process,250,10,1025,4,new_name,synthetic_sweep,1
e000576,exploratory,copy_contiguous,candidate,1,4,BAAB,copy_contiguous,process,250,10,1025,4,new_name,synthetic_sweep,1
e000577,exploratory,pwritev_full_8m,baseline,1,1,ABBA,k_pwrite,process,250,100,2,2,domain,synthetic_sweep,1
e000578,exploratory,pwritev_full_8m,candidate,1,2,ABBA,pwritev_full_8m,process,250,100,2,2,domain,synthetic_sweep,1
e000579,exploratory,pwritev_full_8m,candidate,1,3,ABBA,pwritev_full_8m,process,250,100,2,2,domain,synthetic_sweep,1
e000580,exploratory,pwritev_full_8m,baseline,1,4,ABBA,k_pwrite,process,250,100,2,2,domain,synthetic_sweep,1
e000581,exploratory,copy_contiguous,candidate,1,1,BAAB,copy_contiguous,process,250,100,2,2,domain,synthetic_sweep,1
e000582,exploratory,copy_contiguous,baseline,1,2,BAAB,k_pwrite,process,250,100,2,2,domain,synthetic_sweep,1
e000583,exploratory,copy_contiguous,baseline,1,3,BAAB,k_pwrite,process,250,100,2,2,domain,synthetic_sweep,1
e000584,exploratory,copy_contiguous,candidate,1,4,BAAB,copy_contiguous,process,250,100,2,2,domain,synthetic_sweep,1
e000585,exploratory,pwritev_full_8m,baseline,1,1,ABBA,k_pwrite,process,250,100,2,2,new_name,synthetic_sweep,1
e000586,exploratory,pwritev_full_8m,candidate,1,2,ABBA,pwritev_full_8m,process,250,100,2,2,new_name,synthetic_sweep,1
e000587,exploratory,pwritev_full_8m,candidate,1,3,ABBA,pwritev_full_8m,process,250,100,2,2,new_name,synthetic_sweep,1
e000588,exploratory,pwritev_full_8m,baseline,1,4,ABBA,k_pwrite,process,250,100,2,2,new_name,synthetic_sweep,1
e000589,exploratory,copy_contiguous,candidate,1,1,BAAB,copy_contiguous,process,250,100,2,2,new_name,synthetic_sweep,1
e000590,exploratory,copy_contiguous,baseline,1,2,BAAB,k_pwrite,process,250,100,2,2,new_name,synthetic_sweep,1
e000591,exploratory,copy_contiguous,baseline,1,3,BAAB,k_pwrite,process,250,100,2,2,new_name,synthetic_sweep,1
e000592,exploratory,copy_contiguous,candidate,1,4,BAAB,copy_contiguous,process,250,100,2,2,new_name,synthetic_sweep,1
e000593,exploratory,pwritev_full_8m,baseline,1,1,ABBA,k_pwrite,process,250,100,4,4,domain,synthetic_sweep,1
e000594,exploratory,pwritev_full_8m,candidate,1,2,ABBA,pwritev_full_8m,process,250,100,4,4,domain,synthetic_sweep,1
e000595,exploratory,pwritev_full_8m,candidate,1,3,ABBA,pwritev_full_8m,process,250,100,4,4,domain,synthetic_sweep,1
e000596,exploratory,pwritev_full_8m,baseline,1,4,ABBA,k_pwrite,process,250,100,4,4,domain,synthetic_sweep,1
e000597,exploratory,copy_contiguous,candidate,1,1,BAAB,copy_contiguous,process,250,100,4,4,domain,synthetic_sweep,1
e000598,exploratory,copy_contiguous,baseline,1,2,BAAB,k_pwrite,process,250,100,4,4,domain,synthetic_sweep,1
e000599,exploratory,copy_contiguous,baseline,1,3,BAAB,k_pwrite,process,250,100,4,4,domain,synthetic_sweep,1
e000600,exploratory,copy_contiguous,candidate,1,4,BAAB,copy_contiguous,process,250,100,4,4,domain,synthetic_sweep,1
e000601,exploratory,pwritev_full_8m,baseline,1,1,ABBA,k_pwrite,process,250,100,4,4,new_name,synthetic_sweep,1
e000602,exploratory,pwritev_full_8m,candidate,1,2,ABBA,pwritev_full_8m,process,250,100,4,4,new_name,synthetic_sweep,1
e000603,exploratory,pwritev_full_8m,candidate,1,3,ABBA,pwritev_full_8m,process,250,100,4,4,new_name,synthetic_sweep,1
e000604,exploratory,pwritev_full_8m,baseline,1,4,ABBA,k_pwrite,process,250,100,4,4,new_name,synthetic_sweep,1
e000605,exploratory,copy_contiguous,candidate,1,1,BAAB,copy_contiguous,process,250,100,4,4,new_name,synthetic_sweep,1
e000606,exploratory,copy_contiguous,baseline,1,2,BAAB,k_pwrite,process,250,100,4,4,new_name,synthetic_sweep,1
e000607,exploratory,copy_contiguous,baseline,1,3,BAAB,k_pwrite,process,250,100,4,4,new_name,synthetic_sweep,1
e000608,exploratory,copy_contiguous,candidate,1,4,BAAB,copy_contiguous,process,250,100,4,4,new_name,synthetic_sweep,1
e000609,exploratory,pwritev_full_8m,baseline,1,1,ABBA,k_pwrite,process,250,1000,2,2,domain,synthetic_sweep,1
e000610,exploratory,pwritev_full_8m,candidate,1,2,ABBA,pwritev_full_8m,process,250,1000,2,2,domain,synthetic_sweep,1
e000611,exploratory,pwritev_full_8m,candidate,1,3,ABBA,pwritev_full_8m,process,250,1000,2,2,domain,synthetic_sweep,1
e000612,exploratory,pwritev_full_8m,baseline,1,4,ABBA,k_pwrite,process,250,1000,2,2,domain,synthetic_sweep,1
e000613,exploratory,copy_contiguous,candidate,1,1,BAAB,copy_contiguous,process,250,1000,2,2,domain,synthetic_sweep,1
e000614,exploratory,copy_contiguous,baseline,1,2,BAAB,k_pwrite,process,250,1000,2,2,domain,synthetic_sweep,1
e000615,exploratory,copy_contiguous,baseline,1,3,BAAB,k_pwrite,process,250,1000,2,2,domain,synthetic_sweep,1
e000616,exploratory,copy_contiguous,candidate,1,4,BAAB,copy_contiguous,process,250,1000,2,2,domain,synthetic_sweep,1
e000617,exploratory,pwritev_full_8m,baseline,1,1,ABBA,k_pwrite,process,250,1000,2,2,new_name,synthetic_sweep,1
e000618,exploratory,pwritev_full_8m,candidate,1,2,ABBA,pwritev_full_8m,process,250,1000,2,2,new_name,synthetic_sweep,1
e000619,exploratory,pwritev_full_8m,candidate,1,3,ABBA,pwritev_full_8m,process,250,1000,2,2,new_name,synthetic_sweep,1
e000620,exploratory,pwritev_full_8m,baseline,1,4,ABBA,k_pwrite,process,250,1000,2,2,new_name,synthetic_sweep,1
e000621,exploratory,copy_contiguous,candidate,1,1,BAAB,copy_contiguous,process,250,1000,2,2,new_name,synthetic_sweep,1
e000622,exploratory,copy_contiguous,baseline,1,2,BAAB,k_pwrite,process,250,1000,2,2,new_name,synthetic_sweep,1
e000623,exploratory,copy_contiguous,baseline,1,3,BAAB,k_pwrite,process,250,1000,2,2,new_name,synthetic_sweep,1
e000624,exploratory,copy_contiguous,candidate,1,4,BAAB,copy_contiguous,process,250,1000,2,2,new_name,synthetic_sweep,1
e000625,exploratory,pwritev_full_8m,baseline,1,1,ABBA,k_pwrite,process,250,1000,4,4,domain,synthetic_sweep,1
e000626,exploratory,pwritev_full_8m,candidate,1,2,ABBA,pwritev_full_8m,process,250,1000,4,4,domain,synthetic_sweep,1
e000627,exploratory,pwritev_full_8m,candidate,1,3,ABBA,pwritev_full_8m,process,250,1000,4,4,domain,synthetic_sweep,1
e000628,exploratory,pwritev_full_8m,baseline,1,4,ABBA,k_pwrite,process,250,1000,4,4,domain,synthetic_sweep,1
e000629,exploratory,copy_contiguous,candidate,1,1,BAAB,copy_contiguous,process,250,1000,4,4,domain,synthetic_sweep,1
e000630,exploratory,copy_contiguous,baseline,1,2,BAAB,k_pwrite,process,250,1000,4,4,domain,synthetic_sweep,1
e000631,exploratory,copy_contiguous,baseline,1,3,BAAB,k_pwrite,process,250,1000,4,4,domain,synthetic_sweep,1
e000632,exploratory,copy_contiguous,candidate,1,4,BAAB,copy_contiguous,process,250,1000,4,4,domain,synthetic_sweep,1
e000633,exploratory,pwritev_full_8m,baseline,1,1,ABBA,k_pwrite,process,250,1000,4,4,new_name,synthetic_sweep,1
e000634,exploratory,pwritev_full_8m,candidate,1,2,ABBA,pwritev_full_8m,process,250,1000,4,4,new_name,synthetic_sweep,1
e000635,exploratory,pwritev_full_8m,candidate,1,3,ABBA,pwritev_full_8m,process,250,1000,4,4,new_name,synthetic_sweep,1
e000636,exploratory,pwritev_full_8m,baseline,1,4,ABBA,k_pwrite,process,250,1000,4,4,new_name,synthetic_sweep,1
e000637,exploratory,copy_contiguous,candidate,1,1,BAAB,copy_contiguous,process,250,1000,4,4,new_name,synthetic_sweep,1
e000638,exploratory,copy_contiguous,baseline,1,2,BAAB,k_pwrite,process,250,1000,4,4,new_name,synthetic_sweep,1
e000639,exploratory,copy_contiguous,baseline,1,3,BAAB,k_pwrite,process,250,1000,4,4,new_name,synthetic_sweep,1
e000640,exploratory,copy_contiguous,candidate,1,4,BAAB,copy_contiguous,process,250,1000,4,4,new_name,synthetic_sweep,1
e000641,exploratory,pwritev_full_8m,baseline,1,1,ABBA,k_pwrite,process,4096,1,2,2,domain,synthetic_sweep,1
e000642,exploratory,pwritev_full_8m,candidate,1,2,ABBA,pwritev_full_8m,process,4096,1,2,2,domain,synthetic_sweep,1
e000643,exploratory,pwritev_full_8m,candidate,1,3,ABBA,pwritev_full_8m,process,4096,1,2,2,domain,synthetic_sweep,1
e000644,exploratory,pwritev_full_8m,baseline,1,4,ABBA,k_pwrite,process,4096,1,2,2,domain,synthetic_sweep,1
e000645,exploratory,copy_contiguous,candidate,1,1,BAAB,copy_contiguous,process,4096,1,2,2,domain,synthetic_sweep,1
e000646,exploratory,copy_contiguous,baseline,1,2,BAAB,k_pwrite,process,4096,1,2,2,domain,synthetic_sweep,1
e000647,exploratory,copy_contiguous,baseline,1,3,BAAB,k_pwrite,process,4096,1,2,2,domain,synthetic_sweep,1
e000648,exploratory,copy_contiguous,candidate,1,4,BAAB,copy_contiguous,process,4096,1,2,2,domain,synthetic_sweep,1
e000649,exploratory,pwritev_full_8m,baseline,1,1,ABBA,k_pwrite,process,4096,1,2,2,new_name,synthetic_sweep,1
e000650,exploratory,pwritev_full_8m,candidate,1,2,ABBA,pwritev_full_8m,process,4096,1,2,2,new_name,synthetic_sweep,1
e000651,exploratory,pwritev_full_8m,candidate,1,3,ABBA,pwritev_full_8m,process,4096,1,2,2,new_name,synthetic_sweep,1
e000652,exploratory,pwritev_full_8m,baseline,1,4,ABBA,k_pwrite,process,4096,1,2,2,new_name,synthetic_sweep,1
e000653,exploratory,copy_contiguous,candidate,1,1,BAAB,copy_contiguous,process,4096,1,2,2,new_name,synthetic_sweep,1
e000654,exploratory,copy_contiguous,baseline,1,2,BAAB,k_pwrite,process,4096,1,2,2,new_name,synthetic_sweep,1
e000655,exploratory,copy_contiguous,baseline,1,3,BAAB,k_pwrite,process,4096,1,2,2,new_name,synthetic_sweep,1
e000656,exploratory,copy_contiguous,candidate,1,4,BAAB,copy_contiguous,process,4096,1,2,2,new_name,synthetic_sweep,1
e000657,exploratory,pwritev_full_8m,baseline,1,1,ABBA,k_pwrite,process,4096,1,4,4,domain,synthetic_sweep,1
e000658,exploratory,pwritev_full_8m,candidate,1,2,ABBA,pwritev_full_8m,process,4096,1,4,4,domain,synthetic_sweep,1
e000659,exploratory,pwritev_full_8m,candidate,1,3,ABBA,pwritev_full_8m,process,4096,1,4,4,domain,synthetic_sweep,1
e000660,exploratory,pwritev_full_8m,baseline,1,4,ABBA,k_pwrite,process,4096,1,4,4,domain,synthetic_sweep,1
e000661,exploratory,copy_contiguous,candidate,1,1,BAAB,copy_contiguous,process,4096,1,4,4,domain,synthetic_sweep,1
e000662,exploratory,copy_contiguous,baseline,1,2,BAAB,k_pwrite,process,4096,1,4,4,domain,synthetic_sweep,1
e000663,exploratory,copy_contiguous,baseline,1,3,BAAB,k_pwrite,process,4096,1,4,4,domain,synthetic_sweep,1
e000664,exploratory,copy_contiguous,candidate,1,4,BAAB,copy_contiguous,process,4096,1,4,4,domain,synthetic_sweep,1
e000665,exploratory,pwritev_full_8m,baseline,1,1,ABBA,k_pwrite,process,4096,1,4,4,new_name,synthetic_sweep,1
e000666,exploratory,pwritev_full_8m,candidate,1,2,ABBA,pwritev_full_8m,process,4096,1,4,4,new_name,synthetic_sweep,1
e000667,exploratory,pwritev_full_8m,candidate,1,3,ABBA,pwritev_full_8m,process,4096,1,4,4,new_name,synthetic_sweep,1
e000668,exploratory,pwritev_full_8m,baseline,1,4,ABBA,k_pwrite,process,4096,1,4,4,new_name,synthetic_sweep,1
e000669,exploratory,copy_contiguous,candidate,1,1,BAAB,copy_contiguous,process,4096,1,4,4,new_name,synthetic_sweep,1
e000670,exploratory,copy_contiguous,baseline,1,2,BAAB,k_pwrite,process,4096,1,4,4,new_name,synthetic_sweep,1
e000671,exploratory,copy_contiguous,baseline,1,3,BAAB,k_pwrite,process,4096,1,4,4,new_name,synthetic_sweep,1
e000672,exploratory,copy_contiguous,candidate,1,4,BAAB,copy_contiguous,process,4096,1,4,4,new_name,synthetic_sweep,1
e000673,exploratory,pwritev_full_8m,baseline,1,1,ABBA,k_pwrite,process,4096,10,2,2,domain,synthetic_sweep,1
e000674,exploratory,pwritev_full_8m,candidate,1,2,ABBA,pwritev_full_8m,process,4096,10,2,2,domain,synthetic_sweep,1
e000675,exploratory,pwritev_full_8m,candidate,1,3,ABBA,pwritev_full_8m,process,4096,10,2,2,domain,synthetic_sweep,1
e000676,exploratory,pwritev_full_8m,baseline,1,4,ABBA,k_pwrite,process,4096,10,2,2,domain,synthetic_sweep,1
e000677,exploratory,copy_contiguous,candidate,1,1,BAAB,copy_contiguous,process,4096,10,2,2,domain,synthetic_sweep,1
e000678,exploratory,copy_contiguous,baseline,1,2,BAAB,k_pwrite,process,4096,10,2,2,domain,synthetic_sweep,1
e000679,exploratory,copy_contiguous,baseline,1,3,BAAB,k_pwrite,process,4096,10,2,2,domain,synthetic_sweep,1
e000680,exploratory,copy_contiguous,candidate,1,4,BAAB,copy_contiguous,process,4096,10,2,2,domain,synthetic_sweep,1
e000681,exploratory,pwritev_full_8m,baseline,1,1,ABBA,k_pwrite,process,4096,10,2,2,new_name,synthetic_sweep,1
e000682,exploratory,pwritev_full_8m,candidate,1,2,ABBA,pwritev_full_8m,process,4096,10,2,2,new_name,synthetic_sweep,1
e000683,exploratory,pwritev_full_8m,candidate,1,3,ABBA,pwritev_full_8m,process,4096,10,2,2,new_name,synthetic_sweep,1
e000684,exploratory,pwritev_full_8m,baseline,1,4,ABBA,k_pwrite,process,4096,10,2,2,new_name,synthetic_sweep,1
e000685,exploratory,copy_contiguous,candidate,1,1,BAAB,copy_contiguous,process,4096,10,2,2,new_name,synthetic_sweep,1
e000686,exploratory,copy_contiguous,baseline,1,2,BAAB,k_pwrite,process,4096,10,2,2,new_name,synthetic_sweep,1
e000687,exploratory,copy_contiguous,baseline,1,3,BAAB,k_pwrite,process,4096,10,2,2,new_name,synthetic_sweep,1
e000688,exploratory,copy_contiguous,candidate,1,4,BAAB,copy_contiguous,process,4096,10,2,2,new_name,synthetic_sweep,1
e000689,exploratory,pwritev_full_8m,baseline,1,1,ABBA,k_pwrite,process,4096,10,4,4,domain,synthetic_sweep,1
e000690,exploratory,pwritev_full_8m,candidate,1,2,ABBA,pwritev_full_8m,process,4096,10,4,4,domain,synthetic_sweep,1
e000691,exploratory,pwritev_full_8m,candidate,1,3,ABBA,pwritev_full_8m,process,4096,10,4,4,domain,synthetic_sweep,1
e000692,exploratory,pwritev_full_8m,baseline,1,4,ABBA,k_pwrite,process,4096,10,4,4,domain,synthetic_sweep,1
e000693,exploratory,copy_contiguous,candidate,1,1,BAAB,copy_contiguous,process,4096,10,4,4,domain,synthetic_sweep,1
e000694,exploratory,copy_contiguous,baseline,1,2,BAAB,k_pwrite,process,4096,10,4,4,domain,synthetic_sweep,1
e000695,exploratory,copy_contiguous,baseline,1,3,BAAB,k_pwrite,process,4096,10,4,4,domain,synthetic_sweep,1
e000696,exploratory,copy_contiguous,candidate,1,4,BAAB,copy_contiguous,process,4096,10,4,4,domain,synthetic_sweep,1
e000697,exploratory,pwritev_full_8m,baseline,1,1,ABBA,k_pwrite,process,4096,10,4,4,new_name,synthetic_sweep,1
e000698,exploratory,pwritev_full_8m,candidate,1,2,ABBA,pwritev_full_8m,process,4096,10,4,4,new_name,synthetic_sweep,1
e000699,exploratory,pwritev_full_8m,candidate,1,3,ABBA,pwritev_full_8m,process,4096,10,4,4,new_name,synthetic_sweep,1
e000700,exploratory,pwritev_full_8m,baseline,1,4,ABBA,k_pwrite,process,4096,10,4,4,new_name,synthetic_sweep,1
e000701,exploratory,copy_contiguous,candidate,1,1,BAAB,copy_contiguous,process,4096,10,4,4,new_name,synthetic_sweep,1
e000702,exploratory,copy_contiguous,baseline,1,2,BAAB,k_pwrite,process,4096,10,4,4,new_name,synthetic_sweep,1
e000703,exploratory,copy_contiguous,baseline,1,3,BAAB,k_pwrite,process,4096,10,4,4,new_name,synthetic_sweep,1
e000704,exploratory,copy_contiguous,candidate,1,4,BAAB,copy_contiguous,process,4096,10,4,4,new_name,synthetic_sweep,1
e000705,exploratory,pwritev_full_8m,baseline,1,1,ABBA,k_pwrite,process,4096,10,16,4,domain,synthetic_sweep,1
e000706,exploratory,pwritev_full_8m,candidate,1,2,ABBA,pwritev_full_8m,process,4096,10,16,4,domain,synthetic_sweep,1
e000707,exploratory,pwritev_full_8m,candidate,1,3,ABBA,pwritev_full_8m,process,4096,10,16,4,domain,synthetic_sweep,1
e000708,exploratory,pwritev_full_8m,baseline,1,4,ABBA,k_pwrite,process,4096,10,16,4,domain,synthetic_sweep,1
e000709,exploratory,copy_contiguous,candidate,1,1,BAAB,copy_contiguous,process,4096,10,16,4,domain,synthetic_sweep,1
e000710,exploratory,copy_contiguous,baseline,1,2,BAAB,k_pwrite,process,4096,10,16,4,domain,synthetic_sweep,1
e000711,exploratory,copy_contiguous,baseline,1,3,BAAB,k_pwrite,process,4096,10,16,4,domain,synthetic_sweep,1
e000712,exploratory,copy_contiguous,candidate,1,4,BAAB,copy_contiguous,process,4096,10,16,4,domain,synthetic_sweep,1
e000713,exploratory,pwritev_full_8m,baseline,1,1,ABBA,k_pwrite,process,4096,10,16,4,new_name,synthetic_sweep,1
e000714,exploratory,pwritev_full_8m,candidate,1,2,ABBA,pwritev_full_8m,process,4096,10,16,4,new_name,synthetic_sweep,1
e000715,exploratory,pwritev_full_8m,candidate,1,3,ABBA,pwritev_full_8m,process,4096,10,16,4,new_name,synthetic_sweep,1
e000716,exploratory,pwritev_full_8m,baseline,1,4,ABBA,k_pwrite,process,4096,10,16,4,new_name,synthetic_sweep,1
e000717,exploratory,copy_contiguous,candidate,1,1,BAAB,copy_contiguous,process,4096,10,16,4,new_name,synthetic_sweep,1
e000718,exploratory,copy_contiguous,baseline,1,2,BAAB,k_pwrite,process,4096,10,16,4,new_name,synthetic_sweep,1
e000719,exploratory,copy_contiguous,baseline,1,3,BAAB,k_pwrite,process,4096,10,16,4,new_name,synthetic_sweep,1
e000720,exploratory,copy_contiguous,candidate,1,4,BAAB,copy_contiguous,process,4096,10,16,4,new_name,synthetic_sweep,1
e000721,exploratory,pwritev_full_8m,baseline,1,1,ABBA,k_pwrite,process,4096,10,64,4,domain,synthetic_sweep,1
e000722,exploratory,pwritev_full_8m,candidate,1,2,ABBA,pwritev_full_8m,process,4096,10,64,4,domain,synthetic_sweep,1
e000723,exploratory,pwritev_full_8m,candidate,1,3,ABBA,pwritev_full_8m,process,4096,10,64,4,domain,synthetic_sweep,1
e000724,exploratory,pwritev_full_8m,baseline,1,4,ABBA,k_pwrite,process,4096,10,64,4,domain,synthetic_sweep,1
e000725,exploratory,copy_contiguous,candidate,1,1,BAAB,copy_contiguous,process,4096,10,64,4,domain,synthetic_sweep,1
e000726,exploratory,copy_contiguous,baseline,1,2,BAAB,k_pwrite,process,4096,10,64,4,domain,synthetic_sweep,1
e000727,exploratory,copy_contiguous,baseline,1,3,BAAB,k_pwrite,process,4096,10,64,4,domain,synthetic_sweep,1
e000728,exploratory,copy_contiguous,candidate,1,4,BAAB,copy_contiguous,process,4096,10,64,4,domain,synthetic_sweep,1
e000729,exploratory,pwritev_full_8m,baseline,1,1,ABBA,k_pwrite,process,4096,10,64,4,new_name,synthetic_sweep,1
e000730,exploratory,pwritev_full_8m,candidate,1,2,ABBA,pwritev_full_8m,process,4096,10,64,4,new_name,synthetic_sweep,1
e000731,exploratory,pwritev_full_8m,candidate,1,3,ABBA,pwritev_full_8m,process,4096,10,64,4,new_name,synthetic_sweep,1
e000732,exploratory,pwritev_full_8m,baseline,1,4,ABBA,k_pwrite,process,4096,10,64,4,new_name,synthetic_sweep,1
e000733,exploratory,pwritev_64_8m,candidate,1,1,BAAB,pwritev_64_8m,process,4096,10,64,4,new_name,synthetic_sweep,1
e000734,exploratory,pwritev_64_8m,baseline,1,2,BAAB,k_pwrite,process,4096,10,64,4,new_name,synthetic_sweep,1
e000735,exploratory,pwritev_64_8m,baseline,1,3,BAAB,k_pwrite,process,4096,10,64,4,new_name,synthetic_sweep,1
e000736,exploratory,pwritev_64_8m,candidate,1,4,BAAB,pwritev_64_8m,process,4096,10,64,4,new_name,synthetic_sweep,1
e000737,exploratory,copy_contiguous,baseline,1,1,ABBA,k_pwrite,process,4096,10,64,4,new_name,synthetic_sweep,1
e000738,exploratory,copy_contiguous,candidate,1,2,ABBA,copy_contiguous,process,4096,10,64,4,new_name,synthetic_sweep,1
e000739,exploratory,copy_contiguous,candidate,1,3,ABBA,copy_contiguous,process,4096,10,64,4,new_name,synthetic_sweep,1
e000740,exploratory,copy_contiguous,baseline,1,4,ABBA,k_pwrite,process,4096,10,64,4,new_name,synthetic_sweep,1
e000741,exploratory,pwritev_full_8m,candidate,1,1,BAAB,pwritev_full_8m,process,4096,10,256,4,domain,synthetic_sweep,1
e000742,exploratory,pwritev_full_8m,baseline,1,2,BAAB,k_pwrite,process,4096,10,256,4,domain,synthetic_sweep,1
e000743,exploratory,pwritev_full_8m,baseline,1,3,BAAB,k_pwrite,process,4096,10,256,4,domain,synthetic_sweep,1
e000744,exploratory,pwritev_full_8m,candidate,1,4,BAAB,pwritev_full_8m,process,4096,10,256,4,domain,synthetic_sweep,1
e000745,exploratory,pwritev_64_8m,baseline,1,1,ABBA,k_pwrite,process,4096,10,256,4,domain,synthetic_sweep,1
e000746,exploratory,pwritev_64_8m,candidate,1,2,ABBA,pwritev_64_8m,process,4096,10,256,4,domain,synthetic_sweep,1
e000747,exploratory,pwritev_64_8m,candidate,1,3,ABBA,pwritev_64_8m,process,4096,10,256,4,domain,synthetic_sweep,1
e000748,exploratory,pwritev_64_8m,baseline,1,4,ABBA,k_pwrite,process,4096,10,256,4,domain,synthetic_sweep,1
e000749,exploratory,pwritev_full_8m,candidate,1,1,BAAB,pwritev_full_8m,process,4096,10,256,4,new_name,synthetic_sweep,1
e000750,exploratory,pwritev_full_8m,baseline,1,2,BAAB,k_pwrite,process,4096,10,256,4,new_name,synthetic_sweep,1
e000751,exploratory,pwritev_full_8m,baseline,1,3,BAAB,k_pwrite,process,4096,10,256,4,new_name,synthetic_sweep,1
e000752,exploratory,pwritev_full_8m,candidate,1,4,BAAB,pwritev_full_8m,process,4096,10,256,4,new_name,synthetic_sweep,1
e000753,exploratory,pwritev_256_8m,baseline,1,1,ABBA,k_pwrite,process,4096,10,256,4,new_name,synthetic_sweep,1
e000754,exploratory,pwritev_256_8m,candidate,1,2,ABBA,pwritev_256_8m,process,4096,10,256,4,new_name,synthetic_sweep,1
e000755,exploratory,pwritev_256_8m,candidate,1,3,ABBA,pwritev_256_8m,process,4096,10,256,4,new_name,synthetic_sweep,1
e000756,exploratory,pwritev_256_8m,baseline,1,4,ABBA,k_pwrite,process,4096,10,256,4,new_name,synthetic_sweep,1
e000757,exploratory,pwritev_64_8m,candidate,1,1,BAAB,pwritev_64_8m,process,4096,10,256,4,new_name,synthetic_sweep,1
e000758,exploratory,pwritev_64_8m,baseline,1,2,BAAB,k_pwrite,process,4096,10,256,4,new_name,synthetic_sweep,1
e000759,exploratory,pwritev_64_8m,baseline,1,3,BAAB,k_pwrite,process,4096,10,256,4,new_name,synthetic_sweep,1
e000760,exploratory,pwritev_64_8m,candidate,1,4,BAAB,pwritev_64_8m,process,4096,10,256,4,new_name,synthetic_sweep,1
e000761,exploratory,pwritev_full_8m,baseline,1,1,ABBA,k_pwrite,process,4096,10,1024,4,domain,synthetic_sweep,1
e000762,exploratory,pwritev_full_8m,candidate,1,2,ABBA,pwritev_full_8m,process,4096,10,1024,4,domain,synthetic_sweep,1
e000763,exploratory,pwritev_full_8m,candidate,1,3,ABBA,pwritev_full_8m,process,4096,10,1024,4,domain,synthetic_sweep,1
e000764,exploratory,pwritev_full_8m,baseline,1,4,ABBA,k_pwrite,process,4096,10,1024,4,domain,synthetic_sweep,1
e000765,exploratory,pwritev_64_8m,candidate,1,1,BAAB,pwritev_64_8m,process,4096,10,1024,4,domain,synthetic_sweep,1
e000766,exploratory,pwritev_64_8m,baseline,1,2,BAAB,k_pwrite,process,4096,10,1024,4,domain,synthetic_sweep,1
e000767,exploratory,pwritev_64_8m,baseline,1,3,BAAB,k_pwrite,process,4096,10,1024,4,domain,synthetic_sweep,1
e000768,exploratory,pwritev_64_8m,candidate,1,4,BAAB,pwritev_64_8m,process,4096,10,1024,4,domain,synthetic_sweep,1
e000769,exploratory,pwritev_full_8m,baseline,1,1,ABBA,k_pwrite,process,4096,10,1024,4,new_name,synthetic_sweep,1
e000770,exploratory,pwritev_full_8m,candidate,1,2,ABBA,pwritev_full_8m,process,4096,10,1024,4,new_name,synthetic_sweep,1
e000771,exploratory,pwritev_full_8m,candidate,1,3,ABBA,pwritev_full_8m,process,4096,10,1024,4,new_name,synthetic_sweep,1
e000772,exploratory,pwritev_full_8m,baseline,1,4,ABBA,k_pwrite,process,4096,10,1024,4,new_name,synthetic_sweep,1
e000773,exploratory,pwritev_256_8m,candidate,1,1,BAAB,pwritev_256_8m,process,4096,10,1024,4,new_name,synthetic_sweep,1
e000774,exploratory,pwritev_256_8m,baseline,1,2,BAAB,k_pwrite,process,4096,10,1024,4,new_name,synthetic_sweep,1
e000775,exploratory,pwritev_256_8m,baseline,1,3,BAAB,k_pwrite,process,4096,10,1024,4,new_name,synthetic_sweep,1
e000776,exploratory,pwritev_256_8m,candidate,1,4,BAAB,pwritev_256_8m,process,4096,10,1024,4,new_name,synthetic_sweep,1
e000777,exploratory,pwritev_64_8m,baseline,1,1,ABBA,k_pwrite,process,4096,10,1024,4,new_name,synthetic_sweep,1
e000778,exploratory,pwritev_64_8m,candidate,1,2,ABBA,pwritev_64_8m,process,4096,10,1024,4,new_name,synthetic_sweep,1
e000779,exploratory,pwritev_64_8m,candidate,1,3,ABBA,pwritev_64_8m,process,4096,10,1024,4,new_name,synthetic_sweep,1
e000780,exploratory,pwritev_64_8m,baseline,1,4,ABBA,k_pwrite,process,4096,10,1024,4,new_name,synthetic_sweep,1
e000781,exploratory,pwritev_full_8m,candidate,1,1,BAAB,pwritev_full_8m,process,4096,10,1025,4,domain,synthetic_sweep,1
e000782,exploratory,pwritev_full_8m,baseline,1,2,BAAB,k_pwrite,process,4096,10,1025,4,domain,synthetic_sweep,1
e000783,exploratory,pwritev_full_8m,baseline,1,3,BAAB,k_pwrite,process,4096,10,1025,4,domain,synthetic_sweep,1
e000784,exploratory,pwritev_full_8m,candidate,1,4,BAAB,pwritev_full_8m,process,4096,10,1025,4,domain,synthetic_sweep,1
e000785,exploratory,pwritev_64_8m,baseline,1,1,ABBA,k_pwrite,process,4096,10,1025,4,domain,synthetic_sweep,1
e000786,exploratory,pwritev_64_8m,candidate,1,2,ABBA,pwritev_64_8m,process,4096,10,1025,4,domain,synthetic_sweep,1
e000787,exploratory,pwritev_64_8m,candidate,1,3,ABBA,pwritev_64_8m,process,4096,10,1025,4,domain,synthetic_sweep,1
e000788,exploratory,pwritev_64_8m,baseline,1,4,ABBA,k_pwrite,process,4096,10,1025,4,domain,synthetic_sweep,1
e000789,exploratory,pwritev_full_8m,candidate,1,1,BAAB,pwritev_full_8m,process,4096,10,1025,4,new_name,synthetic_sweep,1
e000790,exploratory,pwritev_full_8m,baseline,1,2,BAAB,k_pwrite,process,4096,10,1025,4,new_name,synthetic_sweep,1
e000791,exploratory,pwritev_full_8m,baseline,1,3,BAAB,k_pwrite,process,4096,10,1025,4,new_name,synthetic_sweep,1
e000792,exploratory,pwritev_full_8m,candidate,1,4,BAAB,pwritev_full_8m,process,4096,10,1025,4,new_name,synthetic_sweep,1
e000793,exploratory,pwritev_256_8m,baseline,1,1,ABBA,k_pwrite,process,4096,10,1025,4,new_name,synthetic_sweep,1
e000794,exploratory,pwritev_256_8m,candidate,1,2,ABBA,pwritev_256_8m,process,4096,10,1025,4,new_name,synthetic_sweep,1
e000795,exploratory,pwritev_256_8m,candidate,1,3,ABBA,pwritev_256_8m,process,4096,10,1025,4,new_name,synthetic_sweep,1
e000796,exploratory,pwritev_256_8m,baseline,1,4,ABBA,k_pwrite,process,4096,10,1025,4,new_name,synthetic_sweep,1
e000797,exploratory,pwritev_64_8m,candidate,1,1,BAAB,pwritev_64_8m,process,4096,10,1025,4,new_name,synthetic_sweep,1
e000798,exploratory,pwritev_64_8m,baseline,1,2,BAAB,k_pwrite,process,4096,10,1025,4,new_name,synthetic_sweep,1
e000799,exploratory,pwritev_64_8m,baseline,1,3,BAAB,k_pwrite,process,4096,10,1025,4,new_name,synthetic_sweep,1
e000800,exploratory,pwritev_64_8m,candidate,1,4,BAAB,pwritev_64_8m,process,4096,10,1025,4,new_name,synthetic_sweep,1
e000801,exploratory,pwritev_full_8m,baseline,1,1,ABBA,k_pwrite,process,4096,100,2,2,domain,synthetic_sweep,1
e000802,exploratory,pwritev_full_8m,candidate,1,2,ABBA,pwritev_full_8m,process,4096,100,2,2,domain,synthetic_sweep,1
e000803,exploratory,pwritev_full_8m,candidate,1,3,ABBA,pwritev_full_8m,process,4096,100,2,2,domain,synthetic_sweep,1
e000804,exploratory,pwritev_full_8m,baseline,1,4,ABBA,k_pwrite,process,4096,100,2,2,domain,synthetic_sweep,1
e000805,exploratory,copy_contiguous,candidate,1,1,BAAB,copy_contiguous,process,4096,100,2,2,domain,synthetic_sweep,1
e000806,exploratory,copy_contiguous,baseline,1,2,BAAB,k_pwrite,process,4096,100,2,2,domain,synthetic_sweep,1
e000807,exploratory,copy_contiguous,baseline,1,3,BAAB,k_pwrite,process,4096,100,2,2,domain,synthetic_sweep,1
e000808,exploratory,copy_contiguous,candidate,1,4,BAAB,copy_contiguous,process,4096,100,2,2,domain,synthetic_sweep,1
e000809,exploratory,pwritev_full_8m,baseline,1,1,ABBA,k_pwrite,process,4096,100,2,2,new_name,synthetic_sweep,1
e000810,exploratory,pwritev_full_8m,candidate,1,2,ABBA,pwritev_full_8m,process,4096,100,2,2,new_name,synthetic_sweep,1
e000811,exploratory,pwritev_full_8m,candidate,1,3,ABBA,pwritev_full_8m,process,4096,100,2,2,new_name,synthetic_sweep,1
e000812,exploratory,pwritev_full_8m,baseline,1,4,ABBA,k_pwrite,process,4096,100,2,2,new_name,synthetic_sweep,1
e000813,exploratory,copy_contiguous,candidate,1,1,BAAB,copy_contiguous,process,4096,100,2,2,new_name,synthetic_sweep,1
e000814,exploratory,copy_contiguous,baseline,1,2,BAAB,k_pwrite,process,4096,100,2,2,new_name,synthetic_sweep,1
e000815,exploratory,copy_contiguous,baseline,1,3,BAAB,k_pwrite,process,4096,100,2,2,new_name,synthetic_sweep,1
e000816,exploratory,copy_contiguous,candidate,1,4,BAAB,copy_contiguous,process,4096,100,2,2,new_name,synthetic_sweep,1
e000817,exploratory,pwritev_full_8m,baseline,1,1,ABBA,k_pwrite,process,4096,100,4,4,domain,synthetic_sweep,1
e000818,exploratory,pwritev_full_8m,candidate,1,2,ABBA,pwritev_full_8m,process,4096,100,4,4,domain,synthetic_sweep,1
e000819,exploratory,pwritev_full_8m,candidate,1,3,ABBA,pwritev_full_8m,process,4096,100,4,4,domain,synthetic_sweep,1
e000820,exploratory,pwritev_full_8m,baseline,1,4,ABBA,k_pwrite,process,4096,100,4,4,domain,synthetic_sweep,1
e000821,exploratory,copy_contiguous,candidate,1,1,BAAB,copy_contiguous,process,4096,100,4,4,domain,synthetic_sweep,1
e000822,exploratory,copy_contiguous,baseline,1,2,BAAB,k_pwrite,process,4096,100,4,4,domain,synthetic_sweep,1
e000823,exploratory,copy_contiguous,baseline,1,3,BAAB,k_pwrite,process,4096,100,4,4,domain,synthetic_sweep,1
e000824,exploratory,copy_contiguous,candidate,1,4,BAAB,copy_contiguous,process,4096,100,4,4,domain,synthetic_sweep,1
e000825,exploratory,pwritev_full_8m,baseline,1,1,ABBA,k_pwrite,process,4096,100,4,4,new_name,synthetic_sweep,1
e000826,exploratory,pwritev_full_8m,candidate,1,2,ABBA,pwritev_full_8m,process,4096,100,4,4,new_name,synthetic_sweep,1
e000827,exploratory,pwritev_full_8m,candidate,1,3,ABBA,pwritev_full_8m,process,4096,100,4,4,new_name,synthetic_sweep,1
e000828,exploratory,pwritev_full_8m,baseline,1,4,ABBA,k_pwrite,process,4096,100,4,4,new_name,synthetic_sweep,1
e000829,exploratory,copy_contiguous,candidate,1,1,BAAB,copy_contiguous,process,4096,100,4,4,new_name,synthetic_sweep,1
e000830,exploratory,copy_contiguous,baseline,1,2,BAAB,k_pwrite,process,4096,100,4,4,new_name,synthetic_sweep,1
e000831,exploratory,copy_contiguous,baseline,1,3,BAAB,k_pwrite,process,4096,100,4,4,new_name,synthetic_sweep,1
e000832,exploratory,copy_contiguous,candidate,1,4,BAAB,copy_contiguous,process,4096,100,4,4,new_name,synthetic_sweep,1
e000833,exploratory,pwritev_full_8m,baseline,1,1,ABBA,k_pwrite,process,4096,1000,2,2,domain,synthetic_sweep,1
e000834,exploratory,pwritev_full_8m,candidate,1,2,ABBA,pwritev_full_8m,process,4096,1000,2,2,domain,synthetic_sweep,1
e000835,exploratory,pwritev_full_8m,candidate,1,3,ABBA,pwritev_full_8m,process,4096,1000,2,2,domain,synthetic_sweep,1
e000836,exploratory,pwritev_full_8m,baseline,1,4,ABBA,k_pwrite,process,4096,1000,2,2,domain,synthetic_sweep,1
e000837,exploratory,copy_contiguous,candidate,1,1,BAAB,copy_contiguous,process,4096,1000,2,2,domain,synthetic_sweep,1
e000838,exploratory,copy_contiguous,baseline,1,2,BAAB,k_pwrite,process,4096,1000,2,2,domain,synthetic_sweep,1
e000839,exploratory,copy_contiguous,baseline,1,3,BAAB,k_pwrite,process,4096,1000,2,2,domain,synthetic_sweep,1
e000840,exploratory,copy_contiguous,candidate,1,4,BAAB,copy_contiguous,process,4096,1000,2,2,domain,synthetic_sweep,1
e000841,exploratory,pwritev_full_8m,baseline,1,1,ABBA,k_pwrite,process,4096,1000,2,2,new_name,synthetic_sweep,1
e000842,exploratory,pwritev_full_8m,candidate,1,2,ABBA,pwritev_full_8m,process,4096,1000,2,2,new_name,synthetic_sweep,1
e000843,exploratory,pwritev_full_8m,candidate,1,3,ABBA,pwritev_full_8m,process,4096,1000,2,2,new_name,synthetic_sweep,1
e000844,exploratory,pwritev_full_8m,baseline,1,4,ABBA,k_pwrite,process,4096,1000,2,2,new_name,synthetic_sweep,1
e000845,exploratory,copy_contiguous,candidate,1,1,BAAB,copy_contiguous,process,4096,1000,2,2,new_name,synthetic_sweep,1
e000846,exploratory,copy_contiguous,baseline,1,2,BAAB,k_pwrite,process,4096,1000,2,2,new_name,synthetic_sweep,1
e000847,exploratory,copy_contiguous,baseline,1,3,BAAB,k_pwrite,process,4096,1000,2,2,new_name,synthetic_sweep,1
e000848,exploratory,copy_contiguous,candidate,1,4,BAAB,copy_contiguous,process,4096,1000,2,2,new_name,synthetic_sweep,1
e000849,exploratory,pwritev_full_8m,baseline,1,1,ABBA,k_pwrite,process,4096,1000,4,4,domain,synthetic_sweep,1
e000850,exploratory,pwritev_full_8m,candidate,1,2,ABBA,pwritev_full_8m,process,4096,1000,4,4,domain,synthetic_sweep,1
e000851,exploratory,pwritev_full_8m,candidate,1,3,ABBA,pwritev_full_8m,process,4096,1000,4,4,domain,synthetic_sweep,1
e000852,exploratory,pwritev_full_8m,baseline,1,4,ABBA,k_pwrite,process,4096,1000,4,4,domain,synthetic_sweep,1
e000853,exploratory,pwritev_full_8m,candidate,1,1,BAAB,pwritev_full_8m,process,4096,1000,4,4,new_name,synthetic_sweep,1
e000854,exploratory,pwritev_full_8m,baseline,1,2,BAAB,k_pwrite,process,4096,1000,4,4,new_name,synthetic_sweep,1
e000855,exploratory,pwritev_full_8m,baseline,1,3,BAAB,k_pwrite,process,4096,1000,4,4,new_name,synthetic_sweep,1
e000856,exploratory,pwritev_full_8m,candidate,1,4,BAAB,pwritev_full_8m,process,4096,1000,4,4,new_name,synthetic_sweep,1
e000857,exploratory,pwritev_full_8m,baseline,1,1,ABBA,k_pwrite,process,65536,1,2,2,domain,synthetic_sweep,1
e000858,exploratory,pwritev_full_8m,candidate,1,2,ABBA,pwritev_full_8m,process,65536,1,2,2,domain,synthetic_sweep,1
e000859,exploratory,pwritev_full_8m,candidate,1,3,ABBA,pwritev_full_8m,process,65536,1,2,2,domain,synthetic_sweep,1
e000860,exploratory,pwritev_full_8m,baseline,1,4,ABBA,k_pwrite,process,65536,1,2,2,domain,synthetic_sweep,1
e000861,exploratory,copy_contiguous,candidate,1,1,BAAB,copy_contiguous,process,65536,1,2,2,domain,synthetic_sweep,1
e000862,exploratory,copy_contiguous,baseline,1,2,BAAB,k_pwrite,process,65536,1,2,2,domain,synthetic_sweep,1
e000863,exploratory,copy_contiguous,baseline,1,3,BAAB,k_pwrite,process,65536,1,2,2,domain,synthetic_sweep,1
e000864,exploratory,copy_contiguous,candidate,1,4,BAAB,copy_contiguous,process,65536,1,2,2,domain,synthetic_sweep,1
e000865,exploratory,pwritev_full_8m,baseline,1,1,ABBA,k_pwrite,process,65536,1,2,2,new_name,synthetic_sweep,1
e000866,exploratory,pwritev_full_8m,candidate,1,2,ABBA,pwritev_full_8m,process,65536,1,2,2,new_name,synthetic_sweep,1
e000867,exploratory,pwritev_full_8m,candidate,1,3,ABBA,pwritev_full_8m,process,65536,1,2,2,new_name,synthetic_sweep,1
e000868,exploratory,pwritev_full_8m,baseline,1,4,ABBA,k_pwrite,process,65536,1,2,2,new_name,synthetic_sweep,1
e000869,exploratory,copy_contiguous,candidate,1,1,BAAB,copy_contiguous,process,65536,1,2,2,new_name,synthetic_sweep,1
e000870,exploratory,copy_contiguous,baseline,1,2,BAAB,k_pwrite,process,65536,1,2,2,new_name,synthetic_sweep,1
e000871,exploratory,copy_contiguous,baseline,1,3,BAAB,k_pwrite,process,65536,1,2,2,new_name,synthetic_sweep,1
e000872,exploratory,copy_contiguous,candidate,1,4,BAAB,copy_contiguous,process,65536,1,2,2,new_name,synthetic_sweep,1
e000873,exploratory,pwritev_full_8m,baseline,1,1,ABBA,k_pwrite,process,65536,1,4,4,domain,synthetic_sweep,1
e000874,exploratory,pwritev_full_8m,candidate,1,2,ABBA,pwritev_full_8m,process,65536,1,4,4,domain,synthetic_sweep,1
e000875,exploratory,pwritev_full_8m,candidate,1,3,ABBA,pwritev_full_8m,process,65536,1,4,4,domain,synthetic_sweep,1
e000876,exploratory,pwritev_full_8m,baseline,1,4,ABBA,k_pwrite,process,65536,1,4,4,domain,synthetic_sweep,1
e000877,exploratory,copy_contiguous,candidate,1,1,BAAB,copy_contiguous,process,65536,1,4,4,domain,synthetic_sweep,1
e000878,exploratory,copy_contiguous,baseline,1,2,BAAB,k_pwrite,process,65536,1,4,4,domain,synthetic_sweep,1
e000879,exploratory,copy_contiguous,baseline,1,3,BAAB,k_pwrite,process,65536,1,4,4,domain,synthetic_sweep,1
e000880,exploratory,copy_contiguous,candidate,1,4,BAAB,copy_contiguous,process,65536,1,4,4,domain,synthetic_sweep,1
e000881,exploratory,pwritev_full_8m,baseline,1,1,ABBA,k_pwrite,process,65536,1,4,4,new_name,synthetic_sweep,1
e000882,exploratory,pwritev_full_8m,candidate,1,2,ABBA,pwritev_full_8m,process,65536,1,4,4,new_name,synthetic_sweep,1
e000883,exploratory,pwritev_full_8m,candidate,1,3,ABBA,pwritev_full_8m,process,65536,1,4,4,new_name,synthetic_sweep,1
e000884,exploratory,pwritev_full_8m,baseline,1,4,ABBA,k_pwrite,process,65536,1,4,4,new_name,synthetic_sweep,1
e000885,exploratory,copy_contiguous,candidate,1,1,BAAB,copy_contiguous,process,65536,1,4,4,new_name,synthetic_sweep,1
e000886,exploratory,copy_contiguous,baseline,1,2,BAAB,k_pwrite,process,65536,1,4,4,new_name,synthetic_sweep,1
e000887,exploratory,copy_contiguous,baseline,1,3,BAAB,k_pwrite,process,65536,1,4,4,new_name,synthetic_sweep,1
e000888,exploratory,copy_contiguous,candidate,1,4,BAAB,copy_contiguous,process,65536,1,4,4,new_name,synthetic_sweep,1
e000889,exploratory,pwritev_full_8m,baseline,1,1,ABBA,k_pwrite,process,65536,10,2,2,domain,synthetic_sweep,1
e000890,exploratory,pwritev_full_8m,candidate,1,2,ABBA,pwritev_full_8m,process,65536,10,2,2,domain,synthetic_sweep,1
e000891,exploratory,pwritev_full_8m,candidate,1,3,ABBA,pwritev_full_8m,process,65536,10,2,2,domain,synthetic_sweep,1
e000892,exploratory,pwritev_full_8m,baseline,1,4,ABBA,k_pwrite,process,65536,10,2,2,domain,synthetic_sweep,1
e000893,exploratory,copy_contiguous,candidate,1,1,BAAB,copy_contiguous,process,65536,10,2,2,domain,synthetic_sweep,1
e000894,exploratory,copy_contiguous,baseline,1,2,BAAB,k_pwrite,process,65536,10,2,2,domain,synthetic_sweep,1
e000895,exploratory,copy_contiguous,baseline,1,3,BAAB,k_pwrite,process,65536,10,2,2,domain,synthetic_sweep,1
e000896,exploratory,copy_contiguous,candidate,1,4,BAAB,copy_contiguous,process,65536,10,2,2,domain,synthetic_sweep,1
e000897,exploratory,pwritev_full_8m,baseline,1,1,ABBA,k_pwrite,process,65536,10,2,2,new_name,synthetic_sweep,1
e000898,exploratory,pwritev_full_8m,candidate,1,2,ABBA,pwritev_full_8m,process,65536,10,2,2,new_name,synthetic_sweep,1
e000899,exploratory,pwritev_full_8m,candidate,1,3,ABBA,pwritev_full_8m,process,65536,10,2,2,new_name,synthetic_sweep,1
e000900,exploratory,pwritev_full_8m,baseline,1,4,ABBA,k_pwrite,process,65536,10,2,2,new_name,synthetic_sweep,1
e000901,exploratory,copy_contiguous,candidate,1,1,BAAB,copy_contiguous,process,65536,10,2,2,new_name,synthetic_sweep,1
e000902,exploratory,copy_contiguous,baseline,1,2,BAAB,k_pwrite,process,65536,10,2,2,new_name,synthetic_sweep,1
e000903,exploratory,copy_contiguous,baseline,1,3,BAAB,k_pwrite,process,65536,10,2,2,new_name,synthetic_sweep,1
e000904,exploratory,copy_contiguous,candidate,1,4,BAAB,copy_contiguous,process,65536,10,2,2,new_name,synthetic_sweep,1
e000905,exploratory,pwritev_full_8m,baseline,1,1,ABBA,k_pwrite,process,65536,10,4,4,domain,synthetic_sweep,1
e000906,exploratory,pwritev_full_8m,candidate,1,2,ABBA,pwritev_full_8m,process,65536,10,4,4,domain,synthetic_sweep,1
e000907,exploratory,pwritev_full_8m,candidate,1,3,ABBA,pwritev_full_8m,process,65536,10,4,4,domain,synthetic_sweep,1
e000908,exploratory,pwritev_full_8m,baseline,1,4,ABBA,k_pwrite,process,65536,10,4,4,domain,synthetic_sweep,1
e000909,exploratory,copy_contiguous,candidate,1,1,BAAB,copy_contiguous,process,65536,10,4,4,domain,synthetic_sweep,1
e000910,exploratory,copy_contiguous,baseline,1,2,BAAB,k_pwrite,process,65536,10,4,4,domain,synthetic_sweep,1
e000911,exploratory,copy_contiguous,baseline,1,3,BAAB,k_pwrite,process,65536,10,4,4,domain,synthetic_sweep,1
e000912,exploratory,copy_contiguous,candidate,1,4,BAAB,copy_contiguous,process,65536,10,4,4,domain,synthetic_sweep,1
e000913,exploratory,pwritev_full_8m,baseline,1,1,ABBA,k_pwrite,process,65536,10,4,4,new_name,synthetic_sweep,1
e000914,exploratory,pwritev_full_8m,candidate,1,2,ABBA,pwritev_full_8m,process,65536,10,4,4,new_name,synthetic_sweep,1
e000915,exploratory,pwritev_full_8m,candidate,1,3,ABBA,pwritev_full_8m,process,65536,10,4,4,new_name,synthetic_sweep,1
e000916,exploratory,pwritev_full_8m,baseline,1,4,ABBA,k_pwrite,process,65536,10,4,4,new_name,synthetic_sweep,1
e000917,exploratory,copy_contiguous,candidate,1,1,BAAB,copy_contiguous,process,65536,10,4,4,new_name,synthetic_sweep,1
e000918,exploratory,copy_contiguous,baseline,1,2,BAAB,k_pwrite,process,65536,10,4,4,new_name,synthetic_sweep,1
e000919,exploratory,copy_contiguous,baseline,1,3,BAAB,k_pwrite,process,65536,10,4,4,new_name,synthetic_sweep,1
e000920,exploratory,copy_contiguous,candidate,1,4,BAAB,copy_contiguous,process,65536,10,4,4,new_name,synthetic_sweep,1
e000921,exploratory,pwritev_full_8m,baseline,1,1,ABBA,k_pwrite,process,65536,100,2,2,domain,synthetic_sweep,1
e000922,exploratory,pwritev_full_8m,candidate,1,2,ABBA,pwritev_full_8m,process,65536,100,2,2,domain,synthetic_sweep,1
e000923,exploratory,pwritev_full_8m,candidate,1,3,ABBA,pwritev_full_8m,process,65536,100,2,2,domain,synthetic_sweep,1
e000924,exploratory,pwritev_full_8m,baseline,1,4,ABBA,k_pwrite,process,65536,100,2,2,domain,synthetic_sweep,1
e000925,exploratory,pwritev_full_8m,candidate,1,1,BAAB,pwritev_full_8m,process,65536,100,2,2,new_name,synthetic_sweep,1
e000926,exploratory,pwritev_full_8m,baseline,1,2,BAAB,k_pwrite,process,65536,100,2,2,new_name,synthetic_sweep,1
e000927,exploratory,pwritev_full_8m,baseline,1,3,BAAB,k_pwrite,process,65536,100,2,2,new_name,synthetic_sweep,1
e000928,exploratory,pwritev_full_8m,candidate,1,4,BAAB,pwritev_full_8m,process,65536,100,2,2,new_name,synthetic_sweep,1
e000929,exploratory,pwritev_full_8m,baseline,1,1,ABBA,k_pwrite,process,65536,100,4,4,domain,synthetic_sweep,1
e000930,exploratory,pwritev_full_8m,candidate,1,2,ABBA,pwritev_full_8m,process,65536,100,4,4,domain,synthetic_sweep,1
e000931,exploratory,pwritev_full_8m,candidate,1,3,ABBA,pwritev_full_8m,process,65536,100,4,4,domain,synthetic_sweep,1
e000932,exploratory,pwritev_full_8m,baseline,1,4,ABBA,k_pwrite,process,65536,100,4,4,domain,synthetic_sweep,1
e000933,exploratory,pwritev_full_8m,candidate,1,1,BAAB,pwritev_full_8m,process,65536,100,4,4,new_name,synthetic_sweep,1
e000934,exploratory,pwritev_full_8m,baseline,1,2,BAAB,k_pwrite,process,65536,100,4,4,new_name,synthetic_sweep,1
e000935,exploratory,pwritev_full_8m,baseline,1,3,BAAB,k_pwrite,process,65536,100,4,4,new_name,synthetic_sweep,1
e000936,exploratory,pwritev_full_8m,candidate,1,4,BAAB,pwritev_full_8m,process,65536,100,4,4,new_name,synthetic_sweep,1
e000937,exploratory,pwritev_full_8m,baseline,1,1,ABBA,k_pwrite,process,65536,1000,2,2,domain,synthetic_sweep,1
e000938,exploratory,pwritev_full_8m,candidate,1,2,ABBA,pwritev_full_8m,process,65536,1000,2,2,domain,synthetic_sweep,1
e000939,exploratory,pwritev_full_8m,candidate,1,3,ABBA,pwritev_full_8m,process,65536,1000,2,2,domain,synthetic_sweep,1
e000940,exploratory,pwritev_full_8m,baseline,1,4,ABBA,k_pwrite,process,65536,1000,2,2,domain,synthetic_sweep,1
e000941,exploratory,pwritev_full_8m,candidate,1,1,BAAB,pwritev_full_8m,process,65536,1000,2,2,new_name,synthetic_sweep,1
e000942,exploratory,pwritev_full_8m,baseline,1,2,BAAB,k_pwrite,process,65536,1000,2,2,new_name,synthetic_sweep,1
e000943,exploratory,pwritev_full_8m,baseline,1,3,BAAB,k_pwrite,process,65536,1000,2,2,new_name,synthetic_sweep,1
e000944,exploratory,pwritev_full_8m,candidate,1,4,BAAB,pwritev_full_8m,process,65536,1000,2,2,new_name,synthetic_sweep,1
e000945,exploratory,pwritev_full_8m,baseline,1,1,ABBA,k_pwrite,process,65536,1000,4,4,domain,synthetic_sweep,1
e000946,exploratory,pwritev_full_8m,candidate,1,2,ABBA,pwritev_full_8m,process,65536,1000,4,4,domain,synthetic_sweep,1
e000947,exploratory,pwritev_full_8m,candidate,1,3,ABBA,pwritev_full_8m,process,65536,1000,4,4,domain,synthetic_sweep,1
e000948,exploratory,pwritev_full_8m,baseline,1,4,ABBA,k_pwrite,process,65536,1000,4,4,domain,synthetic_sweep,1
e000949,exploratory,pwritev_full_8m,candidate,1,1,BAAB,pwritev_full_8m,process,65536,1000,4,4,new_name,synthetic_sweep,1
e000950,exploratory,pwritev_full_8m,baseline,1,2,BAAB,k_pwrite,process,65536,1000,4,4,new_name,synthetic_sweep,1
e000951,exploratory,pwritev_full_8m,baseline,1,3,BAAB,k_pwrite,process,65536,1000,4,4,new_name,synthetic_sweep,1
e000952,exploratory,pwritev_full_8m,candidate,1,4,BAAB,pwritev_full_8m,process,65536,1000,4,4,new_name,synthetic_sweep,1
