point_id,phase,comparison,role,repetition,slot,order,variant,mode,payload,events_per_batch,owner_intents,writers,unit_shape,feed_source,feed_weight,source_commit,source_dirty,harness_sha256,binary_sha256,runner_sha256,evaluator_sha256,correctness_sha256,captured_at_utc,hostname,kernel,cpu_model,cpu_topology,governor,rustc,llvm,cargo,build_profile,scratch_root,mount_source,mount_fstype,mount_target,device_model,scheduler,free_bytes,page_size,iov_max,corpus_seed,guard_load1,status,error,owner_units,physical_batches,chain,iterations,stop_reason,events,domain_events,bytes,write_syscalls,short_writes,interrupted,max_iovecs,copied_bytes,barriers,cpu_ns,wall_ns,p50_ns,p95_ns,p99_ns,load1_before,load1_after
e000001,exploratory,pwritev_full_8m,baseline,1,1,ABBA,k_pwrite,process,24,1,2,2,domain,synthetic_sweep,1,015d813736625640f12d26c5d349b92c14fd2fb4,false,a897dfa99e98479b638409c432d3d2bc8e7ba7d5ba4e5a046dd229021f58bffd,12b1dafe765a77d1a17115b0ae12cff973f20ed7d6d770fbd790695fe081288e,afaa9ca40fef1b2a362af2af235634b472665287e554d16b829c09e1a70787ac,8d5b7eba8aea53574190e7d4a6d9e7b424bc23a9e2a0b6968a27f1772509492b,6e938dfcd266a2b0eac811d7ea7eabbd5b217965f88efa81371465134dbcab11,2026-07-15T17:57:52.153584+00:00,8o8-arch,7.0.12-arch1-1,AMD Ryzen 9 3900X 12-Core Processor,"logical=24,cores=12,sockets=1,nodes=1",performance,rustc 1.97.0 (2d8144b78 2026-07-07),22.1.6,cargo 1.97.0 (c980f4866 2026-06-30),"release,lto=thin,debug=true",/home/bob/.cache/mess-bench,/dev/nvme0n1p3,ext4,/home,Samsung SSD 970 EVO Plus 2TB,[none] mq-deadline kyber bfq,249467977728,4096,1024,payload[i]=(i*131+17)&0xff,4.88427734375,accepted,,2,2,0,119838,bytes,239676,239676,33554640,239676,0,0,0,0,0,192682237,194970050,1470,1730,1890,4.880,4.880
e000002,exploratory,pwritev_full_8m,candidate,1,2,ABBA,pwritev_full_8m,process,24,1,2,2,domain,synthetic_sweep,1,015d813736625640f12d26c5d349b92c14fd2fb4,false,a897dfa99e98479b638409c432d3d2bc8e7ba7d5ba4e5a046dd229021f58bffd,12b1dafe765a77d1a17115b0ae12cff973f20ed7d6d770fbd790695fe081288e,afaa9ca40fef1b2a362af2af235634b472665287e554d16b829c09e1a70787ac,8d5b7eba8aea53574190e7d4a6d9e7b424bc23a9e2a0b6968a27f1772509492b,6e938dfcd266a2b0eac811d7ea7eabbd5b217965f88efa81371465134dbcab11,2026-07-15T17:57:53.175254+00:00,8o8-arch,7.0.12-arch1-1,AMD Ryzen 9 3900X 12-Core Processor,"logical=24,cores=12,sockets=1,nodes=1",performance,rustc 1.97.0 (2d8144b78 2026-07-07),22.1.6,cargo 1.97.0 (c980f4866 2026-06-30),"release,lto=thin,debug=true",/home/bob/.cache/mess-bench,/dev/nvme0n1p3,ext4,/home,Samsung SSD 970 EVO Plus 2TB,[none] mq-deadline kyber bfq,249467961344,4096,1024,payload[i]=(i*131+17)&0xff,4.88427734375,accepted,,2,2,0,119838,bytes,239676,239676,33554640,119838,0,0,2,0,0,117845349,118943469,900,1070,1180,4.880,4.880
e000003,exploratory,pwritev_full_8m,candidate,1,3,ABBA,pwritev_full_8m,process,24,1,2,2,domain,synthetic_sweep,1,015d813736625640f12d26c5d349b92c14fd2fb4,false,a897dfa99e98479b638409c432d3d2bc8e7ba7d5ba4e5a046dd229021f58bffd,12b1dafe765a77d1a17115b0ae12cff973f20ed7d6d770fbd790695fe081288e,afaa9ca40fef1b2a362af2af235634b472665287e554d16b829c09e1a70787ac,8d5b7eba8aea53574190e7d4a6d9e7b424bc23a9e2a0b6968a27f1772509492b,6e938dfcd266a2b0eac811d7ea7eabbd5b217965f88efa81371465134dbcab11,2026-07-15T17:57:54.198654+00:00,8o8-arch,7.0.12-arch1-1,AMD Ryzen 9 3900X 12-Core Processor,"logical=24,cores=12,sockets=1,nodes=1",performance,rustc 1.97.0 (2d8144b78 2026-07-07),22.1.6,cargo 1.97.0 (c980f4866 2026-06-30),"release,lto=thin,debug=true",/home/bob/.cache/mess-bench,/dev/nvme0n1p3,ext4,/home,Samsung SSD 970 EVO Plus 2TB,[none] mq-deadline kyber bfq,249467957248,4096,1024,payload[i]=(i*131+17)&0xff,4.88427734375,accepted,,2,2,0,119838,bytes,239676,239676,33554640,119838,0,0,2,0,0,119736400,124006056,890,1070,1150,4.880,4.880
e000004,exploratory,pwritev_full_8m,baseline,1,4,ABBA,k_pwrite,process,24,1,2,2,domain,synthetic_sweep,1,015d813736625640f12d26c5d349b92c14fd2fb4,false,a897dfa99e98479b638409c432d3d2bc8e7ba7d5ba4e5a046dd229021f58bffd,12b1dafe765a77d1a17115b0ae12cff973f20ed7d6d770fbd790695fe081288e,afaa9ca40fef1b2a362af2af235634b472665287e554d16b829c09e1a70787ac,8d5b7eba8aea53574190e7d4a6d9e7b424bc23a9e2a0b6968a27f1772509492b,6e938dfcd266a2b0eac811d7ea7eabbd5b217965f88efa81371465134dbcab11,2026-07-15T17:57:55.228562+00:00,8o8-arch,7.0.12-arch1-1,AMD Ryzen 9 3900X 12-Core Processor,"logical=24,cores=12,sockets=1,nodes=1",performance,rustc 1.97.0 (2d8144b78 2026-07-07),22.1.6,cargo 1.97.0 (c980f4866 2026-06-30),"release,lto=thin,debug=true",/home/bob/.cache/mess-bench,/dev/nvme0n1p3,ext4,/home,Samsung SSD 970 EVO Plus 2TB,[none] mq-deadline kyber bfq,249467949056,4096,1024,payload[i]=(i*131+17)&0xff,4.88427734375,accepted,,2,2,0,119838,bytes,239676,239676,33554640,239676,0,0,0,0,0,185850957,187220224,1470,1650,1820,4.880,4.570
e000005,exploratory,copy_contiguous,candidate,1,1,BAAB,copy_contiguous,process,24,1,2,2,domain,synthetic_sweep,1,015d813736625640f12d26c5d349b92c14fd2fb4,false,a897dfa99e98479b638409c432d3d2bc8e7ba7d5ba4e5a046dd229021f58bffd,12b1dafe765a77d1a17115b0ae12cff973f20ed7d6d770fbd790695fe081288e,afaa9ca40fef1b2a362af2af235634b472665287e554d16b829c09e1a70787ac,8d5b7eba8aea53574190e7d4a6d9e7b424bc23a9e2a0b6968a27f1772509492b,6e938dfcd266a2b0eac811d7ea7eabbd5b217965f88efa81371465134dbcab11,2026-07-15T17:57:56.259211+00:00,8o8-arch,7.0.12-arch1-1,AMD Ryzen 9 3900X 12-Core Processor,"logical=24,cores=12,sockets=1,nodes=1",performance,rustc 1.97.0 (2d8144b78 2026-07-07),22.1.6,cargo 1.97.0 (c980f4866 2026-06-30),"release,lto=thin,debug=true",/home/bob/.cache/mess-bench,/dev/nvme0n1p3,ext4,/home,Samsung SSD 970 EVO Plus 2TB,[none] mq-deadline kyber bfq,249467944960,4096,1024,payload[i]=(i*131+17)&0xff,4.57275390625,accepted,,2,2,0,119838,bytes,239676,239676,33554640,119838,0,0,0,33554640,0,109239888,111480343,790,950,1030,4.570,4.570
e000006,exploratory,copy_contiguous,baseline,1,2,BAAB,k_pwrite,process,24,1,2,2,domain,synthetic_sweep,1,015d813736625640f12d26c5d349b92c14fd2fb4,false,a897dfa99e98479b638409c432d3d2bc8e7ba7d5ba4e5a046dd229021f58bffd,12b1dafe765a77d1a17115b0ae12cff973f20ed7d6d770fbd790695fe081288e,afaa9ca40fef1b2a362af2af235634b472665287e554d16b829c09e1a70787ac,8d5b7eba8aea53574190e7d4a6d9e7b424bc23a9e2a0b6968a27f1772509492b,6e938dfcd266a2b0eac811d7ea7eabbd5b217965f88efa81371465134dbcab11,2026-07-15T17:57:57.287007+00:00,8o8-arch,7.0.12-arch1-1,AMD Ryzen 9 3900X 12-Core Processor,"logical=24,cores=12,sockets=1,nodes=1",performance,rustc 1.97.0 (2d8144b78 2026-07-07),22.1.6,cargo 1.97.0 (c980f4866 2026-06-30),"release,lto=thin,debug=true",/home/bob/.cache/mess-bench,/dev/nvme0n1p3,ext4,/home,Samsung SSD 970 EVO Plus 2TB,[none] mq-deadline kyber bfq,249467944960,4096,1024,payload[i]=(i*131+17)&0xff,4.57275390625,accepted,,2,2,0,119838,bytes,239676,239676,33554640,239676,0,0,0,0,0,194803359,196314459,1480,1830,1940,4.570,4.570
e000007,exploratory,copy_contiguous,baseline,1,3,BAAB,k_pwrite,process,24,1,2,2,domain,synthetic_sweep,1,015d813736625640f12d26c5d349b92c14fd2fb4,false,a897dfa99e98479b638409c432d3d2bc8e7ba7d5ba4e5a046dd229021f58bffd,12b1dafe765a77d1a17115b0ae12cff973f20ed7d6d770fbd790695fe081288e,afaa9ca40fef1b2a362af2af235634b472665287e554d16b829c09e1a70787ac,8d5b7eba8aea53574190e7d4a6d9e7b424bc23a9e2a0b6968a27f1772509492b,6e938dfcd266a2b0eac811d7ea7eabbd5b217965f88efa81371465134dbcab11,2026-07-15T17:57:58.316046+00:00,8o8-arch,7.0.12-arch1-1,AMD Ryzen 9 3900X 12-Core Processor,"logical=24,cores=12,sockets=1,nodes=1",performance,rustc 1.97.0 (2d8144b78 2026-07-07),22.1.6,cargo 1.97.0 (c980f4866 2026-06-30),"release,lto=thin,debug=true",/home/bob/.cache/mess-bench,/dev/nvme0n1p3,ext4,/home,Samsung SSD 970 EVO Plus 2TB,[none] mq-deadline kyber bfq,249467944960,4096,1024,payload[i]=(i*131+17)&0xff,4.57275390625,accepted,,2,2,0,119838,bytes,239676,239676,33554640,239676,0,0,0,0,0,190212508,192514561,1470,1750,1890,4.570,4.570
e000008,exploratory,copy_contiguous,candidate,1,4,BAAB,copy_contiguous,process,24,1,2,2,domain,synthetic_sweep,1,015d813736625640f12d26c5d349b92c14fd2fb4,false,a897dfa99e98479b638409c432d3d2bc8e7ba7d5ba4e5a046dd229021f58bffd,12b1dafe765a77d1a17115b0ae12cff973f20ed7d6d770fbd790695fe081288e,afaa9ca40fef1b2a362af2af235634b472665287e554d16b829c09e1a70787ac,8d5b7eba8aea53574190e7d4a6d9e7b424bc23a9e2a0b6968a27f1772509492b,6e938dfcd266a2b0eac811d7ea7eabbd5b217965f88efa81371465134dbcab11,2026-07-15T17:57:59.344534+00:00,8o8-arch,7.0.12-arch1-1,AMD Ryzen 9 3900X 12-Core Processor,"logical=24,cores=12,sockets=1,nodes=1",performance,rustc 1.97.0 (2d8144b78 2026-07-07),22.1.6,cargo 1.97.0 (c980f4866 2026-06-30),"release,lto=thin,debug=true",/home/bob/.cache/mess-bench,/dev/nvme0n1p3,ext4,/home,Samsung SSD 970 EVO Plus 2TB,[none] mq-deadline kyber bfq,249467940864,4096,1024,payload[i]=(i*131+17)&0xff,4.57275390625,accepted,,2,2,0,119838,bytes,239676,239676,33554640,119838,0,0,0,33554640,0,108068018,109032333,800,940,1050,4.570,4.570
e000009,exploratory,pwritev_full_8m,baseline,1,1,ABBA,k_pwrite,process,24,1,2,2,new_name,synthetic_sweep,1,015d813736625640f12d26c5d349b92c14fd2fb4,false,a897dfa99e98479b638409c432d3d2bc8e7ba7d5ba4e5a046dd229021f58bffd,12b1dafe765a77d1a17115b0ae12cff973f20ed7d6d770fbd790695fe081288e,afaa9ca40fef1b2a362af2af235634b472665287e554d16b829c09e1a70787ac,8d5b7eba8aea53574190e7d4a6d9e7b424bc23a9e2a0b6968a27f1772509492b,6e938dfcd266a2b0eac811d7ea7eabbd5b217965f88efa81371465134dbcab11,2026-07-15T17:58:00.375001+00:00,8o8-arch,7.0.12-arch1-1,AMD Ryzen 9 3900X 12-Core Processor,"logical=24,cores=12,sockets=1,nodes=1",performance,rustc 1.97.0 (2d8144b78 2026-07-07),22.1.6,cargo 1.97.0 (c980f4866 2026-06-30),"release,lto=thin,debug=true",/home/bob/.cache/mess-bench,/dev/nvme0n1p3,ext4,/home,Samsung SSD 970 EVO Plus 2TB,[none] mq-deadline kyber bfq,249467932672,4096,1024,payload[i]=(i*131+17)&0xff,4.36669921875,accepted,,2,4,0,59919,bytes,239676,119838,33554640,239676,0,0,0,0,0,190457098,192133321,2900,3710,4960,4.370,4.370
e000010,exploratory,pwritev_full_8m,candidate,1,2,ABBA,pwritev_full_8m,process,24,1,2,2,new_name,synthetic_sweep,1,015d813736625640f12d26c5d349b92c14fd2fb4,false,a897dfa99e98479b638409c432d3d2bc8e7ba7d5ba4e5a046dd229021f58bffd,12b1dafe765a77d1a17115b0ae12cff973f20ed7d6d770fbd790695fe081288e,afaa9ca40fef1b2a362af2af235634b472665287e554d16b829c09e1a70787ac,8d5b7eba8aea53574190e7d4a6d9e7b424bc23a9e2a0b6968a27f1772509492b,6e938dfcd266a2b0eac811d7ea7eabbd5b217965f88efa81371465134dbcab11,2026-07-15T17:58:01.406262+00:00,8o8-arch,7.0.12-arch1-1,AMD Ryzen 9 3900X 12-Core Processor,"logical=24,cores=12,sockets=1,nodes=1",performance,rustc 1.97.0 (2d8144b78 2026-07-07),22.1.6,cargo 1.97.0 (c980f4866 2026-06-30),"release,lto=thin,debug=true",/home/bob/.cache/mess-bench,/dev/nvme0n1p3,ext4,/home,Samsung SSD 970 EVO Plus 2TB,[none] mq-deadline kyber bfq,249467932672,4096,1024,payload[i]=(i*131+17)&0xff,4.36669921875,accepted,,2,4,0,59919,bytes,239676,119838,33554640,59919,0,0,4,0,0,67898458,69688854,990,1140,1300,4.370,4.370
e000011,exploratory,pwritev_full_8m,candidate,1,3,ABBA,pwritev_full_8m,process,24,1,2,2,new_name,synthetic_sweep,1,015d813736625640f12d26c5d349b92c14fd2fb4,false,a897dfa99e98479b638409c432d3d2bc8e7ba7d5ba4e5a046dd229021f58bffd,12b1dafe765a77d1a17115b0ae12cff973f20ed7d6d770fbd790695fe081288e,afaa9ca40fef1b2a362af2af235634b472665287e554d16b829c09e1a70787ac,8d5b7eba8aea53574190e7d4a6d9e7b424bc23a9e2a0b6968a27f1772509492b,6e938dfcd266a2b0eac811d7ea7eabbd5b217965f88efa81371465134dbcab11,2026-07-15T17:58:02.437483+00:00,8o8-arch,7.0.12-arch1-1,AMD Ryzen 9 3900X 12-Core Processor,"logical=24,cores=12,sockets=1,nodes=1",performance,rustc 1.97.0 (2d8144b78 2026-07-07),22.1.6,cargo 1.97.0 (c980f4866 2026-06-30),"release,lto=thin,debug=true",/home/bob/.cache/mess-bench,/dev/nvme0n1p3,ext4,/home,Samsung SSD 970 EVO Plus 2TB,[none] mq-deadline kyber bfq,249467895808,4096,1024,payload[i]=(i*131+17)&0xff,4.36669921875,accepted,,2,4,0,59919,bytes,239676,119838,33554640,59919,0,0,4,0,0,65222176,65877606,970,1210,1280,4.370,4.370
e000012,exploratory,pwritev_full_8m,baseline,1,4,ABBA,k_pwrite,process,24,1,2,2,new_name,synthetic_sweep,1,015d813736625640f12d26c5d349b92c14fd2fb4,false,a897dfa99e98479b638409c432d3d2bc8e7ba7d5ba4e5a046dd229021f58bffd,12b1dafe765a77d1a17115b0ae12cff973f20ed7d6d770fbd790695fe081288e,afaa9ca40fef1b2a362af2af235634b472665287e554d16b829c09e1a70787ac,8d5b7eba8aea53574190e7d4a6d9e7b424bc23a9e2a0b6968a27f1772509492b,6e938dfcd266a2b0eac811d7ea7eabbd5b217965f88efa81371465134dbcab11,2026-07-15T17:58:03.466296+00:00,8o8-arch,7.0.12-arch1-1,AMD Ryzen 9 3900X 12-Core Processor,"logical=24,cores=12,sockets=1,nodes=1",performance,rustc 1.97.0 (2d8144b78 2026-07-07),22.1.6,cargo 1.97.0 (c980f4866 2026-06-30),"release,lto=thin,debug=true",/home/bob/.cache/mess-bench,/dev/nvme0n1p3,ext4,/home,Samsung SSD 970 EVO Plus 2TB,[none] mq-deadline kyber bfq,249467920384,4096,1024,payload[i]=(i*131+17)&0xff,4.36669921875,accepted,,2,4,0,59919,bytes,239676,119838,33554640,239676,0,0,0,0,0,182650056,184145525,2900,3530,3790,4.370,4.370
e000013,exploratory,copy_contiguous,candidate,1,1,BAAB,copy_contiguous,process,24,1,2,2,new_name,synthetic_sweep,1,015d813736625640f12d26c5d349b92c14fd2fb4,false,a897dfa99e98479b638409c432d3d2bc8e7ba7d5ba4e5a046dd229021f58bffd,12b1dafe765a77d1a17115b0ae12cff973f20ed7d6d770fbd790695fe081288e,afaa9ca40fef1b2a362af2af235634b472665287e554d16b829c09e1a70787ac,8d5b7eba8aea53574190e7d4a6d9e7b424bc23a9e2a0b6968a27f1772509492b,6e938dfcd266a2b0eac811d7ea7eabbd5b217965f88efa81371465134dbcab11,2026-07-15T17:58:04.497030+00:00,8o8-arch,7.0.12-arch1-1,AMD Ryzen 9 3900X 12-Core Processor,"logical=24,cores=12,sockets=1,nodes=1",performance,rustc 1.97.0 (2d8144b78 2026-07-07),22.1.6,cargo 1.97.0 (c980f4866 2026-06-30),"release,lto=thin,debug=true",/home/bob/.cache/mess-bench,/dev/nvme0n1p3,ext4,/home,Samsung SSD 970 EVO Plus 2TB,[none] mq-deadline kyber bfq,249467879424,4096,1024,payload[i]=(i*131+17)&0xff,4.36669921875,accepted,,2,4,0,59919,bytes,239676,119838,33554640,59919,0,0,0,33554640,0,56760635,57461911,810,1050,1110,4.370,4.370
e000014,exploratory,copy_contiguous,baseline,1,2,BAAB,k_pwrite,process,24,1,2,2,new_name,synthetic_sweep,1,015d813736625640f12d26c5d349b92c14fd2fb4,false,a897dfa99e98479b638409c432d3d2bc8e7ba7d5ba4e5a046dd229021f58bffd,12b1dafe765a77d1a17115b0ae12cff973f20ed7d6d770fbd790695fe081288e,afaa9ca40fef1b2a362af2af235634b472665287e554d16b829c09e1a70787ac,8d5b7eba8aea53574190e7d4a6d9e7b424bc23a9e2a0b6968a27f1772509492b,6e938dfcd266a2b0eac811d7ea7eabbd5b217965f88efa81371465134dbcab11,2026-07-15T17:58:05.526784+00:00,8o8-arch,7.0.12-arch1-1,AMD Ryzen 9 3900X 12-Core Processor,"logical=24,cores=12,sockets=1,nodes=1",performance,rustc 1.97.0 (2d8144b78 2026-07-07),22.1.6,cargo 1.97.0 (c980f4866 2026-06-30),"release,lto=thin,debug=true",/home/bob/.cache/mess-bench,/dev/nvme0n1p3,ext4,/home,Samsung SSD 970 EVO Plus 2TB,[none] mq-deadline kyber bfq,249467912192,4096,1024,payload[i]=(i*131+17)&0xff,4.1767578125,accepted,,2,4,0,59919,bytes,239676,119838,33554640,239676,0,0,0,0,0,189631238,190994661,2880,3380,6850,4.180,4.180
e000015,exploratory,copy_contiguous,baseline,1,3,BAAB,k_pwrite,process,24,1,2,2,new_name,synthetic_sweep,1,015d813736625640f12d26c5d349b92c14fd2fb4,false,a897dfa99e98479b638409c432d3d2bc8e7ba7d5ba4e5a046dd229021f58bffd,12b1dafe765a77d1a17115b0ae12cff973f20ed7d6d770fbd790695fe081288e,afaa9ca40fef1b2a362af2af235634b472665287e554d16b829c09e1a70787ac,8d5b7eba8aea53574190e7d4a6d9e7b424bc23a9e2a0b6968a27f1772509492b,6e938dfcd266a2b0eac811d7ea7eabbd5b217965f88efa81371465134dbcab11,2026-07-15T17:58:06.558323+00:00,8o8-arch,7.0.12-arch1-1,AMD Ryzen 9 3900X 12-Core Processor,"logical=24,cores=12,sockets=1,nodes=1",performance,rustc 1.97.0 (2d8144b78 2026-07-07),22.1.6,cargo 1.97.0 (c980f4866 2026-06-30),"release,lto=thin,debug=true",/home/bob/.cache/mess-bench,/dev/nvme0n1p3,ext4,/home,Samsung SSD 970 EVO Plus 2TB,[none] mq-deadline kyber bfq,249467879424,4096,1024,payload[i]=(i*131+17)&0xff,4.1767578125,accepted,,2,4,0,59919,bytes,239676,119838,33554640,239676,0,0,0,0,0,182926406,184811875,2890,3520,3790,4.180,4.180
e000016,exploratory,copy_contiguous,candidate,1,4,BAAB,copy_contiguous,process,24,1,2,2,new_name,synthetic_sweep,1,015d813736625640f12d26c5d349b92c14fd2fb4,false,a897dfa99e98479b638409c432d3d2bc8e7ba7d5ba4e5a046dd229021f58bffd,12b1dafe765a77d1a17115b0ae12cff973f20ed7d6d770fbd790695fe081288e,afaa9ca40fef1b2a362af2af235634b472665287e554d16b829c09e1a70787ac,8d5b7eba8aea53574190e7d4a6d9e7b424bc23a9e2a0b6968a27f1772509492b,6e938dfcd266a2b0eac811d7ea7eabbd5b217965f88efa81371465134dbcab11,2026-07-15T17:58:07.585799+00:00,8o8-arch,7.0.12-arch1-1,AMD Ryzen 9 3900X 12-Core Processor,"logical=24,cores=12,sockets=1,nodes=1",performance,rustc 1.97.0 (2d8144b78 2026-07-07),22.1.6,cargo 1.97.0 (c980f4866 2026-06-30),"release,lto=thin,debug=true",/home/bob/.cache/mess-bench,/dev/nvme0n1p3,ext4,/home,Samsung SSD 970 EVO Plus 2TB,[none] mq-deadline kyber bfq,249467908096,4096,1024,payload[i]=(i*131+17)&0xff,4.1767578125,accepted,,2,4,0,59919,bytes,239676,119838,33554640,59919,0,0,0,33554640,0,57732714,58875770,810,1030,1100,4.180,4.180
e000017,exploratory,pwritev_full_8m,baseline,1,1,ABBA,k_pwrite,process,24,1,4,4,domain,synthetic_sweep,1,015d813736625640f12d26c5d349b92c14fd2fb4,false,a897dfa99e98479b638409c432d3d2bc8e7ba7d5ba4e5a046dd229021f58bffd,12b1dafe765a77d1a17115b0ae12cff973f20ed7d6d770fbd790695fe081288e,afaa9ca40fef1b2a362af2af235634b472665287e554d16b829c09e1a70787ac,8d5b7eba8aea53574190e7d4a6d9e7b424bc23a9e2a0b6968a27f1772509492b,6e938dfcd266a2b0eac811d7ea7eabbd5b217965f88efa81371465134dbcab11,2026-07-15T17:58:08.608146+00:00,8o8-arch,7.0.12-arch1-1,AMD Ryzen 9 3900X 12-Core Processor,"logical=24,cores=12,sockets=1,nodes=1",performance,rustc 1.97.0 (2d8144b78 2026-07-07),22.1.6,cargo 1.97.0 (c980f4866 2026-06-30),"release,lto=thin,debug=true",/home/bob/.cache/mess-bench,/dev/nvme0n1p3,ext4,/home,Samsung SSD 970 EVO Plus 2TB,[none] mq-deadline kyber bfq,249467854848,4096,1024,payload[i]=(i*131+17)&0xff,4.1767578125,accepted,,4,4,0,59919,bytes,239676,239676,33554640,239676,0,0,0,0,0,182142556,183697115,2890,3470,3780,4.180,4.180
e000018,exploratory,pwritev_full_8m,candidate,1,2,ABBA,pwritev_full_8m,process,24,1,4,4,domain,synthetic_sweep,1,015d813736625640f12d26c5d349b92c14fd2fb4,false,a897dfa99e98479b638409c432d3d2bc8e7ba7d5ba4e5a046dd229021f58bffd,12b1dafe765a77d1a17115b0ae12cff973f20ed7d6d770fbd790695fe081288e,afaa9ca40fef1b2a362af2af235634b472665287e554d16b829c09e1a70787ac,8d5b7eba8aea53574190e7d4a6d9e7b424bc23a9e2a0b6968a27f1772509492b,6e938dfcd266a2b0eac811d7ea7eabbd5b217965f88efa81371465134dbcab11,2026-07-15T17:58:09.639248+00:00,8o8-arch,7.0.12-arch1-1,AMD Ryzen 9 3900X 12-Core Processor,"logical=24,cores=12,sockets=1,nodes=1",performance,rustc 1.97.0 (2d8144b78 2026-07-07),22.1.6,cargo 1.97.0 (c980f4866 2026-06-30),"release,lto=thin,debug=true",/home/bob/.cache/mess-bench,/dev/nvme0n1p3,ext4,/home,Samsung SSD 970 EVO Plus 2TB,[none] mq-deadline kyber bfq,249467887616,4096,1024,payload[i]=(i*131+17)&0xff,4.1767578125,accepted,,4,4,0,59919,bytes,239676,239676,33554640,59919,0,0,4,0,0,63480046,64185977,960,1160,1210,4.180,4.180
e000019,exploratory,pwritev_full_8m,candidate,1,3,ABBA,pwritev_full_8m,process,24,1,4,4,domain,synthetic_sweep,1,015d813736625640f12d26c5d349b92c14fd2fb4,false,a897dfa99e98479b638409c432d3d2bc8e7ba7d5ba4e5a046dd229021f58bffd,12b1dafe765a77d1a17115b0ae12cff973f20ed7d6d770fbd790695fe081288e,afaa9ca40fef1b2a362af2af235634b472665287e554d16b829c09e1a70787ac,8d5b7eba8aea53574190e7d4a6d9e7b424bc23a9e2a0b6968a27f1772509492b,6e938dfcd266a2b0eac811d7ea7eabbd5b217965f88efa81371465134dbcab11,2026-07-15T17:58:10.663005+00:00,8o8-arch,7.0.12-arch1-1,AMD Ryzen 9 3900X 12-Core Processor,"logical=24,cores=12,sockets=1,nodes=1",performance,rustc 1.97.0 (2d8144b78 2026-07-07),22.1.6,cargo 1.97.0 (c980f4866 2026-06-30),"release,lto=thin,debug=true",/home/bob/.cache/mess-bench,/dev/nvme0n1p3,ext4,/home,Samsung SSD 970 EVO Plus 2TB,[none] mq-deadline kyber bfq,249467854848,4096,1024,payload[i]=(i*131+17)&0xff,3.92236328125,accepted,,4,4,0,59919,bytes,239676,239676,33554640,59919,0,0,4,0,0,63511106,64028097,970,1150,1220,3.920,3.920
e000020,exploratory,pwritev_full_8m,baseline,1,4,ABBA,k_pwrite,process,24,1,4,4,domain,synthetic_sweep,1,015d813736625640f12d26c5d349b92c14fd2fb4,false,a897dfa99e98479b638409c432d3d2bc8e7ba7d5ba4e5a046dd229021f58bffd,12b1dafe765a77d1a17115b0ae12cff973f20ed7d6d770fbd790695fe081288e,afaa9ca40fef1b2a362af2af235634b472665287e554d16b829c09e1a70787ac,8d5b7eba8aea53574190e7d4a6d9e7b424bc23a9e2a0b6968a27f1772509492b,6e938dfcd266a2b0eac811d7ea7eabbd5b217965f88efa81371465134dbcab11,2026-07-15T17:58:11.692732+00:00,8o8-arch,7.0.12-arch1-1,AMD Ryzen 9 3900X 12-Core Processor,"logical=24,cores=12,sockets=1,nodes=1",performance,rustc 1.97.0 (2d8144b78 2026-07-07),22.1.6,cargo 1.97.0 (c980f4866 2026-06-30),"release,lto=thin,debug=true",/home/bob/.cache/mess-bench,/dev/nvme0n1p3,ext4,/home,Samsung SSD 970 EVO Plus 2TB,[none] mq-deadline kyber bfq,249467887616,4096,1024,payload[i]=(i*131+17)&0xff,3.92236328125,accepted,,4,4,0,59919,bytes,239676,239676,33554640,239676,0,0,0,0,0,182657666,184081725,2900,3520,3690,3.920,3.920
e000021,exploratory,copy_contiguous,candidate,1,1,BAAB,copy_contiguous,process,24,1,4,4,domain,synthetic_sweep,1,015d813736625640f12d26c5d349b92c14fd2fb4,false,a897dfa99e98479b638409c432d3d2bc8e7ba7d5ba4e5a046dd229021f58bffd,12b1dafe765a77d1a17115b0ae12cff973f20ed7d6d770fbd790695fe081288e,afaa9ca40fef1b2a362af2af235634b472665287e554d16b829c09e1a70787ac,8d5b7eba8aea53574190e7d4a6d9e7b424bc23a9e2a0b6968a27f1772509492b,6e938dfcd266a2b0eac811d7ea7eabbd5b217965f88efa81371465134dbcab11,2026-07-15T17:58:12.714380+00:00,8o8-arch,7.0.12-arch1-1,AMD Ryzen 9 3900X 12-Core Processor,"logical=24,cores=12,sockets=1,nodes=1",performance,rustc 1.97.0 (2d8144b78 2026-07-07),22.1.6,cargo 1.97.0 (c980f4866 2026-06-30),"release,lto=thin,debug=true",/home/bob/.cache/mess-bench,/dev/nvme0n1p3,ext4,/home,Samsung SSD 970 EVO Plus 2TB,[none] mq-deadline kyber bfq,249467850752,4096,1024,payload[i]=(i*131+17)&0xff,3.92236328125,accepted,,4,4,0,59919,bytes,239676,239676,33554640,59919,0,0,0,33554640,0,56568404,57156100,810,930,1030,3.920,3.920
e000022,exploratory,copy_contiguous,baseline,1,2,BAAB,k_pwrite,process,24,1,4,4,domain,synthetic_sweep,1,015d813736625640f12d26c5d349b92c14fd2fb4,false,a897dfa99e98479b638409c432d3d2bc8e7ba7d5ba4e5a046dd229021f58bffd,12b1dafe765a77d1a17115b0ae12cff973f20ed7d6d770fbd790695fe081288e,afaa9ca40fef1b2a362af2af235634b472665287e554d16b829c09e1a70787ac,8d5b7eba8aea53574190e7d4a6d9e7b424bc23a9e2a0b6968a27f1772509492b,6e938dfcd266a2b0eac811d7ea7eabbd5b217965f88efa81371465134dbcab11,2026-07-15T17:58:13.736240+00:00,8o8-arch,7.0.12-arch1-1,AMD Ryzen 9 3900X 12-Core Processor,"logical=24,cores=12,sockets=1,nodes=1",performance,rustc 1.97.0 (2d8144b78 2026-07-07),22.1.6,cargo 1.97.0 (c980f4866 2026-06-30),"release,lto=thin,debug=true",/home/bob/.cache/mess-bench,/dev/nvme0n1p3,ext4,/home,Samsung SSD 970 EVO Plus 2TB,[none] mq-deadline kyber bfq,249467879424,4096,1024,payload[i]=(i*131+17)&0xff,3.92236328125,accepted,,4,4,0,59919,bytes,239676,239676,33554640,239676,0,0,0,0,0,182929586,184382955,2890,3510,3750,3.920,3.920
e000023,exploratory,copy_contiguous,baseline,1,3,BAAB,k_pwrite,process,24,1,4,4,domain,synthetic_sweep,1,015d813736625640f12d26c5d349b92c14fd2fb4,false,a897dfa99e98479b638409c432d3d2bc8e7ba7d5ba4e5a046dd229021f58bffd,12b1dafe765a77d1a17115b0ae12cff973f20ed7d6d770fbd790695fe081288e,afaa9ca40fef1b2a362af2af235634b472665287e554d16b829c09e1a70787ac,8d5b7eba8aea53574190e7d4a6d9e7b424bc23a9e2a0b6968a27f1772509492b,6e938dfcd266a2b0eac811d7ea7eabbd5b217965f88efa81371465134dbcab11,2026-07-15T17:58:14.767948+00:00,8o8-arch,7.0.12-arch1-1,AMD Ryzen 9 3900X 12-Core Processor,"logical=24,cores=12,sockets=1,nodes=1",performance,rustc 1.97.0 (2d8144b78 2026-07-07),22.1.6,cargo 1.97.0 (c980f4866 2026-06-30),"release,lto=thin,debug=true",/home/bob/.cache/mess-bench,/dev/nvme0n1p3,ext4,/home,Samsung SSD 970 EVO Plus 2TB,[none] mq-deadline kyber bfq,249467850752,4096,1024,payload[i]=(i*131+17)&0xff,3.92236328125,accepted,,4,4,0,59919,bytes,239676,239676,33554640,239676,0,0,0,0,0,182278405,183593234,2900,3510,3720,3.920,3.920
e000024,exploratory,copy_contiguous,candidate,1,4,BAAB,copy_contiguous,process,24,1,4,4,domain,synthetic_sweep,1,015d813736625640f12d26c5d349b92c14fd2fb4,false,a897dfa99e98479b638409c432d3d2bc8e7ba7d5ba4e5a046dd229021f58bffd,12b1dafe765a77d1a17115b0ae12cff973f20ed7d6d770fbd790695fe081288e,afaa9ca40fef1b2a362af2af235634b472665287e554d16b829c09e1a70787ac,8d5b7eba8aea53574190e7d4a6d9e7b424bc23a9e2a0b6968a27f1772509492b,6e938dfcd266a2b0eac811d7ea7eabbd5b217965f88efa81371465134dbcab11,2026-07-15T17:58:15.797122+00:00,8o8-arch,7.0.12-arch1-1,AMD Ryzen 9 3900X 12-Core Processor,"logical=24,cores=12,sockets=1,nodes=1",performance,rustc 1.97.0 (2d8144b78 2026-07-07),22.1.6,cargo 1.97.0 (c980f4866 2026-06-30),"release,lto=thin,debug=true",/home/bob/.cache/mess-bench,/dev/nvme0n1p3,ext4,/home,Samsung SSD 970 EVO Plus 2TB,[none] mq-deadline kyber bfq,249467879424,4096,1024,payload[i]=(i*131+17)&0xff,3.76806640625,accepted,,4,4,0,59919,bytes,239676,239676,33554640,59919,0,0,0,33554640,0,54239654,54647172,810,990,1060,3.770,3.770
e000025,exploratory,pwritev_full_8m,baseline,1,1,ABBA,k_pwrite,process,24,1,4,4,new_name,synthetic_sweep,1,015d813736625640f12d26c5d349b92c14fd2fb4,false,a897dfa99e98479b638409c432d3d2bc8e7ba7d5ba4e5a046dd229021f58bffd,12b1dafe765a77d1a17115b0ae12cff973f20ed7d6d770fbd790695fe081288e,afaa9ca40fef1b2a362af2af235634b472665287e554d16b829c09e1a70787ac,8d5b7eba8aea53574190e7d4a6d9e7b424bc23a9e2a0b6968a27f1772509492b,6e938dfcd266a2b0eac811d7ea7eabbd5b217965f88efa81371465134dbcab11,2026-07-15T17:58:16.829603+00:00,8o8-arch,7.0.12-arch1-1,AMD Ryzen 9 3900X 12-Core Processor,"logical=24,cores=12,sockets=1,nodes=1",performance,rustc 1.97.0 (2d8144b78 2026-07-07),22.1.6,cargo 1.97.0 (c980f4866 2026-06-30),"release,lto=thin,debug=true",/home/bob/.cache/mess-bench,/dev/nvme0n1p3,ext4,/home,Samsung SSD 970 EVO Plus 2TB,[none] mq-deadline kyber bfq,249467838464,4096,1024,payload[i]=(i*131+17)&0xff,3.76806640625,accepted,,4,8,0,29960,bytes,239680,119840,33555200,239680,0,0,0,0,0,184460834,187187713,5740,6760,14970,3.770,3.770
e000026,exploratory,pwritev_full_8m,candidate,1,2,ABBA,pwritev_full_8m,process,24,1,4,4,new_name,synthetic_sweep,1,015d813736625640f12d26c5d349b92c14fd2fb4,false,a897dfa99e98479b638409c432d3d2bc8e7ba7d5ba4e5a046dd229021f58bffd,12b1dafe765a77d1a17115b0ae12cff973f20ed7d6d770fbd790695fe081288e,afaa9ca40fef1b2a362af2af235634b472665287e554d16b829c09e1a70787ac,8d5b7eba8aea53574190e7d4a6d9e7b424bc23a9e2a0b6968a27f1772509492b,6e938dfcd266a2b0eac811d7ea7eabbd5b217965f88efa81371465134dbcab11,2026-07-15T17:58:17.854206+00:00,8o8-arch,7.0.12-arch1-1,AMD Ryzen 9 3900X 12-Core Processor,"logical=24,cores=12,sockets=1,nodes=1",performance,rustc 1.97.0 (2d8144b78 2026-07-07),22.1.6,cargo 1.97.0 (c980f4866 2026-06-30),"release,lto=thin,debug=true",/home/bob/.cache/mess-bench,/dev/nvme0n1p3,ext4,/home,Samsung SSD 970 EVO Plus 2TB,[none] mq-deadline kyber bfq,249467867136,4096,1024,payload[i]=(i*131+17)&0xff,3.76806640625,accepted,,4,8,0,29960,bytes,239680,119840,33555200,29960,0,0,8,0,0,36133679,36428391,1120,1180,1390,3.770,3.770
e000027,exploratory,pwritev_full_8m,candidate,1,3,ABBA,pwritev_full_8m,process,24,1,4,4,new_name,synthetic_sweep,1,015d813736625640f12d26c5d349b92c14fd2fb4,false,a897dfa99e98479b638409c432d3d2bc8e7ba7d5ba4e5a046dd229021f58bffd,12b1dafe765a77d1a17115b0ae12cff973f20ed7d6d770fbd790695fe081288e,afaa9ca40fef1b2a362af2af235634b472665287e554d16b829c09e1a70787ac,8d5b7eba8aea53574190e7d4a6d9e7b424bc23a9e2a0b6968a27f1772509492b,6e938dfcd266a2b0eac811d7ea7eabbd5b217965f88efa81371465134dbcab11,2026-07-15T17:58:18.885010+00:00,8o8-arch,7.0.12-arch1-1,AMD Ryzen 9 3900X 12-Core Processor,"logical=24,cores=12,sockets=1,nodes=1",performance,rustc 1.97.0 (2d8144b78 2026-07-07),22.1.6,cargo 1.97.0 (c980f4866 2026-06-30),"release,lto=thin,debug=true",/home/bob/.cache/mess-bench,/dev/nvme0n1p3,ext4,/home,Samsung SSD 970 EVO Plus 2TB,[none] mq-deadline kyber bfq,249467817984,4096,1024,payload[i]=(i*131+17)&0xff,3.76806640625,accepted,,4,8,0,29960,bytes,239680,119840,33555200,29960,0,0,8,0,0,36033329,36232131,1110,1320,1380,3.770,3.770
e000028,exploratory,pwritev_full_8m,baseline,1,4,ABBA,k_pwrite,process,24,1,4,4,new_name,synthetic_sweep,1,015d813736625640f12d26c5d349b92c14fd2fb4,false,a897dfa99e98479b638409c432d3d2bc8e7ba7d5ba4e5a046dd229021f58bffd,12b1dafe765a77d1a17115b0ae12cff973f20ed7d6d770fbd790695fe081288e,afaa9ca40fef1b2a362af2af235634b472665287e554d16b829c09e1a70787ac,8d5b7eba8aea53574190e7d4a6d9e7b424bc23a9e2a0b6968a27f1772509492b,6e938dfcd266a2b0eac811d7ea7eabbd5b217965f88efa81371465134dbcab11,2026-07-15T17:58:19.912632+00:00,8o8-arch,7.0.12-arch1-1,AMD Ryzen 9 3900X 12-Core Processor,"logical=24,cores=12,sockets=1,nodes=1",performance,rustc 1.97.0 (2d8144b78 2026-07-07),22.1.6,cargo 1.97.0 (c980f4866 2026-06-30),"release,lto=thin,debug=true",/home/bob/.cache/mess-bench,/dev/nvme0n1p3,ext4,/home,Samsung SSD 970 EVO Plus 2TB,[none] mq-deadline kyber bfq,249467850752,4096,1024,payload[i]=(i*131+17)&0xff,3.76806640625,accepted,,4,8,0,29960,bytes,239680,119840,33555200,239680,0,0,0,0,0,180373075,182425236,5700,6840,8900,3.770,3.770
e000029,exploratory,copy_contiguous,candidate,1,1,BAAB,copy_contiguous,process,24,1,4,4,new_name,synthetic_sweep,1,015d813736625640f12d26c5d349b92c14fd2fb4,false,a897dfa99e98479b638409c432d3d2bc8e7ba7d5ba4e5a046dd229021f58bffd,12b1dafe765a77d1a17115b0ae12cff973f20ed7d6d770fbd790695fe081288e,afaa9ca40fef1b2a362af2af235634b472665287e554d16b829c09e1a70787ac,8d5b7eba8aea53574190e7d4a6d9e7b424bc23a9e2a0b6968a27f1772509492b,6e938dfcd266a2b0eac811d7ea7eabbd5b217965f88efa81371465134dbcab11,2026-07-15T17:58:20.942574+00:00,8o8-arch,7.0.12-arch1-1,AMD Ryzen 9 3900X 12-Core Processor,"logical=24,cores=12,sockets=1,nodes=1",performance,rustc 1.97.0 (2d8144b78 2026-07-07),22.1.6,cargo 1.97.0 (c980f4866 2026-06-30),"release,lto=thin,debug=true",/home/bob/.cache/mess-bench,/dev/nvme0n1p3,ext4,/home,Samsung SSD 970 EVO Plus 2TB,[none] mq-deadline kyber bfq,249467846656,4096,1024,payload[i]=(i*131+17)&0xff,3.54638671875,accepted,,4,8,0,29960,bytes,239680,119840,33555200,29960,0,0,0,33555200,0,27896287,28751115,850,980,1100,3.550,3.550
e000030,exploratory,copy_contiguous,baseline,1,2,BAAB,k_pwrite,process,24,1,4,4,new_name,synthetic_sweep,1,015d813736625640f12d26c5d349b92c14fd2fb4,false,a897dfa99e98479b638409c432d3d2bc8e7ba7d5ba4e5a046dd229021f58bffd,12b1dafe765a77d1a17115b0ae12cff973f20ed7d6d770fbd790695fe081288e,afaa9ca40fef1b2a362af2af235634b472665287e554d16b829c09e1a70787ac,8d5b7eba8aea53574190e7d4a6d9e7b424bc23a9e2a0b6968a27f1772509492b,6e938dfcd266a2b0eac811d7ea7eabbd5b217965f88efa81371465134dbcab11,2026-07-15T17:58:21.973403+00:00,8o8-arch,7.0.12-arch1-1,AMD Ryzen 9 3900X 12-Core Processor,"logical=24,cores=12,sockets=1,nodes=1",performance,rustc 1.97.0 (2d8144b78 2026-07-07),22.1.6,cargo 1.97.0 (c980f4866 2026-06-30),"release,lto=thin,debug=true",/home/bob/.cache/mess-bench,/dev/nvme0n1p3,ext4,/home,Samsung SSD 970 EVO Plus 2TB,[none] mq-deadline kyber bfq,249467846656,4096,1024,payload[i]=(i*131+17)&0xff,3.54638671875,accepted,,4,8,0,29960,bytes,239680,119840,33555200,239680,0,0,0,0,0,181019806,183371864,5710,7050,8500,3.550,3.550
e000031,exploratory,copy_contiguous,baseline,1,3,BAAB,k_pwrite,process,24,1,4,4,new_name,synthetic_sweep,1,015d813736625640f12d26c5d349b92c14fd2fb4,false,a897dfa99e98479b638409c432d3d2bc8e7ba7d5ba4e5a046dd229021f58bffd,12b1dafe765a77d1a17115b0ae12cff973f20ed7d6d770fbd790695fe081288e,afaa9ca40fef1b2a362af2af235634b472665287e554d16b829c09e1a70787ac,8d5b7eba8aea53574190e7d4a6d9e7b424bc23a9e2a0b6968a27f1772509492b,6e938dfcd266a2b0eac811d7ea7eabbd5b217965f88efa81371465134dbcab11,2026-07-15T17:58:23.003578+00:00,8o8-arch,7.0.12-arch1-1,AMD Ryzen 9 3900X 12-Core Processor,"logical=24,cores=12,sockets=1,nodes=1",performance,rustc 1.97.0 (2d8144b78 2026-07-07),22.1.6,cargo 1.97.0 (c980f4866 2026-06-30),"release,lto=thin,debug=true",/home/bob/.cache/mess-bench,/dev/nvme0n1p3,ext4,/home,Samsung SSD 970 EVO Plus 2TB,[none] mq-deadline kyber bfq,249467838464,4096,1024,payload[i]=(i*131+17)&0xff,3.54638671875,accepted,,4,8,0,29960,bytes,239680,119840,33555200,239680,0,0,0,0,0,179171825,181459656,5730,6450,11980,3.550,3.550
e000032,exploratory,copy_contiguous,candidate,1,4,BAAB,copy_contiguous,process,24,1,4,4,new_name,synthetic_sweep,1,015d813736625640f12d26c5d349b92c14fd2fb4,false,a897dfa99e98479b638409c432d3d2bc8e7ba7d5ba4e5a046dd229021f58bffd,12b1dafe765a77d1a17115b0ae12cff973f20ed7d6d770fbd790695fe081288e,afaa9ca40fef1b2a362af2af235634b472665287e554d16b829c09e1a70787ac,8d5b7eba8aea53574190e7d4a6d9e7b424bc23a9e2a0b6968a27f1772509492b,6e938dfcd266a2b0eac811d7ea7eabbd5b217965f88efa81371465134dbcab11,2026-07-15T17:58:24.026904+00:00,8o8-arch,7.0.12-arch1-1,AMD Ryzen 9 3900X 12-Core Processor,"logical=24,cores=12,sockets=1,nodes=1",performance,rustc 1.97.0 (2d8144b78 2026-07-07),22.1.6,cargo 1.97.0 (c980f4866 2026-06-30),"release,lto=thin,debug=true",/home/bob/.cache/mess-bench,/dev/nvme0n1p3,ext4,/home,Samsung SSD 970 EVO Plus 2TB,[none] mq-deadline kyber bfq,249467838464,4096,1024,payload[i]=(i*131+17)&0xff,3.54638671875,accepted,,4,8,0,29960,bytes,239680,119840,33555200,29960,0,0,0,33555200,0,28001737,28348205,850,910,1070,3.550,3.550
e000033,exploratory,pwritev_full_8m,baseline,1,1,ABBA,k_pwrite,process,24,1,16,4,domain,synthetic_sweep,1,015d813736625640f12d26c5d349b92c14fd2fb4,false,a897dfa99e98479b638409c432d3d2bc8e7ba7d5ba4e5a046dd229021f58bffd,12b1dafe765a77d1a17115b0ae12cff973f20ed7d6d770fbd790695fe081288e,afaa9ca40fef1b2a362af2af235634b472665287e554d16b829c09e1a70787ac,8d5b7eba8aea53574190e7d4a6d9e7b424bc23a9e2a0b6968a27f1772509492b,6e938dfcd266a2b0eac811d7ea7eabbd5b217965f88efa81371465134dbcab11,2026-07-15T17:58:25.051125+00:00,8o8-arch,7.0.12-arch1-1,AMD Ryzen 9 3900X 12-Core Processor,"logical=24,cores=12,sockets=1,nodes=1",performance,rustc 1.97.0 (2d8144b78 2026-07-07),22.1.6,cargo 1.97.0 (c980f4866 2026-06-30),"release,lto=thin,debug=true",/home/bob/.cache/mess-bench,/dev/nvme0n1p3,ext4,/home,Samsung SSD 970 EVO Plus 2TB,[none] mq-deadline kyber bfq,249467830272,4096,1024,payload[i]=(i*131+17)&0xff,3.54638671875,accepted,,16,16,0,14980,bytes,239680,239680,33555200,239680,0,0,0,0,0,182575786,184157634,11350,14370,21760,3.550,3.550
e000034,exploratory,pwritev_full_8m,candidate,1,2,ABBA,pwritev_full_8m,process,24,1,16,4,domain,synthetic_sweep,1,015d813736625640f12d26c5d349b92c14fd2fb4,false,a897dfa99e98479b638409c432d3d2bc8e7ba7d5ba4e5a046dd229021f58bffd,12b1dafe765a77d1a17115b0ae12cff973f20ed7d6d770fbd790695fe081288e,afaa9ca40fef1b2a362af2af235634b472665287e554d16b829c09e1a70787ac,8d5b7eba8aea53574190e7d4a6d9e7b424bc23a9e2a0b6968a27f1772509492b,6e938dfcd266a2b0eac811d7ea7eabbd5b217965f88efa81371465134dbcab11,2026-07-15T17:58:26.073273+00:00,8o8-arch,7.0.12-arch1-1,AMD Ryzen 9 3900X 12-Core Processor,"logical=24,cores=12,sockets=1,nodes=1",performance,rustc 1.97.0 (2d8144b78 2026-07-07),22.1.6,cargo 1.97.0 (c980f4866 2026-06-30),"release,lto=thin,debug=true",/home/bob/.cache/mess-bench,/dev/nvme0n1p3,ext4,/home,Samsung SSD 970 EVO Plus 2TB,[none] mq-deadline kyber bfq,249467826176,4096,1024,payload[i]=(i*131+17)&0xff,3.50244140625,accepted,,16,16,0,14980,bytes,239680,239680,33555200,14980,0,0,16,0,0,26656626,26872416,1460,1910,3230,3.500,3.500
e000035,exploratory,pwritev_full_8m,candidate,1,3,ABBA,pwritev_full_8m,process,24,1,16,4,domain,synthetic_sweep,1,015d813736625640f12d26c5d349b92c14fd2fb4,false,a897dfa99e98479b638409c432d3d2bc8e7ba7d5ba4e5a046dd229021f58bffd,12b1dafe765a77d1a17115b0ae12cff973f20ed7d6d770fbd790695fe081288e,afaa9ca40fef1b2a362af2af235634b472665287e554d16b829c09e1a70787ac,8d5b7eba8aea53574190e7d4a6d9e7b424bc23a9e2a0b6968a27f1772509492b,6e938dfcd266a2b0eac811d7ea7eabbd5b217965f88efa81371465134dbcab11,2026-07-15T17:58:27.098010+00:00,8o8-arch,7.0.12-arch1-1,AMD Ryzen 9 3900X 12-Core Processor,"logical=24,cores=12,sockets=1,nodes=1",performance,rustc 1.97.0 (2d8144b78 2026-07-07),22.1.6,cargo 1.97.0 (c980f4866 2026-06-30),"release,lto=thin,debug=true",/home/bob/.cache/mess-bench,/dev/nvme0n1p3,ext4,/home,Samsung SSD 970 EVO Plus 2TB,[none] mq-deadline kyber bfq,249467826176,4096,1024,payload[i]=(i*131+17)&0xff,3.50244140625,accepted,,16,16,0,14980,bytes,239680,239680,33555200,14980,0,0,16,0,0,26578676,26823336,1470,1800,7540,3.500,3.500
e000036,exploratory,pwritev_full_8m,baseline,1,4,ABBA,k_pwrite,process,24,1,16,4,domain,synthetic_sweep,1,015d813736625640f12d26c5d349b92c14fd2fb4,false,a897dfa99e98479b638409c432d3d2bc8e7ba7d5ba4e5a046dd229021f58bffd,12b1dafe765a77d1a17115b0ae12cff973f20ed7d6d770fbd790695fe081288e,afaa9ca40fef1b2a362af2af235634b472665287e554d16b829c09e1a70787ac,8d5b7eba8aea53574190e7d4a6d9e7b424bc23a9e2a0b6968a27f1772509492b,6e938dfcd266a2b0eac811d7ea7eabbd5b217965f88efa81371465134dbcab11,2026-07-15T17:58:28.128586+00:00,8o8-arch,7.0.12-arch1-1,AMD Ryzen 9 3900X 12-Core Processor,"logical=24,cores=12,sockets=1,nodes=1",performance,rustc 1.97.0 (2d8144b78 2026-07-07),22.1.6,cargo 1.97.0 (c980f4866 2026-06-30),"release,lto=thin,debug=true",/home/bob/.cache/mess-bench,/dev/nvme0n1p3,ext4,/home,Samsung SSD 970 EVO Plus 2TB,[none] mq-deadline kyber bfq,249467826176,4096,1024,payload[i]=(i*131+17)&0xff,3.50244140625,accepted,,16,16,0,14980,bytes,239680,239680,33555200,239680,0,0,0,0,0,178071125,179867447,11340,13440,20080,3.500,3.500
e000037,exploratory,copy_contiguous,candidate,1,1,BAAB,copy_contiguous,process,24,1,16,4,domain,synthetic_sweep,1,015d813736625640f12d26c5d349b92c14fd2fb4,false,a897dfa99e98479b638409c432d3d2bc8e7ba7d5ba4e5a046dd229021f58bffd,12b1dafe765a77d1a17115b0ae12cff973f20ed7d6d770fbd790695fe081288e,afaa9ca40fef1b2a362af2af235634b472665287e554d16b829c09e1a70787ac,8d5b7eba8aea53574190e7d4a6d9e7b424bc23a9e2a0b6968a27f1772509492b,6e938dfcd266a2b0eac811d7ea7eabbd5b217965f88efa81371465134dbcab11,2026-07-15T17:58:29.161380+00:00,8o8-arch,7.0.12-arch1-1,AMD Ryzen 9 3900X 12-Core Processor,"logical=24,cores=12,sockets=1,nodes=1",performance,rustc 1.97.0 (2d8144b78 2026-07-07),22.1.6,cargo 1.97.0 (c980f4866 2026-06-30),"release,lto=thin,debug=true",/home/bob/.cache/mess-bench,/dev/nvme0n1p3,ext4,/home,Samsung SSD 970 EVO Plus 2TB,[none] mq-deadline kyber bfq,249467805696,4096,1024,payload[i]=(i*131+17)&0xff,3.50244140625,accepted,,16,16,0,14980,bytes,239680,239680,33555200,14980,0,0,0,33555200,0,14714184,15033651,900,1080,1150,3.500,3.500
e000038,exploratory,copy_contiguous,baseline,1,2,BAAB,k_pwrite,process,24,1,16,4,domain,synthetic_sweep,1,015d813736625640f12d26c5d349b92c14fd2fb4,false,a897dfa99e98479b638409c432d3d2bc8e7ba7d5ba4e5a046dd229021f58bffd,12b1dafe765a77d1a17115b0ae12cff973f20ed7d6d770fbd790695fe081288e,afaa9ca40fef1b2a362af2af235634b472665287e554d16b829c09e1a70787ac,8d5b7eba8aea53574190e7d4a6d9e7b424bc23a9e2a0b6968a27f1772509492b,6e938dfcd266a2b0eac811d7ea7eabbd5b217965f88efa81371465134dbcab11,2026-07-15T17:58:30.184936+00:00,8o8-arch,7.0.12-arch1-1,AMD Ryzen 9 3900X 12-Core Processor,"logical=24,cores=12,sockets=1,nodes=1",performance,rustc 1.97.0 (2d8144b78 2026-07-07),22.1.6,cargo 1.97.0 (c980f4866 2026-06-30),"release,lto=thin,debug=true",/home/bob/.cache/mess-bench,/dev/nvme0n1p3,ext4,/home,Samsung SSD 970 EVO Plus 2TB,[none] mq-deadline kyber bfq,249467805696,4096,1024,payload[i]=(i*131+17)&0xff,3.50244140625,accepted,,16,16,0,14980,bytes,239680,239680,33555200,239680,0,0,0,0,0,186426237,187779493,11380,14540,22930,3.500,3.540
e000039,exploratory,copy_contiguous,baseline,1,3,BAAB,k_pwrite,process,24,1,16,4,domain,synthetic_sweep,1,015d813736625640f12d26c5d349b92c14fd2fb4,false,a897dfa99e98479b638409c432d3d2bc8e7ba7d5ba4e5a046dd229021f58bffd,12b1dafe765a77d1a17115b0ae12cff973f20ed7d6d770fbd790695fe081288e,afaa9ca40fef1b2a362af2af235634b472665287e554d16b829c09e1a70787ac,8d5b7eba8aea53574190e7d4a6d9e7b424bc23a9e2a0b6968a27f1772509492b,6e938dfcd266a2b0eac811d7ea7eabbd5b217965f88efa81371465134dbcab11,2026-07-15T17:58:31.206735+00:00,8o8-arch,7.0.12-arch1-1,AMD Ryzen 9 3900X 12-Core Processor,"logical=24,cores=12,sockets=1,nodes=1",performance,rustc 1.97.0 (2d8144b78 2026-07-07),22.1.6,cargo 1.97.0 (c980f4866 2026-06-30),"release,lto=thin,debug=true",/home/bob/.cache/mess-bench,/dev/nvme0n1p3,ext4,/home,Samsung SSD 970 EVO Plus 2TB,[none] mq-deadline kyber bfq,249467805696,4096,1024,payload[i]=(i*131+17)&0xff,3.54248046875,accepted,,16,16,0,14980,bytes,239680,239680,33555200,239680,0,0,0,0,0,182454236,184692404,11440,14370,24360,3.540,3.540
e000040,exploratory,copy_contiguous,candidate,1,4,BAAB,copy_contiguous,process,24,1,16,4,domain,synthetic_sweep,1,015d813736625640f12d26c5d349b92c14fd2fb4,false,a897dfa99e98479b638409c432d3d2bc8e7ba7d5ba4e5a046dd229021f58bffd,12b1dafe765a77d1a17115b0ae12cff973f20ed7d6d770fbd790695fe081288e,afaa9ca40fef1b2a362af2af235634b472665287e554d16b829c09e1a70787ac,8d5b7eba8aea53574190e7d4a6d9e7b424bc23a9e2a0b6968a27f1772509492b,6e938dfcd266a2b0eac811d7ea7eabbd5b217965f88efa81371465134dbcab11,2026-07-15T17:58:32.230178+00:00,8o8-arch,7.0.12-arch1-1,AMD Ryzen 9 3900X 12-Core Processor,"logical=24,cores=12,sockets=1,nodes=1",performance,rustc 1.97.0 (2d8144b78 2026-07-07),22.1.6,cargo 1.97.0 (c980f4866 2026-06-30),"release,lto=thin,debug=true",/home/bob/.cache/mess-bench,/dev/nvme0n1p3,ext4,/home,Samsung SSD 970 EVO Plus 2TB,[none] mq-deadline kyber bfq,249467805696,4096,1024,payload[i]=(i*131+17)&0xff,3.54248046875,accepted,,16,16,0,14980,bytes,239680,239680,33555200,14980,0,0,0,33555200,0,14955274,15068842,910,1140,1310,3.540,3.540
e000041,exploratory,pwritev_full_8m,baseline,1,1,ABBA,k_pwrite,process,24,1,16,4,new_name,synthetic_sweep,1,015d813736625640f12d26c5d349b92c14fd2fb4,false,a897dfa99e98479b638409c432d3d2bc8e7ba7d5ba4e5a046dd229021f58bffd,12b1dafe765a77d1a17115b0ae12cff973f20ed7d6d770fbd790695fe081288e,afaa9ca40fef1b2a362af2af235634b472665287e554d16b829c09e1a70787ac,8d5b7eba8aea53574190e7d4a6d9e7b424bc23a9e2a0b6968a27f1772509492b,6e938dfcd266a2b0eac811d7ea7eabbd5b217965f88efa81371465134dbcab11,2026-07-15T17:58:33.253581+00:00,8o8-arch,7.0.12-arch1-1,AMD Ryzen 9 3900X 12-Core Processor,"logical=24,cores=12,sockets=1,nodes=1",performance,rustc 1.97.0 (2d8144b78 2026-07-07),22.1.6,cargo 1.97.0 (c980f4866 2026-06-30),"release,lto=thin,debug=true",/home/bob/.cache/mess-bench,/dev/nvme0n1p3,ext4,/home,Samsung SSD 970 EVO Plus 2TB,[none] mq-deadline kyber bfq,249467760640,4096,1024,payload[i]=(i*131+17)&0xff,3.54248046875,accepted,,16,32,0,7490,bytes,239680,119840,33555200,239680,0,0,0,0,0,183193827,187053522,23300,29030,41250,3.540,3.540
e000042,exploratory,pwritev_full_8m,candidate,1,2,ABBA,pwritev_full_8m,process,24,1,16,4,new_name,synthetic_sweep,1,015d813736625640f12d26c5d349b92c14fd2fb4,false,a897dfa99e98479b638409c432d3d2bc8e7ba7d5ba4e5a046dd229021f58bffd,12b1dafe765a77d1a17115b0ae12cff973f20ed7d6d770fbd790695fe081288e,afaa9ca40fef1b2a362af2af235634b472665287e554d16b829c09e1a70787ac,8d5b7eba8aea53574190e7d4a6d9e7b424bc23a9e2a0b6968a27f1772509492b,6e938dfcd266a2b0eac811d7ea7eabbd5b217965f88efa81371465134dbcab11,2026-07-15T17:58:34.281784+00:00,8o8-arch,7.0.12-arch1-1,AMD Ryzen 9 3900X 12-Core Processor,"logical=24,cores=12,sockets=1,nodes=1",performance,rustc 1.97.0 (2d8144b78 2026-07-07),22.1.6,cargo 1.97.0 (c980f4866 2026-06-30),"release,lto=thin,debug=true",/home/bob/.cache/mess-bench,/dev/nvme0n1p3,ext4,/home,Samsung SSD 970 EVO Plus 2TB,[none] mq-deadline kyber bfq,249467793408,4096,1024,payload[i]=(i*131+17)&0xff,3.54248046875,accepted,,16,32,0,7490,bytes,239680,119840,33555200,7490,0,0,32,0,0,19075305,19186990,2450,2720,3010,3.540,3.540
e000043,exploratory,pwritev_full_8m,candidate,1,3,ABBA,pwritev_full_8m,process,24,1,16,4,new_name,synthetic_sweep,1,015d813736625640f12d26c5d349b92c14fd2fb4,false,a897dfa99e98479b638409c432d3d2bc8e7ba7d5ba4e5a046dd229021f58bffd,12b1dafe765a77d1a17115b0ae12cff973f20ed7d6d770fbd790695fe081288e,afaa9ca40fef1b2a362af2af235634b472665287e554d16b829c09e1a70787ac,8d5b7eba8aea53574190e7d4a6d9e7b424bc23a9e2a0b6968a27f1772509492b,6e938dfcd266a2b0eac811d7ea7eabbd5b217965f88efa81371465134dbcab11,2026-07-15T17:58:35.302934+00:00,8o8-arch,7.0.12-arch1-1,AMD Ryzen 9 3900X 12-Core Processor,"logical=24,cores=12,sockets=1,nodes=1",performance,rustc 1.97.0 (2d8144b78 2026-07-07),22.1.6,cargo 1.97.0 (c980f4866 2026-06-30),"release,lto=thin,debug=true",/home/bob/.cache/mess-bench,/dev/nvme0n1p3,ext4,/home,Samsung SSD 970 EVO Plus 2TB,[none] mq-deadline kyber bfq,249467760640,4096,1024,payload[i]=(i*131+17)&0xff,3.4189453125,accepted,,16,32,0,7490,bytes,239680,119840,33555200,7490,0,0,32,0,0,20268375,20448089,2440,2940,3920,3.420,3.420
e000044,exploratory,pwritev_full_8m,baseline,1,4,ABBA,k_pwrite,process,24,1,16,4,new_name,synthetic_sweep,1,015d813736625640f12d26c5d349b92c14fd2fb4,false,a897dfa99e98479b638409c432d3d2bc8e7ba7d5ba4e5a046dd229021f58bffd,12b1dafe765a77d1a17115b0ae12cff973f20ed7d6d770fbd790695fe081288e,afaa9ca40fef1b2a362af2af235634b472665287e554d16b829c09e1a70787ac,8d5b7eba8aea53574190e7d4a6d9e7b424bc23a9e2a0b6968a27f1772509492b,6e938dfcd266a2b0eac811d7ea7eabbd5b217965f88efa81371465134dbcab11,2026-07-15T17:58:36.327444+00:00,8o8-arch,7.0.12-arch1-1,AMD Ryzen 9 3900X 12-Core Processor,"logical=24,cores=12,sockets=1,nodes=1",performance,rustc 1.97.0 (2d8144b78 2026-07-07),22.1.6,cargo 1.97.0 (c980f4866 2026-06-30),"release,lto=thin,debug=true",/home/bob/.cache/mess-bench,/dev/nvme0n1p3,ext4,/home,Samsung SSD 970 EVO Plus 2TB,[none] mq-deadline kyber bfq,249467789312,4096,1024,payload[i]=(i*131+17)&0xff,3.4189453125,accepted,,16,32,0,7490,bytes,239680,119840,33555200,239680,0,0,0,0,0,187003927,189105031,23070,28840,52730,3.420,3.420
e000045,exploratory,copy_contiguous,candidate,1,1,BAAB,copy_contiguous,process,24,1,16,4,new_name,synthetic_sweep,1,015d813736625640f12d26c5d349b92c14fd2fb4,false,a897dfa99e98479b638409c432d3d2bc8e7ba7d5ba4e5a046dd229021f58bffd,12b1dafe765a77d1a17115b0ae12cff973f20ed7d6d770fbd790695fe081288e,afaa9ca40fef1b2a362af2af235634b472665287e554d16b829c09e1a70787ac,8d5b7eba8aea53574190e7d4a6d9e7b424bc23a9e2a0b6968a27f1772509492b,6e938dfcd266a2b0eac811d7ea7eabbd5b217965f88efa81371465134dbcab11,2026-07-15T17:58:37.349660+00:00,8o8-arch,7.0.12-arch1-1,AMD Ryzen 9 3900X 12-Core Processor,"logical=24,cores=12,sockets=1,nodes=1",performance,rustc 1.97.0 (2d8144b78 2026-07-07),22.1.6,cargo 1.97.0 (c980f4866 2026-06-30),"release,lto=thin,debug=true",/home/bob/.cache/mess-bench,/dev/nvme0n1p3,ext4,/home,Samsung SSD 970 EVO Plus 2TB,[none] mq-deadline kyber bfq,249467748352,4096,1024,payload[i]=(i*131+17)&0xff,3.4189453125,accepted,,16,32,0,7490,bytes,239680,119840,33555200,7490,0,0,0,33555200,0,11275102,11389533,1390,1750,1830,3.420,3.420
e000046,exploratory,copy_contiguous,baseline,1,2,BAAB,k_pwrite,process,24,1,16,4,new_name,synthetic_sweep,1,015d813736625640f12d26c5d349b92c14fd2fb4,false,a897dfa99e98479b638409c432d3d2bc8e7ba7d5ba4e5a046dd229021f58bffd,12b1dafe765a77d1a17115b0ae12cff973f20ed7d6d770fbd790695fe081288e,afaa9ca40fef1b2a362af2af235634b472665287e554d16b829c09e1a70787ac,8d5b7eba8aea53574190e7d4a6d9e7b424bc23a9e2a0b6968a27f1772509492b,6e938dfcd266a2b0eac811d7ea7eabbd5b217965f88efa81371465134dbcab11,2026-07-15T17:58:38.379461+00:00,8o8-arch,7.0.12-arch1-1,AMD Ryzen 9 3900X 12-Core Processor,"logical=24,cores=12,sockets=1,nodes=1",performance,rustc 1.97.0 (2d8144b78 2026-07-07),22.1.6,cargo 1.97.0 (c980f4866 2026-06-30),"release,lto=thin,debug=true",/home/bob/.cache/mess-bench,/dev/nvme0n1p3,ext4,/home,Samsung SSD 970 EVO Plus 2TB,[none] mq-deadline kyber bfq,249467777024,4096,1024,payload[i]=(i*131+17)&0xff,3.4189453125,accepted,,16,32,0,7490,bytes,239680,119840,33555200,239680,0,0,0,0,0,183940016,185304684,23150,29040,37790,3.420,3.420
e000047,exploratory,copy_contiguous,baseline,1,3,BAAB,k_pwrite,process,24,1,16,4,new_name,synthetic_sweep,1,015d813736625640f12d26c5d349b92c14fd2fb4,false,a897dfa99e98479b638409c432d3d2bc8e7ba7d5ba4e5a046dd229021f58bffd,12b1dafe765a77d1a17115b0ae12cff973f20ed7d6d770fbd790695fe081288e,afaa9ca40fef1b2a362af2af235634b472665287e554d16b829c09e1a70787ac,8d5b7eba8aea53574190e7d4a6d9e7b424bc23a9e2a0b6968a27f1772509492b,6e938dfcd266a2b0eac811d7ea7eabbd5b217965f88efa81371465134dbcab11,2026-07-15T17:58:39.407581+00:00,8o8-arch,7.0.12-arch1-1,AMD Ryzen 9 3900X 12-Core Processor,"logical=24,cores=12,sockets=1,nodes=1",performance,rustc 1.97.0 (2d8144b78 2026-07-07),22.1.6,cargo 1.97.0 (c980f4866 2026-06-30),"release,lto=thin,debug=true",/home/bob/.cache/mess-bench,/dev/nvme0n1p3,ext4,/home,Samsung SSD 970 EVO Plus 2TB,[none] mq-deadline kyber bfq,249467740160,4096,1024,payload[i]=(i*131+17)&0xff,3.4189453125,accepted,,16,32,0,7490,bytes,239680,119840,33555200,239680,0,0,0,0,0,180270545,182138375,23070,29350,36280,3.420,3.420
e000048,exploratory,copy_contiguous,candidate,1,4,BAAB,copy_contiguous,process,24,1,16,4,new_name,synthetic_sweep,1,015d813736625640f12d26c5d349b92c14fd2fb4,false,a897dfa99e98479b638409c432d3d2bc8e7ba7d5ba4e5a046dd229021f58bffd,12b1dafe765a77d1a17115b0ae12cff973f20ed7d6d770fbd790695fe081288e,afaa9ca40fef1b2a362af2af235634b472665287e554d16b829c09e1a70787ac,8d5b7eba8aea53574190e7d4a6d9e7b424bc23a9e2a0b6968a27f1772509492b,6e938dfcd266a2b0eac811d7ea7eabbd5b217965f88efa81371465134dbcab11,2026-07-15T17:58:40.438319+00:00,8o8-arch,7.0.12-arch1-1,AMD Ryzen 9 3900X 12-Core Processor,"logical=24,cores=12,sockets=1,nodes=1",performance,rustc 1.97.0 (2d8144b78 2026-07-07),22.1.6,cargo 1.97.0 (c980f4866 2026-06-30),"release,lto=thin,debug=true",/home/bob/.cache/mess-bench,/dev/nvme0n1p3,ext4,/home,Samsung SSD 970 EVO Plus 2TB,[none] mq-deadline kyber bfq,249467772928,4096,1024,payload[i]=(i*131+17)&0xff,3.22509765625,accepted,,16,32,0,7490,bytes,239680,119840,33555200,7490,0,0,0,33555200,0,11562073,11609564,1400,1820,2460,3.220,3.220
e000049,exploratory,pwritev_full_8m,baseline,1,1,ABBA,k_pwrite,process,24,1,64,4,domain,synthetic_sweep,1,015d813736625640f12d26c5d349b92c14fd2fb4,false,a897dfa99e98479b638409c432d3d2bc8e7ba7d5ba4e5a046dd229021f58bffd,12b1dafe765a77d1a17115b0ae12cff973f20ed7d6d770fbd790695fe081288e,afaa9ca40fef1b2a362af2af235634b472665287e554d16b829c09e1a70787ac,8d5b7eba8aea53574190e7d4a6d9e7b424bc23a9e2a0b6968a27f1772509492b,6e938dfcd266a2b0eac811d7ea7eabbd5b217965f88efa81371465134dbcab11,2026-07-15T17:58:41.464194+00:00,8o8-arch,7.0.12-arch1-1,AMD Ryzen 9 3900X 12-Core Processor,"logical=24,cores=12,sockets=1,nodes=1",performance,rustc 1.97.0 (2d8144b78 2026-07-07),22.1.6,cargo 1.97.0 (c980f4866 2026-06-30),"release,lto=thin,debug=true",/home/bob/.cache/mess-bench,/dev/nvme0n1p3,ext4,/home,Samsung SSD 970 EVO Plus 2TB,[none] mq-deadline kyber bfq,249467764736,4096,1024,payload[i]=(i*131+17)&0xff,3.22509765625,accepted,,64,64,0,3745,bytes,239680,239680,33555200,239680,0,0,0,0,0,177288305,179810306,46320,56800,62069,3.220,3.220
e000050,exploratory,pwritev_full_8m,candidate,1,2,ABBA,pwritev_full_8m,process,24,1,64,4,domain,synthetic_sweep,1,015d813736625640f12d26c5d349b92c14fd2fb4,false,a897dfa99e98479b638409c432d3d2bc8e7ba7d5ba4e5a046dd229021f58bffd,12b1dafe765a77d1a17115b0ae12cff973f20ed7d6d770fbd790695fe081288e,afaa9ca40fef1b2a362af2af235634b472665287e554d16b829c09e1a70787ac,8d5b7eba8aea53574190e7d4a6d9e7b424bc23a9e2a0b6968a27f1772509492b,6e938dfcd266a2b0eac811d7ea7eabbd5b217965f88efa81371465134dbcab11,2026-07-15T17:58:42.494481+00:00,8o8-arch,7.0.12-arch1-1,AMD Ryzen 9 3900X 12-Core Processor,"logical=24,cores=12,sockets=1,nodes=1",performance,rustc 1.97.0 (2d8144b78 2026-07-07),22.1.6,cargo 1.97.0 (c980f4866 2026-06-30),"release,lto=thin,debug=true",/home/bob/.cache/mess-bench,/dev/nvme0n1p3,ext4,/home,Samsung SSD 970 EVO Plus 2TB,[none] mq-deadline kyber bfq,249467760640,4096,1024,payload[i]=(i*131+17)&0xff,3.22509765625,accepted,,64,64,0,3745,bytes,239680,239680,33555200,3745,0,0,64,0,0,15764584,15952302,4050,4790,5590,3.220,3.220
e000051,exploratory,pwritev_full_8m,candidate,1,3,ABBA,pwritev_full_8m,process,24,1,64,4,domain,synthetic_sweep,1,015d813736625640f12d26c5d349b92c14fd2fb4,false,a897dfa99e98479b638409c432d3d2bc8e7ba7d5ba4e5a046dd229021f58bffd,12b1dafe765a77d1a17115b0ae12cff973f20ed7d6d770fbd790695fe081288e,afaa9ca40fef1b2a362af2af235634b472665287e554d16b829c09e1a70787ac,8d5b7eba8aea53574190e7d4a6d9e7b424bc23a9e2a0b6968a27f1772509492b,6e938dfcd266a2b0eac811d7ea7eabbd5b217965f88efa81371465134dbcab11,2026-07-15T17:58:43.518267+00:00,8o8-arch,7.0.12-arch1-1,AMD Ryzen 9 3900X 12-Core Processor,"logical=24,cores=12,sockets=1,nodes=1",performance,rustc 1.97.0 (2d8144b78 2026-07-07),22.1.6,cargo 1.97.0 (c980f4866 2026-06-30),"release,lto=thin,debug=true",/home/bob/.cache/mess-bench,/dev/nvme0n1p3,ext4,/home,Samsung SSD 970 EVO Plus 2TB,[none] mq-deadline kyber bfq,249467756544,4096,1024,payload[i]=(i*131+17)&0xff,3.22509765625,accepted,,64,64,0,3745,bytes,239680,239680,33555200,3745,0,0,64,0,0,17969454,18464320,4050,4830,24010,3.220,3.220
e000052,exploratory,pwritev_full_8m,baseline,1,4,ABBA,k_pwrite,process,24,1,64,4,domain,synthetic_sweep,1,015d813736625640f12d26c5d349b92c14fd2fb4,false,a897dfa99e98479b638409c432d3d2bc8e7ba7d5ba4e5a046dd229021f58bffd,12b1dafe765a77d1a17115b0ae12cff973f20ed7d6d770fbd790695fe081288e,afaa9ca40fef1b2a362af2af235634b472665287e554d16b829c09e1a70787ac,8d5b7eba8aea53574190e7d4a6d9e7b424bc23a9e2a0b6968a27f1772509492b,6e938dfcd266a2b0eac811d7ea7eabbd5b217965f88efa81371465134dbcab11,2026-07-15T17:58:44.539325+00:00,8o8-arch,7.0.12-arch1-1,AMD Ryzen 9 3900X 12-Core Processor,"logical=24,cores=12,sockets=1,nodes=1",performance,rustc 1.97.0 (2d8144b78 2026-07-07),22.1.6,cargo 1.97.0 (c980f4866 2026-06-30),"release,lto=thin,debug=true",/home/bob/.cache/mess-bench,/dev/nvme0n1p3,ext4,/home,Samsung SSD 970 EVO Plus 2TB,[none] mq-deadline kyber bfq,249467760640,4096,1024,payload[i]=(i*131+17)&0xff,3.22509765625,accepted,,64,64,0,3745,bytes,239680,239680,33555200,239680,0,0,0,0,0,188578957,190663920,46590,56210,187160,3.220,3.220
e000053,exploratory,copy_contiguous,candidate,1,1,BAAB,copy_contiguous,process,24,1,64,4,domain,synthetic_sweep,1,015d813736625640f12d26c5d349b92c14fd2fb4,false,a897dfa99e98479b638409c432d3d2bc8e7ba7d5ba4e5a046dd229021f58bffd,12b1dafe765a77d1a17115b0ae12cff973f20ed7d6d770fbd790695fe081288e,afaa9ca40fef1b2a362af2af235634b472665287e554d16b829c09e1a70787ac,8d5b7eba8aea53574190e7d4a6d9e7b424bc23a9e2a0b6968a27f1772509492b,6e938dfcd266a2b0eac811d7ea7eabbd5b217965f88efa81371465134dbcab11,2026-07-15T17:58:45.569747+00:00,8o8-arch,7.0.12-arch1-1,AMD Ryzen 9 3900X 12-Core Processor,"logical=24,cores=12,sockets=1,nodes=1",performance,rustc 1.97.0 (2d8144b78 2026-07-07),22.1.6,cargo 1.97.0 (c980f4866 2026-06-30),"release,lto=thin,debug=true",/home/bob/.cache/mess-bench,/dev/nvme0n1p3,ext4,/home,Samsung SSD 970 EVO Plus 2TB,[none] mq-deadline kyber bfq,249467752448,4096,1024,payload[i]=(i*131+17)&0xff,3.046875,accepted,,64,64,0,3745,bytes,239680,239680,33555200,3745,0,0,0,33555200,0,7826872,7875686,1980,2460,2600,3.050,3.050
e000054,exploratory,copy_contiguous,baseline,1,2,BAAB,k_pwrite,process,24,1,64,4,domain,synthetic_sweep,1,015d813736625640f12d26c5d349b92c14fd2fb4,false,a897dfa99e98479b638409c432d3d2bc8e7ba7d5ba4e5a046dd229021f58bffd,12b1dafe765a77d1a17115b0ae12cff973f20ed7d6d770fbd790695fe081288e,afaa9ca40fef1b2a362af2af235634b472665287e554d16b829c09e1a70787ac,8d5b7eba8aea53574190e7d4a6d9e7b424bc23a9e2a0b6968a27f1772509492b,6e938dfcd266a2b0eac811d7ea7eabbd5b217965f88efa81371465134dbcab11,2026-07-15T17:58:46.600293+00:00,8o8-arch,7.0.12-arch1-1,AMD Ryzen 9 3900X 12-Core Processor,"logical=24,cores=12,sockets=1,nodes=1",performance,rustc 1.97.0 (2d8144b78 2026-07-07),22.1.6,cargo 1.97.0 (c980f4866 2026-06-30),"release,lto=thin,debug=true",/home/bob/.cache/mess-bench,/dev/nvme0n1p3,ext4,/home,Samsung SSD 970 EVO Plus 2TB,[none] mq-deadline kyber bfq,249467752448,4096,1024,payload[i]=(i*131+17)&0xff,3.046875,accepted,,64,64,0,3745,bytes,239680,239680,33555200,239680,0,0,0,0,0,184990595,189041351,46350,57570,80100,3.050,3.050
e000055,exploratory,copy_contiguous,baseline,1,3,BAAB,k_pwrite,process,24,1,64,4,domain,synthetic_sweep,1,015d813736625640f12d26c5d349b92c14fd2fb4,false,a897dfa99e98479b638409c432d3d2bc8e7ba7d5ba4e5a046dd229021f58bffd,12b1dafe765a77d1a17115b0ae12cff973f20ed7d6d770fbd790695fe081288e,afaa9ca40fef1b2a362af2af235634b472665287e554d16b829c09e1a70787ac,8d5b7eba8aea53574190e7d4a6d9e7b424bc23a9e2a0b6968a27f1772509492b,6e938dfcd266a2b0eac811d7ea7eabbd5b217965f88efa81371465134dbcab11,2026-07-15T17:58:47.632346+00:00,8o8-arch,7.0.12-arch1-1,AMD Ryzen 9 3900X 12-Core Processor,"logical=24,cores=12,sockets=1,nodes=1",performance,rustc 1.97.0 (2d8144b78 2026-07-07),22.1.6,cargo 1.97.0 (c980f4866 2026-06-30),"release,lto=thin,debug=true",/home/bob/.cache/mess-bench,/dev/nvme0n1p3,ext4,/home,Samsung SSD 970 EVO Plus 2TB,[none] mq-deadline kyber bfq,249467748352,4096,1024,payload[i]=(i*131+17)&0xff,3.046875,accepted,,64,64,0,3745,bytes,239680,239680,33555200,239680,0,0,0,0,0,187924527,189678411,46489,57770,122300,3.050,3.050
e000056,exploratory,copy_contiguous,candidate,1,4,BAAB,copy_contiguous,process,24,1,64,4,domain,synthetic_sweep,1,015d813736625640f12d26c5d349b92c14fd2fb4,false,a897dfa99e98479b638409c432d3d2bc8e7ba7d5ba4e5a046dd229021f58bffd,12b1dafe765a77d1a17115b0ae12cff973f20ed7d6d770fbd790695fe081288e,afaa9ca40fef1b2a362af2af235634b472665287e554d16b829c09e1a70787ac,8d5b7eba8aea53574190e7d4a6d9e7b424bc23a9e2a0b6968a27f1772509492b,6e938dfcd266a2b0eac811d7ea7eabbd5b217965f88efa81371465134dbcab11,2026-07-15T17:58:48.655470+00:00,8o8-arch,7.0.12-arch1-1,AMD Ryzen 9 3900X 12-Core Processor,"logical=24,cores=12,sockets=1,nodes=1",performance,rustc 1.97.0 (2d8144b78 2026-07-07),22.1.6,cargo 1.97.0 (c980f4866 2026-06-30),"release,lto=thin,debug=true",/home/bob/.cache/mess-bench,/dev/nvme0n1p3,ext4,/home,Samsung SSD 970 EVO Plus 2TB,[none] mq-deadline kyber bfq,249467760640,4096,1024,payload[i]=(i*131+17)&0xff,3.046875,accepted,,64,64,0,3745,bytes,239680,239680,33555200,3745,0,0,0,33555200,0,7776502,7833845,1990,2020,2590,3.050,3.050
e000057,exploratory,pwritev_full_8m,baseline,1,1,ABBA,k_pwrite,process,24,1,64,4,new_name,synthetic_sweep,1,015d813736625640f12d26c5d349b92c14fd2fb4,false,a897dfa99e98479b638409c432d3d2bc8e7ba7d5ba4e5a046dd229021f58bffd,12b1dafe765a77d1a17115b0ae12cff973f20ed7d6d770fbd790695fe081288e,afaa9ca40fef1b2a362af2af235634b472665287e554d16b829c09e1a70787ac,8d5b7eba8aea53574190e7d4a6d9e7b424bc23a9e2a0b6968a27f1772509492b,6e938dfcd266a2b0eac811d7ea7eabbd5b217965f88efa81371465134dbcab11,2026-07-15T17:58:49.685517+00:00,8o8-arch,7.0.12-arch1-1,AMD Ryzen 9 3900X 12-Core Processor,"logical=24,cores=12,sockets=1,nodes=1",performance,rustc 1.97.0 (2d8144b78 2026-07-07),22.1.6,cargo 1.97.0 (c980f4866 2026-06-30),"release,lto=thin,debug=true",/home/bob/.cache/mess-bench,/dev/nvme0n1p3,ext4,/home,Samsung SSD 970 EVO Plus 2TB,[none] mq-deadline kyber bfq,249467748352,4096,1024,payload[i]=(i*131+17)&0xff,3.046875,accepted,,64,128,0,1873,bytes,239744,119872,33564160,239744,0,0,0,0,0,180212364,184493063,93090,111540,127249,3.050,3.050
e000058,exploratory,pwritev_full_8m,candidate,1,2,ABBA,pwritev_full_8m,process,24,1,64,4,new_name,synthetic_sweep,1,015d813736625640f12d26c5d349b92c14fd2fb4,false,a897dfa99e98479b638409c432d3d2bc8e7ba7d5ba4e5a046dd229021f58bffd,12b1dafe765a77d1a17115b0ae12cff973f20ed7d6d770fbd790695fe081288e,afaa9ca40fef1b2a362af2af235634b472665287e554d16b829c09e1a70787ac,8d5b7eba8aea53574190e7d4a6d9e7b424bc23a9e2a0b6968a27f1772509492b,6e938dfcd266a2b0eac811d7ea7eabbd5b217965f88efa81371465134dbcab11,2026-07-15T17:58:50.707680+00:00,8o8-arch,7.0.12-arch1-1,AMD Ryzen 9 3900X 12-Core Processor,"logical=24,cores=12,sockets=1,nodes=1",performance,rustc 1.97.0 (2d8144b78 2026-07-07),22.1.6,cargo 1.97.0 (c980f4866 2026-06-30),"release,lto=thin,debug=true",/home/bob/.cache/mess-bench,/dev/nvme0n1p3,ext4,/home,Samsung SSD 970 EVO Plus 2TB,[none] mq-deadline kyber bfq,249467748352,4096,1024,payload[i]=(i*131+17)&0xff,2.8828125,accepted,,64,128,0,1873,bytes,239744,119872,33564160,1873,0,0,128,0,0,15190044,15690011,7000,9010,29510,2.880,2.880
e000059,exploratory,pwritev_full_8m,candidate,1,3,ABBA,pwritev_full_8m,process,24,1,64,4,new_name,synthetic_sweep,1,015d813736625640f12d26c5d349b92c14fd2fb4,false,a897dfa99e98479b638409c432d3d2bc8e7ba7d5ba4e5a046dd229021f58bffd,12b1dafe765a77d1a17115b0ae12cff973f20ed7d6d770fbd790695fe081288e,afaa9ca40fef1b2a362af2af235634b472665287e554d16b829c09e1a70787ac,8d5b7eba8aea53574190e7d4a6d9e7b424bc23a9e2a0b6968a27f1772509492b,6e938dfcd266a2b0eac811d7ea7eabbd5b217965f88efa81371465134dbcab11,2026-07-15T17:58:51.733711+00:00,8o8-arch,7.0.12-arch1-1,AMD Ryzen 9 3900X 12-Core Processor,"logical=24,cores=12,sockets=1,nodes=1",performance,rustc 1.97.0 (2d8144b78 2026-07-07),22.1.6,cargo 1.97.0 (c980f4866 2026-06-30),"release,lto=thin,debug=true",/home/bob/.cache/mess-bench,/dev/nvme0n1p3,ext4,/home,Samsung SSD 970 EVO Plus 2TB,[none] mq-deadline kyber bfq,249467748352,4096,1024,payload[i]=(i*131+17)&0xff,2.8828125,accepted,,64,128,0,1873,bytes,239744,119872,33564160,1873,0,0,128,0,0,13567773,13742053,6990,8170,14110,2.880,2.880
e000060,exploratory,pwritev_full_8m,baseline,1,4,ABBA,k_pwrite,process,24,1,64,4,new_name,synthetic_sweep,1,015d813736625640f12d26c5d349b92c14fd2fb4,false,a897dfa99e98479b638409c432d3d2bc8e7ba7d5ba4e5a046dd229021f58bffd,12b1dafe765a77d1a17115b0ae12cff973f20ed7d6d770fbd790695fe081288e,afaa9ca40fef1b2a362af2af235634b472665287e554d16b829c09e1a70787ac,8d5b7eba8aea53574190e7d4a6d9e7b424bc23a9e2a0b6968a27f1772509492b,6e938dfcd266a2b0eac811d7ea7eabbd5b217965f88efa81371465134dbcab11,2026-07-15T17:58:52.759525+00:00,8o8-arch,7.0.12-arch1-1,AMD Ryzen 9 3900X 12-Core Processor,"logical=24,cores=12,sockets=1,nodes=1",performance,rustc 1.97.0 (2d8144b78 2026-07-07),22.1.6,cargo 1.97.0 (c980f4866 2026-06-30),"release,lto=thin,debug=true",/home/bob/.cache/mess-bench,/dev/nvme0n1p3,ext4,/home,Samsung SSD 970 EVO Plus 2TB,[none] mq-deadline kyber bfq,249467707392,4096,1024,payload[i]=(i*131+17)&0xff,2.8828125,accepted,,64,128,0,1873,bytes,239744,119872,33564160,239744,0,0,0,0,0,183559215,184923533,92870,109910,128740,2.880,2.880
e000061,exploratory,pwritev_64_8m,candidate,1,1,BAAB,pwritev_64_8m,process,24,1,64,4,new_name,synthetic_sweep,1,015d813736625640f12d26c5d349b92c14fd2fb4,false,a897dfa99e98479b638409c432d3d2bc8e7ba7d5ba4e5a046dd229021f58bffd,12b1dafe765a77d1a17115b0ae12cff973f20ed7d6d770fbd790695fe081288e,afaa9ca40fef1b2a362af2af235634b472665287e554d16b829c09e1a70787ac,8d5b7eba8aea53574190e7d4a6d9e7b424bc23a9e2a0b6968a27f1772509492b,6e938dfcd266a2b0eac811d7ea7eabbd5b217965f88efa81371465134dbcab11,2026-07-15T17:58:53.787228+00:00,8o8-arch,7.0.12-arch1-1,AMD Ryzen 9 3900X 12-Core Processor,"logical=24,cores=12,sockets=1,nodes=1",performance,rustc 1.97.0 (2d8144b78 2026-07-07),22.1.6,cargo 1.97.0 (c980f4866 2026-06-30),"release,lto=thin,debug=true",/home/bob/.cache/mess-bench,/dev/nvme0n1p3,ext4,/home,Samsung SSD 970 EVO Plus 2TB,[none] mq-deadline kyber bfq,249467703296,4096,1024,payload[i]=(i*131+17)&0xff,2.8828125,accepted,,64,128,0,1873,bytes,239744,119872,33564160,3746,0,0,64,0,0,15859374,15988421,8180,9250,14830,2.880,2.880
e000062,exploratory,pwritev_64_8m,baseline,1,2,BAAB,k_pwrite,process,24,1,64,4,new_name,synthetic_sweep,1,015d813736625640f12d26c5d349b92c14fd2fb4,false,a897dfa99e98479b638409c432d3d2bc8e7ba7d5ba4e5a046dd229021f58bffd,12b1dafe765a77d1a17115b0ae12cff973f20ed7d6d770fbd790695fe081288e,afaa9ca40fef1b2a362af2af235634b472665287e554d16b829c09e1a70787ac,8d5b7eba8aea53574190e7d4a6d9e7b424bc23a9e2a0b6968a27f1772509492b,6e938dfcd266a2b0eac811d7ea7eabbd5b217965f88efa81371465134dbcab11,2026-07-15T17:58:54.817720+00:00,8o8-arch,7.0.12-arch1-1,AMD Ryzen 9 3900X 12-Core Processor,"logical=24,cores=12,sockets=1,nodes=1",performance,rustc 1.97.0 (2d8144b78 2026-07-07),22.1.6,cargo 1.97.0 (c980f4866 2026-06-30),"release,lto=thin,debug=true",/home/bob/.cache/mess-bench,/dev/nvme0n1p3,ext4,/home,Samsung SSD 970 EVO Plus 2TB,[none] mq-deadline kyber bfq,249467699200,4096,1024,payload[i]=(i*131+17)&0xff,2.8828125,accepted,,64,128,0,1873,bytes,239744,119872,33564160,239744,0,0,0,0,0,181714845,183537613,93540,117900,133760,2.880,2.880
e000063,exploratory,pwritev_64_8m,baseline,1,3,BAAB,k_pwrite,process,24,1,64,4,new_name,synthetic_sweep,1,015d813736625640f12d26c5d349b92c14fd2fb4,false,a897dfa99e98479b638409c432d3d2bc8e7ba7d5ba4e5a046dd229021f58bffd,12b1dafe765a77d1a17115b0ae12cff973f20ed7d6d770fbd790695fe081288e,afaa9ca40fef1b2a362af2af235634b472665287e554d16b829c09e1a70787ac,8d5b7eba8aea53574190e7d4a6d9e7b424bc23a9e2a0b6968a27f1772509492b,6e938dfcd266a2b0eac811d7ea7eabbd5b217965f88efa81371465134dbcab11,2026-07-15T17:58:55.845863+00:00,8o8-arch,7.0.12-arch1-1,AMD Ryzen 9 3900X 12-Core Processor,"logical=24,cores=12,sockets=1,nodes=1",performance,rustc 1.97.0 (2d8144b78 2026-07-07),22.1.6,cargo 1.97.0 (c980f4866 2026-06-30),"release,lto=thin,debug=true",/home/bob/.cache/mess-bench,/dev/nvme0n1p3,ext4,/home,Samsung SSD 970 EVO Plus 2TB,[none] mq-deadline kyber bfq,249467662336,4096,1024,payload[i]=(i*131+17)&0xff,2.65185546875,accepted,,64,128,0,1873,bytes,239744,119872,33564160,239744,0,0,0,0,0,188338436,190455690,93209,108810,257520,2.650,2.650
e000064,exploratory,pwritev_64_8m,candidate,1,4,BAAB,pwritev_64_8m,process,24,1,64,4,new_name,synthetic_sweep,1,015d813736625640f12d26c5d349b92c14fd2fb4,false,a897dfa99e98479b638409c432d3d2bc8e7ba7d5ba4e5a046dd229021f58bffd,12b1dafe765a77d1a17115b0ae12cff973f20ed7d6d770fbd790695fe081288e,afaa9ca40fef1b2a362af2af235634b472665287e554d16b829c09e1a70787ac,8d5b7eba8aea53574190e7d4a6d9e7b424bc23a9e2a0b6968a27f1772509492b,6e938dfcd266a2b0eac811d7ea7eabbd5b217965f88efa81371465134dbcab11,2026-07-15T17:58:56.875239+00:00,8o8-arch,7.0.12-arch1-1,AMD Ryzen 9 3900X 12-Core Processor,"logical=24,cores=12,sockets=1,nodes=1",performance,rustc 1.97.0 (2d8144b78 2026-07-07),22.1.6,cargo 1.97.0 (c980f4866 2026-06-30),"release,lto=thin,debug=true",/home/bob/.cache/mess-bench,/dev/nvme0n1p3,ext4,/home,Samsung SSD 970 EVO Plus 2TB,[none] mq-deadline kyber bfq,249467686912,4096,1024,payload[i]=(i*131+17)&0xff,2.65185546875,accepted,,64,128,0,1873,bytes,239744,119872,33564160,3746,0,0,64,0,0,15888714,16143941,8160,8490,16280,2.650,2.650
e000065,exploratory,copy_contiguous,baseline,1,1,ABBA,k_pwrite,process,24,1,64,4,new_name,synthetic_sweep,1,015d813736625640f12d26c5d349b92c14fd2fb4,false,a897dfa99e98479b638409c432d3d2bc8e7ba7d5ba4e5a046dd229021f58bffd,12b1dafe765a77d1a17115b0ae12cff973f20ed7d6d770fbd790695fe081288e,afaa9ca40fef1b2a362af2af235634b472665287e554d16b829c09e1a70787ac,8d5b7eba8aea53574190e7d4a6d9e7b424bc23a9e2a0b6968a27f1772509492b,6e938dfcd266a2b0eac811d7ea7eabbd5b217965f88efa81371465134dbcab11,2026-07-15T17:58:57.907294+00:00,8o8-arch,7.0.12-arch1-1,AMD Ryzen 9 3900X 12-Core Processor,"logical=24,cores=12,sockets=1,nodes=1",performance,rustc 1.97.0 (2d8144b78 2026-07-07),22.1.6,cargo 1.97.0 (c980f4866 2026-06-30),"release,lto=thin,debug=true",/home/bob/.cache/mess-bench,/dev/nvme0n1p3,ext4,/home,Samsung SSD 970 EVO Plus 2TB,[none] mq-deadline kyber bfq,249467686912,4096,1024,payload[i]=(i*131+17)&0xff,2.65185546875,accepted,,64,128,0,1873,bytes,239744,119872,33564160,239744,0,0,0,0,0,190374468,192854039,93370,113950,403290,2.650,2.650
e000066,exploratory,copy_contiguous,candidate,1,2,ABBA,copy_contiguous,process,24,1,64,4,new_name,synthetic_sweep,1,015d813736625640f12d26c5d349b92c14fd2fb4,false,a897dfa99e98479b638409c432d3d2bc8e7ba7d5ba4e5a046dd229021f58bffd,12b1dafe765a77d1a17115b0ae12cff973f20ed7d6d770fbd790695fe081288e,afaa9ca40fef1b2a362af2af235634b472665287e554d16b829c09e1a70787ac,8d5b7eba8aea53574190e7d4a6d9e7b424bc23a9e2a0b6968a27f1772509492b,6e938dfcd266a2b0eac811d7ea7eabbd5b217965f88efa81371465134dbcab11,2026-07-15T17:58:58.932804+00:00,8o8-arch,7.0.12-arch1-1,AMD Ryzen 9 3900X 12-Core Processor,"logical=24,cores=12,sockets=1,nodes=1",performance,rustc 1.97.0 (2d8144b78 2026-07-07),22.1.6,cargo 1.97.0 (c980f4866 2026-06-30),"release,lto=thin,debug=true",/home/bob/.cache/mess-bench,/dev/nvme0n1p3,ext4,/home,Samsung SSD 970 EVO Plus 2TB,[none] mq-deadline kyber bfq,249467682816,4096,1024,payload[i]=(i*131+17)&0xff,2.65185546875,accepted,,64,128,0,1873,bytes,239744,119872,33564160,1873,0,0,0,33564160,0,5694891,5737306,2970,2990,3310,2.650,2.650
e000067,exploratory,copy_contiguous,candidate,1,3,ABBA,copy_contiguous,process,24,1,64,4,new_name,synthetic_sweep,1,015d813736625640f12d26c5d349b92c14fd2fb4,false,a897dfa99e98479b638409c432d3d2bc8e7ba7d5ba4e5a046dd229021f58bffd,12b1dafe765a77d1a17115b0ae12cff973f20ed7d6d770fbd790695fe081288e,afaa9ca40fef1b2a362af2af235634b472665287e554d16b829c09e1a70787ac,8d5b7eba8aea53574190e7d4a6d9e7b424bc23a9e2a0b6968a27f1772509492b,6e938dfcd266a2b0eac811d7ea7eabbd5b217965f88efa81371465134dbcab11,2026-07-15T17:58:59.963800+00:00,8o8-arch,7.0.12-arch1-1,AMD Ryzen 9 3900X 12-Core Processor,"logical=24,cores=12,sockets=1,nodes=1",performance,rustc 1.97.0 (2d8144b78 2026-07-07),22.1.6,cargo 1.97.0 (c980f4866 2026-06-30),"release,lto=thin,debug=true",/home/bob/.cache/mess-bench,/dev/nvme0n1p3,ext4,/home,Samsung SSD 970 EVO Plus 2TB,[none] mq-deadline kyber bfq,249467682816,4096,1024,payload[i]=(i*131+17)&0xff,2.65185546875,accepted,,64,128,0,1873,bytes,239744,119872,33564160,1873,0,0,0,33564160,0,5688571,5733447,2940,2970,3840,2.650,2.650
e000068,exploratory,copy_contiguous,baseline,1,4,ABBA,k_pwrite,process,24,1,64,4,new_name,synthetic_sweep,1,015d813736625640f12d26c5d349b92c14fd2fb4,false,a897dfa99e98479b638409c432d3d2bc8e7ba7d5ba4e5a046dd229021f58bffd,12b1dafe765a77d1a17115b0ae12cff973f20ed7d6d770fbd790695fe081288e,afaa9ca40fef1b2a362af2af235634b472665287e554d16b829c09e1a70787ac,8d5b7eba8aea53574190e7d4a6d9e7b424bc23a9e2a0b6968a27f1772509492b,6e938dfcd266a2b0eac811d7ea7eabbd5b217965f88efa81371465134dbcab11,2026-07-15T17:59:00.988833+00:00,8o8-arch,7.0.12-arch1-1,AMD Ryzen 9 3900X 12-Core Processor,"logical=24,cores=12,sockets=1,nodes=1",performance,rustc 1.97.0 (2d8144b78 2026-07-07),22.1.6,cargo 1.97.0 (c980f4866 2026-06-30),"release,lto=thin,debug=true",/home/bob/.cache/mess-bench,/dev/nvme0n1p3,ext4,/home,Samsung SSD 970 EVO Plus 2TB,[none] mq-deadline kyber bfq,249467637760,4096,1024,payload[i]=(i*131+17)&0xff,2.439453125,accepted,,64,128,0,1873,bytes,239744,119872,33564160,239744,0,0,0,0,0,178319675,179638075,93180,112490,123920,2.440,2.440
e000069,exploratory,pwritev_full_8m,candidate,1,1,BAAB,pwritev_full_8m,process,24,1,256,4,domain,synthetic_sweep,1,015d813736625640f12d26c5d349b92c14fd2fb4,false,a897dfa99e98479b638409c432d3d2bc8e7ba7d5ba4e5a046dd229021f58bffd,12b1dafe765a77d1a17115b0ae12cff973f20ed7d6d770fbd790695fe081288e,afaa9ca40fef1b2a362af2af235634b472665287e554d16b829c09e1a70787ac,8d5b7eba8aea53574190e7d4a6d9e7b424bc23a9e2a0b6968a27f1772509492b,6e938dfcd266a2b0eac811d7ea7eabbd5b217965f88efa81371465134dbcab11,2026-07-15T17:59:02.020614+00:00,8o8-arch,7.0.12-arch1-1,AMD Ryzen 9 3900X 12-Core Processor,"logical=24,cores=12,sockets=1,nodes=1",performance,rustc 1.97.0 (2d8144b78 2026-07-07),22.1.6,cargo 1.97.0 (c980f4866 2026-06-30),"release,lto=thin,debug=true",/home/bob/.cache/mess-bench,/dev/nvme0n1p3,ext4,/home,Samsung SSD 970 EVO Plus 2TB,[none] mq-deadline kyber bfq,249467674624,4096,1024,payload[i]=(i*131+17)&0xff,2.439453125,accepted,,256,256,0,937,bytes,239872,239872,33582080,937,0,0,256,0,0,11813523,12015023,12420,12740,18350,2.440,2.440
e000070,exploratory,pwritev_full_8m,baseline,1,2,BAAB,k_pwrite,process,24,1,256,4,domain,synthetic_sweep,1,015d813736625640f12d26c5d349b92c14fd2fb4,false,a897dfa99e98479b638409c432d3d2bc8e7ba7d5ba4e5a046dd229021f58bffd,12b1dafe765a77d1a17115b0ae12cff973f20ed7d6d770fbd790695fe081288e,afaa9ca40fef1b2a362af2af235634b472665287e554d16b829c09e1a70787ac,8d5b7eba8aea53574190e7d4a6d9e7b424bc23a9e2a0b6968a27f1772509492b,6e938dfcd266a2b0eac811d7ea7eabbd5b217965f88efa81371465134dbcab11,2026-07-15T17:59:03.050620+00:00,8o8-arch,7.0.12-arch1-1,AMD Ryzen 9 3900X 12-Core Processor,"logical=24,cores=12,sockets=1,nodes=1",performance,rustc 1.97.0 (2d8144b78 2026-07-07),22.1.6,cargo 1.97.0 (c980f4866 2026-06-30),"release,lto=thin,debug=true",/home/bob/.cache/mess-bench,/dev/nvme0n1p3,ext4,/home,Samsung SSD 970 EVO Plus 2TB,[none] mq-deadline kyber bfq,249467666432,4096,1024,payload[i]=(i*131+17)&0xff,2.439453125,accepted,,256,256,0,937,bytes,239872,239872,33582080,239872,0,0,0,0,0,183846216,185447412,187810,232880,328900,2.440,2.440
e000071,exploratory,pwritev_full_8m,baseline,1,3,BAAB,k_pwrite,process,24,1,256,4,domain,synthetic_sweep,1,015d813736625640f12d26c5d349b92c14fd2fb4,false,a897dfa99e98479b638409c432d3d2bc8e7ba7d5ba4e5a046dd229021f58bffd,12b1dafe765a77d1a17115b0ae12cff973f20ed7d6d770fbd790695fe081288e,afaa9ca40fef1b2a362af2af235634b472665287e554d16b829c09e1a70787ac,8d5b7eba8aea53574190e7d4a6d9e7b424bc23a9e2a0b6968a27f1772509492b,6e938dfcd266a2b0eac811d7ea7eabbd5b217965f88efa81371465134dbcab11,2026-07-15T17:59:04.079408+00:00,8o8-arch,7.0.12-arch1-1,AMD Ryzen 9 3900X 12-Core Processor,"logical=24,cores=12,sockets=1,nodes=1",performance,rustc 1.97.0 (2d8144b78 2026-07-07),22.1.6,cargo 1.97.0 (c980f4866 2026-06-30),"release,lto=thin,debug=true",/home/bob/.cache/mess-bench,/dev/nvme0n1p3,ext4,/home,Samsung SSD 970 EVO Plus 2TB,[none] mq-deadline kyber bfq,249467662336,4096,1024,payload[i]=(i*131+17)&0xff,2.439453125,accepted,,256,256,0,937,bytes,239872,239872,33582080,239872,0,0,0,0,0,186472687,189213830,186490,211790,282820,2.440,2.440
e000072,exploratory,pwritev_full_8m,candidate,1,4,BAAB,pwritev_full_8m,process,24,1,256,4,domain,synthetic_sweep,1,015d813736625640f12d26c5d349b92c14fd2fb4,false,a897dfa99e98479b638409c432d3d2bc8e7ba7d5ba4e5a046dd229021f58bffd,12b1dafe765a77d1a17115b0ae12cff973f20ed7d6d770fbd790695fe081288e,afaa9ca40fef1b2a362af2af235634b472665287e554d16b829c09e1a70787ac,8d5b7eba8aea53574190e7d4a6d9e7b424bc23a9e2a0b6968a27f1772509492b,6e938dfcd266a2b0eac811d7ea7eabbd5b217965f88efa81371465134dbcab11,2026-07-15T17:59:05.102250+00:00,8o8-arch,7.0.12-arch1-1,AMD Ryzen 9 3900X 12-Core Processor,"logical=24,cores=12,sockets=1,nodes=1",performance,rustc 1.97.0 (2d8144b78 2026-07-07),22.1.6,cargo 1.97.0 (c980f4866 2026-06-30),"release,lto=thin,debug=true",/home/bob/.cache/mess-bench,/dev/nvme0n1p3,ext4,/home,Samsung SSD 970 EVO Plus 2TB,[none] mq-deadline kyber bfq,249467654144,4096,1024,payload[i]=(i*131+17)&0xff,2.439453125,accepted,,256,256,0,937,bytes,239872,239872,33582080,937,0,0,256,0,0,11749052,11862514,12390,13400,20410,2.440,2.440
e000073,exploratory,pwritev_64_8m,baseline,1,1,ABBA,k_pwrite,process,24,1,256,4,domain,synthetic_sweep,1,015d813736625640f12d26c5d349b92c14fd2fb4,false,a897dfa99e98479b638409c432d3d2bc8e7ba7d5ba4e5a046dd229021f58bffd,12b1dafe765a77d1a17115b0ae12cff973f20ed7d6d770fbd790695fe081288e,afaa9ca40fef1b2a362af2af235634b472665287e554d16b829c09e1a70787ac,8d5b7eba8aea53574190e7d4a6d9e7b424bc23a9e2a0b6968a27f1772509492b,6e938dfcd266a2b0eac811d7ea7eabbd5b217965f88efa81371465134dbcab11,2026-07-15T17:59:06.127906+00:00,8o8-arch,7.0.12-arch1-1,AMD Ryzen 9 3900X 12-Core Processor,"logical=24,cores=12,sockets=1,nodes=1",performance,rustc 1.97.0 (2d8144b78 2026-07-07),22.1.6,cargo 1.97.0 (c980f4866 2026-06-30),"release,lto=thin,debug=true",/home/bob/.cache/mess-bench,/dev/nvme0n1p3,ext4,/home,Samsung SSD 970 EVO Plus 2TB,[none] mq-deadline kyber bfq,249467658240,4096,1024,payload[i]=(i*131+17)&0xff,2.24365234375,accepted,,256,256,0,937,bytes,239872,239872,33582080,239872,0,0,0,0,0,188967528,191626288,187600,232510,848689,2.240,2.240
e000074,exploratory,pwritev_64_8m,candidate,1,2,ABBA,pwritev_64_8m,process,24,1,256,4,domain,synthetic_sweep,1,015d813736625640f12d26c5d349b92c14fd2fb4,false,a897dfa99e98479b638409c432d3d2bc8e7ba7d5ba4e5a046dd229021f58bffd,12b1dafe765a77d1a17115b0ae12cff973f20ed7d6d770fbd790695fe081288e,afaa9ca40fef1b2a362af2af235634b472665287e554d16b829c09e1a70787ac,8d5b7eba8aea53574190e7d4a6d9e7b424bc23a9e2a0b6968a27f1772509492b,6e938dfcd266a2b0eac811d7ea7eabbd5b217965f88efa81371465134dbcab11,2026-07-15T17:59:07.157885+00:00,8o8-arch,7.0.12-arch1-1,AMD Ryzen 9 3900X 12-Core Processor,"logical=24,cores=12,sockets=1,nodes=1",performance,rustc 1.97.0 (2d8144b78 2026-07-07),22.1.6,cargo 1.97.0 (c980f4866 2026-06-30),"release,lto=thin,debug=true",/home/bob/.cache/mess-bench,/dev/nvme0n1p3,ext4,/home,Samsung SSD 970 EVO Plus 2TB,[none] mq-deadline kyber bfq,249467654144,4096,1024,payload[i]=(i*131+17)&0xff,2.24365234375,accepted,,256,256,0,937,bytes,239872,239872,33582080,3748,0,0,64,0,0,15662784,15793101,16380,18580,25710,2.240,2.240
e000075,exploratory,pwritev_64_8m,candidate,1,3,ABBA,pwritev_64_8m,process,24,1,256,4,domain,synthetic_sweep,1,015d813736625640f12d26c5d349b92c14fd2fb4,false,a897dfa99e98479b638409c432d3d2bc8e7ba7d5ba4e5a046dd229021f58bffd,12b1dafe765a77d1a17115b0ae12cff973f20ed7d6d770fbd790695fe081288e,afaa9ca40fef1b2a362af2af235634b472665287e554d16b829c09e1a70787ac,8d5b7eba8aea53574190e7d4a6d9e7b424bc23a9e2a0b6968a27f1772509492b,6e938dfcd266a2b0eac811d7ea7eabbd5b217965f88efa81371465134dbcab11,2026-07-15T17:59:08.187226+00:00,8o8-arch,7.0.12-arch1-1,AMD Ryzen 9 3900X 12-Core Processor,"logical=24,cores=12,sockets=1,nodes=1",performance,rustc 1.97.0 (2d8144b78 2026-07-07),22.1.6,cargo 1.97.0 (c980f4866 2026-06-30),"release,lto=thin,debug=true",/home/bob/.cache/mess-bench,/dev/nvme0n1p3,ext4,/home,Samsung SSD 970 EVO Plus 2TB,[none] mq-deadline kyber bfq,249467650048,4096,1024,payload[i]=(i*131+17)&0xff,2.24365234375,accepted,,256,256,0,937,bytes,239872,239872,33582080,3748,0,0,64,0,0,15707052,15837282,16320,19120,25930,2.240,2.240
e000076,exploratory,pwritev_64_8m,baseline,1,4,ABBA,k_pwrite,process,24,1,256,4,domain,synthetic_sweep,1,015d813736625640f12d26c5d349b92c14fd2fb4,false,a897dfa99e98479b638409c432d3d2bc8e7ba7d5ba4e5a046dd229021f58bffd,12b1dafe765a77d1a17115b0ae12cff973f20ed7d6d770fbd790695fe081288e,afaa9ca40fef1b2a362af2af235634b472665287e554d16b829c09e1a70787ac,8d5b7eba8aea53574190e7d4a6d9e7b424bc23a9e2a0b6968a27f1772509492b,6e938dfcd266a2b0eac811d7ea7eabbd5b217965f88efa81371465134dbcab11,2026-07-15T17:59:09.216688+00:00,8o8-arch,7.0.12-arch1-1,AMD Ryzen 9 3900X 12-Core Processor,"logical=24,cores=12,sockets=1,nodes=1",performance,rustc 1.97.0 (2d8144b78 2026-07-07),22.1.6,cargo 1.97.0 (c980f4866 2026-06-30),"release,lto=thin,debug=true",/home/bob/.cache/mess-bench,/dev/nvme0n1p3,ext4,/home,Samsung SSD 970 EVO Plus 2TB,[none] mq-deadline kyber bfq,249467637760,4096,1024,payload[i]=(i*131+17)&0xff,2.24365234375,accepted,,256,256,0,937,bytes,239872,239872,33582080,239872,0,0,0,0,0,189255757,190639589,187640,209970,431049,2.240,2.240
e000077,exploratory,copy_contiguous,candidate,1,1,BAAB,copy_contiguous,process,24,1,256,4,domain,synthetic_sweep,1,015d813736625640f12d26c5d349b92c14fd2fb4,false,a897dfa99e98479b638409c432d3d2bc8e7ba7d5ba4e5a046dd229021f58bffd,12b1dafe765a77d1a17115b0ae12cff973f20ed7d6d770fbd790695fe081288e,afaa9ca40fef1b2a362af2af235634b472665287e554d16b829c09e1a70787ac,8d5b7eba8aea53574190e7d4a6d9e7b424bc23a9e2a0b6968a27f1772509492b,6e938dfcd266a2b0eac811d7ea7eabbd5b217965f88efa81371465134dbcab11,2026-07-15T17:59:10.246099+00:00,8o8-arch,7.0.12-arch1-1,AMD Ryzen 9 3900X 12-Core Processor,"logical=24,cores=12,sockets=1,nodes=1",performance,rustc 1.97.0 (2d8144b78 2026-07-07),22.1.6,cargo 1.97.0 (c980f4866 2026-06-30),"release,lto=thin,debug=true",/home/bob/.cache/mess-bench,/dev/nvme0n1p3,ext4,/home,Samsung SSD 970 EVO Plus 2TB,[none] mq-deadline kyber bfq,249467637760,4096,1024,payload[i]=(i*131+17)&0xff,2.24365234375,accepted,,256,256,0,937,bytes,239872,239872,33582080,937,0,0,0,33582080,0,4415501,4473407,4500,5940,7500,2.240,2.240
e000078,exploratory,copy_contiguous,baseline,1,2,BAAB,k_pwrite,process,24,1,256,4,domain,synthetic_sweep,1,015d813736625640f12d26c5d349b92c14fd2fb4,false,a897dfa99e98479b638409c432d3d2bc8e7ba7d5ba4e5a046dd229021f58bffd,12b1dafe765a77d1a17115b0ae12cff973f20ed7d6d770fbd790695fe081288e,afaa9ca40fef1b2a362af2af235634b472665287e554d16b829c09e1a70787ac,8d5b7eba8aea53574190e7d4a6d9e7b424bc23a9e2a0b6968a27f1772509492b,6e938dfcd266a2b0eac811d7ea7eabbd5b217965f88efa81371465134dbcab11,2026-07-15T17:59:11.275192+00:00,8o8-arch,7.0.12-arch1-1,AMD Ryzen 9 3900X 12-Core Processor,"logical=24,cores=12,sockets=1,nodes=1",performance,rustc 1.97.0 (2d8144b78 2026-07-07),22.1.6,cargo 1.97.0 (c980f4866 2026-06-30),"release,lto=thin,debug=true",/home/bob/.cache/mess-bench,/dev/nvme0n1p3,ext4,/home,Samsung SSD 970 EVO Plus 2TB,[none] mq-deadline kyber bfq,249467637760,4096,1024,payload[i]=(i*131+17)&0xff,2.544921875,accepted,,256,256,0,937,bytes,239872,239872,33582080,239872,0,0,0,0,0,193542857,195501646,186500,235190,1110010,2.540,2.540
e000079,exploratory,copy_contiguous,baseline,1,3,BAAB,k_pwrite,process,24,1,256,4,domain,synthetic_sweep,1,015d813736625640f12d26c5d349b92c14fd2fb4,false,a897dfa99e98479b638409c432d3d2bc8e7ba7d5ba4e5a046dd229021f58bffd,12b1dafe765a77d1a17115b0ae12cff973f20ed7d6d770fbd790695fe081288e,afaa9ca40fef1b2a362af2af235634b472665287e554d16b829c09e1a70787ac,8d5b7eba8aea53574190e7d4a6d9e7b424bc23a9e2a0b6968a27f1772509492b,6e938dfcd266a2b0eac811d7ea7eabbd5b217965f88efa81371465134dbcab11,2026-07-15T17:59:12.305556+00:00,8o8-arch,7.0.12-arch1-1,AMD Ryzen 9 3900X 12-Core Processor,"logical=24,cores=12,sockets=1,nodes=1",performance,rustc 1.97.0 (2d8144b78 2026-07-07),22.1.6,cargo 1.97.0 (c980f4866 2026-06-30),"release,lto=thin,debug=true",/home/bob/.cache/mess-bench,/dev/nvme0n1p3,ext4,/home,Samsung SSD 970 EVO Plus 2TB,[none] mq-deadline kyber bfq,249467633664,4096,1024,payload[i]=(i*131+17)&0xff,2.544921875,accepted,,256,256,0,937,bytes,239872,239872,33582080,239872,0,0,0,0,0,182617986,184366133,188030,230920,293990,2.540,2.540
e000080,exploratory,copy_contiguous,candidate,1,4,BAAB,copy_contiguous,process,24,1,256,4,domain,synthetic_sweep,1,015d813736625640f12d26c5d349b92c14fd2fb4,false,a897dfa99e98479b638409c432d3d2bc8e7ba7d5ba4e5a046dd229021f58bffd,12b1dafe765a77d1a17115b0ae12cff973f20ed7d6d770fbd790695fe081288e,afaa9ca40fef1b2a362af2af235634b472665287e554d16b829c09e1a70787ac,8d5b7eba8aea53574190e7d4a6d9e7b424bc23a9e2a0b6968a27f1772509492b,6e938dfcd266a2b0eac811d7ea7eabbd5b217965f88efa81371465134dbcab11,2026-07-15T17:59:13.337722+00:00,8o8-arch,7.0.12-arch1-1,AMD Ryzen 9 3900X 12-Core Processor,"logical=24,cores=12,sockets=1,nodes=1",performance,rustc 1.97.0 (2d8144b78 2026-07-07),22.1.6,cargo 1.97.0 (c980f4866 2026-06-30),"release,lto=thin,debug=true",/home/bob/.cache/mess-bench,/dev/nvme0n1p3,ext4,/home,Samsung SSD 970 EVO Plus 2TB,[none] mq-deadline kyber bfq,249467629568,4096,1024,payload[i]=(i*131+17)&0xff,2.544921875,accepted,,256,256,0,937,bytes,239872,239872,33582080,937,0,0,0,33582080,0,4413681,4457377,4470,5640,6140,2.540,2.540
e000081,exploratory,pwritev_full_8m,baseline,1,1,ABBA,k_pwrite,process,24,1,256,4,new_name,synthetic_sweep,1,015d813736625640f12d26c5d349b92c14fd2fb4,false,a897dfa99e98479b638409c432d3d2bc8e7ba7d5ba4e5a046dd229021f58bffd,12b1dafe765a77d1a17115b0ae12cff973f20ed7d6d770fbd790695fe081288e,afaa9ca40fef1b2a362af2af235634b472665287e554d16b829c09e1a70787ac,8d5b7eba8aea53574190e7d4a6d9e7b424bc23a9e2a0b6968a27f1772509492b,6e938dfcd266a2b0eac811d7ea7eabbd5b217965f88efa81371465134dbcab11,2026-07-15T17:59:14.364701+00:00,8o8-arch,7.0.12-arch1-1,AMD Ryzen 9 3900X 12-Core Processor,"logical=24,cores=12,sockets=1,nodes=1",performance,rustc 1.97.0 (2d8144b78 2026-07-07),22.1.6,cargo 1.97.0 (c980f4866 2026-06-30),"release,lto=thin,debug=true",/home/bob/.cache/mess-bench,/dev/nvme0n1p3,ext4,/home,Samsung SSD 970 EVO Plus 2TB,[none] mq-deadline kyber bfq,249467629568,4096,1024,payload[i]=(i*131+17)&0xff,2.544921875,accepted,,256,512,0,469,bytes,240128,120064,33617920,240128,0,0,0,0,0,188733758,190367849,374710,450630,1482869,2.540,2.540
e000082,exploratory,pwritev_full_8m,candidate,1,2,ABBA,pwritev_full_8m,process,24,1,256,4,new_name,synthetic_sweep,1,015d813736625640f12d26c5d349b92c14fd2fb4,false,a897dfa99e98479b638409c432d3d2bc8e7ba7d5ba4e5a046dd229021f58bffd,12b1dafe765a77d1a17115b0ae12cff973f20ed7d6d770fbd790695fe081288e,afaa9ca40fef1b2a362af2af235634b472665287e554d16b829c09e1a70787ac,8d5b7eba8aea53574190e7d4a6d9e7b424bc23a9e2a0b6968a27f1772509492b,6e938dfcd266a2b0eac811d7ea7eabbd5b217965f88efa81371465134dbcab11,2026-07-15T17:59:15.394695+00:00,8o8-arch,7.0.12-arch1-1,AMD Ryzen 9 3900X 12-Core Processor,"logical=24,cores=12,sockets=1,nodes=1",performance,rustc 1.97.0 (2d8144b78 2026-07-07),22.1.6,cargo 1.97.0 (c980f4866 2026-06-30),"release,lto=thin,debug=true",/home/bob/.cache/mess-bench,/dev/nvme0n1p3,ext4,/home,Samsung SSD 970 EVO Plus 2TB,[none] mq-deadline kyber bfq,249467625472,4096,1024,payload[i]=(i*131+17)&0xff,2.66162109375,accepted,,256,512,0,469,bytes,240128,120064,33617920,469,0,0,512,0,0,11069712,11154324,23080,28610,30490,2.660,2.660
e000083,exploratory,pwritev_full_8m,candidate,1,3,ABBA,pwritev_full_8m,process,24,1,256,4,new_name,synthetic_sweep,1,015d813736625640f12d26c5d349b92c14fd2fb4,false,a897dfa99e98479b638409c432d3d2bc8e7ba7d5ba4e5a046dd229021f58bffd,12b1dafe765a77d1a17115b0ae12cff973f20ed7d6d770fbd790695fe081288e,afaa9ca40fef1b2a362af2af235634b472665287e554d16b829c09e1a70787ac,8d5b7eba8aea53574190e7d4a6d9e7b424bc23a9e2a0b6968a27f1772509492b,6e938dfcd266a2b0eac811d7ea7eabbd5b217965f88efa81371465134dbcab11,2026-07-15T17:59:16.422975+00:00,8o8-arch,7.0.12-arch1-1,AMD Ryzen 9 3900X 12-Core Processor,"logical=24,cores=12,sockets=1,nodes=1",performance,rustc 1.97.0 (2d8144b78 2026-07-07),22.1.6,cargo 1.97.0 (c980f4866 2026-06-30),"release,lto=thin,debug=true",/home/bob/.cache/mess-bench,/dev/nvme0n1p3,ext4,/home,Samsung SSD 970 EVO Plus 2TB,[none] mq-deadline kyber bfq,249467617280,4096,1024,payload[i]=(i*131+17)&0xff,2.66162109375,accepted,,256,512,0,469,bytes,240128,120064,33617920,469,0,0,512,0,0,10931893,10995024,23100,24920,29840,2.660,2.660
e000084,exploratory,pwritev_full_8m,baseline,1,4,ABBA,k_pwrite,process,24,1,256,4,new_name,synthetic_sweep,1,015d813736625640f12d26c5d349b92c14fd2fb4,false,a897dfa99e98479b638409c432d3d2bc8e7ba7d5ba4e5a046dd229021f58bffd,12b1dafe765a77d1a17115b0ae12cff973f20ed7d6d770fbd790695fe081288e,afaa9ca40fef1b2a362af2af235634b472665287e554d16b829c09e1a70787ac,8d5b7eba8aea53574190e7d4a6d9e7b424bc23a9e2a0b6968a27f1772509492b,6e938dfcd266a2b0eac811d7ea7eabbd5b217965f88efa81371465134dbcab11,2026-07-15T17:59:17.453136+00:00,8o8-arch,7.0.12-arch1-1,AMD Ryzen 9 3900X 12-Core Processor,"logical=24,cores=12,sockets=1,nodes=1",performance,rustc 1.97.0 (2d8144b78 2026-07-07),22.1.6,cargo 1.97.0 (c980f4866 2026-06-30),"release,lto=thin,debug=true",/home/bob/.cache/mess-bench,/dev/nvme0n1p3,ext4,/home,Samsung SSD 970 EVO Plus 2TB,[none] mq-deadline kyber bfq,249467613184,4096,1024,payload[i]=(i*131+17)&0xff,2.66162109375,accepted,,256,512,0,469,bytes,240128,120064,33617920,240128,0,0,0,0,0,184071307,187038740,376130,471759,780350,2.660,2.660
e000085,exploratory,pwritev_256_8m,candidate,1,1,BAAB,pwritev_256_8m,process,24,1,256,4,new_name,synthetic_sweep,1,015d813736625640f12d26c5d349b92c14fd2fb4,false,a897dfa99e98479b638409c432d3d2bc8e7ba7d5ba4e5a046dd229021f58bffd,12b1dafe765a77d1a17115b0ae12cff973f20ed7d6d770fbd790695fe081288e,afaa9ca40fef1b2a362af2af235634b472665287e554d16b829c09e1a70787ac,8d5b7eba8aea53574190e7d4a6d9e7b424bc23a9e2a0b6968a27f1772509492b,6e938dfcd266a2b0eac811d7ea7eabbd5b217965f88efa81371465134dbcab11,2026-07-15T17:59:18.483512+00:00,8o8-arch,7.0.12-arch1-1,AMD Ryzen 9 3900X 12-Core Processor,"logical=24,cores=12,sockets=1,nodes=1",performance,rustc 1.97.0 (2d8144b78 2026-07-07),22.1.6,cargo 1.97.0 (c980f4866 2026-06-30),"release,lto=thin,debug=true",/home/bob/.cache/mess-bench,/dev/nvme0n1p3,ext4,/home,Samsung SSD 970 EVO Plus 2TB,[none] mq-deadline kyber bfq,249467613184,4096,1024,payload[i]=(i*131+17)&0xff,2.66162109375,accepted,,256,512,0,469,bytes,240128,120064,33617920,938,0,0,256,0,0,14388593,14493882,25090,32560,115870,2.660,2.660
e000086,exploratory,pwritev_256_8m,baseline,1,2,BAAB,k_pwrite,process,24,1,256,4,new_name,synthetic_sweep,1,015d813736625640f12d26c5d349b92c14fd2fb4,false,a897dfa99e98479b638409c432d3d2bc8e7ba7d5ba4e5a046dd229021f58bffd,12b1dafe765a77d1a17115b0ae12cff973f20ed7d6d770fbd790695fe081288e,afaa9ca40fef1b2a362af2af235634b472665287e554d16b829c09e1a70787ac,8d5b7eba8aea53574190e7d4a6d9e7b424bc23a9e2a0b6968a27f1772509492b,6e938dfcd266a2b0eac811d7ea7eabbd5b217965f88efa81371465134dbcab11,2026-07-15T17:59:19.504717+00:00,8o8-arch,7.0.12-arch1-1,AMD Ryzen 9 3900X 12-Core Processor,"logical=24,cores=12,sockets=1,nodes=1",performance,rustc 1.97.0 (2d8144b78 2026-07-07),22.1.6,cargo 1.97.0 (c980f4866 2026-06-30),"release,lto=thin,debug=true",/home/bob/.cache/mess-bench,/dev/nvme0n1p3,ext4,/home,Samsung SSD 970 EVO Plus 2TB,[none] mq-deadline kyber bfq,249467609088,4096,1024,payload[i]=(i*131+17)&0xff,2.66162109375,accepted,,256,512,0,469,bytes,240128,120064,33617920,240128,0,0,0,0,0,191570728,193585377,378430,476520,992179,2.660,2.660
e000087,exploratory,pwritev_256_8m,baseline,1,3,BAAB,k_pwrite,process,24,1,256,4,new_name,synthetic_sweep,1,015d813736625640f12d26c5d349b92c14fd2fb4,false,a897dfa99e98479b638409c432d3d2bc8e7ba7d5ba4e5a046dd229021f58bffd,12b1dafe765a77d1a17115b0ae12cff973f20ed7d6d770fbd790695fe081288e,afaa9ca40fef1b2a362af2af235634b472665287e554d16b829c09e1a70787ac,8d5b7eba8aea53574190e7d4a6d9e7b424bc23a9e2a0b6968a27f1772509492b,6e938dfcd266a2b0eac811d7ea7eabbd5b217965f88efa81371465134dbcab11,2026-07-15T17:59:20.530875+00:00,8o8-arch,7.0.12-arch1-1,AMD Ryzen 9 3900X 12-Core Processor,"logical=24,cores=12,sockets=1,nodes=1",performance,rustc 1.97.0 (2d8144b78 2026-07-07),22.1.6,cargo 1.97.0 (c980f4866 2026-06-30),"release,lto=thin,debug=true",/home/bob/.cache/mess-bench,/dev/nvme0n1p3,ext4,/home,Samsung SSD 970 EVO Plus 2TB,[none] mq-deadline kyber bfq,249467604992,4096,1024,payload[i]=(i*131+17)&0xff,3.16943359375,accepted,,256,512,0,469,bytes,240128,120064,33617920,240128,0,0,0,0,0,179025544,182096223,376580,423510,595930,3.170,3.170
e000088,exploratory,pwritev_256_8m,candidate,1,4,BAAB,pwritev_256_8m,process,24,1,256,4,new_name,synthetic_sweep,1,015d813736625640f12d26c5d349b92c14fd2fb4,false,a897dfa99e98479b638409c432d3d2bc8e7ba7d5ba4e5a046dd229021f58bffd,12b1dafe765a77d1a17115b0ae12cff973f20ed7d6d770fbd790695fe081288e,afaa9ca40fef1b2a362af2af235634b472665287e554d16b829c09e1a70787ac,8d5b7eba8aea53574190e7d4a6d9e7b424bc23a9e2a0b6968a27f1772509492b,6e938dfcd266a2b0eac811d7ea7eabbd5b217965f88efa81371465134dbcab11,2026-07-15T17:59:21.559516+00:00,8o8-arch,7.0.12-arch1-1,AMD Ryzen 9 3900X 12-Core Processor,"logical=24,cores=12,sockets=1,nodes=1",performance,rustc 1.97.0 (2d8144b78 2026-07-07),22.1.6,cargo 1.97.0 (c980f4866 2026-06-30),"release,lto=thin,debug=true",/home/bob/.cache/mess-bench,/dev/nvme0n1p3,ext4,/home,Samsung SSD 970 EVO Plus 2TB,[none] mq-deadline kyber bfq,249467600896,4096,1024,payload[i]=(i*131+17)&0xff,3.16943359375,accepted,,256,512,0,469,bytes,240128,120064,33617920,938,0,0,256,0,0,12057403,12130424,25230,28340,32800,3.170,3.170
e000089,exploratory,pwritev_64_8m,baseline,1,1,ABBA,k_pwrite,process,24,1,256,4,new_name,synthetic_sweep,1,015d813736625640f12d26c5d349b92c14fd2fb4,false,a897dfa99e98479b638409c432d3d2bc8e7ba7d5ba4e5a046dd229021f58bffd,12b1dafe765a77d1a17115b0ae12cff973f20ed7d6d770fbd790695fe081288e,afaa9ca40fef1b2a362af2af235634b472665287e554d16b829c09e1a70787ac,8d5b7eba8aea53574190e7d4a6d9e7b424bc23a9e2a0b6968a27f1772509492b,6e938dfcd266a2b0eac811d7ea7eabbd5b217965f88efa81371465134dbcab11,2026-07-15T17:59:22.583407+00:00,8o8-arch,7.0.12-arch1-1,AMD Ryzen 9 3900X 12-Core Processor,"logical=24,cores=12,sockets=1,nodes=1",performance,rustc 1.97.0 (2d8144b78 2026-07-07),22.1.6,cargo 1.97.0 (c980f4866 2026-06-30),"release,lto=thin,debug=true",/home/bob/.cache/mess-bench,/dev/nvme0n1p3,ext4,/home,Samsung SSD 970 EVO Plus 2TB,[none] mq-deadline kyber bfq,249467600896,4096,1024,payload[i]=(i*131+17)&0xff,3.16943359375,accepted,,256,512,0,469,bytes,240128,120064,33617920,240128,0,0,0,0,0,184064635,186421201,376270,489240,813659,3.170,3.170
e000090,exploratory,pwritev_64_8m,candidate,1,2,ABBA,pwritev_64_8m,process,24,1,256,4,new_name,synthetic_sweep,1,015d813736625640f12d26c5d349b92c14fd2fb4,false,a897dfa99e98479b638409c432d3d2bc8e7ba7d5ba4e5a046dd229021f58bffd,12b1dafe765a77d1a17115b0ae12cff973f20ed7d6d770fbd790695fe081288e,afaa9ca40fef1b2a362af2af235634b472665287e554d16b829c09e1a70787ac,8d5b7eba8aea53574190e7d4a6d9e7b424bc23a9e2a0b6968a27f1772509492b,6e938dfcd266a2b0eac811d7ea7eabbd5b217965f88efa81371465134dbcab11,2026-07-15T17:59:23.610794+00:00,8o8-arch,7.0.12-arch1-1,AMD Ryzen 9 3900X 12-Core Processor,"logical=24,cores=12,sockets=1,nodes=1",performance,rustc 1.97.0 (2d8144b78 2026-07-07),22.1.6,cargo 1.97.0 (c980f4866 2026-06-30),"release,lto=thin,debug=true",/home/bob/.cache/mess-bench,/dev/nvme0n1p3,ext4,/home,Samsung SSD 970 EVO Plus 2TB,[none] mq-deadline kyber bfq,249467592704,4096,1024,payload[i]=(i*131+17)&0xff,3.16943359375,accepted,,256,512,0,469,bytes,240128,120064,33617920,3752,0,0,64,0,0,16857874,17210871,32930,40760,101380,3.170,3.170
e000091,exploratory,pwritev_64_8m,candidate,1,3,ABBA,pwritev_64_8m,process,24,1,256,4,new_name,synthetic_sweep,1,015d813736625640f12d26c5d349b92c14fd2fb4,false,a897dfa99e98479b638409c432d3d2bc8e7ba7d5ba4e5a046dd229021f58bffd,12b1dafe765a77d1a17115b0ae12cff973f20ed7d6d770fbd790695fe081288e,afaa9ca40fef1b2a362af2af235634b472665287e554d16b829c09e1a70787ac,8d5b7eba8aea53574190e7d4a6d9e7b424bc23a9e2a0b6968a27f1772509492b,6e938dfcd266a2b0eac811d7ea7eabbd5b217965f88efa81371465134dbcab11,2026-07-15T17:59:24.639253+00:00,8o8-arch,7.0.12-arch1-1,AMD Ryzen 9 3900X 12-Core Processor,"logical=24,cores=12,sockets=1,nodes=1",performance,rustc 1.97.0 (2d8144b78 2026-07-07),22.1.6,cargo 1.97.0 (c980f4866 2026-06-30),"release,lto=thin,debug=true",/home/bob/.cache/mess-bench,/dev/nvme0n1p3,ext4,/home,Samsung SSD 970 EVO Plus 2TB,[none] mq-deadline kyber bfq,249467592704,4096,1024,payload[i]=(i*131+17)&0xff,3.16943359375,accepted,,256,512,0,469,bytes,240128,120064,33617920,3752,0,0,64,0,0,16260984,16380741,32940,41490,66620,3.170,3.170
e000092,exploratory,pwritev_64_8m,baseline,1,4,ABBA,k_pwrite,process,24,1,256,4,new_name,synthetic_sweep,1,015d813736625640f12d26c5d349b92c14fd2fb4,false,a897dfa99e98479b638409c432d3d2bc8e7ba7d5ba4e5a046dd229021f58bffd,12b1dafe765a77d1a17115b0ae12cff973f20ed7d6d770fbd790695fe081288e,afaa9ca40fef1b2a362af2af235634b472665287e554d16b829c09e1a70787ac,8d5b7eba8aea53574190e7d4a6d9e7b424bc23a9e2a0b6968a27f1772509492b,6e938dfcd266a2b0eac811d7ea7eabbd5b217965f88efa81371465134dbcab11,2026-07-15T17:59:25.664488+00:00,8o8-arch,7.0.12-arch1-1,AMD Ryzen 9 3900X 12-Core Processor,"logical=24,cores=12,sockets=1,nodes=1",performance,rustc 1.97.0 (2d8144b78 2026-07-07),22.1.6,cargo 1.97.0 (c980f4866 2026-06-30),"release,lto=thin,debug=true",/home/bob/.cache/mess-bench,/dev/nvme0n1p3,ext4,/home,Samsung SSD 970 EVO Plus 2TB,[none] mq-deadline kyber bfq,249467555840,4096,1024,payload[i]=(i*131+17)&0xff,3.07568359375,accepted,,256,512,0,469,bytes,240128,120064,33617920,240128,0,0,0,0,0,181787355,183743903,379430,425939,703759,3.080,3.080
e000093,exploratory,copy_contiguous,candidate,1,1,BAAB,copy_contiguous,process,24,1,256,4,new_name,synthetic_sweep,1,015d813736625640f12d26c5d349b92c14fd2fb4,false,a897dfa99e98479b638409c432d3d2bc8e7ba7d5ba4e5a046dd229021f58bffd,12b1dafe765a77d1a17115b0ae12cff973f20ed7d6d770fbd790695fe081288e,afaa9ca40fef1b2a362af2af235634b472665287e554d16b829c09e1a70787ac,8d5b7eba8aea53574190e7d4a6d9e7b424bc23a9e2a0b6968a27f1772509492b,6e938dfcd266a2b0eac811d7ea7eabbd5b217965f88efa81371465134dbcab11,2026-07-15T17:59:26.694398+00:00,8o8-arch,7.0.12-arch1-1,AMD Ryzen 9 3900X 12-Core Processor,"logical=24,cores=12,sockets=1,nodes=1",performance,rustc 1.97.0 (2d8144b78 2026-07-07),22.1.6,cargo 1.97.0 (c980f4866 2026-06-30),"release,lto=thin,debug=true",/home/bob/.cache/mess-bench,/dev/nvme0n1p3,ext4,/home,Samsung SSD 970 EVO Plus 2TB,[none] mq-deadline kyber bfq,249467584512,4096,1024,payload[i]=(i*131+17)&0xff,3.07568359375,accepted,,256,512,0,469,bytes,240128,120064,33617920,469,0,0,0,33617920,0,3579191,3612338,7400,7810,10520,3.080,3.080
e000094,exploratory,copy_contiguous,baseline,1,2,BAAB,k_pwrite,process,24,1,256,4,new_name,synthetic_sweep,1,015d813736625640f12d26c5d349b92c14fd2fb4,false,a897dfa99e98479b638409c432d3d2bc8e7ba7d5ba4e5a046dd229021f58bffd,12b1dafe765a77d1a17115b0ae12cff973f20ed7d6d770fbd790695fe081288e,afaa9ca40fef1b2a362af2af235634b472665287e554d16b829c09e1a70787ac,8d5b7eba8aea53574190e7d4a6d9e7b424bc23a9e2a0b6968a27f1772509492b,6e938dfcd266a2b0eac811d7ea7eabbd5b217965f88efa81371465134dbcab11,2026-07-15T17:59:27.722057+00:00,8o8-arch,7.0.12-arch1-1,AMD Ryzen 9 3900X 12-Core Processor,"logical=24,cores=12,sockets=1,nodes=1",performance,rustc 1.97.0 (2d8144b78 2026-07-07),22.1.6,cargo 1.97.0 (c980f4866 2026-06-30),"release,lto=thin,debug=true",/home/bob/.cache/mess-bench,/dev/nvme0n1p3,ext4,/home,Samsung SSD 970 EVO Plus 2TB,[none] mq-deadline kyber bfq,249467584512,4096,1024,payload[i]=(i*131+17)&0xff,3.07568359375,accepted,,256,512,0,469,bytes,240128,120064,33617920,240128,0,0,0,0,0,181592126,183159852,377590,458109,663919,3.080,3.080
e000095,exploratory,copy_contiguous,baseline,1,3,BAAB,k_pwrite,process,24,1,256,4,new_name,synthetic_sweep,1,015d813736625640f12d26c5d349b92c14fd2fb4,false,a897dfa99e98479b638409c432d3d2bc8e7ba7d5ba4e5a046dd229021f58bffd,12b1dafe765a77d1a17115b0ae12cff973f20ed7d6d770fbd790695fe081288e,afaa9ca40fef1b2a362af2af235634b472665287e554d16b829c09e1a70787ac,8d5b7eba8aea53574190e7d4a6d9e7b424bc23a9e2a0b6968a27f1772509492b,6e938dfcd266a2b0eac811d7ea7eabbd5b217965f88efa81371465134dbcab11,2026-07-15T17:59:28.743758+00:00,8o8-arch,7.0.12-arch1-1,AMD Ryzen 9 3900X 12-Core Processor,"logical=24,cores=12,sockets=1,nodes=1",performance,rustc 1.97.0 (2d8144b78 2026-07-07),22.1.6,cargo 1.97.0 (c980f4866 2026-06-30),"release,lto=thin,debug=true",/home/bob/.cache/mess-bench,/dev/nvme0n1p3,ext4,/home,Samsung SSD 970 EVO Plus 2TB,[none] mq-deadline kyber bfq,249467576320,4096,1024,payload[i]=(i*131+17)&0xff,3.07568359375,accepted,,256,512,0,469,bytes,240128,120064,33617920,240128,0,0,0,0,0,181404046,182732653,377840,475569,632799,3.080,3.080
e000096,exploratory,copy_contiguous,candidate,1,4,BAAB,copy_contiguous,process,24,1,256,4,new_name,synthetic_sweep,1,015d813736625640f12d26c5d349b92c14fd2fb4,false,a897dfa99e98479b638409c432d3d2bc8e7ba7d5ba4e5a046dd229021f58bffd,12b1dafe765a77d1a17115b0ae12cff973f20ed7d6d770fbd790695fe081288e,afaa9ca40fef1b2a362af2af235634b472665287e554d16b829c09e1a70787ac,8d5b7eba8aea53574190e7d4a6d9e7b424bc23a9e2a0b6968a27f1772509492b,6e938dfcd266a2b0eac811d7ea7eabbd5b217965f88efa81371465134dbcab11,2026-07-15T17:59:29.775314+00:00,8o8-arch,7.0.12-arch1-1,AMD Ryzen 9 3900X 12-Core Processor,"logical=24,cores=12,sockets=1,nodes=1",performance,rustc 1.97.0 (2d8144b78 2026-07-07),22.1.6,cargo 1.97.0 (c980f4866 2026-06-30),"release,lto=thin,debug=true",/home/bob/.cache/mess-bench,/dev/nvme0n1p3,ext4,/home,Samsung SSD 970 EVO Plus 2TB,[none] mq-deadline kyber bfq,249467568128,4096,1024,payload[i]=(i*131+17)&0xff,3.07568359375,accepted,,256,512,0,469,bytes,240128,120064,33617920,469,0,0,0,33617920,0,4482161,4547577,9220,12410,20760,3.080,3.080
e000097,exploratory,pwritev_full_8m,baseline,1,1,ABBA,k_pwrite,process,24,1,1024,4,domain,synthetic_sweep,1,015d813736625640f12d26c5d349b92c14fd2fb4,false,a897dfa99e98479b638409c432d3d2bc8e7ba7d5ba4e5a046dd229021f58bffd,12b1dafe765a77d1a17115b0ae12cff973f20ed7d6d770fbd790695fe081288e,afaa9ca40fef1b2a362af2af235634b472665287e554d16b829c09e1a70787ac,8d5b7eba8aea53574190e7d4a6d9e7b424bc23a9e2a0b6968a27f1772509492b,6e938dfcd266a2b0eac811d7ea7eabbd5b217965f88efa81371465134dbcab11,2026-07-15T17:59:30.809687+00:00,8o8-arch,7.0.12-arch1-1,AMD Ryzen 9 3900X 12-Core Processor,"logical=24,cores=12,sockets=1,nodes=1",performance,rustc 1.97.0 (2d8144b78 2026-07-07),22.1.6,cargo 1.97.0 (c980f4866 2026-06-30),"release,lto=thin,debug=true",/home/bob/.cache/mess-bench,/dev/nvme0n1p3,ext4,/home,Samsung SSD 970 EVO Plus 2TB,[none] mq-deadline kyber bfq,249467568128,4096,1024,payload[i]=(i*131+17)&0xff,3.31005859375,accepted,,1024,1024,0,235,bytes,240640,240640,33689600,240640,0,0,0,0,0,185702417,189294529,754800,970200,1894509,3.310,3.310
e000098,exploratory,pwritev_full_8m,candidate,1,2,ABBA,pwritev_full_8m,process,24,1,1024,4,domain,synthetic_sweep,1,015d813736625640f12d26c5d349b92c14fd2fb4,false,a897dfa99e98479b638409c432d3d2bc8e7ba7d5ba4e5a046dd229021f58bffd,12b1dafe765a77d1a17115b0ae12cff973f20ed7d6d770fbd790695fe081288e,afaa9ca40fef1b2a362af2af235634b472665287e554d16b829c09e1a70787ac,8d5b7eba8aea53574190e7d4a6d9e7b424bc23a9e2a0b6968a27f1772509492b,6e938dfcd266a2b0eac811d7ea7eabbd5b217965f88efa81371465134dbcab11,2026-07-15T17:59:31.840631+00:00,8o8-arch,7.0.12-arch1-1,AMD Ryzen 9 3900X 12-Core Processor,"logical=24,cores=12,sockets=1,nodes=1",performance,rustc 1.97.0 (2d8144b78 2026-07-07),22.1.6,cargo 1.97.0 (c980f4866 2026-06-30),"release,lto=thin,debug=true",/home/bob/.cache/mess-bench,/dev/nvme0n1p3,ext4,/home,Samsung SSD 970 EVO Plus 2TB,[none] mq-deadline kyber bfq,249467568128,4096,1024,payload[i]=(i*131+17)&0xff,3.31005859375,accepted,,1024,1024,0,235,bytes,240640,240640,33689600,235,0,0,1024,0,0,13667582,14536552,44610,58470,745199,3.310,3.310
e000099,exploratory,pwritev_full_8m,candidate,1,3,ABBA,pwritev_full_8m,process,24,1,1024,4,domain,synthetic_sweep,1,015d813736625640f12d26c5d349b92c14fd2fb4,false,a897dfa99e98479b638409c432d3d2bc8e7ba7d5ba4e5a046dd229021f58bffd,12b1dafe765a77d1a17115b0ae12cff973f20ed7d6d770fbd790695fe081288e,afaa9ca40fef1b2a362af2af235634b472665287e554d16b829c09e1a70787ac,8d5b7eba8aea53574190e7d4a6d9e7b424bc23a9e2a0b6968a27f1772509492b,6e938dfcd266a2b0eac811d7ea7eabbd5b217965f88efa81371465134dbcab11,2026-07-15T17:59:32.872764+00:00,8o8-arch,7.0.12-arch1-1,AMD Ryzen 9 3900X 12-Core Processor,"logical=24,cores=12,sockets=1,nodes=1",performance,rustc 1.97.0 (2d8144b78 2026-07-07),22.1.6,cargo 1.97.0 (c980f4866 2026-06-30),"release,lto=thin,debug=true",/home/bob/.cache/mess-bench,/dev/nvme0n1p3,ext4,/home,Samsung SSD 970 EVO Plus 2TB,[none] mq-deadline kyber bfq,249467564032,4096,1024,payload[i]=(i*131+17)&0xff,3.31005859375,accepted,,1024,1024,0,235,bytes,240640,240640,33689600,235,0,0,1024,0,0,13200233,13460553,44380,60040,596760,3.310,3.310
e000100,exploratory,pwritev_full_8m,baseline,1,4,ABBA,k_pwrite,process,24,1,1024,4,domain,synthetic_sweep,1,015d813736625640f12d26c5d349b92c14fd2fb4,false,a897dfa99e98479b638409c432d3d2bc8e7ba7d5ba4e5a046dd229021f58bffd,12b1dafe765a77d1a17115b0ae12cff973f20ed7d6d770fbd790695fe081288e,afaa9ca40fef1b2a362af2af235634b472665287e554d16b829c09e1a70787ac,8d5b7eba8aea53574190e7d4a6d9e7b424bc23a9e2a0b6968a27f1772509492b,6e938dfcd266a2b0eac811d7ea7eabbd5b217965f88efa81371465134dbcab11,2026-07-15T17:59:33.903949+00:00,8o8-arch,7.0.12-arch1-1,AMD Ryzen 9 3900X 12-Core Processor,"logical=24,cores=12,sockets=1,nodes=1",performance,rustc 1.97.0 (2d8144b78 2026-07-07),22.1.6,cargo 1.97.0 (c980f4866 2026-06-30),"release,lto=thin,debug=true",/home/bob/.cache/mess-bench,/dev/nvme0n1p3,ext4,/home,Samsung SSD 970 EVO Plus 2TB,[none] mq-deadline kyber bfq,249467559936,4096,1024,payload[i]=(i*131+17)&0xff,3.31005859375,accepted,,1024,1024,0,235,bytes,240640,240640,33689600,240640,0,0,0,0,0,184807115,186898820,754310,1088739,1606930,3.310,3.310
e000101,exploratory,pwritev_256_8m,candidate,1,1,BAAB,pwritev_256_8m,process,24,1,1024,4,domain,synthetic_sweep,1,015d813736625640f12d26c5d349b92c14fd2fb4,false,a897dfa99e98479b638409c432d3d2bc8e7ba7d5ba4e5a046dd229021f58bffd,12b1dafe765a77d1a17115b0ae12cff973f20ed7d6d770fbd790695fe081288e,afaa9ca40fef1b2a362af2af235634b472665287e554d16b829c09e1a70787ac,8d5b7eba8aea53574190e7d4a6d9e7b424bc23a9e2a0b6968a27f1772509492b,6e938dfcd266a2b0eac811d7ea7eabbd5b217965f88efa81371465134dbcab11,2026-07-15T17:59:34.935287+00:00,8o8-arch,7.0.12-arch1-1,AMD Ryzen 9 3900X 12-Core Processor,"logical=24,cores=12,sockets=1,nodes=1",performance,rustc 1.97.0 (2d8144b78 2026-07-07),22.1.6,cargo 1.97.0 (c980f4866 2026-06-30),"release,lto=thin,debug=true",/home/bob/.cache/mess-bench,/dev/nvme0n1p3,ext4,/home,Samsung SSD 970 EVO Plus 2TB,[none] mq-deadline kyber bfq,249467559936,4096,1024,payload[i]=(i*131+17)&0xff,3.31005859375,accepted,,1024,1024,0,235,bytes,240640,240640,33689600,940,0,0,256,0,0,12033893,12246113,50470,57950,75890,3.310,3.310
e000102,exploratory,pwritev_256_8m,baseline,1,2,BAAB,k_pwrite,process,24,1,1024,4,domain,synthetic_sweep,1,015d813736625640f12d26c5d349b92c14fd2fb4,false,a897dfa99e98479b638409c432d3d2bc8e7ba7d5ba4e5a046dd229021f58bffd,12b1dafe765a77d1a17115b0ae12cff973f20ed7d6d770fbd790695fe081288e,afaa9ca40fef1b2a362af2af235634b472665287e554d16b829c09e1a70787ac,8d5b7eba8aea53574190e7d4a6d9e7b424bc23a9e2a0b6968a27f1772509492b,6e938dfcd266a2b0eac811d7ea7eabbd5b217965f88efa81371465134dbcab11,2026-07-15T17:59:35.966490+00:00,8o8-arch,7.0.12-arch1-1,AMD Ryzen 9 3900X 12-Core Processor,"logical=24,cores=12,sockets=1,nodes=1",performance,rustc 1.97.0 (2d8144b78 2026-07-07),22.1.6,cargo 1.97.0 (c980f4866 2026-06-30),"release,lto=thin,debug=true",/home/bob/.cache/mess-bench,/dev/nvme0n1p3,ext4,/home,Samsung SSD 970 EVO Plus 2TB,[none] mq-deadline kyber bfq,249467555840,4096,1024,payload[i]=(i*131+17)&0xff,3.044921875,accepted,,1024,1024,0,235,bytes,240640,240640,33689600,240640,0,0,0,0,0,181357626,183141862,751529,885350,1377499,3.040,3.040
e000103,exploratory,pwritev_256_8m,baseline,1,3,BAAB,k_pwrite,process,24,1,1024,4,domain,synthetic_sweep,1,015d813736625640f12d26c5d349b92c14fd2fb4,false,a897dfa99e98479b638409c432d3d2bc8e7ba7d5ba4e5a046dd229021f58bffd,12b1dafe765a77d1a17115b0ae12cff973f20ed7d6d770fbd790695fe081288e,afaa9ca40fef1b2a362af2af235634b472665287e554d16b829c09e1a70787ac,8d5b7eba8aea53574190e7d4a6d9e7b424bc23a9e2a0b6968a27f1772509492b,6e938dfcd266a2b0eac811d7ea7eabbd5b217965f88efa81371465134dbcab11,2026-07-15T17:59:36.997139+00:00,8o8-arch,7.0.12-arch1-1,AMD Ryzen 9 3900X 12-Core Processor,"logical=24,cores=12,sockets=1,nodes=1",performance,rustc 1.97.0 (2d8144b78 2026-07-07),22.1.6,cargo 1.97.0 (c980f4866 2026-06-30),"release,lto=thin,debug=true",/home/bob/.cache/mess-bench,/dev/nvme0n1p3,ext4,/home,Samsung SSD 970 EVO Plus 2TB,[none] mq-deadline kyber bfq,249467551744,4096,1024,payload[i]=(i*131+17)&0xff,3.044921875,accepted,,1024,1024,0,235,bytes,240640,240640,33689600,240640,0,0,0,0,0,186406497,189076849,749460,944990,2112029,3.040,3.040
e000104,exploratory,pwritev_256_8m,candidate,1,4,BAAB,pwritev_256_8m,process,24,1,1024,4,domain,synthetic_sweep,1,015d813736625640f12d26c5d349b92c14fd2fb4,false,a897dfa99e98479b638409c432d3d2bc8e7ba7d5ba4e5a046dd229021f58bffd,12b1dafe765a77d1a17115b0ae12cff973f20ed7d6d770fbd790695fe081288e,afaa9ca40fef1b2a362af2af235634b472665287e554d16b829c09e1a70787ac,8d5b7eba8aea53574190e7d4a6d9e7b424bc23a9e2a0b6968a27f1772509492b,6e938dfcd266a2b0eac811d7ea7eabbd5b217965f88efa81371465134dbcab11,2026-07-15T17:59:38.028785+00:00,8o8-arch,7.0.12-arch1-1,AMD Ryzen 9 3900X 12-Core Processor,"logical=24,cores=12,sockets=1,nodes=1",performance,rustc 1.97.0 (2d8144b78 2026-07-07),22.1.6,cargo 1.97.0 (c980f4866 2026-06-30),"release,lto=thin,debug=true",/home/bob/.cache/mess-bench,/dev/nvme0n1p3,ext4,/home,Samsung SSD 970 EVO Plus 2TB,[none] mq-deadline kyber bfq,249467547648,4096,1024,payload[i]=(i*131+17)&0xff,3.044921875,accepted,,1024,1024,0,235,bytes,240640,240640,33689600,940,0,0,256,0,0,12127673,12226024,50720,57790,67890,3.040,3.040
e000105,exploratory,pwritev_64_8m,baseline,1,1,ABBA,k_pwrite,process,24,1,1024,4,domain,synthetic_sweep,1,015d813736625640f12d26c5d349b92c14fd2fb4,false,a897dfa99e98479b638409c432d3d2bc8e7ba7d5ba4e5a046dd229021f58bffd,12b1dafe765a77d1a17115b0ae12cff973f20ed7d6d770fbd790695fe081288e,afaa9ca40fef1b2a362af2af235634b472665287e554d16b829c09e1a70787ac,8d5b7eba8aea53574190e7d4a6d9e7b424bc23a9e2a0b6968a27f1772509492b,6e938dfcd266a2b0eac811d7ea7eabbd5b217965f88efa81371465134dbcab11,2026-07-15T17:59:39.056510+00:00,8o8-arch,7.0.12-arch1-1,AMD Ryzen 9 3900X 12-Core Processor,"logical=24,cores=12,sockets=1,nodes=1",performance,rustc 1.97.0 (2d8144b78 2026-07-07),22.1.6,cargo 1.97.0 (c980f4866 2026-06-30),"release,lto=thin,debug=true",/home/bob/.cache/mess-bench,/dev/nvme0n1p3,ext4,/home,Samsung SSD 970 EVO Plus 2TB,[none] mq-deadline kyber bfq,249467539456,4096,1024,payload[i]=(i*131+17)&0xff,3.044921875,accepted,,1024,1024,0,235,bytes,240640,240640,33689600,240640,0,0,0,0,0,185504586,188199760,753210,959300,1844009,3.040,3.040
e000106,exploratory,pwritev_64_8m,candidate,1,2,ABBA,pwritev_64_8m,process,24,1,1024,4,domain,synthetic_sweep,1,015d813736625640f12d26c5d349b92c14fd2fb4,false,a897dfa99e98479b638409c432d3d2bc8e7ba7d5ba4e5a046dd229021f58bffd,12b1dafe765a77d1a17115b0ae12cff973f20ed7d6d770fbd790695fe081288e,afaa9ca40fef1b2a362af2af235634b472665287e554d16b829c09e1a70787ac,8d5b7eba8aea53574190e7d4a6d9e7b424bc23a9e2a0b6968a27f1772509492b,6e938dfcd266a2b0eac811d7ea7eabbd5b217965f88efa81371465134dbcab11,2026-07-15T17:59:40.086848+00:00,8o8-arch,7.0.12-arch1-1,AMD Ryzen 9 3900X 12-Core Processor,"logical=24,cores=12,sockets=1,nodes=1",performance,rustc 1.97.0 (2d8144b78 2026-07-07),22.1.6,cargo 1.97.0 (c980f4866 2026-06-30),"release,lto=thin,debug=true",/home/bob/.cache/mess-bench,/dev/nvme0n1p3,ext4,/home,Samsung SSD 970 EVO Plus 2TB,[none] mq-deadline kyber bfq,249467543552,4096,1024,payload[i]=(i*131+17)&0xff,3.044921875,accepted,,1024,1024,0,235,bytes,240640,240640,33689600,3760,0,0,64,0,0,15884234,16009371,66310,75750,80820,3.040,3.040
e000107,exploratory,pwritev_64_8m,candidate,1,3,ABBA,pwritev_64_8m,process,24,1,1024,4,domain,synthetic_sweep,1,015d813736625640f12d26c5d349b92c14fd2fb4,false,a897dfa99e98479b638409c432d3d2bc8e7ba7d5ba4e5a046dd229021f58bffd,12b1dafe765a77d1a17115b0ae12cff973f20ed7d6d770fbd790695fe081288e,afaa9ca40fef1b2a362af2af235634b472665287e554d16b829c09e1a70787ac,8d5b7eba8aea53574190e7d4a6d9e7b424bc23a9e2a0b6968a27f1772509492b,6e938dfcd266a2b0eac811d7ea7eabbd5b217965f88efa81371465134dbcab11,2026-07-15T17:59:41.117748+00:00,8o8-arch,7.0.12-arch1-1,AMD Ryzen 9 3900X 12-Core Processor,"logical=24,cores=12,sockets=1,nodes=1",performance,rustc 1.97.0 (2d8144b78 2026-07-07),22.1.6,cargo 1.97.0 (c980f4866 2026-06-30),"release,lto=thin,debug=true",/home/bob/.cache/mess-bench,/dev/nvme0n1p3,ext4,/home,Samsung SSD 970 EVO Plus 2TB,[none] mq-deadline kyber bfq,249467543552,4096,1024,payload[i]=(i*131+17)&0xff,2.880859375,accepted,,1024,1024,0,235,bytes,240640,240640,33689600,3760,0,0,64,0,0,17556185,17673071,66080,75180,81399,2.880,2.880
e000108,exploratory,pwritev_64_8m,baseline,1,4,ABBA,k_pwrite,process,24,1,1024,4,domain,synthetic_sweep,1,015d813736625640f12d26c5d349b92c14fd2fb4,false,a897dfa99e98479b638409c432d3d2bc8e7ba7d5ba4e5a046dd229021f58bffd,12b1dafe765a77d1a17115b0ae12cff973f20ed7d6d770fbd790695fe081288e,afaa9ca40fef1b2a362af2af235634b472665287e554d16b829c09e1a70787ac,8d5b7eba8aea53574190e7d4a6d9e7b424bc23a9e2a0b6968a27f1772509492b,6e938dfcd266a2b0eac811d7ea7eabbd5b217965f88efa81371465134dbcab11,2026-07-15T17:59:42.148885+00:00,8o8-arch,7.0.12-arch1-1,AMD Ryzen 9 3900X 12-Core Processor,"logical=24,cores=12,sockets=1,nodes=1",performance,rustc 1.97.0 (2d8144b78 2026-07-07),22.1.6,cargo 1.97.0 (c980f4866 2026-06-30),"release,lto=thin,debug=true",/home/bob/.cache/mess-bench,/dev/nvme0n1p3,ext4,/home,Samsung SSD 970 EVO Plus 2TB,[none] mq-deadline kyber bfq,249467535360,4096,1024,payload[i]=(i*131+17)&0xff,2.880859375,accepted,,1024,1024,0,235,bytes,240640,240640,33689600,240640,0,0,0,0,0,187909697,189693578,756640,1023549,1813599,2.880,2.880
e000109,exploratory,copy_contiguous,candidate,1,1,BAAB,copy_contiguous,process,24,1,1024,4,domain,synthetic_sweep,1,015d813736625640f12d26c5d349b92c14fd2fb4,false,a897dfa99e98479b638409c432d3d2bc8e7ba7d5ba4e5a046dd229021f58bffd,12b1dafe765a77d1a17115b0ae12cff973f20ed7d6d770fbd790695fe081288e,afaa9ca40fef1b2a362af2af235634b472665287e554d16b829c09e1a70787ac,8d5b7eba8aea53574190e7d4a6d9e7b424bc23a9e2a0b6968a27f1772509492b,6e938dfcd266a2b0eac811d7ea7eabbd5b217965f88efa81371465134dbcab11,2026-07-15T17:59:43.177183+00:00,8o8-arch,7.0.12-arch1-1,AMD Ryzen 9 3900X 12-Core Processor,"logical=24,cores=12,sockets=1,nodes=1",performance,rustc 1.97.0 (2d8144b78 2026-07-07),22.1.6,cargo 1.97.0 (c980f4866 2026-06-30),"release,lto=thin,debug=true",/home/bob/.cache/mess-bench,/dev/nvme0n1p3,ext4,/home,Samsung SSD 970 EVO Plus 2TB,[none] mq-deadline kyber bfq,249467527168,4096,1024,payload[i]=(i*131+17)&0xff,2.880859375,accepted,,1024,1024,0,235,bytes,240640,240640,33689600,235,0,0,0,33689600,0,5851711,5932497,23440,30880,40770,2.880,2.880
e000110,exploratory,copy_contiguous,baseline,1,2,BAAB,k_pwrite,process,24,1,1024,4,domain,synthetic_sweep,1,015d813736625640f12d26c5d349b92c14fd2fb4,false,a897dfa99e98479b638409c432d3d2bc8e7ba7d5ba4e5a046dd229021f58bffd,12b1dafe765a77d1a17115b0ae12cff973f20ed7d6d770fbd790695fe081288e,afaa9ca40fef1b2a362af2af235634b472665287e554d16b829c09e1a70787ac,8d5b7eba8aea53574190e7d4a6d9e7b424bc23a9e2a0b6968a27f1772509492b,6e938dfcd266a2b0eac811d7ea7eabbd5b217965f88efa81371465134dbcab11,2026-07-15T17:59:44.207828+00:00,8o8-arch,7.0.12-arch1-1,AMD Ryzen 9 3900X 12-Core Processor,"logical=24,cores=12,sockets=1,nodes=1",performance,rustc 1.97.0 (2d8144b78 2026-07-07),22.1.6,cargo 1.97.0 (c980f4866 2026-06-30),"release,lto=thin,debug=true",/home/bob/.cache/mess-bench,/dev/nvme0n1p3,ext4,/home,Samsung SSD 970 EVO Plus 2TB,[none] mq-deadline kyber bfq,249467527168,4096,1024,payload[i]=(i*131+17)&0xff,2.880859375,accepted,,1024,1024,0,235,bytes,240640,240640,33689600,240640,0,0,0,0,0,187010637,188575899,753599,1110800,1593189,2.880,2.880
e000111,exploratory,copy_contiguous,baseline,1,3,BAAB,k_pwrite,process,24,1,1024,4,domain,synthetic_sweep,1,015d813736625640f12d26c5d349b92c14fd2fb4,false,a897dfa99e98479b638409c432d3d2bc8e7ba7d5ba4e5a046dd229021f58bffd,12b1dafe765a77d1a17115b0ae12cff973f20ed7d6d770fbd790695fe081288e,afaa9ca40fef1b2a362af2af235634b472665287e554d16b829c09e1a70787ac,8d5b7eba8aea53574190e7d4a6d9e7b424bc23a9e2a0b6968a27f1772509492b,6e938dfcd266a2b0eac811d7ea7eabbd5b217965f88efa81371465134dbcab11,2026-07-15T17:59:45.235896+00:00,8o8-arch,7.0.12-arch1-1,AMD Ryzen 9 3900X 12-Core Processor,"logical=24,cores=12,sockets=1,nodes=1",performance,rustc 1.97.0 (2d8144b78 2026-07-07),22.1.6,cargo 1.97.0 (c980f4866 2026-06-30),"release,lto=thin,debug=true",/home/bob/.cache/mess-bench,/dev/nvme0n1p3,ext4,/home,Samsung SSD 970 EVO Plus 2TB,[none] mq-deadline kyber bfq,249467531264,4096,1024,payload[i]=(i*131+17)&0xff,2.880859375,accepted,,1024,1024,0,235,bytes,240640,240640,33689600,240640,0,0,0,0,0,188113658,189875828,754870,962370,2717129,2.880,2.810
e000112,exploratory,copy_contiguous,candidate,1,4,BAAB,copy_contiguous,process,24,1,1024,4,domain,synthetic_sweep,1,015d813736625640f12d26c5d349b92c14fd2fb4,false,a897dfa99e98479b638409c432d3d2bc8e7ba7d5ba4e5a046dd229021f58bffd,12b1dafe765a77d1a17115b0ae12cff973f20ed7d6d770fbd790695fe081288e,afaa9ca40fef1b2a362af2af235634b472665287e554d16b829c09e1a70787ac,8d5b7eba8aea53574190e7d4a6d9e7b424bc23a9e2a0b6968a27f1772509492b,6e938dfcd266a2b0eac811d7ea7eabbd5b217965f88efa81371465134dbcab11,2026-07-15T17:59:46.268735+00:00,8o8-arch,7.0.12-arch1-1,AMD Ryzen 9 3900X 12-Core Processor,"logical=24,cores=12,sockets=1,nodes=1",performance,rustc 1.97.0 (2d8144b78 2026-07-07),22.1.6,cargo 1.97.0 (c980f4866 2026-06-30),"release,lto=thin,debug=true",/home/bob/.cache/mess-bench,/dev/nvme0n1p3,ext4,/home,Samsung SSD 970 EVO Plus 2TB,[none] mq-deadline kyber bfq,249467523072,4096,1024,payload[i]=(i*131+17)&0xff,2.81005859375,accepted,,1024,1024,0,235,bytes,240640,240640,33689600,235,0,0,0,33689600,0,5374942,5442057,21980,28850,37540,2.810,2.810
e000113,exploratory,pwritev_full_8m,baseline,1,1,ABBA,k_pwrite,process,24,1,1024,4,new_name,synthetic_sweep,1,015d813736625640f12d26c5d349b92c14fd2fb4,false,a897dfa99e98479b638409c432d3d2bc8e7ba7d5ba4e5a046dd229021f58bffd,12b1dafe765a77d1a17115b0ae12cff973f20ed7d6d770fbd790695fe081288e,afaa9ca40fef1b2a362af2af235634b472665287e554d16b829c09e1a70787ac,8d5b7eba8aea53574190e7d4a6d9e7b424bc23a9e2a0b6968a27f1772509492b,6e938dfcd266a2b0eac811d7ea7eabbd5b217965f88efa81371465134dbcab11,2026-07-15T17:59:47.299301+00:00,8o8-arch,7.0.12-arch1-1,AMD Ryzen 9 3900X 12-Core Processor,"logical=24,cores=12,sockets=1,nodes=1",performance,rustc 1.97.0 (2d8144b78 2026-07-07),22.1.6,cargo 1.97.0 (c980f4866 2026-06-30),"release,lto=thin,debug=true",/home/bob/.cache/mess-bench,/dev/nvme0n1p3,ext4,/home,Samsung SSD 970 EVO Plus 2TB,[none] mq-deadline kyber bfq,249467518976,4096,1024,payload[i]=(i*131+17)&0xff,2.81005859375,accepted,,1024,2048,0,118,bytes,241664,120832,33832960,241664,0,0,0,0,0,189766967,192932606,1514569,2385679,3423528,2.810,2.810
e000114,exploratory,pwritev_full_8m,candidate,1,2,ABBA,pwritev_full_8m,process,24,1,1024,4,new_name,synthetic_sweep,1,015d813736625640f12d26c5d349b92c14fd2fb4,false,a897dfa99e98479b638409c432d3d2bc8e7ba7d5ba4e5a046dd229021f58bffd,12b1dafe765a77d1a17115b0ae12cff973f20ed7d6d770fbd790695fe081288e,afaa9ca40fef1b2a362af2af235634b472665287e554d16b829c09e1a70787ac,8d5b7eba8aea53574190e7d4a6d9e7b424bc23a9e2a0b6968a27f1772509492b,6e938dfcd266a2b0eac811d7ea7eabbd5b217965f88efa81371465134dbcab11,2026-07-15T17:59:48.329639+00:00,8o8-arch,7.0.12-arch1-1,AMD Ryzen 9 3900X 12-Core Processor,"logical=24,cores=12,sockets=1,nodes=1",performance,rustc 1.97.0 (2d8144b78 2026-07-07),22.1.6,cargo 1.97.0 (c980f4866 2026-06-30),"release,lto=thin,debug=true",/home/bob/.cache/mess-bench,/dev/nvme0n1p3,ext4,/home,Samsung SSD 970 EVO Plus 2TB,[none] mq-deadline kyber bfq,249467518976,4096,1024,payload[i]=(i*131+17)&0xff,2.81005859375,accepted,,1024,2048,0,118,bytes,241664,120832,33832960,236,0,0,1024,0,0,10609012,10692924,89110,95910,116240,2.810,2.810
e000115,exploratory,pwritev_full_8m,candidate,1,3,ABBA,pwritev_full_8m,process,24,1,1024,4,new_name,synthetic_sweep,1,015d813736625640f12d26c5d349b92c14fd2fb4,false,a897dfa99e98479b638409c432d3d2bc8e7ba7d5ba4e5a046dd229021f58bffd,12b1dafe765a77d1a17115b0ae12cff973f20ed7d6d770fbd790695fe081288e,afaa9ca40fef1b2a362af2af235634b472665287e554d16b829c09e1a70787ac,8d5b7eba8aea53574190e7d4a6d9e7b424bc23a9e2a0b6968a27f1772509492b,6e938dfcd266a2b0eac811d7ea7eabbd5b217965f88efa81371465134dbcab11,2026-07-15T17:59:49.361002+00:00,8o8-arch,7.0.12-arch1-1,AMD Ryzen 9 3900X 12-Core Processor,"logical=24,cores=12,sockets=1,nodes=1",performance,rustc 1.97.0 (2d8144b78 2026-07-07),22.1.6,cargo 1.97.0 (c980f4866 2026-06-30),"release,lto=thin,debug=true",/home/bob/.cache/mess-bench,/dev/nvme0n1p3,ext4,/home,Samsung SSD 970 EVO Plus 2TB,[none] mq-deadline kyber bfq,249467518976,4096,1024,payload[i]=(i*131+17)&0xff,2.81005859375,accepted,,1024,2048,0,118,bytes,241664,120832,33832960,236,0,0,1024,0,0,10695422,10775494,89620,99640,112860,2.810,2.810
e000116,exploratory,pwritev_full_8m,baseline,1,4,ABBA,k_pwrite,process,24,1,1024,4,new_name,synthetic_sweep,1,015d813736625640f12d26c5d349b92c14fd2fb4,false,a897dfa99e98479b638409c432d3d2bc8e7ba7d5ba4e5a046dd229021f58bffd,12b1dafe765a77d1a17115b0ae12cff973f20ed7d6d770fbd790695fe081288e,afaa9ca40fef1b2a362af2af235634b472665287e554d16b829c09e1a70787ac,8d5b7eba8aea53574190e7d4a6d9e7b424bc23a9e2a0b6968a27f1772509492b,6e938dfcd266a2b0eac811d7ea7eabbd5b217965f88efa81371465134dbcab11,2026-07-15T17:59:50.386699+00:00,8o8-arch,7.0.12-arch1-1,AMD Ryzen 9 3900X 12-Core Processor,"logical=24,cores=12,sockets=1,nodes=1",performance,rustc 1.97.0 (2d8144b78 2026-07-07),22.1.6,cargo 1.97.0 (c980f4866 2026-06-30),"release,lto=thin,debug=true",/home/bob/.cache/mess-bench,/dev/nvme0n1p3,ext4,/home,Samsung SSD 970 EVO Plus 2TB,[none] mq-deadline kyber bfq,249467506688,4096,1024,payload[i]=(i*131+17)&0xff,2.82568359375,accepted,,1024,2048,0,118,bytes,241664,120832,33832960,241664,0,0,0,0,0,184676736,188656628,1507360,1691529,4387337,2.830,2.830
e000117,exploratory,pwritev_256_8m,candidate,1,1,BAAB,pwritev_256_8m,process,24,1,1024,4,new_name,synthetic_sweep,1,015d813736625640f12d26c5d349b92c14fd2fb4,false,a897dfa99e98479b638409c432d3d2bc8e7ba7d5ba4e5a046dd229021f58bffd,12b1dafe765a77d1a17115b0ae12cff973f20ed7d6d770fbd790695fe081288e,afaa9ca40fef1b2a362af2af235634b472665287e554d16b829c09e1a70787ac,8d5b7eba8aea53574190e7d4a6d9e7b424bc23a9e2a0b6968a27f1772509492b,6e938dfcd266a2b0eac811d7ea7eabbd5b217965f88efa81371465134dbcab11,2026-07-15T17:59:51.421934+00:00,8o8-arch,7.0.12-arch1-1,AMD Ryzen 9 3900X 12-Core Processor,"logical=24,cores=12,sockets=1,nodes=1",performance,rustc 1.97.0 (2d8144b78 2026-07-07),22.1.6,cargo 1.97.0 (c980f4866 2026-06-30),"release,lto=thin,debug=true",/home/bob/.cache/mess-bench,/dev/nvme0n1p3,ext4,/home,Samsung SSD 970 EVO Plus 2TB,[none] mq-deadline kyber bfq,249467502592,4096,1024,payload[i]=(i*131+17)&0xff,2.82568359375,accepted,,1024,2048,0,118,bytes,241664,120832,33832960,944,0,0,256,0,0,12327083,12439053,102189,112250,149070,2.830,2.830
e000118,exploratory,pwritev_256_8m,baseline,1,2,BAAB,k_pwrite,process,24,1,1024,4,new_name,synthetic_sweep,1,015d813736625640f12d26c5d349b92c14fd2fb4,false,a897dfa99e98479b638409c432d3d2bc8e7ba7d5ba4e5a046dd229021f58bffd,12b1dafe765a77d1a17115b0ae12cff973f20ed7d6d770fbd790695fe081288e,afaa9ca40fef1b2a362af2af235634b472665287e554d16b829c09e1a70787ac,8d5b7eba8aea53574190e7d4a6d9e7b424bc23a9e2a0b6968a27f1772509492b,6e938dfcd266a2b0eac811d7ea7eabbd5b217965f88efa81371465134dbcab11,2026-07-15T17:59:52.453376+00:00,8o8-arch,7.0.12-arch1-1,AMD Ryzen 9 3900X 12-Core Processor,"logical=24,cores=12,sockets=1,nodes=1",performance,rustc 1.97.0 (2d8144b78 2026-07-07),22.1.6,cargo 1.97.0 (c980f4866 2026-06-30),"release,lto=thin,debug=true",/home/bob/.cache/mess-bench,/dev/nvme0n1p3,ext4,/home,Samsung SSD 970 EVO Plus 2TB,[none] mq-deadline kyber bfq,249467502592,4096,1024,payload[i]=(i*131+17)&0xff,2.82568359375,accepted,,1024,2048,0,118,bytes,241664,120832,33832960,241664,0,0,0,0,0,187772507,191009637,1513859,1985749,4384428,2.830,2.830
e000119,exploratory,pwritev_256_8m,baseline,1,3,BAAB,k_pwrite,process,24,1,1024,4,new_name,synthetic_sweep,1,015d813736625640f12d26c5d349b92c14fd2fb4,false,a897dfa99e98479b638409c432d3d2bc8e7ba7d5ba4e5a046dd229021f58bffd,12b1dafe765a77d1a17115b0ae12cff973f20ed7d6d770fbd790695fe081288e,afaa9ca40fef1b2a362af2af235634b472665287e554d16b829c09e1a70787ac,8d5b7eba8aea53574190e7d4a6d9e7b424bc23a9e2a0b6968a27f1772509492b,6e938dfcd266a2b0eac811d7ea7eabbd5b217965f88efa81371465134dbcab11,2026-07-15T17:59:53.484609+00:00,8o8-arch,7.0.12-arch1-1,AMD Ryzen 9 3900X 12-Core Processor,"logical=24,cores=12,sockets=1,nodes=1",performance,rustc 1.97.0 (2d8144b78 2026-07-07),22.1.6,cargo 1.97.0 (c980f4866 2026-06-30),"release,lto=thin,debug=true",/home/bob/.cache/mess-bench,/dev/nvme0n1p3,ext4,/home,Samsung SSD 970 EVO Plus 2TB,[none] mq-deadline kyber bfq,249467514880,4096,1024,payload[i]=(i*131+17)&0xff,2.82568359375,accepted,,1024,2048,0,118,bytes,241664,120832,33832960,241664,0,0,0,0,0,190666608,193441455,1527179,2003988,3923128,2.830,2.830
e000120,exploratory,pwritev_256_8m,candidate,1,4,BAAB,pwritev_256_8m,process,24,1,1024,4,new_name,synthetic_sweep,1,015d813736625640f12d26c5d349b92c14fd2fb4,false,a897dfa99e98479b638409c432d3d2bc8e7ba7d5ba4e5a046dd229021f58bffd,12b1dafe765a77d1a17115b0ae12cff973f20ed7d6d770fbd790695fe081288e,afaa9ca40fef1b2a362af2af235634b472665287e554d16b829c09e1a70787ac,8d5b7eba8aea53574190e7d4a6d9e7b424bc23a9e2a0b6968a27f1772509492b,6e938dfcd266a2b0eac811d7ea7eabbd5b217965f88efa81371465134dbcab11,2026-07-15T17:59:54.505932+00:00,8o8-arch,7.0.12-arch1-1,AMD Ryzen 9 3900X 12-Core Processor,"logical=24,cores=12,sockets=1,nodes=1",performance,rustc 1.97.0 (2d8144b78 2026-07-07),22.1.6,cargo 1.97.0 (c980f4866 2026-06-30),"release,lto=thin,debug=true",/home/bob/.cache/mess-bench,/dev/nvme0n1p3,ext4,/home,Samsung SSD 970 EVO Plus 2TB,[none] mq-deadline kyber bfq,249467510784,4096,1024,payload[i]=(i*131+17)&0xff,2.82568359375,accepted,,1024,2048,0,118,bytes,241664,120832,33832960,944,0,0,256,0,0,14302603,14430122,102590,132640,554130,2.830,2.830
e000121,exploratory,pwritev_64_8m,baseline,1,1,ABBA,k_pwrite,process,24,1,1024,4,new_name,synthetic_sweep,1,015d813736625640f12d26c5d349b92c14fd2fb4,false,a897dfa99e98479b638409c432d3d2bc8e7ba7d5ba4e5a046dd229021f58bffd,12b1dafe765a77d1a17115b0ae12cff973f20ed7d6d770fbd790695fe081288e,afaa9ca40fef1b2a362af2af235634b472665287e554d16b829c09e1a70787ac,8d5b7eba8aea53574190e7d4a6d9e7b424bc23a9e2a0b6968a27f1772509492b,6e938dfcd266a2b0eac811d7ea7eabbd5b217965f88efa81371465134dbcab11,2026-07-15T17:59:55.549194+00:00,8o8-arch,7.0.12-arch1-1,AMD Ryzen 9 3900X 12-Core Processor,"logical=24,cores=12,sockets=1,nodes=1",performance,rustc 1.97.0 (2d8144b78 2026-07-07),22.1.6,cargo 1.97.0 (c980f4866 2026-06-30),"release,lto=thin,debug=true",/home/bob/.cache/mess-bench,/dev/nvme0n1p3,ext4,/home,Samsung SSD 970 EVO Plus 2TB,[none] mq-deadline kyber bfq,249467506688,4096,1024,payload[i]=(i*131+17)&0xff,2.75927734375,accepted,,1024,2048,0,118,bytes,241664,120832,33832960,241664,0,0,0,0,0,190734466,192987146,1516779,2001199,3604078,2.760,2.760
e000122,exploratory,pwritev_64_8m,candidate,1,2,ABBA,pwritev_64_8m,process,24,1,1024,4,new_name,synthetic_sweep,1,015d813736625640f12d26c5d349b92c14fd2fb4,false,a897dfa99e98479b638409c432d3d2bc8e7ba7d5ba4e5a046dd229021f58bffd,12b1dafe765a77d1a17115b0ae12cff973f20ed7d6d770fbd790695fe081288e,afaa9ca40fef1b2a362af2af235634b472665287e554d16b829c09e1a70787ac,8d5b7eba8aea53574190e7d4a6d9e7b424bc23a9e2a0b6968a27f1772509492b,6e938dfcd266a2b0eac811d7ea7eabbd5b217965f88efa81371465134dbcab11,2026-07-15T17:59:56.577799+00:00,8o8-arch,7.0.12-arch1-1,AMD Ryzen 9 3900X 12-Core Processor,"logical=24,cores=12,sockets=1,nodes=1",performance,rustc 1.97.0 (2d8144b78 2026-07-07),22.1.6,cargo 1.97.0 (c980f4866 2026-06-30),"release,lto=thin,debug=true",/home/bob/.cache/mess-bench,/dev/nvme0n1p3,ext4,/home,Samsung SSD 970 EVO Plus 2TB,[none] mq-deadline kyber bfq,249467502592,4096,1024,payload[i]=(i*131+17)&0xff,2.75927734375,accepted,,1024,2048,0,118,bytes,241664,120832,33832960,3776,0,0,64,0,0,18265635,18387870,134490,155550,1064020,2.760,2.760
e000123,exploratory,pwritev_64_8m,candidate,1,3,ABBA,pwritev_64_8m,process,24,1,1024,4,new_name,synthetic_sweep,1,015d813736625640f12d26c5d349b92c14fd2fb4,false,a897dfa99e98479b638409c432d3d2bc8e7ba7d5ba4e5a046dd229021f58bffd,12b1dafe765a77d1a17115b0ae12cff973f20ed7d6d770fbd790695fe081288e,afaa9ca40fef1b2a362af2af235634b472665287e554d16b829c09e1a70787ac,8d5b7eba8aea53574190e7d4a6d9e7b424bc23a9e2a0b6968a27f1772509492b,6e938dfcd266a2b0eac811d7ea7eabbd5b217965f88efa81371465134dbcab11,2026-07-15T17:59:57.608987+00:00,8o8-arch,7.0.12-arch1-1,AMD Ryzen 9 3900X 12-Core Processor,"logical=24,cores=12,sockets=1,nodes=1",performance,rustc 1.97.0 (2d8144b78 2026-07-07),22.1.6,cargo 1.97.0 (c980f4866 2026-06-30),"release,lto=thin,debug=true",/home/bob/.cache/mess-bench,/dev/nvme0n1p3,ext4,/home,Samsung SSD 970 EVO Plus 2TB,[none] mq-deadline kyber bfq,249467502592,4096,1024,payload[i]=(i*131+17)&0xff,2.75927734375,accepted,,1024,2048,0,118,bytes,241664,120832,33832960,3776,0,0,64,0,0,18021105,18276250,133830,158470,563390,2.760,2.760
e000124,exploratory,pwritev_64_8m,baseline,1,4,ABBA,k_pwrite,process,24,1,1024,4,new_name,synthetic_sweep,1,015d813736625640f12d26c5d349b92c14fd2fb4,false,a897dfa99e98479b638409c432d3d2bc8e7ba7d5ba4e5a046dd229021f58bffd,12b1dafe765a77d1a17115b0ae12cff973f20ed7d6d770fbd790695fe081288e,afaa9ca40fef1b2a362af2af235634b472665287e554d16b829c09e1a70787ac,8d5b7eba8aea53574190e7d4a6d9e7b424bc23a9e2a0b6968a27f1772509492b,6e938dfcd266a2b0eac811d7ea7eabbd5b217965f88efa81371465134dbcab11,2026-07-15T17:59:58.633694+00:00,8o8-arch,7.0.12-arch1-1,AMD Ryzen 9 3900X 12-Core Processor,"logical=24,cores=12,sockets=1,nodes=1",performance,rustc 1.97.0 (2d8144b78 2026-07-07),22.1.6,cargo 1.97.0 (c980f4866 2026-06-30),"release,lto=thin,debug=true",/home/bob/.cache/mess-bench,/dev/nvme0n1p3,ext4,/home,Samsung SSD 970 EVO Plus 2TB,[none] mq-deadline kyber bfq,249467498496,4096,1024,payload[i]=(i*131+17)&0xff,2.75927734375,accepted,,1024,2048,0,118,bytes,241664,120832,33832960,241664,0,0,0,0,0,191018966,193835986,1516768,2448389,3515269,2.760,2.760
e000125,exploratory,copy_contiguous,candidate,1,1,BAAB,copy_contiguous,process,24,1,1024,4,new_name,synthetic_sweep,1,015d813736625640f12d26c5d349b92c14fd2fb4,false,a897dfa99e98479b638409c432d3d2bc8e7ba7d5ba4e5a046dd229021f58bffd,12b1dafe765a77d1a17115b0ae12cff973f20ed7d6d770fbd790695fe081288e,afaa9ca40fef1b2a362af2af235634b472665287e554d16b829c09e1a70787ac,8d5b7eba8aea53574190e7d4a6d9e7b424bc23a9e2a0b6968a27f1772509492b,6e938dfcd266a2b0eac811d7ea7eabbd5b217965f88efa81371465134dbcab11,2026-07-15T17:59:59.667195+00:00,8o8-arch,7.0.12-arch1-1,AMD Ryzen 9 3900X 12-Core Processor,"logical=24,cores=12,sockets=1,nodes=1",performance,rustc 1.97.0 (2d8144b78 2026-07-07),22.1.6,cargo 1.97.0 (c980f4866 2026-06-30),"release,lto=thin,debug=true",/home/bob/.cache/mess-bench,/dev/nvme0n1p3,ext4,/home,Samsung SSD 970 EVO Plus 2TB,[none] mq-deadline kyber bfq,249467490304,4096,1024,payload[i]=(i*131+17)&0xff,2.75927734375,accepted,,1024,2048,0,118,bytes,241664,120832,33832960,118,0,0,0,33832960,0,5757252,5801257,48060,56840,60570,2.760,2.760
e000126,exploratory,copy_contiguous,baseline,1,2,BAAB,k_pwrite,process,24,1,1024,4,new_name,synthetic_sweep,1,015d813736625640f12d26c5d349b92c14fd2fb4,false,a897dfa99e98479b638409c432d3d2bc8e7ba7d5ba4e5a046dd229021f58bffd,12b1dafe765a77d1a17115b0ae12cff973f20ed7d6d770fbd790695fe081288e,afaa9ca40fef1b2a362af2af235634b472665287e554d16b829c09e1a70787ac,8d5b7eba8aea53574190e7d4a6d9e7b424bc23a9e2a0b6968a27f1772509492b,6e938dfcd266a2b0eac811d7ea7eabbd5b217965f88efa81371465134dbcab11,2026-07-15T18:00:00.689111+00:00,8o8-arch,7.0.12-arch1-1,AMD Ryzen 9 3900X 12-Core Processor,"logical=24,cores=12,sockets=1,nodes=1",performance,rustc 1.97.0 (2d8144b78 2026-07-07),22.1.6,cargo 1.97.0 (c980f4866 2026-06-30),"release,lto=thin,debug=true",/home/bob/.cache/mess-bench,/dev/nvme0n1p3,ext4,/home,Samsung SSD 970 EVO Plus 2TB,[none] mq-deadline kyber bfq,249467486208,4096,1024,payload[i]=(i*131+17)&0xff,2.6982421875,accepted,,1024,2048,0,118,bytes,241664,120832,33832960,241664,0,0,0,0,0,188010948,189639127,1516279,2101269,3277918,2.700,2.700
e000127,exploratory,copy_contiguous,baseline,1,3,BAAB,k_pwrite,process,24,1,1024,4,new_name,synthetic_sweep,1,015d813736625640f12d26c5d349b92c14fd2fb4,false,a897dfa99e98479b638409c432d3d2bc8e7ba7d5ba4e5a046dd229021f58bffd,12b1dafe765a77d1a17115b0ae12cff973f20ed7d6d770fbd790695fe081288e,afaa9ca40fef1b2a362af2af235634b472665287e554d16b829c09e1a70787ac,8d5b7eba8aea53574190e7d4a6d9e7b424bc23a9e2a0b6968a27f1772509492b,6e938dfcd266a2b0eac811d7ea7eabbd5b217965f88efa81371465134dbcab11,2026-07-15T18:00:01.714473+00:00,8o8-arch,7.0.12-arch1-1,AMD Ryzen 9 3900X 12-Core Processor,"logical=24,cores=12,sockets=1,nodes=1",performance,rustc 1.97.0 (2d8144b78 2026-07-07),22.1.6,cargo 1.97.0 (c980f4866 2026-06-30),"release,lto=thin,debug=true",/home/bob/.cache/mess-bench,/dev/nvme0n1p3,ext4,/home,Samsung SSD 970 EVO Plus 2TB,[none] mq-deadline kyber bfq,249467486208,4096,1024,payload[i]=(i*131+17)&0xff,2.6982421875,accepted,,1024,2048,0,118,bytes,241664,120832,33832960,241664,0,0,0,0,0,194412898,195933965,1514499,2013909,4699817,2.700,2.700
e000128,exploratory,copy_contiguous,candidate,1,4,BAAB,copy_contiguous,process,24,1,1024,4,new_name,synthetic_sweep,1,015d813736625640f12d26c5d349b92c14fd2fb4,false,a897dfa99e98479b638409c432d3d2bc8e7ba7d5ba4e5a046dd229021f58bffd,12b1dafe765a77d1a17115b0ae12cff973f20ed7d6d770fbd790695fe081288e,afaa9ca40fef1b2a362af2af235634b472665287e554d16b829c09e1a70787ac,8d5b7eba8aea53574190e7d4a6d9e7b424bc23a9e2a0b6968a27f1772509492b,6e938dfcd266a2b0eac811d7ea7eabbd5b217965f88efa81371465134dbcab11,2026-07-15T18:00:02.743551+00:00,8o8-arch,7.0.12-arch1-1,AMD Ryzen 9 3900X 12-Core Processor,"logical=24,cores=12,sockets=1,nodes=1",performance,rustc 1.97.0 (2d8144b78 2026-07-07),22.1.6,cargo 1.97.0 (c980f4866 2026-06-30),"release,lto=thin,debug=true",/home/bob/.cache/mess-bench,/dev/nvme0n1p3,ext4,/home,Samsung SSD 970 EVO Plus 2TB,[none] mq-deadline kyber bfq,249467478016,4096,1024,payload[i]=(i*131+17)&0xff,2.6982421875,accepted,,1024,2048,0,118,bytes,241664,120832,33832960,118,0,0,0,33832960,0,9534402,9595354,49700,59820,469390,2.700,2.700
e000129,exploratory,pwritev_full_8m,baseline,1,1,ABBA,k_pwrite,process,24,1,1025,4,domain,synthetic_sweep,1,015d813736625640f12d26c5d349b92c14fd2fb4,false,a897dfa99e98479b638409c432d3d2bc8e7ba7d5ba4e5a046dd229021f58bffd,12b1dafe765a77d1a17115b0ae12cff973f20ed7d6d770fbd790695fe081288e,afaa9ca40fef1b2a362af2af235634b472665287e554d16b829c09e1a70787ac,8d5b7eba8aea53574190e7d4a6d9e7b424bc23a9e2a0b6968a27f1772509492b,6e938dfcd266a2b0eac811d7ea7eabbd5b217965f88efa81371465134dbcab11,2026-07-15T18:00:03.774581+00:00,8o8-arch,7.0.12-arch1-1,AMD Ryzen 9 3900X 12-Core Processor,"logical=24,cores=12,sockets=1,nodes=1",performance,rustc 1.97.0 (2d8144b78 2026-07-07),22.1.6,cargo 1.97.0 (c980f4866 2026-06-30),"release,lto=thin,debug=true",/home/bob/.cache/mess-bench,/dev/nvme0n1p3,ext4,/home,Samsung SSD 970 EVO Plus 2TB,[none] mq-deadline kyber bfq,249467473920,4096,1024,payload[i]=(i*131+17)&0xff,2.6982421875,accepted,,1025,1025,0,234,bytes,239850,239850,33579000,239850,0,0,0,0,0,185211227,186632209,757249,1004560,1501620,2.700,2.700
e000130,exploratory,pwritev_full_8m,candidate,1,2,ABBA,pwritev_full_8m,process,24,1,1025,4,domain,synthetic_sweep,1,015d813736625640f12d26c5d349b92c14fd2fb4,false,a897dfa99e98479b638409c432d3d2bc8e7ba7d5ba4e5a046dd229021f58bffd,12b1dafe765a77d1a17115b0ae12cff973f20ed7d6d770fbd790695fe081288e,afaa9ca40fef1b2a362af2af235634b472665287e554d16b829c09e1a70787ac,8d5b7eba8aea53574190e7d4a6d9e7b424bc23a9e2a0b6968a27f1772509492b,6e938dfcd266a2b0eac811d7ea7eabbd5b217965f88efa81371465134dbcab11,2026-07-15T18:00:04.807386+00:00,8o8-arch,7.0.12-arch1-1,AMD Ryzen 9 3900X 12-Core Processor,"logical=24,cores=12,sockets=1,nodes=1",performance,rustc 1.97.0 (2d8144b78 2026-07-07),22.1.6,cargo 1.97.0 (c980f4866 2026-06-30),"release,lto=thin,debug=true",/home/bob/.cache/mess-bench,/dev/nvme0n1p3,ext4,/home,Samsung SSD 970 EVO Plus 2TB,[none] mq-deadline kyber bfq,249467473920,4096,1024,payload[i]=(i*131+17)&0xff,2.6982421875,accepted,,1025,1025,0,234,bytes,239850,239850,33579000,468,0,0,1024,0,0,14174533,14273292,44820,53230,123680,2.700,2.700
e000131,exploratory,pwritev_full_8m,candidate,1,3,ABBA,pwritev_full_8m,process,24,1,1025,4,domain,synthetic_sweep,1,015d813736625640f12d26c5d349b92c14fd2fb4,false,a897dfa99e98479b638409c432d3d2bc8e7ba7d5ba4e5a046dd229021f58bffd,12b1dafe765a77d1a17115b0ae12cff973f20ed7d6d770fbd790695fe081288e,afaa9ca40fef1b2a362af2af235634b472665287e554d16b829c09e1a70787ac,8d5b7eba8aea53574190e7d4a6d9e7b424bc23a9e2a0b6968a27f1772509492b,6e938dfcd266a2b0eac811d7ea7eabbd5b217965f88efa81371465134dbcab11,2026-07-15T18:00:05.838402+00:00,8o8-arch,7.0.12-arch1-1,AMD Ryzen 9 3900X 12-Core Processor,"logical=24,cores=12,sockets=1,nodes=1",performance,rustc 1.97.0 (2d8144b78 2026-07-07),22.1.6,cargo 1.97.0 (c980f4866 2026-06-30),"release,lto=thin,debug=true",/home/bob/.cache/mess-bench,/dev/nvme0n1p3,ext4,/home,Samsung SSD 970 EVO Plus 2TB,[none] mq-deadline kyber bfq,249467465728,4096,1024,payload[i]=(i*131+17)&0xff,2.802734375,accepted,,1025,1025,0,234,bytes,239850,239850,33579000,468,0,0,1024,0,0,12955084,13076122,44820,57360,402030,2.800,2.800
e000132,exploratory,pwritev_full_8m,baseline,1,4,ABBA,k_pwrite,process,24,1,1025,4,domain,synthetic_sweep,1,015d813736625640f12d26c5d349b92c14fd2fb4,false,a897dfa99e98479b638409c432d3d2bc8e7ba7d5ba4e5a046dd229021f58bffd,12b1dafe765a77d1a17115b0ae12cff973f20ed7d6d770fbd790695fe081288e,afaa9ca40fef1b2a362af2af235634b472665287e554d16b829c09e1a70787ac,8d5b7eba8aea53574190e7d4a6d9e7b424bc23a9e2a0b6968a27f1772509492b,6e938dfcd266a2b0eac811d7ea7eabbd5b217965f88efa81371465134dbcab11,2026-07-15T18:00:06.870101+00:00,8o8-arch,7.0.12-arch1-1,AMD Ryzen 9 3900X 12-Core Processor,"logical=24,cores=12,sockets=1,nodes=1",performance,rustc 1.97.0 (2d8144b78 2026-07-07),22.1.6,cargo 1.97.0 (c980f4866 2026-06-30),"release,lto=thin,debug=true",/home/bob/.cache/mess-bench,/dev/nvme0n1p3,ext4,/home,Samsung SSD 970 EVO Plus 2TB,[none] mq-deadline kyber bfq,249467428864,4096,1024,payload[i]=(i*131+17)&0xff,2.802734375,accepted,,1025,1025,0,234,bytes,239850,239850,33579000,239850,0,0,0,0,0,189916347,191588647,754379,941259,3482758,2.800,2.800
e000133,exploratory,pwritev_256_8m,candidate,1,1,BAAB,pwritev_256_8m,process,24,1,1025,4,domain,synthetic_sweep,1,015d813736625640f12d26c5d349b92c14fd2fb4,false,a897dfa99e98479b638409c432d3d2bc8e7ba7d5ba4e5a046dd229021f58bffd,12b1dafe765a77d1a17115b0ae12cff973f20ed7d6d770fbd790695fe081288e,afaa9ca40fef1b2a362af2af235634b472665287e554d16b829c09e1a70787ac,8d5b7eba8aea53574190e7d4a6d9e7b424bc23a9e2a0b6968a27f1772509492b,6e938dfcd266a2b0eac811d7ea7eabbd5b217965f88efa81371465134dbcab11,2026-07-15T18:00:07.898722+00:00,8o8-arch,7.0.12-arch1-1,AMD Ryzen 9 3900X 12-Core Processor,"logical=24,cores=12,sockets=1,nodes=1",performance,rustc 1.97.0 (2d8144b78 2026-07-07),22.1.6,cargo 1.97.0 (c980f4866 2026-06-30),"release,lto=thin,debug=true",/home/bob/.cache/mess-bench,/dev/nvme0n1p3,ext4,/home,Samsung SSD 970 EVO Plus 2TB,[none] mq-deadline kyber bfq,249467461632,4096,1024,payload[i]=(i*131+17)&0xff,2.802734375,accepted,,1025,1025,0,234,bytes,239850,239850,33579000,1170,0,0,256,0,0,13435824,13548653,52170,66490,77460,2.800,2.800
e000134,exploratory,pwritev_256_8m,baseline,1,2,BAAB,k_pwrite,process,24,1,1025,4,domain,synthetic_sweep,1,015d813736625640f12d26c5d349b92c14fd2fb4,false,a897dfa99e98479b638409c432d3d2bc8e7ba7d5ba4e5a046dd229021f58bffd,12b1dafe765a77d1a17115b0ae12cff973f20ed7d6d770fbd790695fe081288e,afaa9ca40fef1b2a362af2af235634b472665287e554d16b829c09e1a70787ac,8d5b7eba8aea53574190e7d4a6d9e7b424bc23a9e2a0b6968a27f1772509492b,6e938dfcd266a2b0eac811d7ea7eabbd5b217965f88efa81371465134dbcab11,2026-07-15T18:00:08.929471+00:00,8o8-arch,7.0.12-arch1-1,AMD Ryzen 9 3900X 12-Core Processor,"logical=24,cores=12,sockets=1,nodes=1",performance,rustc 1.97.0 (2d8144b78 2026-07-07),22.1.6,cargo 1.97.0 (c980f4866 2026-06-30),"release,lto=thin,debug=true",/home/bob/.cache/mess-bench,/dev/nvme0n1p3,ext4,/home,Samsung SSD 970 EVO Plus 2TB,[none] mq-deadline kyber bfq,249467457536,4096,1024,payload[i]=(i*131+17)&0xff,2.802734375,accepted,,1025,1025,0,234,bytes,239850,239850,33579000,239850,0,0,0,0,0,179138485,180539212,752800,856669,1351619,2.800,2.800
e000135,exploratory,pwritev_256_8m,baseline,1,3,BAAB,k_pwrite,process,24,1,1025,4,domain,synthetic_sweep,1,015d813736625640f12d26c5d349b92c14fd2fb4,false,a897dfa99e98479b638409c432d3d2bc8e7ba7d5ba4e5a046dd229021f58bffd,12b1dafe765a77d1a17115b0ae12cff973f20ed7d6d770fbd790695fe081288e,afaa9ca40fef1b2a362af2af235634b472665287e554d16b829c09e1a70787ac,8d5b7eba8aea53574190e7d4a6d9e7b424bc23a9e2a0b6968a27f1772509492b,6e938dfcd266a2b0eac811d7ea7eabbd5b217965f88efa81371465134dbcab11,2026-07-15T18:00:09.955283+00:00,8o8-arch,7.0.12-arch1-1,AMD Ryzen 9 3900X 12-Core Processor,"logical=24,cores=12,sockets=1,nodes=1",performance,rustc 1.97.0 (2d8144b78 2026-07-07),22.1.6,cargo 1.97.0 (c980f4866 2026-06-30),"release,lto=thin,debug=true",/home/bob/.cache/mess-bench,/dev/nvme0n1p3,ext4,/home,Samsung SSD 970 EVO Plus 2TB,[none] mq-deadline kyber bfq,249467453440,4096,1024,payload[i]=(i*131+17)&0xff,2.802734375,accepted,,1025,1025,0,234,bytes,239850,239850,33579000,239850,0,0,0,0,0,190670938,194547134,753449,936170,3756928,2.800,2.800
e000136,exploratory,pwritev_256_8m,candidate,1,4,BAAB,pwritev_256_8m,process,24,1,1025,4,domain,synthetic_sweep,1,015d813736625640f12d26c5d349b92c14fd2fb4,false,a897dfa99e98479b638409c432d3d2bc8e7ba7d5ba4e5a046dd229021f58bffd,12b1dafe765a77d1a17115b0ae12cff973f20ed7d6d770fbd790695fe081288e,afaa9ca40fef1b2a362af2af235634b472665287e554d16b829c09e1a70787ac,8d5b7eba8aea53574190e7d4a6d9e7b424bc23a9e2a0b6968a27f1772509492b,6e938dfcd266a2b0eac811d7ea7eabbd5b217965f88efa81371465134dbcab11,2026-07-15T18:00:10.983885+00:00,8o8-arch,7.0.12-arch1-1,AMD Ryzen 9 3900X 12-Core Processor,"logical=24,cores=12,sockets=1,nodes=1",performance,rustc 1.97.0 (2d8144b78 2026-07-07),22.1.6,cargo 1.97.0 (c980f4866 2026-06-30),"release,lto=thin,debug=true",/home/bob/.cache/mess-bench,/dev/nvme0n1p3,ext4,/home,Samsung SSD 970 EVO Plus 2TB,[none] mq-deadline kyber bfq,249467416576,4096,1024,payload[i]=(i*131+17)&0xff,2.73828125,accepted,,1025,1025,0,234,bytes,239850,239850,33579000,1170,0,0,256,0,0,15675734,16240201,50970,66680,172990,2.740,2.740
e000137,exploratory,pwritev_64_8m,baseline,1,1,ABBA,k_pwrite,process,24,1,1025,4,domain,synthetic_sweep,1,015d813736625640f12d26c5d349b92c14fd2fb4,false,a897dfa99e98479b638409c432d3d2bc8e7ba7d5ba4e5a046dd229021f58bffd,12b1dafe765a77d1a17115b0ae12cff973f20ed7d6d770fbd790695fe081288e,afaa9ca40fef1b2a362af2af235634b472665287e554d16b829c09e1a70787ac,8d5b7eba8aea53574190e7d4a6d9e7b424bc23a9e2a0b6968a27f1772509492b,6e938dfcd266a2b0eac811d7ea7eabbd5b217965f88efa81371465134dbcab11,2026-07-15T18:00:12.012033+00:00,8o8-arch,7.0.12-arch1-1,AMD Ryzen 9 3900X 12-Core Processor,"logical=24,cores=12,sockets=1,nodes=1",performance,rustc 1.97.0 (2d8144b78 2026-07-07),22.1.6,cargo 1.97.0 (c980f4866 2026-06-30),"release,lto=thin,debug=true",/home/bob/.cache/mess-bench,/dev/nvme0n1p3,ext4,/home,Samsung SSD 970 EVO Plus 2TB,[none] mq-deadline kyber bfq,249467449344,4096,1024,payload[i]=(i*131+17)&0xff,2.73828125,accepted,,1025,1025,0,234,bytes,239850,239850,33579000,239850,0,0,0,0,0,190125428,191759546,755139,1194609,1910569,2.740,2.740
e000138,exploratory,pwritev_64_8m,candidate,1,2,ABBA,pwritev_64_8m,process,24,1,1025,4,domain,synthetic_sweep,1,015d813736625640f12d26c5d349b92c14fd2fb4,false,a897dfa99e98479b638409c432d3d2bc8e7ba7d5ba4e5a046dd229021f58bffd,12b1dafe765a77d1a17115b0ae12cff973f20ed7d6d770fbd790695fe081288e,afaa9ca40fef1b2a362af2af235634b472665287e554d16b829c09e1a70787ac,8d5b7eba8aea53574190e7d4a6d9e7b424bc23a9e2a0b6968a27f1772509492b,6e938dfcd266a2b0eac811d7ea7eabbd5b217965f88efa81371465134dbcab11,2026-07-15T18:00:13.042775+00:00,8o8-arch,7.0.12-arch1-1,AMD Ryzen 9 3900X 12-Core Processor,"logical=24,cores=12,sockets=1,nodes=1",performance,rustc 1.97.0 (2d8144b78 2026-07-07),22.1.6,cargo 1.97.0 (c980f4866 2026-06-30),"release,lto=thin,debug=true",/home/bob/.cache/mess-bench,/dev/nvme0n1p3,ext4,/home,Samsung SSD 970 EVO Plus 2TB,[none] mq-deadline kyber bfq,249467449344,4096,1024,payload[i]=(i*131+17)&0xff,2.73828125,accepted,,1025,1025,0,234,bytes,239850,239850,33579000,3978,0,0,64,0,0,17794835,17928130,66960,79030,617819,2.740,2.740
e000139,exploratory,pwritev_64_8m,candidate,1,3,ABBA,pwritev_64_8m,process,24,1,1025,4,domain,synthetic_sweep,1,015d813736625640f12d26c5d349b92c14fd2fb4,false,a897dfa99e98479b638409c432d3d2bc8e7ba7d5ba4e5a046dd229021f58bffd,12b1dafe765a77d1a17115b0ae12cff973f20ed7d6d770fbd790695fe081288e,afaa9ca40fef1b2a362af2af235634b472665287e554d16b829c09e1a70787ac,8d5b7eba8aea53574190e7d4a6d9e7b424bc23a9e2a0b6968a27f1772509492b,6e938dfcd266a2b0eac811d7ea7eabbd5b217965f88efa81371465134dbcab11,2026-07-15T18:00:14.073348+00:00,8o8-arch,7.0.12-arch1-1,AMD Ryzen 9 3900X 12-Core Processor,"logical=24,cores=12,sockets=1,nodes=1",performance,rustc 1.97.0 (2d8144b78 2026-07-07),22.1.6,cargo 1.97.0 (c980f4866 2026-06-30),"release,lto=thin,debug=true",/home/bob/.cache/mess-bench,/dev/nvme0n1p3,ext4,/home,Samsung SSD 970 EVO Plus 2TB,[none] mq-deadline kyber bfq,249467449344,4096,1024,payload[i]=(i*131+17)&0xff,2.73828125,accepted,,1025,1025,0,234,bytes,239850,239850,33579000,3978,0,0,64,0,0,18929795,19098950,66540,77930,657730,2.740,2.740
e000140,exploratory,pwritev_64_8m,baseline,1,4,ABBA,k_pwrite,process,24,1,1025,4,domain,synthetic_sweep,1,015d813736625640f12d26c5d349b92c14fd2fb4,false,a897dfa99e98479b638409c432d3d2bc8e7ba7d5ba4e5a046dd229021f58bffd,12b1dafe765a77d1a17115b0ae12cff973f20ed7d6d770fbd790695fe081288e,afaa9ca40fef1b2a362af2af235634b472665287e554d16b829c09e1a70787ac,8d5b7eba8aea53574190e7d4a6d9e7b424bc23a9e2a0b6968a27f1772509492b,6e938dfcd266a2b0eac811d7ea7eabbd5b217965f88efa81371465134dbcab11,2026-07-15T18:00:15.105356+00:00,8o8-arch,7.0.12-arch1-1,AMD Ryzen 9 3900X 12-Core Processor,"logical=24,cores=12,sockets=1,nodes=1",performance,rustc 1.97.0 (2d8144b78 2026-07-07),22.1.6,cargo 1.97.0 (c980f4866 2026-06-30),"release,lto=thin,debug=true",/home/bob/.cache/mess-bench,/dev/nvme0n1p3,ext4,/home,Samsung SSD 970 EVO Plus 2TB,[none] mq-deadline kyber bfq,249467441152,4096,1024,payload[i]=(i*131+17)&0xff,2.73828125,accepted,,1025,1025,0,234,bytes,239850,239850,33579000,239850,0,0,0,0,0,187813718,189305267,755409,900840,2639968,2.740,2.760
e000141,exploratory,copy_contiguous,candidate,1,1,BAAB,copy_contiguous,process,24,1,1025,4,domain,synthetic_sweep,1,015d813736625640f12d26c5d349b92c14fd2fb4,false,a897dfa99e98479b638409c432d3d2bc8e7ba7d5ba4e5a046dd229021f58bffd,12b1dafe765a77d1a17115b0ae12cff973f20ed7d6d770fbd790695fe081288e,afaa9ca40fef1b2a362af2af235634b472665287e554d16b829c09e1a70787ac,8d5b7eba8aea53574190e7d4a6d9e7b424bc23a9e2a0b6968a27f1772509492b,6e938dfcd266a2b0eac811d7ea7eabbd5b217965f88efa81371465134dbcab11,2026-07-15T18:00:16.130891+00:00,8o8-arch,7.0.12-arch1-1,AMD Ryzen 9 3900X 12-Core Processor,"logical=24,cores=12,sockets=1,nodes=1",performance,rustc 1.97.0 (2d8144b78 2026-07-07),22.1.6,cargo 1.97.0 (c980f4866 2026-06-30),"release,lto=thin,debug=true",/home/bob/.cache/mess-bench,/dev/nvme0n1p3,ext4,/home,Samsung SSD 970 EVO Plus 2TB,[none] mq-deadline kyber bfq,249467441152,4096,1024,payload[i]=(i*131+17)&0xff,2.75927734375,accepted,,1025,1025,0,234,bytes,239850,239850,33579000,234,0,0,0,33579000,0,5582801,5619537,23230,29490,34600,2.760,2.760
e000142,exploratory,copy_contiguous,baseline,1,2,BAAB,k_pwrite,process,24,1,1025,4,domain,synthetic_sweep,1,015d813736625640f12d26c5d349b92c14fd2fb4,false,a897dfa99e98479b638409c432d3d2bc8e7ba7d5ba4e5a046dd229021f58bffd,12b1dafe765a77d1a17115b0ae12cff973f20ed7d6d770fbd790695fe081288e,afaa9ca40fef1b2a362af2af235634b472665287e554d16b829c09e1a70787ac,8d5b7eba8aea53574190e7d4a6d9e7b424bc23a9e2a0b6968a27f1772509492b,6e938dfcd266a2b0eac811d7ea7eabbd5b217965f88efa81371465134dbcab11,2026-07-15T18:00:17.155204+00:00,8o8-arch,7.0.12-arch1-1,AMD Ryzen 9 3900X 12-Core Processor,"logical=24,cores=12,sockets=1,nodes=1",performance,rustc 1.97.0 (2d8144b78 2026-07-07),22.1.6,cargo 1.97.0 (c980f4866 2026-06-30),"release,lto=thin,debug=true",/home/bob/.cache/mess-bench,/dev/nvme0n1p3,ext4,/home,Samsung SSD 970 EVO Plus 2TB,[none] mq-deadline kyber bfq,249467437056,4096,1024,payload[i]=(i*131+17)&0xff,2.75927734375,accepted,,1025,1025,0,234,bytes,239850,239850,33579000,239850,0,0,0,0,0,187969587,189462377,754279,943839,1823219,2.760,2.760
e000143,exploratory,copy_contiguous,baseline,1,3,BAAB,k_pwrite,process,24,1,1025,4,domain,synthetic_sweep,1,015d813736625640f12d26c5d349b92c14fd2fb4,false,a897dfa99e98479b638409c432d3d2bc8e7ba7d5ba4e5a046dd229021f58bffd,12b1dafe765a77d1a17115b0ae12cff973f20ed7d6d770fbd790695fe081288e,afaa9ca40fef1b2a362af2af235634b472665287e554d16b829c09e1a70787ac,8d5b7eba8aea53574190e7d4a6d9e7b424bc23a9e2a0b6968a27f1772509492b,6e938dfcd266a2b0eac811d7ea7eabbd5b217965f88efa81371465134dbcab11,2026-07-15T18:00:18.184895+00:00,8o8-arch,7.0.12-arch1-1,AMD Ryzen 9 3900X 12-Core Processor,"logical=24,cores=12,sockets=1,nodes=1",performance,rustc 1.97.0 (2d8144b78 2026-07-07),22.1.6,cargo 1.97.0 (c980f4866 2026-06-30),"release,lto=thin,debug=true",/home/bob/.cache/mess-bench,/dev/nvme0n1p3,ext4,/home,Samsung SSD 970 EVO Plus 2TB,[none] mq-deadline kyber bfq,249467432960,4096,1024,payload[i]=(i*131+17)&0xff,2.75927734375,accepted,,1025,1025,0,234,bytes,239850,239850,33579000,239850,0,0,0,0,0,189018757,192738435,754040,934640,2712899,2.760,2.760
e000144,exploratory,copy_contiguous,candidate,1,4,BAAB,copy_contiguous,process,24,1,1025,4,domain,synthetic_sweep,1,015d813736625640f12d26c5d349b92c14fd2fb4,false,a897dfa99e98479b638409c432d3d2bc8e7ba7d5ba4e5a046dd229021f58bffd,12b1dafe765a77d1a17115b0ae12cff973f20ed7d6d770fbd790695fe081288e,afaa9ca40fef1b2a362af2af235634b472665287e554d16b829c09e1a70787ac,8d5b7eba8aea53574190e7d4a6d9e7b424bc23a9e2a0b6968a27f1772509492b,6e938dfcd266a2b0eac811d7ea7eabbd5b217965f88efa81371465134dbcab11,2026-07-15T18:00:19.213604+00:00,8o8-arch,7.0.12-arch1-1,AMD Ryzen 9 3900X 12-Core Processor,"logical=24,cores=12,sockets=1,nodes=1",performance,rustc 1.97.0 (2d8144b78 2026-07-07),22.1.6,cargo 1.97.0 (c980f4866 2026-06-30),"release,lto=thin,debug=true",/home/bob/.cache/mess-bench,/dev/nvme0n1p3,ext4,/home,Samsung SSD 970 EVO Plus 2TB,[none] mq-deadline kyber bfq,249467428864,4096,1024,payload[i]=(i*131+17)&0xff,2.75927734375,accepted,,1025,1025,0,234,bytes,239850,239850,33579000,234,0,0,0,33579000,0,6584002,7005326,28900,43620,53630,2.760,2.760
e000145,exploratory,pwritev_full_8m,baseline,1,1,ABBA,k_pwrite,process,24,1,1025,4,new_name,synthetic_sweep,1,015d813736625640f12d26c5d349b92c14fd2fb4,false,a897dfa99e98479b638409c432d3d2bc8e7ba7d5ba4e5a046dd229021f58bffd,12b1dafe765a77d1a17115b0ae12cff973f20ed7d6d770fbd790695fe081288e,afaa9ca40fef1b2a362af2af235634b472665287e554d16b829c09e1a70787ac,8d5b7eba8aea53574190e7d4a6d9e7b424bc23a9e2a0b6968a27f1772509492b,6e938dfcd266a2b0eac811d7ea7eabbd5b217965f88efa81371465134dbcab11,2026-07-15T18:00:20.236720+00:00,8o8-arch,7.0.12-arch1-1,AMD Ryzen 9 3900X 12-Core Processor,"logical=24,cores=12,sockets=1,nodes=1",performance,rustc 1.97.0 (2d8144b78 2026-07-07),22.1.6,cargo 1.97.0 (c980f4866 2026-06-30),"release,lto=thin,debug=true",/home/bob/.cache/mess-bench,/dev/nvme0n1p3,ext4,/home,Samsung SSD 970 EVO Plus 2TB,[none] mq-deadline kyber bfq,249467424768,4096,1024,payload[i]=(i*131+17)&0xff,2.75927734375,accepted,,1025,2050,0,117,bytes,239850,119925,33579000,239850,0,0,0,0,0,192019776,193710835,1521549,2362269,3624768,2.760,3.740
e000146,exploratory,pwritev_full_8m,candidate,1,2,ABBA,pwritev_full_8m,process,24,1,1025,4,new_name,synthetic_sweep,1,015d813736625640f12d26c5d349b92c14fd2fb4,false,a897dfa99e98479b638409c432d3d2bc8e7ba7d5ba4e5a046dd229021f58bffd,12b1dafe765a77d1a17115b0ae12cff973f20ed7d6d770fbd790695fe081288e,afaa9ca40fef1b2a362af2af235634b472665287e554d16b829c09e1a70787ac,8d5b7eba8aea53574190e7d4a6d9e7b424bc23a9e2a0b6968a27f1772509492b,6e938dfcd266a2b0eac811d7ea7eabbd5b217965f88efa81371465134dbcab11,2026-07-15T18:00:21.261940+00:00,8o8-arch,7.0.12-arch1-1,AMD Ryzen 9 3900X 12-Core Processor,"logical=24,cores=12,sockets=1,nodes=1",performance,rustc 1.97.0 (2d8144b78 2026-07-07),22.1.6,cargo 1.97.0 (c980f4866 2026-06-30),"release,lto=thin,debug=true",/home/bob/.cache/mess-bench,/dev/nvme0n1p3,ext4,/home,Samsung SSD 970 EVO Plus 2TB,[none] mq-deadline kyber bfq,249467420672,4096,1024,payload[i]=(i*131+17)&0xff,3.73974609375,accepted,,1025,2050,0,117,bytes,239850,119925,33579000,351,0,0,1024,0,0,10653592,10710985,90130,98390,99770,3.740,3.740
e000147,exploratory,pwritev_full_8m,candidate,1,3,ABBA,pwritev_full_8m,process,24,1,1025,4,new_name,synthetic_sweep,1,015d813736625640f12d26c5d349b92c14fd2fb4,false,a897dfa99e98479b638409c432d3d2bc8e7ba7d5ba4e5a046dd229021f58bffd,12b1dafe765a77d1a17115b0ae12cff973f20ed7d6d770fbd790695fe081288e,afaa9ca40fef1b2a362af2af235634b472665287e554d16b829c09e1a70787ac,8d5b7eba8aea53574190e7d4a6d9e7b424bc23a9e2a0b6968a27f1772509492b,6e938dfcd266a2b0eac811d7ea7eabbd5b217965f88efa81371465134dbcab11,2026-07-15T18:00:22.285450+00:00,8o8-arch,7.0.12-arch1-1,AMD Ryzen 9 3900X 12-Core Processor,"logical=24,cores=12,sockets=1,nodes=1",performance,rustc 1.97.0 (2d8144b78 2026-07-07),22.1.6,cargo 1.97.0 (c980f4866 2026-06-30),"release,lto=thin,debug=true",/home/bob/.cache/mess-bench,/dev/nvme0n1p3,ext4,/home,Samsung SSD 970 EVO Plus 2TB,[none] mq-deadline kyber bfq,249467420672,4096,1024,payload[i]=(i*131+17)&0xff,3.73974609375,accepted,,1025,2050,0,117,bytes,239850,119925,33579000,351,0,0,1024,0,0,12440053,12864133,90060,108620,758430,3.740,3.740
e000148,exploratory,pwritev_full_8m,baseline,1,4,ABBA,k_pwrite,process,24,1,1025,4,new_name,synthetic_sweep,1,015d813736625640f12d26c5d349b92c14fd2fb4,false,a897dfa99e98479b638409c432d3d2bc8e7ba7d5ba4e5a046dd229021f58bffd,12b1dafe765a77d1a17115b0ae12cff973f20ed7d6d770fbd790695fe081288e,afaa9ca40fef1b2a362af2af235634b472665287e554d16b829c09e1a70787ac,8d5b7eba8aea53574190e7d4a6d9e7b424bc23a9e2a0b6968a27f1772509492b,6e938dfcd266a2b0eac811d7ea7eabbd5b217965f88efa81371465134dbcab11,2026-07-15T18:00:23.315789+00:00,8o8-arch,7.0.12-arch1-1,AMD Ryzen 9 3900X 12-Core Processor,"logical=24,cores=12,sockets=1,nodes=1",performance,rustc 1.97.0 (2d8144b78 2026-07-07),22.1.6,cargo 1.97.0 (c980f4866 2026-06-30),"release,lto=thin,debug=true",/home/bob/.cache/mess-bench,/dev/nvme0n1p3,ext4,/home,Samsung SSD 970 EVO Plus 2TB,[none] mq-deadline kyber bfq,249467404288,4096,1024,payload[i]=(i*131+17)&0xff,3.73974609375,accepted,,1025,2050,0,117,bytes,239850,119925,33579000,239850,0,0,0,0,0,183331515,184734759,1511650,1997389,2532649,3.740,3.740
e000149,exploratory,pwritev_256_8m,candidate,1,1,BAAB,pwritev_256_8m,process,24,1,1025,4,new_name,synthetic_sweep,1,015d813736625640f12d26c5d349b92c14fd2fb4,false,a897dfa99e98479b638409c432d3d2bc8e7ba7d5ba4e5a046dd229021f58bffd,12b1dafe765a77d1a17115b0ae12cff973f20ed7d6d770fbd790695fe081288e,afaa9ca40fef1b2a362af2af235634b472665287e554d16b829c09e1a70787ac,8d5b7eba8aea53574190e7d4a6d9e7b424bc23a9e2a0b6968a27f1772509492b,6e938dfcd266a2b0eac811d7ea7eabbd5b217965f88efa81371465134dbcab11,2026-07-15T18:00:24.348738+00:00,8o8-arch,7.0.12-arch1-1,AMD Ryzen 9 3900X 12-Core Processor,"logical=24,cores=12,sockets=1,nodes=1",performance,rustc 1.97.0 (2d8144b78 2026-07-07),22.1.6,cargo 1.97.0 (c980f4866 2026-06-30),"release,lto=thin,debug=true",/home/bob/.cache/mess-bench,/dev/nvme0n1p3,ext4,/home,Samsung SSD 970 EVO Plus 2TB,[none] mq-deadline kyber bfq,249467404288,4096,1024,payload[i]=(i*131+17)&0xff,3.73974609375,accepted,,1025,2050,0,117,bytes,239850,119925,33579000,1053,0,0,256,0,0,14181194,14279342,103040,119790,309690,3.740,3.740
e000150,exploratory,pwritev_256_8m,baseline,1,2,BAAB,k_pwrite,process,24,1,1025,4,new_name,synthetic_sweep,1,015d813736625640f12d26c5d349b92c14fd2fb4,false,a897dfa99e98479b638409c432d3d2bc8e7ba7d5ba4e5a046dd229021f58bffd,12b1dafe765a77d1a17115b0ae12cff973f20ed7d6d770fbd790695fe081288e,afaa9ca40fef1b2a362af2af235634b472665287e554d16b829c09e1a70787ac,8d5b7eba8aea53574190e7d4a6d9e7b424bc23a9e2a0b6968a27f1772509492b,6e938dfcd266a2b0eac811d7ea7eabbd5b217965f88efa81371465134dbcab11,2026-07-15T18:00:25.370794+00:00,8o8-arch,7.0.12-arch1-1,AMD Ryzen 9 3900X 12-Core Processor,"logical=24,cores=12,sockets=1,nodes=1",performance,rustc 1.97.0 (2d8144b78 2026-07-07),22.1.6,cargo 1.97.0 (c980f4866 2026-06-30),"release,lto=thin,debug=true",/home/bob/.cache/mess-bench,/dev/nvme0n1p3,ext4,/home,Samsung SSD 970 EVO Plus 2TB,[none] mq-deadline kyber bfq,249467396096,4096,1024,payload[i]=(i*131+17)&0xff,4.6416015625,accepted,,1025,2050,0,117,bytes,239850,119925,33579000,239850,0,0,0,0,0,187771407,189375687,1513339,2528348,3154059,4.640,4.640
e000151,exploratory,pwritev_256_8m,baseline,1,3,BAAB,k_pwrite,process,24,1,1025,4,new_name,synthetic_sweep,1,015d813736625640f12d26c5d349b92c14fd2fb4,false,a897dfa99e98479b638409c432d3d2bc8e7ba7d5ba4e5a046dd229021f58bffd,12b1dafe765a77d1a17115b0ae12cff973f20ed7d6d770fbd790695fe081288e,afaa9ca40fef1b2a362af2af235634b472665287e554d16b829c09e1a70787ac,8d5b7eba8aea53574190e7d4a6d9e7b424bc23a9e2a0b6968a27f1772509492b,6e938dfcd266a2b0eac811d7ea7eabbd5b217965f88efa81371465134dbcab11,2026-07-15T18:00:26.402672+00:00,8o8-arch,7.0.12-arch1-1,AMD Ryzen 9 3900X 12-Core Processor,"logical=24,cores=12,sockets=1,nodes=1",performance,rustc 1.97.0 (2d8144b78 2026-07-07),22.1.6,cargo 1.97.0 (c980f4866 2026-06-30),"release,lto=thin,debug=true",/home/bob/.cache/mess-bench,/dev/nvme0n1p3,ext4,/home,Samsung SSD 970 EVO Plus 2TB,[none] mq-deadline kyber bfq,249467379712,4096,1024,payload[i]=(i*131+17)&0xff,4.6416015625,accepted,,1025,2050,0,117,bytes,239850,119925,33579000,239850,0,0,0,0,0,185613846,187222077,1519039,2087919,2687779,4.640,4.640
e000152,exploratory,pwritev_256_8m,candidate,1,4,BAAB,pwritev_256_8m,process,24,1,1025,4,new_name,synthetic_sweep,1,015d813736625640f12d26c5d349b92c14fd2fb4,false,a897dfa99e98479b638409c432d3d2bc8e7ba7d5ba4e5a046dd229021f58bffd,12b1dafe765a77d1a17115b0ae12cff973f20ed7d6d770fbd790695fe081288e,afaa9ca40fef1b2a362af2af235634b472665287e554d16b829c09e1a70787ac,8d5b7eba8aea53574190e7d4a6d9e7b424bc23a9e2a0b6968a27f1772509492b,6e938dfcd266a2b0eac811d7ea7eabbd5b217965f88efa81371465134dbcab11,2026-07-15T18:00:27.427679+00:00,8o8-arch,7.0.12-arch1-1,AMD Ryzen 9 3900X 12-Core Processor,"logical=24,cores=12,sockets=1,nodes=1",performance,rustc 1.97.0 (2d8144b78 2026-07-07),22.1.6,cargo 1.97.0 (c980f4866 2026-06-30),"release,lto=thin,debug=true",/home/bob/.cache/mess-bench,/dev/nvme0n1p3,ext4,/home,Samsung SSD 970 EVO Plus 2TB,[none] mq-deadline kyber bfq,249467379712,4096,1024,payload[i]=(i*131+17)&0xff,4.6416015625,accepted,,1025,2050,0,117,bytes,239850,119925,33579000,1053,0,0,256,0,0,12223983,12316794,102980,113450,141760,4.640,4.640
e000153,exploratory,pwritev_64_8m,baseline,1,1,ABBA,k_pwrite,process,24,1,1025,4,new_name,synthetic_sweep,1,015d813736625640f12d26c5d349b92c14fd2fb4,false,a897dfa99e98479b638409c432d3d2bc8e7ba7d5ba4e5a046dd229021f58bffd,12b1dafe765a77d1a17115b0ae12cff973f20ed7d6d770fbd790695fe081288e,afaa9ca40fef1b2a362af2af235634b472665287e554d16b829c09e1a70787ac,8d5b7eba8aea53574190e7d4a6d9e7b424bc23a9e2a0b6968a27f1772509492b,6e938dfcd266a2b0eac811d7ea7eabbd5b217965f88efa81371465134dbcab11,2026-07-15T18:00:28.451142+00:00,8o8-arch,7.0.12-arch1-1,AMD Ryzen 9 3900X 12-Core Processor,"logical=24,cores=12,sockets=1,nodes=1",performance,rustc 1.97.0 (2d8144b78 2026-07-07),22.1.6,cargo 1.97.0 (c980f4866 2026-06-30),"release,lto=thin,debug=true",/home/bob/.cache/mess-bench,/dev/nvme0n1p3,ext4,/home,Samsung SSD 970 EVO Plus 2TB,[none] mq-deadline kyber bfq,249467375616,4096,1024,payload[i]=(i*131+17)&0xff,4.6416015625,accepted,,1025,2050,0,117,bytes,239850,119925,33579000,239850,0,0,0,0,0,184966397,188136117,1514199,2040519,3254378,4.640,4.640
e000154,exploratory,pwritev_64_8m,candidate,1,2,ABBA,pwritev_64_8m,process,24,1,1025,4,new_name,synthetic_sweep,1,015d813736625640f12d26c5d349b92c14fd2fb4,false,a897dfa99e98479b638409c432d3d2bc8e7ba7d5ba4e5a046dd229021f58bffd,12b1dafe765a77d1a17115b0ae12cff973f20ed7d6d770fbd790695fe081288e,afaa9ca40fef1b2a362af2af235634b472665287e554d16b829c09e1a70787ac,8d5b7eba8aea53574190e7d4a6d9e7b424bc23a9e2a0b6968a27f1772509492b,6e938dfcd266a2b0eac811d7ea7eabbd5b217965f88efa81371465134dbcab11,2026-07-15T18:00:29.479196+00:00,8o8-arch,7.0.12-arch1-1,AMD Ryzen 9 3900X 12-Core Processor,"logical=24,cores=12,sockets=1,nodes=1",performance,rustc 1.97.0 (2d8144b78 2026-07-07),22.1.6,cargo 1.97.0 (c980f4866 2026-06-30),"release,lto=thin,debug=true",/home/bob/.cache/mess-bench,/dev/nvme0n1p3,ext4,/home,Samsung SSD 970 EVO Plus 2TB,[none] mq-deadline kyber bfq,249467367424,4096,1024,payload[i]=(i*131+17)&0xff,4.6416015625,accepted,,1025,2050,0,117,bytes,239850,119925,33579000,3861,0,0,64,0,0,19422375,19623639,134730,162710,818099,4.640,4.640
e000155,exploratory,pwritev_64_8m,candidate,1,3,ABBA,pwritev_64_8m,process,24,1,1025,4,new_name,synthetic_sweep,1,015d813736625640f12d26c5d349b92c14fd2fb4,false,a897dfa99e98479b638409c432d3d2bc8e7ba7d5ba4e5a046dd229021f58bffd,12b1dafe765a77d1a17115b0ae12cff973f20ed7d6d770fbd790695fe081288e,afaa9ca40fef1b2a362af2af235634b472665287e554d16b829c09e1a70787ac,8d5b7eba8aea53574190e7d4a6d9e7b424bc23a9e2a0b6968a27f1772509492b,6e938dfcd266a2b0eac811d7ea7eabbd5b217965f88efa81371465134dbcab11,2026-07-15T18:00:30.510196+00:00,8o8-arch,7.0.12-arch1-1,AMD Ryzen 9 3900X 12-Core Processor,"logical=24,cores=12,sockets=1,nodes=1",performance,rustc 1.97.0 (2d8144b78 2026-07-07),22.1.6,cargo 1.97.0 (c980f4866 2026-06-30),"release,lto=thin,debug=true",/home/bob/.cache/mess-bench,/dev/nvme0n1p3,ext4,/home,Samsung SSD 970 EVO Plus 2TB,[none] mq-deadline kyber bfq,249467179008,4096,1024,payload[i]=(i*131+17)&0xff,5.8564453125,accepted,,1025,2050,0,117,bytes,239850,119925,33579000,3861,0,0,64,0,0,18416294,18713000,134240,165320,586379,5.860,5.860
e000156,exploratory,pwritev_64_8m,baseline,1,4,ABBA,k_pwrite,process,24,1,1025,4,new_name,synthetic_sweep,1,015d813736625640f12d26c5d349b92c14fd2fb4,false,a897dfa99e98479b638409c432d3d2bc8e7ba7d5ba4e5a046dd229021f58bffd,12b1dafe765a77d1a17115b0ae12cff973f20ed7d6d770fbd790695fe081288e,afaa9ca40fef1b2a362af2af235634b472665287e554d16b829c09e1a70787ac,8d5b7eba8aea53574190e7d4a6d9e7b424bc23a9e2a0b6968a27f1772509492b,6e938dfcd266a2b0eac811d7ea7eabbd5b217965f88efa81371465134dbcab11,2026-07-15T18:01:11.544775+00:00,8o8-arch,7.0.12-arch1-1,AMD Ryzen 9 3900X 12-Core Processor,"logical=24,cores=12,sockets=1,nodes=1",performance,rustc 1.97.0 (2d8144b78 2026-07-07),22.1.6,cargo 1.97.0 (c980f4866 2026-06-30),"release,lto=thin,debug=true",/home/bob/.cache/mess-bench,/dev/nvme0n1p3,ext4,/home,Samsung SSD 970 EVO Plus 2TB,[none] mq-deadline kyber bfq,249467179008,4096,1024,payload[i]=(i*131+17)&0xff,5.8564453125,accepted,,1025,2050,0,117,bytes,239850,119925,33579000,239850,0,0,0,0,0,190192298,193557874,1519030,2609088,3882268,5.860,5.860
e000157,exploratory,copy_contiguous,candidate,1,1,BAAB,copy_contiguous,process,24,1,1025,4,new_name,synthetic_sweep,1,015d813736625640f12d26c5d349b92c14fd2fb4,false,a897dfa99e98479b638409c432d3d2bc8e7ba7d5ba4e5a046dd229021f58bffd,12b1dafe765a77d1a17115b0ae12cff973f20ed7d6d770fbd790695fe081288e,afaa9ca40fef1b2a362af2af235634b472665287e554d16b829c09e1a70787ac,8d5b7eba8aea53574190e7d4a6d9e7b424bc23a9e2a0b6968a27f1772509492b,6e938dfcd266a2b0eac811d7ea7eabbd5b217965f88efa81371465134dbcab11,2026-07-15T18:01:12.575608+00:00,8o8-arch,7.0.12-arch1-1,AMD Ryzen 9 3900X 12-Core Processor,"logical=24,cores=12,sockets=1,nodes=1",performance,rustc 1.97.0 (2d8144b78 2026-07-07),22.1.6,cargo 1.97.0 (c980f4866 2026-06-30),"release,lto=thin,debug=true",/home/bob/.cache/mess-bench,/dev/nvme0n1p3,ext4,/home,Samsung SSD 970 EVO Plus 2TB,[none] mq-deadline kyber bfq,249467179008,4096,1024,payload[i]=(i*131+17)&0xff,5.8564453125,accepted,,1025,2050,0,117,bytes,239850,119925,33579000,117,0,0,0,33579000,0,5836131,5945356,48460,61030,70800,5.860,5.860
e000158,exploratory,copy_contiguous,baseline,1,2,BAAB,k_pwrite,process,24,1,1025,4,new_name,synthetic_sweep,1,015d813736625640f12d26c5d349b92c14fd2fb4,false,a897dfa99e98479b638409c432d3d2bc8e7ba7d5ba4e5a046dd229021f58bffd,12b1dafe765a77d1a17115b0ae12cff973f20ed7d6d770fbd790695fe081288e,afaa9ca40fef1b2a362af2af235634b472665287e554d16b829c09e1a70787ac,8d5b7eba8aea53574190e7d4a6d9e7b424bc23a9e2a0b6968a27f1772509492b,6e938dfcd266a2b0eac811d7ea7eabbd5b217965f88efa81371465134dbcab11,2026-07-15T18:01:13.605771+00:00,8o8-arch,7.0.12-arch1-1,AMD Ryzen 9 3900X 12-Core Processor,"logical=24,cores=12,sockets=1,nodes=1",performance,rustc 1.97.0 (2d8144b78 2026-07-07),22.1.6,cargo 1.97.0 (c980f4866 2026-06-30),"release,lto=thin,debug=true",/home/bob/.cache/mess-bench,/dev/nvme0n1p3,ext4,/home,Samsung SSD 970 EVO Plus 2TB,[none] mq-deadline kyber bfq,249467179008,4096,1024,payload[i]=(i*131+17)&0xff,5.8564453125,accepted,,1025,2050,0,117,bytes,239850,119925,33579000,239850,0,0,0,0,0,183979527,189046866,1512179,1895279,3189079,5.860,5.860
e000159,exploratory,copy_contiguous,baseline,1,3,BAAB,k_pwrite,process,24,1,1025,4,new_name,synthetic_sweep,1,015d813736625640f12d26c5d349b92c14fd2fb4,false,a897dfa99e98479b638409c432d3d2bc8e7ba7d5ba4e5a046dd229021f58bffd,12b1dafe765a77d1a17115b0ae12cff973f20ed7d6d770fbd790695fe081288e,afaa9ca40fef1b2a362af2af235634b472665287e554d16b829c09e1a70787ac,8d5b7eba8aea53574190e7d4a6d9e7b424bc23a9e2a0b6968a27f1772509492b,6e938dfcd266a2b0eac811d7ea7eabbd5b217965f88efa81371465134dbcab11,2026-07-15T18:01:14.631183+00:00,8o8-arch,7.0.12-arch1-1,AMD Ryzen 9 3900X 12-Core Processor,"logical=24,cores=12,sockets=1,nodes=1",performance,rustc 1.97.0 (2d8144b78 2026-07-07),22.1.6,cargo 1.97.0 (c980f4866 2026-06-30),"release,lto=thin,debug=true",/home/bob/.cache/mess-bench,/dev/nvme0n1p3,ext4,/home,Samsung SSD 970 EVO Plus 2TB,[none] mq-deadline kyber bfq,249467170816,4096,1024,payload[i]=(i*131+17)&0xff,5.8564453125,accepted,,1025,2050,0,117,bytes,239850,119925,33579000,239850,0,0,0,0,0,190853518,193458363,1514698,1956069,4504047,5.860,5.860
e000160,exploratory,copy_contiguous,candidate,1,4,BAAB,copy_contiguous,process,24,1,1025,4,new_name,synthetic_sweep,1,015d813736625640f12d26c5d349b92c14fd2fb4,false,a897dfa99e98479b638409c432d3d2bc8e7ba7d5ba4e5a046dd229021f58bffd,12b1dafe765a77d1a17115b0ae12cff973f20ed7d6d770fbd790695fe081288e,afaa9ca40fef1b2a362af2af235634b472665287e554d16b829c09e1a70787ac,8d5b7eba8aea53574190e7d4a6d9e7b424bc23a9e2a0b6968a27f1772509492b,6e938dfcd266a2b0eac811d7ea7eabbd5b217965f88efa81371465134dbcab11,2026-07-15T18:01:15.658737+00:00,8o8-arch,7.0.12-arch1-1,AMD Ryzen 9 3900X 12-Core Processor,"logical=24,cores=12,sockets=1,nodes=1",performance,rustc 1.97.0 (2d8144b78 2026-07-07),22.1.6,cargo 1.97.0 (c980f4866 2026-06-30),"release,lto=thin,debug=true",/home/bob/.cache/mess-bench,/dev/nvme0n1p3,ext4,/home,Samsung SSD 970 EVO Plus 2TB,[none] mq-deadline kyber bfq,249467170816,4096,1024,payload[i]=(i*131+17)&0xff,5.38720703125,accepted,,1025,2050,0,117,bytes,239850,119925,33579000,117,0,0,0,33579000,0,5787692,5822037,48480,57480,59450,5.390,5.390
e000161,exploratory,pwritev_full_8m,baseline,1,1,ABBA,k_pwrite,process,24,10,2,2,domain,synthetic_sweep,1,015d813736625640f12d26c5d349b92c14fd2fb4,false,a897dfa99e98479b638409c432d3d2bc8e7ba7d5ba4e5a046dd229021f58bffd,12b1dafe765a77d1a17115b0ae12cff973f20ed7d6d770fbd790695fe081288e,afaa9ca40fef1b2a362af2af235634b472665287e554d16b829c09e1a70787ac,8d5b7eba8aea53574190e7d4a6d9e7b424bc23a9e2a0b6968a27f1772509492b,6e938dfcd266a2b0eac811d7ea7eabbd5b217965f88efa81371465134dbcab11,2026-07-15T18:01:16.680671+00:00,8o8-arch,7.0.12-arch1-1,AMD Ryzen 9 3900X 12-Core Processor,"logical=24,cores=12,sockets=1,nodes=1",performance,rustc 1.97.0 (2d8144b78 2026-07-07),22.1.6,cargo 1.97.0 (c980f4866 2026-06-30),"release,lto=thin,debug=true",/home/bob/.cache/mess-bench,/dev/nvme0n1p3,ext4,/home,Samsung SSD 970 EVO Plus 2TB,[none] mq-deadline kyber bfq,249467162624,4096,1024,payload[i]=(i*131+17)&0xff,5.38720703125,accepted,,2,2,0,27595,bytes,551900,551900,33555520,55190,0,0,0,0,0,46083521,46474875,1530,1810,1960,5.390,5.390
e000162,exploratory,pwritev_full_8m,candidate,1,2,ABBA,pwritev_full_8m,process,24,10,2,2,domain,synthetic_sweep,1,015d813736625640f12d26c5d349b92c14fd2fb4,false,a897dfa99e98479b638409c432d3d2bc8e7ba7d5ba4e5a046dd229021f58bffd,12b1dafe765a77d1a17115b0ae12cff973f20ed7d6d770fbd790695fe081288e,afaa9ca40fef1b2a362af2af235634b472665287e554d16b829c09e1a70787ac,8d5b7eba8aea53574190e7d4a6d9e7b424bc23a9e2a0b6968a27f1772509492b,6e938dfcd266a2b0eac811d7ea7eabbd5b217965f88efa81371465134dbcab11,2026-07-15T18:01:17.708253+00:00,8o8-arch,7.0.12-arch1-1,AMD Ryzen 9 3900X 12-Core Processor,"logical=24,cores=12,sockets=1,nodes=1",performance,rustc 1.97.0 (2d8144b78 2026-07-07),22.1.6,cargo 1.97.0 (c980f4866 2026-06-30),"release,lto=thin,debug=true",/home/bob/.cache/mess-bench,/dev/nvme0n1p3,ext4,/home,Samsung SSD 970 EVO Plus 2TB,[none] mq-deadline kyber bfq,249467162624,4096,1024,payload[i]=(i*131+17)&0xff,5.38720703125,accepted,,2,2,0,27595,bytes,551900,551900,33555520,27595,0,0,2,0,0,28204117,28420934,920,1090,1190,5.390,5.390
e000163,exploratory,pwritev_full_8m,candidate,1,3,ABBA,pwritev_full_8m,process,24,10,2,2,domain,synthetic_sweep,1,015d813736625640f12d26c5d349b92c14fd2fb4,false,a897dfa99e98479b638409c432d3d2bc8e7ba7d5ba4e5a046dd229021f58bffd,12b1dafe765a77d1a17115b0ae12cff973f20ed7d6d770fbd790695fe081288e,afaa9ca40fef1b2a362af2af235634b472665287e554d16b829c09e1a70787ac,8d5b7eba8aea53574190e7d4a6d9e7b424bc23a9e2a0b6968a27f1772509492b,6e938dfcd266a2b0eac811d7ea7eabbd5b217965f88efa81371465134dbcab11,2026-07-15T18:01:18.733985+00:00,8o8-arch,7.0.12-arch1-1,AMD Ryzen 9 3900X 12-Core Processor,"logical=24,cores=12,sockets=1,nodes=1",performance,rustc 1.97.0 (2d8144b78 2026-07-07),22.1.6,cargo 1.97.0 (c980f4866 2026-06-30),"release,lto=thin,debug=true",/home/bob/.cache/mess-bench,/dev/nvme0n1p3,ext4,/home,Samsung SSD 970 EVO Plus 2TB,[none] mq-deadline kyber bfq,249467154432,4096,1024,payload[i]=(i*131+17)&0xff,5.38720703125,accepted,,2,2,0,27595,bytes,551900,551900,33555520,27595,0,0,2,0,0,28025567,28265835,930,1080,1200,5.390,5.390
e000164,exploratory,pwritev_full_8m,baseline,1,4,ABBA,k_pwrite,process,24,10,2,2,domain,synthetic_sweep,1,015d813736625640f12d26c5d349b92c14fd2fb4,false,a897dfa99e98479b638409c432d3d2bc8e7ba7d5ba4e5a046dd229021f58bffd,12b1dafe765a77d1a17115b0ae12cff973f20ed7d6d770fbd790695fe081288e,afaa9ca40fef1b2a362af2af235634b472665287e554d16b829c09e1a70787ac,8d5b7eba8aea53574190e7d4a6d9e7b424bc23a9e2a0b6968a27f1772509492b,6e938dfcd266a2b0eac811d7ea7eabbd5b217965f88efa81371465134dbcab11,2026-07-15T18:01:19.760200+00:00,8o8-arch,7.0.12-arch1-1,AMD Ryzen 9 3900X 12-Core Processor,"logical=24,cores=12,sockets=1,nodes=1",performance,rustc 1.97.0 (2d8144b78 2026-07-07),22.1.6,cargo 1.97.0 (c980f4866 2026-06-30),"release,lto=thin,debug=true",/home/bob/.cache/mess-bench,/dev/nvme0n1p3,ext4,/home,Samsung SSD 970 EVO Plus 2TB,[none] mq-deadline kyber bfq,249467154432,4096,1024,payload[i]=(i*131+17)&0xff,5.38720703125,accepted,,2,2,0,27595,bytes,551900,551900,33555520,55190,0,0,0,0,0,45725572,46004584,1490,1740,1910,5.390,5.390
e000165,exploratory,copy_contiguous,candidate,1,1,BAAB,copy_contiguous,process,24,10,2,2,domain,synthetic_sweep,1,015d813736625640f12d26c5d349b92c14fd2fb4,false,a897dfa99e98479b638409c432d3d2bc8e7ba7d5ba4e5a046dd229021f58bffd,12b1dafe765a77d1a17115b0ae12cff973f20ed7d6d770fbd790695fe081288e,afaa9ca40fef1b2a362af2af235634b472665287e554d16b829c09e1a70787ac,8d5b7eba8aea53574190e7d4a6d9e7b424bc23a9e2a0b6968a27f1772509492b,6e938dfcd266a2b0eac811d7ea7eabbd5b217965f88efa81371465134dbcab11,2026-07-15T18:01:20.789493+00:00,8o8-arch,7.0.12-arch1-1,AMD Ryzen 9 3900X 12-Core Processor,"logical=24,cores=12,sockets=1,nodes=1",performance,rustc 1.97.0 (2d8144b78 2026-07-07),22.1.6,cargo 1.97.0 (c980f4866 2026-06-30),"release,lto=thin,debug=true",/home/bob/.cache/mess-bench,/dev/nvme0n1p3,ext4,/home,Samsung SSD 970 EVO Plus 2TB,[none] mq-deadline kyber bfq,249467154432,4096,1024,payload[i]=(i*131+17)&0xff,5.11572265625,accepted,,2,2,0,27595,bytes,551900,551900,33555520,27595,0,0,0,33555520,0,25564386,25717666,830,900,1050,5.120,5.120
e000166,exploratory,copy_contiguous,baseline,1,2,BAAB,k_pwrite,process,24,10,2,2,domain,synthetic_sweep,1,015d813736625640f12d26c5d349b92c14fd2fb4,false,a897dfa99e98479b638409c432d3d2bc8e7ba7d5ba4e5a046dd229021f58bffd,12b1dafe765a77d1a17115b0ae12cff973f20ed7d6d770fbd790695fe081288e,afaa9ca40fef1b2a362af2af235634b472665287e554d16b829c09e1a70787ac,8d5b7eba8aea53574190e7d4a6d9e7b424bc23a9e2a0b6968a27f1772509492b,6e938dfcd266a2b0eac811d7ea7eabbd5b217965f88efa81371465134dbcab11,2026-07-15T18:01:21.817299+00:00,8o8-arch,7.0.12-arch1-1,AMD Ryzen 9 3900X 12-Core Processor,"logical=24,cores=12,sockets=1,nodes=1",performance,rustc 1.97.0 (2d8144b78 2026-07-07),22.1.6,cargo 1.97.0 (c980f4866 2026-06-30),"release,lto=thin,debug=true",/home/bob/.cache/mess-bench,/dev/nvme0n1p3,ext4,/home,Samsung SSD 970 EVO Plus 2TB,[none] mq-deadline kyber bfq,249467150336,4096,1024,payload[i]=(i*131+17)&0xff,5.11572265625,accepted,,2,2,0,27595,bytes,551900,551900,33555520,55190,0,0,0,0,0,45653801,46147715,1510,1820,2170,5.120,5.120
e000167,exploratory,copy_contiguous,baseline,1,3,BAAB,k_pwrite,process,24,10,2,2,domain,synthetic_sweep,1,015d813736625640f12d26c5d349b92c14fd2fb4,false,a897dfa99e98479b638409c432d3d2bc8e7ba7d5ba4e5a046dd229021f58bffd,12b1dafe765a77d1a17115b0ae12cff973f20ed7d6d770fbd790695fe081288e,afaa9ca40fef1b2a362af2af235634b472665287e554d16b829c09e1a70787ac,8d5b7eba8aea53574190e7d4a6d9e7b424bc23a9e2a0b6968a27f1772509492b,6e938dfcd266a2b0eac811d7ea7eabbd5b217965f88efa81371465134dbcab11,2026-07-15T18:01:22.845313+00:00,8o8-arch,7.0.12-arch1-1,AMD Ryzen 9 3900X 12-Core Processor,"logical=24,cores=12,sockets=1,nodes=1",performance,rustc 1.97.0 (2d8144b78 2026-07-07),22.1.6,cargo 1.97.0 (c980f4866 2026-06-30),"release,lto=thin,debug=true",/home/bob/.cache/mess-bench,/dev/nvme0n1p3,ext4,/home,Samsung SSD 970 EVO Plus 2TB,[none] mq-deadline kyber bfq,249467142144,4096,1024,payload[i]=(i*131+17)&0xff,5.11572265625,accepted,,2,2,0,27595,bytes,551900,551900,33555520,55190,0,0,0,0,0,48119693,48763223,1510,1860,3120,5.120,5.120
e000168,exploratory,copy_contiguous,candidate,1,4,BAAB,copy_contiguous,process,24,10,2,2,domain,synthetic_sweep,1,015d813736625640f12d26c5d349b92c14fd2fb4,false,a897dfa99e98479b638409c432d3d2bc8e7ba7d5ba4e5a046dd229021f58bffd,12b1dafe765a77d1a17115b0ae12cff973f20ed7d6d770fbd790695fe081288e,afaa9ca40fef1b2a362af2af235634b472665287e554d16b829c09e1a70787ac,8d5b7eba8aea53574190e7d4a6d9e7b424bc23a9e2a0b6968a27f1772509492b,6e938dfcd266a2b0eac811d7ea7eabbd5b217965f88efa81371465134dbcab11,2026-07-15T18:01:23.874374+00:00,8o8-arch,7.0.12-arch1-1,AMD Ryzen 9 3900X 12-Core Processor,"logical=24,cores=12,sockets=1,nodes=1",performance,rustc 1.97.0 (2d8144b78 2026-07-07),22.1.6,cargo 1.97.0 (c980f4866 2026-06-30),"release,lto=thin,debug=true",/home/bob/.cache/mess-bench,/dev/nvme0n1p3,ext4,/home,Samsung SSD 970 EVO Plus 2TB,[none] mq-deadline kyber bfq,249467138048,4096,1024,payload[i]=(i*131+17)&0xff,5.11572265625,accepted,,2,2,0,27595,bytes,551900,551900,33555520,27595,0,0,0,33555520,0,27640867,27859565,820,1000,2040,5.120,5.120
e000169,exploratory,pwritev_full_8m,baseline,1,1,ABBA,k_pwrite,process,24,10,2,2,new_name,synthetic_sweep,1,015d813736625640f12d26c5d349b92c14fd2fb4,false,a897dfa99e98479b638409c432d3d2bc8e7ba7d5ba4e5a046dd229021f58bffd,12b1dafe765a77d1a17115b0ae12cff973f20ed7d6d770fbd790695fe081288e,afaa9ca40fef1b2a362af2af235634b472665287e554d16b829c09e1a70787ac,8d5b7eba8aea53574190e7d4a6d9e7b424bc23a9e2a0b6968a27f1772509492b,6e938dfcd266a2b0eac811d7ea7eabbd5b217965f88efa81371465134dbcab11,2026-07-15T18:01:24.899445+00:00,8o8-arch,7.0.12-arch1-1,AMD Ryzen 9 3900X 12-Core Processor,"logical=24,cores=12,sockets=1,nodes=1",performance,rustc 1.97.0 (2d8144b78 2026-07-07),22.1.6,cargo 1.97.0 (c980f4866 2026-06-30),"release,lto=thin,debug=true",/home/bob/.cache/mess-bench,/dev/nvme0n1p3,ext4,/home,Samsung SSD 970 EVO Plus 2TB,[none] mq-deadline kyber bfq,249467138048,4096,1024,payload[i]=(i*131+17)&0xff,5.11572265625,accepted,,2,4,0,22430,bytes,493460,448600,33555280,89720,0,0,0,0,0,68227537,68727892,2890,3470,3780,5.120,5.120
e000170,exploratory,pwritev_full_8m,candidate,1,2,ABBA,pwritev_full_8m,process,24,10,2,2,new_name,synthetic_sweep,1,015d813736625640f12d26c5d349b92c14fd2fb4,false,a897dfa99e98479b638409c432d3d2bc8e7ba7d5ba4e5a046dd229021f58bffd,12b1dafe765a77d1a17115b0ae12cff973f20ed7d6d770fbd790695fe081288e,afaa9ca40fef1b2a362af2af235634b472665287e554d16b829c09e1a70787ac,8d5b7eba8aea53574190e7d4a6d9e7b424bc23a9e2a0b6968a27f1772509492b,6e938dfcd266a2b0eac811d7ea7eabbd5b217965f88efa81371465134dbcab11,2026-07-15T18:01:25.924117+00:00,8o8-arch,7.0.12-arch1-1,AMD Ryzen 9 3900X 12-Core Processor,"logical=24,cores=12,sockets=1,nodes=1",performance,rustc 1.97.0 (2d8144b78 2026-07-07),22.1.6,cargo 1.97.0 (c980f4866 2026-06-30),"release,lto=thin,debug=true",/home/bob/.cache/mess-bench,/dev/nvme0n1p3,ext4,/home,Samsung SSD 970 EVO Plus 2TB,[none] mq-deadline kyber bfq,249467138048,4096,1024,payload[i]=(i*131+17)&0xff,4.7861328125,accepted,,2,4,0,22430,bytes,493460,448600,33555280,22430,0,0,4,0,0,24828737,25048996,1000,1250,1330,4.790,4.790
e000171,exploratory,pwritev_full_8m,candidate,1,3,ABBA,pwritev_full_8m,process,24,10,2,2,new_name,synthetic_sweep,1,015d813736625640f12d26c5d349b92c14fd2fb4,false,a897dfa99e98479b638409c432d3d2bc8e7ba7d5ba4e5a046dd229021f58bffd,12b1dafe765a77d1a17115b0ae12cff973f20ed7d6d770fbd790695fe081288e,afaa9ca40fef1b2a362af2af235634b472665287e554d16b829c09e1a70787ac,8d5b7eba8aea53574190e7d4a6d9e7b424bc23a9e2a0b6968a27f1772509492b,6e938dfcd266a2b0eac811d7ea7eabbd5b217965f88efa81371465134dbcab11,2026-07-15T18:01:26.945922+00:00,8o8-arch,7.0.12-arch1-1,AMD Ryzen 9 3900X 12-Core Processor,"logical=24,cores=12,sockets=1,nodes=1",performance,rustc 1.97.0 (2d8144b78 2026-07-07),22.1.6,cargo 1.97.0 (c980f4866 2026-06-30),"release,lto=thin,debug=true",/home/bob/.cache/mess-bench,/dev/nvme0n1p3,ext4,/home,Samsung SSD 970 EVO Plus 2TB,[none] mq-deadline kyber bfq,249467129856,4096,1024,payload[i]=(i*131+17)&0xff,4.7861328125,accepted,,2,4,0,22430,bytes,493460,448600,33555280,22430,0,0,4,0,0,25301107,25659176,1000,1210,1320,4.790,4.790
e000172,exploratory,pwritev_full_8m,baseline,1,4,ABBA,k_pwrite,process,24,10,2,2,new_name,synthetic_sweep,1,015d813736625640f12d26c5d349b92c14fd2fb4,false,a897dfa99e98479b638409c432d3d2bc8e7ba7d5ba4e5a046dd229021f58bffd,12b1dafe765a77d1a17115b0ae12cff973f20ed7d6d770fbd790695fe081288e,afaa9ca40fef1b2a362af2af235634b472665287e554d16b829c09e1a70787ac,8d5b7eba8aea53574190e7d4a6d9e7b424bc23a9e2a0b6968a27f1772509492b,6e938dfcd266a2b0eac811d7ea7eabbd5b217965f88efa81371465134dbcab11,2026-07-15T18:01:27.975979+00:00,8o8-arch,7.0.12-arch1-1,AMD Ryzen 9 3900X 12-Core Processor,"logical=24,cores=12,sockets=1,nodes=1",performance,rustc 1.97.0 (2d8144b78 2026-07-07),22.1.6,cargo 1.97.0 (c980f4866 2026-06-30),"release,lto=thin,debug=true",/home/bob/.cache/mess-bench,/dev/nvme0n1p3,ext4,/home,Samsung SSD 970 EVO Plus 2TB,[none] mq-deadline kyber bfq,249467129856,4096,1024,payload[i]=(i*131+17)&0xff,4.7861328125,accepted,,2,4,0,22430,bytes,493460,448600,33555280,89720,0,0,0,0,0,70249218,70814841,2910,3630,3940,4.790,4.790
e000173,exploratory,copy_contiguous,candidate,1,1,BAAB,copy_contiguous,process,24,10,2,2,new_name,synthetic_sweep,1,015d813736625640f12d26c5d349b92c14fd2fb4,false,a897dfa99e98479b638409c432d3d2bc8e7ba7d5ba4e5a046dd229021f58bffd,12b1dafe765a77d1a17115b0ae12cff973f20ed7d6d770fbd790695fe081288e,afaa9ca40fef1b2a362af2af235634b472665287e554d16b829c09e1a70787ac,8d5b7eba8aea53574190e7d4a6d9e7b424bc23a9e2a0b6968a27f1772509492b,6e938dfcd266a2b0eac811d7ea7eabbd5b217965f88efa81371465134dbcab11,2026-07-15T18:01:29.001197+00:00,8o8-arch,7.0.12-arch1-1,AMD Ryzen 9 3900X 12-Core Processor,"logical=24,cores=12,sockets=1,nodes=1",performance,rustc 1.97.0 (2d8144b78 2026-07-07),22.1.6,cargo 1.97.0 (c980f4866 2026-06-30),"release,lto=thin,debug=true",/home/bob/.cache/mess-bench,/dev/nvme0n1p3,ext4,/home,Samsung SSD 970 EVO Plus 2TB,[none] mq-deadline kyber bfq,249467125760,4096,1024,payload[i]=(i*131+17)&0xff,4.7861328125,accepted,,2,4,0,22430,bytes,493460,448600,33555280,22430,0,0,0,33555280,0,21377136,21499369,840,1090,1100,4.790,4.790
e000174,exploratory,copy_contiguous,baseline,1,2,BAAB,k_pwrite,process,24,10,2,2,new_name,synthetic_sweep,1,015d813736625640f12d26c5d349b92c14fd2fb4,false,a897dfa99e98479b638409c432d3d2bc8e7ba7d5ba4e5a046dd229021f58bffd,12b1dafe765a77d1a17115b0ae12cff973f20ed7d6d770fbd790695fe081288e,afaa9ca40fef1b2a362af2af235634b472665287e554d16b829c09e1a70787ac,8d5b7eba8aea53574190e7d4a6d9e7b424bc23a9e2a0b6968a27f1772509492b,6e938dfcd266a2b0eac811d7ea7eabbd5b217965f88efa81371465134dbcab11,2026-07-15T18:01:30.034443+00:00,8o8-arch,7.0.12-arch1-1,AMD Ryzen 9 3900X 12-Core Processor,"logical=24,cores=12,sockets=1,nodes=1",performance,rustc 1.97.0 (2d8144b78 2026-07-07),22.1.6,cargo 1.97.0 (c980f4866 2026-06-30),"release,lto=thin,debug=true",/home/bob/.cache/mess-bench,/dev/nvme0n1p3,ext4,/home,Samsung SSD 970 EVO Plus 2TB,[none] mq-deadline kyber bfq,249467117568,4096,1024,payload[i]=(i*131+17)&0xff,4.7861328125,accepted,,2,4,0,22430,bytes,493460,448600,33555280,89720,0,0,0,0,0,70303518,71493280,2910,3400,5320,4.790,4.790
e000175,exploratory,copy_contiguous,baseline,1,3,BAAB,k_pwrite,process,24,10,2,2,new_name,synthetic_sweep,1,015d813736625640f12d26c5d349b92c14fd2fb4,false,a897dfa99e98479b638409c432d3d2bc8e7ba7d5ba4e5a046dd229021f58bffd,12b1dafe765a77d1a17115b0ae12cff973f20ed7d6d770fbd790695fe081288e,afaa9ca40fef1b2a362af2af235634b472665287e554d16b829c09e1a70787ac,8d5b7eba8aea53574190e7d4a6d9e7b424bc23a9e2a0b6968a27f1772509492b,6e938dfcd266a2b0eac811d7ea7eabbd5b217965f88efa81371465134dbcab11,2026-07-15T18:01:31.066504+00:00,8o8-arch,7.0.12-arch1-1,AMD Ryzen 9 3900X 12-Core Processor,"logical=24,cores=12,sockets=1,nodes=1",performance,rustc 1.97.0 (2d8144b78 2026-07-07),22.1.6,cargo 1.97.0 (c980f4866 2026-06-30),"release,lto=thin,debug=true",/home/bob/.cache/mess-bench,/dev/nvme0n1p3,ext4,/home,Samsung SSD 970 EVO Plus 2TB,[none] mq-deadline kyber bfq,249467113472,4096,1024,payload[i]=(i*131+17)&0xff,4.48291015625,accepted,,2,4,0,22430,bytes,493460,448600,33555280,89720,0,0,0,0,0,71694928,72307120,2940,3710,5710,4.480,4.480
e000176,exploratory,copy_contiguous,candidate,1,4,BAAB,copy_contiguous,process,24,10,2,2,new_name,synthetic_sweep,1,015d813736625640f12d26c5d349b92c14fd2fb4,false,a897dfa99e98479b638409c432d3d2bc8e7ba7d5ba4e5a046dd229021f58bffd,12b1dafe765a77d1a17115b0ae12cff973f20ed7d6d770fbd790695fe081288e,afaa9ca40fef1b2a362af2af235634b472665287e554d16b829c09e1a70787ac,8d5b7eba8aea53574190e7d4a6d9e7b424bc23a9e2a0b6968a27f1772509492b,6e938dfcd266a2b0eac811d7ea7eabbd5b217965f88efa81371465134dbcab11,2026-07-15T18:01:32.091167+00:00,8o8-arch,7.0.12-arch1-1,AMD Ryzen 9 3900X 12-Core Processor,"logical=24,cores=12,sockets=1,nodes=1",performance,rustc 1.97.0 (2d8144b78 2026-07-07),22.1.6,cargo 1.97.0 (c980f4866 2026-06-30),"release,lto=thin,debug=true",/home/bob/.cache/mess-bench,/dev/nvme0n1p3,ext4,/home,Samsung SSD 970 EVO Plus 2TB,[none] mq-deadline kyber bfq,249467109376,4096,1024,payload[i]=(i*131+17)&0xff,4.48291015625,accepted,,2,4,0,22430,bytes,493460,448600,33555280,22430,0,0,0,33555280,0,20552074,21509838,840,950,1090,4.480,4.480
e000177,exploratory,pwritev_full_8m,baseline,1,1,ABBA,k_pwrite,process,24,10,4,4,domain,synthetic_sweep,1,015d813736625640f12d26c5d349b92c14fd2fb4,false,a897dfa99e98479b638409c432d3d2bc8e7ba7d5ba4e5a046dd229021f58bffd,12b1dafe765a77d1a17115b0ae12cff973f20ed7d6d770fbd790695fe081288e,afaa9ca40fef1b2a362af2af235634b472665287e554d16b829c09e1a70787ac,8d5b7eba8aea53574190e7d4a6d9e7b424bc23a9e2a0b6968a27f1772509492b,6e938dfcd266a2b0eac811d7ea7eabbd5b217965f88efa81371465134dbcab11,2026-07-15T18:01:33.120399+00:00,8o8-arch,7.0.12-arch1-1,AMD Ryzen 9 3900X 12-Core Processor,"logical=24,cores=12,sockets=1,nodes=1",performance,rustc 1.97.0 (2d8144b78 2026-07-07),22.1.6,cargo 1.97.0 (c980f4866 2026-06-30),"release,lto=thin,debug=true",/home/bob/.cache/mess-bench,/dev/nvme0n1p3,ext4,/home,Samsung SSD 970 EVO Plus 2TB,[none] mq-deadline kyber bfq,249467109376,4096,1024,payload[i]=(i*131+17)&0xff,4.48291015625,accepted,,4,4,0,13798,bytes,551920,551920,33556736,55192,0,0,0,0,0,45295431,46241365,2960,3540,5470,4.480,4.480
e000178,exploratory,pwritev_full_8m,candidate,1,2,ABBA,pwritev_full_8m,process,24,10,4,4,domain,synthetic_sweep,1,015d813736625640f12d26c5d349b92c14fd2fb4,false,a897dfa99e98479b638409c432d3d2bc8e7ba7d5ba4e5a046dd229021f58bffd,12b1dafe765a77d1a17115b0ae12cff973f20ed7d6d770fbd790695fe081288e,afaa9ca40fef1b2a362af2af235634b472665287e554d16b829c09e1a70787ac,8d5b7eba8aea53574190e7d4a6d9e7b424bc23a9e2a0b6968a27f1772509492b,6e938dfcd266a2b0eac811d7ea7eabbd5b217965f88efa81371465134dbcab11,2026-07-15T18:01:34.149858+00:00,8o8-arch,7.0.12-arch1-1,AMD Ryzen 9 3900X 12-Core Processor,"logical=24,cores=12,sockets=1,nodes=1",performance,rustc 1.97.0 (2d8144b78 2026-07-07),22.1.6,cargo 1.97.0 (c980f4866 2026-06-30),"release,lto=thin,debug=true",/home/bob/.cache/mess-bench,/dev/nvme0n1p3,ext4,/home,Samsung SSD 970 EVO Plus 2TB,[none] mq-deadline kyber bfq,249467109376,4096,1024,payload[i]=(i*131+17)&0xff,4.48291015625,accepted,,4,4,0,13798,bytes,551920,551920,33556736,13798,0,0,4,0,0,15689664,15813771,1030,1220,1310,4.480,4.480
e000179,exploratory,pwritev_full_8m,candidate,1,3,ABBA,pwritev_full_8m,process,24,10,4,4,domain,synthetic_sweep,1,015d813736625640f12d26c5d349b92c14fd2fb4,false,a897dfa99e98479b638409c432d3d2bc8e7ba7d5ba4e5a046dd229021f58bffd,12b1dafe765a77d1a17115b0ae12cff973f20ed7d6d770fbd790695fe081288e,afaa9ca40fef1b2a362af2af235634b472665287e554d16b829c09e1a70787ac,8d5b7eba8aea53574190e7d4a6d9e7b424bc23a9e2a0b6968a27f1772509492b,6e938dfcd266a2b0eac811d7ea7eabbd5b217965f88efa81371465134dbcab11,2026-07-15T18:01:35.178660+00:00,8o8-arch,7.0.12-arch1-1,AMD Ryzen 9 3900X 12-Core Processor,"logical=24,cores=12,sockets=1,nodes=1",performance,rustc 1.97.0 (2d8144b78 2026-07-07),22.1.6,cargo 1.97.0 (c980f4866 2026-06-30),"release,lto=thin,debug=true",/home/bob/.cache/mess-bench,/dev/nvme0n1p3,ext4,/home,Samsung SSD 970 EVO Plus 2TB,[none] mq-deadline kyber bfq,249467101184,4096,1024,payload[i]=(i*131+17)&0xff,4.48291015625,accepted,,4,4,0,13798,bytes,551920,551920,33556736,13798,0,0,4,0,0,15779344,15882571,1030,1200,1300,4.480,4.480
e000180,exploratory,pwritev_full_8m,baseline,1,4,ABBA,k_pwrite,process,24,10,4,4,domain,synthetic_sweep,1,015d813736625640f12d26c5d349b92c14fd2fb4,false,a897dfa99e98479b638409c432d3d2bc8e7ba7d5ba4e5a046dd229021f58bffd,12b1dafe765a77d1a17115b0ae12cff973f20ed7d6d770fbd790695fe081288e,afaa9ca40fef1b2a362af2af235634b472665287e554d16b829c09e1a70787ac,8d5b7eba8aea53574190e7d4a6d9e7b424bc23a9e2a0b6968a27f1772509492b,6e938dfcd266a2b0eac811d7ea7eabbd5b217965f88efa81371465134dbcab11,2026-07-15T18:01:36.209957+00:00,8o8-arch,7.0.12-arch1-1,AMD Ryzen 9 3900X 12-Core Processor,"logical=24,cores=12,sockets=1,nodes=1",performance,rustc 1.97.0 (2d8144b78 2026-07-07),22.1.6,cargo 1.97.0 (c980f4866 2026-06-30),"release,lto=thin,debug=true",/home/bob/.cache/mess-bench,/dev/nvme0n1p3,ext4,/home,Samsung SSD 970 EVO Plus 2TB,[none] mq-deadline kyber bfq,249467101184,4096,1024,payload[i]=(i*131+17)&0xff,4.20361328125,accepted,,4,4,0,13798,bytes,551920,551920,33556736,55192,0,0,0,0,0,42357030,42774946,2940,3450,3760,4.200,4.200
e000181,exploratory,copy_contiguous,candidate,1,1,BAAB,copy_contiguous,process,24,10,4,4,domain,synthetic_sweep,1,015d813736625640f12d26c5d349b92c14fd2fb4,false,a897dfa99e98479b638409c432d3d2bc8e7ba7d5ba4e5a046dd229021f58bffd,12b1dafe765a77d1a17115b0ae12cff973f20ed7d6d770fbd790695fe081288e,afaa9ca40fef1b2a362af2af235634b472665287e554d16b829c09e1a70787ac,8d5b7eba8aea53574190e7d4a6d9e7b424bc23a9e2a0b6968a27f1772509492b,6e938dfcd266a2b0eac811d7ea7eabbd5b217965f88efa81371465134dbcab11,2026-07-15T18:01:37.234393+00:00,8o8-arch,7.0.12-arch1-1,AMD Ryzen 9 3900X 12-Core Processor,"logical=24,cores=12,sockets=1,nodes=1",performance,rustc 1.97.0 (2d8144b78 2026-07-07),22.1.6,cargo 1.97.0 (c980f4866 2026-06-30),"release,lto=thin,debug=true",/home/bob/.cache/mess-bench,/dev/nvme0n1p3,ext4,/home,Samsung SSD 970 EVO Plus 2TB,[none] mq-deadline kyber bfq,249467092992,4096,1024,payload[i]=(i*131+17)&0xff,4.20361328125,accepted,,4,4,0,13798,bytes,551920,551920,33556736,13798,0,0,0,33556736,0,12654583,12723323,850,870,1060,4.200,4.200
e000182,exploratory,copy_contiguous,baseline,1,2,BAAB,k_pwrite,process,24,10,4,4,domain,synthetic_sweep,1,015d813736625640f12d26c5d349b92c14fd2fb4,false,a897dfa99e98479b638409c432d3d2bc8e7ba7d5ba4e5a046dd229021f58bffd,12b1dafe765a77d1a17115b0ae12cff973f20ed7d6d770fbd790695fe081288e,afaa9ca40fef1b2a362af2af235634b472665287e554d16b829c09e1a70787ac,8d5b7eba8aea53574190e7d4a6d9e7b424bc23a9e2a0b6968a27f1772509492b,6e938dfcd266a2b0eac811d7ea7eabbd5b217965f88efa81371465134dbcab11,2026-07-15T18:01:38.264955+00:00,8o8-arch,7.0.12-arch1-1,AMD Ryzen 9 3900X 12-Core Processor,"logical=24,cores=12,sockets=1,nodes=1",performance,rustc 1.97.0 (2d8144b78 2026-07-07),22.1.6,cargo 1.97.0 (c980f4866 2026-06-30),"release,lto=thin,debug=true",/home/bob/.cache/mess-bench,/dev/nvme0n1p3,ext4,/home,Samsung SSD 970 EVO Plus 2TB,[none] mq-deadline kyber bfq,249467088896,4096,1024,payload[i]=(i*131+17)&0xff,4.20361328125,accepted,,4,4,0,13798,bytes,551920,551920,33556736,55192,0,0,0,0,0,42891179,43876016,2940,3110,3710,4.200,4.200
e000183,exploratory,copy_contiguous,baseline,1,3,BAAB,k_pwrite,process,24,10,4,4,domain,synthetic_sweep,1,015d813736625640f12d26c5d349b92c14fd2fb4,false,a897dfa99e98479b638409c432d3d2bc8e7ba7d5ba4e5a046dd229021f58bffd,12b1dafe765a77d1a17115b0ae12cff973f20ed7d6d770fbd790695fe081288e,afaa9ca40fef1b2a362af2af235634b472665287e554d16b829c09e1a70787ac,8d5b7eba8aea53574190e7d4a6d9e7b424bc23a9e2a0b6968a27f1772509492b,6e938dfcd266a2b0eac811d7ea7eabbd5b217965f88efa81371465134dbcab11,2026-07-15T18:01:39.296071+00:00,8o8-arch,7.0.12-arch1-1,AMD Ryzen 9 3900X 12-Core Processor,"logical=24,cores=12,sockets=1,nodes=1",performance,rustc 1.97.0 (2d8144b78 2026-07-07),22.1.6,cargo 1.97.0 (c980f4866 2026-06-30),"release,lto=thin,debug=true",/home/bob/.cache/mess-bench,/dev/nvme0n1p3,ext4,/home,Samsung SSD 970 EVO Plus 2TB,[none] mq-deadline kyber bfq,249467080704,4096,1024,payload[i]=(i*131+17)&0xff,4.20361328125,accepted,,4,4,0,13798,bytes,551920,551920,33556736,55192,0,0,0,0,0,43205980,43747046,2930,3690,3940,4.200,4.200
e000184,exploratory,copy_contiguous,candidate,1,4,BAAB,copy_contiguous,process,24,10,4,4,domain,synthetic_sweep,1,015d813736625640f12d26c5d349b92c14fd2fb4,false,a897dfa99e98479b638409c432d3d2bc8e7ba7d5ba4e5a046dd229021f58bffd,12b1dafe765a77d1a17115b0ae12cff973f20ed7d6d770fbd790695fe081288e,afaa9ca40fef1b2a362af2af235634b472665287e554d16b829c09e1a70787ac,8d5b7eba8aea53574190e7d4a6d9e7b424bc23a9e2a0b6968a27f1772509492b,6e938dfcd266a2b0eac811d7ea7eabbd5b217965f88efa81371465134dbcab11,2026-07-15T18:01:40.320094+00:00,8o8-arch,7.0.12-arch1-1,AMD Ryzen 9 3900X 12-Core Processor,"logical=24,cores=12,sockets=1,nodes=1",performance,rustc 1.97.0 (2d8144b78 2026-07-07),22.1.6,cargo 1.97.0 (c980f4866 2026-06-30),"release,lto=thin,debug=true",/home/bob/.cache/mess-bench,/dev/nvme0n1p3,ext4,/home,Samsung SSD 970 EVO Plus 2TB,[none] mq-deadline kyber bfq,249467080704,4096,1024,payload[i]=(i*131+17)&0xff,4.20361328125,accepted,,4,4,0,13798,bytes,551920,551920,33556736,13798,0,0,0,33556736,0,13866693,13980552,850,970,1290,3.950,3.950
e000185,exploratory,pwritev_full_8m,baseline,1,1,ABBA,k_pwrite,process,24,10,4,4,new_name,synthetic_sweep,1,015d813736625640f12d26c5d349b92c14fd2fb4,false,a897dfa99e98479b638409c432d3d2bc8e7ba7d5ba4e5a046dd229021f58bffd,12b1dafe765a77d1a17115b0ae12cff973f20ed7d6d770fbd790695fe081288e,afaa9ca40fef1b2a362af2af235634b472665287e554d16b829c09e1a70787ac,8d5b7eba8aea53574190e7d4a6d9e7b424bc23a9e2a0b6968a27f1772509492b,6e938dfcd266a2b0eac811d7ea7eabbd5b217965f88efa81371465134dbcab11,2026-07-15T18:01:41.349270+00:00,8o8-arch,7.0.12-arch1-1,AMD Ryzen 9 3900X 12-Core Processor,"logical=24,cores=12,sockets=1,nodes=1",performance,rustc 1.97.0 (2d8144b78 2026-07-07),22.1.6,cargo 1.97.0 (c980f4866 2026-06-30),"release,lto=thin,debug=true",/home/bob/.cache/mess-bench,/dev/nvme0n1p3,ext4,/home,Samsung SSD 970 EVO Plus 2TB,[none] mq-deadline kyber bfq,249467080704,4096,1024,payload[i]=(i*131+17)&0xff,3.94677734375,accepted,,4,8,0,11215,bytes,493460,448600,33555280,89720,0,0,0,0,0,67551427,68210012,5750,7100,9200,3.950,3.950
e000186,exploratory,pwritev_full_8m,candidate,1,2,ABBA,pwritev_full_8m,process,24,10,4,4,new_name,synthetic_sweep,1,015d813736625640f12d26c5d349b92c14fd2fb4,false,a897dfa99e98479b638409c432d3d2bc8e7ba7d5ba4e5a046dd229021f58bffd,12b1dafe765a77d1a17115b0ae12cff973f20ed7d6d770fbd790695fe081288e,afaa9ca40fef1b2a362af2af235634b472665287e554d16b829c09e1a70787ac,8d5b7eba8aea53574190e7d4a6d9e7b424bc23a9e2a0b6968a27f1772509492b,6e938dfcd266a2b0eac811d7ea7eabbd5b217965f88efa81371465134dbcab11,2026-07-15T18:01:42.371279+00:00,8o8-arch,7.0.12-arch1-1,AMD Ryzen 9 3900X 12-Core Processor,"logical=24,cores=12,sockets=1,nodes=1",performance,rustc 1.97.0 (2d8144b78 2026-07-07),22.1.6,cargo 1.97.0 (c980f4866 2026-06-30),"release,lto=thin,debug=true",/home/bob/.cache/mess-bench,/dev/nvme0n1p3,ext4,/home,Samsung SSD 970 EVO Plus 2TB,[none] mq-deadline kyber bfq,249467076608,4096,1024,payload[i]=(i*131+17)&0xff,3.94677734375,accepted,,4,8,0,11215,bytes,493460,448600,33555280,11215,0,0,8,0,0,14025093,14146372,1160,1400,1460,3.950,3.950
e000187,exploratory,pwritev_full_8m,candidate,1,3,ABBA,pwritev_full_8m,process,24,10,4,4,new_name,synthetic_sweep,1,015d813736625640f12d26c5d349b92c14fd2fb4,false,a897dfa99e98479b638409c432d3d2bc8e7ba7d5ba4e5a046dd229021f58bffd,12b1dafe765a77d1a17115b0ae12cff973f20ed7d6d770fbd790695fe081288e,afaa9ca40fef1b2a362af2af235634b472665287e554d16b829c09e1a70787ac,8d5b7eba8aea53574190e7d4a6d9e7b424bc23a9e2a0b6968a27f1772509492b,6e938dfcd266a2b0eac811d7ea7eabbd5b217965f88efa81371465134dbcab11,2026-07-15T18:01:43.402674+00:00,8o8-arch,7.0.12-arch1-1,AMD Ryzen 9 3900X 12-Core Processor,"logical=24,cores=12,sockets=1,nodes=1",performance,rustc 1.97.0 (2d8144b78 2026-07-07),22.1.6,cargo 1.97.0 (c980f4866 2026-06-30),"release,lto=thin,debug=true",/home/bob/.cache/mess-bench,/dev/nvme0n1p3,ext4,/home,Samsung SSD 970 EVO Plus 2TB,[none] mq-deadline kyber bfq,249467068416,4096,1024,payload[i]=(i*131+17)&0xff,3.94677734375,accepted,,4,8,0,11215,bytes,493460,448600,33555280,11215,0,0,8,0,0,14083063,14201922,1160,1400,1510,3.950,3.950
e000188,exploratory,pwritev_full_8m,baseline,1,4,ABBA,k_pwrite,process,24,10,4,4,new_name,synthetic_sweep,1,015d813736625640f12d26c5d349b92c14fd2fb4,false,a897dfa99e98479b638409c432d3d2bc8e7ba7d5ba4e5a046dd229021f58bffd,12b1dafe765a77d1a17115b0ae12cff973f20ed7d6d770fbd790695fe081288e,afaa9ca40fef1b2a362af2af235634b472665287e554d16b829c09e1a70787ac,8d5b7eba8aea53574190e7d4a6d9e7b424bc23a9e2a0b6968a27f1772509492b,6e938dfcd266a2b0eac811d7ea7eabbd5b217965f88efa81371465134dbcab11,2026-07-15T18:01:44.435451+00:00,8o8-arch,7.0.12-arch1-1,AMD Ryzen 9 3900X 12-Core Processor,"logical=24,cores=12,sockets=1,nodes=1",performance,rustc 1.97.0 (2d8144b78 2026-07-07),22.1.6,cargo 1.97.0 (c980f4866 2026-06-30),"release,lto=thin,debug=true",/home/bob/.cache/mess-bench,/dev/nvme0n1p3,ext4,/home,Samsung SSD 970 EVO Plus 2TB,[none] mq-deadline kyber bfq,249467072512,4096,1024,payload[i]=(i*131+17)&0xff,3.94677734375,accepted,,4,8,0,11215,bytes,493460,448600,33555280,89720,0,0,0,0,0,70326928,72166640,5780,6550,13600,3.950,3.950
e000189,exploratory,copy_contiguous,candidate,1,1,BAAB,copy_contiguous,process,24,10,4,4,new_name,synthetic_sweep,1,015d813736625640f12d26c5d349b92c14fd2fb4,false,a897dfa99e98479b638409c432d3d2bc8e7ba7d5ba4e5a046dd229021f58bffd,12b1dafe765a77d1a17115b0ae12cff973f20ed7d6d770fbd790695fe081288e,afaa9ca40fef1b2a362af2af235634b472665287e554d16b829c09e1a70787ac,8d5b7eba8aea53574190e7d4a6d9e7b424bc23a9e2a0b6968a27f1772509492b,6e938dfcd266a2b0eac811d7ea7eabbd5b217965f88efa81371465134dbcab11,2026-07-15T18:01:45.461241+00:00,8o8-arch,7.0.12-arch1-1,AMD Ryzen 9 3900X 12-Core Processor,"logical=24,cores=12,sockets=1,nodes=1",performance,rustc 1.97.0 (2d8144b78 2026-07-07),22.1.6,cargo 1.97.0 (c980f4866 2026-06-30),"release,lto=thin,debug=true",/home/bob/.cache/mess-bench,/dev/nvme0n1p3,ext4,/home,Samsung SSD 970 EVO Plus 2TB,[none] mq-deadline kyber bfq,249467060224,4096,1024,payload[i]=(i*131+17)&0xff,3.79052734375,accepted,,4,8,0,11215,bytes,493460,448600,33555280,11215,0,0,0,33555280,0,11026902,11264433,890,1080,1150,3.790,3.790
e000190,exploratory,copy_contiguous,baseline,1,2,BAAB,k_pwrite,process,24,10,4,4,new_name,synthetic_sweep,1,015d813736625640f12d26c5d349b92c14fd2fb4,false,a897dfa99e98479b638409c432d3d2bc8e7ba7d5ba4e5a046dd229021f58bffd,12b1dafe765a77d1a17115b0ae12cff973f20ed7d6d770fbd790695fe081288e,afaa9ca40fef1b2a362af2af235634b472665287e554d16b829c09e1a70787ac,8d5b7eba8aea53574190e7d4a6d9e7b424bc23a9e2a0b6968a27f1772509492b,6e938dfcd266a2b0eac811d7ea7eabbd5b217965f88efa81371465134dbcab11,2026-07-15T18:01:46.489420+00:00,8o8-arch,7.0.12-arch1-1,AMD Ryzen 9 3900X 12-Core Processor,"logical=24,cores=12,sockets=1,nodes=1",performance,rustc 1.97.0 (2d8144b78 2026-07-07),22.1.6,cargo 1.97.0 (c980f4866 2026-06-30),"release,lto=thin,debug=true",/home/bob/.cache/mess-bench,/dev/nvme0n1p3,ext4,/home,Samsung SSD 970 EVO Plus 2TB,[none] mq-deadline kyber bfq,249467056128,4096,1024,payload[i]=(i*131+17)&0xff,3.79052734375,accepted,,4,8,0,11215,bytes,493460,448600,33555280,89720,0,0,0,0,0,68360797,68960611,5740,6790,13170,3.790,3.790
e000191,exploratory,copy_contiguous,baseline,1,3,BAAB,k_pwrite,process,24,10,4,4,new_name,synthetic_sweep,1,015d813736625640f12d26c5d349b92c14fd2fb4,false,a897dfa99e98479b638409c432d3d2bc8e7ba7d5ba4e5a046dd229021f58bffd,12b1dafe765a77d1a17115b0ae12cff973f20ed7d6d770fbd790695fe081288e,afaa9ca40fef1b2a362af2af235634b472665287e554d16b829c09e1a70787ac,8d5b7eba8aea53574190e7d4a6d9e7b424bc23a9e2a0b6968a27f1772509492b,6e938dfcd266a2b0eac811d7ea7eabbd5b217965f88efa81371465134dbcab11,2026-07-15T18:01:47.518000+00:00,8o8-arch,7.0.12-arch1-1,AMD Ryzen 9 3900X 12-Core Processor,"logical=24,cores=12,sockets=1,nodes=1",performance,rustc 1.97.0 (2d8144b78 2026-07-07),22.1.6,cargo 1.97.0 (c980f4866 2026-06-30),"release,lto=thin,debug=true",/home/bob/.cache/mess-bench,/dev/nvme0n1p3,ext4,/home,Samsung SSD 970 EVO Plus 2TB,[none] mq-deadline kyber bfq,249467052032,4096,1024,payload[i]=(i*131+17)&0xff,3.79052734375,accepted,,4,8,0,11215,bytes,493460,448600,33555280,89720,0,0,0,0,0,68335507,68915541,5760,7200,7670,3.790,3.790
e000192,exploratory,copy_contiguous,candidate,1,4,BAAB,copy_contiguous,process,24,10,4,4,new_name,synthetic_sweep,1,015d813736625640f12d26c5d349b92c14fd2fb4,false,a897dfa99e98479b638409c432d3d2bc8e7ba7d5ba4e5a046dd229021f58bffd,12b1dafe765a77d1a17115b0ae12cff973f20ed7d6d770fbd790695fe081288e,afaa9ca40fef1b2a362af2af235634b472665287e554d16b829c09e1a70787ac,8d5b7eba8aea53574190e7d4a6d9e7b424bc23a9e2a0b6968a27f1772509492b,6e938dfcd266a2b0eac811d7ea7eabbd5b217965f88efa81371465134dbcab11,2026-07-15T18:01:48.545987+00:00,8o8-arch,7.0.12-arch1-1,AMD Ryzen 9 3900X 12-Core Processor,"logical=24,cores=12,sockets=1,nodes=1",performance,rustc 1.97.0 (2d8144b78 2026-07-07),22.1.6,cargo 1.97.0 (c980f4866 2026-06-30),"release,lto=thin,debug=true",/home/bob/.cache/mess-bench,/dev/nvme0n1p3,ext4,/home,Samsung SSD 970 EVO Plus 2TB,[none] mq-deadline kyber bfq,249467052032,4096,1024,payload[i]=(i*131+17)&0xff,3.79052734375,accepted,,4,8,0,11215,bytes,493460,448600,33555280,11215,0,0,0,33555280,0,11278013,11366724,870,1060,1190,3.790,3.790
e000193,exploratory,pwritev_full_8m,baseline,1,1,ABBA,k_pwrite,process,24,10,16,4,domain,synthetic_sweep,1,015d813736625640f12d26c5d349b92c14fd2fb4,false,a897dfa99e98479b638409c432d3d2bc8e7ba7d5ba4e5a046dd229021f58bffd,12b1dafe765a77d1a17115b0ae12cff973f20ed7d6d770fbd790695fe081288e,afaa9ca40fef1b2a362af2af235634b472665287e554d16b829c09e1a70787ac,8d5b7eba8aea53574190e7d4a6d9e7b424bc23a9e2a0b6968a27f1772509492b,6e938dfcd266a2b0eac811d7ea7eabbd5b217965f88efa81371465134dbcab11,2026-07-15T18:01:49.572019+00:00,8o8-arch,7.0.12-arch1-1,AMD Ryzen 9 3900X 12-Core Processor,"logical=24,cores=12,sockets=1,nodes=1",performance,rustc 1.97.0 (2d8144b78 2026-07-07),22.1.6,cargo 1.97.0 (c980f4866 2026-06-30),"release,lto=thin,debug=true",/home/bob/.cache/mess-bench,/dev/nvme0n1p3,ext4,/home,Samsung SSD 970 EVO Plus 2TB,[none] mq-deadline kyber bfq,249467047936,4096,1024,payload[i]=(i*131+17)&0xff,3.79052734375,accepted,,16,16,0,3450,bytes,552000,552000,33561600,55200,0,0,0,0,0,46540682,47042803,12400,16700,24720,3.790,3.790
e000194,exploratory,pwritev_full_8m,candidate,1,2,ABBA,pwritev_full_8m,process,24,10,16,4,domain,synthetic_sweep,1,015d813736625640f12d26c5d349b92c14fd2fb4,false,a897dfa99e98479b638409c432d3d2bc8e7ba7d5ba4e5a046dd229021f58bffd,12b1dafe765a77d1a17115b0ae12cff973f20ed7d6d770fbd790695fe081288e,afaa9ca40fef1b2a362af2af235634b472665287e554d16b829c09e1a70787ac,8d5b7eba8aea53574190e7d4a6d9e7b424bc23a9e2a0b6968a27f1772509492b,6e938dfcd266a2b0eac811d7ea7eabbd5b217965f88efa81371465134dbcab11,2026-07-15T18:01:50.596138+00:00,8o8-arch,7.0.12-arch1-1,AMD Ryzen 9 3900X 12-Core Processor,"logical=24,cores=12,sockets=1,nodes=1",performance,rustc 1.97.0 (2d8144b78 2026-07-07),22.1.6,cargo 1.97.0 (c980f4866 2026-06-30),"release,lto=thin,debug=true",/home/bob/.cache/mess-bench,/dev/nvme0n1p3,ext4,/home,Samsung SSD 970 EVO Plus 2TB,[none] mq-deadline kyber bfq,249467039744,4096,1024,payload[i]=(i*131+17)&0xff,3.56689453125,accepted,,16,16,0,3450,bytes,552000,552000,33561600,3450,0,0,16,0,0,8862472,8949754,2460,2550,3140,3.570,3.570
e000195,exploratory,pwritev_full_8m,candidate,1,3,ABBA,pwritev_full_8m,process,24,10,16,4,domain,synthetic_sweep,1,015d813736625640f12d26c5d349b92c14fd2fb4,false,a897dfa99e98479b638409c432d3d2bc8e7ba7d5ba4e5a046dd229021f58bffd,12b1dafe765a77d1a17115b0ae12cff973f20ed7d6d770fbd790695fe081288e,afaa9ca40fef1b2a362af2af235634b472665287e554d16b829c09e1a70787ac,8d5b7eba8aea53574190e7d4a6d9e7b424bc23a9e2a0b6968a27f1772509492b,6e938dfcd266a2b0eac811d7ea7eabbd5b217965f88efa81371465134dbcab11,2026-07-15T18:01:51.619810+00:00,8o8-arch,7.0.12-arch1-1,AMD Ryzen 9 3900X 12-Core Processor,"logical=24,cores=12,sockets=1,nodes=1",performance,rustc 1.97.0 (2d8144b78 2026-07-07),22.1.6,cargo 1.97.0 (c980f4866 2026-06-30),"release,lto=thin,debug=true",/home/bob/.cache/mess-bench,/dev/nvme0n1p3,ext4,/home,Samsung SSD 970 EVO Plus 2TB,[none] mq-deadline kyber bfq,249467035648,4096,1024,payload[i]=(i*131+17)&0xff,3.56689453125,accepted,,16,16,0,3450,bytes,552000,552000,33561600,3450,0,0,16,0,0,9047972,9168205,2480,2860,3190,3.570,3.570
e000196,exploratory,pwritev_full_8m,baseline,1,4,ABBA,k_pwrite,process,24,10,16,4,domain,synthetic_sweep,1,015d813736625640f12d26c5d349b92c14fd2fb4,false,a897dfa99e98479b638409c432d3d2bc8e7ba7d5ba4e5a046dd229021f58bffd,12b1dafe765a77d1a17115b0ae12cff973f20ed7d6d770fbd790695fe081288e,afaa9ca40fef1b2a362af2af235634b472665287e554d16b829c09e1a70787ac,8d5b7eba8aea53574190e7d4a6d9e7b424bc23a9e2a0b6968a27f1772509492b,6e938dfcd266a2b0eac811d7ea7eabbd5b217965f88efa81371465134dbcab11,2026-07-15T18:01:52.649968+00:00,8o8-arch,7.0.12-arch1-1,AMD Ryzen 9 3900X 12-Core Processor,"logical=24,cores=12,sockets=1,nodes=1",performance,rustc 1.97.0 (2d8144b78 2026-07-07),22.1.6,cargo 1.97.0 (c980f4866 2026-06-30),"release,lto=thin,debug=true",/home/bob/.cache/mess-bench,/dev/nvme0n1p3,ext4,/home,Samsung SSD 970 EVO Plus 2TB,[none] mq-deadline kyber bfq,249467035648,4096,1024,payload[i]=(i*131+17)&0xff,3.56689453125,accepted,,16,16,0,3450,bytes,552000,552000,33561600,55200,0,0,0,0,0,45143701,45897255,12350,14580,22980,3.570,3.570
e000197,exploratory,copy_contiguous,candidate,1,1,BAAB,copy_contiguous,process,24,10,16,4,domain,synthetic_sweep,1,015d813736625640f12d26c5d349b92c14fd2fb4,false,a897dfa99e98479b638409c432d3d2bc8e7ba7d5ba4e5a046dd229021f58bffd,12b1dafe765a77d1a17115b0ae12cff973f20ed7d6d770fbd790695fe081288e,afaa9ca40fef1b2a362af2af235634b472665287e554d16b829c09e1a70787ac,8d5b7eba8aea53574190e7d4a6d9e7b424bc23a9e2a0b6968a27f1772509492b,6e938dfcd266a2b0eac811d7ea7eabbd5b217965f88efa81371465134dbcab11,2026-07-15T18:01:53.679326+00:00,8o8-arch,7.0.12-arch1-1,AMD Ryzen 9 3900X 12-Core Processor,"logical=24,cores=12,sockets=1,nodes=1",performance,rustc 1.97.0 (2d8144b78 2026-07-07),22.1.6,cargo 1.97.0 (c980f4866 2026-06-30),"release,lto=thin,debug=true",/home/bob/.cache/mess-bench,/dev/nvme0n1p3,ext4,/home,Samsung SSD 970 EVO Plus 2TB,[none] mq-deadline kyber bfq,249466990592,4096,1024,payload[i]=(i*131+17)&0xff,3.56689453125,accepted,,16,16,0,3450,bytes,552000,552000,33561600,3450,0,0,0,33561600,0,6645862,6703867,1800,2340,2470,3.570,3.570
e000198,exploratory,copy_contiguous,baseline,1,2,BAAB,k_pwrite,process,24,10,16,4,domain,synthetic_sweep,1,015d813736625640f12d26c5d349b92c14fd2fb4,false,a897dfa99e98479b638409c432d3d2bc8e7ba7d5ba4e5a046dd229021f58bffd,12b1dafe765a77d1a17115b0ae12cff973f20ed7d6d770fbd790695fe081288e,afaa9ca40fef1b2a362af2af235634b472665287e554d16b829c09e1a70787ac,8d5b7eba8aea53574190e7d4a6d9e7b424bc23a9e2a0b6968a27f1772509492b,6e938dfcd266a2b0eac811d7ea7eabbd5b217965f88efa81371465134dbcab11,2026-07-15T18:01:54.704413+00:00,8o8-arch,7.0.12-arch1-1,AMD Ryzen 9 3900X 12-Core Processor,"logical=24,cores=12,sockets=1,nodes=1",performance,rustc 1.97.0 (2d8144b78 2026-07-07),22.1.6,cargo 1.97.0 (c980f4866 2026-06-30),"release,lto=thin,debug=true",/home/bob/.cache/mess-bench,/dev/nvme0n1p3,ext4,/home,Samsung SSD 970 EVO Plus 2TB,[none] mq-deadline kyber bfq,249467023360,4096,1024,payload[i]=(i*131+17)&0xff,3.56689453125,accepted,,16,16,0,3450,bytes,552000,552000,33561600,55200,0,0,0,0,0,44900682,45291345,12420,15750,22420,3.570,3.570
e000199,exploratory,copy_contiguous,baseline,1,3,BAAB,k_pwrite,process,24,10,16,4,domain,synthetic_sweep,1,015d813736625640f12d26c5d349b92c14fd2fb4,false,a897dfa99e98479b638409c432d3d2bc8e7ba7d5ba4e5a046dd229021f58bffd,12b1dafe765a77d1a17115b0ae12cff973f20ed7d6d770fbd790695fe081288e,afaa9ca40fef1b2a362af2af235634b472665287e554d16b829c09e1a70787ac,8d5b7eba8aea53574190e7d4a6d9e7b424bc23a9e2a0b6968a27f1772509492b,6e938dfcd266a2b0eac811d7ea7eabbd5b217965f88efa81371465134dbcab11,2026-07-15T18:01:55.730222+00:00,8o8-arch,7.0.12-arch1-1,AMD Ryzen 9 3900X 12-Core Processor,"logical=24,cores=12,sockets=1,nodes=1",performance,rustc 1.97.0 (2d8144b78 2026-07-07),22.1.6,cargo 1.97.0 (c980f4866 2026-06-30),"release,lto=thin,debug=true",/home/bob/.cache/mess-bench,/dev/nvme0n1p3,ext4,/home,Samsung SSD 970 EVO Plus 2TB,[none] mq-deadline kyber bfq,249467011072,4096,1024,payload[i]=(i*131+17)&0xff,3.44140625,accepted,,16,16,0,3450,bytes,552000,552000,33561600,55200,0,0,0,0,0,44491192,45930104,12410,15300,21500,3.440,3.440
e000200,exploratory,copy_contiguous,candidate,1,4,BAAB,copy_contiguous,process,24,10,16,4,domain,synthetic_sweep,1,015d813736625640f12d26c5d349b92c14fd2fb4,false,a897dfa99e98479b638409c432d3d2bc8e7ba7d5ba4e5a046dd229021f58bffd,12b1dafe765a77d1a17115b0ae12cff973f20ed7d6d770fbd790695fe081288e,afaa9ca40fef1b2a362af2af235634b472665287e554d16b829c09e1a70787ac,8d5b7eba8aea53574190e7d4a6d9e7b424bc23a9e2a0b6968a27f1772509492b,6e938dfcd266a2b0eac811d7ea7eabbd5b217965f88efa81371465134dbcab11,2026-07-15T18:01:56.764316+00:00,8o8-arch,7.0.12-arch1-1,AMD Ryzen 9 3900X 12-Core Processor,"logical=24,cores=12,sockets=1,nodes=1",performance,rustc 1.97.0 (2d8144b78 2026-07-07),22.1.6,cargo 1.97.0 (c980f4866 2026-06-30),"release,lto=thin,debug=true",/home/bob/.cache/mess-bench,/dev/nvme0n1p3,ext4,/home,Samsung SSD 970 EVO Plus 2TB,[none] mq-deadline kyber bfq,249467011072,4096,1024,payload[i]=(i*131+17)&0xff,3.44140625,accepted,,16,16,0,3450,bytes,552000,552000,33561600,3450,0,0,0,33561600,0,6581432,6622846,1810,2050,2410,3.440,3.440
e000201,exploratory,pwritev_full_8m,baseline,1,1,ABBA,k_pwrite,process,24,10,16,4,new_name,synthetic_sweep,1,015d813736625640f12d26c5d349b92c14fd2fb4,false,a897dfa99e98479b638409c432d3d2bc8e7ba7d5ba4e5a046dd229021f58bffd,12b1dafe765a77d1a17115b0ae12cff973f20ed7d6d770fbd790695fe081288e,afaa9ca40fef1b2a362af2af235634b472665287e554d16b829c09e1a70787ac,8d5b7eba8aea53574190e7d4a6d9e7b424bc23a9e2a0b6968a27f1772509492b,6e938dfcd266a2b0eac811d7ea7eabbd5b217965f88efa81371465134dbcab11,2026-07-15T18:01:57.795910+00:00,8o8-arch,7.0.12-arch1-1,AMD Ryzen 9 3900X 12-Core Processor,"logical=24,cores=12,sockets=1,nodes=1",performance,rustc 1.97.0 (2d8144b78 2026-07-07),22.1.6,cargo 1.97.0 (c980f4866 2026-06-30),"release,lto=thin,debug=true",/home/bob/.cache/mess-bench,/dev/nvme0n1p3,ext4,/home,Samsung SSD 970 EVO Plus 2TB,[none] mq-deadline kyber bfq,249467002880,4096,1024,payload[i]=(i*131+17)&0xff,3.44140625,accepted,,16,32,0,2804,bytes,493504,448640,33558272,89728,0,0,0,0,0,73446168,74041539,23880,31280,63010,3.440,3.440
e000202,exploratory,pwritev_full_8m,candidate,1,2,ABBA,pwritev_full_8m,process,24,10,16,4,new_name,synthetic_sweep,1,015d813736625640f12d26c5d349b92c14fd2fb4,false,a897dfa99e98479b638409c432d3d2bc8e7ba7d5ba4e5a046dd229021f58bffd,12b1dafe765a77d1a17115b0ae12cff973f20ed7d6d770fbd790695fe081288e,afaa9ca40fef1b2a362af2af235634b472665287e554d16b829c09e1a70787ac,8d5b7eba8aea53574190e7d4a6d9e7b424bc23a9e2a0b6968a27f1772509492b,6e938dfcd266a2b0eac811d7ea7eabbd5b217965f88efa81371465134dbcab11,2026-07-15T18:01:58.823681+00:00,8o8-arch,7.0.12-arch1-1,AMD Ryzen 9 3900X 12-Core Processor,"logical=24,cores=12,sockets=1,nodes=1",performance,rustc 1.97.0 (2d8144b78 2026-07-07),22.1.6,cargo 1.97.0 (c980f4866 2026-06-30),"release,lto=thin,debug=true",/home/bob/.cache/mess-bench,/dev/nvme0n1p3,ext4,/home,Samsung SSD 970 EVO Plus 2TB,[none] mq-deadline kyber bfq,249467002880,4096,1024,payload[i]=(i*131+17)&0xff,3.44140625,accepted,,16,32,0,2804,bytes,493504,448640,33558272,2804,0,0,32,0,0,9073842,9305525,3060,3300,4100,3.440,3.440
e000203,exploratory,pwritev_full_8m,candidate,1,3,ABBA,pwritev_full_8m,process,24,10,16,4,new_name,synthetic_sweep,1,015d813736625640f12d26c5d349b92c14fd2fb4,false,a897dfa99e98479b638409c432d3d2bc8e7ba7d5ba4e5a046dd229021f58bffd,12b1dafe765a77d1a17115b0ae12cff973f20ed7d6d770fbd790695fe081288e,afaa9ca40fef1b2a362af2af235634b472665287e554d16b829c09e1a70787ac,8d5b7eba8aea53574190e7d4a6d9e7b424bc23a9e2a0b6968a27f1772509492b,6e938dfcd266a2b0eac811d7ea7eabbd5b217965f88efa81371465134dbcab11,2026-07-15T18:01:59.853004+00:00,8o8-arch,7.0.12-arch1-1,AMD Ryzen 9 3900X 12-Core Processor,"logical=24,cores=12,sockets=1,nodes=1",performance,rustc 1.97.0 (2d8144b78 2026-07-07),22.1.6,cargo 1.97.0 (c980f4866 2026-06-30),"release,lto=thin,debug=true",/home/bob/.cache/mess-bench,/dev/nvme0n1p3,ext4,/home,Samsung SSD 970 EVO Plus 2TB,[none] mq-deadline kyber bfq,249466994688,4096,1024,payload[i]=(i*131+17)&0xff,3.44140625,accepted,,16,32,0,2804,bytes,493504,448640,33558272,2804,0,0,32,0,0,9503113,9630765,3070,3340,5710,3.440,3.440
e000204,exploratory,pwritev_full_8m,baseline,1,4,ABBA,k_pwrite,process,24,10,16,4,new_name,synthetic_sweep,1,015d813736625640f12d26c5d349b92c14fd2fb4,false,a897dfa99e98479b638409c432d3d2bc8e7ba7d5ba4e5a046dd229021f58bffd,12b1dafe765a77d1a17115b0ae12cff973f20ed7d6d770fbd790695fe081288e,afaa9ca40fef1b2a362af2af235634b472665287e554d16b829c09e1a70787ac,8d5b7eba8aea53574190e7d4a6d9e7b424bc23a9e2a0b6968a27f1772509492b,6e938dfcd266a2b0eac811d7ea7eabbd5b217965f88efa81371465134dbcab11,2026-07-15T18:02:00.880985+00:00,8o8-arch,7.0.12-arch1-1,AMD Ryzen 9 3900X 12-Core Processor,"logical=24,cores=12,sockets=1,nodes=1",performance,rustc 1.97.0 (2d8144b78 2026-07-07),22.1.6,cargo 1.97.0 (c980f4866 2026-06-30),"release,lto=thin,debug=true",/home/bob/.cache/mess-bench,/dev/nvme0n1p3,ext4,/home,Samsung SSD 970 EVO Plus 2TB,[none] mq-deadline kyber bfq,249466994688,4096,1024,payload[i]=(i*131+17)&0xff,3.24560546875,accepted,,16,32,0,2804,bytes,493504,448640,33558272,89728,0,0,0,0,0,69080477,69771081,23780,29170,39050,3.250,3.250
e000205,exploratory,copy_contiguous,candidate,1,1,BAAB,copy_contiguous,process,24,10,16,4,new_name,synthetic_sweep,1,015d813736625640f12d26c5d349b92c14fd2fb4,false,a897dfa99e98479b638409c432d3d2bc8e7ba7d5ba4e5a046dd229021f58bffd,12b1dafe765a77d1a17115b0ae12cff973f20ed7d6d770fbd790695fe081288e,afaa9ca40fef1b2a362af2af235634b472665287e554d16b829c09e1a70787ac,8d5b7eba8aea53574190e7d4a6d9e7b424bc23a9e2a0b6968a27f1772509492b,6e938dfcd266a2b0eac811d7ea7eabbd5b217965f88efa81371465134dbcab11,2026-07-15T18:02:01.912947+00:00,8o8-arch,7.0.12-arch1-1,AMD Ryzen 9 3900X 12-Core Processor,"logical=24,cores=12,sockets=1,nodes=1",performance,rustc 1.97.0 (2d8144b78 2026-07-07),22.1.6,cargo 1.97.0 (c980f4866 2026-06-30),"release,lto=thin,debug=true",/home/bob/.cache/mess-bench,/dev/nvme0n1p3,ext4,/home,Samsung SSD 970 EVO Plus 2TB,[none] mq-deadline kyber bfq,249466990592,4096,1024,payload[i]=(i*131+17)&0xff,3.24560546875,accepted,,16,32,0,2804,bytes,493504,448640,33558272,2804,0,0,0,33558272,0,6277951,9441985,2000,2480,3600,3.250,3.250
e000206,exploratory,copy_contiguous,baseline,1,2,BAAB,k_pwrite,process,24,10,16,4,new_name,synthetic_sweep,1,015d813736625640f12d26c5d349b92c14fd2fb4,false,a897dfa99e98479b638409c432d3d2bc8e7ba7d5ba4e5a046dd229021f58bffd,12b1dafe765a77d1a17115b0ae12cff973f20ed7d6d770fbd790695fe081288e,afaa9ca40fef1b2a362af2af235634b472665287e554d16b829c09e1a70787ac,8d5b7eba8aea53574190e7d4a6d9e7b424bc23a9e2a0b6968a27f1772509492b,6e938dfcd266a2b0eac811d7ea7eabbd5b217965f88efa81371465134dbcab11,2026-07-15T18:02:02.943286+00:00,8o8-arch,7.0.12-arch1-1,AMD Ryzen 9 3900X 12-Core Processor,"logical=24,cores=12,sockets=1,nodes=1",performance,rustc 1.97.0 (2d8144b78 2026-07-07),22.1.6,cargo 1.97.0 (c980f4866 2026-06-30),"release,lto=thin,debug=true",/home/bob/.cache/mess-bench,/dev/nvme0n1p3,ext4,/home,Samsung SSD 970 EVO Plus 2TB,[none] mq-deadline kyber bfq,249466990592,4096,1024,payload[i]=(i*131+17)&0xff,3.24560546875,accepted,,16,32,0,2804,bytes,493504,448640,33558272,89728,0,0,0,0,0,71996978,72721659,23680,28510,75430,3.250,3.250
e000207,exploratory,copy_contiguous,baseline,1,3,BAAB,k_pwrite,process,24,10,16,4,new_name,synthetic_sweep,1,015d813736625640f12d26c5d349b92c14fd2fb4,false,a897dfa99e98479b638409c432d3d2bc8e7ba7d5ba4e5a046dd229021f58bffd,12b1dafe765a77d1a17115b0ae12cff973f20ed7d6d770fbd790695fe081288e,afaa9ca40fef1b2a362af2af235634b472665287e554d16b829c09e1a70787ac,8d5b7eba8aea53574190e7d4a6d9e7b424bc23a9e2a0b6968a27f1772509492b,6e938dfcd266a2b0eac811d7ea7eabbd5b217965f88efa81371465134dbcab11,2026-07-15T18:02:03.975342+00:00,8o8-arch,7.0.12-arch1-1,AMD Ryzen 9 3900X 12-Core Processor,"logical=24,cores=12,sockets=1,nodes=1",performance,rustc 1.97.0 (2d8144b78 2026-07-07),22.1.6,cargo 1.97.0 (c980f4866 2026-06-30),"release,lto=thin,debug=true",/home/bob/.cache/mess-bench,/dev/nvme0n1p3,ext4,/home,Samsung SSD 970 EVO Plus 2TB,[none] mq-deadline kyber bfq,249466982400,4096,1024,payload[i]=(i*131+17)&0xff,3.24560546875,accepted,,16,32,0,2804,bytes,493504,448640,33558272,89728,0,0,0,0,0,70886998,71432160,23770,27130,37360,3.250,3.250
e000208,exploratory,copy_contiguous,candidate,1,4,BAAB,copy_contiguous,process,24,10,16,4,new_name,synthetic_sweep,1,015d813736625640f12d26c5d349b92c14fd2fb4,false,a897dfa99e98479b638409c432d3d2bc8e7ba7d5ba4e5a046dd229021f58bffd,12b1dafe765a77d1a17115b0ae12cff973f20ed7d6d770fbd790695fe081288e,afaa9ca40fef1b2a362af2af235634b472665287e554d16b829c09e1a70787ac,8d5b7eba8aea53574190e7d4a6d9e7b424bc23a9e2a0b6968a27f1772509492b,6e938dfcd266a2b0eac811d7ea7eabbd5b217965f88efa81371465134dbcab11,2026-07-15T18:02:05.006926+00:00,8o8-arch,7.0.12-arch1-1,AMD Ryzen 9 3900X 12-Core Processor,"logical=24,cores=12,sockets=1,nodes=1",performance,rustc 1.97.0 (2d8144b78 2026-07-07),22.1.6,cargo 1.97.0 (c980f4866 2026-06-30),"release,lto=thin,debug=true",/home/bob/.cache/mess-bench,/dev/nvme0n1p3,ext4,/home,Samsung SSD 970 EVO Plus 2TB,[none] mq-deadline kyber bfq,249466982400,4096,1024,payload[i]=(i*131+17)&0xff,3.24560546875,accepted,,16,32,0,2804,bytes,493504,448640,33558272,2804,0,0,0,33558272,0,5898591,5949817,1990,2530,2740,3.250,3.250
e000209,exploratory,pwritev_full_8m,baseline,1,1,ABBA,k_pwrite,process,24,10,64,4,domain,synthetic_sweep,1,015d813736625640f12d26c5d349b92c14fd2fb4,false,a897dfa99e98479b638409c432d3d2bc8e7ba7d5ba4e5a046dd229021f58bffd,12b1dafe765a77d1a17115b0ae12cff973f20ed7d6d770fbd790695fe081288e,afaa9ca40fef1b2a362af2af235634b472665287e554d16b829c09e1a70787ac,8d5b7eba8aea53574190e7d4a6d9e7b424bc23a9e2a0b6968a27f1772509492b,6e938dfcd266a2b0eac811d7ea7eabbd5b217965f88efa81371465134dbcab11,2026-07-15T18:02:06.038012+00:00,8o8-arch,7.0.12-arch1-1,AMD Ryzen 9 3900X 12-Core Processor,"logical=24,cores=12,sockets=1,nodes=1",performance,rustc 1.97.0 (2d8144b78 2026-07-07),22.1.6,cargo 1.97.0 (c980f4866 2026-06-30),"release,lto=thin,debug=true",/home/bob/.cache/mess-bench,/dev/nvme0n1p3,ext4,/home,Samsung SSD 970 EVO Plus 2TB,[none] mq-deadline kyber bfq,249466978304,4096,1024,payload[i]=(i*131+17)&0xff,2.9853515625,accepted,,64,64,0,863,bytes,552320,552320,33581056,55232,0,0,0,0,0,45397751,46708964,50000,64020,84340,2.990,2.990
e000210,exploratory,pwritev_full_8m,candidate,1,2,ABBA,pwritev_full_8m,process,24,10,64,4,domain,synthetic_sweep,1,015d813736625640f12d26c5d349b92c14fd2fb4,false,a897dfa99e98479b638409c432d3d2bc8e7ba7d5ba4e5a046dd229021f58bffd,12b1dafe765a77d1a17115b0ae12cff973f20ed7d6d770fbd790695fe081288e,afaa9ca40fef1b2a362af2af235634b472665287e554d16b829c09e1a70787ac,8d5b7eba8aea53574190e7d4a6d9e7b424bc23a9e2a0b6968a27f1772509492b,6e938dfcd266a2b0eac811d7ea7eabbd5b217965f88efa81371465134dbcab11,2026-07-15T18:02:07.069918+00:00,8o8-arch,7.0.12-arch1-1,AMD Ryzen 9 3900X 12-Core Processor,"logical=24,cores=12,sockets=1,nodes=1",performance,rustc 1.97.0 (2d8144b78 2026-07-07),22.1.6,cargo 1.97.0 (c980f4866 2026-06-30),"release,lto=thin,debug=true",/home/bob/.cache/mess-bench,/dev/nvme0n1p3,ext4,/home,Samsung SSD 970 EVO Plus 2TB,[none] mq-deadline kyber bfq,249466974208,4096,1024,payload[i]=(i*131+17)&0xff,2.9853515625,accepted,,64,64,0,863,bytes,552320,552320,33581056,863,0,0,64,0,0,6241371,6288517,6380,8910,10160,2.990,2.990
e000211,exploratory,pwritev_full_8m,candidate,1,3,ABBA,pwritev_full_8m,process,24,10,64,4,domain,synthetic_sweep,1,015d813736625640f12d26c5d349b92c14fd2fb4,false,a897dfa99e98479b638409c432d3d2bc8e7ba7d5ba4e5a046dd229021f58bffd,12b1dafe765a77d1a17115b0ae12cff973f20ed7d6d770fbd790695fe081288e,afaa9ca40fef1b2a362af2af235634b472665287e554d16b829c09e1a70787ac,8d5b7eba8aea53574190e7d4a6d9e7b424bc23a9e2a0b6968a27f1772509492b,6e938dfcd266a2b0eac811d7ea7eabbd5b217965f88efa81371465134dbcab11,2026-07-15T18:02:08.101706+00:00,8o8-arch,7.0.12-arch1-1,AMD Ryzen 9 3900X 12-Core Processor,"logical=24,cores=12,sockets=1,nodes=1",performance,rustc 1.97.0 (2d8144b78 2026-07-07),22.1.6,cargo 1.97.0 (c980f4866 2026-06-30),"release,lto=thin,debug=true",/home/bob/.cache/mess-bench,/dev/nvme0n1p3,ext4,/home,Samsung SSD 970 EVO Plus 2TB,[none] mq-deadline kyber bfq,249466970112,4096,1024,payload[i]=(i*131+17)&0xff,2.9853515625,accepted,,64,64,0,863,bytes,552320,552320,33581056,863,0,0,64,0,0,5722902,5783697,6340,8090,12370,2.990,2.990
e000212,exploratory,pwritev_full_8m,baseline,1,4,ABBA,k_pwrite,process,24,10,64,4,domain,synthetic_sweep,1,015d813736625640f12d26c5d349b92c14fd2fb4,false,a897dfa99e98479b638409c432d3d2bc8e7ba7d5ba4e5a046dd229021f58bffd,12b1dafe765a77d1a17115b0ae12cff973f20ed7d6d770fbd790695fe081288e,afaa9ca40fef1b2a362af2af235634b472665287e554d16b829c09e1a70787ac,8d5b7eba8aea53574190e7d4a6d9e7b424bc23a9e2a0b6968a27f1772509492b,6e938dfcd266a2b0eac811d7ea7eabbd5b217965f88efa81371465134dbcab11,2026-07-15T18:02:09.134266+00:00,8o8-arch,7.0.12-arch1-1,AMD Ryzen 9 3900X 12-Core Processor,"logical=24,cores=12,sockets=1,nodes=1",performance,rustc 1.97.0 (2d8144b78 2026-07-07),22.1.6,cargo 1.97.0 (c980f4866 2026-06-30),"release,lto=thin,debug=true",/home/bob/.cache/mess-bench,/dev/nvme0n1p3,ext4,/home,Samsung SSD 970 EVO Plus 2TB,[none] mq-deadline kyber bfq,249466961920,4096,1024,payload[i]=(i*131+17)&0xff,2.9853515625,accepted,,64,64,0,863,bytes,552320,552320,33581056,55232,0,0,0,0,0,44211691,44577815,49580,59730,80330,2.990,2.990
e000213,exploratory,copy_contiguous,candidate,1,1,BAAB,copy_contiguous,process,24,10,64,4,domain,synthetic_sweep,1,015d813736625640f12d26c5d349b92c14fd2fb4,false,a897dfa99e98479b638409c432d3d2bc8e7ba7d5ba4e5a046dd229021f58bffd,12b1dafe765a77d1a17115b0ae12cff973f20ed7d6d770fbd790695fe081288e,afaa9ca40fef1b2a362af2af235634b472665287e554d16b829c09e1a70787ac,8d5b7eba8aea53574190e7d4a6d9e7b424bc23a9e2a0b6968a27f1772509492b,6e938dfcd266a2b0eac811d7ea7eabbd5b217965f88efa81371465134dbcab11,2026-07-15T18:02:10.165674+00:00,8o8-arch,7.0.12-arch1-1,AMD Ryzen 9 3900X 12-Core Processor,"logical=24,cores=12,sockets=1,nodes=1",performance,rustc 1.97.0 (2d8144b78 2026-07-07),22.1.6,cargo 1.97.0 (c980f4866 2026-06-30),"release,lto=thin,debug=true",/home/bob/.cache/mess-bench,/dev/nvme0n1p3,ext4,/home,Samsung SSD 970 EVO Plus 2TB,[none] mq-deadline kyber bfq,249466961920,4096,1024,payload[i]=(i*131+17)&0xff,2.9853515625,accepted,,64,64,0,863,bytes,552320,552320,33581056,863,0,0,0,33581056,0,3674291,3697248,4160,4240,5440,2.990,2.990
e000214,exploratory,copy_contiguous,baseline,1,2,BAAB,k_pwrite,process,24,10,64,4,domain,synthetic_sweep,1,015d813736625640f12d26c5d349b92c14fd2fb4,false,a897dfa99e98479b638409c432d3d2bc8e7ba7d5ba4e5a046dd229021f58bffd,12b1dafe765a77d1a17115b0ae12cff973f20ed7d6d770fbd790695fe081288e,afaa9ca40fef1b2a362af2af235634b472665287e554d16b829c09e1a70787ac,8d5b7eba8aea53574190e7d4a6d9e7b424bc23a9e2a0b6968a27f1772509492b,6e938dfcd266a2b0eac811d7ea7eabbd5b217965f88efa81371465134dbcab11,2026-07-15T18:02:11.197779+00:00,8o8-arch,7.0.12-arch1-1,AMD Ryzen 9 3900X 12-Core Processor,"logical=24,cores=12,sockets=1,nodes=1",performance,rustc 1.97.0 (2d8144b78 2026-07-07),22.1.6,cargo 1.97.0 (c980f4866 2026-06-30),"release,lto=thin,debug=true",/home/bob/.cache/mess-bench,/dev/nvme0n1p3,ext4,/home,Samsung SSD 970 EVO Plus 2TB,[none] mq-deadline kyber bfq,249466953728,4096,1024,payload[i]=(i*131+17)&0xff,2.74609375,accepted,,64,64,0,863,bytes,552320,552320,33581056,55232,0,0,0,0,0,46870932,47281753,49800,63089,72070,2.750,2.750
e000215,exploratory,copy_contiguous,baseline,1,3,BAAB,k_pwrite,process,24,10,64,4,domain,synthetic_sweep,1,015d813736625640f12d26c5d349b92c14fd2fb4,false,a897dfa99e98479b638409c432d3d2bc8e7ba7d5ba4e5a046dd229021f58bffd,12b1dafe765a77d1a17115b0ae12cff973f20ed7d6d770fbd790695fe081288e,afaa9ca40fef1b2a362af2af235634b472665287e554d16b829c09e1a70787ac,8d5b7eba8aea53574190e7d4a6d9e7b424bc23a9e2a0b6968a27f1772509492b,6e938dfcd266a2b0eac811d7ea7eabbd5b217965f88efa81371465134dbcab11,2026-07-15T18:02:12.225853+00:00,8o8-arch,7.0.12-arch1-1,AMD Ryzen 9 3900X 12-Core Processor,"logical=24,cores=12,sockets=1,nodes=1",performance,rustc 1.97.0 (2d8144b78 2026-07-07),22.1.6,cargo 1.97.0 (c980f4866 2026-06-30),"release,lto=thin,debug=true",/home/bob/.cache/mess-bench,/dev/nvme0n1p3,ext4,/home,Samsung SSD 970 EVO Plus 2TB,[none] mq-deadline kyber bfq,249466949632,4096,1024,payload[i]=(i*131+17)&0xff,2.74609375,accepted,,64,64,0,863,bytes,552320,552320,33581056,55232,0,0,0,0,0,45167921,45995744,49690,61700,76609,2.750,2.750
e000216,exploratory,copy_contiguous,candidate,1,4,BAAB,copy_contiguous,process,24,10,64,4,domain,synthetic_sweep,1,015d813736625640f12d26c5d349b92c14fd2fb4,false,a897dfa99e98479b638409c432d3d2bc8e7ba7d5ba4e5a046dd229021f58bffd,12b1dafe765a77d1a17115b0ae12cff973f20ed7d6d770fbd790695fe081288e,afaa9ca40fef1b2a362af2af235634b472665287e554d16b829c09e1a70787ac,8d5b7eba8aea53574190e7d4a6d9e7b424bc23a9e2a0b6968a27f1772509492b,6e938dfcd266a2b0eac811d7ea7eabbd5b217965f88efa81371465134dbcab11,2026-07-15T18:02:13.256794+00:00,8o8-arch,7.0.12-arch1-1,AMD Ryzen 9 3900X 12-Core Processor,"logical=24,cores=12,sockets=1,nodes=1",performance,rustc 1.97.0 (2d8144b78 2026-07-07),22.1.6,cargo 1.97.0 (c980f4866 2026-06-30),"release,lto=thin,debug=true",/home/bob/.cache/mess-bench,/dev/nvme0n1p3,ext4,/home,Samsung SSD 970 EVO Plus 2TB,[none] mq-deadline kyber bfq,249466949632,4096,1024,payload[i]=(i*131+17)&0xff,2.74609375,accepted,,64,64,0,863,bytes,552320,552320,33581056,863,0,0,0,33581056,0,3715901,3746478,4210,4240,6030,2.750,2.750
e000217,exploratory,pwritev_full_8m,baseline,1,1,ABBA,k_pwrite,process,24,10,64,4,new_name,synthetic_sweep,1,015d813736625640f12d26c5d349b92c14fd2fb4,false,a897dfa99e98479b638409c432d3d2bc8e7ba7d5ba4e5a046dd229021f58bffd,12b1dafe765a77d1a17115b0ae12cff973f20ed7d6d770fbd790695fe081288e,afaa9ca40fef1b2a362af2af235634b472665287e554d16b829c09e1a70787ac,8d5b7eba8aea53574190e7d4a6d9e7b424bc23a9e2a0b6968a27f1772509492b,6e938dfcd266a2b0eac811d7ea7eabbd5b217965f88efa81371465134dbcab11,2026-07-15T18:02:14.278189+00:00,8o8-arch,7.0.12-arch1-1,AMD Ryzen 9 3900X 12-Core Processor,"logical=24,cores=12,sockets=1,nodes=1",performance,rustc 1.97.0 (2d8144b78 2026-07-07),22.1.6,cargo 1.97.0 (c980f4866 2026-06-30),"release,lto=thin,debug=true",/home/bob/.cache/mess-bench,/dev/nvme0n1p3,ext4,/home,Samsung SSD 970 EVO Plus 2TB,[none] mq-deadline kyber bfq,249466957824,4096,1024,payload[i]=(i*131+17)&0xff,2.74609375,accepted,,64,128,0,701,bytes,493504,448640,33558272,89728,0,0,0,0,0,69814137,70397891,96530,114020,174630,2.750,2.750
e000218,exploratory,pwritev_full_8m,candidate,1,2,ABBA,pwritev_full_8m,process,24,10,64,4,new_name,synthetic_sweep,1,015d813736625640f12d26c5d349b92c14fd2fb4,false,a897dfa99e98479b638409c432d3d2bc8e7ba7d5ba4e5a046dd229021f58bffd,12b1dafe765a77d1a17115b0ae12cff973f20ed7d6d770fbd790695fe081288e,afaa9ca40fef1b2a362af2af235634b472665287e554d16b829c09e1a70787ac,8d5b7eba8aea53574190e7d4a6d9e7b424bc23a9e2a0b6968a27f1772509492b,6e938dfcd266a2b0eac811d7ea7eabbd5b217965f88efa81371465134dbcab11,2026-07-15T18:02:15.308646+00:00,8o8-arch,7.0.12-arch1-1,AMD Ryzen 9 3900X 12-Core Processor,"logical=24,cores=12,sockets=1,nodes=1",performance,rustc 1.97.0 (2d8144b78 2026-07-07),22.1.6,cargo 1.97.0 (c980f4866 2026-06-30),"release,lto=thin,debug=true",/home/bob/.cache/mess-bench,/dev/nvme0n1p3,ext4,/home,Samsung SSD 970 EVO Plus 2TB,[none] mq-deadline kyber bfq,249466961920,4096,1024,payload[i]=(i*131+17)&0xff,2.74609375,accepted,,64,128,0,701,bytes,493504,448640,33558272,701,0,0,128,0,0,6555172,6624146,9080,10940,16250,2.750,2.750
e000219,exploratory,pwritev_full_8m,candidate,1,3,ABBA,pwritev_full_8m,process,24,10,64,4,new_name,synthetic_sweep,1,015d813736625640f12d26c5d349b92c14fd2fb4,false,a897dfa99e98479b638409c432d3d2bc8e7ba7d5ba4e5a046dd229021f58bffd,12b1dafe765a77d1a17115b0ae12cff973f20ed7d6d770fbd790695fe081288e,afaa9ca40fef1b2a362af2af235634b472665287e554d16b829c09e1a70787ac,8d5b7eba8aea53574190e7d4a6d9e7b424bc23a9e2a0b6968a27f1772509492b,6e938dfcd266a2b0eac811d7ea7eabbd5b217965f88efa81371465134dbcab11,2026-07-15T18:02:16.340395+00:00,8o8-arch,7.0.12-arch1-1,AMD Ryzen 9 3900X 12-Core Processor,"logical=24,cores=12,sockets=1,nodes=1",performance,rustc 1.97.0 (2d8144b78 2026-07-07),22.1.6,cargo 1.97.0 (c980f4866 2026-06-30),"release,lto=thin,debug=true",/home/bob/.cache/mess-bench,/dev/nvme0n1p3,ext4,/home,Samsung SSD 970 EVO Plus 2TB,[none] mq-deadline kyber bfq,249466953728,4096,1024,payload[i]=(i*131+17)&0xff,4.6884765625,accepted,,64,128,0,701,bytes,493504,448640,33558272,701,0,0,128,0,0,6522241,6575397,9060,10330,16170,4.690,4.690
e000220,exploratory,pwritev_full_8m,baseline,1,4,ABBA,k_pwrite,process,24,10,64,4,new_name,synthetic_sweep,1,015d813736625640f12d26c5d349b92c14fd2fb4,false,a897dfa99e98479b638409c432d3d2bc8e7ba7d5ba4e5a046dd229021f58bffd,12b1dafe765a77d1a17115b0ae12cff973f20ed7d6d770fbd790695fe081288e,afaa9ca40fef1b2a362af2af235634b472665287e554d16b829c09e1a70787ac,8d5b7eba8aea53574190e7d4a6d9e7b424bc23a9e2a0b6968a27f1772509492b,6e938dfcd266a2b0eac811d7ea7eabbd5b217965f88efa81371465134dbcab11,2026-07-15T18:02:17.366512+00:00,8o8-arch,7.0.12-arch1-1,AMD Ryzen 9 3900X 12-Core Processor,"logical=24,cores=12,sockets=1,nodes=1",performance,rustc 1.97.0 (2d8144b78 2026-07-07),22.1.6,cargo 1.97.0 (c980f4866 2026-06-30),"release,lto=thin,debug=true",/home/bob/.cache/mess-bench,/dev/nvme0n1p3,ext4,/home,Samsung SSD 970 EVO Plus 2TB,[none] mq-deadline kyber bfq,249466949632,4096,1024,payload[i]=(i*131+17)&0xff,4.6884765625,accepted,,64,128,0,701,bytes,493504,448640,33558272,89728,0,0,0,0,0,72051388,72649979,97740,123580,146740,4.690,4.690
e000221,exploratory,pwritev_64_8m,candidate,1,1,BAAB,pwritev_64_8m,process,24,10,64,4,new_name,synthetic_sweep,1,015d813736625640f12d26c5d349b92c14fd2fb4,false,a897dfa99e98479b638409c432d3d2bc8e7ba7d5ba4e5a046dd229021f58bffd,12b1dafe765a77d1a17115b0ae12cff973f20ed7d6d770fbd790695fe081288e,afaa9ca40fef1b2a362af2af235634b472665287e554d16b829c09e1a70787ac,8d5b7eba8aea53574190e7d4a6d9e7b424bc23a9e2a0b6968a27f1772509492b,6e938dfcd266a2b0eac811d7ea7eabbd5b217965f88efa81371465134dbcab11,2026-07-15T18:02:18.396908+00:00,8o8-arch,7.0.12-arch1-1,AMD Ryzen 9 3900X 12-Core Processor,"logical=24,cores=12,sockets=1,nodes=1",performance,rustc 1.97.0 (2d8144b78 2026-07-07),22.1.6,cargo 1.97.0 (c980f4866 2026-06-30),"release,lto=thin,debug=true",/home/bob/.cache/mess-bench,/dev/nvme0n1p3,ext4,/home,Samsung SSD 970 EVO Plus 2TB,[none] mq-deadline kyber bfq,249466945536,4096,1024,payload[i]=(i*131+17)&0xff,4.6884765625,accepted,,64,128,0,701,bytes,493504,448640,33558272,1402,0,0,64,0,0,7607452,7669375,10650,12010,17370,4.690,4.690
e000222,exploratory,pwritev_64_8m,baseline,1,2,BAAB,k_pwrite,process,24,10,64,4,new_name,synthetic_sweep,1,015d813736625640f12d26c5d349b92c14fd2fb4,false,a897dfa99e98479b638409c432d3d2bc8e7ba7d5ba4e5a046dd229021f58bffd,12b1dafe765a77d1a17115b0ae12cff973f20ed7d6d770fbd790695fe081288e,afaa9ca40fef1b2a362af2af235634b472665287e554d16b829c09e1a70787ac,8d5b7eba8aea53574190e7d4a6d9e7b424bc23a9e2a0b6968a27f1772509492b,6e938dfcd266a2b0eac811d7ea7eabbd5b217965f88efa81371465134dbcab11,2026-07-15T18:02:19.424858+00:00,8o8-arch,7.0.12-arch1-1,AMD Ryzen 9 3900X 12-Core Processor,"logical=24,cores=12,sockets=1,nodes=1",performance,rustc 1.97.0 (2d8144b78 2026-07-07),22.1.6,cargo 1.97.0 (c980f4866 2026-06-30),"release,lto=thin,debug=true",/home/bob/.cache/mess-bench,/dev/nvme0n1p3,ext4,/home,Samsung SSD 970 EVO Plus 2TB,[none] mq-deadline kyber bfq,249466941440,4096,1024,payload[i]=(i*131+17)&0xff,4.6884765625,accepted,,64,128,0,701,bytes,493504,448640,33558272,89728,0,0,0,0,0,75396699,75962117,96100,109790,237370,4.690,4.690
e000223,exploratory,pwritev_64_8m,baseline,1,3,BAAB,k_pwrite,process,24,10,64,4,new_name,synthetic_sweep,1,015d813736625640f12d26c5d349b92c14fd2fb4,false,a897dfa99e98479b638409c432d3d2bc8e7ba7d5ba4e5a046dd229021f58bffd,12b1dafe765a77d1a17115b0ae12cff973f20ed7d6d770fbd790695fe081288e,afaa9ca40fef1b2a362af2af235634b472665287e554d16b829c09e1a70787ac,8d5b7eba8aea53574190e7d4a6d9e7b424bc23a9e2a0b6968a27f1772509492b,6e938dfcd266a2b0eac811d7ea7eabbd5b217965f88efa81371465134dbcab11,2026-07-15T18:02:20.452436+00:00,8o8-arch,7.0.12-arch1-1,AMD Ryzen 9 3900X 12-Core Processor,"logical=24,cores=12,sockets=1,nodes=1",performance,rustc 1.97.0 (2d8144b78 2026-07-07),22.1.6,cargo 1.97.0 (c980f4866 2026-06-30),"release,lto=thin,debug=true",/home/bob/.cache/mess-bench,/dev/nvme0n1p3,ext4,/home,Samsung SSD 970 EVO Plus 2TB,[none] mq-deadline kyber bfq,249466933248,4096,1024,payload[i]=(i*131+17)&0xff,4.47314453125,accepted,,64,128,0,701,bytes,493504,448640,33558272,89728,0,0,0,0,0,71248998,71867470,97070,123120,215640,4.470,4.470
e000224,exploratory,pwritev_64_8m,candidate,1,4,BAAB,pwritev_64_8m,process,24,10,64,4,new_name,synthetic_sweep,1,015d813736625640f12d26c5d349b92c14fd2fb4,false,a897dfa99e98479b638409c432d3d2bc8e7ba7d5ba4e5a046dd229021f58bffd,12b1dafe765a77d1a17115b0ae12cff973f20ed7d6d770fbd790695fe081288e,afaa9ca40fef1b2a362af2af235634b472665287e554d16b829c09e1a70787ac,8d5b7eba8aea53574190e7d4a6d9e7b424bc23a9e2a0b6968a27f1772509492b,6e938dfcd266a2b0eac811d7ea7eabbd5b217965f88efa81371465134dbcab11,2026-07-15T18:02:21.480276+00:00,8o8-arch,7.0.12-arch1-1,AMD Ryzen 9 3900X 12-Core Processor,"logical=24,cores=12,sockets=1,nodes=1",performance,rustc 1.97.0 (2d8144b78 2026-07-07),22.1.6,cargo 1.97.0 (c980f4866 2026-06-30),"release,lto=thin,debug=true",/home/bob/.cache/mess-bench,/dev/nvme0n1p3,ext4,/home,Samsung SSD 970 EVO Plus 2TB,[none] mq-deadline kyber bfq,249466933248,4096,1024,payload[i]=(i*131+17)&0xff,4.47314453125,accepted,,64,128,0,701,bytes,493504,448640,33558272,1402,0,0,64,0,0,8803231,8867976,10680,13640,44080,4.470,4.470
e000225,exploratory,copy_contiguous,baseline,1,1,ABBA,k_pwrite,process,24,10,64,4,new_name,synthetic_sweep,1,015d813736625640f12d26c5d349b92c14fd2fb4,false,a897dfa99e98479b638409c432d3d2bc8e7ba7d5ba4e5a046dd229021f58bffd,12b1dafe765a77d1a17115b0ae12cff973f20ed7d6d770fbd790695fe081288e,afaa9ca40fef1b2a362af2af235634b472665287e554d16b829c09e1a70787ac,8d5b7eba8aea53574190e7d4a6d9e7b424bc23a9e2a0b6968a27f1772509492b,6e938dfcd266a2b0eac811d7ea7eabbd5b217965f88efa81371465134dbcab11,2026-07-15T18:02:22.510400+00:00,8o8-arch,7.0.12-arch1-1,AMD Ryzen 9 3900X 12-Core Processor,"logical=24,cores=12,sockets=1,nodes=1",performance,rustc 1.97.0 (2d8144b78 2026-07-07),22.1.6,cargo 1.97.0 (c980f4866 2026-06-30),"release,lto=thin,debug=true",/home/bob/.cache/mess-bench,/dev/nvme0n1p3,ext4,/home,Samsung SSD 970 EVO Plus 2TB,[none] mq-deadline kyber bfq,249466933248,4096,1024,payload[i]=(i*131+17)&0xff,4.47314453125,accepted,,64,128,0,701,bytes,493504,448640,33558272,89728,0,0,0,0,0,69282267,69770831,96900,107900,151620,4.470,4.470
e000226,exploratory,copy_contiguous,candidate,1,2,ABBA,copy_contiguous,process,24,10,64,4,new_name,synthetic_sweep,1,015d813736625640f12d26c5d349b92c14fd2fb4,false,a897dfa99e98479b638409c432d3d2bc8e7ba7d5ba4e5a046dd229021f58bffd,12b1dafe765a77d1a17115b0ae12cff973f20ed7d6d770fbd790695fe081288e,afaa9ca40fef1b2a362af2af235634b472665287e554d16b829c09e1a70787ac,8d5b7eba8aea53574190e7d4a6d9e7b424bc23a9e2a0b6968a27f1772509492b,6e938dfcd266a2b0eac811d7ea7eabbd5b217965f88efa81371465134dbcab11,2026-07-15T18:02:23.539959+00:00,8o8-arch,7.0.12-arch1-1,AMD Ryzen 9 3900X 12-Core Processor,"logical=24,cores=12,sockets=1,nodes=1",performance,rustc 1.97.0 (2d8144b78 2026-07-07),22.1.6,cargo 1.97.0 (c980f4866 2026-06-30),"release,lto=thin,debug=true",/home/bob/.cache/mess-bench,/dev/nvme0n1p3,ext4,/home,Samsung SSD 970 EVO Plus 2TB,[none] mq-deadline kyber bfq,249466929152,4096,1024,payload[i]=(i*131+17)&0xff,4.47314453125,accepted,,64,128,0,701,bytes,493504,448640,33558272,701,0,0,0,33558272,0,3727031,3781048,5110,6260,7470,4.470,4.470
e000227,exploratory,copy_contiguous,candidate,1,3,ABBA,copy_contiguous,process,24,10,64,4,new_name,synthetic_sweep,1,015d813736625640f12d26c5d349b92c14fd2fb4,false,a897dfa99e98479b638409c432d3d2bc8e7ba7d5ba4e5a046dd229021f58bffd,12b1dafe765a77d1a17115b0ae12cff973f20ed7d6d770fbd790695fe081288e,afaa9ca40fef1b2a362af2af235634b472665287e554d16b829c09e1a70787ac,8d5b7eba8aea53574190e7d4a6d9e7b424bc23a9e2a0b6968a27f1772509492b,6e938dfcd266a2b0eac811d7ea7eabbd5b217965f88efa81371465134dbcab11,2026-07-15T18:02:24.572321+00:00,8o8-arch,7.0.12-arch1-1,AMD Ryzen 9 3900X 12-Core Processor,"logical=24,cores=12,sockets=1,nodes=1",performance,rustc 1.97.0 (2d8144b78 2026-07-07),22.1.6,cargo 1.97.0 (c980f4866 2026-06-30),"release,lto=thin,debug=true",/home/bob/.cache/mess-bench,/dev/nvme0n1p3,ext4,/home,Samsung SSD 970 EVO Plus 2TB,[none] mq-deadline kyber bfq,249466916864,4096,1024,payload[i]=(i*131+17)&0xff,4.47314453125,accepted,,64,128,0,701,bytes,493504,448640,33558272,701,0,0,0,33558272,0,3715631,3747267,5120,5370,8840,4.470,4.470
e000228,exploratory,copy_contiguous,baseline,1,4,ABBA,k_pwrite,process,24,10,64,4,new_name,synthetic_sweep,1,015d813736625640f12d26c5d349b92c14fd2fb4,false,a897dfa99e98479b638409c432d3d2bc8e7ba7d5ba4e5a046dd229021f58bffd,12b1dafe765a77d1a17115b0ae12cff973f20ed7d6d770fbd790695fe081288e,afaa9ca40fef1b2a362af2af235634b472665287e554d16b829c09e1a70787ac,8d5b7eba8aea53574190e7d4a6d9e7b424bc23a9e2a0b6968a27f1772509492b,6e938dfcd266a2b0eac811d7ea7eabbd5b217965f88efa81371465134dbcab11,2026-07-15T18:02:25.603962+00:00,8o8-arch,7.0.12-arch1-1,AMD Ryzen 9 3900X 12-Core Processor,"logical=24,cores=12,sockets=1,nodes=1",performance,rustc 1.97.0 (2d8144b78 2026-07-07),22.1.6,cargo 1.97.0 (c980f4866 2026-06-30),"release,lto=thin,debug=true",/home/bob/.cache/mess-bench,/dev/nvme0n1p3,ext4,/home,Samsung SSD 970 EVO Plus 2TB,[none] mq-deadline kyber bfq,249466916864,4096,1024,payload[i]=(i*131+17)&0xff,4.19482421875,accepted,,64,128,0,701,bytes,493504,448640,33558272,89728,0,0,0,0,0,70516958,71405480,97180,123240,182370,4.190,4.190
e000229,exploratory,pwritev_full_8m,candidate,1,1,BAAB,pwritev_full_8m,process,24,10,256,4,domain,synthetic_sweep,1,015d813736625640f12d26c5d349b92c14fd2fb4,false,a897dfa99e98479b638409c432d3d2bc8e7ba7d5ba4e5a046dd229021f58bffd,12b1dafe765a77d1a17115b0ae12cff973f20ed7d6d770fbd790695fe081288e,afaa9ca40fef1b2a362af2af235634b472665287e554d16b829c09e1a70787ac,8d5b7eba8aea53574190e7d4a6d9e7b424bc23a9e2a0b6968a27f1772509492b,6e938dfcd266a2b0eac811d7ea7eabbd5b217965f88efa81371465134dbcab11,2026-07-15T18:02:26.632551+00:00,8o8-arch,7.0.12-arch1-1,AMD Ryzen 9 3900X 12-Core Processor,"logical=24,cores=12,sockets=1,nodes=1",performance,rustc 1.97.0 (2d8144b78 2026-07-07),22.1.6,cargo 1.97.0 (c980f4866 2026-06-30),"release,lto=thin,debug=true",/home/bob/.cache/mess-bench,/dev/nvme0n1p3,ext4,/home,Samsung SSD 970 EVO Plus 2TB,[none] mq-deadline kyber bfq,249466916864,4096,1024,payload[i]=(i*131+17)&0xff,4.19482421875,accepted,,256,256,0,216,bytes,552960,552960,33619968,216,0,0,256,0,0,4820131,4975957,20970,32370,49210,4.190,4.190
e000230,exploratory,pwritev_full_8m,baseline,1,2,BAAB,k_pwrite,process,24,10,256,4,domain,synthetic_sweep,1,015d813736625640f12d26c5d349b92c14fd2fb4,false,a897dfa99e98479b638409c432d3d2bc8e7ba7d5ba4e5a046dd229021f58bffd,12b1dafe765a77d1a17115b0ae12cff973f20ed7d6d770fbd790695fe081288e,afaa9ca40fef1b2a362af2af235634b472665287e554d16b829c09e1a70787ac,8d5b7eba8aea53574190e7d4a6d9e7b424bc23a9e2a0b6968a27f1772509492b,6e938dfcd266a2b0eac811d7ea7eabbd5b217965f88efa81371465134dbcab11,2026-07-15T18:02:27.661799+00:00,8o8-arch,7.0.12-arch1-1,AMD Ryzen 9 3900X 12-Core Processor,"logical=24,cores=12,sockets=1,nodes=1",performance,rustc 1.97.0 (2d8144b78 2026-07-07),22.1.6,cargo 1.97.0 (c980f4866 2026-06-30),"release,lto=thin,debug=true",/home/bob/.cache/mess-bench,/dev/nvme0n1p3,ext4,/home,Samsung SSD 970 EVO Plus 2TB,[none] mq-deadline kyber bfq,249466916864,4096,1024,payload[i]=(i*131+17)&0xff,4.19482421875,accepted,,256,256,0,216,bytes,552960,552960,33619968,55296,0,0,0,0,0,47054052,47404793,206090,222960,637410,4.190,4.190
e000231,exploratory,pwritev_full_8m,baseline,1,3,BAAB,k_pwrite,process,24,10,256,4,domain,synthetic_sweep,1,015d813736625640f12d26c5d349b92c14fd2fb4,false,a897dfa99e98479b638409c432d3d2bc8e7ba7d5ba4e5a046dd229021f58bffd,12b1dafe765a77d1a17115b0ae12cff973f20ed7d6d770fbd790695fe081288e,afaa9ca40fef1b2a362af2af235634b472665287e554d16b829c09e1a70787ac,8d5b7eba8aea53574190e7d4a6d9e7b424bc23a9e2a0b6968a27f1772509492b,6e938dfcd266a2b0eac811d7ea7eabbd5b217965f88efa81371465134dbcab11,2026-07-15T18:02:28.684006+00:00,8o8-arch,7.0.12-arch1-1,AMD Ryzen 9 3900X 12-Core Processor,"logical=24,cores=12,sockets=1,nodes=1",performance,rustc 1.97.0 (2d8144b78 2026-07-07),22.1.6,cargo 1.97.0 (c980f4866 2026-06-30),"release,lto=thin,debug=true",/home/bob/.cache/mess-bench,/dev/nvme0n1p3,ext4,/home,Samsung SSD 970 EVO Plus 2TB,[none] mq-deadline kyber bfq,249466904576,4096,1024,payload[i]=(i*131+17)&0xff,4.19482421875,accepted,,256,256,0,216,bytes,552960,552960,33619968,55296,0,0,0,0,0,49511732,52359701,208310,259490,1787829,4.190,4.190
e000232,exploratory,pwritev_full_8m,candidate,1,4,BAAB,pwritev_full_8m,process,24,10,256,4,domain,synthetic_sweep,1,015d813736625640f12d26c5d349b92c14fd2fb4,false,a897dfa99e98479b638409c432d3d2bc8e7ba7d5ba4e5a046dd229021f58bffd,12b1dafe765a77d1a17115b0ae12cff973f20ed7d6d770fbd790695fe081288e,afaa9ca40fef1b2a362af2af235634b472665287e554d16b829c09e1a70787ac,8d5b7eba8aea53574190e7d4a6d9e7b424bc23a9e2a0b6968a27f1772509492b,6e938dfcd266a2b0eac811d7ea7eabbd5b217965f88efa81371465134dbcab11,2026-07-15T18:02:29.712069+00:00,8o8-arch,7.0.12-arch1-1,AMD Ryzen 9 3900X 12-Core Processor,"logical=24,cores=12,sockets=1,nodes=1",performance,rustc 1.97.0 (2d8144b78 2026-07-07),22.1.6,cargo 1.97.0 (c980f4866 2026-06-30),"release,lto=thin,debug=true",/home/bob/.cache/mess-bench,/dev/nvme0n1p3,ext4,/home,Samsung SSD 970 EVO Plus 2TB,[none] mq-deadline kyber bfq,249466904576,4096,1024,payload[i]=(i*131+17)&0xff,4.19482421875,accepted,,256,256,0,216,bytes,552960,552960,33619968,216,0,0,256,0,0,5074321,5109088,22830,28630,34210,4.190,4.190
e000233,exploratory,pwritev_64_8m,baseline,1,1,ABBA,k_pwrite,process,24,10,256,4,domain,synthetic_sweep,1,015d813736625640f12d26c5d349b92c14fd2fb4,false,a897dfa99e98479b638409c432d3d2bc8e7ba7d5ba4e5a046dd229021f58bffd,12b1dafe765a77d1a17115b0ae12cff973f20ed7d6d770fbd790695fe081288e,afaa9ca40fef1b2a362af2af235634b472665287e554d16b829c09e1a70787ac,8d5b7eba8aea53574190e7d4a6d9e7b424bc23a9e2a0b6968a27f1772509492b,6e938dfcd266a2b0eac811d7ea7eabbd5b217965f88efa81371465134dbcab11,2026-07-15T18:02:30.745007+00:00,8o8-arch,7.0.12-arch1-1,AMD Ryzen 9 3900X 12-Core Processor,"logical=24,cores=12,sockets=1,nodes=1",performance,rustc 1.97.0 (2d8144b78 2026-07-07),22.1.6,cargo 1.97.0 (c980f4866 2026-06-30),"release,lto=thin,debug=true",/home/bob/.cache/mess-bench,/dev/nvme0n1p3,ext4,/home,Samsung SSD 970 EVO Plus 2TB,[none] mq-deadline kyber bfq,249466900480,4096,1024,payload[i]=(i*131+17)&0xff,3.85888671875,accepted,,256,256,0,216,bytes,552960,552960,33619968,55296,0,0,0,0,0,50578883,50981981,207520,243190,910520,3.860,3.860
e000234,exploratory,pwritev_64_8m,candidate,1,2,ABBA,pwritev_64_8m,process,24,10,256,4,domain,synthetic_sweep,1,015d813736625640f12d26c5d349b92c14fd2fb4,false,a897dfa99e98479b638409c432d3d2bc8e7ba7d5ba4e5a046dd229021f58bffd,12b1dafe765a77d1a17115b0ae12cff973f20ed7d6d770fbd790695fe081288e,afaa9ca40fef1b2a362af2af235634b472665287e554d16b829c09e1a70787ac,8d5b7eba8aea53574190e7d4a6d9e7b424bc23a9e2a0b6968a27f1772509492b,6e938dfcd266a2b0eac811d7ea7eabbd5b217965f88efa81371465134dbcab11,2026-07-15T18:02:31.766493+00:00,8o8-arch,7.0.12-arch1-1,AMD Ryzen 9 3900X 12-Core Processor,"logical=24,cores=12,sockets=1,nodes=1",performance,rustc 1.97.0 (2d8144b78 2026-07-07),22.1.6,cargo 1.97.0 (c980f4866 2026-06-30),"release,lto=thin,debug=true",/home/bob/.cache/mess-bench,/dev/nvme0n1p3,ext4,/home,Samsung SSD 970 EVO Plus 2TB,[none] mq-deadline kyber bfq,249466900480,4096,1024,payload[i]=(i*131+17)&0xff,3.85888671875,accepted,,256,256,0,216,bytes,552960,552960,33619968,864,0,0,64,0,0,6117162,6193657,27080,36510,43930,3.860,3.860
e000235,exploratory,pwritev_64_8m,candidate,1,3,ABBA,pwritev_64_8m,process,24,10,256,4,domain,synthetic_sweep,1,015d813736625640f12d26c5d349b92c14fd2fb4,false,a897dfa99e98479b638409c432d3d2bc8e7ba7d5ba4e5a046dd229021f58bffd,12b1dafe765a77d1a17115b0ae12cff973f20ed7d6d770fbd790695fe081288e,afaa9ca40fef1b2a362af2af235634b472665287e554d16b829c09e1a70787ac,8d5b7eba8aea53574190e7d4a6d9e7b424bc23a9e2a0b6968a27f1772509492b,6e938dfcd266a2b0eac811d7ea7eabbd5b217965f88efa81371465134dbcab11,2026-07-15T18:02:32.798476+00:00,8o8-arch,7.0.12-arch1-1,AMD Ryzen 9 3900X 12-Core Processor,"logical=24,cores=12,sockets=1,nodes=1",performance,rustc 1.97.0 (2d8144b78 2026-07-07),22.1.6,cargo 1.97.0 (c980f4866 2026-06-30),"release,lto=thin,debug=true",/home/bob/.cache/mess-bench,/dev/nvme0n1p3,ext4,/home,Samsung SSD 970 EVO Plus 2TB,[none] mq-deadline kyber bfq,249466896384,4096,1024,payload[i]=(i*131+17)&0xff,3.85888671875,accepted,,256,256,0,216,bytes,552960,552960,33619968,864,0,0,64,0,0,6854862,6920486,29720,39390,47970,3.860,3.860
e000236,exploratory,pwritev_64_8m,baseline,1,4,ABBA,k_pwrite,process,24,10,256,4,domain,synthetic_sweep,1,015d813736625640f12d26c5d349b92c14fd2fb4,false,a897dfa99e98479b638409c432d3d2bc8e7ba7d5ba4e5a046dd229021f58bffd,12b1dafe765a77d1a17115b0ae12cff973f20ed7d6d770fbd790695fe081288e,afaa9ca40fef1b2a362af2af235634b472665287e554d16b829c09e1a70787ac,8d5b7eba8aea53574190e7d4a6d9e7b424bc23a9e2a0b6968a27f1772509492b,6e938dfcd266a2b0eac811d7ea7eabbd5b217965f88efa81371465134dbcab11,2026-07-15T18:02:33.822855+00:00,8o8-arch,7.0.12-arch1-1,AMD Ryzen 9 3900X 12-Core Processor,"logical=24,cores=12,sockets=1,nodes=1",performance,rustc 1.97.0 (2d8144b78 2026-07-07),22.1.6,cargo 1.97.0 (c980f4866 2026-06-30),"release,lto=thin,debug=true",/home/bob/.cache/mess-bench,/dev/nvme0n1p3,ext4,/home,Samsung SSD 970 EVO Plus 2TB,[none] mq-deadline kyber bfq,249466892288,4096,1024,payload[i]=(i*131+17)&0xff,3.85888671875,accepted,,256,256,0,216,bytes,552960,552960,33619968,55296,0,0,0,0,0,48862293,49444902,207300,251060,935550,3.860,3.860
e000237,exploratory,copy_contiguous,candidate,1,1,BAAB,copy_contiguous,process,24,10,256,4,domain,synthetic_sweep,1,015d813736625640f12d26c5d349b92c14fd2fb4,false,a897dfa99e98479b638409c432d3d2bc8e7ba7d5ba4e5a046dd229021f58bffd,12b1dafe765a77d1a17115b0ae12cff973f20ed7d6d770fbd790695fe081288e,afaa9ca40fef1b2a362af2af235634b472665287e554d16b829c09e1a70787ac,8d5b7eba8aea53574190e7d4a6d9e7b424bc23a9e2a0b6968a27f1772509492b,6e938dfcd266a2b0eac811d7ea7eabbd5b217965f88efa81371465134dbcab11,2026-07-15T18:02:34.854551+00:00,8o8-arch,7.0.12-arch1-1,AMD Ryzen 9 3900X 12-Core Processor,"logical=24,cores=12,sockets=1,nodes=1",performance,rustc 1.97.0 (2d8144b78 2026-07-07),22.1.6,cargo 1.97.0 (c980f4866 2026-06-30),"release,lto=thin,debug=true",/home/bob/.cache/mess-bench,/dev/nvme0n1p3,ext4,/home,Samsung SSD 970 EVO Plus 2TB,[none] mq-deadline kyber bfq,249466892288,4096,1024,payload[i]=(i*131+17)&0xff,3.85888671875,accepted,,256,256,0,216,bytes,552960,552960,33619968,216,0,0,0,33619968,0,5382041,8829135,22480,35330,71110,3.860,3.860
e000238,exploratory,copy_contiguous,baseline,1,2,BAAB,k_pwrite,process,24,10,256,4,domain,synthetic_sweep,1,015d813736625640f12d26c5d349b92c14fd2fb4,false,a897dfa99e98479b638409c432d3d2bc8e7ba7d5ba4e5a046dd229021f58bffd,12b1dafe765a77d1a17115b0ae12cff973f20ed7d6d770fbd790695fe081288e,afaa9ca40fef1b2a362af2af235634b472665287e554d16b829c09e1a70787ac,8d5b7eba8aea53574190e7d4a6d9e7b424bc23a9e2a0b6968a27f1772509492b,6e938dfcd266a2b0eac811d7ea7eabbd5b217965f88efa81371465134dbcab11,2026-07-15T18:02:35.876708+00:00,8o8-arch,7.0.12-arch1-1,AMD Ryzen 9 3900X 12-Core Processor,"logical=24,cores=12,sockets=1,nodes=1",performance,rustc 1.97.0 (2d8144b78 2026-07-07),22.1.6,cargo 1.97.0 (c980f4866 2026-06-30),"release,lto=thin,debug=true",/home/bob/.cache/mess-bench,/dev/nvme0n1p3,ext4,/home,Samsung SSD 970 EVO Plus 2TB,[none] mq-deadline kyber bfq,249466888192,4096,1024,payload[i]=(i*131+17)&0xff,4.19091796875,accepted,,256,256,0,216,bytes,552960,552960,33619968,55296,0,0,0,0,0,49384262,50522471,205279,224250,1011770,4.190,4.190
e000239,exploratory,copy_contiguous,baseline,1,3,BAAB,k_pwrite,process,24,10,256,4,domain,synthetic_sweep,1,015d813736625640f12d26c5d349b92c14fd2fb4,false,a897dfa99e98479b638409c432d3d2bc8e7ba7d5ba4e5a046dd229021f58bffd,12b1dafe765a77d1a17115b0ae12cff973f20ed7d6d770fbd790695fe081288e,afaa9ca40fef1b2a362af2af235634b472665287e554d16b829c09e1a70787ac,8d5b7eba8aea53574190e7d4a6d9e7b424bc23a9e2a0b6968a27f1772509492b,6e938dfcd266a2b0eac811d7ea7eabbd5b217965f88efa81371465134dbcab11,2026-07-15T18:02:36.908256+00:00,8o8-arch,7.0.12-arch1-1,AMD Ryzen 9 3900X 12-Core Processor,"logical=24,cores=12,sockets=1,nodes=1",performance,rustc 1.97.0 (2d8144b78 2026-07-07),22.1.6,cargo 1.97.0 (c980f4866 2026-06-30),"release,lto=thin,debug=true",/home/bob/.cache/mess-bench,/dev/nvme0n1p3,ext4,/home,Samsung SSD 970 EVO Plus 2TB,[none] mq-deadline kyber bfq,249466880000,4096,1024,payload[i]=(i*131+17)&0xff,4.19091796875,accepted,,256,256,0,216,bytes,552960,552960,33619968,55296,0,0,0,0,0,49097252,49462492,205049,238410,868830,4.190,4.190
e000240,exploratory,copy_contiguous,candidate,1,4,BAAB,copy_contiguous,process,24,10,256,4,domain,synthetic_sweep,1,015d813736625640f12d26c5d349b92c14fd2fb4,false,a897dfa99e98479b638409c432d3d2bc8e7ba7d5ba4e5a046dd229021f58bffd,12b1dafe765a77d1a17115b0ae12cff973f20ed7d6d770fbd790695fe081288e,afaa9ca40fef1b2a362af2af235634b472665287e554d16b829c09e1a70787ac,8d5b7eba8aea53574190e7d4a6d9e7b424bc23a9e2a0b6968a27f1772509492b,6e938dfcd266a2b0eac811d7ea7eabbd5b217965f88efa81371465134dbcab11,2026-07-15T18:02:37.940759+00:00,8o8-arch,7.0.12-arch1-1,AMD Ryzen 9 3900X 12-Core Processor,"logical=24,cores=12,sockets=1,nodes=1",performance,rustc 1.97.0 (2d8144b78 2026-07-07),22.1.6,cargo 1.97.0 (c980f4866 2026-06-30),"release,lto=thin,debug=true",/home/bob/.cache/mess-bench,/dev/nvme0n1p3,ext4,/home,Samsung SSD 970 EVO Plus 2TB,[none] mq-deadline kyber bfq,249466871808,4096,1024,payload[i]=(i*131+17)&0xff,4.19091796875,accepted,,256,256,0,216,bytes,552960,552960,33619968,216,0,0,0,33619968,0,4689292,4732058,21120,25670,31210,4.190,4.190
e000241,exploratory,pwritev_full_8m,baseline,1,1,ABBA,k_pwrite,process,24,10,256,4,new_name,synthetic_sweep,1,015d813736625640f12d26c5d349b92c14fd2fb4,false,a897dfa99e98479b638409c432d3d2bc8e7ba7d5ba4e5a046dd229021f58bffd,12b1dafe765a77d1a17115b0ae12cff973f20ed7d6d770fbd790695fe081288e,afaa9ca40fef1b2a362af2af235634b472665287e554d16b829c09e1a70787ac,8d5b7eba8aea53574190e7d4a6d9e7b424bc23a9e2a0b6968a27f1772509492b,6e938dfcd266a2b0eac811d7ea7eabbd5b217965f88efa81371465134dbcab11,2026-07-15T18:02:38.966627+00:00,8o8-arch,7.0.12-arch1-1,AMD Ryzen 9 3900X 12-Core Processor,"logical=24,cores=12,sockets=1,nodes=1",performance,rustc 1.97.0 (2d8144b78 2026-07-07),22.1.6,cargo 1.97.0 (c980f4866 2026-06-30),"release,lto=thin,debug=true",/home/bob/.cache/mess-bench,/dev/nvme0n1p3,ext4,/home,Samsung SSD 970 EVO Plus 2TB,[none] mq-deadline kyber bfq,249466871808,4096,1024,payload[i]=(i*131+17)&0xff,4.19091796875,accepted,,256,512,0,176,bytes,495616,450560,33701888,90112,0,0,0,0,0,74831869,76183146,397070,444729,1627939,4.190,4.190
e000242,exploratory,pwritev_full_8m,candidate,1,2,ABBA,pwritev_full_8m,process,24,10,256,4,new_name,synthetic_sweep,1,015d813736625640f12d26c5d349b92c14fd2fb4,false,a897dfa99e98479b638409c432d3d2bc8e7ba7d5ba4e5a046dd229021f58bffd,12b1dafe765a77d1a17115b0ae12cff973f20ed7d6d770fbd790695fe081288e,afaa9ca40fef1b2a362af2af235634b472665287e554d16b829c09e1a70787ac,8d5b7eba8aea53574190e7d4a6d9e7b424bc23a9e2a0b6968a27f1772509492b,6e938dfcd266a2b0eac811d7ea7eabbd5b217965f88efa81371465134dbcab11,2026-07-15T18:02:39.990692+00:00,8o8-arch,7.0.12-arch1-1,AMD Ryzen 9 3900X 12-Core Processor,"logical=24,cores=12,sockets=1,nodes=1",performance,rustc 1.97.0 (2d8144b78 2026-07-07),22.1.6,cargo 1.97.0 (c980f4866 2026-06-30),"release,lto=thin,debug=true",/home/bob/.cache/mess-bench,/dev/nvme0n1p3,ext4,/home,Samsung SSD 970 EVO Plus 2TB,[none] mq-deadline kyber bfq,249466867712,4096,1024,payload[i]=(i*131+17)&0xff,4.19091796875,accepted,,256,512,0,176,bytes,495616,450560,33701888,176,0,0,512,0,0,6335032,6386047,34840,43810,54110,4.190,4.190
e000243,exploratory,pwritev_full_8m,candidate,1,3,ABBA,pwritev_full_8m,process,24,10,256,4,new_name,synthetic_sweep,1,015d813736625640f12d26c5d349b92c14fd2fb4,false,a897dfa99e98479b638409c432d3d2bc8e7ba7d5ba4e5a046dd229021f58bffd,12b1dafe765a77d1a17115b0ae12cff973f20ed7d6d770fbd790695fe081288e,afaa9ca40fef1b2a362af2af235634b472665287e554d16b829c09e1a70787ac,8d5b7eba8aea53574190e7d4a6d9e7b424bc23a9e2a0b6968a27f1772509492b,6e938dfcd266a2b0eac811d7ea7eabbd5b217965f88efa81371465134dbcab11,2026-07-15T18:02:41.020742+00:00,8o8-arch,7.0.12-arch1-1,AMD Ryzen 9 3900X 12-Core Processor,"logical=24,cores=12,sockets=1,nodes=1",performance,rustc 1.97.0 (2d8144b78 2026-07-07),22.1.6,cargo 1.97.0 (c980f4866 2026-06-30),"release,lto=thin,debug=true",/home/bob/.cache/mess-bench,/dev/nvme0n1p3,ext4,/home,Samsung SSD 970 EVO Plus 2TB,[none] mq-deadline kyber bfq,249466863616,4096,1024,payload[i]=(i*131+17)&0xff,4.65625,accepted,,256,512,0,176,bytes,495616,450560,33701888,176,0,0,512,0,0,6564542,6623586,36070,44270,54110,4.660,4.660
e000244,exploratory,pwritev_full_8m,baseline,1,4,ABBA,k_pwrite,process,24,10,256,4,new_name,synthetic_sweep,1,015d813736625640f12d26c5d349b92c14fd2fb4,false,a897dfa99e98479b638409c432d3d2bc8e7ba7d5ba4e5a046dd229021f58bffd,12b1dafe765a77d1a17115b0ae12cff973f20ed7d6d770fbd790695fe081288e,afaa9ca40fef1b2a362af2af235634b472665287e554d16b829c09e1a70787ac,8d5b7eba8aea53574190e7d4a6d9e7b424bc23a9e2a0b6968a27f1772509492b,6e938dfcd266a2b0eac811d7ea7eabbd5b217965f88efa81371465134dbcab11,2026-07-15T18:02:42.042132+00:00,8o8-arch,7.0.12-arch1-1,AMD Ryzen 9 3900X 12-Core Processor,"logical=24,cores=12,sockets=1,nodes=1",performance,rustc 1.97.0 (2d8144b78 2026-07-07),22.1.6,cargo 1.97.0 (c980f4866 2026-06-30),"release,lto=thin,debug=true",/home/bob/.cache/mess-bench,/dev/nvme0n1p3,ext4,/home,Samsung SSD 970 EVO Plus 2TB,[none] mq-deadline kyber bfq,249466863616,4096,1024,payload[i]=(i*131+17)&0xff,4.65625,accepted,,256,512,0,176,bytes,495616,450560,33701888,90112,0,0,0,0,0,76006909,76548607,395820,461210,982820,4.660,4.660
e000245,exploratory,pwritev_256_8m,candidate,1,1,BAAB,pwritev_256_8m,process,24,10,256,4,new_name,synthetic_sweep,1,015d813736625640f12d26c5d349b92c14fd2fb4,false,a897dfa99e98479b638409c432d3d2bc8e7ba7d5ba4e5a046dd229021f58bffd,12b1dafe765a77d1a17115b0ae12cff973f20ed7d6d770fbd790695fe081288e,afaa9ca40fef1b2a362af2af235634b472665287e554d16b829c09e1a70787ac,8d5b7eba8aea53574190e7d4a6d9e7b424bc23a9e2a0b6968a27f1772509492b,6e938dfcd266a2b0eac811d7ea7eabbd5b217965f88efa81371465134dbcab11,2026-07-15T18:02:43.073331+00:00,8o8-arch,7.0.12-arch1-1,AMD Ryzen 9 3900X 12-Core Processor,"logical=24,cores=12,sockets=1,nodes=1",performance,rustc 1.97.0 (2d8144b78 2026-07-07),22.1.6,cargo 1.97.0 (c980f4866 2026-06-30),"release,lto=thin,debug=true",/home/bob/.cache/mess-bench,/dev/nvme0n1p3,ext4,/home,Samsung SSD 970 EVO Plus 2TB,[none] mq-deadline kyber bfq,249466863616,4096,1024,payload[i]=(i*131+17)&0xff,4.65625,accepted,,256,512,0,176,bytes,495616,450560,33701888,352,0,0,256,0,0,6926252,6990377,38110,47700,52280,4.660,4.660
e000246,exploratory,pwritev_256_8m,baseline,1,2,BAAB,k_pwrite,process,24,10,256,4,new_name,synthetic_sweep,1,015d813736625640f12d26c5d349b92c14fd2fb4,false,a897dfa99e98479b638409c432d3d2bc8e7ba7d5ba4e5a046dd229021f58bffd,12b1dafe765a77d1a17115b0ae12cff973f20ed7d6d770fbd790695fe081288e,afaa9ca40fef1b2a362af2af235634b472665287e554d16b829c09e1a70787ac,8d5b7eba8aea53574190e7d4a6d9e7b424bc23a9e2a0b6968a27f1772509492b,6e938dfcd266a2b0eac811d7ea7eabbd5b217965f88efa81371465134dbcab11,2026-07-15T18:02:44.097887+00:00,8o8-arch,7.0.12-arch1-1,AMD Ryzen 9 3900X 12-Core Processor,"logical=24,cores=12,sockets=1,nodes=1",performance,rustc 1.97.0 (2d8144b78 2026-07-07),22.1.6,cargo 1.97.0 (c980f4866 2026-06-30),"release,lto=thin,debug=true",/home/bob/.cache/mess-bench,/dev/nvme0n1p3,ext4,/home,Samsung SSD 970 EVO Plus 2TB,[none] mq-deadline kyber bfq,249466859520,4096,1024,payload[i]=(i*131+17)&0xff,4.65625,accepted,,256,512,0,176,bytes,495616,450560,33701888,90112,0,0,0,0,0,76212619,76862207,400439,504839,1119870,4.660,4.660
e000247,exploratory,pwritev_256_8m,baseline,1,3,BAAB,k_pwrite,process,24,10,256,4,new_name,synthetic_sweep,1,015d813736625640f12d26c5d349b92c14fd2fb4,false,a897dfa99e98479b638409c432d3d2bc8e7ba7d5ba4e5a046dd229021f58bffd,12b1dafe765a77d1a17115b0ae12cff973f20ed7d6d770fbd790695fe081288e,afaa9ca40fef1b2a362af2af235634b472665287e554d16b829c09e1a70787ac,8d5b7eba8aea53574190e7d4a6d9e7b424bc23a9e2a0b6968a27f1772509492b,6e938dfcd266a2b0eac811d7ea7eabbd5b217965f88efa81371465134dbcab11,2026-07-15T18:02:45.126823+00:00,8o8-arch,7.0.12-arch1-1,AMD Ryzen 9 3900X 12-Core Processor,"logical=24,cores=12,sockets=1,nodes=1",performance,rustc 1.97.0 (2d8144b78 2026-07-07),22.1.6,cargo 1.97.0 (c980f4866 2026-06-30),"release,lto=thin,debug=true",/home/bob/.cache/mess-bench,/dev/nvme0n1p3,ext4,/home,Samsung SSD 970 EVO Plus 2TB,[none] mq-deadline kyber bfq,249466859520,4096,1024,payload[i]=(i*131+17)&0xff,4.65625,accepted,,256,512,0,176,bytes,495616,450560,33701888,90112,0,0,0,0,0,72545459,73419758,398090,497490,508740,4.660,4.660
e000248,exploratory,pwritev_256_8m,candidate,1,4,BAAB,pwritev_256_8m,process,24,10,256,4,new_name,synthetic_sweep,1,015d813736625640f12d26c5d349b92c14fd2fb4,false,a897dfa99e98479b638409c432d3d2bc8e7ba7d5ba4e5a046dd229021f58bffd,12b1dafe765a77d1a17115b0ae12cff973f20ed7d6d770fbd790695fe081288e,afaa9ca40fef1b2a362af2af235634b472665287e554d16b829c09e1a70787ac,8d5b7eba8aea53574190e7d4a6d9e7b424bc23a9e2a0b6968a27f1772509492b,6e938dfcd266a2b0eac811d7ea7eabbd5b217965f88efa81371465134dbcab11,2026-07-15T18:02:46.157017+00:00,8o8-arch,7.0.12-arch1-1,AMD Ryzen 9 3900X 12-Core Processor,"logical=24,cores=12,sockets=1,nodes=1",performance,rustc 1.97.0 (2d8144b78 2026-07-07),22.1.6,cargo 1.97.0 (c980f4866 2026-06-30),"release,lto=thin,debug=true",/home/bob/.cache/mess-bench,/dev/nvme0n1p3,ext4,/home,Samsung SSD 970 EVO Plus 2TB,[none] mq-deadline kyber bfq,249466855424,4096,1024,payload[i]=(i*131+17)&0xff,4.5234375,accepted,,256,512,0,176,bytes,495616,450560,33701888,352,0,0,256,0,0,7114822,7197556,38920,47910,62720,4.520,4.520
e000249,exploratory,pwritev_64_8m,baseline,1,1,ABBA,k_pwrite,process,24,10,256,4,new_name,synthetic_sweep,1,015d813736625640f12d26c5d349b92c14fd2fb4,false,a897dfa99e98479b638409c432d3d2bc8e7ba7d5ba4e5a046dd229021f58bffd,12b1dafe765a77d1a17115b0ae12cff973f20ed7d6d770fbd790695fe081288e,afaa9ca40fef1b2a362af2af235634b472665287e554d16b829c09e1a70787ac,8d5b7eba8aea53574190e7d4a6d9e7b424bc23a9e2a0b6968a27f1772509492b,6e938dfcd266a2b0eac811d7ea7eabbd5b217965f88efa81371465134dbcab11,2026-07-15T18:02:47.186525+00:00,8o8-arch,7.0.12-arch1-1,AMD Ryzen 9 3900X 12-Core Processor,"logical=24,cores=12,sockets=1,nodes=1",performance,rustc 1.97.0 (2d8144b78 2026-07-07),22.1.6,cargo 1.97.0 (c980f4866 2026-06-30),"release,lto=thin,debug=true",/home/bob/.cache/mess-bench,/dev/nvme0n1p3,ext4,/home,Samsung SSD 970 EVO Plus 2TB,[none] mq-deadline kyber bfq,249466855424,4096,1024,payload[i]=(i*131+17)&0xff,4.5234375,accepted,,256,512,0,176,bytes,495616,450560,33701888,90112,0,0,0,0,0,75756459,76269717,398750,471060,1423119,4.520,4.520
e000250,exploratory,pwritev_64_8m,candidate,1,2,ABBA,pwritev_64_8m,process,24,10,256,4,new_name,synthetic_sweep,1,015d813736625640f12d26c5d349b92c14fd2fb4,false,a897dfa99e98479b638409c432d3d2bc8e7ba7d5ba4e5a046dd229021f58bffd,12b1dafe765a77d1a17115b0ae12cff973f20ed7d6d770fbd790695fe081288e,afaa9ca40fef1b2a362af2af235634b472665287e554d16b829c09e1a70787ac,8d5b7eba8aea53574190e7d4a6d9e7b424bc23a9e2a0b6968a27f1772509492b,6e938dfcd266a2b0eac811d7ea7eabbd5b217965f88efa81371465134dbcab11,2026-07-15T18:02:48.214442+00:00,8o8-arch,7.0.12-arch1-1,AMD Ryzen 9 3900X 12-Core Processor,"logical=24,cores=12,sockets=1,nodes=1",performance,rustc 1.97.0 (2d8144b78 2026-07-07),22.1.6,cargo 1.97.0 (c980f4866 2026-06-30),"release,lto=thin,debug=true",/home/bob/.cache/mess-bench,/dev/nvme0n1p3,ext4,/home,Samsung SSD 970 EVO Plus 2TB,[none] mq-deadline kyber bfq,249466855424,4096,1024,payload[i]=(i*131+17)&0xff,4.5234375,accepted,,256,512,0,176,bytes,495616,450560,33701888,1408,0,0,64,0,0,12170663,12270393,48400,60870,233650,4.520,4.520
e000251,exploratory,pwritev_64_8m,candidate,1,3,ABBA,pwritev_64_8m,process,24,10,256,4,new_name,synthetic_sweep,1,015d813736625640f12d26c5d349b92c14fd2fb4,false,a897dfa99e98479b638409c432d3d2bc8e7ba7d5ba4e5a046dd229021f58bffd,12b1dafe765a77d1a17115b0ae12cff973f20ed7d6d770fbd790695fe081288e,afaa9ca40fef1b2a362af2af235634b472665287e554d16b829c09e1a70787ac,8d5b7eba8aea53574190e7d4a6d9e7b424bc23a9e2a0b6968a27f1772509492b,6e938dfcd266a2b0eac811d7ea7eabbd5b217965f88efa81371465134dbcab11,2026-07-15T18:02:49.245756+00:00,8o8-arch,7.0.12-arch1-1,AMD Ryzen 9 3900X 12-Core Processor,"logical=24,cores=12,sockets=1,nodes=1",performance,rustc 1.97.0 (2d8144b78 2026-07-07),22.1.6,cargo 1.97.0 (c980f4866 2026-06-30),"release,lto=thin,debug=true",/home/bob/.cache/mess-bench,/dev/nvme0n1p3,ext4,/home,Samsung SSD 970 EVO Plus 2TB,[none] mq-deadline kyber bfq,249466847232,4096,1024,payload[i]=(i*131+17)&0xff,4.5234375,accepted,,256,512,0,176,bytes,495616,450560,33701888,1408,0,0,64,0,0,10574972,10653454,47900,57780,344019,4.520,4.520
e000252,exploratory,pwritev_64_8m,baseline,1,4,ABBA,k_pwrite,process,24,10,256,4,new_name,synthetic_sweep,1,015d813736625640f12d26c5d349b92c14fd2fb4,false,a897dfa99e98479b638409c432d3d2bc8e7ba7d5ba4e5a046dd229021f58bffd,12b1dafe765a77d1a17115b0ae12cff973f20ed7d6d770fbd790695fe081288e,afaa9ca40fef1b2a362af2af235634b472665287e554d16b829c09e1a70787ac,8d5b7eba8aea53574190e7d4a6d9e7b424bc23a9e2a0b6968a27f1772509492b,6e938dfcd266a2b0eac811d7ea7eabbd5b217965f88efa81371465134dbcab11,2026-07-15T18:02:50.277592+00:00,8o8-arch,7.0.12-arch1-1,AMD Ryzen 9 3900X 12-Core Processor,"logical=24,cores=12,sockets=1,nodes=1",performance,rustc 1.97.0 (2d8144b78 2026-07-07),22.1.6,cargo 1.97.0 (c980f4866 2026-06-30),"release,lto=thin,debug=true",/home/bob/.cache/mess-bench,/dev/nvme0n1p3,ext4,/home,Samsung SSD 970 EVO Plus 2TB,[none] mq-deadline kyber bfq,249466847232,4096,1024,payload[i]=(i*131+17)&0xff,4.5234375,accepted,,256,512,0,176,bytes,495616,450560,33701888,90112,0,0,0,0,0,74989399,76497767,400310,504520,1166219,4.520,4.240
e000253,exploratory,copy_contiguous,candidate,1,1,BAAB,copy_contiguous,process,24,10,256,4,new_name,synthetic_sweep,1,015d813736625640f12d26c5d349b92c14fd2fb4,false,a897dfa99e98479b638409c432d3d2bc8e7ba7d5ba4e5a046dd229021f58bffd,12b1dafe765a77d1a17115b0ae12cff973f20ed7d6d770fbd790695fe081288e,afaa9ca40fef1b2a362af2af235634b472665287e554d16b829c09e1a70787ac,8d5b7eba8aea53574190e7d4a6d9e7b424bc23a9e2a0b6968a27f1772509492b,6e938dfcd266a2b0eac811d7ea7eabbd5b217965f88efa81371465134dbcab11,2026-07-15T18:02:51.308195+00:00,8o8-arch,7.0.12-arch1-1,AMD Ryzen 9 3900X 12-Core Processor,"logical=24,cores=12,sockets=1,nodes=1",performance,rustc 1.97.0 (2d8144b78 2026-07-07),22.1.6,cargo 1.97.0 (c980f4866 2026-06-30),"release,lto=thin,debug=true",/home/bob/.cache/mess-bench,/dev/nvme0n1p3,ext4,/home,Samsung SSD 970 EVO Plus 2TB,[none] mq-deadline kyber bfq,249466843136,4096,1024,payload[i]=(i*131+17)&0xff,4.2412109375,accepted,,256,512,0,176,bytes,495616,450560,33701888,176,0,0,0,33701888,0,5120412,5156958,28420,35260,38900,4.240,4.240
e000254,exploratory,copy_contiguous,baseline,1,2,BAAB,k_pwrite,process,24,10,256,4,new_name,synthetic_sweep,1,015d813736625640f12d26c5d349b92c14fd2fb4,false,a897dfa99e98479b638409c432d3d2bc8e7ba7d5ba4e5a046dd229021f58bffd,12b1dafe765a77d1a17115b0ae12cff973f20ed7d6d770fbd790695fe081288e,afaa9ca40fef1b2a362af2af235634b472665287e554d16b829c09e1a70787ac,8d5b7eba8aea53574190e7d4a6d9e7b424bc23a9e2a0b6968a27f1772509492b,6e938dfcd266a2b0eac811d7ea7eabbd5b217965f88efa81371465134dbcab11,2026-07-15T18:02:52.332818+00:00,8o8-arch,7.0.12-arch1-1,AMD Ryzen 9 3900X 12-Core Processor,"logical=24,cores=12,sockets=1,nodes=1",performance,rustc 1.97.0 (2d8144b78 2026-07-07),22.1.6,cargo 1.97.0 (c980f4866 2026-06-30),"release,lto=thin,debug=true",/home/bob/.cache/mess-bench,/dev/nvme0n1p3,ext4,/home,Samsung SSD 970 EVO Plus 2TB,[none] mq-deadline kyber bfq,249466843136,4096,1024,payload[i]=(i*131+17)&0xff,4.2412109375,accepted,,256,512,0,176,bytes,495616,450560,33701888,90112,0,0,0,0,0,71935609,72564319,398460,424170,493969,4.240,4.240
e000255,exploratory,copy_contiguous,baseline,1,3,BAAB,k_pwrite,process,24,10,256,4,new_name,synthetic_sweep,1,015d813736625640f12d26c5d349b92c14fd2fb4,false,a897dfa99e98479b638409c432d3d2bc8e7ba7d5ba4e5a046dd229021f58bffd,12b1dafe765a77d1a17115b0ae12cff973f20ed7d6d770fbd790695fe081288e,afaa9ca40fef1b2a362af2af235634b472665287e554d16b829c09e1a70787ac,8d5b7eba8aea53574190e7d4a6d9e7b424bc23a9e2a0b6968a27f1772509492b,6e938dfcd266a2b0eac811d7ea7eabbd5b217965f88efa81371465134dbcab11,2026-07-15T18:02:53.360882+00:00,8o8-arch,7.0.12-arch1-1,AMD Ryzen 9 3900X 12-Core Processor,"logical=24,cores=12,sockets=1,nodes=1",performance,rustc 1.97.0 (2d8144b78 2026-07-07),22.1.6,cargo 1.97.0 (c980f4866 2026-06-30),"release,lto=thin,debug=true",/home/bob/.cache/mess-bench,/dev/nvme0n1p3,ext4,/home,Samsung SSD 970 EVO Plus 2TB,[none] mq-deadline kyber bfq,249466830848,4096,1024,payload[i]=(i*131+17)&0xff,4.2412109375,accepted,,256,512,0,176,bytes,495616,450560,33701888,90112,0,0,0,0,0,78773640,79368635,405260,510950,1549870,4.240,4.240
e000256,exploratory,copy_contiguous,candidate,1,4,BAAB,copy_contiguous,process,24,10,256,4,new_name,synthetic_sweep,1,015d813736625640f12d26c5d349b92c14fd2fb4,false,a897dfa99e98479b638409c432d3d2bc8e7ba7d5ba4e5a046dd229021f58bffd,12b1dafe765a77d1a17115b0ae12cff973f20ed7d6d770fbd790695fe081288e,afaa9ca40fef1b2a362af2af235634b472665287e554d16b829c09e1a70787ac,8d5b7eba8aea53574190e7d4a6d9e7b424bc23a9e2a0b6968a27f1772509492b,6e938dfcd266a2b0eac811d7ea7eabbd5b217965f88efa81371465134dbcab11,2026-07-15T18:02:54.384149+00:00,8o8-arch,7.0.12-arch1-1,AMD Ryzen 9 3900X 12-Core Processor,"logical=24,cores=12,sockets=1,nodes=1",performance,rustc 1.97.0 (2d8144b78 2026-07-07),22.1.6,cargo 1.97.0 (c980f4866 2026-06-30),"release,lto=thin,debug=true",/home/bob/.cache/mess-bench,/dev/nvme0n1p3,ext4,/home,Samsung SSD 970 EVO Plus 2TB,[none] mq-deadline kyber bfq,249466830848,4096,1024,payload[i]=(i*131+17)&0xff,4.2412109375,accepted,,256,512,0,176,bytes,495616,450560,33701888,176,0,0,0,33701888,0,7533583,9247244,29920,42560,159760,4.240,4.240
e000257,exploratory,pwritev_full_8m,baseline,1,1,ABBA,k_pwrite,process,24,10,1024,4,domain,synthetic_sweep,1,015d813736625640f12d26c5d349b92c14fd2fb4,false,a897dfa99e98479b638409c432d3d2bc8e7ba7d5ba4e5a046dd229021f58bffd,12b1dafe765a77d1a17115b0ae12cff973f20ed7d6d770fbd790695fe081288e,afaa9ca40fef1b2a362af2af235634b472665287e554d16b829c09e1a70787ac,8d5b7eba8aea53574190e7d4a6d9e7b424bc23a9e2a0b6968a27f1772509492b,6e938dfcd266a2b0eac811d7ea7eabbd5b217965f88efa81371465134dbcab11,2026-07-15T18:02:55.412552+00:00,8o8-arch,7.0.12-arch1-1,AMD Ryzen 9 3900X 12-Core Processor,"logical=24,cores=12,sockets=1,nodes=1",performance,rustc 1.97.0 (2d8144b78 2026-07-07),22.1.6,cargo 1.97.0 (c980f4866 2026-06-30),"release,lto=thin,debug=true",/home/bob/.cache/mess-bench,/dev/nvme0n1p3,ext4,/home,Samsung SSD 970 EVO Plus 2TB,[none] mq-deadline kyber bfq,249466826752,4096,1024,payload[i]=(i*131+17)&0xff,4.0615234375,accepted,,1024,1024,0,54,bytes,552960,552960,33619968,55296,0,0,0,0,0,50991663,51514241,850190,1038580,2925468,4.060,4.060
e000258,exploratory,pwritev_full_8m,candidate,1,2,ABBA,pwritev_full_8m,process,24,10,1024,4,domain,synthetic_sweep,1,015d813736625640f12d26c5d349b92c14fd2fb4,false,a897dfa99e98479b638409c432d3d2bc8e7ba7d5ba4e5a046dd229021f58bffd,12b1dafe765a77d1a17115b0ae12cff973f20ed7d6d770fbd790695fe081288e,afaa9ca40fef1b2a362af2af235634b472665287e554d16b829c09e1a70787ac,8d5b7eba8aea53574190e7d4a6d9e7b424bc23a9e2a0b6968a27f1772509492b,6e938dfcd266a2b0eac811d7ea7eabbd5b217965f88efa81371465134dbcab11,2026-07-15T18:02:56.444174+00:00,8o8-arch,7.0.12-arch1-1,AMD Ryzen 9 3900X 12-Core Processor,"logical=24,cores=12,sockets=1,nodes=1",performance,rustc 1.97.0 (2d8144b78 2026-07-07),22.1.6,cargo 1.97.0 (c980f4866 2026-06-30),"release,lto=thin,debug=true",/home/bob/.cache/mess-bench,/dev/nvme0n1p3,ext4,/home,Samsung SSD 970 EVO Plus 2TB,[none] mq-deadline kyber bfq,249466826752,4096,1024,payload[i]=(i*131+17)&0xff,4.0615234375,accepted,,1024,1024,0,54,bytes,552960,552960,33619968,54,0,0,1024,0,0,5685741,5734077,102330,122210,140360,4.060,4.060
e000259,exploratory,pwritev_full_8m,candidate,1,3,ABBA,pwritev_full_8m,process,24,10,1024,4,domain,synthetic_sweep,1,015d813736625640f12d26c5d349b92c14fd2fb4,false,a897dfa99e98479b638409c432d3d2bc8e7ba7d5ba4e5a046dd229021f58bffd,12b1dafe765a77d1a17115b0ae12cff973f20ed7d6d770fbd790695fe081288e,afaa9ca40fef1b2a362af2af235634b472665287e554d16b829c09e1a70787ac,8d5b7eba8aea53574190e7d4a6d9e7b424bc23a9e2a0b6968a27f1772509492b,6e938dfcd266a2b0eac811d7ea7eabbd5b217965f88efa81371465134dbcab11,2026-07-15T18:02:57.475832+00:00,8o8-arch,7.0.12-arch1-1,AMD Ryzen 9 3900X 12-Core Processor,"logical=24,cores=12,sockets=1,nodes=1",performance,rustc 1.97.0 (2d8144b78 2026-07-07),22.1.6,cargo 1.97.0 (c980f4866 2026-06-30),"release,lto=thin,debug=true",/home/bob/.cache/mess-bench,/dev/nvme0n1p3,ext4,/home,Samsung SSD 970 EVO Plus 2TB,[none] mq-deadline kyber bfq,249466818560,4096,1024,payload[i]=(i*131+17)&0xff,4.0615234375,accepted,,1024,1024,0,54,bytes,552960,552960,33619968,54,0,0,1024,0,0,5411272,5454437,100780,107860,109200,4.060,4.060
e000260,exploratory,pwritev_full_8m,baseline,1,4,ABBA,k_pwrite,process,24,10,1024,4,domain,synthetic_sweep,1,015d813736625640f12d26c5d349b92c14fd2fb4,false,a897dfa99e98479b638409c432d3d2bc8e7ba7d5ba4e5a046dd229021f58bffd,12b1dafe765a77d1a17115b0ae12cff973f20ed7d6d770fbd790695fe081288e,afaa9ca40fef1b2a362af2af235634b472665287e554d16b829c09e1a70787ac,8d5b7eba8aea53574190e7d4a6d9e7b424bc23a9e2a0b6968a27f1772509492b,6e938dfcd266a2b0eac811d7ea7eabbd5b217965f88efa81371465134dbcab11,2026-07-15T18:02:58.507095+00:00,8o8-arch,7.0.12-arch1-1,AMD Ryzen 9 3900X 12-Core Processor,"logical=24,cores=12,sockets=1,nodes=1",performance,rustc 1.97.0 (2d8144b78 2026-07-07),22.1.6,cargo 1.97.0 (c980f4866 2026-06-30),"release,lto=thin,debug=true",/home/bob/.cache/mess-bench,/dev/nvme0n1p3,ext4,/home,Samsung SSD 970 EVO Plus 2TB,[none] mq-deadline kyber bfq,249466818560,4096,1024,payload[i]=(i*131+17)&0xff,4.0615234375,accepted,,1024,1024,0,54,bytes,552960,552960,33619968,55296,0,0,0,0,0,50343883,50679221,844130,884269,2507308,4.060,4.060
e000261,exploratory,pwritev_256_8m,candidate,1,1,BAAB,pwritev_256_8m,process,24,10,1024,4,domain,synthetic_sweep,1,015d813736625640f12d26c5d349b92c14fd2fb4,false,a897dfa99e98479b638409c432d3d2bc8e7ba7d5ba4e5a046dd229021f58bffd,12b1dafe765a77d1a17115b0ae12cff973f20ed7d6d770fbd790695fe081288e,afaa9ca40fef1b2a362af2af235634b472665287e554d16b829c09e1a70787ac,8d5b7eba8aea53574190e7d4a6d9e7b424bc23a9e2a0b6968a27f1772509492b,6e938dfcd266a2b0eac811d7ea7eabbd5b217965f88efa81371465134dbcab11,2026-07-15T18:02:59.532184+00:00,8o8-arch,7.0.12-arch1-1,AMD Ryzen 9 3900X 12-Core Processor,"logical=24,cores=12,sockets=1,nodes=1",performance,rustc 1.97.0 (2d8144b78 2026-07-07),22.1.6,cargo 1.97.0 (c980f4866 2026-06-30),"release,lto=thin,debug=true",/home/bob/.cache/mess-bench,/dev/nvme0n1p3,ext4,/home,Samsung SSD 970 EVO Plus 2TB,[none] mq-deadline kyber bfq,249466814464,4096,1024,payload[i]=(i*131+17)&0xff,4.0615234375,accepted,,1024,1024,0,54,bytes,552960,552960,33619968,216,0,0,256,0,0,5841301,5892077,107000,116190,123190,4.060,4.060
e000262,exploratory,pwritev_256_8m,baseline,1,2,BAAB,k_pwrite,process,24,10,1024,4,domain,synthetic_sweep,1,015d813736625640f12d26c5d349b92c14fd2fb4,false,a897dfa99e98479b638409c432d3d2bc8e7ba7d5ba4e5a046dd229021f58bffd,12b1dafe765a77d1a17115b0ae12cff973f20ed7d6d770fbd790695fe081288e,afaa9ca40fef1b2a362af2af235634b472665287e554d16b829c09e1a70787ac,8d5b7eba8aea53574190e7d4a6d9e7b424bc23a9e2a0b6968a27f1772509492b,6e938dfcd266a2b0eac811d7ea7eabbd5b217965f88efa81371465134dbcab11,2026-07-15T18:03:00.557154+00:00,8o8-arch,7.0.12-arch1-1,AMD Ryzen 9 3900X 12-Core Processor,"logical=24,cores=12,sockets=1,nodes=1",performance,rustc 1.97.0 (2d8144b78 2026-07-07),22.1.6,cargo 1.97.0 (c980f4866 2026-06-30),"release,lto=thin,debug=true",/home/bob/.cache/mess-bench,/dev/nvme0n1p3,ext4,/home,Samsung SSD 970 EVO Plus 2TB,[none] mq-deadline kyber bfq,249466806272,4096,1024,payload[i]=(i*131+17)&0xff,3.89599609375,accepted,,1024,1024,0,54,bytes,552960,552960,33619968,55296,0,0,0,0,0,47622602,48275193,842569,1001779,1235769,3.900,3.900
e000263,exploratory,pwritev_256_8m,baseline,1,3,BAAB,k_pwrite,process,24,10,1024,4,domain,synthetic_sweep,1,015d813736625640f12d26c5d349b92c14fd2fb4,false,a897dfa99e98479b638409c432d3d2bc8e7ba7d5ba4e5a046dd229021f58bffd,12b1dafe765a77d1a17115b0ae12cff973f20ed7d6d770fbd790695fe081288e,afaa9ca40fef1b2a362af2af235634b472665287e554d16b829c09e1a70787ac,8d5b7eba8aea53574190e7d4a6d9e7b424bc23a9e2a0b6968a27f1772509492b,6e938dfcd266a2b0eac811d7ea7eabbd5b217965f88efa81371465134dbcab11,2026-07-15T18:03:01.586574+00:00,8o8-arch,7.0.12-arch1-1,AMD Ryzen 9 3900X 12-Core Processor,"logical=24,cores=12,sockets=1,nodes=1",performance,rustc 1.97.0 (2d8144b78 2026-07-07),22.1.6,cargo 1.97.0 (c980f4866 2026-06-30),"release,lto=thin,debug=true",/home/bob/.cache/mess-bench,/dev/nvme0n1p3,ext4,/home,Samsung SSD 970 EVO Plus 2TB,[none] mq-deadline kyber bfq,249466802176,4096,1024,payload[i]=(i*131+17)&0xff,3.89599609375,accepted,,1024,1024,0,54,bytes,552960,552960,33619968,55296,0,0,0,0,0,47989251,48856322,837249,983950,2208219,3.900,3.900
e000264,exploratory,pwritev_256_8m,candidate,1,4,BAAB,pwritev_256_8m,process,24,10,1024,4,domain,synthetic_sweep,1,015d813736625640f12d26c5d349b92c14fd2fb4,false,a897dfa99e98479b638409c432d3d2bc8e7ba7d5ba4e5a046dd229021f58bffd,12b1dafe765a77d1a17115b0ae12cff973f20ed7d6d770fbd790695fe081288e,afaa9ca40fef1b2a362af2af235634b472665287e554d16b829c09e1a70787ac,8d5b7eba8aea53574190e7d4a6d9e7b424bc23a9e2a0b6968a27f1772509492b,6e938dfcd266a2b0eac811d7ea7eabbd5b217965f88efa81371465134dbcab11,2026-07-15T18:03:02.614613+00:00,8o8-arch,7.0.12-arch1-1,AMD Ryzen 9 3900X 12-Core Processor,"logical=24,cores=12,sockets=1,nodes=1",performance,rustc 1.97.0 (2d8144b78 2026-07-07),22.1.6,cargo 1.97.0 (c980f4866 2026-06-30),"release,lto=thin,debug=true",/home/bob/.cache/mess-bench,/dev/nvme0n1p3,ext4,/home,Samsung SSD 970 EVO Plus 2TB,[none] mq-deadline kyber bfq,249466769408,4096,1024,payload[i]=(i*131+17)&0xff,3.89599609375,accepted,,1024,1024,0,54,bytes,552960,552960,33619968,216,0,0,256,0,0,6560522,6606036,118320,140280,150320,3.900,3.900
e000265,exploratory,pwritev_64_8m,baseline,1,1,ABBA,k_pwrite,process,24,10,1024,4,domain,synthetic_sweep,1,015d813736625640f12d26c5d349b92c14fd2fb4,false,a897dfa99e98479b638409c432d3d2bc8e7ba7d5ba4e5a046dd229021f58bffd,12b1dafe765a77d1a17115b0ae12cff973f20ed7d6d770fbd790695fe081288e,afaa9ca40fef1b2a362af2af235634b472665287e554d16b829c09e1a70787ac,8d5b7eba8aea53574190e7d4a6d9e7b424bc23a9e2a0b6968a27f1772509492b,6e938dfcd266a2b0eac811d7ea7eabbd5b217965f88efa81371465134dbcab11,2026-07-15T18:03:03.640507+00:00,8o8-arch,7.0.12-arch1-1,AMD Ryzen 9 3900X 12-Core Processor,"logical=24,cores=12,sockets=1,nodes=1",performance,rustc 1.97.0 (2d8144b78 2026-07-07),22.1.6,cargo 1.97.0 (c980f4866 2026-06-30),"release,lto=thin,debug=true",/home/bob/.cache/mess-bench,/dev/nvme0n1p3,ext4,/home,Samsung SSD 970 EVO Plus 2TB,[none] mq-deadline kyber bfq,249466802176,4096,1024,payload[i]=(i*131+17)&0xff,3.89599609375,accepted,,1024,1024,0,54,bytes,552960,552960,33619968,55296,0,0,0,0,0,50695023,51076631,846600,1064250,2348429,3.900,3.900
e000266,exploratory,pwritev_64_8m,candidate,1,2,ABBA,pwritev_64_8m,process,24,10,1024,4,domain,synthetic_sweep,1,015d813736625640f12d26c5d349b92c14fd2fb4,false,a897dfa99e98479b638409c432d3d2bc8e7ba7d5ba4e5a046dd229021f58bffd,12b1dafe765a77d1a17115b0ae12cff973f20ed7d6d770fbd790695fe081288e,afaa9ca40fef1b2a362af2af235634b472665287e554d16b829c09e1a70787ac,8d5b7eba8aea53574190e7d4a6d9e7b424bc23a9e2a0b6968a27f1772509492b,6e938dfcd266a2b0eac811d7ea7eabbd5b217965f88efa81371465134dbcab11,2026-07-15T18:03:04.665571+00:00,8o8-arch,7.0.12-arch1-1,AMD Ryzen 9 3900X 12-Core Processor,"logical=24,cores=12,sockets=1,nodes=1",performance,rustc 1.97.0 (2d8144b78 2026-07-07),22.1.6,cargo 1.97.0 (c980f4866 2026-06-30),"release,lto=thin,debug=true",/home/bob/.cache/mess-bench,/dev/nvme0n1p3,ext4,/home,Samsung SSD 970 EVO Plus 2TB,[none] mq-deadline kyber bfq,249466789888,4096,1024,payload[i]=(i*131+17)&0xff,3.89599609375,accepted,,1024,1024,0,54,bytes,552960,552960,33619968,864,0,0,64,0,0,7130592,7176905,131820,141830,142550,3.900,3.900
e000267,exploratory,pwritev_64_8m,candidate,1,3,ABBA,pwritev_64_8m,process,24,10,1024,4,domain,synthetic_sweep,1,015d813736625640f12d26c5d349b92c14fd2fb4,false,a897dfa99e98479b638409c432d3d2bc8e7ba7d5ba4e5a046dd229021f58bffd,12b1dafe765a77d1a17115b0ae12cff973f20ed7d6d770fbd790695fe081288e,afaa9ca40fef1b2a362af2af235634b472665287e554d16b829c09e1a70787ac,8d5b7eba8aea53574190e7d4a6d9e7b424bc23a9e2a0b6968a27f1772509492b,6e938dfcd266a2b0eac811d7ea7eabbd5b217965f88efa81371465134dbcab11,2026-07-15T18:03:05.693246+00:00,8o8-arch,7.0.12-arch1-1,AMD Ryzen 9 3900X 12-Core Processor,"logical=24,cores=12,sockets=1,nodes=1",performance,rustc 1.97.0 (2d8144b78 2026-07-07),22.1.6,cargo 1.97.0 (c980f4866 2026-06-30),"release,lto=thin,debug=true",/home/bob/.cache/mess-bench,/dev/nvme0n1p3,ext4,/home,Samsung SSD 970 EVO Plus 2TB,[none] mq-deadline kyber bfq,249466785792,4096,1024,payload[i]=(i*131+17)&0xff,3.6640625,accepted,,1024,1024,0,54,bytes,552960,552960,33619968,864,0,0,64,0,0,7479912,7534536,136040,156130,159610,3.660,3.660
e000268,exploratory,pwritev_64_8m,baseline,1,4,ABBA,k_pwrite,process,24,10,1024,4,domain,synthetic_sweep,1,015d813736625640f12d26c5d349b92c14fd2fb4,false,a897dfa99e98479b638409c432d3d2bc8e7ba7d5ba4e5a046dd229021f58bffd,12b1dafe765a77d1a17115b0ae12cff973f20ed7d6d770fbd790695fe081288e,afaa9ca40fef1b2a362af2af235634b472665287e554d16b829c09e1a70787ac,8d5b7eba8aea53574190e7d4a6d9e7b424bc23a9e2a0b6968a27f1772509492b,6e938dfcd266a2b0eac811d7ea7eabbd5b217965f88efa81371465134dbcab11,2026-07-15T18:03:06.717794+00:00,8o8-arch,7.0.12-arch1-1,AMD Ryzen 9 3900X 12-Core Processor,"logical=24,cores=12,sockets=1,nodes=1",performance,rustc 1.97.0 (2d8144b78 2026-07-07),22.1.6,cargo 1.97.0 (c980f4866 2026-06-30),"release,lto=thin,debug=true",/home/bob/.cache/mess-bench,/dev/nvme0n1p3,ext4,/home,Samsung SSD 970 EVO Plus 2TB,[none] mq-deadline kyber bfq,249466789888,4096,1024,payload[i]=(i*131+17)&0xff,3.6640625,accepted,,1024,1024,0,54,bytes,552960,552960,33619968,55296,0,0,0,0,0,50436642,50798762,839940,1093059,2460149,3.660,3.660
e000269,exploratory,copy_contiguous,candidate,1,1,BAAB,copy_contiguous,process,24,10,1024,4,domain,synthetic_sweep,1,015d813736625640f12d26c5d349b92c14fd2fb4,false,a897dfa99e98479b638409c432d3d2bc8e7ba7d5ba4e5a046dd229021f58bffd,12b1dafe765a77d1a17115b0ae12cff973f20ed7d6d770fbd790695fe081288e,afaa9ca40fef1b2a362af2af235634b472665287e554d16b829c09e1a70787ac,8d5b7eba8aea53574190e7d4a6d9e7b424bc23a9e2a0b6968a27f1772509492b,6e938dfcd266a2b0eac811d7ea7eabbd5b217965f88efa81371465134dbcab11,2026-07-15T18:03:07.745948+00:00,8o8-arch,7.0.12-arch1-1,AMD Ryzen 9 3900X 12-Core Processor,"logical=24,cores=12,sockets=1,nodes=1",performance,rustc 1.97.0 (2d8144b78 2026-07-07),22.1.6,cargo 1.97.0 (c980f4866 2026-06-30),"release,lto=thin,debug=true",/home/bob/.cache/mess-bench,/dev/nvme0n1p3,ext4,/home,Samsung SSD 970 EVO Plus 2TB,[none] mq-deadline kyber bfq,249466789888,4096,1024,payload[i]=(i*131+17)&0xff,3.6640625,accepted,,1024,1024,0,54,bytes,552960,552960,33619968,54,0,0,0,33619968,0,7553572,7774305,104560,125080,152000,3.660,3.660
e000270,exploratory,copy_contiguous,baseline,1,2,BAAB,k_pwrite,process,24,10,1024,4,domain,synthetic_sweep,1,015d813736625640f12d26c5d349b92c14fd2fb4,false,a897dfa99e98479b638409c432d3d2bc8e7ba7d5ba4e5a046dd229021f58bffd,12b1dafe765a77d1a17115b0ae12cff973f20ed7d6d770fbd790695fe081288e,afaa9ca40fef1b2a362af2af235634b472665287e554d16b829c09e1a70787ac,8d5b7eba8aea53574190e7d4a6d9e7b424bc23a9e2a0b6968a27f1772509492b,6e938dfcd266a2b0eac811d7ea7eabbd5b217965f88efa81371465134dbcab11,2026-07-15T18:03:08.776452+00:00,8o8-arch,7.0.12-arch1-1,AMD Ryzen 9 3900X 12-Core Processor,"logical=24,cores=12,sockets=1,nodes=1",performance,rustc 1.97.0 (2d8144b78 2026-07-07),22.1.6,cargo 1.97.0 (c980f4866 2026-06-30),"release,lto=thin,debug=true",/home/bob/.cache/mess-bench,/dev/nvme0n1p3,ext4,/home,Samsung SSD 970 EVO Plus 2TB,[none] mq-deadline kyber bfq,249466785792,4096,1024,payload[i]=(i*131+17)&0xff,3.6640625,accepted,,1024,1024,0,54,bytes,552960,552960,33619968,55296,0,0,0,0,0,46910622,47585333,836719,960810,1049849,3.660,3.660
e000271,exploratory,copy_contiguous,baseline,1,3,BAAB,k_pwrite,process,24,10,1024,4,domain,synthetic_sweep,1,015d813736625640f12d26c5d349b92c14fd2fb4,false,a897dfa99e98479b638409c432d3d2bc8e7ba7d5ba4e5a046dd229021f58bffd,12b1dafe765a77d1a17115b0ae12cff973f20ed7d6d770fbd790695fe081288e,afaa9ca40fef1b2a362af2af235634b472665287e554d16b829c09e1a70787ac,8d5b7eba8aea53574190e7d4a6d9e7b424bc23a9e2a0b6968a27f1772509492b,6e938dfcd266a2b0eac811d7ea7eabbd5b217965f88efa81371465134dbcab11,2026-07-15T18:03:09.809884+00:00,8o8-arch,7.0.12-arch1-1,AMD Ryzen 9 3900X 12-Core Processor,"logical=24,cores=12,sockets=1,nodes=1",performance,rustc 1.97.0 (2d8144b78 2026-07-07),22.1.6,cargo 1.97.0 (c980f4866 2026-06-30),"release,lto=thin,debug=true",/home/bob/.cache/mess-bench,/dev/nvme0n1p3,ext4,/home,Samsung SSD 970 EVO Plus 2TB,[none] mq-deadline kyber bfq,249466777600,4096,1024,payload[i]=(i*131+17)&0xff,3.6640625,accepted,,1024,1024,0,54,bytes,552960,552960,33619968,55296,0,0,0,0,0,52298613,52736730,848080,1049009,2890099,3.660,3.660
e000272,exploratory,copy_contiguous,candidate,1,4,BAAB,copy_contiguous,process,24,10,1024,4,domain,synthetic_sweep,1,015d813736625640f12d26c5d349b92c14fd2fb4,false,a897dfa99e98479b638409c432d3d2bc8e7ba7d5ba4e5a046dd229021f58bffd,12b1dafe765a77d1a17115b0ae12cff973f20ed7d6d770fbd790695fe081288e,afaa9ca40fef1b2a362af2af235634b472665287e554d16b829c09e1a70787ac,8d5b7eba8aea53574190e7d4a6d9e7b424bc23a9e2a0b6968a27f1772509492b,6e938dfcd266a2b0eac811d7ea7eabbd5b217965f88efa81371465134dbcab11,2026-07-15T18:03:10.834353+00:00,8o8-arch,7.0.12-arch1-1,AMD Ryzen 9 3900X 12-Core Processor,"logical=24,cores=12,sockets=1,nodes=1",performance,rustc 1.97.0 (2d8144b78 2026-07-07),22.1.6,cargo 1.97.0 (c980f4866 2026-06-30),"release,lto=thin,debug=true",/home/bob/.cache/mess-bench,/dev/nvme0n1p3,ext4,/home,Samsung SSD 970 EVO Plus 2TB,[none] mq-deadline kyber bfq,249466777600,4096,1024,payload[i]=(i*131+17)&0xff,3.45068359375,accepted,,1024,1024,0,54,bytes,552960,552960,33619968,54,0,0,0,33619968,0,5187262,5216127,95200,107020,109150,3.450,3.450
e000273,exploratory,pwritev_full_8m,baseline,1,1,ABBA,k_pwrite,process,24,10,1024,4,new_name,synthetic_sweep,1,015d813736625640f12d26c5d349b92c14fd2fb4,false,a897dfa99e98479b638409c432d3d2bc8e7ba7d5ba4e5a046dd229021f58bffd,12b1dafe765a77d1a17115b0ae12cff973f20ed7d6d770fbd790695fe081288e,afaa9ca40fef1b2a362af2af235634b472665287e554d16b829c09e1a70787ac,8d5b7eba8aea53574190e7d4a6d9e7b424bc23a9e2a0b6968a27f1772509492b,6e938dfcd266a2b0eac811d7ea7eabbd5b217965f88efa81371465134dbcab11,2026-07-15T18:03:11.866050+00:00,8o8-arch,7.0.12-arch1-1,AMD Ryzen 9 3900X 12-Core Processor,"logical=24,cores=12,sockets=1,nodes=1",performance,rustc 1.97.0 (2d8144b78 2026-07-07),22.1.6,cargo 1.97.0 (c980f4866 2026-06-30),"release,lto=thin,debug=true",/home/bob/.cache/mess-bench,/dev/nvme0n1p3,ext4,/home,Samsung SSD 970 EVO Plus 2TB,[none] mq-deadline kyber bfq,249466773504,4096,1024,payload[i]=(i*131+17)&0xff,3.45068359375,accepted,,1024,2048,0,44,bytes,495616,450560,33701888,90112,0,0,0,0,0,75751359,76332757,1597320,1802139,4259508,3.450,3.450
e000274,exploratory,pwritev_full_8m,candidate,1,2,ABBA,pwritev_full_8m,process,24,10,1024,4,new_name,synthetic_sweep,1,015d813736625640f12d26c5d349b92c14fd2fb4,false,a897dfa99e98479b638409c432d3d2bc8e7ba7d5ba4e5a046dd229021f58bffd,12b1dafe765a77d1a17115b0ae12cff973f20ed7d6d770fbd790695fe081288e,afaa9ca40fef1b2a362af2af235634b472665287e554d16b829c09e1a70787ac,8d5b7eba8aea53574190e7d4a6d9e7b424bc23a9e2a0b6968a27f1772509492b,6e938dfcd266a2b0eac811d7ea7eabbd5b217965f88efa81371465134dbcab11,2026-07-15T18:03:12.891056+00:00,8o8-arch,7.0.12-arch1-1,AMD Ryzen 9 3900X 12-Core Processor,"logical=24,cores=12,sockets=1,nodes=1",performance,rustc 1.97.0 (2d8144b78 2026-07-07),22.1.6,cargo 1.97.0 (c980f4866 2026-06-30),"release,lto=thin,debug=true",/home/bob/.cache/mess-bench,/dev/nvme0n1p3,ext4,/home,Samsung SSD 970 EVO Plus 2TB,[none] mq-deadline kyber bfq,249466769408,4096,1024,payload[i]=(i*131+17)&0xff,3.45068359375,accepted,,1024,2048,0,44,bytes,495616,450560,33701888,88,0,0,1024,0,0,6525241,6574826,148270,160720,178950,3.450,3.450
e000275,exploratory,pwritev_full_8m,candidate,1,3,ABBA,pwritev_full_8m,process,24,10,1024,4,new_name,synthetic_sweep,1,015d813736625640f12d26c5d349b92c14fd2fb4,false,a897dfa99e98479b638409c432d3d2bc8e7ba7d5ba4e5a046dd229021f58bffd,12b1dafe765a77d1a17115b0ae12cff973f20ed7d6d770fbd790695fe081288e,afaa9ca40fef1b2a362af2af235634b472665287e554d16b829c09e1a70787ac,8d5b7eba8aea53574190e7d4a6d9e7b424bc23a9e2a0b6968a27f1772509492b,6e938dfcd266a2b0eac811d7ea7eabbd5b217965f88efa81371465134dbcab11,2026-07-15T18:03:13.921365+00:00,8o8-arch,7.0.12-arch1-1,AMD Ryzen 9 3900X 12-Core Processor,"logical=24,cores=12,sockets=1,nodes=1",performance,rustc 1.97.0 (2d8144b78 2026-07-07),22.1.6,cargo 1.97.0 (c980f4866 2026-06-30),"release,lto=thin,debug=true",/home/bob/.cache/mess-bench,/dev/nvme0n1p3,ext4,/home,Samsung SSD 970 EVO Plus 2TB,[none] mq-deadline kyber bfq,249466765312,4096,1024,payload[i]=(i*131+17)&0xff,3.45068359375,accepted,,1024,2048,0,44,bytes,495616,450560,33701888,88,0,0,1024,0,0,6501382,6546286,145620,160750,175040,3.450,3.450
e000276,exploratory,pwritev_full_8m,baseline,1,4,ABBA,k_pwrite,process,24,10,1024,4,new_name,synthetic_sweep,1,015d813736625640f12d26c5d349b92c14fd2fb4,false,a897dfa99e98479b638409c432d3d2bc8e7ba7d5ba4e5a046dd229021f58bffd,12b1dafe765a77d1a17115b0ae12cff973f20ed7d6d770fbd790695fe081288e,afaa9ca40fef1b2a362af2af235634b472665287e554d16b829c09e1a70787ac,8d5b7eba8aea53574190e7d4a6d9e7b424bc23a9e2a0b6968a27f1772509492b,6e938dfcd266a2b0eac811d7ea7eabbd5b217965f88efa81371465134dbcab11,2026-07-15T18:03:14.943062+00:00,8o8-arch,7.0.12-arch1-1,AMD Ryzen 9 3900X 12-Core Processor,"logical=24,cores=12,sockets=1,nodes=1",performance,rustc 1.97.0 (2d8144b78 2026-07-07),22.1.6,cargo 1.97.0 (c980f4866 2026-06-30),"release,lto=thin,debug=true",/home/bob/.cache/mess-bench,/dev/nvme0n1p3,ext4,/home,Samsung SSD 970 EVO Plus 2TB,[none] mq-deadline kyber bfq,249466765312,4096,1024,payload[i]=(i*131+17)&0xff,3.45068359375,accepted,,1024,2048,0,44,bytes,495616,450560,33701888,90112,0,0,0,0,0,75726679,76299856,1608840,2765259,3454548,3.450,3.450
e000277,exploratory,pwritev_256_8m,candidate,1,1,BAAB,pwritev_256_8m,process,24,10,1024,4,new_name,synthetic_sweep,1,015d813736625640f12d26c5d349b92c14fd2fb4,false,a897dfa99e98479b638409c432d3d2bc8e7ba7d5ba4e5a046dd229021f58bffd,12b1dafe765a77d1a17115b0ae12cff973f20ed7d6d770fbd790695fe081288e,afaa9ca40fef1b2a362af2af235634b472665287e554d16b829c09e1a70787ac,8d5b7eba8aea53574190e7d4a6d9e7b424bc23a9e2a0b6968a27f1772509492b,6e938dfcd266a2b0eac811d7ea7eabbd5b217965f88efa81371465134dbcab11,2026-07-15T18:03:15.974371+00:00,8o8-arch,7.0.12-arch1-1,AMD Ryzen 9 3900X 12-Core Processor,"logical=24,cores=12,sockets=1,nodes=1",performance,rustc 1.97.0 (2d8144b78 2026-07-07),22.1.6,cargo 1.97.0 (c980f4866 2026-06-30),"release,lto=thin,debug=true",/home/bob/.cache/mess-bench,/dev/nvme0n1p3,ext4,/home,Samsung SSD 970 EVO Plus 2TB,[none] mq-deadline kyber bfq,249466765312,4096,1024,payload[i]=(i*131+17)&0xff,3.9755859375,accepted,,1024,2048,0,44,bytes,495616,450560,33701888,352,0,0,256,0,0,7155992,7221926,160970,179540,208790,3.980,3.980
e000278,exploratory,pwritev_256_8m,baseline,1,2,BAAB,k_pwrite,process,24,10,1024,4,new_name,synthetic_sweep,1,015d813736625640f12d26c5d349b92c14fd2fb4,false,a897dfa99e98479b638409c432d3d2bc8e7ba7d5ba4e5a046dd229021f58bffd,12b1dafe765a77d1a17115b0ae12cff973f20ed7d6d770fbd790695fe081288e,afaa9ca40fef1b2a362af2af235634b472665287e554d16b829c09e1a70787ac,8d5b7eba8aea53574190e7d4a6d9e7b424bc23a9e2a0b6968a27f1772509492b,6e938dfcd266a2b0eac811d7ea7eabbd5b217965f88efa81371465134dbcab11,2026-07-15T18:03:17.006195+00:00,8o8-arch,7.0.12-arch1-1,AMD Ryzen 9 3900X 12-Core Processor,"logical=24,cores=12,sockets=1,nodes=1",performance,rustc 1.97.0 (2d8144b78 2026-07-07),22.1.6,cargo 1.97.0 (c980f4866 2026-06-30),"release,lto=thin,debug=true",/home/bob/.cache/mess-bench,/dev/nvme0n1p3,ext4,/home,Samsung SSD 970 EVO Plus 2TB,[none] mq-deadline kyber bfq,249466765312,4096,1024,payload[i]=(i*131+17)&0xff,3.9755859375,accepted,,1024,2048,0,44,bytes,495616,450560,33701888,90112,0,0,0,0,0,79468980,80320354,1611878,3347618,3538658,3.980,3.980
e000279,exploratory,pwritev_256_8m,baseline,1,3,BAAB,k_pwrite,process,24,10,1024,4,new_name,synthetic_sweep,1,015d813736625640f12d26c5d349b92c14fd2fb4,false,a897dfa99e98479b638409c432d3d2bc8e7ba7d5ba4e5a046dd229021f58bffd,12b1dafe765a77d1a17115b0ae12cff973f20ed7d6d770fbd790695fe081288e,afaa9ca40fef1b2a362af2af235634b472665287e554d16b829c09e1a70787ac,8d5b7eba8aea53574190e7d4a6d9e7b424bc23a9e2a0b6968a27f1772509492b,6e938dfcd266a2b0eac811d7ea7eabbd5b217965f88efa81371465134dbcab11,2026-07-15T18:03:18.038117+00:00,8o8-arch,7.0.12-arch1-1,AMD Ryzen 9 3900X 12-Core Processor,"logical=24,cores=12,sockets=1,nodes=1",performance,rustc 1.97.0 (2d8144b78 2026-07-07),22.1.6,cargo 1.97.0 (c980f4866 2026-06-30),"release,lto=thin,debug=true",/home/bob/.cache/mess-bench,/dev/nvme0n1p3,ext4,/home,Samsung SSD 970 EVO Plus 2TB,[none] mq-deadline kyber bfq,249466757120,4096,1024,payload[i]=(i*131+17)&0xff,3.9755859375,accepted,,1024,2048,0,44,bytes,495616,450560,33701888,90112,0,0,0,0,0,79609740,80294825,1610319,4310598,4908637,3.980,3.980
e000280,exploratory,pwritev_256_8m,candidate,1,4,BAAB,pwritev_256_8m,process,24,10,1024,4,new_name,synthetic_sweep,1,015d813736625640f12d26c5d349b92c14fd2fb4,false,a897dfa99e98479b638409c432d3d2bc8e7ba7d5ba4e5a046dd229021f58bffd,12b1dafe765a77d1a17115b0ae12cff973f20ed7d6d770fbd790695fe081288e,afaa9ca40fef1b2a362af2af235634b472665287e554d16b829c09e1a70787ac,8d5b7eba8aea53574190e7d4a6d9e7b424bc23a9e2a0b6968a27f1772509492b,6e938dfcd266a2b0eac811d7ea7eabbd5b217965f88efa81371465134dbcab11,2026-07-15T18:03:19.070012+00:00,8o8-arch,7.0.12-arch1-1,AMD Ryzen 9 3900X 12-Core Processor,"logical=24,cores=12,sockets=1,nodes=1",performance,rustc 1.97.0 (2d8144b78 2026-07-07),22.1.6,cargo 1.97.0 (c980f4866 2026-06-30),"release,lto=thin,debug=true",/home/bob/.cache/mess-bench,/dev/nvme0n1p3,ext4,/home,Samsung SSD 970 EVO Plus 2TB,[none] mq-deadline kyber bfq,249466748928,4096,1024,payload[i]=(i*131+17)&0xff,3.9755859375,accepted,,1024,2048,0,44,bytes,495616,450560,33701888,352,0,0,256,0,0,7196202,7241875,163679,172690,187810,3.980,3.980
e000281,exploratory,pwritev_64_8m,baseline,1,1,ABBA,k_pwrite,process,24,10,1024,4,new_name,synthetic_sweep,1,015d813736625640f12d26c5d349b92c14fd2fb4,false,a897dfa99e98479b638409c432d3d2bc8e7ba7d5ba4e5a046dd229021f58bffd,12b1dafe765a77d1a17115b0ae12cff973f20ed7d6d770fbd790695fe081288e,afaa9ca40fef1b2a362af2af235634b472665287e554d16b829c09e1a70787ac,8d5b7eba8aea53574190e7d4a6d9e7b424bc23a9e2a0b6968a27f1772509492b,6e938dfcd266a2b0eac811d7ea7eabbd5b217965f88efa81371465134dbcab11,2026-07-15T18:03:20.092546+00:00,8o8-arch,7.0.12-arch1-1,AMD Ryzen 9 3900X 12-Core Processor,"logical=24,cores=12,sockets=1,nodes=1",performance,rustc 1.97.0 (2d8144b78 2026-07-07),22.1.6,cargo 1.97.0 (c980f4866 2026-06-30),"release,lto=thin,debug=true",/home/bob/.cache/mess-bench,/dev/nvme0n1p3,ext4,/home,Samsung SSD 970 EVO Plus 2TB,[none] mq-deadline kyber bfq,249466744832,4096,1024,payload[i]=(i*131+17)&0xff,3.9755859375,accepted,,1024,2048,0,44,bytes,495616,450560,33701888,90112,0,0,0,0,0,76628880,77231066,1595609,1942879,4959567,3.980,3.980
e000282,exploratory,pwritev_64_8m,candidate,1,2,ABBA,pwritev_64_8m,process,24,10,1024,4,new_name,synthetic_sweep,1,015d813736625640f12d26c5d349b92c14fd2fb4,false,a897dfa99e98479b638409c432d3d2bc8e7ba7d5ba4e5a046dd229021f58bffd,12b1dafe765a77d1a17115b0ae12cff973f20ed7d6d770fbd790695fe081288e,afaa9ca40fef1b2a362af2af235634b472665287e554d16b829c09e1a70787ac,8d5b7eba8aea53574190e7d4a6d9e7b424bc23a9e2a0b6968a27f1772509492b,6e938dfcd266a2b0eac811d7ea7eabbd5b217965f88efa81371465134dbcab11,2026-07-15T18:03:21.121991+00:00,8o8-arch,7.0.12-arch1-1,AMD Ryzen 9 3900X 12-Core Processor,"logical=24,cores=12,sockets=1,nodes=1",performance,rustc 1.97.0 (2d8144b78 2026-07-07),22.1.6,cargo 1.97.0 (c980f4866 2026-06-30),"release,lto=thin,debug=true",/home/bob/.cache/mess-bench,/dev/nvme0n1p3,ext4,/home,Samsung SSD 970 EVO Plus 2TB,[none] mq-deadline kyber bfq,249466744832,4096,1024,payload[i]=(i*131+17)&0xff,3.7373046875,accepted,,1024,2048,0,44,bytes,495616,450560,33701888,1408,0,0,64,0,0,9327462,9426565,208260,241190,274200,3.740,3.740
e000283,exploratory,pwritev_64_8m,candidate,1,3,ABBA,pwritev_64_8m,process,24,10,1024,4,new_name,synthetic_sweep,1,015d813736625640f12d26c5d349b92c14fd2fb4,false,a897dfa99e98479b638409c432d3d2bc8e7ba7d5ba4e5a046dd229021f58bffd,12b1dafe765a77d1a17115b0ae12cff973f20ed7d6d770fbd790695fe081288e,afaa9ca40fef1b2a362af2af235634b472665287e554d16b829c09e1a70787ac,8d5b7eba8aea53574190e7d4a6d9e7b424bc23a9e2a0b6968a27f1772509492b,6e938dfcd266a2b0eac811d7ea7eabbd5b217965f88efa81371465134dbcab11,2026-07-15T18:03:22.149836+00:00,8o8-arch,7.0.12-arch1-1,AMD Ryzen 9 3900X 12-Core Processor,"logical=24,cores=12,sockets=1,nodes=1",performance,rustc 1.97.0 (2d8144b78 2026-07-07),22.1.6,cargo 1.97.0 (c980f4866 2026-06-30),"release,lto=thin,debug=true",/home/bob/.cache/mess-bench,/dev/nvme0n1p3,ext4,/home,Samsung SSD 970 EVO Plus 2TB,[none] mq-deadline kyber bfq,249466740736,4096,1024,payload[i]=(i*131+17)&0xff,3.7373046875,accepted,,1024,2048,0,44,bytes,495616,450560,33701888,1408,0,0,64,0,0,12461953,12630083,212380,249510,3323278,3.740,3.740
e000284,exploratory,pwritev_64_8m,baseline,1,4,ABBA,k_pwrite,process,24,10,1024,4,new_name,synthetic_sweep,1,015d813736625640f12d26c5d349b92c14fd2fb4,false,a897dfa99e98479b638409c432d3d2bc8e7ba7d5ba4e5a046dd229021f58bffd,12b1dafe765a77d1a17115b0ae12cff973f20ed7d6d770fbd790695fe081288e,afaa9ca40fef1b2a362af2af235634b472665287e554d16b829c09e1a70787ac,8d5b7eba8aea53574190e7d4a6d9e7b424bc23a9e2a0b6968a27f1772509492b,6e938dfcd266a2b0eac811d7ea7eabbd5b217965f88efa81371465134dbcab11,2026-07-15T18:03:23.178580+00:00,8o8-arch,7.0.12-arch1-1,AMD Ryzen 9 3900X 12-Core Processor,"logical=24,cores=12,sockets=1,nodes=1",performance,rustc 1.97.0 (2d8144b78 2026-07-07),22.1.6,cargo 1.97.0 (c980f4866 2026-06-30),"release,lto=thin,debug=true",/home/bob/.cache/mess-bench,/dev/nvme0n1p3,ext4,/home,Samsung SSD 970 EVO Plus 2TB,[none] mq-deadline kyber bfq,249466740736,4096,1024,payload[i]=(i*131+17)&0xff,3.7373046875,accepted,,1024,2048,0,44,bytes,495616,450560,33701888,90112,0,0,0,0,0,76886720,78745055,1603210,2742339,4395167,3.740,3.740
e000285,exploratory,copy_contiguous,candidate,1,1,BAAB,copy_contiguous,process,24,10,1024,4,new_name,synthetic_sweep,1,015d813736625640f12d26c5d349b92c14fd2fb4,false,a897dfa99e98479b638409c432d3d2bc8e7ba7d5ba4e5a046dd229021f58bffd,12b1dafe765a77d1a17115b0ae12cff973f20ed7d6d770fbd790695fe081288e,afaa9ca40fef1b2a362af2af235634b472665287e554d16b829c09e1a70787ac,8d5b7eba8aea53574190e7d4a6d9e7b424bc23a9e2a0b6968a27f1772509492b,6e938dfcd266a2b0eac811d7ea7eabbd5b217965f88efa81371465134dbcab11,2026-07-15T18:03:24.209048+00:00,8o8-arch,7.0.12-arch1-1,AMD Ryzen 9 3900X 12-Core Processor,"logical=24,cores=12,sockets=1,nodes=1",performance,rustc 1.97.0 (2d8144b78 2026-07-07),22.1.6,cargo 1.97.0 (c980f4866 2026-06-30),"release,lto=thin,debug=true",/home/bob/.cache/mess-bench,/dev/nvme0n1p3,ext4,/home,Samsung SSD 970 EVO Plus 2TB,[none] mq-deadline kyber bfq,249466736640,4096,1024,payload[i]=(i*131+17)&0xff,3.7373046875,accepted,,1024,2048,0,44,bytes,495616,450560,33701888,44,0,0,0,33701888,0,5212672,5261617,115920,137690,144460,3.740,3.740
e000286,exploratory,copy_contiguous,baseline,1,2,BAAB,k_pwrite,process,24,10,1024,4,new_name,synthetic_sweep,1,015d813736625640f12d26c5d349b92c14fd2fb4,false,a897dfa99e98479b638409c432d3d2bc8e7ba7d5ba4e5a046dd229021f58bffd,12b1dafe765a77d1a17115b0ae12cff973f20ed7d6d770fbd790695fe081288e,afaa9ca40fef1b2a362af2af235634b472665287e554d16b829c09e1a70787ac,8d5b7eba8aea53574190e7d4a6d9e7b424bc23a9e2a0b6968a27f1772509492b,6e938dfcd266a2b0eac811d7ea7eabbd5b217965f88efa81371465134dbcab11,2026-07-15T18:03:25.234431+00:00,8o8-arch,7.0.12-arch1-1,AMD Ryzen 9 3900X 12-Core Processor,"logical=24,cores=12,sockets=1,nodes=1",performance,rustc 1.97.0 (2d8144b78 2026-07-07),22.1.6,cargo 1.97.0 (c980f4866 2026-06-30),"release,lto=thin,debug=true",/home/bob/.cache/mess-bench,/dev/nvme0n1p3,ext4,/home,Samsung SSD 970 EVO Plus 2TB,[none] mq-deadline kyber bfq,249466732544,4096,1024,payload[i]=(i*131+17)&0xff,3.7373046875,accepted,,1024,2048,0,44,bytes,495616,450560,33701888,90112,0,0,0,0,0,75089719,76658876,1606279,1668139,4638408,3.740,3.740
e000287,exploratory,copy_contiguous,baseline,1,3,BAAB,k_pwrite,process,24,10,1024,4,new_name,synthetic_sweep,1,015d813736625640f12d26c5d349b92c14fd2fb4,false,a897dfa99e98479b638409c432d3d2bc8e7ba7d5ba4e5a046dd229021f58bffd,12b1dafe765a77d1a17115b0ae12cff973f20ed7d6d770fbd790695fe081288e,afaa9ca40fef1b2a362af2af235634b472665287e554d16b829c09e1a70787ac,8d5b7eba8aea53574190e7d4a6d9e7b424bc23a9e2a0b6968a27f1772509492b,6e938dfcd266a2b0eac811d7ea7eabbd5b217965f88efa81371465134dbcab11,2026-07-15T18:03:26.259832+00:00,8o8-arch,7.0.12-arch1-1,AMD Ryzen 9 3900X 12-Core Processor,"logical=24,cores=12,sockets=1,nodes=1",performance,rustc 1.97.0 (2d8144b78 2026-07-07),22.1.6,cargo 1.97.0 (c980f4866 2026-06-30),"release,lto=thin,debug=true",/home/bob/.cache/mess-bench,/dev/nvme0n1p3,ext4,/home,Samsung SSD 970 EVO Plus 2TB,[none] mq-deadline kyber bfq,249466728448,4096,1024,payload[i]=(i*131+17)&0xff,4.9599609375,accepted,,1024,2048,0,44,bytes,495616,450560,33701888,90112,0,0,0,0,0,76410719,77288555,1601480,1767699,5010378,4.960,4.960
e000288,exploratory,copy_contiguous,candidate,1,4,BAAB,copy_contiguous,process,24,10,1024,4,new_name,synthetic_sweep,1,015d813736625640f12d26c5d349b92c14fd2fb4,false,a897dfa99e98479b638409c432d3d2bc8e7ba7d5ba4e5a046dd229021f58bffd,12b1dafe765a77d1a17115b0ae12cff973f20ed7d6d770fbd790695fe081288e,afaa9ca40fef1b2a362af2af235634b472665287e554d16b829c09e1a70787ac,8d5b7eba8aea53574190e7d4a6d9e7b424bc23a9e2a0b6968a27f1772509492b,6e938dfcd266a2b0eac811d7ea7eabbd5b217965f88efa81371465134dbcab11,2026-07-15T18:03:27.288907+00:00,8o8-arch,7.0.12-arch1-1,AMD Ryzen 9 3900X 12-Core Processor,"logical=24,cores=12,sockets=1,nodes=1",performance,rustc 1.97.0 (2d8144b78 2026-07-07),22.1.6,cargo 1.97.0 (c980f4866 2026-06-30),"release,lto=thin,debug=true",/home/bob/.cache/mess-bench,/dev/nvme0n1p3,ext4,/home,Samsung SSD 970 EVO Plus 2TB,[none] mq-deadline kyber bfq,249466728448,4096,1024,payload[i]=(i*131+17)&0xff,4.9599609375,accepted,,1024,2048,0,44,bytes,495616,450560,33701888,44,0,0,0,33701888,0,5072011,5104297,114580,126170,129860,4.960,4.960
e000289,exploratory,pwritev_full_8m,baseline,1,1,ABBA,k_pwrite,process,24,10,1025,4,domain,synthetic_sweep,1,015d813736625640f12d26c5d349b92c14fd2fb4,false,a897dfa99e98479b638409c432d3d2bc8e7ba7d5ba4e5a046dd229021f58bffd,12b1dafe765a77d1a17115b0ae12cff973f20ed7d6d770fbd790695fe081288e,afaa9ca40fef1b2a362af2af235634b472665287e554d16b829c09e1a70787ac,8d5b7eba8aea53574190e7d4a6d9e7b424bc23a9e2a0b6968a27f1772509492b,6e938dfcd266a2b0eac811d7ea7eabbd5b217965f88efa81371465134dbcab11,2026-07-15T18:03:28.319282+00:00,8o8-arch,7.0.12-arch1-1,AMD Ryzen 9 3900X 12-Core Processor,"logical=24,cores=12,sockets=1,nodes=1",performance,rustc 1.97.0 (2d8144b78 2026-07-07),22.1.6,cargo 1.97.0 (c980f4866 2026-06-30),"release,lto=thin,debug=true",/home/bob/.cache/mess-bench,/dev/nvme0n1p3,ext4,/home,Samsung SSD 970 EVO Plus 2TB,[none] mq-deadline kyber bfq,249466728448,4096,1024,payload[i]=(i*131+17)&0xff,4.9599609375,accepted,,1025,1025,0,54,bytes,553500,553500,33652800,55350,0,0,0,0,0,52449374,53681400,894880,1331659,2447838,4.960,4.960
e000290,exploratory,pwritev_full_8m,candidate,1,2,ABBA,pwritev_full_8m,process,24,10,1025,4,domain,synthetic_sweep,1,015d813736625640f12d26c5d349b92c14fd2fb4,false,a897dfa99e98479b638409c432d3d2bc8e7ba7d5ba4e5a046dd229021f58bffd,12b1dafe765a77d1a17115b0ae12cff973f20ed7d6d770fbd790695fe081288e,afaa9ca40fef1b2a362af2af235634b472665287e554d16b829c09e1a70787ac,8d5b7eba8aea53574190e7d4a6d9e7b424bc23a9e2a0b6968a27f1772509492b,6e938dfcd266a2b0eac811d7ea7eabbd5b217965f88efa81371465134dbcab11,2026-07-15T18:03:29.347647+00:00,8o8-arch,7.0.12-arch1-1,AMD Ryzen 9 3900X 12-Core Processor,"logical=24,cores=12,sockets=1,nodes=1",performance,rustc 1.97.0 (2d8144b78 2026-07-07),22.1.6,cargo 1.97.0 (c980f4866 2026-06-30),"release,lto=thin,debug=true",/home/bob/.cache/mess-bench,/dev/nvme0n1p3,ext4,/home,Samsung SSD 970 EVO Plus 2TB,[none] mq-deadline kyber bfq,249466716160,4096,1024,payload[i]=(i*131+17)&0xff,4.9599609375,accepted,,1025,1025,0,54,bytes,553500,553500,33652800,108,0,0,1024,0,0,8485273,9042195,100070,120630,614359,4.960,4.960
e000291,exploratory,pwritev_full_8m,candidate,1,3,ABBA,pwritev_full_8m,process,24,10,1025,4,domain,synthetic_sweep,1,015d813736625640f12d26c5d349b92c14fd2fb4,false,a897dfa99e98479b638409c432d3d2bc8e7ba7d5ba4e5a046dd229021f58bffd,12b1dafe765a77d1a17115b0ae12cff973f20ed7d6d770fbd790695fe081288e,afaa9ca40fef1b2a362af2af235634b472665287e554d16b829c09e1a70787ac,8d5b7eba8aea53574190e7d4a6d9e7b424bc23a9e2a0b6968a27f1772509492b,6e938dfcd266a2b0eac811d7ea7eabbd5b217965f88efa81371465134dbcab11,2026-07-15T18:03:30.373188+00:00,8o8-arch,7.0.12-arch1-1,AMD Ryzen 9 3900X 12-Core Processor,"logical=24,cores=12,sockets=1,nodes=1",performance,rustc 1.97.0 (2d8144b78 2026-07-07),22.1.6,cargo 1.97.0 (c980f4866 2026-06-30),"release,lto=thin,debug=true",/home/bob/.cache/mess-bench,/dev/nvme0n1p3,ext4,/home,Samsung SSD 970 EVO Plus 2TB,[none] mq-deadline kyber bfq,249466707968,4096,1024,payload[i]=(i*131+17)&0xff,5.92431640625,accepted,,1025,1025,0,54,bytes,553500,553500,33652800,108,0,0,1024,0,0,5411611,5447807,99120,110550,118700,5.920,5.920
e000292,exploratory,pwritev_full_8m,baseline,1,4,ABBA,k_pwrite,process,24,10,1025,4,domain,synthetic_sweep,1,015d813736625640f12d26c5d349b92c14fd2fb4,false,a897dfa99e98479b638409c432d3d2bc8e7ba7d5ba4e5a046dd229021f58bffd,12b1dafe765a77d1a17115b0ae12cff973f20ed7d6d770fbd790695fe081288e,afaa9ca40fef1b2a362af2af235634b472665287e554d16b829c09e1a70787ac,8d5b7eba8aea53574190e7d4a6d9e7b424bc23a9e2a0b6968a27f1772509492b,6e938dfcd266a2b0eac811d7ea7eabbd5b217965f88efa81371465134dbcab11,2026-07-15T18:03:31.403193+00:00,8o8-arch,7.0.12-arch1-1,AMD Ryzen 9 3900X 12-Core Processor,"logical=24,cores=12,sockets=1,nodes=1",performance,rustc 1.97.0 (2d8144b78 2026-07-07),22.1.6,cargo 1.97.0 (c980f4866 2026-06-30),"release,lto=thin,debug=true",/home/bob/.cache/mess-bench,/dev/nvme0n1p3,ext4,/home,Samsung SSD 970 EVO Plus 2TB,[none] mq-deadline kyber bfq,249466703872,4096,1024,payload[i]=(i*131+17)&0xff,5.92431640625,accepted,,1025,1025,0,54,bytes,553500,553500,33652800,55350,0,0,0,0,0,46570892,46989113,838950,868660,895539,5.920,5.920
e000293,exploratory,pwritev_256_8m,candidate,1,1,BAAB,pwritev_256_8m,process,24,10,1025,4,domain,synthetic_sweep,1,015d813736625640f12d26c5d349b92c14fd2fb4,false,a897dfa99e98479b638409c432d3d2bc8e7ba7d5ba4e5a046dd229021f58bffd,12b1dafe765a77d1a17115b0ae12cff973f20ed7d6d770fbd790695fe081288e,afaa9ca40fef1b2a362af2af235634b472665287e554d16b829c09e1a70787ac,8d5b7eba8aea53574190e7d4a6d9e7b424bc23a9e2a0b6968a27f1772509492b,6e938dfcd266a2b0eac811d7ea7eabbd5b217965f88efa81371465134dbcab11,2026-07-15T18:03:32.435124+00:00,8o8-arch,7.0.12-arch1-1,AMD Ryzen 9 3900X 12-Core Processor,"logical=24,cores=12,sockets=1,nodes=1",performance,rustc 1.97.0 (2d8144b78 2026-07-07),22.1.6,cargo 1.97.0 (c980f4866 2026-06-30),"release,lto=thin,debug=true",/home/bob/.cache/mess-bench,/dev/nvme0n1p3,ext4,/home,Samsung SSD 970 EVO Plus 2TB,[none] mq-deadline kyber bfq,249466703872,4096,1024,payload[i]=(i*131+17)&0xff,5.92431640625,accepted,,1025,1025,0,54,bytes,553500,553500,33652800,270,0,0,256,0,0,6047451,6102026,110110,124620,139089,5.920,5.920
e000294,exploratory,pwritev_256_8m,baseline,1,2,BAAB,k_pwrite,process,24,10,1025,4,domain,synthetic_sweep,1,015d813736625640f12d26c5d349b92c14fd2fb4,false,a897dfa99e98479b638409c432d3d2bc8e7ba7d5ba4e5a046dd229021f58bffd,12b1dafe765a77d1a17115b0ae12cff973f20ed7d6d770fbd790695fe081288e,afaa9ca40fef1b2a362af2af235634b472665287e554d16b829c09e1a70787ac,8d5b7eba8aea53574190e7d4a6d9e7b424bc23a9e2a0b6968a27f1772509492b,6e938dfcd266a2b0eac811d7ea7eabbd5b217965f88efa81371465134dbcab11,2026-07-15T18:03:33.465783+00:00,8o8-arch,7.0.12-arch1-1,AMD Ryzen 9 3900X 12-Core Processor,"logical=24,cores=12,sockets=1,nodes=1",performance,rustc 1.97.0 (2d8144b78 2026-07-07),22.1.6,cargo 1.97.0 (c980f4866 2026-06-30),"release,lto=thin,debug=true",/home/bob/.cache/mess-bench,/dev/nvme0n1p3,ext4,/home,Samsung SSD 970 EVO Plus 2TB,[none] mq-deadline kyber bfq,249466736640,4096,1024,payload[i]=(i*131+17)&0xff,5.92431640625,accepted,,1025,1025,0,54,bytes,553500,553500,33652800,55350,0,0,0,0,0,47288612,48523833,836030,853829,910720,5.920,5.920
e000295,exploratory,pwritev_256_8m,baseline,1,3,BAAB,k_pwrite,process,24,10,1025,4,domain,synthetic_sweep,1,015d813736625640f12d26c5d349b92c14fd2fb4,false,a897dfa99e98479b638409c432d3d2bc8e7ba7d5ba4e5a046dd229021f58bffd,12b1dafe765a77d1a17115b0ae12cff973f20ed7d6d770fbd790695fe081288e,afaa9ca40fef1b2a362af2af235634b472665287e554d16b829c09e1a70787ac,8d5b7eba8aea53574190e7d4a6d9e7b424bc23a9e2a0b6968a27f1772509492b,6e938dfcd266a2b0eac811d7ea7eabbd5b217965f88efa81371465134dbcab11,2026-07-15T18:03:34.491809+00:00,8o8-arch,7.0.12-arch1-1,AMD Ryzen 9 3900X 12-Core Processor,"logical=24,cores=12,sockets=1,nodes=1",performance,rustc 1.97.0 (2d8144b78 2026-07-07),22.1.6,cargo 1.97.0 (c980f4866 2026-06-30),"release,lto=thin,debug=true",/home/bob/.cache/mess-bench,/dev/nvme0n1p3,ext4,/home,Samsung SSD 970 EVO Plus 2TB,[none] mq-deadline kyber bfq,249466736640,4096,1024,payload[i]=(i*131+17)&0xff,5.92431640625,accepted,,1025,1025,0,54,bytes,553500,553500,33652800,55350,0,0,0,0,0,48707582,49483532,845569,924019,992120,5.920,5.920
e000296,exploratory,pwritev_256_8m,candidate,1,4,BAAB,pwritev_256_8m,process,24,10,1025,4,domain,synthetic_sweep,1,015d813736625640f12d26c5d349b92c14fd2fb4,false,a897dfa99e98479b638409c432d3d2bc8e7ba7d5ba4e5a046dd229021f58bffd,12b1dafe765a77d1a17115b0ae12cff973f20ed7d6d770fbd790695fe081288e,afaa9ca40fef1b2a362af2af235634b472665287e554d16b829c09e1a70787ac,8d5b7eba8aea53574190e7d4a6d9e7b424bc23a9e2a0b6968a27f1772509492b,6e938dfcd266a2b0eac811d7ea7eabbd5b217965f88efa81371465134dbcab11,2026-07-15T18:03:35.522318+00:00,8o8-arch,7.0.12-arch1-1,AMD Ryzen 9 3900X 12-Core Processor,"logical=24,cores=12,sockets=1,nodes=1",performance,rustc 1.97.0 (2d8144b78 2026-07-07),22.1.6,cargo 1.97.0 (c980f4866 2026-06-30),"release,lto=thin,debug=true",/home/bob/.cache/mess-bench,/dev/nvme0n1p3,ext4,/home,Samsung SSD 970 EVO Plus 2TB,[none] mq-deadline kyber bfq,249466732544,4096,1024,payload[i]=(i*131+17)&0xff,5.9306640625,accepted,,1025,1025,0,54,bytes,553500,553500,33652800,270,0,0,256,0,0,5946282,5988547,109160,119930,124390,5.930,5.930
e000297,exploratory,pwritev_64_8m,baseline,1,1,ABBA,k_pwrite,process,24,10,1025,4,domain,synthetic_sweep,1,015d813736625640f12d26c5d349b92c14fd2fb4,false,a897dfa99e98479b638409c432d3d2bc8e7ba7d5ba4e5a046dd229021f58bffd,12b1dafe765a77d1a17115b0ae12cff973f20ed7d6d770fbd790695fe081288e,afaa9ca40fef1b2a362af2af235634b472665287e554d16b829c09e1a70787ac,8d5b7eba8aea53574190e7d4a6d9e7b424bc23a9e2a0b6968a27f1772509492b,6e938dfcd266a2b0eac811d7ea7eabbd5b217965f88efa81371465134dbcab11,2026-07-15T18:03:36.543301+00:00,8o8-arch,7.0.12-arch1-1,AMD Ryzen 9 3900X 12-Core Processor,"logical=24,cores=12,sockets=1,nodes=1",performance,rustc 1.97.0 (2d8144b78 2026-07-07),22.1.6,cargo 1.97.0 (c980f4866 2026-06-30),"release,lto=thin,debug=true",/home/bob/.cache/mess-bench,/dev/nvme0n1p3,ext4,/home,Samsung SSD 970 EVO Plus 2TB,[none] mq-deadline kyber bfq,249466728448,4096,1024,payload[i]=(i*131+17)&0xff,5.9306640625,accepted,,1025,1025,0,54,bytes,553500,553500,33652800,55350,0,0,0,0,0,50606862,51030511,842300,1069380,2315359,5.930,5.930
e000298,exploratory,pwritev_64_8m,candidate,1,2,ABBA,pwritev_64_8m,process,24,10,1025,4,domain,synthetic_sweep,1,015d813736625640f12d26c5d349b92c14fd2fb4,false,a897dfa99e98479b638409c432d3d2bc8e7ba7d5ba4e5a046dd229021f58bffd,12b1dafe765a77d1a17115b0ae12cff973f20ed7d6d770fbd790695fe081288e,afaa9ca40fef1b2a362af2af235634b472665287e554d16b829c09e1a70787ac,8d5b7eba8aea53574190e7d4a6d9e7b424bc23a9e2a0b6968a27f1772509492b,6e938dfcd266a2b0eac811d7ea7eabbd5b217965f88efa81371465134dbcab11,2026-07-15T18:03:37.569007+00:00,8o8-arch,7.0.12-arch1-1,AMD Ryzen 9 3900X 12-Core Processor,"logical=24,cores=12,sockets=1,nodes=1",performance,rustc 1.97.0 (2d8144b78 2026-07-07),22.1.6,cargo 1.97.0 (c980f4866 2026-06-30),"release,lto=thin,debug=true",/home/bob/.cache/mess-bench,/dev/nvme0n1p3,ext4,/home,Samsung SSD 970 EVO Plus 2TB,[none] mq-deadline kyber bfq,249466720256,4096,1024,payload[i]=(i*131+17)&0xff,5.9306640625,accepted,,1025,1025,0,54,bytes,553500,553500,33652800,918,0,0,64,0,0,7332622,7436665,133870,154910,159650,5.930,5.930
e000299,exploratory,pwritev_64_8m,candidate,1,3,ABBA,pwritev_64_8m,process,24,10,1025,4,domain,synthetic_sweep,1,015d813736625640f12d26c5d349b92c14fd2fb4,false,a897dfa99e98479b638409c432d3d2bc8e7ba7d5ba4e5a046dd229021f58bffd,12b1dafe765a77d1a17115b0ae12cff973f20ed7d6d770fbd790695fe081288e,afaa9ca40fef1b2a362af2af235634b472665287e554d16b829c09e1a70787ac,8d5b7eba8aea53574190e7d4a6d9e7b424bc23a9e2a0b6968a27f1772509492b,6e938dfcd266a2b0eac811d7ea7eabbd5b217965f88efa81371465134dbcab11,2026-07-15T18:03:38.598866+00:00,8o8-arch,7.0.12-arch1-1,AMD Ryzen 9 3900X 12-Core Processor,"logical=24,cores=12,sockets=1,nodes=1",performance,rustc 1.97.0 (2d8144b78 2026-07-07),22.1.6,cargo 1.97.0 (c980f4866 2026-06-30),"release,lto=thin,debug=true",/home/bob/.cache/mess-bench,/dev/nvme0n1p3,ext4,/home,Samsung SSD 970 EVO Plus 2TB,[none] mq-deadline kyber bfq,249466716160,4096,1024,payload[i]=(i*131+17)&0xff,5.9306640625,accepted,,1025,1025,0,54,bytes,553500,553500,33652800,918,0,0,64,0,0,7286142,7352155,132520,148130,152940,5.930,5.930
e000300,exploratory,pwritev_64_8m,baseline,1,4,ABBA,k_pwrite,process,24,10,1025,4,domain,synthetic_sweep,1,015d813736625640f12d26c5d349b92c14fd2fb4,false,a897dfa99e98479b638409c432d3d2bc8e7ba7d5ba4e5a046dd229021f58bffd,12b1dafe765a77d1a17115b0ae12cff973f20ed7d6d770fbd790695fe081288e,afaa9ca40fef1b2a362af2af235634b472665287e554d16b829c09e1a70787ac,8d5b7eba8aea53574190e7d4a6d9e7b424bc23a9e2a0b6968a27f1772509492b,6e938dfcd266a2b0eac811d7ea7eabbd5b217965f88efa81371465134dbcab11,2026-07-15T18:03:39.629817+00:00,8o8-arch,7.0.12-arch1-1,AMD Ryzen 9 3900X 12-Core Processor,"logical=24,cores=12,sockets=1,nodes=1",performance,rustc 1.97.0 (2d8144b78 2026-07-07),22.1.6,cargo 1.97.0 (c980f4866 2026-06-30),"release,lto=thin,debug=true",/home/bob/.cache/mess-bench,/dev/nvme0n1p3,ext4,/home,Samsung SSD 970 EVO Plus 2TB,[none] mq-deadline kyber bfq,249466716160,4096,1024,payload[i]=(i*131+17)&0xff,5.9306640625,accepted,,1025,1025,0,54,bytes,553500,553500,33652800,55350,0,0,0,0,0,49145142,49520372,843660,1021479,1033509,5.930,5.930
e000301,exploratory,copy_contiguous,candidate,1,1,BAAB,copy_contiguous,process,24,10,1025,4,domain,synthetic_sweep,1,015d813736625640f12d26c5d349b92c14fd2fb4,false,a897dfa99e98479b638409c432d3d2bc8e7ba7d5ba4e5a046dd229021f58bffd,12b1dafe765a77d1a17115b0ae12cff973f20ed7d6d770fbd790695fe081288e,afaa9ca40fef1b2a362af2af235634b472665287e554d16b829c09e1a70787ac,8d5b7eba8aea53574190e7d4a6d9e7b424bc23a9e2a0b6968a27f1772509492b,6e938dfcd266a2b0eac811d7ea7eabbd5b217965f88efa81371465134dbcab11,2026-07-15T18:03:40.658420+00:00,8o8-arch,7.0.12-arch1-1,AMD Ryzen 9 3900X 12-Core Processor,"logical=24,cores=12,sockets=1,nodes=1",performance,rustc 1.97.0 (2d8144b78 2026-07-07),22.1.6,cargo 1.97.0 (c980f4866 2026-06-30),"release,lto=thin,debug=true",/home/bob/.cache/mess-bench,/dev/nvme0n1p3,ext4,/home,Samsung SSD 970 EVO Plus 2TB,[none] mq-deadline kyber bfq,249466712064,4096,1024,payload[i]=(i*131+17)&0xff,5.86083984375,accepted,,1025,1025,0,54,bytes,553500,553500,33652800,54,0,0,0,33652800,0,5226542,5265477,96220,106450,112589,5.860,5.860
e000302,exploratory,copy_contiguous,baseline,1,2,BAAB,k_pwrite,process,24,10,1025,4,domain,synthetic_sweep,1,015d813736625640f12d26c5d349b92c14fd2fb4,false,a897dfa99e98479b638409c432d3d2bc8e7ba7d5ba4e5a046dd229021f58bffd,12b1dafe765a77d1a17115b0ae12cff973f20ed7d6d770fbd790695fe081288e,afaa9ca40fef1b2a362af2af235634b472665287e554d16b829c09e1a70787ac,8d5b7eba8aea53574190e7d4a6d9e7b424bc23a9e2a0b6968a27f1772509492b,6e938dfcd266a2b0eac811d7ea7eabbd5b217965f88efa81371465134dbcab11,2026-07-15T18:03:51.689088+00:00,8o8-arch,7.0.12-arch1-1,AMD Ryzen 9 3900X 12-Core Processor,"logical=24,cores=12,sockets=1,nodes=1",performance,rustc 1.97.0 (2d8144b78 2026-07-07),22.1.6,cargo 1.97.0 (c980f4866 2026-06-30),"release,lto=thin,debug=true",/home/bob/.cache/mess-bench,/dev/nvme0n1p3,ext4,/home,Samsung SSD 970 EVO Plus 2TB,[none] mq-deadline kyber bfq,249466707968,4096,1024,payload[i]=(i*131+17)&0xff,5.86083984375,accepted,,1025,1025,0,54,bytes,553500,553500,33652800,55350,0,0,0,0,0,48671672,50301031,844580,1044629,1053589,5.860,5.860
e000303,exploratory,copy_contiguous,baseline,1,3,BAAB,k_pwrite,process,24,10,1025,4,domain,synthetic_sweep,1,015d813736625640f12d26c5d349b92c14fd2fb4,false,a897dfa99e98479b638409c432d3d2bc8e7ba7d5ba4e5a046dd229021f58bffd,12b1dafe765a77d1a17115b0ae12cff973f20ed7d6d770fbd790695fe081288e,afaa9ca40fef1b2a362af2af235634b472665287e554d16b829c09e1a70787ac,8d5b7eba8aea53574190e7d4a6d9e7b424bc23a9e2a0b6968a27f1772509492b,6e938dfcd266a2b0eac811d7ea7eabbd5b217965f88efa81371465134dbcab11,2026-07-15T18:03:52.718283+00:00,8o8-arch,7.0.12-arch1-1,AMD Ryzen 9 3900X 12-Core Processor,"logical=24,cores=12,sockets=1,nodes=1",performance,rustc 1.97.0 (2d8144b78 2026-07-07),22.1.6,cargo 1.97.0 (c980f4866 2026-06-30),"release,lto=thin,debug=true",/home/bob/.cache/mess-bench,/dev/nvme0n1p3,ext4,/home,Samsung SSD 970 EVO Plus 2TB,[none] mq-deadline kyber bfq,249466691584,4096,1024,payload[i]=(i*131+17)&0xff,5.86083984375,accepted,,1025,1025,0,54,bytes,553500,553500,33652800,55350,0,0,0,0,0,50605142,51352150,846260,923560,3333018,5.860,5.860
e000304,exploratory,copy_contiguous,candidate,1,4,BAAB,copy_contiguous,process,24,10,1025,4,domain,synthetic_sweep,1,015d813736625640f12d26c5d349b92c14fd2fb4,false,a897dfa99e98479b638409c432d3d2bc8e7ba7d5ba4e5a046dd229021f58bffd,12b1dafe765a77d1a17115b0ae12cff973f20ed7d6d770fbd790695fe081288e,afaa9ca40fef1b2a362af2af235634b472665287e554d16b829c09e1a70787ac,8d5b7eba8aea53574190e7d4a6d9e7b424bc23a9e2a0b6968a27f1772509492b,6e938dfcd266a2b0eac811d7ea7eabbd5b217965f88efa81371465134dbcab11,2026-07-15T18:03:53.746002+00:00,8o8-arch,7.0.12-arch1-1,AMD Ryzen 9 3900X 12-Core Processor,"logical=24,cores=12,sockets=1,nodes=1",performance,rustc 1.97.0 (2d8144b78 2026-07-07),22.1.6,cargo 1.97.0 (c980f4866 2026-06-30),"release,lto=thin,debug=true",/home/bob/.cache/mess-bench,/dev/nvme0n1p3,ext4,/home,Samsung SSD 970 EVO Plus 2TB,[none] mq-deadline kyber bfq,249466691584,4096,1024,payload[i]=(i*131+17)&0xff,5.86083984375,accepted,,1025,1025,0,54,bytes,553500,553500,33652800,54,0,0,0,33652800,0,5431041,5478207,99580,111170,112800,5.860,5.860
e000305,exploratory,pwritev_full_8m,baseline,1,1,ABBA,k_pwrite,process,24,10,1025,4,new_name,synthetic_sweep,1,015d813736625640f12d26c5d349b92c14fd2fb4,false,a897dfa99e98479b638409c432d3d2bc8e7ba7d5ba4e5a046dd229021f58bffd,12b1dafe765a77d1a17115b0ae12cff973f20ed7d6d770fbd790695fe081288e,afaa9ca40fef1b2a362af2af235634b472665287e554d16b829c09e1a70787ac,8d5b7eba8aea53574190e7d4a6d9e7b424bc23a9e2a0b6968a27f1772509492b,6e938dfcd266a2b0eac811d7ea7eabbd5b217965f88efa81371465134dbcab11,2026-07-15T18:03:54.770449+00:00,8o8-arch,7.0.12-arch1-1,AMD Ryzen 9 3900X 12-Core Processor,"logical=24,cores=12,sockets=1,nodes=1",performance,rustc 1.97.0 (2d8144b78 2026-07-07),22.1.6,cargo 1.97.0 (c980f4866 2026-06-30),"release,lto=thin,debug=true",/home/bob/.cache/mess-bench,/dev/nvme0n1p3,ext4,/home,Samsung SSD 970 EVO Plus 2TB,[none] mq-deadline kyber bfq,249466687488,4096,1024,payload[i]=(i*131+17)&0xff,5.86083984375,accepted,,1025,2050,0,44,bytes,496100,451000,33734800,90200,0,0,0,0,0,73084048,73709878,1603109,1743909,3135658,5.860,5.860
e000306,exploratory,pwritev_full_8m,candidate,1,2,ABBA,pwritev_full_8m,process,24,10,1025,4,new_name,synthetic_sweep,1,015d813736625640f12d26c5d349b92c14fd2fb4,false,a897dfa99e98479b638409c432d3d2bc8e7ba7d5ba4e5a046dd229021f58bffd,12b1dafe765a77d1a17115b0ae12cff973f20ed7d6d770fbd790695fe081288e,afaa9ca40fef1b2a362af2af235634b472665287e554d16b829c09e1a70787ac,8d5b7eba8aea53574190e7d4a6d9e7b424bc23a9e2a0b6968a27f1772509492b,6e938dfcd266a2b0eac811d7ea7eabbd5b217965f88efa81371465134dbcab11,2026-07-15T18:03:55.792870+00:00,8o8-arch,7.0.12-arch1-1,AMD Ryzen 9 3900X 12-Core Processor,"logical=24,cores=12,sockets=1,nodes=1",performance,rustc 1.97.0 (2d8144b78 2026-07-07),22.1.6,cargo 1.97.0 (c980f4866 2026-06-30),"release,lto=thin,debug=true",/home/bob/.cache/mess-bench,/dev/nvme0n1p3,ext4,/home,Samsung SSD 970 EVO Plus 2TB,[none] mq-deadline kyber bfq,249466675200,4096,1024,payload[i]=(i*131+17)&0xff,5.47119140625,accepted,,1025,2050,0,44,bytes,496100,451000,33734800,132,0,0,1024,0,0,6489001,6527906,146819,158170,168870,5.470,5.470
e000307,exploratory,pwritev_full_8m,candidate,1,3,ABBA,pwritev_full_8m,process,24,10,1025,4,new_name,synthetic_sweep,1,015d813736625640f12d26c5d349b92c14fd2fb4,false,a897dfa99e98479b638409c432d3d2bc8e7ba7d5ba4e5a046dd229021f58bffd,12b1dafe765a77d1a17115b0ae12cff973f20ed7d6d770fbd790695fe081288e,afaa9ca40fef1b2a362af2af235634b472665287e554d16b829c09e1a70787ac,8d5b7eba8aea53574190e7d4a6d9e7b424bc23a9e2a0b6968a27f1772509492b,6e938dfcd266a2b0eac811d7ea7eabbd5b217965f88efa81371465134dbcab11,2026-07-15T18:03:56.821897+00:00,8o8-arch,7.0.12-arch1-1,AMD Ryzen 9 3900X 12-Core Processor,"logical=24,cores=12,sockets=1,nodes=1",performance,rustc 1.97.0 (2d8144b78 2026-07-07),22.1.6,cargo 1.97.0 (c980f4866 2026-06-30),"release,lto=thin,debug=true",/home/bob/.cache/mess-bench,/dev/nvme0n1p3,ext4,/home,Samsung SSD 970 EVO Plus 2TB,[none] mq-deadline kyber bfq,249466675200,4096,1024,payload[i]=(i*131+17)&0xff,5.47119140625,accepted,,1025,2050,0,44,bytes,496100,451000,33734800,132,0,0,1024,0,0,6914251,6957856,154230,176340,179180,5.470,5.470
e000308,exploratory,pwritev_full_8m,baseline,1,4,ABBA,k_pwrite,process,24,10,1025,4,new_name,synthetic_sweep,1,015d813736625640f12d26c5d349b92c14fd2fb4,false,a897dfa99e98479b638409c432d3d2bc8e7ba7d5ba4e5a046dd229021f58bffd,12b1dafe765a77d1a17115b0ae12cff973f20ed7d6d770fbd790695fe081288e,afaa9ca40fef1b2a362af2af235634b472665287e554d16b829c09e1a70787ac,8d5b7eba8aea53574190e7d4a6d9e7b424bc23a9e2a0b6968a27f1772509492b,6e938dfcd266a2b0eac811d7ea7eabbd5b217965f88efa81371465134dbcab11,2026-07-15T18:03:57.850948+00:00,8o8-arch,7.0.12-arch1-1,AMD Ryzen 9 3900X 12-Core Processor,"logical=24,cores=12,sockets=1,nodes=1",performance,rustc 1.97.0 (2d8144b78 2026-07-07),22.1.6,cargo 1.97.0 (c980f4866 2026-06-30),"release,lto=thin,debug=true",/home/bob/.cache/mess-bench,/dev/nvme0n1p3,ext4,/home,Samsung SSD 970 EVO Plus 2TB,[none] mq-deadline kyber bfq,249466675200,4096,1024,payload[i]=(i*131+17)&0xff,5.47119140625,accepted,,1025,2050,0,44,bytes,496100,451000,33734800,90200,0,0,0,0,0,77687960,79935165,1599539,3205008,5111757,5.470,5.470
e000309,exploratory,pwritev_256_8m,candidate,1,1,BAAB,pwritev_256_8m,process,24,10,1025,4,new_name,synthetic_sweep,1,015d813736625640f12d26c5d349b92c14fd2fb4,false,a897dfa99e98479b638409c432d3d2bc8e7ba7d5ba4e5a046dd229021f58bffd,12b1dafe765a77d1a17115b0ae12cff973f20ed7d6d770fbd790695fe081288e,afaa9ca40fef1b2a362af2af235634b472665287e554d16b829c09e1a70787ac,8d5b7eba8aea53574190e7d4a6d9e7b424bc23a9e2a0b6968a27f1772509492b,6e938dfcd266a2b0eac811d7ea7eabbd5b217965f88efa81371465134dbcab11,2026-07-15T18:03:58.873190+00:00,8o8-arch,7.0.12-arch1-1,AMD Ryzen 9 3900X 12-Core Processor,"logical=24,cores=12,sockets=1,nodes=1",performance,rustc 1.97.0 (2d8144b78 2026-07-07),22.1.6,cargo 1.97.0 (c980f4866 2026-06-30),"release,lto=thin,debug=true",/home/bob/.cache/mess-bench,/dev/nvme0n1p3,ext4,/home,Samsung SSD 970 EVO Plus 2TB,[none] mq-deadline kyber bfq,249466667008,4096,1024,payload[i]=(i*131+17)&0xff,5.47119140625,accepted,,1025,2050,0,44,bytes,496100,451000,33734800,396,0,0,256,0,0,7807272,7870255,177980,199220,200910,5.470,5.470
e000310,exploratory,pwritev_256_8m,baseline,1,2,BAAB,k_pwrite,process,24,10,1025,4,new_name,synthetic_sweep,1,015d813736625640f12d26c5d349b92c14fd2fb4,false,a897dfa99e98479b638409c432d3d2bc8e7ba7d5ba4e5a046dd229021f58bffd,12b1dafe765a77d1a17115b0ae12cff973f20ed7d6d770fbd790695fe081288e,afaa9ca40fef1b2a362af2af235634b472665287e554d16b829c09e1a70787ac,8d5b7eba8aea53574190e7d4a6d9e7b424bc23a9e2a0b6968a27f1772509492b,6e938dfcd266a2b0eac811d7ea7eabbd5b217965f88efa81371465134dbcab11,2026-07-15T18:03:59.906766+00:00,8o8-arch,7.0.12-arch1-1,AMD Ryzen 9 3900X 12-Core Processor,"logical=24,cores=12,sockets=1,nodes=1",performance,rustc 1.97.0 (2d8144b78 2026-07-07),22.1.6,cargo 1.97.0 (c980f4866 2026-06-30),"release,lto=thin,debug=true",/home/bob/.cache/mess-bench,/dev/nvme0n1p3,ext4,/home,Samsung SSD 970 EVO Plus 2TB,[none] mq-deadline kyber bfq,249466658816,4096,1024,payload[i]=(i*131+17)&0xff,5.47119140625,accepted,,1025,2050,0,44,bytes,496100,451000,33734800,90200,0,0,0,0,0,80122310,80815953,1603139,4467667,5189407,5.470,5.470
e000311,exploratory,pwritev_256_8m,baseline,1,3,BAAB,k_pwrite,process,24,10,1025,4,new_name,synthetic_sweep,1,015d813736625640f12d26c5d349b92c14fd2fb4,false,a897dfa99e98479b638409c432d3d2bc8e7ba7d5ba4e5a046dd229021f58bffd,12b1dafe765a77d1a17115b0ae12cff973f20ed7d6d770fbd790695fe081288e,afaa9ca40fef1b2a362af2af235634b472665287e554d16b829c09e1a70787ac,8d5b7eba8aea53574190e7d4a6d9e7b424bc23a9e2a0b6968a27f1772509492b,6e938dfcd266a2b0eac811d7ea7eabbd5b217965f88efa81371465134dbcab11,2026-07-15T18:04:00.939239+00:00,8o8-arch,7.0.12-arch1-1,AMD Ryzen 9 3900X 12-Core Processor,"logical=24,cores=12,sockets=1,nodes=1",performance,rustc 1.97.0 (2d8144b78 2026-07-07),22.1.6,cargo 1.97.0 (c980f4866 2026-06-30),"release,lto=thin,debug=true",/home/bob/.cache/mess-bench,/dev/nvme0n1p3,ext4,/home,Samsung SSD 970 EVO Plus 2TB,[none] mq-deadline kyber bfq,249466650624,4096,1024,payload[i]=(i*131+17)&0xff,5.27294921875,accepted,,1025,2050,0,44,bytes,496100,451000,33734800,90200,0,0,0,0,0,78010120,79102024,1602539,3998328,4542457,5.270,5.270
e000312,exploratory,pwritev_256_8m,candidate,1,4,BAAB,pwritev_256_8m,process,24,10,1025,4,new_name,synthetic_sweep,1,015d813736625640f12d26c5d349b92c14fd2fb4,false,a897dfa99e98479b638409c432d3d2bc8e7ba7d5ba4e5a046dd229021f58bffd,12b1dafe765a77d1a17115b0ae12cff973f20ed7d6d770fbd790695fe081288e,afaa9ca40fef1b2a362af2af235634b472665287e554d16b829c09e1a70787ac,8d5b7eba8aea53574190e7d4a6d9e7b424bc23a9e2a0b6968a27f1772509492b,6e938dfcd266a2b0eac811d7ea7eabbd5b217965f88efa81371465134dbcab11,2026-07-15T18:04:01.970792+00:00,8o8-arch,7.0.12-arch1-1,AMD Ryzen 9 3900X 12-Core Processor,"logical=24,cores=12,sockets=1,nodes=1",performance,rustc 1.97.0 (2d8144b78 2026-07-07),22.1.6,cargo 1.97.0 (c980f4866 2026-06-30),"release,lto=thin,debug=true",/home/bob/.cache/mess-bench,/dev/nvme0n1p3,ext4,/home,Samsung SSD 970 EVO Plus 2TB,[none] mq-deadline kyber bfq,249466650624,4096,1024,payload[i]=(i*131+17)&0xff,5.27294921875,accepted,,1025,2050,0,44,bytes,496100,451000,33734800,396,0,0,256,0,0,7199032,7256746,161900,175920,200060,5.270,5.270
e000313,exploratory,pwritev_64_8m,baseline,1,1,ABBA,k_pwrite,process,24,10,1025,4,new_name,synthetic_sweep,1,015d813736625640f12d26c5d349b92c14fd2fb4,false,a897dfa99e98479b638409c432d3d2bc8e7ba7d5ba4e5a046dd229021f58bffd,12b1dafe765a77d1a17115b0ae12cff973f20ed7d6d770fbd790695fe081288e,afaa9ca40fef1b2a362af2af235634b472665287e554d16b829c09e1a70787ac,8d5b7eba8aea53574190e7d4a6d9e7b424bc23a9e2a0b6968a27f1772509492b,6e938dfcd266a2b0eac811d7ea7eabbd5b217965f88efa81371465134dbcab11,2026-07-15T18:04:03.001888+00:00,8o8-arch,7.0.12-arch1-1,AMD Ryzen 9 3900X 12-Core Processor,"logical=24,cores=12,sockets=1,nodes=1",performance,rustc 1.97.0 (2d8144b78 2026-07-07),22.1.6,cargo 1.97.0 (c980f4866 2026-06-30),"release,lto=thin,debug=true",/home/bob/.cache/mess-bench,/dev/nvme0n1p3,ext4,/home,Samsung SSD 970 EVO Plus 2TB,[none] mq-deadline kyber bfq,249466646528,4096,1024,payload[i]=(i*131+17)&0xff,5.27294921875,accepted,,1025,2050,0,44,bytes,496100,451000,33734800,90200,0,0,0,0,0,76717489,77599455,1596719,1947059,4852607,5.270,5.270
e000314,exploratory,pwritev_64_8m,candidate,1,2,ABBA,pwritev_64_8m,process,24,10,1025,4,new_name,synthetic_sweep,1,015d813736625640f12d26c5d349b92c14fd2fb4,false,a897dfa99e98479b638409c432d3d2bc8e7ba7d5ba4e5a046dd229021f58bffd,12b1dafe765a77d1a17115b0ae12cff973f20ed7d6d770fbd790695fe081288e,afaa9ca40fef1b2a362af2af235634b472665287e554d16b829c09e1a70787ac,8d5b7eba8aea53574190e7d4a6d9e7b424bc23a9e2a0b6968a27f1772509492b,6e938dfcd266a2b0eac811d7ea7eabbd5b217965f88efa81371465134dbcab11,2026-07-15T18:04:04.031471+00:00,8o8-arch,7.0.12-arch1-1,AMD Ryzen 9 3900X 12-Core Processor,"logical=24,cores=12,sockets=1,nodes=1",performance,rustc 1.97.0 (2d8144b78 2026-07-07),22.1.6,cargo 1.97.0 (c980f4866 2026-06-30),"release,lto=thin,debug=true",/home/bob/.cache/mess-bench,/dev/nvme0n1p3,ext4,/home,Samsung SSD 970 EVO Plus 2TB,[none] mq-deadline kyber bfq,249466642432,4096,1024,payload[i]=(i*131+17)&0xff,5.27294921875,accepted,,1025,2050,0,44,bytes,496100,451000,33734800,1452,0,0,64,0,0,9189472,9257615,210290,221130,232610,5.270,5.270
e000315,exploratory,pwritev_64_8m,candidate,1,3,ABBA,pwritev_64_8m,process,24,10,1025,4,new_name,synthetic_sweep,1,015d813736625640f12d26c5d349b92c14fd2fb4,false,a897dfa99e98479b638409c432d3d2bc8e7ba7d5ba4e5a046dd229021f58bffd,12b1dafe765a77d1a17115b0ae12cff973f20ed7d6d770fbd790695fe081288e,afaa9ca40fef1b2a362af2af235634b472665287e554d16b829c09e1a70787ac,8d5b7eba8aea53574190e7d4a6d9e7b424bc23a9e2a0b6968a27f1772509492b,6e938dfcd266a2b0eac811d7ea7eabbd5b217965f88efa81371465134dbcab11,2026-07-15T18:04:05.054836+00:00,8o8-arch,7.0.12-arch1-1,AMD Ryzen 9 3900X 12-Core Processor,"logical=24,cores=12,sockets=1,nodes=1",performance,rustc 1.97.0 (2d8144b78 2026-07-07),22.1.6,cargo 1.97.0 (c980f4866 2026-06-30),"release,lto=thin,debug=true",/home/bob/.cache/mess-bench,/dev/nvme0n1p3,ext4,/home,Samsung SSD 970 EVO Plus 2TB,[none] mq-deadline kyber bfq,249466638336,4096,1024,payload[i]=(i*131+17)&0xff,5.27294921875,accepted,,1025,2050,0,44,bytes,496100,451000,33734800,1452,0,0,64,0,0,10893672,10999874,209170,239530,1878469,5.270,5.270
e000316,exploratory,pwritev_64_8m,baseline,1,4,ABBA,k_pwrite,process,24,10,1025,4,new_name,synthetic_sweep,1,015d813736625640f12d26c5d349b92c14fd2fb4,false,a897dfa99e98479b638409c432d3d2bc8e7ba7d5ba4e5a046dd229021f58bffd,12b1dafe765a77d1a17115b0ae12cff973f20ed7d6d770fbd790695fe081288e,afaa9ca40fef1b2a362af2af235634b472665287e554d16b829c09e1a70787ac,8d5b7eba8aea53574190e7d4a6d9e7b424bc23a9e2a0b6968a27f1772509492b,6e938dfcd266a2b0eac811d7ea7eabbd5b217965f88efa81371465134dbcab11,2026-07-15T18:04:06.083379+00:00,8o8-arch,7.0.12-arch1-1,AMD Ryzen 9 3900X 12-Core Processor,"logical=24,cores=12,sockets=1,nodes=1",performance,rustc 1.97.0 (2d8144b78 2026-07-07),22.1.6,cargo 1.97.0 (c980f4866 2026-06-30),"release,lto=thin,debug=true",/home/bob/.cache/mess-bench,/dev/nvme0n1p3,ext4,/home,Samsung SSD 970 EVO Plus 2TB,[none] mq-deadline kyber bfq,249466638336,4096,1024,payload[i]=(i*131+17)&0xff,4.9306640625,accepted,,1025,2050,0,44,bytes,496100,451000,33734800,90200,0,0,0,0,0,80109921,80923763,1593699,4364507,4975857,4.930,4.930
e000317,exploratory,copy_contiguous,candidate,1,1,BAAB,copy_contiguous,process,24,10,1025,4,new_name,synthetic_sweep,1,015d813736625640f12d26c5d349b92c14fd2fb4,false,a897dfa99e98479b638409c432d3d2bc8e7ba7d5ba4e5a046dd229021f58bffd,12b1dafe765a77d1a17115b0ae12cff973f20ed7d6d770fbd790695fe081288e,afaa9ca40fef1b2a362af2af235634b472665287e554d16b829c09e1a70787ac,8d5b7eba8aea53574190e7d4a6d9e7b424bc23a9e2a0b6968a27f1772509492b,6e938dfcd266a2b0eac811d7ea7eabbd5b217965f88efa81371465134dbcab11,2026-07-15T18:04:07.111313+00:00,8o8-arch,7.0.12-arch1-1,AMD Ryzen 9 3900X 12-Core Processor,"logical=24,cores=12,sockets=1,nodes=1",performance,rustc 1.97.0 (2d8144b78 2026-07-07),22.1.6,cargo 1.97.0 (c980f4866 2026-06-30),"release,lto=thin,debug=true",/home/bob/.cache/mess-bench,/dev/nvme0n1p3,ext4,/home,Samsung SSD 970 EVO Plus 2TB,[none] mq-deadline kyber bfq,249466638336,4096,1024,payload[i]=(i*131+17)&0xff,4.9306640625,accepted,,1025,2050,0,44,bytes,496100,451000,33734800,44,0,0,0,33734800,0,8323993,8384825,121890,623320,1601579,4.930,4.930
e000318,exploratory,copy_contiguous,baseline,1,2,BAAB,k_pwrite,process,24,10,1025,4,new_name,synthetic_sweep,1,015d813736625640f12d26c5d349b92c14fd2fb4,false,a897dfa99e98479b638409c432d3d2bc8e7ba7d5ba4e5a046dd229021f58bffd,12b1dafe765a77d1a17115b0ae12cff973f20ed7d6d770fbd790695fe081288e,afaa9ca40fef1b2a362af2af235634b472665287e554d16b829c09e1a70787ac,8d5b7eba8aea53574190e7d4a6d9e7b424bc23a9e2a0b6968a27f1772509492b,6e938dfcd266a2b0eac811d7ea7eabbd5b217965f88efa81371465134dbcab11,2026-07-15T18:04:08.142748+00:00,8o8-arch,7.0.12-arch1-1,AMD Ryzen 9 3900X 12-Core Processor,"logical=24,cores=12,sockets=1,nodes=1",performance,rustc 1.97.0 (2d8144b78 2026-07-07),22.1.6,cargo 1.97.0 (c980f4866 2026-06-30),"release,lto=thin,debug=true",/home/bob/.cache/mess-bench,/dev/nvme0n1p3,ext4,/home,Samsung SSD 970 EVO Plus 2TB,[none] mq-deadline kyber bfq,249466634240,4096,1024,payload[i]=(i*131+17)&0xff,4.9306640625,accepted,,1025,2050,0,44,bytes,496100,451000,33734800,90200,0,0,0,0,0,77803119,78595165,1610019,3488027,4410157,4.930,4.930
e000319,exploratory,copy_contiguous,baseline,1,3,BAAB,k_pwrite,process,24,10,1025,4,new_name,synthetic_sweep,1,015d813736625640f12d26c5d349b92c14fd2fb4,false,a897dfa99e98479b638409c432d3d2bc8e7ba7d5ba4e5a046dd229021f58bffd,12b1dafe765a77d1a17115b0ae12cff973f20ed7d6d770fbd790695fe081288e,afaa9ca40fef1b2a362af2af235634b472665287e554d16b829c09e1a70787ac,8d5b7eba8aea53574190e7d4a6d9e7b424bc23a9e2a0b6968a27f1772509492b,6e938dfcd266a2b0eac811d7ea7eabbd5b217965f88efa81371465134dbcab11,2026-07-15T18:04:09.172610+00:00,8o8-arch,7.0.12-arch1-1,AMD Ryzen 9 3900X 12-Core Processor,"logical=24,cores=12,sockets=1,nodes=1",performance,rustc 1.97.0 (2d8144b78 2026-07-07),22.1.6,cargo 1.97.0 (c980f4866 2026-06-30),"release,lto=thin,debug=true",/home/bob/.cache/mess-bench,/dev/nvme0n1p3,ext4,/home,Samsung SSD 970 EVO Plus 2TB,[none] mq-deadline kyber bfq,249466626048,4096,1024,payload[i]=(i*131+17)&0xff,4.9306640625,accepted,,1025,2050,0,44,bytes,496100,451000,33734800,90200,0,0,0,0,0,72870159,73404248,1595129,2141509,2802628,4.930,4.930
e000320,exploratory,copy_contiguous,candidate,1,4,BAAB,copy_contiguous,process,24,10,1025,4,new_name,synthetic_sweep,1,015d813736625640f12d26c5d349b92c14fd2fb4,false,a897dfa99e98479b638409c432d3d2bc8e7ba7d5ba4e5a046dd229021f58bffd,12b1dafe765a77d1a17115b0ae12cff973f20ed7d6d770fbd790695fe081288e,afaa9ca40fef1b2a362af2af235634b472665287e554d16b829c09e1a70787ac,8d5b7eba8aea53574190e7d4a6d9e7b424bc23a9e2a0b6968a27f1772509492b,6e938dfcd266a2b0eac811d7ea7eabbd5b217965f88efa81371465134dbcab11,2026-07-15T18:04:10.194860+00:00,8o8-arch,7.0.12-arch1-1,AMD Ryzen 9 3900X 12-Core Processor,"logical=24,cores=12,sockets=1,nodes=1",performance,rustc 1.97.0 (2d8144b78 2026-07-07),22.1.6,cargo 1.97.0 (c980f4866 2026-06-30),"release,lto=thin,debug=true",/home/bob/.cache/mess-bench,/dev/nvme0n1p3,ext4,/home,Samsung SSD 970 EVO Plus 2TB,[none] mq-deadline kyber bfq,249466621952,4096,1024,payload[i]=(i*131+17)&0xff,4.9306640625,accepted,,1025,2050,0,44,bytes,496100,451000,33734800,44,0,0,0,33734800,0,5172231,5216927,114660,130739,159760,4.930,4.930
e000321,exploratory,pwritev_full_8m,baseline,1,1,ABBA,k_pwrite,process,24,100,2,2,domain,synthetic_sweep,1,015d813736625640f12d26c5d349b92c14fd2fb4,false,a897dfa99e98479b638409c432d3d2bc8e7ba7d5ba4e5a046dd229021f58bffd,12b1dafe765a77d1a17115b0ae12cff973f20ed7d6d770fbd790695fe081288e,afaa9ca40fef1b2a362af2af235634b472665287e554d16b829c09e1a70787ac,8d5b7eba8aea53574190e7d4a6d9e7b424bc23a9e2a0b6968a27f1772509492b,6e938dfcd266a2b0eac811d7ea7eabbd5b217965f88efa81371465134dbcab11,2026-07-15T18:04:11.224599+00:00,8o8-arch,7.0.12-arch1-1,AMD Ryzen 9 3900X 12-Core Processor,"logical=24,cores=12,sockets=1,nodes=1",performance,rustc 1.97.0 (2d8144b78 2026-07-07),22.1.6,cargo 1.97.0 (c980f4866 2026-06-30),"release,lto=thin,debug=true",/home/bob/.cache/mess-bench,/dev/nvme0n1p3,ext4,/home,Samsung SSD 970 EVO Plus 2TB,[none] mq-deadline kyber bfq,249466621952,4096,1024,payload[i]=(i*131+17)&0xff,4.9365234375,accepted,,2,2,0,3173,bytes,634600,634600,33557648,6346,0,0,0,0,0,7743362,7812296,2320,2760,3050,4.940,4.940
e000322,exploratory,pwritev_full_8m,candidate,1,2,ABBA,pwritev_full_8m,process,24,100,2,2,domain,synthetic_sweep,1,015d813736625640f12d26c5d349b92c14fd2fb4,false,a897dfa99e98479b638409c432d3d2bc8e7ba7d5ba4e5a046dd229021f58bffd,12b1dafe765a77d1a17115b0ae12cff973f20ed7d6d770fbd790695fe081288e,afaa9ca40fef1b2a362af2af235634b472665287e554d16b829c09e1a70787ac,8d5b7eba8aea53574190e7d4a6d9e7b424bc23a9e2a0b6968a27f1772509492b,6e938dfcd266a2b0eac811d7ea7eabbd5b217965f88efa81371465134dbcab11,2026-07-15T18:04:12.247106+00:00,8o8-arch,7.0.12-arch1-1,AMD Ryzen 9 3900X 12-Core Processor,"logical=24,cores=12,sockets=1,nodes=1",performance,rustc 1.97.0 (2d8144b78 2026-07-07),22.1.6,cargo 1.97.0 (c980f4866 2026-06-30),"release,lto=thin,debug=true",/home/bob/.cache/mess-bench,/dev/nvme0n1p3,ext4,/home,Samsung SSD 970 EVO Plus 2TB,[none] mq-deadline kyber bfq,249466617856,4096,1024,payload[i]=(i*131+17)&0xff,4.9365234375,accepted,,2,2,0,3173,bytes,634600,634600,33557648,3173,0,0,2,0,0,5953772,5993467,1780,2190,2300,4.940,4.940
e000323,exploratory,pwritev_full_8m,candidate,1,3,ABBA,pwritev_full_8m,process,24,100,2,2,domain,synthetic_sweep,1,015d813736625640f12d26c5d349b92c14fd2fb4,false,a897dfa99e98479b638409c432d3d2bc8e7ba7d5ba4e5a046dd229021f58bffd,12b1dafe765a77d1a17115b0ae12cff973f20ed7d6d770fbd790695fe081288e,afaa9ca40fef1b2a362af2af235634b472665287e554d16b829c09e1a70787ac,8d5b7eba8aea53574190e7d4a6d9e7b424bc23a9e2a0b6968a27f1772509492b,6e938dfcd266a2b0eac811d7ea7eabbd5b217965f88efa81371465134dbcab11,2026-07-15T18:04:13.272825+00:00,8o8-arch,7.0.12-arch1-1,AMD Ryzen 9 3900X 12-Core Processor,"logical=24,cores=12,sockets=1,nodes=1",performance,rustc 1.97.0 (2d8144b78 2026-07-07),22.1.6,cargo 1.97.0 (c980f4866 2026-06-30),"release,lto=thin,debug=true",/home/bob/.cache/mess-bench,/dev/nvme0n1p3,ext4,/home,Samsung SSD 970 EVO Plus 2TB,[none] mq-deadline kyber bfq,249466617856,4096,1024,payload[i]=(i*131+17)&0xff,4.9365234375,accepted,,2,2,0,3173,bytes,634600,634600,33557648,3173,0,0,2,0,0,5868362,5902587,1760,1810,2250,4.940,4.940
e000324,exploratory,pwritev_full_8m,baseline,1,4,ABBA,k_pwrite,process,24,100,2,2,domain,synthetic_sweep,1,015d813736625640f12d26c5d349b92c14fd2fb4,false,a897dfa99e98479b638409c432d3d2bc8e7ba7d5ba4e5a046dd229021f58bffd,12b1dafe765a77d1a17115b0ae12cff973f20ed7d6d770fbd790695fe081288e,afaa9ca40fef1b2a362af2af235634b472665287e554d16b829c09e1a70787ac,8d5b7eba8aea53574190e7d4a6d9e7b424bc23a9e2a0b6968a27f1772509492b,6e938dfcd266a2b0eac811d7ea7eabbd5b217965f88efa81371465134dbcab11,2026-07-15T18:04:14.304359+00:00,8o8-arch,7.0.12-arch1-1,AMD Ryzen 9 3900X 12-Core Processor,"logical=24,cores=12,sockets=1,nodes=1",performance,rustc 1.97.0 (2d8144b78 2026-07-07),22.1.6,cargo 1.97.0 (c980f4866 2026-06-30),"release,lto=thin,debug=true",/home/bob/.cache/mess-bench,/dev/nvme0n1p3,ext4,/home,Samsung SSD 970 EVO Plus 2TB,[none] mq-deadline kyber bfq,249466609664,4096,1024,payload[i]=(i*131+17)&0xff,4.9365234375,accepted,,2,2,0,3173,bytes,634600,634600,33557648,6346,0,0,0,0,0,7746452,7889546,2350,2650,3050,4.940,4.940
e000325,exploratory,copy_contiguous,candidate,1,1,BAAB,copy_contiguous,process,24,100,2,2,domain,synthetic_sweep,1,015d813736625640f12d26c5d349b92c14fd2fb4,false,a897dfa99e98479b638409c432d3d2bc8e7ba7d5ba4e5a046dd229021f58bffd,12b1dafe765a77d1a17115b0ae12cff973f20ed7d6d770fbd790695fe081288e,afaa9ca40fef1b2a362af2af235634b472665287e554d16b829c09e1a70787ac,8d5b7eba8aea53574190e7d4a6d9e7b424bc23a9e2a0b6968a27f1772509492b,6e938dfcd266a2b0eac811d7ea7eabbd5b217965f88efa81371465134dbcab11,2026-07-15T18:04:15.335642+00:00,8o8-arch,7.0.12-arch1-1,AMD Ryzen 9 3900X 12-Core Processor,"logical=24,cores=12,sockets=1,nodes=1",performance,rustc 1.97.0 (2d8144b78 2026-07-07),22.1.6,cargo 1.97.0 (c980f4866 2026-06-30),"release,lto=thin,debug=true",/home/bob/.cache/mess-bench,/dev/nvme0n1p3,ext4,/home,Samsung SSD 970 EVO Plus 2TB,[none] mq-deadline kyber bfq,249466605568,4096,1024,payload[i]=(i*131+17)&0xff,4.9365234375,accepted,,2,2,0,3173,bytes,634600,634600,33557648,3173,0,0,0,33557648,0,5942621,6001486,1760,1970,2510,4.940,4.940
e000326,exploratory,copy_contiguous,baseline,1,2,BAAB,k_pwrite,process,24,100,2,2,domain,synthetic_sweep,1,015d813736625640f12d26c5d349b92c14fd2fb4,false,a897dfa99e98479b638409c432d3d2bc8e7ba7d5ba4e5a046dd229021f58bffd,12b1dafe765a77d1a17115b0ae12cff973f20ed7d6d770fbd790695fe081288e,afaa9ca40fef1b2a362af2af235634b472665287e554d16b829c09e1a70787ac,8d5b7eba8aea53574190e7d4a6d9e7b424bc23a9e2a0b6968a27f1772509492b,6e938dfcd266a2b0eac811d7ea7eabbd5b217965f88efa81371465134dbcab11,2026-07-15T18:04:16.365666+00:00,8o8-arch,7.0.12-arch1-1,AMD Ryzen 9 3900X 12-Core Processor,"logical=24,cores=12,sockets=1,nodes=1",performance,rustc 1.97.0 (2d8144b78 2026-07-07),22.1.6,cargo 1.97.0 (c980f4866 2026-06-30),"release,lto=thin,debug=true",/home/bob/.cache/mess-bench,/dev/nvme0n1p3,ext4,/home,Samsung SSD 970 EVO Plus 2TB,[none] mq-deadline kyber bfq,249466601472,4096,1024,payload[i]=(i*131+17)&0xff,4.861328125,accepted,,2,2,0,3173,bytes,634600,634600,33557648,6346,0,0,0,0,0,8020522,8091185,2330,2960,3230,4.860,4.860
e000327,exploratory,copy_contiguous,baseline,1,3,BAAB,k_pwrite,process,24,100,2,2,domain,synthetic_sweep,1,015d813736625640f12d26c5d349b92c14fd2fb4,false,a897dfa99e98479b638409c432d3d2bc8e7ba7d5ba4e5a046dd229021f58bffd,12b1dafe765a77d1a17115b0ae12cff973f20ed7d6d770fbd790695fe081288e,afaa9ca40fef1b2a362af2af235634b472665287e554d16b829c09e1a70787ac,8d5b7eba8aea53574190e7d4a6d9e7b424bc23a9e2a0b6968a27f1772509492b,6e938dfcd266a2b0eac811d7ea7eabbd5b217965f88efa81371465134dbcab11,2026-07-15T18:04:17.393493+00:00,8o8-arch,7.0.12-arch1-1,AMD Ryzen 9 3900X 12-Core Processor,"logical=24,cores=12,sockets=1,nodes=1",performance,rustc 1.97.0 (2d8144b78 2026-07-07),22.1.6,cargo 1.97.0 (c980f4866 2026-06-30),"release,lto=thin,debug=true",/home/bob/.cache/mess-bench,/dev/nvme0n1p3,ext4,/home,Samsung SSD 970 EVO Plus 2TB,[none] mq-deadline kyber bfq,249466601472,4096,1024,payload[i]=(i*131+17)&0xff,4.861328125,accepted,,2,2,0,3173,bytes,634600,634600,33557648,6346,0,0,0,0,0,7858512,7918126,2360,2770,3080,4.860,4.860
e000328,exploratory,copy_contiguous,candidate,1,4,BAAB,copy_contiguous,process,24,100,2,2,domain,synthetic_sweep,1,015d813736625640f12d26c5d349b92c14fd2fb4,false,a897dfa99e98479b638409c432d3d2bc8e7ba7d5ba4e5a046dd229021f58bffd,12b1dafe765a77d1a17115b0ae12cff973f20ed7d6d770fbd790695fe081288e,afaa9ca40fef1b2a362af2af235634b472665287e554d16b829c09e1a70787ac,8d5b7eba8aea53574190e7d4a6d9e7b424bc23a9e2a0b6968a27f1772509492b,6e938dfcd266a2b0eac811d7ea7eabbd5b217965f88efa81371465134dbcab11,2026-07-15T18:04:18.424786+00:00,8o8-arch,7.0.12-arch1-1,AMD Ryzen 9 3900X 12-Core Processor,"logical=24,cores=12,sockets=1,nodes=1",performance,rustc 1.97.0 (2d8144b78 2026-07-07),22.1.6,cargo 1.97.0 (c980f4866 2026-06-30),"release,lto=thin,debug=true",/home/bob/.cache/mess-bench,/dev/nvme0n1p3,ext4,/home,Samsung SSD 970 EVO Plus 2TB,[none] mq-deadline kyber bfq,249466597376,4096,1024,payload[i]=(i*131+17)&0xff,4.861328125,accepted,,2,2,0,3173,bytes,634600,634600,33557648,3173,0,0,0,33557648,0,6276741,6322037,1770,2330,2560,4.860,4.860
e000329,exploratory,pwritev_full_8m,baseline,1,1,ABBA,k_pwrite,process,24,100,2,2,new_name,synthetic_sweep,1,015d813736625640f12d26c5d349b92c14fd2fb4,false,a897dfa99e98479b638409c432d3d2bc8e7ba7d5ba4e5a046dd229021f58bffd,12b1dafe765a77d1a17115b0ae12cff973f20ed7d6d770fbd790695fe081288e,afaa9ca40fef1b2a362af2af235634b472665287e554d16b829c09e1a70787ac,8d5b7eba8aea53574190e7d4a6d9e7b424bc23a9e2a0b6968a27f1772509492b,6e938dfcd266a2b0eac811d7ea7eabbd5b217965f88efa81371465134dbcab11,2026-07-15T18:04:19.458529+00:00,8o8-arch,7.0.12-arch1-1,AMD Ryzen 9 3900X 12-Core Processor,"logical=24,cores=12,sockets=1,nodes=1",performance,rustc 1.97.0 (2d8144b78 2026-07-07),22.1.6,cargo 1.97.0 (c980f4866 2026-06-30),"release,lto=thin,debug=true",/home/bob/.cache/mess-bench,/dev/nvme0n1p3,ext4,/home,Samsung SSD 970 EVO Plus 2TB,[none] mq-deadline kyber bfq,249466597376,4096,1024,payload[i]=(i*131+17)&0xff,4.861328125,accepted,,2,4,0,3091,bytes,624382,618200,33555896,12364,0,0,0,0,0,13921334,14077582,3780,4620,26010,4.860,4.860
e000330,exploratory,pwritev_full_8m,candidate,1,2,ABBA,pwritev_full_8m,process,24,100,2,2,new_name,synthetic_sweep,1,015d813736625640f12d26c5d349b92c14fd2fb4,false,a897dfa99e98479b638409c432d3d2bc8e7ba7d5ba4e5a046dd229021f58bffd,12b1dafe765a77d1a17115b0ae12cff973f20ed7d6d770fbd790695fe081288e,afaa9ca40fef1b2a362af2af235634b472665287e554d16b829c09e1a70787ac,8d5b7eba8aea53574190e7d4a6d9e7b424bc23a9e2a0b6968a27f1772509492b,6e938dfcd266a2b0eac811d7ea7eabbd5b217965f88efa81371465134dbcab11,2026-07-15T18:04:20.489477+00:00,8o8-arch,7.0.12-arch1-1,AMD Ryzen 9 3900X 12-Core Processor,"logical=24,cores=12,sockets=1,nodes=1",performance,rustc 1.97.0 (2d8144b78 2026-07-07),22.1.6,cargo 1.97.0 (c980f4866 2026-06-30),"release,lto=thin,debug=true",/home/bob/.cache/mess-bench,/dev/nvme0n1p3,ext4,/home,Samsung SSD 970 EVO Plus 2TB,[none] mq-deadline kyber bfq,249466589184,4096,1024,payload[i]=(i*131+17)&0xff,4.6318359375,accepted,,2,4,0,3091,bytes,624382,618200,33555896,3091,0,0,4,0,0,6175291,6282456,1850,2390,2450,4.630,4.630
e000331,exploratory,pwritev_full_8m,candidate,1,3,ABBA,pwritev_full_8m,process,24,100,2,2,new_name,synthetic_sweep,1,015d813736625640f12d26c5d349b92c14fd2fb4,false,a897dfa99e98479b638409c432d3d2bc8e7ba7d5ba4e5a046dd229021f58bffd,12b1dafe765a77d1a17115b0ae12cff973f20ed7d6d770fbd790695fe081288e,afaa9ca40fef1b2a362af2af235634b472665287e554d16b829c09e1a70787ac,8d5b7eba8aea53574190e7d4a6d9e7b424bc23a9e2a0b6968a27f1772509492b,6e938dfcd266a2b0eac811d7ea7eabbd5b217965f88efa81371465134dbcab11,2026-07-15T18:04:21.511908+00:00,8o8-arch,7.0.12-arch1-1,AMD Ryzen 9 3900X 12-Core Processor,"logical=24,cores=12,sockets=1,nodes=1",performance,rustc 1.97.0 (2d8144b78 2026-07-07),22.1.6,cargo 1.97.0 (c980f4866 2026-06-30),"release,lto=thin,debug=true",/home/bob/.cache/mess-bench,/dev/nvme0n1p3,ext4,/home,Samsung SSD 970 EVO Plus 2TB,[none] mq-deadline kyber bfq,249466585088,4096,1024,payload[i]=(i*131+17)&0xff,4.6318359375,accepted,,2,4,0,3091,bytes,624382,618200,33555896,3091,0,0,4,0,0,6068541,6115226,1840,2310,2420,4.630,4.630
e000332,exploratory,pwritev_full_8m,baseline,1,4,ABBA,k_pwrite,process,24,100,2,2,new_name,synthetic_sweep,1,015d813736625640f12d26c5d349b92c14fd2fb4,false,a897dfa99e98479b638409c432d3d2bc8e7ba7d5ba4e5a046dd229021f58bffd,12b1dafe765a77d1a17115b0ae12cff973f20ed7d6d770fbd790695fe081288e,afaa9ca40fef1b2a362af2af235634b472665287e554d16b829c09e1a70787ac,8d5b7eba8aea53574190e7d4a6d9e7b424bc23a9e2a0b6968a27f1772509492b,6e938dfcd266a2b0eac811d7ea7eabbd5b217965f88efa81371465134dbcab11,2026-07-15T18:04:22.537340+00:00,8o8-arch,7.0.12-arch1-1,AMD Ryzen 9 3900X 12-Core Processor,"logical=24,cores=12,sockets=1,nodes=1",performance,rustc 1.97.0 (2d8144b78 2026-07-07),22.1.6,cargo 1.97.0 (c980f4866 2026-06-30),"release,lto=thin,debug=true",/home/bob/.cache/mess-bench,/dev/nvme0n1p3,ext4,/home,Samsung SSD 970 EVO Plus 2TB,[none] mq-deadline kyber bfq,249466580992,4096,1024,payload[i]=(i*131+17)&0xff,4.6318359375,accepted,,2,4,0,3091,bytes,624382,618200,33555896,12364,0,0,0,0,0,13004324,13248773,3810,5000,6760,4.630,4.630
e000333,exploratory,copy_contiguous,candidate,1,1,BAAB,copy_contiguous,process,24,100,2,2,new_name,synthetic_sweep,1,015d813736625640f12d26c5d349b92c14fd2fb4,false,a897dfa99e98479b638409c432d3d2bc8e7ba7d5ba4e5a046dd229021f58bffd,12b1dafe765a77d1a17115b0ae12cff973f20ed7d6d770fbd790695fe081288e,afaa9ca40fef1b2a362af2af235634b472665287e554d16b829c09e1a70787ac,8d5b7eba8aea53574190e7d4a6d9e7b424bc23a9e2a0b6968a27f1772509492b,6e938dfcd266a2b0eac811d7ea7eabbd5b217965f88efa81371465134dbcab11,2026-07-15T18:04:23.568633+00:00,8o8-arch,7.0.12-arch1-1,AMD Ryzen 9 3900X 12-Core Processor,"logical=24,cores=12,sockets=1,nodes=1",performance,rustc 1.97.0 (2d8144b78 2026-07-07),22.1.6,cargo 1.97.0 (c980f4866 2026-06-30),"release,lto=thin,debug=true",/home/bob/.cache/mess-bench,/dev/nvme0n1p3,ext4,/home,Samsung SSD 970 EVO Plus 2TB,[none] mq-deadline kyber bfq,249466576896,4096,1024,payload[i]=(i*131+17)&0xff,4.6318359375,accepted,,2,4,0,3091,bytes,624382,618200,33555896,3091,0,0,0,33555896,0,5805552,5841186,1780,2140,2350,4.630,4.630
e000334,exploratory,copy_contiguous,baseline,1,2,BAAB,k_pwrite,process,24,100,2,2,new_name,synthetic_sweep,1,015d813736625640f12d26c5d349b92c14fd2fb4,false,a897dfa99e98479b638409c432d3d2bc8e7ba7d5ba4e5a046dd229021f58bffd,12b1dafe765a77d1a17115b0ae12cff973f20ed7d6d770fbd790695fe081288e,afaa9ca40fef1b2a362af2af235634b472665287e554d16b829c09e1a70787ac,8d5b7eba8aea53574190e7d4a6d9e7b424bc23a9e2a0b6968a27f1772509492b,6e938dfcd266a2b0eac811d7ea7eabbd5b217965f88efa81371465134dbcab11,2026-07-15T18:04:24.600195+00:00,8o8-arch,7.0.12-arch1-1,AMD Ryzen 9 3900X 12-Core Processor,"logical=24,cores=12,sockets=1,nodes=1",performance,rustc 1.97.0 (2d8144b78 2026-07-07),22.1.6,cargo 1.97.0 (c980f4866 2026-06-30),"release,lto=thin,debug=true",/home/bob/.cache/mess-bench,/dev/nvme0n1p3,ext4,/home,Samsung SSD 970 EVO Plus 2TB,[none] mq-deadline kyber bfq,249466572800,4096,1024,payload[i]=(i*131+17)&0xff,4.6318359375,accepted,,2,4,0,3091,bytes,624382,618200,33555896,12364,0,0,0,0,0,12094843,13184482,3790,4300,5020,4.630,4.630
e000335,exploratory,copy_contiguous,baseline,1,3,BAAB,k_pwrite,process,24,100,2,2,new_name,synthetic_sweep,1,015d813736625640f12d26c5d349b92c14fd2fb4,false,a897dfa99e98479b638409c432d3d2bc8e7ba7d5ba4e5a046dd229021f58bffd,12b1dafe765a77d1a17115b0ae12cff973f20ed7d6d770fbd790695fe081288e,afaa9ca40fef1b2a362af2af235634b472665287e554d16b829c09e1a70787ac,8d5b7eba8aea53574190e7d4a6d9e7b424bc23a9e2a0b6968a27f1772509492b,6e938dfcd266a2b0eac811d7ea7eabbd5b217965f88efa81371465134dbcab11,2026-07-15T18:04:25.628796+00:00,8o8-arch,7.0.12-arch1-1,AMD Ryzen 9 3900X 12-Core Processor,"logical=24,cores=12,sockets=1,nodes=1",performance,rustc 1.97.0 (2d8144b78 2026-07-07),22.1.6,cargo 1.97.0 (c980f4866 2026-06-30),"release,lto=thin,debug=true",/home/bob/.cache/mess-bench,/dev/nvme0n1p3,ext4,/home,Samsung SSD 970 EVO Plus 2TB,[none] mq-deadline kyber bfq,249466572800,4096,1024,payload[i]=(i*131+17)&0xff,4.3408203125,accepted,,2,4,0,3091,bytes,624382,618200,33555896,12364,0,0,0,0,0,12003433,12093693,3770,4210,4680,4.340,4.340
e000336,exploratory,copy_contiguous,candidate,1,4,BAAB,copy_contiguous,process,24,100,2,2,new_name,synthetic_sweep,1,015d813736625640f12d26c5d349b92c14fd2fb4,false,a897dfa99e98479b638409c432d3d2bc8e7ba7d5ba4e5a046dd229021f58bffd,12b1dafe765a77d1a17115b0ae12cff973f20ed7d6d770fbd790695fe081288e,afaa9ca40fef1b2a362af2af235634b472665287e554d16b829c09e1a70787ac,8d5b7eba8aea53574190e7d4a6d9e7b424bc23a9e2a0b6968a27f1772509492b,6e938dfcd266a2b0eac811d7ea7eabbd5b217965f88efa81371465134dbcab11,2026-07-15T18:04:26.653002+00:00,8o8-arch,7.0.12-arch1-1,AMD Ryzen 9 3900X 12-Core Processor,"logical=24,cores=12,sockets=1,nodes=1",performance,rustc 1.97.0 (2d8144b78 2026-07-07),22.1.6,cargo 1.97.0 (c980f4866 2026-06-30),"release,lto=thin,debug=true",/home/bob/.cache/mess-bench,/dev/nvme0n1p3,ext4,/home,Samsung SSD 970 EVO Plus 2TB,[none] mq-deadline kyber bfq,249466564608,4096,1024,payload[i]=(i*131+17)&0xff,4.3408203125,accepted,,2,4,0,3091,bytes,624382,618200,33555896,3091,0,0,0,33555896,0,5818732,5858206,1790,1850,2390,4.340,4.340
e000337,exploratory,pwritev_full_8m,baseline,1,1,ABBA,k_pwrite,process,24,100,4,4,domain,synthetic_sweep,1,015d813736625640f12d26c5d349b92c14fd2fb4,false,a897dfa99e98479b638409c432d3d2bc8e7ba7d5ba4e5a046dd229021f58bffd,12b1dafe765a77d1a17115b0ae12cff973f20ed7d6d770fbd790695fe081288e,afaa9ca40fef1b2a362af2af235634b472665287e554d16b829c09e1a70787ac,8d5b7eba8aea53574190e7d4a6d9e7b424bc23a9e2a0b6968a27f1772509492b,6e938dfcd266a2b0eac811d7ea7eabbd5b217965f88efa81371465134dbcab11,2026-07-15T18:04:27.675696+00:00,8o8-arch,7.0.12-arch1-1,AMD Ryzen 9 3900X 12-Core Processor,"logical=24,cores=12,sockets=1,nodes=1",performance,rustc 1.97.0 (2d8144b78 2026-07-07),22.1.6,cargo 1.97.0 (c980f4866 2026-06-30),"release,lto=thin,debug=true",/home/bob/.cache/mess-bench,/dev/nvme0n1p3,ext4,/home,Samsung SSD 970 EVO Plus 2TB,[none] mq-deadline kyber bfq,249466560512,4096,1024,payload[i]=(i*131+17)&0xff,4.3408203125,accepted,,4,4,0,1587,bytes,634800,634800,33568224,6348,0,0,0,0,0,8342802,8395455,5110,6060,6560,4.340,4.340
e000338,exploratory,pwritev_full_8m,candidate,1,2,ABBA,pwritev_full_8m,process,24,100,4,4,domain,synthetic_sweep,1,015d813736625640f12d26c5d349b92c14fd2fb4,false,a897dfa99e98479b638409c432d3d2bc8e7ba7d5ba4e5a046dd229021f58bffd,12b1dafe765a77d1a17115b0ae12cff973f20ed7d6d770fbd790695fe081288e,afaa9ca40fef1b2a362af2af235634b472665287e554d16b829c09e1a70787ac,8d5b7eba8aea53574190e7d4a6d9e7b424bc23a9e2a0b6968a27f1772509492b,6e938dfcd266a2b0eac811d7ea7eabbd5b217965f88efa81371465134dbcab11,2026-07-15T18:04:28.702755+00:00,8o8-arch,7.0.12-arch1-1,AMD Ryzen 9 3900X 12-Core Processor,"logical=24,cores=12,sockets=1,nodes=1",performance,rustc 1.97.0 (2d8144b78 2026-07-07),22.1.6,cargo 1.97.0 (c980f4866 2026-06-30),"release,lto=thin,debug=true",/home/bob/.cache/mess-bench,/dev/nvme0n1p3,ext4,/home,Samsung SSD 970 EVO Plus 2TB,[none] mq-deadline kyber bfq,249466548224,4096,1024,payload[i]=(i*131+17)&0xff,4.3408203125,accepted,,4,4,0,1587,bytes,634800,634800,33568224,1587,0,0,4,0,0,4656061,4697368,2830,2860,3680,4.340,4.340
e000339,exploratory,pwritev_full_8m,candidate,1,3,ABBA,pwritev_full_8m,process,24,100,4,4,domain,synthetic_sweep,1,015d813736625640f12d26c5d349b92c14fd2fb4,false,a897dfa99e98479b638409c432d3d2bc8e7ba7d5ba4e5a046dd229021f58bffd,12b1dafe765a77d1a17115b0ae12cff973f20ed7d6d770fbd790695fe081288e,afaa9ca40fef1b2a362af2af235634b472665287e554d16b829c09e1a70787ac,8d5b7eba8aea53574190e7d4a6d9e7b424bc23a9e2a0b6968a27f1772509492b,6e938dfcd266a2b0eac811d7ea7eabbd5b217965f88efa81371465134dbcab11,2026-07-15T18:04:29.734934+00:00,8o8-arch,7.0.12-arch1-1,AMD Ryzen 9 3900X 12-Core Processor,"logical=24,cores=12,sockets=1,nodes=1",performance,rustc 1.97.0 (2d8144b78 2026-07-07),22.1.6,cargo 1.97.0 (c980f4866 2026-06-30),"release,lto=thin,debug=true",/home/bob/.cache/mess-bench,/dev/nvme0n1p3,ext4,/home,Samsung SSD 970 EVO Plus 2TB,[none] mq-deadline kyber bfq,249466548224,4096,1024,payload[i]=(i*131+17)&0xff,4.3408203125,accepted,,4,4,0,1587,bytes,634800,634800,33568224,1587,0,0,4,0,0,4725181,4771357,2850,3200,4220,4.340,4.340
e000340,exploratory,pwritev_full_8m,baseline,1,4,ABBA,k_pwrite,process,24,100,4,4,domain,synthetic_sweep,1,015d813736625640f12d26c5d349b92c14fd2fb4,false,a897dfa99e98479b638409c432d3d2bc8e7ba7d5ba4e5a046dd229021f58bffd,12b1dafe765a77d1a17115b0ae12cff973f20ed7d6d770fbd790695fe081288e,afaa9ca40fef1b2a362af2af235634b472665287e554d16b829c09e1a70787ac,8d5b7eba8aea53574190e7d4a6d9e7b424bc23a9e2a0b6968a27f1772509492b,6e938dfcd266a2b0eac811d7ea7eabbd5b217965f88efa81371465134dbcab11,2026-07-15T18:04:30.765251+00:00,8o8-arch,7.0.12-arch1-1,AMD Ryzen 9 3900X 12-Core Processor,"logical=24,cores=12,sockets=1,nodes=1",performance,rustc 1.97.0 (2d8144b78 2026-07-07),22.1.6,cargo 1.97.0 (c980f4866 2026-06-30),"release,lto=thin,debug=true",/home/bob/.cache/mess-bench,/dev/nvme0n1p3,ext4,/home,Samsung SSD 970 EVO Plus 2TB,[none] mq-deadline kyber bfq,249466544128,4096,1024,payload[i]=(i*131+17)&0xff,4.0732421875,accepted,,4,4,0,1587,bytes,634800,634800,33568224,6348,0,0,0,0,0,8652112,8722825,5130,6599,6810,4.070,4.070
e000341,exploratory,copy_contiguous,candidate,1,1,BAAB,copy_contiguous,process,24,100,4,4,domain,synthetic_sweep,1,015d813736625640f12d26c5d349b92c14fd2fb4,false,a897dfa99e98479b638409c432d3d2bc8e7ba7d5ba4e5a046dd229021f58bffd,12b1dafe765a77d1a17115b0ae12cff973f20ed7d6d770fbd790695fe081288e,afaa9ca40fef1b2a362af2af235634b472665287e554d16b829c09e1a70787ac,8d5b7eba8aea53574190e7d4a6d9e7b424bc23a9e2a0b6968a27f1772509492b,6e938dfcd266a2b0eac811d7ea7eabbd5b217965f88efa81371465134dbcab11,2026-07-15T18:04:31.793602+00:00,8o8-arch,7.0.12-arch1-1,AMD Ryzen 9 3900X 12-Core Processor,"logical=24,cores=12,sockets=1,nodes=1",performance,rustc 1.97.0 (2d8144b78 2026-07-07),22.1.6,cargo 1.97.0 (c980f4866 2026-06-30),"release,lto=thin,debug=true",/home/bob/.cache/mess-bench,/dev/nvme0n1p3,ext4,/home,Samsung SSD 970 EVO Plus 2TB,[none] mq-deadline kyber bfq,249466544128,4096,1024,payload[i]=(i*131+17)&0xff,4.0732421875,accepted,,4,4,0,1587,bytes,634800,634800,33568224,1587,0,0,0,33568224,0,4991281,5021197,3030,3410,3740,4.070,4.070
e000342,exploratory,copy_contiguous,baseline,1,2,BAAB,k_pwrite,process,24,100,4,4,domain,synthetic_sweep,1,015d813736625640f12d26c5d349b92c14fd2fb4,false,a897dfa99e98479b638409c432d3d2bc8e7ba7d5ba4e5a046dd229021f58bffd,12b1dafe765a77d1a17115b0ae12cff973f20ed7d6d770fbd790695fe081288e,afaa9ca40fef1b2a362af2af235634b472665287e554d16b829c09e1a70787ac,8d5b7eba8aea53574190e7d4a6d9e7b424bc23a9e2a0b6968a27f1772509492b,6e938dfcd266a2b0eac811d7ea7eabbd5b217965f88efa81371465134dbcab11,2026-07-15T18:04:32.823002+00:00,8o8-arch,7.0.12-arch1-1,AMD Ryzen 9 3900X 12-Core Processor,"logical=24,cores=12,sockets=1,nodes=1",performance,rustc 1.97.0 (2d8144b78 2026-07-07),22.1.6,cargo 1.97.0 (c980f4866 2026-06-30),"release,lto=thin,debug=true",/home/bob/.cache/mess-bench,/dev/nvme0n1p3,ext4,/home,Samsung SSD 970 EVO Plus 2TB,[none] mq-deadline kyber bfq,249466540032,4096,1024,payload[i]=(i*131+17)&0xff,4.0732421875,accepted,,4,4,0,1587,bytes,634800,634800,33568224,6348,0,0,0,0,0,9213832,9371844,5090,6850,15060,4.070,4.070
e000343,exploratory,copy_contiguous,baseline,1,3,BAAB,k_pwrite,process,24,100,4,4,domain,synthetic_sweep,1,015d813736625640f12d26c5d349b92c14fd2fb4,false,a897dfa99e98479b638409c432d3d2bc8e7ba7d5ba4e5a046dd229021f58bffd,12b1dafe765a77d1a17115b0ae12cff973f20ed7d6d770fbd790695fe081288e,afaa9ca40fef1b2a362af2af235634b472665287e554d16b829c09e1a70787ac,8d5b7eba8aea53574190e7d4a6d9e7b424bc23a9e2a0b6968a27f1772509492b,6e938dfcd266a2b0eac811d7ea7eabbd5b217965f88efa81371465134dbcab11,2026-07-15T18:04:33.853721+00:00,8o8-arch,7.0.12-arch1-1,AMD Ryzen 9 3900X 12-Core Processor,"logical=24,cores=12,sockets=1,nodes=1",performance,rustc 1.97.0 (2d8144b78 2026-07-07),22.1.6,cargo 1.97.0 (c980f4866 2026-06-30),"release,lto=thin,debug=true",/home/bob/.cache/mess-bench,/dev/nvme0n1p3,ext4,/home,Samsung SSD 970 EVO Plus 2TB,[none] mq-deadline kyber bfq,249466507264,4096,1024,payload[i]=(i*131+17)&0xff,4.0732421875,accepted,,4,4,0,1587,bytes,634800,634800,33568224,6348,0,0,0,0,0,8949382,9004095,5070,6360,13520,4.070,4.070
e000344,exploratory,copy_contiguous,candidate,1,4,BAAB,copy_contiguous,process,24,100,4,4,domain,synthetic_sweep,1,015d813736625640f12d26c5d349b92c14fd2fb4,false,a897dfa99e98479b638409c432d3d2bc8e7ba7d5ba4e5a046dd229021f58bffd,12b1dafe765a77d1a17115b0ae12cff973f20ed7d6d770fbd790695fe081288e,afaa9ca40fef1b2a362af2af235634b472665287e554d16b829c09e1a70787ac,8d5b7eba8aea53574190e7d4a6d9e7b424bc23a9e2a0b6968a27f1772509492b,6e938dfcd266a2b0eac811d7ea7eabbd5b217965f88efa81371465134dbcab11,2026-07-15T18:04:34.883163+00:00,8o8-arch,7.0.12-arch1-1,AMD Ryzen 9 3900X 12-Core Processor,"logical=24,cores=12,sockets=1,nodes=1",performance,rustc 1.97.0 (2d8144b78 2026-07-07),22.1.6,cargo 1.97.0 (c980f4866 2026-06-30),"release,lto=thin,debug=true",/home/bob/.cache/mess-bench,/dev/nvme0n1p3,ext4,/home,Samsung SSD 970 EVO Plus 2TB,[none] mq-deadline kyber bfq,249466531840,4096,1024,payload[i]=(i*131+17)&0xff,4.0732421875,accepted,,4,4,0,1587,bytes,634800,634800,33568224,1587,0,0,0,33568224,0,4954181,4987267,3020,3080,3940,4.070,4.070
e000345,exploratory,pwritev_full_8m,baseline,1,1,ABBA,k_pwrite,process,24,100,4,4,new_name,synthetic_sweep,1,015d813736625640f12d26c5d349b92c14fd2fb4,false,a897dfa99e98479b638409c432d3d2bc8e7ba7d5ba4e5a046dd229021f58bffd,12b1dafe765a77d1a17115b0ae12cff973f20ed7d6d770fbd790695fe081288e,afaa9ca40fef1b2a362af2af235634b472665287e554d16b829c09e1a70787ac,8d5b7eba8aea53574190e7d4a6d9e7b424bc23a9e2a0b6968a27f1772509492b,6e938dfcd266a2b0eac811d7ea7eabbd5b217965f88efa81371465134dbcab11,2026-07-15T18:04:35.913227+00:00,8o8-arch,7.0.12-arch1-1,AMD Ryzen 9 3900X 12-Core Processor,"logical=24,cores=12,sockets=1,nodes=1",performance,rustc 1.97.0 (2d8144b78 2026-07-07),22.1.6,cargo 1.97.0 (c980f4866 2026-06-30),"release,lto=thin,debug=true",/home/bob/.cache/mess-bench,/dev/nvme0n1p3,ext4,/home,Samsung SSD 970 EVO Plus 2TB,[none] mq-deadline kyber bfq,249466531840,4096,1024,payload[i]=(i*131+17)&0xff,4.2275390625,accepted,,4,8,0,1546,bytes,624584,618400,33566752,12368,0,0,0,0,0,12634953,12720823,7910,9160,13990,4.230,4.230
e000346,exploratory,pwritev_full_8m,candidate,1,2,ABBA,pwritev_full_8m,process,24,100,4,4,new_name,synthetic_sweep,1,015d813736625640f12d26c5d349b92c14fd2fb4,false,a897dfa99e98479b638409c432d3d2bc8e7ba7d5ba4e5a046dd229021f58bffd,12b1dafe765a77d1a17115b0ae12cff973f20ed7d6d770fbd790695fe081288e,afaa9ca40fef1b2a362af2af235634b472665287e554d16b829c09e1a70787ac,8d5b7eba8aea53574190e7d4a6d9e7b424bc23a9e2a0b6968a27f1772509492b,6e938dfcd266a2b0eac811d7ea7eabbd5b217965f88efa81371465134dbcab11,2026-07-15T18:04:36.944641+00:00,8o8-arch,7.0.12-arch1-1,AMD Ryzen 9 3900X 12-Core Processor,"logical=24,cores=12,sockets=1,nodes=1",performance,rustc 1.97.0 (2d8144b78 2026-07-07),22.1.6,cargo 1.97.0 (c980f4866 2026-06-30),"release,lto=thin,debug=true",/home/bob/.cache/mess-bench,/dev/nvme0n1p3,ext4,/home,Samsung SSD 970 EVO Plus 2TB,[none] mq-deadline kyber bfq,249466523648,4096,1024,payload[i]=(i*131+17)&0xff,4.2275390625,accepted,,4,8,0,1546,bytes,624584,618400,33566752,1546,0,0,8,0,0,5062141,5104987,2980,3930,4100,4.230,4.230
e000347,exploratory,pwritev_full_8m,candidate,1,3,ABBA,pwritev_full_8m,process,24,100,4,4,new_name,synthetic_sweep,1,015d813736625640f12d26c5d349b92c14fd2fb4,false,a897dfa99e98479b638409c432d3d2bc8e7ba7d5ba4e5a046dd229021f58bffd,12b1dafe765a77d1a17115b0ae12cff973f20ed7d6d770fbd790695fe081288e,afaa9ca40fef1b2a362af2af235634b472665287e554d16b829c09e1a70787ac,8d5b7eba8aea53574190e7d4a6d9e7b424bc23a9e2a0b6968a27f1772509492b,6e938dfcd266a2b0eac811d7ea7eabbd5b217965f88efa81371465134dbcab11,2026-07-15T18:04:37.976850+00:00,8o8-arch,7.0.12-arch1-1,AMD Ryzen 9 3900X 12-Core Processor,"logical=24,cores=12,sockets=1,nodes=1",performance,rustc 1.97.0 (2d8144b78 2026-07-07),22.1.6,cargo 1.97.0 (c980f4866 2026-06-30),"release,lto=thin,debug=true",/home/bob/.cache/mess-bench,/dev/nvme0n1p3,ext4,/home,Samsung SSD 970 EVO Plus 2TB,[none] mq-deadline kyber bfq,249466523648,4096,1024,payload[i]=(i*131+17)&0xff,4.2275390625,accepted,,4,8,0,1546,bytes,624584,618400,33566752,1546,0,0,8,0,0,4765441,4789667,2960,3570,3770,4.230,4.230
e000348,exploratory,pwritev_full_8m,baseline,1,4,ABBA,k_pwrite,process,24,100,4,4,new_name,synthetic_sweep,1,015d813736625640f12d26c5d349b92c14fd2fb4,false,a897dfa99e98479b638409c432d3d2bc8e7ba7d5ba4e5a046dd229021f58bffd,12b1dafe765a77d1a17115b0ae12cff973f20ed7d6d770fbd790695fe081288e,afaa9ca40fef1b2a362af2af235634b472665287e554d16b829c09e1a70787ac,8d5b7eba8aea53574190e7d4a6d9e7b424bc23a9e2a0b6968a27f1772509492b,6e938dfcd266a2b0eac811d7ea7eabbd5b217965f88efa81371465134dbcab11,2026-07-15T18:04:39.006852+00:00,8o8-arch,7.0.12-arch1-1,AMD Ryzen 9 3900X 12-Core Processor,"logical=24,cores=12,sockets=1,nodes=1",performance,rustc 1.97.0 (2d8144b78 2026-07-07),22.1.6,cargo 1.97.0 (c980f4866 2026-06-30),"release,lto=thin,debug=true",/home/bob/.cache/mess-bench,/dev/nvme0n1p3,ext4,/home,Samsung SSD 970 EVO Plus 2TB,[none] mq-deadline kyber bfq,249466519552,4096,1024,payload[i]=(i*131+17)&0xff,4.2275390625,accepted,,4,8,0,1546,bytes,624584,618400,33566752,12368,0,0,0,0,0,12460923,12550693,7950,8060,10330,4.230,4.230
e000349,exploratory,copy_contiguous,candidate,1,1,BAAB,copy_contiguous,process,24,100,4,4,new_name,synthetic_sweep,1,015d813736625640f12d26c5d349b92c14fd2fb4,false,a897dfa99e98479b638409c432d3d2bc8e7ba7d5ba4e5a046dd229021f58bffd,12b1dafe765a77d1a17115b0ae12cff973f20ed7d6d770fbd790695fe081288e,afaa9ca40fef1b2a362af2af235634b472665287e554d16b829c09e1a70787ac,8d5b7eba8aea53574190e7d4a6d9e7b424bc23a9e2a0b6968a27f1772509492b,6e938dfcd266a2b0eac811d7ea7eabbd5b217965f88efa81371465134dbcab11,2026-07-15T18:04:40.037941+00:00,8o8-arch,7.0.12-arch1-1,AMD Ryzen 9 3900X 12-Core Processor,"logical=24,cores=12,sockets=1,nodes=1",performance,rustc 1.97.0 (2d8144b78 2026-07-07),22.1.6,cargo 1.97.0 (c980f4866 2026-06-30),"release,lto=thin,debug=true",/home/bob/.cache/mess-bench,/dev/nvme0n1p3,ext4,/home,Samsung SSD 970 EVO Plus 2TB,[none] mq-deadline kyber bfq,249466515456,4096,1024,payload[i]=(i*131+17)&0xff,4.2275390625,accepted,,4,8,0,1546,bytes,624584,618400,33566752,1546,0,0,0,33566752,0,4822532,4932087,3020,3070,4600,4.230,4.230
e000350,exploratory,copy_contiguous,baseline,1,2,BAAB,k_pwrite,process,24,100,4,4,new_name,synthetic_sweep,1,015d813736625640f12d26c5d349b92c14fd2fb4,false,a897dfa99e98479b638409c432d3d2bc8e7ba7d5ba4e5a046dd229021f58bffd,12b1dafe765a77d1a17115b0ae12cff973f20ed7d6d770fbd790695fe081288e,afaa9ca40fef1b2a362af2af235634b472665287e554d16b829c09e1a70787ac,8d5b7eba8aea53574190e7d4a6d9e7b424bc23a9e2a0b6968a27f1772509492b,6e938dfcd266a2b0eac811d7ea7eabbd5b217965f88efa81371465134dbcab11,2026-07-15T18:04:41.068722+00:00,8o8-arch,7.0.12-arch1-1,AMD Ryzen 9 3900X 12-Core Processor,"logical=24,cores=12,sockets=1,nodes=1",performance,rustc 1.97.0 (2d8144b78 2026-07-07),22.1.6,cargo 1.97.0 (c980f4866 2026-06-30),"release,lto=thin,debug=true",/home/bob/.cache/mess-bench,/dev/nvme0n1p3,ext4,/home,Samsung SSD 970 EVO Plus 2TB,[none] mq-deadline kyber bfq,249466511360,4096,1024,payload[i]=(i*131+17)&0xff,3.96875,accepted,,4,8,0,1546,bytes,624584,618400,33566752,12368,0,0,0,0,0,13042303,13154302,8000,10140,12300,3.970,3.970
e000351,exploratory,copy_contiguous,baseline,1,3,BAAB,k_pwrite,process,24,100,4,4,new_name,synthetic_sweep,1,015d813736625640f12d26c5d349b92c14fd2fb4,false,a897dfa99e98479b638409c432d3d2bc8e7ba7d5ba4e5a046dd229021f58bffd,12b1dafe765a77d1a17115b0ae12cff973f20ed7d6d770fbd790695fe081288e,afaa9ca40fef1b2a362af2af235634b472665287e554d16b829c09e1a70787ac,8d5b7eba8aea53574190e7d4a6d9e7b424bc23a9e2a0b6968a27f1772509492b,6e938dfcd266a2b0eac811d7ea7eabbd5b217965f88efa81371465134dbcab11,2026-07-15T18:04:42.099260+00:00,8o8-arch,7.0.12-arch1-1,AMD Ryzen 9 3900X 12-Core Processor,"logical=24,cores=12,sockets=1,nodes=1",performance,rustc 1.97.0 (2d8144b78 2026-07-07),22.1.6,cargo 1.97.0 (c980f4866 2026-06-30),"release,lto=thin,debug=true",/home/bob/.cache/mess-bench,/dev/nvme0n1p3,ext4,/home,Samsung SSD 970 EVO Plus 2TB,[none] mq-deadline kyber bfq,249466507264,4096,1024,payload[i]=(i*131+17)&0xff,3.96875,accepted,,4,8,0,1546,bytes,624584,618400,33566752,12368,0,0,0,0,0,12752113,12863322,7959,10220,10820,3.970,3.970
e000352,exploratory,copy_contiguous,candidate,1,4,BAAB,copy_contiguous,process,24,100,4,4,new_name,synthetic_sweep,1,015d813736625640f12d26c5d349b92c14fd2fb4,false,a897dfa99e98479b638409c432d3d2bc8e7ba7d5ba4e5a046dd229021f58bffd,12b1dafe765a77d1a17115b0ae12cff973f20ed7d6d770fbd790695fe081288e,afaa9ca40fef1b2a362af2af235634b472665287e554d16b829c09e1a70787ac,8d5b7eba8aea53574190e7d4a6d9e7b424bc23a9e2a0b6968a27f1772509492b,6e938dfcd266a2b0eac811d7ea7eabbd5b217965f88efa81371465134dbcab11,2026-07-15T18:04:43.127281+00:00,8o8-arch,7.0.12-arch1-1,AMD Ryzen 9 3900X 12-Core Processor,"logical=24,cores=12,sockets=1,nodes=1",performance,rustc 1.97.0 (2d8144b78 2026-07-07),22.1.6,cargo 1.97.0 (c980f4866 2026-06-30),"release,lto=thin,debug=true",/home/bob/.cache/mess-bench,/dev/nvme0n1p3,ext4,/home,Samsung SSD 970 EVO Plus 2TB,[none] mq-deadline kyber bfq,249466507264,4096,1024,payload[i]=(i*131+17)&0xff,3.96875,accepted,,4,8,0,1546,bytes,624584,618400,33566752,1546,0,0,0,33566752,0,4888991,4930198,3040,3130,3970,3.970,3.970
e000353,exploratory,pwritev_full_8m,baseline,1,1,ABBA,k_pwrite,process,24,1000,2,2,domain,synthetic_sweep,1,015d813736625640f12d26c5d349b92c14fd2fb4,false,a897dfa99e98479b638409c432d3d2bc8e7ba7d5ba4e5a046dd229021f58bffd,12b1dafe765a77d1a17115b0ae12cff973f20ed7d6d770fbd790695fe081288e,afaa9ca40fef1b2a362af2af235634b472665287e554d16b829c09e1a70787ac,8d5b7eba8aea53574190e7d4a6d9e7b424bc23a9e2a0b6968a27f1772509492b,6e938dfcd266a2b0eac811d7ea7eabbd5b217965f88efa81371465134dbcab11,2026-07-15T18:04:44.149301+00:00,8o8-arch,7.0.12-arch1-1,AMD Ryzen 9 3900X 12-Core Processor,"logical=24,cores=12,sockets=1,nodes=1",performance,rustc 1.97.0 (2d8144b78 2026-07-07),22.1.6,cargo 1.97.0 (c980f4866 2026-06-30),"release,lto=thin,debug=true",/home/bob/.cache/mess-bench,/dev/nvme0n1p3,ext4,/home,Samsung SSD 970 EVO Plus 2TB,[none] mq-deadline kyber bfq,249466507264,4096,1024,payload[i]=(i*131+17)&0xff,3.96875,accepted,,2,2,0,323,bytes,646000,646000,33648848,646,0,0,0,0,0,2546371,2569219,7560,10500,12520,3.970,3.970
e000354,exploratory,pwritev_full_8m,candidate,1,2,ABBA,pwritev_full_8m,process,24,1000,2,2,domain,synthetic_sweep,1,015d813736625640f12d26c5d349b92c14fd2fb4,false,a897dfa99e98479b638409c432d3d2bc8e7ba7d5ba4e5a046dd229021f58bffd,12b1dafe765a77d1a17115b0ae12cff973f20ed7d6d770fbd790695fe081288e,afaa9ca40fef1b2a362af2af235634b472665287e554d16b829c09e1a70787ac,8d5b7eba8aea53574190e7d4a6d9e7b424bc23a9e2a0b6968a27f1772509492b,6e938dfcd266a2b0eac811d7ea7eabbd5b217965f88efa81371465134dbcab11,2026-07-15T18:04:45.172845+00:00,8o8-arch,7.0.12-arch1-1,AMD Ryzen 9 3900X 12-Core Processor,"logical=24,cores=12,sockets=1,nodes=1",performance,rustc 1.97.0 (2d8144b78 2026-07-07),22.1.6,cargo 1.97.0 (c980f4866 2026-06-30),"release,lto=thin,debug=true",/home/bob/.cache/mess-bench,/dev/nvme0n1p3,ext4,/home,Samsung SSD 970 EVO Plus 2TB,[none] mq-deadline kyber bfq,249466507264,4096,1024,payload[i]=(i*131+17)&0xff,3.96875,accepted,,2,2,0,323,bytes,646000,646000,33648848,323,0,0,2,0,0,2314801,2333809,6760,10520,15040,3.970,3.970
e000355,exploratory,pwritev_full_8m,candidate,1,3,ABBA,pwritev_full_8m,process,24,1000,2,2,domain,synthetic_sweep,1,015d813736625640f12d26c5d349b92c14fd2fb4,false,a897dfa99e98479b638409c432d3d2bc8e7ba7d5ba4e5a046dd229021f58bffd,12b1dafe765a77d1a17115b0ae12cff973f20ed7d6d770fbd790695fe081288e,afaa9ca40fef1b2a362af2af235634b472665287e554d16b829c09e1a70787ac,8d5b7eba8aea53574190e7d4a6d9e7b424bc23a9e2a0b6968a27f1772509492b,6e938dfcd266a2b0eac811d7ea7eabbd5b217965f88efa81371465134dbcab11,2026-07-15T18:04:46.204503+00:00,8o8-arch,7.0.12-arch1-1,AMD Ryzen 9 3900X 12-Core Processor,"logical=24,cores=12,sockets=1,nodes=1",performance,rustc 1.97.0 (2d8144b78 2026-07-07),22.1.6,cargo 1.97.0 (c980f4866 2026-06-30),"release,lto=thin,debug=true",/home/bob/.cache/mess-bench,/dev/nvme0n1p3,ext4,/home,Samsung SSD 970 EVO Plus 2TB,[none] mq-deadline kyber bfq,249466507264,4096,1024,payload[i]=(i*131+17)&0xff,3.65087890625,accepted,,2,2,0,323,bytes,646000,646000,33648848,323,0,0,2,0,0,2112800,2128358,6240,7610,12670,3.650,3.650
e000356,exploratory,pwritev_full_8m,baseline,1,4,ABBA,k_pwrite,process,24,1000,2,2,domain,synthetic_sweep,1,015d813736625640f12d26c5d349b92c14fd2fb4,false,a897dfa99e98479b638409c432d3d2bc8e7ba7d5ba4e5a046dd229021f58bffd,12b1dafe765a77d1a17115b0ae12cff973f20ed7d6d770fbd790695fe081288e,afaa9ca40fef1b2a362af2af235634b472665287e554d16b829c09e1a70787ac,8d5b7eba8aea53574190e7d4a6d9e7b424bc23a9e2a0b6968a27f1772509492b,6e938dfcd266a2b0eac811d7ea7eabbd5b217965f88efa81371465134dbcab11,2026-07-15T18:04:47.230096+00:00,8o8-arch,7.0.12-arch1-1,AMD Ryzen 9 3900X 12-Core Processor,"logical=24,cores=12,sockets=1,nodes=1",performance,rustc 1.97.0 (2d8144b78 2026-07-07),22.1.6,cargo 1.97.0 (c980f4866 2026-06-30),"release,lto=thin,debug=true",/home/bob/.cache/mess-bench,/dev/nvme0n1p3,ext4,/home,Samsung SSD 970 EVO Plus 2TB,[none] mq-deadline kyber bfq,249466503168,4096,1024,payload[i]=(i*131+17)&0xff,3.65087890625,accepted,,2,2,0,323,bytes,646000,646000,33648848,646,0,0,0,0,0,2465281,2490728,7200,9380,15430,3.650,3.650
e000357,exploratory,copy_contiguous,candidate,1,1,BAAB,copy_contiguous,process,24,1000,2,2,domain,synthetic_sweep,1,015d813736625640f12d26c5d349b92c14fd2fb4,false,a897dfa99e98479b638409c432d3d2bc8e7ba7d5ba4e5a046dd229021f58bffd,12b1dafe765a77d1a17115b0ae12cff973f20ed7d6d770fbd790695fe081288e,afaa9ca40fef1b2a362af2af235634b472665287e554d16b829c09e1a70787ac,8d5b7eba8aea53574190e7d4a6d9e7b424bc23a9e2a0b6968a27f1772509492b,6e938dfcd266a2b0eac811d7ea7eabbd5b217965f88efa81371465134dbcab11,2026-07-15T18:04:48.258173+00:00,8o8-arch,7.0.12-arch1-1,AMD Ryzen 9 3900X 12-Core Processor,"logical=24,cores=12,sockets=1,nodes=1",performance,rustc 1.97.0 (2d8144b78 2026-07-07),22.1.6,cargo 1.97.0 (c980f4866 2026-06-30),"release,lto=thin,debug=true",/home/bob/.cache/mess-bench,/dev/nvme0n1p3,ext4,/home,Samsung SSD 970 EVO Plus 2TB,[none] mq-deadline kyber bfq,249466503168,4096,1024,payload[i]=(i*131+17)&0xff,3.65087890625,accepted,,2,2,0,323,bytes,646000,646000,33648848,323,0,0,0,33648848,0,3254101,3273728,9810,11220,16410,3.650,3.650
e000358,exploratory,copy_contiguous,baseline,1,2,BAAB,k_pwrite,process,24,1000,2,2,domain,synthetic_sweep,1,015d813736625640f12d26c5d349b92c14fd2fb4,false,a897dfa99e98479b638409c432d3d2bc8e7ba7d5ba4e5a046dd229021f58bffd,12b1dafe765a77d1a17115b0ae12cff973f20ed7d6d770fbd790695fe081288e,afaa9ca40fef1b2a362af2af235634b472665287e554d16b829c09e1a70787ac,8d5b7eba8aea53574190e7d4a6d9e7b424bc23a9e2a0b6968a27f1772509492b,6e938dfcd266a2b0eac811d7ea7eabbd5b217965f88efa81371465134dbcab11,2026-07-15T18:04:49.282320+00:00,8o8-arch,7.0.12-arch1-1,AMD Ryzen 9 3900X 12-Core Processor,"logical=24,cores=12,sockets=1,nodes=1",performance,rustc 1.97.0 (2d8144b78 2026-07-07),22.1.6,cargo 1.97.0 (c980f4866 2026-06-30),"release,lto=thin,debug=true",/home/bob/.cache/mess-bench,/dev/nvme0n1p3,ext4,/home,Samsung SSD 970 EVO Plus 2TB,[none] mq-deadline kyber bfq,249466490880,4096,1024,payload[i]=(i*131+17)&0xff,3.65087890625,accepted,,2,2,0,323,bytes,646000,646000,33648848,646,0,0,0,0,0,2992641,3025248,8790,12720,14980,3.650,3.650
e000359,exploratory,copy_contiguous,baseline,1,3,BAAB,k_pwrite,process,24,1000,2,2,domain,synthetic_sweep,1,015d813736625640f12d26c5d349b92c14fd2fb4,false,a897dfa99e98479b638409c432d3d2bc8e7ba7d5ba4e5a046dd229021f58bffd,12b1dafe765a77d1a17115b0ae12cff973f20ed7d6d770fbd790695fe081288e,afaa9ca40fef1b2a362af2af235634b472665287e554d16b829c09e1a70787ac,8d5b7eba8aea53574190e7d4a6d9e7b424bc23a9e2a0b6968a27f1772509492b,6e938dfcd266a2b0eac811d7ea7eabbd5b217965f88efa81371465134dbcab11,2026-07-15T18:04:50.315065+00:00,8o8-arch,7.0.12-arch1-1,AMD Ryzen 9 3900X 12-Core Processor,"logical=24,cores=12,sockets=1,nodes=1",performance,rustc 1.97.0 (2d8144b78 2026-07-07),22.1.6,cargo 1.97.0 (c980f4866 2026-06-30),"release,lto=thin,debug=true",/home/bob/.cache/mess-bench,/dev/nvme0n1p3,ext4,/home,Samsung SSD 970 EVO Plus 2TB,[none] mq-deadline kyber bfq,249466486784,4096,1024,payload[i]=(i*131+17)&0xff,3.65087890625,accepted,,2,2,0,323,bytes,646000,646000,33648848,646,0,0,0,0,0,2559721,2576649,7350,11660,13770,3.650,3.650
e000360,exploratory,copy_contiguous,candidate,1,4,BAAB,copy_contiguous,process,24,1000,2,2,domain,synthetic_sweep,1,015d813736625640f12d26c5d349b92c14fd2fb4,false,a897dfa99e98479b638409c432d3d2bc8e7ba7d5ba4e5a046dd229021f58bffd,12b1dafe765a77d1a17115b0ae12cff973f20ed7d6d770fbd790695fe081288e,afaa9ca40fef1b2a362af2af235634b472665287e554d16b829c09e1a70787ac,8d5b7eba8aea53574190e7d4a6d9e7b424bc23a9e2a0b6968a27f1772509492b,6e938dfcd266a2b0eac811d7ea7eabbd5b217965f88efa81371465134dbcab11,2026-07-15T18:04:51.345003+00:00,8o8-arch,7.0.12-arch1-1,AMD Ryzen 9 3900X 12-Core Processor,"logical=24,cores=12,sockets=1,nodes=1",performance,rustc 1.97.0 (2d8144b78 2026-07-07),22.1.6,cargo 1.97.0 (c980f4866 2026-06-30),"release,lto=thin,debug=true",/home/bob/.cache/mess-bench,/dev/nvme0n1p3,ext4,/home,Samsung SSD 970 EVO Plus 2TB,[none] mq-deadline kyber bfq,249466486784,4096,1024,payload[i]=(i*131+17)&0xff,3.3583984375,accepted,,2,2,0,323,bytes,646000,646000,33648848,323,0,0,0,33648848,0,3286630,3381618,9880,11310,19120,3.360,3.360
e000361,exploratory,pwritev_full_8m,baseline,1,1,ABBA,k_pwrite,process,24,1000,2,2,new_name,synthetic_sweep,1,015d813736625640f12d26c5d349b92c14fd2fb4,false,a897dfa99e98479b638409c432d3d2bc8e7ba7d5ba4e5a046dd229021f58bffd,12b1dafe765a77d1a17115b0ae12cff973f20ed7d6d770fbd790695fe081288e,afaa9ca40fef1b2a362af2af235634b472665287e554d16b829c09e1a70787ac,8d5b7eba8aea53574190e7d4a6d9e7b424bc23a9e2a0b6968a27f1772509492b,6e938dfcd266a2b0eac811d7ea7eabbd5b217965f88efa81371465134dbcab11,2026-07-15T18:04:52.375112+00:00,8o8-arch,7.0.12-arch1-1,AMD Ryzen 9 3900X 12-Core Processor,"logical=24,cores=12,sockets=1,nodes=1",performance,rustc 1.97.0 (2d8144b78 2026-07-07),22.1.6,cargo 1.97.0 (c980f4866 2026-06-30),"release,lto=thin,debug=true",/home/bob/.cache/mess-bench,/dev/nvme0n1p3,ext4,/home,Samsung SSD 970 EVO Plus 2TB,[none] mq-deadline kyber bfq,249466482688,4096,1024,payload[i]=(i*131+17)&0xff,3.3583984375,accepted,,2,4,0,322,bytes,644644,644000,33634832,1288,0,0,0,0,0,3261991,3283848,9910,11450,17590,3.360,3.360
e000362,exploratory,pwritev_full_8m,candidate,1,2,ABBA,pwritev_full_8m,process,24,1000,2,2,new_name,synthetic_sweep,1,015d813736625640f12d26c5d349b92c14fd2fb4,false,a897dfa99e98479b638409c432d3d2bc8e7ba7d5ba4e5a046dd229021f58bffd,12b1dafe765a77d1a17115b0ae12cff973f20ed7d6d770fbd790695fe081288e,afaa9ca40fef1b2a362af2af235634b472665287e554d16b829c09e1a70787ac,8d5b7eba8aea53574190e7d4a6d9e7b424bc23a9e2a0b6968a27f1772509492b,6e938dfcd266a2b0eac811d7ea7eabbd5b217965f88efa81371465134dbcab11,2026-07-15T18:04:53.405727+00:00,8o8-arch,7.0.12-arch1-1,AMD Ryzen 9 3900X 12-Core Processor,"logical=24,cores=12,sockets=1,nodes=1",performance,rustc 1.97.0 (2d8144b78 2026-07-07),22.1.6,cargo 1.97.0 (c980f4866 2026-06-30),"release,lto=thin,debug=true",/home/bob/.cache/mess-bench,/dev/nvme0n1p3,ext4,/home,Samsung SSD 970 EVO Plus 2TB,[none] mq-deadline kyber bfq,249466466304,4096,1024,payload[i]=(i*131+17)&0xff,3.3583984375,accepted,,2,4,0,322,bytes,644644,644000,33634832,322,0,0,4,0,0,2131071,2147489,6060,9230,12190,3.360,3.360
e000363,exploratory,pwritev_full_8m,candidate,1,3,ABBA,pwritev_full_8m,process,24,1000,2,2,new_name,synthetic_sweep,1,015d813736625640f12d26c5d349b92c14fd2fb4,false,a897dfa99e98479b638409c432d3d2bc8e7ba7d5ba4e5a046dd229021f58bffd,12b1dafe765a77d1a17115b0ae12cff973f20ed7d6d770fbd790695fe081288e,afaa9ca40fef1b2a362af2af235634b472665287e554d16b829c09e1a70787ac,8d5b7eba8aea53574190e7d4a6d9e7b424bc23a9e2a0b6968a27f1772509492b,6e938dfcd266a2b0eac811d7ea7eabbd5b217965f88efa81371465134dbcab11,2026-07-15T18:04:54.436858+00:00,8o8-arch,7.0.12-arch1-1,AMD Ryzen 9 3900X 12-Core Processor,"logical=24,cores=12,sockets=1,nodes=1",performance,rustc 1.97.0 (2d8144b78 2026-07-07),22.1.6,cargo 1.97.0 (c980f4866 2026-06-30),"release,lto=thin,debug=true",/home/bob/.cache/mess-bench,/dev/nvme0n1p3,ext4,/home,Samsung SSD 970 EVO Plus 2TB,[none] mq-deadline kyber bfq,249466466304,4096,1024,payload[i]=(i*131+17)&0xff,3.3583984375,accepted,,2,4,0,322,bytes,644644,644000,33634832,322,0,0,4,0,0,1993620,2025059,5790,7950,14079,3.360,3.360
e000364,exploratory,pwritev_full_8m,baseline,1,4,ABBA,k_pwrite,process,24,1000,2,2,new_name,synthetic_sweep,1,015d813736625640f12d26c5d349b92c14fd2fb4,false,a897dfa99e98479b638409c432d3d2bc8e7ba7d5ba4e5a046dd229021f58bffd,12b1dafe765a77d1a17115b0ae12cff973f20ed7d6d770fbd790695fe081288e,afaa9ca40fef1b2a362af2af235634b472665287e554d16b829c09e1a70787ac,8d5b7eba8aea53574190e7d4a6d9e7b424bc23a9e2a0b6968a27f1772509492b,6e938dfcd266a2b0eac811d7ea7eabbd5b217965f88efa81371465134dbcab11,2026-07-15T18:04:55.468792+00:00,8o8-arch,7.0.12-arch1-1,AMD Ryzen 9 3900X 12-Core Processor,"logical=24,cores=12,sockets=1,nodes=1",performance,rustc 1.97.0 (2d8144b78 2026-07-07),22.1.6,cargo 1.97.0 (c980f4866 2026-06-30),"release,lto=thin,debug=true",/home/bob/.cache/mess-bench,/dev/nvme0n1p3,ext4,/home,Samsung SSD 970 EVO Plus 2TB,[none] mq-deadline kyber bfq,249466458112,4096,1024,payload[i]=(i*131+17)&0xff,3.16943359375,accepted,,2,4,0,322,bytes,644644,644000,33634832,1288,0,0,0,0,0,3024371,3177268,8850,13860,25450,3.170,3.170
e000365,exploratory,copy_contiguous,candidate,1,1,BAAB,copy_contiguous,process,24,1000,2,2,new_name,synthetic_sweep,1,015d813736625640f12d26c5d349b92c14fd2fb4,false,a897dfa99e98479b638409c432d3d2bc8e7ba7d5ba4e5a046dd229021f58bffd,12b1dafe765a77d1a17115b0ae12cff973f20ed7d6d770fbd790695fe081288e,afaa9ca40fef1b2a362af2af235634b472665287e554d16b829c09e1a70787ac,8d5b7eba8aea53574190e7d4a6d9e7b424bc23a9e2a0b6968a27f1772509492b,6e938dfcd266a2b0eac811d7ea7eabbd5b217965f88efa81371465134dbcab11,2026-07-15T18:04:56.500176+00:00,8o8-arch,7.0.12-arch1-1,AMD Ryzen 9 3900X 12-Core Processor,"logical=24,cores=12,sockets=1,nodes=1",performance,rustc 1.97.0 (2d8144b78 2026-07-07),22.1.6,cargo 1.97.0 (c980f4866 2026-06-30),"release,lto=thin,debug=true",/home/bob/.cache/mess-bench,/dev/nvme0n1p3,ext4,/home,Samsung SSD 970 EVO Plus 2TB,[none] mq-deadline kyber bfq,249466458112,4096,1024,payload[i]=(i*131+17)&0xff,3.16943359375,accepted,,2,4,0,322,bytes,644644,644000,33634832,322,0,0,0,33634832,0,2747061,2794968,8200,11930,15900,3.170,3.170
e000366,exploratory,copy_contiguous,baseline,1,2,BAAB,k_pwrite,process,24,1000,2,2,new_name,synthetic_sweep,1,015d813736625640f12d26c5d349b92c14fd2fb4,false,a897dfa99e98479b638409c432d3d2bc8e7ba7d5ba4e5a046dd229021f58bffd,12b1dafe765a77d1a17115b0ae12cff973f20ed7d6d770fbd790695fe081288e,afaa9ca40fef1b2a362af2af235634b472665287e554d16b829c09e1a70787ac,8d5b7eba8aea53574190e7d4a6d9e7b424bc23a9e2a0b6968a27f1772509492b,6e938dfcd266a2b0eac811d7ea7eabbd5b217965f88efa81371465134dbcab11,2026-07-15T18:04:57.528292+00:00,8o8-arch,7.0.12-arch1-1,AMD Ryzen 9 3900X 12-Core Processor,"logical=24,cores=12,sockets=1,nodes=1",performance,rustc 1.97.0 (2d8144b78 2026-07-07),22.1.6,cargo 1.97.0 (c980f4866 2026-06-30),"release,lto=thin,debug=true",/home/bob/.cache/mess-bench,/dev/nvme0n1p3,ext4,/home,Samsung SSD 970 EVO Plus 2TB,[none] mq-deadline kyber bfq,249466454016,4096,1024,payload[i]=(i*131+17)&0xff,3.16943359375,accepted,,2,4,0,322,bytes,644644,644000,33634832,1288,0,0,0,0,0,3025171,3047129,9020,11360,18560,3.170,3.170
e000367,exploratory,copy_contiguous,baseline,1,3,BAAB,k_pwrite,process,24,1000,2,2,new_name,synthetic_sweep,1,015d813736625640f12d26c5d349b92c14fd2fb4,false,a897dfa99e98479b638409c432d3d2bc8e7ba7d5ba4e5a046dd229021f58bffd,12b1dafe765a77d1a17115b0ae12cff973f20ed7d6d770fbd790695fe081288e,afaa9ca40fef1b2a362af2af235634b472665287e554d16b829c09e1a70787ac,8d5b7eba8aea53574190e7d4a6d9e7b424bc23a9e2a0b6968a27f1772509492b,6e938dfcd266a2b0eac811d7ea7eabbd5b217965f88efa81371465134dbcab11,2026-07-15T18:04:58.553115+00:00,8o8-arch,7.0.12-arch1-1,AMD Ryzen 9 3900X 12-Core Processor,"logical=24,cores=12,sockets=1,nodes=1",performance,rustc 1.97.0 (2d8144b78 2026-07-07),22.1.6,cargo 1.97.0 (c980f4866 2026-06-30),"release,lto=thin,debug=true",/home/bob/.cache/mess-bench,/dev/nvme0n1p3,ext4,/home,Samsung SSD 970 EVO Plus 2TB,[none] mq-deadline kyber bfq,249466454016,4096,1024,payload[i]=(i*131+17)&0xff,3.16943359375,accepted,,2,4,0,322,bytes,644644,644000,33634832,1288,0,0,0,0,0,3028121,3143108,8700,14010,29140,3.170,3.170
e000368,exploratory,copy_contiguous,candidate,1,4,BAAB,copy_contiguous,process,24,1000,2,2,new_name,synthetic_sweep,1,015d813736625640f12d26c5d349b92c14fd2fb4,false,a897dfa99e98479b638409c432d3d2bc8e7ba7d5ba4e5a046dd229021f58bffd,12b1dafe765a77d1a17115b0ae12cff973f20ed7d6d770fbd790695fe081288e,afaa9ca40fef1b2a362af2af235634b472665287e554d16b829c09e1a70787ac,8d5b7eba8aea53574190e7d4a6d9e7b424bc23a9e2a0b6968a27f1772509492b,6e938dfcd266a2b0eac811d7ea7eabbd5b217965f88efa81371465134dbcab11,2026-07-15T18:04:59.581763+00:00,8o8-arch,7.0.12-arch1-1,AMD Ryzen 9 3900X 12-Core Processor,"logical=24,cores=12,sockets=1,nodes=1",performance,rustc 1.97.0 (2d8144b78 2026-07-07),22.1.6,cargo 1.97.0 (c980f4866 2026-06-30),"release,lto=thin,debug=true",/home/bob/.cache/mess-bench,/dev/nvme0n1p3,ext4,/home,Samsung SSD 970 EVO Plus 2TB,[none] mq-deadline kyber bfq,249466449920,4096,1024,payload[i]=(i*131+17)&0xff,3.16943359375,accepted,,2,4,0,322,bytes,644644,644000,33634832,322,0,0,0,33634832,0,2767590,2785879,8290,10010,17440,3.170,3.170
e000369,exploratory,pwritev_full_8m,baseline,1,1,ABBA,k_pwrite,process,24,1000,4,4,domain,synthetic_sweep,1,015d813736625640f12d26c5d349b92c14fd2fb4,false,a897dfa99e98479b638409c432d3d2bc8e7ba7d5ba4e5a046dd229021f58bffd,12b1dafe765a77d1a17115b0ae12cff973f20ed7d6d770fbd790695fe081288e,afaa9ca40fef1b2a362af2af235634b472665287e554d16b829c09e1a70787ac,8d5b7eba8aea53574190e7d4a6d9e7b424bc23a9e2a0b6968a27f1772509492b,6e938dfcd266a2b0eac811d7ea7eabbd5b217965f88efa81371465134dbcab11,2026-07-15T18:05:00.613537+00:00,8o8-arch,7.0.12-arch1-1,AMD Ryzen 9 3900X 12-Core Processor,"logical=24,cores=12,sockets=1,nodes=1",performance,rustc 1.97.0 (2d8144b78 2026-07-07),22.1.6,cargo 1.97.0 (c980f4866 2026-06-30),"release,lto=thin,debug=true",/home/bob/.cache/mess-bench,/dev/nvme0n1p3,ext4,/home,Samsung SSD 970 EVO Plus 2TB,[none] mq-deadline kyber bfq,249466449920,4096,1024,payload[i]=(i*131+17)&0xff,2.99560546875,accepted,,4,4,0,162,bytes,648000,648000,33753024,648,0,0,0,0,0,3452591,3495408,20510,28710,31730,3.000,3.000
e000370,exploratory,pwritev_full_8m,candidate,1,2,ABBA,pwritev_full_8m,process,24,1000,4,4,domain,synthetic_sweep,1,015d813736625640f12d26c5d349b92c14fd2fb4,false,a897dfa99e98479b638409c432d3d2bc8e7ba7d5ba4e5a046dd229021f58bffd,12b1dafe765a77d1a17115b0ae12cff973f20ed7d6d770fbd790695fe081288e,afaa9ca40fef1b2a362af2af235634b472665287e554d16b829c09e1a70787ac,8d5b7eba8aea53574190e7d4a6d9e7b424bc23a9e2a0b6968a27f1772509492b,6e938dfcd266a2b0eac811d7ea7eabbd5b217965f88efa81371465134dbcab11,2026-07-15T18:05:01.645101+00:00,8o8-arch,7.0.12-arch1-1,AMD Ryzen 9 3900X 12-Core Processor,"logical=24,cores=12,sockets=1,nodes=1",performance,rustc 1.97.0 (2d8144b78 2026-07-07),22.1.6,cargo 1.97.0 (c980f4866 2026-06-30),"release,lto=thin,debug=true",/home/bob/.cache/mess-bench,/dev/nvme0n1p3,ext4,/home,Samsung SSD 970 EVO Plus 2TB,[none] mq-deadline kyber bfq,249466445824,4096,1024,payload[i]=(i*131+17)&0xff,2.99560546875,accepted,,4,4,0,162,bytes,648000,648000,33753024,162,0,0,4,0,0,2228771,2247429,13440,16210,21150,3.000,3.000
e000371,exploratory,pwritev_full_8m,candidate,1,3,ABBA,pwritev_full_8m,process,24,1000,4,4,domain,synthetic_sweep,1,015d813736625640f12d26c5d349b92c14fd2fb4,false,a897dfa99e98479b638409c432d3d2bc8e7ba7d5ba4e5a046dd229021f58bffd,12b1dafe765a77d1a17115b0ae12cff973f20ed7d6d770fbd790695fe081288e,afaa9ca40fef1b2a362af2af235634b472665287e554d16b829c09e1a70787ac,8d5b7eba8aea53574190e7d4a6d9e7b424bc23a9e2a0b6968a27f1772509492b,6e938dfcd266a2b0eac811d7ea7eabbd5b217965f88efa81371465134dbcab11,2026-07-15T18:05:02.675163+00:00,8o8-arch,7.0.12-arch1-1,AMD Ryzen 9 3900X 12-Core Processor,"logical=24,cores=12,sockets=1,nodes=1",performance,rustc 1.97.0 (2d8144b78 2026-07-07),22.1.6,cargo 1.97.0 (c980f4866 2026-06-30),"release,lto=thin,debug=true",/home/bob/.cache/mess-bench,/dev/nvme0n1p3,ext4,/home,Samsung SSD 970 EVO Plus 2TB,[none] mq-deadline kyber bfq,249466441728,4096,1024,payload[i]=(i*131+17)&0xff,2.99560546875,accepted,,4,4,0,162,bytes,648000,648000,33753024,162,0,0,4,0,0,2188480,2200079,13210,16000,21960,3.000,3.000
e000372,exploratory,pwritev_full_8m,baseline,1,4,ABBA,k_pwrite,process,24,1000,4,4,domain,synthetic_sweep,1,015d813736625640f12d26c5d349b92c14fd2fb4,false,a897dfa99e98479b638409c432d3d2bc8e7ba7d5ba4e5a046dd229021f58bffd,12b1dafe765a77d1a17115b0ae12cff973f20ed7d6d770fbd790695fe081288e,afaa9ca40fef1b2a362af2af235634b472665287e554d16b829c09e1a70787ac,8d5b7eba8aea53574190e7d4a6d9e7b424bc23a9e2a0b6968a27f1772509492b,6e938dfcd266a2b0eac811d7ea7eabbd5b217965f88efa81371465134dbcab11,2026-07-15T18:05:03.707034+00:00,8o8-arch,7.0.12-arch1-1,AMD Ryzen 9 3900X 12-Core Processor,"logical=24,cores=12,sockets=1,nodes=1",performance,rustc 1.97.0 (2d8144b78 2026-07-07),22.1.6,cargo 1.97.0 (c980f4866 2026-06-30),"release,lto=thin,debug=true",/home/bob/.cache/mess-bench,/dev/nvme0n1p3,ext4,/home,Samsung SSD 970 EVO Plus 2TB,[none] mq-deadline kyber bfq,249466441728,4096,1024,payload[i]=(i*131+17)&0xff,2.99560546875,accepted,,4,4,0,162,bytes,648000,648000,33753024,648,0,0,0,0,0,3474981,3496658,20900,24760,31350,3.000,3.000
e000373,exploratory,copy_contiguous,candidate,1,1,BAAB,copy_contiguous,process,24,1000,4,4,domain,synthetic_sweep,1,015d813736625640f12d26c5d349b92c14fd2fb4,false,a897dfa99e98479b638409c432d3d2bc8e7ba7d5ba4e5a046dd229021f58bffd,12b1dafe765a77d1a17115b0ae12cff973f20ed7d6d770fbd790695fe081288e,afaa9ca40fef1b2a362af2af235634b472665287e554d16b829c09e1a70787ac,8d5b7eba8aea53574190e7d4a6d9e7b424bc23a9e2a0b6968a27f1772509492b,6e938dfcd266a2b0eac811d7ea7eabbd5b217965f88efa81371465134dbcab11,2026-07-15T18:05:04.738089+00:00,8o8-arch,7.0.12-arch1-1,AMD Ryzen 9 3900X 12-Core Processor,"logical=24,cores=12,sockets=1,nodes=1",performance,rustc 1.97.0 (2d8144b78 2026-07-07),22.1.6,cargo 1.97.0 (c980f4866 2026-06-30),"release,lto=thin,debug=true",/home/bob/.cache/mess-bench,/dev/nvme0n1p3,ext4,/home,Samsung SSD 970 EVO Plus 2TB,[none] mq-deadline kyber bfq,249466437632,4096,1024,payload[i]=(i*131+17)&0xff,2.99560546875,accepted,,4,4,0,162,bytes,648000,648000,33753024,162,0,0,0,33753024,0,4547171,4587317,27480,34690,39040,3.000,3.000
e000374,exploratory,copy_contiguous,baseline,1,2,BAAB,k_pwrite,process,24,1000,4,4,domain,synthetic_sweep,1,015d813736625640f12d26c5d349b92c14fd2fb4,false,a897dfa99e98479b638409c432d3d2bc8e7ba7d5ba4e5a046dd229021f58bffd,12b1dafe765a77d1a17115b0ae12cff973f20ed7d6d770fbd790695fe081288e,afaa9ca40fef1b2a362af2af235634b472665287e554d16b829c09e1a70787ac,8d5b7eba8aea53574190e7d4a6d9e7b424bc23a9e2a0b6968a27f1772509492b,6e938dfcd266a2b0eac811d7ea7eabbd5b217965f88efa81371465134dbcab11,2026-07-15T18:05:05.769110+00:00,8o8-arch,7.0.12-arch1-1,AMD Ryzen 9 3900X 12-Core Processor,"logical=24,cores=12,sockets=1,nodes=1",performance,rustc 1.97.0 (2d8144b78 2026-07-07),22.1.6,cargo 1.97.0 (c980f4866 2026-06-30),"release,lto=thin,debug=true",/home/bob/.cache/mess-bench,/dev/nvme0n1p3,ext4,/home,Samsung SSD 970 EVO Plus 2TB,[none] mq-deadline kyber bfq,249466429440,4096,1024,payload[i]=(i*131+17)&0xff,2.99609375,accepted,,4,4,0,162,bytes,648000,648000,33753024,648,0,0,0,0,0,3400291,3425408,20090,26800,29730,3.000,3.000
e000375,exploratory,copy_contiguous,baseline,1,3,BAAB,k_pwrite,process,24,1000,4,4,domain,synthetic_sweep,1,015d813736625640f12d26c5d349b92c14fd2fb4,false,a897dfa99e98479b638409c432d3d2bc8e7ba7d5ba4e5a046dd229021f58bffd,12b1dafe765a77d1a17115b0ae12cff973f20ed7d6d770fbd790695fe081288e,afaa9ca40fef1b2a362af2af235634b472665287e554d16b829c09e1a70787ac,8d5b7eba8aea53574190e7d4a6d9e7b424bc23a9e2a0b6968a27f1772509492b,6e938dfcd266a2b0eac811d7ea7eabbd5b217965f88efa81371465134dbcab11,2026-07-15T18:05:06.800812+00:00,8o8-arch,7.0.12-arch1-1,AMD Ryzen 9 3900X 12-Core Processor,"logical=24,cores=12,sockets=1,nodes=1",performance,rustc 1.97.0 (2d8144b78 2026-07-07),22.1.6,cargo 1.97.0 (c980f4866 2026-06-30),"release,lto=thin,debug=true",/home/bob/.cache/mess-bench,/dev/nvme0n1p3,ext4,/home,Samsung SSD 970 EVO Plus 2TB,[none] mq-deadline kyber bfq,249466425344,4096,1024,payload[i]=(i*131+17)&0xff,2.99609375,accepted,,4,4,0,162,bytes,648000,648000,33753024,648,0,0,0,0,0,3335461,3359398,20210,23980,28140,3.000,3.000
e000376,exploratory,copy_contiguous,candidate,1,4,BAAB,copy_contiguous,process,24,1000,4,4,domain,synthetic_sweep,1,015d813736625640f12d26c5d349b92c14fd2fb4,false,a897dfa99e98479b638409c432d3d2bc8e7ba7d5ba4e5a046dd229021f58bffd,12b1dafe765a77d1a17115b0ae12cff973f20ed7d6d770fbd790695fe081288e,afaa9ca40fef1b2a362af2af235634b472665287e554d16b829c09e1a70787ac,8d5b7eba8aea53574190e7d4a6d9e7b424bc23a9e2a0b6968a27f1772509492b,6e938dfcd266a2b0eac811d7ea7eabbd5b217965f88efa81371465134dbcab11,2026-07-15T18:05:07.828616+00:00,8o8-arch,7.0.12-arch1-1,AMD Ryzen 9 3900X 12-Core Processor,"logical=24,cores=12,sockets=1,nodes=1",performance,rustc 1.97.0 (2d8144b78 2026-07-07),22.1.6,cargo 1.97.0 (c980f4866 2026-06-30),"release,lto=thin,debug=true",/home/bob/.cache/mess-bench,/dev/nvme0n1p3,ext4,/home,Samsung SSD 970 EVO Plus 2TB,[none] mq-deadline kyber bfq,249466425344,4096,1024,payload[i]=(i*131+17)&0xff,2.99609375,accepted,,4,4,0,162,bytes,648000,648000,33753024,162,0,0,0,33753024,0,4693691,4894567,28550,34740,70010,3.000,3.000
e000377,exploratory,pwritev_full_8m,baseline,1,1,ABBA,k_pwrite,process,24,1000,4,4,new_name,synthetic_sweep,1,015d813736625640f12d26c5d349b92c14fd2fb4,false,a897dfa99e98479b638409c432d3d2bc8e7ba7d5ba4e5a046dd229021f58bffd,12b1dafe765a77d1a17115b0ae12cff973f20ed7d6d770fbd790695fe081288e,afaa9ca40fef1b2a362af2af235634b472665287e554d16b829c09e1a70787ac,8d5b7eba8aea53574190e7d4a6d9e7b424bc23a9e2a0b6968a27f1772509492b,6e938dfcd266a2b0eac811d7ea7eabbd5b217965f88efa81371465134dbcab11,2026-07-15T18:05:08.853075+00:00,8o8-arch,7.0.12-arch1-1,AMD Ryzen 9 3900X 12-Core Processor,"logical=24,cores=12,sockets=1,nodes=1",performance,rustc 1.97.0 (2d8144b78 2026-07-07),22.1.6,cargo 1.97.0 (c980f4866 2026-06-30),"release,lto=thin,debug=true",/home/bob/.cache/mess-bench,/dev/nvme0n1p3,ext4,/home,Samsung SSD 970 EVO Plus 2TB,[none] mq-deadline kyber bfq,249466417152,4096,1024,payload[i]=(i*131+17)&0xff,2.99609375,accepted,,4,8,0,161,bytes,644644,644000,33634832,1288,0,0,0,0,0,4013421,4129858,23580,33020,36950,3.000,3.000
e000378,exploratory,pwritev_full_8m,candidate,1,2,ABBA,pwritev_full_8m,process,24,1000,4,4,new_name,synthetic_sweep,1,015d813736625640f12d26c5d349b92c14fd2fb4,false,a897dfa99e98479b638409c432d3d2bc8e7ba7d5ba4e5a046dd229021f58bffd,12b1dafe765a77d1a17115b0ae12cff973f20ed7d6d770fbd790695fe081288e,afaa9ca40fef1b2a362af2af235634b472665287e554d16b829c09e1a70787ac,8d5b7eba8aea53574190e7d4a6d9e7b424bc23a9e2a0b6968a27f1772509492b,6e938dfcd266a2b0eac811d7ea7eabbd5b217965f88efa81371465134dbcab11,2026-07-15T18:05:09.881568+00:00,8o8-arch,7.0.12-arch1-1,AMD Ryzen 9 3900X 12-Core Processor,"logical=24,cores=12,sockets=1,nodes=1",performance,rustc 1.97.0 (2d8144b78 2026-07-07),22.1.6,cargo 1.97.0 (c980f4866 2026-06-30),"release,lto=thin,debug=true",/home/bob/.cache/mess-bench,/dev/nvme0n1p3,ext4,/home,Samsung SSD 970 EVO Plus 2TB,[none] mq-deadline kyber bfq,249466408960,4096,1024,payload[i]=(i*131+17)&0xff,2.99609375,accepted,,4,8,0,161,bytes,644644,644000,33634832,161,0,0,8,0,0,2521981,2537708,14920,21900,24140,3.000,3.000
e000379,exploratory,pwritev_full_8m,candidate,1,3,ABBA,pwritev_full_8m,process,24,1000,4,4,new_name,synthetic_sweep,1,015d813736625640f12d26c5d349b92c14fd2fb4,false,a897dfa99e98479b638409c432d3d2bc8e7ba7d5ba4e5a046dd229021f58bffd,12b1dafe765a77d1a17115b0ae12cff973f20ed7d6d770fbd790695fe081288e,afaa9ca40fef1b2a362af2af235634b472665287e554d16b829c09e1a70787ac,8d5b7eba8aea53574190e7d4a6d9e7b424bc23a9e2a0b6968a27f1772509492b,6e938dfcd266a2b0eac811d7ea7eabbd5b217965f88efa81371465134dbcab11,2026-07-15T18:05:10.912631+00:00,8o8-arch,7.0.12-arch1-1,AMD Ryzen 9 3900X 12-Core Processor,"logical=24,cores=12,sockets=1,nodes=1",performance,rustc 1.97.0 (2d8144b78 2026-07-07),22.1.6,cargo 1.97.0 (c980f4866 2026-06-30),"release,lto=thin,debug=true",/home/bob/.cache/mess-bench,/dev/nvme0n1p3,ext4,/home,Samsung SSD 970 EVO Plus 2TB,[none] mq-deadline kyber bfq,249466408960,4096,1024,payload[i]=(i*131+17)&0xff,2.8359375,accepted,,4,8,0,161,bytes,644644,644000,33634832,161,0,0,8,0,0,2384781,2398848,13860,21640,23000,2.840,2.840
e000380,exploratory,pwritev_full_8m,baseline,1,4,ABBA,k_pwrite,process,24,1000,4,4,new_name,synthetic_sweep,1,015d813736625640f12d26c5d349b92c14fd2fb4,false,a897dfa99e98479b638409c432d3d2bc8e7ba7d5ba4e5a046dd229021f58bffd,12b1dafe765a77d1a17115b0ae12cff973f20ed7d6d770fbd790695fe081288e,afaa9ca40fef1b2a362af2af235634b472665287e554d16b829c09e1a70787ac,8d5b7eba8aea53574190e7d4a6d9e7b424bc23a9e2a0b6968a27f1772509492b,6e938dfcd266a2b0eac811d7ea7eabbd5b217965f88efa81371465134dbcab11,2026-07-15T18:05:11.942702+00:00,8o8-arch,7.0.12-arch1-1,AMD Ryzen 9 3900X 12-Core Processor,"logical=24,cores=12,sockets=1,nodes=1",performance,rustc 1.97.0 (2d8144b78 2026-07-07),22.1.6,cargo 1.97.0 (c980f4866 2026-06-30),"release,lto=thin,debug=true",/home/bob/.cache/mess-bench,/dev/nvme0n1p3,ext4,/home,Samsung SSD 970 EVO Plus 2TB,[none] mq-deadline kyber bfq,249466408960,4096,1024,payload[i]=(i*131+17)&0xff,2.8359375,accepted,,4,8,0,161,bytes,644644,644000,33634832,1288,0,0,0,0,0,3918741,3962387,23590,29850,36310,2.840,2.840
e000381,exploratory,copy_contiguous,candidate,1,1,BAAB,copy_contiguous,process,24,1000,4,4,new_name,synthetic_sweep,1,015d813736625640f12d26c5d349b92c14fd2fb4,false,a897dfa99e98479b638409c432d3d2bc8e7ba7d5ba4e5a046dd229021f58bffd,12b1dafe765a77d1a17115b0ae12cff973f20ed7d6d770fbd790695fe081288e,afaa9ca40fef1b2a362af2af235634b472665287e554d16b829c09e1a70787ac,8d5b7eba8aea53574190e7d4a6d9e7b424bc23a9e2a0b6968a27f1772509492b,6e938dfcd266a2b0eac811d7ea7eabbd5b217965f88efa81371465134dbcab11,2026-07-15T18:05:12.974053+00:00,8o8-arch,7.0.12-arch1-1,AMD Ryzen 9 3900X 12-Core Processor,"logical=24,cores=12,sockets=1,nodes=1",performance,rustc 1.97.0 (2d8144b78 2026-07-07),22.1.6,cargo 1.97.0 (c980f4866 2026-06-30),"release,lto=thin,debug=true",/home/bob/.cache/mess-bench,/dev/nvme0n1p3,ext4,/home,Samsung SSD 970 EVO Plus 2TB,[none] mq-deadline kyber bfq,249466408960,4096,1024,payload[i]=(i*131+17)&0xff,2.8359375,accepted,,4,8,0,161,bytes,644644,644000,33634832,161,0,0,0,33634832,0,4794872,4820077,28970,36150,40120,2.840,2.840
e000382,exploratory,copy_contiguous,baseline,1,2,BAAB,k_pwrite,process,24,1000,4,4,new_name,synthetic_sweep,1,015d813736625640f12d26c5d349b92c14fd2fb4,false,a897dfa99e98479b638409c432d3d2bc8e7ba7d5ba4e5a046dd229021f58bffd,12b1dafe765a77d1a17115b0ae12cff973f20ed7d6d770fbd790695fe081288e,afaa9ca40fef1b2a362af2af235634b472665287e554d16b829c09e1a70787ac,8d5b7eba8aea53574190e7d4a6d9e7b424bc23a9e2a0b6968a27f1772509492b,6e938dfcd266a2b0eac811d7ea7eabbd5b217965f88efa81371465134dbcab11,2026-07-15T18:05:14.005386+00:00,8o8-arch,7.0.12-arch1-1,AMD Ryzen 9 3900X 12-Core Processor,"logical=24,cores=12,sockets=1,nodes=1",performance,rustc 1.97.0 (2d8144b78 2026-07-07),22.1.6,cargo 1.97.0 (c980f4866 2026-06-30),"release,lto=thin,debug=true",/home/bob/.cache/mess-bench,/dev/nvme0n1p3,ext4,/home,Samsung SSD 970 EVO Plus 2TB,[none] mq-deadline kyber bfq,249466404864,4096,1024,payload[i]=(i*131+17)&0xff,2.8359375,accepted,,4,8,0,161,bytes,644644,644000,33634832,1288,0,0,0,0,0,3867481,3895347,23140,29880,33310,2.840,2.840
e000383,exploratory,copy_contiguous,baseline,1,3,BAAB,k_pwrite,process,24,1000,4,4,new_name,synthetic_sweep,1,015d813736625640f12d26c5d349b92c14fd2fb4,false,a897dfa99e98479b638409c432d3d2bc8e7ba7d5ba4e5a046dd229021f58bffd,12b1dafe765a77d1a17115b0ae12cff973f20ed7d6d770fbd790695fe081288e,afaa9ca40fef1b2a362af2af235634b472665287e554d16b829c09e1a70787ac,8d5b7eba8aea53574190e7d4a6d9e7b424bc23a9e2a0b6968a27f1772509492b,6e938dfcd266a2b0eac811d7ea7eabbd5b217965f88efa81371465134dbcab11,2026-07-15T18:05:15.036029+00:00,8o8-arch,7.0.12-arch1-1,AMD Ryzen 9 3900X 12-Core Processor,"logical=24,cores=12,sockets=1,nodes=1",performance,rustc 1.97.0 (2d8144b78 2026-07-07),22.1.6,cargo 1.97.0 (c980f4866 2026-06-30),"release,lto=thin,debug=true",/home/bob/.cache/mess-bench,/dev/nvme0n1p3,ext4,/home,Samsung SSD 970 EVO Plus 2TB,[none] mq-deadline kyber bfq,249466400768,4096,1024,payload[i]=(i*131+17)&0xff,2.8359375,accepted,,4,8,0,161,bytes,644644,644000,33634832,1288,0,0,0,0,0,4132511,4161668,25070,32150,35100,2.840,2.840
e000384,exploratory,copy_contiguous,candidate,1,4,BAAB,copy_contiguous,process,24,1000,4,4,new_name,synthetic_sweep,1,015d813736625640f12d26c5d349b92c14fd2fb4,false,a897dfa99e98479b638409c432d3d2bc8e7ba7d5ba4e5a046dd229021f58bffd,12b1dafe765a77d1a17115b0ae12cff973f20ed7d6d770fbd790695fe081288e,afaa9ca40fef1b2a362af2af235634b472665287e554d16b829c09e1a70787ac,8d5b7eba8aea53574190e7d4a6d9e7b424bc23a9e2a0b6968a27f1772509492b,6e938dfcd266a2b0eac811d7ea7eabbd5b217965f88efa81371465134dbcab11,2026-07-15T18:05:16.066601+00:00,8o8-arch,7.0.12-arch1-1,AMD Ryzen 9 3900X 12-Core Processor,"logical=24,cores=12,sockets=1,nodes=1",performance,rustc 1.97.0 (2d8144b78 2026-07-07),22.1.6,cargo 1.97.0 (c980f4866 2026-06-30),"release,lto=thin,debug=true",/home/bob/.cache/mess-bench,/dev/nvme0n1p3,ext4,/home,Samsung SSD 970 EVO Plus 2TB,[none] mq-deadline kyber bfq,249466396672,4096,1024,payload[i]=(i*131+17)&0xff,2.6884765625,accepted,,4,8,0,161,bytes,644644,644000,33634832,161,0,0,0,33634832,0,4939581,4983357,29770,37640,42690,2.690,2.690
e000385,exploratory,pwritev_full_8m,baseline,1,1,ABBA,k_pwrite,process,250,1,2,2,domain,synthetic_sweep,1,015d813736625640f12d26c5d349b92c14fd2fb4,false,a897dfa99e98479b638409c432d3d2bc8e7ba7d5ba4e5a046dd229021f58bffd,12b1dafe765a77d1a17115b0ae12cff973f20ed7d6d770fbd790695fe081288e,afaa9ca40fef1b2a362af2af235634b472665287e554d16b829c09e1a70787ac,8d5b7eba8aea53574190e7d4a6d9e7b424bc23a9e2a0b6968a27f1772509492b,6e938dfcd266a2b0eac811d7ea7eabbd5b217965f88efa81371465134dbcab11,2026-07-15T18:05:17.095300+00:00,8o8-arch,7.0.12-arch1-1,AMD Ryzen 9 3900X 12-Core Processor,"logical=24,cores=12,sockets=1,nodes=1",performance,rustc 1.97.0 (2d8144b78 2026-07-07),22.1.6,cargo 1.97.0 (c980f4866 2026-06-30),"release,lto=thin,debug=true",/home/bob/.cache/mess-bench,/dev/nvme0n1p3,ext4,/home,Samsung SSD 970 EVO Plus 2TB,[none] mq-deadline kyber bfq,249466396672,4096,1024,payload[i]=(i*131+17)&0xff,2.6884765625,accepted,,2,2,0,45840,bytes,91680,91680,33554880,91680,0,0,0,0,0,75437249,76131876,1480,1820,1970,2.690,2.690
e000386,exploratory,pwritev_full_8m,candidate,1,2,ABBA,pwritev_full_8m,process,250,1,2,2,domain,synthetic_sweep,1,015d813736625640f12d26c5d349b92c14fd2fb4,false,a897dfa99e98479b638409c432d3d2bc8e7ba7d5ba4e5a046dd229021f58bffd,12b1dafe765a77d1a17115b0ae12cff973f20ed7d6d770fbd790695fe081288e,afaa9ca40fef1b2a362af2af235634b472665287e554d16b829c09e1a70787ac,8d5b7eba8aea53574190e7d4a6d9e7b424bc23a9e2a0b6968a27f1772509492b,6e938dfcd266a2b0eac811d7ea7eabbd5b217965f88efa81371465134dbcab11,2026-07-15T18:05:18.124656+00:00,8o8-arch,7.0.12-arch1-1,AMD Ryzen 9 3900X 12-Core Processor,"logical=24,cores=12,sockets=1,nodes=1",performance,rustc 1.97.0 (2d8144b78 2026-07-07),22.1.6,cargo 1.97.0 (c980f4866 2026-06-30),"release,lto=thin,debug=true",/home/bob/.cache/mess-bench,/dev/nvme0n1p3,ext4,/home,Samsung SSD 970 EVO Plus 2TB,[none] mq-deadline kyber bfq,249466388480,4096,1024,payload[i]=(i*131+17)&0xff,2.6884765625,accepted,,2,2,0,45840,bytes,91680,91680,33554880,45840,0,0,2,0,0,49710862,50120841,910,1160,1220,2.690,2.690
e000387,exploratory,pwritev_full_8m,candidate,1,3,ABBA,pwritev_full_8m,process,250,1,2,2,domain,synthetic_sweep,1,015d813736625640f12d26c5d349b92c14fd2fb4,false,a897dfa99e98479b638409c432d3d2bc8e7ba7d5ba4e5a046dd229021f58bffd,12b1dafe765a77d1a17115b0ae12cff973f20ed7d6d770fbd790695fe081288e,afaa9ca40fef1b2a362af2af235634b472665287e554d16b829c09e1a70787ac,8d5b7eba8aea53574190e7d4a6d9e7b424bc23a9e2a0b6968a27f1772509492b,6e938dfcd266a2b0eac811d7ea7eabbd5b217965f88efa81371465134dbcab11,2026-07-15T18:05:19.152044+00:00,8o8-arch,7.0.12-arch1-1,AMD Ryzen 9 3900X 12-Core Processor,"logical=24,cores=12,sockets=1,nodes=1",performance,rustc 1.97.0 (2d8144b78 2026-07-07),22.1.6,cargo 1.97.0 (c980f4866 2026-06-30),"release,lto=thin,debug=true",/home/bob/.cache/mess-bench,/dev/nvme0n1p3,ext4,/home,Samsung SSD 970 EVO Plus 2TB,[none] mq-deadline kyber bfq,249466384384,4096,1024,payload[i]=(i*131+17)&0xff,2.6884765625,accepted,,2,2,0,45840,bytes,91680,91680,33554880,45840,0,0,2,0,0,47383602,49161911,900,1100,1210,2.690,2.690
e000388,exploratory,pwritev_full_8m,baseline,1,4,ABBA,k_pwrite,process,250,1,2,2,domain,synthetic_sweep,1,015d813736625640f12d26c5d349b92c14fd2fb4,false,a897dfa99e98479b638409c432d3d2bc8e7ba7d5ba4e5a046dd229021f58bffd,12b1dafe765a77d1a17115b0ae12cff973f20ed7d6d770fbd790695fe081288e,afaa9ca40fef1b2a362af2af235634b472665287e554d16b829c09e1a70787ac,8d5b7eba8aea53574190e7d4a6d9e7b424bc23a9e2a0b6968a27f1772509492b,6e938dfcd266a2b0eac811d7ea7eabbd5b217965f88efa81371465134dbcab11,2026-07-15T18:05:20.176531+00:00,8o8-arch,7.0.12-arch1-1,AMD Ryzen 9 3900X 12-Core Processor,"logical=24,cores=12,sockets=1,nodes=1",performance,rustc 1.97.0 (2d8144b78 2026-07-07),22.1.6,cargo 1.97.0 (c980f4866 2026-06-30),"release,lto=thin,debug=true",/home/bob/.cache/mess-bench,/dev/nvme0n1p3,ext4,/home,Samsung SSD 970 EVO Plus 2TB,[none] mq-deadline kyber bfq,249466380288,4096,1024,payload[i]=(i*131+17)&0xff,2.6884765625,accepted,,2,2,0,45840,bytes,91680,91680,33554880,91680,0,0,0,0,0,73426619,74081236,1480,1800,1960,2.690,2.690
e000389,exploratory,copy_contiguous,candidate,1,1,BAAB,copy_contiguous,process,250,1,2,2,domain,synthetic_sweep,1,015d813736625640f12d26c5d349b92c14fd2fb4,false,a897dfa99e98479b638409c432d3d2bc8e7ba7d5ba4e5a046dd229021f58bffd,12b1dafe765a77d1a17115b0ae12cff973f20ed7d6d770fbd790695fe081288e,afaa9ca40fef1b2a362af2af235634b472665287e554d16b829c09e1a70787ac,8d5b7eba8aea53574190e7d4a6d9e7b424bc23a9e2a0b6968a27f1772509492b,6e938dfcd266a2b0eac811d7ea7eabbd5b217965f88efa81371465134dbcab11,2026-07-15T18:05:21.205335+00:00,8o8-arch,7.0.12-arch1-1,AMD Ryzen 9 3900X 12-Core Processor,"logical=24,cores=12,sockets=1,nodes=1",performance,rustc 1.97.0 (2d8144b78 2026-07-07),22.1.6,cargo 1.97.0 (c980f4866 2026-06-30),"release,lto=thin,debug=true",/home/bob/.cache/mess-bench,/dev/nvme0n1p3,ext4,/home,Samsung SSD 970 EVO Plus 2TB,[none] mq-deadline kyber bfq,249466380288,4096,1024,payload[i]=(i*131+17)&0xff,2.63330078125,accepted,,2,2,0,45840,bytes,91680,91680,33554880,45840,0,0,0,33554880,0,41515490,41883885,810,970,1070,2.630,2.630
e000390,exploratory,copy_contiguous,baseline,1,2,BAAB,k_pwrite,process,250,1,2,2,domain,synthetic_sweep,1,015d813736625640f12d26c5d349b92c14fd2fb4,false,a897dfa99e98479b638409c432d3d2bc8e7ba7d5ba4e5a046dd229021f58bffd,12b1dafe765a77d1a17115b0ae12cff973f20ed7d6d770fbd790695fe081288e,afaa9ca40fef1b2a362af2af235634b472665287e554d16b829c09e1a70787ac,8d5b7eba8aea53574190e7d4a6d9e7b424bc23a9e2a0b6968a27f1772509492b,6e938dfcd266a2b0eac811d7ea7eabbd5b217965f88efa81371465134dbcab11,2026-07-15T18:05:22.232227+00:00,8o8-arch,7.0.12-arch1-1,AMD Ryzen 9 3900X 12-Core Processor,"logical=24,cores=12,sockets=1,nodes=1",performance,rustc 1.97.0 (2d8144b78 2026-07-07),22.1.6,cargo 1.97.0 (c980f4866 2026-06-30),"release,lto=thin,debug=true",/home/bob/.cache/mess-bench,/dev/nvme0n1p3,ext4,/home,Samsung SSD 970 EVO Plus 2TB,[none] mq-deadline kyber bfq,249466372096,4096,1024,payload[i]=(i*131+17)&0xff,2.63330078125,accepted,,2,2,0,45840,bytes,91680,91680,33554880,91680,0,0,0,0,0,74135968,75161506,1480,1790,1940,2.630,2.630
e000391,exploratory,copy_contiguous,baseline,1,3,BAAB,k_pwrite,process,250,1,2,2,domain,synthetic_sweep,1,015d813736625640f12d26c5d349b92c14fd2fb4,false,a897dfa99e98479b638409c432d3d2bc8e7ba7d5ba4e5a046dd229021f58bffd,12b1dafe765a77d1a17115b0ae12cff973f20ed7d6d770fbd790695fe081288e,afaa9ca40fef1b2a362af2af235634b472665287e554d16b829c09e1a70787ac,8d5b7eba8aea53574190e7d4a6d9e7b424bc23a9e2a0b6968a27f1772509492b,6e938dfcd266a2b0eac811d7ea7eabbd5b217965f88efa81371465134dbcab11,2026-07-15T18:05:23.260254+00:00,8o8-arch,7.0.12-arch1-1,AMD Ryzen 9 3900X 12-Core Processor,"logical=24,cores=12,sockets=1,nodes=1",performance,rustc 1.97.0 (2d8144b78 2026-07-07),22.1.6,cargo 1.97.0 (c980f4866 2026-06-30),"release,lto=thin,debug=true",/home/bob/.cache/mess-bench,/dev/nvme0n1p3,ext4,/home,Samsung SSD 970 EVO Plus 2TB,[none] mq-deadline kyber bfq,249466372096,4096,1024,payload[i]=(i*131+17)&0xff,2.63330078125,accepted,,2,2,0,45840,bytes,91680,91680,33554880,91680,0,0,0,0,0,72401658,72940517,1490,1530,1830,2.630,2.630
e000392,exploratory,copy_contiguous,candidate,1,4,BAAB,copy_contiguous,process,250,1,2,2,domain,synthetic_sweep,1,015d813736625640f12d26c5d349b92c14fd2fb4,false,a897dfa99e98479b638409c432d3d2bc8e7ba7d5ba4e5a046dd229021f58bffd,12b1dafe765a77d1a17115b0ae12cff973f20ed7d6d770fbd790695fe081288e,afaa9ca40fef1b2a362af2af235634b472665287e554d16b829c09e1a70787ac,8d5b7eba8aea53574190e7d4a6d9e7b424bc23a9e2a0b6968a27f1772509492b,6e938dfcd266a2b0eac811d7ea7eabbd5b217965f88efa81371465134dbcab11,2026-07-15T18:05:24.281461+00:00,8o8-arch,7.0.12-arch1-1,AMD Ryzen 9 3900X 12-Core Processor,"logical=24,cores=12,sockets=1,nodes=1",performance,rustc 1.97.0 (2d8144b78 2026-07-07),22.1.6,cargo 1.97.0 (c980f4866 2026-06-30),"release,lto=thin,debug=true",/home/bob/.cache/mess-bench,/dev/nvme0n1p3,ext4,/home,Samsung SSD 970 EVO Plus 2TB,[none] mq-deadline kyber bfq,249466368000,4096,1024,payload[i]=(i*131+17)&0xff,2.63330078125,accepted,,2,2,0,45840,bytes,91680,91680,33554880,45840,0,0,0,33554880,0,41253891,41621146,810,950,1040,2.630,2.630
e000393,exploratory,pwritev_full_8m,baseline,1,1,ABBA,k_pwrite,process,250,1,2,2,new_name,synthetic_sweep,1,015d813736625640f12d26c5d349b92c14fd2fb4,false,a897dfa99e98479b638409c432d3d2bc8e7ba7d5ba4e5a046dd229021f58bffd,12b1dafe765a77d1a17115b0ae12cff973f20ed7d6d770fbd790695fe081288e,afaa9ca40fef1b2a362af2af235634b472665287e554d16b829c09e1a70787ac,8d5b7eba8aea53574190e7d4a6d9e7b424bc23a9e2a0b6968a27f1772509492b,6e938dfcd266a2b0eac811d7ea7eabbd5b217965f88efa81371465134dbcab11,2026-07-15T18:05:25.311852+00:00,8o8-arch,7.0.12-arch1-1,AMD Ryzen 9 3900X 12-Core Processor,"logical=24,cores=12,sockets=1,nodes=1",performance,rustc 1.97.0 (2d8144b78 2026-07-07),22.1.6,cargo 1.97.0 (c980f4866 2026-06-30),"release,lto=thin,debug=true",/home/bob/.cache/mess-bench,/dev/nvme0n1p3,ext4,/home,Samsung SSD 970 EVO Plus 2TB,[none] mq-deadline kyber bfq,249466355712,4096,1024,payload[i]=(i*131+17)&0xff,2.63330078125,accepted,,2,4,0,33157,bytes,132628,66314,33554884,132628,0,0,0,0,0,107158527,108528636,2950,3770,3880,2.630,2.660
e000394,exploratory,pwritev_full_8m,candidate,1,2,ABBA,pwritev_full_8m,process,250,1,2,2,new_name,synthetic_sweep,1,015d813736625640f12d26c5d349b92c14fd2fb4,false,a897dfa99e98479b638409c432d3d2bc8e7ba7d5ba4e5a046dd229021f58bffd,12b1dafe765a77d1a17115b0ae12cff973f20ed7d6d770fbd790695fe081288e,afaa9ca40fef1b2a362af2af235634b472665287e554d16b829c09e1a70787ac,8d5b7eba8aea53574190e7d4a6d9e7b424bc23a9e2a0b6968a27f1772509492b,6e938dfcd266a2b0eac811d7ea7eabbd5b217965f88efa81371465134dbcab11,2026-07-15T18:05:26.343679+00:00,8o8-arch,7.0.12-arch1-1,AMD Ryzen 9 3900X 12-Core Processor,"logical=24,cores=12,sockets=1,nodes=1",performance,rustc 1.97.0 (2d8144b78 2026-07-07),22.1.6,cargo 1.97.0 (c980f4866 2026-06-30),"release,lto=thin,debug=true",/home/bob/.cache/mess-bench,/dev/nvme0n1p3,ext4,/home,Samsung SSD 970 EVO Plus 2TB,[none] mq-deadline kyber bfq,249466347520,4096,1024,payload[i]=(i*131+17)&0xff,2.6630859375,accepted,,2,4,0,33157,bytes,132628,66314,33554884,33157,0,0,4,0,0,37482399,37750767,980,1180,1290,2.660,2.660
e000395,exploratory,pwritev_full_8m,candidate,1,3,ABBA,pwritev_full_8m,process,250,1,2,2,new_name,synthetic_sweep,1,015d813736625640f12d26c5d349b92c14fd2fb4,false,a897dfa99e98479b638409c432d3d2bc8e7ba7d5ba4e5a046dd229021f58bffd,12b1dafe765a77d1a17115b0ae12cff973f20ed7d6d770fbd790695fe081288e,afaa9ca40fef1b2a362af2af235634b472665287e554d16b829c09e1a70787ac,8d5b7eba8aea53574190e7d4a6d9e7b424bc23a9e2a0b6968a27f1772509492b,6e938dfcd266a2b0eac811d7ea7eabbd5b217965f88efa81371465134dbcab11,2026-07-15T18:05:27.374612+00:00,8o8-arch,7.0.12-arch1-1,AMD Ryzen 9 3900X 12-Core Processor,"logical=24,cores=12,sockets=1,nodes=1",performance,rustc 1.97.0 (2d8144b78 2026-07-07),22.1.6,cargo 1.97.0 (c980f4866 2026-06-30),"release,lto=thin,debug=true",/home/bob/.cache/mess-bench,/dev/nvme0n1p3,ext4,/home,Samsung SSD 970 EVO Plus 2TB,[none] mq-deadline kyber bfq,249466347520,4096,1024,payload[i]=(i*131+17)&0xff,2.6630859375,accepted,,2,4,0,33157,bytes,132628,66314,33554884,33157,0,0,4,0,0,36662170,36954829,980,1210,1310,2.660,2.660
e000396,exploratory,pwritev_full_8m,baseline,1,4,ABBA,k_pwrite,process,250,1,2,2,new_name,synthetic_sweep,1,015d813736625640f12d26c5d349b92c14fd2fb4,false,a897dfa99e98479b638409c432d3d2bc8e7ba7d5ba4e5a046dd229021f58bffd,12b1dafe765a77d1a17115b0ae12cff973f20ed7d6d770fbd790695fe081288e,afaa9ca40fef1b2a362af2af235634b472665287e554d16b829c09e1a70787ac,8d5b7eba8aea53574190e7d4a6d9e7b424bc23a9e2a0b6968a27f1772509492b,6e938dfcd266a2b0eac811d7ea7eabbd5b217965f88efa81371465134dbcab11,2026-07-15T18:05:28.405782+00:00,8o8-arch,7.0.12-arch1-1,AMD Ryzen 9 3900X 12-Core Processor,"logical=24,cores=12,sockets=1,nodes=1",performance,rustc 1.97.0 (2d8144b78 2026-07-07),22.1.6,cargo 1.97.0 (c980f4866 2026-06-30),"release,lto=thin,debug=true",/home/bob/.cache/mess-bench,/dev/nvme0n1p3,ext4,/home,Samsung SSD 970 EVO Plus 2TB,[none] mq-deadline kyber bfq,249466347520,4096,1024,payload[i]=(i*131+17)&0xff,2.6630859375,accepted,,2,4,0,33157,bytes,132628,66314,33554884,132628,0,0,0,0,0,101850396,102605290,2890,3400,3780,2.660,2.660
e000397,exploratory,copy_contiguous,candidate,1,1,BAAB,copy_contiguous,process,250,1,2,2,new_name,synthetic_sweep,1,015d813736625640f12d26c5d349b92c14fd2fb4,false,a897dfa99e98479b638409c432d3d2bc8e7ba7d5ba4e5a046dd229021f58bffd,12b1dafe765a77d1a17115b0ae12cff973f20ed7d6d770fbd790695fe081288e,afaa9ca40fef1b2a362af2af235634b472665287e554d16b829c09e1a70787ac,8d5b7eba8aea53574190e7d4a6d9e7b424bc23a9e2a0b6968a27f1772509492b,6e938dfcd266a2b0eac811d7ea7eabbd5b217965f88efa81371465134dbcab11,2026-07-15T18:05:29.437817+00:00,8o8-arch,7.0.12-arch1-1,AMD Ryzen 9 3900X 12-Core Processor,"logical=24,cores=12,sockets=1,nodes=1",performance,rustc 1.97.0 (2d8144b78 2026-07-07),22.1.6,cargo 1.97.0 (c980f4866 2026-06-30),"release,lto=thin,debug=true",/home/bob/.cache/mess-bench,/dev/nvme0n1p3,ext4,/home,Samsung SSD 970 EVO Plus 2TB,[none] mq-deadline kyber bfq,249466339328,4096,1024,payload[i]=(i*131+17)&0xff,2.6630859375,accepted,,2,4,0,33157,bytes,132628,66314,33554884,33157,0,0,0,33554884,0,30620767,30829622,830,970,1030,2.660,2.660
e000398,exploratory,copy_contiguous,baseline,1,2,BAAB,k_pwrite,process,250,1,2,2,new_name,synthetic_sweep,1,015d813736625640f12d26c5d349b92c14fd2fb4,false,a897dfa99e98479b638409c432d3d2bc8e7ba7d5ba4e5a046dd229021f58bffd,12b1dafe765a77d1a17115b0ae12cff973f20ed7d6d770fbd790695fe081288e,afaa9ca40fef1b2a362af2af235634b472665287e554d16b829c09e1a70787ac,8d5b7eba8aea53574190e7d4a6d9e7b424bc23a9e2a0b6968a27f1772509492b,6e938dfcd266a2b0eac811d7ea7eabbd5b217965f88efa81371465134dbcab11,2026-07-15T18:05:30.463064+00:00,8o8-arch,7.0.12-arch1-1,AMD Ryzen 9 3900X 12-Core Processor,"logical=24,cores=12,sockets=1,nodes=1",performance,rustc 1.97.0 (2d8144b78 2026-07-07),22.1.6,cargo 1.97.0 (c980f4866 2026-06-30),"release,lto=thin,debug=true",/home/bob/.cache/mess-bench,/dev/nvme0n1p3,ext4,/home,Samsung SSD 970 EVO Plus 2TB,[none] mq-deadline kyber bfq,249466261504,4096,1024,payload[i]=(i*131+17)&0xff,2.52978515625,accepted,,2,4,0,33157,bytes,132628,66314,33554884,132628,0,0,0,0,0,102380484,103411659,2920,3570,3850,2.530,2.530
e000399,exploratory,copy_contiguous,baseline,1,3,BAAB,k_pwrite,process,250,1,2,2,new_name,synthetic_sweep,1,015d813736625640f12d26c5d349b92c14fd2fb4,false,a897dfa99e98479b638409c432d3d2bc8e7ba7d5ba4e5a046dd229021f58bffd,12b1dafe765a77d1a17115b0ae12cff973f20ed7d6d770fbd790695fe081288e,afaa9ca40fef1b2a362af2af235634b472665287e554d16b829c09e1a70787ac,8d5b7eba8aea53574190e7d4a6d9e7b424bc23a9e2a0b6968a27f1772509492b,6e938dfcd266a2b0eac811d7ea7eabbd5b217965f88efa81371465134dbcab11,2026-07-15T18:05:31.484646+00:00,8o8-arch,7.0.12-arch1-1,AMD Ryzen 9 3900X 12-Core Processor,"logical=24,cores=12,sockets=1,nodes=1",performance,rustc 1.97.0 (2d8144b78 2026-07-07),22.1.6,cargo 1.97.0 (c980f4866 2026-06-30),"release,lto=thin,debug=true",/home/bob/.cache/mess-bench,/dev/nvme0n1p3,ext4,/home,Samsung SSD 970 EVO Plus 2TB,[none] mq-deadline kyber bfq,249466261504,4096,1024,payload[i]=(i*131+17)&0xff,2.52978515625,accepted,,2,4,0,33157,bytes,132628,66314,33554884,132628,0,0,0,0,0,105316348,109426126,2930,3620,4000,2.530,2.530
e000400,exploratory,copy_contiguous,candidate,1,4,BAAB,copy_contiguous,process,250,1,2,2,new_name,synthetic_sweep,1,015d813736625640f12d26c5d349b92c14fd2fb4,false,a897dfa99e98479b638409c432d3d2bc8e7ba7d5ba4e5a046dd229021f58bffd,12b1dafe765a77d1a17115b0ae12cff973f20ed7d6d770fbd790695fe081288e,afaa9ca40fef1b2a362af2af235634b472665287e554d16b829c09e1a70787ac,8d5b7eba8aea53574190e7d4a6d9e7b424bc23a9e2a0b6968a27f1772509492b,6e938dfcd266a2b0eac811d7ea7eabbd5b217965f88efa81371465134dbcab11,2026-07-15T18:05:32.516756+00:00,8o8-arch,7.0.12-arch1-1,AMD Ryzen 9 3900X 12-Core Processor,"logical=24,cores=12,sockets=1,nodes=1",performance,rustc 1.97.0 (2d8144b78 2026-07-07),22.1.6,cargo 1.97.0 (c980f4866 2026-06-30),"release,lto=thin,debug=true",/home/bob/.cache/mess-bench,/dev/nvme0n1p3,ext4,/home,Samsung SSD 970 EVO Plus 2TB,[none] mq-deadline kyber bfq,249466261504,4096,1024,payload[i]=(i*131+17)&0xff,2.52978515625,accepted,,2,4,0,33157,bytes,132628,66314,33554884,33157,0,0,0,33554884,0,31946708,32157301,830,990,1120,2.530,2.530
e000401,exploratory,pwritev_full_8m,baseline,1,1,ABBA,k_pwrite,process,250,1,4,4,domain,synthetic_sweep,1,015d813736625640f12d26c5d349b92c14fd2fb4,false,a897dfa99e98479b638409c432d3d2bc8e7ba7d5ba4e5a046dd229021f58bffd,12b1dafe765a77d1a17115b0ae12cff973f20ed7d6d770fbd790695fe081288e,afaa9ca40fef1b2a362af2af235634b472665287e554d16b829c09e1a70787ac,8d5b7eba8aea53574190e7d4a6d9e7b424bc23a9e2a0b6968a27f1772509492b,6e938dfcd266a2b0eac811d7ea7eabbd5b217965f88efa81371465134dbcab11,2026-07-15T18:05:33.550419+00:00,8o8-arch,7.0.12-arch1-1,AMD Ryzen 9 3900X 12-Core Processor,"logical=24,cores=12,sockets=1,nodes=1",performance,rustc 1.97.0 (2d8144b78 2026-07-07),22.1.6,cargo 1.97.0 (c980f4866 2026-06-30),"release,lto=thin,debug=true",/home/bob/.cache/mess-bench,/dev/nvme0n1p3,ext4,/home,Samsung SSD 970 EVO Plus 2TB,[none] mq-deadline kyber bfq,249466261504,4096,1024,payload[i]=(i*131+17)&0xff,2.52978515625,accepted,,4,4,0,22920,bytes,91680,91680,33554880,91680,0,0,0,0,0,73311227,74646286,2940,3590,3970,2.530,2.530
e000402,exploratory,pwritev_full_8m,candidate,1,2,ABBA,pwritev_full_8m,process,250,1,4,4,domain,synthetic_sweep,1,015d813736625640f12d26c5d349b92c14fd2fb4,false,a897dfa99e98479b638409c432d3d2bc8e7ba7d5ba4e5a046dd229021f58bffd,12b1dafe765a77d1a17115b0ae12cff973f20ed7d6d770fbd790695fe081288e,afaa9ca40fef1b2a362af2af235634b472665287e554d16b829c09e1a70787ac,8d5b7eba8aea53574190e7d4a6d9e7b424bc23a9e2a0b6968a27f1772509492b,6e938dfcd266a2b0eac811d7ea7eabbd5b217965f88efa81371465134dbcab11,2026-07-15T18:05:34.574973+00:00,8o8-arch,7.0.12-arch1-1,AMD Ryzen 9 3900X 12-Core Processor,"logical=24,cores=12,sockets=1,nodes=1",performance,rustc 1.97.0 (2d8144b78 2026-07-07),22.1.6,cargo 1.97.0 (c980f4866 2026-06-30),"release,lto=thin,debug=true",/home/bob/.cache/mess-bench,/dev/nvme0n1p3,ext4,/home,Samsung SSD 970 EVO Plus 2TB,[none] mq-deadline kyber bfq,249466257408,4096,1024,payload[i]=(i*131+17)&0xff,2.52978515625,accepted,,4,4,0,22920,bytes,91680,91680,33554880,22920,0,0,4,0,0,27261587,27492384,1000,1160,3780,2.530,2.530
e000403,exploratory,pwritev_full_8m,candidate,1,3,ABBA,pwritev_full_8m,process,250,1,4,4,domain,synthetic_sweep,1,015d813736625640f12d26c5d349b92c14fd2fb4,false,a897dfa99e98479b638409c432d3d2bc8e7ba7d5ba4e5a046dd229021f58bffd,12b1dafe765a77d1a17115b0ae12cff973f20ed7d6d770fbd790695fe081288e,afaa9ca40fef1b2a362af2af235634b472665287e554d16b829c09e1a70787ac,8d5b7eba8aea53574190e7d4a6d9e7b424bc23a9e2a0b6968a27f1772509492b,6e938dfcd266a2b0eac811d7ea7eabbd5b217965f88efa81371465134dbcab11,2026-07-15T18:05:35.597660+00:00,8o8-arch,7.0.12-arch1-1,AMD Ryzen 9 3900X 12-Core Processor,"logical=24,cores=12,sockets=1,nodes=1",performance,rustc 1.97.0 (2d8144b78 2026-07-07),22.1.6,cargo 1.97.0 (c980f4866 2026-06-30),"release,lto=thin,debug=true",/home/bob/.cache/mess-bench,/dev/nvme0n1p3,ext4,/home,Samsung SSD 970 EVO Plus 2TB,[none] mq-deadline kyber bfq,249466200064,4096,1024,payload[i]=(i*131+17)&0xff,2.3271484375,accepted,,4,4,0,22920,bytes,91680,91680,33554880,22920,0,0,4,0,0,28091667,28350404,1020,1200,1370,2.330,2.330
e000404,exploratory,pwritev_full_8m,baseline,1,4,ABBA,k_pwrite,process,250,1,4,4,domain,synthetic_sweep,1,015d813736625640f12d26c5d349b92c14fd2fb4,false,a897dfa99e98479b638409c432d3d2bc8e7ba7d5ba4e5a046dd229021f58bffd,12b1dafe765a77d1a17115b0ae12cff973f20ed7d6d770fbd790695fe081288e,afaa9ca40fef1b2a362af2af235634b472665287e554d16b829c09e1a70787ac,8d5b7eba8aea53574190e7d4a6d9e7b424bc23a9e2a0b6968a27f1772509492b,6e938dfcd266a2b0eac811d7ea7eabbd5b217965f88efa81371465134dbcab11,2026-07-15T18:05:36.627458+00:00,8o8-arch,7.0.12-arch1-1,AMD Ryzen 9 3900X 12-Core Processor,"logical=24,cores=12,sockets=1,nodes=1",performance,rustc 1.97.0 (2d8144b78 2026-07-07),22.1.6,cargo 1.97.0 (c980f4866 2026-06-30),"release,lto=thin,debug=true",/home/bob/.cache/mess-bench,/dev/nvme0n1p3,ext4,/home,Samsung SSD 970 EVO Plus 2TB,[none] mq-deadline kyber bfq,249466195968,4096,1024,payload[i]=(i*131+17)&0xff,2.3271484375,accepted,,4,4,0,22920,bytes,91680,91680,33554880,91680,0,0,0,0,0,71022688,73645197,2920,3680,4020,2.330,2.330
e000405,exploratory,copy_contiguous,candidate,1,1,BAAB,copy_contiguous,process,250,1,4,4,domain,synthetic_sweep,1,015d813736625640f12d26c5d349b92c14fd2fb4,false,a897dfa99e98479b638409c432d3d2bc8e7ba7d5ba4e5a046dd229021f58bffd,12b1dafe765a77d1a17115b0ae12cff973f20ed7d6d770fbd790695fe081288e,afaa9ca40fef1b2a362af2af235634b472665287e554d16b829c09e1a70787ac,8d5b7eba8aea53574190e7d4a6d9e7b424bc23a9e2a0b6968a27f1772509492b,6e938dfcd266a2b0eac811d7ea7eabbd5b217965f88efa81371465134dbcab11,2026-07-15T18:05:37.648820+00:00,8o8-arch,7.0.12-arch1-1,AMD Ryzen 9 3900X 12-Core Processor,"logical=24,cores=12,sockets=1,nodes=1",performance,rustc 1.97.0 (2d8144b78 2026-07-07),22.1.6,cargo 1.97.0 (c980f4866 2026-06-30),"release,lto=thin,debug=true",/home/bob/.cache/mess-bench,/dev/nvme0n1p3,ext4,/home,Samsung SSD 970 EVO Plus 2TB,[none] mq-deadline kyber bfq,249466179584,4096,1024,payload[i]=(i*131+17)&0xff,2.3271484375,accepted,,4,4,0,22920,bytes,91680,91680,33554880,22920,0,0,0,33554880,0,22038155,22203447,830,1010,1980,2.330,2.330
e000406,exploratory,copy_contiguous,baseline,1,2,BAAB,k_pwrite,process,250,1,4,4,domain,synthetic_sweep,1,015d813736625640f12d26c5d349b92c14fd2fb4,false,a897dfa99e98479b638409c432d3d2bc8e7ba7d5ba4e5a046dd229021f58bffd,12b1dafe765a77d1a17115b0ae12cff973f20ed7d6d770fbd790695fe081288e,afaa9ca40fef1b2a362af2af235634b472665287e554d16b829c09e1a70787ac,8d5b7eba8aea53574190e7d4a6d9e7b424bc23a9e2a0b6968a27f1772509492b,6e938dfcd266a2b0eac811d7ea7eabbd5b217965f88efa81371465134dbcab11,2026-07-15T18:05:38.672874+00:00,8o8-arch,7.0.12-arch1-1,AMD Ryzen 9 3900X 12-Core Processor,"logical=24,cores=12,sockets=1,nodes=1",performance,rustc 1.97.0 (2d8144b78 2026-07-07),22.1.6,cargo 1.97.0 (c980f4866 2026-06-30),"release,lto=thin,debug=true",/home/bob/.cache/mess-bench,/dev/nvme0n1p3,ext4,/home,Samsung SSD 970 EVO Plus 2TB,[none] mq-deadline kyber bfq,249466171392,4096,1024,payload[i]=(i*131+17)&0xff,2.3271484375,accepted,,4,4,0,22920,bytes,91680,91680,33554880,91680,0,0,0,0,0,69906668,70393989,2910,3460,3730,2.330,2.330
e000407,exploratory,copy_contiguous,baseline,1,3,BAAB,k_pwrite,process,250,1,4,4,domain,synthetic_sweep,1,015d813736625640f12d26c5d349b92c14fd2fb4,false,a897dfa99e98479b638409c432d3d2bc8e7ba7d5ba4e5a046dd229021f58bffd,12b1dafe765a77d1a17115b0ae12cff973f20ed7d6d770fbd790695fe081288e,afaa9ca40fef1b2a362af2af235634b472665287e554d16b829c09e1a70787ac,8d5b7eba8aea53574190e7d4a6d9e7b424bc23a9e2a0b6968a27f1772509492b,6e938dfcd266a2b0eac811d7ea7eabbd5b217965f88efa81371465134dbcab11,2026-07-15T18:05:39.695919+00:00,8o8-arch,7.0.12-arch1-1,AMD Ryzen 9 3900X 12-Core Processor,"logical=24,cores=12,sockets=1,nodes=1",performance,rustc 1.97.0 (2d8144b78 2026-07-07),22.1.6,cargo 1.97.0 (c980f4866 2026-06-30),"release,lto=thin,debug=true",/home/bob/.cache/mess-bench,/dev/nvme0n1p3,ext4,/home,Samsung SSD 970 EVO Plus 2TB,[none] mq-deadline kyber bfq,249466167296,4096,1024,payload[i]=(i*131+17)&0xff,2.3271484375,accepted,,4,4,0,22920,bytes,91680,91680,33554880,91680,0,0,0,0,0,72675738,73246947,2930,3720,4030,2.330,2.330
e000408,exploratory,copy_contiguous,candidate,1,4,BAAB,copy_contiguous,process,250,1,4,4,domain,synthetic_sweep,1,015d813736625640f12d26c5d349b92c14fd2fb4,false,a897dfa99e98479b638409c432d3d2bc8e7ba7d5ba4e5a046dd229021f58bffd,12b1dafe765a77d1a17115b0ae12cff973f20ed7d6d770fbd790695fe081288e,afaa9ca40fef1b2a362af2af235634b472665287e554d16b829c09e1a70787ac,8d5b7eba8aea53574190e7d4a6d9e7b424bc23a9e2a0b6968a27f1772509492b,6e938dfcd266a2b0eac811d7ea7eabbd5b217965f88efa81371465134dbcab11,2026-07-15T18:05:40.717538+00:00,8o8-arch,7.0.12-arch1-1,AMD Ryzen 9 3900X 12-Core Processor,"logical=24,cores=12,sockets=1,nodes=1",performance,rustc 1.97.0 (2d8144b78 2026-07-07),22.1.6,cargo 1.97.0 (c980f4866 2026-06-30),"release,lto=thin,debug=true",/home/bob/.cache/mess-bench,/dev/nvme0n1p3,ext4,/home,Samsung SSD 970 EVO Plus 2TB,[none] mq-deadline kyber bfq,249466163200,4096,1024,payload[i]=(i*131+17)&0xff,2.38134765625,accepted,,4,4,0,22920,bytes,91680,91680,33554880,22920,0,0,0,33554880,0,21842085,22032917,840,1060,1150,2.380,2.380
e000409,exploratory,pwritev_full_8m,baseline,1,1,ABBA,k_pwrite,process,250,1,4,4,new_name,synthetic_sweep,1,015d813736625640f12d26c5d349b92c14fd2fb4,false,a897dfa99e98479b638409c432d3d2bc8e7ba7d5ba4e5a046dd229021f58bffd,12b1dafe765a77d1a17115b0ae12cff973f20ed7d6d770fbd790695fe081288e,afaa9ca40fef1b2a362af2af235634b472665287e554d16b829c09e1a70787ac,8d5b7eba8aea53574190e7d4a6d9e7b424bc23a9e2a0b6968a27f1772509492b,6e938dfcd266a2b0eac811d7ea7eabbd5b217965f88efa81371465134dbcab11,2026-07-15T18:05:41.749082+00:00,8o8-arch,7.0.12-arch1-1,AMD Ryzen 9 3900X 12-Core Processor,"logical=24,cores=12,sockets=1,nodes=1",performance,rustc 1.97.0 (2d8144b78 2026-07-07),22.1.6,cargo 1.97.0 (c980f4866 2026-06-30),"release,lto=thin,debug=true",/home/bob/.cache/mess-bench,/dev/nvme0n1p3,ext4,/home,Samsung SSD 970 EVO Plus 2TB,[none] mq-deadline kyber bfq,249466159104,4096,1024,payload[i]=(i*131+17)&0xff,2.38134765625,accepted,,4,8,0,16579,bytes,132632,66316,33555896,132632,0,0,0,0,0,100054055,100977621,5770,7460,7980,2.380,2.380
e000410,exploratory,pwritev_full_8m,candidate,1,2,ABBA,pwritev_full_8m,process,250,1,4,4,new_name,synthetic_sweep,1,015d813736625640f12d26c5d349b92c14fd2fb4,false,a897dfa99e98479b638409c432d3d2bc8e7ba7d5ba4e5a046dd229021f58bffd,12b1dafe765a77d1a17115b0ae12cff973f20ed7d6d770fbd790695fe081288e,afaa9ca40fef1b2a362af2af235634b472665287e554d16b829c09e1a70787ac,8d5b7eba8aea53574190e7d4a6d9e7b424bc23a9e2a0b6968a27f1772509492b,6e938dfcd266a2b0eac811d7ea7eabbd5b217965f88efa81371465134dbcab11,2026-07-15T18:05:42.779155+00:00,8o8-arch,7.0.12-arch1-1,AMD Ryzen 9 3900X 12-Core Processor,"logical=24,cores=12,sockets=1,nodes=1",performance,rustc 1.97.0 (2d8144b78 2026-07-07),22.1.6,cargo 1.97.0 (c980f4866 2026-06-30),"release,lto=thin,debug=true",/home/bob/.cache/mess-bench,/dev/nvme0n1p3,ext4,/home,Samsung SSD 970 EVO Plus 2TB,[none] mq-deadline kyber bfq,249466118144,4096,1024,payload[i]=(i*131+17)&0xff,2.38134765625,accepted,,4,8,0,16579,bytes,132632,66316,33555896,16579,0,0,8,0,0,21955886,22162567,1150,1410,3000,2.380,2.380
e000411,exploratory,pwritev_full_8m,candidate,1,3,ABBA,pwritev_full_8m,process,250,1,4,4,new_name,synthetic_sweep,1,015d813736625640f12d26c5d349b92c14fd2fb4,false,a897dfa99e98479b638409c432d3d2bc8e7ba7d5ba4e5a046dd229021f58bffd,12b1dafe765a77d1a17115b0ae12cff973f20ed7d6d770fbd790695fe081288e,afaa9ca40fef1b2a362af2af235634b472665287e554d16b829c09e1a70787ac,8d5b7eba8aea53574190e7d4a6d9e7b424bc23a9e2a0b6968a27f1772509492b,6e938dfcd266a2b0eac811d7ea7eabbd5b217965f88efa81371465134dbcab11,2026-07-15T18:05:43.809584+00:00,8o8-arch,7.0.12-arch1-1,AMD Ryzen 9 3900X 12-Core Processor,"logical=24,cores=12,sockets=1,nodes=1",performance,rustc 1.97.0 (2d8144b78 2026-07-07),22.1.6,cargo 1.97.0 (c980f4866 2026-06-30),"release,lto=thin,debug=true",/home/bob/.cache/mess-bench,/dev/nvme0n1p3,ext4,/home,Samsung SSD 970 EVO Plus 2TB,[none] mq-deadline kyber bfq,249466146816,4096,1024,payload[i]=(i*131+17)&0xff,2.38134765625,accepted,,4,8,0,16579,bytes,132632,66316,33555896,16579,0,0,8,0,0,20628505,20788217,1160,1200,1450,2.380,2.380
e000412,exploratory,pwritev_full_8m,baseline,1,4,ABBA,k_pwrite,process,250,1,4,4,new_name,synthetic_sweep,1,015d813736625640f12d26c5d349b92c14fd2fb4,false,a897dfa99e98479b638409c432d3d2bc8e7ba7d5ba4e5a046dd229021f58bffd,12b1dafe765a77d1a17115b0ae12cff973f20ed7d6d770fbd790695fe081288e,afaa9ca40fef1b2a362af2af235634b472665287e554d16b829c09e1a70787ac,8d5b7eba8aea53574190e7d4a6d9e7b424bc23a9e2a0b6968a27f1772509492b,6e938dfcd266a2b0eac811d7ea7eabbd5b217965f88efa81371465134dbcab11,2026-07-15T18:05:44.832980+00:00,8o8-arch,7.0.12-arch1-1,AMD Ryzen 9 3900X 12-Core Processor,"logical=24,cores=12,sockets=1,nodes=1",performance,rustc 1.97.0 (2d8144b78 2026-07-07),22.1.6,cargo 1.97.0 (c980f4866 2026-06-30),"release,lto=thin,debug=true",/home/bob/.cache/mess-bench,/dev/nvme0n1p3,ext4,/home,Samsung SSD 970 EVO Plus 2TB,[none] mq-deadline kyber bfq,249466150912,4096,1024,payload[i]=(i*131+17)&0xff,2.38134765625,accepted,,4,8,0,16579,bytes,132632,66316,33555896,132632,0,0,0,0,0,100000236,100793491,5740,7550,9830,2.380,2.380
e000413,exploratory,copy_contiguous,candidate,1,1,BAAB,copy_contiguous,process,250,1,4,4,new_name,synthetic_sweep,1,015d813736625640f12d26c5d349b92c14fd2fb4,false,a897dfa99e98479b638409c432d3d2bc8e7ba7d5ba4e5a046dd229021f58bffd,12b1dafe765a77d1a17115b0ae12cff973f20ed7d6d770fbd790695fe081288e,afaa9ca40fef1b2a362af2af235634b472665287e554d16b829c09e1a70787ac,8d5b7eba8aea53574190e7d4a6d9e7b424bc23a9e2a0b6968a27f1772509492b,6e938dfcd266a2b0eac811d7ea7eabbd5b217965f88efa81371465134dbcab11,2026-07-15T18:05:45.855006+00:00,8o8-arch,7.0.12-arch1-1,AMD Ryzen 9 3900X 12-Core Processor,"logical=24,cores=12,sockets=1,nodes=1",performance,rustc 1.97.0 (2d8144b78 2026-07-07),22.1.6,cargo 1.97.0 (c980f4866 2026-06-30),"release,lto=thin,debug=true",/home/bob/.cache/mess-bench,/dev/nvme0n1p3,ext4,/home,Samsung SSD 970 EVO Plus 2TB,[none] mq-deadline kyber bfq,249466150912,4096,1024,payload[i]=(i*131+17)&0xff,2.2705078125,accepted,,4,8,0,16579,bytes,132632,66316,33555896,16579,0,0,0,33555896,0,16325575,16452790,870,1100,1180,2.270,2.270
e000414,exploratory,copy_contiguous,baseline,1,2,BAAB,k_pwrite,process,250,1,4,4,new_name,synthetic_sweep,1,015d813736625640f12d26c5d349b92c14fd2fb4,false,a897dfa99e98479b638409c432d3d2bc8e7ba7d5ba4e5a046dd229021f58bffd,12b1dafe765a77d1a17115b0ae12cff973f20ed7d6d770fbd790695fe081288e,afaa9ca40fef1b2a362af2af235634b472665287e554d16b829c09e1a70787ac,8d5b7eba8aea53574190e7d4a6d9e7b424bc23a9e2a0b6968a27f1772509492b,6e938dfcd266a2b0eac811d7ea7eabbd5b217965f88efa81371465134dbcab11,2026-07-15T18:05:46.883409+00:00,8o8-arch,7.0.12-arch1-1,AMD Ryzen 9 3900X 12-Core Processor,"logical=24,cores=12,sockets=1,nodes=1",performance,rustc 1.97.0 (2d8144b78 2026-07-07),22.1.6,cargo 1.97.0 (c980f4866 2026-06-30),"release,lto=thin,debug=true",/home/bob/.cache/mess-bench,/dev/nvme0n1p3,ext4,/home,Samsung SSD 970 EVO Plus 2TB,[none] mq-deadline kyber bfq,249466138624,4096,1024,payload[i]=(i*131+17)&0xff,2.2705078125,accepted,,4,8,0,16579,bytes,132632,66316,33555896,132632,0,0,0,0,0,101217036,102793099,5770,6690,13450,2.270,2.270
e000415,exploratory,copy_contiguous,baseline,1,3,BAAB,k_pwrite,process,250,1,4,4,new_name,synthetic_sweep,1,015d813736625640f12d26c5d349b92c14fd2fb4,false,a897dfa99e98479b638409c432d3d2bc8e7ba7d5ba4e5a046dd229021f58bffd,12b1dafe765a77d1a17115b0ae12cff973f20ed7d6d770fbd790695fe081288e,afaa9ca40fef1b2a362af2af235634b472665287e554d16b829c09e1a70787ac,8d5b7eba8aea53574190e7d4a6d9e7b424bc23a9e2a0b6968a27f1772509492b,6e938dfcd266a2b0eac811d7ea7eabbd5b217965f88efa81371465134dbcab11,2026-07-15T18:05:47.912475+00:00,8o8-arch,7.0.12-arch1-1,AMD Ryzen 9 3900X 12-Core Processor,"logical=24,cores=12,sockets=1,nodes=1",performance,rustc 1.97.0 (2d8144b78 2026-07-07),22.1.6,cargo 1.97.0 (c980f4866 2026-06-30),"release,lto=thin,debug=true",/home/bob/.cache/mess-bench,/dev/nvme0n1p3,ext4,/home,Samsung SSD 970 EVO Plus 2TB,[none] mq-deadline kyber bfq,249466138624,4096,1024,payload[i]=(i*131+17)&0xff,2.2705078125,accepted,,4,8,0,16579,bytes,132632,66316,33555896,132632,0,0,0,0,0,102557206,103537089,5790,7230,13190,2.270,2.270
e000416,exploratory,copy_contiguous,candidate,1,4,BAAB,copy_contiguous,process,250,1,4,4,new_name,synthetic_sweep,1,015d813736625640f12d26c5d349b92c14fd2fb4,false,a897dfa99e98479b638409c432d3d2bc8e7ba7d5ba4e5a046dd229021f58bffd,12b1dafe765a77d1a17115b0ae12cff973f20ed7d6d770fbd790695fe081288e,afaa9ca40fef1b2a362af2af235634b472665287e554d16b829c09e1a70787ac,8d5b7eba8aea53574190e7d4a6d9e7b424bc23a9e2a0b6968a27f1772509492b,6e938dfcd266a2b0eac811d7ea7eabbd5b217965f88efa81371465134dbcab11,2026-07-15T18:05:48.941243+00:00,8o8-arch,7.0.12-arch1-1,AMD Ryzen 9 3900X 12-Core Processor,"logical=24,cores=12,sockets=1,nodes=1",performance,rustc 1.97.0 (2d8144b78 2026-07-07),22.1.6,cargo 1.97.0 (c980f4866 2026-06-30),"release,lto=thin,debug=true",/home/bob/.cache/mess-bench,/dev/nvme0n1p3,ext4,/home,Samsung SSD 970 EVO Plus 2TB,[none] mq-deadline kyber bfq,249466138624,4096,1024,payload[i]=(i*131+17)&0xff,2.2705078125,accepted,,4,8,0,16579,bytes,132632,66316,33555896,16579,0,0,0,33555896,0,15738394,15850180,870,960,1120,2.270,2.270
e000417,exploratory,pwritev_full_8m,baseline,1,1,ABBA,k_pwrite,process,250,10,2,2,domain,synthetic_sweep,1,015d813736625640f12d26c5d349b92c14fd2fb4,false,a897dfa99e98479b638409c432d3d2bc8e7ba7d5ba4e5a046dd229021f58bffd,12b1dafe765a77d1a17115b0ae12cff973f20ed7d6d770fbd790695fe081288e,afaa9ca40fef1b2a362af2af235634b472665287e554d16b829c09e1a70787ac,8d5b7eba8aea53574190e7d4a6d9e7b424bc23a9e2a0b6968a27f1772509492b,6e938dfcd266a2b0eac811d7ea7eabbd5b217965f88efa81371465134dbcab11,2026-07-15T18:05:49.965860+00:00,8o8-arch,7.0.12-arch1-1,AMD Ryzen 9 3900X 12-Core Processor,"logical=24,cores=12,sockets=1,nodes=1",performance,rustc 1.97.0 (2d8144b78 2026-07-07),22.1.6,cargo 1.97.0 (c980f4866 2026-06-30),"release,lto=thin,debug=true",/home/bob/.cache/mess-bench,/dev/nvme0n1p3,ext4,/home,Samsung SSD 970 EVO Plus 2TB,[none] mq-deadline kyber bfq,249466134528,4096,1024,payload[i]=(i*131+17)&0xff,2.2705078125,accepted,,2,2,0,5850,bytes,117000,117000,33555600,11700,0,0,0,0,0,11897233,12009683,1910,2330,2590,2.270,2.270
e000418,exploratory,pwritev_full_8m,candidate,1,2,ABBA,pwritev_full_8m,process,250,10,2,2,domain,synthetic_sweep,1,015d813736625640f12d26c5d349b92c14fd2fb4,false,a897dfa99e98479b638409c432d3d2bc8e7ba7d5ba4e5a046dd229021f58bffd,12b1dafe765a77d1a17115b0ae12cff973f20ed7d6d770fbd790695fe081288e,afaa9ca40fef1b2a362af2af235634b472665287e554d16b829c09e1a70787ac,8d5b7eba8aea53574190e7d4a6d9e7b424bc23a9e2a0b6968a27f1772509492b,6e938dfcd266a2b0eac811d7ea7eabbd5b217965f88efa81371465134dbcab11,2026-07-15T18:05:50.988849+00:00,8o8-arch,7.0.12-arch1-1,AMD Ryzen 9 3900X 12-Core Processor,"logical=24,cores=12,sockets=1,nodes=1",performance,rustc 1.97.0 (2d8144b78 2026-07-07),22.1.6,cargo 1.97.0 (c980f4866 2026-06-30),"release,lto=thin,debug=true",/home/bob/.cache/mess-bench,/dev/nvme0n1p3,ext4,/home,Samsung SSD 970 EVO Plus 2TB,[none] mq-deadline kyber bfq,249466126336,4096,1024,payload[i]=(i*131+17)&0xff,2.3291015625,accepted,,2,2,0,5850,bytes,117000,117000,33555600,5850,0,0,2,0,0,8511292,8604565,1350,1580,1780,2.330,2.330
e000419,exploratory,pwritev_full_8m,candidate,1,3,ABBA,pwritev_full_8m,process,250,10,2,2,domain,synthetic_sweep,1,015d813736625640f12d26c5d349b92c14fd2fb4,false,a897dfa99e98479b638409c432d3d2bc8e7ba7d5ba4e5a046dd229021f58bffd,12b1dafe765a77d1a17115b0ae12cff973f20ed7d6d770fbd790695fe081288e,afaa9ca40fef1b2a362af2af235634b472665287e554d16b829c09e1a70787ac,8d5b7eba8aea53574190e7d4a6d9e7b424bc23a9e2a0b6968a27f1772509492b,6e938dfcd266a2b0eac811d7ea7eabbd5b217965f88efa81371465134dbcab11,2026-07-15T18:05:52.017238+00:00,8o8-arch,7.0.12-arch1-1,AMD Ryzen 9 3900X 12-Core Processor,"logical=24,cores=12,sockets=1,nodes=1",performance,rustc 1.97.0 (2d8144b78 2026-07-07),22.1.6,cargo 1.97.0 (c980f4866 2026-06-30),"release,lto=thin,debug=true",/home/bob/.cache/mess-bench,/dev/nvme0n1p3,ext4,/home,Samsung SSD 970 EVO Plus 2TB,[none] mq-deadline kyber bfq,249466126336,4096,1024,payload[i]=(i*131+17)&0xff,2.3291015625,accepted,,2,2,0,5850,bytes,117000,117000,33555600,5850,0,0,2,0,0,8736453,8817114,1350,1580,1740,2.330,2.330
e000420,exploratory,pwritev_full_8m,baseline,1,4,ABBA,k_pwrite,process,250,10,2,2,domain,synthetic_sweep,1,015d813736625640f12d26c5d349b92c14fd2fb4,false,a897dfa99e98479b638409c432d3d2bc8e7ba7d5ba4e5a046dd229021f58bffd,12b1dafe765a77d1a17115b0ae12cff973f20ed7d6d770fbd790695fe081288e,afaa9ca40fef1b2a362af2af235634b472665287e554d16b829c09e1a70787ac,8d5b7eba8aea53574190e7d4a6d9e7b424bc23a9e2a0b6968a27f1772509492b,6e938dfcd266a2b0eac811d7ea7eabbd5b217965f88efa81371465134dbcab11,2026-07-15T18:05:53.042871+00:00,8o8-arch,7.0.12-arch1-1,AMD Ryzen 9 3900X 12-Core Processor,"logical=24,cores=12,sockets=1,nodes=1",performance,rustc 1.97.0 (2d8144b78 2026-07-07),22.1.6,cargo 1.97.0 (c980f4866 2026-06-30),"release,lto=thin,debug=true",/home/bob/.cache/mess-bench,/dev/nvme0n1p3,ext4,/home,Samsung SSD 970 EVO Plus 2TB,[none] mq-deadline kyber bfq,249466114048,4096,1024,payload[i]=(i*131+17)&0xff,2.3291015625,accepted,,2,2,0,5850,bytes,117000,117000,33555600,11700,0,0,0,0,0,12000913,12221183,1930,2380,2720,2.330,2.330
e000421,exploratory,copy_contiguous,candidate,1,1,BAAB,copy_contiguous,process,250,10,2,2,domain,synthetic_sweep,1,015d813736625640f12d26c5d349b92c14fd2fb4,false,a897dfa99e98479b638409c432d3d2bc8e7ba7d5ba4e5a046dd229021f58bffd,12b1dafe765a77d1a17115b0ae12cff973f20ed7d6d770fbd790695fe081288e,afaa9ca40fef1b2a362af2af235634b472665287e554d16b829c09e1a70787ac,8d5b7eba8aea53574190e7d4a6d9e7b424bc23a9e2a0b6968a27f1772509492b,6e938dfcd266a2b0eac811d7ea7eabbd5b217965f88efa81371465134dbcab11,2026-07-15T18:05:54.074375+00:00,8o8-arch,7.0.12-arch1-1,AMD Ryzen 9 3900X 12-Core Processor,"logical=24,cores=12,sockets=1,nodes=1",performance,rustc 1.97.0 (2d8144b78 2026-07-07),22.1.6,cargo 1.97.0 (c980f4866 2026-06-30),"release,lto=thin,debug=true",/home/bob/.cache/mess-bench,/dev/nvme0n1p3,ext4,/home,Samsung SSD 970 EVO Plus 2TB,[none] mq-deadline kyber bfq,249466114048,4096,1024,payload[i]=(i*131+17)&0xff,2.3291015625,accepted,,2,2,0,5850,bytes,117000,117000,33555600,5850,0,0,0,33555600,0,8247693,8319335,1280,1720,1890,2.330,2.330
e000422,exploratory,copy_contiguous,baseline,1,2,BAAB,k_pwrite,process,250,10,2,2,domain,synthetic_sweep,1,015d813736625640f12d26c5d349b92c14fd2fb4,false,a897dfa99e98479b638409c432d3d2bc8e7ba7d5ba4e5a046dd229021f58bffd,12b1dafe765a77d1a17115b0ae12cff973f20ed7d6d770fbd790695fe081288e,afaa9ca40fef1b2a362af2af235634b472665287e554d16b829c09e1a70787ac,8d5b7eba8aea53574190e7d4a6d9e7b424bc23a9e2a0b6968a27f1772509492b,6e938dfcd266a2b0eac811d7ea7eabbd5b217965f88efa81371465134dbcab11,2026-07-15T18:05:55.104906+00:00,8o8-arch,7.0.12-arch1-1,AMD Ryzen 9 3900X 12-Core Processor,"logical=24,cores=12,sockets=1,nodes=1",performance,rustc 1.97.0 (2d8144b78 2026-07-07),22.1.6,cargo 1.97.0 (c980f4866 2026-06-30),"release,lto=thin,debug=true",/home/bob/.cache/mess-bench,/dev/nvme0n1p3,ext4,/home,Samsung SSD 970 EVO Plus 2TB,[none] mq-deadline kyber bfq,249466122240,4096,1024,payload[i]=(i*131+17)&0xff,2.3291015625,accepted,,2,2,0,5850,bytes,117000,117000,33555600,11700,0,0,0,0,0,11986643,12099343,1930,2340,2740,2.330,2.330
e000423,exploratory,copy_contiguous,baseline,1,3,BAAB,k_pwrite,process,250,10,2,2,domain,synthetic_sweep,1,015d813736625640f12d26c5d349b92c14fd2fb4,false,a897dfa99e98479b638409c432d3d2bc8e7ba7d5ba4e5a046dd229021f58bffd,12b1dafe765a77d1a17115b0ae12cff973f20ed7d6d770fbd790695fe081288e,afaa9ca40fef1b2a362af2af235634b472665287e554d16b829c09e1a70787ac,8d5b7eba8aea53574190e7d4a6d9e7b424bc23a9e2a0b6968a27f1772509492b,6e938dfcd266a2b0eac811d7ea7eabbd5b217965f88efa81371465134dbcab11,2026-07-15T18:05:56.133256+00:00,8o8-arch,7.0.12-arch1-1,AMD Ryzen 9 3900X 12-Core Processor,"logical=24,cores=12,sockets=1,nodes=1",performance,rustc 1.97.0 (2d8144b78 2026-07-07),22.1.6,cargo 1.97.0 (c980f4866 2026-06-30),"release,lto=thin,debug=true",/home/bob/.cache/mess-bench,/dev/nvme0n1p3,ext4,/home,Samsung SSD 970 EVO Plus 2TB,[none] mq-deadline kyber bfq,249466122240,4096,1024,payload[i]=(i*131+17)&0xff,2.62353515625,accepted,,2,2,0,5850,bytes,117000,117000,33555600,11700,0,0,0,0,0,11768653,11963254,1910,2240,2510,2.620,2.620
e000424,exploratory,copy_contiguous,candidate,1,4,BAAB,copy_contiguous,process,250,10,2,2,domain,synthetic_sweep,1,015d813736625640f12d26c5d349b92c14fd2fb4,false,a897dfa99e98479b638409c432d3d2bc8e7ba7d5ba4e5a046dd229021f58bffd,12b1dafe765a77d1a17115b0ae12cff973f20ed7d6d770fbd790695fe081288e,afaa9ca40fef1b2a362af2af235634b472665287e554d16b829c09e1a70787ac,8d5b7eba8aea53574190e7d4a6d9e7b424bc23a9e2a0b6968a27f1772509492b,6e938dfcd266a2b0eac811d7ea7eabbd5b217965f88efa81371465134dbcab11,2026-07-15T18:05:57.159364+00:00,8o8-arch,7.0.12-arch1-1,AMD Ryzen 9 3900X 12-Core Processor,"logical=24,cores=12,sockets=1,nodes=1",performance,rustc 1.97.0 (2d8144b78 2026-07-07),22.1.6,cargo 1.97.0 (c980f4866 2026-06-30),"release,lto=thin,debug=true",/home/bob/.cache/mess-bench,/dev/nvme0n1p3,ext4,/home,Samsung SSD 970 EVO Plus 2TB,[none] mq-deadline kyber bfq,249466109952,4096,1024,payload[i]=(i*131+17)&0xff,2.62353515625,accepted,,2,2,0,5850,bytes,117000,117000,33555600,5850,0,0,0,33555600,0,7985392,8063955,1260,1450,1680,2.620,2.620
e000425,exploratory,pwritev_full_8m,baseline,1,1,ABBA,k_pwrite,process,250,10,2,2,new_name,synthetic_sweep,1,015d813736625640f12d26c5d349b92c14fd2fb4,false,a897dfa99e98479b638409c432d3d2bc8e7ba7d5ba4e5a046dd229021f58bffd,12b1dafe765a77d1a17115b0ae12cff973f20ed7d6d770fbd790695fe081288e,afaa9ca40fef1b2a362af2af235634b472665287e554d16b829c09e1a70787ac,8d5b7eba8aea53574190e7d4a6d9e7b424bc23a9e2a0b6968a27f1772509492b,6e938dfcd266a2b0eac811d7ea7eabbd5b217965f88efa81371465134dbcab11,2026-07-15T18:05:58.181125+00:00,8o8-arch,7.0.12-arch1-1,AMD Ryzen 9 3900X 12-Core Processor,"logical=24,cores=12,sockets=1,nodes=1",performance,rustc 1.97.0 (2d8144b78 2026-07-07),22.1.6,cargo 1.97.0 (c980f4866 2026-06-30),"release,lto=thin,debug=true",/home/bob/.cache/mess-bench,/dev/nvme0n1p3,ext4,/home,Samsung SSD 970 EVO Plus 2TB,[none] mq-deadline kyber bfq,249466109952,4096,1024,payload[i]=(i*131+17)&0xff,2.62353515625,accepted,,2,4,0,5578,bytes,122716,111560,33557248,22312,0,0,0,0,0,19297005,19422208,3360,3620,4270,2.620,2.620
e000426,exploratory,pwritev_full_8m,candidate,1,2,ABBA,pwritev_full_8m,process,250,10,2,2,new_name,synthetic_sweep,1,015d813736625640f12d26c5d349b92c14fd2fb4,false,a897dfa99e98479b638409c432d3d2bc8e7ba7d5ba4e5a046dd229021f58bffd,12b1dafe765a77d1a17115b0ae12cff973f20ed7d6d770fbd790695fe081288e,afaa9ca40fef1b2a362af2af235634b472665287e554d16b829c09e1a70787ac,8d5b7eba8aea53574190e7d4a6d9e7b424bc23a9e2a0b6968a27f1772509492b,6e938dfcd266a2b0eac811d7ea7eabbd5b217965f88efa81371465134dbcab11,2026-07-15T18:05:59.214656+00:00,8o8-arch,7.0.12-arch1-1,AMD Ryzen 9 3900X 12-Core Processor,"logical=24,cores=12,sockets=1,nodes=1",performance,rustc 1.97.0 (2d8144b78 2026-07-07),22.1.6,cargo 1.97.0 (c980f4866 2026-06-30),"release,lto=thin,debug=true",/home/bob/.cache/mess-bench,/dev/nvme0n1p3,ext4,/home,Samsung SSD 970 EVO Plus 2TB,[none] mq-deadline kyber bfq,249466105856,4096,1024,payload[i]=(i*131+17)&0xff,2.62353515625,accepted,,2,4,0,5578,bytes,122716,111560,33557248,5578,0,0,4,0,0,8524823,8583555,1440,1790,1880,2.620,2.620
e000427,exploratory,pwritev_full_8m,candidate,1,3,ABBA,pwritev_full_8m,process,250,10,2,2,new_name,synthetic_sweep,1,015d813736625640f12d26c5d349b92c14fd2fb4,false,a897dfa99e98479b638409c432d3d2bc8e7ba7d5ba4e5a046dd229021f58bffd,12b1dafe765a77d1a17115b0ae12cff973f20ed7d6d770fbd790695fe081288e,afaa9ca40fef1b2a362af2af235634b472665287e554d16b829c09e1a70787ac,8d5b7eba8aea53574190e7d4a6d9e7b424bc23a9e2a0b6968a27f1772509492b,6e938dfcd266a2b0eac811d7ea7eabbd5b217965f88efa81371465134dbcab11,2026-07-15T18:06:00.239440+00:00,8o8-arch,7.0.12-arch1-1,AMD Ryzen 9 3900X 12-Core Processor,"logical=24,cores=12,sockets=1,nodes=1",performance,rustc 1.97.0 (2d8144b78 2026-07-07),22.1.6,cargo 1.97.0 (c980f4866 2026-06-30),"release,lto=thin,debug=true",/home/bob/.cache/mess-bench,/dev/nvme0n1p3,ext4,/home,Samsung SSD 970 EVO Plus 2TB,[none] mq-deadline kyber bfq,249466101760,4096,1024,payload[i]=(i*131+17)&0xff,2.62353515625,accepted,,2,4,0,5578,bytes,122716,111560,33557248,5578,0,0,4,0,0,8453842,8525205,1420,1680,1790,2.620,2.620
e000428,exploratory,pwritev_full_8m,baseline,1,4,ABBA,k_pwrite,process,250,10,2,2,new_name,synthetic_sweep,1,015d813736625640f12d26c5d349b92c14fd2fb4,false,a897dfa99e98479b638409c432d3d2bc8e7ba7d5ba4e5a046dd229021f58bffd,12b1dafe765a77d1a17115b0ae12cff973f20ed7d6d770fbd790695fe081288e,afaa9ca40fef1b2a362af2af235634b472665287e554d16b829c09e1a70787ac,8d5b7eba8aea53574190e7d4a6d9e7b424bc23a9e2a0b6968a27f1772509492b,6e938dfcd266a2b0eac811d7ea7eabbd5b217965f88efa81371465134dbcab11,2026-07-15T18:06:01.263008+00:00,8o8-arch,7.0.12-arch1-1,AMD Ryzen 9 3900X 12-Core Processor,"logical=24,cores=12,sockets=1,nodes=1",performance,rustc 1.97.0 (2d8144b78 2026-07-07),22.1.6,cargo 1.97.0 (c980f4866 2026-06-30),"release,lto=thin,debug=true",/home/bob/.cache/mess-bench,/dev/nvme0n1p3,ext4,/home,Samsung SSD 970 EVO Plus 2TB,[none] mq-deadline kyber bfq,249466101760,4096,1024,payload[i]=(i*131+17)&0xff,2.73388671875,accepted,,2,4,0,5578,bytes,122716,111560,33557248,22312,0,0,0,0,0,19911515,20098209,3390,4170,4440,2.730,2.730
e000429,exploratory,copy_contiguous,candidate,1,1,BAAB,copy_contiguous,process,250,10,2,2,new_name,synthetic_sweep,1,015d813736625640f12d26c5d349b92c14fd2fb4,false,a897dfa99e98479b638409c432d3d2bc8e7ba7d5ba4e5a046dd229021f58bffd,12b1dafe765a77d1a17115b0ae12cff973f20ed7d6d770fbd790695fe081288e,afaa9ca40fef1b2a362af2af235634b472665287e554d16b829c09e1a70787ac,8d5b7eba8aea53574190e7d4a6d9e7b424bc23a9e2a0b6968a27f1772509492b,6e938dfcd266a2b0eac811d7ea7eabbd5b217965f88efa81371465134dbcab11,2026-07-15T18:06:02.291763+00:00,8o8-arch,7.0.12-arch1-1,AMD Ryzen 9 3900X 12-Core Processor,"logical=24,cores=12,sockets=1,nodes=1",performance,rustc 1.97.0 (2d8144b78 2026-07-07),22.1.6,cargo 1.97.0 (c980f4866 2026-06-30),"release,lto=thin,debug=true",/home/bob/.cache/mess-bench,/dev/nvme0n1p3,ext4,/home,Samsung SSD 970 EVO Plus 2TB,[none] mq-deadline kyber bfq,249466101760,4096,1024,payload[i]=(i*131+17)&0xff,2.73388671875,accepted,,2,4,0,5578,bytes,122716,111560,33557248,5578,0,0,0,33557248,0,7964622,8056915,1310,1700,1770,2.730,2.730
e000430,exploratory,copy_contiguous,baseline,1,2,BAAB,k_pwrite,process,250,10,2,2,new_name,synthetic_sweep,1,015d813736625640f12d26c5d349b92c14fd2fb4,false,a897dfa99e98479b638409c432d3d2bc8e7ba7d5ba4e5a046dd229021f58bffd,12b1dafe765a77d1a17115b0ae12cff973f20ed7d6d770fbd790695fe081288e,afaa9ca40fef1b2a362af2af235634b472665287e554d16b829c09e1a70787ac,8d5b7eba8aea53574190e7d4a6d9e7b424bc23a9e2a0b6968a27f1772509492b,6e938dfcd266a2b0eac811d7ea7eabbd5b217965f88efa81371465134dbcab11,2026-07-15T18:06:03.321654+00:00,8o8-arch,7.0.12-arch1-1,AMD Ryzen 9 3900X 12-Core Processor,"logical=24,cores=12,sockets=1,nodes=1",performance,rustc 1.97.0 (2d8144b78 2026-07-07),22.1.6,cargo 1.97.0 (c980f4866 2026-06-30),"release,lto=thin,debug=true",/home/bob/.cache/mess-bench,/dev/nvme0n1p3,ext4,/home,Samsung SSD 970 EVO Plus 2TB,[none] mq-deadline kyber bfq,249466085376,4096,1024,payload[i]=(i*131+17)&0xff,2.73388671875,accepted,,2,4,0,5578,bytes,122716,111560,33557248,22312,0,0,0,0,0,19769505,20011809,3350,4260,4310,2.730,2.730
e000431,exploratory,copy_contiguous,baseline,1,3,BAAB,k_pwrite,process,250,10,2,2,new_name,synthetic_sweep,1,015d813736625640f12d26c5d349b92c14fd2fb4,false,a897dfa99e98479b638409c432d3d2bc8e7ba7d5ba4e5a046dd229021f58bffd,12b1dafe765a77d1a17115b0ae12cff973f20ed7d6d770fbd790695fe081288e,afaa9ca40fef1b2a362af2af235634b472665287e554d16b829c09e1a70787ac,8d5b7eba8aea53574190e7d4a6d9e7b424bc23a9e2a0b6968a27f1772509492b,6e938dfcd266a2b0eac811d7ea7eabbd5b217965f88efa81371465134dbcab11,2026-07-15T18:06:04.350983+00:00,8o8-arch,7.0.12-arch1-1,AMD Ryzen 9 3900X 12-Core Processor,"logical=24,cores=12,sockets=1,nodes=1",performance,rustc 1.97.0 (2d8144b78 2026-07-07),22.1.6,cargo 1.97.0 (c980f4866 2026-06-30),"release,lto=thin,debug=true",/home/bob/.cache/mess-bench,/dev/nvme0n1p3,ext4,/home,Samsung SSD 970 EVO Plus 2TB,[none] mq-deadline kyber bfq,249466081280,4096,1024,payload[i]=(i*131+17)&0xff,2.73388671875,accepted,,2,4,0,5578,bytes,122716,111560,33557248,22312,0,0,0,0,0,21859114,22667977,3360,4300,5360,2.730,2.730
e000432,exploratory,copy_contiguous,candidate,1,4,BAAB,copy_contiguous,process,250,10,2,2,new_name,synthetic_sweep,1,015d813736625640f12d26c5d349b92c14fd2fb4,false,a897dfa99e98479b638409c432d3d2bc8e7ba7d5ba4e5a046dd229021f58bffd,12b1dafe765a77d1a17115b0ae12cff973f20ed7d6d770fbd790695fe081288e,afaa9ca40fef1b2a362af2af235634b472665287e554d16b829c09e1a70787ac,8d5b7eba8aea53574190e7d4a6d9e7b424bc23a9e2a0b6968a27f1772509492b,6e938dfcd266a2b0eac811d7ea7eabbd5b217965f88efa81371465134dbcab11,2026-07-15T18:06:05.376241+00:00,8o8-arch,7.0.12-arch1-1,AMD Ryzen 9 3900X 12-Core Processor,"logical=24,cores=12,sockets=1,nodes=1",performance,rustc 1.97.0 (2d8144b78 2026-07-07),22.1.6,cargo 1.97.0 (c980f4866 2026-06-30),"release,lto=thin,debug=true",/home/bob/.cache/mess-bench,/dev/nvme0n1p3,ext4,/home,Samsung SSD 970 EVO Plus 2TB,[none] mq-deadline kyber bfq,249466077184,4096,1024,payload[i]=(i*131+17)&0xff,2.73388671875,accepted,,2,4,0,5578,bytes,122716,111560,33557248,5578,0,0,0,33557248,0,7839212,7922595,1280,1680,1820,2.920,2.920
e000433,exploratory,pwritev_full_8m,baseline,1,1,ABBA,k_pwrite,process,250,10,4,4,domain,synthetic_sweep,1,015d813736625640f12d26c5d349b92c14fd2fb4,false,a897dfa99e98479b638409c432d3d2bc8e7ba7d5ba4e5a046dd229021f58bffd,12b1dafe765a77d1a17115b0ae12cff973f20ed7d6d770fbd790695fe081288e,afaa9ca40fef1b2a362af2af235634b472665287e554d16b829c09e1a70787ac,8d5b7eba8aea53574190e7d4a6d9e7b424bc23a9e2a0b6968a27f1772509492b,6e938dfcd266a2b0eac811d7ea7eabbd5b217965f88efa81371465134dbcab11,2026-07-15T18:06:06.406450+00:00,8o8-arch,7.0.12-arch1-1,AMD Ryzen 9 3900X 12-Core Processor,"logical=24,cores=12,sockets=1,nodes=1",performance,rustc 1.97.0 (2d8144b78 2026-07-07),22.1.6,cargo 1.97.0 (c980f4866 2026-06-30),"release,lto=thin,debug=true",/home/bob/.cache/mess-bench,/dev/nvme0n1p3,ext4,/home,Samsung SSD 970 EVO Plus 2TB,[none] mq-deadline kyber bfq,249466073088,4096,1024,payload[i]=(i*131+17)&0xff,2.91552734375,accepted,,4,4,0,2925,bytes,117000,117000,33555600,11700,0,0,0,0,0,12039773,12136812,3820,4920,5110,2.920,2.920
e000434,exploratory,pwritev_full_8m,candidate,1,2,ABBA,pwritev_full_8m,process,250,10,4,4,domain,synthetic_sweep,1,015d813736625640f12d26c5d349b92c14fd2fb4,false,a897dfa99e98479b638409c432d3d2bc8e7ba7d5ba4e5a046dd229021f58bffd,12b1dafe765a77d1a17115b0ae12cff973f20ed7d6d770fbd790695fe081288e,afaa9ca40fef1b2a362af2af235634b472665287e554d16b829c09e1a70787ac,8d5b7eba8aea53574190e7d4a6d9e7b424bc23a9e2a0b6968a27f1772509492b,6e938dfcd266a2b0eac811d7ea7eabbd5b217965f88efa81371465134dbcab11,2026-07-15T18:06:07.431609+00:00,8o8-arch,7.0.12-arch1-1,AMD Ryzen 9 3900X 12-Core Processor,"logical=24,cores=12,sockets=1,nodes=1",performance,rustc 1.97.0 (2d8144b78 2026-07-07),22.1.6,cargo 1.97.0 (c980f4866 2026-06-30),"release,lto=thin,debug=true",/home/bob/.cache/mess-bench,/dev/nvme0n1p3,ext4,/home,Samsung SSD 970 EVO Plus 2TB,[none] mq-deadline kyber bfq,249466068992,4096,1024,payload[i]=(i*131+17)&0xff,2.91552734375,accepted,,4,4,0,2925,bytes,117000,117000,33555600,2925,0,0,4,0,0,5719351,5763257,1850,2250,2610,2.920,2.920
e000435,exploratory,pwritev_full_8m,candidate,1,3,ABBA,pwritev_full_8m,process,250,10,4,4,domain,synthetic_sweep,1,015d813736625640f12d26c5d349b92c14fd2fb4,false,a897dfa99e98479b638409c432d3d2bc8e7ba7d5ba4e5a046dd229021f58bffd,12b1dafe765a77d1a17115b0ae12cff973f20ed7d6d770fbd790695fe081288e,afaa9ca40fef1b2a362af2af235634b472665287e554d16b829c09e1a70787ac,8d5b7eba8aea53574190e7d4a6d9e7b424bc23a9e2a0b6968a27f1772509492b,6e938dfcd266a2b0eac811d7ea7eabbd5b217965f88efa81371465134dbcab11,2026-07-15T18:06:08.460139+00:00,8o8-arch,7.0.12-arch1-1,AMD Ryzen 9 3900X 12-Core Processor,"logical=24,cores=12,sockets=1,nodes=1",performance,rustc 1.97.0 (2d8144b78 2026-07-07),22.1.6,cargo 1.97.0 (c980f4866 2026-06-30),"release,lto=thin,debug=true",/home/bob/.cache/mess-bench,/dev/nvme0n1p3,ext4,/home,Samsung SSD 970 EVO Plus 2TB,[none] mq-deadline kyber bfq,249466068992,4096,1024,payload[i]=(i*131+17)&0xff,2.91552734375,accepted,,4,4,0,2925,bytes,117000,117000,33555600,2925,0,0,4,0,0,8359383,8561305,1860,2430,19060,2.920,2.920
e000436,exploratory,pwritev_full_8m,baseline,1,4,ABBA,k_pwrite,process,250,10,4,4,domain,synthetic_sweep,1,015d813736625640f12d26c5d349b92c14fd2fb4,false,a897dfa99e98479b638409c432d3d2bc8e7ba7d5ba4e5a046dd229021f58bffd,12b1dafe765a77d1a17115b0ae12cff973f20ed7d6d770fbd790695fe081288e,afaa9ca40fef1b2a362af2af235634b472665287e554d16b829c09e1a70787ac,8d5b7eba8aea53574190e7d4a6d9e7b424bc23a9e2a0b6968a27f1772509492b,6e938dfcd266a2b0eac811d7ea7eabbd5b217965f88efa81371465134dbcab11,2026-07-15T18:06:09.489130+00:00,8o8-arch,7.0.12-arch1-1,AMD Ryzen 9 3900X 12-Core Processor,"logical=24,cores=12,sockets=1,nodes=1",performance,rustc 1.97.0 (2d8144b78 2026-07-07),22.1.6,cargo 1.97.0 (c980f4866 2026-06-30),"release,lto=thin,debug=true",/home/bob/.cache/mess-bench,/dev/nvme0n1p3,ext4,/home,Samsung SSD 970 EVO Plus 2TB,[none] mq-deadline kyber bfq,249466068992,4096,1024,payload[i]=(i*131+17)&0xff,2.91552734375,accepted,,4,4,0,2925,bytes,117000,117000,33555600,11700,0,0,0,0,0,12553242,14384602,3850,5000,7480,2.920,2.920
e000437,exploratory,copy_contiguous,candidate,1,1,BAAB,copy_contiguous,process,250,10,4,4,domain,synthetic_sweep,1,015d813736625640f12d26c5d349b92c14fd2fb4,false,a897dfa99e98479b638409c432d3d2bc8e7ba7d5ba4e5a046dd229021f58bffd,12b1dafe765a77d1a17115b0ae12cff973f20ed7d6d770fbd790695fe081288e,afaa9ca40fef1b2a362af2af235634b472665287e554d16b829c09e1a70787ac,8d5b7eba8aea53574190e7d4a6d9e7b424bc23a9e2a0b6968a27f1772509492b,6e938dfcd266a2b0eac811d7ea7eabbd5b217965f88efa81371465134dbcab11,2026-07-15T18:06:10.512576+00:00,8o8-arch,7.0.12-arch1-1,AMD Ryzen 9 3900X 12-Core Processor,"logical=24,cores=12,sockets=1,nodes=1",performance,rustc 1.97.0 (2d8144b78 2026-07-07),22.1.6,cargo 1.97.0 (c980f4866 2026-06-30),"release,lto=thin,debug=true",/home/bob/.cache/mess-bench,/dev/nvme0n1p3,ext4,/home,Samsung SSD 970 EVO Plus 2TB,[none] mq-deadline kyber bfq,249466060800,4096,1024,payload[i]=(i*131+17)&0xff,3.08251953125,accepted,,4,4,0,2925,bytes,117000,117000,33555600,2925,0,0,0,33555600,0,5669212,5714497,1830,2170,2420,3.080,3.080
e000438,exploratory,copy_contiguous,baseline,1,2,BAAB,k_pwrite,process,250,10,4,4,domain,synthetic_sweep,1,015d813736625640f12d26c5d349b92c14fd2fb4,false,a897dfa99e98479b638409c432d3d2bc8e7ba7d5ba4e5a046dd229021f58bffd,12b1dafe765a77d1a17115b0ae12cff973f20ed7d6d770fbd790695fe081288e,afaa9ca40fef1b2a362af2af235634b472665287e554d16b829c09e1a70787ac,8d5b7eba8aea53574190e7d4a6d9e7b424bc23a9e2a0b6968a27f1772509492b,6e938dfcd266a2b0eac811d7ea7eabbd5b217965f88efa81371465134dbcab11,2026-07-15T18:06:11.536373+00:00,8o8-arch,7.0.12-arch1-1,AMD Ryzen 9 3900X 12-Core Processor,"logical=24,cores=12,sockets=1,nodes=1",performance,rustc 1.97.0 (2d8144b78 2026-07-07),22.1.6,cargo 1.97.0 (c980f4866 2026-06-30),"release,lto=thin,debug=true",/home/bob/.cache/mess-bench,/dev/nvme0n1p3,ext4,/home,Samsung SSD 970 EVO Plus 2TB,[none] mq-deadline kyber bfq,249466056704,4096,1024,payload[i]=(i*131+17)&0xff,3.08251953125,accepted,,4,4,0,2925,bytes,117000,117000,33555600,11700,0,0,0,0,0,11932223,12041293,3800,4920,5880,3.080,3.080
e000439,exploratory,copy_contiguous,baseline,1,3,BAAB,k_pwrite,process,250,10,4,4,domain,synthetic_sweep,1,015d813736625640f12d26c5d349b92c14fd2fb4,false,a897dfa99e98479b638409c432d3d2bc8e7ba7d5ba4e5a046dd229021f58bffd,12b1dafe765a77d1a17115b0ae12cff973f20ed7d6d770fbd790695fe081288e,afaa9ca40fef1b2a362af2af235634b472665287e554d16b829c09e1a70787ac,8d5b7eba8aea53574190e7d4a6d9e7b424bc23a9e2a0b6968a27f1772509492b,6e938dfcd266a2b0eac811d7ea7eabbd5b217965f88efa81371465134dbcab11,2026-07-15T18:06:12.567786+00:00,8o8-arch,7.0.12-arch1-1,AMD Ryzen 9 3900X 12-Core Processor,"logical=24,cores=12,sockets=1,nodes=1",performance,rustc 1.97.0 (2d8144b78 2026-07-07),22.1.6,cargo 1.97.0 (c980f4866 2026-06-30),"release,lto=thin,debug=true",/home/bob/.cache/mess-bench,/dev/nvme0n1p3,ext4,/home,Samsung SSD 970 EVO Plus 2TB,[none] mq-deadline kyber bfq,249466056704,4096,1024,payload[i]=(i*131+17)&0xff,3.08251953125,accepted,,4,4,0,2925,bytes,117000,117000,33555600,11700,0,0,0,0,0,11553093,11669403,3800,4500,5130,3.080,3.080
e000440,exploratory,copy_contiguous,candidate,1,4,BAAB,copy_contiguous,process,250,10,4,4,domain,synthetic_sweep,1,015d813736625640f12d26c5d349b92c14fd2fb4,false,a897dfa99e98479b638409c432d3d2bc8e7ba7d5ba4e5a046dd229021f58bffd,12b1dafe765a77d1a17115b0ae12cff973f20ed7d6d770fbd790695fe081288e,afaa9ca40fef1b2a362af2af235634b472665287e554d16b829c09e1a70787ac,8d5b7eba8aea53574190e7d4a6d9e7b424bc23a9e2a0b6968a27f1772509492b,6e938dfcd266a2b0eac811d7ea7eabbd5b217965f88efa81371465134dbcab11,2026-07-15T18:06:13.590114+00:00,8o8-arch,7.0.12-arch1-1,AMD Ryzen 9 3900X 12-Core Processor,"logical=24,cores=12,sockets=1,nodes=1",performance,rustc 1.97.0 (2d8144b78 2026-07-07),22.1.6,cargo 1.97.0 (c980f4866 2026-06-30),"release,lto=thin,debug=true",/home/bob/.cache/mess-bench,/dev/nvme0n1p3,ext4,/home,Samsung SSD 970 EVO Plus 2TB,[none] mq-deadline kyber bfq,249466056704,4096,1024,payload[i]=(i*131+17)&0xff,3.08251953125,accepted,,4,4,0,2925,bytes,117000,117000,33555600,2925,0,0,0,33555600,0,5659361,5691246,1830,2290,2440,3.080,3.080
e000441,exploratory,pwritev_full_8m,baseline,1,1,ABBA,k_pwrite,process,250,10,4,4,new_name,synthetic_sweep,1,015d813736625640f12d26c5d349b92c14fd2fb4,false,a897dfa99e98479b638409c432d3d2bc8e7ba7d5ba4e5a046dd229021f58bffd,12b1dafe765a77d1a17115b0ae12cff973f20ed7d6d770fbd790695fe081288e,afaa9ca40fef1b2a362af2af235634b472665287e554d16b829c09e1a70787ac,8d5b7eba8aea53574190e7d4a6d9e7b424bc23a9e2a0b6968a27f1772509492b,6e938dfcd266a2b0eac811d7ea7eabbd5b217965f88efa81371465134dbcab11,2026-07-15T18:06:14.612894+00:00,8o8-arch,7.0.12-arch1-1,AMD Ryzen 9 3900X 12-Core Processor,"logical=24,cores=12,sockets=1,nodes=1",performance,rustc 1.97.0 (2d8144b78 2026-07-07),22.1.6,cargo 1.97.0 (c980f4866 2026-06-30),"release,lto=thin,debug=true",/home/bob/.cache/mess-bench,/dev/nvme0n1p3,ext4,/home,Samsung SSD 970 EVO Plus 2TB,[none] mq-deadline kyber bfq,249466056704,4096,1024,payload[i]=(i*131+17)&0xff,3.08251953125,accepted,,4,8,0,2789,bytes,122716,111560,33557248,22312,0,0,0,0,0,19554225,19738378,6610,8620,9450,3.080,3.080
e000442,exploratory,pwritev_full_8m,candidate,1,2,ABBA,pwritev_full_8m,process,250,10,4,4,new_name,synthetic_sweep,1,015d813736625640f12d26c5d349b92c14fd2fb4,false,a897dfa99e98479b638409c432d3d2bc8e7ba7d5ba4e5a046dd229021f58bffd,12b1dafe765a77d1a17115b0ae12cff973f20ed7d6d770fbd790695fe081288e,afaa9ca40fef1b2a362af2af235634b472665287e554d16b829c09e1a70787ac,8d5b7eba8aea53574190e7d4a6d9e7b424bc23a9e2a0b6968a27f1772509492b,6e938dfcd266a2b0eac811d7ea7eabbd5b217965f88efa81371465134dbcab11,2026-07-15T18:06:15.643325+00:00,8o8-arch,7.0.12-arch1-1,AMD Ryzen 9 3900X 12-Core Processor,"logical=24,cores=12,sockets=1,nodes=1",performance,rustc 1.97.0 (2d8144b78 2026-07-07),22.1.6,cargo 1.97.0 (c980f4866 2026-06-30),"release,lto=thin,debug=true",/home/bob/.cache/mess-bench,/dev/nvme0n1p3,ext4,/home,Samsung SSD 970 EVO Plus 2TB,[none] mq-deadline kyber bfq,249466052608,4096,1024,payload[i]=(i*131+17)&0xff,3.07568359375,accepted,,4,8,0,2789,bytes,122716,111560,33557248,2789,0,0,8,0,0,5986331,6041776,2030,2520,2650,3.080,3.080
e000443,exploratory,pwritev_full_8m,candidate,1,3,ABBA,pwritev_full_8m,process,250,10,4,4,new_name,synthetic_sweep,1,015d813736625640f12d26c5d349b92c14fd2fb4,false,a897dfa99e98479b638409c432d3d2bc8e7ba7d5ba4e5a046dd229021f58bffd,12b1dafe765a77d1a17115b0ae12cff973f20ed7d6d770fbd790695fe081288e,afaa9ca40fef1b2a362af2af235634b472665287e554d16b829c09e1a70787ac,8d5b7eba8aea53574190e7d4a6d9e7b424bc23a9e2a0b6968a27f1772509492b,6e938dfcd266a2b0eac811d7ea7eabbd5b217965f88efa81371465134dbcab11,2026-07-15T18:06:16.667369+00:00,8o8-arch,7.0.12-arch1-1,AMD Ryzen 9 3900X 12-Core Processor,"logical=24,cores=12,sockets=1,nodes=1",performance,rustc 1.97.0 (2d8144b78 2026-07-07),22.1.6,cargo 1.97.0 (c980f4866 2026-06-30),"release,lto=thin,debug=true",/home/bob/.cache/mess-bench,/dev/nvme0n1p3,ext4,/home,Samsung SSD 970 EVO Plus 2TB,[none] mq-deadline kyber bfq,249466040320,4096,1024,payload[i]=(i*131+17)&0xff,3.07568359375,accepted,,4,8,0,2789,bytes,122716,111560,33557248,2789,0,0,8,0,0,6016301,6062606,2040,2490,2650,3.080,3.080
e000444,exploratory,pwritev_full_8m,baseline,1,4,ABBA,k_pwrite,process,250,10,4,4,new_name,synthetic_sweep,1,015d813736625640f12d26c5d349b92c14fd2fb4,false,a897dfa99e98479b638409c432d3d2bc8e7ba7d5ba4e5a046dd229021f58bffd,12b1dafe765a77d1a17115b0ae12cff973f20ed7d6d770fbd790695fe081288e,afaa9ca40fef1b2a362af2af235634b472665287e554d16b829c09e1a70787ac,8d5b7eba8aea53574190e7d4a6d9e7b424bc23a9e2a0b6968a27f1772509492b,6e938dfcd266a2b0eac811d7ea7eabbd5b217965f88efa81371465134dbcab11,2026-07-15T18:06:17.690306+00:00,8o8-arch,7.0.12-arch1-1,AMD Ryzen 9 3900X 12-Core Processor,"logical=24,cores=12,sockets=1,nodes=1",performance,rustc 1.97.0 (2d8144b78 2026-07-07),22.1.6,cargo 1.97.0 (c980f4866 2026-06-30),"release,lto=thin,debug=true",/home/bob/.cache/mess-bench,/dev/nvme0n1p3,ext4,/home,Samsung SSD 970 EVO Plus 2TB,[none] mq-deadline kyber bfq,249466040320,4096,1024,payload[i]=(i*131+17)&0xff,3.07568359375,accepted,,4,8,0,2789,bytes,122716,111560,33557248,22312,0,0,0,0,0,20102235,20386428,6640,8330,21520,3.080,3.080
e000445,exploratory,copy_contiguous,candidate,1,1,BAAB,copy_contiguous,process,250,10,4,4,new_name,synthetic_sweep,1,015d813736625640f12d26c5d349b92c14fd2fb4,false,a897dfa99e98479b638409c432d3d2bc8e7ba7d5ba4e5a046dd229021f58bffd,12b1dafe765a77d1a17115b0ae12cff973f20ed7d6d770fbd790695fe081288e,afaa9ca40fef1b2a362af2af235634b472665287e554d16b829c09e1a70787ac,8d5b7eba8aea53574190e7d4a6d9e7b424bc23a9e2a0b6968a27f1772509492b,6e938dfcd266a2b0eac811d7ea7eabbd5b217965f88efa81371465134dbcab11,2026-07-15T18:06:18.719748+00:00,8o8-arch,7.0.12-arch1-1,AMD Ryzen 9 3900X 12-Core Processor,"logical=24,cores=12,sockets=1,nodes=1",performance,rustc 1.97.0 (2d8144b78 2026-07-07),22.1.6,cargo 1.97.0 (c980f4866 2026-06-30),"release,lto=thin,debug=true",/home/bob/.cache/mess-bench,/dev/nvme0n1p3,ext4,/home,Samsung SSD 970 EVO Plus 2TB,[none] mq-deadline kyber bfq,249466040320,4096,1024,payload[i]=(i*131+17)&0xff,3.07568359375,accepted,,4,8,0,2789,bytes,122716,111560,33557248,2789,0,0,0,33557248,0,5761691,5822596,1880,2410,4160,3.080,3.080
e000446,exploratory,copy_contiguous,baseline,1,2,BAAB,k_pwrite,process,250,10,4,4,new_name,synthetic_sweep,1,015d813736625640f12d26c5d349b92c14fd2fb4,false,a897dfa99e98479b638409c432d3d2bc8e7ba7d5ba4e5a046dd229021f58bffd,12b1dafe765a77d1a17115b0ae12cff973f20ed7d6d770fbd790695fe081288e,afaa9ca40fef1b2a362af2af235634b472665287e554d16b829c09e1a70787ac,8d5b7eba8aea53574190e7d4a6d9e7b424bc23a9e2a0b6968a27f1772509492b,6e938dfcd266a2b0eac811d7ea7eabbd5b217965f88efa81371465134dbcab11,2026-07-15T18:06:19.749603+00:00,8o8-arch,7.0.12-arch1-1,AMD Ryzen 9 3900X 12-Core Processor,"logical=24,cores=12,sockets=1,nodes=1",performance,rustc 1.97.0 (2d8144b78 2026-07-07),22.1.6,cargo 1.97.0 (c980f4866 2026-06-30),"release,lto=thin,debug=true",/home/bob/.cache/mess-bench,/dev/nvme0n1p3,ext4,/home,Samsung SSD 970 EVO Plus 2TB,[none] mq-deadline kyber bfq,249466032128,4096,1024,payload[i]=(i*131+17)&0xff,3.07568359375,accepted,,4,8,0,2789,bytes,122716,111560,33557248,22312,0,0,0,0,0,19588035,19761279,6620,8340,9960,3.080,3.080
e000447,exploratory,copy_contiguous,baseline,1,3,BAAB,k_pwrite,process,250,10,4,4,new_name,synthetic_sweep,1,015d813736625640f12d26c5d349b92c14fd2fb4,false,a897dfa99e98479b638409c432d3d2bc8e7ba7d5ba4e5a046dd229021f58bffd,12b1dafe765a77d1a17115b0ae12cff973f20ed7d6d770fbd790695fe081288e,afaa9ca40fef1b2a362af2af235634b472665287e554d16b829c09e1a70787ac,8d5b7eba8aea53574190e7d4a6d9e7b424bc23a9e2a0b6968a27f1772509492b,6e938dfcd266a2b0eac811d7ea7eabbd5b217965f88efa81371465134dbcab11,2026-07-15T18:06:20.780329+00:00,8o8-arch,7.0.12-arch1-1,AMD Ryzen 9 3900X 12-Core Processor,"logical=24,cores=12,sockets=1,nodes=1",performance,rustc 1.97.0 (2d8144b78 2026-07-07),22.1.6,cargo 1.97.0 (c980f4866 2026-06-30),"release,lto=thin,debug=true",/home/bob/.cache/mess-bench,/dev/nvme0n1p3,ext4,/home,Samsung SSD 970 EVO Plus 2TB,[none] mq-deadline kyber bfq,249466028032,4096,1024,payload[i]=(i*131+17)&0xff,2.8291015625,accepted,,4,8,0,2789,bytes,122716,111560,33557248,22312,0,0,0,0,0,20395415,20764568,6670,8050,12000,2.830,2.830
e000448,exploratory,copy_contiguous,candidate,1,4,BAAB,copy_contiguous,process,250,10,4,4,new_name,synthetic_sweep,1,015d813736625640f12d26c5d349b92c14fd2fb4,false,a897dfa99e98479b638409c432d3d2bc8e7ba7d5ba4e5a046dd229021f58bffd,12b1dafe765a77d1a17115b0ae12cff973f20ed7d6d770fbd790695fe081288e,afaa9ca40fef1b2a362af2af235634b472665287e554d16b829c09e1a70787ac,8d5b7eba8aea53574190e7d4a6d9e7b424bc23a9e2a0b6968a27f1772509492b,6e938dfcd266a2b0eac811d7ea7eabbd5b217965f88efa81371465134dbcab11,2026-07-15T18:06:21.811517+00:00,8o8-arch,7.0.12-arch1-1,AMD Ryzen 9 3900X 12-Core Processor,"logical=24,cores=12,sockets=1,nodes=1",performance,rustc 1.97.0 (2d8144b78 2026-07-07),22.1.6,cargo 1.97.0 (c980f4866 2026-06-30),"release,lto=thin,debug=true",/home/bob/.cache/mess-bench,/dev/nvme0n1p3,ext4,/home,Samsung SSD 970 EVO Plus 2TB,[none] mq-deadline kyber bfq,249466023936,4096,1024,payload[i]=(i*131+17)&0xff,2.8291015625,accepted,,4,8,0,2789,bytes,122716,111560,33557248,2789,0,0,0,33557248,0,5613511,5681816,1880,2390,2580,2.830,2.830
e000449,exploratory,pwritev_full_8m,baseline,1,1,ABBA,k_pwrite,process,250,10,16,4,domain,synthetic_sweep,1,015d813736625640f12d26c5d349b92c14fd2fb4,false,a897dfa99e98479b638409c432d3d2bc8e7ba7d5ba4e5a046dd229021f58bffd,12b1dafe765a77d1a17115b0ae12cff973f20ed7d6d770fbd790695fe081288e,afaa9ca40fef1b2a362af2af235634b472665287e554d16b829c09e1a70787ac,8d5b7eba8aea53574190e7d4a6d9e7b424bc23a9e2a0b6968a27f1772509492b,6e938dfcd266a2b0eac811d7ea7eabbd5b217965f88efa81371465134dbcab11,2026-07-15T18:06:22.836292+00:00,8o8-arch,7.0.12-arch1-1,AMD Ryzen 9 3900X 12-Core Processor,"logical=24,cores=12,sockets=1,nodes=1",performance,rustc 1.97.0 (2d8144b78 2026-07-07),22.1.6,cargo 1.97.0 (c980f4866 2026-06-30),"release,lto=thin,debug=true",/home/bob/.cache/mess-bench,/dev/nvme0n1p3,ext4,/home,Samsung SSD 970 EVO Plus 2TB,[none] mq-deadline kyber bfq,249466023936,4096,1024,payload[i]=(i*131+17)&0xff,2.8291015625,accepted,,16,16,0,732,bytes,117120,117120,33590016,11712,0,0,0,0,0,12117123,12196883,16190,18830,28070,2.830,2.830
e000450,exploratory,pwritev_full_8m,candidate,1,2,ABBA,pwritev_full_8m,process,250,10,16,4,domain,synthetic_sweep,1,015d813736625640f12d26c5d349b92c14fd2fb4,false,a897dfa99e98479b638409c432d3d2bc8e7ba7d5ba4e5a046dd229021f58bffd,12b1dafe765a77d1a17115b0ae12cff973f20ed7d6d770fbd790695fe081288e,afaa9ca40fef1b2a362af2af235634b472665287e554d16b829c09e1a70787ac,8d5b7eba8aea53574190e7d4a6d9e7b424bc23a9e2a0b6968a27f1772509492b,6e938dfcd266a2b0eac811d7ea7eabbd5b217965f88efa81371465134dbcab11,2026-07-15T18:06:23.859204+00:00,8o8-arch,7.0.12-arch1-1,AMD Ryzen 9 3900X 12-Core Processor,"logical=24,cores=12,sockets=1,nodes=1",performance,rustc 1.97.0 (2d8144b78 2026-07-07),22.1.6,cargo 1.97.0 (c980f4866 2026-06-30),"release,lto=thin,debug=true",/home/bob/.cache/mess-bench,/dev/nvme0n1p3,ext4,/home,Samsung SSD 970 EVO Plus 2TB,[none] mq-deadline kyber bfq,249466015744,4096,1024,payload[i]=(i*131+17)&0xff,2.8291015625,accepted,,16,16,0,732,bytes,117120,117120,33590016,732,0,0,16,0,0,3729491,3754318,4550,6670,12650,2.830,2.830
e000451,exploratory,pwritev_full_8m,candidate,1,3,ABBA,pwritev_full_8m,process,250,10,16,4,domain,synthetic_sweep,1,015d813736625640f12d26c5d349b92c14fd2fb4,false,a897dfa99e98479b638409c432d3d2bc8e7ba7d5ba4e5a046dd229021f58bffd,12b1dafe765a77d1a17115b0ae12cff973f20ed7d6d770fbd790695fe081288e,afaa9ca40fef1b2a362af2af235634b472665287e554d16b829c09e1a70787ac,8d5b7eba8aea53574190e7d4a6d9e7b424bc23a9e2a0b6968a27f1772509492b,6e938dfcd266a2b0eac811d7ea7eabbd5b217965f88efa81371465134dbcab11,2026-07-15T18:06:24.891535+00:00,8o8-arch,7.0.12-arch1-1,AMD Ryzen 9 3900X 12-Core Processor,"logical=24,cores=12,sockets=1,nodes=1",performance,rustc 1.97.0 (2d8144b78 2026-07-07),22.1.6,cargo 1.97.0 (c980f4866 2026-06-30),"release,lto=thin,debug=true",/home/bob/.cache/mess-bench,/dev/nvme0n1p3,ext4,/home,Samsung SSD 970 EVO Plus 2TB,[none] mq-deadline kyber bfq,249466011648,4096,1024,payload[i]=(i*131+17)&0xff,2.8291015625,accepted,,16,16,0,732,bytes,117120,117120,33590016,732,0,0,16,0,0,3796151,3817467,4550,7310,16280,2.830,2.830
e000452,exploratory,pwritev_full_8m,baseline,1,4,ABBA,k_pwrite,process,250,10,16,4,domain,synthetic_sweep,1,015d813736625640f12d26c5d349b92c14fd2fb4,false,a897dfa99e98479b638409c432d3d2bc8e7ba7d5ba4e5a046dd229021f58bffd,12b1dafe765a77d1a17115b0ae12cff973f20ed7d6d770fbd790695fe081288e,afaa9ca40fef1b2a362af2af235634b472665287e554d16b829c09e1a70787ac,8d5b7eba8aea53574190e7d4a6d9e7b424bc23a9e2a0b6968a27f1772509492b,6e938dfcd266a2b0eac811d7ea7eabbd5b217965f88efa81371465134dbcab11,2026-07-15T18:06:25.913838+00:00,8o8-arch,7.0.12-arch1-1,AMD Ryzen 9 3900X 12-Core Processor,"logical=24,cores=12,sockets=1,nodes=1",performance,rustc 1.97.0 (2d8144b78 2026-07-07),22.1.6,cargo 1.97.0 (c980f4866 2026-06-30),"release,lto=thin,debug=true",/home/bob/.cache/mess-bench,/dev/nvme0n1p3,ext4,/home,Samsung SSD 970 EVO Plus 2TB,[none] mq-deadline kyber bfq,249466011648,4096,1024,payload[i]=(i*131+17)&0xff,2.7626953125,accepted,,16,16,0,732,bytes,117120,117120,33590016,11712,0,0,0,0,0,12690203,12791822,16290,20680,39290,2.760,2.760
e000453,exploratory,copy_contiguous,candidate,1,1,BAAB,copy_contiguous,process,250,10,16,4,domain,synthetic_sweep,1,015d813736625640f12d26c5d349b92c14fd2fb4,false,a897dfa99e98479b638409c432d3d2bc8e7ba7d5ba4e5a046dd229021f58bffd,12b1dafe765a77d1a17115b0ae12cff973f20ed7d6d770fbd790695fe081288e,afaa9ca40fef1b2a362af2af235634b472665287e554d16b829c09e1a70787ac,8d5b7eba8aea53574190e7d4a6d9e7b424bc23a9e2a0b6968a27f1772509492b,6e938dfcd266a2b0eac811d7ea7eabbd5b217965f88efa81371465134dbcab11,2026-07-15T18:06:26.944896+00:00,8o8-arch,7.0.12-arch1-1,AMD Ryzen 9 3900X 12-Core Processor,"logical=24,cores=12,sockets=1,nodes=1",performance,rustc 1.97.0 (2d8144b78 2026-07-07),22.1.6,cargo 1.97.0 (c980f4866 2026-06-30),"release,lto=thin,debug=true",/home/bob/.cache/mess-bench,/dev/nvme0n1p3,ext4,/home,Samsung SSD 970 EVO Plus 2TB,[none] mq-deadline kyber bfq,249466011648,4096,1024,payload[i]=(i*131+17)&0xff,2.7626953125,accepted,,16,16,0,732,bytes,117120,117120,33590016,732,0,0,0,33590016,0,3500650,3548518,4660,4740,6580,2.760,2.760
e000454,exploratory,copy_contiguous,baseline,1,2,BAAB,k_pwrite,process,250,10,16,4,domain,synthetic_sweep,1,015d813736625640f12d26c5d349b92c14fd2fb4,false,a897dfa99e98479b638409c432d3d2bc8e7ba7d5ba4e5a046dd229021f58bffd,12b1dafe765a77d1a17115b0ae12cff973f20ed7d6d770fbd790695fe081288e,afaa9ca40fef1b2a362af2af235634b472665287e554d16b829c09e1a70787ac,8d5b7eba8aea53574190e7d4a6d9e7b424bc23a9e2a0b6968a27f1772509492b,6e938dfcd266a2b0eac811d7ea7eabbd5b217965f88efa81371465134dbcab11,2026-07-15T18:06:27.974836+00:00,8o8-arch,7.0.12-arch1-1,AMD Ryzen 9 3900X 12-Core Processor,"logical=24,cores=12,sockets=1,nodes=1",performance,rustc 1.97.0 (2d8144b78 2026-07-07),22.1.6,cargo 1.97.0 (c980f4866 2026-06-30),"release,lto=thin,debug=true",/home/bob/.cache/mess-bench,/dev/nvme0n1p3,ext4,/home,Samsung SSD 970 EVO Plus 2TB,[none] mq-deadline kyber bfq,249466007552,4096,1024,payload[i]=(i*131+17)&0xff,2.7626953125,accepted,,16,16,0,732,bytes,117120,117120,33590016,11712,0,0,0,0,0,12325174,12430682,16180,20290,26940,2.760,2.760
e000455,exploratory,copy_contiguous,baseline,1,3,BAAB,k_pwrite,process,250,10,16,4,domain,synthetic_sweep,1,015d813736625640f12d26c5d349b92c14fd2fb4,false,a897dfa99e98479b638409c432d3d2bc8e7ba7d5ba4e5a046dd229021f58bffd,12b1dafe765a77d1a17115b0ae12cff973f20ed7d6d770fbd790695fe081288e,afaa9ca40fef1b2a362af2af235634b472665287e554d16b829c09e1a70787ac,8d5b7eba8aea53574190e7d4a6d9e7b424bc23a9e2a0b6968a27f1772509492b,6e938dfcd266a2b0eac811d7ea7eabbd5b217965f88efa81371465134dbcab11,2026-07-15T18:06:28.997655+00:00,8o8-arch,7.0.12-arch1-1,AMD Ryzen 9 3900X 12-Core Processor,"logical=24,cores=12,sockets=1,nodes=1",performance,rustc 1.97.0 (2d8144b78 2026-07-07),22.1.6,cargo 1.97.0 (c980f4866 2026-06-30),"release,lto=thin,debug=true",/home/bob/.cache/mess-bench,/dev/nvme0n1p3,ext4,/home,Samsung SSD 970 EVO Plus 2TB,[none] mq-deadline kyber bfq,249465999360,4096,1024,payload[i]=(i*131+17)&0xff,2.7626953125,accepted,,16,16,0,732,bytes,117120,117120,33590016,11712,0,0,0,0,0,12487323,12604773,16240,21470,25650,2.760,2.760
e000456,exploratory,copy_contiguous,candidate,1,4,BAAB,copy_contiguous,process,250,10,16,4,domain,synthetic_sweep,1,015d813736625640f12d26c5d349b92c14fd2fb4,false,a897dfa99e98479b638409c432d3d2bc8e7ba7d5ba4e5a046dd229021f58bffd,12b1dafe765a77d1a17115b0ae12cff973f20ed7d6d770fbd790695fe081288e,afaa9ca40fef1b2a362af2af235634b472665287e554d16b829c09e1a70787ac,8d5b7eba8aea53574190e7d4a6d9e7b424bc23a9e2a0b6968a27f1772509492b,6e938dfcd266a2b0eac811d7ea7eabbd5b217965f88efa81371465134dbcab11,2026-07-15T18:06:30.026644+00:00,8o8-arch,7.0.12-arch1-1,AMD Ryzen 9 3900X 12-Core Processor,"logical=24,cores=12,sockets=1,nodes=1",performance,rustc 1.97.0 (2d8144b78 2026-07-07),22.1.6,cargo 1.97.0 (c980f4866 2026-06-30),"release,lto=thin,debug=true",/home/bob/.cache/mess-bench,/dev/nvme0n1p3,ext4,/home,Samsung SSD 970 EVO Plus 2TB,[none] mq-deadline kyber bfq,249465999360,4096,1024,payload[i]=(i*131+17)&0xff,2.7626953125,accepted,,16,16,0,732,bytes,117120,117120,33590016,732,0,0,0,33590016,0,4113691,4138518,4650,6430,31520,2.760,2.760
e000457,exploratory,pwritev_full_8m,baseline,1,1,ABBA,k_pwrite,process,250,10,16,4,new_name,synthetic_sweep,1,015d813736625640f12d26c5d349b92c14fd2fb4,false,a897dfa99e98479b638409c432d3d2bc8e7ba7d5ba4e5a046dd229021f58bffd,12b1dafe765a77d1a17115b0ae12cff973f20ed7d6d770fbd790695fe081288e,afaa9ca40fef1b2a362af2af235634b472665287e554d16b829c09e1a70787ac,8d5b7eba8aea53574190e7d4a6d9e7b424bc23a9e2a0b6968a27f1772509492b,6e938dfcd266a2b0eac811d7ea7eabbd5b217965f88efa81371465134dbcab11,2026-07-15T18:06:31.049541+00:00,8o8-arch,7.0.12-arch1-1,AMD Ryzen 9 3900X 12-Core Processor,"logical=24,cores=12,sockets=1,nodes=1",performance,rustc 1.97.0 (2d8144b78 2026-07-07),22.1.6,cargo 1.97.0 (c980f4866 2026-06-30),"release,lto=thin,debug=true",/home/bob/.cache/mess-bench,/dev/nvme0n1p3,ext4,/home,Samsung SSD 970 EVO Plus 2TB,[none] mq-deadline kyber bfq,249465995264,4096,1024,payload[i]=(i*131+17)&0xff,2.86181640625,accepted,,16,32,0,698,bytes,122848,111680,33593344,22336,0,0,0,0,0,20486825,20725018,28180,35430,55070,2.860,2.860
e000458,exploratory,pwritev_full_8m,candidate,1,2,ABBA,pwritev_full_8m,process,250,10,16,4,new_name,synthetic_sweep,1,015d813736625640f12d26c5d349b92c14fd2fb4,false,a897dfa99e98479b638409c432d3d2bc8e7ba7d5ba4e5a046dd229021f58bffd,12b1dafe765a77d1a17115b0ae12cff973f20ed7d6d770fbd790695fe081288e,afaa9ca40fef1b2a362af2af235634b472665287e554d16b829c09e1a70787ac,8d5b7eba8aea53574190e7d4a6d9e7b424bc23a9e2a0b6968a27f1772509492b,6e938dfcd266a2b0eac811d7ea7eabbd5b217965f88efa81371465134dbcab11,2026-07-15T18:06:32.072850+00:00,8o8-arch,7.0.12-arch1-1,AMD Ryzen 9 3900X 12-Core Processor,"logical=24,cores=12,sockets=1,nodes=1",performance,rustc 1.97.0 (2d8144b78 2026-07-07),22.1.6,cargo 1.97.0 (c980f4866 2026-06-30),"release,lto=thin,debug=true",/home/bob/.cache/mess-bench,/dev/nvme0n1p3,ext4,/home,Samsung SSD 970 EVO Plus 2TB,[none] mq-deadline kyber bfq,249465991168,4096,1024,payload[i]=(i*131+17)&0xff,2.86181640625,accepted,,16,32,0,698,bytes,122848,111680,33593344,698,0,0,32,0,0,4000531,4033418,5590,5890,8500,2.860,2.860
e000459,exploratory,pwritev_full_8m,candidate,1,3,ABBA,pwritev_full_8m,process,250,10,16,4,new_name,synthetic_sweep,1,015d813736625640f12d26c5d349b92c14fd2fb4,false,a897dfa99e98479b638409c432d3d2bc8e7ba7d5ba4e5a046dd229021f58bffd,12b1dafe765a77d1a17115b0ae12cff973f20ed7d6d770fbd790695fe081288e,afaa9ca40fef1b2a362af2af235634b472665287e554d16b829c09e1a70787ac,8d5b7eba8aea53574190e7d4a6d9e7b424bc23a9e2a0b6968a27f1772509492b,6e938dfcd266a2b0eac811d7ea7eabbd5b217965f88efa81371465134dbcab11,2026-07-15T18:06:33.096456+00:00,8o8-arch,7.0.12-arch1-1,AMD Ryzen 9 3900X 12-Core Processor,"logical=24,cores=12,sockets=1,nodes=1",performance,rustc 1.97.0 (2d8144b78 2026-07-07),22.1.6,cargo 1.97.0 (c980f4866 2026-06-30),"release,lto=thin,debug=true",/home/bob/.cache/mess-bench,/dev/nvme0n1p3,ext4,/home,Samsung SSD 970 EVO Plus 2TB,[none] mq-deadline kyber bfq,249465991168,4096,1024,payload[i]=(i*131+17)&0xff,2.86181640625,accepted,,16,32,0,698,bytes,122848,111680,33593344,698,0,0,32,0,0,3933681,3958008,5420,6710,8350,2.860,2.860
e000460,exploratory,pwritev_full_8m,baseline,1,4,ABBA,k_pwrite,process,250,10,16,4,new_name,synthetic_sweep,1,015d813736625640f12d26c5d349b92c14fd2fb4,false,a897dfa99e98479b638409c432d3d2bc8e7ba7d5ba4e5a046dd229021f58bffd,12b1dafe765a77d1a17115b0ae12cff973f20ed7d6d770fbd790695fe081288e,afaa9ca40fef1b2a362af2af235634b472665287e554d16b829c09e1a70787ac,8d5b7eba8aea53574190e7d4a6d9e7b424bc23a9e2a0b6968a27f1772509492b,6e938dfcd266a2b0eac811d7ea7eabbd5b217965f88efa81371465134dbcab11,2026-07-15T18:06:34.125949+00:00,8o8-arch,7.0.12-arch1-1,AMD Ryzen 9 3900X 12-Core Processor,"logical=24,cores=12,sockets=1,nodes=1",performance,rustc 1.97.0 (2d8144b78 2026-07-07),22.1.6,cargo 1.97.0 (c980f4866 2026-06-30),"release,lto=thin,debug=true",/home/bob/.cache/mess-bench,/dev/nvme0n1p3,ext4,/home,Samsung SSD 970 EVO Plus 2TB,[none] mq-deadline kyber bfq,249465982976,4096,1024,payload[i]=(i*131+17)&0xff,2.86181640625,accepted,,16,32,0,698,bytes,122848,111680,33593344,22336,0,0,0,0,0,20791664,21299597,27900,38250,53270,2.860,2.860
e000461,exploratory,copy_contiguous,candidate,1,1,BAAB,copy_contiguous,process,250,10,16,4,new_name,synthetic_sweep,1,015d813736625640f12d26c5d349b92c14fd2fb4,false,a897dfa99e98479b638409c432d3d2bc8e7ba7d5ba4e5a046dd229021f58bffd,12b1dafe765a77d1a17115b0ae12cff973f20ed7d6d770fbd790695fe081288e,afaa9ca40fef1b2a362af2af235634b472665287e554d16b829c09e1a70787ac,8d5b7eba8aea53574190e7d4a6d9e7b424bc23a9e2a0b6968a27f1772509492b,6e938dfcd266a2b0eac811d7ea7eabbd5b217965f88efa81371465134dbcab11,2026-07-15T18:06:35.156220+00:00,8o8-arch,7.0.12-arch1-1,AMD Ryzen 9 3900X 12-Core Processor,"logical=24,cores=12,sockets=1,nodes=1",performance,rustc 1.97.0 (2d8144b78 2026-07-07),22.1.6,cargo 1.97.0 (c980f4866 2026-06-30),"release,lto=thin,debug=true",/home/bob/.cache/mess-bench,/dev/nvme0n1p3,ext4,/home,Samsung SSD 970 EVO Plus 2TB,[none] mq-deadline kyber bfq,249465978880,4096,1024,payload[i]=(i*131+17)&0xff,2.86181640625,accepted,,16,32,0,698,bytes,122848,111680,33593344,698,0,0,0,33593344,0,3483361,3537047,4770,6130,8930,2.860,2.860
e000462,exploratory,copy_contiguous,baseline,1,2,BAAB,k_pwrite,process,250,10,16,4,new_name,synthetic_sweep,1,015d813736625640f12d26c5d349b92c14fd2fb4,false,a897dfa99e98479b638409c432d3d2bc8e7ba7d5ba4e5a046dd229021f58bffd,12b1dafe765a77d1a17115b0ae12cff973f20ed7d6d770fbd790695fe081288e,afaa9ca40fef1b2a362af2af235634b472665287e554d16b829c09e1a70787ac,8d5b7eba8aea53574190e7d4a6d9e7b424bc23a9e2a0b6968a27f1772509492b,6e938dfcd266a2b0eac811d7ea7eabbd5b217965f88efa81371465134dbcab11,2026-07-15T18:06:36.178683+00:00,8o8-arch,7.0.12-arch1-1,AMD Ryzen 9 3900X 12-Core Processor,"logical=24,cores=12,sockets=1,nodes=1",performance,rustc 1.97.0 (2d8144b78 2026-07-07),22.1.6,cargo 1.97.0 (c980f4866 2026-06-30),"release,lto=thin,debug=true",/home/bob/.cache/mess-bench,/dev/nvme0n1p3,ext4,/home,Samsung SSD 970 EVO Plus 2TB,[none] mq-deadline kyber bfq,249465974784,4096,1024,payload[i]=(i*131+17)&0xff,3.193359375,accepted,,16,32,0,698,bytes,122848,111680,33593344,22336,0,0,0,0,0,22230826,22554027,27800,33410,57110,3.190,3.190
e000463,exploratory,copy_contiguous,baseline,1,3,BAAB,k_pwrite,process,250,10,16,4,new_name,synthetic_sweep,1,015d813736625640f12d26c5d349b92c14fd2fb4,false,a897dfa99e98479b638409c432d3d2bc8e7ba7d5ba4e5a046dd229021f58bffd,12b1dafe765a77d1a17115b0ae12cff973f20ed7d6d770fbd790695fe081288e,afaa9ca40fef1b2a362af2af235634b472665287e554d16b829c09e1a70787ac,8d5b7eba8aea53574190e7d4a6d9e7b424bc23a9e2a0b6968a27f1772509492b,6e938dfcd266a2b0eac811d7ea7eabbd5b217965f88efa81371465134dbcab11,2026-07-15T18:06:37.210921+00:00,8o8-arch,7.0.12-arch1-1,AMD Ryzen 9 3900X 12-Core Processor,"logical=24,cores=12,sockets=1,nodes=1",performance,rustc 1.97.0 (2d8144b78 2026-07-07),22.1.6,cargo 1.97.0 (c980f4866 2026-06-30),"release,lto=thin,debug=true",/home/bob/.cache/mess-bench,/dev/nvme0n1p3,ext4,/home,Samsung SSD 970 EVO Plus 2TB,[none] mq-deadline kyber bfq,249465970688,4096,1024,payload[i]=(i*131+17)&0xff,3.193359375,accepted,,16,32,0,698,bytes,122848,111680,33593344,22336,0,0,0,0,0,20438935,20623998,27830,34549,69810,3.190,3.190
e000464,exploratory,copy_contiguous,candidate,1,4,BAAB,copy_contiguous,process,250,10,16,4,new_name,synthetic_sweep,1,015d813736625640f12d26c5d349b92c14fd2fb4,false,a897dfa99e98479b638409c432d3d2bc8e7ba7d5ba4e5a046dd229021f58bffd,12b1dafe765a77d1a17115b0ae12cff973f20ed7d6d770fbd790695fe081288e,afaa9ca40fef1b2a362af2af235634b472665287e554d16b829c09e1a70787ac,8d5b7eba8aea53574190e7d4a6d9e7b424bc23a9e2a0b6968a27f1772509492b,6e938dfcd266a2b0eac811d7ea7eabbd5b217965f88efa81371465134dbcab11,2026-07-15T18:06:38.243268+00:00,8o8-arch,7.0.12-arch1-1,AMD Ryzen 9 3900X 12-Core Processor,"logical=24,cores=12,sockets=1,nodes=1",performance,rustc 1.97.0 (2d8144b78 2026-07-07),22.1.6,cargo 1.97.0 (c980f4866 2026-06-30),"release,lto=thin,debug=true",/home/bob/.cache/mess-bench,/dev/nvme0n1p3,ext4,/home,Samsung SSD 970 EVO Plus 2TB,[none] mq-deadline kyber bfq,249465966592,4096,1024,payload[i]=(i*131+17)&0xff,3.193359375,accepted,,16,32,0,698,bytes,122848,111680,33593344,698,0,0,0,33593344,0,3540971,3596608,4790,6340,8920,3.190,3.190
e000465,exploratory,pwritev_full_8m,baseline,1,1,ABBA,k_pwrite,process,250,10,64,4,domain,synthetic_sweep,1,015d813736625640f12d26c5d349b92c14fd2fb4,false,a897dfa99e98479b638409c432d3d2bc8e7ba7d5ba4e5a046dd229021f58bffd,12b1dafe765a77d1a17115b0ae12cff973f20ed7d6d770fbd790695fe081288e,afaa9ca40fef1b2a362af2af235634b472665287e554d16b829c09e1a70787ac,8d5b7eba8aea53574190e7d4a6d9e7b424bc23a9e2a0b6968a27f1772509492b,6e938dfcd266a2b0eac811d7ea7eabbd5b217965f88efa81371465134dbcab11,2026-07-15T18:06:39.269021+00:00,8o8-arch,7.0.12-arch1-1,AMD Ryzen 9 3900X 12-Core Processor,"logical=24,cores=12,sockets=1,nodes=1",performance,rustc 1.97.0 (2d8144b78 2026-07-07),22.1.6,cargo 1.97.0 (c980f4866 2026-06-30),"release,lto=thin,debug=true",/home/bob/.cache/mess-bench,/dev/nvme0n1p3,ext4,/home,Samsung SSD 970 EVO Plus 2TB,[none] mq-deadline kyber bfq,249465966592,4096,1024,payload[i]=(i*131+17)&0xff,3.193359375,accepted,,64,64,0,183,bytes,117120,117120,33590016,11712,0,0,0,0,0,13291004,13378172,71160,81810,93950,3.190,3.190
e000466,exploratory,pwritev_full_8m,candidate,1,2,ABBA,pwritev_full_8m,process,250,10,64,4,domain,synthetic_sweep,1,015d813736625640f12d26c5d349b92c14fd2fb4,false,a897dfa99e98479b638409c432d3d2bc8e7ba7d5ba4e5a046dd229021f58bffd,12b1dafe765a77d1a17115b0ae12cff973f20ed7d6d770fbd790695fe081288e,afaa9ca40fef1b2a362af2af235634b472665287e554d16b829c09e1a70787ac,8d5b7eba8aea53574190e7d4a6d9e7b424bc23a9e2a0b6968a27f1772509492b,6e938dfcd266a2b0eac811d7ea7eabbd5b217965f88efa81371465134dbcab11,2026-07-15T18:06:40.293288+00:00,8o8-arch,7.0.12-arch1-1,AMD Ryzen 9 3900X 12-Core Processor,"logical=24,cores=12,sockets=1,nodes=1",performance,rustc 1.97.0 (2d8144b78 2026-07-07),22.1.6,cargo 1.97.0 (c980f4866 2026-06-30),"release,lto=thin,debug=true",/home/bob/.cache/mess-bench,/dev/nvme0n1p3,ext4,/home,Samsung SSD 970 EVO Plus 2TB,[none] mq-deadline kyber bfq,249465958400,4096,1024,payload[i]=(i*131+17)&0xff,3.193359375,accepted,,64,64,0,183,bytes,117120,117120,33590016,183,0,0,64,0,0,5505772,6303797,14050,19100,179920,3.190,3.190
e000467,exploratory,pwritev_full_8m,candidate,1,3,ABBA,pwritev_full_8m,process,250,10,64,4,domain,synthetic_sweep,1,015d813736625640f12d26c5d349b92c14fd2fb4,false,a897dfa99e98479b638409c432d3d2bc8e7ba7d5ba4e5a046dd229021f58bffd,12b1dafe765a77d1a17115b0ae12cff973f20ed7d6d770fbd790695fe081288e,afaa9ca40fef1b2a362af2af235634b472665287e554d16b829c09e1a70787ac,8d5b7eba8aea53574190e7d4a6d9e7b424bc23a9e2a0b6968a27f1772509492b,6e938dfcd266a2b0eac811d7ea7eabbd5b217965f88efa81371465134dbcab11,2026-07-15T18:06:41.322026+00:00,8o8-arch,7.0.12-arch1-1,AMD Ryzen 9 3900X 12-Core Processor,"logical=24,cores=12,sockets=1,nodes=1",performance,rustc 1.97.0 (2d8144b78 2026-07-07),22.1.6,cargo 1.97.0 (c980f4866 2026-06-30),"release,lto=thin,debug=true",/home/bob/.cache/mess-bench,/dev/nvme0n1p3,ext4,/home,Samsung SSD 970 EVO Plus 2TB,[none] mq-deadline kyber bfq,249465958400,4096,1024,payload[i]=(i*131+17)&0xff,3.97900390625,accepted,,64,64,0,183,bytes,117120,117120,33590016,183,0,0,64,0,0,3110421,3139138,16170,22550,28289,3.980,3.980
e000468,exploratory,pwritev_full_8m,baseline,1,4,ABBA,k_pwrite,process,250,10,64,4,domain,synthetic_sweep,1,015d813736625640f12d26c5d349b92c14fd2fb4,false,a897dfa99e98479b638409c432d3d2bc8e7ba7d5ba4e5a046dd229021f58bffd,12b1dafe765a77d1a17115b0ae12cff973f20ed7d6d770fbd790695fe081288e,afaa9ca40fef1b2a362af2af235634b472665287e554d16b829c09e1a70787ac,8d5b7eba8aea53574190e7d4a6d9e7b424bc23a9e2a0b6968a27f1772509492b,6e938dfcd266a2b0eac811d7ea7eabbd5b217965f88efa81371465134dbcab11,2026-07-15T18:06:42.351795+00:00,8o8-arch,7.0.12-arch1-1,AMD Ryzen 9 3900X 12-Core Processor,"logical=24,cores=12,sockets=1,nodes=1",performance,rustc 1.97.0 (2d8144b78 2026-07-07),22.1.6,cargo 1.97.0 (c980f4866 2026-06-30),"release,lto=thin,debug=true",/home/bob/.cache/mess-bench,/dev/nvme0n1p3,ext4,/home,Samsung SSD 970 EVO Plus 2TB,[none] mq-deadline kyber bfq,249465954304,4096,1024,payload[i]=(i*131+17)&0xff,3.97900390625,accepted,,64,64,0,183,bytes,117120,117120,33590016,11712,0,0,0,0,0,15311904,15410541,71820,82070,267790,3.980,3.980
e000469,exploratory,copy_contiguous,candidate,1,1,BAAB,copy_contiguous,process,250,10,64,4,domain,synthetic_sweep,1,015d813736625640f12d26c5d349b92c14fd2fb4,false,a897dfa99e98479b638409c432d3d2bc8e7ba7d5ba4e5a046dd229021f58bffd,12b1dafe765a77d1a17115b0ae12cff973f20ed7d6d770fbd790695fe081288e,afaa9ca40fef1b2a362af2af235634b472665287e554d16b829c09e1a70787ac,8d5b7eba8aea53574190e7d4a6d9e7b424bc23a9e2a0b6968a27f1772509492b,6e938dfcd266a2b0eac811d7ea7eabbd5b217965f88efa81371465134dbcab11,2026-07-15T18:06:43.382183+00:00,8o8-arch,7.0.12-arch1-1,AMD Ryzen 9 3900X 12-Core Processor,"logical=24,cores=12,sockets=1,nodes=1",performance,rustc 1.97.0 (2d8144b78 2026-07-07),22.1.6,cargo 1.97.0 (c980f4866 2026-06-30),"release,lto=thin,debug=true",/home/bob/.cache/mess-bench,/dev/nvme0n1p3,ext4,/home,Samsung SSD 970 EVO Plus 2TB,[none] mq-deadline kyber bfq,249465954304,4096,1024,payload[i]=(i*131+17)&0xff,3.97900390625,accepted,,64,64,0,183,bytes,117120,117120,33590016,183,0,0,0,33590016,0,4834461,4900637,25400,32370,37550,3.980,3.980
e000470,exploratory,copy_contiguous,baseline,1,2,BAAB,k_pwrite,process,250,10,64,4,domain,synthetic_sweep,1,015d813736625640f12d26c5d349b92c14fd2fb4,false,a897dfa99e98479b638409c432d3d2bc8e7ba7d5ba4e5a046dd229021f58bffd,12b1dafe765a77d1a17115b0ae12cff973f20ed7d6d770fbd790695fe081288e,afaa9ca40fef1b2a362af2af235634b472665287e554d16b829c09e1a70787ac,8d5b7eba8aea53574190e7d4a6d9e7b424bc23a9e2a0b6968a27f1772509492b,6e938dfcd266a2b0eac811d7ea7eabbd5b217965f88efa81371465134dbcab11,2026-07-15T18:06:44.413817+00:00,8o8-arch,7.0.12-arch1-1,AMD Ryzen 9 3900X 12-Core Processor,"logical=24,cores=12,sockets=1,nodes=1",performance,rustc 1.97.0 (2d8144b78 2026-07-07),22.1.6,cargo 1.97.0 (c980f4866 2026-06-30),"release,lto=thin,debug=true",/home/bob/.cache/mess-bench,/dev/nvme0n1p3,ext4,/home,Samsung SSD 970 EVO Plus 2TB,[none] mq-deadline kyber bfq,249465946112,4096,1024,payload[i]=(i*131+17)&0xff,3.97900390625,accepted,,64,64,0,183,bytes,117120,117120,33590016,11712,0,0,0,0,0,16267385,17018120,70940,88860,112490,3.980,3.980
e000471,exploratory,copy_contiguous,baseline,1,3,BAAB,k_pwrite,process,250,10,64,4,domain,synthetic_sweep,1,015d813736625640f12d26c5d349b92c14fd2fb4,false,a897dfa99e98479b638409c432d3d2bc8e7ba7d5ba4e5a046dd229021f58bffd,12b1dafe765a77d1a17115b0ae12cff973f20ed7d6d770fbd790695fe081288e,afaa9ca40fef1b2a362af2af235634b472665287e554d16b829c09e1a70787ac,8d5b7eba8aea53574190e7d4a6d9e7b424bc23a9e2a0b6968a27f1772509492b,6e938dfcd266a2b0eac811d7ea7eabbd5b217965f88efa81371465134dbcab11,2026-07-15T18:06:45.445497+00:00,8o8-arch,7.0.12-arch1-1,AMD Ryzen 9 3900X 12-Core Processor,"logical=24,cores=12,sockets=1,nodes=1",performance,rustc 1.97.0 (2d8144b78 2026-07-07),22.1.6,cargo 1.97.0 (c980f4866 2026-06-30),"release,lto=thin,debug=true",/home/bob/.cache/mess-bench,/dev/nvme0n1p3,ext4,/home,Samsung SSD 970 EVO Plus 2TB,[none] mq-deadline kyber bfq,249465950208,4096,1024,payload[i]=(i*131+17)&0xff,4.78173828125,accepted,,64,64,0,183,bytes,117120,117120,33590016,11712,0,0,0,0,0,16106594,16401211,70970,85810,122769,4.780,4.780
e000472,exploratory,copy_contiguous,candidate,1,4,BAAB,copy_contiguous,process,250,10,64,4,domain,synthetic_sweep,1,015d813736625640f12d26c5d349b92c14fd2fb4,false,a897dfa99e98479b638409c432d3d2bc8e7ba7d5ba4e5a046dd229021f58bffd,12b1dafe765a77d1a17115b0ae12cff973f20ed7d6d770fbd790695fe081288e,afaa9ca40fef1b2a362af2af235634b472665287e554d16b829c09e1a70787ac,8d5b7eba8aea53574190e7d4a6d9e7b424bc23a9e2a0b6968a27f1772509492b,6e938dfcd266a2b0eac811d7ea7eabbd5b217965f88efa81371465134dbcab11,2026-07-15T18:06:46.475227+00:00,8o8-arch,7.0.12-arch1-1,AMD Ryzen 9 3900X 12-Core Processor,"logical=24,cores=12,sockets=1,nodes=1",performance,rustc 1.97.0 (2d8144b78 2026-07-07),22.1.6,cargo 1.97.0 (c980f4866 2026-06-30),"release,lto=thin,debug=true",/home/bob/.cache/mess-bench,/dev/nvme0n1p3,ext4,/home,Samsung SSD 970 EVO Plus 2TB,[none] mq-deadline kyber bfq,249465950208,4096,1024,payload[i]=(i*131+17)&0xff,4.78173828125,accepted,,64,64,0,183,bytes,117120,117120,33590016,183,0,0,0,33590016,0,5753052,5797047,24870,36820,106830,4.780,4.780
e000473,exploratory,pwritev_full_8m,baseline,1,1,ABBA,k_pwrite,process,250,10,64,4,new_name,synthetic_sweep,1,015d813736625640f12d26c5d349b92c14fd2fb4,false,a897dfa99e98479b638409c432d3d2bc8e7ba7d5ba4e5a046dd229021f58bffd,12b1dafe765a77d1a17115b0ae12cff973f20ed7d6d770fbd790695fe081288e,afaa9ca40fef1b2a362af2af235634b472665287e554d16b829c09e1a70787ac,8d5b7eba8aea53574190e7d4a6d9e7b424bc23a9e2a0b6968a27f1772509492b,6e938dfcd266a2b0eac811d7ea7eabbd5b217965f88efa81371465134dbcab11,2026-07-15T18:06:47.501455+00:00,8o8-arch,7.0.12-arch1-1,AMD Ryzen 9 3900X 12-Core Processor,"logical=24,cores=12,sockets=1,nodes=1",performance,rustc 1.97.0 (2d8144b78 2026-07-07),22.1.6,cargo 1.97.0 (c980f4866 2026-06-30),"release,lto=thin,debug=true",/home/bob/.cache/mess-bench,/dev/nvme0n1p3,ext4,/home,Samsung SSD 970 EVO Plus 2TB,[none] mq-deadline kyber bfq,249465950208,4096,1024,payload[i]=(i*131+17)&0xff,4.78173828125,accepted,,64,128,0,175,bytes,123200,112000,33689600,22400,0,0,0,0,0,20860245,21020148,117750,131140,143020,4.780,4.780
e000474,exploratory,pwritev_full_8m,candidate,1,2,ABBA,pwritev_full_8m,process,250,10,64,4,new_name,synthetic_sweep,1,015d813736625640f12d26c5d349b92c14fd2fb4,false,a897dfa99e98479b638409c432d3d2bc8e7ba7d5ba4e5a046dd229021f58bffd,12b1dafe765a77d1a17115b0ae12cff973f20ed7d6d770fbd790695fe081288e,afaa9ca40fef1b2a362af2af235634b472665287e554d16b829c09e1a70787ac,8d5b7eba8aea53574190e7d4a6d9e7b424bc23a9e2a0b6968a27f1772509492b,6e938dfcd266a2b0eac811d7ea7eabbd5b217965f88efa81371465134dbcab11,2026-07-15T18:06:48.523644+00:00,8o8-arch,7.0.12-arch1-1,AMD Ryzen 9 3900X 12-Core Processor,"logical=24,cores=12,sockets=1,nodes=1",performance,rustc 1.97.0 (2d8144b78 2026-07-07),22.1.6,cargo 1.97.0 (c980f4866 2026-06-30),"release,lto=thin,debug=true",/home/bob/.cache/mess-bench,/dev/nvme0n1p3,ext4,/home,Samsung SSD 970 EVO Plus 2TB,[none] mq-deadline kyber bfq,249465942016,4096,1024,payload[i]=(i*131+17)&0xff,4.78173828125,accepted,,64,128,0,175,bytes,123200,112000,33689600,175,0,0,128,0,0,3634391,3678168,19180,27640,35830,4.780,4.780
e000475,exploratory,pwritev_full_8m,candidate,1,3,ABBA,pwritev_full_8m,process,250,10,64,4,new_name,synthetic_sweep,1,015d813736625640f12d26c5d349b92c14fd2fb4,false,a897dfa99e98479b638409c432d3d2bc8e7ba7d5ba4e5a046dd229021f58bffd,12b1dafe765a77d1a17115b0ae12cff973f20ed7d6d770fbd790695fe081288e,afaa9ca40fef1b2a362af2af235634b472665287e554d16b829c09e1a70787ac,8d5b7eba8aea53574190e7d4a6d9e7b424bc23a9e2a0b6968a27f1772509492b,6e938dfcd266a2b0eac811d7ea7eabbd5b217965f88efa81371465134dbcab11,2026-07-15T18:06:49.546224+00:00,8o8-arch,7.0.12-arch1-1,AMD Ryzen 9 3900X 12-Core Processor,"logical=24,cores=12,sockets=1,nodes=1",performance,rustc 1.97.0 (2d8144b78 2026-07-07),22.1.6,cargo 1.97.0 (c980f4866 2026-06-30),"release,lto=thin,debug=true",/home/bob/.cache/mess-bench,/dev/nvme0n1p3,ext4,/home,Samsung SSD 970 EVO Plus 2TB,[none] mq-deadline kyber bfq,249465942016,4096,1024,payload[i]=(i*131+17)&0xff,4.78173828125,accepted,,64,128,0,175,bytes,123200,112000,33689600,175,0,0,128,0,0,3267780,3297168,18170,22620,26840,4.780,4.780
e000476,exploratory,pwritev_full_8m,baseline,1,4,ABBA,k_pwrite,process,250,10,64,4,new_name,synthetic_sweep,1,015d813736625640f12d26c5d349b92c14fd2fb4,false,a897dfa99e98479b638409c432d3d2bc8e7ba7d5ba4e5a046dd229021f58bffd,12b1dafe765a77d1a17115b0ae12cff973f20ed7d6d770fbd790695fe081288e,afaa9ca40fef1b2a362af2af235634b472665287e554d16b829c09e1a70787ac,8d5b7eba8aea53574190e7d4a6d9e7b424bc23a9e2a0b6968a27f1772509492b,6e938dfcd266a2b0eac811d7ea7eabbd5b217965f88efa81371465134dbcab11,2026-07-15T18:06:50.578986+00:00,8o8-arch,7.0.12-arch1-1,AMD Ryzen 9 3900X 12-Core Processor,"logical=24,cores=12,sockets=1,nodes=1",performance,rustc 1.97.0 (2d8144b78 2026-07-07),22.1.6,cargo 1.97.0 (c980f4866 2026-06-30),"release,lto=thin,debug=true",/home/bob/.cache/mess-bench,/dev/nvme0n1p3,ext4,/home,Samsung SSD 970 EVO Plus 2TB,[none] mq-deadline kyber bfq,249465933824,4096,1024,payload[i]=(i*131+17)&0xff,5.84033203125,accepted,,64,128,0,175,bytes,123200,112000,33689600,22400,0,0,0,0,0,21541216,21700297,121660,134929,155940,5.840,5.840
e000477,exploratory,pwritev_64_8m,candidate,1,1,BAAB,pwritev_64_8m,process,250,10,64,4,new_name,synthetic_sweep,1,015d813736625640f12d26c5d349b92c14fd2fb4,false,a897dfa99e98479b638409c432d3d2bc8e7ba7d5ba4e5a046dd229021f58bffd,12b1dafe765a77d1a17115b0ae12cff973f20ed7d6d770fbd790695fe081288e,afaa9ca40fef1b2a362af2af235634b472665287e554d16b829c09e1a70787ac,8d5b7eba8aea53574190e7d4a6d9e7b424bc23a9e2a0b6968a27f1772509492b,6e938dfcd266a2b0eac811d7ea7eabbd5b217965f88efa81371465134dbcab11,2026-07-15T18:06:51.610805+00:00,8o8-arch,7.0.12-arch1-1,AMD Ryzen 9 3900X 12-Core Processor,"logical=24,cores=12,sockets=1,nodes=1",performance,rustc 1.97.0 (2d8144b78 2026-07-07),22.1.6,cargo 1.97.0 (c980f4866 2026-06-30),"release,lto=thin,debug=true",/home/bob/.cache/mess-bench,/dev/nvme0n1p3,ext4,/home,Samsung SSD 970 EVO Plus 2TB,[none] mq-deadline kyber bfq,249465933824,4096,1024,payload[i]=(i*131+17)&0xff,5.84033203125,accepted,,64,128,0,175,bytes,123200,112000,33689600,350,0,0,64,0,0,3749151,3766438,20680,26120,28930,5.840,5.840
e000478,exploratory,pwritev_64_8m,baseline,1,2,BAAB,k_pwrite,process,250,10,64,4,new_name,synthetic_sweep,1,015d813736625640f12d26c5d349b92c14fd2fb4,false,a897dfa99e98479b638409c432d3d2bc8e7ba7d5ba4e5a046dd229021f58bffd,12b1dafe765a77d1a17115b0ae12cff973f20ed7d6d770fbd790695fe081288e,afaa9ca40fef1b2a362af2af235634b472665287e554d16b829c09e1a70787ac,8d5b7eba8aea53574190e7d4a6d9e7b424bc23a9e2a0b6968a27f1772509492b,6e938dfcd266a2b0eac811d7ea7eabbd5b217965f88efa81371465134dbcab11,2026-07-15T18:06:52.638051+00:00,8o8-arch,7.0.12-arch1-1,AMD Ryzen 9 3900X 12-Core Processor,"logical=24,cores=12,sockets=1,nodes=1",performance,rustc 1.97.0 (2d8144b78 2026-07-07),22.1.6,cargo 1.97.0 (c980f4866 2026-06-30),"release,lto=thin,debug=true",/home/bob/.cache/mess-bench,/dev/nvme0n1p3,ext4,/home,Samsung SSD 970 EVO Plus 2TB,[none] mq-deadline kyber bfq,249465925632,4096,1024,payload[i]=(i*131+17)&0xff,5.84033203125,accepted,,64,128,0,175,bytes,123200,112000,33689600,22400,0,0,0,0,0,20900435,21090087,118170,131970,139380,5.840,5.840
e000479,exploratory,pwritev_64_8m,baseline,1,3,BAAB,k_pwrite,process,250,10,64,4,new_name,synthetic_sweep,1,015d813736625640f12d26c5d349b92c14fd2fb4,false,a897dfa99e98479b638409c432d3d2bc8e7ba7d5ba4e5a046dd229021f58bffd,12b1dafe765a77d1a17115b0ae12cff973f20ed7d6d770fbd790695fe081288e,afaa9ca40fef1b2a362af2af235634b472665287e554d16b829c09e1a70787ac,8d5b7eba8aea53574190e7d4a6d9e7b424bc23a9e2a0b6968a27f1772509492b,6e938dfcd266a2b0eac811d7ea7eabbd5b217965f88efa81371465134dbcab11,2026-07-15T18:06:53.669028+00:00,8o8-arch,7.0.12-arch1-1,AMD Ryzen 9 3900X 12-Core Processor,"logical=24,cores=12,sockets=1,nodes=1",performance,rustc 1.97.0 (2d8144b78 2026-07-07),22.1.6,cargo 1.97.0 (c980f4866 2026-06-30),"release,lto=thin,debug=true",/home/bob/.cache/mess-bench,/dev/nvme0n1p3,ext4,/home,Samsung SSD 970 EVO Plus 2TB,[none] mq-deadline kyber bfq,249465954304,4096,1024,payload[i]=(i*131+17)&0xff,5.84033203125,accepted,,64,128,0,175,bytes,123200,112000,33689600,22400,0,0,0,0,0,20828825,21077907,118350,131180,143830,5.840,5.840
e000480,exploratory,pwritev_64_8m,candidate,1,4,BAAB,pwritev_64_8m,process,250,10,64,4,new_name,synthetic_sweep,1,015d813736625640f12d26c5d349b92c14fd2fb4,false,a897dfa99e98479b638409c432d3d2bc8e7ba7d5ba4e5a046dd229021f58bffd,12b1dafe765a77d1a17115b0ae12cff973f20ed7d6d770fbd790695fe081288e,afaa9ca40fef1b2a362af2af235634b472665287e554d16b829c09e1a70787ac,8d5b7eba8aea53574190e7d4a6d9e7b424bc23a9e2a0b6968a27f1772509492b,6e938dfcd266a2b0eac811d7ea7eabbd5b217965f88efa81371465134dbcab11,2026-07-15T18:06:54.694304+00:00,8o8-arch,7.0.12-arch1-1,AMD Ryzen 9 3900X 12-Core Processor,"logical=24,cores=12,sockets=1,nodes=1",performance,rustc 1.97.0 (2d8144b78 2026-07-07),22.1.6,cargo 1.97.0 (c980f4866 2026-06-30),"release,lto=thin,debug=true",/home/bob/.cache/mess-bench,/dev/nvme0n1p3,ext4,/home,Samsung SSD 970 EVO Plus 2TB,[none] mq-deadline kyber bfq,249465942016,4096,1024,payload[i]=(i*131+17)&0xff,5.84033203125,accepted,,64,128,0,175,bytes,123200,112000,33689600,350,0,0,64,0,0,6894282,7495045,21470,30070,256819,5.840,5.840
e000481,exploratory,copy_contiguous,baseline,1,1,ABBA,k_pwrite,process,250,10,64,4,new_name,synthetic_sweep,1,015d813736625640f12d26c5d349b92c14fd2fb4,false,a897dfa99e98479b638409c432d3d2bc8e7ba7d5ba4e5a046dd229021f58bffd,12b1dafe765a77d1a17115b0ae12cff973f20ed7d6d770fbd790695fe081288e,afaa9ca40fef1b2a362af2af235634b472665287e554d16b829c09e1a70787ac,8d5b7eba8aea53574190e7d4a6d9e7b424bc23a9e2a0b6968a27f1772509492b,6e938dfcd266a2b0eac811d7ea7eabbd5b217965f88efa81371465134dbcab11,2026-07-15T18:06:55.715741+00:00,8o8-arch,7.0.12-arch1-1,AMD Ryzen 9 3900X 12-Core Processor,"logical=24,cores=12,sockets=1,nodes=1",performance,rustc 1.97.0 (2d8144b78 2026-07-07),22.1.6,cargo 1.97.0 (c980f4866 2026-06-30),"release,lto=thin,debug=true",/home/bob/.cache/mess-bench,/dev/nvme0n1p3,ext4,/home,Samsung SSD 970 EVO Plus 2TB,[none] mq-deadline kyber bfq,249465942016,4096,1024,payload[i]=(i*131+17)&0xff,5.61279296875,accepted,,64,128,0,175,bytes,123200,112000,33689600,22400,0,0,0,0,0,23726655,25353465,118350,173090,936069,5.610,5.610
e000482,exploratory,copy_contiguous,candidate,1,2,ABBA,copy_contiguous,process,250,10,64,4,new_name,synthetic_sweep,1,015d813736625640f12d26c5d349b92c14fd2fb4,false,a897dfa99e98479b638409c432d3d2bc8e7ba7d5ba4e5a046dd229021f58bffd,12b1dafe765a77d1a17115b0ae12cff973f20ed7d6d770fbd790695fe081288e,afaa9ca40fef1b2a362af2af235634b472665287e554d16b829c09e1a70787ac,8d5b7eba8aea53574190e7d4a6d9e7b424bc23a9e2a0b6968a27f1772509492b,6e938dfcd266a2b0eac811d7ea7eabbd5b217965f88efa81371465134dbcab11,2026-07-15T18:06:56.741756+00:00,8o8-arch,7.0.12-arch1-1,AMD Ryzen 9 3900X 12-Core Processor,"logical=24,cores=12,sockets=1,nodes=1",performance,rustc 1.97.0 (2d8144b78 2026-07-07),22.1.6,cargo 1.97.0 (c980f4866 2026-06-30),"release,lto=thin,debug=true",/home/bob/.cache/mess-bench,/dev/nvme0n1p3,ext4,/home,Samsung SSD 970 EVO Plus 2TB,[none] mq-deadline kyber bfq,249465933824,4096,1024,payload[i]=(i*131+17)&0xff,5.61279296875,accepted,,64,128,0,175,bytes,123200,112000,33689600,175,0,0,0,33689600,0,4970241,5015777,27440,34740,43510,5.610,5.610
e000483,exploratory,copy_contiguous,candidate,1,3,ABBA,copy_contiguous,process,250,10,64,4,new_name,synthetic_sweep,1,015d813736625640f12d26c5d349b92c14fd2fb4,false,a897dfa99e98479b638409c432d3d2bc8e7ba7d5ba4e5a046dd229021f58bffd,12b1dafe765a77d1a17115b0ae12cff973f20ed7d6d770fbd790695fe081288e,afaa9ca40fef1b2a362af2af235634b472665287e554d16b829c09e1a70787ac,8d5b7eba8aea53574190e7d4a6d9e7b424bc23a9e2a0b6968a27f1772509492b,6e938dfcd266a2b0eac811d7ea7eabbd5b217965f88efa81371465134dbcab11,2026-07-15T18:06:57.773041+00:00,8o8-arch,7.0.12-arch1-1,AMD Ryzen 9 3900X 12-Core Processor,"logical=24,cores=12,sockets=1,nodes=1",performance,rustc 1.97.0 (2d8144b78 2026-07-07),22.1.6,cargo 1.97.0 (c980f4866 2026-06-30),"release,lto=thin,debug=true",/home/bob/.cache/mess-bench,/dev/nvme0n1p3,ext4,/home,Samsung SSD 970 EVO Plus 2TB,[none] mq-deadline kyber bfq,249465929728,4096,1024,payload[i]=(i*131+17)&0xff,5.61279296875,accepted,,64,128,0,175,bytes,123200,112000,33689600,175,0,0,0,33689600,0,4746871,4803177,26209,33520,39390,5.610,5.610
e000484,exploratory,copy_contiguous,baseline,1,4,ABBA,k_pwrite,process,250,10,64,4,new_name,synthetic_sweep,1,015d813736625640f12d26c5d349b92c14fd2fb4,false,a897dfa99e98479b638409c432d3d2bc8e7ba7d5ba4e5a046dd229021f58bffd,12b1dafe765a77d1a17115b0ae12cff973f20ed7d6d770fbd790695fe081288e,afaa9ca40fef1b2a362af2af235634b472665287e554d16b829c09e1a70787ac,8d5b7eba8aea53574190e7d4a6d9e7b424bc23a9e2a0b6968a27f1772509492b,6e938dfcd266a2b0eac811d7ea7eabbd5b217965f88efa81371465134dbcab11,2026-07-15T18:06:58.805040+00:00,8o8-arch,7.0.12-arch1-1,AMD Ryzen 9 3900X 12-Core Processor,"logical=24,cores=12,sockets=1,nodes=1",performance,rustc 1.97.0 (2d8144b78 2026-07-07),22.1.6,cargo 1.97.0 (c980f4866 2026-06-30),"release,lto=thin,debug=true",/home/bob/.cache/mess-bench,/dev/nvme0n1p3,ext4,/home,Samsung SSD 970 EVO Plus 2TB,[none] mq-deadline kyber bfq,249465925632,4096,1024,payload[i]=(i*131+17)&0xff,5.61279296875,accepted,,64,128,0,175,bytes,123200,112000,33689600,22400,0,0,0,0,0,23454926,23685526,120060,141750,266050,5.610,5.610
e000485,exploratory,pwritev_full_8m,candidate,1,1,BAAB,pwritev_full_8m,process,250,10,256,4,domain,synthetic_sweep,1,015d813736625640f12d26c5d349b92c14fd2fb4,false,a897dfa99e98479b638409c432d3d2bc8e7ba7d5ba4e5a046dd229021f58bffd,12b1dafe765a77d1a17115b0ae12cff973f20ed7d6d770fbd790695fe081288e,afaa9ca40fef1b2a362af2af235634b472665287e554d16b829c09e1a70787ac,8d5b7eba8aea53574190e7d4a6d9e7b424bc23a9e2a0b6968a27f1772509492b,6e938dfcd266a2b0eac811d7ea7eabbd5b217965f88efa81371465134dbcab11,2026-07-15T18:06:59.830840+00:00,8o8-arch,7.0.12-arch1-1,AMD Ryzen 9 3900X 12-Core Processor,"logical=24,cores=12,sockets=1,nodes=1",performance,rustc 1.97.0 (2d8144b78 2026-07-07),22.1.6,cargo 1.97.0 (c980f4866 2026-06-30),"release,lto=thin,debug=true",/home/bob/.cache/mess-bench,/dev/nvme0n1p3,ext4,/home,Samsung SSD 970 EVO Plus 2TB,[none] mq-deadline kyber bfq,249465888768,4096,1024,payload[i]=(i*131+17)&0xff,5.61279296875,accepted,,256,256,0,46,bytes,117760,117760,33773568,46,0,0,256,0,0,3061331,3088198,65330,75020,96860,5.610,5.610
e000486,exploratory,pwritev_full_8m,baseline,1,2,BAAB,k_pwrite,process,250,10,256,4,domain,synthetic_sweep,1,015d813736625640f12d26c5d349b92c14fd2fb4,false,a897dfa99e98479b638409c432d3d2bc8e7ba7d5ba4e5a046dd229021f58bffd,12b1dafe765a77d1a17115b0ae12cff973f20ed7d6d770fbd790695fe081288e,afaa9ca40fef1b2a362af2af235634b472665287e554d16b829c09e1a70787ac,8d5b7eba8aea53574190e7d4a6d9e7b424bc23a9e2a0b6968a27f1772509492b,6e938dfcd266a2b0eac811d7ea7eabbd5b217965f88efa81371465134dbcab11,2026-07-15T18:07:00.860247+00:00,8o8-arch,7.0.12-arch1-1,AMD Ryzen 9 3900X 12-Core Processor,"logical=24,cores=12,sockets=1,nodes=1",performance,rustc 1.97.0 (2d8144b78 2026-07-07),22.1.6,cargo 1.97.0 (c980f4866 2026-06-30),"release,lto=thin,debug=true",/home/bob/.cache/mess-bench,/dev/nvme0n1p3,ext4,/home,Samsung SSD 970 EVO Plus 2TB,[none] mq-deadline kyber bfq,249465917440,4096,1024,payload[i]=(i*131+17)&0xff,5.1630859375,accepted,,256,256,0,46,bytes,117760,117760,33773568,11776,0,0,0,0,0,14593234,14843701,307080,382429,386550,5.160,5.160
e000487,exploratory,pwritev_full_8m,baseline,1,3,BAAB,k_pwrite,process,250,10,256,4,domain,synthetic_sweep,1,015d813736625640f12d26c5d349b92c14fd2fb4,false,a897dfa99e98479b638409c432d3d2bc8e7ba7d5ba4e5a046dd229021f58bffd,12b1dafe765a77d1a17115b0ae12cff973f20ed7d6d770fbd790695fe081288e,afaa9ca40fef1b2a362af2af235634b472665287e554d16b829c09e1a70787ac,8d5b7eba8aea53574190e7d4a6d9e7b424bc23a9e2a0b6968a27f1772509492b,6e938dfcd266a2b0eac811d7ea7eabbd5b217965f88efa81371465134dbcab11,2026-07-15T18:07:01.887717+00:00,8o8-arch,7.0.12-arch1-1,AMD Ryzen 9 3900X 12-Core Processor,"logical=24,cores=12,sockets=1,nodes=1",performance,rustc 1.97.0 (2d8144b78 2026-07-07),22.1.6,cargo 1.97.0 (c980f4866 2026-06-30),"release,lto=thin,debug=true",/home/bob/.cache/mess-bench,/dev/nvme0n1p3,ext4,/home,Samsung SSD 970 EVO Plus 2TB,[none] mq-deadline kyber bfq,249465917440,4096,1024,payload[i]=(i*131+17)&0xff,5.1630859375,accepted,,256,256,0,46,bytes,117760,117760,33773568,11776,0,0,0,0,0,16639475,16959420,298340,362500,3267318,5.160,5.160
e000488,exploratory,pwritev_full_8m,candidate,1,4,BAAB,pwritev_full_8m,process,250,10,256,4,domain,synthetic_sweep,1,015d813736625640f12d26c5d349b92c14fd2fb4,false,a897dfa99e98479b638409c432d3d2bc8e7ba7d5ba4e5a046dd229021f58bffd,12b1dafe765a77d1a17115b0ae12cff973f20ed7d6d770fbd790695fe081288e,afaa9ca40fef1b2a362af2af235634b472665287e554d16b829c09e1a70787ac,8d5b7eba8aea53574190e7d4a6d9e7b424bc23a9e2a0b6968a27f1772509492b,6e938dfcd266a2b0eac811d7ea7eabbd5b217965f88efa81371465134dbcab11,2026-07-15T18:07:02.910212+00:00,8o8-arch,7.0.12-arch1-1,AMD Ryzen 9 3900X 12-Core Processor,"logical=24,cores=12,sockets=1,nodes=1",performance,rustc 1.97.0 (2d8144b78 2026-07-07),22.1.6,cargo 1.97.0 (c980f4866 2026-06-30),"release,lto=thin,debug=true",/home/bob/.cache/mess-bench,/dev/nvme0n1p3,ext4,/home,Samsung SSD 970 EVO Plus 2TB,[none] mq-deadline kyber bfq,249465913344,4096,1024,payload[i]=(i*131+17)&0xff,5.1630859375,accepted,,256,256,0,46,bytes,117760,117760,33773568,46,0,0,256,0,0,2984041,3004858,64800,73770,74620,5.160,5.160
e000489,exploratory,pwritev_64_8m,baseline,1,1,ABBA,k_pwrite,process,250,10,256,4,domain,synthetic_sweep,1,015d813736625640f12d26c5d349b92c14fd2fb4,false,a897dfa99e98479b638409c432d3d2bc8e7ba7d5ba4e5a046dd229021f58bffd,12b1dafe765a77d1a17115b0ae12cff973f20ed7d6d770fbd790695fe081288e,afaa9ca40fef1b2a362af2af235634b472665287e554d16b829c09e1a70787ac,8d5b7eba8aea53574190e7d4a6d9e7b424bc23a9e2a0b6968a27f1772509492b,6e938dfcd266a2b0eac811d7ea7eabbd5b217965f88efa81371465134dbcab11,2026-07-15T18:07:03.940008+00:00,8o8-arch,7.0.12-arch1-1,AMD Ryzen 9 3900X 12-Core Processor,"logical=24,cores=12,sockets=1,nodes=1",performance,rustc 1.97.0 (2d8144b78 2026-07-07),22.1.6,cargo 1.97.0 (c980f4866 2026-06-30),"release,lto=thin,debug=true",/home/bob/.cache/mess-bench,/dev/nvme0n1p3,ext4,/home,Samsung SSD 970 EVO Plus 2TB,[none] mq-deadline kyber bfq,249465909248,4096,1024,payload[i]=(i*131+17)&0xff,5.1630859375,accepted,,256,256,0,46,bytes,117760,117760,33773568,11776,0,0,0,0,0,13857524,13963071,298980,325320,382500,5.160,5.160
e000490,exploratory,pwritev_64_8m,candidate,1,2,ABBA,pwritev_64_8m,process,250,10,256,4,domain,synthetic_sweep,1,015d813736625640f12d26c5d349b92c14fd2fb4,false,a897dfa99e98479b638409c432d3d2bc8e7ba7d5ba4e5a046dd229021f58bffd,12b1dafe765a77d1a17115b0ae12cff973f20ed7d6d770fbd790695fe081288e,afaa9ca40fef1b2a362af2af235634b472665287e554d16b829c09e1a70787ac,8d5b7eba8aea53574190e7d4a6d9e7b424bc23a9e2a0b6968a27f1772509492b,6e938dfcd266a2b0eac811d7ea7eabbd5b217965f88efa81371465134dbcab11,2026-07-15T18:07:04.970880+00:00,8o8-arch,7.0.12-arch1-1,AMD Ryzen 9 3900X 12-Core Processor,"logical=24,cores=12,sockets=1,nodes=1",performance,rustc 1.97.0 (2d8144b78 2026-07-07),22.1.6,cargo 1.97.0 (c980f4866 2026-06-30),"release,lto=thin,debug=true",/home/bob/.cache/mess-bench,/dev/nvme0n1p3,ext4,/home,Samsung SSD 970 EVO Plus 2TB,[none] mq-deadline kyber bfq,249465905152,4096,1024,payload[i]=(i*131+17)&0xff,5.1630859375,accepted,,256,256,0,46,bytes,117760,117760,33773568,184,0,0,64,0,0,3357401,3380128,72550,80690,83750,5.160,5.160
e000491,exploratory,pwritev_64_8m,candidate,1,3,ABBA,pwritev_64_8m,process,250,10,256,4,domain,synthetic_sweep,1,015d813736625640f12d26c5d349b92c14fd2fb4,false,a897dfa99e98479b638409c432d3d2bc8e7ba7d5ba4e5a046dd229021f58bffd,12b1dafe765a77d1a17115b0ae12cff973f20ed7d6d770fbd790695fe081288e,afaa9ca40fef1b2a362af2af235634b472665287e554d16b829c09e1a70787ac,8d5b7eba8aea53574190e7d4a6d9e7b424bc23a9e2a0b6968a27f1772509492b,6e938dfcd266a2b0eac811d7ea7eabbd5b217965f88efa81371465134dbcab11,2026-07-15T18:07:05.999143+00:00,8o8-arch,7.0.12-arch1-1,AMD Ryzen 9 3900X 12-Core Processor,"logical=24,cores=12,sockets=1,nodes=1",performance,rustc 1.97.0 (2d8144b78 2026-07-07),22.1.6,cargo 1.97.0 (c980f4866 2026-06-30),"release,lto=thin,debug=true",/home/bob/.cache/mess-bench,/dev/nvme0n1p3,ext4,/home,Samsung SSD 970 EVO Plus 2TB,[none] mq-deadline kyber bfq,249465901056,4096,1024,payload[i]=(i*131+17)&0xff,4.82958984375,accepted,,256,256,0,46,bytes,117760,117760,33773568,184,0,0,64,0,0,3533861,3555828,75190,88070,95300,4.830,4.830
e000492,exploratory,pwritev_64_8m,baseline,1,4,ABBA,k_pwrite,process,250,10,256,4,domain,synthetic_sweep,1,015d813736625640f12d26c5d349b92c14fd2fb4,false,a897dfa99e98479b638409c432d3d2bc8e7ba7d5ba4e5a046dd229021f58bffd,12b1dafe765a77d1a17115b0ae12cff973f20ed7d6d770fbd790695fe081288e,afaa9ca40fef1b2a362af2af235634b472665287e554d16b829c09e1a70787ac,8d5b7eba8aea53574190e7d4a6d9e7b424bc23a9e2a0b6968a27f1772509492b,6e938dfcd266a2b0eac811d7ea7eabbd5b217965f88efa81371465134dbcab11,2026-07-15T18:07:07.027700+00:00,8o8-arch,7.0.12-arch1-1,AMD Ryzen 9 3900X 12-Core Processor,"logical=24,cores=12,sockets=1,nodes=1",performance,rustc 1.97.0 (2d8144b78 2026-07-07),22.1.6,cargo 1.97.0 (c980f4866 2026-06-30),"release,lto=thin,debug=true",/home/bob/.cache/mess-bench,/dev/nvme0n1p3,ext4,/home,Samsung SSD 970 EVO Plus 2TB,[none] mq-deadline kyber bfq,249465896960,4096,1024,payload[i]=(i*131+17)&0xff,4.82958984375,accepted,,256,256,0,46,bytes,117760,117760,33773568,11776,0,0,0,0,0,14106343,14536402,300970,380080,434330,4.830,4.830
e000493,exploratory,copy_contiguous,candidate,1,1,BAAB,copy_contiguous,process,250,10,256,4,domain,synthetic_sweep,1,015d813736625640f12d26c5d349b92c14fd2fb4,false,a897dfa99e98479b638409c432d3d2bc8e7ba7d5ba4e5a046dd229021f58bffd,12b1dafe765a77d1a17115b0ae12cff973f20ed7d6d770fbd790695fe081288e,afaa9ca40fef1b2a362af2af235634b472665287e554d16b829c09e1a70787ac,8d5b7eba8aea53574190e7d4a6d9e7b424bc23a9e2a0b6968a27f1772509492b,6e938dfcd266a2b0eac811d7ea7eabbd5b217965f88efa81371465134dbcab11,2026-07-15T18:07:08.056326+00:00,8o8-arch,7.0.12-arch1-1,AMD Ryzen 9 3900X 12-Core Processor,"logical=24,cores=12,sockets=1,nodes=1",performance,rustc 1.97.0 (2d8144b78 2026-07-07),22.1.6,cargo 1.97.0 (c980f4866 2026-06-30),"release,lto=thin,debug=true",/home/bob/.cache/mess-bench,/dev/nvme0n1p3,ext4,/home,Samsung SSD 970 EVO Plus 2TB,[none] mq-deadline kyber bfq,249465896960,4096,1024,payload[i]=(i*131+17)&0xff,4.82958984375,accepted,,256,256,0,46,bytes,117760,117760,33773568,46,0,0,0,33773568,0,8780652,8853894,121200,211260,2979298,4.830,4.830
e000494,exploratory,copy_contiguous,baseline,1,2,BAAB,k_pwrite,process,250,10,256,4,domain,synthetic_sweep,1,015d813736625640f12d26c5d349b92c14fd2fb4,false,a897dfa99e98479b638409c432d3d2bc8e7ba7d5ba4e5a046dd229021f58bffd,12b1dafe765a77d1a17115b0ae12cff973f20ed7d6d770fbd790695fe081288e,afaa9ca40fef1b2a362af2af235634b472665287e554d16b829c09e1a70787ac,8d5b7eba8aea53574190e7d4a6d9e7b424bc23a9e2a0b6968a27f1772509492b,6e938dfcd266a2b0eac811d7ea7eabbd5b217965f88efa81371465134dbcab11,2026-07-15T18:07:09.084529+00:00,8o8-arch,7.0.12-arch1-1,AMD Ryzen 9 3900X 12-Core Processor,"logical=24,cores=12,sockets=1,nodes=1",performance,rustc 1.97.0 (2d8144b78 2026-07-07),22.1.6,cargo 1.97.0 (c980f4866 2026-06-30),"release,lto=thin,debug=true",/home/bob/.cache/mess-bench,/dev/nvme0n1p3,ext4,/home,Samsung SSD 970 EVO Plus 2TB,[none] mq-deadline kyber bfq,249465888768,4096,1024,payload[i]=(i*131+17)&0xff,4.82958984375,accepted,,256,256,0,46,bytes,117760,117760,33773568,11776,0,0,0,0,0,16613725,17736950,304269,336070,3957837,4.830,4.830
e000495,exploratory,copy_contiguous,baseline,1,3,BAAB,k_pwrite,process,250,10,256,4,domain,synthetic_sweep,1,015d813736625640f12d26c5d349b92c14fd2fb4,false,a897dfa99e98479b638409c432d3d2bc8e7ba7d5ba4e5a046dd229021f58bffd,12b1dafe765a77d1a17115b0ae12cff973f20ed7d6d770fbd790695fe081288e,afaa9ca40fef1b2a362af2af235634b472665287e554d16b829c09e1a70787ac,8d5b7eba8aea53574190e7d4a6d9e7b424bc23a9e2a0b6968a27f1772509492b,6e938dfcd266a2b0eac811d7ea7eabbd5b217965f88efa81371465134dbcab11,2026-07-15T18:07:10.115576+00:00,8o8-arch,7.0.12-arch1-1,AMD Ryzen 9 3900X 12-Core Processor,"logical=24,cores=12,sockets=1,nodes=1",performance,rustc 1.97.0 (2d8144b78 2026-07-07),22.1.6,cargo 1.97.0 (c980f4866 2026-06-30),"release,lto=thin,debug=true",/home/bob/.cache/mess-bench,/dev/nvme0n1p3,ext4,/home,Samsung SSD 970 EVO Plus 2TB,[none] mq-deadline kyber bfq,249465884672,4096,1024,payload[i]=(i*131+17)&0xff,4.82958984375,accepted,,256,256,0,46,bytes,117760,117760,33773568,11776,0,0,0,0,0,16051284,16179851,304900,355790,2342159,4.830,4.830
e000496,exploratory,copy_contiguous,candidate,1,4,BAAB,copy_contiguous,process,250,10,256,4,domain,synthetic_sweep,1,015d813736625640f12d26c5d349b92c14fd2fb4,false,a897dfa99e98479b638409c432d3d2bc8e7ba7d5ba4e5a046dd229021f58bffd,12b1dafe765a77d1a17115b0ae12cff973f20ed7d6d770fbd790695fe081288e,afaa9ca40fef1b2a362af2af235634b472665287e554d16b829c09e1a70787ac,8d5b7eba8aea53574190e7d4a6d9e7b424bc23a9e2a0b6968a27f1772509492b,6e938dfcd266a2b0eac811d7ea7eabbd5b217965f88efa81371465134dbcab11,2026-07-15T18:07:11.145828+00:00,8o8-arch,7.0.12-arch1-1,AMD Ryzen 9 3900X 12-Core Processor,"logical=24,cores=12,sockets=1,nodes=1",performance,rustc 1.97.0 (2d8144b78 2026-07-07),22.1.6,cargo 1.97.0 (c980f4866 2026-06-30),"release,lto=thin,debug=true",/home/bob/.cache/mess-bench,/dev/nvme0n1p3,ext4,/home,Samsung SSD 970 EVO Plus 2TB,[none] mq-deadline kyber bfq,249465880576,4096,1024,payload[i]=(i*131+17)&0xff,4.6025390625,accepted,,256,256,0,46,bytes,117760,117760,33773568,46,0,0,0,33773568,0,5268331,5309497,112930,134300,159280,4.600,4.600
e000497,exploratory,pwritev_full_8m,baseline,1,1,ABBA,k_pwrite,process,250,10,256,4,new_name,synthetic_sweep,1,015d813736625640f12d26c5d349b92c14fd2fb4,false,a897dfa99e98479b638409c432d3d2bc8e7ba7d5ba4e5a046dd229021f58bffd,12b1dafe765a77d1a17115b0ae12cff973f20ed7d6d770fbd790695fe081288e,afaa9ca40fef1b2a362af2af235634b472665287e554d16b829c09e1a70787ac,8d5b7eba8aea53574190e7d4a6d9e7b424bc23a9e2a0b6968a27f1772509492b,6e938dfcd266a2b0eac811d7ea7eabbd5b217965f88efa81371465134dbcab11,2026-07-15T18:07:12.177928+00:00,8o8-arch,7.0.12-arch1-1,AMD Ryzen 9 3900X 12-Core Processor,"logical=24,cores=12,sockets=1,nodes=1",performance,rustc 1.97.0 (2d8144b78 2026-07-07),22.1.6,cargo 1.97.0 (c980f4866 2026-06-30),"release,lto=thin,debug=true",/home/bob/.cache/mess-bench,/dev/nvme0n1p3,ext4,/home,Samsung SSD 970 EVO Plus 2TB,[none] mq-deadline kyber bfq,249465880576,4096,1024,payload[i]=(i*131+17)&0xff,4.6025390625,accepted,,256,512,0,44,bytes,123904,112640,33882112,22528,0,0,0,0,0,22399905,22567756,498720,604070,630749,4.600,4.600
e000498,exploratory,pwritev_full_8m,candidate,1,2,ABBA,pwritev_full_8m,process,250,10,256,4,new_name,synthetic_sweep,1,015d813736625640f12d26c5d349b92c14fd2fb4,false,a897dfa99e98479b638409c432d3d2bc8e7ba7d5ba4e5a046dd229021f58bffd,12b1dafe765a77d1a17115b0ae12cff973f20ed7d6d770fbd790695fe081288e,afaa9ca40fef1b2a362af2af235634b472665287e554d16b829c09e1a70787ac,8d5b7eba8aea53574190e7d4a6d9e7b424bc23a9e2a0b6968a27f1772509492b,6e938dfcd266a2b0eac811d7ea7eabbd5b217965f88efa81371465134dbcab11,2026-07-15T18:07:13.205810+00:00,8o8-arch,7.0.12-arch1-1,AMD Ryzen 9 3900X 12-Core Processor,"logical=24,cores=12,sockets=1,nodes=1",performance,rustc 1.97.0 (2d8144b78 2026-07-07),22.1.6,cargo 1.97.0 (c980f4866 2026-06-30),"release,lto=thin,debug=true",/home/bob/.cache/mess-bench,/dev/nvme0n1p3,ext4,/home,Samsung SSD 970 EVO Plus 2TB,[none] mq-deadline kyber bfq,249465876480,4096,1024,payload[i]=(i*131+17)&0xff,4.6025390625,accepted,,256,512,0,44,bytes,123904,112640,33882112,44,0,0,512,0,0,3300871,3336958,73700,93570,116650,4.600,4.600
e000499,exploratory,pwritev_full_8m,candidate,1,3,ABBA,pwritev_full_8m,process,250,10,256,4,new_name,synthetic_sweep,1,015d813736625640f12d26c5d349b92c14fd2fb4,false,a897dfa99e98479b638409c432d3d2bc8e7ba7d5ba4e5a046dd229021f58bffd,12b1dafe765a77d1a17115b0ae12cff973f20ed7d6d770fbd790695fe081288e,afaa9ca40fef1b2a362af2af235634b472665287e554d16b829c09e1a70787ac,8d5b7eba8aea53574190e7d4a6d9e7b424bc23a9e2a0b6968a27f1772509492b,6e938dfcd266a2b0eac811d7ea7eabbd5b217965f88efa81371465134dbcab11,2026-07-15T18:07:14.231584+00:00,8o8-arch,7.0.12-arch1-1,AMD Ryzen 9 3900X 12-Core Processor,"logical=24,cores=12,sockets=1,nodes=1",performance,rustc 1.97.0 (2d8144b78 2026-07-07),22.1.6,cargo 1.97.0 (c980f4866 2026-06-30),"release,lto=thin,debug=true",/home/bob/.cache/mess-bench,/dev/nvme0n1p3,ext4,/home,Samsung SSD 970 EVO Plus 2TB,[none] mq-deadline kyber bfq,249465876480,4096,1024,payload[i]=(i*131+17)&0xff,4.6025390625,accepted,,256,512,0,44,bytes,123904,112640,33882112,44,0,0,512,0,0,3572231,3596098,78470,99200,104470,4.600,4.600
e000500,exploratory,pwritev_full_8m,baseline,1,4,ABBA,k_pwrite,process,250,10,256,4,new_name,synthetic_sweep,1,015d813736625640f12d26c5d349b92c14fd2fb4,false,a897dfa99e98479b638409c432d3d2bc8e7ba7d5ba4e5a046dd229021f58bffd,12b1dafe765a77d1a17115b0ae12cff973f20ed7d6d770fbd790695fe081288e,afaa9ca40fef1b2a362af2af235634b472665287e554d16b829c09e1a70787ac,8d5b7eba8aea53574190e7d4a6d9e7b424bc23a9e2a0b6968a27f1772509492b,6e938dfcd266a2b0eac811d7ea7eabbd5b217965f88efa81371465134dbcab11,2026-07-15T18:07:15.261300+00:00,8o8-arch,7.0.12-arch1-1,AMD Ryzen 9 3900X 12-Core Processor,"logical=24,cores=12,sockets=1,nodes=1",performance,rustc 1.97.0 (2d8144b78 2026-07-07),22.1.6,cargo 1.97.0 (c980f4866 2026-06-30),"release,lto=thin,debug=true",/home/bob/.cache/mess-bench,/dev/nvme0n1p3,ext4,/home,Samsung SSD 970 EVO Plus 2TB,[none] mq-deadline kyber bfq,249465880576,4096,1024,payload[i]=(i*131+17)&0xff,4.6025390625,accepted,,256,512,0,44,bytes,123904,112640,33882112,22528,0,0,0,0,0,22966596,23162786,498970,622770,635409,4.600,4.600
e000501,exploratory,pwritev_256_8m,candidate,1,1,BAAB,pwritev_256_8m,process,250,10,256,4,new_name,synthetic_sweep,1,015d813736625640f12d26c5d349b92c14fd2fb4,false,a897dfa99e98479b638409c432d3d2bc8e7ba7d5ba4e5a046dd229021f58bffd,12b1dafe765a77d1a17115b0ae12cff973f20ed7d6d770fbd790695fe081288e,afaa9ca40fef1b2a362af2af235634b472665287e554d16b829c09e1a70787ac,8d5b7eba8aea53574190e7d4a6d9e7b424bc23a9e2a0b6968a27f1772509492b,6e938dfcd266a2b0eac811d7ea7eabbd5b217965f88efa81371465134dbcab11,2026-07-15T18:07:16.291786+00:00,8o8-arch,7.0.12-arch1-1,AMD Ryzen 9 3900X 12-Core Processor,"logical=24,cores=12,sockets=1,nodes=1",performance,rustc 1.97.0 (2d8144b78 2026-07-07),22.1.6,cargo 1.97.0 (c980f4866 2026-06-30),"release,lto=thin,debug=true",/home/bob/.cache/mess-bench,/dev/nvme0n1p3,ext4,/home,Samsung SSD 970 EVO Plus 2TB,[none] mq-deadline kyber bfq,249465872384,4096,1024,payload[i]=(i*131+17)&0xff,5.03515625,accepted,,256,512,0,44,bytes,123904,112640,33882112,88,0,0,256,0,0,3664991,3766218,82600,103350,115050,5.040,5.040
e000502,exploratory,pwritev_256_8m,baseline,1,2,BAAB,k_pwrite,process,250,10,256,4,new_name,synthetic_sweep,1,015d813736625640f12d26c5d349b92c14fd2fb4,false,a897dfa99e98479b638409c432d3d2bc8e7ba7d5ba4e5a046dd229021f58bffd,12b1dafe765a77d1a17115b0ae12cff973f20ed7d6d770fbd790695fe081288e,afaa9ca40fef1b2a362af2af235634b472665287e554d16b829c09e1a70787ac,8d5b7eba8aea53574190e7d4a6d9e7b424bc23a9e2a0b6968a27f1772509492b,6e938dfcd266a2b0eac811d7ea7eabbd5b217965f88efa81371465134dbcab11,2026-07-15T18:07:17.320495+00:00,8o8-arch,7.0.12-arch1-1,AMD Ryzen 9 3900X 12-Core Processor,"logical=24,cores=12,sockets=1,nodes=1",performance,rustc 1.97.0 (2d8144b78 2026-07-07),22.1.6,cargo 1.97.0 (c980f4866 2026-06-30),"release,lto=thin,debug=true",/home/bob/.cache/mess-bench,/dev/nvme0n1p3,ext4,/home,Samsung SSD 970 EVO Plus 2TB,[none] mq-deadline kyber bfq,249465868288,4096,1024,payload[i]=(i*131+17)&0xff,5.03515625,accepted,,256,512,0,44,bytes,123904,112640,33882112,22528,0,0,0,0,0,25634907,25907744,512940,643989,2393009,5.040,5.040
e000503,exploratory,pwritev_256_8m,baseline,1,3,BAAB,k_pwrite,process,250,10,256,4,new_name,synthetic_sweep,1,015d813736625640f12d26c5d349b92c14fd2fb4,false,a897dfa99e98479b638409c432d3d2bc8e7ba7d5ba4e5a046dd229021f58bffd,12b1dafe765a77d1a17115b0ae12cff973f20ed7d6d770fbd790695fe081288e,afaa9ca40fef1b2a362af2af235634b472665287e554d16b829c09e1a70787ac,8d5b7eba8aea53574190e7d4a6d9e7b424bc23a9e2a0b6968a27f1772509492b,6e938dfcd266a2b0eac811d7ea7eabbd5b217965f88efa81371465134dbcab11,2026-07-15T18:07:18.348957+00:00,8o8-arch,7.0.12-arch1-1,AMD Ryzen 9 3900X 12-Core Processor,"logical=24,cores=12,sockets=1,nodes=1",performance,rustc 1.97.0 (2d8144b78 2026-07-07),22.1.6,cargo 1.97.0 (c980f4866 2026-06-30),"release,lto=thin,debug=true",/home/bob/.cache/mess-bench,/dev/nvme0n1p3,ext4,/home,Samsung SSD 970 EVO Plus 2TB,[none] mq-deadline kyber bfq,249465868288,4096,1024,payload[i]=(i*131+17)&0xff,5.03515625,accepted,,256,512,0,44,bytes,123904,112640,33882112,22528,0,0,0,0,0,24632966,24886735,495750,548130,3345908,5.040,5.040
e000504,exploratory,pwritev_256_8m,candidate,1,4,BAAB,pwritev_256_8m,process,250,10,256,4,new_name,synthetic_sweep,1,015d813736625640f12d26c5d349b92c14fd2fb4,false,a897dfa99e98479b638409c432d3d2bc8e7ba7d5ba4e5a046dd229021f58bffd,12b1dafe765a77d1a17115b0ae12cff973f20ed7d6d770fbd790695fe081288e,afaa9ca40fef1b2a362af2af235634b472665287e554d16b829c09e1a70787ac,8d5b7eba8aea53574190e7d4a6d9e7b424bc23a9e2a0b6968a27f1772509492b,6e938dfcd266a2b0eac811d7ea7eabbd5b217965f88efa81371465134dbcab11,2026-07-15T18:07:19.379450+00:00,8o8-arch,7.0.12-arch1-1,AMD Ryzen 9 3900X 12-Core Processor,"logical=24,cores=12,sockets=1,nodes=1",performance,rustc 1.97.0 (2d8144b78 2026-07-07),22.1.6,cargo 1.97.0 (c980f4866 2026-06-30),"release,lto=thin,debug=true",/home/bob/.cache/mess-bench,/dev/nvme0n1p3,ext4,/home,Samsung SSD 970 EVO Plus 2TB,[none] mq-deadline kyber bfq,249465868288,4096,1024,payload[i]=(i*131+17)&0xff,5.03515625,accepted,,256,512,0,44,bytes,123904,112640,33882112,88,0,0,256,0,0,3550141,3573258,79330,88830,96950,5.040,5.040
e000505,exploratory,pwritev_64_8m,baseline,1,1,ABBA,k_pwrite,process,250,10,256,4,new_name,synthetic_sweep,1,015d813736625640f12d26c5d349b92c14fd2fb4,false,a897dfa99e98479b638409c432d3d2bc8e7ba7d5ba4e5a046dd229021f58bffd,12b1dafe765a77d1a17115b0ae12cff973f20ed7d6d770fbd790695fe081288e,afaa9ca40fef1b2a362af2af235634b472665287e554d16b829c09e1a70787ac,8d5b7eba8aea53574190e7d4a6d9e7b424bc23a9e2a0b6968a27f1772509492b,6e938dfcd266a2b0eac811d7ea7eabbd5b217965f88efa81371465134dbcab11,2026-07-15T18:07:20.404267+00:00,8o8-arch,7.0.12-arch1-1,AMD Ryzen 9 3900X 12-Core Processor,"logical=24,cores=12,sockets=1,nodes=1",performance,rustc 1.97.0 (2d8144b78 2026-07-07),22.1.6,cargo 1.97.0 (c980f4866 2026-06-30),"release,lto=thin,debug=true",/home/bob/.cache/mess-bench,/dev/nvme0n1p3,ext4,/home,Samsung SSD 970 EVO Plus 2TB,[none] mq-deadline kyber bfq,249465860096,4096,1024,payload[i]=(i*131+17)&0xff,4.7119140625,accepted,,256,512,0,44,bytes,123904,112640,33882112,22528,0,0,0,0,0,23702916,23907355,495530,560150,2144208,4.710,4.710
e000506,exploratory,pwritev_64_8m,candidate,1,2,ABBA,pwritev_64_8m,process,250,10,256,4,new_name,synthetic_sweep,1,015d813736625640f12d26c5d349b92c14fd2fb4,false,a897dfa99e98479b638409c432d3d2bc8e7ba7d5ba4e5a046dd229021f58bffd,12b1dafe765a77d1a17115b0ae12cff973f20ed7d6d770fbd790695fe081288e,afaa9ca40fef1b2a362af2af235634b472665287e554d16b829c09e1a70787ac,8d5b7eba8aea53574190e7d4a6d9e7b424bc23a9e2a0b6968a27f1772509492b,6e938dfcd266a2b0eac811d7ea7eabbd5b217965f88efa81371465134dbcab11,2026-07-15T18:07:21.434604+00:00,8o8-arch,7.0.12-arch1-1,AMD Ryzen 9 3900X 12-Core Processor,"logical=24,cores=12,sockets=1,nodes=1",performance,rustc 1.97.0 (2d8144b78 2026-07-07),22.1.6,cargo 1.97.0 (c980f4866 2026-06-30),"release,lto=thin,debug=true",/home/bob/.cache/mess-bench,/dev/nvme0n1p3,ext4,/home,Samsung SSD 970 EVO Plus 2TB,[none] mq-deadline kyber bfq,249465860096,4096,1024,payload[i]=(i*131+17)&0xff,4.7119140625,accepted,,256,512,0,44,bytes,123904,112640,33882112,352,0,0,64,0,0,4122011,4157998,93470,100920,110250,4.710,4.710
e000507,exploratory,pwritev_64_8m,candidate,1,3,ABBA,pwritev_64_8m,process,250,10,256,4,new_name,synthetic_sweep,1,015d813736625640f12d26c5d349b92c14fd2fb4,false,a897dfa99e98479b638409c432d3d2bc8e7ba7d5ba4e5a046dd229021f58bffd,12b1dafe765a77d1a17115b0ae12cff973f20ed7d6d770fbd790695fe081288e,afaa9ca40fef1b2a362af2af235634b472665287e554d16b829c09e1a70787ac,8d5b7eba8aea53574190e7d4a6d9e7b424bc23a9e2a0b6968a27f1772509492b,6e938dfcd266a2b0eac811d7ea7eabbd5b217965f88efa81371465134dbcab11,2026-07-15T18:07:22.463060+00:00,8o8-arch,7.0.12-arch1-1,AMD Ryzen 9 3900X 12-Core Processor,"logical=24,cores=12,sockets=1,nodes=1",performance,rustc 1.97.0 (2d8144b78 2026-07-07),22.1.6,cargo 1.97.0 (c980f4866 2026-06-30),"release,lto=thin,debug=true",/home/bob/.cache/mess-bench,/dev/nvme0n1p3,ext4,/home,Samsung SSD 970 EVO Plus 2TB,[none] mq-deadline kyber bfq,249465860096,4096,1024,payload[i]=(i*131+17)&0xff,4.7119140625,accepted,,256,512,0,44,bytes,123904,112640,33882112,352,0,0,64,0,0,4265941,4456148,97140,118380,121210,4.710,4.710
e000508,exploratory,pwritev_64_8m,baseline,1,4,ABBA,k_pwrite,process,250,10,256,4,new_name,synthetic_sweep,1,015d813736625640f12d26c5d349b92c14fd2fb4,false,a897dfa99e98479b638409c432d3d2bc8e7ba7d5ba4e5a046dd229021f58bffd,12b1dafe765a77d1a17115b0ae12cff973f20ed7d6d770fbd790695fe081288e,afaa9ca40fef1b2a362af2af235634b472665287e554d16b829c09e1a70787ac,8d5b7eba8aea53574190e7d4a6d9e7b424bc23a9e2a0b6968a27f1772509492b,6e938dfcd266a2b0eac811d7ea7eabbd5b217965f88efa81371465134dbcab11,2026-07-15T18:07:23.496266+00:00,8o8-arch,7.0.12-arch1-1,AMD Ryzen 9 3900X 12-Core Processor,"logical=24,cores=12,sockets=1,nodes=1",performance,rustc 1.97.0 (2d8144b78 2026-07-07),22.1.6,cargo 1.97.0 (c980f4866 2026-06-30),"release,lto=thin,debug=true",/home/bob/.cache/mess-bench,/dev/nvme0n1p3,ext4,/home,Samsung SSD 970 EVO Plus 2TB,[none] mq-deadline kyber bfq,249465827328,4096,1024,payload[i]=(i*131+17)&0xff,4.7119140625,accepted,,256,512,0,44,bytes,123904,112640,33882112,22528,0,0,0,0,0,21782895,21960347,495400,513510,639459,4.710,4.710
e000509,exploratory,copy_contiguous,candidate,1,1,BAAB,copy_contiguous,process,250,10,256,4,new_name,synthetic_sweep,1,015d813736625640f12d26c5d349b92c14fd2fb4,false,a897dfa99e98479b638409c432d3d2bc8e7ba7d5ba4e5a046dd229021f58bffd,12b1dafe765a77d1a17115b0ae12cff973f20ed7d6d770fbd790695fe081288e,afaa9ca40fef1b2a362af2af235634b472665287e554d16b829c09e1a70787ac,8d5b7eba8aea53574190e7d4a6d9e7b424bc23a9e2a0b6968a27f1772509492b,6e938dfcd266a2b0eac811d7ea7eabbd5b217965f88efa81371465134dbcab11,2026-07-15T18:07:24.526811+00:00,8o8-arch,7.0.12-arch1-1,AMD Ryzen 9 3900X 12-Core Processor,"logical=24,cores=12,sockets=1,nodes=1",performance,rustc 1.97.0 (2d8144b78 2026-07-07),22.1.6,cargo 1.97.0 (c980f4866 2026-06-30),"release,lto=thin,debug=true",/home/bob/.cache/mess-bench,/dev/nvme0n1p3,ext4,/home,Samsung SSD 970 EVO Plus 2TB,[none] mq-deadline kyber bfq,249465864192,4096,1024,payload[i]=(i*131+17)&0xff,4.7119140625,accepted,,256,512,0,44,bytes,123904,112640,33882112,44,0,0,0,33882112,0,7192872,7381325,121319,240049,1207329,4.710,4.710
e000510,exploratory,copy_contiguous,baseline,1,2,BAAB,k_pwrite,process,250,10,256,4,new_name,synthetic_sweep,1,015d813736625640f12d26c5d349b92c14fd2fb4,false,a897dfa99e98479b638409c432d3d2bc8e7ba7d5ba4e5a046dd229021f58bffd,12b1dafe765a77d1a17115b0ae12cff973f20ed7d6d770fbd790695fe081288e,afaa9ca40fef1b2a362af2af235634b472665287e554d16b829c09e1a70787ac,8d5b7eba8aea53574190e7d4a6d9e7b424bc23a9e2a0b6968a27f1772509492b,6e938dfcd266a2b0eac811d7ea7eabbd5b217965f88efa81371465134dbcab11,2026-07-15T18:07:25.556118+00:00,8o8-arch,7.0.12-arch1-1,AMD Ryzen 9 3900X 12-Core Processor,"logical=24,cores=12,sockets=1,nodes=1",performance,rustc 1.97.0 (2d8144b78 2026-07-07),22.1.6,cargo 1.97.0 (c980f4866 2026-06-30),"release,lto=thin,debug=true",/home/bob/.cache/mess-bench,/dev/nvme0n1p3,ext4,/home,Samsung SSD 970 EVO Plus 2TB,[none] mq-deadline kyber bfq,249465860096,4096,1024,payload[i]=(i*131+17)&0xff,4.41455078125,accepted,,256,512,0,44,bytes,123904,112640,33882112,22528,0,0,0,0,0,21858345,22051957,493990,526029,624769,4.410,4.410
e000511,exploratory,copy_contiguous,baseline,1,3,BAAB,k_pwrite,process,250,10,256,4,new_name,synthetic_sweep,1,015d813736625640f12d26c5d349b92c14fd2fb4,false,a897dfa99e98479b638409c432d3d2bc8e7ba7d5ba4e5a046dd229021f58bffd,12b1dafe765a77d1a17115b0ae12cff973f20ed7d6d770fbd790695fe081288e,afaa9ca40fef1b2a362af2af235634b472665287e554d16b829c09e1a70787ac,8d5b7eba8aea53574190e7d4a6d9e7b424bc23a9e2a0b6968a27f1772509492b,6e938dfcd266a2b0eac811d7ea7eabbd5b217965f88efa81371465134dbcab11,2026-07-15T18:07:26.577668+00:00,8o8-arch,7.0.12-arch1-1,AMD Ryzen 9 3900X 12-Core Processor,"logical=24,cores=12,sockets=1,nodes=1",performance,rustc 1.97.0 (2d8144b78 2026-07-07),22.1.6,cargo 1.97.0 (c980f4866 2026-06-30),"release,lto=thin,debug=true",/home/bob/.cache/mess-bench,/dev/nvme0n1p3,ext4,/home,Samsung SSD 970 EVO Plus 2TB,[none] mq-deadline kyber bfq,249465860096,4096,1024,payload[i]=(i*131+17)&0xff,4.41455078125,accepted,,256,512,0,44,bytes,123904,112640,33882112,22528,0,0,0,0,0,24846746,25332795,492640,562400,3913798,4.410,4.410
e000512,exploratory,copy_contiguous,candidate,1,4,BAAB,copy_contiguous,process,250,10,256,4,new_name,synthetic_sweep,1,015d813736625640f12d26c5d349b92c14fd2fb4,false,a897dfa99e98479b638409c432d3d2bc8e7ba7d5ba4e5a046dd229021f58bffd,12b1dafe765a77d1a17115b0ae12cff973f20ed7d6d770fbd790695fe081288e,afaa9ca40fef1b2a362af2af235634b472665287e554d16b829c09e1a70787ac,8d5b7eba8aea53574190e7d4a6d9e7b424bc23a9e2a0b6968a27f1772509492b,6e938dfcd266a2b0eac811d7ea7eabbd5b217965f88efa81371465134dbcab11,2026-07-15T18:07:27.609125+00:00,8o8-arch,7.0.12-arch1-1,AMD Ryzen 9 3900X 12-Core Processor,"logical=24,cores=12,sockets=1,nodes=1",performance,rustc 1.97.0 (2d8144b78 2026-07-07),22.1.6,cargo 1.97.0 (c980f4866 2026-06-30),"release,lto=thin,debug=true",/home/bob/.cache/mess-bench,/dev/nvme0n1p3,ext4,/home,Samsung SSD 970 EVO Plus 2TB,[none] mq-deadline kyber bfq,249465860096,4096,1024,payload[i]=(i*131+17)&0xff,4.41455078125,accepted,,256,512,0,44,bytes,123904,112640,33882112,44,0,0,0,33882112,0,5450602,5502187,123230,138510,154070,4.410,4.410
e000513,exploratory,pwritev_full_8m,baseline,1,1,ABBA,k_pwrite,process,250,10,1024,4,domain,synthetic_sweep,1,015d813736625640f12d26c5d349b92c14fd2fb4,false,a897dfa99e98479b638409c432d3d2bc8e7ba7d5ba4e5a046dd229021f58bffd,12b1dafe765a77d1a17115b0ae12cff973f20ed7d6d770fbd790695fe081288e,afaa9ca40fef1b2a362af2af235634b472665287e554d16b829c09e1a70787ac,8d5b7eba8aea53574190e7d4a6d9e7b424bc23a9e2a0b6968a27f1772509492b,6e938dfcd266a2b0eac811d7ea7eabbd5b217965f88efa81371465134dbcab11,2026-07-15T18:07:28.634145+00:00,8o8-arch,7.0.12-arch1-1,AMD Ryzen 9 3900X 12-Core Processor,"logical=24,cores=12,sockets=1,nodes=1",performance,rustc 1.97.0 (2d8144b78 2026-07-07),22.1.6,cargo 1.97.0 (c980f4866 2026-06-30),"release,lto=thin,debug=true",/home/bob/.cache/mess-bench,/dev/nvme0n1p3,ext4,/home,Samsung SSD 970 EVO Plus 2TB,[none] mq-deadline kyber bfq,249465851904,4096,1024,payload[i]=(i*131+17)&0xff,4.41455078125,accepted,,1024,1024,0,12,bytes,122880,122880,35241984,12288,0,0,0,0,0,18192204,18407160,1219959,1348119,4675848,4.410,4.410
e000514,exploratory,pwritev_full_8m,candidate,1,2,ABBA,pwritev_full_8m,process,250,10,1024,4,domain,synthetic_sweep,1,015d813736625640f12d26c5d349b92c14fd2fb4,false,a897dfa99e98479b638409c432d3d2bc8e7ba7d5ba4e5a046dd229021f58bffd,12b1dafe765a77d1a17115b0ae12cff973f20ed7d6d770fbd790695fe081288e,afaa9ca40fef1b2a362af2af235634b472665287e554d16b829c09e1a70787ac,8d5b7eba8aea53574190e7d4a6d9e7b424bc23a9e2a0b6968a27f1772509492b,6e938dfcd266a2b0eac811d7ea7eabbd5b217965f88efa81371465134dbcab11,2026-07-15T18:07:29.662902+00:00,8o8-arch,7.0.12-arch1-1,AMD Ryzen 9 3900X 12-Core Processor,"logical=24,cores=12,sockets=1,nodes=1",performance,rustc 1.97.0 (2d8144b78 2026-07-07),22.1.6,cargo 1.97.0 (c980f4866 2026-06-30),"release,lto=thin,debug=true",/home/bob/.cache/mess-bench,/dev/nvme0n1p3,ext4,/home,Samsung SSD 970 EVO Plus 2TB,[none] mq-deadline kyber bfq,249465847808,4096,1024,payload[i]=(i*131+17)&0xff,4.41455078125,accepted,,1024,1024,0,12,bytes,122880,122880,35241984,12,0,0,1024,0,0,2866601,2886239,240300,250030,272670,4.410,4.410
e000515,exploratory,pwritev_full_8m,candidate,1,3,ABBA,pwritev_full_8m,process,250,10,1024,4,domain,synthetic_sweep,1,015d813736625640f12d26c5d349b92c14fd2fb4,false,a897dfa99e98479b638409c432d3d2bc8e7ba7d5ba4e5a046dd229021f58bffd,12b1dafe765a77d1a17115b0ae12cff973f20ed7d6d770fbd790695fe081288e,afaa9ca40fef1b2a362af2af235634b472665287e554d16b829c09e1a70787ac,8d5b7eba8aea53574190e7d4a6d9e7b424bc23a9e2a0b6968a27f1772509492b,6e938dfcd266a2b0eac811d7ea7eabbd5b217965f88efa81371465134dbcab11,2026-07-15T18:07:30.693434+00:00,8o8-arch,7.0.12-arch1-1,AMD Ryzen 9 3900X 12-Core Processor,"logical=24,cores=12,sockets=1,nodes=1",performance,rustc 1.97.0 (2d8144b78 2026-07-07),22.1.6,cargo 1.97.0 (c980f4866 2026-06-30),"release,lto=thin,debug=true",/home/bob/.cache/mess-bench,/dev/nvme0n1p3,ext4,/home,Samsung SSD 970 EVO Plus 2TB,[none] mq-deadline kyber bfq,249465810944,4096,1024,payload[i]=(i*131+17)&0xff,4.14111328125,accepted,,1024,1024,0,12,bytes,122880,122880,35241984,12,0,0,1024,0,0,2928201,2968308,234960,277350,361989,4.140,4.140
e000516,exploratory,pwritev_full_8m,baseline,1,4,ABBA,k_pwrite,process,250,10,1024,4,domain,synthetic_sweep,1,015d813736625640f12d26c5d349b92c14fd2fb4,false,a897dfa99e98479b638409c432d3d2bc8e7ba7d5ba4e5a046dd229021f58bffd,12b1dafe765a77d1a17115b0ae12cff973f20ed7d6d770fbd790695fe081288e,afaa9ca40fef1b2a362af2af235634b472665287e554d16b829c09e1a70787ac,8d5b7eba8aea53574190e7d4a6d9e7b424bc23a9e2a0b6968a27f1772509492b,6e938dfcd266a2b0eac811d7ea7eabbd5b217965f88efa81371465134dbcab11,2026-07-15T18:07:31.718864+00:00,8o8-arch,7.0.12-arch1-1,AMD Ryzen 9 3900X 12-Core Processor,"logical=24,cores=12,sockets=1,nodes=1",performance,rustc 1.97.0 (2d8144b78 2026-07-07),22.1.6,cargo 1.97.0 (c980f4866 2026-06-30),"release,lto=thin,debug=true",/home/bob/.cache/mess-bench,/dev/nvme0n1p3,ext4,/home,Samsung SSD 970 EVO Plus 2TB,[none] mq-deadline kyber bfq,249465843712,4096,1024,payload[i]=(i*131+17)&0xff,4.14111328125,accepted,,1024,1024,0,12,bytes,122880,122880,35241984,12288,0,0,0,0,0,14966293,15071781,1221349,1411749,1422849,4.140,4.140
e000517,exploratory,pwritev_256_8m,candidate,1,1,BAAB,pwritev_256_8m,process,250,10,1024,4,domain,synthetic_sweep,1,015d813736625640f12d26c5d349b92c14fd2fb4,false,a897dfa99e98479b638409c432d3d2bc8e7ba7d5ba4e5a046dd229021f58bffd,12b1dafe765a77d1a17115b0ae12cff973f20ed7d6d770fbd790695fe081288e,afaa9ca40fef1b2a362af2af235634b472665287e554d16b829c09e1a70787ac,8d5b7eba8aea53574190e7d4a6d9e7b424bc23a9e2a0b6968a27f1772509492b,6e938dfcd266a2b0eac811d7ea7eabbd5b217965f88efa81371465134dbcab11,2026-07-15T18:07:32.750615+00:00,8o8-arch,7.0.12-arch1-1,AMD Ryzen 9 3900X 12-Core Processor,"logical=24,cores=12,sockets=1,nodes=1",performance,rustc 1.97.0 (2d8144b78 2026-07-07),22.1.6,cargo 1.97.0 (c980f4866 2026-06-30),"release,lto=thin,debug=true",/home/bob/.cache/mess-bench,/dev/nvme0n1p3,ext4,/home,Samsung SSD 970 EVO Plus 2TB,[none] mq-deadline kyber bfq,249465839616,4096,1024,payload[i]=(i*131+17)&0xff,4.14111328125,accepted,,1024,1024,0,12,bytes,122880,122880,35241984,48,0,0,256,0,0,6138482,6216746,258540,319470,3311908,4.140,4.140
e000518,exploratory,pwritev_256_8m,baseline,1,2,BAAB,k_pwrite,process,250,10,1024,4,domain,synthetic_sweep,1,015d813736625640f12d26c5d349b92c14fd2fb4,false,a897dfa99e98479b638409c432d3d2bc8e7ba7d5ba4e5a046dd229021f58bffd,12b1dafe765a77d1a17115b0ae12cff973f20ed7d6d770fbd790695fe081288e,afaa9ca40fef1b2a362af2af235634b472665287e554d16b829c09e1a70787ac,8d5b7eba8aea53574190e7d4a6d9e7b424bc23a9e2a0b6968a27f1772509492b,6e938dfcd266a2b0eac811d7ea7eabbd5b217965f88efa81371465134dbcab11,2026-07-15T18:07:33.779952+00:00,8o8-arch,7.0.12-arch1-1,AMD Ryzen 9 3900X 12-Core Processor,"logical=24,cores=12,sockets=1,nodes=1",performance,rustc 1.97.0 (2d8144b78 2026-07-07),22.1.6,cargo 1.97.0 (c980f4866 2026-06-30),"release,lto=thin,debug=true",/home/bob/.cache/mess-bench,/dev/nvme0n1p3,ext4,/home,Samsung SSD 970 EVO Plus 2TB,[none] mq-deadline kyber bfq,249465839616,4096,1024,payload[i]=(i*131+17)&0xff,4.14111328125,accepted,,1024,1024,0,12,bytes,122880,122880,35241984,12288,0,0,0,0,0,17861865,18292949,1232319,1324449,4641298,4.140,4.140
e000519,exploratory,pwritev_256_8m,baseline,1,3,BAAB,k_pwrite,process,250,10,1024,4,domain,synthetic_sweep,1,015d813736625640f12d26c5d349b92c14fd2fb4,false,a897dfa99e98479b638409c432d3d2bc8e7ba7d5ba4e5a046dd229021f58bffd,12b1dafe765a77d1a17115b0ae12cff973f20ed7d6d770fbd790695fe081288e,afaa9ca40fef1b2a362af2af235634b472665287e554d16b829c09e1a70787ac,8d5b7eba8aea53574190e7d4a6d9e7b424bc23a9e2a0b6968a27f1772509492b,6e938dfcd266a2b0eac811d7ea7eabbd5b217965f88efa81371465134dbcab11,2026-07-15T18:07:34.811957+00:00,8o8-arch,7.0.12-arch1-1,AMD Ryzen 9 3900X 12-Core Processor,"logical=24,cores=12,sockets=1,nodes=1",performance,rustc 1.97.0 (2d8144b78 2026-07-07),22.1.6,cargo 1.97.0 (c980f4866 2026-06-30),"release,lto=thin,debug=true",/home/bob/.cache/mess-bench,/dev/nvme0n1p3,ext4,/home,Samsung SSD 970 EVO Plus 2TB,[none] mq-deadline kyber bfq,249465835520,4096,1024,payload[i]=(i*131+17)&0xff,4.14111328125,accepted,,1024,1024,0,12,bytes,122880,122880,35241984,12288,0,0,0,0,0,17814204,17964180,1274189,1620689,3504948,4.140,4.140
e000520,exploratory,pwritev_256_8m,candidate,1,4,BAAB,pwritev_256_8m,process,250,10,1024,4,domain,synthetic_sweep,1,015d813736625640f12d26c5d349b92c14fd2fb4,false,a897dfa99e98479b638409c432d3d2bc8e7ba7d5ba4e5a046dd229021f58bffd,12b1dafe765a77d1a17115b0ae12cff973f20ed7d6d770fbd790695fe081288e,afaa9ca40fef1b2a362af2af235634b472665287e554d16b829c09e1a70787ac,8d5b7eba8aea53574190e7d4a6d9e7b424bc23a9e2a0b6968a27f1772509492b,6e938dfcd266a2b0eac811d7ea7eabbd5b217965f88efa81371465134dbcab11,2026-07-15T18:07:35.843706+00:00,8o8-arch,7.0.12-arch1-1,AMD Ryzen 9 3900X 12-Core Processor,"logical=24,cores=12,sockets=1,nodes=1",performance,rustc 1.97.0 (2d8144b78 2026-07-07),22.1.6,cargo 1.97.0 (c980f4866 2026-06-30),"release,lto=thin,debug=true",/home/bob/.cache/mess-bench,/dev/nvme0n1p3,ext4,/home,Samsung SSD 970 EVO Plus 2TB,[none] mq-deadline kyber bfq,249465831424,4096,1024,payload[i]=(i*131+17)&0xff,4.04931640625,accepted,,1024,1024,0,12,bytes,122880,122880,35241984,48,0,0,256,0,0,3080631,3111178,249590,297210,301969,4.050,4.050
e000521,exploratory,pwritev_64_8m,baseline,1,1,ABBA,k_pwrite,process,250,10,1024,4,domain,synthetic_sweep,1,015d813736625640f12d26c5d349b92c14fd2fb4,false,a897dfa99e98479b638409c432d3d2bc8e7ba7d5ba4e5a046dd229021f58bffd,12b1dafe765a77d1a17115b0ae12cff973f20ed7d6d770fbd790695fe081288e,afaa9ca40fef1b2a362af2af235634b472665287e554d16b829c09e1a70787ac,8d5b7eba8aea53574190e7d4a6d9e7b424bc23a9e2a0b6968a27f1772509492b,6e938dfcd266a2b0eac811d7ea7eabbd5b217965f88efa81371465134dbcab11,2026-07-15T18:07:36.875516+00:00,8o8-arch,7.0.12-arch1-1,AMD Ryzen 9 3900X 12-Core Processor,"logical=24,cores=12,sockets=1,nodes=1",performance,rustc 1.97.0 (2d8144b78 2026-07-07),22.1.6,cargo 1.97.0 (c980f4866 2026-06-30),"release,lto=thin,debug=true",/home/bob/.cache/mess-bench,/dev/nvme0n1p3,ext4,/home,Samsung SSD 970 EVO Plus 2TB,[none] mq-deadline kyber bfq,249465827328,4096,1024,payload[i]=(i*131+17)&0xff,4.04931640625,accepted,,1024,1024,0,12,bytes,122880,122880,35241984,12288,0,0,0,0,0,17136804,17280549,1241419,1361289,3415297,4.050,4.050
e000522,exploratory,pwritev_64_8m,candidate,1,2,ABBA,pwritev_64_8m,process,250,10,1024,4,domain,synthetic_sweep,1,015d813736625640f12d26c5d349b92c14fd2fb4,false,a897dfa99e98479b638409c432d3d2bc8e7ba7d5ba4e5a046dd229021f58bffd,12b1dafe765a77d1a17115b0ae12cff973f20ed7d6d770fbd790695fe081288e,afaa9ca40fef1b2a362af2af235634b472665287e554d16b829c09e1a70787ac,8d5b7eba8aea53574190e7d4a6d9e7b424bc23a9e2a0b6968a27f1772509492b,6e938dfcd266a2b0eac811d7ea7eabbd5b217965f88efa81371465134dbcab11,2026-07-15T18:07:37.907470+00:00,8o8-arch,7.0.12-arch1-1,AMD Ryzen 9 3900X 12-Core Processor,"logical=24,cores=12,sockets=1,nodes=1",performance,rustc 1.97.0 (2d8144b78 2026-07-07),22.1.6,cargo 1.97.0 (c980f4866 2026-06-30),"release,lto=thin,debug=true",/home/bob/.cache/mess-bench,/dev/nvme0n1p3,ext4,/home,Samsung SSD 970 EVO Plus 2TB,[none] mq-deadline kyber bfq,249465819136,4096,1024,payload[i]=(i*131+17)&0xff,4.04931640625,accepted,,1024,1024,0,12,bytes,122880,122880,35241984,192,0,0,64,0,0,3506241,3526118,294190,308899,319990,4.050,4.050
e000523,exploratory,pwritev_64_8m,candidate,1,3,ABBA,pwritev_64_8m,process,250,10,1024,4,domain,synthetic_sweep,1,015d813736625640f12d26c5d349b92c14fd2fb4,false,a897dfa99e98479b638409c432d3d2bc8e7ba7d5ba4e5a046dd229021f58bffd,12b1dafe765a77d1a17115b0ae12cff973f20ed7d6d770fbd790695fe081288e,afaa9ca40fef1b2a362af2af235634b472665287e554d16b829c09e1a70787ac,8d5b7eba8aea53574190e7d4a6d9e7b424bc23a9e2a0b6968a27f1772509492b,6e938dfcd266a2b0eac811d7ea7eabbd5b217965f88efa81371465134dbcab11,2026-07-15T18:07:38.931733+00:00,8o8-arch,7.0.12-arch1-1,AMD Ryzen 9 3900X 12-Core Processor,"logical=24,cores=12,sockets=1,nodes=1",performance,rustc 1.97.0 (2d8144b78 2026-07-07),22.1.6,cargo 1.97.0 (c980f4866 2026-06-30),"release,lto=thin,debug=true",/home/bob/.cache/mess-bench,/dev/nvme0n1p3,ext4,/home,Samsung SSD 970 EVO Plus 2TB,[none] mq-deadline kyber bfq,249465819136,4096,1024,payload[i]=(i*131+17)&0xff,4.04931640625,accepted,,1024,1024,0,12,bytes,122880,122880,35241984,192,0,0,64,0,0,3783261,3827868,298010,375840,441130,4.050,4.050
e000524,exploratory,pwritev_64_8m,baseline,1,4,ABBA,k_pwrite,process,250,10,1024,4,domain,synthetic_sweep,1,015d813736625640f12d26c5d349b92c14fd2fb4,false,a897dfa99e98479b638409c432d3d2bc8e7ba7d5ba4e5a046dd229021f58bffd,12b1dafe765a77d1a17115b0ae12cff973f20ed7d6d770fbd790695fe081288e,afaa9ca40fef1b2a362af2af235634b472665287e554d16b829c09e1a70787ac,8d5b7eba8aea53574190e7d4a6d9e7b424bc23a9e2a0b6968a27f1772509492b,6e938dfcd266a2b0eac811d7ea7eabbd5b217965f88efa81371465134dbcab11,2026-07-15T18:07:39.960697+00:00,8o8-arch,7.0.12-arch1-1,AMD Ryzen 9 3900X 12-Core Processor,"logical=24,cores=12,sockets=1,nodes=1",performance,rustc 1.97.0 (2d8144b78 2026-07-07),22.1.6,cargo 1.97.0 (c980f4866 2026-06-30),"release,lto=thin,debug=true",/home/bob/.cache/mess-bench,/dev/nvme0n1p3,ext4,/home,Samsung SSD 970 EVO Plus 2TB,[none] mq-deadline kyber bfq,249465815040,4096,1024,payload[i]=(i*131+17)&0xff,4.04931640625,accepted,,1024,1024,0,12,bytes,122880,122880,35241984,12288,0,0,0,0,0,14267733,14373911,1195739,1218360,1220540,4.050,4.050
e000525,exploratory,copy_contiguous,candidate,1,1,BAAB,copy_contiguous,process,250,10,1024,4,domain,synthetic_sweep,1,015d813736625640f12d26c5d349b92c14fd2fb4,false,a897dfa99e98479b638409c432d3d2bc8e7ba7d5ba4e5a046dd229021f58bffd,12b1dafe765a77d1a17115b0ae12cff973f20ed7d6d770fbd790695fe081288e,afaa9ca40fef1b2a362af2af235634b472665287e554d16b829c09e1a70787ac,8d5b7eba8aea53574190e7d4a6d9e7b424bc23a9e2a0b6968a27f1772509492b,6e938dfcd266a2b0eac811d7ea7eabbd5b217965f88efa81371465134dbcab11,2026-07-15T18:07:40.988754+00:00,8o8-arch,7.0.12-arch1-1,AMD Ryzen 9 3900X 12-Core Processor,"logical=24,cores=12,sockets=1,nodes=1",performance,rustc 1.97.0 (2d8144b78 2026-07-07),22.1.6,cargo 1.97.0 (c980f4866 2026-06-30),"release,lto=thin,debug=true",/home/bob/.cache/mess-bench,/dev/nvme0n1p3,ext4,/home,Samsung SSD 970 EVO Plus 2TB,[none] mq-deadline kyber bfq,249465802752,4096,1024,payload[i]=(i*131+17)&0xff,3.884765625,accepted,,1024,1024,0,12,bytes,122880,122880,35241984,12,0,0,0,35241984,0,5515601,5594987,453650,500449,601710,3.880,3.880
e000526,exploratory,copy_contiguous,baseline,1,2,BAAB,k_pwrite,process,250,10,1024,4,domain,synthetic_sweep,1,015d813736625640f12d26c5d349b92c14fd2fb4,false,a897dfa99e98479b638409c432d3d2bc8e7ba7d5ba4e5a046dd229021f58bffd,12b1dafe765a77d1a17115b0ae12cff973f20ed7d6d770fbd790695fe081288e,afaa9ca40fef1b2a362af2af235634b472665287e554d16b829c09e1a70787ac,8d5b7eba8aea53574190e7d4a6d9e7b424bc23a9e2a0b6968a27f1772509492b,6e938dfcd266a2b0eac811d7ea7eabbd5b217965f88efa81371465134dbcab11,2026-07-15T18:07:42.017673+00:00,8o8-arch,7.0.12-arch1-1,AMD Ryzen 9 3900X 12-Core Processor,"logical=24,cores=12,sockets=1,nodes=1",performance,rustc 1.97.0 (2d8144b78 2026-07-07),22.1.6,cargo 1.97.0 (c980f4866 2026-06-30),"release,lto=thin,debug=true",/home/bob/.cache/mess-bench,/dev/nvme0n1p3,ext4,/home,Samsung SSD 970 EVO Plus 2TB,[none] mq-deadline kyber bfq,249465802752,4096,1024,payload[i]=(i*131+17)&0xff,3.884765625,accepted,,1024,1024,0,12,bytes,122880,122880,35241984,12288,0,0,0,0,0,14826884,14927901,1227169,1299369,1403579,3.880,3.880
e000527,exploratory,copy_contiguous,baseline,1,3,BAAB,k_pwrite,process,250,10,1024,4,domain,synthetic_sweep,1,015d813736625640f12d26c5d349b92c14fd2fb4,false,a897dfa99e98479b638409c432d3d2bc8e7ba7d5ba4e5a046dd229021f58bffd,12b1dafe765a77d1a17115b0ae12cff973f20ed7d6d770fbd790695fe081288e,afaa9ca40fef1b2a362af2af235634b472665287e554d16b829c09e1a70787ac,8d5b7eba8aea53574190e7d4a6d9e7b424bc23a9e2a0b6968a27f1772509492b,6e938dfcd266a2b0eac811d7ea7eabbd5b217965f88efa81371465134dbcab11,2026-07-15T18:07:43.049445+00:00,8o8-arch,7.0.12-arch1-1,AMD Ryzen 9 3900X 12-Core Processor,"logical=24,cores=12,sockets=1,nodes=1",performance,rustc 1.97.0 (2d8144b78 2026-07-07),22.1.6,cargo 1.97.0 (c980f4866 2026-06-30),"release,lto=thin,debug=true",/home/bob/.cache/mess-bench,/dev/nvme0n1p3,ext4,/home,Samsung SSD 970 EVO Plus 2TB,[none] mq-deadline kyber bfq,249465802752,4096,1024,payload[i]=(i*131+17)&0xff,3.884765625,accepted,,1024,1024,0,12,bytes,122880,122880,35241984,12288,0,0,0,0,0,18029664,18136929,1217299,1244729,4747897,3.880,3.880
e000528,exploratory,copy_contiguous,candidate,1,4,BAAB,copy_contiguous,process,250,10,1024,4,domain,synthetic_sweep,1,015d813736625640f12d26c5d349b92c14fd2fb4,false,a897dfa99e98479b638409c432d3d2bc8e7ba7d5ba4e5a046dd229021f58bffd,12b1dafe765a77d1a17115b0ae12cff973f20ed7d6d770fbd790695fe081288e,afaa9ca40fef1b2a362af2af235634b472665287e554d16b829c09e1a70787ac,8d5b7eba8aea53574190e7d4a6d9e7b424bc23a9e2a0b6968a27f1772509492b,6e938dfcd266a2b0eac811d7ea7eabbd5b217965f88efa81371465134dbcab11,2026-07-15T18:07:44.080163+00:00,8o8-arch,7.0.12-arch1-1,AMD Ryzen 9 3900X 12-Core Processor,"logical=24,cores=12,sockets=1,nodes=1",performance,rustc 1.97.0 (2d8144b78 2026-07-07),22.1.6,cargo 1.97.0 (c980f4866 2026-06-30),"release,lto=thin,debug=true",/home/bob/.cache/mess-bench,/dev/nvme0n1p3,ext4,/home,Samsung SSD 970 EVO Plus 2TB,[none] mq-deadline kyber bfq,249465798656,4096,1024,payload[i]=(i*131+17)&0xff,3.884765625,accepted,,1024,1024,0,12,bytes,122880,122880,35241984,12,0,0,0,35241984,0,9937412,10157204,479799,1002719,4117597,3.880,3.880
e000529,exploratory,pwritev_full_8m,baseline,1,1,ABBA,k_pwrite,process,250,10,1024,4,new_name,synthetic_sweep,1,015d813736625640f12d26c5d349b92c14fd2fb4,false,a897dfa99e98479b638409c432d3d2bc8e7ba7d5ba4e5a046dd229021f58bffd,12b1dafe765a77d1a17115b0ae12cff973f20ed7d6d770fbd790695fe081288e,afaa9ca40fef1b2a362af2af235634b472665287e554d16b829c09e1a70787ac,8d5b7eba8aea53574190e7d4a6d9e7b424bc23a9e2a0b6968a27f1772509492b,6e938dfcd266a2b0eac811d7ea7eabbd5b217965f88efa81371465134dbcab11,2026-07-15T18:07:45.110296+00:00,8o8-arch,7.0.12-arch1-1,AMD Ryzen 9 3900X 12-Core Processor,"logical=24,cores=12,sockets=1,nodes=1",performance,rustc 1.97.0 (2d8144b78 2026-07-07),22.1.6,cargo 1.97.0 (c980f4866 2026-06-30),"release,lto=thin,debug=true",/home/bob/.cache/mess-bench,/dev/nvme0n1p3,ext4,/home,Samsung SSD 970 EVO Plus 2TB,[none] mq-deadline kyber bfq,249465798656,4096,1024,payload[i]=(i*131+17)&0xff,3.884765625,accepted,,1024,2048,0,11,bytes,123904,112640,33882112,22528,0,0,0,0,0,25396016,25604635,2060479,4498057,4498057,3.880,3.880
e000530,exploratory,pwritev_full_8m,candidate,1,2,ABBA,pwritev_full_8m,process,250,10,1024,4,new_name,synthetic_sweep,1,015d813736625640f12d26c5d349b92c14fd2fb4,false,a897dfa99e98479b638409c432d3d2bc8e7ba7d5ba4e5a046dd229021f58bffd,12b1dafe765a77d1a17115b0ae12cff973f20ed7d6d770fbd790695fe081288e,afaa9ca40fef1b2a362af2af235634b472665287e554d16b829c09e1a70787ac,8d5b7eba8aea53574190e7d4a6d9e7b424bc23a9e2a0b6968a27f1772509492b,6e938dfcd266a2b0eac811d7ea7eabbd5b217965f88efa81371465134dbcab11,2026-07-15T18:07:46.142730+00:00,8o8-arch,7.0.12-arch1-1,AMD Ryzen 9 3900X 12-Core Processor,"logical=24,cores=12,sockets=1,nodes=1",performance,rustc 1.97.0 (2d8144b78 2026-07-07),22.1.6,cargo 1.97.0 (c980f4866 2026-06-30),"release,lto=thin,debug=true",/home/bob/.cache/mess-bench,/dev/nvme0n1p3,ext4,/home,Samsung SSD 970 EVO Plus 2TB,[none] mq-deadline kyber bfq,249465798656,4096,1024,payload[i]=(i*131+17)&0xff,3.7333984375,accepted,,1024,2048,0,11,bytes,123904,112640,33882112,22,0,0,1024,0,0,3259571,3282907,298700,315529,315529,3.730,3.730
e000531,exploratory,pwritev_full_8m,candidate,1,3,ABBA,pwritev_full_8m,process,250,10,1024,4,new_name,synthetic_sweep,1,015d813736625640f12d26c5d349b92c14fd2fb4,false,a897dfa99e98479b638409c432d3d2bc8e7ba7d5ba4e5a046dd229021f58bffd,12b1dafe765a77d1a17115b0ae12cff973f20ed7d6d770fbd790695fe081288e,afaa9ca40fef1b2a362af2af235634b472665287e554d16b829c09e1a70787ac,8d5b7eba8aea53574190e7d4a6d9e7b424bc23a9e2a0b6968a27f1772509492b,6e938dfcd266a2b0eac811d7ea7eabbd5b217965f88efa81371465134dbcab11,2026-07-15T18:07:47.169908+00:00,8o8-arch,7.0.12-arch1-1,AMD Ryzen 9 3900X 12-Core Processor,"logical=24,cores=12,sockets=1,nodes=1",performance,rustc 1.97.0 (2d8144b78 2026-07-07),22.1.6,cargo 1.97.0 (c980f4866 2026-06-30),"release,lto=thin,debug=true",/home/bob/.cache/mess-bench,/dev/nvme0n1p3,ext4,/home,Samsung SSD 970 EVO Plus 2TB,[none] mq-deadline kyber bfq,249465794560,4096,1024,payload[i]=(i*131+17)&0xff,3.7333984375,accepted,,1024,2048,0,11,bytes,123904,112640,33882112,22,0,0,1024,0,0,3116641,3133058,284030,292700,292700,3.730,3.730
e000532,exploratory,pwritev_full_8m,baseline,1,4,ABBA,k_pwrite,process,250,10,1024,4,new_name,synthetic_sweep,1,015d813736625640f12d26c5d349b92c14fd2fb4,false,a897dfa99e98479b638409c432d3d2bc8e7ba7d5ba4e5a046dd229021f58bffd,12b1dafe765a77d1a17115b0ae12cff973f20ed7d6d770fbd790695fe081288e,afaa9ca40fef1b2a362af2af235634b472665287e554d16b829c09e1a70787ac,8d5b7eba8aea53574190e7d4a6d9e7b424bc23a9e2a0b6968a27f1772509492b,6e938dfcd266a2b0eac811d7ea7eabbd5b217965f88efa81371465134dbcab11,2026-07-15T18:07:48.198067+00:00,8o8-arch,7.0.12-arch1-1,AMD Ryzen 9 3900X 12-Core Processor,"logical=24,cores=12,sockets=1,nodes=1",performance,rustc 1.97.0 (2d8144b78 2026-07-07),22.1.6,cargo 1.97.0 (c980f4866 2026-06-30),"release,lto=thin,debug=true",/home/bob/.cache/mess-bench,/dev/nvme0n1p3,ext4,/home,Samsung SSD 970 EVO Plus 2TB,[none] mq-deadline kyber bfq,249465790464,4096,1024,payload[i]=(i*131+17)&0xff,3.7333984375,accepted,,1024,2048,0,11,bytes,123904,112640,33882112,22528,0,0,0,0,0,25848117,26081545,2083109,5271697,5271697,3.730,3.730
e000533,exploratory,pwritev_256_8m,candidate,1,1,BAAB,pwritev_256_8m,process,250,10,1024,4,new_name,synthetic_sweep,1,015d813736625640f12d26c5d349b92c14fd2fb4,false,a897dfa99e98479b638409c432d3d2bc8e7ba7d5ba4e5a046dd229021f58bffd,12b1dafe765a77d1a17115b0ae12cff973f20ed7d6d770fbd790695fe081288e,afaa9ca40fef1b2a362af2af235634b472665287e554d16b829c09e1a70787ac,8d5b7eba8aea53574190e7d4a6d9e7b424bc23a9e2a0b6968a27f1772509492b,6e938dfcd266a2b0eac811d7ea7eabbd5b217965f88efa81371465134dbcab11,2026-07-15T18:07:49.228528+00:00,8o8-arch,7.0.12-arch1-1,AMD Ryzen 9 3900X 12-Core Processor,"logical=24,cores=12,sockets=1,nodes=1",performance,rustc 1.97.0 (2d8144b78 2026-07-07),22.1.6,cargo 1.97.0 (c980f4866 2026-06-30),"release,lto=thin,debug=true",/home/bob/.cache/mess-bench,/dev/nvme0n1p3,ext4,/home,Samsung SSD 970 EVO Plus 2TB,[none] mq-deadline kyber bfq,249465786368,4096,1024,payload[i]=(i*131+17)&0xff,3.7333984375,accepted,,1024,2048,0,11,bytes,123904,112640,33882112,88,0,0,256,0,0,3549451,3577168,317929,421640,421640,3.730,3.730
e000534,exploratory,pwritev_256_8m,baseline,1,2,BAAB,k_pwrite,process,250,10,1024,4,new_name,synthetic_sweep,1,015d813736625640f12d26c5d349b92c14fd2fb4,false,a897dfa99e98479b638409c432d3d2bc8e7ba7d5ba4e5a046dd229021f58bffd,12b1dafe765a77d1a17115b0ae12cff973f20ed7d6d770fbd790695fe081288e,afaa9ca40fef1b2a362af2af235634b472665287e554d16b829c09e1a70787ac,8d5b7eba8aea53574190e7d4a6d9e7b424bc23a9e2a0b6968a27f1772509492b,6e938dfcd266a2b0eac811d7ea7eabbd5b217965f88efa81371465134dbcab11,2026-07-15T18:07:50.251072+00:00,8o8-arch,7.0.12-arch1-1,AMD Ryzen 9 3900X 12-Core Processor,"logical=24,cores=12,sockets=1,nodes=1",performance,rustc 1.97.0 (2d8144b78 2026-07-07),22.1.6,cargo 1.97.0 (c980f4866 2026-06-30),"release,lto=thin,debug=true",/home/bob/.cache/mess-bench,/dev/nvme0n1p3,ext4,/home,Samsung SSD 970 EVO Plus 2TB,[none] mq-deadline kyber bfq,249465774080,4096,1024,payload[i]=(i*131+17)&0xff,3.7333984375,accepted,,1024,2048,0,11,bytes,123904,112640,33882112,22528,0,0,0,0,0,21410736,21548607,1953269,2005149,2005149,3.730,3.730
e000535,exploratory,pwritev_256_8m,baseline,1,3,BAAB,k_pwrite,process,250,10,1024,4,new_name,synthetic_sweep,1,015d813736625640f12d26c5d349b92c14fd2fb4,false,a897dfa99e98479b638409c432d3d2bc8e7ba7d5ba4e5a046dd229021f58bffd,12b1dafe765a77d1a17115b0ae12cff973f20ed7d6d770fbd790695fe081288e,afaa9ca40fef1b2a362af2af235634b472665287e554d16b829c09e1a70787ac,8d5b7eba8aea53574190e7d4a6d9e7b424bc23a9e2a0b6968a27f1772509492b,6e938dfcd266a2b0eac811d7ea7eabbd5b217965f88efa81371465134dbcab11,2026-07-15T18:07:51.275691+00:00,8o8-arch,7.0.12-arch1-1,AMD Ryzen 9 3900X 12-Core Processor,"logical=24,cores=12,sockets=1,nodes=1",performance,rustc 1.97.0 (2d8144b78 2026-07-07),22.1.6,cargo 1.97.0 (c980f4866 2026-06-30),"release,lto=thin,debug=true",/home/bob/.cache/mess-bench,/dev/nvme0n1p3,ext4,/home,Samsung SSD 970 EVO Plus 2TB,[none] mq-deadline kyber bfq,249465769984,4096,1024,payload[i]=(i*131+17)&0xff,3.7548828125,accepted,,1024,2048,0,11,bytes,123904,112640,33882112,22528,0,0,0,0,0,25479026,25690665,2016588,5342727,5342727,3.750,3.750
e000536,exploratory,pwritev_256_8m,candidate,1,4,BAAB,pwritev_256_8m,process,250,10,1024,4,new_name,synthetic_sweep,1,015d813736625640f12d26c5d349b92c14fd2fb4,false,a897dfa99e98479b638409c432d3d2bc8e7ba7d5ba4e5a046dd229021f58bffd,12b1dafe765a77d1a17115b0ae12cff973f20ed7d6d770fbd790695fe081288e,afaa9ca40fef1b2a362af2af235634b472665287e554d16b829c09e1a70787ac,8d5b7eba8aea53574190e7d4a6d9e7b424bc23a9e2a0b6968a27f1772509492b,6e938dfcd266a2b0eac811d7ea7eabbd5b217965f88efa81371465134dbcab11,2026-07-15T18:07:52.301552+00:00,8o8-arch,7.0.12-arch1-1,AMD Ryzen 9 3900X 12-Core Processor,"logical=24,cores=12,sockets=1,nodes=1",performance,rustc 1.97.0 (2d8144b78 2026-07-07),22.1.6,cargo 1.97.0 (c980f4866 2026-06-30),"release,lto=thin,debug=true",/home/bob/.cache/mess-bench,/dev/nvme0n1p3,ext4,/home,Samsung SSD 970 EVO Plus 2TB,[none] mq-deadline kyber bfq,249465769984,4096,1024,payload[i]=(i*131+17)&0xff,3.7548828125,accepted,,1024,2048,0,11,bytes,123904,112640,33882112,88,0,0,256,0,0,3486351,3503518,318210,350030,350030,3.750,3.750
e000537,exploratory,pwritev_64_8m,baseline,1,1,ABBA,k_pwrite,process,250,10,1024,4,new_name,synthetic_sweep,1,015d813736625640f12d26c5d349b92c14fd2fb4,false,a897dfa99e98479b638409c432d3d2bc8e7ba7d5ba4e5a046dd229021f58bffd,12b1dafe765a77d1a17115b0ae12cff973f20ed7d6d770fbd790695fe081288e,afaa9ca40fef1b2a362af2af235634b472665287e554d16b829c09e1a70787ac,8d5b7eba8aea53574190e7d4a6d9e7b424bc23a9e2a0b6968a27f1772509492b,6e938dfcd266a2b0eac811d7ea7eabbd5b217965f88efa81371465134dbcab11,2026-07-15T18:07:53.329945+00:00,8o8-arch,7.0.12-arch1-1,AMD Ryzen 9 3900X 12-Core Processor,"logical=24,cores=12,sockets=1,nodes=1",performance,rustc 1.97.0 (2d8144b78 2026-07-07),22.1.6,cargo 1.97.0 (c980f4866 2026-06-30),"release,lto=thin,debug=true",/home/bob/.cache/mess-bench,/dev/nvme0n1p3,ext4,/home,Samsung SSD 970 EVO Plus 2TB,[none] mq-deadline kyber bfq,249465765888,4096,1024,payload[i]=(i*131+17)&0xff,3.7548828125,accepted,,1024,2048,0,11,bytes,123904,112640,33882112,22528,0,0,0,0,0,24082146,24303825,1967899,4124428,4124428,3.750,3.750
e000538,exploratory,pwritev_64_8m,candidate,1,2,ABBA,pwritev_64_8m,process,250,10,1024,4,new_name,synthetic_sweep,1,015d813736625640f12d26c5d349b92c14fd2fb4,false,a897dfa99e98479b638409c432d3d2bc8e7ba7d5ba4e5a046dd229021f58bffd,12b1dafe765a77d1a17115b0ae12cff973f20ed7d6d770fbd790695fe081288e,afaa9ca40fef1b2a362af2af235634b472665287e554d16b829c09e1a70787ac,8d5b7eba8aea53574190e7d4a6d9e7b424bc23a9e2a0b6968a27f1772509492b,6e938dfcd266a2b0eac811d7ea7eabbd5b217965f88efa81371465134dbcab11,2026-07-15T18:07:54.360108+00:00,8o8-arch,7.0.12-arch1-1,AMD Ryzen 9 3900X 12-Core Processor,"logical=24,cores=12,sockets=1,nodes=1",performance,rustc 1.97.0 (2d8144b78 2026-07-07),22.1.6,cargo 1.97.0 (c980f4866 2026-06-30),"release,lto=thin,debug=true",/home/bob/.cache/mess-bench,/dev/nvme0n1p3,ext4,/home,Samsung SSD 970 EVO Plus 2TB,[none] mq-deadline kyber bfq,249465765888,4096,1024,payload[i]=(i*131+17)&0xff,3.7548828125,accepted,,1024,2048,0,11,bytes,123904,112640,33882112,352,0,0,64,0,0,4184681,4211867,377400,416170,416170,3.750,3.750
e000539,exploratory,pwritev_64_8m,candidate,1,3,ABBA,pwritev_64_8m,process,250,10,1024,4,new_name,synthetic_sweep,1,015d813736625640f12d26c5d349b92c14fd2fb4,false,a897dfa99e98479b638409c432d3d2bc8e7ba7d5ba4e5a046dd229021f58bffd,12b1dafe765a77d1a17115b0ae12cff973f20ed7d6d770fbd790695fe081288e,afaa9ca40fef1b2a362af2af235634b472665287e554d16b829c09e1a70787ac,8d5b7eba8aea53574190e7d4a6d9e7b424bc23a9e2a0b6968a27f1772509492b,6e938dfcd266a2b0eac811d7ea7eabbd5b217965f88efa81371465134dbcab11,2026-07-15T18:07:55.389831+00:00,8o8-arch,7.0.12-arch1-1,AMD Ryzen 9 3900X 12-Core Processor,"logical=24,cores=12,sockets=1,nodes=1",performance,rustc 1.97.0 (2d8144b78 2026-07-07),22.1.6,cargo 1.97.0 (c980f4866 2026-06-30),"release,lto=thin,debug=true",/home/bob/.cache/mess-bench,/dev/nvme0n1p3,ext4,/home,Samsung SSD 970 EVO Plus 2TB,[none] mq-deadline kyber bfq,249465761792,4096,1024,payload[i]=(i*131+17)&0xff,3.7548828125,accepted,,1024,2048,0,11,bytes,123904,112640,33882112,352,0,0,64,0,0,4321241,4348837,380059,495149,495149,3.610,3.610
e000540,exploratory,pwritev_64_8m,baseline,1,4,ABBA,k_pwrite,process,250,10,1024,4,new_name,synthetic_sweep,1,015d813736625640f12d26c5d349b92c14fd2fb4,false,a897dfa99e98479b638409c432d3d2bc8e7ba7d5ba4e5a046dd229021f58bffd,12b1dafe765a77d1a17115b0ae12cff973f20ed7d6d770fbd790695fe081288e,afaa9ca40fef1b2a362af2af235634b472665287e554d16b829c09e1a70787ac,8d5b7eba8aea53574190e7d4a6d9e7b424bc23a9e2a0b6968a27f1772509492b,6e938dfcd266a2b0eac811d7ea7eabbd5b217965f88efa81371465134dbcab11,2026-07-15T18:07:56.412341+00:00,8o8-arch,7.0.12-arch1-1,AMD Ryzen 9 3900X 12-Core Processor,"logical=24,cores=12,sockets=1,nodes=1",performance,rustc 1.97.0 (2d8144b78 2026-07-07),22.1.6,cargo 1.97.0 (c980f4866 2026-06-30),"release,lto=thin,debug=true",/home/bob/.cache/mess-bench,/dev/nvme0n1p3,ext4,/home,Samsung SSD 970 EVO Plus 2TB,[none] mq-deadline kyber bfq,249465757696,4096,1024,payload[i]=(i*131+17)&0xff,3.6142578125,accepted,,1024,2048,0,11,bytes,123904,112640,33882112,22528,0,0,0,0,0,24437557,24616436,2000869,4358497,4358497,3.610,3.610
e000541,exploratory,copy_contiguous,candidate,1,1,BAAB,copy_contiguous,process,250,10,1024,4,new_name,synthetic_sweep,1,015d813736625640f12d26c5d349b92c14fd2fb4,false,a897dfa99e98479b638409c432d3d2bc8e7ba7d5ba4e5a046dd229021f58bffd,12b1dafe765a77d1a17115b0ae12cff973f20ed7d6d770fbd790695fe081288e,afaa9ca40fef1b2a362af2af235634b472665287e554d16b829c09e1a70787ac,8d5b7eba8aea53574190e7d4a6d9e7b424bc23a9e2a0b6968a27f1772509492b,6e938dfcd266a2b0eac811d7ea7eabbd5b217965f88efa81371465134dbcab11,2026-07-15T18:07:57.442416+00:00,8o8-arch,7.0.12-arch1-1,AMD Ryzen 9 3900X 12-Core Processor,"logical=24,cores=12,sockets=1,nodes=1",performance,rustc 1.97.0 (2d8144b78 2026-07-07),22.1.6,cargo 1.97.0 (c980f4866 2026-06-30),"release,lto=thin,debug=true",/home/bob/.cache/mess-bench,/dev/nvme0n1p3,ext4,/home,Samsung SSD 970 EVO Plus 2TB,[none] mq-deadline kyber bfq,249465749504,4096,1024,payload[i]=(i*131+17)&0xff,3.6142578125,accepted,,1024,2048,0,11,bytes,123904,112640,33882112,11,0,0,0,33882112,0,5277061,5333697,481190,553680,553680,3.610,3.610
e000542,exploratory,copy_contiguous,baseline,1,2,BAAB,k_pwrite,process,250,10,1024,4,new_name,synthetic_sweep,1,015d813736625640f12d26c5d349b92c14fd2fb4,false,a897dfa99e98479b638409c432d3d2bc8e7ba7d5ba4e5a046dd229021f58bffd,12b1dafe765a77d1a17115b0ae12cff973f20ed7d6d770fbd790695fe081288e,afaa9ca40fef1b2a362af2af235634b472665287e554d16b829c09e1a70787ac,8d5b7eba8aea53574190e7d4a6d9e7b424bc23a9e2a0b6968a27f1772509492b,6e938dfcd266a2b0eac811d7ea7eabbd5b217965f88efa81371465134dbcab11,2026-07-15T18:07:58.474178+00:00,8o8-arch,7.0.12-arch1-1,AMD Ryzen 9 3900X 12-Core Processor,"logical=24,cores=12,sockets=1,nodes=1",performance,rustc 1.97.0 (2d8144b78 2026-07-07),22.1.6,cargo 1.97.0 (c980f4866 2026-06-30),"release,lto=thin,debug=true",/home/bob/.cache/mess-bench,/dev/nvme0n1p3,ext4,/home,Samsung SSD 970 EVO Plus 2TB,[none] mq-deadline kyber bfq,249465749504,4096,1024,payload[i]=(i*131+17)&0xff,3.6142578125,accepted,,1024,2048,0,11,bytes,123904,112640,33882112,22528,0,0,0,0,0,23930086,24120695,1993709,4088768,4088768,3.610,3.610
e000543,exploratory,copy_contiguous,baseline,1,3,BAAB,k_pwrite,process,250,10,1024,4,new_name,synthetic_sweep,1,015d813736625640f12d26c5d349b92c14fd2fb4,false,a897dfa99e98479b638409c432d3d2bc8e7ba7d5ba4e5a046dd229021f58bffd,12b1dafe765a77d1a17115b0ae12cff973f20ed7d6d770fbd790695fe081288e,afaa9ca40fef1b2a362af2af235634b472665287e554d16b829c09e1a70787ac,8d5b7eba8aea53574190e7d4a6d9e7b424bc23a9e2a0b6968a27f1772509492b,6e938dfcd266a2b0eac811d7ea7eabbd5b217965f88efa81371465134dbcab11,2026-07-15T18:07:59.504355+00:00,8o8-arch,7.0.12-arch1-1,AMD Ryzen 9 3900X 12-Core Processor,"logical=24,cores=12,sockets=1,nodes=1",performance,rustc 1.97.0 (2d8144b78 2026-07-07),22.1.6,cargo 1.97.0 (c980f4866 2026-06-30),"release,lto=thin,debug=true",/home/bob/.cache/mess-bench,/dev/nvme0n1p3,ext4,/home,Samsung SSD 970 EVO Plus 2TB,[none] mq-deadline kyber bfq,249465749504,4096,1024,payload[i]=(i*131+17)&0xff,3.6142578125,accepted,,1024,2048,0,11,bytes,123904,112640,33882112,22528,0,0,0,0,0,24166486,24343486,1992989,4143997,4143997,3.610,3.610
e000544,exploratory,copy_contiguous,candidate,1,4,BAAB,copy_contiguous,process,250,10,1024,4,new_name,synthetic_sweep,1,015d813736625640f12d26c5d349b92c14fd2fb4,false,a897dfa99e98479b638409c432d3d2bc8e7ba7d5ba4e5a046dd229021f58bffd,12b1dafe765a77d1a17115b0ae12cff973f20ed7d6d770fbd790695fe081288e,afaa9ca40fef1b2a362af2af235634b472665287e554d16b829c09e1a70787ac,8d5b7eba8aea53574190e7d4a6d9e7b424bc23a9e2a0b6968a27f1772509492b,6e938dfcd266a2b0eac811d7ea7eabbd5b217965f88efa81371465134dbcab11,2026-07-15T18:08:00.536597+00:00,8o8-arch,7.0.12-arch1-1,AMD Ryzen 9 3900X 12-Core Processor,"logical=24,cores=12,sockets=1,nodes=1",performance,rustc 1.97.0 (2d8144b78 2026-07-07),22.1.6,cargo 1.97.0 (c980f4866 2026-06-30),"release,lto=thin,debug=true",/home/bob/.cache/mess-bench,/dev/nvme0n1p3,ext4,/home,Samsung SSD 970 EVO Plus 2TB,[none] mq-deadline kyber bfq,249465745408,4096,1024,payload[i]=(i*131+17)&0xff,3.40478515625,accepted,,1024,2048,0,11,bytes,123904,112640,33882112,11,0,0,0,33882112,0,4964981,4999657,453569,471569,471569,3.400,3.400
e000545,exploratory,pwritev_full_8m,baseline,1,1,ABBA,k_pwrite,process,250,10,1025,4,domain,synthetic_sweep,1,015d813736625640f12d26c5d349b92c14fd2fb4,false,a897dfa99e98479b638409c432d3d2bc8e7ba7d5ba4e5a046dd229021f58bffd,12b1dafe765a77d1a17115b0ae12cff973f20ed7d6d770fbd790695fe081288e,afaa9ca40fef1b2a362af2af235634b472665287e554d16b829c09e1a70787ac,8d5b7eba8aea53574190e7d4a6d9e7b424bc23a9e2a0b6968a27f1772509492b,6e938dfcd266a2b0eac811d7ea7eabbd5b217965f88efa81371465134dbcab11,2026-07-15T18:08:01.560044+00:00,8o8-arch,7.0.12-arch1-1,AMD Ryzen 9 3900X 12-Core Processor,"logical=24,cores=12,sockets=1,nodes=1",performance,rustc 1.97.0 (2d8144b78 2026-07-07),22.1.6,cargo 1.97.0 (c980f4866 2026-06-30),"release,lto=thin,debug=true",/home/bob/.cache/mess-bench,/dev/nvme0n1p3,ext4,/home,Samsung SSD 970 EVO Plus 2TB,[none] mq-deadline kyber bfq,249465741312,4096,1024,payload[i]=(i*131+17)&0xff,3.40478515625,accepted,,1025,1025,0,12,bytes,123000,123000,35276400,12300,0,0,0,0,0,15088664,15173611,1254679,1324169,1392999,3.400,3.400
e000546,exploratory,pwritev_full_8m,candidate,1,2,ABBA,pwritev_full_8m,process,250,10,1025,4,domain,synthetic_sweep,1,015d813736625640f12d26c5d349b92c14fd2fb4,false,a897dfa99e98479b638409c432d3d2bc8e7ba7d5ba4e5a046dd229021f58bffd,12b1dafe765a77d1a17115b0ae12cff973f20ed7d6d770fbd790695fe081288e,afaa9ca40fef1b2a362af2af235634b472665287e554d16b829c09e1a70787ac,8d5b7eba8aea53574190e7d4a6d9e7b424bc23a9e2a0b6968a27f1772509492b,6e938dfcd266a2b0eac811d7ea7eabbd5b217965f88efa81371465134dbcab11,2026-07-15T18:08:02.581916+00:00,8o8-arch,7.0.12-arch1-1,AMD Ryzen 9 3900X 12-Core Processor,"logical=24,cores=12,sockets=1,nodes=1",performance,rustc 1.97.0 (2d8144b78 2026-07-07),22.1.6,cargo 1.97.0 (c980f4866 2026-06-30),"release,lto=thin,debug=true",/home/bob/.cache/mess-bench,/dev/nvme0n1p3,ext4,/home,Samsung SSD 970 EVO Plus 2TB,[none] mq-deadline kyber bfq,249465741312,4096,1024,payload[i]=(i*131+17)&0xff,3.40478515625,accepted,,1025,1025,0,12,bytes,123000,123000,35276400,24,0,0,1024,0,0,6124481,6172147,241790,382310,3298947,3.400,3.400
e000547,exploratory,pwritev_full_8m,candidate,1,3,ABBA,pwritev_full_8m,process,250,10,1025,4,domain,synthetic_sweep,1,015d813736625640f12d26c5d349b92c14fd2fb4,false,a897dfa99e98479b638409c432d3d2bc8e7ba7d5ba4e5a046dd229021f58bffd,12b1dafe765a77d1a17115b0ae12cff973f20ed7d6d770fbd790695fe081288e,afaa9ca40fef1b2a362af2af235634b472665287e554d16b829c09e1a70787ac,8d5b7eba8aea53574190e7d4a6d9e7b424bc23a9e2a0b6968a27f1772509492b,6e938dfcd266a2b0eac811d7ea7eabbd5b217965f88efa81371465134dbcab11,2026-07-15T18:08:03.614353+00:00,8o8-arch,7.0.12-arch1-1,AMD Ryzen 9 3900X 12-Core Processor,"logical=24,cores=12,sockets=1,nodes=1",performance,rustc 1.97.0 (2d8144b78 2026-07-07),22.1.6,cargo 1.97.0 (c980f4866 2026-06-30),"release,lto=thin,debug=true",/home/bob/.cache/mess-bench,/dev/nvme0n1p3,ext4,/home,Samsung SSD 970 EVO Plus 2TB,[none] mq-deadline kyber bfq,249465741312,4096,1024,payload[i]=(i*131+17)&0xff,3.40478515625,accepted,,1025,1025,0,12,bytes,123000,123000,35276400,24,0,0,1024,0,0,2890651,2905038,233770,282940,305280,3.400,3.400
e000548,exploratory,pwritev_full_8m,baseline,1,4,ABBA,k_pwrite,process,250,10,1025,4,domain,synthetic_sweep,1,015d813736625640f12d26c5d349b92c14fd2fb4,false,a897dfa99e98479b638409c432d3d2bc8e7ba7d5ba4e5a046dd229021f58bffd,12b1dafe765a77d1a17115b0ae12cff973f20ed7d6d770fbd790695fe081288e,afaa9ca40fef1b2a362af2af235634b472665287e554d16b829c09e1a70787ac,8d5b7eba8aea53574190e7d4a6d9e7b424bc23a9e2a0b6968a27f1772509492b,6e938dfcd266a2b0eac811d7ea7eabbd5b217965f88efa81371465134dbcab11,2026-07-15T18:08:04.645155+00:00,8o8-arch,7.0.12-arch1-1,AMD Ryzen 9 3900X 12-Core Processor,"logical=24,cores=12,sockets=1,nodes=1",performance,rustc 1.97.0 (2d8144b78 2026-07-07),22.1.6,cargo 1.97.0 (c980f4866 2026-06-30),"release,lto=thin,debug=true",/home/bob/.cache/mess-bench,/dev/nvme0n1p3,ext4,/home,Samsung SSD 970 EVO Plus 2TB,[none] mq-deadline kyber bfq,249465729024,4096,1024,payload[i]=(i*131+17)&0xff,3.40478515625,accepted,,1025,1025,0,12,bytes,123000,123000,35276400,12300,0,0,0,0,0,17358774,17496199,1298140,1378369,3415458,3.400,3.400
e000549,exploratory,pwritev_256_8m,candidate,1,1,BAAB,pwritev_256_8m,process,250,10,1025,4,domain,synthetic_sweep,1,015d813736625640f12d26c5d349b92c14fd2fb4,false,a897dfa99e98479b638409c432d3d2bc8e7ba7d5ba4e5a046dd229021f58bffd,12b1dafe765a77d1a17115b0ae12cff973f20ed7d6d770fbd790695fe081288e,afaa9ca40fef1b2a362af2af235634b472665287e554d16b829c09e1a70787ac,8d5b7eba8aea53574190e7d4a6d9e7b424bc23a9e2a0b6968a27f1772509492b,6e938dfcd266a2b0eac811d7ea7eabbd5b217965f88efa81371465134dbcab11,2026-07-15T18:08:05.669030+00:00,8o8-arch,7.0.12-arch1-1,AMD Ryzen 9 3900X 12-Core Processor,"logical=24,cores=12,sockets=1,nodes=1",performance,rustc 1.97.0 (2d8144b78 2026-07-07),22.1.6,cargo 1.97.0 (c980f4866 2026-06-30),"release,lto=thin,debug=true",/home/bob/.cache/mess-bench,/dev/nvme0n1p3,ext4,/home,Samsung SSD 970 EVO Plus 2TB,[none] mq-deadline kyber bfq,249465729024,4096,1024,payload[i]=(i*131+17)&0xff,3.1318359375,accepted,,1025,1025,0,12,bytes,123000,123000,35276400,60,0,0,256,0,0,2914841,2943388,244319,251540,257419,3.130,3.130
e000550,exploratory,pwritev_256_8m,baseline,1,2,BAAB,k_pwrite,process,250,10,1025,4,domain,synthetic_sweep,1,015d813736625640f12d26c5d349b92c14fd2fb4,false,a897dfa99e98479b638409c432d3d2bc8e7ba7d5ba4e5a046dd229021f58bffd,12b1dafe765a77d1a17115b0ae12cff973f20ed7d6d770fbd790695fe081288e,afaa9ca40fef1b2a362af2af235634b472665287e554d16b829c09e1a70787ac,8d5b7eba8aea53574190e7d4a6d9e7b424bc23a9e2a0b6968a27f1772509492b,6e938dfcd266a2b0eac811d7ea7eabbd5b217965f88efa81371465134dbcab11,2026-07-15T18:08:06.697177+00:00,8o8-arch,7.0.12-arch1-1,AMD Ryzen 9 3900X 12-Core Processor,"logical=24,cores=12,sockets=1,nodes=1",performance,rustc 1.97.0 (2d8144b78 2026-07-07),22.1.6,cargo 1.97.0 (c980f4866 2026-06-30),"release,lto=thin,debug=true",/home/bob/.cache/mess-bench,/dev/nvme0n1p3,ext4,/home,Samsung SSD 970 EVO Plus 2TB,[none] mq-deadline kyber bfq,249465720832,4096,1024,payload[i]=(i*131+17)&0xff,3.1318359375,accepted,,1025,1025,0,12,bytes,123000,123000,35276400,12300,0,0,0,0,0,15272954,15419360,1258479,1440169,1506640,3.130,3.130
e000551,exploratory,pwritev_256_8m,baseline,1,3,BAAB,k_pwrite,process,250,10,1025,4,domain,synthetic_sweep,1,015d813736625640f12d26c5d349b92c14fd2fb4,false,a897dfa99e98479b638409c432d3d2bc8e7ba7d5ba4e5a046dd229021f58bffd,12b1dafe765a77d1a17115b0ae12cff973f20ed7d6d770fbd790695fe081288e,afaa9ca40fef1b2a362af2af235634b472665287e554d16b829c09e1a70787ac,8d5b7eba8aea53574190e7d4a6d9e7b424bc23a9e2a0b6968a27f1772509492b,6e938dfcd266a2b0eac811d7ea7eabbd5b217965f88efa81371465134dbcab11,2026-07-15T18:08:07.726520+00:00,8o8-arch,7.0.12-arch1-1,AMD Ryzen 9 3900X 12-Core Processor,"logical=24,cores=12,sockets=1,nodes=1",performance,rustc 1.97.0 (2d8144b78 2026-07-07),22.1.6,cargo 1.97.0 (c980f4866 2026-06-30),"release,lto=thin,debug=true",/home/bob/.cache/mess-bench,/dev/nvme0n1p3,ext4,/home,Samsung SSD 970 EVO Plus 2TB,[none] mq-deadline kyber bfq,249465720832,4096,1024,payload[i]=(i*131+17)&0xff,3.1318359375,accepted,,1025,1025,0,12,bytes,123000,123000,35276400,12300,0,0,0,0,0,14852074,14987721,1237999,1326760,1333409,3.130,3.130
e000552,exploratory,pwritev_256_8m,candidate,1,4,BAAB,pwritev_256_8m,process,250,10,1025,4,domain,synthetic_sweep,1,015d813736625640f12d26c5d349b92c14fd2fb4,false,a897dfa99e98479b638409c432d3d2bc8e7ba7d5ba4e5a046dd229021f58bffd,12b1dafe765a77d1a17115b0ae12cff973f20ed7d6d770fbd790695fe081288e,afaa9ca40fef1b2a362af2af235634b472665287e554d16b829c09e1a70787ac,8d5b7eba8aea53574190e7d4a6d9e7b424bc23a9e2a0b6968a27f1772509492b,6e938dfcd266a2b0eac811d7ea7eabbd5b217965f88efa81371465134dbcab11,2026-07-15T18:08:08.755914+00:00,8o8-arch,7.0.12-arch1-1,AMD Ryzen 9 3900X 12-Core Processor,"logical=24,cores=12,sockets=1,nodes=1",performance,rustc 1.97.0 (2d8144b78 2026-07-07),22.1.6,cargo 1.97.0 (c980f4866 2026-06-30),"release,lto=thin,debug=true",/home/bob/.cache/mess-bench,/dev/nvme0n1p3,ext4,/home,Samsung SSD 970 EVO Plus 2TB,[none] mq-deadline kyber bfq,249465720832,4096,1024,payload[i]=(i*131+17)&0xff,3.1318359375,accepted,,1025,1025,0,12,bytes,123000,123000,35276400,60,0,0,256,0,0,3285730,3307088,272050,315730,317919,3.130,3.130
e000553,exploratory,pwritev_64_8m,baseline,1,1,ABBA,k_pwrite,process,250,10,1025,4,domain,synthetic_sweep,1,015d813736625640f12d26c5d349b92c14fd2fb4,false,a897dfa99e98479b638409c432d3d2bc8e7ba7d5ba4e5a046dd229021f58bffd,12b1dafe765a77d1a17115b0ae12cff973f20ed7d6d770fbd790695fe081288e,afaa9ca40fef1b2a362af2af235634b472665287e554d16b829c09e1a70787ac,8d5b7eba8aea53574190e7d4a6d9e7b424bc23a9e2a0b6968a27f1772509492b,6e938dfcd266a2b0eac811d7ea7eabbd5b217965f88efa81371465134dbcab11,2026-07-15T18:08:09.785341+00:00,8o8-arch,7.0.12-arch1-1,AMD Ryzen 9 3900X 12-Core Processor,"logical=24,cores=12,sockets=1,nodes=1",performance,rustc 1.97.0 (2d8144b78 2026-07-07),22.1.6,cargo 1.97.0 (c980f4866 2026-06-30),"release,lto=thin,debug=true",/home/bob/.cache/mess-bench,/dev/nvme0n1p3,ext4,/home,Samsung SSD 970 EVO Plus 2TB,[none] mq-deadline kyber bfq,249465716736,4096,1024,payload[i]=(i*131+17)&0xff,3.1318359375,accepted,,1025,1025,0,12,bytes,123000,123000,35276400,12300,0,0,0,0,0,14415363,14517511,1205429,1250049,1252919,3.130,3.130
e000554,exploratory,pwritev_64_8m,candidate,1,2,ABBA,pwritev_64_8m,process,250,10,1025,4,domain,synthetic_sweep,1,015d813736625640f12d26c5d349b92c14fd2fb4,false,a897dfa99e98479b638409c432d3d2bc8e7ba7d5ba4e5a046dd229021f58bffd,12b1dafe765a77d1a17115b0ae12cff973f20ed7d6d770fbd790695fe081288e,afaa9ca40fef1b2a362af2af235634b472665287e554d16b829c09e1a70787ac,8d5b7eba8aea53574190e7d4a6d9e7b424bc23a9e2a0b6968a27f1772509492b,6e938dfcd266a2b0eac811d7ea7eabbd5b217965f88efa81371465134dbcab11,2026-07-15T18:08:10.810156+00:00,8o8-arch,7.0.12-arch1-1,AMD Ryzen 9 3900X 12-Core Processor,"logical=24,cores=12,sockets=1,nodes=1",performance,rustc 1.97.0 (2d8144b78 2026-07-07),22.1.6,cargo 1.97.0 (c980f4866 2026-06-30),"release,lto=thin,debug=true",/home/bob/.cache/mess-bench,/dev/nvme0n1p3,ext4,/home,Samsung SSD 970 EVO Plus 2TB,[none] mq-deadline kyber bfq,249465708544,4096,1024,payload[i]=(i*131+17)&0xff,2.880859375,accepted,,1025,1025,0,12,bytes,123000,123000,35276400,204,0,0,64,0,0,3527071,3552688,299000,304850,310329,2.880,2.880
e000555,exploratory,pwritev_64_8m,candidate,1,3,ABBA,pwritev_64_8m,process,250,10,1025,4,domain,synthetic_sweep,1,015d813736625640f12d26c5d349b92c14fd2fb4,false,a897dfa99e98479b638409c432d3d2bc8e7ba7d5ba4e5a046dd229021f58bffd,12b1dafe765a77d1a17115b0ae12cff973f20ed7d6d770fbd790695fe081288e,afaa9ca40fef1b2a362af2af235634b472665287e554d16b829c09e1a70787ac,8d5b7eba8aea53574190e7d4a6d9e7b424bc23a9e2a0b6968a27f1772509492b,6e938dfcd266a2b0eac811d7ea7eabbd5b217965f88efa81371465134dbcab11,2026-07-15T18:08:11.833593+00:00,8o8-arch,7.0.12-arch1-1,AMD Ryzen 9 3900X 12-Core Processor,"logical=24,cores=12,sockets=1,nodes=1",performance,rustc 1.97.0 (2d8144b78 2026-07-07),22.1.6,cargo 1.97.0 (c980f4866 2026-06-30),"release,lto=thin,debug=true",/home/bob/.cache/mess-bench,/dev/nvme0n1p3,ext4,/home,Samsung SSD 970 EVO Plus 2TB,[none] mq-deadline kyber bfq,249465708544,4096,1024,payload[i]=(i*131+17)&0xff,2.880859375,accepted,,1025,1025,0,12,bytes,123000,123000,35276400,204,0,0,64,0,0,4028301,4059548,348179,358050,374260,2.880,2.880
e000556,exploratory,pwritev_64_8m,baseline,1,4,ABBA,k_pwrite,process,250,10,1025,4,domain,synthetic_sweep,1,015d813736625640f12d26c5d349b92c14fd2fb4,false,a897dfa99e98479b638409c432d3d2bc8e7ba7d5ba4e5a046dd229021f58bffd,12b1dafe765a77d1a17115b0ae12cff973f20ed7d6d770fbd790695fe081288e,afaa9ca40fef1b2a362af2af235634b472665287e554d16b829c09e1a70787ac,8d5b7eba8aea53574190e7d4a6d9e7b424bc23a9e2a0b6968a27f1772509492b,6e938dfcd266a2b0eac811d7ea7eabbd5b217965f88efa81371465134dbcab11,2026-07-15T18:08:12.855090+00:00,8o8-arch,7.0.12-arch1-1,AMD Ryzen 9 3900X 12-Core Processor,"logical=24,cores=12,sockets=1,nodes=1",performance,rustc 1.97.0 (2d8144b78 2026-07-07),22.1.6,cargo 1.97.0 (c980f4866 2026-06-30),"release,lto=thin,debug=true",/home/bob/.cache/mess-bench,/dev/nvme0n1p3,ext4,/home,Samsung SSD 970 EVO Plus 2TB,[none] mq-deadline kyber bfq,249465708544,4096,1024,payload[i]=(i*131+17)&0xff,2.880859375,accepted,,1025,1025,0,12,bytes,123000,123000,35276400,12300,0,0,0,0,0,15704894,15831330,1213479,1532709,1596989,2.880,2.880
e000557,exploratory,copy_contiguous,candidate,1,1,BAAB,copy_contiguous,process,250,10,1025,4,domain,synthetic_sweep,1,015d813736625640f12d26c5d349b92c14fd2fb4,false,a897dfa99e98479b638409c432d3d2bc8e7ba7d5ba4e5a046dd229021f58bffd,12b1dafe765a77d1a17115b0ae12cff973f20ed7d6d770fbd790695fe081288e,afaa9ca40fef1b2a362af2af235634b472665287e554d16b829c09e1a70787ac,8d5b7eba8aea53574190e7d4a6d9e7b424bc23a9e2a0b6968a27f1772509492b,6e938dfcd266a2b0eac811d7ea7eabbd5b217965f88efa81371465134dbcab11,2026-07-15T18:08:13.885245+00:00,8o8-arch,7.0.12-arch1-1,AMD Ryzen 9 3900X 12-Core Processor,"logical=24,cores=12,sockets=1,nodes=1",performance,rustc 1.97.0 (2d8144b78 2026-07-07),22.1.6,cargo 1.97.0 (c980f4866 2026-06-30),"release,lto=thin,debug=true",/home/bob/.cache/mess-bench,/dev/nvme0n1p3,ext4,/home,Samsung SSD 970 EVO Plus 2TB,[none] mq-deadline kyber bfq,249465696256,4096,1024,payload[i]=(i*131+17)&0xff,2.880859375,accepted,,1025,1025,0,12,bytes,123000,123000,35276400,12,0,0,0,35276400,0,5177911,5203997,434459,442440,445880,2.880,2.880
e000558,exploratory,copy_contiguous,baseline,1,2,BAAB,k_pwrite,process,250,10,1025,4,domain,synthetic_sweep,1,015d813736625640f12d26c5d349b92c14fd2fb4,false,a897dfa99e98479b638409c432d3d2bc8e7ba7d5ba4e5a046dd229021f58bffd,12b1dafe765a77d1a17115b0ae12cff973f20ed7d6d770fbd790695fe081288e,afaa9ca40fef1b2a362af2af235634b472665287e554d16b829c09e1a70787ac,8d5b7eba8aea53574190e7d4a6d9e7b424bc23a9e2a0b6968a27f1772509492b,6e938dfcd266a2b0eac811d7ea7eabbd5b217965f88efa81371465134dbcab11,2026-07-15T18:08:14.910587+00:00,8o8-arch,7.0.12-arch1-1,AMD Ryzen 9 3900X 12-Core Processor,"logical=24,cores=12,sockets=1,nodes=1",performance,rustc 1.97.0 (2d8144b78 2026-07-07),22.1.6,cargo 1.97.0 (c980f4866 2026-06-30),"release,lto=thin,debug=true",/home/bob/.cache/mess-bench,/dev/nvme0n1p3,ext4,/home,Samsung SSD 970 EVO Plus 2TB,[none] mq-deadline kyber bfq,249465700352,4096,1024,payload[i]=(i*131+17)&0xff,2.880859375,accepted,,1025,1025,0,12,bytes,123000,123000,35276400,12300,0,0,0,0,0,18125604,18347429,1220539,1486419,4645437,2.880,2.880
e000559,exploratory,copy_contiguous,baseline,1,3,BAAB,k_pwrite,process,250,10,1025,4,domain,synthetic_sweep,1,015d813736625640f12d26c5d349b92c14fd2fb4,false,a897dfa99e98479b638409c432d3d2bc8e7ba7d5ba4e5a046dd229021f58bffd,12b1dafe765a77d1a17115b0ae12cff973f20ed7d6d770fbd790695fe081288e,afaa9ca40fef1b2a362af2af235634b472665287e554d16b829c09e1a70787ac,8d5b7eba8aea53574190e7d4a6d9e7b424bc23a9e2a0b6968a27f1772509492b,6e938dfcd266a2b0eac811d7ea7eabbd5b217965f88efa81371465134dbcab11,2026-07-15T18:08:15.943286+00:00,8o8-arch,7.0.12-arch1-1,AMD Ryzen 9 3900X 12-Core Processor,"logical=24,cores=12,sockets=1,nodes=1",performance,rustc 1.97.0 (2d8144b78 2026-07-07),22.1.6,cargo 1.97.0 (c980f4866 2026-06-30),"release,lto=thin,debug=true",/home/bob/.cache/mess-bench,/dev/nvme0n1p3,ext4,/home,Samsung SSD 970 EVO Plus 2TB,[none] mq-deadline kyber bfq,249465696256,4096,1024,payload[i]=(i*131+17)&0xff,2.64990234375,accepted,,1025,1025,0,12,bytes,123000,123000,35276400,12300,0,0,0,0,0,16701515,16799840,1228769,1316140,3250648,2.650,2.650
e000560,exploratory,copy_contiguous,candidate,1,4,BAAB,copy_contiguous,process,250,10,1025,4,domain,synthetic_sweep,1,015d813736625640f12d26c5d349b92c14fd2fb4,false,a897dfa99e98479b638409c432d3d2bc8e7ba7d5ba4e5a046dd229021f58bffd,12b1dafe765a77d1a17115b0ae12cff973f20ed7d6d770fbd790695fe081288e,afaa9ca40fef1b2a362af2af235634b472665287e554d16b829c09e1a70787ac,8d5b7eba8aea53574190e7d4a6d9e7b424bc23a9e2a0b6968a27f1772509492b,6e938dfcd266a2b0eac811d7ea7eabbd5b217965f88efa81371465134dbcab11,2026-07-15T18:08:16.972688+00:00,8o8-arch,7.0.12-arch1-1,AMD Ryzen 9 3900X 12-Core Processor,"logical=24,cores=12,sockets=1,nodes=1",performance,rustc 1.97.0 (2d8144b78 2026-07-07),22.1.6,cargo 1.97.0 (c980f4866 2026-06-30),"release,lto=thin,debug=true",/home/bob/.cache/mess-bench,/dev/nvme0n1p3,ext4,/home,Samsung SSD 970 EVO Plus 2TB,[none] mq-deadline kyber bfq,249465688064,4096,1024,payload[i]=(i*131+17)&0xff,2.64990234375,accepted,,1025,1025,0,12,bytes,123000,123000,35276400,12,0,0,0,35276400,0,5766641,5837386,459020,545630,646220,2.650,2.650
e000561,exploratory,pwritev_full_8m,baseline,1,1,ABBA,k_pwrite,process,250,10,1025,4,new_name,synthetic_sweep,1,015d813736625640f12d26c5d349b92c14fd2fb4,false,a897dfa99e98479b638409c432d3d2bc8e7ba7d5ba4e5a046dd229021f58bffd,12b1dafe765a77d1a17115b0ae12cff973f20ed7d6d770fbd790695fe081288e,afaa9ca40fef1b2a362af2af235634b472665287e554d16b829c09e1a70787ac,8d5b7eba8aea53574190e7d4a6d9e7b424bc23a9e2a0b6968a27f1772509492b,6e938dfcd266a2b0eac811d7ea7eabbd5b217965f88efa81371465134dbcab11,2026-07-15T18:08:18.004105+00:00,8o8-arch,7.0.12-arch1-1,AMD Ryzen 9 3900X 12-Core Processor,"logical=24,cores=12,sockets=1,nodes=1",performance,rustc 1.97.0 (2d8144b78 2026-07-07),22.1.6,cargo 1.97.0 (c980f4866 2026-06-30),"release,lto=thin,debug=true",/home/bob/.cache/mess-bench,/dev/nvme0n1p3,ext4,/home,Samsung SSD 970 EVO Plus 2TB,[none] mq-deadline kyber bfq,249465679872,4096,1024,payload[i]=(i*131+17)&0xff,2.64990234375,accepted,,1025,2050,0,11,bytes,124025,112750,33915200,22550,0,0,0,0,0,25135527,25356235,2162128,3879787,3879787,2.650,2.650
e000562,exploratory,pwritev_full_8m,candidate,1,2,ABBA,pwritev_full_8m,process,250,10,1025,4,new_name,synthetic_sweep,1,015d813736625640f12d26c5d349b92c14fd2fb4,false,a897dfa99e98479b638409c432d3d2bc8e7ba7d5ba4e5a046dd229021f58bffd,12b1dafe765a77d1a17115b0ae12cff973f20ed7d6d770fbd790695fe081288e,afaa9ca40fef1b2a362af2af235634b472665287e554d16b829c09e1a70787ac,8d5b7eba8aea53574190e7d4a6d9e7b424bc23a9e2a0b6968a27f1772509492b,6e938dfcd266a2b0eac811d7ea7eabbd5b217965f88efa81371465134dbcab11,2026-07-15T18:08:19.032282+00:00,8o8-arch,7.0.12-arch1-1,AMD Ryzen 9 3900X 12-Core Processor,"logical=24,cores=12,sockets=1,nodes=1",performance,rustc 1.97.0 (2d8144b78 2026-07-07),22.1.6,cargo 1.97.0 (c980f4866 2026-06-30),"release,lto=thin,debug=true",/home/bob/.cache/mess-bench,/dev/nvme0n1p3,ext4,/home,Samsung SSD 970 EVO Plus 2TB,[none] mq-deadline kyber bfq,249465667584,4096,1024,payload[i]=(i*131+17)&0xff,2.64990234375,accepted,,1025,2050,0,11,bytes,124025,112750,33915200,33,0,0,1024,0,0,3365331,3394348,295140,366030,366030,2.650,2.650
e000563,exploratory,pwritev_full_8m,candidate,1,3,ABBA,pwritev_full_8m,process,250,10,1025,4,new_name,synthetic_sweep,1,015d813736625640f12d26c5d349b92c14fd2fb4,false,a897dfa99e98479b638409c432d3d2bc8e7ba7d5ba4e5a046dd229021f58bffd,12b1dafe765a77d1a17115b0ae12cff973f20ed7d6d770fbd790695fe081288e,afaa9ca40fef1b2a362af2af235634b472665287e554d16b829c09e1a70787ac,8d5b7eba8aea53574190e7d4a6d9e7b424bc23a9e2a0b6968a27f1772509492b,6e938dfcd266a2b0eac811d7ea7eabbd5b217965f88efa81371465134dbcab11,2026-07-15T18:08:20.061973+00:00,8o8-arch,7.0.12-arch1-1,AMD Ryzen 9 3900X 12-Core Processor,"logical=24,cores=12,sockets=1,nodes=1",performance,rustc 1.97.0 (2d8144b78 2026-07-07),22.1.6,cargo 1.97.0 (c980f4866 2026-06-30),"release,lto=thin,debug=true",/home/bob/.cache/mess-bench,/dev/nvme0n1p3,ext4,/home,Samsung SSD 970 EVO Plus 2TB,[none] mq-deadline kyber bfq,249465663488,4096,1024,payload[i]=(i*131+17)&0xff,2.64990234375,accepted,,1025,2050,0,11,bytes,124025,112750,33915200,33,0,0,1024,0,0,3270881,3296408,294929,352080,352080,2.650,2.650
e000564,exploratory,pwritev_full_8m,baseline,1,4,ABBA,k_pwrite,process,250,10,1025,4,new_name,synthetic_sweep,1,015d813736625640f12d26c5d349b92c14fd2fb4,false,a897dfa99e98479b638409c432d3d2bc8e7ba7d5ba4e5a046dd229021f58bffd,12b1dafe765a77d1a17115b0ae12cff973f20ed7d6d770fbd790695fe081288e,afaa9ca40fef1b2a362af2af235634b472665287e554d16b829c09e1a70787ac,8d5b7eba8aea53574190e7d4a6d9e7b424bc23a9e2a0b6968a27f1772509492b,6e938dfcd266a2b0eac811d7ea7eabbd5b217965f88efa81371465134dbcab11,2026-07-15T18:08:21.092085+00:00,8o8-arch,7.0.12-arch1-1,AMD Ryzen 9 3900X 12-Core Processor,"logical=24,cores=12,sockets=1,nodes=1",performance,rustc 1.97.0 (2d8144b78 2026-07-07),22.1.6,cargo 1.97.0 (c980f4866 2026-06-30),"release,lto=thin,debug=true",/home/bob/.cache/mess-bench,/dev/nvme0n1p3,ext4,/home,Samsung SSD 970 EVO Plus 2TB,[none] mq-deadline kyber bfq,249465663488,4096,1024,payload[i]=(i*131+17)&0xff,2.517578125,accepted,,1025,2050,0,11,bytes,124025,112750,33915200,22550,0,0,0,0,0,21739955,21891667,1994189,2011619,2011619,2.520,2.520
e000565,exploratory,pwritev_256_8m,candidate,1,1,BAAB,pwritev_256_8m,process,250,10,1025,4,new_name,synthetic_sweep,1,015d813736625640f12d26c5d349b92c14fd2fb4,false,a897dfa99e98479b638409c432d3d2bc8e7ba7d5ba4e5a046dd229021f58bffd,12b1dafe765a77d1a17115b0ae12cff973f20ed7d6d770fbd790695fe081288e,afaa9ca40fef1b2a362af2af235634b472665287e554d16b829c09e1a70787ac,8d5b7eba8aea53574190e7d4a6d9e7b424bc23a9e2a0b6968a27f1772509492b,6e938dfcd266a2b0eac811d7ea7eabbd5b217965f88efa81371465134dbcab11,2026-07-15T18:08:22.114528+00:00,8o8-arch,7.0.12-arch1-1,AMD Ryzen 9 3900X 12-Core Processor,"logical=24,cores=12,sockets=1,nodes=1",performance,rustc 1.97.0 (2d8144b78 2026-07-07),22.1.6,cargo 1.97.0 (c980f4866 2026-06-30),"release,lto=thin,debug=true",/home/bob/.cache/mess-bench,/dev/nvme0n1p3,ext4,/home,Samsung SSD 970 EVO Plus 2TB,[none] mq-deadline kyber bfq,249465659392,4096,1024,payload[i]=(i*131+17)&0xff,2.517578125,accepted,,1025,2050,0,11,bytes,124025,112750,33915200,99,0,0,256,0,0,5901041,5937056,314940,2571819,2571819,2.520,2.520
e000566,exploratory,pwritev_256_8m,baseline,1,2,BAAB,k_pwrite,process,250,10,1025,4,new_name,synthetic_sweep,1,015d813736625640f12d26c5d349b92c14fd2fb4,false,a897dfa99e98479b638409c432d3d2bc8e7ba7d5ba4e5a046dd229021f58bffd,12b1dafe765a77d1a17115b0ae12cff973f20ed7d6d770fbd790695fe081288e,afaa9ca40fef1b2a362af2af235634b472665287e554d16b829c09e1a70787ac,8d5b7eba8aea53574190e7d4a6d9e7b424bc23a9e2a0b6968a27f1772509492b,6e938dfcd266a2b0eac811d7ea7eabbd5b217965f88efa81371465134dbcab11,2026-07-15T18:08:23.138308+00:00,8o8-arch,7.0.12-arch1-1,AMD Ryzen 9 3900X 12-Core Processor,"logical=24,cores=12,sockets=1,nodes=1",performance,rustc 1.97.0 (2d8144b78 2026-07-07),22.1.6,cargo 1.97.0 (c980f4866 2026-06-30),"release,lto=thin,debug=true",/home/bob/.cache/mess-bench,/dev/nvme0n1p3,ext4,/home,Samsung SSD 970 EVO Plus 2TB,[none] mq-deadline kyber bfq,249465626624,4096,1024,payload[i]=(i*131+17)&0xff,2.517578125,accepted,,1025,2050,0,11,bytes,124025,112750,33915200,22550,0,0,0,0,0,25719527,25981975,2059359,5412897,5412897,2.520,2.520
e000567,exploratory,pwritev_256_8m,baseline,1,3,BAAB,k_pwrite,process,250,10,1025,4,new_name,synthetic_sweep,1,015d813736625640f12d26c5d349b92c14fd2fb4,false,a897dfa99e98479b638409c432d3d2bc8e7ba7d5ba4e5a046dd229021f58bffd,12b1dafe765a77d1a17115b0ae12cff973f20ed7d6d770fbd790695fe081288e,afaa9ca40fef1b2a362af2af235634b472665287e554d16b829c09e1a70787ac,8d5b7eba8aea53574190e7d4a6d9e7b424bc23a9e2a0b6968a27f1772509492b,6e938dfcd266a2b0eac811d7ea7eabbd5b217965f88efa81371465134dbcab11,2026-07-15T18:08:24.170281+00:00,8o8-arch,7.0.12-arch1-1,AMD Ryzen 9 3900X 12-Core Processor,"logical=24,cores=12,sockets=1,nodes=1",performance,rustc 1.97.0 (2d8144b78 2026-07-07),22.1.6,cargo 1.97.0 (c980f4866 2026-06-30),"release,lto=thin,debug=true",/home/bob/.cache/mess-bench,/dev/nvme0n1p3,ext4,/home,Samsung SSD 970 EVO Plus 2TB,[none] mq-deadline kyber bfq,249465651200,4096,1024,payload[i]=(i*131+17)&0xff,2.517578125,accepted,,1025,2050,0,11,bytes,124025,112750,33915200,22550,0,0,0,0,0,23986966,24179266,2012129,2965749,2965749,2.520,2.520
e000568,exploratory,pwritev_256_8m,candidate,1,4,BAAB,pwritev_256_8m,process,250,10,1025,4,new_name,synthetic_sweep,1,015d813736625640f12d26c5d349b92c14fd2fb4,false,a897dfa99e98479b638409c432d3d2bc8e7ba7d5ba4e5a046dd229021f58bffd,12b1dafe765a77d1a17115b0ae12cff973f20ed7d6d770fbd790695fe081288e,afaa9ca40fef1b2a362af2af235634b472665287e554d16b829c09e1a70787ac,8d5b7eba8aea53574190e7d4a6d9e7b424bc23a9e2a0b6968a27f1772509492b,6e938dfcd266a2b0eac811d7ea7eabbd5b217965f88efa81371465134dbcab11,2026-07-15T18:08:25.198419+00:00,8o8-arch,7.0.12-arch1-1,AMD Ryzen 9 3900X 12-Core Processor,"logical=24,cores=12,sockets=1,nodes=1",performance,rustc 1.97.0 (2d8144b78 2026-07-07),22.1.6,cargo 1.97.0 (c980f4866 2026-06-30),"release,lto=thin,debug=true",/home/bob/.cache/mess-bench,/dev/nvme0n1p3,ext4,/home,Samsung SSD 970 EVO Plus 2TB,[none] mq-deadline kyber bfq,249465651200,4096,1024,payload[i]=(i*131+17)&0xff,2.517578125,accepted,,1025,2050,0,11,bytes,124025,112750,33915200,99,0,0,256,0,0,3465971,3488408,309720,382190,382190,2.520,2.520
e000569,exploratory,pwritev_64_8m,baseline,1,1,ABBA,k_pwrite,process,250,10,1025,4,new_name,synthetic_sweep,1,015d813736625640f12d26c5d349b92c14fd2fb4,false,a897dfa99e98479b638409c432d3d2bc8e7ba7d5ba4e5a046dd229021f58bffd,12b1dafe765a77d1a17115b0ae12cff973f20ed7d6d770fbd790695fe081288e,afaa9ca40fef1b2a362af2af235634b472665287e554d16b829c09e1a70787ac,8d5b7eba8aea53574190e7d4a6d9e7b424bc23a9e2a0b6968a27f1772509492b,6e938dfcd266a2b0eac811d7ea7eabbd5b217965f88efa81371465134dbcab11,2026-07-15T18:08:26.220294+00:00,8o8-arch,7.0.12-arch1-1,AMD Ryzen 9 3900X 12-Core Processor,"logical=24,cores=12,sockets=1,nodes=1",performance,rustc 1.97.0 (2d8144b78 2026-07-07),22.1.6,cargo 1.97.0 (c980f4866 2026-06-30),"release,lto=thin,debug=true",/home/bob/.cache/mess-bench,/dev/nvme0n1p3,ext4,/home,Samsung SSD 970 EVO Plus 2TB,[none] mq-deadline kyber bfq,249465643008,4096,1024,payload[i]=(i*131+17)&0xff,2.39599609375,accepted,,1025,2050,0,11,bytes,124025,112750,33915200,22550,0,0,0,0,0,22006845,22165007,1996119,2151439,2151439,2.400,2.400
e000570,exploratory,pwritev_64_8m,candidate,1,2,ABBA,pwritev_64_8m,process,250,10,1025,4,new_name,synthetic_sweep,1,015d813736625640f12d26c5d349b92c14fd2fb4,false,a897dfa99e98479b638409c432d3d2bc8e7ba7d5ba4e5a046dd229021f58bffd,12b1dafe765a77d1a17115b0ae12cff973f20ed7d6d770fbd790695fe081288e,afaa9ca40fef1b2a362af2af235634b472665287e554d16b829c09e1a70787ac,8d5b7eba8aea53574190e7d4a6d9e7b424bc23a9e2a0b6968a27f1772509492b,6e938dfcd266a2b0eac811d7ea7eabbd5b217965f88efa81371465134dbcab11,2026-07-15T18:08:27.244684+00:00,8o8-arch,7.0.12-arch1-1,AMD Ryzen 9 3900X 12-Core Processor,"logical=24,cores=12,sockets=1,nodes=1",performance,rustc 1.97.0 (2d8144b78 2026-07-07),22.1.6,cargo 1.97.0 (c980f4866 2026-06-30),"release,lto=thin,debug=true",/home/bob/.cache/mess-bench,/dev/nvme0n1p3,ext4,/home,Samsung SSD 970 EVO Plus 2TB,[none] mq-deadline kyber bfq,249465643008,4096,1024,payload[i]=(i*131+17)&0xff,2.39599609375,accepted,,1025,2050,0,11,bytes,124025,112750,33915200,363,0,0,64,0,0,4527731,4579137,397600,503060,503060,2.400,2.400
e000571,exploratory,pwritev_64_8m,candidate,1,3,ABBA,pwritev_64_8m,process,250,10,1025,4,new_name,synthetic_sweep,1,015d813736625640f12d26c5d349b92c14fd2fb4,false,a897dfa99e98479b638409c432d3d2bc8e7ba7d5ba4e5a046dd229021f58bffd,12b1dafe765a77d1a17115b0ae12cff973f20ed7d6d770fbd790695fe081288e,afaa9ca40fef1b2a362af2af235634b472665287e554d16b829c09e1a70787ac,8d5b7eba8aea53574190e7d4a6d9e7b424bc23a9e2a0b6968a27f1772509492b,6e938dfcd266a2b0eac811d7ea7eabbd5b217965f88efa81371465134dbcab11,2026-07-15T18:08:28.274706+00:00,8o8-arch,7.0.12-arch1-1,AMD Ryzen 9 3900X 12-Core Processor,"logical=24,cores=12,sockets=1,nodes=1",performance,rustc 1.97.0 (2d8144b78 2026-07-07),22.1.6,cargo 1.97.0 (c980f4866 2026-06-30),"release,lto=thin,debug=true",/home/bob/.cache/mess-bench,/dev/nvme0n1p3,ext4,/home,Samsung SSD 970 EVO Plus 2TB,[none] mq-deadline kyber bfq,249465643008,4096,1024,payload[i]=(i*131+17)&0xff,2.39599609375,accepted,,1025,2050,0,11,bytes,124025,112750,33915200,363,0,0,64,0,0,4444571,4575998,398700,484910,484910,2.400,2.400
e000572,exploratory,pwritev_64_8m,baseline,1,4,ABBA,k_pwrite,process,250,10,1025,4,new_name,synthetic_sweep,1,015d813736625640f12d26c5d349b92c14fd2fb4,false,a897dfa99e98479b638409c432d3d2bc8e7ba7d5ba4e5a046dd229021f58bffd,12b1dafe765a77d1a17115b0ae12cff973f20ed7d6d770fbd790695fe081288e,afaa9ca40fef1b2a362af2af235634b472665287e554d16b829c09e1a70787ac,8d5b7eba8aea53574190e7d4a6d9e7b424bc23a9e2a0b6968a27f1772509492b,6e938dfcd266a2b0eac811d7ea7eabbd5b217965f88efa81371465134dbcab11,2026-07-15T18:08:29.300053+00:00,8o8-arch,7.0.12-arch1-1,AMD Ryzen 9 3900X 12-Core Processor,"logical=24,cores=12,sockets=1,nodes=1",performance,rustc 1.97.0 (2d8144b78 2026-07-07),22.1.6,cargo 1.97.0 (c980f4866 2026-06-30),"release,lto=thin,debug=true",/home/bob/.cache/mess-bench,/dev/nvme0n1p3,ext4,/home,Samsung SSD 970 EVO Plus 2TB,[none] mq-deadline kyber bfq,249465638912,4096,1024,payload[i]=(i*131+17)&0xff,2.39599609375,accepted,,1025,2050,0,11,bytes,124025,112750,33915200,22550,0,0,0,0,0,24897546,25161325,2116729,3995788,3995788,2.400,2.400
e000573,exploratory,copy_contiguous,candidate,1,1,BAAB,copy_contiguous,process,250,10,1025,4,new_name,synthetic_sweep,1,015d813736625640f12d26c5d349b92c14fd2fb4,false,a897dfa99e98479b638409c432d3d2bc8e7ba7d5ba4e5a046dd229021f58bffd,12b1dafe765a77d1a17115b0ae12cff973f20ed7d6d770fbd790695fe081288e,afaa9ca40fef1b2a362af2af235634b472665287e554d16b829c09e1a70787ac,8d5b7eba8aea53574190e7d4a6d9e7b424bc23a9e2a0b6968a27f1772509492b,6e938dfcd266a2b0eac811d7ea7eabbd5b217965f88efa81371465134dbcab11,2026-07-15T18:08:30.336199+00:00,8o8-arch,7.0.12-arch1-1,AMD Ryzen 9 3900X 12-Core Processor,"logical=24,cores=12,sockets=1,nodes=1",performance,rustc 1.97.0 (2d8144b78 2026-07-07),22.1.6,cargo 1.97.0 (c980f4866 2026-06-30),"release,lto=thin,debug=true",/home/bob/.cache/mess-bench,/dev/nvme0n1p3,ext4,/home,Samsung SSD 970 EVO Plus 2TB,[none] mq-deadline kyber bfq,249465634816,4096,1024,payload[i]=(i*131+17)&0xff,2.39599609375,accepted,,1025,2050,0,11,bytes,124025,112750,33915200,11,0,0,0,33915200,0,5114581,5150457,465870,505590,505590,2.400,2.400
e000574,exploratory,copy_contiguous,baseline,1,2,BAAB,k_pwrite,process,250,10,1025,4,new_name,synthetic_sweep,1,015d813736625640f12d26c5d349b92c14fd2fb4,false,a897dfa99e98479b638409c432d3d2bc8e7ba7d5ba4e5a046dd229021f58bffd,12b1dafe765a77d1a17115b0ae12cff973f20ed7d6d770fbd790695fe081288e,afaa9ca40fef1b2a362af2af235634b472665287e554d16b829c09e1a70787ac,8d5b7eba8aea53574190e7d4a6d9e7b424bc23a9e2a0b6968a27f1772509492b,6e938dfcd266a2b0eac811d7ea7eabbd5b217965f88efa81371465134dbcab11,2026-07-15T18:08:31.364410+00:00,8o8-arch,7.0.12-arch1-1,AMD Ryzen 9 3900X 12-Core Processor,"logical=24,cores=12,sockets=1,nodes=1",performance,rustc 1.97.0 (2d8144b78 2026-07-07),22.1.6,cargo 1.97.0 (c980f4866 2026-06-30),"release,lto=thin,debug=true",/home/bob/.cache/mess-bench,/dev/nvme0n1p3,ext4,/home,Samsung SSD 970 EVO Plus 2TB,[none] mq-deadline kyber bfq,249465630720,4096,1024,payload[i]=(i*131+17)&0xff,2.44482421875,accepted,,1025,2050,0,11,bytes,124025,112750,33915200,22550,0,0,0,0,0,24938107,25146395,1995199,4975667,4975667,2.440,2.440
e000575,exploratory,copy_contiguous,baseline,1,3,BAAB,k_pwrite,process,250,10,1025,4,new_name,synthetic_sweep,1,015d813736625640f12d26c5d349b92c14fd2fb4,false,a897dfa99e98479b638409c432d3d2bc8e7ba7d5ba4e5a046dd229021f58bffd,12b1dafe765a77d1a17115b0ae12cff973f20ed7d6d770fbd790695fe081288e,afaa9ca40fef1b2a362af2af235634b472665287e554d16b829c09e1a70787ac,8d5b7eba8aea53574190e7d4a6d9e7b424bc23a9e2a0b6968a27f1772509492b,6e938dfcd266a2b0eac811d7ea7eabbd5b217965f88efa81371465134dbcab11,2026-07-15T18:08:32.386467+00:00,8o8-arch,7.0.12-arch1-1,AMD Ryzen 9 3900X 12-Core Processor,"logical=24,cores=12,sockets=1,nodes=1",performance,rustc 1.97.0 (2d8144b78 2026-07-07),22.1.6,cargo 1.97.0 (c980f4866 2026-06-30),"release,lto=thin,debug=true",/home/bob/.cache/mess-bench,/dev/nvme0n1p3,ext4,/home,Samsung SSD 970 EVO Plus 2TB,[none] mq-deadline kyber bfq,249465626624,4096,1024,payload[i]=(i*131+17)&0xff,2.44482421875,accepted,,1025,2050,0,11,bytes,124025,112750,33915200,22550,0,0,0,0,0,22691905,23400586,2138699,2547368,2547368,2.440,2.440
e000576,exploratory,copy_contiguous,candidate,1,4,BAAB,copy_contiguous,process,250,10,1025,4,new_name,synthetic_sweep,1,015d813736625640f12d26c5d349b92c14fd2fb4,false,a897dfa99e98479b638409c432d3d2bc8e7ba7d5ba4e5a046dd229021f58bffd,12b1dafe765a77d1a17115b0ae12cff973f20ed7d6d770fbd790695fe081288e,afaa9ca40fef1b2a362af2af235634b472665287e554d16b829c09e1a70787ac,8d5b7eba8aea53574190e7d4a6d9e7b424bc23a9e2a0b6968a27f1772509492b,6e938dfcd266a2b0eac811d7ea7eabbd5b217965f88efa81371465134dbcab11,2026-07-15T18:08:33.411759+00:00,8o8-arch,7.0.12-arch1-1,AMD Ryzen 9 3900X 12-Core Processor,"logical=24,cores=12,sockets=1,nodes=1",performance,rustc 1.97.0 (2d8144b78 2026-07-07),22.1.6,cargo 1.97.0 (c980f4866 2026-06-30),"release,lto=thin,debug=true",/home/bob/.cache/mess-bench,/dev/nvme0n1p3,ext4,/home,Samsung SSD 970 EVO Plus 2TB,[none] mq-deadline kyber bfq,249465626624,4096,1024,payload[i]=(i*131+17)&0xff,2.44482421875,accepted,,1025,2050,0,11,bytes,124025,112750,33915200,11,0,0,0,33915200,0,8593773,8838565,477280,4081078,4081078,2.440,2.440
e000577,exploratory,pwritev_full_8m,baseline,1,1,ABBA,k_pwrite,process,250,100,2,2,domain,synthetic_sweep,1,015d813736625640f12d26c5d349b92c14fd2fb4,false,a897dfa99e98479b638409c432d3d2bc8e7ba7d5ba4e5a046dd229021f58bffd,12b1dafe765a77d1a17115b0ae12cff973f20ed7d6d770fbd790695fe081288e,afaa9ca40fef1b2a362af2af235634b472665287e554d16b829c09e1a70787ac,8d5b7eba8aea53574190e7d4a6d9e7b424bc23a9e2a0b6968a27f1772509492b,6e938dfcd266a2b0eac811d7ea7eabbd5b217965f88efa81371465134dbcab11,2026-07-15T18:08:34.437625+00:00,8o8-arch,7.0.12-arch1-1,AMD Ryzen 9 3900X 12-Core Processor,"logical=24,cores=12,sockets=1,nodes=1",performance,rustc 1.97.0 (2d8144b78 2026-07-07),22.1.6,cargo 1.97.0 (c980f4866 2026-06-30),"release,lto=thin,debug=true",/home/bob/.cache/mess-bench,/dev/nvme0n1p3,ext4,/home,Samsung SSD 970 EVO Plus 2TB,[none] mq-deadline kyber bfq,249465622528,4096,1024,payload[i]=(i*131+17)&0xff,2.44482421875,accepted,,2,2,0,602,bytes,120400,120400,33577152,1204,0,0,0,0,0,3413981,3443718,5480,5720,10950,2.440,2.440
e000578,exploratory,pwritev_full_8m,candidate,1,2,ABBA,pwritev_full_8m,process,250,100,2,2,domain,synthetic_sweep,1,015d813736625640f12d26c5d349b92c14fd2fb4,false,a897dfa99e98479b638409c432d3d2bc8e7ba7d5ba4e5a046dd229021f58bffd,12b1dafe765a77d1a17115b0ae12cff973f20ed7d6d770fbd790695fe081288e,afaa9ca40fef1b2a362af2af235634b472665287e554d16b829c09e1a70787ac,8d5b7eba8aea53574190e7d4a6d9e7b424bc23a9e2a0b6968a27f1772509492b,6e938dfcd266a2b0eac811d7ea7eabbd5b217965f88efa81371465134dbcab11,2026-07-15T18:08:35.459668+00:00,8o8-arch,7.0.12-arch1-1,AMD Ryzen 9 3900X 12-Core Processor,"logical=24,cores=12,sockets=1,nodes=1",performance,rustc 1.97.0 (2d8144b78 2026-07-07),22.1.6,cargo 1.97.0 (c980f4866 2026-06-30),"release,lto=thin,debug=true",/home/bob/.cache/mess-bench,/dev/nvme0n1p3,ext4,/home,Samsung SSD 970 EVO Plus 2TB,[none] mq-deadline kyber bfq,249465618432,4096,1024,payload[i]=(i*131+17)&0xff,2.4091796875,accepted,,2,2,0,602,bytes,120400,120400,33577152,602,0,0,2,0,0,2609120,2622528,4180,5010,6440,2.410,2.410
e000579,exploratory,pwritev_full_8m,candidate,1,3,ABBA,pwritev_full_8m,process,250,100,2,2,domain,synthetic_sweep,1,015d813736625640f12d26c5d349b92c14fd2fb4,false,a897dfa99e98479b638409c432d3d2bc8e7ba7d5ba4e5a046dd229021f58bffd,12b1dafe765a77d1a17115b0ae12cff973f20ed7d6d770fbd790695fe081288e,afaa9ca40fef1b2a362af2af235634b472665287e554d16b829c09e1a70787ac,8d5b7eba8aea53574190e7d4a6d9e7b424bc23a9e2a0b6968a27f1772509492b,6e938dfcd266a2b0eac811d7ea7eabbd5b217965f88efa81371465134dbcab11,2026-07-15T18:08:36.480180+00:00,8o8-arch,7.0.12-arch1-1,AMD Ryzen 9 3900X 12-Core Processor,"logical=24,cores=12,sockets=1,nodes=1",performance,rustc 1.97.0 (2d8144b78 2026-07-07),22.1.6,cargo 1.97.0 (c980f4866 2026-06-30),"release,lto=thin,debug=true",/home/bob/.cache/mess-bench,/dev/nvme0n1p3,ext4,/home,Samsung SSD 970 EVO Plus 2TB,[none] mq-deadline kyber bfq,249465614336,4096,1024,payload[i]=(i*131+17)&0xff,2.4091796875,accepted,,2,2,0,602,bytes,120400,120400,33577152,602,0,0,2,0,0,2769881,2796289,4410,4850,8060,2.410,2.410
e000580,exploratory,pwritev_full_8m,baseline,1,4,ABBA,k_pwrite,process,250,100,2,2,domain,synthetic_sweep,1,015d813736625640f12d26c5d349b92c14fd2fb4,false,a897dfa99e98479b638409c432d3d2bc8e7ba7d5ba4e5a046dd229021f58bffd,12b1dafe765a77d1a17115b0ae12cff973f20ed7d6d770fbd790695fe081288e,afaa9ca40fef1b2a362af2af235634b472665287e554d16b829c09e1a70787ac,8d5b7eba8aea53574190e7d4a6d9e7b424bc23a9e2a0b6968a27f1772509492b,6e938dfcd266a2b0eac811d7ea7eabbd5b217965f88efa81371465134dbcab11,2026-07-15T18:08:37.511591+00:00,8o8-arch,7.0.12-arch1-1,AMD Ryzen 9 3900X 12-Core Processor,"logical=24,cores=12,sockets=1,nodes=1",performance,rustc 1.97.0 (2d8144b78 2026-07-07),22.1.6,cargo 1.97.0 (c980f4866 2026-06-30),"release,lto=thin,debug=true",/home/bob/.cache/mess-bench,/dev/nvme0n1p3,ext4,/home,Samsung SSD 970 EVO Plus 2TB,[none] mq-deadline kyber bfq,249465610240,4096,1024,payload[i]=(i*131+17)&0xff,2.4091796875,accepted,,2,2,0,602,bytes,120400,120400,33577152,1204,0,0,0,0,0,3611021,3777158,5590,8650,18830,2.410,2.410
e000581,exploratory,copy_contiguous,candidate,1,1,BAAB,copy_contiguous,process,250,100,2,2,domain,synthetic_sweep,1,015d813736625640f12d26c5d349b92c14fd2fb4,false,a897dfa99e98479b638409c432d3d2bc8e7ba7d5ba4e5a046dd229021f58bffd,12b1dafe765a77d1a17115b0ae12cff973f20ed7d6d770fbd790695fe081288e,afaa9ca40fef1b2a362af2af235634b472665287e554d16b829c09e1a70787ac,8d5b7eba8aea53574190e7d4a6d9e7b424bc23a9e2a0b6968a27f1772509492b,6e938dfcd266a2b0eac811d7ea7eabbd5b217965f88efa81371465134dbcab11,2026-07-15T18:08:38.547124+00:00,8o8-arch,7.0.12-arch1-1,AMD Ryzen 9 3900X 12-Core Processor,"logical=24,cores=12,sockets=1,nodes=1",performance,rustc 1.97.0 (2d8144b78 2026-07-07),22.1.6,cargo 1.97.0 (c980f4866 2026-06-30),"release,lto=thin,debug=true",/home/bob/.cache/mess-bench,/dev/nvme0n1p3,ext4,/home,Samsung SSD 970 EVO Plus 2TB,[none] mq-deadline kyber bfq,249465606144,4096,1024,payload[i]=(i*131+17)&0xff,2.4091796875,accepted,,2,2,0,602,bytes,120400,120400,33577152,602,0,0,0,33577152,0,3137761,3197338,4980,5900,12450,2.410,2.410
e000582,exploratory,copy_contiguous,baseline,1,2,BAAB,k_pwrite,process,250,100,2,2,domain,synthetic_sweep,1,015d813736625640f12d26c5d349b92c14fd2fb4,false,a897dfa99e98479b638409c432d3d2bc8e7ba7d5ba4e5a046dd229021f58bffd,12b1dafe765a77d1a17115b0ae12cff973f20ed7d6d770fbd790695fe081288e,afaa9ca40fef1b2a362af2af235634b472665287e554d16b829c09e1a70787ac,8d5b7eba8aea53574190e7d4a6d9e7b424bc23a9e2a0b6968a27f1772509492b,6e938dfcd266a2b0eac811d7ea7eabbd5b217965f88efa81371465134dbcab11,2026-07-15T18:08:39.576967+00:00,8o8-arch,7.0.12-arch1-1,AMD Ryzen 9 3900X 12-Core Processor,"logical=24,cores=12,sockets=1,nodes=1",performance,rustc 1.97.0 (2d8144b78 2026-07-07),22.1.6,cargo 1.97.0 (c980f4866 2026-06-30),"release,lto=thin,debug=true",/home/bob/.cache/mess-bench,/dev/nvme0n1p3,ext4,/home,Samsung SSD 970 EVO Plus 2TB,[none] mq-deadline kyber bfq,249465602048,4096,1024,payload[i]=(i*131+17)&0xff,2.4091796875,accepted,,2,2,0,602,bytes,120400,120400,33577152,1204,0,0,0,0,0,3387131,3421898,5450,5590,10270,2.410,2.410
e000583,exploratory,copy_contiguous,baseline,1,3,BAAB,k_pwrite,process,250,100,2,2,domain,synthetic_sweep,1,015d813736625640f12d26c5d349b92c14fd2fb4,false,a897dfa99e98479b638409c432d3d2bc8e7ba7d5ba4e5a046dd229021f58bffd,12b1dafe765a77d1a17115b0ae12cff973f20ed7d6d770fbd790695fe081288e,afaa9ca40fef1b2a362af2af235634b472665287e554d16b829c09e1a70787ac,8d5b7eba8aea53574190e7d4a6d9e7b424bc23a9e2a0b6968a27f1772509492b,6e938dfcd266a2b0eac811d7ea7eabbd5b217965f88efa81371465134dbcab11,2026-07-15T18:08:40.602455+00:00,8o8-arch,7.0.12-arch1-1,AMD Ryzen 9 3900X 12-Core Processor,"logical=24,cores=12,sockets=1,nodes=1",performance,rustc 1.97.0 (2d8144b78 2026-07-07),22.1.6,cargo 1.97.0 (c980f4866 2026-06-30),"release,lto=thin,debug=true",/home/bob/.cache/mess-bench,/dev/nvme0n1p3,ext4,/home,Samsung SSD 970 EVO Plus 2TB,[none] mq-deadline kyber bfq,249465602048,4096,1024,payload[i]=(i*131+17)&0xff,2.3759765625,accepted,,2,2,0,602,bytes,120400,120400,33577152,1204,0,0,0,0,0,3403480,3435208,5450,6070,8880,2.380,2.380
e000584,exploratory,copy_contiguous,candidate,1,4,BAAB,copy_contiguous,process,250,100,2,2,domain,synthetic_sweep,1,015d813736625640f12d26c5d349b92c14fd2fb4,false,a897dfa99e98479b638409c432d3d2bc8e7ba7d5ba4e5a046dd229021f58bffd,12b1dafe765a77d1a17115b0ae12cff973f20ed7d6d770fbd790695fe081288e,afaa9ca40fef1b2a362af2af235634b472665287e554d16b829c09e1a70787ac,8d5b7eba8aea53574190e7d4a6d9e7b424bc23a9e2a0b6968a27f1772509492b,6e938dfcd266a2b0eac811d7ea7eabbd5b217965f88efa81371465134dbcab11,2026-07-15T18:08:41.626213+00:00,8o8-arch,7.0.12-arch1-1,AMD Ryzen 9 3900X 12-Core Processor,"logical=24,cores=12,sockets=1,nodes=1",performance,rustc 1.97.0 (2d8144b78 2026-07-07),22.1.6,cargo 1.97.0 (c980f4866 2026-06-30),"release,lto=thin,debug=true",/home/bob/.cache/mess-bench,/dev/nvme0n1p3,ext4,/home,Samsung SSD 970 EVO Plus 2TB,[none] mq-deadline kyber bfq,249465602048,4096,1024,payload[i]=(i*131+17)&0xff,2.3759765625,accepted,,2,2,0,602,bytes,120400,120400,33577152,602,0,0,0,33577152,0,3192151,3202859,4970,7400,9450,2.380,2.380
e000585,exploratory,pwritev_full_8m,baseline,1,1,ABBA,k_pwrite,process,250,100,2,2,new_name,synthetic_sweep,1,015d813736625640f12d26c5d349b92c14fd2fb4,false,a897dfa99e98479b638409c432d3d2bc8e7ba7d5ba4e5a046dd229021f58bffd,12b1dafe765a77d1a17115b0ae12cff973f20ed7d6d770fbd790695fe081288e,afaa9ca40fef1b2a362af2af235634b472665287e554d16b829c09e1a70787ac,8d5b7eba8aea53574190e7d4a6d9e7b424bc23a9e2a0b6968a27f1772509492b,6e938dfcd266a2b0eac811d7ea7eabbd5b217965f88efa81371465134dbcab11,2026-07-15T18:08:42.656364+00:00,8o8-arch,7.0.12-arch1-1,AMD Ryzen 9 3900X 12-Core Processor,"logical=24,cores=12,sockets=1,nodes=1",performance,rustc 1.97.0 (2d8144b78 2026-07-07),22.1.6,cargo 1.97.0 (c980f4866 2026-06-30),"release,lto=thin,debug=true",/home/bob/.cache/mess-bench,/dev/nvme0n1p3,ext4,/home,Samsung SSD 970 EVO Plus 2TB,[none] mq-deadline kyber bfq,249465593856,4096,1024,payload[i]=(i*131+17)&0xff,2.3759765625,accepted,,2,4,0,599,bytes,120998,119800,33577544,2396,0,0,0,0,0,4317201,4365268,6960,8600,11430,2.380,2.380
e000586,exploratory,pwritev_full_8m,candidate,1,2,ABBA,pwritev_full_8m,process,250,100,2,2,new_name,synthetic_sweep,1,015d813736625640f12d26c5d349b92c14fd2fb4,false,a897dfa99e98479b638409c432d3d2bc8e7ba7d5ba4e5a046dd229021f58bffd,12b1dafe765a77d1a17115b0ae12cff973f20ed7d6d770fbd790695fe081288e,afaa9ca40fef1b2a362af2af235634b472665287e554d16b829c09e1a70787ac,8d5b7eba8aea53574190e7d4a6d9e7b424bc23a9e2a0b6968a27f1772509492b,6e938dfcd266a2b0eac811d7ea7eabbd5b217965f88efa81371465134dbcab11,2026-07-15T18:08:43.687041+00:00,8o8-arch,7.0.12-arch1-1,AMD Ryzen 9 3900X 12-Core Processor,"logical=24,cores=12,sockets=1,nodes=1",performance,rustc 1.97.0 (2d8144b78 2026-07-07),22.1.6,cargo 1.97.0 (c980f4866 2026-06-30),"release,lto=thin,debug=true",/home/bob/.cache/mess-bench,/dev/nvme0n1p3,ext4,/home,Samsung SSD 970 EVO Plus 2TB,[none] mq-deadline kyber bfq,249465593856,4096,1024,payload[i]=(i*131+17)&0xff,2.3759765625,accepted,,2,4,0,599,bytes,120998,119800,33577544,599,0,0,4,0,0,2687861,2717769,4270,5480,6970,2.380,2.380
e000587,exploratory,pwritev_full_8m,candidate,1,3,ABBA,pwritev_full_8m,process,250,100,2,2,new_name,synthetic_sweep,1,015d813736625640f12d26c5d349b92c14fd2fb4,false,a897dfa99e98479b638409c432d3d2bc8e7ba7d5ba4e5a046dd229021f58bffd,12b1dafe765a77d1a17115b0ae12cff973f20ed7d6d770fbd790695fe081288e,afaa9ca40fef1b2a362af2af235634b472665287e554d16b829c09e1a70787ac,8d5b7eba8aea53574190e7d4a6d9e7b424bc23a9e2a0b6968a27f1772509492b,6e938dfcd266a2b0eac811d7ea7eabbd5b217965f88efa81371465134dbcab11,2026-07-15T18:08:44.715263+00:00,8o8-arch,7.0.12-arch1-1,AMD Ryzen 9 3900X 12-Core Processor,"logical=24,cores=12,sockets=1,nodes=1",performance,rustc 1.97.0 (2d8144b78 2026-07-07),22.1.6,cargo 1.97.0 (c980f4866 2026-06-30),"release,lto=thin,debug=true",/home/bob/.cache/mess-bench,/dev/nvme0n1p3,ext4,/home,Samsung SSD 970 EVO Plus 2TB,[none] mq-deadline kyber bfq,249465589760,4096,1024,payload[i]=(i*131+17)&0xff,2.3759765625,accepted,,2,4,0,599,bytes,120998,119800,33577544,599,0,0,4,0,0,2648381,2675358,4230,4470,8780,2.380,2.380
e000588,exploratory,pwritev_full_8m,baseline,1,4,ABBA,k_pwrite,process,250,100,2,2,new_name,synthetic_sweep,1,015d813736625640f12d26c5d349b92c14fd2fb4,false,a897dfa99e98479b638409c432d3d2bc8e7ba7d5ba4e5a046dd229021f58bffd,12b1dafe765a77d1a17115b0ae12cff973f20ed7d6d770fbd790695fe081288e,afaa9ca40fef1b2a362af2af235634b472665287e554d16b829c09e1a70787ac,8d5b7eba8aea53574190e7d4a6d9e7b424bc23a9e2a0b6968a27f1772509492b,6e938dfcd266a2b0eac811d7ea7eabbd5b217965f88efa81371465134dbcab11,2026-07-15T18:08:45.745542+00:00,8o8-arch,7.0.12-arch1-1,AMD Ryzen 9 3900X 12-Core Processor,"logical=24,cores=12,sockets=1,nodes=1",performance,rustc 1.97.0 (2d8144b78 2026-07-07),22.1.6,cargo 1.97.0 (c980f4866 2026-06-30),"release,lto=thin,debug=true",/home/bob/.cache/mess-bench,/dev/nvme0n1p3,ext4,/home,Samsung SSD 970 EVO Plus 2TB,[none] mq-deadline kyber bfq,249465593856,4096,1024,payload[i]=(i*131+17)&0xff,2.345703125,accepted,,2,4,0,599,bytes,120998,119800,33577544,2396,0,0,0,0,0,4326411,4372027,6890,9140,10310,2.350,2.350
e000589,exploratory,copy_contiguous,candidate,1,1,BAAB,copy_contiguous,process,250,100,2,2,new_name,synthetic_sweep,1,015d813736625640f12d26c5d349b92c14fd2fb4,false,a897dfa99e98479b638409c432d3d2bc8e7ba7d5ba4e5a046dd229021f58bffd,12b1dafe765a77d1a17115b0ae12cff973f20ed7d6d770fbd790695fe081288e,afaa9ca40fef1b2a362af2af235634b472665287e554d16b829c09e1a70787ac,8d5b7eba8aea53574190e7d4a6d9e7b424bc23a9e2a0b6968a27f1772509492b,6e938dfcd266a2b0eac811d7ea7eabbd5b217965f88efa81371465134dbcab11,2026-07-15T18:08:46.770479+00:00,8o8-arch,7.0.12-arch1-1,AMD Ryzen 9 3900X 12-Core Processor,"logical=24,cores=12,sockets=1,nodes=1",performance,rustc 1.97.0 (2d8144b78 2026-07-07),22.1.6,cargo 1.97.0 (c980f4866 2026-06-30),"release,lto=thin,debug=true",/home/bob/.cache/mess-bench,/dev/nvme0n1p3,ext4,/home,Samsung SSD 970 EVO Plus 2TB,[none] mq-deadline kyber bfq,249465589760,4096,1024,payload[i]=(i*131+17)&0xff,2.345703125,accepted,,2,4,0,599,bytes,120998,119800,33577544,599,0,0,0,33577544,0,3220321,3258008,5240,5500,7920,2.350,2.350
e000590,exploratory,copy_contiguous,baseline,1,2,BAAB,k_pwrite,process,250,100,2,2,new_name,synthetic_sweep,1,015d813736625640f12d26c5d349b92c14fd2fb4,false,a897dfa99e98479b638409c432d3d2bc8e7ba7d5ba4e5a046dd229021f58bffd,12b1dafe765a77d1a17115b0ae12cff973f20ed7d6d770fbd790695fe081288e,afaa9ca40fef1b2a362af2af235634b472665287e554d16b829c09e1a70787ac,8d5b7eba8aea53574190e7d4a6d9e7b424bc23a9e2a0b6968a27f1772509492b,6e938dfcd266a2b0eac811d7ea7eabbd5b217965f88efa81371465134dbcab11,2026-07-15T18:08:47.792552+00:00,8o8-arch,7.0.12-arch1-1,AMD Ryzen 9 3900X 12-Core Processor,"logical=24,cores=12,sockets=1,nodes=1",performance,rustc 1.97.0 (2d8144b78 2026-07-07),22.1.6,cargo 1.97.0 (c980f4866 2026-06-30),"release,lto=thin,debug=true",/home/bob/.cache/mess-bench,/dev/nvme0n1p3,ext4,/home,Samsung SSD 970 EVO Plus 2TB,[none] mq-deadline kyber bfq,249465585664,4096,1024,payload[i]=(i*131+17)&0xff,2.345703125,accepted,,2,4,0,599,bytes,120998,119800,33577544,2396,0,0,0,0,0,5864811,7941205,6960,9650,30860,2.350,2.350
e000591,exploratory,copy_contiguous,baseline,1,3,BAAB,k_pwrite,process,250,100,2,2,new_name,synthetic_sweep,1,015d813736625640f12d26c5d349b92c14fd2fb4,false,a897dfa99e98479b638409c432d3d2bc8e7ba7d5ba4e5a046dd229021f58bffd,12b1dafe765a77d1a17115b0ae12cff973f20ed7d6d770fbd790695fe081288e,afaa9ca40fef1b2a362af2af235634b472665287e554d16b829c09e1a70787ac,8d5b7eba8aea53574190e7d4a6d9e7b424bc23a9e2a0b6968a27f1772509492b,6e938dfcd266a2b0eac811d7ea7eabbd5b217965f88efa81371465134dbcab11,2026-07-15T18:08:48.815179+00:00,8o8-arch,7.0.12-arch1-1,AMD Ryzen 9 3900X 12-Core Processor,"logical=24,cores=12,sockets=1,nodes=1",performance,rustc 1.97.0 (2d8144b78 2026-07-07),22.1.6,cargo 1.97.0 (c980f4866 2026-06-30),"release,lto=thin,debug=true",/home/bob/.cache/mess-bench,/dev/nvme0n1p3,ext4,/home,Samsung SSD 970 EVO Plus 2TB,[none] mq-deadline kyber bfq,249465597952,4096,1024,payload[i]=(i*131+17)&0xff,2.345703125,accepted,,2,4,0,599,bytes,120998,119800,33577544,2396,0,0,0,0,0,4234181,4264858,6850,8140,10340,2.350,2.350
e000592,exploratory,copy_contiguous,candidate,1,4,BAAB,copy_contiguous,process,250,100,2,2,new_name,synthetic_sweep,1,015d813736625640f12d26c5d349b92c14fd2fb4,false,a897dfa99e98479b638409c432d3d2bc8e7ba7d5ba4e5a046dd229021f58bffd,12b1dafe765a77d1a17115b0ae12cff973f20ed7d6d770fbd790695fe081288e,afaa9ca40fef1b2a362af2af235634b472665287e554d16b829c09e1a70787ac,8d5b7eba8aea53574190e7d4a6d9e7b424bc23a9e2a0b6968a27f1772509492b,6e938dfcd266a2b0eac811d7ea7eabbd5b217965f88efa81371465134dbcab11,2026-07-15T18:08:49.846262+00:00,8o8-arch,7.0.12-arch1-1,AMD Ryzen 9 3900X 12-Core Processor,"logical=24,cores=12,sockets=1,nodes=1",performance,rustc 1.97.0 (2d8144b78 2026-07-07),22.1.6,cargo 1.97.0 (c980f4866 2026-06-30),"release,lto=thin,debug=true",/home/bob/.cache/mess-bench,/dev/nvme0n1p3,ext4,/home,Samsung SSD 970 EVO Plus 2TB,[none] mq-deadline kyber bfq,249465597952,4096,1024,payload[i]=(i*131+17)&0xff,2.345703125,accepted,,2,4,0,599,bytes,120998,119800,33577544,599,0,0,0,33577544,0,3222821,3238468,5230,5870,7620,2.350,2.350
e000593,exploratory,pwritev_full_8m,baseline,1,1,ABBA,k_pwrite,process,250,100,4,4,domain,synthetic_sweep,1,015d813736625640f12d26c5d349b92c14fd2fb4,false,a897dfa99e98479b638409c432d3d2bc8e7ba7d5ba4e5a046dd229021f58bffd,12b1dafe765a77d1a17115b0ae12cff973f20ed7d6d770fbd790695fe081288e,afaa9ca40fef1b2a362af2af235634b472665287e554d16b829c09e1a70787ac,8d5b7eba8aea53574190e7d4a6d9e7b424bc23a9e2a0b6968a27f1772509492b,6e938dfcd266a2b0eac811d7ea7eabbd5b217965f88efa81371465134dbcab11,2026-07-15T18:08:50.879154+00:00,8o8-arch,7.0.12-arch1-1,AMD Ryzen 9 3900X 12-Core Processor,"logical=24,cores=12,sockets=1,nodes=1",performance,rustc 1.97.0 (2d8144b78 2026-07-07),22.1.6,cargo 1.97.0 (c980f4866 2026-06-30),"release,lto=thin,debug=true",/home/bob/.cache/mess-bench,/dev/nvme0n1p3,ext4,/home,Samsung SSD 970 EVO Plus 2TB,[none] mq-deadline kyber bfq,249465589760,4096,1024,payload[i]=(i*131+17)&0xff,2.23779296875,accepted,,4,4,0,301,bytes,120400,120400,33577152,1204,0,0,0,0,0,3701371,3753397,11320,18390,22150,2.240,2.240
e000594,exploratory,pwritev_full_8m,candidate,1,2,ABBA,pwritev_full_8m,process,250,100,4,4,domain,synthetic_sweep,1,015d813736625640f12d26c5d349b92c14fd2fb4,false,a897dfa99e98479b638409c432d3d2bc8e7ba7d5ba4e5a046dd229021f58bffd,12b1dafe765a77d1a17115b0ae12cff973f20ed7d6d770fbd790695fe081288e,afaa9ca40fef1b2a362af2af235634b472665287e554d16b829c09e1a70787ac,8d5b7eba8aea53574190e7d4a6d9e7b424bc23a9e2a0b6968a27f1772509492b,6e938dfcd266a2b0eac811d7ea7eabbd5b217965f88efa81371465134dbcab11,2026-07-15T18:08:51.905694+00:00,8o8-arch,7.0.12-arch1-1,AMD Ryzen 9 3900X 12-Core Processor,"logical=24,cores=12,sockets=1,nodes=1",performance,rustc 1.97.0 (2d8144b78 2026-07-07),22.1.6,cargo 1.97.0 (c980f4866 2026-06-30),"release,lto=thin,debug=true",/home/bob/.cache/mess-bench,/dev/nvme0n1p3,ext4,/home,Samsung SSD 970 EVO Plus 2TB,[none] mq-deadline kyber bfq,249465585664,4096,1024,payload[i]=(i*131+17)&0xff,2.23779296875,accepted,,4,4,0,301,bytes,120400,120400,33577152,301,0,0,4,0,0,2177890,2201919,6450,11120,15420,2.240,2.240
e000595,exploratory,pwritev_full_8m,candidate,1,3,ABBA,pwritev_full_8m,process,250,100,4,4,domain,synthetic_sweep,1,015d813736625640f12d26c5d349b92c14fd2fb4,false,a897dfa99e98479b638409c432d3d2bc8e7ba7d5ba4e5a046dd229021f58bffd,12b1dafe765a77d1a17115b0ae12cff973f20ed7d6d770fbd790695fe081288e,afaa9ca40fef1b2a362af2af235634b472665287e554d16b829c09e1a70787ac,8d5b7eba8aea53574190e7d4a6d9e7b424bc23a9e2a0b6968a27f1772509492b,6e938dfcd266a2b0eac811d7ea7eabbd5b217965f88efa81371465134dbcab11,2026-07-15T18:08:52.936285+00:00,8o8-arch,7.0.12-arch1-1,AMD Ryzen 9 3900X 12-Core Processor,"logical=24,cores=12,sockets=1,nodes=1",performance,rustc 1.97.0 (2d8144b78 2026-07-07),22.1.6,cargo 1.97.0 (c980f4866 2026-06-30),"release,lto=thin,debug=true",/home/bob/.cache/mess-bench,/dev/nvme0n1p3,ext4,/home,Samsung SSD 970 EVO Plus 2TB,[none] mq-deadline kyber bfq,249465577472,4096,1024,payload[i]=(i*131+17)&0xff,2.23779296875,accepted,,4,4,0,301,bytes,120400,120400,33577152,301,0,0,4,0,0,2028991,2044839,6340,8450,14490,2.240,2.240
e000596,exploratory,pwritev_full_8m,baseline,1,4,ABBA,k_pwrite,process,250,100,4,4,domain,synthetic_sweep,1,015d813736625640f12d26c5d349b92c14fd2fb4,false,a897dfa99e98479b638409c432d3d2bc8e7ba7d5ba4e5a046dd229021f58bffd,12b1dafe765a77d1a17115b0ae12cff973f20ed7d6d770fbd790695fe081288e,afaa9ca40fef1b2a362af2af235634b472665287e554d16b829c09e1a70787ac,8d5b7eba8aea53574190e7d4a6d9e7b424bc23a9e2a0b6968a27f1772509492b,6e938dfcd266a2b0eac811d7ea7eabbd5b217965f88efa81371465134dbcab11,2026-07-15T18:08:53.964509+00:00,8o8-arch,7.0.12-arch1-1,AMD Ryzen 9 3900X 12-Core Processor,"logical=24,cores=12,sockets=1,nodes=1",performance,rustc 1.97.0 (2d8144b78 2026-07-07),22.1.6,cargo 1.97.0 (c980f4866 2026-06-30),"release,lto=thin,debug=true",/home/bob/.cache/mess-bench,/dev/nvme0n1p3,ext4,/home,Samsung SSD 970 EVO Plus 2TB,[none] mq-deadline kyber bfq,249465577472,4096,1024,payload[i]=(i*131+17)&0xff,2.23779296875,accepted,,4,4,0,301,bytes,120400,120400,33577152,1204,0,0,0,0,0,3480571,3518938,11260,11930,17810,2.240,2.240
e000597,exploratory,copy_contiguous,candidate,1,1,BAAB,copy_contiguous,process,250,100,4,4,domain,synthetic_sweep,1,015d813736625640f12d26c5d349b92c14fd2fb4,false,a897dfa99e98479b638409c432d3d2bc8e7ba7d5ba4e5a046dd229021f58bffd,12b1dafe765a77d1a17115b0ae12cff973f20ed7d6d770fbd790695fe081288e,afaa9ca40fef1b2a362af2af235634b472665287e554d16b829c09e1a70787ac,8d5b7eba8aea53574190e7d4a6d9e7b424bc23a9e2a0b6968a27f1772509492b,6e938dfcd266a2b0eac811d7ea7eabbd5b217965f88efa81371465134dbcab11,2026-07-15T18:08:54.992399+00:00,8o8-arch,7.0.12-arch1-1,AMD Ryzen 9 3900X 12-Core Processor,"logical=24,cores=12,sockets=1,nodes=1",performance,rustc 1.97.0 (2d8144b78 2026-07-07),22.1.6,cargo 1.97.0 (c980f4866 2026-06-30),"release,lto=thin,debug=true",/home/bob/.cache/mess-bench,/dev/nvme0n1p3,ext4,/home,Samsung SSD 970 EVO Plus 2TB,[none] mq-deadline kyber bfq,249465573376,4096,1024,payload[i]=(i*131+17)&0xff,2.23779296875,accepted,,4,4,0,301,bytes,120400,120400,33577152,301,0,0,0,33577152,0,3287651,3318668,10320,16180,20070,2.240,2.240
e000598,exploratory,copy_contiguous,baseline,1,2,BAAB,k_pwrite,process,250,100,4,4,domain,synthetic_sweep,1,015d813736625640f12d26c5d349b92c14fd2fb4,false,a897dfa99e98479b638409c432d3d2bc8e7ba7d5ba4e5a046dd229021f58bffd,12b1dafe765a77d1a17115b0ae12cff973f20ed7d6d770fbd790695fe081288e,afaa9ca40fef1b2a362af2af235634b472665287e554d16b829c09e1a70787ac,8d5b7eba8aea53574190e7d4a6d9e7b424bc23a9e2a0b6968a27f1772509492b,6e938dfcd266a2b0eac811d7ea7eabbd5b217965f88efa81371465134dbcab11,2026-07-15T18:08:56.020739+00:00,8o8-arch,7.0.12-arch1-1,AMD Ryzen 9 3900X 12-Core Processor,"logical=24,cores=12,sockets=1,nodes=1",performance,rustc 1.97.0 (2d8144b78 2026-07-07),22.1.6,cargo 1.97.0 (c980f4866 2026-06-30),"release,lto=thin,debug=true",/home/bob/.cache/mess-bench,/dev/nvme0n1p3,ext4,/home,Samsung SSD 970 EVO Plus 2TB,[none] mq-deadline kyber bfq,249465573376,4096,1024,payload[i]=(i*131+17)&0xff,2.21875,accepted,,4,4,0,301,bytes,120400,120400,33577152,1204,0,0,0,0,0,4146542,4187857,11749,19530,26470,2.220,2.220
e000599,exploratory,copy_contiguous,baseline,1,3,BAAB,k_pwrite,process,250,100,4,4,domain,synthetic_sweep,1,015d813736625640f12d26c5d349b92c14fd2fb4,false,a897dfa99e98479b638409c432d3d2bc8e7ba7d5ba4e5a046dd229021f58bffd,12b1dafe765a77d1a17115b0ae12cff973f20ed7d6d770fbd790695fe081288e,afaa9ca40fef1b2a362af2af235634b472665287e554d16b829c09e1a70787ac,8d5b7eba8aea53574190e7d4a6d9e7b424bc23a9e2a0b6968a27f1772509492b,6e938dfcd266a2b0eac811d7ea7eabbd5b217965f88efa81371465134dbcab11,2026-07-15T18:08:57.051906+00:00,8o8-arch,7.0.12-arch1-1,AMD Ryzen 9 3900X 12-Core Processor,"logical=24,cores=12,sockets=1,nodes=1",performance,rustc 1.97.0 (2d8144b78 2026-07-07),22.1.6,cargo 1.97.0 (c980f4866 2026-06-30),"release,lto=thin,debug=true",/home/bob/.cache/mess-bench,/dev/nvme0n1p3,ext4,/home,Samsung SSD 970 EVO Plus 2TB,[none] mq-deadline kyber bfq,249465540608,4096,1024,payload[i]=(i*131+17)&0xff,2.21875,accepted,,4,4,0,301,bytes,120400,120400,33577152,1204,0,0,0,0,0,3967721,4001328,12460,17080,21870,2.220,2.220
e000600,exploratory,copy_contiguous,candidate,1,4,BAAB,copy_contiguous,process,250,100,4,4,domain,synthetic_sweep,1,015d813736625640f12d26c5d349b92c14fd2fb4,false,a897dfa99e98479b638409c432d3d2bc8e7ba7d5ba4e5a046dd229021f58bffd,12b1dafe765a77d1a17115b0ae12cff973f20ed7d6d770fbd790695fe081288e,afaa9ca40fef1b2a362af2af235634b472665287e554d16b829c09e1a70787ac,8d5b7eba8aea53574190e7d4a6d9e7b424bc23a9e2a0b6968a27f1772509492b,6e938dfcd266a2b0eac811d7ea7eabbd5b217965f88efa81371465134dbcab11,2026-07-15T18:08:58.084307+00:00,8o8-arch,7.0.12-arch1-1,AMD Ryzen 9 3900X 12-Core Processor,"logical=24,cores=12,sockets=1,nodes=1",performance,rustc 1.97.0 (2d8144b78 2026-07-07),22.1.6,cargo 1.97.0 (c980f4866 2026-06-30),"release,lto=thin,debug=true",/home/bob/.cache/mess-bench,/dev/nvme0n1p3,ext4,/home,Samsung SSD 970 EVO Plus 2TB,[none] mq-deadline kyber bfq,249465561088,4096,1024,payload[i]=(i*131+17)&0xff,2.21875,accepted,,4,4,0,301,bytes,120400,120400,33577152,301,0,0,0,33577152,0,2662801,2683828,8240,13230,17950,2.220,2.220
e000601,exploratory,pwritev_full_8m,baseline,1,1,ABBA,k_pwrite,process,250,100,4,4,new_name,synthetic_sweep,1,015d813736625640f12d26c5d349b92c14fd2fb4,false,a897dfa99e98479b638409c432d3d2bc8e7ba7d5ba4e5a046dd229021f58bffd,12b1dafe765a77d1a17115b0ae12cff973f20ed7d6d770fbd790695fe081288e,afaa9ca40fef1b2a362af2af235634b472665287e554d16b829c09e1a70787ac,8d5b7eba8aea53574190e7d4a6d9e7b424bc23a9e2a0b6968a27f1772509492b,6e938dfcd266a2b0eac811d7ea7eabbd5b217965f88efa81371465134dbcab11,2026-07-15T18:08:59.116734+00:00,8o8-arch,7.0.12-arch1-1,AMD Ryzen 9 3900X 12-Core Processor,"logical=24,cores=12,sockets=1,nodes=1",performance,rustc 1.97.0 (2d8144b78 2026-07-07),22.1.6,cargo 1.97.0 (c980f4866 2026-06-30),"release,lto=thin,debug=true",/home/bob/.cache/mess-bench,/dev/nvme0n1p3,ext4,/home,Samsung SSD 970 EVO Plus 2TB,[none] mq-deadline kyber bfq,249465524224,4096,1024,payload[i]=(i*131+17)&0xff,2.21875,accepted,,4,8,0,300,bytes,121200,120000,33633600,2400,0,0,0,0,0,5562242,5608447,19100,22470,30300,2.220,2.220
e000602,exploratory,pwritev_full_8m,candidate,1,2,ABBA,pwritev_full_8m,process,250,100,4,4,new_name,synthetic_sweep,1,015d813736625640f12d26c5d349b92c14fd2fb4,false,a897dfa99e98479b638409c432d3d2bc8e7ba7d5ba4e5a046dd229021f58bffd,12b1dafe765a77d1a17115b0ae12cff973f20ed7d6d770fbd790695fe081288e,afaa9ca40fef1b2a362af2af235634b472665287e554d16b829c09e1a70787ac,8d5b7eba8aea53574190e7d4a6d9e7b424bc23a9e2a0b6968a27f1772509492b,6e938dfcd266a2b0eac811d7ea7eabbd5b217965f88efa81371465134dbcab11,2026-07-15T18:09:00.149124+00:00,8o8-arch,7.0.12-arch1-1,AMD Ryzen 9 3900X 12-Core Processor,"logical=24,cores=12,sockets=1,nodes=1",performance,rustc 1.97.0 (2d8144b78 2026-07-07),22.1.6,cargo 1.97.0 (c980f4866 2026-06-30),"release,lto=thin,debug=true",/home/bob/.cache/mess-bench,/dev/nvme0n1p3,ext4,/home,Samsung SSD 970 EVO Plus 2TB,[none] mq-deadline kyber bfq,249465552896,4096,1024,payload[i]=(i*131+17)&0xff,2.21875,accepted,,4,8,0,300,bytes,121200,120000,33633600,300,0,0,8,0,0,2140881,2183139,6600,10590,13000,2.220,2.220
e000603,exploratory,pwritev_full_8m,candidate,1,3,ABBA,pwritev_full_8m,process,250,100,4,4,new_name,synthetic_sweep,1,015d813736625640f12d26c5d349b92c14fd2fb4,false,a897dfa99e98479b638409c432d3d2bc8e7ba7d5ba4e5a046dd229021f58bffd,12b1dafe765a77d1a17115b0ae12cff973f20ed7d6d770fbd790695fe081288e,afaa9ca40fef1b2a362af2af235634b472665287e554d16b829c09e1a70787ac,8d5b7eba8aea53574190e7d4a6d9e7b424bc23a9e2a0b6968a27f1772509492b,6e938dfcd266a2b0eac811d7ea7eabbd5b217965f88efa81371465134dbcab11,2026-07-15T18:09:01.181253+00:00,8o8-arch,7.0.12-arch1-1,AMD Ryzen 9 3900X 12-Core Processor,"logical=24,cores=12,sockets=1,nodes=1",performance,rustc 1.97.0 (2d8144b78 2026-07-07),22.1.6,cargo 1.97.0 (c980f4866 2026-06-30),"release,lto=thin,debug=true",/home/bob/.cache/mess-bench,/dev/nvme0n1p3,ext4,/home,Samsung SSD 970 EVO Plus 2TB,[none] mq-deadline kyber bfq,249465495552,4096,1024,payload[i]=(i*131+17)&0xff,2.201171875,accepted,,4,8,0,300,bytes,121200,120000,33633600,300,0,0,8,0,0,2195850,2212689,6950,9660,14160,2.200,2.200
e000604,exploratory,pwritev_full_8m,baseline,1,4,ABBA,k_pwrite,process,250,100,4,4,new_name,synthetic_sweep,1,015d813736625640f12d26c5d349b92c14fd2fb4,false,a897dfa99e98479b638409c432d3d2bc8e7ba7d5ba4e5a046dd229021f58bffd,12b1dafe765a77d1a17115b0ae12cff973f20ed7d6d770fbd790695fe081288e,afaa9ca40fef1b2a362af2af235634b472665287e554d16b829c09e1a70787ac,8d5b7eba8aea53574190e7d4a6d9e7b424bc23a9e2a0b6968a27f1772509492b,6e938dfcd266a2b0eac811d7ea7eabbd5b217965f88efa81371465134dbcab11,2026-07-15T18:09:02.207224+00:00,8o8-arch,7.0.12-arch1-1,AMD Ryzen 9 3900X 12-Core Processor,"logical=24,cores=12,sockets=1,nodes=1",performance,rustc 1.97.0 (2d8144b78 2026-07-07),22.1.6,cargo 1.97.0 (c980f4866 2026-06-30),"release,lto=thin,debug=true",/home/bob/.cache/mess-bench,/dev/nvme0n1p3,ext4,/home,Samsung SSD 970 EVO Plus 2TB,[none] mq-deadline kyber bfq,249465528320,4096,1024,payload[i]=(i*131+17)&0xff,2.201171875,accepted,,4,8,0,300,bytes,121200,120000,33633600,2400,0,0,0,0,0,4373211,4404097,14320,15520,21330,2.200,2.200
e000605,exploratory,copy_contiguous,candidate,1,1,BAAB,copy_contiguous,process,250,100,4,4,new_name,synthetic_sweep,1,015d813736625640f12d26c5d349b92c14fd2fb4,false,a897dfa99e98479b638409c432d3d2bc8e7ba7d5ba4e5a046dd229021f58bffd,12b1dafe765a77d1a17115b0ae12cff973f20ed7d6d770fbd790695fe081288e,afaa9ca40fef1b2a362af2af235634b472665287e554d16b829c09e1a70787ac,8d5b7eba8aea53574190e7d4a6d9e7b424bc23a9e2a0b6968a27f1772509492b,6e938dfcd266a2b0eac811d7ea7eabbd5b217965f88efa81371465134dbcab11,2026-07-15T18:09:03.231233+00:00,8o8-arch,7.0.12-arch1-1,AMD Ryzen 9 3900X 12-Core Processor,"logical=24,cores=12,sockets=1,nodes=1",performance,rustc 1.97.0 (2d8144b78 2026-07-07),22.1.6,cargo 1.97.0 (c980f4866 2026-06-30),"release,lto=thin,debug=true",/home/bob/.cache/mess-bench,/dev/nvme0n1p3,ext4,/home,Samsung SSD 970 EVO Plus 2TB,[none] mq-deadline kyber bfq,249465491456,4096,1024,payload[i]=(i*131+17)&0xff,2.201171875,accepted,,4,8,0,300,bytes,121200,120000,33633600,300,0,0,0,33633600,0,3095120,3121888,9720,13340,21540,2.200,2.200
e000606,exploratory,copy_contiguous,baseline,1,2,BAAB,k_pwrite,process,250,100,4,4,new_name,synthetic_sweep,1,015d813736625640f12d26c5d349b92c14fd2fb4,false,a897dfa99e98479b638409c432d3d2bc8e7ba7d5ba4e5a046dd229021f58bffd,12b1dafe765a77d1a17115b0ae12cff973f20ed7d6d770fbd790695fe081288e,afaa9ca40fef1b2a362af2af235634b472665287e554d16b829c09e1a70787ac,8d5b7eba8aea53574190e7d4a6d9e7b424bc23a9e2a0b6968a27f1772509492b,6e938dfcd266a2b0eac811d7ea7eabbd5b217965f88efa81371465134dbcab11,2026-07-15T18:09:04.260112+00:00,8o8-arch,7.0.12-arch1-1,AMD Ryzen 9 3900X 12-Core Processor,"logical=24,cores=12,sockets=1,nodes=1",performance,rustc 1.97.0 (2d8144b78 2026-07-07),22.1.6,cargo 1.97.0 (c980f4866 2026-06-30),"release,lto=thin,debug=true",/home/bob/.cache/mess-bench,/dev/nvme0n1p3,ext4,/home,Samsung SSD 970 EVO Plus 2TB,[none] mq-deadline kyber bfq,249465520128,4096,1024,payload[i]=(i*131+17)&0xff,2.201171875,accepted,,4,8,0,300,bytes,121200,120000,33633600,2400,0,0,0,0,0,7736152,8076695,14420,19310,33310,2.200,2.200
e000607,exploratory,copy_contiguous,baseline,1,3,BAAB,k_pwrite,process,250,100,4,4,new_name,synthetic_sweep,1,015d813736625640f12d26c5d349b92c14fd2fb4,false,a897dfa99e98479b638409c432d3d2bc8e7ba7d5ba4e5a046dd229021f58bffd,12b1dafe765a77d1a17115b0ae12cff973f20ed7d6d770fbd790695fe081288e,afaa9ca40fef1b2a362af2af235634b472665287e554d16b829c09e1a70787ac,8d5b7eba8aea53574190e7d4a6d9e7b424bc23a9e2a0b6968a27f1772509492b,6e938dfcd266a2b0eac811d7ea7eabbd5b217965f88efa81371465134dbcab11,2026-07-15T18:09:05.288668+00:00,8o8-arch,7.0.12-arch1-1,AMD Ryzen 9 3900X 12-Core Processor,"logical=24,cores=12,sockets=1,nodes=1",performance,rustc 1.97.0 (2d8144b78 2026-07-07),22.1.6,cargo 1.97.0 (c980f4866 2026-06-30),"release,lto=thin,debug=true",/home/bob/.cache/mess-bench,/dev/nvme0n1p3,ext4,/home,Samsung SSD 970 EVO Plus 2TB,[none] mq-deadline kyber bfq,249465487360,4096,1024,payload[i]=(i*131+17)&0xff,2.201171875,accepted,,4,8,0,300,bytes,121200,120000,33633600,2400,0,0,0,0,0,4638621,4678217,14450,21400,29120,2.200,2.200
e000608,exploratory,copy_contiguous,candidate,1,4,BAAB,copy_contiguous,process,250,100,4,4,new_name,synthetic_sweep,1,015d813736625640f12d26c5d349b92c14fd2fb4,false,a897dfa99e98479b638409c432d3d2bc8e7ba7d5ba4e5a046dd229021f58bffd,12b1dafe765a77d1a17115b0ae12cff973f20ed7d6d770fbd790695fe081288e,afaa9ca40fef1b2a362af2af235634b472665287e554d16b829c09e1a70787ac,8d5b7eba8aea53574190e7d4a6d9e7b424bc23a9e2a0b6968a27f1772509492b,6e938dfcd266a2b0eac811d7ea7eabbd5b217965f88efa81371465134dbcab11,2026-07-15T18:09:06.317034+00:00,8o8-arch,7.0.12-arch1-1,AMD Ryzen 9 3900X 12-Core Processor,"logical=24,cores=12,sockets=1,nodes=1",performance,rustc 1.97.0 (2d8144b78 2026-07-07),22.1.6,cargo 1.97.0 (c980f4866 2026-06-30),"release,lto=thin,debug=true",/home/bob/.cache/mess-bench,/dev/nvme0n1p3,ext4,/home,Samsung SSD 970 EVO Plus 2TB,[none] mq-deadline kyber bfq,249465516032,4096,1024,payload[i]=(i*131+17)&0xff,2.10498046875,accepted,,4,8,0,300,bytes,121200,120000,33633600,300,0,0,0,33633600,0,3359351,3402288,10720,12170,23800,2.100,2.100
e000609,exploratory,pwritev_full_8m,baseline,1,1,ABBA,k_pwrite,process,250,1000,2,2,domain,synthetic_sweep,1,015d813736625640f12d26c5d349b92c14fd2fb4,false,a897dfa99e98479b638409c432d3d2bc8e7ba7d5ba4e5a046dd229021f58bffd,12b1dafe765a77d1a17115b0ae12cff973f20ed7d6d770fbd790695fe081288e,afaa9ca40fef1b2a362af2af235634b472665287e554d16b829c09e1a70787ac,8d5b7eba8aea53574190e7d4a6d9e7b424bc23a9e2a0b6968a27f1772509492b,6e938dfcd266a2b0eac811d7ea7eabbd5b217965f88efa81371465134dbcab11,2026-07-15T18:09:07.347344+00:00,8o8-arch,7.0.12-arch1-1,AMD Ryzen 9 3900X 12-Core Processor,"logical=24,cores=12,sockets=1,nodes=1",performance,rustc 1.97.0 (2d8144b78 2026-07-07),22.1.6,cargo 1.97.0 (c980f4866 2026-06-30),"release,lto=thin,debug=true",/home/bob/.cache/mess-bench,/dev/nvme0n1p3,ext4,/home,Samsung SSD 970 EVO Plus 2TB,[none] mq-deadline kyber bfq,249465479168,4096,1024,payload[i]=(i*131+17)&0xff,2.10498046875,accepted,,2,2,0,61,bytes,122000,122000,33926736,122,0,0,0,0,0,3160511,3174158,51420,56740,61050,2.100,2.100
e000610,exploratory,pwritev_full_8m,candidate,1,2,ABBA,pwritev_full_8m,process,250,1000,2,2,domain,synthetic_sweep,1,015d813736625640f12d26c5d349b92c14fd2fb4,false,a897dfa99e98479b638409c432d3d2bc8e7ba7d5ba4e5a046dd229021f58bffd,12b1dafe765a77d1a17115b0ae12cff973f20ed7d6d770fbd790695fe081288e,afaa9ca40fef1b2a362af2af235634b472665287e554d16b829c09e1a70787ac,8d5b7eba8aea53574190e7d4a6d9e7b424bc23a9e2a0b6968a27f1772509492b,6e938dfcd266a2b0eac811d7ea7eabbd5b217965f88efa81371465134dbcab11,2026-07-15T18:09:08.378693+00:00,8o8-arch,7.0.12-arch1-1,AMD Ryzen 9 3900X 12-Core Processor,"logical=24,cores=12,sockets=1,nodes=1",performance,rustc 1.97.0 (2d8144b78 2026-07-07),22.1.6,cargo 1.97.0 (c980f4866 2026-06-30),"release,lto=thin,debug=true",/home/bob/.cache/mess-bench,/dev/nvme0n1p3,ext4,/home,Samsung SSD 970 EVO Plus 2TB,[none] mq-deadline kyber bfq,249465507840,4096,1024,payload[i]=(i*131+17)&0xff,2.10498046875,accepted,,2,2,0,61,bytes,122000,122000,33926736,61,0,0,2,0,0,2728461,2763168,44000,52710,61140,2.100,2.100
e000611,exploratory,pwritev_full_8m,candidate,1,3,ABBA,pwritev_full_8m,process,250,1000,2,2,domain,synthetic_sweep,1,015d813736625640f12d26c5d349b92c14fd2fb4,false,a897dfa99e98479b638409c432d3d2bc8e7ba7d5ba4e5a046dd229021f58bffd,12b1dafe765a77d1a17115b0ae12cff973f20ed7d6d770fbd790695fe081288e,afaa9ca40fef1b2a362af2af235634b472665287e554d16b829c09e1a70787ac,8d5b7eba8aea53574190e7d4a6d9e7b424bc23a9e2a0b6968a27f1772509492b,6e938dfcd266a2b0eac811d7ea7eabbd5b217965f88efa81371465134dbcab11,2026-07-15T18:09:09.420091+00:00,8o8-arch,7.0.12-arch1-1,AMD Ryzen 9 3900X 12-Core Processor,"logical=24,cores=12,sockets=1,nodes=1",performance,rustc 1.97.0 (2d8144b78 2026-07-07),22.1.6,cargo 1.97.0 (c980f4866 2026-06-30),"release,lto=thin,debug=true",/home/bob/.cache/mess-bench,/dev/nvme0n1p3,ext4,/home,Samsung SSD 970 EVO Plus 2TB,[none] mq-deadline kyber bfq,249465503744,4096,1024,payload[i]=(i*131+17)&0xff,2.10498046875,accepted,,2,2,0,61,bytes,122000,122000,33926736,61,0,0,2,0,0,2959501,2978628,47720,55390,59240,2.100,2.100
e000612,exploratory,pwritev_full_8m,baseline,1,4,ABBA,k_pwrite,process,250,1000,2,2,domain,synthetic_sweep,1,015d813736625640f12d26c5d349b92c14fd2fb4,false,a897dfa99e98479b638409c432d3d2bc8e7ba7d5ba4e5a046dd229021f58bffd,12b1dafe765a77d1a17115b0ae12cff973f20ed7d6d770fbd790695fe081288e,afaa9ca40fef1b2a362af2af235634b472665287e554d16b829c09e1a70787ac,8d5b7eba8aea53574190e7d4a6d9e7b424bc23a9e2a0b6968a27f1772509492b,6e938dfcd266a2b0eac811d7ea7eabbd5b217965f88efa81371465134dbcab11,2026-07-15T18:09:10.445044+00:00,8o8-arch,7.0.12-arch1-1,AMD Ryzen 9 3900X 12-Core Processor,"logical=24,cores=12,sockets=1,nodes=1",performance,rustc 1.97.0 (2d8144b78 2026-07-07),22.1.6,cargo 1.97.0 (c980f4866 2026-06-30),"release,lto=thin,debug=true",/home/bob/.cache/mess-bench,/dev/nvme0n1p3,ext4,/home,Samsung SSD 970 EVO Plus 2TB,[none] mq-deadline kyber bfq,249465499648,4096,1024,payload[i]=(i*131+17)&0xff,2.09619140625,accepted,,2,2,0,61,bytes,122000,122000,33926736,122,0,0,0,0,0,3004331,3045808,48560,58120,61980,2.100,2.100
e000613,exploratory,copy_contiguous,candidate,1,1,BAAB,copy_contiguous,process,250,1000,2,2,domain,synthetic_sweep,1,015d813736625640f12d26c5d349b92c14fd2fb4,false,a897dfa99e98479b638409c432d3d2bc8e7ba7d5ba4e5a046dd229021f58bffd,12b1dafe765a77d1a17115b0ae12cff973f20ed7d6d770fbd790695fe081288e,afaa9ca40fef1b2a362af2af235634b472665287e554d16b829c09e1a70787ac,8d5b7eba8aea53574190e7d4a6d9e7b424bc23a9e2a0b6968a27f1772509492b,6e938dfcd266a2b0eac811d7ea7eabbd5b217965f88efa81371465134dbcab11,2026-07-15T18:09:11.476866+00:00,8o8-arch,7.0.12-arch1-1,AMD Ryzen 9 3900X 12-Core Processor,"logical=24,cores=12,sockets=1,nodes=1",performance,rustc 1.97.0 (2d8144b78 2026-07-07),22.1.6,cargo 1.97.0 (c980f4866 2026-06-30),"release,lto=thin,debug=true",/home/bob/.cache/mess-bench,/dev/nvme0n1p3,ext4,/home,Samsung SSD 970 EVO Plus 2TB,[none] mq-deadline kyber bfq,249465487360,4096,1024,payload[i]=(i*131+17)&0xff,2.09619140625,accepted,,2,2,0,61,bytes,122000,122000,33926736,61,0,0,0,33926736,0,5199711,5259307,83760,96790,122430,2.100,2.100
e000614,exploratory,copy_contiguous,baseline,1,2,BAAB,k_pwrite,process,250,1000,2,2,domain,synthetic_sweep,1,015d813736625640f12d26c5d349b92c14fd2fb4,false,a897dfa99e98479b638409c432d3d2bc8e7ba7d5ba4e5a046dd229021f58bffd,12b1dafe765a77d1a17115b0ae12cff973f20ed7d6d770fbd790695fe081288e,afaa9ca40fef1b2a362af2af235634b472665287e554d16b829c09e1a70787ac,8d5b7eba8aea53574190e7d4a6d9e7b424bc23a9e2a0b6968a27f1772509492b,6e938dfcd266a2b0eac811d7ea7eabbd5b217965f88efa81371465134dbcab11,2026-07-15T18:09:12.508819+00:00,8o8-arch,7.0.12-arch1-1,AMD Ryzen 9 3900X 12-Core Processor,"logical=24,cores=12,sockets=1,nodes=1",performance,rustc 1.97.0 (2d8144b78 2026-07-07),22.1.6,cargo 1.97.0 (c980f4866 2026-06-30),"release,lto=thin,debug=true",/home/bob/.cache/mess-bench,/dev/nvme0n1p3,ext4,/home,Samsung SSD 970 EVO Plus 2TB,[none] mq-deadline kyber bfq,249465487360,4096,1024,payload[i]=(i*131+17)&0xff,2.09619140625,accepted,,2,2,0,61,bytes,122000,122000,33926736,122,0,0,0,0,0,3145171,3161738,50780,57799,59270,2.100,2.100
e000615,exploratory,copy_contiguous,baseline,1,3,BAAB,k_pwrite,process,250,1000,2,2,domain,synthetic_sweep,1,015d813736625640f12d26c5d349b92c14fd2fb4,false,a897dfa99e98479b638409c432d3d2bc8e7ba7d5ba4e5a046dd229021f58bffd,12b1dafe765a77d1a17115b0ae12cff973f20ed7d6d770fbd790695fe081288e,afaa9ca40fef1b2a362af2af235634b472665287e554d16b829c09e1a70787ac,8d5b7eba8aea53574190e7d4a6d9e7b424bc23a9e2a0b6968a27f1772509492b,6e938dfcd266a2b0eac811d7ea7eabbd5b217965f88efa81371465134dbcab11,2026-07-15T18:09:13.541127+00:00,8o8-arch,7.0.12-arch1-1,AMD Ryzen 9 3900X 12-Core Processor,"logical=24,cores=12,sockets=1,nodes=1",performance,rustc 1.97.0 (2d8144b78 2026-07-07),22.1.6,cargo 1.97.0 (c980f4866 2026-06-30),"release,lto=thin,debug=true",/home/bob/.cache/mess-bench,/dev/nvme0n1p3,ext4,/home,Samsung SSD 970 EVO Plus 2TB,[none] mq-deadline kyber bfq,249465487360,4096,1024,payload[i]=(i*131+17)&0xff,2.09619140625,accepted,,2,2,0,61,bytes,122000,122000,33926736,122,0,0,0,0,0,3018281,3048918,48720,54160,59690,2.100,2.100
e000616,exploratory,copy_contiguous,candidate,1,4,BAAB,copy_contiguous,process,250,1000,2,2,domain,synthetic_sweep,1,015d813736625640f12d26c5d349b92c14fd2fb4,false,a897dfa99e98479b638409c432d3d2bc8e7ba7d5ba4e5a046dd229021f58bffd,12b1dafe765a77d1a17115b0ae12cff973f20ed7d6d770fbd790695fe081288e,afaa9ca40fef1b2a362af2af235634b472665287e554d16b829c09e1a70787ac,8d5b7eba8aea53574190e7d4a6d9e7b424bc23a9e2a0b6968a27f1772509492b,6e938dfcd266a2b0eac811d7ea7eabbd5b217965f88efa81371465134dbcab11,2026-07-15T18:09:14.573867+00:00,8o8-arch,7.0.12-arch1-1,AMD Ryzen 9 3900X 12-Core Processor,"logical=24,cores=12,sockets=1,nodes=1",performance,rustc 1.97.0 (2d8144b78 2026-07-07),22.1.6,cargo 1.97.0 (c980f4866 2026-06-30),"release,lto=thin,debug=true",/home/bob/.cache/mess-bench,/dev/nvme0n1p3,ext4,/home,Samsung SSD 970 EVO Plus 2TB,[none] mq-deadline kyber bfq,249465483264,4096,1024,payload[i]=(i*131+17)&0xff,2.09619140625,accepted,,2,2,0,61,bytes,122000,122000,33926736,61,0,0,0,33926736,0,5428931,5938276,86040,104960,168530,2.100,2.100
e000617,exploratory,pwritev_full_8m,baseline,1,1,ABBA,k_pwrite,process,250,1000,2,2,new_name,synthetic_sweep,1,015d813736625640f12d26c5d349b92c14fd2fb4,false,a897dfa99e98479b638409c432d3d2bc8e7ba7d5ba4e5a046dd229021f58bffd,12b1dafe765a77d1a17115b0ae12cff973f20ed7d6d770fbd790695fe081288e,afaa9ca40fef1b2a362af2af235634b472665287e554d16b829c09e1a70787ac,8d5b7eba8aea53574190e7d4a6d9e7b424bc23a9e2a0b6968a27f1772509492b,6e938dfcd266a2b0eac811d7ea7eabbd5b217965f88efa81371465134dbcab11,2026-07-15T18:09:15.602290+00:00,8o8-arch,7.0.12-arch1-1,AMD Ryzen 9 3900X 12-Core Processor,"logical=24,cores=12,sockets=1,nodes=1",performance,rustc 1.97.0 (2d8144b78 2026-07-07),22.1.6,cargo 1.97.0 (c980f4866 2026-06-30),"release,lto=thin,debug=true",/home/bob/.cache/mess-bench,/dev/nvme0n1p3,ext4,/home,Samsung SSD 970 EVO Plus 2TB,[none] mq-deadline kyber bfq,249465479168,4096,1024,payload[i]=(i*131+17)&0xff,2.08837890625,accepted,,2,4,0,61,bytes,122122,122000,33943816,244,0,0,0,0,0,3101331,3118198,50330,57200,60620,2.090,2.090
e000618,exploratory,pwritev_full_8m,candidate,1,2,ABBA,pwritev_full_8m,process,250,1000,2,2,new_name,synthetic_sweep,1,015d813736625640f12d26c5d349b92c14fd2fb4,false,a897dfa99e98479b638409c432d3d2bc8e7ba7d5ba4e5a046dd229021f58bffd,12b1dafe765a77d1a17115b0ae12cff973f20ed7d6d770fbd790695fe081288e,afaa9ca40fef1b2a362af2af235634b472665287e554d16b829c09e1a70787ac,8d5b7eba8aea53574190e7d4a6d9e7b424bc23a9e2a0b6968a27f1772509492b,6e938dfcd266a2b0eac811d7ea7eabbd5b217965f88efa81371465134dbcab11,2026-07-15T18:09:16.630277+00:00,8o8-arch,7.0.12-arch1-1,AMD Ryzen 9 3900X 12-Core Processor,"logical=24,cores=12,sockets=1,nodes=1",performance,rustc 1.97.0 (2d8144b78 2026-07-07),22.1.6,cargo 1.97.0 (c980f4866 2026-06-30),"release,lto=thin,debug=true",/home/bob/.cache/mess-bench,/dev/nvme0n1p3,ext4,/home,Samsung SSD 970 EVO Plus 2TB,[none] mq-deadline kyber bfq,249465479168,4096,1024,payload[i]=(i*131+17)&0xff,2.08837890625,accepted,,2,4,0,61,bytes,122122,122000,33943816,61,0,0,4,0,0,2919921,3021598,45910,54750,78920,2.090,2.090
e000619,exploratory,pwritev_full_8m,candidate,1,3,ABBA,pwritev_full_8m,process,250,1000,2,2,new_name,synthetic_sweep,1,015d813736625640f12d26c5d349b92c14fd2fb4,false,a897dfa99e98479b638409c432d3d2bc8e7ba7d5ba4e5a046dd229021f58bffd,12b1dafe765a77d1a17115b0ae12cff973f20ed7d6d770fbd790695fe081288e,afaa9ca40fef1b2a362af2af235634b472665287e554d16b829c09e1a70787ac,8d5b7eba8aea53574190e7d4a6d9e7b424bc23a9e2a0b6968a27f1772509492b,6e938dfcd266a2b0eac811d7ea7eabbd5b217965f88efa81371465134dbcab11,2026-07-15T18:09:17.660267+00:00,8o8-arch,7.0.12-arch1-1,AMD Ryzen 9 3900X 12-Core Processor,"logical=24,cores=12,sockets=1,nodes=1",performance,rustc 1.97.0 (2d8144b78 2026-07-07),22.1.6,cargo 1.97.0 (c980f4866 2026-06-30),"release,lto=thin,debug=true",/home/bob/.cache/mess-bench,/dev/nvme0n1p3,ext4,/home,Samsung SSD 970 EVO Plus 2TB,[none] mq-deadline kyber bfq,249465479168,4096,1024,payload[i]=(i*131+17)&0xff,2.08837890625,accepted,,2,4,0,61,bytes,122122,122000,33943816,61,0,0,4,0,0,6484752,6580486,47040,129160,593719,2.090,2.090
e000620,exploratory,pwritev_full_8m,baseline,1,4,ABBA,k_pwrite,process,250,1000,2,2,new_name,synthetic_sweep,1,015d813736625640f12d26c5d349b92c14fd2fb4,false,a897dfa99e98479b638409c432d3d2bc8e7ba7d5ba4e5a046dd229021f58bffd,12b1dafe765a77d1a17115b0ae12cff973f20ed7d6d770fbd790695fe081288e,afaa9ca40fef1b2a362af2af235634b472665287e554d16b829c09e1a70787ac,8d5b7eba8aea53574190e7d4a6d9e7b424bc23a9e2a0b6968a27f1772509492b,6e938dfcd266a2b0eac811d7ea7eabbd5b217965f88efa81371465134dbcab11,2026-07-15T18:09:18.691594+00:00,8o8-arch,7.0.12-arch1-1,AMD Ryzen 9 3900X 12-Core Processor,"logical=24,cores=12,sockets=1,nodes=1",performance,rustc 1.97.0 (2d8144b78 2026-07-07),22.1.6,cargo 1.97.0 (c980f4866 2026-06-30),"release,lto=thin,debug=true",/home/bob/.cache/mess-bench,/dev/nvme0n1p3,ext4,/home,Samsung SSD 970 EVO Plus 2TB,[none] mq-deadline kyber bfq,249465458688,4096,1024,payload[i]=(i*131+17)&0xff,2.08837890625,accepted,,2,4,0,61,bytes,122122,122000,33943816,244,0,0,0,0,0,5365581,5412836,51110,84570,392190,2.090,2.090
e000621,exploratory,copy_contiguous,candidate,1,1,BAAB,copy_contiguous,process,250,1000,2,2,new_name,synthetic_sweep,1,015d813736625640f12d26c5d349b92c14fd2fb4,false,a897dfa99e98479b638409c432d3d2bc8e7ba7d5ba4e5a046dd229021f58bffd,12b1dafe765a77d1a17115b0ae12cff973f20ed7d6d770fbd790695fe081288e,afaa9ca40fef1b2a362af2af235634b472665287e554d16b829c09e1a70787ac,8d5b7eba8aea53574190e7d4a6d9e7b424bc23a9e2a0b6968a27f1772509492b,6e938dfcd266a2b0eac811d7ea7eabbd5b217965f88efa81371465134dbcab11,2026-07-15T18:09:19.720515+00:00,8o8-arch,7.0.12-arch1-1,AMD Ryzen 9 3900X 12-Core Processor,"logical=24,cores=12,sockets=1,nodes=1",performance,rustc 1.97.0 (2d8144b78 2026-07-07),22.1.6,cargo 1.97.0 (c980f4866 2026-06-30),"release,lto=thin,debug=true",/home/bob/.cache/mess-bench,/dev/nvme0n1p3,ext4,/home,Samsung SSD 970 EVO Plus 2TB,[none] mq-deadline kyber bfq,249465458688,4096,1024,payload[i]=(i*131+17)&0xff,2.08837890625,accepted,,2,4,0,61,bytes,122122,122000,33943816,61,0,0,0,33943816,0,5494082,5673346,86390,126100,138240,2.090,2.090
e000622,exploratory,copy_contiguous,baseline,1,2,BAAB,k_pwrite,process,250,1000,2,2,new_name,synthetic_sweep,1,015d813736625640f12d26c5d349b92c14fd2fb4,false,a897dfa99e98479b638409c432d3d2bc8e7ba7d5ba4e5a046dd229021f58bffd,12b1dafe765a77d1a17115b0ae12cff973f20ed7d6d770fbd790695fe081288e,afaa9ca40fef1b2a362af2af235634b472665287e554d16b829c09e1a70787ac,8d5b7eba8aea53574190e7d4a6d9e7b424bc23a9e2a0b6968a27f1772509492b,6e938dfcd266a2b0eac811d7ea7eabbd5b217965f88efa81371465134dbcab11,2026-07-15T18:09:20.744526+00:00,8o8-arch,7.0.12-arch1-1,AMD Ryzen 9 3900X 12-Core Processor,"logical=24,cores=12,sockets=1,nodes=1",performance,rustc 1.97.0 (2d8144b78 2026-07-07),22.1.6,cargo 1.97.0 (c980f4866 2026-06-30),"release,lto=thin,debug=true",/home/bob/.cache/mess-bench,/dev/nvme0n1p3,ext4,/home,Samsung SSD 970 EVO Plus 2TB,[none] mq-deadline kyber bfq,249465458688,4096,1024,payload[i]=(i*131+17)&0xff,2.88232421875,accepted,,2,4,0,61,bytes,122122,122000,33943816,244,0,0,0,0,0,3175431,3406198,51060,70620,74170,2.880,2.880
e000623,exploratory,copy_contiguous,baseline,1,3,BAAB,k_pwrite,process,250,1000,2,2,new_name,synthetic_sweep,1,015d813736625640f12d26c5d349b92c14fd2fb4,false,a897dfa99e98479b638409c432d3d2bc8e7ba7d5ba4e5a046dd229021f58bffd,12b1dafe765a77d1a17115b0ae12cff973f20ed7d6d770fbd790695fe081288e,afaa9ca40fef1b2a362af2af235634b472665287e554d16b829c09e1a70787ac,8d5b7eba8aea53574190e7d4a6d9e7b424bc23a9e2a0b6968a27f1772509492b,6e938dfcd266a2b0eac811d7ea7eabbd5b217965f88efa81371465134dbcab11,2026-07-15T18:09:21.776377+00:00,8o8-arch,7.0.12-arch1-1,AMD Ryzen 9 3900X 12-Core Processor,"logical=24,cores=12,sockets=1,nodes=1",performance,rustc 1.97.0 (2d8144b78 2026-07-07),22.1.6,cargo 1.97.0 (c980f4866 2026-06-30),"release,lto=thin,debug=true",/home/bob/.cache/mess-bench,/dev/nvme0n1p3,ext4,/home,Samsung SSD 970 EVO Plus 2TB,[none] mq-deadline kyber bfq,249465454592,4096,1024,payload[i]=(i*131+17)&0xff,2.88232421875,accepted,,2,4,0,61,bytes,122122,122000,33943816,244,0,0,0,0,0,3217201,3232958,52280,59490,61920,2.880,2.880
e000624,exploratory,copy_contiguous,candidate,1,4,BAAB,copy_contiguous,process,250,1000,2,2,new_name,synthetic_sweep,1,015d813736625640f12d26c5d349b92c14fd2fb4,false,a897dfa99e98479b638409c432d3d2bc8e7ba7d5ba4e5a046dd229021f58bffd,12b1dafe765a77d1a17115b0ae12cff973f20ed7d6d770fbd790695fe081288e,afaa9ca40fef1b2a362af2af235634b472665287e554d16b829c09e1a70787ac,8d5b7eba8aea53574190e7d4a6d9e7b424bc23a9e2a0b6968a27f1772509492b,6e938dfcd266a2b0eac811d7ea7eabbd5b217965f88efa81371465134dbcab11,2026-07-15T18:09:22.808987+00:00,8o8-arch,7.0.12-arch1-1,AMD Ryzen 9 3900X 12-Core Processor,"logical=24,cores=12,sockets=1,nodes=1",performance,rustc 1.97.0 (2d8144b78 2026-07-07),22.1.6,cargo 1.97.0 (c980f4866 2026-06-30),"release,lto=thin,debug=true",/home/bob/.cache/mess-bench,/dev/nvme0n1p3,ext4,/home,Samsung SSD 970 EVO Plus 2TB,[none] mq-deadline kyber bfq,249465450496,4096,1024,payload[i]=(i*131+17)&0xff,2.88232421875,accepted,,2,4,0,61,bytes,122122,122000,33943816,61,0,0,0,33943816,0,5207242,5255117,83600,97610,108320,2.880,2.880
e000625,exploratory,pwritev_full_8m,baseline,1,1,ABBA,k_pwrite,process,250,1000,4,4,domain,synthetic_sweep,1,015d813736625640f12d26c5d349b92c14fd2fb4,false,a897dfa99e98479b638409c432d3d2bc8e7ba7d5ba4e5a046dd229021f58bffd,12b1dafe765a77d1a17115b0ae12cff973f20ed7d6d770fbd790695fe081288e,afaa9ca40fef1b2a362af2af235634b472665287e554d16b829c09e1a70787ac,8d5b7eba8aea53574190e7d4a6d9e7b424bc23a9e2a0b6968a27f1772509492b,6e938dfcd266a2b0eac811d7ea7eabbd5b217965f88efa81371465134dbcab11,2026-07-15T18:09:23.841898+00:00,8o8-arch,7.0.12-arch1-1,AMD Ryzen 9 3900X 12-Core Processor,"logical=24,cores=12,sockets=1,nodes=1",performance,rustc 1.97.0 (2d8144b78 2026-07-07),22.1.6,cargo 1.97.0 (c980f4866 2026-06-30),"release,lto=thin,debug=true",/home/bob/.cache/mess-bench,/dev/nvme0n1p3,ext4,/home,Samsung SSD 970 EVO Plus 2TB,[none] mq-deadline kyber bfq,249465450496,4096,1024,payload[i]=(i*131+17)&0xff,2.88232421875,accepted,,4,4,0,31,bytes,124000,124000,34482912,124,0,0,0,0,0,3061561,3096448,98540,108540,125470,2.880,2.880
e000626,exploratory,pwritev_full_8m,candidate,1,2,ABBA,pwritev_full_8m,process,250,1000,4,4,domain,synthetic_sweep,1,015d813736625640f12d26c5d349b92c14fd2fb4,false,a897dfa99e98479b638409c432d3d2bc8e7ba7d5ba4e5a046dd229021f58bffd,12b1dafe765a77d1a17115b0ae12cff973f20ed7d6d770fbd790695fe081288e,afaa9ca40fef1b2a362af2af235634b472665287e554d16b829c09e1a70787ac,8d5b7eba8aea53574190e7d4a6d9e7b424bc23a9e2a0b6968a27f1772509492b,6e938dfcd266a2b0eac811d7ea7eabbd5b217965f88efa81371465134dbcab11,2026-07-15T18:09:24.871879+00:00,8o8-arch,7.0.12-arch1-1,AMD Ryzen 9 3900X 12-Core Processor,"logical=24,cores=12,sockets=1,nodes=1",performance,rustc 1.97.0 (2d8144b78 2026-07-07),22.1.6,cargo 1.97.0 (c980f4866 2026-06-30),"release,lto=thin,debug=true",/home/bob/.cache/mess-bench,/dev/nvme0n1p3,ext4,/home,Samsung SSD 970 EVO Plus 2TB,[none] mq-deadline kyber bfq,249465450496,4096,1024,payload[i]=(i*131+17)&0xff,2.88232421875,accepted,,4,4,0,31,bytes,124000,124000,34482912,31,0,0,4,0,0,2965651,2985289,97500,106100,108080,2.880,2.880
e000627,exploratory,pwritev_full_8m,candidate,1,3,ABBA,pwritev_full_8m,process,250,1000,4,4,domain,synthetic_sweep,1,015d813736625640f12d26c5d349b92c14fd2fb4,false,a897dfa99e98479b638409c432d3d2bc8e7ba7d5ba4e5a046dd229021f58bffd,12b1dafe765a77d1a17115b0ae12cff973f20ed7d6d770fbd790695fe081288e,afaa9ca40fef1b2a362af2af235634b472665287e554d16b829c09e1a70787ac,8d5b7eba8aea53574190e7d4a6d9e7b424bc23a9e2a0b6968a27f1772509492b,6e938dfcd266a2b0eac811d7ea7eabbd5b217965f88efa81371465134dbcab11,2026-07-15T18:09:25.900204+00:00,8o8-arch,7.0.12-arch1-1,AMD Ryzen 9 3900X 12-Core Processor,"logical=24,cores=12,sockets=1,nodes=1",performance,rustc 1.97.0 (2d8144b78 2026-07-07),22.1.6,cargo 1.97.0 (c980f4866 2026-06-30),"release,lto=thin,debug=true",/home/bob/.cache/mess-bench,/dev/nvme0n1p3,ext4,/home,Samsung SSD 970 EVO Plus 2TB,[none] mq-deadline kyber bfq,249465450496,4096,1024,payload[i]=(i*131+17)&0xff,4.57373046875,accepted,,4,4,0,31,bytes,124000,124000,34482912,31,0,0,4,0,0,2860480,2882808,90000,110340,111770,4.570,4.570
e000628,exploratory,pwritev_full_8m,baseline,1,4,ABBA,k_pwrite,process,250,1000,4,4,domain,synthetic_sweep,1,015d813736625640f12d26c5d349b92c14fd2fb4,false,a897dfa99e98479b638409c432d3d2bc8e7ba7d5ba4e5a046dd229021f58bffd,12b1dafe765a77d1a17115b0ae12cff973f20ed7d6d770fbd790695fe081288e,afaa9ca40fef1b2a362af2af235634b472665287e554d16b829c09e1a70787ac,8d5b7eba8aea53574190e7d4a6d9e7b424bc23a9e2a0b6968a27f1772509492b,6e938dfcd266a2b0eac811d7ea7eabbd5b217965f88efa81371465134dbcab11,2026-07-15T18:09:26.928749+00:00,8o8-arch,7.0.12-arch1-1,AMD Ryzen 9 3900X 12-Core Processor,"logical=24,cores=12,sockets=1,nodes=1",performance,rustc 1.97.0 (2d8144b78 2026-07-07),22.1.6,cargo 1.97.0 (c980f4866 2026-06-30),"release,lto=thin,debug=true",/home/bob/.cache/mess-bench,/dev/nvme0n1p3,ext4,/home,Samsung SSD 970 EVO Plus 2TB,[none] mq-deadline kyber bfq,249465442304,4096,1024,payload[i]=(i*131+17)&0xff,4.57373046875,accepted,,4,4,0,31,bytes,124000,124000,34482912,124,0,0,0,0,0,5216901,5249947,100880,665380,1451329,4.570,4.570
e000629,exploratory,copy_contiguous,candidate,1,1,BAAB,copy_contiguous,process,250,1000,4,4,domain,synthetic_sweep,1,015d813736625640f12d26c5d349b92c14fd2fb4,false,a897dfa99e98479b638409c432d3d2bc8e7ba7d5ba4e5a046dd229021f58bffd,12b1dafe765a77d1a17115b0ae12cff973f20ed7d6d770fbd790695fe081288e,afaa9ca40fef1b2a362af2af235634b472665287e554d16b829c09e1a70787ac,8d5b7eba8aea53574190e7d4a6d9e7b424bc23a9e2a0b6968a27f1772509492b,6e938dfcd266a2b0eac811d7ea7eabbd5b217965f88efa81371465134dbcab11,2026-07-15T18:09:27.950824+00:00,8o8-arch,7.0.12-arch1-1,AMD Ryzen 9 3900X 12-Core Processor,"logical=24,cores=12,sockets=1,nodes=1",performance,rustc 1.97.0 (2d8144b78 2026-07-07),22.1.6,cargo 1.97.0 (c980f4866 2026-06-30),"release,lto=thin,debug=true",/home/bob/.cache/mess-bench,/dev/nvme0n1p3,ext4,/home,Samsung SSD 970 EVO Plus 2TB,[none] mq-deadline kyber bfq,249465442304,4096,1024,payload[i]=(i*131+17)&0xff,4.57373046875,accepted,,4,4,0,31,bytes,124000,124000,34482912,31,0,0,0,34482912,0,5303682,5373036,168340,199470,202140,4.570,4.570
e000630,exploratory,copy_contiguous,baseline,1,2,BAAB,k_pwrite,process,250,1000,4,4,domain,synthetic_sweep,1,015d813736625640f12d26c5d349b92c14fd2fb4,false,a897dfa99e98479b638409c432d3d2bc8e7ba7d5ba4e5a046dd229021f58bffd,12b1dafe765a77d1a17115b0ae12cff973f20ed7d6d770fbd790695fe081288e,afaa9ca40fef1b2a362af2af235634b472665287e554d16b829c09e1a70787ac,8d5b7eba8aea53574190e7d4a6d9e7b424bc23a9e2a0b6968a27f1772509492b,6e938dfcd266a2b0eac811d7ea7eabbd5b217965f88efa81371465134dbcab11,2026-07-15T18:09:28.980592+00:00,8o8-arch,7.0.12-arch1-1,AMD Ryzen 9 3900X 12-Core Processor,"logical=24,cores=12,sockets=1,nodes=1",performance,rustc 1.97.0 (2d8144b78 2026-07-07),22.1.6,cargo 1.97.0 (c980f4866 2026-06-30),"release,lto=thin,debug=true",/home/bob/.cache/mess-bench,/dev/nvme0n1p3,ext4,/home,Samsung SSD 970 EVO Plus 2TB,[none] mq-deadline kyber bfq,249465438208,4096,1024,payload[i]=(i*131+17)&0xff,4.57373046875,accepted,,4,4,0,31,bytes,124000,124000,34482912,124,0,0,0,0,0,3166301,3183159,101420,110040,113720,4.570,4.570
e000631,exploratory,copy_contiguous,baseline,1,3,BAAB,k_pwrite,process,250,1000,4,4,domain,synthetic_sweep,1,015d813736625640f12d26c5d349b92c14fd2fb4,false,a897dfa99e98479b638409c432d3d2bc8e7ba7d5ba4e5a046dd229021f58bffd,12b1dafe765a77d1a17115b0ae12cff973f20ed7d6d770fbd790695fe081288e,afaa9ca40fef1b2a362af2af235634b472665287e554d16b829c09e1a70787ac,8d5b7eba8aea53574190e7d4a6d9e7b424bc23a9e2a0b6968a27f1772509492b,6e938dfcd266a2b0eac811d7ea7eabbd5b217965f88efa81371465134dbcab11,2026-07-15T18:09:30.012504+00:00,8o8-arch,7.0.12-arch1-1,AMD Ryzen 9 3900X 12-Core Processor,"logical=24,cores=12,sockets=1,nodes=1",performance,rustc 1.97.0 (2d8144b78 2026-07-07),22.1.6,cargo 1.97.0 (c980f4866 2026-06-30),"release,lto=thin,debug=true",/home/bob/.cache/mess-bench,/dev/nvme0n1p3,ext4,/home,Samsung SSD 970 EVO Plus 2TB,[none] mq-deadline kyber bfq,249465438208,4096,1024,payload[i]=(i*131+17)&0xff,4.57373046875,accepted,,4,4,0,31,bytes,124000,124000,34482912,124,0,0,0,0,0,3212481,3249768,99520,134540,154690,4.570,4.570
e000632,exploratory,copy_contiguous,candidate,1,4,BAAB,copy_contiguous,process,250,1000,4,4,domain,synthetic_sweep,1,015d813736625640f12d26c5d349b92c14fd2fb4,false,a897dfa99e98479b638409c432d3d2bc8e7ba7d5ba4e5a046dd229021f58bffd,12b1dafe765a77d1a17115b0ae12cff973f20ed7d6d770fbd790695fe081288e,afaa9ca40fef1b2a362af2af235634b472665287e554d16b829c09e1a70787ac,8d5b7eba8aea53574190e7d4a6d9e7b424bc23a9e2a0b6968a27f1772509492b,6e938dfcd266a2b0eac811d7ea7eabbd5b217965f88efa81371465134dbcab11,2026-07-15T18:09:31.043158+00:00,8o8-arch,7.0.12-arch1-1,AMD Ryzen 9 3900X 12-Core Processor,"logical=24,cores=12,sockets=1,nodes=1",performance,rustc 1.97.0 (2d8144b78 2026-07-07),22.1.6,cargo 1.97.0 (c980f4866 2026-06-30),"release,lto=thin,debug=true",/home/bob/.cache/mess-bench,/dev/nvme0n1p3,ext4,/home,Samsung SSD 970 EVO Plus 2TB,[none] mq-deadline kyber bfq,249465442304,4096,1024,payload[i]=(i*131+17)&0xff,4.68798828125,accepted,,4,4,0,31,bytes,124000,124000,34482912,31,0,0,0,34482912,0,5177742,5218597,164960,174600,251940,4.690,4.690
e000633,exploratory,pwritev_full_8m,baseline,1,1,ABBA,k_pwrite,process,250,1000,4,4,new_name,synthetic_sweep,1,015d813736625640f12d26c5d349b92c14fd2fb4,false,a897dfa99e98479b638409c432d3d2bc8e7ba7d5ba4e5a046dd229021f58bffd,12b1dafe765a77d1a17115b0ae12cff973f20ed7d6d770fbd790695fe081288e,afaa9ca40fef1b2a362af2af235634b472665287e554d16b829c09e1a70787ac,8d5b7eba8aea53574190e7d4a6d9e7b424bc23a9e2a0b6968a27f1772509492b,6e938dfcd266a2b0eac811d7ea7eabbd5b217965f88efa81371465134dbcab11,2026-07-15T18:09:32.073485+00:00,8o8-arch,7.0.12-arch1-1,AMD Ryzen 9 3900X 12-Core Processor,"logical=24,cores=12,sockets=1,nodes=1",performance,rustc 1.97.0 (2d8144b78 2026-07-07),22.1.6,cargo 1.97.0 (c980f4866 2026-06-30),"release,lto=thin,debug=true",/home/bob/.cache/mess-bench,/dev/nvme0n1p3,ext4,/home,Samsung SSD 970 EVO Plus 2TB,[none] mq-deadline kyber bfq,249465438208,4096,1024,payload[i]=(i*131+17)&0xff,4.68798828125,accepted,,4,8,0,31,bytes,124124,124000,34500272,248,0,0,0,0,0,3264080,3280808,103150,119980,120680,4.690,4.690
e000634,exploratory,pwritev_full_8m,candidate,1,2,ABBA,pwritev_full_8m,process,250,1000,4,4,new_name,synthetic_sweep,1,015d813736625640f12d26c5d349b92c14fd2fb4,false,a897dfa99e98479b638409c432d3d2bc8e7ba7d5ba4e5a046dd229021f58bffd,12b1dafe765a77d1a17115b0ae12cff973f20ed7d6d770fbd790695fe081288e,afaa9ca40fef1b2a362af2af235634b472665287e554d16b829c09e1a70787ac,8d5b7eba8aea53574190e7d4a6d9e7b424bc23a9e2a0b6968a27f1772509492b,6e938dfcd266a2b0eac811d7ea7eabbd5b217965f88efa81371465134dbcab11,2026-07-15T18:09:33.104698+00:00,8o8-arch,7.0.12-arch1-1,AMD Ryzen 9 3900X 12-Core Processor,"logical=24,cores=12,sockets=1,nodes=1",performance,rustc 1.97.0 (2d8144b78 2026-07-07),22.1.6,cargo 1.97.0 (c980f4866 2026-06-30),"release,lto=thin,debug=true",/home/bob/.cache/mess-bench,/dev/nvme0n1p3,ext4,/home,Samsung SSD 970 EVO Plus 2TB,[none] mq-deadline kyber bfq,249465434112,4096,1024,payload[i]=(i*131+17)&0xff,4.68798828125,accepted,,4,8,0,31,bytes,124124,124000,34500272,31,0,0,8,0,0,2885931,2905468,91020,107980,109420,4.690,4.690
e000635,exploratory,pwritev_full_8m,candidate,1,3,ABBA,pwritev_full_8m,process,250,1000,4,4,new_name,synthetic_sweep,1,015d813736625640f12d26c5d349b92c14fd2fb4,false,a897dfa99e98479b638409c432d3d2bc8e7ba7d5ba4e5a046dd229021f58bffd,12b1dafe765a77d1a17115b0ae12cff973f20ed7d6d770fbd790695fe081288e,afaa9ca40fef1b2a362af2af235634b472665287e554d16b829c09e1a70787ac,8d5b7eba8aea53574190e7d4a6d9e7b424bc23a9e2a0b6968a27f1772509492b,6e938dfcd266a2b0eac811d7ea7eabbd5b217965f88efa81371465134dbcab11,2026-07-15T18:09:34.132557+00:00,8o8-arch,7.0.12-arch1-1,AMD Ryzen 9 3900X 12-Core Processor,"logical=24,cores=12,sockets=1,nodes=1",performance,rustc 1.97.0 (2d8144b78 2026-07-07),22.1.6,cargo 1.97.0 (c980f4866 2026-06-30),"release,lto=thin,debug=true",/home/bob/.cache/mess-bench,/dev/nvme0n1p3,ext4,/home,Samsung SSD 970 EVO Plus 2TB,[none] mq-deadline kyber bfq,249465434112,4096,1024,payload[i]=(i*131+17)&0xff,4.68798828125,accepted,,4,8,0,31,bytes,124124,124000,34500272,31,0,0,8,0,0,2765551,2783568,88380,100729,103020,4.690,4.690
e000636,exploratory,pwritev_full_8m,baseline,1,4,ABBA,k_pwrite,process,250,1000,4,4,new_name,synthetic_sweep,1,015d813736625640f12d26c5d349b92c14fd2fb4,false,a897dfa99e98479b638409c432d3d2bc8e7ba7d5ba4e5a046dd229021f58bffd,12b1dafe765a77d1a17115b0ae12cff973f20ed7d6d770fbd790695fe081288e,afaa9ca40fef1b2a362af2af235634b472665287e554d16b829c09e1a70787ac,8d5b7eba8aea53574190e7d4a6d9e7b424bc23a9e2a0b6968a27f1772509492b,6e938dfcd266a2b0eac811d7ea7eabbd5b217965f88efa81371465134dbcab11,2026-07-15T18:09:35.163610+00:00,8o8-arch,7.0.12-arch1-1,AMD Ryzen 9 3900X 12-Core Processor,"logical=24,cores=12,sockets=1,nodes=1",performance,rustc 1.97.0 (2d8144b78 2026-07-07),22.1.6,cargo 1.97.0 (c980f4866 2026-06-30),"release,lto=thin,debug=true",/home/bob/.cache/mess-bench,/dev/nvme0n1p3,ext4,/home,Samsung SSD 970 EVO Plus 2TB,[none] mq-deadline kyber bfq,249465430016,4096,1024,payload[i]=(i*131+17)&0xff,4.68798828125,accepted,,4,8,0,31,bytes,124124,124000,34500272,248,0,0,0,0,0,3252050,3285158,102620,119380,149420,4.690,4.690
e000637,exploratory,copy_contiguous,candidate,1,1,BAAB,copy_contiguous,process,250,1000,4,4,new_name,synthetic_sweep,1,015d813736625640f12d26c5d349b92c14fd2fb4,false,a897dfa99e98479b638409c432d3d2bc8e7ba7d5ba4e5a046dd229021f58bffd,12b1dafe765a77d1a17115b0ae12cff973f20ed7d6d770fbd790695fe081288e,afaa9ca40fef1b2a362af2af235634b472665287e554d16b829c09e1a70787ac,8d5b7eba8aea53574190e7d4a6d9e7b424bc23a9e2a0b6968a27f1772509492b,6e938dfcd266a2b0eac811d7ea7eabbd5b217965f88efa81371465134dbcab11,2026-07-15T18:09:36.194652+00:00,8o8-arch,7.0.12-arch1-1,AMD Ryzen 9 3900X 12-Core Processor,"logical=24,cores=12,sockets=1,nodes=1",performance,rustc 1.97.0 (2d8144b78 2026-07-07),22.1.6,cargo 1.97.0 (c980f4866 2026-06-30),"release,lto=thin,debug=true",/home/bob/.cache/mess-bench,/dev/nvme0n1p3,ext4,/home,Samsung SSD 970 EVO Plus 2TB,[none] mq-deadline kyber bfq,249465421824,4096,1024,payload[i]=(i*131+17)&0xff,4.95361328125,accepted,,4,8,0,31,bytes,124124,124000,34500272,31,0,0,0,34500272,0,5249481,5297067,166150,207590,210480,4.950,4.950
e000638,exploratory,copy_contiguous,baseline,1,2,BAAB,k_pwrite,process,250,1000,4,4,new_name,synthetic_sweep,1,015d813736625640f12d26c5d349b92c14fd2fb4,false,a897dfa99e98479b638409c432d3d2bc8e7ba7d5ba4e5a046dd229021f58bffd,12b1dafe765a77d1a17115b0ae12cff973f20ed7d6d770fbd790695fe081288e,afaa9ca40fef1b2a362af2af235634b472665287e554d16b829c09e1a70787ac,8d5b7eba8aea53574190e7d4a6d9e7b424bc23a9e2a0b6968a27f1772509492b,6e938dfcd266a2b0eac811d7ea7eabbd5b217965f88efa81371465134dbcab11,2026-07-15T18:09:37.224115+00:00,8o8-arch,7.0.12-arch1-1,AMD Ryzen 9 3900X 12-Core Processor,"logical=24,cores=12,sockets=1,nodes=1",performance,rustc 1.97.0 (2d8144b78 2026-07-07),22.1.6,cargo 1.97.0 (c980f4866 2026-06-30),"release,lto=thin,debug=true",/home/bob/.cache/mess-bench,/dev/nvme0n1p3,ext4,/home,Samsung SSD 970 EVO Plus 2TB,[none] mq-deadline kyber bfq,249465421824,4096,1024,payload[i]=(i*131+17)&0xff,4.95361328125,accepted,,4,8,0,31,bytes,124124,124000,34500272,248,0,0,0,0,0,3594741,3625738,119920,134940,144810,4.950,4.950
e000639,exploratory,copy_contiguous,baseline,1,3,BAAB,k_pwrite,process,250,1000,4,4,new_name,synthetic_sweep,1,015d813736625640f12d26c5d349b92c14fd2fb4,false,a897dfa99e98479b638409c432d3d2bc8e7ba7d5ba4e5a046dd229021f58bffd,12b1dafe765a77d1a17115b0ae12cff973f20ed7d6d770fbd790695fe081288e,afaa9ca40fef1b2a362af2af235634b472665287e554d16b829c09e1a70787ac,8d5b7eba8aea53574190e7d4a6d9e7b424bc23a9e2a0b6968a27f1772509492b,6e938dfcd266a2b0eac811d7ea7eabbd5b217965f88efa81371465134dbcab11,2026-07-15T18:09:38.252354+00:00,8o8-arch,7.0.12-arch1-1,AMD Ryzen 9 3900X 12-Core Processor,"logical=24,cores=12,sockets=1,nodes=1",performance,rustc 1.97.0 (2d8144b78 2026-07-07),22.1.6,cargo 1.97.0 (c980f4866 2026-06-30),"release,lto=thin,debug=true",/home/bob/.cache/mess-bench,/dev/nvme0n1p3,ext4,/home,Samsung SSD 970 EVO Plus 2TB,[none] mq-deadline kyber bfq,249465417728,4096,1024,payload[i]=(i*131+17)&0xff,4.95361328125,accepted,,4,8,0,31,bytes,124124,124000,34500272,248,0,0,0,0,0,3582341,3615638,111210,171600,184180,4.950,4.950
e000640,exploratory,copy_contiguous,candidate,1,4,BAAB,copy_contiguous,process,250,1000,4,4,new_name,synthetic_sweep,1,015d813736625640f12d26c5d349b92c14fd2fb4,false,a897dfa99e98479b638409c432d3d2bc8e7ba7d5ba4e5a046dd229021f58bffd,12b1dafe765a77d1a17115b0ae12cff973f20ed7d6d770fbd790695fe081288e,afaa9ca40fef1b2a362af2af235634b472665287e554d16b829c09e1a70787ac,8d5b7eba8aea53574190e7d4a6d9e7b424bc23a9e2a0b6968a27f1772509492b,6e938dfcd266a2b0eac811d7ea7eabbd5b217965f88efa81371465134dbcab11,2026-07-15T18:09:39.277845+00:00,8o8-arch,7.0.12-arch1-1,AMD Ryzen 9 3900X 12-Core Processor,"logical=24,cores=12,sockets=1,nodes=1",performance,rustc 1.97.0 (2d8144b78 2026-07-07),22.1.6,cargo 1.97.0 (c980f4866 2026-06-30),"release,lto=thin,debug=true",/home/bob/.cache/mess-bench,/dev/nvme0n1p3,ext4,/home,Samsung SSD 970 EVO Plus 2TB,[none] mq-deadline kyber bfq,249465413632,4096,1024,payload[i]=(i*131+17)&0xff,4.95361328125,accepted,,4,8,0,31,bytes,124124,124000,34500272,31,0,0,0,34500272,0,5198671,5235227,163230,200280,207340,4.950,4.950
e000641,exploratory,pwritev_full_8m,baseline,1,1,ABBA,k_pwrite,process,4096,1,2,2,domain,synthetic_sweep,1,015d813736625640f12d26c5d349b92c14fd2fb4,false,a897dfa99e98479b638409c432d3d2bc8e7ba7d5ba4e5a046dd229021f58bffd,12b1dafe765a77d1a17115b0ae12cff973f20ed7d6d770fbd790695fe081288e,afaa9ca40fef1b2a362af2af235634b472665287e554d16b829c09e1a70787ac,8d5b7eba8aea53574190e7d4a6d9e7b424bc23a9e2a0b6968a27f1772509492b,6e938dfcd266a2b0eac811d7ea7eabbd5b217965f88efa81371465134dbcab11,2026-07-15T18:09:40.303429+00:00,8o8-arch,7.0.12-arch1-1,AMD Ryzen 9 3900X 12-Core Processor,"logical=24,cores=12,sockets=1,nodes=1",performance,rustc 1.97.0 (2d8144b78 2026-07-07),22.1.6,cargo 1.97.0 (c980f4866 2026-06-30),"release,lto=thin,debug=true",/home/bob/.cache/mess-bench,/dev/nvme0n1p3,ext4,/home,Samsung SSD 970 EVO Plus 2TB,[none] mq-deadline kyber bfq,249465409536,4096,1024,payload[i]=(i*131+17)&0xff,4.95361328125,accepted,,2,2,0,3984,bytes,7968,7968,33561216,7968,0,0,0,0,0,9581052,9655724,2290,2760,2990,4.950,4.950
e000642,exploratory,pwritev_full_8m,candidate,1,2,ABBA,pwritev_full_8m,process,4096,1,2,2,domain,synthetic_sweep,1,015d813736625640f12d26c5d349b92c14fd2fb4,false,a897dfa99e98479b638409c432d3d2bc8e7ba7d5ba4e5a046dd229021f58bffd,12b1dafe765a77d1a17115b0ae12cff973f20ed7d6d770fbd790695fe081288e,afaa9ca40fef1b2a362af2af235634b472665287e554d16b829c09e1a70787ac,8d5b7eba8aea53574190e7d4a6d9e7b424bc23a9e2a0b6968a27f1772509492b,6e938dfcd266a2b0eac811d7ea7eabbd5b217965f88efa81371465134dbcab11,2026-07-15T18:09:41.331973+00:00,8o8-arch,7.0.12-arch1-1,AMD Ryzen 9 3900X 12-Core Processor,"logical=24,cores=12,sockets=1,nodes=1",performance,rustc 1.97.0 (2d8144b78 2026-07-07),22.1.6,cargo 1.97.0 (c980f4866 2026-06-30),"release,lto=thin,debug=true",/home/bob/.cache/mess-bench,/dev/nvme0n1p3,ext4,/home,Samsung SSD 970 EVO Plus 2TB,[none] mq-deadline kyber bfq,249465409536,4096,1024,payload[i]=(i*131+17)&0xff,5.35791015625,accepted,,2,2,0,3984,bytes,7968,7968,33561216,3984,0,0,2,0,0,7479662,7555486,1730,2310,2370,5.360,5.360
e000643,exploratory,pwritev_full_8m,candidate,1,3,ABBA,pwritev_full_8m,process,4096,1,2,2,domain,synthetic_sweep,1,015d813736625640f12d26c5d349b92c14fd2fb4,false,a897dfa99e98479b638409c432d3d2bc8e7ba7d5ba4e5a046dd229021f58bffd,12b1dafe765a77d1a17115b0ae12cff973f20ed7d6d770fbd790695fe081288e,afaa9ca40fef1b2a362af2af235634b472665287e554d16b829c09e1a70787ac,8d5b7eba8aea53574190e7d4a6d9e7b424bc23a9e2a0b6968a27f1772509492b,6e938dfcd266a2b0eac811d7ea7eabbd5b217965f88efa81371465134dbcab11,2026-07-15T18:09:42.364646+00:00,8o8-arch,7.0.12-arch1-1,AMD Ryzen 9 3900X 12-Core Processor,"logical=24,cores=12,sockets=1,nodes=1",performance,rustc 1.97.0 (2d8144b78 2026-07-07),22.1.6,cargo 1.97.0 (c980f4866 2026-06-30),"release,lto=thin,debug=true",/home/bob/.cache/mess-bench,/dev/nvme0n1p3,ext4,/home,Samsung SSD 970 EVO Plus 2TB,[none] mq-deadline kyber bfq,249465409536,4096,1024,payload[i]=(i*131+17)&0xff,5.35791015625,accepted,,2,2,0,3984,bytes,7968,7968,33561216,3984,0,0,2,0,0,7857192,8162725,1750,2350,3090,5.360,5.360
e000644,exploratory,pwritev_full_8m,baseline,1,4,ABBA,k_pwrite,process,4096,1,2,2,domain,synthetic_sweep,1,015d813736625640f12d26c5d349b92c14fd2fb4,false,a897dfa99e98479b638409c432d3d2bc8e7ba7d5ba4e5a046dd229021f58bffd,12b1dafe765a77d1a17115b0ae12cff973f20ed7d6d770fbd790695fe081288e,afaa9ca40fef1b2a362af2af235634b472665287e554d16b829c09e1a70787ac,8d5b7eba8aea53574190e7d4a6d9e7b424bc23a9e2a0b6968a27f1772509492b,6e938dfcd266a2b0eac811d7ea7eabbd5b217965f88efa81371465134dbcab11,2026-07-15T18:09:43.388130+00:00,8o8-arch,7.0.12-arch1-1,AMD Ryzen 9 3900X 12-Core Processor,"logical=24,cores=12,sockets=1,nodes=1",performance,rustc 1.97.0 (2d8144b78 2026-07-07),22.1.6,cargo 1.97.0 (c980f4866 2026-06-30),"release,lto=thin,debug=true",/home/bob/.cache/mess-bench,/dev/nvme0n1p3,ext4,/home,Samsung SSD 970 EVO Plus 2TB,[none] mq-deadline kyber bfq,249465389056,4096,1024,payload[i]=(i*131+17)&0xff,5.35791015625,accepted,,2,2,0,3984,bytes,7968,7968,33561216,7968,0,0,0,0,0,10046882,10164474,2330,2930,3320,5.360,5.360
e000645,exploratory,copy_contiguous,candidate,1,1,BAAB,copy_contiguous,process,4096,1,2,2,domain,synthetic_sweep,1,015d813736625640f12d26c5d349b92c14fd2fb4,false,a897dfa99e98479b638409c432d3d2bc8e7ba7d5ba4e5a046dd229021f58bffd,12b1dafe765a77d1a17115b0ae12cff973f20ed7d6d770fbd790695fe081288e,afaa9ca40fef1b2a362af2af235634b472665287e554d16b829c09e1a70787ac,8d5b7eba8aea53574190e7d4a6d9e7b424bc23a9e2a0b6968a27f1772509492b,6e938dfcd266a2b0eac811d7ea7eabbd5b217965f88efa81371465134dbcab11,2026-07-15T18:09:44.420407+00:00,8o8-arch,7.0.12-arch1-1,AMD Ryzen 9 3900X 12-Core Processor,"logical=24,cores=12,sockets=1,nodes=1",performance,rustc 1.97.0 (2d8144b78 2026-07-07),22.1.6,cargo 1.97.0 (c980f4866 2026-06-30),"release,lto=thin,debug=true",/home/bob/.cache/mess-bench,/dev/nvme0n1p3,ext4,/home,Samsung SSD 970 EVO Plus 2TB,[none] mq-deadline kyber bfq,249465384960,4096,1024,payload[i]=(i*131+17)&0xff,5.35791015625,accepted,,2,2,0,3984,bytes,7968,7968,33561216,3984,0,0,0,33561216,0,7160861,7216286,1710,1750,2240,5.360,5.360
e000646,exploratory,copy_contiguous,baseline,1,2,BAAB,k_pwrite,process,4096,1,2,2,domain,synthetic_sweep,1,015d813736625640f12d26c5d349b92c14fd2fb4,false,a897dfa99e98479b638409c432d3d2bc8e7ba7d5ba4e5a046dd229021f58bffd,12b1dafe765a77d1a17115b0ae12cff973f20ed7d6d770fbd790695fe081288e,afaa9ca40fef1b2a362af2af235634b472665287e554d16b829c09e1a70787ac,8d5b7eba8aea53574190e7d4a6d9e7b424bc23a9e2a0b6968a27f1772509492b,6e938dfcd266a2b0eac811d7ea7eabbd5b217965f88efa81371465134dbcab11,2026-07-15T18:09:45.450776+00:00,8o8-arch,7.0.12-arch1-1,AMD Ryzen 9 3900X 12-Core Processor,"logical=24,cores=12,sockets=1,nodes=1",performance,rustc 1.97.0 (2d8144b78 2026-07-07),22.1.6,cargo 1.97.0 (c980f4866 2026-06-30),"release,lto=thin,debug=true",/home/bob/.cache/mess-bench,/dev/nvme0n1p3,ext4,/home,Samsung SSD 970 EVO Plus 2TB,[none] mq-deadline kyber bfq,249465380864,4096,1024,payload[i]=(i*131+17)&0xff,5.2490234375,accepted,,2,2,0,3984,bytes,7968,7968,33561216,7968,0,0,0,0,0,9712583,9828464,2300,2880,3130,5.250,5.250
e000647,exploratory,copy_contiguous,baseline,1,3,BAAB,k_pwrite,process,4096,1,2,2,domain,synthetic_sweep,1,015d813736625640f12d26c5d349b92c14fd2fb4,false,a897dfa99e98479b638409c432d3d2bc8e7ba7d5ba4e5a046dd229021f58bffd,12b1dafe765a77d1a17115b0ae12cff973f20ed7d6d770fbd790695fe081288e,afaa9ca40fef1b2a362af2af235634b472665287e554d16b829c09e1a70787ac,8d5b7eba8aea53574190e7d4a6d9e7b424bc23a9e2a0b6968a27f1772509492b,6e938dfcd266a2b0eac811d7ea7eabbd5b217965f88efa81371465134dbcab11,2026-07-15T18:09:46.473350+00:00,8o8-arch,7.0.12-arch1-1,AMD Ryzen 9 3900X 12-Core Processor,"logical=24,cores=12,sockets=1,nodes=1",performance,rustc 1.97.0 (2d8144b78 2026-07-07),22.1.6,cargo 1.97.0 (c980f4866 2026-06-30),"release,lto=thin,debug=true",/home/bob/.cache/mess-bench,/dev/nvme0n1p3,ext4,/home,Samsung SSD 970 EVO Plus 2TB,[none] mq-deadline kyber bfq,249465380864,4096,1024,payload[i]=(i*131+17)&0xff,5.2490234375,accepted,,2,2,0,3984,bytes,7968,7968,33561216,7968,0,0,0,0,0,9622823,9708865,2320,2590,3020,5.250,5.250
e000648,exploratory,copy_contiguous,candidate,1,4,BAAB,copy_contiguous,process,4096,1,2,2,domain,synthetic_sweep,1,015d813736625640f12d26c5d349b92c14fd2fb4,false,a897dfa99e98479b638409c432d3d2bc8e7ba7d5ba4e5a046dd229021f58bffd,12b1dafe765a77d1a17115b0ae12cff973f20ed7d6d770fbd790695fe081288e,afaa9ca40fef1b2a362af2af235634b472665287e554d16b829c09e1a70787ac,8d5b7eba8aea53574190e7d4a6d9e7b424bc23a9e2a0b6968a27f1772509492b,6e938dfcd266a2b0eac811d7ea7eabbd5b217965f88efa81371465134dbcab11,2026-07-15T18:09:47.500954+00:00,8o8-arch,7.0.12-arch1-1,AMD Ryzen 9 3900X 12-Core Processor,"logical=24,cores=12,sockets=1,nodes=1",performance,rustc 1.97.0 (2d8144b78 2026-07-07),22.1.6,cargo 1.97.0 (c980f4866 2026-06-30),"release,lto=thin,debug=true",/home/bob/.cache/mess-bench,/dev/nvme0n1p3,ext4,/home,Samsung SSD 970 EVO Plus 2TB,[none] mq-deadline kyber bfq,249465372672,4096,1024,payload[i]=(i*131+17)&0xff,5.2490234375,accepted,,2,2,0,3984,bytes,7968,7968,33561216,3984,0,0,0,33561216,0,7204801,7265546,1700,2030,2270,5.250,5.250
e000649,exploratory,pwritev_full_8m,baseline,1,1,ABBA,k_pwrite,process,4096,1,2,2,new_name,synthetic_sweep,1,015d813736625640f12d26c5d349b92c14fd2fb4,false,a897dfa99e98479b638409c432d3d2bc8e7ba7d5ba4e5a046dd229021f58bffd,12b1dafe765a77d1a17115b0ae12cff973f20ed7d6d770fbd790695fe081288e,afaa9ca40fef1b2a362af2af235634b472665287e554d16b829c09e1a70787ac,8d5b7eba8aea53574190e7d4a6d9e7b424bc23a9e2a0b6968a27f1772509492b,6e938dfcd266a2b0eac811d7ea7eabbd5b217965f88efa81371465134dbcab11,2026-07-15T18:09:48.524094+00:00,8o8-arch,7.0.12-arch1-1,AMD Ryzen 9 3900X 12-Core Processor,"logical=24,cores=12,sockets=1,nodes=1",performance,rustc 1.97.0 (2d8144b78 2026-07-07),22.1.6,cargo 1.97.0 (c980f4866 2026-06-30),"release,lto=thin,debug=true",/home/bob/.cache/mess-bench,/dev/nvme0n1p3,ext4,/home,Samsung SSD 970 EVO Plus 2TB,[none] mq-deadline kyber bfq,249465364480,4096,1024,payload[i]=(i*131+17)&0xff,5.2490234375,accepted,,2,4,0,3856,bytes,15424,7712,33562624,15424,0,0,0,0,0,15795264,16163590,3730,4510,6120,5.250,5.250
e000650,exploratory,pwritev_full_8m,candidate,1,2,ABBA,pwritev_full_8m,process,4096,1,2,2,new_name,synthetic_sweep,1,015d813736625640f12d26c5d349b92c14fd2fb4,false,a897dfa99e98479b638409c432d3d2bc8e7ba7d5ba4e5a046dd229021f58bffd,12b1dafe765a77d1a17115b0ae12cff973f20ed7d6d770fbd790695fe081288e,afaa9ca40fef1b2a362af2af235634b472665287e554d16b829c09e1a70787ac,8d5b7eba8aea53574190e7d4a6d9e7b424bc23a9e2a0b6968a27f1772509492b,6e938dfcd266a2b0eac811d7ea7eabbd5b217965f88efa81371465134dbcab11,2026-07-15T18:09:49.545163+00:00,8o8-arch,7.0.12-arch1-1,AMD Ryzen 9 3900X 12-Core Processor,"logical=24,cores=12,sockets=1,nodes=1",performance,rustc 1.97.0 (2d8144b78 2026-07-07),22.1.6,cargo 1.97.0 (c980f4866 2026-06-30),"release,lto=thin,debug=true",/home/bob/.cache/mess-bench,/dev/nvme0n1p3,ext4,/home,Samsung SSD 970 EVO Plus 2TB,[none] mq-deadline kyber bfq,249465364480,4096,1024,payload[i]=(i*131+17)&0xff,5.2490234375,accepted,,2,4,0,3856,bytes,15424,7712,33562624,3856,0,0,4,0,0,7461351,7530796,1820,2240,2420,5.250,5.250
e000651,exploratory,pwritev_full_8m,candidate,1,3,ABBA,pwritev_full_8m,process,4096,1,2,2,new_name,synthetic_sweep,1,015d813736625640f12d26c5d349b92c14fd2fb4,false,a897dfa99e98479b638409c432d3d2bc8e7ba7d5ba4e5a046dd229021f58bffd,12b1dafe765a77d1a17115b0ae12cff973f20ed7d6d770fbd790695fe081288e,afaa9ca40fef1b2a362af2af235634b472665287e554d16b829c09e1a70787ac,8d5b7eba8aea53574190e7d4a6d9e7b424bc23a9e2a0b6968a27f1772509492b,6e938dfcd266a2b0eac811d7ea7eabbd5b217965f88efa81371465134dbcab11,2026-07-15T18:09:50.568623+00:00,8o8-arch,7.0.12-arch1-1,AMD Ryzen 9 3900X 12-Core Processor,"logical=24,cores=12,sockets=1,nodes=1",performance,rustc 1.97.0 (2d8144b78 2026-07-07),22.1.6,cargo 1.97.0 (c980f4866 2026-06-30),"release,lto=thin,debug=true",/home/bob/.cache/mess-bench,/dev/nvme0n1p3,ext4,/home,Samsung SSD 970 EVO Plus 2TB,[none] mq-deadline kyber bfq,249465364480,4096,1024,payload[i]=(i*131+17)&0xff,5.06884765625,accepted,,2,4,0,3856,bytes,15424,7712,33562624,3856,0,0,4,0,0,7341542,7395826,1820,1840,2290,5.070,5.070
e000652,exploratory,pwritev_full_8m,baseline,1,4,ABBA,k_pwrite,process,4096,1,2,2,new_name,synthetic_sweep,1,015d813736625640f12d26c5d349b92c14fd2fb4,false,a897dfa99e98479b638409c432d3d2bc8e7ba7d5ba4e5a046dd229021f58bffd,12b1dafe765a77d1a17115b0ae12cff973f20ed7d6d770fbd790695fe081288e,afaa9ca40fef1b2a362af2af235634b472665287e554d16b829c09e1a70787ac,8d5b7eba8aea53574190e7d4a6d9e7b424bc23a9e2a0b6968a27f1772509492b,6e938dfcd266a2b0eac811d7ea7eabbd5b217965f88efa81371465134dbcab11,2026-07-15T18:09:51.591934+00:00,8o8-arch,7.0.12-arch1-1,AMD Ryzen 9 3900X 12-Core Processor,"logical=24,cores=12,sockets=1,nodes=1",performance,rustc 1.97.0 (2d8144b78 2026-07-07),22.1.6,cargo 1.97.0 (c980f4866 2026-06-30),"release,lto=thin,debug=true",/home/bob/.cache/mess-bench,/dev/nvme0n1p3,ext4,/home,Samsung SSD 970 EVO Plus 2TB,[none] mq-deadline kyber bfq,249465356288,4096,1024,payload[i]=(i*131+17)&0xff,5.06884765625,accepted,,2,4,0,3856,bytes,15424,7712,33562624,15424,0,0,0,0,0,15653384,16086780,3780,4520,7320,5.070,5.070
e000653,exploratory,copy_contiguous,candidate,1,1,BAAB,copy_contiguous,process,4096,1,2,2,new_name,synthetic_sweep,1,015d813736625640f12d26c5d349b92c14fd2fb4,false,a897dfa99e98479b638409c432d3d2bc8e7ba7d5ba4e5a046dd229021f58bffd,12b1dafe765a77d1a17115b0ae12cff973f20ed7d6d770fbd790695fe081288e,afaa9ca40fef1b2a362af2af235634b472665287e554d16b829c09e1a70787ac,8d5b7eba8aea53574190e7d4a6d9e7b424bc23a9e2a0b6968a27f1772509492b,6e938dfcd266a2b0eac811d7ea7eabbd5b217965f88efa81371465134dbcab11,2026-07-15T18:09:52.621472+00:00,8o8-arch,7.0.12-arch1-1,AMD Ryzen 9 3900X 12-Core Processor,"logical=24,cores=12,sockets=1,nodes=1",performance,rustc 1.97.0 (2d8144b78 2026-07-07),22.1.6,cargo 1.97.0 (c980f4866 2026-06-30),"release,lto=thin,debug=true",/home/bob/.cache/mess-bench,/dev/nvme0n1p3,ext4,/home,Samsung SSD 970 EVO Plus 2TB,[none] mq-deadline kyber bfq,249465352192,4096,1024,payload[i]=(i*131+17)&0xff,5.06884765625,accepted,,2,4,0,3856,bytes,15424,7712,33562624,3856,0,0,0,33562624,0,7720451,7783516,1740,2400,2480,5.070,5.070
e000654,exploratory,copy_contiguous,baseline,1,2,BAAB,k_pwrite,process,4096,1,2,2,new_name,synthetic_sweep,1,015d813736625640f12d26c5d349b92c14fd2fb4,false,a897dfa99e98479b638409c432d3d2bc8e7ba7d5ba4e5a046dd229021f58bffd,12b1dafe765a77d1a17115b0ae12cff973f20ed7d6d770fbd790695fe081288e,afaa9ca40fef1b2a362af2af235634b472665287e554d16b829c09e1a70787ac,8d5b7eba8aea53574190e7d4a6d9e7b424bc23a9e2a0b6968a27f1772509492b,6e938dfcd266a2b0eac811d7ea7eabbd5b217965f88efa81371465134dbcab11,2026-07-15T18:09:53.645401+00:00,8o8-arch,7.0.12-arch1-1,AMD Ryzen 9 3900X 12-Core Processor,"logical=24,cores=12,sockets=1,nodes=1",performance,rustc 1.97.0 (2d8144b78 2026-07-07),22.1.6,cargo 1.97.0 (c980f4866 2026-06-30),"release,lto=thin,debug=true",/home/bob/.cache/mess-bench,/dev/nvme0n1p3,ext4,/home,Samsung SSD 970 EVO Plus 2TB,[none] mq-deadline kyber bfq,249465339904,4096,1024,payload[i]=(i*131+17)&0xff,5.06884765625,accepted,,2,4,0,3856,bytes,15424,7712,33562624,15424,0,0,0,0,0,15123404,15255581,3780,4660,5010,5.070,5.070
e000655,exploratory,copy_contiguous,baseline,1,3,BAAB,k_pwrite,process,4096,1,2,2,new_name,synthetic_sweep,1,015d813736625640f12d26c5d349b92c14fd2fb4,false,a897dfa99e98479b638409c432d3d2bc8e7ba7d5ba4e5a046dd229021f58bffd,12b1dafe765a77d1a17115b0ae12cff973f20ed7d6d770fbd790695fe081288e,afaa9ca40fef1b2a362af2af235634b472665287e554d16b829c09e1a70787ac,8d5b7eba8aea53574190e7d4a6d9e7b424bc23a9e2a0b6968a27f1772509492b,6e938dfcd266a2b0eac811d7ea7eabbd5b217965f88efa81371465134dbcab11,2026-07-15T18:09:54.677390+00:00,8o8-arch,7.0.12-arch1-1,AMD Ryzen 9 3900X 12-Core Processor,"logical=24,cores=12,sockets=1,nodes=1",performance,rustc 1.97.0 (2d8144b78 2026-07-07),22.1.6,cargo 1.97.0 (c980f4866 2026-06-30),"release,lto=thin,debug=true",/home/bob/.cache/mess-bench,/dev/nvme0n1p3,ext4,/home,Samsung SSD 970 EVO Plus 2TB,[none] mq-deadline kyber bfq,249465339904,4096,1024,payload[i]=(i*131+17)&0xff,5.06884765625,accepted,,2,4,0,3856,bytes,15424,7712,33562624,15424,0,0,0,0,0,14882203,14987571,3770,3830,4580,5.070,5.070
e000656,exploratory,copy_contiguous,candidate,1,4,BAAB,copy_contiguous,process,4096,1,2,2,new_name,synthetic_sweep,1,015d813736625640f12d26c5d349b92c14fd2fb4,false,a897dfa99e98479b638409c432d3d2bc8e7ba7d5ba4e5a046dd229021f58bffd,12b1dafe765a77d1a17115b0ae12cff973f20ed7d6d770fbd790695fe081288e,afaa9ca40fef1b2a362af2af235634b472665287e554d16b829c09e1a70787ac,8d5b7eba8aea53574190e7d4a6d9e7b424bc23a9e2a0b6968a27f1772509492b,6e938dfcd266a2b0eac811d7ea7eabbd5b217965f88efa81371465134dbcab11,2026-07-15T18:09:55.700950+00:00,8o8-arch,7.0.12-arch1-1,AMD Ryzen 9 3900X 12-Core Processor,"logical=24,cores=12,sockets=1,nodes=1",performance,rustc 1.97.0 (2d8144b78 2026-07-07),22.1.6,cargo 1.97.0 (c980f4866 2026-06-30),"release,lto=thin,debug=true",/home/bob/.cache/mess-bench,/dev/nvme0n1p3,ext4,/home,Samsung SSD 970 EVO Plus 2TB,[none] mq-deadline kyber bfq,249465335808,4096,1024,payload[i]=(i*131+17)&0xff,4.74267578125,accepted,,2,4,0,3856,bytes,15424,7712,33562624,3856,0,0,0,33562624,0,7067252,7177366,1730,2090,2290,4.740,4.740
e000657,exploratory,pwritev_full_8m,baseline,1,1,ABBA,k_pwrite,process,4096,1,4,4,domain,synthetic_sweep,1,015d813736625640f12d26c5d349b92c14fd2fb4,false,a897dfa99e98479b638409c432d3d2bc8e7ba7d5ba4e5a046dd229021f58bffd,12b1dafe765a77d1a17115b0ae12cff973f20ed7d6d770fbd790695fe081288e,afaa9ca40fef1b2a362af2af235634b472665287e554d16b829c09e1a70787ac,8d5b7eba8aea53574190e7d4a6d9e7b424bc23a9e2a0b6968a27f1772509492b,6e938dfcd266a2b0eac811d7ea7eabbd5b217965f88efa81371465134dbcab11,2026-07-15T18:09:56.724049+00:00,8o8-arch,7.0.12-arch1-1,AMD Ryzen 9 3900X 12-Core Processor,"logical=24,cores=12,sockets=1,nodes=1",performance,rustc 1.97.0 (2d8144b78 2026-07-07),22.1.6,cargo 1.97.0 (c980f4866 2026-06-30),"release,lto=thin,debug=true",/home/bob/.cache/mess-bench,/dev/nvme0n1p3,ext4,/home,Samsung SSD 970 EVO Plus 2TB,[none] mq-deadline kyber bfq,249465335808,4096,1024,payload[i]=(i*131+17)&0xff,4.74267578125,accepted,,4,4,0,1992,bytes,7968,7968,33561216,7968,0,0,0,0,0,12183123,12300803,4660,5770,54570,4.740,4.740
e000658,exploratory,pwritev_full_8m,candidate,1,2,ABBA,pwritev_full_8m,process,4096,1,4,4,domain,synthetic_sweep,1,015d813736625640f12d26c5d349b92c14fd2fb4,false,a897dfa99e98479b638409c432d3d2bc8e7ba7d5ba4e5a046dd229021f58bffd,12b1dafe765a77d1a17115b0ae12cff973f20ed7d6d770fbd790695fe081288e,afaa9ca40fef1b2a362af2af235634b472665287e554d16b829c09e1a70787ac,8d5b7eba8aea53574190e7d4a6d9e7b424bc23a9e2a0b6968a27f1772509492b,6e938dfcd266a2b0eac811d7ea7eabbd5b217965f88efa81371465134dbcab11,2026-07-15T18:09:57.754882+00:00,8o8-arch,7.0.12-arch1-1,AMD Ryzen 9 3900X 12-Core Processor,"logical=24,cores=12,sockets=1,nodes=1",performance,rustc 1.97.0 (2d8144b78 2026-07-07),22.1.6,cargo 1.97.0 (c980f4866 2026-06-30),"release,lto=thin,debug=true",/home/bob/.cache/mess-bench,/dev/nvme0n1p3,ext4,/home,Samsung SSD 970 EVO Plus 2TB,[none] mq-deadline kyber bfq,249465331712,4096,1024,payload[i]=(i*131+17)&0xff,4.74267578125,accepted,,4,4,0,1992,bytes,7968,7968,33561216,1992,0,0,4,0,0,4858591,4894337,2360,2380,2980,4.740,4.740
e000659,exploratory,pwritev_full_8m,candidate,1,3,ABBA,pwritev_full_8m,process,4096,1,4,4,domain,synthetic_sweep,1,015d813736625640f12d26c5d349b92c14fd2fb4,false,a897dfa99e98479b638409c432d3d2bc8e7ba7d5ba4e5a046dd229021f58bffd,12b1dafe765a77d1a17115b0ae12cff973f20ed7d6d770fbd790695fe081288e,afaa9ca40fef1b2a362af2af235634b472665287e554d16b829c09e1a70787ac,8d5b7eba8aea53574190e7d4a6d9e7b424bc23a9e2a0b6968a27f1772509492b,6e938dfcd266a2b0eac811d7ea7eabbd5b217965f88efa81371465134dbcab11,2026-07-15T18:09:58.786684+00:00,8o8-arch,7.0.12-arch1-1,AMD Ryzen 9 3900X 12-Core Processor,"logical=24,cores=12,sockets=1,nodes=1",performance,rustc 1.97.0 (2d8144b78 2026-07-07),22.1.6,cargo 1.97.0 (c980f4866 2026-06-30),"release,lto=thin,debug=true",/home/bob/.cache/mess-bench,/dev/nvme0n1p3,ext4,/home,Samsung SSD 970 EVO Plus 2TB,[none] mq-deadline kyber bfq,249465327616,4096,1024,payload[i]=(i*131+17)&0xff,4.74267578125,accepted,,4,4,0,1992,bytes,7968,7968,33561216,1992,0,0,4,0,0,5079670,5133686,2370,3050,3260,4.740,4.740
e000660,exploratory,pwritev_full_8m,baseline,1,4,ABBA,k_pwrite,process,4096,1,4,4,domain,synthetic_sweep,1,015d813736625640f12d26c5d349b92c14fd2fb4,false,a897dfa99e98479b638409c432d3d2bc8e7ba7d5ba4e5a046dd229021f58bffd,12b1dafe765a77d1a17115b0ae12cff973f20ed7d6d770fbd790695fe081288e,afaa9ca40fef1b2a362af2af235634b472665287e554d16b829c09e1a70787ac,8d5b7eba8aea53574190e7d4a6d9e7b424bc23a9e2a0b6968a27f1772509492b,6e938dfcd266a2b0eac811d7ea7eabbd5b217965f88efa81371465134dbcab11,2026-07-15T18:09:59.819230+00:00,8o8-arch,7.0.12-arch1-1,AMD Ryzen 9 3900X 12-Core Processor,"logical=24,cores=12,sockets=1,nodes=1",performance,rustc 1.97.0 (2d8144b78 2026-07-07),22.1.6,cargo 1.97.0 (c980f4866 2026-06-30),"release,lto=thin,debug=true",/home/bob/.cache/mess-bench,/dev/nvme0n1p3,ext4,/home,Samsung SSD 970 EVO Plus 2TB,[none] mq-deadline kyber bfq,249465323520,4096,1024,payload[i]=(i*131+17)&0xff,4.74267578125,accepted,,4,4,0,1992,bytes,7968,7968,33561216,7968,0,0,0,0,0,9531672,9605634,4650,5100,5880,4.740,4.740
e000661,exploratory,copy_contiguous,candidate,1,1,BAAB,copy_contiguous,process,4096,1,4,4,domain,synthetic_sweep,1,015d813736625640f12d26c5d349b92c14fd2fb4,false,a897dfa99e98479b638409c432d3d2bc8e7ba7d5ba4e5a046dd229021f58bffd,12b1dafe765a77d1a17115b0ae12cff973f20ed7d6d770fbd790695fe081288e,afaa9ca40fef1b2a362af2af235634b472665287e554d16b829c09e1a70787ac,8d5b7eba8aea53574190e7d4a6d9e7b424bc23a9e2a0b6968a27f1772509492b,6e938dfcd266a2b0eac811d7ea7eabbd5b217965f88efa81371465134dbcab11,2026-07-15T18:10:00.849600+00:00,8o8-arch,7.0.12-arch1-1,AMD Ryzen 9 3900X 12-Core Processor,"logical=24,cores=12,sockets=1,nodes=1",performance,rustc 1.97.0 (2d8144b78 2026-07-07),22.1.6,cargo 1.97.0 (c980f4866 2026-06-30),"release,lto=thin,debug=true",/home/bob/.cache/mess-bench,/dev/nvme0n1p3,ext4,/home,Samsung SSD 970 EVO Plus 2TB,[none] mq-deadline kyber bfq,249465315328,4096,1024,payload[i]=(i*131+17)&0xff,5.00390625,accepted,,4,4,0,1992,bytes,7968,7968,33561216,1992,0,0,0,33561216,0,5218301,5258666,2490,3010,3200,5.000,5.000
e000662,exploratory,copy_contiguous,baseline,1,2,BAAB,k_pwrite,process,4096,1,4,4,domain,synthetic_sweep,1,015d813736625640f12d26c5d349b92c14fd2fb4,false,a897dfa99e98479b638409c432d3d2bc8e7ba7d5ba4e5a046dd229021f58bffd,12b1dafe765a77d1a17115b0ae12cff973f20ed7d6d770fbd790695fe081288e,afaa9ca40fef1b2a362af2af235634b472665287e554d16b829c09e1a70787ac,8d5b7eba8aea53574190e7d4a6d9e7b424bc23a9e2a0b6968a27f1772509492b,6e938dfcd266a2b0eac811d7ea7eabbd5b217965f88efa81371465134dbcab11,2026-07-15T18:10:01.874907+00:00,8o8-arch,7.0.12-arch1-1,AMD Ryzen 9 3900X 12-Core Processor,"logical=24,cores=12,sockets=1,nodes=1",performance,rustc 1.97.0 (2d8144b78 2026-07-07),22.1.6,cargo 1.97.0 (c980f4866 2026-06-30),"release,lto=thin,debug=true",/home/bob/.cache/mess-bench,/dev/nvme0n1p3,ext4,/home,Samsung SSD 970 EVO Plus 2TB,[none] mq-deadline kyber bfq,249465315328,4096,1024,payload[i]=(i*131+17)&0xff,5.00390625,accepted,,4,4,0,1992,bytes,7968,7968,33561216,7968,0,0,0,0,0,9510132,9572444,4650,4800,5820,5.000,5.000
e000663,exploratory,copy_contiguous,baseline,1,3,BAAB,k_pwrite,process,4096,1,4,4,domain,synthetic_sweep,1,015d813736625640f12d26c5d349b92c14fd2fb4,false,a897dfa99e98479b638409c432d3d2bc8e7ba7d5ba4e5a046dd229021f58bffd,12b1dafe765a77d1a17115b0ae12cff973f20ed7d6d770fbd790695fe081288e,afaa9ca40fef1b2a362af2af235634b472665287e554d16b829c09e1a70787ac,8d5b7eba8aea53574190e7d4a6d9e7b424bc23a9e2a0b6968a27f1772509492b,6e938dfcd266a2b0eac811d7ea7eabbd5b217965f88efa81371465134dbcab11,2026-07-15T18:10:02.908238+00:00,8o8-arch,7.0.12-arch1-1,AMD Ryzen 9 3900X 12-Core Processor,"logical=24,cores=12,sockets=1,nodes=1",performance,rustc 1.97.0 (2d8144b78 2026-07-07),22.1.6,cargo 1.97.0 (c980f4866 2026-06-30),"release,lto=thin,debug=true",/home/bob/.cache/mess-bench,/dev/nvme0n1p3,ext4,/home,Samsung SSD 970 EVO Plus 2TB,[none] mq-deadline kyber bfq,249465315328,4096,1024,payload[i]=(i*131+17)&0xff,5.00390625,accepted,,4,4,0,1992,bytes,7968,7968,33561216,7968,0,0,0,0,0,9586863,9674445,4660,5420,6220,5.000,5.000
e000664,exploratory,copy_contiguous,candidate,1,4,BAAB,copy_contiguous,process,4096,1,4,4,domain,synthetic_sweep,1,015d813736625640f12d26c5d349b92c14fd2fb4,false,a897dfa99e98479b638409c432d3d2bc8e7ba7d5ba4e5a046dd229021f58bffd,12b1dafe765a77d1a17115b0ae12cff973f20ed7d6d770fbd790695fe081288e,afaa9ca40fef1b2a362af2af235634b472665287e554d16b829c09e1a70787ac,8d5b7eba8aea53574190e7d4a6d9e7b424bc23a9e2a0b6968a27f1772509492b,6e938dfcd266a2b0eac811d7ea7eabbd5b217965f88efa81371465134dbcab11,2026-07-15T18:10:03.933773+00:00,8o8-arch,7.0.12-arch1-1,AMD Ryzen 9 3900X 12-Core Processor,"logical=24,cores=12,sockets=1,nodes=1",performance,rustc 1.97.0 (2d8144b78 2026-07-07),22.1.6,cargo 1.97.0 (c980f4866 2026-06-30),"release,lto=thin,debug=true",/home/bob/.cache/mess-bench,/dev/nvme0n1p3,ext4,/home,Samsung SSD 970 EVO Plus 2TB,[none] mq-deadline kyber bfq,249465278464,4096,1024,payload[i]=(i*131+17)&0xff,5.00390625,accepted,,4,4,0,1992,bytes,7968,7968,33561216,1992,0,0,0,33561216,0,5277931,5323597,2480,3160,3550,5.000,5.000
e000665,exploratory,pwritev_full_8m,baseline,1,1,ABBA,k_pwrite,process,4096,1,4,4,new_name,synthetic_sweep,1,015d813736625640f12d26c5d349b92c14fd2fb4,false,a897dfa99e98479b638409c432d3d2bc8e7ba7d5ba4e5a046dd229021f58bffd,12b1dafe765a77d1a17115b0ae12cff973f20ed7d6d770fbd790695fe081288e,afaa9ca40fef1b2a362af2af235634b472665287e554d16b829c09e1a70787ac,8d5b7eba8aea53574190e7d4a6d9e7b424bc23a9e2a0b6968a27f1772509492b,6e938dfcd266a2b0eac811d7ea7eabbd5b217965f88efa81371465134dbcab11,2026-07-15T18:10:04.963283+00:00,8o8-arch,7.0.12-arch1-1,AMD Ryzen 9 3900X 12-Core Processor,"logical=24,cores=12,sockets=1,nodes=1",performance,rustc 1.97.0 (2d8144b78 2026-07-07),22.1.6,cargo 1.97.0 (c980f4866 2026-06-30),"release,lto=thin,debug=true",/home/bob/.cache/mess-bench,/dev/nvme0n1p3,ext4,/home,Samsung SSD 970 EVO Plus 2TB,[none] mq-deadline kyber bfq,249465311232,4096,1024,payload[i]=(i*131+17)&0xff,5.00390625,accepted,,4,8,0,1928,bytes,15424,7712,33562624,15424,0,0,0,0,0,14966424,17414199,7450,9050,14270,5.000,5.000
e000666,exploratory,pwritev_full_8m,candidate,1,2,ABBA,pwritev_full_8m,process,4096,1,4,4,new_name,synthetic_sweep,1,015d813736625640f12d26c5d349b92c14fd2fb4,false,a897dfa99e98479b638409c432d3d2bc8e7ba7d5ba4e5a046dd229021f58bffd,12b1dafe765a77d1a17115b0ae12cff973f20ed7d6d770fbd790695fe081288e,afaa9ca40fef1b2a362af2af235634b472665287e554d16b829c09e1a70787ac,8d5b7eba8aea53574190e7d4a6d9e7b424bc23a9e2a0b6968a27f1772509492b,6e938dfcd266a2b0eac811d7ea7eabbd5b217965f88efa81371465134dbcab11,2026-07-15T18:10:05.992138+00:00,8o8-arch,7.0.12-arch1-1,AMD Ryzen 9 3900X 12-Core Processor,"logical=24,cores=12,sockets=1,nodes=1",performance,rustc 1.97.0 (2d8144b78 2026-07-07),22.1.6,cargo 1.97.0 (c980f4866 2026-06-30),"release,lto=thin,debug=true",/home/bob/.cache/mess-bench,/dev/nvme0n1p3,ext4,/home,Samsung SSD 970 EVO Plus 2TB,[none] mq-deadline kyber bfq,249465307136,4096,1024,payload[i]=(i*131+17)&0xff,4.76318359375,accepted,,4,8,0,1928,bytes,15424,7712,33562624,1928,0,0,8,0,0,6425782,6340576,2530,3240,15640,4.760,4.760
e000667,exploratory,pwritev_full_8m,candidate,1,3,ABBA,pwritev_full_8m,process,4096,1,4,4,new_name,synthetic_sweep,1,015d813736625640f12d26c5d349b92c14fd2fb4,false,a897dfa99e98479b638409c432d3d2bc8e7ba7d5ba4e5a046dd229021f58bffd,12b1dafe765a77d1a17115b0ae12cff973f20ed7d6d770fbd790695fe081288e,afaa9ca40fef1b2a362af2af235634b472665287e554d16b829c09e1a70787ac,8d5b7eba8aea53574190e7d4a6d9e7b424bc23a9e2a0b6968a27f1772509492b,6e938dfcd266a2b0eac811d7ea7eabbd5b217965f88efa81371465134dbcab11,2026-07-15T18:10:07.013897+00:00,8o8-arch,7.0.12-arch1-1,AMD Ryzen 9 3900X 12-Core Processor,"logical=24,cores=12,sockets=1,nodes=1",performance,rustc 1.97.0 (2d8144b78 2026-07-07),22.1.6,cargo 1.97.0 (c980f4866 2026-06-30),"release,lto=thin,debug=true",/home/bob/.cache/mess-bench,/dev/nvme0n1p3,ext4,/home,Samsung SSD 970 EVO Plus 2TB,[none] mq-deadline kyber bfq,249465303040,4096,1024,payload[i]=(i*131+17)&0xff,4.76318359375,accepted,,4,8,0,1928,bytes,15424,7712,33562624,1928,0,0,8,0,0,5089291,5121976,2530,3040,3210,4.760,4.760
e000668,exploratory,pwritev_full_8m,baseline,1,4,ABBA,k_pwrite,process,4096,1,4,4,new_name,synthetic_sweep,1,015d813736625640f12d26c5d349b92c14fd2fb4,false,a897dfa99e98479b638409c432d3d2bc8e7ba7d5ba4e5a046dd229021f58bffd,12b1dafe765a77d1a17115b0ae12cff973f20ed7d6d770fbd790695fe081288e,afaa9ca40fef1b2a362af2af235634b472665287e554d16b829c09e1a70787ac,8d5b7eba8aea53574190e7d4a6d9e7b424bc23a9e2a0b6968a27f1772509492b,6e938dfcd266a2b0eac811d7ea7eabbd5b217965f88efa81371465134dbcab11,2026-07-15T18:10:08.045612+00:00,8o8-arch,7.0.12-arch1-1,AMD Ryzen 9 3900X 12-Core Processor,"logical=24,cores=12,sockets=1,nodes=1",performance,rustc 1.97.0 (2d8144b78 2026-07-07),22.1.6,cargo 1.97.0 (c980f4866 2026-06-30),"release,lto=thin,debug=true",/home/bob/.cache/mess-bench,/dev/nvme0n1p3,ext4,/home,Samsung SSD 970 EVO Plus 2TB,[none] mq-deadline kyber bfq,249465266176,4096,1024,payload[i]=(i*131+17)&0xff,4.76318359375,accepted,,4,8,0,1928,bytes,15424,7712,33562624,15424,0,0,0,0,0,14665004,14773641,7500,7720,9370,4.760,4.760
e000669,exploratory,copy_contiguous,candidate,1,1,BAAB,copy_contiguous,process,4096,1,4,4,new_name,synthetic_sweep,1,015d813736625640f12d26c5d349b92c14fd2fb4,false,a897dfa99e98479b638409c432d3d2bc8e7ba7d5ba4e5a046dd229021f58bffd,12b1dafe765a77d1a17115b0ae12cff973f20ed7d6d770fbd790695fe081288e,afaa9ca40fef1b2a362af2af235634b472665287e554d16b829c09e1a70787ac,8d5b7eba8aea53574190e7d4a6d9e7b424bc23a9e2a0b6968a27f1772509492b,6e938dfcd266a2b0eac811d7ea7eabbd5b217965f88efa81371465134dbcab11,2026-07-15T18:10:09.070173+00:00,8o8-arch,7.0.12-arch1-1,AMD Ryzen 9 3900X 12-Core Processor,"logical=24,cores=12,sockets=1,nodes=1",performance,rustc 1.97.0 (2d8144b78 2026-07-07),22.1.6,cargo 1.97.0 (c980f4866 2026-06-30),"release,lto=thin,debug=true",/home/bob/.cache/mess-bench,/dev/nvme0n1p3,ext4,/home,Samsung SSD 970 EVO Plus 2TB,[none] mq-deadline kyber bfq,249465290752,4096,1024,payload[i]=(i*131+17)&0xff,4.76318359375,accepted,,4,8,0,1928,bytes,15424,7712,33562624,1928,0,0,0,33562624,0,5069701,5108827,2500,3000,3260,4.760,4.760
e000670,exploratory,copy_contiguous,baseline,1,2,BAAB,k_pwrite,process,4096,1,4,4,new_name,synthetic_sweep,1,015d813736625640f12d26c5d349b92c14fd2fb4,false,a897dfa99e98479b638409c432d3d2bc8e7ba7d5ba4e5a046dd229021f58bffd,12b1dafe765a77d1a17115b0ae12cff973f20ed7d6d770fbd790695fe081288e,afaa9ca40fef1b2a362af2af235634b472665287e554d16b829c09e1a70787ac,8d5b7eba8aea53574190e7d4a6d9e7b424bc23a9e2a0b6968a27f1772509492b,6e938dfcd266a2b0eac811d7ea7eabbd5b217965f88efa81371465134dbcab11,2026-07-15T18:10:10.098285+00:00,8o8-arch,7.0.12-arch1-1,AMD Ryzen 9 3900X 12-Core Processor,"logical=24,cores=12,sockets=1,nodes=1",performance,rustc 1.97.0 (2d8144b78 2026-07-07),22.1.6,cargo 1.97.0 (c980f4866 2026-06-30),"release,lto=thin,debug=true",/home/bob/.cache/mess-bench,/dev/nvme0n1p3,ext4,/home,Samsung SSD 970 EVO Plus 2TB,[none] mq-deadline kyber bfq,249465290752,4096,1024,payload[i]=(i*131+17)&0xff,4.76318359375,accepted,,4,8,0,1928,bytes,15424,7712,33562624,15424,0,0,0,0,0,15987064,16099530,7640,9670,11520,4.760,4.760
e000671,exploratory,copy_contiguous,baseline,1,3,BAAB,k_pwrite,process,4096,1,4,4,new_name,synthetic_sweep,1,015d813736625640f12d26c5d349b92c14fd2fb4,false,a897dfa99e98479b638409c432d3d2bc8e7ba7d5ba4e5a046dd229021f58bffd,12b1dafe765a77d1a17115b0ae12cff973f20ed7d6d770fbd790695fe081288e,afaa9ca40fef1b2a362af2af235634b472665287e554d16b829c09e1a70787ac,8d5b7eba8aea53574190e7d4a6d9e7b424bc23a9e2a0b6968a27f1772509492b,6e938dfcd266a2b0eac811d7ea7eabbd5b217965f88efa81371465134dbcab11,2026-07-15T18:10:11.119576+00:00,8o8-arch,7.0.12-arch1-1,AMD Ryzen 9 3900X 12-Core Processor,"logical=24,cores=12,sockets=1,nodes=1",performance,rustc 1.97.0 (2d8144b78 2026-07-07),22.1.6,cargo 1.97.0 (c980f4866 2026-06-30),"release,lto=thin,debug=true",/home/bob/.cache/mess-bench,/dev/nvme0n1p3,ext4,/home,Samsung SSD 970 EVO Plus 2TB,[none] mq-deadline kyber bfq,249465286656,4096,1024,payload[i]=(i*131+17)&0xff,4.70166015625,accepted,,4,8,0,1928,bytes,15424,7712,33562624,15424,0,0,0,0,0,17395704,17555380,7490,9160,42600,4.700,4.700
e000672,exploratory,copy_contiguous,candidate,1,4,BAAB,copy_contiguous,process,4096,1,4,4,new_name,synthetic_sweep,1,015d813736625640f12d26c5d349b92c14fd2fb4,false,a897dfa99e98479b638409c432d3d2bc8e7ba7d5ba4e5a046dd229021f58bffd,12b1dafe765a77d1a17115b0ae12cff973f20ed7d6d770fbd790695fe081288e,afaa9ca40fef1b2a362af2af235634b472665287e554d16b829c09e1a70787ac,8d5b7eba8aea53574190e7d4a6d9e7b424bc23a9e2a0b6968a27f1772509492b,6e938dfcd266a2b0eac811d7ea7eabbd5b217965f88efa81371465134dbcab11,2026-07-15T18:10:12.144576+00:00,8o8-arch,7.0.12-arch1-1,AMD Ryzen 9 3900X 12-Core Processor,"logical=24,cores=12,sockets=1,nodes=1",performance,rustc 1.97.0 (2d8144b78 2026-07-07),22.1.6,cargo 1.97.0 (c980f4866 2026-06-30),"release,lto=thin,debug=true",/home/bob/.cache/mess-bench,/dev/nvme0n1p3,ext4,/home,Samsung SSD 970 EVO Plus 2TB,[none] mq-deadline kyber bfq,249465278464,4096,1024,payload[i]=(i*131+17)&0xff,4.70166015625,accepted,,4,8,0,1928,bytes,15424,7712,33562624,1928,0,0,0,33562624,0,5112251,5163517,2500,3130,3240,4.700,4.700
e000673,exploratory,pwritev_full_8m,baseline,1,1,ABBA,k_pwrite,process,4096,10,2,2,domain,synthetic_sweep,1,015d813736625640f12d26c5d349b92c14fd2fb4,false,a897dfa99e98479b638409c432d3d2bc8e7ba7d5ba4e5a046dd229021f58bffd,12b1dafe765a77d1a17115b0ae12cff973f20ed7d6d770fbd790695fe081288e,afaa9ca40fef1b2a362af2af235634b472665287e554d16b829c09e1a70787ac,8d5b7eba8aea53574190e7d4a6d9e7b424bc23a9e2a0b6968a27f1772509492b,6e938dfcd266a2b0eac811d7ea7eabbd5b217965f88efa81371465134dbcab11,2026-07-15T18:10:13.167944+00:00,8o8-arch,7.0.12-arch1-1,AMD Ryzen 9 3900X 12-Core Processor,"logical=24,cores=12,sockets=1,nodes=1",performance,rustc 1.97.0 (2d8144b78 2026-07-07),22.1.6,cargo 1.97.0 (c980f4866 2026-06-30),"release,lto=thin,debug=true",/home/bob/.cache/mess-bench,/dev/nvme0n1p3,ext4,/home,Samsung SSD 970 EVO Plus 2TB,[none] mq-deadline kyber bfq,249465278464,4096,1024,payload[i]=(i*131+17)&0xff,4.70166015625,accepted,,2,2,0,406,bytes,8120,8120,33558336,812,0,0,0,0,0,2755820,2784808,6410,8710,14320,4.700,4.700
e000674,exploratory,pwritev_full_8m,candidate,1,2,ABBA,pwritev_full_8m,process,4096,10,2,2,domain,synthetic_sweep,1,015d813736625640f12d26c5d349b92c14fd2fb4,false,a897dfa99e98479b638409c432d3d2bc8e7ba7d5ba4e5a046dd229021f58bffd,12b1dafe765a77d1a17115b0ae12cff973f20ed7d6d770fbd790695fe081288e,afaa9ca40fef1b2a362af2af235634b472665287e554d16b829c09e1a70787ac,8d5b7eba8aea53574190e7d4a6d9e7b424bc23a9e2a0b6968a27f1772509492b,6e938dfcd266a2b0eac811d7ea7eabbd5b217965f88efa81371465134dbcab11,2026-07-15T18:10:14.196352+00:00,8o8-arch,7.0.12-arch1-1,AMD Ryzen 9 3900X 12-Core Processor,"logical=24,cores=12,sockets=1,nodes=1",performance,rustc 1.97.0 (2d8144b78 2026-07-07),22.1.6,cargo 1.97.0 (c980f4866 2026-06-30),"release,lto=thin,debug=true",/home/bob/.cache/mess-bench,/dev/nvme0n1p3,ext4,/home,Samsung SSD 970 EVO Plus 2TB,[none] mq-deadline kyber bfq,249465278464,4096,1024,payload[i]=(i*131+17)&0xff,4.70166015625,accepted,,2,2,0,406,bytes,8120,8120,33558336,406,0,0,2,0,0,3998720,4471798,4740,20380,116870,4.700,4.700
e000675,exploratory,pwritev_full_8m,candidate,1,3,ABBA,pwritev_full_8m,process,4096,10,2,2,domain,synthetic_sweep,1,015d813736625640f12d26c5d349b92c14fd2fb4,false,a897dfa99e98479b638409c432d3d2bc8e7ba7d5ba4e5a046dd229021f58bffd,12b1dafe765a77d1a17115b0ae12cff973f20ed7d6d770fbd790695fe081288e,afaa9ca40fef1b2a362af2af235634b472665287e554d16b829c09e1a70787ac,8d5b7eba8aea53574190e7d4a6d9e7b424bc23a9e2a0b6968a27f1772509492b,6e938dfcd266a2b0eac811d7ea7eabbd5b217965f88efa81371465134dbcab11,2026-07-15T18:10:15.217177+00:00,8o8-arch,7.0.12-arch1-1,AMD Ryzen 9 3900X 12-Core Processor,"logical=24,cores=12,sockets=1,nodes=1",performance,rustc 1.97.0 (2d8144b78 2026-07-07),22.1.6,cargo 1.97.0 (c980f4866 2026-06-30),"release,lto=thin,debug=true",/home/bob/.cache/mess-bench,/dev/nvme0n1p3,ext4,/home,Samsung SSD 970 EVO Plus 2TB,[none] mq-deadline kyber bfq,249465278464,4096,1024,payload[i]=(i*131+17)&0xff,4.70166015625,accepted,,2,2,0,406,bytes,8120,8120,33558336,406,0,0,2,0,0,1984001,1995019,4790,4860,6170,4.700,4.700
e000676,exploratory,pwritev_full_8m,baseline,1,4,ABBA,k_pwrite,process,4096,10,2,2,domain,synthetic_sweep,1,015d813736625640f12d26c5d349b92c14fd2fb4,false,a897dfa99e98479b638409c432d3d2bc8e7ba7d5ba4e5a046dd229021f58bffd,12b1dafe765a77d1a17115b0ae12cff973f20ed7d6d770fbd790695fe081288e,afaa9ca40fef1b2a362af2af235634b472665287e554d16b829c09e1a70787ac,8d5b7eba8aea53574190e7d4a6d9e7b424bc23a9e2a0b6968a27f1772509492b,6e938dfcd266a2b0eac811d7ea7eabbd5b217965f88efa81371465134dbcab11,2026-07-15T18:10:16.241393+00:00,8o8-arch,7.0.12-arch1-1,AMD Ryzen 9 3900X 12-Core Processor,"logical=24,cores=12,sockets=1,nodes=1",performance,rustc 1.97.0 (2d8144b78 2026-07-07),22.1.6,cargo 1.97.0 (c980f4866 2026-06-30),"release,lto=thin,debug=true",/home/bob/.cache/mess-bench,/dev/nvme0n1p3,ext4,/home,Samsung SSD 970 EVO Plus 2TB,[none] mq-deadline kyber bfq,249465274368,4096,1024,payload[i]=(i*131+17)&0xff,4.56494140625,accepted,,2,2,0,406,bytes,8120,8120,33558336,812,0,0,0,0,0,2951861,2977898,6880,9680,11580,4.560,4.560
e000677,exploratory,copy_contiguous,candidate,1,1,BAAB,copy_contiguous,process,4096,10,2,2,domain,synthetic_sweep,1,015d813736625640f12d26c5d349b92c14fd2fb4,false,a897dfa99e98479b638409c432d3d2bc8e7ba7d5ba4e5a046dd229021f58bffd,12b1dafe765a77d1a17115b0ae12cff973f20ed7d6d770fbd790695fe081288e,afaa9ca40fef1b2a362af2af235634b472665287e554d16b829c09e1a70787ac,8d5b7eba8aea53574190e7d4a6d9e7b424bc23a9e2a0b6968a27f1772509492b,6e938dfcd266a2b0eac811d7ea7eabbd5b217965f88efa81371465134dbcab11,2026-07-15T18:10:17.273639+00:00,8o8-arch,7.0.12-arch1-1,AMD Ryzen 9 3900X 12-Core Processor,"logical=24,cores=12,sockets=1,nodes=1",performance,rustc 1.97.0 (2d8144b78 2026-07-07),22.1.6,cargo 1.97.0 (c980f4866 2026-06-30),"release,lto=thin,debug=true",/home/bob/.cache/mess-bench,/dev/nvme0n1p3,ext4,/home,Samsung SSD 970 EVO Plus 2TB,[none] mq-deadline kyber bfq,249465266176,4096,1024,payload[i]=(i*131+17)&0xff,4.56494140625,accepted,,2,2,0,406,bytes,8120,8120,33558336,406,0,0,0,33558336,0,2791281,2889838,6580,8970,10360,4.560,4.560
e000678,exploratory,copy_contiguous,baseline,1,2,BAAB,k_pwrite,process,4096,10,2,2,domain,synthetic_sweep,1,015d813736625640f12d26c5d349b92c14fd2fb4,false,a897dfa99e98479b638409c432d3d2bc8e7ba7d5ba4e5a046dd229021f58bffd,12b1dafe765a77d1a17115b0ae12cff973f20ed7d6d770fbd790695fe081288e,afaa9ca40fef1b2a362af2af235634b472665287e554d16b829c09e1a70787ac,8d5b7eba8aea53574190e7d4a6d9e7b424bc23a9e2a0b6968a27f1772509492b,6e938dfcd266a2b0eac811d7ea7eabbd5b217965f88efa81371465134dbcab11,2026-07-15T18:10:18.305386+00:00,8o8-arch,7.0.12-arch1-1,AMD Ryzen 9 3900X 12-Core Processor,"logical=24,cores=12,sockets=1,nodes=1",performance,rustc 1.97.0 (2d8144b78 2026-07-07),22.1.6,cargo 1.97.0 (c980f4866 2026-06-30),"release,lto=thin,debug=true",/home/bob/.cache/mess-bench,/dev/nvme0n1p3,ext4,/home,Samsung SSD 970 EVO Plus 2TB,[none] mq-deadline kyber bfq,249465266176,4096,1024,payload[i]=(i*131+17)&0xff,4.56494140625,accepted,,2,2,0,406,bytes,8120,8120,33558336,812,0,0,0,0,0,2646491,2674289,6350,6690,9430,4.560,4.560
e000679,exploratory,copy_contiguous,baseline,1,3,BAAB,k_pwrite,process,4096,10,2,2,domain,synthetic_sweep,1,015d813736625640f12d26c5d349b92c14fd2fb4,false,a897dfa99e98479b638409c432d3d2bc8e7ba7d5ba4e5a046dd229021f58bffd,12b1dafe765a77d1a17115b0ae12cff973f20ed7d6d770fbd790695fe081288e,afaa9ca40fef1b2a362af2af235634b472665287e554d16b829c09e1a70787ac,8d5b7eba8aea53574190e7d4a6d9e7b424bc23a9e2a0b6968a27f1772509492b,6e938dfcd266a2b0eac811d7ea7eabbd5b217965f88efa81371465134dbcab11,2026-07-15T18:10:19.330778+00:00,8o8-arch,7.0.12-arch1-1,AMD Ryzen 9 3900X 12-Core Processor,"logical=24,cores=12,sockets=1,nodes=1",performance,rustc 1.97.0 (2d8144b78 2026-07-07),22.1.6,cargo 1.97.0 (c980f4866 2026-06-30),"release,lto=thin,debug=true",/home/bob/.cache/mess-bench,/dev/nvme0n1p3,ext4,/home,Samsung SSD 970 EVO Plus 2TB,[none] mq-deadline kyber bfq,249465262080,4096,1024,payload[i]=(i*131+17)&0xff,4.56494140625,accepted,,2,2,0,406,bytes,8120,8120,33558336,812,0,0,0,0,0,2803591,2828878,6610,8380,11230,4.560,4.560
e000680,exploratory,copy_contiguous,candidate,1,4,BAAB,copy_contiguous,process,4096,10,2,2,domain,synthetic_sweep,1,015d813736625640f12d26c5d349b92c14fd2fb4,false,a897dfa99e98479b638409c432d3d2bc8e7ba7d5ba4e5a046dd229021f58bffd,12b1dafe765a77d1a17115b0ae12cff973f20ed7d6d770fbd790695fe081288e,afaa9ca40fef1b2a362af2af235634b472665287e554d16b829c09e1a70787ac,8d5b7eba8aea53574190e7d4a6d9e7b424bc23a9e2a0b6968a27f1772509492b,6e938dfcd266a2b0eac811d7ea7eabbd5b217965f88efa81371465134dbcab11,2026-07-15T18:10:20.352205+00:00,8o8-arch,7.0.12-arch1-1,AMD Ryzen 9 3900X 12-Core Processor,"logical=24,cores=12,sockets=1,nodes=1",performance,rustc 1.97.0 (2d8144b78 2026-07-07),22.1.6,cargo 1.97.0 (c980f4866 2026-06-30),"release,lto=thin,debug=true",/home/bob/.cache/mess-bench,/dev/nvme0n1p3,ext4,/home,Samsung SSD 970 EVO Plus 2TB,[none] mq-deadline kyber bfq,249465253888,4096,1024,payload[i]=(i*131+17)&0xff,4.56494140625,accepted,,2,2,0,406,bytes,8120,8120,33558336,406,0,0,0,33558336,0,2638680,2665839,6260,8950,12000,4.560,4.560
e000681,exploratory,pwritev_full_8m,baseline,1,1,ABBA,k_pwrite,process,4096,10,2,2,new_name,synthetic_sweep,1,015d813736625640f12d26c5d349b92c14fd2fb4,false,a897dfa99e98479b638409c432d3d2bc8e7ba7d5ba4e5a046dd229021f58bffd,12b1dafe765a77d1a17115b0ae12cff973f20ed7d6d770fbd790695fe081288e,afaa9ca40fef1b2a362af2af235634b472665287e554d16b829c09e1a70787ac,8d5b7eba8aea53574190e7d4a6d9e7b424bc23a9e2a0b6968a27f1772509492b,6e938dfcd266a2b0eac811d7ea7eabbd5b217965f88efa81371465134dbcab11,2026-07-15T18:10:21.384223+00:00,8o8-arch,7.0.12-arch1-1,AMD Ryzen 9 3900X 12-Core Processor,"logical=24,cores=12,sockets=1,nodes=1",performance,rustc 1.97.0 (2d8144b78 2026-07-07),22.1.6,cargo 1.97.0 (c980f4866 2026-06-30),"release,lto=thin,debug=true",/home/bob/.cache/mess-bench,/dev/nvme0n1p3,ext4,/home,Samsung SSD 970 EVO Plus 2TB,[none] mq-deadline kyber bfq,249465249792,4096,1024,payload[i]=(i*131+17)&0xff,4.439453125,accepted,,2,4,0,405,bytes,8910,8100,33589080,1620,0,0,0,0,0,3440871,3632538,7970,12830,22380,4.440,4.440
e000682,exploratory,pwritev_full_8m,candidate,1,2,ABBA,pwritev_full_8m,process,4096,10,2,2,new_name,synthetic_sweep,1,015d813736625640f12d26c5d349b92c14fd2fb4,false,a897dfa99e98479b638409c432d3d2bc8e7ba7d5ba4e5a046dd229021f58bffd,12b1dafe765a77d1a17115b0ae12cff973f20ed7d6d770fbd790695fe081288e,afaa9ca40fef1b2a362af2af235634b472665287e554d16b829c09e1a70787ac,8d5b7eba8aea53574190e7d4a6d9e7b424bc23a9e2a0b6968a27f1772509492b,6e938dfcd266a2b0eac811d7ea7eabbd5b217965f88efa81371465134dbcab11,2026-07-15T18:10:22.409755+00:00,8o8-arch,7.0.12-arch1-1,AMD Ryzen 9 3900X 12-Core Processor,"logical=24,cores=12,sockets=1,nodes=1",performance,rustc 1.97.0 (2d8144b78 2026-07-07),22.1.6,cargo 1.97.0 (c980f4866 2026-06-30),"release,lto=thin,debug=true",/home/bob/.cache/mess-bench,/dev/nvme0n1p3,ext4,/home,Samsung SSD 970 EVO Plus 2TB,[none] mq-deadline kyber bfq,249465249792,4096,1024,payload[i]=(i*131+17)&0xff,4.439453125,accepted,,2,4,0,405,bytes,8910,8100,33589080,405,0,0,4,0,0,2087020,2101819,4840,6540,9240,4.440,4.440
e000683,exploratory,pwritev_full_8m,candidate,1,3,ABBA,pwritev_full_8m,process,4096,10,2,2,new_name,synthetic_sweep,1,015d813736625640f12d26c5d349b92c14fd2fb4,false,a897dfa99e98479b638409c432d3d2bc8e7ba7d5ba4e5a046dd229021f58bffd,12b1dafe765a77d1a17115b0ae12cff973f20ed7d6d770fbd790695fe081288e,afaa9ca40fef1b2a362af2af235634b472665287e554d16b829c09e1a70787ac,8d5b7eba8aea53574190e7d4a6d9e7b424bc23a9e2a0b6968a27f1772509492b,6e938dfcd266a2b0eac811d7ea7eabbd5b217965f88efa81371465134dbcab11,2026-07-15T18:10:23.441467+00:00,8o8-arch,7.0.12-arch1-1,AMD Ryzen 9 3900X 12-Core Processor,"logical=24,cores=12,sockets=1,nodes=1",performance,rustc 1.97.0 (2d8144b78 2026-07-07),22.1.6,cargo 1.97.0 (c980f4866 2026-06-30),"release,lto=thin,debug=true",/home/bob/.cache/mess-bench,/dev/nvme0n1p3,ext4,/home,Samsung SSD 970 EVO Plus 2TB,[none] mq-deadline kyber bfq,249465245696,4096,1024,payload[i]=(i*131+17)&0xff,4.439453125,accepted,,2,4,0,405,bytes,8910,8100,33589080,405,0,0,4,0,0,2280531,2297159,5000,8110,11020,4.440,4.440
e000684,exploratory,pwritev_full_8m,baseline,1,4,ABBA,k_pwrite,process,4096,10,2,2,new_name,synthetic_sweep,1,015d813736625640f12d26c5d349b92c14fd2fb4,false,a897dfa99e98479b638409c432d3d2bc8e7ba7d5ba4e5a046dd229021f58bffd,12b1dafe765a77d1a17115b0ae12cff973f20ed7d6d770fbd790695fe081288e,afaa9ca40fef1b2a362af2af235634b472665287e554d16b829c09e1a70787ac,8d5b7eba8aea53574190e7d4a6d9e7b424bc23a9e2a0b6968a27f1772509492b,6e938dfcd266a2b0eac811d7ea7eabbd5b217965f88efa81371465134dbcab11,2026-07-15T18:10:24.465661+00:00,8o8-arch,7.0.12-arch1-1,AMD Ryzen 9 3900X 12-Core Processor,"logical=24,cores=12,sockets=1,nodes=1",performance,rustc 1.97.0 (2d8144b78 2026-07-07),22.1.6,cargo 1.97.0 (c980f4866 2026-06-30),"release,lto=thin,debug=true",/home/bob/.cache/mess-bench,/dev/nvme0n1p3,ext4,/home,Samsung SSD 970 EVO Plus 2TB,[none] mq-deadline kyber bfq,249465241600,4096,1024,payload[i]=(i*131+17)&0xff,4.439453125,accepted,,2,4,0,405,bytes,8910,8100,33589080,1620,0,0,0,0,0,3348871,3371348,7830,11210,13620,4.440,4.440
e000685,exploratory,copy_contiguous,candidate,1,1,BAAB,copy_contiguous,process,4096,10,2,2,new_name,synthetic_sweep,1,015d813736625640f12d26c5d349b92c14fd2fb4,false,a897dfa99e98479b638409c432d3d2bc8e7ba7d5ba4e5a046dd229021f58bffd,12b1dafe765a77d1a17115b0ae12cff973f20ed7d6d770fbd790695fe081288e,afaa9ca40fef1b2a362af2af235634b472665287e554d16b829c09e1a70787ac,8d5b7eba8aea53574190e7d4a6d9e7b424bc23a9e2a0b6968a27f1772509492b,6e938dfcd266a2b0eac811d7ea7eabbd5b217965f88efa81371465134dbcab11,2026-07-15T18:10:25.495795+00:00,8o8-arch,7.0.12-arch1-1,AMD Ryzen 9 3900X 12-Core Processor,"logical=24,cores=12,sockets=1,nodes=1",performance,rustc 1.97.0 (2d8144b78 2026-07-07),22.1.6,cargo 1.97.0 (c980f4866 2026-06-30),"release,lto=thin,debug=true",/home/bob/.cache/mess-bench,/dev/nvme0n1p3,ext4,/home,Samsung SSD 970 EVO Plus 2TB,[none] mq-deadline kyber bfq,249465237504,4096,1024,payload[i]=(i*131+17)&0xff,4.16357421875,accepted,,2,4,0,405,bytes,8910,8100,33589080,405,0,0,0,33589080,0,2651561,2688519,6180,9100,12810,4.160,4.160
e000686,exploratory,copy_contiguous,baseline,1,2,BAAB,k_pwrite,process,4096,10,2,2,new_name,synthetic_sweep,1,015d813736625640f12d26c5d349b92c14fd2fb4,false,a897dfa99e98479b638409c432d3d2bc8e7ba7d5ba4e5a046dd229021f58bffd,12b1dafe765a77d1a17115b0ae12cff973f20ed7d6d770fbd790695fe081288e,afaa9ca40fef1b2a362af2af235634b472665287e554d16b829c09e1a70787ac,8d5b7eba8aea53574190e7d4a6d9e7b424bc23a9e2a0b6968a27f1772509492b,6e938dfcd266a2b0eac811d7ea7eabbd5b217965f88efa81371465134dbcab11,2026-07-15T18:10:26.517742+00:00,8o8-arch,7.0.12-arch1-1,AMD Ryzen 9 3900X 12-Core Processor,"logical=24,cores=12,sockets=1,nodes=1",performance,rustc 1.97.0 (2d8144b78 2026-07-07),22.1.6,cargo 1.97.0 (c980f4866 2026-06-30),"release,lto=thin,debug=true",/home/bob/.cache/mess-bench,/dev/nvme0n1p3,ext4,/home,Samsung SSD 970 EVO Plus 2TB,[none] mq-deadline kyber bfq,249465229312,4096,1024,payload[i]=(i*131+17)&0xff,4.16357421875,accepted,,2,4,0,405,bytes,8910,8100,33589080,1620,0,0,0,0,0,3301721,3321458,7720,10380,12880,4.160,4.160
e000687,exploratory,copy_contiguous,baseline,1,3,BAAB,k_pwrite,process,4096,10,2,2,new_name,synthetic_sweep,1,015d813736625640f12d26c5d349b92c14fd2fb4,false,a897dfa99e98479b638409c432d3d2bc8e7ba7d5ba4e5a046dd229021f58bffd,12b1dafe765a77d1a17115b0ae12cff973f20ed7d6d770fbd790695fe081288e,afaa9ca40fef1b2a362af2af235634b472665287e554d16b829c09e1a70787ac,8d5b7eba8aea53574190e7d4a6d9e7b424bc23a9e2a0b6968a27f1772509492b,6e938dfcd266a2b0eac811d7ea7eabbd5b217965f88efa81371465134dbcab11,2026-07-15T18:10:27.548465+00:00,8o8-arch,7.0.12-arch1-1,AMD Ryzen 9 3900X 12-Core Processor,"logical=24,cores=12,sockets=1,nodes=1",performance,rustc 1.97.0 (2d8144b78 2026-07-07),22.1.6,cargo 1.97.0 (c980f4866 2026-06-30),"release,lto=thin,debug=true",/home/bob/.cache/mess-bench,/dev/nvme0n1p3,ext4,/home,Samsung SSD 970 EVO Plus 2TB,[none] mq-deadline kyber bfq,249465229312,4096,1024,payload[i]=(i*131+17)&0xff,4.16357421875,accepted,,2,4,0,405,bytes,8910,8100,33589080,1620,0,0,0,0,0,3322031,3366979,7820,10700,13270,4.160,4.160
e000688,exploratory,copy_contiguous,candidate,1,4,BAAB,copy_contiguous,process,4096,10,2,2,new_name,synthetic_sweep,1,015d813736625640f12d26c5d349b92c14fd2fb4,false,a897dfa99e98479b638409c432d3d2bc8e7ba7d5ba4e5a046dd229021f58bffd,12b1dafe765a77d1a17115b0ae12cff973f20ed7d6d770fbd790695fe081288e,afaa9ca40fef1b2a362af2af235634b472665287e554d16b829c09e1a70787ac,8d5b7eba8aea53574190e7d4a6d9e7b424bc23a9e2a0b6968a27f1772509492b,6e938dfcd266a2b0eac811d7ea7eabbd5b217965f88efa81371465134dbcab11,2026-07-15T18:10:28.572388+00:00,8o8-arch,7.0.12-arch1-1,AMD Ryzen 9 3900X 12-Core Processor,"logical=24,cores=12,sockets=1,nodes=1",performance,rustc 1.97.0 (2d8144b78 2026-07-07),22.1.6,cargo 1.97.0 (c980f4866 2026-06-30),"release,lto=thin,debug=true",/home/bob/.cache/mess-bench,/dev/nvme0n1p3,ext4,/home,Samsung SSD 970 EVO Plus 2TB,[none] mq-deadline kyber bfq,249465225216,4096,1024,payload[i]=(i*131+17)&0xff,4.16357421875,accepted,,2,4,0,405,bytes,8910,8100,33589080,405,0,0,0,33589080,0,3014760,3034618,7060,10170,13400,4.160,4.160
e000689,exploratory,pwritev_full_8m,baseline,1,1,ABBA,k_pwrite,process,4096,10,4,4,domain,synthetic_sweep,1,015d813736625640f12d26c5d349b92c14fd2fb4,false,a897dfa99e98479b638409c432d3d2bc8e7ba7d5ba4e5a046dd229021f58bffd,12b1dafe765a77d1a17115b0ae12cff973f20ed7d6d770fbd790695fe081288e,afaa9ca40fef1b2a362af2af235634b472665287e554d16b829c09e1a70787ac,8d5b7eba8aea53574190e7d4a6d9e7b424bc23a9e2a0b6968a27f1772509492b,6e938dfcd266a2b0eac811d7ea7eabbd5b217965f88efa81371465134dbcab11,2026-07-15T18:10:29.600049+00:00,8o8-arch,7.0.12-arch1-1,AMD Ryzen 9 3900X 12-Core Processor,"logical=24,cores=12,sockets=1,nodes=1",performance,rustc 1.97.0 (2d8144b78 2026-07-07),22.1.6,cargo 1.97.0 (c980f4866 2026-06-30),"release,lto=thin,debug=true",/home/bob/.cache/mess-bench,/dev/nvme0n1p3,ext4,/home,Samsung SSD 970 EVO Plus 2TB,[none] mq-deadline kyber bfq,249465212928,4096,1024,payload[i]=(i*131+17)&0xff,4.16357421875,accepted,,4,4,0,203,bytes,8120,8120,33558336,812,0,0,0,0,0,3294071,3483638,15750,19170,39910,4.160,4.160
e000690,exploratory,pwritev_full_8m,candidate,1,2,ABBA,pwritev_full_8m,process,4096,10,4,4,domain,synthetic_sweep,1,015d813736625640f12d26c5d349b92c14fd2fb4,false,a897dfa99e98479b638409c432d3d2bc8e7ba7d5ba4e5a046dd229021f58bffd,12b1dafe765a77d1a17115b0ae12cff973f20ed7d6d770fbd790695fe081288e,afaa9ca40fef1b2a362af2af235634b472665287e554d16b829c09e1a70787ac,8d5b7eba8aea53574190e7d4a6d9e7b424bc23a9e2a0b6968a27f1772509492b,6e938dfcd266a2b0eac811d7ea7eabbd5b217965f88efa81371465134dbcab11,2026-07-15T18:10:30.622381+00:00,8o8-arch,7.0.12-arch1-1,AMD Ryzen 9 3900X 12-Core Processor,"logical=24,cores=12,sockets=1,nodes=1",performance,rustc 1.97.0 (2d8144b78 2026-07-07),22.1.6,cargo 1.97.0 (c980f4866 2026-06-30),"release,lto=thin,debug=true",/home/bob/.cache/mess-bench,/dev/nvme0n1p3,ext4,/home,Samsung SSD 970 EVO Plus 2TB,[none] mq-deadline kyber bfq,249465212928,4096,1024,payload[i]=(i*131+17)&0xff,3.830078125,accepted,,4,4,0,203,bytes,8120,8120,33558336,203,0,0,4,0,0,1953701,1966289,9330,11020,15320,3.830,3.830
e000691,exploratory,pwritev_full_8m,candidate,1,3,ABBA,pwritev_full_8m,process,4096,10,4,4,domain,synthetic_sweep,1,015d813736625640f12d26c5d349b92c14fd2fb4,false,a897dfa99e98479b638409c432d3d2bc8e7ba7d5ba4e5a046dd229021f58bffd,12b1dafe765a77d1a17115b0ae12cff973f20ed7d6d770fbd790695fe081288e,afaa9ca40fef1b2a362af2af235634b472665287e554d16b829c09e1a70787ac,8d5b7eba8aea53574190e7d4a6d9e7b424bc23a9e2a0b6968a27f1772509492b,6e938dfcd266a2b0eac811d7ea7eabbd5b217965f88efa81371465134dbcab11,2026-07-15T18:10:31.651941+00:00,8o8-arch,7.0.12-arch1-1,AMD Ryzen 9 3900X 12-Core Processor,"logical=24,cores=12,sockets=1,nodes=1",performance,rustc 1.97.0 (2d8144b78 2026-07-07),22.1.6,cargo 1.97.0 (c980f4866 2026-06-30),"release,lto=thin,debug=true",/home/bob/.cache/mess-bench,/dev/nvme0n1p3,ext4,/home,Samsung SSD 970 EVO Plus 2TB,[none] mq-deadline kyber bfq,249465143296,4096,1024,payload[i]=(i*131+17)&0xff,3.830078125,accepted,,4,4,0,203,bytes,8120,8120,33558336,203,0,0,4,0,0,1720810,1736299,8200,9510,14920,3.830,3.830
e000692,exploratory,pwritev_full_8m,baseline,1,4,ABBA,k_pwrite,process,4096,10,4,4,domain,synthetic_sweep,1,015d813736625640f12d26c5d349b92c14fd2fb4,false,a897dfa99e98479b638409c432d3d2bc8e7ba7d5ba4e5a046dd229021f58bffd,12b1dafe765a77d1a17115b0ae12cff973f20ed7d6d770fbd790695fe081288e,afaa9ca40fef1b2a362af2af235634b472665287e554d16b829c09e1a70787ac,8d5b7eba8aea53574190e7d4a6d9e7b424bc23a9e2a0b6968a27f1772509492b,6e938dfcd266a2b0eac811d7ea7eabbd5b217965f88efa81371465134dbcab11,2026-07-15T18:10:32.683377+00:00,8o8-arch,7.0.12-arch1-1,AMD Ryzen 9 3900X 12-Core Processor,"logical=24,cores=12,sockets=1,nodes=1",performance,rustc 1.97.0 (2d8144b78 2026-07-07),22.1.6,cargo 1.97.0 (c980f4866 2026-06-30),"release,lto=thin,debug=true",/home/bob/.cache/mess-bench,/dev/nvme0n1p3,ext4,/home,Samsung SSD 970 EVO Plus 2TB,[none] mq-deadline kyber bfq,249465139200,4096,1024,payload[i]=(i*131+17)&0xff,3.830078125,accepted,,4,4,0,203,bytes,8120,8120,33558336,812,0,0,0,0,0,3028131,3056129,14130,18120,25140,3.830,3.830
e000693,exploratory,copy_contiguous,candidate,1,1,BAAB,copy_contiguous,process,4096,10,4,4,domain,synthetic_sweep,1,015d813736625640f12d26c5d349b92c14fd2fb4,false,a897dfa99e98479b638409c432d3d2bc8e7ba7d5ba4e5a046dd229021f58bffd,12b1dafe765a77d1a17115b0ae12cff973f20ed7d6d770fbd790695fe081288e,afaa9ca40fef1b2a362af2af235634b472665287e554d16b829c09e1a70787ac,8d5b7eba8aea53574190e7d4a6d9e7b424bc23a9e2a0b6968a27f1772509492b,6e938dfcd266a2b0eac811d7ea7eabbd5b217965f88efa81371465134dbcab11,2026-07-15T18:10:33.714277+00:00,8o8-arch,7.0.12-arch1-1,AMD Ryzen 9 3900X 12-Core Processor,"logical=24,cores=12,sockets=1,nodes=1",performance,rustc 1.97.0 (2d8144b78 2026-07-07),22.1.6,cargo 1.97.0 (c980f4866 2026-06-30),"release,lto=thin,debug=true",/home/bob/.cache/mess-bench,/dev/nvme0n1p3,ext4,/home,Samsung SSD 970 EVO Plus 2TB,[none] mq-deadline kyber bfq,249465135104,4096,1024,payload[i]=(i*131+17)&0xff,3.830078125,accepted,,4,4,0,203,bytes,8120,8120,33558336,203,0,0,0,33558336,0,4310171,4351137,20540,26580,27970,3.830,3.830
e000694,exploratory,copy_contiguous,baseline,1,2,BAAB,k_pwrite,process,4096,10,4,4,domain,synthetic_sweep,1,015d813736625640f12d26c5d349b92c14fd2fb4,false,a897dfa99e98479b638409c432d3d2bc8e7ba7d5ba4e5a046dd229021f58bffd,12b1dafe765a77d1a17115b0ae12cff973f20ed7d6d770fbd790695fe081288e,afaa9ca40fef1b2a362af2af235634b472665287e554d16b829c09e1a70787ac,8d5b7eba8aea53574190e7d4a6d9e7b424bc23a9e2a0b6968a27f1772509492b,6e938dfcd266a2b0eac811d7ea7eabbd5b217965f88efa81371465134dbcab11,2026-07-15T18:10:34.746794+00:00,8o8-arch,7.0.12-arch1-1,AMD Ryzen 9 3900X 12-Core Processor,"logical=24,cores=12,sockets=1,nodes=1",performance,rustc 1.97.0 (2d8144b78 2026-07-07),22.1.6,cargo 1.97.0 (c980f4866 2026-06-30),"release,lto=thin,debug=true",/home/bob/.cache/mess-bench,/dev/nvme0n1p3,ext4,/home,Samsung SSD 970 EVO Plus 2TB,[none] mq-deadline kyber bfq,249465131008,4096,1024,payload[i]=(i*131+17)&0xff,3.830078125,accepted,,4,4,0,203,bytes,8120,8120,33558336,812,0,0,0,0,0,3493391,3544618,16180,23300,34020,3.830,3.830
e000695,exploratory,copy_contiguous,baseline,1,3,BAAB,k_pwrite,process,4096,10,4,4,domain,synthetic_sweep,1,015d813736625640f12d26c5d349b92c14fd2fb4,false,a897dfa99e98479b638409c432d3d2bc8e7ba7d5ba4e5a046dd229021f58bffd,12b1dafe765a77d1a17115b0ae12cff973f20ed7d6d770fbd790695fe081288e,afaa9ca40fef1b2a362af2af235634b472665287e554d16b829c09e1a70787ac,8d5b7eba8aea53574190e7d4a6d9e7b424bc23a9e2a0b6968a27f1772509492b,6e938dfcd266a2b0eac811d7ea7eabbd5b217965f88efa81371465134dbcab11,2026-07-15T18:10:35.777807+00:00,8o8-arch,7.0.12-arch1-1,AMD Ryzen 9 3900X 12-Core Processor,"logical=24,cores=12,sockets=1,nodes=1",performance,rustc 1.97.0 (2d8144b78 2026-07-07),22.1.6,cargo 1.97.0 (c980f4866 2026-06-30),"release,lto=thin,debug=true",/home/bob/.cache/mess-bench,/dev/nvme0n1p3,ext4,/home,Samsung SSD 970 EVO Plus 2TB,[none] mq-deadline kyber bfq,249465126912,4096,1024,payload[i]=(i*131+17)&0xff,3.68310546875,accepted,,4,4,0,203,bytes,8120,8120,33558336,812,0,0,0,0,0,3433601,3496768,15730,23260,32260,3.680,3.680
e000696,exploratory,copy_contiguous,candidate,1,4,BAAB,copy_contiguous,process,4096,10,4,4,domain,synthetic_sweep,1,015d813736625640f12d26c5d349b92c14fd2fb4,false,a897dfa99e98479b638409c432d3d2bc8e7ba7d5ba4e5a046dd229021f58bffd,12b1dafe765a77d1a17115b0ae12cff973f20ed7d6d770fbd790695fe081288e,afaa9ca40fef1b2a362af2af235634b472665287e554d16b829c09e1a70787ac,8d5b7eba8aea53574190e7d4a6d9e7b424bc23a9e2a0b6968a27f1772509492b,6e938dfcd266a2b0eac811d7ea7eabbd5b217965f88efa81371465134dbcab11,2026-07-15T18:10:36.804291+00:00,8o8-arch,7.0.12-arch1-1,AMD Ryzen 9 3900X 12-Core Processor,"logical=24,cores=12,sockets=1,nodes=1",performance,rustc 1.97.0 (2d8144b78 2026-07-07),22.1.6,cargo 1.97.0 (c980f4866 2026-06-30),"release,lto=thin,debug=true",/home/bob/.cache/mess-bench,/dev/nvme0n1p3,ext4,/home,Samsung SSD 970 EVO Plus 2TB,[none] mq-deadline kyber bfq,249465032704,4096,1024,payload[i]=(i*131+17)&0xff,3.68310546875,accepted,,4,4,0,203,bytes,8120,8120,33558336,203,0,0,0,33558336,0,4598601,4620278,22260,25400,31240,3.680,3.680
e000697,exploratory,pwritev_full_8m,baseline,1,1,ABBA,k_pwrite,process,4096,10,4,4,new_name,synthetic_sweep,1,015d813736625640f12d26c5d349b92c14fd2fb4,false,a897dfa99e98479b638409c432d3d2bc8e7ba7d5ba4e5a046dd229021f58bffd,12b1dafe765a77d1a17115b0ae12cff973f20ed7d6d770fbd790695fe081288e,afaa9ca40fef1b2a362af2af235634b472665287e554d16b829c09e1a70787ac,8d5b7eba8aea53574190e7d4a6d9e7b424bc23a9e2a0b6968a27f1772509492b,6e938dfcd266a2b0eac811d7ea7eabbd5b217965f88efa81371465134dbcab11,2026-07-15T18:10:37.827073+00:00,8o8-arch,7.0.12-arch1-1,AMD Ryzen 9 3900X 12-Core Processor,"logical=24,cores=12,sockets=1,nodes=1",performance,rustc 1.97.0 (2d8144b78 2026-07-07),22.1.6,cargo 1.97.0 (c980f4866 2026-06-30),"release,lto=thin,debug=true",/home/bob/.cache/mess-bench,/dev/nvme0n1p3,ext4,/home,Samsung SSD 970 EVO Plus 2TB,[none] mq-deadline kyber bfq,249465061376,4096,1024,payload[i]=(i*131+17)&0xff,3.68310546875,accepted,,4,8,0,203,bytes,8932,8120,33672016,1624,0,0,0,0,0,4027061,4064038,19030,25840,33770,3.680,3.680
e000698,exploratory,pwritev_full_8m,candidate,1,2,ABBA,pwritev_full_8m,process,4096,10,4,4,new_name,synthetic_sweep,1,015d813736625640f12d26c5d349b92c14fd2fb4,false,a897dfa99e98479b638409c432d3d2bc8e7ba7d5ba4e5a046dd229021f58bffd,12b1dafe765a77d1a17115b0ae12cff973f20ed7d6d770fbd790695fe081288e,afaa9ca40fef1b2a362af2af235634b472665287e554d16b829c09e1a70787ac,8d5b7eba8aea53574190e7d4a6d9e7b424bc23a9e2a0b6968a27f1772509492b,6e938dfcd266a2b0eac811d7ea7eabbd5b217965f88efa81371465134dbcab11,2026-07-15T18:10:38.849659+00:00,8o8-arch,7.0.12-arch1-1,AMD Ryzen 9 3900X 12-Core Processor,"logical=24,cores=12,sockets=1,nodes=1",performance,rustc 1.97.0 (2d8144b78 2026-07-07),22.1.6,cargo 1.97.0 (c980f4866 2026-06-30),"release,lto=thin,debug=true",/home/bob/.cache/mess-bench,/dev/nvme0n1p3,ext4,/home,Samsung SSD 970 EVO Plus 2TB,[none] mq-deadline kyber bfq,249465053184,4096,1024,payload[i]=(i*131+17)&0xff,3.68310546875,accepted,,4,8,0,203,bytes,8932,8120,33672016,203,0,0,8,0,0,2033010,2043409,9620,12950,18070,3.680,3.680
e000699,exploratory,pwritev_full_8m,candidate,1,3,ABBA,pwritev_full_8m,process,4096,10,4,4,new_name,synthetic_sweep,1,015d813736625640f12d26c5d349b92c14fd2fb4,false,a897dfa99e98479b638409c432d3d2bc8e7ba7d5ba4e5a046dd229021f58bffd,12b1dafe765a77d1a17115b0ae12cff973f20ed7d6d770fbd790695fe081288e,afaa9ca40fef1b2a362af2af235634b472665287e554d16b829c09e1a70787ac,8d5b7eba8aea53574190e7d4a6d9e7b424bc23a9e2a0b6968a27f1772509492b,6e938dfcd266a2b0eac811d7ea7eabbd5b217965f88efa81371465134dbcab11,2026-07-15T18:10:39.874029+00:00,8o8-arch,7.0.12-arch1-1,AMD Ryzen 9 3900X 12-Core Processor,"logical=24,cores=12,sockets=1,nodes=1",performance,rustc 1.97.0 (2d8144b78 2026-07-07),22.1.6,cargo 1.97.0 (c980f4866 2026-06-30),"release,lto=thin,debug=true",/home/bob/.cache/mess-bench,/dev/nvme0n1p3,ext4,/home,Samsung SSD 970 EVO Plus 2TB,[none] mq-deadline kyber bfq,249465044992,4096,1024,payload[i]=(i*131+17)&0xff,3.68310546875,accepted,,4,8,0,203,bytes,8932,8120,33672016,203,0,0,8,0,0,2145320,2183639,9990,16190,19840,3.680,3.680
e000700,exploratory,pwritev_full_8m,baseline,1,4,ABBA,k_pwrite,process,4096,10,4,4,new_name,synthetic_sweep,1,015d813736625640f12d26c5d349b92c14fd2fb4,false,a897dfa99e98479b638409c432d3d2bc8e7ba7d5ba4e5a046dd229021f58bffd,12b1dafe765a77d1a17115b0ae12cff973f20ed7d6d770fbd790695fe081288e,afaa9ca40fef1b2a362af2af235634b472665287e554d16b829c09e1a70787ac,8d5b7eba8aea53574190e7d4a6d9e7b424bc23a9e2a0b6968a27f1772509492b,6e938dfcd266a2b0eac811d7ea7eabbd5b217965f88efa81371465134dbcab11,2026-07-15T18:10:40.901815+00:00,8o8-arch,7.0.12-arch1-1,AMD Ryzen 9 3900X 12-Core Processor,"logical=24,cores=12,sockets=1,nodes=1",performance,rustc 1.97.0 (2d8144b78 2026-07-07),22.1.6,cargo 1.97.0 (c980f4866 2026-06-30),"release,lto=thin,debug=true",/home/bob/.cache/mess-bench,/dev/nvme0n1p3,ext4,/home,Samsung SSD 970 EVO Plus 2TB,[none] mq-deadline kyber bfq,249465044992,4096,1024,payload[i]=(i*131+17)&0xff,3.3876953125,accepted,,4,8,0,203,bytes,8932,8120,33672016,1624,0,0,0,0,0,4015871,4053808,18500,27200,30210,3.390,3.390
e000701,exploratory,copy_contiguous,candidate,1,1,BAAB,copy_contiguous,process,4096,10,4,4,new_name,synthetic_sweep,1,015d813736625640f12d26c5d349b92c14fd2fb4,false,a897dfa99e98479b638409c432d3d2bc8e7ba7d5ba4e5a046dd229021f58bffd,12b1dafe765a77d1a17115b0ae12cff973f20ed7d6d770fbd790695fe081288e,afaa9ca40fef1b2a362af2af235634b472665287e554d16b829c09e1a70787ac,8d5b7eba8aea53574190e7d4a6d9e7b424bc23a9e2a0b6968a27f1772509492b,6e938dfcd266a2b0eac811d7ea7eabbd5b217965f88efa81371465134dbcab11,2026-07-15T18:10:41.923764+00:00,8o8-arch,7.0.12-arch1-1,AMD Ryzen 9 3900X 12-Core Processor,"logical=24,cores=12,sockets=1,nodes=1",performance,rustc 1.97.0 (2d8144b78 2026-07-07),22.1.6,cargo 1.97.0 (c980f4866 2026-06-30),"release,lto=thin,debug=true",/home/bob/.cache/mess-bench,/dev/nvme0n1p3,ext4,/home,Samsung SSD 970 EVO Plus 2TB,[none] mq-deadline kyber bfq,249465040896,4096,1024,payload[i]=(i*131+17)&0xff,3.3876953125,accepted,,4,8,0,203,bytes,8932,8120,33672016,203,0,0,0,33672016,0,4620051,4674588,22080,28200,33220,3.390,3.390
e000702,exploratory,copy_contiguous,baseline,1,2,BAAB,k_pwrite,process,4096,10,4,4,new_name,synthetic_sweep,1,015d813736625640f12d26c5d349b92c14fd2fb4,false,a897dfa99e98479b638409c432d3d2bc8e7ba7d5ba4e5a046dd229021f58bffd,12b1dafe765a77d1a17115b0ae12cff973f20ed7d6d770fbd790695fe081288e,afaa9ca40fef1b2a362af2af235634b472665287e554d16b829c09e1a70787ac,8d5b7eba8aea53574190e7d4a6d9e7b424bc23a9e2a0b6968a27f1772509492b,6e938dfcd266a2b0eac811d7ea7eabbd5b217965f88efa81371465134dbcab11,2026-07-15T18:10:42.952064+00:00,8o8-arch,7.0.12-arch1-1,AMD Ryzen 9 3900X 12-Core Processor,"logical=24,cores=12,sockets=1,nodes=1",performance,rustc 1.97.0 (2d8144b78 2026-07-07),22.1.6,cargo 1.97.0 (c980f4866 2026-06-30),"release,lto=thin,debug=true",/home/bob/.cache/mess-bench,/dev/nvme0n1p3,ext4,/home,Samsung SSD 970 EVO Plus 2TB,[none] mq-deadline kyber bfq,249465040896,4096,1024,payload[i]=(i*131+17)&0xff,3.3876953125,accepted,,4,8,0,203,bytes,8932,8120,33672016,1624,0,0,0,0,0,3997251,4033518,19100,24670,30350,3.390,3.390
e000703,exploratory,copy_contiguous,baseline,1,3,BAAB,k_pwrite,process,4096,10,4,4,new_name,synthetic_sweep,1,015d813736625640f12d26c5d349b92c14fd2fb4,false,a897dfa99e98479b638409c432d3d2bc8e7ba7d5ba4e5a046dd229021f58bffd,12b1dafe765a77d1a17115b0ae12cff973f20ed7d6d770fbd790695fe081288e,afaa9ca40fef1b2a362af2af235634b472665287e554d16b829c09e1a70787ac,8d5b7eba8aea53574190e7d4a6d9e7b424bc23a9e2a0b6968a27f1772509492b,6e938dfcd266a2b0eac811d7ea7eabbd5b217965f88efa81371465134dbcab11,2026-07-15T18:10:43.983860+00:00,8o8-arch,7.0.12-arch1-1,AMD Ryzen 9 3900X 12-Core Processor,"logical=24,cores=12,sockets=1,nodes=1",performance,rustc 1.97.0 (2d8144b78 2026-07-07),22.1.6,cargo 1.97.0 (c980f4866 2026-06-30),"release,lto=thin,debug=true",/home/bob/.cache/mess-bench,/dev/nvme0n1p3,ext4,/home,Samsung SSD 970 EVO Plus 2TB,[none] mq-deadline kyber bfq,249465036800,4096,1024,payload[i]=(i*131+17)&0xff,3.3876953125,accepted,,4,8,0,203,bytes,8932,8120,33672016,1624,0,0,0,0,0,4087711,4139407,18350,26170,34070,3.390,3.390
e000704,exploratory,copy_contiguous,candidate,1,4,BAAB,copy_contiguous,process,4096,10,4,4,new_name,synthetic_sweep,1,015d813736625640f12d26c5d349b92c14fd2fb4,false,a897dfa99e98479b638409c432d3d2bc8e7ba7d5ba4e5a046dd229021f58bffd,12b1dafe765a77d1a17115b0ae12cff973f20ed7d6d770fbd790695fe081288e,afaa9ca40fef1b2a362af2af235634b472665287e554d16b829c09e1a70787ac,8d5b7eba8aea53574190e7d4a6d9e7b424bc23a9e2a0b6968a27f1772509492b,6e938dfcd266a2b0eac811d7ea7eabbd5b217965f88efa81371465134dbcab11,2026-07-15T18:10:45.008124+00:00,8o8-arch,7.0.12-arch1-1,AMD Ryzen 9 3900X 12-Core Processor,"logical=24,cores=12,sockets=1,nodes=1",performance,rustc 1.97.0 (2d8144b78 2026-07-07),22.1.6,cargo 1.97.0 (c980f4866 2026-06-30),"release,lto=thin,debug=true",/home/bob/.cache/mess-bench,/dev/nvme0n1p3,ext4,/home,Samsung SSD 970 EVO Plus 2TB,[none] mq-deadline kyber bfq,249465040896,4096,1024,payload[i]=(i*131+17)&0xff,3.3876953125,accepted,,4,8,0,203,bytes,8932,8120,33672016,203,0,0,0,33672016,0,4456381,4498458,21200,28320,36340,3.390,3.390
e000705,exploratory,pwritev_full_8m,baseline,1,1,ABBA,k_pwrite,process,4096,10,16,4,domain,synthetic_sweep,1,015d813736625640f12d26c5d349b92c14fd2fb4,false,a897dfa99e98479b638409c432d3d2bc8e7ba7d5ba4e5a046dd229021f58bffd,12b1dafe765a77d1a17115b0ae12cff973f20ed7d6d770fbd790695fe081288e,afaa9ca40fef1b2a362af2af235634b472665287e554d16b829c09e1a70787ac,8d5b7eba8aea53574190e7d4a6d9e7b424bc23a9e2a0b6968a27f1772509492b,6e938dfcd266a2b0eac811d7ea7eabbd5b217965f88efa81371465134dbcab11,2026-07-15T18:10:46.039844+00:00,8o8-arch,7.0.12-arch1-1,AMD Ryzen 9 3900X 12-Core Processor,"logical=24,cores=12,sockets=1,nodes=1",performance,rustc 1.97.0 (2d8144b78 2026-07-07),22.1.6,cargo 1.97.0 (c980f4866 2026-06-30),"release,lto=thin,debug=true",/home/bob/.cache/mess-bench,/dev/nvme0n1p3,ext4,/home,Samsung SSD 970 EVO Plus 2TB,[none] mq-deadline kyber bfq,249465036800,4096,1024,payload[i]=(i*131+17)&0xff,3.1962890625,accepted,,16,16,0,51,bytes,8160,8160,33723648,816,0,0,0,0,0,4111041,4188787,78210,100490,114230,3.200,3.200
e000706,exploratory,pwritev_full_8m,candidate,1,2,ABBA,pwritev_full_8m,process,4096,10,16,4,domain,synthetic_sweep,1,015d813736625640f12d26c5d349b92c14fd2fb4,false,a897dfa99e98479b638409c432d3d2bc8e7ba7d5ba4e5a046dd229021f58bffd,12b1dafe765a77d1a17115b0ae12cff973f20ed7d6d770fbd790695fe081288e,afaa9ca40fef1b2a362af2af235634b472665287e554d16b829c09e1a70787ac,8d5b7eba8aea53574190e7d4a6d9e7b424bc23a9e2a0b6968a27f1772509492b,6e938dfcd266a2b0eac811d7ea7eabbd5b217965f88efa81371465134dbcab11,2026-07-15T18:10:47.071126+00:00,8o8-arch,7.0.12-arch1-1,AMD Ryzen 9 3900X 12-Core Processor,"logical=24,cores=12,sockets=1,nodes=1",performance,rustc 1.97.0 (2d8144b78 2026-07-07),22.1.6,cargo 1.97.0 (c980f4866 2026-06-30),"release,lto=thin,debug=true",/home/bob/.cache/mess-bench,/dev/nvme0n1p3,ext4,/home,Samsung SSD 970 EVO Plus 2TB,[none] mq-deadline kyber bfq,249465032704,4096,1024,payload[i]=(i*131+17)&0xff,3.1962890625,accepted,,16,16,0,51,bytes,8160,8160,33723648,51,0,0,16,0,0,2581281,2597058,50170,56810,60520,3.200,3.200
e000707,exploratory,pwritev_full_8m,candidate,1,3,ABBA,pwritev_full_8m,process,4096,10,16,4,domain,synthetic_sweep,1,015d813736625640f12d26c5d349b92c14fd2fb4,false,a897dfa99e98479b638409c432d3d2bc8e7ba7d5ba4e5a046dd229021f58bffd,12b1dafe765a77d1a17115b0ae12cff973f20ed7d6d770fbd790695fe081288e,afaa9ca40fef1b2a362af2af235634b472665287e554d16b829c09e1a70787ac,8d5b7eba8aea53574190e7d4a6d9e7b424bc23a9e2a0b6968a27f1772509492b,6e938dfcd266a2b0eac811d7ea7eabbd5b217965f88efa81371465134dbcab11,2026-07-15T18:10:48.094285+00:00,8o8-arch,7.0.12-arch1-1,AMD Ryzen 9 3900X 12-Core Processor,"logical=24,cores=12,sockets=1,nodes=1",performance,rustc 1.97.0 (2d8144b78 2026-07-07),22.1.6,cargo 1.97.0 (c980f4866 2026-06-30),"release,lto=thin,debug=true",/home/bob/.cache/mess-bench,/dev/nvme0n1p3,ext4,/home,Samsung SSD 970 EVO Plus 2TB,[none] mq-deadline kyber bfq,249465032704,4096,1024,payload[i]=(i*131+17)&0xff,3.1962890625,accepted,,16,16,0,51,bytes,8160,8160,33723648,51,0,0,16,0,0,3172061,3196479,50470,111680,122470,3.200,3.200
e000708,exploratory,pwritev_full_8m,baseline,1,4,ABBA,k_pwrite,process,4096,10,16,4,domain,synthetic_sweep,1,015d813736625640f12d26c5d349b92c14fd2fb4,false,a897dfa99e98479b638409c432d3d2bc8e7ba7d5ba4e5a046dd229021f58bffd,12b1dafe765a77d1a17115b0ae12cff973f20ed7d6d770fbd790695fe081288e,afaa9ca40fef1b2a362af2af235634b472665287e554d16b829c09e1a70787ac,8d5b7eba8aea53574190e7d4a6d9e7b424bc23a9e2a0b6968a27f1772509492b,6e938dfcd266a2b0eac811d7ea7eabbd5b217965f88efa81371465134dbcab11,2026-07-15T18:10:49.122496+00:00,8o8-arch,7.0.12-arch1-1,AMD Ryzen 9 3900X 12-Core Processor,"logical=24,cores=12,sockets=1,nodes=1",performance,rustc 1.97.0 (2d8144b78 2026-07-07),22.1.6,cargo 1.97.0 (c980f4866 2026-06-30),"release,lto=thin,debug=true",/home/bob/.cache/mess-bench,/dev/nvme0n1p3,ext4,/home,Samsung SSD 970 EVO Plus 2TB,[none] mq-deadline kyber bfq,249465028608,4096,1024,payload[i]=(i*131+17)&0xff,3.1962890625,accepted,,16,16,0,51,bytes,8160,8160,33723648,816,0,0,0,0,0,4466921,4519317,85640,110930,115170,3.200,3.200
e000709,exploratory,copy_contiguous,candidate,1,1,BAAB,copy_contiguous,process,4096,10,16,4,domain,synthetic_sweep,1,015d813736625640f12d26c5d349b92c14fd2fb4,false,a897dfa99e98479b638409c432d3d2bc8e7ba7d5ba4e5a046dd229021f58bffd,12b1dafe765a77d1a17115b0ae12cff973f20ed7d6d770fbd790695fe081288e,afaa9ca40fef1b2a362af2af235634b472665287e554d16b829c09e1a70787ac,8d5b7eba8aea53574190e7d4a6d9e7b424bc23a9e2a0b6968a27f1772509492b,6e938dfcd266a2b0eac811d7ea7eabbd5b217965f88efa81371465134dbcab11,2026-07-15T18:10:50.154779+00:00,8o8-arch,7.0.12-arch1-1,AMD Ryzen 9 3900X 12-Core Processor,"logical=24,cores=12,sockets=1,nodes=1",performance,rustc 1.97.0 (2d8144b78 2026-07-07),22.1.6,cargo 1.97.0 (c980f4866 2026-06-30),"release,lto=thin,debug=true",/home/bob/.cache/mess-bench,/dev/nvme0n1p3,ext4,/home,Samsung SSD 970 EVO Plus 2TB,[none] mq-deadline kyber bfq,249465024512,4096,1024,payload[i]=(i*131+17)&0xff,3.1962890625,accepted,,16,16,0,51,bytes,8160,8160,33723648,51,0,0,0,33723648,0,5243471,5359317,101950,116680,175150,3.200,3.200
e000710,exploratory,copy_contiguous,baseline,1,2,BAAB,k_pwrite,process,4096,10,16,4,domain,synthetic_sweep,1,015d813736625640f12d26c5d349b92c14fd2fb4,false,a897dfa99e98479b638409c432d3d2bc8e7ba7d5ba4e5a046dd229021f58bffd,12b1dafe765a77d1a17115b0ae12cff973f20ed7d6d770fbd790695fe081288e,afaa9ca40fef1b2a362af2af235634b472665287e554d16b829c09e1a70787ac,8d5b7eba8aea53574190e7d4a6d9e7b424bc23a9e2a0b6968a27f1772509492b,6e938dfcd266a2b0eac811d7ea7eabbd5b217965f88efa81371465134dbcab11,2026-07-15T18:10:51.179997+00:00,8o8-arch,7.0.12-arch1-1,AMD Ryzen 9 3900X 12-Core Processor,"logical=24,cores=12,sockets=1,nodes=1",performance,rustc 1.97.0 (2d8144b78 2026-07-07),22.1.6,cargo 1.97.0 (c980f4866 2026-06-30),"release,lto=thin,debug=true",/home/bob/.cache/mess-bench,/dev/nvme0n1p3,ext4,/home,Samsung SSD 970 EVO Plus 2TB,[none] mq-deadline kyber bfq,249465024512,4096,1024,payload[i]=(i*131+17)&0xff,3.10009765625,accepted,,16,16,0,51,bytes,8160,8160,33723648,816,0,0,0,0,0,4080181,4133598,77930,96029,117630,3.100,3.100
e000711,exploratory,copy_contiguous,baseline,1,3,BAAB,k_pwrite,process,4096,10,16,4,domain,synthetic_sweep,1,015d813736625640f12d26c5d349b92c14fd2fb4,false,a897dfa99e98479b638409c432d3d2bc8e7ba7d5ba4e5a046dd229021f58bffd,12b1dafe765a77d1a17115b0ae12cff973f20ed7d6d770fbd790695fe081288e,afaa9ca40fef1b2a362af2af235634b472665287e554d16b829c09e1a70787ac,8d5b7eba8aea53574190e7d4a6d9e7b424bc23a9e2a0b6968a27f1772509492b,6e938dfcd266a2b0eac811d7ea7eabbd5b217965f88efa81371465134dbcab11,2026-07-15T18:10:52.212254+00:00,8o8-arch,7.0.12-arch1-1,AMD Ryzen 9 3900X 12-Core Processor,"logical=24,cores=12,sockets=1,nodes=1",performance,rustc 1.97.0 (2d8144b78 2026-07-07),22.1.6,cargo 1.97.0 (c980f4866 2026-06-30),"release,lto=thin,debug=true",/home/bob/.cache/mess-bench,/dev/nvme0n1p3,ext4,/home,Samsung SSD 970 EVO Plus 2TB,[none] mq-deadline kyber bfq,249465020416,4096,1024,payload[i]=(i*131+17)&0xff,3.10009765625,accepted,,16,16,0,51,bytes,8160,8160,33723648,816,0,0,0,0,0,4015362,4057967,77880,90040,98620,3.100,3.100
e000712,exploratory,copy_contiguous,candidate,1,4,BAAB,copy_contiguous,process,4096,10,16,4,domain,synthetic_sweep,1,015d813736625640f12d26c5d349b92c14fd2fb4,false,a897dfa99e98479b638409c432d3d2bc8e7ba7d5ba4e5a046dd229021f58bffd,12b1dafe765a77d1a17115b0ae12cff973f20ed7d6d770fbd790695fe081288e,afaa9ca40fef1b2a362af2af235634b472665287e554d16b829c09e1a70787ac,8d5b7eba8aea53574190e7d4a6d9e7b424bc23a9e2a0b6968a27f1772509492b,6e938dfcd266a2b0eac811d7ea7eabbd5b217965f88efa81371465134dbcab11,2026-07-15T18:10:53.236742+00:00,8o8-arch,7.0.12-arch1-1,AMD Ryzen 9 3900X 12-Core Processor,"logical=24,cores=12,sockets=1,nodes=1",performance,rustc 1.97.0 (2d8144b78 2026-07-07),22.1.6,cargo 1.97.0 (c980f4866 2026-06-30),"release,lto=thin,debug=true",/home/bob/.cache/mess-bench,/dev/nvme0n1p3,ext4,/home,Samsung SSD 970 EVO Plus 2TB,[none] mq-deadline kyber bfq,249465004032,4096,1024,payload[i]=(i*131+17)&0xff,3.10009765625,accepted,,16,16,0,51,bytes,8160,8160,33723648,51,0,0,0,33723648,0,5161761,5189987,100140,111440,117790,3.100,3.100
e000713,exploratory,pwritev_full_8m,baseline,1,1,ABBA,k_pwrite,process,4096,10,16,4,new_name,synthetic_sweep,1,015d813736625640f12d26c5d349b92c14fd2fb4,false,a897dfa99e98479b638409c432d3d2bc8e7ba7d5ba4e5a046dd229021f58bffd,12b1dafe765a77d1a17115b0ae12cff973f20ed7d6d770fbd790695fe081288e,afaa9ca40fef1b2a362af2af235634b472665287e554d16b829c09e1a70787ac,8d5b7eba8aea53574190e7d4a6d9e7b424bc23a9e2a0b6968a27f1772509492b,6e938dfcd266a2b0eac811d7ea7eabbd5b217965f88efa81371465134dbcab11,2026-07-15T18:10:54.265281+00:00,8o8-arch,7.0.12-arch1-1,AMD Ryzen 9 3900X 12-Core Processor,"logical=24,cores=12,sockets=1,nodes=1",performance,rustc 1.97.0 (2d8144b78 2026-07-07),22.1.6,cargo 1.97.0 (c980f4866 2026-06-30),"release,lto=thin,debug=true",/home/bob/.cache/mess-bench,/dev/nvme0n1p3,ext4,/home,Samsung SSD 970 EVO Plus 2TB,[none] mq-deadline kyber bfq,249464999936,4096,1024,payload[i]=(i*131+17)&0xff,3.10009765625,accepted,,16,32,0,51,bytes,8976,8160,33837888,1632,0,0,0,0,0,4703301,4736377,91570,101750,108390,3.100,3.100
e000714,exploratory,pwritev_full_8m,candidate,1,2,ABBA,pwritev_full_8m,process,4096,10,16,4,new_name,synthetic_sweep,1,015d813736625640f12d26c5d349b92c14fd2fb4,false,a897dfa99e98479b638409c432d3d2bc8e7ba7d5ba4e5a046dd229021f58bffd,12b1dafe765a77d1a17115b0ae12cff973f20ed7d6d770fbd790695fe081288e,afaa9ca40fef1b2a362af2af235634b472665287e554d16b829c09e1a70787ac,8d5b7eba8aea53574190e7d4a6d9e7b424bc23a9e2a0b6968a27f1772509492b,6e938dfcd266a2b0eac811d7ea7eabbd5b217965f88efa81371465134dbcab11,2026-07-15T18:10:55.287500+00:00,8o8-arch,7.0.12-arch1-1,AMD Ryzen 9 3900X 12-Core Processor,"logical=24,cores=12,sockets=1,nodes=1",performance,rustc 1.97.0 (2d8144b78 2026-07-07),22.1.6,cargo 1.97.0 (c980f4866 2026-06-30),"release,lto=thin,debug=true",/home/bob/.cache/mess-bench,/dev/nvme0n1p3,ext4,/home,Samsung SSD 970 EVO Plus 2TB,[none] mq-deadline kyber bfq,249464999936,4096,1024,payload[i]=(i*131+17)&0xff,3.10009765625,accepted,,16,32,0,51,bytes,8976,8160,33837888,51,0,0,32,0,0,2799421,2825528,53670,66170,79450,3.100,3.100
e000715,exploratory,pwritev_full_8m,candidate,1,3,ABBA,pwritev_full_8m,process,4096,10,16,4,new_name,synthetic_sweep,1,015d813736625640f12d26c5d349b92c14fd2fb4,false,a897dfa99e98479b638409c432d3d2bc8e7ba7d5ba4e5a046dd229021f58bffd,12b1dafe765a77d1a17115b0ae12cff973f20ed7d6d770fbd790695fe081288e,afaa9ca40fef1b2a362af2af235634b472665287e554d16b829c09e1a70787ac,8d5b7eba8aea53574190e7d4a6d9e7b424bc23a9e2a0b6968a27f1772509492b,6e938dfcd266a2b0eac811d7ea7eabbd5b217965f88efa81371465134dbcab11,2026-07-15T18:10:56.319287+00:00,8o8-arch,7.0.12-arch1-1,AMD Ryzen 9 3900X 12-Core Processor,"logical=24,cores=12,sockets=1,nodes=1",performance,rustc 1.97.0 (2d8144b78 2026-07-07),22.1.6,cargo 1.97.0 (c980f4866 2026-06-30),"release,lto=thin,debug=true",/home/bob/.cache/mess-bench,/dev/nvme0n1p3,ext4,/home,Samsung SSD 970 EVO Plus 2TB,[none] mq-deadline kyber bfq,249464995840,4096,1024,payload[i]=(i*131+17)&0xff,3.01171875,accepted,,16,32,0,51,bytes,8976,8160,33837888,51,0,0,32,0,0,2734381,2773368,52430,63300,88240,3.010,3.010
e000716,exploratory,pwritev_full_8m,baseline,1,4,ABBA,k_pwrite,process,4096,10,16,4,new_name,synthetic_sweep,1,015d813736625640f12d26c5d349b92c14fd2fb4,false,a897dfa99e98479b638409c432d3d2bc8e7ba7d5ba4e5a046dd229021f58bffd,12b1dafe765a77d1a17115b0ae12cff973f20ed7d6d770fbd790695fe081288e,afaa9ca40fef1b2a362af2af235634b472665287e554d16b829c09e1a70787ac,8d5b7eba8aea53574190e7d4a6d9e7b424bc23a9e2a0b6968a27f1772509492b,6e938dfcd266a2b0eac811d7ea7eabbd5b217965f88efa81371465134dbcab11,2026-07-15T18:10:57.349096+00:00,8o8-arch,7.0.12-arch1-1,AMD Ryzen 9 3900X 12-Core Processor,"logical=24,cores=12,sockets=1,nodes=1",performance,rustc 1.97.0 (2d8144b78 2026-07-07),22.1.6,cargo 1.97.0 (c980f4866 2026-06-30),"release,lto=thin,debug=true",/home/bob/.cache/mess-bench,/dev/nvme0n1p3,ext4,/home,Samsung SSD 970 EVO Plus 2TB,[none] mq-deadline kyber bfq,249464995840,4096,1024,payload[i]=(i*131+17)&0xff,3.01171875,accepted,,16,32,0,51,bytes,8976,8160,33837888,1632,0,0,0,0,0,4780342,4821297,91180,105440,159920,3.010,3.010
e000717,exploratory,copy_contiguous,candidate,1,1,BAAB,copy_contiguous,process,4096,10,16,4,new_name,synthetic_sweep,1,015d813736625640f12d26c5d349b92c14fd2fb4,false,a897dfa99e98479b638409c432d3d2bc8e7ba7d5ba4e5a046dd229021f58bffd,12b1dafe765a77d1a17115b0ae12cff973f20ed7d6d770fbd790695fe081288e,afaa9ca40fef1b2a362af2af235634b472665287e554d16b829c09e1a70787ac,8d5b7eba8aea53574190e7d4a6d9e7b424bc23a9e2a0b6968a27f1772509492b,6e938dfcd266a2b0eac811d7ea7eabbd5b217965f88efa81371465134dbcab11,2026-07-15T18:10:58.380378+00:00,8o8-arch,7.0.12-arch1-1,AMD Ryzen 9 3900X 12-Core Processor,"logical=24,cores=12,sockets=1,nodes=1",performance,rustc 1.97.0 (2d8144b78 2026-07-07),22.1.6,cargo 1.97.0 (c980f4866 2026-06-30),"release,lto=thin,debug=true",/home/bob/.cache/mess-bench,/dev/nvme0n1p3,ext4,/home,Samsung SSD 970 EVO Plus 2TB,[none] mq-deadline kyber bfq,249464991744,4096,1024,payload[i]=(i*131+17)&0xff,3.01171875,accepted,,16,32,0,51,bytes,8976,8160,33837888,51,0,0,0,33837888,0,5258922,5317607,100650,125539,170320,3.010,3.010
e000718,exploratory,copy_contiguous,baseline,1,2,BAAB,k_pwrite,process,4096,10,16,4,new_name,synthetic_sweep,1,015d813736625640f12d26c5d349b92c14fd2fb4,false,a897dfa99e98479b638409c432d3d2bc8e7ba7d5ba4e5a046dd229021f58bffd,12b1dafe765a77d1a17115b0ae12cff973f20ed7d6d770fbd790695fe081288e,afaa9ca40fef1b2a362af2af235634b472665287e554d16b829c09e1a70787ac,8d5b7eba8aea53574190e7d4a6d9e7b424bc23a9e2a0b6968a27f1772509492b,6e938dfcd266a2b0eac811d7ea7eabbd5b217965f88efa81371465134dbcab11,2026-07-15T18:10:59.412605+00:00,8o8-arch,7.0.12-arch1-1,AMD Ryzen 9 3900X 12-Core Processor,"logical=24,cores=12,sockets=1,nodes=1",performance,rustc 1.97.0 (2d8144b78 2026-07-07),22.1.6,cargo 1.97.0 (c980f4866 2026-06-30),"release,lto=thin,debug=true",/home/bob/.cache/mess-bench,/dev/nvme0n1p3,ext4,/home,Samsung SSD 970 EVO Plus 2TB,[none] mq-deadline kyber bfq,249464987648,4096,1024,payload[i]=(i*131+17)&0xff,3.01171875,accepted,,16,32,0,51,bytes,8976,8160,33837888,1632,0,0,0,0,0,4826591,4871588,92500,108700,178939,3.010,3.010
e000719,exploratory,copy_contiguous,baseline,1,3,BAAB,k_pwrite,process,4096,10,16,4,new_name,synthetic_sweep,1,015d813736625640f12d26c5d349b92c14fd2fb4,false,a897dfa99e98479b638409c432d3d2bc8e7ba7d5ba4e5a046dd229021f58bffd,12b1dafe765a77d1a17115b0ae12cff973f20ed7d6d770fbd790695fe081288e,afaa9ca40fef1b2a362af2af235634b472665287e554d16b829c09e1a70787ac,8d5b7eba8aea53574190e7d4a6d9e7b424bc23a9e2a0b6968a27f1772509492b,6e938dfcd266a2b0eac811d7ea7eabbd5b217965f88efa81371465134dbcab11,2026-07-15T18:11:00.437186+00:00,8o8-arch,7.0.12-arch1-1,AMD Ryzen 9 3900X 12-Core Processor,"logical=24,cores=12,sockets=1,nodes=1",performance,rustc 1.97.0 (2d8144b78 2026-07-07),22.1.6,cargo 1.97.0 (c980f4866 2026-06-30),"release,lto=thin,debug=true",/home/bob/.cache/mess-bench,/dev/nvme0n1p3,ext4,/home,Samsung SSD 970 EVO Plus 2TB,[none] mq-deadline kyber bfq,249464979456,4096,1024,payload[i]=(i*131+17)&0xff,3.01171875,accepted,,16,32,0,51,bytes,8976,8160,33837888,1632,0,0,0,0,0,4682931,4711237,91020,100680,105890,3.170,3.170
e000720,exploratory,copy_contiguous,candidate,1,4,BAAB,copy_contiguous,process,4096,10,16,4,new_name,synthetic_sweep,1,015d813736625640f12d26c5d349b92c14fd2fb4,false,a897dfa99e98479b638409c432d3d2bc8e7ba7d5ba4e5a046dd229021f58bffd,12b1dafe765a77d1a17115b0ae12cff973f20ed7d6d770fbd790695fe081288e,afaa9ca40fef1b2a362af2af235634b472665287e554d16b829c09e1a70787ac,8d5b7eba8aea53574190e7d4a6d9e7b424bc23a9e2a0b6968a27f1772509492b,6e938dfcd266a2b0eac811d7ea7eabbd5b217965f88efa81371465134dbcab11,2026-07-15T18:11:01.461655+00:00,8o8-arch,7.0.12-arch1-1,AMD Ryzen 9 3900X 12-Core Processor,"logical=24,cores=12,sockets=1,nodes=1",performance,rustc 1.97.0 (2d8144b78 2026-07-07),22.1.6,cargo 1.97.0 (c980f4866 2026-06-30),"release,lto=thin,debug=true",/home/bob/.cache/mess-bench,/dev/nvme0n1p3,ext4,/home,Samsung SSD 970 EVO Plus 2TB,[none] mq-deadline kyber bfq,249464979456,4096,1024,payload[i]=(i*131+17)&0xff,3.17138671875,accepted,,16,32,0,51,bytes,8976,8160,33837888,51,0,0,0,33837888,0,7548262,8180445,101080,156779,2737028,3.170,3.170
e000721,exploratory,pwritev_full_8m,baseline,1,1,ABBA,k_pwrite,process,4096,10,64,4,domain,synthetic_sweep,1,015d813736625640f12d26c5d349b92c14fd2fb4,false,a897dfa99e98479b638409c432d3d2bc8e7ba7d5ba4e5a046dd229021f58bffd,12b1dafe765a77d1a17115b0ae12cff973f20ed7d6d770fbd790695fe081288e,afaa9ca40fef1b2a362af2af235634b472665287e554d16b829c09e1a70787ac,8d5b7eba8aea53574190e7d4a6d9e7b424bc23a9e2a0b6968a27f1772509492b,6e938dfcd266a2b0eac811d7ea7eabbd5b217965f88efa81371465134dbcab11,2026-07-15T18:11:02.490134+00:00,8o8-arch,7.0.12-arch1-1,AMD Ryzen 9 3900X 12-Core Processor,"logical=24,cores=12,sockets=1,nodes=1",performance,rustc 1.97.0 (2d8144b78 2026-07-07),22.1.6,cargo 1.97.0 (c980f4866 2026-06-30),"release,lto=thin,debug=true",/home/bob/.cache/mess-bench,/dev/nvme0n1p3,ext4,/home,Samsung SSD 970 EVO Plus 2TB,[none] mq-deadline kyber bfq,249464975360,4096,1024,payload[i]=(i*131+17)&0xff,3.17138671875,accepted,,64,64,0,13,bytes,8320,8320,34384896,832,0,0,0,0,0,4582981,4617427,347389,364899,449569,3.170,3.170
e000722,exploratory,pwritev_full_8m,candidate,1,2,ABBA,pwritev_full_8m,process,4096,10,64,4,domain,synthetic_sweep,1,015d813736625640f12d26c5d349b92c14fd2fb4,false,a897dfa99e98479b638409c432d3d2bc8e7ba7d5ba4e5a046dd229021f58bffd,12b1dafe765a77d1a17115b0ae12cff973f20ed7d6d770fbd790695fe081288e,afaa9ca40fef1b2a362af2af235634b472665287e554d16b829c09e1a70787ac,8d5b7eba8aea53574190e7d4a6d9e7b424bc23a9e2a0b6968a27f1772509492b,6e938dfcd266a2b0eac811d7ea7eabbd5b217965f88efa81371465134dbcab11,2026-07-15T18:11:03.515837+00:00,8o8-arch,7.0.12-arch1-1,AMD Ryzen 9 3900X 12-Core Processor,"logical=24,cores=12,sockets=1,nodes=1",performance,rustc 1.97.0 (2d8144b78 2026-07-07),22.1.6,cargo 1.97.0 (c980f4866 2026-06-30),"release,lto=thin,debug=true",/home/bob/.cache/mess-bench,/dev/nvme0n1p3,ext4,/home,Samsung SSD 970 EVO Plus 2TB,[none] mq-deadline kyber bfq,249464971264,4096,1024,payload[i]=(i*131+17)&0xff,3.17138671875,accepted,,64,64,0,13,bytes,8320,8320,34384896,13,0,0,64,0,0,2868450,2907618,209440,271260,308630,3.170,3.170
e000723,exploratory,pwritev_full_8m,candidate,1,3,ABBA,pwritev_full_8m,process,4096,10,64,4,domain,synthetic_sweep,1,015d813736625640f12d26c5d349b92c14fd2fb4,false,a897dfa99e98479b638409c432d3d2bc8e7ba7d5ba4e5a046dd229021f58bffd,12b1dafe765a77d1a17115b0ae12cff973f20ed7d6d770fbd790695fe081288e,afaa9ca40fef1b2a362af2af235634b472665287e554d16b829c09e1a70787ac,8d5b7eba8aea53574190e7d4a6d9e7b424bc23a9e2a0b6968a27f1772509492b,6e938dfcd266a2b0eac811d7ea7eabbd5b217965f88efa81371465134dbcab11,2026-07-15T18:11:04.541227+00:00,8o8-arch,7.0.12-arch1-1,AMD Ryzen 9 3900X 12-Core Processor,"logical=24,cores=12,sockets=1,nodes=1",performance,rustc 1.97.0 (2d8144b78 2026-07-07),22.1.6,cargo 1.97.0 (c980f4866 2026-06-30),"release,lto=thin,debug=true",/home/bob/.cache/mess-bench,/dev/nvme0n1p3,ext4,/home,Samsung SSD 970 EVO Plus 2TB,[none] mq-deadline kyber bfq,249464971264,4096,1024,payload[i]=(i*131+17)&0xff,3.17138671875,accepted,,64,64,0,13,bytes,8320,8320,34384896,13,0,0,64,0,0,2656541,2691998,195550,265330,277290,3.170,3.170
e000724,exploratory,pwritev_full_8m,baseline,1,4,ABBA,k_pwrite,process,4096,10,64,4,domain,synthetic_sweep,1,015d813736625640f12d26c5d349b92c14fd2fb4,false,a897dfa99e98479b638409c432d3d2bc8e7ba7d5ba4e5a046dd229021f58bffd,12b1dafe765a77d1a17115b0ae12cff973f20ed7d6d770fbd790695fe081288e,afaa9ca40fef1b2a362af2af235634b472665287e554d16b829c09e1a70787ac,8d5b7eba8aea53574190e7d4a6d9e7b424bc23a9e2a0b6968a27f1772509492b,6e938dfcd266a2b0eac811d7ea7eabbd5b217965f88efa81371465134dbcab11,2026-07-15T18:11:05.572589+00:00,8o8-arch,7.0.12-arch1-1,AMD Ryzen 9 3900X 12-Core Processor,"logical=24,cores=12,sockets=1,nodes=1",performance,rustc 1.97.0 (2d8144b78 2026-07-07),22.1.6,cargo 1.97.0 (c980f4866 2026-06-30),"release,lto=thin,debug=true",/home/bob/.cache/mess-bench,/dev/nvme0n1p3,ext4,/home,Samsung SSD 970 EVO Plus 2TB,[none] mq-deadline kyber bfq,249464967168,4096,1024,payload[i]=(i*131+17)&0xff,2.9970703125,accepted,,64,64,0,13,bytes,8320,8320,34384896,832,0,0,0,0,0,4489771,4539287,335809,404520,440240,3.000,3.000
e000725,exploratory,copy_contiguous,candidate,1,1,BAAB,copy_contiguous,process,4096,10,64,4,domain,synthetic_sweep,1,015d813736625640f12d26c5d349b92c14fd2fb4,false,a897dfa99e98479b638409c432d3d2bc8e7ba7d5ba4e5a046dd229021f58bffd,12b1dafe765a77d1a17115b0ae12cff973f20ed7d6d770fbd790695fe081288e,afaa9ca40fef1b2a362af2af235634b472665287e554d16b829c09e1a70787ac,8d5b7eba8aea53574190e7d4a6d9e7b424bc23a9e2a0b6968a27f1772509492b,6e938dfcd266a2b0eac811d7ea7eabbd5b217965f88efa81371465134dbcab11,2026-07-15T18:11:06.600612+00:00,8o8-arch,7.0.12-arch1-1,AMD Ryzen 9 3900X 12-Core Processor,"logical=24,cores=12,sockets=1,nodes=1",performance,rustc 1.97.0 (2d8144b78 2026-07-07),22.1.6,cargo 1.97.0 (c980f4866 2026-06-30),"release,lto=thin,debug=true",/home/bob/.cache/mess-bench,/dev/nvme0n1p3,ext4,/home,Samsung SSD 970 EVO Plus 2TB,[none] mq-deadline kyber bfq,249464958976,4096,1024,payload[i]=(i*131+17)&0xff,2.9970703125,accepted,,64,64,0,13,bytes,8320,8320,34384896,13,0,0,0,34384896,0,5161050,5235067,402710,418610,439959,3.000,3.000
e000726,exploratory,copy_contiguous,baseline,1,2,BAAB,k_pwrite,process,4096,10,64,4,domain,synthetic_sweep,1,015d813736625640f12d26c5d349b92c14fd2fb4,false,a897dfa99e98479b638409c432d3d2bc8e7ba7d5ba4e5a046dd229021f58bffd,12b1dafe765a77d1a17115b0ae12cff973f20ed7d6d770fbd790695fe081288e,afaa9ca40fef1b2a362af2af235634b472665287e554d16b829c09e1a70787ac,8d5b7eba8aea53574190e7d4a6d9e7b424bc23a9e2a0b6968a27f1772509492b,6e938dfcd266a2b0eac811d7ea7eabbd5b217965f88efa81371465134dbcab11,2026-07-15T18:11:07.622177+00:00,8o8-arch,7.0.12-arch1-1,AMD Ryzen 9 3900X 12-Core Processor,"logical=24,cores=12,sockets=1,nodes=1",performance,rustc 1.97.0 (2d8144b78 2026-07-07),22.1.6,cargo 1.97.0 (c980f4866 2026-06-30),"release,lto=thin,debug=true",/home/bob/.cache/mess-bench,/dev/nvme0n1p3,ext4,/home,Samsung SSD 970 EVO Plus 2TB,[none] mq-deadline kyber bfq,249464958976,4096,1024,payload[i]=(i*131+17)&0xff,2.9970703125,accepted,,64,64,0,13,bytes,8320,8320,34384896,832,0,0,0,0,0,6794672,7132936,349600,535029,2533919,3.000,3.000
e000727,exploratory,copy_contiguous,baseline,1,3,BAAB,k_pwrite,process,4096,10,64,4,domain,synthetic_sweep,1,015d813736625640f12d26c5d349b92c14fd2fb4,false,a897dfa99e98479b638409c432d3d2bc8e7ba7d5ba4e5a046dd229021f58bffd,12b1dafe765a77d1a17115b0ae12cff973f20ed7d6d770fbd790695fe081288e,afaa9ca40fef1b2a362af2af235634b472665287e554d16b829c09e1a70787ac,8d5b7eba8aea53574190e7d4a6d9e7b424bc23a9e2a0b6968a27f1772509492b,6e938dfcd266a2b0eac811d7ea7eabbd5b217965f88efa81371465134dbcab11,2026-07-15T18:11:08.648331+00:00,8o8-arch,7.0.12-arch1-1,AMD Ryzen 9 3900X 12-Core Processor,"logical=24,cores=12,sockets=1,nodes=1",performance,rustc 1.97.0 (2d8144b78 2026-07-07),22.1.6,cargo 1.97.0 (c980f4866 2026-06-30),"release,lto=thin,debug=true",/home/bob/.cache/mess-bench,/dev/nvme0n1p3,ext4,/home,Samsung SSD 970 EVO Plus 2TB,[none] mq-deadline kyber bfq,249464954880,4096,1024,payload[i]=(i*131+17)&0xff,2.9970703125,accepted,,64,64,0,13,bytes,8320,8320,34384896,832,0,0,0,0,0,4383751,4415147,339360,347880,352630,3.000,3.000
e000728,exploratory,copy_contiguous,candidate,1,4,BAAB,copy_contiguous,process,4096,10,64,4,domain,synthetic_sweep,1,015d813736625640f12d26c5d349b92c14fd2fb4,false,a897dfa99e98479b638409c432d3d2bc8e7ba7d5ba4e5a046dd229021f58bffd,12b1dafe765a77d1a17115b0ae12cff973f20ed7d6d770fbd790695fe081288e,afaa9ca40fef1b2a362af2af235634b472665287e554d16b829c09e1a70787ac,8d5b7eba8aea53574190e7d4a6d9e7b424bc23a9e2a0b6968a27f1772509492b,6e938dfcd266a2b0eac811d7ea7eabbd5b217965f88efa81371465134dbcab11,2026-07-15T18:11:09.679580+00:00,8o8-arch,7.0.12-arch1-1,AMD Ryzen 9 3900X 12-Core Processor,"logical=24,cores=12,sockets=1,nodes=1",performance,rustc 1.97.0 (2d8144b78 2026-07-07),22.1.6,cargo 1.97.0 (c980f4866 2026-06-30),"release,lto=thin,debug=true",/home/bob/.cache/mess-bench,/dev/nvme0n1p3,ext4,/home,Samsung SSD 970 EVO Plus 2TB,[none] mq-deadline kyber bfq,249464954880,4096,1024,payload[i]=(i*131+17)&0xff,2.9970703125,accepted,,64,64,0,13,bytes,8320,8320,34384896,13,0,0,0,34384896,0,5039961,5070117,391149,397379,398610,3.000,3.000
e000729,exploratory,pwritev_full_8m,baseline,1,1,ABBA,k_pwrite,process,4096,10,64,4,new_name,synthetic_sweep,1,015d813736625640f12d26c5d349b92c14fd2fb4,false,a897dfa99e98479b638409c432d3d2bc8e7ba7d5ba4e5a046dd229021f58bffd,12b1dafe765a77d1a17115b0ae12cff973f20ed7d6d770fbd790695fe081288e,afaa9ca40fef1b2a362af2af235634b472665287e554d16b829c09e1a70787ac,8d5b7eba8aea53574190e7d4a6d9e7b424bc23a9e2a0b6968a27f1772509492b,6e938dfcd266a2b0eac811d7ea7eabbd5b217965f88efa81371465134dbcab11,2026-07-15T18:11:10.704118+00:00,8o8-arch,7.0.12-arch1-1,AMD Ryzen 9 3900X 12-Core Processor,"logical=24,cores=12,sockets=1,nodes=1",performance,rustc 1.97.0 (2d8144b78 2026-07-07),22.1.6,cargo 1.97.0 (c980f4866 2026-06-30),"release,lto=thin,debug=true",/home/bob/.cache/mess-bench,/dev/nvme0n1p3,ext4,/home,Samsung SSD 970 EVO Plus 2TB,[none] mq-deadline kyber bfq,249464950784,4096,1024,payload[i]=(i*131+17)&0xff,2.7568359375,accepted,,64,128,0,13,bytes,9152,8320,34501376,1664,0,0,0,0,0,4928011,4969277,370129,417060,491600,2.760,2.760
e000730,exploratory,pwritev_full_8m,candidate,1,2,ABBA,pwritev_full_8m,process,4096,10,64,4,new_name,synthetic_sweep,1,015d813736625640f12d26c5d349b92c14fd2fb4,false,a897dfa99e98479b638409c432d3d2bc8e7ba7d5ba4e5a046dd229021f58bffd,12b1dafe765a77d1a17115b0ae12cff973f20ed7d6d770fbd790695fe081288e,afaa9ca40fef1b2a362af2af235634b472665287e554d16b829c09e1a70787ac,8d5b7eba8aea53574190e7d4a6d9e7b424bc23a9e2a0b6968a27f1772509492b,6e938dfcd266a2b0eac811d7ea7eabbd5b217965f88efa81371465134dbcab11,2026-07-15T18:11:11.731961+00:00,8o8-arch,7.0.12-arch1-1,AMD Ryzen 9 3900X 12-Core Processor,"logical=24,cores=12,sockets=1,nodes=1",performance,rustc 1.97.0 (2d8144b78 2026-07-07),22.1.6,cargo 1.97.0 (c980f4866 2026-06-30),"release,lto=thin,debug=true",/home/bob/.cache/mess-bench,/dev/nvme0n1p3,ext4,/home,Samsung SSD 970 EVO Plus 2TB,[none] mq-deadline kyber bfq,249464950784,4096,1024,payload[i]=(i*131+17)&0xff,2.7568359375,accepted,,64,128,0,13,bytes,9152,8320,34501376,13,0,0,128,0,0,2582950,2602998,193480,223930,240930,2.760,2.760
e000731,exploratory,pwritev_full_8m,candidate,1,3,ABBA,pwritev_full_8m,process,4096,10,64,4,new_name,synthetic_sweep,1,015d813736625640f12d26c5d349b92c14fd2fb4,false,a897dfa99e98479b638409c432d3d2bc8e7ba7d5ba4e5a046dd229021f58bffd,12b1dafe765a77d1a17115b0ae12cff973f20ed7d6d770fbd790695fe081288e,afaa9ca40fef1b2a362af2af235634b472665287e554d16b829c09e1a70787ac,8d5b7eba8aea53574190e7d4a6d9e7b424bc23a9e2a0b6968a27f1772509492b,6e938dfcd266a2b0eac811d7ea7eabbd5b217965f88efa81371465134dbcab11,2026-07-15T18:11:12.753939+00:00,8o8-arch,7.0.12-arch1-1,AMD Ryzen 9 3900X 12-Core Processor,"logical=24,cores=12,sockets=1,nodes=1",performance,rustc 1.97.0 (2d8144b78 2026-07-07),22.1.6,cargo 1.97.0 (c980f4866 2026-06-30),"release,lto=thin,debug=true",/home/bob/.cache/mess-bench,/dev/nvme0n1p3,ext4,/home,Samsung SSD 970 EVO Plus 2TB,[none] mq-deadline kyber bfq,249464950784,4096,1024,payload[i]=(i*131+17)&0xff,2.7568359375,accepted,,64,128,0,13,bytes,9152,8320,34501376,13,0,0,128,0,0,2775880,2793008,211960,254530,265200,2.760,2.760
e000732,exploratory,pwritev_full_8m,baseline,1,4,ABBA,k_pwrite,process,4096,10,64,4,new_name,synthetic_sweep,1,015d813736625640f12d26c5d349b92c14fd2fb4,false,a897dfa99e98479b638409c432d3d2bc8e7ba7d5ba4e5a046dd229021f58bffd,12b1dafe765a77d1a17115b0ae12cff973f20ed7d6d770fbd790695fe081288e,afaa9ca40fef1b2a362af2af235634b472665287e554d16b829c09e1a70787ac,8d5b7eba8aea53574190e7d4a6d9e7b424bc23a9e2a0b6968a27f1772509492b,6e938dfcd266a2b0eac811d7ea7eabbd5b217965f88efa81371465134dbcab11,2026-07-15T18:11:13.778200+00:00,8o8-arch,7.0.12-arch1-1,AMD Ryzen 9 3900X 12-Core Processor,"logical=24,cores=12,sockets=1,nodes=1",performance,rustc 1.97.0 (2d8144b78 2026-07-07),22.1.6,cargo 1.97.0 (c980f4866 2026-06-30),"release,lto=thin,debug=true",/home/bob/.cache/mess-bench,/dev/nvme0n1p3,ext4,/home,Samsung SSD 970 EVO Plus 2TB,[none] mq-deadline kyber bfq,249464938496,4096,1024,payload[i]=(i*131+17)&0xff,2.7568359375,accepted,,64,128,0,13,bytes,9152,8320,34501376,1664,0,0,0,0,0,5185522,5467217,420680,478800,487530,2.760,2.760
e000733,exploratory,pwritev_64_8m,candidate,1,1,BAAB,pwritev_64_8m,process,4096,10,64,4,new_name,synthetic_sweep,1,015d813736625640f12d26c5d349b92c14fd2fb4,false,a897dfa99e98479b638409c432d3d2bc8e7ba7d5ba4e5a046dd229021f58bffd,12b1dafe765a77d1a17115b0ae12cff973f20ed7d6d770fbd790695fe081288e,afaa9ca40fef1b2a362af2af235634b472665287e554d16b829c09e1a70787ac,8d5b7eba8aea53574190e7d4a6d9e7b424bc23a9e2a0b6968a27f1772509492b,6e938dfcd266a2b0eac811d7ea7eabbd5b217965f88efa81371465134dbcab11,2026-07-15T18:11:14.807975+00:00,8o8-arch,7.0.12-arch1-1,AMD Ryzen 9 3900X 12-Core Processor,"logical=24,cores=12,sockets=1,nodes=1",performance,rustc 1.97.0 (2d8144b78 2026-07-07),22.1.6,cargo 1.97.0 (c980f4866 2026-06-30),"release,lto=thin,debug=true",/home/bob/.cache/mess-bench,/dev/nvme0n1p3,ext4,/home,Samsung SSD 970 EVO Plus 2TB,[none] mq-deadline kyber bfq,249464938496,4096,1024,payload[i]=(i*131+17)&0xff,2.7568359375,accepted,,64,128,0,13,bytes,9152,8320,34501376,26,0,0,64,0,0,2460801,2478098,189970,193650,203230,2.760,2.760
e000734,exploratory,pwritev_64_8m,baseline,1,2,BAAB,k_pwrite,process,4096,10,64,4,new_name,synthetic_sweep,1,015d813736625640f12d26c5d349b92c14fd2fb4,false,a897dfa99e98479b638409c432d3d2bc8e7ba7d5ba4e5a046dd229021f58bffd,12b1dafe765a77d1a17115b0ae12cff973f20ed7d6d770fbd790695fe081288e,afaa9ca40fef1b2a362af2af235634b472665287e554d16b829c09e1a70787ac,8d5b7eba8aea53574190e7d4a6d9e7b424bc23a9e2a0b6968a27f1772509492b,6e938dfcd266a2b0eac811d7ea7eabbd5b217965f88efa81371465134dbcab11,2026-07-15T18:11:15.838816+00:00,8o8-arch,7.0.12-arch1-1,AMD Ryzen 9 3900X 12-Core Processor,"logical=24,cores=12,sockets=1,nodes=1",performance,rustc 1.97.0 (2d8144b78 2026-07-07),22.1.6,cargo 1.97.0 (c980f4866 2026-06-30),"release,lto=thin,debug=true",/home/bob/.cache/mess-bench,/dev/nvme0n1p3,ext4,/home,Samsung SSD 970 EVO Plus 2TB,[none] mq-deadline kyber bfq,249464938496,4096,1024,payload[i]=(i*131+17)&0xff,2.61572265625,accepted,,64,128,0,13,bytes,9152,8320,34501376,1664,0,0,0,0,0,4817802,4853207,373100,380440,385520,2.620,2.620
e000735,exploratory,pwritev_64_8m,baseline,1,3,BAAB,k_pwrite,process,4096,10,64,4,new_name,synthetic_sweep,1,015d813736625640f12d26c5d349b92c14fd2fb4,false,a897dfa99e98479b638409c432d3d2bc8e7ba7d5ba4e5a046dd229021f58bffd,12b1dafe765a77d1a17115b0ae12cff973f20ed7d6d770fbd790695fe081288e,afaa9ca40fef1b2a362af2af235634b472665287e554d16b829c09e1a70787ac,8d5b7eba8aea53574190e7d4a6d9e7b424bc23a9e2a0b6968a27f1772509492b,6e938dfcd266a2b0eac811d7ea7eabbd5b217965f88efa81371465134dbcab11,2026-07-15T18:11:16.866680+00:00,8o8-arch,7.0.12-arch1-1,AMD Ryzen 9 3900X 12-Core Processor,"logical=24,cores=12,sockets=1,nodes=1",performance,rustc 1.97.0 (2d8144b78 2026-07-07),22.1.6,cargo 1.97.0 (c980f4866 2026-06-30),"release,lto=thin,debug=true",/home/bob/.cache/mess-bench,/dev/nvme0n1p3,ext4,/home,Samsung SSD 970 EVO Plus 2TB,[none] mq-deadline kyber bfq,249464938496,4096,1024,payload[i]=(i*131+17)&0xff,2.61572265625,accepted,,64,128,0,13,bytes,9152,8320,34501376,1664,0,0,0,0,0,4901741,4954017,375690,397349,418839,2.620,2.620
e000736,exploratory,pwritev_64_8m,candidate,1,4,BAAB,pwritev_64_8m,process,4096,10,64,4,new_name,synthetic_sweep,1,015d813736625640f12d26c5d349b92c14fd2fb4,false,a897dfa99e98479b638409c432d3d2bc8e7ba7d5ba4e5a046dd229021f58bffd,12b1dafe765a77d1a17115b0ae12cff973f20ed7d6d770fbd790695fe081288e,afaa9ca40fef1b2a362af2af235634b472665287e554d16b829c09e1a70787ac,8d5b7eba8aea53574190e7d4a6d9e7b424bc23a9e2a0b6968a27f1772509492b,6e938dfcd266a2b0eac811d7ea7eabbd5b217965f88efa81371465134dbcab11,2026-07-15T18:11:17.898060+00:00,8o8-arch,7.0.12-arch1-1,AMD Ryzen 9 3900X 12-Core Processor,"logical=24,cores=12,sockets=1,nodes=1",performance,rustc 1.97.0 (2d8144b78 2026-07-07),22.1.6,cargo 1.97.0 (c980f4866 2026-06-30),"release,lto=thin,debug=true",/home/bob/.cache/mess-bench,/dev/nvme0n1p3,ext4,/home,Samsung SSD 970 EVO Plus 2TB,[none] mq-deadline kyber bfq,249464930304,4096,1024,payload[i]=(i*131+17)&0xff,2.61572265625,accepted,,64,128,0,13,bytes,9152,8320,34501376,26,0,0,64,0,0,2470461,2491258,192789,204810,204880,2.620,2.620
e000737,exploratory,copy_contiguous,baseline,1,1,ABBA,k_pwrite,process,4096,10,64,4,new_name,synthetic_sweep,1,015d813736625640f12d26c5d349b92c14fd2fb4,false,a897dfa99e98479b638409c432d3d2bc8e7ba7d5ba4e5a046dd229021f58bffd,12b1dafe765a77d1a17115b0ae12cff973f20ed7d6d770fbd790695fe081288e,afaa9ca40fef1b2a362af2af235634b472665287e554d16b829c09e1a70787ac,8d5b7eba8aea53574190e7d4a6d9e7b424bc23a9e2a0b6968a27f1772509492b,6e938dfcd266a2b0eac811d7ea7eabbd5b217965f88efa81371465134dbcab11,2026-07-15T18:11:18.927044+00:00,8o8-arch,7.0.12-arch1-1,AMD Ryzen 9 3900X 12-Core Processor,"logical=24,cores=12,sockets=1,nodes=1",performance,rustc 1.97.0 (2d8144b78 2026-07-07),22.1.6,cargo 1.97.0 (c980f4866 2026-06-30),"release,lto=thin,debug=true",/home/bob/.cache/mess-bench,/dev/nvme0n1p3,ext4,/home,Samsung SSD 970 EVO Plus 2TB,[none] mq-deadline kyber bfq,249464930304,4096,1024,payload[i]=(i*131+17)&0xff,2.61572265625,accepted,,64,128,0,13,bytes,9152,8320,34501376,1664,0,0,0,0,0,5019250,5059167,370380,438070,479980,2.620,2.620
e000738,exploratory,copy_contiguous,candidate,1,2,ABBA,copy_contiguous,process,4096,10,64,4,new_name,synthetic_sweep,1,015d813736625640f12d26c5d349b92c14fd2fb4,false,a897dfa99e98479b638409c432d3d2bc8e7ba7d5ba4e5a046dd229021f58bffd,12b1dafe765a77d1a17115b0ae12cff973f20ed7d6d770fbd790695fe081288e,afaa9ca40fef1b2a362af2af235634b472665287e554d16b829c09e1a70787ac,8d5b7eba8aea53574190e7d4a6d9e7b424bc23a9e2a0b6968a27f1772509492b,6e938dfcd266a2b0eac811d7ea7eabbd5b217965f88efa81371465134dbcab11,2026-07-15T18:11:19.960766+00:00,8o8-arch,7.0.12-arch1-1,AMD Ryzen 9 3900X 12-Core Processor,"logical=24,cores=12,sockets=1,nodes=1",performance,rustc 1.97.0 (2d8144b78 2026-07-07),22.1.6,cargo 1.97.0 (c980f4866 2026-06-30),"release,lto=thin,debug=true",/home/bob/.cache/mess-bench,/dev/nvme0n1p3,ext4,/home,Samsung SSD 970 EVO Plus 2TB,[none] mq-deadline kyber bfq,249464930304,4096,1024,payload[i]=(i*131+17)&0xff,2.61572265625,accepted,,64,128,0,13,bytes,9152,8320,34501376,13,0,0,0,34501376,0,4980321,5012267,385110,387510,403159,2.620,2.620
e000739,exploratory,copy_contiguous,candidate,1,3,ABBA,copy_contiguous,process,4096,10,64,4,new_name,synthetic_sweep,1,015d813736625640f12d26c5d349b92c14fd2fb4,false,a897dfa99e98479b638409c432d3d2bc8e7ba7d5ba4e5a046dd229021f58bffd,12b1dafe765a77d1a17115b0ae12cff973f20ed7d6d770fbd790695fe081288e,afaa9ca40fef1b2a362af2af235634b472665287e554d16b829c09e1a70787ac,8d5b7eba8aea53574190e7d4a6d9e7b424bc23a9e2a0b6968a27f1772509492b,6e938dfcd266a2b0eac811d7ea7eabbd5b217965f88efa81371465134dbcab11,2026-07-15T18:11:20.982405+00:00,8o8-arch,7.0.12-arch1-1,AMD Ryzen 9 3900X 12-Core Processor,"logical=24,cores=12,sockets=1,nodes=1",performance,rustc 1.97.0 (2d8144b78 2026-07-07),22.1.6,cargo 1.97.0 (c980f4866 2026-06-30),"release,lto=thin,debug=true",/home/bob/.cache/mess-bench,/dev/nvme0n1p3,ext4,/home,Samsung SSD 970 EVO Plus 2TB,[none] mq-deadline kyber bfq,249464922112,4096,1024,payload[i]=(i*131+17)&0xff,2.40625,accepted,,64,128,0,13,bytes,9152,8320,34501376,13,0,0,0,34501376,0,5426711,5437236,394320,438470,653029,2.410,2.410
e000740,exploratory,copy_contiguous,baseline,1,4,ABBA,k_pwrite,process,4096,10,64,4,new_name,synthetic_sweep,1,015d813736625640f12d26c5d349b92c14fd2fb4,false,a897dfa99e98479b638409c432d3d2bc8e7ba7d5ba4e5a046dd229021f58bffd,12b1dafe765a77d1a17115b0ae12cff973f20ed7d6d770fbd790695fe081288e,afaa9ca40fef1b2a362af2af235634b472665287e554d16b829c09e1a70787ac,8d5b7eba8aea53574190e7d4a6d9e7b424bc23a9e2a0b6968a27f1772509492b,6e938dfcd266a2b0eac811d7ea7eabbd5b217965f88efa81371465134dbcab11,2026-07-15T18:11:22.014136+00:00,8o8-arch,7.0.12-arch1-1,AMD Ryzen 9 3900X 12-Core Processor,"logical=24,cores=12,sockets=1,nodes=1",performance,rustc 1.97.0 (2d8144b78 2026-07-07),22.1.6,cargo 1.97.0 (c980f4866 2026-06-30),"release,lto=thin,debug=true",/home/bob/.cache/mess-bench,/dev/nvme0n1p3,ext4,/home,Samsung SSD 970 EVO Plus 2TB,[none] mq-deadline kyber bfq,249464918016,4096,1024,payload[i]=(i*131+17)&0xff,2.40625,accepted,,64,128,0,13,bytes,9152,8320,34501376,1664,0,0,0,0,0,5725951,5774987,460360,500630,511329,2.410,2.410
e000741,exploratory,pwritev_full_8m,candidate,1,1,BAAB,pwritev_full_8m,process,4096,10,256,4,domain,synthetic_sweep,1,015d813736625640f12d26c5d349b92c14fd2fb4,false,a897dfa99e98479b638409c432d3d2bc8e7ba7d5ba4e5a046dd229021f58bffd,12b1dafe765a77d1a17115b0ae12cff973f20ed7d6d770fbd790695fe081288e,afaa9ca40fef1b2a362af2af235634b472665287e554d16b829c09e1a70787ac,8d5b7eba8aea53574190e7d4a6d9e7b424bc23a9e2a0b6968a27f1772509492b,6e938dfcd266a2b0eac811d7ea7eabbd5b217965f88efa81371465134dbcab11,2026-07-15T18:11:23.046116+00:00,8o8-arch,7.0.12-arch1-1,AMD Ryzen 9 3900X 12-Core Processor,"logical=24,cores=12,sockets=1,nodes=1",performance,rustc 1.97.0 (2d8144b78 2026-07-07),22.1.6,cargo 1.97.0 (c980f4866 2026-06-30),"release,lto=thin,debug=true",/home/bob/.cache/mess-bench,/dev/nvme0n1p3,ext4,/home,Samsung SSD 970 EVO Plus 2TB,[none] mq-deadline kyber bfq,249464913920,4096,1024,payload[i]=(i*131+17)&0xff,2.40625,accepted,,256,256,0,4,bytes,10240,10240,42319872,8,0,0,203,0,0,3036931,3134728,781539,865770,865770,2.410,2.410
e000742,exploratory,pwritev_full_8m,baseline,1,2,BAAB,k_pwrite,process,4096,10,256,4,domain,synthetic_sweep,1,015d813736625640f12d26c5d349b92c14fd2fb4,false,a897dfa99e98479b638409c432d3d2bc8e7ba7d5ba4e5a046dd229021f58bffd,12b1dafe765a77d1a17115b0ae12cff973f20ed7d6d770fbd790695fe081288e,afaa9ca40fef1b2a362af2af235634b472665287e554d16b829c09e1a70787ac,8d5b7eba8aea53574190e7d4a6d9e7b424bc23a9e2a0b6968a27f1772509492b,6e938dfcd266a2b0eac811d7ea7eabbd5b217965f88efa81371465134dbcab11,2026-07-15T18:11:24.077719+00:00,8o8-arch,7.0.12-arch1-1,AMD Ryzen 9 3900X 12-Core Processor,"logical=24,cores=12,sockets=1,nodes=1",performance,rustc 1.97.0 (2d8144b78 2026-07-07),22.1.6,cargo 1.97.0 (c980f4866 2026-06-30),"release,lto=thin,debug=true",/home/bob/.cache/mess-bench,/dev/nvme0n1p3,ext4,/home,Samsung SSD 970 EVO Plus 2TB,[none] mq-deadline kyber bfq,249464913920,4096,1024,payload[i]=(i*131+17)&0xff,2.40625,accepted,,256,256,0,4,bytes,10240,10240,42319872,1024,0,0,0,0,0,6352912,6391276,1614179,1657339,1657339,2.410,2.410
e000743,exploratory,pwritev_full_8m,baseline,1,3,BAAB,k_pwrite,process,4096,10,256,4,domain,synthetic_sweep,1,015d813736625640f12d26c5d349b92c14fd2fb4,false,a897dfa99e98479b638409c432d3d2bc8e7ba7d5ba4e5a046dd229021f58bffd,12b1dafe765a77d1a17115b0ae12cff973f20ed7d6d770fbd790695fe081288e,afaa9ca40fef1b2a362af2af235634b472665287e554d16b829c09e1a70787ac,8d5b7eba8aea53574190e7d4a6d9e7b424bc23a9e2a0b6968a27f1772509492b,6e938dfcd266a2b0eac811d7ea7eabbd5b217965f88efa81371465134dbcab11,2026-07-15T18:11:25.107013+00:00,8o8-arch,7.0.12-arch1-1,AMD Ryzen 9 3900X 12-Core Processor,"logical=24,cores=12,sockets=1,nodes=1",performance,rustc 1.97.0 (2d8144b78 2026-07-07),22.1.6,cargo 1.97.0 (c980f4866 2026-06-30),"release,lto=thin,debug=true",/home/bob/.cache/mess-bench,/dev/nvme0n1p3,ext4,/home,Samsung SSD 970 EVO Plus 2TB,[none] mq-deadline kyber bfq,249464913920,4096,1024,payload[i]=(i*131+17)&0xff,2.40625,accepted,,256,256,0,4,bytes,10240,10240,42319872,1024,0,0,0,0,0,10881153,11079243,1986029,5344397,5344397,2.410,2.410
e000744,exploratory,pwritev_full_8m,candidate,1,4,BAAB,pwritev_full_8m,process,4096,10,256,4,domain,synthetic_sweep,1,015d813736625640f12d26c5d349b92c14fd2fb4,false,a897dfa99e98479b638409c432d3d2bc8e7ba7d5ba4e5a046dd229021f58bffd,12b1dafe765a77d1a17115b0ae12cff973f20ed7d6d770fbd790695fe081288e,afaa9ca40fef1b2a362af2af235634b472665287e554d16b829c09e1a70787ac,8d5b7eba8aea53574190e7d4a6d9e7b424bc23a9e2a0b6968a27f1772509492b,6e938dfcd266a2b0eac811d7ea7eabbd5b217965f88efa81371465134dbcab11,2026-07-15T18:11:26.131494+00:00,8o8-arch,7.0.12-arch1-1,AMD Ryzen 9 3900X 12-Core Processor,"logical=24,cores=12,sockets=1,nodes=1",performance,rustc 1.97.0 (2d8144b78 2026-07-07),22.1.6,cargo 1.97.0 (c980f4866 2026-06-30),"release,lto=thin,debug=true",/home/bob/.cache/mess-bench,/dev/nvme0n1p3,ext4,/home,Samsung SSD 970 EVO Plus 2TB,[none] mq-deadline kyber bfq,249464905728,4096,1024,payload[i]=(i*131+17)&0xff,2.29345703125,accepted,,256,256,0,4,bytes,10240,10240,42319872,8,0,0,203,0,0,2985541,3020908,757480,770290,770290,2.290,2.290
e000745,exploratory,pwritev_64_8m,baseline,1,1,ABBA,k_pwrite,process,4096,10,256,4,domain,synthetic_sweep,1,015d813736625640f12d26c5d349b92c14fd2fb4,false,a897dfa99e98479b638409c432d3d2bc8e7ba7d5ba4e5a046dd229021f58bffd,12b1dafe765a77d1a17115b0ae12cff973f20ed7d6d770fbd790695fe081288e,afaa9ca40fef1b2a362af2af235634b472665287e554d16b829c09e1a70787ac,8d5b7eba8aea53574190e7d4a6d9e7b424bc23a9e2a0b6968a27f1772509492b,6e938dfcd266a2b0eac811d7ea7eabbd5b217965f88efa81371465134dbcab11,2026-07-15T18:11:27.164574+00:00,8o8-arch,7.0.12-arch1-1,AMD Ryzen 9 3900X 12-Core Processor,"logical=24,cores=12,sockets=1,nodes=1",performance,rustc 1.97.0 (2d8144b78 2026-07-07),22.1.6,cargo 1.97.0 (c980f4866 2026-06-30),"release,lto=thin,debug=true",/home/bob/.cache/mess-bench,/dev/nvme0n1p3,ext4,/home,Samsung SSD 970 EVO Plus 2TB,[none] mq-deadline kyber bfq,249464897536,4096,1024,payload[i]=(i*131+17)&0xff,2.29345703125,accepted,,256,256,0,4,bytes,10240,10240,42319872,1024,0,0,0,0,0,6212962,6352436,1644919,1648499,1648499,2.290,2.290
e000746,exploratory,pwritev_64_8m,candidate,1,2,ABBA,pwritev_64_8m,process,4096,10,256,4,domain,synthetic_sweep,1,015d813736625640f12d26c5d349b92c14fd2fb4,false,a897dfa99e98479b638409c432d3d2bc8e7ba7d5ba4e5a046dd229021f58bffd,12b1dafe765a77d1a17115b0ae12cff973f20ed7d6d770fbd790695fe081288e,afaa9ca40fef1b2a362af2af235634b472665287e554d16b829c09e1a70787ac,8d5b7eba8aea53574190e7d4a6d9e7b424bc23a9e2a0b6968a27f1772509492b,6e938dfcd266a2b0eac811d7ea7eabbd5b217965f88efa81371465134dbcab11,2026-07-15T18:11:28.193023+00:00,8o8-arch,7.0.12-arch1-1,AMD Ryzen 9 3900X 12-Core Processor,"logical=24,cores=12,sockets=1,nodes=1",performance,rustc 1.97.0 (2d8144b78 2026-07-07),22.1.6,cargo 1.97.0 (c980f4866 2026-06-30),"release,lto=thin,debug=true",/home/bob/.cache/mess-bench,/dev/nvme0n1p3,ext4,/home,Samsung SSD 970 EVO Plus 2TB,[none] mq-deadline kyber bfq,249464893440,4096,1024,payload[i]=(i*131+17)&0xff,2.29345703125,accepted,,256,256,0,4,bytes,10240,10240,42319872,16,0,0,64,0,0,3307781,3332998,839540,865500,865500,2.290,2.290
e000747,exploratory,pwritev_64_8m,candidate,1,3,ABBA,pwritev_64_8m,process,4096,10,256,4,domain,synthetic_sweep,1,015d813736625640f12d26c5d349b92c14fd2fb4,false,a897dfa99e98479b638409c432d3d2bc8e7ba7d5ba4e5a046dd229021f58bffd,12b1dafe765a77d1a17115b0ae12cff973f20ed7d6d770fbd790695fe081288e,afaa9ca40fef1b2a362af2af235634b472665287e554d16b829c09e1a70787ac,8d5b7eba8aea53574190e7d4a6d9e7b424bc23a9e2a0b6968a27f1772509492b,6e938dfcd266a2b0eac811d7ea7eabbd5b217965f88efa81371465134dbcab11,2026-07-15T18:11:29.221681+00:00,8o8-arch,7.0.12-arch1-1,AMD Ryzen 9 3900X 12-Core Processor,"logical=24,cores=12,sockets=1,nodes=1",performance,rustc 1.97.0 (2d8144b78 2026-07-07),22.1.6,cargo 1.97.0 (c980f4866 2026-06-30),"release,lto=thin,debug=true",/home/bob/.cache/mess-bench,/dev/nvme0n1p3,ext4,/home,Samsung SSD 970 EVO Plus 2TB,[none] mq-deadline kyber bfq,249464856576,4096,1024,payload[i]=(i*131+17)&0xff,2.29345703125,accepted,,256,256,0,4,bytes,10240,10240,42319872,16,0,0,64,0,0,3355591,3388858,835460,1028919,1028919,2.290,2.290
e000748,exploratory,pwritev_64_8m,baseline,1,4,ABBA,k_pwrite,process,4096,10,256,4,domain,synthetic_sweep,1,015d813736625640f12d26c5d349b92c14fd2fb4,false,a897dfa99e98479b638409c432d3d2bc8e7ba7d5ba4e5a046dd229021f58bffd,12b1dafe765a77d1a17115b0ae12cff973f20ed7d6d770fbd790695fe081288e,afaa9ca40fef1b2a362af2af235634b472665287e554d16b829c09e1a70787ac,8d5b7eba8aea53574190e7d4a6d9e7b424bc23a9e2a0b6968a27f1772509492b,6e938dfcd266a2b0eac811d7ea7eabbd5b217965f88efa81371465134dbcab11,2026-07-15T18:11:30.248733+00:00,8o8-arch,7.0.12-arch1-1,AMD Ryzen 9 3900X 12-Core Processor,"logical=24,cores=12,sockets=1,nodes=1",performance,rustc 1.97.0 (2d8144b78 2026-07-07),22.1.6,cargo 1.97.0 (c980f4866 2026-06-30),"release,lto=thin,debug=true",/home/bob/.cache/mess-bench,/dev/nvme0n1p3,ext4,/home,Samsung SSD 970 EVO Plus 2TB,[none] mq-deadline kyber bfq,249464885248,4096,1024,payload[i]=(i*131+17)&0xff,2.29345703125,accepted,,256,256,0,4,bytes,10240,10240,42319872,1024,0,0,0,0,0,6570942,6654706,1709619,1831989,1831989,2.290,2.290
e000749,exploratory,pwritev_full_8m,candidate,1,1,BAAB,pwritev_full_8m,process,4096,10,256,4,new_name,synthetic_sweep,1,015d813736625640f12d26c5d349b92c14fd2fb4,false,a897dfa99e98479b638409c432d3d2bc8e7ba7d5ba4e5a046dd229021f58bffd,12b1dafe765a77d1a17115b0ae12cff973f20ed7d6d770fbd790695fe081288e,afaa9ca40fef1b2a362af2af235634b472665287e554d16b829c09e1a70787ac,8d5b7eba8aea53574190e7d4a6d9e7b424bc23a9e2a0b6968a27f1772509492b,6e938dfcd266a2b0eac811d7ea7eabbd5b217965f88efa81371465134dbcab11,2026-07-15T18:11:31.280499+00:00,8o8-arch,7.0.12-arch1-1,AMD Ryzen 9 3900X 12-Core Processor,"logical=24,cores=12,sockets=1,nodes=1",performance,rustc 1.97.0 (2d8144b78 2026-07-07),22.1.6,cargo 1.97.0 (c980f4866 2026-06-30),"release,lto=thin,debug=true",/home/bob/.cache/mess-bench,/dev/nvme0n1p3,ext4,/home,Samsung SSD 970 EVO Plus 2TB,[none] mq-deadline kyber bfq,249464881152,4096,1024,payload[i]=(i*131+17)&0xff,2.189453125,accepted,,256,512,0,4,bytes,11264,10240,42463232,8,0,0,406,0,0,4483431,4732937,1320469,1672289,1672289,2.190,2.190
e000750,exploratory,pwritev_full_8m,baseline,1,2,BAAB,k_pwrite,process,4096,10,256,4,new_name,synthetic_sweep,1,015d813736625640f12d26c5d349b92c14fd2fb4,false,a897dfa99e98479b638409c432d3d2bc8e7ba7d5ba4e5a046dd229021f58bffd,12b1dafe765a77d1a17115b0ae12cff973f20ed7d6d770fbd790695fe081288e,afaa9ca40fef1b2a362af2af235634b472665287e554d16b829c09e1a70787ac,8d5b7eba8aea53574190e7d4a6d9e7b424bc23a9e2a0b6968a27f1772509492b,6e938dfcd266a2b0eac811d7ea7eabbd5b217965f88efa81371465134dbcab11,2026-07-15T18:11:32.304420+00:00,8o8-arch,7.0.12-arch1-1,AMD Ryzen 9 3900X 12-Core Processor,"logical=24,cores=12,sockets=1,nodes=1",performance,rustc 1.97.0 (2d8144b78 2026-07-07),22.1.6,cargo 1.97.0 (c980f4866 2026-06-30),"release,lto=thin,debug=true",/home/bob/.cache/mess-bench,/dev/nvme0n1p3,ext4,/home,Samsung SSD 970 EVO Plus 2TB,[none] mq-deadline kyber bfq,249464877056,4096,1024,payload[i]=(i*131+17)&0xff,2.189453125,accepted,,256,512,0,4,bytes,11264,10240,42463232,2048,0,0,0,0,0,11521353,11624523,2440399,4951547,4951547,2.190,2.190
e000751,exploratory,pwritev_full_8m,baseline,1,3,BAAB,k_pwrite,process,4096,10,256,4,new_name,synthetic_sweep,1,015d813736625640f12d26c5d349b92c14fd2fb4,false,a897dfa99e98479b638409c432d3d2bc8e7ba7d5ba4e5a046dd229021f58bffd,12b1dafe765a77d1a17115b0ae12cff973f20ed7d6d770fbd790695fe081288e,afaa9ca40fef1b2a362af2af235634b472665287e554d16b829c09e1a70787ac,8d5b7eba8aea53574190e7d4a6d9e7b424bc23a9e2a0b6968a27f1772509492b,6e938dfcd266a2b0eac811d7ea7eabbd5b217965f88efa81371465134dbcab11,2026-07-15T18:11:33.334326+00:00,8o8-arch,7.0.12-arch1-1,AMD Ryzen 9 3900X 12-Core Processor,"logical=24,cores=12,sockets=1,nodes=1",performance,rustc 1.97.0 (2d8144b78 2026-07-07),22.1.6,cargo 1.97.0 (c980f4866 2026-06-30),"release,lto=thin,debug=true",/home/bob/.cache/mess-bench,/dev/nvme0n1p3,ext4,/home,Samsung SSD 970 EVO Plus 2TB,[none] mq-deadline kyber bfq,249464877056,4096,1024,payload[i]=(i*131+17)&0xff,2.189453125,accepted,,256,512,0,4,bytes,11264,10240,42463232,2048,0,0,0,0,0,7223881,7284345,1760589,2064688,2064688,2.190,2.190
e000752,exploratory,pwritev_full_8m,candidate,1,4,BAAB,pwritev_full_8m,process,4096,10,256,4,new_name,synthetic_sweep,1,015d813736625640f12d26c5d349b92c14fd2fb4,false,a897dfa99e98479b638409c432d3d2bc8e7ba7d5ba4e5a046dd229021f58bffd,12b1dafe765a77d1a17115b0ae12cff973f20ed7d6d770fbd790695fe081288e,afaa9ca40fef1b2a362af2af235634b472665287e554d16b829c09e1a70787ac,8d5b7eba8aea53574190e7d4a6d9e7b424bc23a9e2a0b6968a27f1772509492b,6e938dfcd266a2b0eac811d7ea7eabbd5b217965f88efa81371465134dbcab11,2026-07-15T18:11:34.364632+00:00,8o8-arch,7.0.12-arch1-1,AMD Ryzen 9 3900X 12-Core Processor,"logical=24,cores=12,sockets=1,nodes=1",performance,rustc 1.97.0 (2d8144b78 2026-07-07),22.1.6,cargo 1.97.0 (c980f4866 2026-06-30),"release,lto=thin,debug=true",/home/bob/.cache/mess-bench,/dev/nvme0n1p3,ext4,/home,Samsung SSD 970 EVO Plus 2TB,[none] mq-deadline kyber bfq,249464864768,4096,1024,payload[i]=(i*131+17)&0xff,2.189453125,accepted,,256,512,0,4,bytes,11264,10240,42463232,8,0,0,406,0,0,2920361,2934998,740280,748759,748759,2.190,2.190
e000753,exploratory,pwritev_256_8m,baseline,1,1,ABBA,k_pwrite,process,4096,10,256,4,new_name,synthetic_sweep,1,015d813736625640f12d26c5d349b92c14fd2fb4,false,a897dfa99e98479b638409c432d3d2bc8e7ba7d5ba4e5a046dd229021f58bffd,12b1dafe765a77d1a17115b0ae12cff973f20ed7d6d770fbd790695fe081288e,afaa9ca40fef1b2a362af2af235634b472665287e554d16b829c09e1a70787ac,8d5b7eba8aea53574190e7d4a6d9e7b424bc23a9e2a0b6968a27f1772509492b,6e938dfcd266a2b0eac811d7ea7eabbd5b217965f88efa81371465134dbcab11,2026-07-15T18:11:35.394358+00:00,8o8-arch,7.0.12-arch1-1,AMD Ryzen 9 3900X 12-Core Processor,"logical=24,cores=12,sockets=1,nodes=1",performance,rustc 1.97.0 (2d8144b78 2026-07-07),22.1.6,cargo 1.97.0 (c980f4866 2026-06-30),"release,lto=thin,debug=true",/home/bob/.cache/mess-bench,/dev/nvme0n1p3,ext4,/home,Samsung SSD 970 EVO Plus 2TB,[none] mq-deadline kyber bfq,249464864768,4096,1024,payload[i]=(i*131+17)&0xff,2.189453125,accepted,,256,512,0,4,bytes,11264,10240,42463232,2048,0,0,0,0,0,7450022,7523825,1955778,1964469,1964469,2.190,2.190
e000754,exploratory,pwritev_256_8m,candidate,1,2,ABBA,pwritev_256_8m,process,4096,10,256,4,new_name,synthetic_sweep,1,015d813736625640f12d26c5d349b92c14fd2fb4,false,a897dfa99e98479b638409c432d3d2bc8e7ba7d5ba4e5a046dd229021f58bffd,12b1dafe765a77d1a17115b0ae12cff973f20ed7d6d770fbd790695fe081288e,afaa9ca40fef1b2a362af2af235634b472665287e554d16b829c09e1a70787ac,8d5b7eba8aea53574190e7d4a6d9e7b424bc23a9e2a0b6968a27f1772509492b,6e938dfcd266a2b0eac811d7ea7eabbd5b217965f88efa81371465134dbcab11,2026-07-15T18:11:36.422799+00:00,8o8-arch,7.0.12-arch1-1,AMD Ryzen 9 3900X 12-Core Processor,"logical=24,cores=12,sockets=1,nodes=1",performance,rustc 1.97.0 (2d8144b78 2026-07-07),22.1.6,cargo 1.97.0 (c980f4866 2026-06-30),"release,lto=thin,debug=true",/home/bob/.cache/mess-bench,/dev/nvme0n1p3,ext4,/home,Samsung SSD 970 EVO Plus 2TB,[none] mq-deadline kyber bfq,249464860672,4096,1024,payload[i]=(i*131+17)&0xff,2.173828125,accepted,,256,512,0,4,bytes,11264,10240,42463232,8,0,0,256,0,0,2975960,2995918,754669,759000,759000,2.170,2.170
e000755,exploratory,pwritev_256_8m,candidate,1,3,ABBA,pwritev_256_8m,process,4096,10,256,4,new_name,synthetic_sweep,1,015d813736625640f12d26c5d349b92c14fd2fb4,false,a897dfa99e98479b638409c432d3d2bc8e7ba7d5ba4e5a046dd229021f58bffd,12b1dafe765a77d1a17115b0ae12cff973f20ed7d6d770fbd790695fe081288e,afaa9ca40fef1b2a362af2af235634b472665287e554d16b829c09e1a70787ac,8d5b7eba8aea53574190e7d4a6d9e7b424bc23a9e2a0b6968a27f1772509492b,6e938dfcd266a2b0eac811d7ea7eabbd5b217965f88efa81371465134dbcab11,2026-07-15T18:11:37.454186+00:00,8o8-arch,7.0.12-arch1-1,AMD Ryzen 9 3900X 12-Core Processor,"logical=24,cores=12,sockets=1,nodes=1",performance,rustc 1.97.0 (2d8144b78 2026-07-07),22.1.6,cargo 1.97.0 (c980f4866 2026-06-30),"release,lto=thin,debug=true",/home/bob/.cache/mess-bench,/dev/nvme0n1p3,ext4,/home,Samsung SSD 970 EVO Plus 2TB,[none] mq-deadline kyber bfq,249464860672,4096,1024,payload[i]=(i*131+17)&0xff,2.173828125,accepted,,256,512,0,4,bytes,11264,10240,42463232,8,0,0,256,0,0,3169221,3189358,775430,970939,970939,2.170,2.170
e000756,exploratory,pwritev_256_8m,baseline,1,4,ABBA,k_pwrite,process,4096,10,256,4,new_name,synthetic_sweep,1,015d813736625640f12d26c5d349b92c14fd2fb4,false,a897dfa99e98479b638409c432d3d2bc8e7ba7d5ba4e5a046dd229021f58bffd,12b1dafe765a77d1a17115b0ae12cff973f20ed7d6d770fbd790695fe081288e,afaa9ca40fef1b2a362af2af235634b472665287e554d16b829c09e1a70787ac,8d5b7eba8aea53574190e7d4a6d9e7b424bc23a9e2a0b6968a27f1772509492b,6e938dfcd266a2b0eac811d7ea7eabbd5b217965f88efa81371465134dbcab11,2026-07-15T18:11:38.478310+00:00,8o8-arch,7.0.12-arch1-1,AMD Ryzen 9 3900X 12-Core Processor,"logical=24,cores=12,sockets=1,nodes=1",performance,rustc 1.97.0 (2d8144b78 2026-07-07),22.1.6,cargo 1.97.0 (c980f4866 2026-06-30),"release,lto=thin,debug=true",/home/bob/.cache/mess-bench,/dev/nvme0n1p3,ext4,/home,Samsung SSD 970 EVO Plus 2TB,[none] mq-deadline kyber bfq,249464852480,4096,1024,payload[i]=(i*131+17)&0xff,2.173828125,accepted,,256,512,0,4,bytes,11264,10240,42463232,2048,0,0,0,0,0,7977092,8062445,2139719,2388189,2388189,2.170,2.170
e000757,exploratory,pwritev_64_8m,candidate,1,1,BAAB,pwritev_64_8m,process,4096,10,256,4,new_name,synthetic_sweep,1,015d813736625640f12d26c5d349b92c14fd2fb4,false,a897dfa99e98479b638409c432d3d2bc8e7ba7d5ba4e5a046dd229021f58bffd,12b1dafe765a77d1a17115b0ae12cff973f20ed7d6d770fbd790695fe081288e,afaa9ca40fef1b2a362af2af235634b472665287e554d16b829c09e1a70787ac,8d5b7eba8aea53574190e7d4a6d9e7b424bc23a9e2a0b6968a27f1772509492b,6e938dfcd266a2b0eac811d7ea7eabbd5b217965f88efa81371465134dbcab11,2026-07-15T18:11:39.508214+00:00,8o8-arch,7.0.12-arch1-1,AMD Ryzen 9 3900X 12-Core Processor,"logical=24,cores=12,sockets=1,nodes=1",performance,rustc 1.97.0 (2d8144b78 2026-07-07),22.1.6,cargo 1.97.0 (c980f4866 2026-06-30),"release,lto=thin,debug=true",/home/bob/.cache/mess-bench,/dev/nvme0n1p3,ext4,/home,Samsung SSD 970 EVO Plus 2TB,[none] mq-deadline kyber bfq,249464852480,4096,1024,payload[i]=(i*131+17)&0xff,2.173828125,accepted,,256,512,0,4,bytes,11264,10240,42463232,32,0,0,64,0,0,6637592,6990526,957950,4390757,4390757,2.170,2.170
e000758,exploratory,pwritev_64_8m,baseline,1,2,BAAB,k_pwrite,process,4096,10,256,4,new_name,synthetic_sweep,1,015d813736625640f12d26c5d349b92c14fd2fb4,false,a897dfa99e98479b638409c432d3d2bc8e7ba7d5ba4e5a046dd229021f58bffd,12b1dafe765a77d1a17115b0ae12cff973f20ed7d6d770fbd790695fe081288e,afaa9ca40fef1b2a362af2af235634b472665287e554d16b829c09e1a70787ac,8d5b7eba8aea53574190e7d4a6d9e7b424bc23a9e2a0b6968a27f1772509492b,6e938dfcd266a2b0eac811d7ea7eabbd5b217965f88efa81371465134dbcab11,2026-07-15T18:11:40.535234+00:00,8o8-arch,7.0.12-arch1-1,AMD Ryzen 9 3900X 12-Core Processor,"logical=24,cores=12,sockets=1,nodes=1",performance,rustc 1.97.0 (2d8144b78 2026-07-07),22.1.6,cargo 1.97.0 (c980f4866 2026-06-30),"release,lto=thin,debug=true",/home/bob/.cache/mess-bench,/dev/nvme0n1p3,ext4,/home,Samsung SSD 970 EVO Plus 2TB,[none] mq-deadline kyber bfq,249464840192,4096,1024,payload[i]=(i*131+17)&0xff,2.15966796875,accepted,,256,512,0,4,bytes,11264,10240,42463232,2048,0,0,0,0,0,9200272,11371363,2025779,5586547,5586547,2.160,2.160
e000759,exploratory,pwritev_64_8m,baseline,1,3,BAAB,k_pwrite,process,4096,10,256,4,new_name,synthetic_sweep,1,015d813736625640f12d26c5d349b92c14fd2fb4,false,a897dfa99e98479b638409c432d3d2bc8e7ba7d5ba4e5a046dd229021f58bffd,12b1dafe765a77d1a17115b0ae12cff973f20ed7d6d770fbd790695fe081288e,afaa9ca40fef1b2a362af2af235634b472665287e554d16b829c09e1a70787ac,8d5b7eba8aea53574190e7d4a6d9e7b424bc23a9e2a0b6968a27f1772509492b,6e938dfcd266a2b0eac811d7ea7eabbd5b217965f88efa81371465134dbcab11,2026-07-15T18:11:41.558935+00:00,8o8-arch,7.0.12-arch1-1,AMD Ryzen 9 3900X 12-Core Processor,"logical=24,cores=12,sockets=1,nodes=1",performance,rustc 1.97.0 (2d8144b78 2026-07-07),22.1.6,cargo 1.97.0 (c980f4866 2026-06-30),"release,lto=thin,debug=true",/home/bob/.cache/mess-bench,/dev/nvme0n1p3,ext4,/home,Samsung SSD 970 EVO Plus 2TB,[none] mq-deadline kyber bfq,249464840192,4096,1024,payload[i]=(i*131+17)&0xff,2.15966796875,accepted,,256,512,0,4,bytes,11264,10240,42463232,2048,0,0,0,0,0,7694532,7746185,2103579,2148878,2148878,2.160,2.160
e000760,exploratory,pwritev_64_8m,candidate,1,4,BAAB,pwritev_64_8m,process,4096,10,256,4,new_name,synthetic_sweep,1,015d813736625640f12d26c5d349b92c14fd2fb4,false,a897dfa99e98479b638409c432d3d2bc8e7ba7d5ba4e5a046dd229021f58bffd,12b1dafe765a77d1a17115b0ae12cff973f20ed7d6d770fbd790695fe081288e,afaa9ca40fef1b2a362af2af235634b472665287e554d16b829c09e1a70787ac,8d5b7eba8aea53574190e7d4a6d9e7b424bc23a9e2a0b6968a27f1772509492b,6e938dfcd266a2b0eac811d7ea7eabbd5b217965f88efa81371465134dbcab11,2026-07-15T18:11:42.586707+00:00,8o8-arch,7.0.12-arch1-1,AMD Ryzen 9 3900X 12-Core Processor,"logical=24,cores=12,sockets=1,nodes=1",performance,rustc 1.97.0 (2d8144b78 2026-07-07),22.1.6,cargo 1.97.0 (c980f4866 2026-06-30),"release,lto=thin,debug=true",/home/bob/.cache/mess-bench,/dev/nvme0n1p3,ext4,/home,Samsung SSD 970 EVO Plus 2TB,[none] mq-deadline kyber bfq,249464836096,4096,1024,payload[i]=(i*131+17)&0xff,2.15966796875,accepted,,256,512,0,4,bytes,11264,10240,42463232,32,0,0,64,0,0,3172601,3189168,797199,855209,855209,2.160,2.160
e000761,exploratory,pwritev_full_8m,baseline,1,1,ABBA,k_pwrite,process,4096,10,1024,4,domain,synthetic_sweep,1,015d813736625640f12d26c5d349b92c14fd2fb4,false,a897dfa99e98479b638409c432d3d2bc8e7ba7d5ba4e5a046dd229021f58bffd,12b1dafe765a77d1a17115b0ae12cff973f20ed7d6d770fbd790695fe081288e,afaa9ca40fef1b2a362af2af235634b472665287e554d16b829c09e1a70787ac,8d5b7eba8aea53574190e7d4a6d9e7b424bc23a9e2a0b6968a27f1772509492b,6e938dfcd266a2b0eac811d7ea7eabbd5b217965f88efa81371465134dbcab11,2026-07-15T18:11:43.617864+00:00,8o8-arch,7.0.12-arch1-1,AMD Ryzen 9 3900X 12-Core Processor,"logical=24,cores=12,sockets=1,nodes=1",performance,rustc 1.97.0 (2d8144b78 2026-07-07),22.1.6,cargo 1.97.0 (c980f4866 2026-06-30),"release,lto=thin,debug=true",/home/bob/.cache/mess-bench,/dev/nvme0n1p3,ext4,/home,Samsung SSD 970 EVO Plus 2TB,[none] mq-deadline kyber bfq,249464836096,4096,1024,payload[i]=(i*131+17)&0xff,2.15966796875,accepted,,1024,1024,0,1,bytes,10240,10240,42319872,1024,0,0,0,0,0,7536642,7613035,7612765,7612765,7612765,2.160,2.160
e000762,exploratory,pwritev_full_8m,candidate,1,2,ABBA,pwritev_full_8m,process,4096,10,1024,4,domain,synthetic_sweep,1,015d813736625640f12d26c5d349b92c14fd2fb4,false,a897dfa99e98479b638409c432d3d2bc8e7ba7d5ba4e5a046dd229021f58bffd,12b1dafe765a77d1a17115b0ae12cff973f20ed7d6d770fbd790695fe081288e,afaa9ca40fef1b2a362af2af235634b472665287e554d16b829c09e1a70787ac,8d5b7eba8aea53574190e7d4a6d9e7b424bc23a9e2a0b6968a27f1772509492b,6e938dfcd266a2b0eac811d7ea7eabbd5b217965f88efa81371465134dbcab11,2026-07-15T18:11:44.649348+00:00,8o8-arch,7.0.12-arch1-1,AMD Ryzen 9 3900X 12-Core Processor,"logical=24,cores=12,sockets=1,nodes=1",performance,rustc 1.97.0 (2d8144b78 2026-07-07),22.1.6,cargo 1.97.0 (c980f4866 2026-06-30),"release,lto=thin,debug=true",/home/bob/.cache/mess-bench,/dev/nvme0n1p3,ext4,/home,Samsung SSD 970 EVO Plus 2TB,[none] mq-deadline kyber bfq,249464836096,4096,1024,payload[i]=(i*131+17)&0xff,2.15966796875,accepted,,1024,1024,0,1,bytes,10240,10240,42319872,6,0,0,204,0,0,4974261,5005357,5005077,5005077,5005077,2.160,2.160
e000763,exploratory,pwritev_full_8m,candidate,1,3,ABBA,pwritev_full_8m,process,4096,10,1024,4,domain,synthetic_sweep,1,015d813736625640f12d26c5d349b92c14fd2fb4,false,a897dfa99e98479b638409c432d3d2bc8e7ba7d5ba4e5a046dd229021f58bffd,12b1dafe765a77d1a17115b0ae12cff973f20ed7d6d770fbd790695fe081288e,afaa9ca40fef1b2a362af2af235634b472665287e554d16b829c09e1a70787ac,8d5b7eba8aea53574190e7d4a6d9e7b424bc23a9e2a0b6968a27f1772509492b,6e938dfcd266a2b0eac811d7ea7eabbd5b217965f88efa81371465134dbcab11,2026-07-15T18:11:45.680126+00:00,8o8-arch,7.0.12-arch1-1,AMD Ryzen 9 3900X 12-Core Processor,"logical=24,cores=12,sockets=1,nodes=1",performance,rustc 1.97.0 (2d8144b78 2026-07-07),22.1.6,cargo 1.97.0 (c980f4866 2026-06-30),"release,lto=thin,debug=true",/home/bob/.cache/mess-bench,/dev/nvme0n1p3,ext4,/home,Samsung SSD 970 EVO Plus 2TB,[none] mq-deadline kyber bfq,249464840192,4096,1024,payload[i]=(i*131+17)&0xff,2.22705078125,accepted,,1024,1024,0,1,bytes,10240,10240,42319872,6,0,0,204,0,0,5099161,5133837,5133657,5133657,5133657,2.230,2.230
e000764,exploratory,pwritev_full_8m,baseline,1,4,ABBA,k_pwrite,process,4096,10,1024,4,domain,synthetic_sweep,1,015d813736625640f12d26c5d349b92c14fd2fb4,false,a897dfa99e98479b638409c432d3d2bc8e7ba7d5ba4e5a046dd229021f58bffd,12b1dafe765a77d1a17115b0ae12cff973f20ed7d6d770fbd790695fe081288e,afaa9ca40fef1b2a362af2af235634b472665287e554d16b829c09e1a70787ac,8d5b7eba8aea53574190e7d4a6d9e7b424bc23a9e2a0b6968a27f1772509492b,6e938dfcd266a2b0eac811d7ea7eabbd5b217965f88efa81371465134dbcab11,2026-07-15T18:11:46.711462+00:00,8o8-arch,7.0.12-arch1-1,AMD Ryzen 9 3900X 12-Core Processor,"logical=24,cores=12,sockets=1,nodes=1",performance,rustc 1.97.0 (2d8144b78 2026-07-07),22.1.6,cargo 1.97.0 (c980f4866 2026-06-30),"release,lto=thin,debug=true",/home/bob/.cache/mess-bench,/dev/nvme0n1p3,ext4,/home,Samsung SSD 970 EVO Plus 2TB,[none] mq-deadline kyber bfq,249464832000,4096,1024,payload[i]=(i*131+17)&0xff,2.22705078125,accepted,,1024,1024,0,1,bytes,10240,10240,42319872,1024,0,0,0,0,0,7740232,7797535,7797325,7797325,7797325,2.230,2.230
e000765,exploratory,pwritev_64_8m,candidate,1,1,BAAB,pwritev_64_8m,process,4096,10,1024,4,domain,synthetic_sweep,1,015d813736625640f12d26c5d349b92c14fd2fb4,false,a897dfa99e98479b638409c432d3d2bc8e7ba7d5ba4e5a046dd229021f58bffd,12b1dafe765a77d1a17115b0ae12cff973f20ed7d6d770fbd790695fe081288e,afaa9ca40fef1b2a362af2af235634b472665287e554d16b829c09e1a70787ac,8d5b7eba8aea53574190e7d4a6d9e7b424bc23a9e2a0b6968a27f1772509492b,6e938dfcd266a2b0eac811d7ea7eabbd5b217965f88efa81371465134dbcab11,2026-07-15T18:11:47.743412+00:00,8o8-arch,7.0.12-arch1-1,AMD Ryzen 9 3900X 12-Core Processor,"logical=24,cores=12,sockets=1,nodes=1",performance,rustc 1.97.0 (2d8144b78 2026-07-07),22.1.6,cargo 1.97.0 (c980f4866 2026-06-30),"release,lto=thin,debug=true",/home/bob/.cache/mess-bench,/dev/nvme0n1p3,ext4,/home,Samsung SSD 970 EVO Plus 2TB,[none] mq-deadline kyber bfq,249464827904,4096,1024,payload[i]=(i*131+17)&0xff,2.22705078125,accepted,,1024,1024,0,1,bytes,10240,10240,42319872,16,0,0,64,0,0,9096393,9206074,9205804,9205804,9205804,2.230,2.230
e000766,exploratory,pwritev_64_8m,baseline,1,2,BAAB,k_pwrite,process,4096,10,1024,4,domain,synthetic_sweep,1,015d813736625640f12d26c5d349b92c14fd2fb4,false,a897dfa99e98479b638409c432d3d2bc8e7ba7d5ba4e5a046dd229021f58bffd,12b1dafe765a77d1a17115b0ae12cff973f20ed7d6d770fbd790695fe081288e,afaa9ca40fef1b2a362af2af235634b472665287e554d16b829c09e1a70787ac,8d5b7eba8aea53574190e7d4a6d9e7b424bc23a9e2a0b6968a27f1772509492b,6e938dfcd266a2b0eac811d7ea7eabbd5b217965f88efa81371465134dbcab11,2026-07-15T18:11:48.774680+00:00,8o8-arch,7.0.12-arch1-1,AMD Ryzen 9 3900X 12-Core Processor,"logical=24,cores=12,sockets=1,nodes=1",performance,rustc 1.97.0 (2d8144b78 2026-07-07),22.1.6,cargo 1.97.0 (c980f4866 2026-06-30),"release,lto=thin,debug=true",/home/bob/.cache/mess-bench,/dev/nvme0n1p3,ext4,/home,Samsung SSD 970 EVO Plus 2TB,[none] mq-deadline kyber bfq,249464827904,4096,1024,payload[i]=(i*131+17)&0xff,2.22705078125,accepted,,1024,1024,0,1,bytes,10240,10240,42319872,1024,0,0,0,0,0,7608882,7712106,7711656,7711656,7711656,2.230,2.230
e000767,exploratory,pwritev_64_8m,baseline,1,3,BAAB,k_pwrite,process,4096,10,1024,4,domain,synthetic_sweep,1,015d813736625640f12d26c5d349b92c14fd2fb4,false,a897dfa99e98479b638409c432d3d2bc8e7ba7d5ba4e5a046dd229021f58bffd,12b1dafe765a77d1a17115b0ae12cff973f20ed7d6d770fbd790695fe081288e,afaa9ca40fef1b2a362af2af235634b472665287e554d16b829c09e1a70787ac,8d5b7eba8aea53574190e7d4a6d9e7b424bc23a9e2a0b6968a27f1772509492b,6e938dfcd266a2b0eac811d7ea7eabbd5b217965f88efa81371465134dbcab11,2026-07-15T18:11:49.804839+00:00,8o8-arch,7.0.12-arch1-1,AMD Ryzen 9 3900X 12-Core Processor,"logical=24,cores=12,sockets=1,nodes=1",performance,rustc 1.97.0 (2d8144b78 2026-07-07),22.1.6,cargo 1.97.0 (c980f4866 2026-06-30),"release,lto=thin,debug=true",/home/bob/.cache/mess-bench,/dev/nvme0n1p3,ext4,/home,Samsung SSD 970 EVO Plus 2TB,[none] mq-deadline kyber bfq,249464795136,4096,1024,payload[i]=(i*131+17)&0xff,2.22705078125,accepted,,1024,1024,0,1,bytes,10240,10240,42319872,1024,0,0,0,0,0,11877743,11974062,11973792,11973792,11973792,2.230,2.230
e000768,exploratory,pwritev_64_8m,candidate,1,4,BAAB,pwritev_64_8m,process,4096,10,1024,4,domain,synthetic_sweep,1,015d813736625640f12d26c5d349b92c14fd2fb4,false,a897dfa99e98479b638409c432d3d2bc8e7ba7d5ba4e5a046dd229021f58bffd,12b1dafe765a77d1a17115b0ae12cff973f20ed7d6d770fbd790695fe081288e,afaa9ca40fef1b2a362af2af235634b472665287e554d16b829c09e1a70787ac,8d5b7eba8aea53574190e7d4a6d9e7b424bc23a9e2a0b6968a27f1772509492b,6e938dfcd266a2b0eac811d7ea7eabbd5b217965f88efa81371465134dbcab11,2026-07-15T18:11:50.833582+00:00,8o8-arch,7.0.12-arch1-1,AMD Ryzen 9 3900X 12-Core Processor,"logical=24,cores=12,sockets=1,nodes=1",performance,rustc 1.97.0 (2d8144b78 2026-07-07),22.1.6,cargo 1.97.0 (c980f4866 2026-06-30),"release,lto=thin,debug=true",/home/bob/.cache/mess-bench,/dev/nvme0n1p3,ext4,/home,Samsung SSD 970 EVO Plus 2TB,[none] mq-deadline kyber bfq,249464819712,4096,1024,payload[i]=(i*131+17)&0xff,2.20849609375,accepted,,1024,1024,0,1,bytes,10240,10240,42319872,16,0,0,64,0,0,4940671,4985037,4984767,4984767,4984767,2.210,2.210
e000769,exploratory,pwritev_full_8m,baseline,1,1,ABBA,k_pwrite,process,4096,10,1024,4,new_name,synthetic_sweep,1,015d813736625640f12d26c5d349b92c14fd2fb4,false,a897dfa99e98479b638409c432d3d2bc8e7ba7d5ba4e5a046dd229021f58bffd,12b1dafe765a77d1a17115b0ae12cff973f20ed7d6d770fbd790695fe081288e,afaa9ca40fef1b2a362af2af235634b472665287e554d16b829c09e1a70787ac,8d5b7eba8aea53574190e7d4a6d9e7b424bc23a9e2a0b6968a27f1772509492b,6e938dfcd266a2b0eac811d7ea7eabbd5b217965f88efa81371465134dbcab11,2026-07-15T18:11:51.864453+00:00,8o8-arch,7.0.12-arch1-1,AMD Ryzen 9 3900X 12-Core Processor,"logical=24,cores=12,sockets=1,nodes=1",performance,rustc 1.97.0 (2d8144b78 2026-07-07),22.1.6,cargo 1.97.0 (c980f4866 2026-06-30),"release,lto=thin,debug=true",/home/bob/.cache/mess-bench,/dev/nvme0n1p3,ext4,/home,Samsung SSD 970 EVO Plus 2TB,[none] mq-deadline kyber bfq,249464819712,4096,1024,payload[i]=(i*131+17)&0xff,2.20849609375,accepted,,1024,2048,0,1,bytes,11264,10240,42463232,2048,0,0,0,0,0,10938233,11096353,11095963,11095963,11095963,2.210,2.210
e000770,exploratory,pwritev_full_8m,candidate,1,2,ABBA,pwritev_full_8m,process,4096,10,1024,4,new_name,synthetic_sweep,1,015d813736625640f12d26c5d349b92c14fd2fb4,false,a897dfa99e98479b638409c432d3d2bc8e7ba7d5ba4e5a046dd229021f58bffd,12b1dafe765a77d1a17115b0ae12cff973f20ed7d6d770fbd790695fe081288e,afaa9ca40fef1b2a362af2af235634b472665287e554d16b829c09e1a70787ac,8d5b7eba8aea53574190e7d4a6d9e7b424bc23a9e2a0b6968a27f1772509492b,6e938dfcd266a2b0eac811d7ea7eabbd5b217965f88efa81371465134dbcab11,2026-07-15T18:11:52.893804+00:00,8o8-arch,7.0.12-arch1-1,AMD Ryzen 9 3900X 12-Core Processor,"logical=24,cores=12,sockets=1,nodes=1",performance,rustc 1.97.0 (2d8144b78 2026-07-07),22.1.6,cargo 1.97.0 (c980f4866 2026-06-30),"release,lto=thin,debug=true",/home/bob/.cache/mess-bench,/dev/nvme0n1p3,ext4,/home,Samsung SSD 970 EVO Plus 2TB,[none] mq-deadline kyber bfq,249464807424,4096,1024,payload[i]=(i*131+17)&0xff,2.20849609375,accepted,,1024,2048,0,1,bytes,11264,10240,42463232,6,0,0,407,0,0,5301781,5353387,5353037,5353037,5353037,2.210,2.210
e000771,exploratory,pwritev_full_8m,candidate,1,3,ABBA,pwritev_full_8m,process,4096,10,1024,4,new_name,synthetic_sweep,1,015d813736625640f12d26c5d349b92c14fd2fb4,false,a897dfa99e98479b638409c432d3d2bc8e7ba7d5ba4e5a046dd229021f58bffd,12b1dafe765a77d1a17115b0ae12cff973f20ed7d6d770fbd790695fe081288e,afaa9ca40fef1b2a362af2af235634b472665287e554d16b829c09e1a70787ac,8d5b7eba8aea53574190e7d4a6d9e7b424bc23a9e2a0b6968a27f1772509492b,6e938dfcd266a2b0eac811d7ea7eabbd5b217965f88efa81371465134dbcab11,2026-07-15T18:11:53.925018+00:00,8o8-arch,7.0.12-arch1-1,AMD Ryzen 9 3900X 12-Core Processor,"logical=24,cores=12,sockets=1,nodes=1",performance,rustc 1.97.0 (2d8144b78 2026-07-07),22.1.6,cargo 1.97.0 (c980f4866 2026-06-30),"release,lto=thin,debug=true",/home/bob/.cache/mess-bench,/dev/nvme0n1p3,ext4,/home,Samsung SSD 970 EVO Plus 2TB,[none] mq-deadline kyber bfq,249464803328,4096,1024,payload[i]=(i*131+17)&0xff,2.20849609375,accepted,,1024,2048,0,1,bytes,11264,10240,42463232,6,0,0,407,0,0,4943431,4990187,4989797,4989797,4989797,2.210,2.210
e000772,exploratory,pwritev_full_8m,baseline,1,4,ABBA,k_pwrite,process,4096,10,1024,4,new_name,synthetic_sweep,1,015d813736625640f12d26c5d349b92c14fd2fb4,false,a897dfa99e98479b638409c432d3d2bc8e7ba7d5ba4e5a046dd229021f58bffd,12b1dafe765a77d1a17115b0ae12cff973f20ed7d6d770fbd790695fe081288e,afaa9ca40fef1b2a362af2af235634b472665287e554d16b829c09e1a70787ac,8d5b7eba8aea53574190e7d4a6d9e7b424bc23a9e2a0b6968a27f1772509492b,6e938dfcd266a2b0eac811d7ea7eabbd5b217965f88efa81371465134dbcab11,2026-07-15T18:11:54.954452+00:00,8o8-arch,7.0.12-arch1-1,AMD Ryzen 9 3900X 12-Core Processor,"logical=24,cores=12,sockets=1,nodes=1",performance,rustc 1.97.0 (2d8144b78 2026-07-07),22.1.6,cargo 1.97.0 (c980f4866 2026-06-30),"release,lto=thin,debug=true",/home/bob/.cache/mess-bench,/dev/nvme0n1p3,ext4,/home,Samsung SSD 970 EVO Plus 2TB,[none] mq-deadline kyber bfq,249464762368,4096,1024,payload[i]=(i*131+17)&0xff,2.20849609375,accepted,,1024,2048,0,1,bytes,11264,10240,42463232,2048,0,0,0,0,0,8231862,8293825,8293405,8293405,8293405,2.210,2.210
e000773,exploratory,pwritev_256_8m,candidate,1,1,BAAB,pwritev_256_8m,process,4096,10,1024,4,new_name,synthetic_sweep,1,015d813736625640f12d26c5d349b92c14fd2fb4,false,a897dfa99e98479b638409c432d3d2bc8e7ba7d5ba4e5a046dd229021f58bffd,12b1dafe765a77d1a17115b0ae12cff973f20ed7d6d770fbd790695fe081288e,afaa9ca40fef1b2a362af2af235634b472665287e554d16b829c09e1a70787ac,8d5b7eba8aea53574190e7d4a6d9e7b424bc23a9e2a0b6968a27f1772509492b,6e938dfcd266a2b0eac811d7ea7eabbd5b217965f88efa81371465134dbcab11,2026-07-15T18:11:55.985347+00:00,8o8-arch,7.0.12-arch1-1,AMD Ryzen 9 3900X 12-Core Processor,"logical=24,cores=12,sockets=1,nodes=1",performance,rustc 1.97.0 (2d8144b78 2026-07-07),22.1.6,cargo 1.97.0 (c980f4866 2026-06-30),"release,lto=thin,debug=true",/home/bob/.cache/mess-bench,/dev/nvme0n1p3,ext4,/home,Samsung SSD 970 EVO Plus 2TB,[none] mq-deadline kyber bfq,249464799232,4096,1024,payload[i]=(i*131+17)&0xff,2.27197265625,accepted,,1024,2048,0,1,bytes,11264,10240,42463232,8,0,0,256,0,0,4968691,5006888,5006548,5006548,5006548,2.270,2.270
e000774,exploratory,pwritev_256_8m,baseline,1,2,BAAB,k_pwrite,process,4096,10,1024,4,new_name,synthetic_sweep,1,015d813736625640f12d26c5d349b92c14fd2fb4,false,a897dfa99e98479b638409c432d3d2bc8e7ba7d5ba4e5a046dd229021f58bffd,12b1dafe765a77d1a17115b0ae12cff973f20ed7d6d770fbd790695fe081288e,afaa9ca40fef1b2a362af2af235634b472665287e554d16b829c09e1a70787ac,8d5b7eba8aea53574190e7d4a6d9e7b424bc23a9e2a0b6968a27f1772509492b,6e938dfcd266a2b0eac811d7ea7eabbd5b217965f88efa81371465134dbcab11,2026-07-15T18:11:57.015985+00:00,8o8-arch,7.0.12-arch1-1,AMD Ryzen 9 3900X 12-Core Processor,"logical=24,cores=12,sockets=1,nodes=1",performance,rustc 1.97.0 (2d8144b78 2026-07-07),22.1.6,cargo 1.97.0 (c980f4866 2026-06-30),"release,lto=thin,debug=true",/home/bob/.cache/mess-bench,/dev/nvme0n1p3,ext4,/home,Samsung SSD 970 EVO Plus 2TB,[none] mq-deadline kyber bfq,249464799232,4096,1024,payload[i]=(i*131+17)&0xff,2.27197265625,accepted,,1024,2048,0,1,bytes,11264,10240,42463232,2048,0,0,0,0,0,8295302,8358744,8358464,8358464,8358464,2.270,2.270
e000775,exploratory,pwritev_256_8m,baseline,1,3,BAAB,k_pwrite,process,4096,10,1024,4,new_name,synthetic_sweep,1,015d813736625640f12d26c5d349b92c14fd2fb4,false,a897dfa99e98479b638409c432d3d2bc8e7ba7d5ba4e5a046dd229021f58bffd,12b1dafe765a77d1a17115b0ae12cff973f20ed7d6d770fbd790695fe081288e,afaa9ca40fef1b2a362af2af235634b472665287e554d16b829c09e1a70787ac,8d5b7eba8aea53574190e7d4a6d9e7b424bc23a9e2a0b6968a27f1772509492b,6e938dfcd266a2b0eac811d7ea7eabbd5b217965f88efa81371465134dbcab11,2026-07-15T18:11:58.048915+00:00,8o8-arch,7.0.12-arch1-1,AMD Ryzen 9 3900X 12-Core Processor,"logical=24,cores=12,sockets=1,nodes=1",performance,rustc 1.97.0 (2d8144b78 2026-07-07),22.1.6,cargo 1.97.0 (c980f4866 2026-06-30),"release,lto=thin,debug=true",/home/bob/.cache/mess-bench,/dev/nvme0n1p3,ext4,/home,Samsung SSD 970 EVO Plus 2TB,[none] mq-deadline kyber bfq,249464799232,4096,1024,payload[i]=(i*131+17)&0xff,2.27197265625,accepted,,1024,2048,0,1,bytes,11264,10240,42463232,2048,0,0,0,0,0,11002693,12711042,12710592,12710592,12710592,2.270,2.270
e000776,exploratory,pwritev_256_8m,candidate,1,4,BAAB,pwritev_256_8m,process,4096,10,1024,4,new_name,synthetic_sweep,1,015d813736625640f12d26c5d349b92c14fd2fb4,false,a897dfa99e98479b638409c432d3d2bc8e7ba7d5ba4e5a046dd229021f58bffd,12b1dafe765a77d1a17115b0ae12cff973f20ed7d6d770fbd790695fe081288e,afaa9ca40fef1b2a362af2af235634b472665287e554d16b829c09e1a70787ac,8d5b7eba8aea53574190e7d4a6d9e7b424bc23a9e2a0b6968a27f1772509492b,6e938dfcd266a2b0eac811d7ea7eabbd5b217965f88efa81371465134dbcab11,2026-07-15T18:11:59.082661+00:00,8o8-arch,7.0.12-arch1-1,AMD Ryzen 9 3900X 12-Core Processor,"logical=24,cores=12,sockets=1,nodes=1",performance,rustc 1.97.0 (2d8144b78 2026-07-07),22.1.6,cargo 1.97.0 (c980f4866 2026-06-30),"release,lto=thin,debug=true",/home/bob/.cache/mess-bench,/dev/nvme0n1p3,ext4,/home,Samsung SSD 970 EVO Plus 2TB,[none] mq-deadline kyber bfq,249464791040,4096,1024,payload[i]=(i*131+17)&0xff,2.27197265625,accepted,,1024,2048,0,1,bytes,11264,10240,42463232,8,0,0,256,0,0,4763981,4809638,4809298,4809298,4809298,2.270,2.270
e000777,exploratory,pwritev_64_8m,baseline,1,1,ABBA,k_pwrite,process,4096,10,1024,4,new_name,synthetic_sweep,1,015d813736625640f12d26c5d349b92c14fd2fb4,false,a897dfa99e98479b638409c432d3d2bc8e7ba7d5ba4e5a046dd229021f58bffd,12b1dafe765a77d1a17115b0ae12cff973f20ed7d6d770fbd790695fe081288e,afaa9ca40fef1b2a362af2af235634b472665287e554d16b829c09e1a70787ac,8d5b7eba8aea53574190e7d4a6d9e7b424bc23a9e2a0b6968a27f1772509492b,6e938dfcd266a2b0eac811d7ea7eabbd5b217965f88efa81371465134dbcab11,2026-07-15T18:12:00.114580+00:00,8o8-arch,7.0.12-arch1-1,AMD Ryzen 9 3900X 12-Core Processor,"logical=24,cores=12,sockets=1,nodes=1",performance,rustc 1.97.0 (2d8144b78 2026-07-07),22.1.6,cargo 1.97.0 (c980f4866 2026-06-30),"release,lto=thin,debug=true",/home/bob/.cache/mess-bench,/dev/nvme0n1p3,ext4,/home,Samsung SSD 970 EVO Plus 2TB,[none] mq-deadline kyber bfq,249464791040,4096,1024,payload[i]=(i*131+17)&0xff,2.27197265625,accepted,,1024,2048,0,1,bytes,11264,10240,42463232,2048,0,0,0,0,0,8509352,8577635,8577235,8577235,8577235,2.270,2.270
e000778,exploratory,pwritev_64_8m,candidate,1,2,ABBA,pwritev_64_8m,process,4096,10,1024,4,new_name,synthetic_sweep,1,015d813736625640f12d26c5d349b92c14fd2fb4,false,a897dfa99e98479b638409c432d3d2bc8e7ba7d5ba4e5a046dd229021f58bffd,12b1dafe765a77d1a17115b0ae12cff973f20ed7d6d770fbd790695fe081288e,afaa9ca40fef1b2a362af2af235634b472665287e554d16b829c09e1a70787ac,8d5b7eba8aea53574190e7d4a6d9e7b424bc23a9e2a0b6968a27f1772509492b,6e938dfcd266a2b0eac811d7ea7eabbd5b217965f88efa81371465134dbcab11,2026-07-15T18:12:01.145912+00:00,8o8-arch,7.0.12-arch1-1,AMD Ryzen 9 3900X 12-Core Processor,"logical=24,cores=12,sockets=1,nodes=1",performance,rustc 1.97.0 (2d8144b78 2026-07-07),22.1.6,cargo 1.97.0 (c980f4866 2026-06-30),"release,lto=thin,debug=true",/home/bob/.cache/mess-bench,/dev/nvme0n1p3,ext4,/home,Samsung SSD 970 EVO Plus 2TB,[none] mq-deadline kyber bfq,249464786944,4096,1024,payload[i]=(i*131+17)&0xff,2.89111328125,accepted,,1024,2048,0,1,bytes,11264,10240,42463232,32,0,0,64,0,0,5095041,5149887,5149557,5149557,5149557,2.890,2.890
e000779,exploratory,pwritev_64_8m,candidate,1,3,ABBA,pwritev_64_8m,process,4096,10,1024,4,new_name,synthetic_sweep,1,015d813736625640f12d26c5d349b92c14fd2fb4,false,a897dfa99e98479b638409c432d3d2bc8e7ba7d5ba4e5a046dd229021f58bffd,12b1dafe765a77d1a17115b0ae12cff973f20ed7d6d770fbd790695fe081288e,afaa9ca40fef1b2a362af2af235634b472665287e554d16b829c09e1a70787ac,8d5b7eba8aea53574190e7d4a6d9e7b424bc23a9e2a0b6968a27f1772509492b,6e938dfcd266a2b0eac811d7ea7eabbd5b217965f88efa81371465134dbcab11,2026-07-15T18:12:02.176527+00:00,8o8-arch,7.0.12-arch1-1,AMD Ryzen 9 3900X 12-Core Processor,"logical=24,cores=12,sockets=1,nodes=1",performance,rustc 1.97.0 (2d8144b78 2026-07-07),22.1.6,cargo 1.97.0 (c980f4866 2026-06-30),"release,lto=thin,debug=true",/home/bob/.cache/mess-bench,/dev/nvme0n1p3,ext4,/home,Samsung SSD 970 EVO Plus 2TB,[none] mq-deadline kyber bfq,249464786944,4096,1024,payload[i]=(i*131+17)&0xff,2.89111328125,accepted,,1024,2048,0,1,bytes,11264,10240,42463232,32,0,0,64,0,0,6093272,6134907,6134557,6134557,6134557,2.890,2.890
e000780,exploratory,pwritev_64_8m,baseline,1,4,ABBA,k_pwrite,process,4096,10,1024,4,new_name,synthetic_sweep,1,015d813736625640f12d26c5d349b92c14fd2fb4,false,a897dfa99e98479b638409c432d3d2bc8e7ba7d5ba4e5a046dd229021f58bffd,12b1dafe765a77d1a17115b0ae12cff973f20ed7d6d770fbd790695fe081288e,afaa9ca40fef1b2a362af2af235634b472665287e554d16b829c09e1a70787ac,8d5b7eba8aea53574190e7d4a6d9e7b424bc23a9e2a0b6968a27f1772509492b,6e938dfcd266a2b0eac811d7ea7eabbd5b217965f88efa81371465134dbcab11,2026-07-15T18:12:03.201015+00:00,8o8-arch,7.0.12-arch1-1,AMD Ryzen 9 3900X 12-Core Processor,"logical=24,cores=12,sockets=1,nodes=1",performance,rustc 1.97.0 (2d8144b78 2026-07-07),22.1.6,cargo 1.97.0 (c980f4866 2026-06-30),"release,lto=thin,debug=true",/home/bob/.cache/mess-bench,/dev/nvme0n1p3,ext4,/home,Samsung SSD 970 EVO Plus 2TB,[none] mq-deadline kyber bfq,249464778752,4096,1024,payload[i]=(i*131+17)&0xff,2.89111328125,accepted,,1024,2048,0,1,bytes,11264,10240,42463232,2048,0,0,0,0,0,8299452,8390115,8389765,8389765,8389765,2.890,2.890
e000781,exploratory,pwritev_full_8m,candidate,1,1,BAAB,pwritev_full_8m,process,4096,10,1025,4,domain,synthetic_sweep,1,015d813736625640f12d26c5d349b92c14fd2fb4,false,a897dfa99e98479b638409c432d3d2bc8e7ba7d5ba4e5a046dd229021f58bffd,12b1dafe765a77d1a17115b0ae12cff973f20ed7d6d770fbd790695fe081288e,afaa9ca40fef1b2a362af2af235634b472665287e554d16b829c09e1a70787ac,8d5b7eba8aea53574190e7d4a6d9e7b424bc23a9e2a0b6968a27f1772509492b,6e938dfcd266a2b0eac811d7ea7eabbd5b217965f88efa81371465134dbcab11,2026-07-15T18:12:04.231964+00:00,8o8-arch,7.0.12-arch1-1,AMD Ryzen 9 3900X 12-Core Processor,"logical=24,cores=12,sockets=1,nodes=1",performance,rustc 1.97.0 (2d8144b78 2026-07-07),22.1.6,cargo 1.97.0 (c980f4866 2026-06-30),"release,lto=thin,debug=true",/home/bob/.cache/mess-bench,/dev/nvme0n1p3,ext4,/home,Samsung SSD 970 EVO Plus 2TB,[none] mq-deadline kyber bfq,249464774656,4096,1024,payload[i]=(i*131+17)&0xff,2.89111328125,accepted,,1025,1025,0,1,bytes,10250,10250,42361200,6,0,0,204,0,0,5024112,5129217,5128917,5128917,5128917,2.890,2.890
e000782,exploratory,pwritev_full_8m,baseline,1,2,BAAB,k_pwrite,process,4096,10,1025,4,domain,synthetic_sweep,1,015d813736625640f12d26c5d349b92c14fd2fb4,false,a897dfa99e98479b638409c432d3d2bc8e7ba7d5ba4e5a046dd229021f58bffd,12b1dafe765a77d1a17115b0ae12cff973f20ed7d6d770fbd790695fe081288e,afaa9ca40fef1b2a362af2af235634b472665287e554d16b829c09e1a70787ac,8d5b7eba8aea53574190e7d4a6d9e7b424bc23a9e2a0b6968a27f1772509492b,6e938dfcd266a2b0eac811d7ea7eabbd5b217965f88efa81371465134dbcab11,2026-07-15T18:12:05.258113+00:00,8o8-arch,7.0.12-arch1-1,AMD Ryzen 9 3900X 12-Core Processor,"logical=24,cores=12,sockets=1,nodes=1",performance,rustc 1.97.0 (2d8144b78 2026-07-07),22.1.6,cargo 1.97.0 (c980f4866 2026-06-30),"release,lto=thin,debug=true",/home/bob/.cache/mess-bench,/dev/nvme0n1p3,ext4,/home,Samsung SSD 970 EVO Plus 2TB,[none] mq-deadline kyber bfq,249464770560,4096,1024,payload[i]=(i*131+17)&0xff,2.89111328125,accepted,,1025,1025,0,1,bytes,10250,10250,42361200,1025,0,0,0,0,0,7761292,7855276,7855026,7855026,7855026,2.900,2.900
e000783,exploratory,pwritev_full_8m,baseline,1,3,BAAB,k_pwrite,process,4096,10,1025,4,domain,synthetic_sweep,1,015d813736625640f12d26c5d349b92c14fd2fb4,false,a897dfa99e98479b638409c432d3d2bc8e7ba7d5ba4e5a046dd229021f58bffd,12b1dafe765a77d1a17115b0ae12cff973f20ed7d6d770fbd790695fe081288e,afaa9ca40fef1b2a362af2af235634b472665287e554d16b829c09e1a70787ac,8d5b7eba8aea53574190e7d4a6d9e7b424bc23a9e2a0b6968a27f1772509492b,6e938dfcd266a2b0eac811d7ea7eabbd5b217965f88efa81371465134dbcab11,2026-07-15T18:12:06.283563+00:00,8o8-arch,7.0.12-arch1-1,AMD Ryzen 9 3900X 12-Core Processor,"logical=24,cores=12,sockets=1,nodes=1",performance,rustc 1.97.0 (2d8144b78 2026-07-07),22.1.6,cargo 1.97.0 (c980f4866 2026-06-30),"release,lto=thin,debug=true",/home/bob/.cache/mess-bench,/dev/nvme0n1p3,ext4,/home,Samsung SSD 970 EVO Plus 2TB,[none] mq-deadline kyber bfq,249464762368,4096,1024,payload[i]=(i*131+17)&0xff,2.89990234375,accepted,,1025,1025,0,1,bytes,10250,10250,42361200,1025,0,0,0,0,0,7471532,7557165,7556885,7556885,7556885,2.900,2.900
e000784,exploratory,pwritev_full_8m,candidate,1,4,BAAB,pwritev_full_8m,process,4096,10,1025,4,domain,synthetic_sweep,1,015d813736625640f12d26c5d349b92c14fd2fb4,false,a897dfa99e98479b638409c432d3d2bc8e7ba7d5ba4e5a046dd229021f58bffd,12b1dafe765a77d1a17115b0ae12cff973f20ed7d6d770fbd790695fe081288e,afaa9ca40fef1b2a362af2af235634b472665287e554d16b829c09e1a70787ac,8d5b7eba8aea53574190e7d4a6d9e7b424bc23a9e2a0b6968a27f1772509492b,6e938dfcd266a2b0eac811d7ea7eabbd5b217965f88efa81371465134dbcab11,2026-07-15T18:12:07.312341+00:00,8o8-arch,7.0.12-arch1-1,AMD Ryzen 9 3900X 12-Core Processor,"logical=24,cores=12,sockets=1,nodes=1",performance,rustc 1.97.0 (2d8144b78 2026-07-07),22.1.6,cargo 1.97.0 (c980f4866 2026-06-30),"release,lto=thin,debug=true",/home/bob/.cache/mess-bench,/dev/nvme0n1p3,ext4,/home,Samsung SSD 970 EVO Plus 2TB,[none] mq-deadline kyber bfq,249464750080,4096,1024,payload[i]=(i*131+17)&0xff,2.89990234375,accepted,,1025,1025,0,1,bytes,10250,10250,42361200,6,0,0,204,0,0,5831991,5890847,5890557,5890557,5890557,2.900,2.900
e000785,exploratory,pwritev_64_8m,baseline,1,1,ABBA,k_pwrite,process,4096,10,1025,4,domain,synthetic_sweep,1,015d813736625640f12d26c5d349b92c14fd2fb4,false,a897dfa99e98479b638409c432d3d2bc8e7ba7d5ba4e5a046dd229021f58bffd,12b1dafe765a77d1a17115b0ae12cff973f20ed7d6d770fbd790695fe081288e,afaa9ca40fef1b2a362af2af235634b472665287e554d16b829c09e1a70787ac,8d5b7eba8aea53574190e7d4a6d9e7b424bc23a9e2a0b6968a27f1772509492b,6e938dfcd266a2b0eac811d7ea7eabbd5b217965f88efa81371465134dbcab11,2026-07-15T18:12:08.347829+00:00,8o8-arch,7.0.12-arch1-1,AMD Ryzen 9 3900X 12-Core Processor,"logical=24,cores=12,sockets=1,nodes=1",performance,rustc 1.97.0 (2d8144b78 2026-07-07),22.1.6,cargo 1.97.0 (c980f4866 2026-06-30),"release,lto=thin,debug=true",/home/bob/.cache/mess-bench,/dev/nvme0n1p3,ext4,/home,Samsung SSD 970 EVO Plus 2TB,[none] mq-deadline kyber bfq,249464750080,4096,1024,payload[i]=(i*131+17)&0xff,2.89990234375,accepted,,1025,1025,0,1,bytes,10250,10250,42361200,1025,0,0,0,0,0,8110312,8166916,8166536,8166536,8166536,2.900,2.900
e000786,exploratory,pwritev_64_8m,candidate,1,2,ABBA,pwritev_64_8m,process,4096,10,1025,4,domain,synthetic_sweep,1,015d813736625640f12d26c5d349b92c14fd2fb4,false,a897dfa99e98479b638409c432d3d2bc8e7ba7d5ba4e5a046dd229021f58bffd,12b1dafe765a77d1a17115b0ae12cff973f20ed7d6d770fbd790695fe081288e,afaa9ca40fef1b2a362af2af235634b472665287e554d16b829c09e1a70787ac,8d5b7eba8aea53574190e7d4a6d9e7b424bc23a9e2a0b6968a27f1772509492b,6e938dfcd266a2b0eac811d7ea7eabbd5b217965f88efa81371465134dbcab11,2026-07-15T18:12:09.378341+00:00,8o8-arch,7.0.12-arch1-1,AMD Ryzen 9 3900X 12-Core Processor,"logical=24,cores=12,sockets=1,nodes=1",performance,rustc 1.97.0 (2d8144b78 2026-07-07),22.1.6,cargo 1.97.0 (c980f4866 2026-06-30),"release,lto=thin,debug=true",/home/bob/.cache/mess-bench,/dev/nvme0n1p3,ext4,/home,Samsung SSD 970 EVO Plus 2TB,[none] mq-deadline kyber bfq,249464737792,4096,1024,payload[i]=(i*131+17)&0xff,2.89990234375,accepted,,1025,1025,0,1,bytes,10250,10250,42361200,17,0,0,64,0,0,4866082,4901927,4901597,4901597,4901597,2.900,2.900
e000787,exploratory,pwritev_64_8m,candidate,1,3,ABBA,pwritev_64_8m,process,4096,10,1025,4,domain,synthetic_sweep,1,015d813736625640f12d26c5d349b92c14fd2fb4,false,a897dfa99e98479b638409c432d3d2bc8e7ba7d5ba4e5a046dd229021f58bffd,12b1dafe765a77d1a17115b0ae12cff973f20ed7d6d770fbd790695fe081288e,afaa9ca40fef1b2a362af2af235634b472665287e554d16b829c09e1a70787ac,8d5b7eba8aea53574190e7d4a6d9e7b424bc23a9e2a0b6968a27f1772509492b,6e938dfcd266a2b0eac811d7ea7eabbd5b217965f88efa81371465134dbcab11,2026-07-15T18:12:10.408255+00:00,8o8-arch,7.0.12-arch1-1,AMD Ryzen 9 3900X 12-Core Processor,"logical=24,cores=12,sockets=1,nodes=1",performance,rustc 1.97.0 (2d8144b78 2026-07-07),22.1.6,cargo 1.97.0 (c980f4866 2026-06-30),"release,lto=thin,debug=true",/home/bob/.cache/mess-bench,/dev/nvme0n1p3,ext4,/home,Samsung SSD 970 EVO Plus 2TB,[none] mq-deadline kyber bfq,249464737792,4096,1024,payload[i]=(i*131+17)&0xff,2.89990234375,accepted,,1025,1025,0,1,bytes,10250,10250,42361200,17,0,0,64,0,0,4934971,4978257,4977967,4977967,4977967,3.310,3.310
e000788,exploratory,pwritev_64_8m,baseline,1,4,ABBA,k_pwrite,process,4096,10,1025,4,domain,synthetic_sweep,1,015d813736625640f12d26c5d349b92c14fd2fb4,false,a897dfa99e98479b638409c432d3d2bc8e7ba7d5ba4e5a046dd229021f58bffd,12b1dafe765a77d1a17115b0ae12cff973f20ed7d6d770fbd790695fe081288e,afaa9ca40fef1b2a362af2af235634b472665287e554d16b829c09e1a70787ac,8d5b7eba8aea53574190e7d4a6d9e7b424bc23a9e2a0b6968a27f1772509492b,6e938dfcd266a2b0eac811d7ea7eabbd5b217965f88efa81371465134dbcab11,2026-07-15T18:12:11.439497+00:00,8o8-arch,7.0.12-arch1-1,AMD Ryzen 9 3900X 12-Core Processor,"logical=24,cores=12,sockets=1,nodes=1",performance,rustc 1.97.0 (2d8144b78 2026-07-07),22.1.6,cargo 1.97.0 (c980f4866 2026-06-30),"release,lto=thin,debug=true",/home/bob/.cache/mess-bench,/dev/nvme0n1p3,ext4,/home,Samsung SSD 970 EVO Plus 2TB,[none] mq-deadline kyber bfq,249464733696,4096,1024,payload[i]=(i*131+17)&0xff,3.30859375,accepted,,1025,1025,0,1,bytes,10250,10250,42361200,1025,0,0,0,0,0,7633982,7705335,7704655,7704655,7704655,3.310,3.310
e000789,exploratory,pwritev_full_8m,candidate,1,1,BAAB,pwritev_full_8m,process,4096,10,1025,4,new_name,synthetic_sweep,1,015d813736625640f12d26c5d349b92c14fd2fb4,false,a897dfa99e98479b638409c432d3d2bc8e7ba7d5ba4e5a046dd229021f58bffd,12b1dafe765a77d1a17115b0ae12cff973f20ed7d6d770fbd790695fe081288e,afaa9ca40fef1b2a362af2af235634b472665287e554d16b829c09e1a70787ac,8d5b7eba8aea53574190e7d4a6d9e7b424bc23a9e2a0b6968a27f1772509492b,6e938dfcd266a2b0eac811d7ea7eabbd5b217965f88efa81371465134dbcab11,2026-07-15T18:12:12.463856+00:00,8o8-arch,7.0.12-arch1-1,AMD Ryzen 9 3900X 12-Core Processor,"logical=24,cores=12,sockets=1,nodes=1",performance,rustc 1.97.0 (2d8144b78 2026-07-07),22.1.6,cargo 1.97.0 (c980f4866 2026-06-30),"release,lto=thin,debug=true",/home/bob/.cache/mess-bench,/dev/nvme0n1p3,ext4,/home,Samsung SSD 970 EVO Plus 2TB,[none] mq-deadline kyber bfq,249464733696,4096,1024,payload[i]=(i*131+17)&0xff,3.30859375,accepted,,1025,2050,0,1,bytes,11275,10250,42504700,6,0,0,407,0,0,4838842,4885978,4885558,4885558,4885558,3.310,3.310
e000790,exploratory,pwritev_full_8m,baseline,1,2,BAAB,k_pwrite,process,4096,10,1025,4,new_name,synthetic_sweep,1,015d813736625640f12d26c5d349b92c14fd2fb4,false,a897dfa99e98479b638409c432d3d2bc8e7ba7d5ba4e5a046dd229021f58bffd,12b1dafe765a77d1a17115b0ae12cff973f20ed7d6d770fbd790695fe081288e,afaa9ca40fef1b2a362af2af235634b472665287e554d16b829c09e1a70787ac,8d5b7eba8aea53574190e7d4a6d9e7b424bc23a9e2a0b6968a27f1772509492b,6e938dfcd266a2b0eac811d7ea7eabbd5b217965f88efa81371465134dbcab11,2026-07-15T18:12:13.493992+00:00,8o8-arch,7.0.12-arch1-1,AMD Ryzen 9 3900X 12-Core Processor,"logical=24,cores=12,sockets=1,nodes=1",performance,rustc 1.97.0 (2d8144b78 2026-07-07),22.1.6,cargo 1.97.0 (c980f4866 2026-06-30),"release,lto=thin,debug=true",/home/bob/.cache/mess-bench,/dev/nvme0n1p3,ext4,/home,Samsung SSD 970 EVO Plus 2TB,[none] mq-deadline kyber bfq,249464729600,4096,1024,payload[i]=(i*131+17)&0xff,3.30859375,accepted,,1025,2050,0,1,bytes,11275,10250,42504700,2050,0,0,0,0,0,8613052,8683655,8683245,8683245,8683245,3.310,3.310
e000791,exploratory,pwritev_full_8m,baseline,1,3,BAAB,k_pwrite,process,4096,10,1025,4,new_name,synthetic_sweep,1,015d813736625640f12d26c5d349b92c14fd2fb4,false,a897dfa99e98479b638409c432d3d2bc8e7ba7d5ba4e5a046dd229021f58bffd,12b1dafe765a77d1a17115b0ae12cff973f20ed7d6d770fbd790695fe081288e,afaa9ca40fef1b2a362af2af235634b472665287e554d16b829c09e1a70787ac,8d5b7eba8aea53574190e7d4a6d9e7b424bc23a9e2a0b6968a27f1772509492b,6e938dfcd266a2b0eac811d7ea7eabbd5b217965f88efa81371465134dbcab11,2026-07-15T18:12:14.523135+00:00,8o8-arch,7.0.12-arch1-1,AMD Ryzen 9 3900X 12-Core Processor,"logical=24,cores=12,sockets=1,nodes=1",performance,rustc 1.97.0 (2d8144b78 2026-07-07),22.1.6,cargo 1.97.0 (c980f4866 2026-06-30),"release,lto=thin,debug=true",/home/bob/.cache/mess-bench,/dev/nvme0n1p3,ext4,/home,Samsung SSD 970 EVO Plus 2TB,[none] mq-deadline kyber bfq,249464725504,4096,1024,payload[i]=(i*131+17)&0xff,3.30859375,accepted,,1025,2050,0,1,bytes,11275,10250,42504700,2050,0,0,0,0,0,8575933,8631425,8631075,8631075,8631075,3.310,3.310
e000792,exploratory,pwritev_full_8m,candidate,1,4,BAAB,pwritev_full_8m,process,4096,10,1025,4,new_name,synthetic_sweep,1,015d813736625640f12d26c5d349b92c14fd2fb4,false,a897dfa99e98479b638409c432d3d2bc8e7ba7d5ba4e5a046dd229021f58bffd,12b1dafe765a77d1a17115b0ae12cff973f20ed7d6d770fbd790695fe081288e,afaa9ca40fef1b2a362af2af235634b472665287e554d16b829c09e1a70787ac,8d5b7eba8aea53574190e7d4a6d9e7b424bc23a9e2a0b6968a27f1772509492b,6e938dfcd266a2b0eac811d7ea7eabbd5b217965f88efa81371465134dbcab11,2026-07-15T18:12:15.553256+00:00,8o8-arch,7.0.12-arch1-1,AMD Ryzen 9 3900X 12-Core Processor,"logical=24,cores=12,sockets=1,nodes=1",performance,rustc 1.97.0 (2d8144b78 2026-07-07),22.1.6,cargo 1.97.0 (c980f4866 2026-06-30),"release,lto=thin,debug=true",/home/bob/.cache/mess-bench,/dev/nvme0n1p3,ext4,/home,Samsung SSD 970 EVO Plus 2TB,[none] mq-deadline kyber bfq,249464725504,4096,1024,payload[i]=(i*131+17)&0xff,3.12353515625,accepted,,1025,2050,0,1,bytes,11275,10250,42504700,6,0,0,407,0,0,5398382,5445246,5444816,5444816,5444816,3.120,3.120
e000793,exploratory,pwritev_256_8m,baseline,1,1,ABBA,k_pwrite,process,4096,10,1025,4,new_name,synthetic_sweep,1,015d813736625640f12d26c5d349b92c14fd2fb4,false,a897dfa99e98479b638409c432d3d2bc8e7ba7d5ba4e5a046dd229021f58bffd,12b1dafe765a77d1a17115b0ae12cff973f20ed7d6d770fbd790695fe081288e,afaa9ca40fef1b2a362af2af235634b472665287e554d16b829c09e1a70787ac,8d5b7eba8aea53574190e7d4a6d9e7b424bc23a9e2a0b6968a27f1772509492b,6e938dfcd266a2b0eac811d7ea7eabbd5b217965f88efa81371465134dbcab11,2026-07-15T18:12:16.577925+00:00,8o8-arch,7.0.12-arch1-1,AMD Ryzen 9 3900X 12-Core Processor,"logical=24,cores=12,sockets=1,nodes=1",performance,rustc 1.97.0 (2d8144b78 2026-07-07),22.1.6,cargo 1.97.0 (c980f4866 2026-06-30),"release,lto=thin,debug=true",/home/bob/.cache/mess-bench,/dev/nvme0n1p3,ext4,/home,Samsung SSD 970 EVO Plus 2TB,[none] mq-deadline kyber bfq,249464721408,4096,1024,payload[i]=(i*131+17)&0xff,3.12353515625,accepted,,1025,2050,0,1,bytes,11275,10250,42504700,2050,0,0,0,0,0,8402302,8491115,8490765,8490765,8490765,3.120,3.120
e000794,exploratory,pwritev_256_8m,candidate,1,2,ABBA,pwritev_256_8m,process,4096,10,1025,4,new_name,synthetic_sweep,1,015d813736625640f12d26c5d349b92c14fd2fb4,false,a897dfa99e98479b638409c432d3d2bc8e7ba7d5ba4e5a046dd229021f58bffd,12b1dafe765a77d1a17115b0ae12cff973f20ed7d6d770fbd790695fe081288e,afaa9ca40fef1b2a362af2af235634b472665287e554d16b829c09e1a70787ac,8d5b7eba8aea53574190e7d4a6d9e7b424bc23a9e2a0b6968a27f1772509492b,6e938dfcd266a2b0eac811d7ea7eabbd5b217965f88efa81371465134dbcab11,2026-07-15T18:12:17.609749+00:00,8o8-arch,7.0.12-arch1-1,AMD Ryzen 9 3900X 12-Core Processor,"logical=24,cores=12,sockets=1,nodes=1",performance,rustc 1.97.0 (2d8144b78 2026-07-07),22.1.6,cargo 1.97.0 (c980f4866 2026-06-30),"release,lto=thin,debug=true",/home/bob/.cache/mess-bench,/dev/nvme0n1p3,ext4,/home,Samsung SSD 970 EVO Plus 2TB,[none] mq-deadline kyber bfq,249464721408,4096,1024,payload[i]=(i*131+17)&0xff,3.12353515625,accepted,,1025,2050,0,1,bytes,11275,10250,42504700,9,0,0,256,0,0,7746732,8106635,8106285,8106285,8106285,3.120,3.120
e000795,exploratory,pwritev_256_8m,candidate,1,3,ABBA,pwritev_256_8m,process,4096,10,1025,4,new_name,synthetic_sweep,1,015d813736625640f12d26c5d349b92c14fd2fb4,false,a897dfa99e98479b638409c432d3d2bc8e7ba7d5ba4e5a046dd229021f58bffd,12b1dafe765a77d1a17115b0ae12cff973f20ed7d6d770fbd790695fe081288e,afaa9ca40fef1b2a362af2af235634b472665287e554d16b829c09e1a70787ac,8d5b7eba8aea53574190e7d4a6d9e7b424bc23a9e2a0b6968a27f1772509492b,6e938dfcd266a2b0eac811d7ea7eabbd5b217965f88efa81371465134dbcab11,2026-07-15T18:12:18.636590+00:00,8o8-arch,7.0.12-arch1-1,AMD Ryzen 9 3900X 12-Core Processor,"logical=24,cores=12,sockets=1,nodes=1",performance,rustc 1.97.0 (2d8144b78 2026-07-07),22.1.6,cargo 1.97.0 (c980f4866 2026-06-30),"release,lto=thin,debug=true",/home/bob/.cache/mess-bench,/dev/nvme0n1p3,ext4,/home,Samsung SSD 970 EVO Plus 2TB,[none] mq-deadline kyber bfq,249464721408,4096,1024,payload[i]=(i*131+17)&0xff,3.12353515625,accepted,,1025,2050,0,1,bytes,11275,10250,42504700,9,0,0,256,0,0,5024871,5078447,5078077,5078077,5078077,3.120,3.120
e000796,exploratory,pwritev_256_8m,baseline,1,4,ABBA,k_pwrite,process,4096,10,1025,4,new_name,synthetic_sweep,1,015d813736625640f12d26c5d349b92c14fd2fb4,false,a897dfa99e98479b638409c432d3d2bc8e7ba7d5ba4e5a046dd229021f58bffd,12b1dafe765a77d1a17115b0ae12cff973f20ed7d6d770fbd790695fe081288e,afaa9ca40fef1b2a362af2af235634b472665287e554d16b829c09e1a70787ac,8d5b7eba8aea53574190e7d4a6d9e7b424bc23a9e2a0b6968a27f1772509492b,6e938dfcd266a2b0eac811d7ea7eabbd5b217965f88efa81371465134dbcab11,2026-07-15T18:12:19.667497+00:00,8o8-arch,7.0.12-arch1-1,AMD Ryzen 9 3900X 12-Core Processor,"logical=24,cores=12,sockets=1,nodes=1",performance,rustc 1.97.0 (2d8144b78 2026-07-07),22.1.6,cargo 1.97.0 (c980f4866 2026-06-30),"release,lto=thin,debug=true",/home/bob/.cache/mess-bench,/dev/nvme0n1p3,ext4,/home,Samsung SSD 970 EVO Plus 2TB,[none] mq-deadline kyber bfq,249464717312,4096,1024,payload[i]=(i*131+17)&0xff,3.12353515625,accepted,,1025,2050,0,1,bytes,11275,10250,42504700,2050,0,0,0,0,0,8968332,9044594,9044004,9044004,9044004,3.120,3.120
e000797,exploratory,pwritev_64_8m,candidate,1,1,BAAB,pwritev_64_8m,process,4096,10,1025,4,new_name,synthetic_sweep,1,015d813736625640f12d26c5d349b92c14fd2fb4,false,a897dfa99e98479b638409c432d3d2bc8e7ba7d5ba4e5a046dd229021f58bffd,12b1dafe765a77d1a17115b0ae12cff973f20ed7d6d770fbd790695fe081288e,afaa9ca40fef1b2a362af2af235634b472665287e554d16b829c09e1a70787ac,8d5b7eba8aea53574190e7d4a6d9e7b424bc23a9e2a0b6968a27f1772509492b,6e938dfcd266a2b0eac811d7ea7eabbd5b217965f88efa81371465134dbcab11,2026-07-15T18:12:20.695950+00:00,8o8-arch,7.0.12-arch1-1,AMD Ryzen 9 3900X 12-Core Processor,"logical=24,cores=12,sockets=1,nodes=1",performance,rustc 1.97.0 (2d8144b78 2026-07-07),22.1.6,cargo 1.97.0 (c980f4866 2026-06-30),"release,lto=thin,debug=true",/home/bob/.cache/mess-bench,/dev/nvme0n1p3,ext4,/home,Samsung SSD 970 EVO Plus 2TB,[none] mq-deadline kyber bfq,249464705024,4096,1024,payload[i]=(i*131+17)&0xff,2.953125,accepted,,1025,2050,0,1,bytes,11275,10250,42504700,33,0,0,64,0,0,5313332,5360537,5360197,5360197,5360197,2.950,2.950
e000798,exploratory,pwritev_64_8m,baseline,1,2,BAAB,k_pwrite,process,4096,10,1025,4,new_name,synthetic_sweep,1,015d813736625640f12d26c5d349b92c14fd2fb4,false,a897dfa99e98479b638409c432d3d2bc8e7ba7d5ba4e5a046dd229021f58bffd,12b1dafe765a77d1a17115b0ae12cff973f20ed7d6d770fbd790695fe081288e,afaa9ca40fef1b2a362af2af235634b472665287e554d16b829c09e1a70787ac,8d5b7eba8aea53574190e7d4a6d9e7b424bc23a9e2a0b6968a27f1772509492b,6e938dfcd266a2b0eac811d7ea7eabbd5b217965f88efa81371465134dbcab11,2026-07-15T18:12:21.725459+00:00,8o8-arch,7.0.12-arch1-1,AMD Ryzen 9 3900X 12-Core Processor,"logical=24,cores=12,sockets=1,nodes=1",performance,rustc 1.97.0 (2d8144b78 2026-07-07),22.1.6,cargo 1.97.0 (c980f4866 2026-06-30),"release,lto=thin,debug=true",/home/bob/.cache/mess-bench,/dev/nvme0n1p3,ext4,/home,Samsung SSD 970 EVO Plus 2TB,[none] mq-deadline kyber bfq,249464705024,4096,1024,payload[i]=(i*131+17)&0xff,2.953125,accepted,,1025,2050,0,1,bytes,11275,10250,42504700,2050,0,0,0,0,0,8956552,9044485,9044115,9044115,9044115,2.950,2.950
e000799,exploratory,pwritev_64_8m,baseline,1,3,BAAB,k_pwrite,process,4096,10,1025,4,new_name,synthetic_sweep,1,015d813736625640f12d26c5d349b92c14fd2fb4,false,a897dfa99e98479b638409c432d3d2bc8e7ba7d5ba4e5a046dd229021f58bffd,12b1dafe765a77d1a17115b0ae12cff973f20ed7d6d770fbd790695fe081288e,afaa9ca40fef1b2a362af2af235634b472665287e554d16b829c09e1a70787ac,8d5b7eba8aea53574190e7d4a6d9e7b424bc23a9e2a0b6968a27f1772509492b,6e938dfcd266a2b0eac811d7ea7eabbd5b217965f88efa81371465134dbcab11,2026-07-15T18:12:22.755238+00:00,8o8-arch,7.0.12-arch1-1,AMD Ryzen 9 3900X 12-Core Processor,"logical=24,cores=12,sockets=1,nodes=1",performance,rustc 1.97.0 (2d8144b78 2026-07-07),22.1.6,cargo 1.97.0 (c980f4866 2026-06-30),"release,lto=thin,debug=true",/home/bob/.cache/mess-bench,/dev/nvme0n1p3,ext4,/home,Samsung SSD 970 EVO Plus 2TB,[none] mq-deadline kyber bfq,249464700928,4096,1024,payload[i]=(i*131+17)&0xff,2.953125,accepted,,1025,2050,0,1,bytes,11275,10250,42504700,2050,0,0,0,0,0,8084582,8162255,8162005,8162005,8162005,2.950,2.950
e000800,exploratory,pwritev_64_8m,candidate,1,4,BAAB,pwritev_64_8m,process,4096,10,1025,4,new_name,synthetic_sweep,1,015d813736625640f12d26c5d349b92c14fd2fb4,false,a897dfa99e98479b638409c432d3d2bc8e7ba7d5ba4e5a046dd229021f58bffd,12b1dafe765a77d1a17115b0ae12cff973f20ed7d6d770fbd790695fe081288e,afaa9ca40fef1b2a362af2af235634b472665287e554d16b829c09e1a70787ac,8d5b7eba8aea53574190e7d4a6d9e7b424bc23a9e2a0b6968a27f1772509492b,6e938dfcd266a2b0eac811d7ea7eabbd5b217965f88efa81371465134dbcab11,2026-07-15T18:12:23.779508+00:00,8o8-arch,7.0.12-arch1-1,AMD Ryzen 9 3900X 12-Core Processor,"logical=24,cores=12,sockets=1,nodes=1",performance,rustc 1.97.0 (2d8144b78 2026-07-07),22.1.6,cargo 1.97.0 (c980f4866 2026-06-30),"release,lto=thin,debug=true",/home/bob/.cache/mess-bench,/dev/nvme0n1p3,ext4,/home,Samsung SSD 970 EVO Plus 2TB,[none] mq-deadline kyber bfq,249464696832,4096,1024,payload[i]=(i*131+17)&0xff,2.953125,accepted,,1025,2050,0,1,bytes,11275,10250,42504700,33,0,0,64,0,0,5180382,5223017,5222667,5222667,5222667,2.950,2.950
e000801,exploratory,pwritev_full_8m,baseline,1,1,ABBA,k_pwrite,process,4096,100,2,2,domain,synthetic_sweep,1,015d813736625640f12d26c5d349b92c14fd2fb4,false,a897dfa99e98479b638409c432d3d2bc8e7ba7d5ba4e5a046dd229021f58bffd,12b1dafe765a77d1a17115b0ae12cff973f20ed7d6d770fbd790695fe081288e,afaa9ca40fef1b2a362af2af235634b472665287e554d16b829c09e1a70787ac,8d5b7eba8aea53574190e7d4a6d9e7b424bc23a9e2a0b6968a27f1772509492b,6e938dfcd266a2b0eac811d7ea7eabbd5b217965f88efa81371465134dbcab11,2026-07-15T18:12:24.805437+00:00,8o8-arch,7.0.12-arch1-1,AMD Ryzen 9 3900X 12-Core Processor,"logical=24,cores=12,sockets=1,nodes=1",performance,rustc 1.97.0 (2d8144b78 2026-07-07),22.1.6,cargo 1.97.0 (c980f4866 2026-06-30),"release,lto=thin,debug=true",/home/bob/.cache/mess-bench,/dev/nvme0n1p3,ext4,/home,Samsung SSD 970 EVO Plus 2TB,[none] mq-deadline kyber bfq,249464692736,4096,1024,payload[i]=(i*131+17)&0xff,2.953125,accepted,,2,2,0,41,bytes,8200,8200,33824016,82,0,0,0,0,0,2959591,3047618,71110,95460,97050,2.950,2.950
e000802,exploratory,pwritev_full_8m,candidate,1,2,ABBA,pwritev_full_8m,process,4096,100,2,2,domain,synthetic_sweep,1,015d813736625640f12d26c5d349b92c14fd2fb4,false,a897dfa99e98479b638409c432d3d2bc8e7ba7d5ba4e5a046dd229021f58bffd,12b1dafe765a77d1a17115b0ae12cff973f20ed7d6d770fbd790695fe081288e,afaa9ca40fef1b2a362af2af235634b472665287e554d16b829c09e1a70787ac,8d5b7eba8aea53574190e7d4a6d9e7b424bc23a9e2a0b6968a27f1772509492b,6e938dfcd266a2b0eac811d7ea7eabbd5b217965f88efa81371465134dbcab11,2026-07-15T18:12:25.835180+00:00,8o8-arch,7.0.12-arch1-1,AMD Ryzen 9 3900X 12-Core Processor,"logical=24,cores=12,sockets=1,nodes=1",performance,rustc 1.97.0 (2d8144b78 2026-07-07),22.1.6,cargo 1.97.0 (c980f4866 2026-06-30),"release,lto=thin,debug=true",/home/bob/.cache/mess-bench,/dev/nvme0n1p3,ext4,/home,Samsung SSD 970 EVO Plus 2TB,[none] mq-deadline kyber bfq,249464692736,4096,1024,payload[i]=(i*131+17)&0xff,4.638671875,accepted,,2,2,0,41,bytes,8200,8200,33824016,41,0,0,2,0,0,2867110,2905288,69650,85650,91540,4.640,4.640
e000803,exploratory,pwritev_full_8m,candidate,1,3,ABBA,pwritev_full_8m,process,4096,100,2,2,domain,synthetic_sweep,1,015d813736625640f12d26c5d349b92c14fd2fb4,false,a897dfa99e98479b638409c432d3d2bc8e7ba7d5ba4e5a046dd229021f58bffd,12b1dafe765a77d1a17115b0ae12cff973f20ed7d6d770fbd790695fe081288e,afaa9ca40fef1b2a362af2af235634b472665287e554d16b829c09e1a70787ac,8d5b7eba8aea53574190e7d4a6d9e7b424bc23a9e2a0b6968a27f1772509492b,6e938dfcd266a2b0eac811d7ea7eabbd5b217965f88efa81371465134dbcab11,2026-07-15T18:12:26.864171+00:00,8o8-arch,7.0.12-arch1-1,AMD Ryzen 9 3900X 12-Core Processor,"logical=24,cores=12,sockets=1,nodes=1",performance,rustc 1.97.0 (2d8144b78 2026-07-07),22.1.6,cargo 1.97.0 (c980f4866 2026-06-30),"release,lto=thin,debug=true",/home/bob/.cache/mess-bench,/dev/nvme0n1p3,ext4,/home,Samsung SSD 970 EVO Plus 2TB,[none] mq-deadline kyber bfq,249464692736,4096,1024,payload[i]=(i*131+17)&0xff,4.638671875,accepted,,2,2,0,41,bytes,8200,8200,33824016,41,0,0,2,0,0,3245650,3282308,69240,119250,121330,4.640,4.640
e000804,exploratory,pwritev_full_8m,baseline,1,4,ABBA,k_pwrite,process,4096,100,2,2,domain,synthetic_sweep,1,015d813736625640f12d26c5d349b92c14fd2fb4,false,a897dfa99e98479b638409c432d3d2bc8e7ba7d5ba4e5a046dd229021f58bffd,12b1dafe765a77d1a17115b0ae12cff973f20ed7d6d770fbd790695fe081288e,afaa9ca40fef1b2a362af2af235634b472665287e554d16b829c09e1a70787ac,8d5b7eba8aea53574190e7d4a6d9e7b424bc23a9e2a0b6968a27f1772509492b,6e938dfcd266a2b0eac811d7ea7eabbd5b217965f88efa81371465134dbcab11,2026-07-15T18:12:27.893976+00:00,8o8-arch,7.0.12-arch1-1,AMD Ryzen 9 3900X 12-Core Processor,"logical=24,cores=12,sockets=1,nodes=1",performance,rustc 1.97.0 (2d8144b78 2026-07-07),22.1.6,cargo 1.97.0 (c980f4866 2026-06-30),"release,lto=thin,debug=true",/home/bob/.cache/mess-bench,/dev/nvme0n1p3,ext4,/home,Samsung SSD 970 EVO Plus 2TB,[none] mq-deadline kyber bfq,249464680448,4096,1024,payload[i]=(i*131+17)&0xff,4.638671875,accepted,,2,2,0,41,bytes,8200,8200,33824016,82,0,0,0,0,0,3197171,3220487,75020,94230,125500,4.640,4.640
e000805,exploratory,copy_contiguous,candidate,1,1,BAAB,copy_contiguous,process,4096,100,2,2,domain,synthetic_sweep,1,015d813736625640f12d26c5d349b92c14fd2fb4,false,a897dfa99e98479b638409c432d3d2bc8e7ba7d5ba4e5a046dd229021f58bffd,12b1dafe765a77d1a17115b0ae12cff973f20ed7d6d770fbd790695fe081288e,afaa9ca40fef1b2a362af2af235634b472665287e554d16b829c09e1a70787ac,8d5b7eba8aea53574190e7d4a6d9e7b424bc23a9e2a0b6968a27f1772509492b,6e938dfcd266a2b0eac811d7ea7eabbd5b217965f88efa81371465134dbcab11,2026-07-15T18:12:28.916998+00:00,8o8-arch,7.0.12-arch1-1,AMD Ryzen 9 3900X 12-Core Processor,"logical=24,cores=12,sockets=1,nodes=1",performance,rustc 1.97.0 (2d8144b78 2026-07-07),22.1.6,cargo 1.97.0 (c980f4866 2026-06-30),"release,lto=thin,debug=true",/home/bob/.cache/mess-bench,/dev/nvme0n1p3,ext4,/home,Samsung SSD 970 EVO Plus 2TB,[none] mq-deadline kyber bfq,249464676352,4096,1024,payload[i]=(i*131+17)&0xff,4.638671875,accepted,,2,2,0,41,bytes,8200,8200,33824016,41,0,0,0,33824016,0,5276961,5417547,127119,151910,195709,4.640,4.640
e000806,exploratory,copy_contiguous,baseline,1,2,BAAB,k_pwrite,process,4096,100,2,2,domain,synthetic_sweep,1,015d813736625640f12d26c5d349b92c14fd2fb4,false,a897dfa99e98479b638409c432d3d2bc8e7ba7d5ba4e5a046dd229021f58bffd,12b1dafe765a77d1a17115b0ae12cff973f20ed7d6d770fbd790695fe081288e,afaa9ca40fef1b2a362af2af235634b472665287e554d16b829c09e1a70787ac,8d5b7eba8aea53574190e7d4a6d9e7b424bc23a9e2a0b6968a27f1772509492b,6e938dfcd266a2b0eac811d7ea7eabbd5b217965f88efa81371465134dbcab11,2026-07-15T18:12:29.941502+00:00,8o8-arch,7.0.12-arch1-1,AMD Ryzen 9 3900X 12-Core Processor,"logical=24,cores=12,sockets=1,nodes=1",performance,rustc 1.97.0 (2d8144b78 2026-07-07),22.1.6,cargo 1.97.0 (c980f4866 2026-06-30),"release,lto=thin,debug=true",/home/bob/.cache/mess-bench,/dev/nvme0n1p3,ext4,/home,Samsung SSD 970 EVO Plus 2TB,[none] mq-deadline kyber bfq,249464676352,4096,1024,payload[i]=(i*131+17)&0xff,4.638671875,accepted,,2,2,0,41,bytes,8200,8200,33824016,82,0,0,0,0,0,3210111,3257908,77710,109100,120040,4.640,4.640
e000807,exploratory,copy_contiguous,baseline,1,3,BAAB,k_pwrite,process,4096,100,2,2,domain,synthetic_sweep,1,015d813736625640f12d26c5d349b92c14fd2fb4,false,a897dfa99e98479b638409c432d3d2bc8e7ba7d5ba4e5a046dd229021f58bffd,12b1dafe765a77d1a17115b0ae12cff973f20ed7d6d770fbd790695fe081288e,afaa9ca40fef1b2a362af2af235634b472665287e554d16b829c09e1a70787ac,8d5b7eba8aea53574190e7d4a6d9e7b424bc23a9e2a0b6968a27f1772509492b,6e938dfcd266a2b0eac811d7ea7eabbd5b217965f88efa81371465134dbcab11,2026-07-15T18:12:30.964866+00:00,8o8-arch,7.0.12-arch1-1,AMD Ryzen 9 3900X 12-Core Processor,"logical=24,cores=12,sockets=1,nodes=1",performance,rustc 1.97.0 (2d8144b78 2026-07-07),22.1.6,cargo 1.97.0 (c980f4866 2026-06-30),"release,lto=thin,debug=true",/home/bob/.cache/mess-bench,/dev/nvme0n1p3,ext4,/home,Samsung SSD 970 EVO Plus 2TB,[none] mq-deadline kyber bfq,249464672256,4096,1024,payload[i]=(i*131+17)&0xff,5.7890625,accepted,,2,2,0,41,bytes,8200,8200,33824016,82,0,0,0,0,0,6012141,6051706,73750,215950,2090848,5.790,5.790
e000808,exploratory,copy_contiguous,candidate,1,4,BAAB,copy_contiguous,process,4096,100,2,2,domain,synthetic_sweep,1,015d813736625640f12d26c5d349b92c14fd2fb4,false,a897dfa99e98479b638409c432d3d2bc8e7ba7d5ba4e5a046dd229021f58bffd,12b1dafe765a77d1a17115b0ae12cff973f20ed7d6d770fbd790695fe081288e,afaa9ca40fef1b2a362af2af235634b472665287e554d16b829c09e1a70787ac,8d5b7eba8aea53574190e7d4a6d9e7b424bc23a9e2a0b6968a27f1772509492b,6e938dfcd266a2b0eac811d7ea7eabbd5b217965f88efa81371465134dbcab11,2026-07-15T18:12:31.985847+00:00,8o8-arch,7.0.12-arch1-1,AMD Ryzen 9 3900X 12-Core Processor,"logical=24,cores=12,sockets=1,nodes=1",performance,rustc 1.97.0 (2d8144b78 2026-07-07),22.1.6,cargo 1.97.0 (c980f4866 2026-06-30),"release,lto=thin,debug=true",/home/bob/.cache/mess-bench,/dev/nvme0n1p3,ext4,/home,Samsung SSD 970 EVO Plus 2TB,[none] mq-deadline kyber bfq,249464668160,4096,1024,payload[i]=(i*131+17)&0xff,5.7890625,accepted,,2,2,0,41,bytes,8200,8200,33824016,41,0,0,0,33824016,0,5389761,5446027,130639,145310,176760,5.790,5.790
e000809,exploratory,pwritev_full_8m,baseline,1,1,ABBA,k_pwrite,process,4096,100,2,2,new_name,synthetic_sweep,1,015d813736625640f12d26c5d349b92c14fd2fb4,false,a897dfa99e98479b638409c432d3d2bc8e7ba7d5ba4e5a046dd229021f58bffd,12b1dafe765a77d1a17115b0ae12cff973f20ed7d6d770fbd790695fe081288e,afaa9ca40fef1b2a362af2af235634b472665287e554d16b829c09e1a70787ac,8d5b7eba8aea53574190e7d4a6d9e7b424bc23a9e2a0b6968a27f1772509492b,6e938dfcd266a2b0eac811d7ea7eabbd5b217965f88efa81371465134dbcab11,2026-07-15T18:12:33.017341+00:00,8o8-arch,7.0.12-arch1-1,AMD Ryzen 9 3900X 12-Core Processor,"logical=24,cores=12,sockets=1,nodes=1",performance,rustc 1.97.0 (2d8144b78 2026-07-07),22.1.6,cargo 1.97.0 (c980f4866 2026-06-30),"release,lto=thin,debug=true",/home/bob/.cache/mess-bench,/dev/nvme0n1p3,ext4,/home,Samsung SSD 970 EVO Plus 2TB,[none] mq-deadline kyber bfq,249464668160,4096,1024,payload[i]=(i*131+17)&0xff,5.7890625,accepted,,2,4,0,41,bytes,8282,8200,33835496,164,0,0,0,0,0,3010601,3061328,72790,94240,99350,5.790,5.790
e000810,exploratory,pwritev_full_8m,candidate,1,2,ABBA,pwritev_full_8m,process,4096,100,2,2,new_name,synthetic_sweep,1,015d813736625640f12d26c5d349b92c14fd2fb4,false,a897dfa99e98479b638409c432d3d2bc8e7ba7d5ba4e5a046dd229021f58bffd,12b1dafe765a77d1a17115b0ae12cff973f20ed7d6d770fbd790695fe081288e,afaa9ca40fef1b2a362af2af235634b472665287e554d16b829c09e1a70787ac,8d5b7eba8aea53574190e7d4a6d9e7b424bc23a9e2a0b6968a27f1772509492b,6e938dfcd266a2b0eac811d7ea7eabbd5b217965f88efa81371465134dbcab11,2026-07-15T18:12:34.049282+00:00,8o8-arch,7.0.12-arch1-1,AMD Ryzen 9 3900X 12-Core Processor,"logical=24,cores=12,sockets=1,nodes=1",performance,rustc 1.97.0 (2d8144b78 2026-07-07),22.1.6,cargo 1.97.0 (c980f4866 2026-06-30),"release,lto=thin,debug=true",/home/bob/.cache/mess-bench,/dev/nvme0n1p3,ext4,/home,Samsung SSD 970 EVO Plus 2TB,[none] mq-deadline kyber bfq,249464664064,4096,1024,payload[i]=(i*131+17)&0xff,5.7890625,accepted,,2,4,0,41,bytes,8282,8200,33835496,41,0,0,4,0,0,2785471,2812208,68210,76210,79010,5.790,5.790
e000811,exploratory,pwritev_full_8m,candidate,1,3,ABBA,pwritev_full_8m,process,4096,100,2,2,new_name,synthetic_sweep,1,015d813736625640f12d26c5d349b92c14fd2fb4,false,a897dfa99e98479b638409c432d3d2bc8e7ba7d5ba4e5a046dd229021f58bffd,12b1dafe765a77d1a17115b0ae12cff973f20ed7d6d770fbd790695fe081288e,afaa9ca40fef1b2a362af2af235634b472665287e554d16b829c09e1a70787ac,8d5b7eba8aea53574190e7d4a6d9e7b424bc23a9e2a0b6968a27f1772509492b,6e938dfcd266a2b0eac811d7ea7eabbd5b217965f88efa81371465134dbcab11,2026-07-15T18:12:35.082810+00:00,8o8-arch,7.0.12-arch1-1,AMD Ryzen 9 3900X 12-Core Processor,"logical=24,cores=12,sockets=1,nodes=1",performance,rustc 1.97.0 (2d8144b78 2026-07-07),22.1.6,cargo 1.97.0 (c980f4866 2026-06-30),"release,lto=thin,debug=true",/home/bob/.cache/mess-bench,/dev/nvme0n1p3,ext4,/home,Samsung SSD 970 EVO Plus 2TB,[none] mq-deadline kyber bfq,249464664064,4096,1024,payload[i]=(i*131+17)&0xff,5.7890625,accepted,,2,4,0,41,bytes,8282,8200,33835496,41,0,0,4,0,0,2714051,2741348,65890,73370,85299,5.790,5.790
e000812,exploratory,pwritev_full_8m,baseline,1,4,ABBA,k_pwrite,process,4096,100,2,2,new_name,synthetic_sweep,1,015d813736625640f12d26c5d349b92c14fd2fb4,false,a897dfa99e98479b638409c432d3d2bc8e7ba7d5ba4e5a046dd229021f58bffd,12b1dafe765a77d1a17115b0ae12cff973f20ed7d6d770fbd790695fe081288e,afaa9ca40fef1b2a362af2af235634b472665287e554d16b829c09e1a70787ac,8d5b7eba8aea53574190e7d4a6d9e7b424bc23a9e2a0b6968a27f1772509492b,6e938dfcd266a2b0eac811d7ea7eabbd5b217965f88efa81371465134dbcab11,2026-07-15T18:12:36.113631+00:00,8o8-arch,7.0.12-arch1-1,AMD Ryzen 9 3900X 12-Core Processor,"logical=24,cores=12,sockets=1,nodes=1",performance,rustc 1.97.0 (2d8144b78 2026-07-07),22.1.6,cargo 1.97.0 (c980f4866 2026-06-30),"release,lto=thin,debug=true",/home/bob/.cache/mess-bench,/dev/nvme0n1p3,ext4,/home,Samsung SSD 970 EVO Plus 2TB,[none] mq-deadline kyber bfq,249464582144,4096,1024,payload[i]=(i*131+17)&0xff,5.931640625,accepted,,2,4,0,41,bytes,8282,8200,33835496,164,0,0,0,0,0,2891621,2920148,70249,80810,83970,5.930,5.930
e000813,exploratory,copy_contiguous,candidate,1,1,BAAB,copy_contiguous,process,4096,100,2,2,new_name,synthetic_sweep,1,015d813736625640f12d26c5d349b92c14fd2fb4,false,a897dfa99e98479b638409c432d3d2bc8e7ba7d5ba4e5a046dd229021f58bffd,12b1dafe765a77d1a17115b0ae12cff973f20ed7d6d770fbd790695fe081288e,afaa9ca40fef1b2a362af2af235634b472665287e554d16b829c09e1a70787ac,8d5b7eba8aea53574190e7d4a6d9e7b424bc23a9e2a0b6968a27f1772509492b,6e938dfcd266a2b0eac811d7ea7eabbd5b217965f88efa81371465134dbcab11,2026-07-15T18:13:07.145703+00:00,8o8-arch,7.0.12-arch1-1,AMD Ryzen 9 3900X 12-Core Processor,"logical=24,cores=12,sockets=1,nodes=1",performance,rustc 1.97.0 (2d8144b78 2026-07-07),22.1.6,cargo 1.97.0 (c980f4866 2026-06-30),"release,lto=thin,debug=true",/home/bob/.cache/mess-bench,/dev/nvme0n1p3,ext4,/home,Samsung SSD 970 EVO Plus 2TB,[none] mq-deadline kyber bfq,249464578048,4096,1024,payload[i]=(i*131+17)&0xff,5.931640625,accepted,,2,4,0,41,bytes,8282,8200,33835496,41,0,0,0,33835496,0,5116902,5162237,122770,137470,151050,5.930,5.930
e000814,exploratory,copy_contiguous,baseline,1,2,BAAB,k_pwrite,process,4096,100,2,2,new_name,synthetic_sweep,1,015d813736625640f12d26c5d349b92c14fd2fb4,false,a897dfa99e98479b638409c432d3d2bc8e7ba7d5ba4e5a046dd229021f58bffd,12b1dafe765a77d1a17115b0ae12cff973f20ed7d6d770fbd790695fe081288e,afaa9ca40fef1b2a362af2af235634b472665287e554d16b829c09e1a70787ac,8d5b7eba8aea53574190e7d4a6d9e7b424bc23a9e2a0b6968a27f1772509492b,6e938dfcd266a2b0eac811d7ea7eabbd5b217965f88efa81371465134dbcab11,2026-07-15T18:13:08.176966+00:00,8o8-arch,7.0.12-arch1-1,AMD Ryzen 9 3900X 12-Core Processor,"logical=24,cores=12,sockets=1,nodes=1",performance,rustc 1.97.0 (2d8144b78 2026-07-07),22.1.6,cargo 1.97.0 (c980f4866 2026-06-30),"release,lto=thin,debug=true",/home/bob/.cache/mess-bench,/dev/nvme0n1p3,ext4,/home,Samsung SSD 970 EVO Plus 2TB,[none] mq-deadline kyber bfq,249464578048,4096,1024,payload[i]=(i*131+17)&0xff,5.931640625,accepted,,2,4,0,41,bytes,8282,8200,33835496,164,0,0,0,0,0,2912040,2938129,70320,78820,80360,5.930,5.930
e000815,exploratory,copy_contiguous,baseline,1,3,BAAB,k_pwrite,process,4096,100,2,2,new_name,synthetic_sweep,1,015d813736625640f12d26c5d349b92c14fd2fb4,false,a897dfa99e98479b638409c432d3d2bc8e7ba7d5ba4e5a046dd229021f58bffd,12b1dafe765a77d1a17115b0ae12cff973f20ed7d6d770fbd790695fe081288e,afaa9ca40fef1b2a362af2af235634b472665287e554d16b829c09e1a70787ac,8d5b7eba8aea53574190e7d4a6d9e7b424bc23a9e2a0b6968a27f1772509492b,6e938dfcd266a2b0eac811d7ea7eabbd5b217965f88efa81371465134dbcab11,2026-07-15T18:13:09.207357+00:00,8o8-arch,7.0.12-arch1-1,AMD Ryzen 9 3900X 12-Core Processor,"logical=24,cores=12,sockets=1,nodes=1",performance,rustc 1.97.0 (2d8144b78 2026-07-07),22.1.6,cargo 1.97.0 (c980f4866 2026-06-30),"release,lto=thin,debug=true",/home/bob/.cache/mess-bench,/dev/nvme0n1p3,ext4,/home,Samsung SSD 970 EVO Plus 2TB,[none] mq-deadline kyber bfq,249464578048,4096,1024,payload[i]=(i*131+17)&0xff,5.931640625,accepted,,2,4,0,41,bytes,8282,8200,33835496,164,0,0,0,0,0,3068441,3192248,75200,98750,114730,5.930,5.930
e000816,exploratory,copy_contiguous,candidate,1,4,BAAB,copy_contiguous,process,4096,100,2,2,new_name,synthetic_sweep,1,015d813736625640f12d26c5d349b92c14fd2fb4,false,a897dfa99e98479b638409c432d3d2bc8e7ba7d5ba4e5a046dd229021f58bffd,12b1dafe765a77d1a17115b0ae12cff973f20ed7d6d770fbd790695fe081288e,afaa9ca40fef1b2a362af2af235634b472665287e554d16b829c09e1a70787ac,8d5b7eba8aea53574190e7d4a6d9e7b424bc23a9e2a0b6968a27f1772509492b,6e938dfcd266a2b0eac811d7ea7eabbd5b217965f88efa81371465134dbcab11,2026-07-15T18:13:10.230971+00:00,8o8-arch,7.0.12-arch1-1,AMD Ryzen 9 3900X 12-Core Processor,"logical=24,cores=12,sockets=1,nodes=1",performance,rustc 1.97.0 (2d8144b78 2026-07-07),22.1.6,cargo 1.97.0 (c980f4866 2026-06-30),"release,lto=thin,debug=true",/home/bob/.cache/mess-bench,/dev/nvme0n1p3,ext4,/home,Samsung SSD 970 EVO Plus 2TB,[none] mq-deadline kyber bfq,249464573952,4096,1024,payload[i]=(i*131+17)&0xff,5.931640625,accepted,,2,4,0,41,bytes,8282,8200,33835496,41,0,0,0,33835496,0,8142362,8247145,133670,233319,2591269,5.930,5.930
e000817,exploratory,pwritev_full_8m,baseline,1,1,ABBA,k_pwrite,process,4096,100,4,4,domain,synthetic_sweep,1,015d813736625640f12d26c5d349b92c14fd2fb4,false,a897dfa99e98479b638409c432d3d2bc8e7ba7d5ba4e5a046dd229021f58bffd,12b1dafe765a77d1a17115b0ae12cff973f20ed7d6d770fbd790695fe081288e,afaa9ca40fef1b2a362af2af235634b472665287e554d16b829c09e1a70787ac,8d5b7eba8aea53574190e7d4a6d9e7b424bc23a9e2a0b6968a27f1772509492b,6e938dfcd266a2b0eac811d7ea7eabbd5b217965f88efa81371465134dbcab11,2026-07-15T18:13:11.262209+00:00,8o8-arch,7.0.12-arch1-1,AMD Ryzen 9 3900X 12-Core Processor,"logical=24,cores=12,sockets=1,nodes=1",performance,rustc 1.97.0 (2d8144b78 2026-07-07),22.1.6,cargo 1.97.0 (c980f4866 2026-06-30),"release,lto=thin,debug=true",/home/bob/.cache/mess-bench,/dev/nvme0n1p3,ext4,/home,Samsung SSD 970 EVO Plus 2TB,[none] mq-deadline kyber bfq,249464565760,4096,1024,payload[i]=(i*131+17)&0xff,5.53662109375,accepted,,4,4,0,21,bytes,8400,8400,34648992,84,0,0,0,0,0,5824641,5872896,152440,263660,2292558,5.540,5.540
e000818,exploratory,pwritev_full_8m,candidate,1,2,ABBA,pwritev_full_8m,process,4096,100,4,4,domain,synthetic_sweep,1,015d813736625640f12d26c5d349b92c14fd2fb4,false,a897dfa99e98479b638409c432d3d2bc8e7ba7d5ba4e5a046dd229021f58bffd,12b1dafe765a77d1a17115b0ae12cff973f20ed7d6d770fbd790695fe081288e,afaa9ca40fef1b2a362af2af235634b472665287e554d16b829c09e1a70787ac,8d5b7eba8aea53574190e7d4a6d9e7b424bc23a9e2a0b6968a27f1772509492b,6e938dfcd266a2b0eac811d7ea7eabbd5b217965f88efa81371465134dbcab11,2026-07-15T18:13:12.283944+00:00,8o8-arch,7.0.12-arch1-1,AMD Ryzen 9 3900X 12-Core Processor,"logical=24,cores=12,sockets=1,nodes=1",performance,rustc 1.97.0 (2d8144b78 2026-07-07),22.1.6,cargo 1.97.0 (c980f4866 2026-06-30),"release,lto=thin,debug=true",/home/bob/.cache/mess-bench,/dev/nvme0n1p3,ext4,/home,Samsung SSD 970 EVO Plus 2TB,[none] mq-deadline kyber bfq,249464565760,4096,1024,payload[i]=(i*131+17)&0xff,5.53662109375,accepted,,4,4,0,21,bytes,8400,8400,34648992,21,0,0,4,0,0,2813191,2844569,131150,160219,185310,5.540,5.540
e000819,exploratory,pwritev_full_8m,candidate,1,3,ABBA,pwritev_full_8m,process,4096,100,4,4,domain,synthetic_sweep,1,015d813736625640f12d26c5d349b92c14fd2fb4,false,a897dfa99e98479b638409c432d3d2bc8e7ba7d5ba4e5a046dd229021f58bffd,12b1dafe765a77d1a17115b0ae12cff973f20ed7d6d770fbd790695fe081288e,afaa9ca40fef1b2a362af2af235634b472665287e554d16b829c09e1a70787ac,8d5b7eba8aea53574190e7d4a6d9e7b424bc23a9e2a0b6968a27f1772509492b,6e938dfcd266a2b0eac811d7ea7eabbd5b217965f88efa81371465134dbcab11,2026-07-15T18:13:13.315450+00:00,8o8-arch,7.0.12-arch1-1,AMD Ryzen 9 3900X 12-Core Processor,"logical=24,cores=12,sockets=1,nodes=1",performance,rustc 1.97.0 (2d8144b78 2026-07-07),22.1.6,cargo 1.97.0 (c980f4866 2026-06-30),"release,lto=thin,debug=true",/home/bob/.cache/mess-bench,/dev/nvme0n1p3,ext4,/home,Samsung SSD 970 EVO Plus 2TB,[none] mq-deadline kyber bfq,249464565760,4096,1024,payload[i]=(i*131+17)&0xff,5.53662109375,accepted,,4,4,0,21,bytes,8400,8400,34648992,21,0,0,4,0,0,2663101,2680219,126530,133920,144790,5.540,5.540
e000820,exploratory,pwritev_full_8m,baseline,1,4,ABBA,k_pwrite,process,4096,100,4,4,domain,synthetic_sweep,1,015d813736625640f12d26c5d349b92c14fd2fb4,false,a897dfa99e98479b638409c432d3d2bc8e7ba7d5ba4e5a046dd229021f58bffd,12b1dafe765a77d1a17115b0ae12cff973f20ed7d6d770fbd790695fe081288e,afaa9ca40fef1b2a362af2af235634b472665287e554d16b829c09e1a70787ac,8d5b7eba8aea53574190e7d4a6d9e7b424bc23a9e2a0b6968a27f1772509492b,6e938dfcd266a2b0eac811d7ea7eabbd5b217965f88efa81371465134dbcab11,2026-07-15T18:13:14.347409+00:00,8o8-arch,7.0.12-arch1-1,AMD Ryzen 9 3900X 12-Core Processor,"logical=24,cores=12,sockets=1,nodes=1",performance,rustc 1.97.0 (2d8144b78 2026-07-07),22.1.6,cargo 1.97.0 (c980f4866 2026-06-30),"release,lto=thin,debug=true",/home/bob/.cache/mess-bench,/dev/nvme0n1p3,ext4,/home,Samsung SSD 970 EVO Plus 2TB,[none] mq-deadline kyber bfq,249464561664,4096,1024,payload[i]=(i*131+17)&0xff,5.53662109375,accepted,,4,4,0,21,bytes,8400,8400,34648992,84,0,0,0,0,0,3057990,3075508,143360,162750,165000,5.540,5.540
e000821,exploratory,copy_contiguous,candidate,1,1,BAAB,copy_contiguous,process,4096,100,4,4,domain,synthetic_sweep,1,015d813736625640f12d26c5d349b92c14fd2fb4,false,a897dfa99e98479b638409c432d3d2bc8e7ba7d5ba4e5a046dd229021f58bffd,12b1dafe765a77d1a17115b0ae12cff973f20ed7d6d770fbd790695fe081288e,afaa9ca40fef1b2a362af2af235634b472665287e554d16b829c09e1a70787ac,8d5b7eba8aea53574190e7d4a6d9e7b424bc23a9e2a0b6968a27f1772509492b,6e938dfcd266a2b0eac811d7ea7eabbd5b217965f88efa81371465134dbcab11,2026-07-15T18:13:15.372427+00:00,8o8-arch,7.0.12-arch1-1,AMD Ryzen 9 3900X 12-Core Processor,"logical=24,cores=12,sockets=1,nodes=1",performance,rustc 1.97.0 (2d8144b78 2026-07-07),22.1.6,cargo 1.97.0 (c980f4866 2026-06-30),"release,lto=thin,debug=true",/home/bob/.cache/mess-bench,/dev/nvme0n1p3,ext4,/home,Samsung SSD 970 EVO Plus 2TB,[none] mq-deadline kyber bfq,249464565760,4096,1024,payload[i]=(i*131+17)&0xff,5.53662109375,accepted,,4,4,0,21,bytes,8400,8400,34648992,21,0,0,0,34648992,0,4999812,5033327,237610,246100,256260,5.540,5.540
e000822,exploratory,copy_contiguous,baseline,1,2,BAAB,k_pwrite,process,4096,100,4,4,domain,synthetic_sweep,1,015d813736625640f12d26c5d349b92c14fd2fb4,false,a897dfa99e98479b638409c432d3d2bc8e7ba7d5ba4e5a046dd229021f58bffd,12b1dafe765a77d1a17115b0ae12cff973f20ed7d6d770fbd790695fe081288e,afaa9ca40fef1b2a362af2af235634b472665287e554d16b829c09e1a70787ac,8d5b7eba8aea53574190e7d4a6d9e7b424bc23a9e2a0b6968a27f1772509492b,6e938dfcd266a2b0eac811d7ea7eabbd5b217965f88efa81371465134dbcab11,2026-07-15T18:13:16.394412+00:00,8o8-arch,7.0.12-arch1-1,AMD Ryzen 9 3900X 12-Core Processor,"logical=24,cores=12,sockets=1,nodes=1",performance,rustc 1.97.0 (2d8144b78 2026-07-07),22.1.6,cargo 1.97.0 (c980f4866 2026-06-30),"release,lto=thin,debug=true",/home/bob/.cache/mess-bench,/dev/nvme0n1p3,ext4,/home,Samsung SSD 970 EVO Plus 2TB,[none] mq-deadline kyber bfq,249464565760,4096,1024,payload[i]=(i*131+17)&0xff,5.0927734375,accepted,,4,4,0,21,bytes,8400,8400,34648992,84,0,0,0,0,0,6656742,6739956,148500,1094289,2753948,5.090,5.090
e000823,exploratory,copy_contiguous,baseline,1,3,BAAB,k_pwrite,process,4096,100,4,4,domain,synthetic_sweep,1,015d813736625640f12d26c5d349b92c14fd2fb4,false,a897dfa99e98479b638409c432d3d2bc8e7ba7d5ba4e5a046dd229021f58bffd,12b1dafe765a77d1a17115b0ae12cff973f20ed7d6d770fbd790695fe081288e,afaa9ca40fef1b2a362af2af235634b472665287e554d16b829c09e1a70787ac,8d5b7eba8aea53574190e7d4a6d9e7b424bc23a9e2a0b6968a27f1772509492b,6e938dfcd266a2b0eac811d7ea7eabbd5b217965f88efa81371465134dbcab11,2026-07-15T18:13:17.416642+00:00,8o8-arch,7.0.12-arch1-1,AMD Ryzen 9 3900X 12-Core Processor,"logical=24,cores=12,sockets=1,nodes=1",performance,rustc 1.97.0 (2d8144b78 2026-07-07),22.1.6,cargo 1.97.0 (c980f4866 2026-06-30),"release,lto=thin,debug=true",/home/bob/.cache/mess-bench,/dev/nvme0n1p3,ext4,/home,Samsung SSD 970 EVO Plus 2TB,[none] mq-deadline kyber bfq,249464557568,4096,1024,payload[i]=(i*131+17)&0xff,5.0927734375,accepted,,4,4,0,21,bytes,8400,8400,34648992,84,0,0,0,0,0,2989960,3018778,143010,149630,159800,5.090,5.090
e000824,exploratory,copy_contiguous,candidate,1,4,BAAB,copy_contiguous,process,4096,100,4,4,domain,synthetic_sweep,1,015d813736625640f12d26c5d349b92c14fd2fb4,false,a897dfa99e98479b638409c432d3d2bc8e7ba7d5ba4e5a046dd229021f58bffd,12b1dafe765a77d1a17115b0ae12cff973f20ed7d6d770fbd790695fe081288e,afaa9ca40fef1b2a362af2af235634b472665287e554d16b829c09e1a70787ac,8d5b7eba8aea53574190e7d4a6d9e7b424bc23a9e2a0b6968a27f1772509492b,6e938dfcd266a2b0eac811d7ea7eabbd5b217965f88efa81371465134dbcab11,2026-07-15T18:13:18.442258+00:00,8o8-arch,7.0.12-arch1-1,AMD Ryzen 9 3900X 12-Core Processor,"logical=24,cores=12,sockets=1,nodes=1",performance,rustc 1.97.0 (2d8144b78 2026-07-07),22.1.6,cargo 1.97.0 (c980f4866 2026-06-30),"release,lto=thin,debug=true",/home/bob/.cache/mess-bench,/dev/nvme0n1p3,ext4,/home,Samsung SSD 970 EVO Plus 2TB,[none] mq-deadline kyber bfq,249464553472,4096,1024,payload[i]=(i*131+17)&0xff,5.0927734375,accepted,,4,4,0,21,bytes,8400,8400,34648992,21,0,0,0,34648992,0,5050441,5080687,239570,248040,248780,5.090,5.090
e000825,exploratory,pwritev_full_8m,baseline,1,1,ABBA,k_pwrite,process,4096,100,4,4,new_name,synthetic_sweep,1,015d813736625640f12d26c5d349b92c14fd2fb4,false,a897dfa99e98479b638409c432d3d2bc8e7ba7d5ba4e5a046dd229021f58bffd,12b1dafe765a77d1a17115b0ae12cff973f20ed7d6d770fbd790695fe081288e,afaa9ca40fef1b2a362af2af235634b472665287e554d16b829c09e1a70787ac,8d5b7eba8aea53574190e7d4a6d9e7b424bc23a9e2a0b6968a27f1772509492b,6e938dfcd266a2b0eac811d7ea7eabbd5b217965f88efa81371465134dbcab11,2026-07-15T18:13:19.466379+00:00,8o8-arch,7.0.12-arch1-1,AMD Ryzen 9 3900X 12-Core Processor,"logical=24,cores=12,sockets=1,nodes=1",performance,rustc 1.97.0 (2d8144b78 2026-07-07),22.1.6,cargo 1.97.0 (c980f4866 2026-06-30),"release,lto=thin,debug=true",/home/bob/.cache/mess-bench,/dev/nvme0n1p3,ext4,/home,Samsung SSD 970 EVO Plus 2TB,[none] mq-deadline kyber bfq,249464553472,4096,1024,payload[i]=(i*131+17)&0xff,5.0927734375,accepted,,4,8,0,21,bytes,8484,8400,34660752,168,0,0,0,0,0,3523371,3549128,149580,252820,279340,5.090,5.090
e000826,exploratory,pwritev_full_8m,candidate,1,2,ABBA,pwritev_full_8m,process,4096,100,4,4,new_name,synthetic_sweep,1,015d813736625640f12d26c5d349b92c14fd2fb4,false,a897dfa99e98479b638409c432d3d2bc8e7ba7d5ba4e5a046dd229021f58bffd,12b1dafe765a77d1a17115b0ae12cff973f20ed7d6d770fbd790695fe081288e,afaa9ca40fef1b2a362af2af235634b472665287e554d16b829c09e1a70787ac,8d5b7eba8aea53574190e7d4a6d9e7b424bc23a9e2a0b6968a27f1772509492b,6e938dfcd266a2b0eac811d7ea7eabbd5b217965f88efa81371465134dbcab11,2026-07-15T18:13:20.494718+00:00,8o8-arch,7.0.12-arch1-1,AMD Ryzen 9 3900X 12-Core Processor,"logical=24,cores=12,sockets=1,nodes=1",performance,rustc 1.97.0 (2d8144b78 2026-07-07),22.1.6,cargo 1.97.0 (c980f4866 2026-06-30),"release,lto=thin,debug=true",/home/bob/.cache/mess-bench,/dev/nvme0n1p3,ext4,/home,Samsung SSD 970 EVO Plus 2TB,[none] mq-deadline kyber bfq,249464549376,4096,1024,payload[i]=(i*131+17)&0xff,4.7646484375,accepted,,4,8,0,21,bytes,8484,8400,34660752,21,0,0,8,0,0,6241871,6310656,140779,232719,3290008,4.760,4.760
e000827,exploratory,pwritev_full_8m,candidate,1,3,ABBA,pwritev_full_8m,process,4096,100,4,4,new_name,synthetic_sweep,1,015d813736625640f12d26c5d349b92c14fd2fb4,false,a897dfa99e98479b638409c432d3d2bc8e7ba7d5ba4e5a046dd229021f58bffd,12b1dafe765a77d1a17115b0ae12cff973f20ed7d6d770fbd790695fe081288e,afaa9ca40fef1b2a362af2af235634b472665287e554d16b829c09e1a70787ac,8d5b7eba8aea53574190e7d4a6d9e7b424bc23a9e2a0b6968a27f1772509492b,6e938dfcd266a2b0eac811d7ea7eabbd5b217965f88efa81371465134dbcab11,2026-07-15T18:13:21.525774+00:00,8o8-arch,7.0.12-arch1-1,AMD Ryzen 9 3900X 12-Core Processor,"logical=24,cores=12,sockets=1,nodes=1",performance,rustc 1.97.0 (2d8144b78 2026-07-07),22.1.6,cargo 1.97.0 (c980f4866 2026-06-30),"release,lto=thin,debug=true",/home/bob/.cache/mess-bench,/dev/nvme0n1p3,ext4,/home,Samsung SSD 970 EVO Plus 2TB,[none] mq-deadline kyber bfq,249464549376,4096,1024,payload[i]=(i*131+17)&0xff,4.7646484375,accepted,,4,8,0,21,bytes,8484,8400,34660752,21,0,0,8,0,0,4672522,6454005,131010,463990,3393038,4.760,4.760
e000828,exploratory,pwritev_full_8m,baseline,1,4,ABBA,k_pwrite,process,4096,100,4,4,new_name,synthetic_sweep,1,015d813736625640f12d26c5d349b92c14fd2fb4,false,a897dfa99e98479b638409c432d3d2bc8e7ba7d5ba4e5a046dd229021f58bffd,12b1dafe765a77d1a17115b0ae12cff973f20ed7d6d770fbd790695fe081288e,afaa9ca40fef1b2a362af2af235634b472665287e554d16b829c09e1a70787ac,8d5b7eba8aea53574190e7d4a6d9e7b424bc23a9e2a0b6968a27f1772509492b,6e938dfcd266a2b0eac811d7ea7eabbd5b217965f88efa81371465134dbcab11,2026-07-15T18:13:22.557577+00:00,8o8-arch,7.0.12-arch1-1,AMD Ryzen 9 3900X 12-Core Processor,"logical=24,cores=12,sockets=1,nodes=1",performance,rustc 1.97.0 (2d8144b78 2026-07-07),22.1.6,cargo 1.97.0 (c980f4866 2026-06-30),"release,lto=thin,debug=true",/home/bob/.cache/mess-bench,/dev/nvme0n1p3,ext4,/home,Samsung SSD 970 EVO Plus 2TB,[none] mq-deadline kyber bfq,249464557568,4096,1024,payload[i]=(i*131+17)&0xff,4.7646484375,accepted,,4,8,0,21,bytes,8484,8400,34660752,168,0,0,0,0,0,3185731,3209208,149540,182850,193110,4.760,4.760
e000829,exploratory,copy_contiguous,candidate,1,1,BAAB,copy_contiguous,process,4096,100,4,4,new_name,synthetic_sweep,1,015d813736625640f12d26c5d349b92c14fd2fb4,false,a897dfa99e98479b638409c432d3d2bc8e7ba7d5ba4e5a046dd229021f58bffd,12b1dafe765a77d1a17115b0ae12cff973f20ed7d6d770fbd790695fe081288e,afaa9ca40fef1b2a362af2af235634b472665287e554d16b829c09e1a70787ac,8d5b7eba8aea53574190e7d4a6d9e7b424bc23a9e2a0b6968a27f1772509492b,6e938dfcd266a2b0eac811d7ea7eabbd5b217965f88efa81371465134dbcab11,2026-07-15T18:13:23.588541+00:00,8o8-arch,7.0.12-arch1-1,AMD Ryzen 9 3900X 12-Core Processor,"logical=24,cores=12,sockets=1,nodes=1",performance,rustc 1.97.0 (2d8144b78 2026-07-07),22.1.6,cargo 1.97.0 (c980f4866 2026-06-30),"release,lto=thin,debug=true",/home/bob/.cache/mess-bench,/dev/nvme0n1p3,ext4,/home,Samsung SSD 970 EVO Plus 2TB,[none] mq-deadline kyber bfq,249464557568,4096,1024,payload[i]=(i*131+17)&0xff,4.7646484375,accepted,,4,8,0,21,bytes,8484,8400,34660752,21,0,0,0,34660752,0,5205461,5235007,249820,257040,258000,4.760,4.760
e000830,exploratory,copy_contiguous,baseline,1,2,BAAB,k_pwrite,process,4096,100,4,4,new_name,synthetic_sweep,1,015d813736625640f12d26c5d349b92c14fd2fb4,false,a897dfa99e98479b638409c432d3d2bc8e7ba7d5ba4e5a046dd229021f58bffd,12b1dafe765a77d1a17115b0ae12cff973f20ed7d6d770fbd790695fe081288e,afaa9ca40fef1b2a362af2af235634b472665287e554d16b829c09e1a70787ac,8d5b7eba8aea53574190e7d4a6d9e7b424bc23a9e2a0b6968a27f1772509492b,6e938dfcd266a2b0eac811d7ea7eabbd5b217965f88efa81371465134dbcab11,2026-07-15T18:13:24.618439+00:00,8o8-arch,7.0.12-arch1-1,AMD Ryzen 9 3900X 12-Core Processor,"logical=24,cores=12,sockets=1,nodes=1",performance,rustc 1.97.0 (2d8144b78 2026-07-07),22.1.6,cargo 1.97.0 (c980f4866 2026-06-30),"release,lto=thin,debug=true",/home/bob/.cache/mess-bench,/dev/nvme0n1p3,ext4,/home,Samsung SSD 970 EVO Plus 2TB,[none] mq-deadline kyber bfq,249464549376,4096,1024,payload[i]=(i*131+17)&0xff,4.7646484375,accepted,,4,8,0,21,bytes,8484,8400,34660752,168,0,0,0,0,0,3134421,3165168,150880,159080,165640,4.760,4.760
e000831,exploratory,copy_contiguous,baseline,1,3,BAAB,k_pwrite,process,4096,100,4,4,new_name,synthetic_sweep,1,015d813736625640f12d26c5d349b92c14fd2fb4,false,a897dfa99e98479b638409c432d3d2bc8e7ba7d5ba4e5a046dd229021f58bffd,12b1dafe765a77d1a17115b0ae12cff973f20ed7d6d770fbd790695fe081288e,afaa9ca40fef1b2a362af2af235634b472665287e554d16b829c09e1a70787ac,8d5b7eba8aea53574190e7d4a6d9e7b424bc23a9e2a0b6968a27f1772509492b,6e938dfcd266a2b0eac811d7ea7eabbd5b217965f88efa81371465134dbcab11,2026-07-15T18:13:25.643416+00:00,8o8-arch,7.0.12-arch1-1,AMD Ryzen 9 3900X 12-Core Processor,"logical=24,cores=12,sockets=1,nodes=1",performance,rustc 1.97.0 (2d8144b78 2026-07-07),22.1.6,cargo 1.97.0 (c980f4866 2026-06-30),"release,lto=thin,debug=true",/home/bob/.cache/mess-bench,/dev/nvme0n1p3,ext4,/home,Samsung SSD 970 EVO Plus 2TB,[none] mq-deadline kyber bfq,249464545280,4096,1024,payload[i]=(i*131+17)&0xff,4.462890625,accepted,,4,8,0,21,bytes,8484,8400,34660752,168,0,0,0,0,0,3021151,3038278,142910,152320,163879,4.460,4.460
e000832,exploratory,copy_contiguous,candidate,1,4,BAAB,copy_contiguous,process,4096,100,4,4,new_name,synthetic_sweep,1,015d813736625640f12d26c5d349b92c14fd2fb4,false,a897dfa99e98479b638409c432d3d2bc8e7ba7d5ba4e5a046dd229021f58bffd,12b1dafe765a77d1a17115b0ae12cff973f20ed7d6d770fbd790695fe081288e,afaa9ca40fef1b2a362af2af235634b472665287e554d16b829c09e1a70787ac,8d5b7eba8aea53574190e7d4a6d9e7b424bc23a9e2a0b6968a27f1772509492b,6e938dfcd266a2b0eac811d7ea7eabbd5b217965f88efa81371465134dbcab11,2026-07-15T18:13:26.668264+00:00,8o8-arch,7.0.12-arch1-1,AMD Ryzen 9 3900X 12-Core Processor,"logical=24,cores=12,sockets=1,nodes=1",performance,rustc 1.97.0 (2d8144b78 2026-07-07),22.1.6,cargo 1.97.0 (c980f4866 2026-06-30),"release,lto=thin,debug=true",/home/bob/.cache/mess-bench,/dev/nvme0n1p3,ext4,/home,Samsung SSD 970 EVO Plus 2TB,[none] mq-deadline kyber bfq,249464541184,4096,1024,payload[i]=(i*131+17)&0xff,4.462890625,accepted,,4,8,0,21,bytes,8484,8400,34660752,21,0,0,0,34660752,0,5133181,5169067,243320,260030,263030,4.460,4.460
e000833,exploratory,pwritev_full_8m,baseline,1,1,ABBA,k_pwrite,process,4096,1000,2,2,domain,synthetic_sweep,1,015d813736625640f12d26c5d349b92c14fd2fb4,false,a897dfa99e98479b638409c432d3d2bc8e7ba7d5ba4e5a046dd229021f58bffd,12b1dafe765a77d1a17115b0ae12cff973f20ed7d6d770fbd790695fe081288e,afaa9ca40fef1b2a362af2af235634b472665287e554d16b829c09e1a70787ac,8d5b7eba8aea53574190e7d4a6d9e7b424bc23a9e2a0b6968a27f1772509492b,6e938dfcd266a2b0eac811d7ea7eabbd5b217965f88efa81371465134dbcab11,2026-07-15T18:13:27.696543+00:00,8o8-arch,7.0.12-arch1-1,AMD Ryzen 9 3900X 12-Core Processor,"logical=24,cores=12,sockets=1,nodes=1",performance,rustc 1.97.0 (2d8144b78 2026-07-07),22.1.6,cargo 1.97.0 (c980f4866 2026-06-30),"release,lto=thin,debug=true",/home/bob/.cache/mess-bench,/dev/nvme0n1p3,ext4,/home,Samsung SSD 970 EVO Plus 2TB,[none] mq-deadline kyber bfq,249464541184,4096,1024,payload[i]=(i*131+17)&0xff,4.462890625,accepted,,2,2,0,5,bytes,10000,10000,41240880,10,0,0,0,0,0,2700831,2733748,553820,575920,575920,4.460,4.460
e000834,exploratory,pwritev_full_8m,candidate,1,2,ABBA,pwritev_full_8m,process,4096,1000,2,2,domain,synthetic_sweep,1,015d813736625640f12d26c5d349b92c14fd2fb4,false,a897dfa99e98479b638409c432d3d2bc8e7ba7d5ba4e5a046dd229021f58bffd,12b1dafe765a77d1a17115b0ae12cff973f20ed7d6d770fbd790695fe081288e,afaa9ca40fef1b2a362af2af235634b472665287e554d16b829c09e1a70787ac,8d5b7eba8aea53574190e7d4a6d9e7b424bc23a9e2a0b6968a27f1772509492b,6e938dfcd266a2b0eac811d7ea7eabbd5b217965f88efa81371465134dbcab11,2026-07-15T18:13:28.717918+00:00,8o8-arch,7.0.12-arch1-1,AMD Ryzen 9 3900X 12-Core Processor,"logical=24,cores=12,sockets=1,nodes=1",performance,rustc 1.97.0 (2d8144b78 2026-07-07),22.1.6,cargo 1.97.0 (c980f4866 2026-06-30),"release,lto=thin,debug=true",/home/bob/.cache/mess-bench,/dev/nvme0n1p3,ext4,/home,Samsung SSD 970 EVO Plus 2TB,[none] mq-deadline kyber bfq,249464532992,4096,1024,payload[i]=(i*131+17)&0xff,4.462890625,accepted,,2,2,0,5,bytes,10000,10000,41240880,5,0,0,2,0,0,6523742,6576206,610359,4182908,4182908,4.460,4.460
e000835,exploratory,pwritev_full_8m,candidate,1,3,ABBA,pwritev_full_8m,process,4096,1000,2,2,domain,synthetic_sweep,1,015d813736625640f12d26c5d349b92c14fd2fb4,false,a897dfa99e98479b638409c432d3d2bc8e7ba7d5ba4e5a046dd229021f58bffd,12b1dafe765a77d1a17115b0ae12cff973f20ed7d6d770fbd790695fe081288e,afaa9ca40fef1b2a362af2af235634b472665287e554d16b829c09e1a70787ac,8d5b7eba8aea53574190e7d4a6d9e7b424bc23a9e2a0b6968a27f1772509492b,6e938dfcd266a2b0eac811d7ea7eabbd5b217965f88efa81371465134dbcab11,2026-07-15T18:13:29.748884+00:00,8o8-arch,7.0.12-arch1-1,AMD Ryzen 9 3900X 12-Core Processor,"logical=24,cores=12,sockets=1,nodes=1",performance,rustc 1.97.0 (2d8144b78 2026-07-07),22.1.6,cargo 1.97.0 (c980f4866 2026-06-30),"release,lto=thin,debug=true",/home/bob/.cache/mess-bench,/dev/nvme0n1p3,ext4,/home,Samsung SSD 970 EVO Plus 2TB,[none] mq-deadline kyber bfq,249464516608,4096,1024,payload[i]=(i*131+17)&0xff,4.462890625,accepted,,2,2,0,5,bytes,10000,10000,41240880,5,0,0,2,0,0,3532081,3565498,738910,856680,856680,4.460,4.460
e000836,exploratory,pwritev_full_8m,baseline,1,4,ABBA,k_pwrite,process,4096,1000,2,2,domain,synthetic_sweep,1,015d813736625640f12d26c5d349b92c14fd2fb4,false,a897dfa99e98479b638409c432d3d2bc8e7ba7d5ba4e5a046dd229021f58bffd,12b1dafe765a77d1a17115b0ae12cff973f20ed7d6d770fbd790695fe081288e,afaa9ca40fef1b2a362af2af235634b472665287e554d16b829c09e1a70787ac,8d5b7eba8aea53574190e7d4a6d9e7b424bc23a9e2a0b6968a27f1772509492b,6e938dfcd266a2b0eac811d7ea7eabbd5b217965f88efa81371465134dbcab11,2026-07-15T18:13:30.778774+00:00,8o8-arch,7.0.12-arch1-1,AMD Ryzen 9 3900X 12-Core Processor,"logical=24,cores=12,sockets=1,nodes=1",performance,rustc 1.97.0 (2d8144b78 2026-07-07),22.1.6,cargo 1.97.0 (c980f4866 2026-06-30),"release,lto=thin,debug=true",/home/bob/.cache/mess-bench,/dev/nvme0n1p3,ext4,/home,Samsung SSD 970 EVO Plus 2TB,[none] mq-deadline kyber bfq,249464512512,4096,1024,payload[i]=(i*131+17)&0xff,4.185546875,accepted,,2,2,0,5,bytes,10000,10000,41240880,10,0,0,0,0,0,3197121,3244618,606009,845760,845760,4.190,4.190
e000837,exploratory,copy_contiguous,candidate,1,1,BAAB,copy_contiguous,process,4096,1000,2,2,domain,synthetic_sweep,1,015d813736625640f12d26c5d349b92c14fd2fb4,false,a897dfa99e98479b638409c432d3d2bc8e7ba7d5ba4e5a046dd229021f58bffd,12b1dafe765a77d1a17115b0ae12cff973f20ed7d6d770fbd790695fe081288e,afaa9ca40fef1b2a362af2af235634b472665287e554d16b829c09e1a70787ac,8d5b7eba8aea53574190e7d4a6d9e7b424bc23a9e2a0b6968a27f1772509492b,6e938dfcd266a2b0eac811d7ea7eabbd5b217965f88efa81371465134dbcab11,2026-07-15T18:13:31.802574+00:00,8o8-arch,7.0.12-arch1-1,AMD Ryzen 9 3900X 12-Core Processor,"logical=24,cores=12,sockets=1,nodes=1",performance,rustc 1.97.0 (2d8144b78 2026-07-07),22.1.6,cargo 1.97.0 (c980f4866 2026-06-30),"release,lto=thin,debug=true",/home/bob/.cache/mess-bench,/dev/nvme0n1p3,ext4,/home,Samsung SSD 970 EVO Plus 2TB,[none] mq-deadline kyber bfq,249464512512,4096,1024,payload[i]=(i*131+17)&0xff,4.185546875,accepted,,2,2,0,5,bytes,10000,10000,41240880,5,0,0,0,41240880,0,8132462,8208405,1643039,1759969,1759969,4.190,4.190
e000838,exploratory,copy_contiguous,baseline,1,2,BAAB,k_pwrite,process,4096,1000,2,2,domain,synthetic_sweep,1,015d813736625640f12d26c5d349b92c14fd2fb4,false,a897dfa99e98479b638409c432d3d2bc8e7ba7d5ba4e5a046dd229021f58bffd,12b1dafe765a77d1a17115b0ae12cff973f20ed7d6d770fbd790695fe081288e,afaa9ca40fef1b2a362af2af235634b472665287e554d16b829c09e1a70787ac,8d5b7eba8aea53574190e7d4a6d9e7b424bc23a9e2a0b6968a27f1772509492b,6e938dfcd266a2b0eac811d7ea7eabbd5b217965f88efa81371465134dbcab11,2026-07-15T18:13:32.823437+00:00,8o8-arch,7.0.12-arch1-1,AMD Ryzen 9 3900X 12-Core Processor,"logical=24,cores=12,sockets=1,nodes=1",performance,rustc 1.97.0 (2d8144b78 2026-07-07),22.1.6,cargo 1.97.0 (c980f4866 2026-06-30),"release,lto=thin,debug=true",/home/bob/.cache/mess-bench,/dev/nvme0n1p3,ext4,/home,Samsung SSD 970 EVO Plus 2TB,[none] mq-deadline kyber bfq,249464512512,4096,1024,payload[i]=(i*131+17)&0xff,4.185546875,accepted,,2,2,0,5,bytes,10000,10000,41240880,10,0,0,0,0,0,3182301,3246078,572580,910779,910779,4.190,4.190
e000839,exploratory,copy_contiguous,baseline,1,3,BAAB,k_pwrite,process,4096,1000,2,2,domain,synthetic_sweep,1,015d813736625640f12d26c5d349b92c14fd2fb4,false,a897dfa99e98479b638409c432d3d2bc8e7ba7d5ba4e5a046dd229021f58bffd,12b1dafe765a77d1a17115b0ae12cff973f20ed7d6d770fbd790695fe081288e,afaa9ca40fef1b2a362af2af235634b472665287e554d16b829c09e1a70787ac,8d5b7eba8aea53574190e7d4a6d9e7b424bc23a9e2a0b6968a27f1772509492b,6e938dfcd266a2b0eac811d7ea7eabbd5b217965f88efa81371465134dbcab11,2026-07-15T18:13:33.854697+00:00,8o8-arch,7.0.12-arch1-1,AMD Ryzen 9 3900X 12-Core Processor,"logical=24,cores=12,sockets=1,nodes=1",performance,rustc 1.97.0 (2d8144b78 2026-07-07),22.1.6,cargo 1.97.0 (c980f4866 2026-06-30),"release,lto=thin,debug=true",/home/bob/.cache/mess-bench,/dev/nvme0n1p3,ext4,/home,Samsung SSD 970 EVO Plus 2TB,[none] mq-deadline kyber bfq,249464512512,4096,1024,payload[i]=(i*131+17)&0xff,4.185546875,accepted,,2,2,0,5,bytes,10000,10000,41240880,10,0,0,0,0,0,2848871,3091158,606130,737569,737569,4.190,4.190
e000840,exploratory,copy_contiguous,candidate,1,4,BAAB,copy_contiguous,process,4096,1000,2,2,domain,synthetic_sweep,1,015d813736625640f12d26c5d349b92c14fd2fb4,false,a897dfa99e98479b638409c432d3d2bc8e7ba7d5ba4e5a046dd229021f58bffd,12b1dafe765a77d1a17115b0ae12cff973f20ed7d6d770fbd790695fe081288e,afaa9ca40fef1b2a362af2af235634b472665287e554d16b829c09e1a70787ac,8d5b7eba8aea53574190e7d4a6d9e7b424bc23a9e2a0b6968a27f1772509492b,6e938dfcd266a2b0eac811d7ea7eabbd5b217965f88efa81371465134dbcab11,2026-07-15T18:13:34.879608+00:00,8o8-arch,7.0.12-arch1-1,AMD Ryzen 9 3900X 12-Core Processor,"logical=24,cores=12,sockets=1,nodes=1",performance,rustc 1.97.0 (2d8144b78 2026-07-07),22.1.6,cargo 1.97.0 (c980f4866 2026-06-30),"release,lto=thin,debug=true",/home/bob/.cache/mess-bench,/dev/nvme0n1p3,ext4,/home,Samsung SSD 970 EVO Plus 2TB,[none] mq-deadline kyber bfq,249464504320,4096,1024,payload[i]=(i*131+17)&0xff,4.185546875,accepted,,2,2,0,5,bytes,10000,10000,41240880,5,0,0,0,41240880,0,12099113,12197633,1802779,5170647,5170647,4.190,4.190
e000841,exploratory,pwritev_full_8m,baseline,1,1,ABBA,k_pwrite,process,4096,1000,2,2,new_name,synthetic_sweep,1,015d813736625640f12d26c5d349b92c14fd2fb4,false,a897dfa99e98479b638409c432d3d2bc8e7ba7d5ba4e5a046dd229021f58bffd,12b1dafe765a77d1a17115b0ae12cff973f20ed7d6d770fbd790695fe081288e,afaa9ca40fef1b2a362af2af235634b472665287e554d16b829c09e1a70787ac,8d5b7eba8aea53574190e7d4a6d9e7b424bc23a9e2a0b6968a27f1772509492b,6e938dfcd266a2b0eac811d7ea7eabbd5b217965f88efa81371465134dbcab11,2026-07-15T18:13:35.909896+00:00,8o8-arch,7.0.12-arch1-1,AMD Ryzen 9 3900X 12-Core Processor,"logical=24,cores=12,sockets=1,nodes=1",performance,rustc 1.97.0 (2d8144b78 2026-07-07),22.1.6,cargo 1.97.0 (c980f4866 2026-06-30),"release,lto=thin,debug=true",/home/bob/.cache/mess-bench,/dev/nvme0n1p3,ext4,/home,Samsung SSD 970 EVO Plus 2TB,[none] mq-deadline kyber bfq,249464500224,4096,1024,payload[i]=(i*131+17)&0xff,4.2509765625,accepted,,2,4,0,5,bytes,10010,10000,41242280,20,0,0,0,0,0,3003960,3031398,594639,644029,644029,4.250,4.250
e000842,exploratory,pwritev_full_8m,candidate,1,2,ABBA,pwritev_full_8m,process,4096,1000,2,2,new_name,synthetic_sweep,1,015d813736625640f12d26c5d349b92c14fd2fb4,false,a897dfa99e98479b638409c432d3d2bc8e7ba7d5ba4e5a046dd229021f58bffd,12b1dafe765a77d1a17115b0ae12cff973f20ed7d6d770fbd790695fe081288e,afaa9ca40fef1b2a362af2af235634b472665287e554d16b829c09e1a70787ac,8d5b7eba8aea53574190e7d4a6d9e7b424bc23a9e2a0b6968a27f1772509492b,6e938dfcd266a2b0eac811d7ea7eabbd5b217965f88efa81371465134dbcab11,2026-07-15T18:13:36.932850+00:00,8o8-arch,7.0.12-arch1-1,AMD Ryzen 9 3900X 12-Core Processor,"logical=24,cores=12,sockets=1,nodes=1",performance,rustc 1.97.0 (2d8144b78 2026-07-07),22.1.6,cargo 1.97.0 (c980f4866 2026-06-30),"release,lto=thin,debug=true",/home/bob/.cache/mess-bench,/dev/nvme0n1p3,ext4,/home,Samsung SSD 970 EVO Plus 2TB,[none] mq-deadline kyber bfq,249464496128,4096,1024,payload[i]=(i*131+17)&0xff,4.2509765625,accepted,,2,4,0,5,bytes,10010,10000,41242280,5,0,0,4,0,0,3115450,3149458,562669,828330,828330,4.250,4.250
e000843,exploratory,pwritev_full_8m,candidate,1,3,ABBA,pwritev_full_8m,process,4096,1000,2,2,new_name,synthetic_sweep,1,015d813736625640f12d26c5d349b92c14fd2fb4,false,a897dfa99e98479b638409c432d3d2bc8e7ba7d5ba4e5a046dd229021f58bffd,12b1dafe765a77d1a17115b0ae12cff973f20ed7d6d770fbd790695fe081288e,afaa9ca40fef1b2a362af2af235634b472665287e554d16b829c09e1a70787ac,8d5b7eba8aea53574190e7d4a6d9e7b424bc23a9e2a0b6968a27f1772509492b,6e938dfcd266a2b0eac811d7ea7eabbd5b217965f88efa81371465134dbcab11,2026-07-15T18:13:37.961961+00:00,8o8-arch,7.0.12-arch1-1,AMD Ryzen 9 3900X 12-Core Processor,"logical=24,cores=12,sockets=1,nodes=1",performance,rustc 1.97.0 (2d8144b78 2026-07-07),22.1.6,cargo 1.97.0 (c980f4866 2026-06-30),"release,lto=thin,debug=true",/home/bob/.cache/mess-bench,/dev/nvme0n1p3,ext4,/home,Samsung SSD 970 EVO Plus 2TB,[none] mq-deadline kyber bfq,249464492032,4096,1024,payload[i]=(i*131+17)&0xff,4.2509765625,accepted,,2,4,0,5,bytes,10010,10000,41242280,5,0,0,4,0,0,2757890,2770848,551620,583019,583019,4.250,4.250
e000844,exploratory,pwritev_full_8m,baseline,1,4,ABBA,k_pwrite,process,4096,1000,2,2,new_name,synthetic_sweep,1,015d813736625640f12d26c5d349b92c14fd2fb4,false,a897dfa99e98479b638409c432d3d2bc8e7ba7d5ba4e5a046dd229021f58bffd,12b1dafe765a77d1a17115b0ae12cff973f20ed7d6d770fbd790695fe081288e,afaa9ca40fef1b2a362af2af235634b472665287e554d16b829c09e1a70787ac,8d5b7eba8aea53574190e7d4a6d9e7b424bc23a9e2a0b6968a27f1772509492b,6e938dfcd266a2b0eac811d7ea7eabbd5b217965f88efa81371465134dbcab11,2026-07-15T18:13:38.990428+00:00,8o8-arch,7.0.12-arch1-1,AMD Ryzen 9 3900X 12-Core Processor,"logical=24,cores=12,sockets=1,nodes=1",performance,rustc 1.97.0 (2d8144b78 2026-07-07),22.1.6,cargo 1.97.0 (c980f4866 2026-06-30),"release,lto=thin,debug=true",/home/bob/.cache/mess-bench,/dev/nvme0n1p3,ext4,/home,Samsung SSD 970 EVO Plus 2TB,[none] mq-deadline kyber bfq,249464483840,4096,1024,payload[i]=(i*131+17)&0xff,4.2509765625,accepted,,2,4,0,5,bytes,10010,10000,41242280,20,0,0,0,0,0,2779740,2812219,554010,589830,589830,4.250,4.250
e000845,exploratory,copy_contiguous,candidate,1,1,BAAB,copy_contiguous,process,4096,1000,2,2,new_name,synthetic_sweep,1,015d813736625640f12d26c5d349b92c14fd2fb4,false,a897dfa99e98479b638409c432d3d2bc8e7ba7d5ba4e5a046dd229021f58bffd,12b1dafe765a77d1a17115b0ae12cff973f20ed7d6d770fbd790695fe081288e,afaa9ca40fef1b2a362af2af235634b472665287e554d16b829c09e1a70787ac,8d5b7eba8aea53574190e7d4a6d9e7b424bc23a9e2a0b6968a27f1772509492b,6e938dfcd266a2b0eac811d7ea7eabbd5b217965f88efa81371465134dbcab11,2026-07-15T18:13:40.023367+00:00,8o8-arch,7.0.12-arch1-1,AMD Ryzen 9 3900X 12-Core Processor,"logical=24,cores=12,sockets=1,nodes=1",performance,rustc 1.97.0 (2d8144b78 2026-07-07),22.1.6,cargo 1.97.0 (c980f4866 2026-06-30),"release,lto=thin,debug=true",/home/bob/.cache/mess-bench,/dev/nvme0n1p3,ext4,/home,Samsung SSD 970 EVO Plus 2TB,[none] mq-deadline kyber bfq,249464483840,4096,1024,payload[i]=(i*131+17)&0xff,4.2509765625,accepted,,2,4,0,5,bytes,10010,10000,41242280,5,0,0,0,41242280,0,8460682,8532775,1575609,2060989,2060989,4.250,4.250
e000846,exploratory,copy_contiguous,baseline,1,2,BAAB,k_pwrite,process,4096,1000,2,2,new_name,synthetic_sweep,1,015d813736625640f12d26c5d349b92c14fd2fb4,false,a897dfa99e98479b638409c432d3d2bc8e7ba7d5ba4e5a046dd229021f58bffd,12b1dafe765a77d1a17115b0ae12cff973f20ed7d6d770fbd790695fe081288e,afaa9ca40fef1b2a362af2af235634b472665287e554d16b829c09e1a70787ac,8d5b7eba8aea53574190e7d4a6d9e7b424bc23a9e2a0b6968a27f1772509492b,6e938dfcd266a2b0eac811d7ea7eabbd5b217965f88efa81371465134dbcab11,2026-07-15T18:13:41.053615+00:00,8o8-arch,7.0.12-arch1-1,AMD Ryzen 9 3900X 12-Core Processor,"logical=24,cores=12,sockets=1,nodes=1",performance,rustc 1.97.0 (2d8144b78 2026-07-07),22.1.6,cargo 1.97.0 (c980f4866 2026-06-30),"release,lto=thin,debug=true",/home/bob/.cache/mess-bench,/dev/nvme0n1p3,ext4,/home,Samsung SSD 970 EVO Plus 2TB,[none] mq-deadline kyber bfq,249464483840,4096,1024,payload[i]=(i*131+17)&0xff,3.91015625,accepted,,2,4,0,5,bytes,10010,10000,41242280,20,0,0,0,0,0,3322541,3337137,620319,904419,904419,3.910,3.910
e000847,exploratory,copy_contiguous,baseline,1,3,BAAB,k_pwrite,process,4096,1000,2,2,new_name,synthetic_sweep,1,015d813736625640f12d26c5d349b92c14fd2fb4,false,a897dfa99e98479b638409c432d3d2bc8e7ba7d5ba4e5a046dd229021f58bffd,12b1dafe765a77d1a17115b0ae12cff973f20ed7d6d770fbd790695fe081288e,afaa9ca40fef1b2a362af2af235634b472665287e554d16b829c09e1a70787ac,8d5b7eba8aea53574190e7d4a6d9e7b424bc23a9e2a0b6968a27f1772509492b,6e938dfcd266a2b0eac811d7ea7eabbd5b217965f88efa81371465134dbcab11,2026-07-15T18:13:42.085791+00:00,8o8-arch,7.0.12-arch1-1,AMD Ryzen 9 3900X 12-Core Processor,"logical=24,cores=12,sockets=1,nodes=1",performance,rustc 1.97.0 (2d8144b78 2026-07-07),22.1.6,cargo 1.97.0 (c980f4866 2026-06-30),"release,lto=thin,debug=true",/home/bob/.cache/mess-bench,/dev/nvme0n1p3,ext4,/home,Samsung SSD 970 EVO Plus 2TB,[none] mq-deadline kyber bfq,249464479744,4096,1024,payload[i]=(i*131+17)&0xff,3.91015625,accepted,,2,4,0,5,bytes,10010,10000,41242280,20,0,0,0,0,0,2767731,2783229,557869,588690,588690,3.910,3.910
e000848,exploratory,copy_contiguous,candidate,1,4,BAAB,copy_contiguous,process,4096,1000,2,2,new_name,synthetic_sweep,1,015d813736625640f12d26c5d349b92c14fd2fb4,false,a897dfa99e98479b638409c432d3d2bc8e7ba7d5ba4e5a046dd229021f58bffd,12b1dafe765a77d1a17115b0ae12cff973f20ed7d6d770fbd790695fe081288e,afaa9ca40fef1b2a362af2af235634b472665287e554d16b829c09e1a70787ac,8d5b7eba8aea53574190e7d4a6d9e7b424bc23a9e2a0b6968a27f1772509492b,6e938dfcd266a2b0eac811d7ea7eabbd5b217965f88efa81371465134dbcab11,2026-07-15T18:13:43.119008+00:00,8o8-arch,7.0.12-arch1-1,AMD Ryzen 9 3900X 12-Core Processor,"logical=24,cores=12,sockets=1,nodes=1",performance,rustc 1.97.0 (2d8144b78 2026-07-07),22.1.6,cargo 1.97.0 (c980f4866 2026-06-30),"release,lto=thin,debug=true",/home/bob/.cache/mess-bench,/dev/nvme0n1p3,ext4,/home,Samsung SSD 970 EVO Plus 2TB,[none] mq-deadline kyber bfq,249464475648,4096,1024,payload[i]=(i*131+17)&0xff,3.91015625,accepted,,2,4,0,5,bytes,10010,10000,41242280,5,0,0,0,41242280,0,8785173,8855545,1686989,1996818,1996818,3.910,3.910
e000849,exploratory,pwritev_full_8m,baseline,1,1,ABBA,k_pwrite,process,4096,1000,4,4,domain,synthetic_sweep,1,015d813736625640f12d26c5d349b92c14fd2fb4,false,a897dfa99e98479b638409c432d3d2bc8e7ba7d5ba4e5a046dd229021f58bffd,12b1dafe765a77d1a17115b0ae12cff973f20ed7d6d770fbd790695fe081288e,afaa9ca40fef1b2a362af2af235634b472665287e554d16b829c09e1a70787ac,8d5b7eba8aea53574190e7d4a6d9e7b424bc23a9e2a0b6968a27f1772509492b,6e938dfcd266a2b0eac811d7ea7eabbd5b217965f88efa81371465134dbcab11,2026-07-15T18:13:44.149839+00:00,8o8-arch,7.0.12-arch1-1,AMD Ryzen 9 3900X 12-Core Processor,"logical=24,cores=12,sockets=1,nodes=1",performance,rustc 1.97.0 (2d8144b78 2026-07-07),22.1.6,cargo 1.97.0 (c980f4866 2026-06-30),"release,lto=thin,debug=true",/home/bob/.cache/mess-bench,/dev/nvme0n1p3,ext4,/home,Samsung SSD 970 EVO Plus 2TB,[none] mq-deadline kyber bfq,249464475648,4096,1024,payload[i]=(i*131+17)&0xff,3.91015625,accepted,,4,4,0,3,bytes,12000,12000,49489056,12,0,0,0,0,0,5296951,5340386,1754218,1888009,1888009,3.910,3.910
e000850,exploratory,pwritev_full_8m,candidate,1,2,ABBA,pwritev_full_8m,process,4096,1000,4,4,domain,synthetic_sweep,1,015d813736625640f12d26c5d349b92c14fd2fb4,false,a897dfa99e98479b638409c432d3d2bc8e7ba7d5ba4e5a046dd229021f58bffd,12b1dafe765a77d1a17115b0ae12cff973f20ed7d6d770fbd790695fe081288e,afaa9ca40fef1b2a362af2af235634b472665287e554d16b829c09e1a70787ac,8d5b7eba8aea53574190e7d4a6d9e7b424bc23a9e2a0b6968a27f1772509492b,6e938dfcd266a2b0eac811d7ea7eabbd5b217965f88efa81371465134dbcab11,2026-07-15T18:13:45.174112+00:00,8o8-arch,7.0.12-arch1-1,AMD Ryzen 9 3900X 12-Core Processor,"logical=24,cores=12,sockets=1,nodes=1",performance,rustc 1.97.0 (2d8144b78 2026-07-07),22.1.6,cargo 1.97.0 (c980f4866 2026-06-30),"release,lto=thin,debug=true",/home/bob/.cache/mess-bench,/dev/nvme0n1p3,ext4,/home,Samsung SSD 970 EVO Plus 2TB,[none] mq-deadline kyber bfq,249464475648,4096,1024,payload[i]=(i*131+17)&0xff,3.91015625,accepted,,4,4,0,3,bytes,12000,12000,49489056,6,0,0,3,0,0,5566671,5626947,1875379,2070019,2070019,3.910,3.910
e000851,exploratory,pwritev_full_8m,candidate,1,3,ABBA,pwritev_full_8m,process,4096,1000,4,4,domain,synthetic_sweep,1,015d813736625640f12d26c5d349b92c14fd2fb4,false,a897dfa99e98479b638409c432d3d2bc8e7ba7d5ba4e5a046dd229021f58bffd,12b1dafe765a77d1a17115b0ae12cff973f20ed7d6d770fbd790695fe081288e,afaa9ca40fef1b2a362af2af235634b472665287e554d16b829c09e1a70787ac,8d5b7eba8aea53574190e7d4a6d9e7b424bc23a9e2a0b6968a27f1772509492b,6e938dfcd266a2b0eac811d7ea7eabbd5b217965f88efa81371465134dbcab11,2026-07-15T18:13:46.198539+00:00,8o8-arch,7.0.12-arch1-1,AMD Ryzen 9 3900X 12-Core Processor,"logical=24,cores=12,sockets=1,nodes=1",performance,rustc 1.97.0 (2d8144b78 2026-07-07),22.1.6,cargo 1.97.0 (c980f4866 2026-06-30),"release,lto=thin,debug=true",/home/bob/.cache/mess-bench,/dev/nvme0n1p3,ext4,/home,Samsung SSD 970 EVO Plus 2TB,[none] mq-deadline kyber bfq,249464475648,4096,1024,payload[i]=(i*131+17)&0xff,3.6767578125,accepted,,4,4,0,3,bytes,12000,12000,49489056,6,0,0,3,0,0,6158861,6221076,2055939,2110978,2110978,3.680,3.680
e000852,exploratory,pwritev_full_8m,baseline,1,4,ABBA,k_pwrite,process,4096,1000,4,4,domain,synthetic_sweep,1,015d813736625640f12d26c5d349b92c14fd2fb4,false,a897dfa99e98479b638409c432d3d2bc8e7ba7d5ba4e5a046dd229021f58bffd,12b1dafe765a77d1a17115b0ae12cff973f20ed7d6d770fbd790695fe081288e,afaa9ca40fef1b2a362af2af235634b472665287e554d16b829c09e1a70787ac,8d5b7eba8aea53574190e7d4a6d9e7b424bc23a9e2a0b6968a27f1772509492b,6e938dfcd266a2b0eac811d7ea7eabbd5b217965f88efa81371465134dbcab11,2026-07-15T18:13:47.229771+00:00,8o8-arch,7.0.12-arch1-1,AMD Ryzen 9 3900X 12-Core Processor,"logical=24,cores=12,sockets=1,nodes=1",performance,rustc 1.97.0 (2d8144b78 2026-07-07),22.1.6,cargo 1.97.0 (c980f4866 2026-06-30),"release,lto=thin,debug=true",/home/bob/.cache/mess-bench,/dev/nvme0n1p3,ext4,/home,Samsung SSD 970 EVO Plus 2TB,[none] mq-deadline kyber bfq,249464467456,4096,1024,payload[i]=(i*131+17)&0xff,3.6767578125,accepted,,4,4,0,3,bytes,12000,12000,49489056,12,0,0,0,0,0,6105251,6166397,2054929,2077899,2077899,3.680,3.680
e000853,exploratory,pwritev_full_8m,candidate,1,1,BAAB,pwritev_full_8m,process,4096,1000,4,4,new_name,synthetic_sweep,1,015d813736625640f12d26c5d349b92c14fd2fb4,false,a897dfa99e98479b638409c432d3d2bc8e7ba7d5ba4e5a046dd229021f58bffd,12b1dafe765a77d1a17115b0ae12cff973f20ed7d6d770fbd790695fe081288e,afaa9ca40fef1b2a362af2af235634b472665287e554d16b829c09e1a70787ac,8d5b7eba8aea53574190e7d4a6d9e7b424bc23a9e2a0b6968a27f1772509492b,6e938dfcd266a2b0eac811d7ea7eabbd5b217965f88efa81371465134dbcab11,2026-07-15T18:13:48.252346+00:00,8o8-arch,7.0.12-arch1-1,AMD Ryzen 9 3900X 12-Core Processor,"logical=24,cores=12,sockets=1,nodes=1",performance,rustc 1.97.0 (2d8144b78 2026-07-07),22.1.6,cargo 1.97.0 (c980f4866 2026-06-30),"release,lto=thin,debug=true",/home/bob/.cache/mess-bench,/dev/nvme0n1p3,ext4,/home,Samsung SSD 970 EVO Plus 2TB,[none] mq-deadline kyber bfq,249464467456,4096,1024,payload[i]=(i*131+17)&0xff,3.6767578125,accepted,,4,8,0,3,bytes,12012,12000,49490736,6,0,0,6,0,0,5558342,5647047,1950769,2121109,2121109,3.680,3.680
e000854,exploratory,pwritev_full_8m,baseline,1,2,BAAB,k_pwrite,process,4096,1000,4,4,new_name,synthetic_sweep,1,015d813736625640f12d26c5d349b92c14fd2fb4,false,a897dfa99e98479b638409c432d3d2bc8e7ba7d5ba4e5a046dd229021f58bffd,12b1dafe765a77d1a17115b0ae12cff973f20ed7d6d770fbd790695fe081288e,afaa9ca40fef1b2a362af2af235634b472665287e554d16b829c09e1a70787ac,8d5b7eba8aea53574190e7d4a6d9e7b424bc23a9e2a0b6968a27f1772509492b,6e938dfcd266a2b0eac811d7ea7eabbd5b217965f88efa81371465134dbcab11,2026-07-15T18:13:49.274525+00:00,8o8-arch,7.0.12-arch1-1,AMD Ryzen 9 3900X 12-Core Processor,"logical=24,cores=12,sockets=1,nodes=1",performance,rustc 1.97.0 (2d8144b78 2026-07-07),22.1.6,cargo 1.97.0 (c980f4866 2026-06-30),"release,lto=thin,debug=true",/home/bob/.cache/mess-bench,/dev/nvme0n1p3,ext4,/home,Samsung SSD 970 EVO Plus 2TB,[none] mq-deadline kyber bfq,249464467456,4096,1024,payload[i]=(i*131+17)&0xff,3.6767578125,accepted,,4,8,0,3,bytes,12012,12000,49490736,24,0,0,0,0,0,10143073,10217233,2549058,5380896,5380896,3.680,3.680
e000855,exploratory,pwritev_full_8m,baseline,1,3,BAAB,k_pwrite,process,4096,1000,4,4,new_name,synthetic_sweep,1,015d813736625640f12d26c5d349b92c14fd2fb4,false,a897dfa99e98479b638409c432d3d2bc8e7ba7d5ba4e5a046dd229021f58bffd,12b1dafe765a77d1a17115b0ae12cff973f20ed7d6d770fbd790695fe081288e,afaa9ca40fef1b2a362af2af235634b472665287e554d16b829c09e1a70787ac,8d5b7eba8aea53574190e7d4a6d9e7b424bc23a9e2a0b6968a27f1772509492b,6e938dfcd266a2b0eac811d7ea7eabbd5b217965f88efa81371465134dbcab11,2026-07-15T18:13:50.303237+00:00,8o8-arch,7.0.12-arch1-1,AMD Ryzen 9 3900X 12-Core Processor,"logical=24,cores=12,sockets=1,nodes=1",performance,rustc 1.97.0 (2d8144b78 2026-07-07),22.1.6,cargo 1.97.0 (c980f4866 2026-06-30),"release,lto=thin,debug=true",/home/bob/.cache/mess-bench,/dev/nvme0n1p3,ext4,/home,Samsung SSD 970 EVO Plus 2TB,[none] mq-deadline kyber bfq,249464463360,4096,1024,payload[i]=(i*131+17)&0xff,3.6767578125,accepted,,4,8,0,3,bytes,12012,12000,49490736,24,0,0,0,0,0,7629962,7695265,2158489,3688017,3688017,3.680,3.680
e000856,exploratory,pwritev_full_8m,candidate,1,4,BAAB,pwritev_full_8m,process,4096,1000,4,4,new_name,synthetic_sweep,1,015d813736625640f12d26c5d349b92c14fd2fb4,false,a897dfa99e98479b638409c432d3d2bc8e7ba7d5ba4e5a046dd229021f58bffd,12b1dafe765a77d1a17115b0ae12cff973f20ed7d6d770fbd790695fe081288e,afaa9ca40fef1b2a362af2af235634b472665287e554d16b829c09e1a70787ac,8d5b7eba8aea53574190e7d4a6d9e7b424bc23a9e2a0b6968a27f1772509492b,6e938dfcd266a2b0eac811d7ea7eabbd5b217965f88efa81371465134dbcab11,2026-07-15T18:13:51.327519+00:00,8o8-arch,7.0.12-arch1-1,AMD Ryzen 9 3900X 12-Core Processor,"logical=24,cores=12,sockets=1,nodes=1",performance,rustc 1.97.0 (2d8144b78 2026-07-07),22.1.6,cargo 1.97.0 (c980f4866 2026-06-30),"release,lto=thin,debug=true",/home/bob/.cache/mess-bench,/dev/nvme0n1p3,ext4,/home,Samsung SSD 970 EVO Plus 2TB,[none] mq-deadline kyber bfq,249464455168,4096,1024,payload[i]=(i*131+17)&0xff,3.38232421875,accepted,,4,8,0,3,bytes,12012,12000,49490736,6,0,0,6,0,0,4693002,4726187,1569909,1697359,1697359,3.380,3.380
e000857,exploratory,pwritev_full_8m,baseline,1,1,ABBA,k_pwrite,process,65536,1,2,2,domain,synthetic_sweep,1,015d813736625640f12d26c5d349b92c14fd2fb4,false,a897dfa99e98479b638409c432d3d2bc8e7ba7d5ba4e5a046dd229021f58bffd,12b1dafe765a77d1a17115b0ae12cff973f20ed7d6d770fbd790695fe081288e,afaa9ca40fef1b2a362af2af235634b472665287e554d16b829c09e1a70787ac,8d5b7eba8aea53574190e7d4a6d9e7b424bc23a9e2a0b6968a27f1772509492b,6e938dfcd266a2b0eac811d7ea7eabbd5b217965f88efa81371465134dbcab11,2026-07-15T18:13:52.355783+00:00,8o8-arch,7.0.12-arch1-1,AMD Ryzen 9 3900X 12-Core Processor,"logical=24,cores=12,sockets=1,nodes=1",performance,rustc 1.97.0 (2d8144b78 2026-07-07),22.1.6,cargo 1.97.0 (c980f4866 2026-06-30),"release,lto=thin,debug=true",/home/bob/.cache/mess-bench,/dev/nvme0n1p3,ext4,/home,Samsung SSD 970 EVO Plus 2TB,[none] mq-deadline kyber bfq,249464451072,4096,1024,payload[i]=(i*131+17)&0xff,3.38232421875,accepted,,2,2,0,256,bytes,512,512,33613824,512,0,0,0,0,0,2355221,2371649,8790,12230,15320,3.380,3.380
e000858,exploratory,pwritev_full_8m,candidate,1,2,ABBA,pwritev_full_8m,process,65536,1,2,2,domain,synthetic_sweep,1,015d813736625640f12d26c5d349b92c14fd2fb4,false,a897dfa99e98479b638409c432d3d2bc8e7ba7d5ba4e5a046dd229021f58bffd,12b1dafe765a77d1a17115b0ae12cff973f20ed7d6d770fbd790695fe081288e,afaa9ca40fef1b2a362af2af235634b472665287e554d16b829c09e1a70787ac,8d5b7eba8aea53574190e7d4a6d9e7b424bc23a9e2a0b6968a27f1772509492b,6e938dfcd266a2b0eac811d7ea7eabbd5b217965f88efa81371465134dbcab11,2026-07-15T18:13:53.377606+00:00,8o8-arch,7.0.12-arch1-1,AMD Ryzen 9 3900X 12-Core Processor,"logical=24,cores=12,sockets=1,nodes=1",performance,rustc 1.97.0 (2d8144b78 2026-07-07),22.1.6,cargo 1.97.0 (c980f4866 2026-06-30),"release,lto=thin,debug=true",/home/bob/.cache/mess-bench,/dev/nvme0n1p3,ext4,/home,Samsung SSD 970 EVO Plus 2TB,[none] mq-deadline kyber bfq,249464438784,4096,1024,payload[i]=(i*131+17)&0xff,3.38232421875,accepted,,2,2,0,256,bytes,512,512,33613824,256,0,0,2,0,0,1847680,1871619,6640,11250,14210,3.380,3.380
e000859,exploratory,pwritev_full_8m,candidate,1,3,ABBA,pwritev_full_8m,process,65536,1,2,2,domain,synthetic_sweep,1,015d813736625640f12d26c5d349b92c14fd2fb4,false,a897dfa99e98479b638409c432d3d2bc8e7ba7d5ba4e5a046dd229021f58bffd,12b1dafe765a77d1a17115b0ae12cff973f20ed7d6d770fbd790695fe081288e,afaa9ca40fef1b2a362af2af235634b472665287e554d16b829c09e1a70787ac,8d5b7eba8aea53574190e7d4a6d9e7b424bc23a9e2a0b6968a27f1772509492b,6e938dfcd266a2b0eac811d7ea7eabbd5b217965f88efa81371465134dbcab11,2026-07-15T18:13:54.408342+00:00,8o8-arch,7.0.12-arch1-1,AMD Ryzen 9 3900X 12-Core Processor,"logical=24,cores=12,sockets=1,nodes=1",performance,rustc 1.97.0 (2d8144b78 2026-07-07),22.1.6,cargo 1.97.0 (c980f4866 2026-06-30),"release,lto=thin,debug=true",/home/bob/.cache/mess-bench,/dev/nvme0n1p3,ext4,/home,Samsung SSD 970 EVO Plus 2TB,[none] mq-deadline kyber bfq,249464438784,4096,1024,payload[i]=(i*131+17)&0xff,3.38232421875,accepted,,2,2,0,256,bytes,512,512,33613824,256,0,0,2,0,0,1965431,1985158,7150,10430,15220,3.380,3.380
e000860,exploratory,pwritev_full_8m,baseline,1,4,ABBA,k_pwrite,process,65536,1,2,2,domain,synthetic_sweep,1,015d813736625640f12d26c5d349b92c14fd2fb4,false,a897dfa99e98479b638409c432d3d2bc8e7ba7d5ba4e5a046dd229021f58bffd,12b1dafe765a77d1a17115b0ae12cff973f20ed7d6d770fbd790695fe081288e,afaa9ca40fef1b2a362af2af235634b472665287e554d16b829c09e1a70787ac,8d5b7eba8aea53574190e7d4a6d9e7b424bc23a9e2a0b6968a27f1772509492b,6e938dfcd266a2b0eac811d7ea7eabbd5b217965f88efa81371465134dbcab11,2026-07-15T18:13:55.439141+00:00,8o8-arch,7.0.12-arch1-1,AMD Ryzen 9 3900X 12-Core Processor,"logical=24,cores=12,sockets=1,nodes=1",performance,rustc 1.97.0 (2d8144b78 2026-07-07),22.1.6,cargo 1.97.0 (c980f4866 2026-06-30),"release,lto=thin,debug=true",/home/bob/.cache/mess-bench,/dev/nvme0n1p3,ext4,/home,Samsung SSD 970 EVO Plus 2TB,[none] mq-deadline kyber bfq,249464401920,4096,1024,payload[i]=(i*131+17)&0xff,3.38232421875,accepted,,2,2,0,256,bytes,512,512,33613824,512,0,0,0,0,0,2354751,2383299,8610,14090,16310,3.380,3.380
e000861,exploratory,copy_contiguous,candidate,1,1,BAAB,copy_contiguous,process,65536,1,2,2,domain,synthetic_sweep,1,015d813736625640f12d26c5d349b92c14fd2fb4,false,a897dfa99e98479b638409c432d3d2bc8e7ba7d5ba4e5a046dd229021f58bffd,12b1dafe765a77d1a17115b0ae12cff973f20ed7d6d770fbd790695fe081288e,afaa9ca40fef1b2a362af2af235634b472665287e554d16b829c09e1a70787ac,8d5b7eba8aea53574190e7d4a6d9e7b424bc23a9e2a0b6968a27f1772509492b,6e938dfcd266a2b0eac811d7ea7eabbd5b217965f88efa81371465134dbcab11,2026-07-15T18:13:56.467204+00:00,8o8-arch,7.0.12-arch1-1,AMD Ryzen 9 3900X 12-Core Processor,"logical=24,cores=12,sockets=1,nodes=1",performance,rustc 1.97.0 (2d8144b78 2026-07-07),22.1.6,cargo 1.97.0 (c980f4866 2026-06-30),"release,lto=thin,debug=true",/home/bob/.cache/mess-bench,/dev/nvme0n1p3,ext4,/home,Samsung SSD 970 EVO Plus 2TB,[none] mq-deadline kyber bfq,249464434688,4096,1024,payload[i]=(i*131+17)&0xff,3.111328125,accepted,,2,2,0,256,bytes,512,512,33613824,256,0,0,0,33613824,0,3637491,3687008,13250,19180,26120,3.110,3.110
e000862,exploratory,copy_contiguous,baseline,1,2,BAAB,k_pwrite,process,65536,1,2,2,domain,synthetic_sweep,1,015d813736625640f12d26c5d349b92c14fd2fb4,false,a897dfa99e98479b638409c432d3d2bc8e7ba7d5ba4e5a046dd229021f58bffd,12b1dafe765a77d1a17115b0ae12cff973f20ed7d6d770fbd790695fe081288e,afaa9ca40fef1b2a362af2af235634b472665287e554d16b829c09e1a70787ac,8d5b7eba8aea53574190e7d4a6d9e7b424bc23a9e2a0b6968a27f1772509492b,6e938dfcd266a2b0eac811d7ea7eabbd5b217965f88efa81371465134dbcab11,2026-07-15T18:13:57.490697+00:00,8o8-arch,7.0.12-arch1-1,AMD Ryzen 9 3900X 12-Core Processor,"logical=24,cores=12,sockets=1,nodes=1",performance,rustc 1.97.0 (2d8144b78 2026-07-07),22.1.6,cargo 1.97.0 (c980f4866 2026-06-30),"release,lto=thin,debug=true",/home/bob/.cache/mess-bench,/dev/nvme0n1p3,ext4,/home,Samsung SSD 970 EVO Plus 2TB,[none] mq-deadline kyber bfq,249464430592,4096,1024,payload[i]=(i*131+17)&0xff,3.111328125,accepted,,2,2,0,256,bytes,512,512,33613824,512,0,0,0,0,0,2633711,2672038,9590,15800,20950,3.110,3.110
e000863,exploratory,copy_contiguous,baseline,1,3,BAAB,k_pwrite,process,65536,1,2,2,domain,synthetic_sweep,1,015d813736625640f12d26c5d349b92c14fd2fb4,false,a897dfa99e98479b638409c432d3d2bc8e7ba7d5ba4e5a046dd229021f58bffd,12b1dafe765a77d1a17115b0ae12cff973f20ed7d6d770fbd790695fe081288e,afaa9ca40fef1b2a362af2af235634b472665287e554d16b829c09e1a70787ac,8d5b7eba8aea53574190e7d4a6d9e7b424bc23a9e2a0b6968a27f1772509492b,6e938dfcd266a2b0eac811d7ea7eabbd5b217965f88efa81371465134dbcab11,2026-07-15T18:13:58.516070+00:00,8o8-arch,7.0.12-arch1-1,AMD Ryzen 9 3900X 12-Core Processor,"logical=24,cores=12,sockets=1,nodes=1",performance,rustc 1.97.0 (2d8144b78 2026-07-07),22.1.6,cargo 1.97.0 (c980f4866 2026-06-30),"release,lto=thin,debug=true",/home/bob/.cache/mess-bench,/dev/nvme0n1p3,ext4,/home,Samsung SSD 970 EVO Plus 2TB,[none] mq-deadline kyber bfq,249464414208,4096,1024,payload[i]=(i*131+17)&0xff,3.111328125,accepted,,2,2,0,256,bytes,512,512,33613824,512,0,0,0,0,0,2423160,2453969,8840,14990,16370,3.110,3.110
e000864,exploratory,copy_contiguous,candidate,1,4,BAAB,copy_contiguous,process,65536,1,2,2,domain,synthetic_sweep,1,015d813736625640f12d26c5d349b92c14fd2fb4,false,a897dfa99e98479b638409c432d3d2bc8e7ba7d5ba4e5a046dd229021f58bffd,12b1dafe765a77d1a17115b0ae12cff973f20ed7d6d770fbd790695fe081288e,afaa9ca40fef1b2a362af2af235634b472665287e554d16b829c09e1a70787ac,8d5b7eba8aea53574190e7d4a6d9e7b424bc23a9e2a0b6968a27f1772509492b,6e938dfcd266a2b0eac811d7ea7eabbd5b217965f88efa81371465134dbcab11,2026-07-15T18:13:59.542099+00:00,8o8-arch,7.0.12-arch1-1,AMD Ryzen 9 3900X 12-Core Processor,"logical=24,cores=12,sockets=1,nodes=1",performance,rustc 1.97.0 (2d8144b78 2026-07-07),22.1.6,cargo 1.97.0 (c980f4866 2026-06-30),"release,lto=thin,debug=true",/home/bob/.cache/mess-bench,/dev/nvme0n1p3,ext4,/home,Samsung SSD 970 EVO Plus 2TB,[none] mq-deadline kyber bfq,249464410112,4096,1024,payload[i]=(i*131+17)&0xff,3.111328125,accepted,,2,2,0,256,bytes,512,512,33613824,256,0,0,0,33613824,0,3249861,3405668,12300,17230,25490,3.110,3.110
e000865,exploratory,pwritev_full_8m,baseline,1,1,ABBA,k_pwrite,process,65536,1,2,2,new_name,synthetic_sweep,1,015d813736625640f12d26c5d349b92c14fd2fb4,false,a897dfa99e98479b638409c432d3d2bc8e7ba7d5ba4e5a046dd229021f58bffd,12b1dafe765a77d1a17115b0ae12cff973f20ed7d6d770fbd790695fe081288e,afaa9ca40fef1b2a362af2af235634b472665287e554d16b829c09e1a70787ac,8d5b7eba8aea53574190e7d4a6d9e7b424bc23a9e2a0b6968a27f1772509492b,6e938dfcd266a2b0eac811d7ea7eabbd5b217965f88efa81371465134dbcab11,2026-07-15T18:14:00.566783+00:00,8o8-arch,7.0.12-arch1-1,AMD Ryzen 9 3900X 12-Core Processor,"logical=24,cores=12,sockets=1,nodes=1",performance,rustc 1.97.0 (2d8144b78 2026-07-07),22.1.6,cargo 1.97.0 (c980f4866 2026-06-30),"release,lto=thin,debug=true",/home/bob/.cache/mess-bench,/dev/nvme0n1p3,ext4,/home,Samsung SSD 970 EVO Plus 2TB,[none] mq-deadline kyber bfq,249464410112,4096,1024,payload[i]=(i*131+17)&0xff,2.86181640625,accepted,,2,4,0,256,bytes,1024,512,33685504,1024,0,0,0,0,0,4178001,4206147,9360,27820,142310,2.860,2.860
e000866,exploratory,pwritev_full_8m,candidate,1,2,ABBA,pwritev_full_8m,process,65536,1,2,2,new_name,synthetic_sweep,1,015d813736625640f12d26c5d349b92c14fd2fb4,false,a897dfa99e98479b638409c432d3d2bc8e7ba7d5ba4e5a046dd229021f58bffd,12b1dafe765a77d1a17115b0ae12cff973f20ed7d6d770fbd790695fe081288e,afaa9ca40fef1b2a362af2af235634b472665287e554d16b829c09e1a70787ac,8d5b7eba8aea53574190e7d4a6d9e7b424bc23a9e2a0b6968a27f1772509492b,6e938dfcd266a2b0eac811d7ea7eabbd5b217965f88efa81371465134dbcab11,2026-07-15T18:14:01.588285+00:00,8o8-arch,7.0.12-arch1-1,AMD Ryzen 9 3900X 12-Core Processor,"logical=24,cores=12,sockets=1,nodes=1",performance,rustc 1.97.0 (2d8144b78 2026-07-07),22.1.6,cargo 1.97.0 (c980f4866 2026-06-30),"release,lto=thin,debug=true",/home/bob/.cache/mess-bench,/dev/nvme0n1p3,ext4,/home,Samsung SSD 970 EVO Plus 2TB,[none] mq-deadline kyber bfq,249464406016,4096,1024,payload[i]=(i*131+17)&0xff,2.86181640625,accepted,,2,4,0,256,bytes,1024,512,33685504,256,0,0,4,0,0,1920510,1940369,7200,8940,13330,2.860,2.860
e000867,exploratory,pwritev_full_8m,candidate,1,3,ABBA,pwritev_full_8m,process,65536,1,2,2,new_name,synthetic_sweep,1,015d813736625640f12d26c5d349b92c14fd2fb4,false,a897dfa99e98479b638409c432d3d2bc8e7ba7d5ba4e5a046dd229021f58bffd,12b1dafe765a77d1a17115b0ae12cff973f20ed7d6d770fbd790695fe081288e,afaa9ca40fef1b2a362af2af235634b472665287e554d16b829c09e1a70787ac,8d5b7eba8aea53574190e7d4a6d9e7b424bc23a9e2a0b6968a27f1772509492b,6e938dfcd266a2b0eac811d7ea7eabbd5b217965f88efa81371465134dbcab11,2026-07-15T18:14:02.615757+00:00,8o8-arch,7.0.12-arch1-1,AMD Ryzen 9 3900X 12-Core Processor,"logical=24,cores=12,sockets=1,nodes=1",performance,rustc 1.97.0 (2d8144b78 2026-07-07),22.1.6,cargo 1.97.0 (c980f4866 2026-06-30),"release,lto=thin,debug=true",/home/bob/.cache/mess-bench,/dev/nvme0n1p3,ext4,/home,Samsung SSD 970 EVO Plus 2TB,[none] mq-deadline kyber bfq,249464406016,4096,1024,payload[i]=(i*131+17)&0xff,2.86181640625,accepted,,2,4,0,256,bytes,1024,512,33685504,256,0,0,4,0,0,1897911,1917058,6590,12010,15730,2.860,2.860
e000868,exploratory,pwritev_full_8m,baseline,1,4,ABBA,k_pwrite,process,65536,1,2,2,new_name,synthetic_sweep,1,015d813736625640f12d26c5d349b92c14fd2fb4,false,a897dfa99e98479b638409c432d3d2bc8e7ba7d5ba4e5a046dd229021f58bffd,12b1dafe765a77d1a17115b0ae12cff973f20ed7d6d770fbd790695fe081288e,afaa9ca40fef1b2a362af2af235634b472665287e554d16b829c09e1a70787ac,8d5b7eba8aea53574190e7d4a6d9e7b424bc23a9e2a0b6968a27f1772509492b,6e938dfcd266a2b0eac811d7ea7eabbd5b217965f88efa81371465134dbcab11,2026-07-15T18:14:03.646345+00:00,8o8-arch,7.0.12-arch1-1,AMD Ryzen 9 3900X 12-Core Processor,"logical=24,cores=12,sockets=1,nodes=1",performance,rustc 1.97.0 (2d8144b78 2026-07-07),22.1.6,cargo 1.97.0 (c980f4866 2026-06-30),"release,lto=thin,debug=true",/home/bob/.cache/mess-bench,/dev/nvme0n1p3,ext4,/home,Samsung SSD 970 EVO Plus 2TB,[none] mq-deadline kyber bfq,249464389632,4096,1024,payload[i]=(i*131+17)&0xff,2.86181640625,accepted,,2,4,0,256,bytes,1024,512,33685504,1024,0,0,0,0,0,2643091,2666388,9710,14740,20600,2.860,2.860
e000869,exploratory,copy_contiguous,candidate,1,1,BAAB,copy_contiguous,process,65536,1,2,2,new_name,synthetic_sweep,1,015d813736625640f12d26c5d349b92c14fd2fb4,false,a897dfa99e98479b638409c432d3d2bc8e7ba7d5ba4e5a046dd229021f58bffd,12b1dafe765a77d1a17115b0ae12cff973f20ed7d6d770fbd790695fe081288e,afaa9ca40fef1b2a362af2af235634b472665287e554d16b829c09e1a70787ac,8d5b7eba8aea53574190e7d4a6d9e7b424bc23a9e2a0b6968a27f1772509492b,6e938dfcd266a2b0eac811d7ea7eabbd5b217965f88efa81371465134dbcab11,2026-07-15T18:14:04.677825+00:00,8o8-arch,7.0.12-arch1-1,AMD Ryzen 9 3900X 12-Core Processor,"logical=24,cores=12,sockets=1,nodes=1",performance,rustc 1.97.0 (2d8144b78 2026-07-07),22.1.6,cargo 1.97.0 (c980f4866 2026-06-30),"release,lto=thin,debug=true",/home/bob/.cache/mess-bench,/dev/nvme0n1p3,ext4,/home,Samsung SSD 970 EVO Plus 2TB,[none] mq-deadline kyber bfq,249464389632,4096,1024,payload[i]=(i*131+17)&0xff,2.86181640625,accepted,,2,4,0,256,bytes,1024,512,33685504,256,0,0,0,33685504,0,4152781,4187407,16070,16990,21300,2.860,2.860
e000870,exploratory,copy_contiguous,baseline,1,2,BAAB,k_pwrite,process,65536,1,2,2,new_name,synthetic_sweep,1,015d813736625640f12d26c5d349b92c14fd2fb4,false,a897dfa99e98479b638409c432d3d2bc8e7ba7d5ba4e5a046dd229021f58bffd,12b1dafe765a77d1a17115b0ae12cff973f20ed7d6d770fbd790695fe081288e,afaa9ca40fef1b2a362af2af235634b472665287e554d16b829c09e1a70787ac,8d5b7eba8aea53574190e7d4a6d9e7b424bc23a9e2a0b6968a27f1772509492b,6e938dfcd266a2b0eac811d7ea7eabbd5b217965f88efa81371465134dbcab11,2026-07-15T18:14:05.702820+00:00,8o8-arch,7.0.12-arch1-1,AMD Ryzen 9 3900X 12-Core Processor,"logical=24,cores=12,sockets=1,nodes=1",performance,rustc 1.97.0 (2d8144b78 2026-07-07),22.1.6,cargo 1.97.0 (c980f4866 2026-06-30),"release,lto=thin,debug=true",/home/bob/.cache/mess-bench,/dev/nvme0n1p3,ext4,/home,Samsung SSD 970 EVO Plus 2TB,[none] mq-deadline kyber bfq,249464381440,4096,1024,payload[i]=(i*131+17)&0xff,2.63232421875,accepted,,2,4,0,256,bytes,1024,512,33685504,1024,0,0,0,0,0,3129051,3146888,11730,15980,20250,2.630,2.630
e000871,exploratory,copy_contiguous,baseline,1,3,BAAB,k_pwrite,process,65536,1,2,2,new_name,synthetic_sweep,1,015d813736625640f12d26c5d349b92c14fd2fb4,false,a897dfa99e98479b638409c432d3d2bc8e7ba7d5ba4e5a046dd229021f58bffd,12b1dafe765a77d1a17115b0ae12cff973f20ed7d6d770fbd790695fe081288e,afaa9ca40fef1b2a362af2af235634b472665287e554d16b829c09e1a70787ac,8d5b7eba8aea53574190e7d4a6d9e7b424bc23a9e2a0b6968a27f1772509492b,6e938dfcd266a2b0eac811d7ea7eabbd5b217965f88efa81371465134dbcab11,2026-07-15T18:14:06.725034+00:00,8o8-arch,7.0.12-arch1-1,AMD Ryzen 9 3900X 12-Core Processor,"logical=24,cores=12,sockets=1,nodes=1",performance,rustc 1.97.0 (2d8144b78 2026-07-07),22.1.6,cargo 1.97.0 (c980f4866 2026-06-30),"release,lto=thin,debug=true",/home/bob/.cache/mess-bench,/dev/nvme0n1p3,ext4,/home,Samsung SSD 970 EVO Plus 2TB,[none] mq-deadline kyber bfq,249464377344,4096,1024,payload[i]=(i*131+17)&0xff,2.63232421875,accepted,,2,4,0,256,bytes,1024,512,33685504,1024,0,0,0,0,0,2906891,2928168,10680,15830,19750,2.630,2.630
e000872,exploratory,copy_contiguous,candidate,1,4,BAAB,copy_contiguous,process,65536,1,2,2,new_name,synthetic_sweep,1,015d813736625640f12d26c5d349b92c14fd2fb4,false,a897dfa99e98479b638409c432d3d2bc8e7ba7d5ba4e5a046dd229021f58bffd,12b1dafe765a77d1a17115b0ae12cff973f20ed7d6d770fbd790695fe081288e,afaa9ca40fef1b2a362af2af235634b472665287e554d16b829c09e1a70787ac,8d5b7eba8aea53574190e7d4a6d9e7b424bc23a9e2a0b6968a27f1772509492b,6e938dfcd266a2b0eac811d7ea7eabbd5b217965f88efa81371465134dbcab11,2026-07-15T18:14:07.750171+00:00,8o8-arch,7.0.12-arch1-1,AMD Ryzen 9 3900X 12-Core Processor,"logical=24,cores=12,sockets=1,nodes=1",performance,rustc 1.97.0 (2d8144b78 2026-07-07),22.1.6,cargo 1.97.0 (c980f4866 2026-06-30),"release,lto=thin,debug=true",/home/bob/.cache/mess-bench,/dev/nvme0n1p3,ext4,/home,Samsung SSD 970 EVO Plus 2TB,[none] mq-deadline kyber bfq,249464373248,4096,1024,payload[i]=(i*131+17)&0xff,2.63232421875,accepted,,2,4,0,256,bytes,1024,512,33685504,256,0,0,0,33685504,0,3813521,3853337,14500,18750,22530,2.630,2.630
e000873,exploratory,pwritev_full_8m,baseline,1,1,ABBA,k_pwrite,process,65536,1,4,4,domain,synthetic_sweep,1,015d813736625640f12d26c5d349b92c14fd2fb4,false,a897dfa99e98479b638409c432d3d2bc8e7ba7d5ba4e5a046dd229021f58bffd,12b1dafe765a77d1a17115b0ae12cff973f20ed7d6d770fbd790695fe081288e,afaa9ca40fef1b2a362af2af235634b472665287e554d16b829c09e1a70787ac,8d5b7eba8aea53574190e7d4a6d9e7b424bc23a9e2a0b6968a27f1772509492b,6e938dfcd266a2b0eac811d7ea7eabbd5b217965f88efa81371465134dbcab11,2026-07-15T18:14:08.780168+00:00,8o8-arch,7.0.12-arch1-1,AMD Ryzen 9 3900X 12-Core Processor,"logical=24,cores=12,sockets=1,nodes=1",performance,rustc 1.97.0 (2d8144b78 2026-07-07),22.1.6,cargo 1.97.0 (c980f4866 2026-06-30),"release,lto=thin,debug=true",/home/bob/.cache/mess-bench,/dev/nvme0n1p3,ext4,/home,Samsung SSD 970 EVO Plus 2TB,[none] mq-deadline kyber bfq,249464373248,4096,1024,payload[i]=(i*131+17)&0xff,2.63232421875,accepted,,4,4,0,128,bytes,512,512,33613824,512,0,0,0,0,0,3749730,3788027,28060,35640,38390,2.630,2.630
e000874,exploratory,pwritev_full_8m,candidate,1,2,ABBA,pwritev_full_8m,process,65536,1,4,4,domain,synthetic_sweep,1,015d813736625640f12d26c5d349b92c14fd2fb4,false,a897dfa99e98479b638409c432d3d2bc8e7ba7d5ba4e5a046dd229021f58bffd,12b1dafe765a77d1a17115b0ae12cff973f20ed7d6d770fbd790695fe081288e,afaa9ca40fef1b2a362af2af235634b472665287e554d16b829c09e1a70787ac,8d5b7eba8aea53574190e7d4a6d9e7b424bc23a9e2a0b6968a27f1772509492b,6e938dfcd266a2b0eac811d7ea7eabbd5b217965f88efa81371465134dbcab11,2026-07-15T18:14:09.812802+00:00,8o8-arch,7.0.12-arch1-1,AMD Ryzen 9 3900X 12-Core Processor,"logical=24,cores=12,sockets=1,nodes=1",performance,rustc 1.97.0 (2d8144b78 2026-07-07),22.1.6,cargo 1.97.0 (c980f4866 2026-06-30),"release,lto=thin,debug=true",/home/bob/.cache/mess-bench,/dev/nvme0n1p3,ext4,/home,Samsung SSD 970 EVO Plus 2TB,[none] mq-deadline kyber bfq,249464365056,4096,1024,payload[i]=(i*131+17)&0xff,2.63232421875,accepted,,4,4,0,128,bytes,512,512,33613824,128,0,0,4,0,0,2590560,2624878,19550,26480,31570,2.630,2.630
e000875,exploratory,pwritev_full_8m,candidate,1,3,ABBA,pwritev_full_8m,process,65536,1,4,4,domain,synthetic_sweep,1,015d813736625640f12d26c5d349b92c14fd2fb4,false,a897dfa99e98479b638409c432d3d2bc8e7ba7d5ba4e5a046dd229021f58bffd,12b1dafe765a77d1a17115b0ae12cff973f20ed7d6d770fbd790695fe081288e,afaa9ca40fef1b2a362af2af235634b472665287e554d16b829c09e1a70787ac,8d5b7eba8aea53574190e7d4a6d9e7b424bc23a9e2a0b6968a27f1772509492b,6e938dfcd266a2b0eac811d7ea7eabbd5b217965f88efa81371465134dbcab11,2026-07-15T18:14:10.843568+00:00,8o8-arch,7.0.12-arch1-1,AMD Ryzen 9 3900X 12-Core Processor,"logical=24,cores=12,sockets=1,nodes=1",performance,rustc 1.97.0 (2d8144b78 2026-07-07),22.1.6,cargo 1.97.0 (c980f4866 2026-06-30),"release,lto=thin,debug=true",/home/bob/.cache/mess-bench,/dev/nvme0n1p3,ext4,/home,Samsung SSD 970 EVO Plus 2TB,[none] mq-deadline kyber bfq,249464365056,4096,1024,payload[i]=(i*131+17)&0xff,2.50146484375,accepted,,4,4,0,128,bytes,512,512,33613824,128,0,0,4,0,0,2574540,2592559,19850,23300,29060,2.500,2.500
e000876,exploratory,pwritev_full_8m,baseline,1,4,ABBA,k_pwrite,process,65536,1,4,4,domain,synthetic_sweep,1,015d813736625640f12d26c5d349b92c14fd2fb4,false,a897dfa99e98479b638409c432d3d2bc8e7ba7d5ba4e5a046dd229021f58bffd,12b1dafe765a77d1a17115b0ae12cff973f20ed7d6d770fbd790695fe081288e,afaa9ca40fef1b2a362af2af235634b472665287e554d16b829c09e1a70787ac,8d5b7eba8aea53574190e7d4a6d9e7b424bc23a9e2a0b6968a27f1772509492b,6e938dfcd266a2b0eac811d7ea7eabbd5b217965f88efa81371465134dbcab11,2026-07-15T18:14:11.879042+00:00,8o8-arch,7.0.12-arch1-1,AMD Ryzen 9 3900X 12-Core Processor,"logical=24,cores=12,sockets=1,nodes=1",performance,rustc 1.97.0 (2d8144b78 2026-07-07),22.1.6,cargo 1.97.0 (c980f4866 2026-06-30),"release,lto=thin,debug=true",/home/bob/.cache/mess-bench,/dev/nvme0n1p3,ext4,/home,Samsung SSD 970 EVO Plus 2TB,[none] mq-deadline kyber bfq,249464356864,4096,1024,payload[i]=(i*131+17)&0xff,2.50146484375,accepted,,4,4,0,128,bytes,512,512,33613824,512,0,0,0,0,0,3437471,3456158,26560,30130,36780,2.500,2.500
e000877,exploratory,copy_contiguous,candidate,1,1,BAAB,copy_contiguous,process,65536,1,4,4,domain,synthetic_sweep,1,015d813736625640f12d26c5d349b92c14fd2fb4,false,a897dfa99e98479b638409c432d3d2bc8e7ba7d5ba4e5a046dd229021f58bffd,12b1dafe765a77d1a17115b0ae12cff973f20ed7d6d770fbd790695fe081288e,afaa9ca40fef1b2a362af2af235634b472665287e554d16b829c09e1a70787ac,8d5b7eba8aea53574190e7d4a6d9e7b424bc23a9e2a0b6968a27f1772509492b,6e938dfcd266a2b0eac811d7ea7eabbd5b217965f88efa81371465134dbcab11,2026-07-15T18:14:12.904151+00:00,8o8-arch,7.0.12-arch1-1,AMD Ryzen 9 3900X 12-Core Processor,"logical=24,cores=12,sockets=1,nodes=1",performance,rustc 1.97.0 (2d8144b78 2026-07-07),22.1.6,cargo 1.97.0 (c980f4866 2026-06-30),"release,lto=thin,debug=true",/home/bob/.cache/mess-bench,/dev/nvme0n1p3,ext4,/home,Samsung SSD 970 EVO Plus 2TB,[none] mq-deadline kyber bfq,249464356864,4096,1024,payload[i]=(i*131+17)&0xff,2.50146484375,accepted,,4,4,0,128,bytes,512,512,33613824,128,0,0,0,33613824,0,4995631,5044637,38080,49360,54620,2.500,2.500
e000878,exploratory,copy_contiguous,baseline,1,2,BAAB,k_pwrite,process,65536,1,4,4,domain,synthetic_sweep,1,015d813736625640f12d26c5d349b92c14fd2fb4,false,a897dfa99e98479b638409c432d3d2bc8e7ba7d5ba4e5a046dd229021f58bffd,12b1dafe765a77d1a17115b0ae12cff973f20ed7d6d770fbd790695fe081288e,afaa9ca40fef1b2a362af2af235634b472665287e554d16b829c09e1a70787ac,8d5b7eba8aea53574190e7d4a6d9e7b424bc23a9e2a0b6968a27f1772509492b,6e938dfcd266a2b0eac811d7ea7eabbd5b217965f88efa81371465134dbcab11,2026-07-15T18:14:13.935739+00:00,8o8-arch,7.0.12-arch1-1,AMD Ryzen 9 3900X 12-Core Processor,"logical=24,cores=12,sockets=1,nodes=1",performance,rustc 1.97.0 (2d8144b78 2026-07-07),22.1.6,cargo 1.97.0 (c980f4866 2026-06-30),"release,lto=thin,debug=true",/home/bob/.cache/mess-bench,/dev/nvme0n1p3,ext4,/home,Samsung SSD 970 EVO Plus 2TB,[none] mq-deadline kyber bfq,249464352768,4096,1024,payload[i]=(i*131+17)&0xff,2.50146484375,accepted,,4,4,0,128,bytes,512,512,33613824,512,0,0,0,0,0,3561851,3586868,27160,33620,43290,2.500,2.500
e000879,exploratory,copy_contiguous,baseline,1,3,BAAB,k_pwrite,process,65536,1,4,4,domain,synthetic_sweep,1,015d813736625640f12d26c5d349b92c14fd2fb4,false,a897dfa99e98479b638409c432d3d2bc8e7ba7d5ba4e5a046dd229021f58bffd,12b1dafe765a77d1a17115b0ae12cff973f20ed7d6d770fbd790695fe081288e,afaa9ca40fef1b2a362af2af235634b472665287e554d16b829c09e1a70787ac,8d5b7eba8aea53574190e7d4a6d9e7b424bc23a9e2a0b6968a27f1772509492b,6e938dfcd266a2b0eac811d7ea7eabbd5b217965f88efa81371465134dbcab11,2026-07-15T18:14:14.963157+00:00,8o8-arch,7.0.12-arch1-1,AMD Ryzen 9 3900X 12-Core Processor,"logical=24,cores=12,sockets=1,nodes=1",performance,rustc 1.97.0 (2d8144b78 2026-07-07),22.1.6,cargo 1.97.0 (c980f4866 2026-06-30),"release,lto=thin,debug=true",/home/bob/.cache/mess-bench,/dev/nvme0n1p3,ext4,/home,Samsung SSD 970 EVO Plus 2TB,[none] mq-deadline kyber bfq,249464352768,4096,1024,payload[i]=(i*131+17)&0xff,2.50146484375,accepted,,4,4,0,128,bytes,512,512,33613824,512,0,0,0,0,0,4510231,4556747,26610,35630,397510,2.500,2.500
e000880,exploratory,copy_contiguous,candidate,1,4,BAAB,copy_contiguous,process,65536,1,4,4,domain,synthetic_sweep,1,015d813736625640f12d26c5d349b92c14fd2fb4,false,a897dfa99e98479b638409c432d3d2bc8e7ba7d5ba4e5a046dd229021f58bffd,12b1dafe765a77d1a17115b0ae12cff973f20ed7d6d770fbd790695fe081288e,afaa9ca40fef1b2a362af2af235634b472665287e554d16b829c09e1a70787ac,8d5b7eba8aea53574190e7d4a6d9e7b424bc23a9e2a0b6968a27f1772509492b,6e938dfcd266a2b0eac811d7ea7eabbd5b217965f88efa81371465134dbcab11,2026-07-15T18:14:15.991550+00:00,8o8-arch,7.0.12-arch1-1,AMD Ryzen 9 3900X 12-Core Processor,"logical=24,cores=12,sockets=1,nodes=1",performance,rustc 1.97.0 (2d8144b78 2026-07-07),22.1.6,cargo 1.97.0 (c980f4866 2026-06-30),"release,lto=thin,debug=true",/home/bob/.cache/mess-bench,/dev/nvme0n1p3,ext4,/home,Samsung SSD 970 EVO Plus 2TB,[none] mq-deadline kyber bfq,249464348672,4096,1024,payload[i]=(i*131+17)&0xff,2.94189453125,accepted,,4,4,0,128,bytes,512,512,33613824,128,0,0,0,33613824,0,7784341,8545865,38920,58950,569550,2.940,2.940
e000881,exploratory,pwritev_full_8m,baseline,1,1,ABBA,k_pwrite,process,65536,1,4,4,new_name,synthetic_sweep,1,015d813736625640f12d26c5d349b92c14fd2fb4,false,a897dfa99e98479b638409c432d3d2bc8e7ba7d5ba4e5a046dd229021f58bffd,12b1dafe765a77d1a17115b0ae12cff973f20ed7d6d770fbd790695fe081288e,afaa9ca40fef1b2a362af2af235634b472665287e554d16b829c09e1a70787ac,8d5b7eba8aea53574190e7d4a6d9e7b424bc23a9e2a0b6968a27f1772509492b,6e938dfcd266a2b0eac811d7ea7eabbd5b217965f88efa81371465134dbcab11,2026-07-15T18:14:17.016930+00:00,8o8-arch,7.0.12-arch1-1,AMD Ryzen 9 3900X 12-Core Processor,"logical=24,cores=12,sockets=1,nodes=1",performance,rustc 1.97.0 (2d8144b78 2026-07-07),22.1.6,cargo 1.97.0 (c980f4866 2026-06-30),"release,lto=thin,debug=true",/home/bob/.cache/mess-bench,/dev/nvme0n1p3,ext4,/home,Samsung SSD 970 EVO Plus 2TB,[none] mq-deadline kyber bfq,249464348672,4096,1024,payload[i]=(i*131+17)&0xff,2.94189453125,accepted,,4,8,0,128,bytes,1024,512,33685504,1024,0,0,0,0,0,3746711,3784707,28660,36050,41770,2.940,2.940
e000882,exploratory,pwritev_full_8m,candidate,1,2,ABBA,pwritev_full_8m,process,65536,1,4,4,new_name,synthetic_sweep,1,015d813736625640f12d26c5d349b92c14fd2fb4,false,a897dfa99e98479b638409c432d3d2bc8e7ba7d5ba4e5a046dd229021f58bffd,12b1dafe765a77d1a17115b0ae12cff973f20ed7d6d770fbd790695fe081288e,afaa9ca40fef1b2a362af2af235634b472665287e554d16b829c09e1a70787ac,8d5b7eba8aea53574190e7d4a6d9e7b424bc23a9e2a0b6968a27f1772509492b,6e938dfcd266a2b0eac811d7ea7eabbd5b217965f88efa81371465134dbcab11,2026-07-15T18:14:18.043826+00:00,8o8-arch,7.0.12-arch1-1,AMD Ryzen 9 3900X 12-Core Processor,"logical=24,cores=12,sockets=1,nodes=1",performance,rustc 1.97.0 (2d8144b78 2026-07-07),22.1.6,cargo 1.97.0 (c980f4866 2026-06-30),"release,lto=thin,debug=true",/home/bob/.cache/mess-bench,/dev/nvme0n1p3,ext4,/home,Samsung SSD 970 EVO Plus 2TB,[none] mq-deadline kyber bfq,249464344576,4096,1024,payload[i]=(i*131+17)&0xff,2.94189453125,accepted,,4,8,0,128,bytes,1024,512,33685504,128,0,0,8,0,0,2690081,2720429,19950,27840,33250,2.940,2.940
e000883,exploratory,pwritev_full_8m,candidate,1,3,ABBA,pwritev_full_8m,process,65536,1,4,4,new_name,synthetic_sweep,1,015d813736625640f12d26c5d349b92c14fd2fb4,false,a897dfa99e98479b638409c432d3d2bc8e7ba7d5ba4e5a046dd229021f58bffd,12b1dafe765a77d1a17115b0ae12cff973f20ed7d6d770fbd790695fe081288e,afaa9ca40fef1b2a362af2af235634b472665287e554d16b829c09e1a70787ac,8d5b7eba8aea53574190e7d4a6d9e7b424bc23a9e2a0b6968a27f1772509492b,6e938dfcd266a2b0eac811d7ea7eabbd5b217965f88efa81371465134dbcab11,2026-07-15T18:14:19.066767+00:00,8o8-arch,7.0.12-arch1-1,AMD Ryzen 9 3900X 12-Core Processor,"logical=24,cores=12,sockets=1,nodes=1",performance,rustc 1.97.0 (2d8144b78 2026-07-07),22.1.6,cargo 1.97.0 (c980f4866 2026-06-30),"release,lto=thin,debug=true",/home/bob/.cache/mess-bench,/dev/nvme0n1p3,ext4,/home,Samsung SSD 970 EVO Plus 2TB,[none] mq-deadline kyber bfq,249464340480,4096,1024,payload[i]=(i*131+17)&0xff,2.94189453125,accepted,,4,8,0,128,bytes,1024,512,33685504,128,0,0,8,0,0,5954382,6015776,21580,37300,643850,2.940,2.940
e000884,exploratory,pwritev_full_8m,baseline,1,4,ABBA,k_pwrite,process,65536,1,4,4,new_name,synthetic_sweep,1,015d813736625640f12d26c5d349b92c14fd2fb4,false,a897dfa99e98479b638409c432d3d2bc8e7ba7d5ba4e5a046dd229021f58bffd,12b1dafe765a77d1a17115b0ae12cff973f20ed7d6d770fbd790695fe081288e,afaa9ca40fef1b2a362af2af235634b472665287e554d16b829c09e1a70787ac,8d5b7eba8aea53574190e7d4a6d9e7b424bc23a9e2a0b6968a27f1772509492b,6e938dfcd266a2b0eac811d7ea7eabbd5b217965f88efa81371465134dbcab11,2026-07-15T18:14:20.089066+00:00,8o8-arch,7.0.12-arch1-1,AMD Ryzen 9 3900X 12-Core Processor,"logical=24,cores=12,sockets=1,nodes=1",performance,rustc 1.97.0 (2d8144b78 2026-07-07),22.1.6,cargo 1.97.0 (c980f4866 2026-06-30),"release,lto=thin,debug=true",/home/bob/.cache/mess-bench,/dev/nvme0n1p3,ext4,/home,Samsung SSD 970 EVO Plus 2TB,[none] mq-deadline kyber bfq,249464332288,4096,1024,payload[i]=(i*131+17)&0xff,2.94189453125,accepted,,4,8,0,128,bytes,1024,512,33685504,1024,0,0,0,0,0,3683851,3702298,28120,34550,41190,2.940,2.940
e000885,exploratory,copy_contiguous,candidate,1,1,BAAB,copy_contiguous,process,65536,1,4,4,new_name,synthetic_sweep,1,015d813736625640f12d26c5d349b92c14fd2fb4,false,a897dfa99e98479b638409c432d3d2bc8e7ba7d5ba4e5a046dd229021f58bffd,12b1dafe765a77d1a17115b0ae12cff973f20ed7d6d770fbd790695fe081288e,afaa9ca40fef1b2a362af2af235634b472665287e554d16b829c09e1a70787ac,8d5b7eba8aea53574190e7d4a6d9e7b424bc23a9e2a0b6968a27f1772509492b,6e938dfcd266a2b0eac811d7ea7eabbd5b217965f88efa81371465134dbcab11,2026-07-15T18:14:21.120492+00:00,8o8-arch,7.0.12-arch1-1,AMD Ryzen 9 3900X 12-Core Processor,"logical=24,cores=12,sockets=1,nodes=1",performance,rustc 1.97.0 (2d8144b78 2026-07-07),22.1.6,cargo 1.97.0 (c980f4866 2026-06-30),"release,lto=thin,debug=true",/home/bob/.cache/mess-bench,/dev/nvme0n1p3,ext4,/home,Samsung SSD 970 EVO Plus 2TB,[none] mq-deadline kyber bfq,249464332288,4096,1024,payload[i]=(i*131+17)&0xff,2.7861328125,accepted,,4,8,0,128,bytes,1024,512,33685504,128,0,0,0,33685504,0,5131952,5182107,38980,48240,69030,2.790,2.790
e000886,exploratory,copy_contiguous,baseline,1,2,BAAB,k_pwrite,process,65536,1,4,4,new_name,synthetic_sweep,1,015d813736625640f12d26c5d349b92c14fd2fb4,false,a897dfa99e98479b638409c432d3d2bc8e7ba7d5ba4e5a046dd229021f58bffd,12b1dafe765a77d1a17115b0ae12cff973f20ed7d6d770fbd790695fe081288e,afaa9ca40fef1b2a362af2af235634b472665287e554d16b829c09e1a70787ac,8d5b7eba8aea53574190e7d4a6d9e7b424bc23a9e2a0b6968a27f1772509492b,6e938dfcd266a2b0eac811d7ea7eabbd5b217965f88efa81371465134dbcab11,2026-07-15T18:14:22.152596+00:00,8o8-arch,7.0.12-arch1-1,AMD Ryzen 9 3900X 12-Core Processor,"logical=24,cores=12,sockets=1,nodes=1",performance,rustc 1.97.0 (2d8144b78 2026-07-07),22.1.6,cargo 1.97.0 (c980f4866 2026-06-30),"release,lto=thin,debug=true",/home/bob/.cache/mess-bench,/dev/nvme0n1p3,ext4,/home,Samsung SSD 970 EVO Plus 2TB,[none] mq-deadline kyber bfq,249464328192,4096,1024,payload[i]=(i*131+17)&0xff,2.7861328125,accepted,,4,8,0,128,bytes,1024,512,33685504,1024,0,0,0,0,0,3862311,3909348,29180,38240,50110,2.790,2.790
e000887,exploratory,copy_contiguous,baseline,1,3,BAAB,k_pwrite,process,65536,1,4,4,new_name,synthetic_sweep,1,015d813736625640f12d26c5d349b92c14fd2fb4,false,a897dfa99e98479b638409c432d3d2bc8e7ba7d5ba4e5a046dd229021f58bffd,12b1dafe765a77d1a17115b0ae12cff973f20ed7d6d770fbd790695fe081288e,afaa9ca40fef1b2a362af2af235634b472665287e554d16b829c09e1a70787ac,8d5b7eba8aea53574190e7d4a6d9e7b424bc23a9e2a0b6968a27f1772509492b,6e938dfcd266a2b0eac811d7ea7eabbd5b217965f88efa81371465134dbcab11,2026-07-15T18:14:23.180064+00:00,8o8-arch,7.0.12-arch1-1,AMD Ryzen 9 3900X 12-Core Processor,"logical=24,cores=12,sockets=1,nodes=1",performance,rustc 1.97.0 (2d8144b78 2026-07-07),22.1.6,cargo 1.97.0 (c980f4866 2026-06-30),"release,lto=thin,debug=true",/home/bob/.cache/mess-bench,/dev/nvme0n1p3,ext4,/home,Samsung SSD 970 EVO Plus 2TB,[none] mq-deadline kyber bfq,249464328192,4096,1024,payload[i]=(i*131+17)&0xff,2.7861328125,accepted,,4,8,0,128,bytes,1024,512,33685504,1024,0,0,0,0,0,3888171,3940107,29000,38310,49460,2.790,2.790
e000888,exploratory,copy_contiguous,candidate,1,4,BAAB,copy_contiguous,process,65536,1,4,4,new_name,synthetic_sweep,1,015d813736625640f12d26c5d349b92c14fd2fb4,false,a897dfa99e98479b638409c432d3d2bc8e7ba7d5ba4e5a046dd229021f58bffd,12b1dafe765a77d1a17115b0ae12cff973f20ed7d6d770fbd790695fe081288e,afaa9ca40fef1b2a362af2af235634b472665287e554d16b829c09e1a70787ac,8d5b7eba8aea53574190e7d4a6d9e7b424bc23a9e2a0b6968a27f1772509492b,6e938dfcd266a2b0eac811d7ea7eabbd5b217965f88efa81371465134dbcab11,2026-07-15T18:14:24.212218+00:00,8o8-arch,7.0.12-arch1-1,AMD Ryzen 9 3900X 12-Core Processor,"logical=24,cores=12,sockets=1,nodes=1",performance,rustc 1.97.0 (2d8144b78 2026-07-07),22.1.6,cargo 1.97.0 (c980f4866 2026-06-30),"release,lto=thin,debug=true",/home/bob/.cache/mess-bench,/dev/nvme0n1p3,ext4,/home,Samsung SSD 970 EVO Plus 2TB,[none] mq-deadline kyber bfq,249464324096,4096,1024,payload[i]=(i*131+17)&0xff,2.7861328125,accepted,,4,8,0,128,bytes,1024,512,33685504,128,0,0,0,33685504,0,4874561,4920427,37810,42830,56310,2.790,2.790
e000889,exploratory,pwritev_full_8m,baseline,1,1,ABBA,k_pwrite,process,65536,10,2,2,domain,synthetic_sweep,1,015d813736625640f12d26c5d349b92c14fd2fb4,false,a897dfa99e98479b638409c432d3d2bc8e7ba7d5ba4e5a046dd229021f58bffd,12b1dafe765a77d1a17115b0ae12cff973f20ed7d6d770fbd790695fe081288e,afaa9ca40fef1b2a362af2af235634b472665287e554d16b829c09e1a70787ac,8d5b7eba8aea53574190e7d4a6d9e7b424bc23a9e2a0b6968a27f1772509492b,6e938dfcd266a2b0eac811d7ea7eabbd5b217965f88efa81371465134dbcab11,2026-07-15T18:14:25.242584+00:00,8o8-arch,7.0.12-arch1-1,AMD Ryzen 9 3900X 12-Core Processor,"logical=24,cores=12,sockets=1,nodes=1",performance,rustc 1.97.0 (2d8144b78 2026-07-07),22.1.6,cargo 1.97.0 (c980f4866 2026-06-30),"release,lto=thin,debug=true",/home/bob/.cache/mess-bench,/dev/nvme0n1p3,ext4,/home,Samsung SSD 970 EVO Plus 2TB,[none] mq-deadline kyber bfq,249464324096,4096,1024,payload[i]=(i*131+17)&0xff,2.7861328125,accepted,,2,2,0,26,bytes,520,520,34097856,52,0,0,0,0,0,2788801,2821858,105590,124340,138920,2.790,2.790
e000890,exploratory,pwritev_full_8m,candidate,1,2,ABBA,pwritev_full_8m,process,65536,10,2,2,domain,synthetic_sweep,1,015d813736625640f12d26c5d349b92c14fd2fb4,false,a897dfa99e98479b638409c432d3d2bc8e7ba7d5ba4e5a046dd229021f58bffd,12b1dafe765a77d1a17115b0ae12cff973f20ed7d6d770fbd790695fe081288e,afaa9ca40fef1b2a362af2af235634b472665287e554d16b829c09e1a70787ac,8d5b7eba8aea53574190e7d4a6d9e7b424bc23a9e2a0b6968a27f1772509492b,6e938dfcd266a2b0eac811d7ea7eabbd5b217965f88efa81371465134dbcab11,2026-07-15T18:14:26.266201+00:00,8o8-arch,7.0.12-arch1-1,AMD Ryzen 9 3900X 12-Core Processor,"logical=24,cores=12,sockets=1,nodes=1",performance,rustc 1.97.0 (2d8144b78 2026-07-07),22.1.6,cargo 1.97.0 (c980f4866 2026-06-30),"release,lto=thin,debug=true",/home/bob/.cache/mess-bench,/dev/nvme0n1p3,ext4,/home,Samsung SSD 970 EVO Plus 2TB,[none] mq-deadline kyber bfq,249464283136,4096,1024,payload[i]=(i*131+17)&0xff,2.72314453125,accepted,,2,2,0,26,bytes,520,520,34097856,26,0,0,2,0,0,2967171,2983878,113350,131910,137650,2.720,2.720
e000891,exploratory,pwritev_full_8m,candidate,1,3,ABBA,pwritev_full_8m,process,65536,10,2,2,domain,synthetic_sweep,1,015d813736625640f12d26c5d349b92c14fd2fb4,false,a897dfa99e98479b638409c432d3d2bc8e7ba7d5ba4e5a046dd229021f58bffd,12b1dafe765a77d1a17115b0ae12cff973f20ed7d6d770fbd790695fe081288e,afaa9ca40fef1b2a362af2af235634b472665287e554d16b829c09e1a70787ac,8d5b7eba8aea53574190e7d4a6d9e7b424bc23a9e2a0b6968a27f1772509492b,6e938dfcd266a2b0eac811d7ea7eabbd5b217965f88efa81371465134dbcab11,2026-07-15T18:14:27.288148+00:00,8o8-arch,7.0.12-arch1-1,AMD Ryzen 9 3900X 12-Core Processor,"logical=24,cores=12,sockets=1,nodes=1",performance,rustc 1.97.0 (2d8144b78 2026-07-07),22.1.6,cargo 1.97.0 (c980f4866 2026-06-30),"release,lto=thin,debug=true",/home/bob/.cache/mess-bench,/dev/nvme0n1p3,ext4,/home,Samsung SSD 970 EVO Plus 2TB,[none] mq-deadline kyber bfq,249464311808,4096,1024,payload[i]=(i*131+17)&0xff,2.72314453125,accepted,,2,2,0,26,bytes,520,520,34097856,26,0,0,2,0,0,2903561,2938889,107740,135210,137170,2.720,2.720
e000892,exploratory,pwritev_full_8m,baseline,1,4,ABBA,k_pwrite,process,65536,10,2,2,domain,synthetic_sweep,1,015d813736625640f12d26c5d349b92c14fd2fb4,false,a897dfa99e98479b638409c432d3d2bc8e7ba7d5ba4e5a046dd229021f58bffd,12b1dafe765a77d1a17115b0ae12cff973f20ed7d6d770fbd790695fe081288e,afaa9ca40fef1b2a362af2af235634b472665287e554d16b829c09e1a70787ac,8d5b7eba8aea53574190e7d4a6d9e7b424bc23a9e2a0b6968a27f1772509492b,6e938dfcd266a2b0eac811d7ea7eabbd5b217965f88efa81371465134dbcab11,2026-07-15T18:14:28.314606+00:00,8o8-arch,7.0.12-arch1-1,AMD Ryzen 9 3900X 12-Core Processor,"logical=24,cores=12,sockets=1,nodes=1",performance,rustc 1.97.0 (2d8144b78 2026-07-07),22.1.6,cargo 1.97.0 (c980f4866 2026-06-30),"release,lto=thin,debug=true",/home/bob/.cache/mess-bench,/dev/nvme0n1p3,ext4,/home,Samsung SSD 970 EVO Plus 2TB,[none] mq-deadline kyber bfq,249464320000,4096,1024,payload[i]=(i*131+17)&0xff,2.72314453125,accepted,,2,2,0,26,bytes,520,520,34097856,52,0,0,0,0,0,2901651,2922548,112200,119549,120490,2.720,2.720
e000893,exploratory,copy_contiguous,candidate,1,1,BAAB,copy_contiguous,process,65536,10,2,2,domain,synthetic_sweep,1,015d813736625640f12d26c5d349b92c14fd2fb4,false,a897dfa99e98479b638409c432d3d2bc8e7ba7d5ba4e5a046dd229021f58bffd,12b1dafe765a77d1a17115b0ae12cff973f20ed7d6d770fbd790695fe081288e,afaa9ca40fef1b2a362af2af235634b472665287e554d16b829c09e1a70787ac,8d5b7eba8aea53574190e7d4a6d9e7b424bc23a9e2a0b6968a27f1772509492b,6e938dfcd266a2b0eac811d7ea7eabbd5b217965f88efa81371465134dbcab11,2026-07-15T18:14:29.346662+00:00,8o8-arch,7.0.12-arch1-1,AMD Ryzen 9 3900X 12-Core Processor,"logical=24,cores=12,sockets=1,nodes=1",performance,rustc 1.97.0 (2d8144b78 2026-07-07),22.1.6,cargo 1.97.0 (c980f4866 2026-06-30),"release,lto=thin,debug=true",/home/bob/.cache/mess-bench,/dev/nvme0n1p3,ext4,/home,Samsung SSD 970 EVO Plus 2TB,[none] mq-deadline kyber bfq,249464315904,4096,1024,payload[i]=(i*131+17)&0xff,2.72314453125,accepted,,2,2,0,26,bytes,520,520,34097856,26,0,0,0,34097856,0,5129331,5177376,193659,235260,279580,2.720,2.720
e000894,exploratory,copy_contiguous,baseline,1,2,BAAB,k_pwrite,process,65536,10,2,2,domain,synthetic_sweep,1,015d813736625640f12d26c5d349b92c14fd2fb4,false,a897dfa99e98479b638409c432d3d2bc8e7ba7d5ba4e5a046dd229021f58bffd,12b1dafe765a77d1a17115b0ae12cff973f20ed7d6d770fbd790695fe081288e,afaa9ca40fef1b2a362af2af235634b472665287e554d16b829c09e1a70787ac,8d5b7eba8aea53574190e7d4a6d9e7b424bc23a9e2a0b6968a27f1772509492b,6e938dfcd266a2b0eac811d7ea7eabbd5b217965f88efa81371465134dbcab11,2026-07-15T18:14:30.373105+00:00,8o8-arch,7.0.12-arch1-1,AMD Ryzen 9 3900X 12-Core Processor,"logical=24,cores=12,sockets=1,nodes=1",performance,rustc 1.97.0 (2d8144b78 2026-07-07),22.1.6,cargo 1.97.0 (c980f4866 2026-06-30),"release,lto=thin,debug=true",/home/bob/.cache/mess-bench,/dev/nvme0n1p3,ext4,/home,Samsung SSD 970 EVO Plus 2TB,[none] mq-deadline kyber bfq,249464315904,4096,1024,payload[i]=(i*131+17)&0xff,2.72314453125,accepted,,2,2,0,26,bytes,520,520,34097856,52,0,0,0,0,0,3053011,3134188,115060,144910,209859,2.720,2.720
e000895,exploratory,copy_contiguous,baseline,1,3,BAAB,k_pwrite,process,65536,10,2,2,domain,synthetic_sweep,1,015d813736625640f12d26c5d349b92c14fd2fb4,false,a897dfa99e98479b638409c432d3d2bc8e7ba7d5ba4e5a046dd229021f58bffd,12b1dafe765a77d1a17115b0ae12cff973f20ed7d6d770fbd790695fe081288e,afaa9ca40fef1b2a362af2af235634b472665287e554d16b829c09e1a70787ac,8d5b7eba8aea53574190e7d4a6d9e7b424bc23a9e2a0b6968a27f1772509492b,6e938dfcd266a2b0eac811d7ea7eabbd5b217965f88efa81371465134dbcab11,2026-07-15T18:14:31.394734+00:00,8o8-arch,7.0.12-arch1-1,AMD Ryzen 9 3900X 12-Core Processor,"logical=24,cores=12,sockets=1,nodes=1",performance,rustc 1.97.0 (2d8144b78 2026-07-07),22.1.6,cargo 1.97.0 (c980f4866 2026-06-30),"release,lto=thin,debug=true",/home/bob/.cache/mess-bench,/dev/nvme0n1p3,ext4,/home,Samsung SSD 970 EVO Plus 2TB,[none] mq-deadline kyber bfq,249464311808,4096,1024,payload[i]=(i*131+17)&0xff,2.5048828125,accepted,,2,2,0,26,bytes,520,520,34097856,52,0,0,0,0,0,2954720,2973108,113959,124050,133360,2.500,2.500
e000896,exploratory,copy_contiguous,candidate,1,4,BAAB,copy_contiguous,process,65536,10,2,2,domain,synthetic_sweep,1,015d813736625640f12d26c5d349b92c14fd2fb4,false,a897dfa99e98479b638409c432d3d2bc8e7ba7d5ba4e5a046dd229021f58bffd,12b1dafe765a77d1a17115b0ae12cff973f20ed7d6d770fbd790695fe081288e,afaa9ca40fef1b2a362af2af235634b472665287e554d16b829c09e1a70787ac,8d5b7eba8aea53574190e7d4a6d9e7b424bc23a9e2a0b6968a27f1772509492b,6e938dfcd266a2b0eac811d7ea7eabbd5b217965f88efa81371465134dbcab11,2026-07-15T18:14:32.420835+00:00,8o8-arch,7.0.12-arch1-1,AMD Ryzen 9 3900X 12-Core Processor,"logical=24,cores=12,sockets=1,nodes=1",performance,rustc 1.97.0 (2d8144b78 2026-07-07),22.1.6,cargo 1.97.0 (c980f4866 2026-06-30),"release,lto=thin,debug=true",/home/bob/.cache/mess-bench,/dev/nvme0n1p3,ext4,/home,Samsung SSD 970 EVO Plus 2TB,[none] mq-deadline kyber bfq,249464303616,4096,1024,payload[i]=(i*131+17)&0xff,2.5048828125,accepted,,2,2,0,26,bytes,520,520,34097856,26,0,0,0,34097856,0,8260302,8330925,230910,760050,1897048,2.500,2.500
e000897,exploratory,pwritev_full_8m,baseline,1,1,ABBA,k_pwrite,process,65536,10,2,2,new_name,synthetic_sweep,1,015d813736625640f12d26c5d349b92c14fd2fb4,false,a897dfa99e98479b638409c432d3d2bc8e7ba7d5ba4e5a046dd229021f58bffd,12b1dafe765a77d1a17115b0ae12cff973f20ed7d6d770fbd790695fe081288e,afaa9ca40fef1b2a362af2af235634b472665287e554d16b829c09e1a70787ac,8d5b7eba8aea53574190e7d4a6d9e7b424bc23a9e2a0b6968a27f1772509492b,6e938dfcd266a2b0eac811d7ea7eabbd5b217965f88efa81371465134dbcab11,2026-07-15T18:14:33.451464+00:00,8o8-arch,7.0.12-arch1-1,AMD Ryzen 9 3900X 12-Core Processor,"logical=24,cores=12,sockets=1,nodes=1",performance,rustc 1.97.0 (2d8144b78 2026-07-07),22.1.6,cargo 1.97.0 (c980f4866 2026-06-30),"release,lto=thin,debug=true",/home/bob/.cache/mess-bench,/dev/nvme0n1p3,ext4,/home,Samsung SSD 970 EVO Plus 2TB,[none] mq-deadline kyber bfq,249464303616,4096,1024,payload[i]=(i*131+17)&0xff,2.5048828125,accepted,,2,4,0,26,bytes,572,520,34105136,104,0,0,0,0,0,3065961,3091168,120920,129230,144480,2.500,2.500
e000898,exploratory,pwritev_full_8m,candidate,1,2,ABBA,pwritev_full_8m,process,65536,10,2,2,new_name,synthetic_sweep,1,015d813736625640f12d26c5d349b92c14fd2fb4,false,a897dfa99e98479b638409c432d3d2bc8e7ba7d5ba4e5a046dd229021f58bffd,12b1dafe765a77d1a17115b0ae12cff973f20ed7d6d770fbd790695fe081288e,afaa9ca40fef1b2a362af2af235634b472665287e554d16b829c09e1a70787ac,8d5b7eba8aea53574190e7d4a6d9e7b424bc23a9e2a0b6968a27f1772509492b,6e938dfcd266a2b0eac811d7ea7eabbd5b217965f88efa81371465134dbcab11,2026-07-15T18:14:34.477666+00:00,8o8-arch,7.0.12-arch1-1,AMD Ryzen 9 3900X 12-Core Processor,"logical=24,cores=12,sockets=1,nodes=1",performance,rustc 1.97.0 (2d8144b78 2026-07-07),22.1.6,cargo 1.97.0 (c980f4866 2026-06-30),"release,lto=thin,debug=true",/home/bob/.cache/mess-bench,/dev/nvme0n1p3,ext4,/home,Samsung SSD 970 EVO Plus 2TB,[none] mq-deadline kyber bfq,249464299520,4096,1024,payload[i]=(i*131+17)&0xff,2.5048828125,accepted,,2,4,0,26,bytes,572,520,34105136,26,0,0,4,0,0,2757051,2774858,104620,117010,118030,2.500,2.500
e000899,exploratory,pwritev_full_8m,candidate,1,3,ABBA,pwritev_full_8m,process,65536,10,2,2,new_name,synthetic_sweep,1,015d813736625640f12d26c5d349b92c14fd2fb4,false,a897dfa99e98479b638409c432d3d2bc8e7ba7d5ba4e5a046dd229021f58bffd,12b1dafe765a77d1a17115b0ae12cff973f20ed7d6d770fbd790695fe081288e,afaa9ca40fef1b2a362af2af235634b472665287e554d16b829c09e1a70787ac,8d5b7eba8aea53574190e7d4a6d9e7b424bc23a9e2a0b6968a27f1772509492b,6e938dfcd266a2b0eac811d7ea7eabbd5b217965f88efa81371465134dbcab11,2026-07-15T18:14:35.501215+00:00,8o8-arch,7.0.12-arch1-1,AMD Ryzen 9 3900X 12-Core Processor,"logical=24,cores=12,sockets=1,nodes=1",performance,rustc 1.97.0 (2d8144b78 2026-07-07),22.1.6,cargo 1.97.0 (c980f4866 2026-06-30),"release,lto=thin,debug=true",/home/bob/.cache/mess-bench,/dev/nvme0n1p3,ext4,/home,Samsung SSD 970 EVO Plus 2TB,[none] mq-deadline kyber bfq,249464295424,4096,1024,payload[i]=(i*131+17)&0xff,2.38427734375,accepted,,2,4,0,26,bytes,572,520,34105136,26,0,0,4,0,0,3041591,3170779,121800,145150,180580,2.380,2.380
e000900,exploratory,pwritev_full_8m,baseline,1,4,ABBA,k_pwrite,process,65536,10,2,2,new_name,synthetic_sweep,1,015d813736625640f12d26c5d349b92c14fd2fb4,false,a897dfa99e98479b638409c432d3d2bc8e7ba7d5ba4e5a046dd229021f58bffd,12b1dafe765a77d1a17115b0ae12cff973f20ed7d6d770fbd790695fe081288e,afaa9ca40fef1b2a362af2af235634b472665287e554d16b829c09e1a70787ac,8d5b7eba8aea53574190e7d4a6d9e7b424bc23a9e2a0b6968a27f1772509492b,6e938dfcd266a2b0eac811d7ea7eabbd5b217965f88efa81371465134dbcab11,2026-07-15T18:14:36.530615+00:00,8o8-arch,7.0.12-arch1-1,AMD Ryzen 9 3900X 12-Core Processor,"logical=24,cores=12,sockets=1,nodes=1",performance,rustc 1.97.0 (2d8144b78 2026-07-07),22.1.6,cargo 1.97.0 (c980f4866 2026-06-30),"release,lto=thin,debug=true",/home/bob/.cache/mess-bench,/dev/nvme0n1p3,ext4,/home,Samsung SSD 970 EVO Plus 2TB,[none] mq-deadline kyber bfq,249464291328,4096,1024,payload[i]=(i*131+17)&0xff,2.38427734375,accepted,,2,4,0,26,bytes,572,520,34105136,104,0,0,0,0,0,3252431,3360769,112900,216280,223790,2.380,2.380
e000901,exploratory,copy_contiguous,candidate,1,1,BAAB,copy_contiguous,process,65536,10,2,2,new_name,synthetic_sweep,1,015d813736625640f12d26c5d349b92c14fd2fb4,false,a897dfa99e98479b638409c432d3d2bc8e7ba7d5ba4e5a046dd229021f58bffd,12b1dafe765a77d1a17115b0ae12cff973f20ed7d6d770fbd790695fe081288e,afaa9ca40fef1b2a362af2af235634b472665287e554d16b829c09e1a70787ac,8d5b7eba8aea53574190e7d4a6d9e7b424bc23a9e2a0b6968a27f1772509492b,6e938dfcd266a2b0eac811d7ea7eabbd5b217965f88efa81371465134dbcab11,2026-07-15T18:14:37.560245+00:00,8o8-arch,7.0.12-arch1-1,AMD Ryzen 9 3900X 12-Core Processor,"logical=24,cores=12,sockets=1,nodes=1",performance,rustc 1.97.0 (2d8144b78 2026-07-07),22.1.6,cargo 1.97.0 (c980f4866 2026-06-30),"release,lto=thin,debug=true",/home/bob/.cache/mess-bench,/dev/nvme0n1p3,ext4,/home,Samsung SSD 970 EVO Plus 2TB,[none] mq-deadline kyber bfq,249464287232,4096,1024,payload[i]=(i*131+17)&0xff,2.38427734375,accepted,,2,4,0,26,bytes,572,520,34105136,26,0,0,0,34105136,0,8680422,8742055,192790,285179,3772617,2.380,2.380
e000902,exploratory,copy_contiguous,baseline,1,2,BAAB,k_pwrite,process,65536,10,2,2,new_name,synthetic_sweep,1,015d813736625640f12d26c5d349b92c14fd2fb4,false,a897dfa99e98479b638409c432d3d2bc8e7ba7d5ba4e5a046dd229021f58bffd,12b1dafe765a77d1a17115b0ae12cff973f20ed7d6d770fbd790695fe081288e,afaa9ca40fef1b2a362af2af235634b472665287e554d16b829c09e1a70787ac,8d5b7eba8aea53574190e7d4a6d9e7b424bc23a9e2a0b6968a27f1772509492b,6e938dfcd266a2b0eac811d7ea7eabbd5b217965f88efa81371465134dbcab11,2026-07-15T18:14:38.585256+00:00,8o8-arch,7.0.12-arch1-1,AMD Ryzen 9 3900X 12-Core Processor,"logical=24,cores=12,sockets=1,nodes=1",performance,rustc 1.97.0 (2d8144b78 2026-07-07),22.1.6,cargo 1.97.0 (c980f4866 2026-06-30),"release,lto=thin,debug=true",/home/bob/.cache/mess-bench,/dev/nvme0n1p3,ext4,/home,Samsung SSD 970 EVO Plus 2TB,[none] mq-deadline kyber bfq,249464283136,4096,1024,payload[i]=(i*131+17)&0xff,2.38427734375,accepted,,2,4,0,26,bytes,572,520,34105136,104,0,0,0,0,0,2974601,3066578,114050,152720,180980,2.380,2.380
e000903,exploratory,copy_contiguous,baseline,1,3,BAAB,k_pwrite,process,65536,10,2,2,new_name,synthetic_sweep,1,015d813736625640f12d26c5d349b92c14fd2fb4,false,a897dfa99e98479b638409c432d3d2bc8e7ba7d5ba4e5a046dd229021f58bffd,12b1dafe765a77d1a17115b0ae12cff973f20ed7d6d770fbd790695fe081288e,afaa9ca40fef1b2a362af2af235634b472665287e554d16b829c09e1a70787ac,8d5b7eba8aea53574190e7d4a6d9e7b424bc23a9e2a0b6968a27f1772509492b,6e938dfcd266a2b0eac811d7ea7eabbd5b217965f88efa81371465134dbcab11,2026-07-15T18:14:39.608985+00:00,8o8-arch,7.0.12-arch1-1,AMD Ryzen 9 3900X 12-Core Processor,"logical=24,cores=12,sockets=1,nodes=1",performance,rustc 1.97.0 (2d8144b78 2026-07-07),22.1.6,cargo 1.97.0 (c980f4866 2026-06-30),"release,lto=thin,debug=true",/home/bob/.cache/mess-bench,/dev/nvme0n1p3,ext4,/home,Samsung SSD 970 EVO Plus 2TB,[none] mq-deadline kyber bfq,249464279040,4096,1024,payload[i]=(i*131+17)&0xff,2.38427734375,accepted,,2,4,0,26,bytes,572,520,34105136,104,0,0,0,0,0,2926251,2948488,113420,118980,121059,2.380,2.380
e000904,exploratory,copy_contiguous,candidate,1,4,BAAB,copy_contiguous,process,65536,10,2,2,new_name,synthetic_sweep,1,015d813736625640f12d26c5d349b92c14fd2fb4,false,a897dfa99e98479b638409c432d3d2bc8e7ba7d5ba4e5a046dd229021f58bffd,12b1dafe765a77d1a17115b0ae12cff973f20ed7d6d770fbd790695fe081288e,afaa9ca40fef1b2a362af2af235634b472665287e554d16b829c09e1a70787ac,8d5b7eba8aea53574190e7d4a6d9e7b424bc23a9e2a0b6968a27f1772509492b,6e938dfcd266a2b0eac811d7ea7eabbd5b217965f88efa81371465134dbcab11,2026-07-15T18:14:40.631942+00:00,8o8-arch,7.0.12-arch1-1,AMD Ryzen 9 3900X 12-Core Processor,"logical=24,cores=12,sockets=1,nodes=1",performance,rustc 1.97.0 (2d8144b78 2026-07-07),22.1.6,cargo 1.97.0 (c980f4866 2026-06-30),"release,lto=thin,debug=true",/home/bob/.cache/mess-bench,/dev/nvme0n1p3,ext4,/home,Samsung SSD 970 EVO Plus 2TB,[none] mq-deadline kyber bfq,249464270848,4096,1024,payload[i]=(i*131+17)&0xff,2.19287109375,accepted,,2,4,0,26,bytes,572,520,34105136,26,0,0,0,34105136,0,5233791,5300716,201240,223000,263879,2.190,2.190
e000905,exploratory,pwritev_full_8m,baseline,1,1,ABBA,k_pwrite,process,65536,10,4,4,domain,synthetic_sweep,1,015d813736625640f12d26c5d349b92c14fd2fb4,false,a897dfa99e98479b638409c432d3d2bc8e7ba7d5ba4e5a046dd229021f58bffd,12b1dafe765a77d1a17115b0ae12cff973f20ed7d6d770fbd790695fe081288e,afaa9ca40fef1b2a362af2af235634b472665287e554d16b829c09e1a70787ac,8d5b7eba8aea53574190e7d4a6d9e7b424bc23a9e2a0b6968a27f1772509492b,6e938dfcd266a2b0eac811d7ea7eabbd5b217965f88efa81371465134dbcab11,2026-07-15T18:14:41.655430+00:00,8o8-arch,7.0.12-arch1-1,AMD Ryzen 9 3900X 12-Core Processor,"logical=24,cores=12,sockets=1,nodes=1",performance,rustc 1.97.0 (2d8144b78 2026-07-07),22.1.6,cargo 1.97.0 (c980f4866 2026-06-30),"release,lto=thin,debug=true",/home/bob/.cache/mess-bench,/dev/nvme0n1p3,ext4,/home,Samsung SSD 970 EVO Plus 2TB,[none] mq-deadline kyber bfq,249464270848,4096,1024,payload[i]=(i*131+17)&0xff,2.19287109375,accepted,,4,4,0,13,bytes,520,520,34097856,52,0,0,0,0,0,6459581,6505076,229700,888299,3110108,2.190,2.190
e000906,exploratory,pwritev_full_8m,candidate,1,2,ABBA,pwritev_full_8m,process,65536,10,4,4,domain,synthetic_sweep,1,015d813736625640f12d26c5d349b92c14fd2fb4,false,a897dfa99e98479b638409c432d3d2bc8e7ba7d5ba4e5a046dd229021f58bffd,12b1dafe765a77d1a17115b0ae12cff973f20ed7d6d770fbd790695fe081288e,afaa9ca40fef1b2a362af2af235634b472665287e554d16b829c09e1a70787ac,8d5b7eba8aea53574190e7d4a6d9e7b424bc23a9e2a0b6968a27f1772509492b,6e938dfcd266a2b0eac811d7ea7eabbd5b217965f88efa81371465134dbcab11,2026-07-15T18:14:42.686127+00:00,8o8-arch,7.0.12-arch1-1,AMD Ryzen 9 3900X 12-Core Processor,"logical=24,cores=12,sockets=1,nodes=1",performance,rustc 1.97.0 (2d8144b78 2026-07-07),22.1.6,cargo 1.97.0 (c980f4866 2026-06-30),"release,lto=thin,debug=true",/home/bob/.cache/mess-bench,/dev/nvme0n1p3,ext4,/home,Samsung SSD 970 EVO Plus 2TB,[none] mq-deadline kyber bfq,249464270848,4096,1024,payload[i]=(i*131+17)&0xff,2.19287109375,accepted,,4,4,0,13,bytes,520,520,34097856,13,0,0,4,0,0,2841870,2864008,219980,233710,236600,2.190,2.190
e000907,exploratory,pwritev_full_8m,candidate,1,3,ABBA,pwritev_full_8m,process,65536,10,4,4,domain,synthetic_sweep,1,015d813736625640f12d26c5d349b92c14fd2fb4,false,a897dfa99e98479b638409c432d3d2bc8e7ba7d5ba4e5a046dd229021f58bffd,12b1dafe765a77d1a17115b0ae12cff973f20ed7d6d770fbd790695fe081288e,afaa9ca40fef1b2a362af2af235634b472665287e554d16b829c09e1a70787ac,8d5b7eba8aea53574190e7d4a6d9e7b424bc23a9e2a0b6968a27f1772509492b,6e938dfcd266a2b0eac811d7ea7eabbd5b217965f88efa81371465134dbcab11,2026-07-15T18:14:43.711243+00:00,8o8-arch,7.0.12-arch1-1,AMD Ryzen 9 3900X 12-Core Processor,"logical=24,cores=12,sockets=1,nodes=1",performance,rustc 1.97.0 (2d8144b78 2026-07-07),22.1.6,cargo 1.97.0 (c980f4866 2026-06-30),"release,lto=thin,debug=true",/home/bob/.cache/mess-bench,/dev/nvme0n1p3,ext4,/home,Samsung SSD 970 EVO Plus 2TB,[none] mq-deadline kyber bfq,249464270848,4096,1024,payload[i]=(i*131+17)&0xff,2.19287109375,accepted,,4,4,0,13,bytes,520,520,34097856,13,0,0,4,0,0,2817321,2846628,208150,249659,310780,2.190,2.190
e000908,exploratory,pwritev_full_8m,baseline,1,4,ABBA,k_pwrite,process,65536,10,4,4,domain,synthetic_sweep,1,015d813736625640f12d26c5d349b92c14fd2fb4,false,a897dfa99e98479b638409c432d3d2bc8e7ba7d5ba4e5a046dd229021f58bffd,12b1dafe765a77d1a17115b0ae12cff973f20ed7d6d770fbd790695fe081288e,afaa9ca40fef1b2a362af2af235634b472665287e554d16b829c09e1a70787ac,8d5b7eba8aea53574190e7d4a6d9e7b424bc23a9e2a0b6968a27f1772509492b,6e938dfcd266a2b0eac811d7ea7eabbd5b217965f88efa81371465134dbcab11,2026-07-15T18:14:44.742829+00:00,8o8-arch,7.0.12-arch1-1,AMD Ryzen 9 3900X 12-Core Processor,"logical=24,cores=12,sockets=1,nodes=1",performance,rustc 1.97.0 (2d8144b78 2026-07-07),22.1.6,cargo 1.97.0 (c980f4866 2026-06-30),"release,lto=thin,debug=true",/home/bob/.cache/mess-bench,/dev/nvme0n1p3,ext4,/home,Samsung SSD 970 EVO Plus 2TB,[none] mq-deadline kyber bfq,249464258560,4096,1024,payload[i]=(i*131+17)&0xff,2.19287109375,accepted,,4,4,0,13,bytes,520,520,34097856,52,0,0,0,0,0,2905001,2936628,224720,245760,261990,2.190,2.190
e000909,exploratory,copy_contiguous,candidate,1,1,BAAB,copy_contiguous,process,65536,10,4,4,domain,synthetic_sweep,1,015d813736625640f12d26c5d349b92c14fd2fb4,false,a897dfa99e98479b638409c432d3d2bc8e7ba7d5ba4e5a046dd229021f58bffd,12b1dafe765a77d1a17115b0ae12cff973f20ed7d6d770fbd790695fe081288e,afaa9ca40fef1b2a362af2af235634b472665287e554d16b829c09e1a70787ac,8d5b7eba8aea53574190e7d4a6d9e7b424bc23a9e2a0b6968a27f1772509492b,6e938dfcd266a2b0eac811d7ea7eabbd5b217965f88efa81371465134dbcab11,2026-07-15T18:14:45.771860+00:00,8o8-arch,7.0.12-arch1-1,AMD Ryzen 9 3900X 12-Core Processor,"logical=24,cores=12,sockets=1,nodes=1",performance,rustc 1.97.0 (2d8144b78 2026-07-07),22.1.6,cargo 1.97.0 (c980f4866 2026-06-30),"release,lto=thin,debug=true",/home/bob/.cache/mess-bench,/dev/nvme0n1p3,ext4,/home,Samsung SSD 970 EVO Plus 2TB,[none] mq-deadline kyber bfq,249464258560,4096,1024,payload[i]=(i*131+17)&0xff,2.2578125,accepted,,4,4,0,13,bytes,520,520,34097856,13,0,0,0,34097856,0,4915101,4945427,381180,386310,388470,2.260,2.260
e000910,exploratory,copy_contiguous,baseline,1,2,BAAB,k_pwrite,process,65536,10,4,4,domain,synthetic_sweep,1,015d813736625640f12d26c5d349b92c14fd2fb4,false,a897dfa99e98479b638409c432d3d2bc8e7ba7d5ba4e5a046dd229021f58bffd,12b1dafe765a77d1a17115b0ae12cff973f20ed7d6d770fbd790695fe081288e,afaa9ca40fef1b2a362af2af235634b472665287e554d16b829c09e1a70787ac,8d5b7eba8aea53574190e7d4a6d9e7b424bc23a9e2a0b6968a27f1772509492b,6e938dfcd266a2b0eac811d7ea7eabbd5b217965f88efa81371465134dbcab11,2026-07-15T18:14:46.800643+00:00,8o8-arch,7.0.12-arch1-1,AMD Ryzen 9 3900X 12-Core Processor,"logical=24,cores=12,sockets=1,nodes=1",performance,rustc 1.97.0 (2d8144b78 2026-07-07),22.1.6,cargo 1.97.0 (c980f4866 2026-06-30),"release,lto=thin,debug=true",/home/bob/.cache/mess-bench,/dev/nvme0n1p3,ext4,/home,Samsung SSD 970 EVO Plus 2TB,[none] mq-deadline kyber bfq,249464258560,4096,1024,payload[i]=(i*131+17)&0xff,2.2578125,accepted,,4,4,0,13,bytes,520,520,34097856,52,0,0,0,0,0,2918251,2934718,225540,236610,238160,2.260,2.260
e000911,exploratory,copy_contiguous,baseline,1,3,BAAB,k_pwrite,process,65536,10,4,4,domain,synthetic_sweep,1,015d813736625640f12d26c5d349b92c14fd2fb4,false,a897dfa99e98479b638409c432d3d2bc8e7ba7d5ba4e5a046dd229021f58bffd,12b1dafe765a77d1a17115b0ae12cff973f20ed7d6d770fbd790695fe081288e,afaa9ca40fef1b2a362af2af235634b472665287e554d16b829c09e1a70787ac,8d5b7eba8aea53574190e7d4a6d9e7b424bc23a9e2a0b6968a27f1772509492b,6e938dfcd266a2b0eac811d7ea7eabbd5b217965f88efa81371465134dbcab11,2026-07-15T18:14:47.829437+00:00,8o8-arch,7.0.12-arch1-1,AMD Ryzen 9 3900X 12-Core Processor,"logical=24,cores=12,sockets=1,nodes=1",performance,rustc 1.97.0 (2d8144b78 2026-07-07),22.1.6,cargo 1.97.0 (c980f4866 2026-06-30),"release,lto=thin,debug=true",/home/bob/.cache/mess-bench,/dev/nvme0n1p3,ext4,/home,Samsung SSD 970 EVO Plus 2TB,[none] mq-deadline kyber bfq,249464254464,4096,1024,payload[i]=(i*131+17)&0xff,2.2578125,accepted,,4,4,0,13,bytes,520,520,34097856,52,0,0,0,0,0,2845070,2869378,219950,230120,230790,2.260,2.260
e000912,exploratory,copy_contiguous,candidate,1,4,BAAB,copy_contiguous,process,65536,10,4,4,domain,synthetic_sweep,1,015d813736625640f12d26c5d349b92c14fd2fb4,false,a897dfa99e98479b638409c432d3d2bc8e7ba7d5ba4e5a046dd229021f58bffd,12b1dafe765a77d1a17115b0ae12cff973f20ed7d6d770fbd790695fe081288e,afaa9ca40fef1b2a362af2af235634b472665287e554d16b829c09e1a70787ac,8d5b7eba8aea53574190e7d4a6d9e7b424bc23a9e2a0b6968a27f1772509492b,6e938dfcd266a2b0eac811d7ea7eabbd5b217965f88efa81371465134dbcab11,2026-07-15T18:14:48.864066+00:00,8o8-arch,7.0.12-arch1-1,AMD Ryzen 9 3900X 12-Core Processor,"logical=24,cores=12,sockets=1,nodes=1",performance,rustc 1.97.0 (2d8144b78 2026-07-07),22.1.6,cargo 1.97.0 (c980f4866 2026-06-30),"release,lto=thin,debug=true",/home/bob/.cache/mess-bench,/dev/nvme0n1p3,ext4,/home,Samsung SSD 970 EVO Plus 2TB,[none] mq-deadline kyber bfq,249464250368,4096,1024,payload[i]=(i*131+17)&0xff,2.2578125,accepted,,4,4,0,13,bytes,520,520,34097856,13,0,0,0,34097856,0,5017161,5067706,379499,403860,487850,2.260,2.260
e000913,exploratory,pwritev_full_8m,baseline,1,1,ABBA,k_pwrite,process,65536,10,4,4,new_name,synthetic_sweep,1,015d813736625640f12d26c5d349b92c14fd2fb4,false,a897dfa99e98479b638409c432d3d2bc8e7ba7d5ba4e5a046dd229021f58bffd,12b1dafe765a77d1a17115b0ae12cff973f20ed7d6d770fbd790695fe081288e,afaa9ca40fef1b2a362af2af235634b472665287e554d16b829c09e1a70787ac,8d5b7eba8aea53574190e7d4a6d9e7b424bc23a9e2a0b6968a27f1772509492b,6e938dfcd266a2b0eac811d7ea7eabbd5b217965f88efa81371465134dbcab11,2026-07-15T18:14:49.893229+00:00,8o8-arch,7.0.12-arch1-1,AMD Ryzen 9 3900X 12-Core Processor,"logical=24,cores=12,sockets=1,nodes=1",performance,rustc 1.97.0 (2d8144b78 2026-07-07),22.1.6,cargo 1.97.0 (c980f4866 2026-06-30),"release,lto=thin,debug=true",/home/bob/.cache/mess-bench,/dev/nvme0n1p3,ext4,/home,Samsung SSD 970 EVO Plus 2TB,[none] mq-deadline kyber bfq,249464246272,4096,1024,payload[i]=(i*131+17)&0xff,2.2578125,accepted,,4,8,0,13,bytes,572,520,34105136,104,0,0,0,0,0,2977211,2996828,227550,245520,274360,2.260,2.260
e000914,exploratory,pwritev_full_8m,candidate,1,2,ABBA,pwritev_full_8m,process,65536,10,4,4,new_name,synthetic_sweep,1,015d813736625640f12d26c5d349b92c14fd2fb4,false,a897dfa99e98479b638409c432d3d2bc8e7ba7d5ba4e5a046dd229021f58bffd,12b1dafe765a77d1a17115b0ae12cff973f20ed7d6d770fbd790695fe081288e,afaa9ca40fef1b2a362af2af235634b472665287e554d16b829c09e1a70787ac,8d5b7eba8aea53574190e7d4a6d9e7b424bc23a9e2a0b6968a27f1772509492b,6e938dfcd266a2b0eac811d7ea7eabbd5b217965f88efa81371465134dbcab11,2026-07-15T18:14:50.925650+00:00,8o8-arch,7.0.12-arch1-1,AMD Ryzen 9 3900X 12-Core Processor,"logical=24,cores=12,sockets=1,nodes=1",performance,rustc 1.97.0 (2d8144b78 2026-07-07),22.1.6,cargo 1.97.0 (c980f4866 2026-06-30),"release,lto=thin,debug=true",/home/bob/.cache/mess-bench,/dev/nvme0n1p3,ext4,/home,Samsung SSD 970 EVO Plus 2TB,[none] mq-deadline kyber bfq,249464242176,4096,1024,payload[i]=(i*131+17)&0xff,2.15673828125,accepted,,4,8,0,13,bytes,572,520,34105136,13,0,0,8,0,0,3049700,3227098,223530,338260,425669,2.160,2.160
e000915,exploratory,pwritev_full_8m,candidate,1,3,ABBA,pwritev_full_8m,process,65536,10,4,4,new_name,synthetic_sweep,1,015d813736625640f12d26c5d349b92c14fd2fb4,false,a897dfa99e98479b638409c432d3d2bc8e7ba7d5ba4e5a046dd229021f58bffd,12b1dafe765a77d1a17115b0ae12cff973f20ed7d6d770fbd790695fe081288e,afaa9ca40fef1b2a362af2af235634b472665287e554d16b829c09e1a70787ac,8d5b7eba8aea53574190e7d4a6d9e7b424bc23a9e2a0b6968a27f1772509492b,6e938dfcd266a2b0eac811d7ea7eabbd5b217965f88efa81371465134dbcab11,2026-07-15T18:14:51.950670+00:00,8o8-arch,7.0.12-arch1-1,AMD Ryzen 9 3900X 12-Core Processor,"logical=24,cores=12,sockets=1,nodes=1",performance,rustc 1.97.0 (2d8144b78 2026-07-07),22.1.6,cargo 1.97.0 (c980f4866 2026-06-30),"release,lto=thin,debug=true",/home/bob/.cache/mess-bench,/dev/nvme0n1p3,ext4,/home,Samsung SSD 970 EVO Plus 2TB,[none] mq-deadline kyber bfq,249464242176,4096,1024,payload[i]=(i*131+17)&0xff,2.15673828125,accepted,,4,8,0,13,bytes,572,520,34105136,13,0,0,8,0,0,3140960,3177338,242019,271850,317680,2.160,2.160
e000916,exploratory,pwritev_full_8m,baseline,1,4,ABBA,k_pwrite,process,65536,10,4,4,new_name,synthetic_sweep,1,015d813736625640f12d26c5d349b92c14fd2fb4,false,a897dfa99e98479b638409c432d3d2bc8e7ba7d5ba4e5a046dd229021f58bffd,12b1dafe765a77d1a17115b0ae12cff973f20ed7d6d770fbd790695fe081288e,afaa9ca40fef1b2a362af2af235634b472665287e554d16b829c09e1a70787ac,8d5b7eba8aea53574190e7d4a6d9e7b424bc23a9e2a0b6968a27f1772509492b,6e938dfcd266a2b0eac811d7ea7eabbd5b217965f88efa81371465134dbcab11,2026-07-15T18:14:52.975679+00:00,8o8-arch,7.0.12-arch1-1,AMD Ryzen 9 3900X 12-Core Processor,"logical=24,cores=12,sockets=1,nodes=1",performance,rustc 1.97.0 (2d8144b78 2026-07-07),22.1.6,cargo 1.97.0 (c980f4866 2026-06-30),"release,lto=thin,debug=true",/home/bob/.cache/mess-bench,/dev/nvme0n1p3,ext4,/home,Samsung SSD 970 EVO Plus 2TB,[none] mq-deadline kyber bfq,249464410112,4096,1024,payload[i]=(i*131+17)&0xff,2.15673828125,accepted,,4,8,0,13,bytes,572,520,34105136,104,0,0,0,0,0,2845711,2868608,218130,229550,234840,2.160,2.160
e000917,exploratory,copy_contiguous,candidate,1,1,BAAB,copy_contiguous,process,65536,10,4,4,new_name,synthetic_sweep,1,015d813736625640f12d26c5d349b92c14fd2fb4,false,a897dfa99e98479b638409c432d3d2bc8e7ba7d5ba4e5a046dd229021f58bffd,12b1dafe765a77d1a17115b0ae12cff973f20ed7d6d770fbd790695fe081288e,afaa9ca40fef1b2a362af2af235634b472665287e554d16b829c09e1a70787ac,8d5b7eba8aea53574190e7d4a6d9e7b424bc23a9e2a0b6968a27f1772509492b,6e938dfcd266a2b0eac811d7ea7eabbd5b217965f88efa81371465134dbcab11,2026-07-15T18:14:54.003353+00:00,8o8-arch,7.0.12-arch1-1,AMD Ryzen 9 3900X 12-Core Processor,"logical=24,cores=12,sockets=1,nodes=1",performance,rustc 1.97.0 (2d8144b78 2026-07-07),22.1.6,cargo 1.97.0 (c980f4866 2026-06-30),"release,lto=thin,debug=true",/home/bob/.cache/mess-bench,/dev/nvme0n1p3,ext4,/home,Samsung SSD 970 EVO Plus 2TB,[none] mq-deadline kyber bfq,249464406016,4096,1024,payload[i]=(i*131+17)&0xff,2.15673828125,accepted,,4,8,0,13,bytes,572,520,34105136,13,0,0,0,34105136,0,4933841,5064337,380010,397069,477089,2.160,2.160
e000918,exploratory,copy_contiguous,baseline,1,2,BAAB,k_pwrite,process,65536,10,4,4,new_name,synthetic_sweep,1,015d813736625640f12d26c5d349b92c14fd2fb4,false,a897dfa99e98479b638409c432d3d2bc8e7ba7d5ba4e5a046dd229021f58bffd,12b1dafe765a77d1a17115b0ae12cff973f20ed7d6d770fbd790695fe081288e,afaa9ca40fef1b2a362af2af235634b472665287e554d16b829c09e1a70787ac,8d5b7eba8aea53574190e7d4a6d9e7b424bc23a9e2a0b6968a27f1772509492b,6e938dfcd266a2b0eac811d7ea7eabbd5b217965f88efa81371465134dbcab11,2026-07-15T18:14:55.034128+00:00,8o8-arch,7.0.12-arch1-1,AMD Ryzen 9 3900X 12-Core Processor,"logical=24,cores=12,sockets=1,nodes=1",performance,rustc 1.97.0 (2d8144b78 2026-07-07),22.1.6,cargo 1.97.0 (c980f4866 2026-06-30),"release,lto=thin,debug=true",/home/bob/.cache/mess-bench,/dev/nvme0n1p3,ext4,/home,Samsung SSD 970 EVO Plus 2TB,[none] mq-deadline kyber bfq,249464406016,4096,1024,payload[i]=(i*131+17)&0xff,2.15673828125,accepted,,4,8,0,13,bytes,572,520,34105136,104,0,0,0,0,0,2882101,2909039,219430,239530,240430,2.160,2.160
e000919,exploratory,copy_contiguous,baseline,1,3,BAAB,k_pwrite,process,65536,10,4,4,new_name,synthetic_sweep,1,015d813736625640f12d26c5d349b92c14fd2fb4,false,a897dfa99e98479b638409c432d3d2bc8e7ba7d5ba4e5a046dd229021f58bffd,12b1dafe765a77d1a17115b0ae12cff973f20ed7d6d770fbd790695fe081288e,afaa9ca40fef1b2a362af2af235634b472665287e554d16b829c09e1a70787ac,8d5b7eba8aea53574190e7d4a6d9e7b424bc23a9e2a0b6968a27f1772509492b,6e938dfcd266a2b0eac811d7ea7eabbd5b217965f88efa81371465134dbcab11,2026-07-15T18:14:56.064290+00:00,8o8-arch,7.0.12-arch1-1,AMD Ryzen 9 3900X 12-Core Processor,"logical=24,cores=12,sockets=1,nodes=1",performance,rustc 1.97.0 (2d8144b78 2026-07-07),22.1.6,cargo 1.97.0 (c980f4866 2026-06-30),"release,lto=thin,debug=true",/home/bob/.cache/mess-bench,/dev/nvme0n1p3,ext4,/home,Samsung SSD 970 EVO Plus 2TB,[none] mq-deadline kyber bfq,249464406016,4096,1024,payload[i]=(i*131+17)&0xff,2.06396484375,accepted,,4,8,0,13,bytes,572,520,34105136,104,0,0,0,0,0,2828011,2864348,216990,231540,244500,2.060,2.060
e000920,exploratory,copy_contiguous,candidate,1,4,BAAB,copy_contiguous,process,65536,10,4,4,new_name,synthetic_sweep,1,015d813736625640f12d26c5d349b92c14fd2fb4,false,a897dfa99e98479b638409c432d3d2bc8e7ba7d5ba4e5a046dd229021f58bffd,12b1dafe765a77d1a17115b0ae12cff973f20ed7d6d770fbd790695fe081288e,afaa9ca40fef1b2a362af2af235634b472665287e554d16b829c09e1a70787ac,8d5b7eba8aea53574190e7d4a6d9e7b424bc23a9e2a0b6968a27f1772509492b,6e938dfcd266a2b0eac811d7ea7eabbd5b217965f88efa81371465134dbcab11,2026-07-15T18:14:57.100116+00:00,8o8-arch,7.0.12-arch1-1,AMD Ryzen 9 3900X 12-Core Processor,"logical=24,cores=12,sockets=1,nodes=1",performance,rustc 1.97.0 (2d8144b78 2026-07-07),22.1.6,cargo 1.97.0 (c980f4866 2026-06-30),"release,lto=thin,debug=true",/home/bob/.cache/mess-bench,/dev/nvme0n1p3,ext4,/home,Samsung SSD 970 EVO Plus 2TB,[none] mq-deadline kyber bfq,249464401920,4096,1024,payload[i]=(i*131+17)&0xff,2.06396484375,accepted,,4,8,0,13,bytes,572,520,34105136,13,0,0,0,34105136,0,4947702,4978887,381620,399820,401429,2.060,2.060
e000921,exploratory,pwritev_full_8m,baseline,1,1,ABBA,k_pwrite,process,65536,100,2,2,domain,synthetic_sweep,1,015d813736625640f12d26c5d349b92c14fd2fb4,false,a897dfa99e98479b638409c432d3d2bc8e7ba7d5ba4e5a046dd229021f58bffd,12b1dafe765a77d1a17115b0ae12cff973f20ed7d6d770fbd790695fe081288e,afaa9ca40fef1b2a362af2af235634b472665287e554d16b829c09e1a70787ac,8d5b7eba8aea53574190e7d4a6d9e7b424bc23a9e2a0b6968a27f1772509492b,6e938dfcd266a2b0eac811d7ea7eabbd5b217965f88efa81371465134dbcab11,2026-07-15T18:14:58.129708+00:00,8o8-arch,7.0.12-arch1-1,AMD Ryzen 9 3900X 12-Core Processor,"logical=24,cores=12,sockets=1,nodes=1",performance,rustc 1.97.0 (2d8144b78 2026-07-07),22.1.6,cargo 1.97.0 (c980f4866 2026-06-30),"release,lto=thin,debug=true",/home/bob/.cache/mess-bench,/dev/nvme0n1p3,ext4,/home,Samsung SSD 970 EVO Plus 2TB,[none] mq-deadline kyber bfq,249464397824,4096,1024,payload[i]=(i*131+17)&0xff,2.06396484375,accepted,,2,2,0,3,bytes,600,600,39338928,6,0,0,0,0,0,2718270,2750648,870409,1017179,1017179,2.060,2.060
e000922,exploratory,pwritev_full_8m,candidate,1,2,ABBA,pwritev_full_8m,process,65536,100,2,2,domain,synthetic_sweep,1,015d813736625640f12d26c5d349b92c14fd2fb4,false,a897dfa99e98479b638409c432d3d2bc8e7ba7d5ba4e5a046dd229021f58bffd,12b1dafe765a77d1a17115b0ae12cff973f20ed7d6d770fbd790695fe081288e,afaa9ca40fef1b2a362af2af235634b472665287e554d16b829c09e1a70787ac,8d5b7eba8aea53574190e7d4a6d9e7b424bc23a9e2a0b6968a27f1772509492b,6e938dfcd266a2b0eac811d7ea7eabbd5b217965f88efa81371465134dbcab11,2026-07-15T18:14:59.162216+00:00,8o8-arch,7.0.12-arch1-1,AMD Ryzen 9 3900X 12-Core Processor,"logical=24,cores=12,sockets=1,nodes=1",performance,rustc 1.97.0 (2d8144b78 2026-07-07),22.1.6,cargo 1.97.0 (c980f4866 2026-06-30),"release,lto=thin,debug=true",/home/bob/.cache/mess-bench,/dev/nvme0n1p3,ext4,/home,Samsung SSD 970 EVO Plus 2TB,[none] mq-deadline kyber bfq,249464397824,4096,1024,payload[i]=(i*131+17)&0xff,2.06396484375,accepted,,2,2,0,3,bytes,600,600,39338928,6,0,0,2,0,0,3211221,3241078,1000460,1300149,1300149,2.060,2.060
e000923,exploratory,pwritev_full_8m,candidate,1,3,ABBA,pwritev_full_8m,process,65536,100,2,2,domain,synthetic_sweep,1,015d813736625640f12d26c5d349b92c14fd2fb4,false,a897dfa99e98479b638409c432d3d2bc8e7ba7d5ba4e5a046dd229021f58bffd,12b1dafe765a77d1a17115b0ae12cff973f20ed7d6d770fbd790695fe081288e,afaa9ca40fef1b2a362af2af235634b472665287e554d16b829c09e1a70787ac,8d5b7eba8aea53574190e7d4a6d9e7b424bc23a9e2a0b6968a27f1772509492b,6e938dfcd266a2b0eac811d7ea7eabbd5b217965f88efa81371465134dbcab11,2026-07-15T18:15:00.195291+00:00,8o8-arch,7.0.12-arch1-1,AMD Ryzen 9 3900X 12-Core Processor,"logical=24,cores=12,sockets=1,nodes=1",performance,rustc 1.97.0 (2d8144b78 2026-07-07),22.1.6,cargo 1.97.0 (c980f4866 2026-06-30),"release,lto=thin,debug=true",/home/bob/.cache/mess-bench,/dev/nvme0n1p3,ext4,/home,Samsung SSD 970 EVO Plus 2TB,[none] mq-deadline kyber bfq,249464389632,4096,1024,payload[i]=(i*131+17)&0xff,2.06396484375,accepted,,2,2,0,3,bytes,600,600,39338928,6,0,0,2,0,0,3452581,3498458,1123470,1470289,1470289,2.060,2.060
e000924,exploratory,pwritev_full_8m,baseline,1,4,ABBA,k_pwrite,process,65536,100,2,2,domain,synthetic_sweep,1,015d813736625640f12d26c5d349b92c14fd2fb4,false,a897dfa99e98479b638409c432d3d2bc8e7ba7d5ba4e5a046dd229021f58bffd,12b1dafe765a77d1a17115b0ae12cff973f20ed7d6d770fbd790695fe081288e,afaa9ca40fef1b2a362af2af235634b472665287e554d16b829c09e1a70787ac,8d5b7eba8aea53574190e7d4a6d9e7b424bc23a9e2a0b6968a27f1772509492b,6e938dfcd266a2b0eac811d7ea7eabbd5b217965f88efa81371465134dbcab11,2026-07-15T18:15:01.224302+00:00,8o8-arch,7.0.12-arch1-1,AMD Ryzen 9 3900X 12-Core Processor,"logical=24,cores=12,sockets=1,nodes=1",performance,rustc 1.97.0 (2d8144b78 2026-07-07),22.1.6,cargo 1.97.0 (c980f4866 2026-06-30),"release,lto=thin,debug=true",/home/bob/.cache/mess-bench,/dev/nvme0n1p3,ext4,/home,Samsung SSD 970 EVO Plus 2TB,[none] mq-deadline kyber bfq,249464385536,4096,1024,payload[i]=(i*131+17)&0xff,1.978515625,accepted,,2,2,0,3,bytes,600,600,39338928,6,0,0,0,0,0,3497751,3532427,1151940,1432128,1432128,1.980,1.980
e000925,exploratory,pwritev_full_8m,candidate,1,1,BAAB,pwritev_full_8m,process,65536,100,2,2,new_name,synthetic_sweep,1,015d813736625640f12d26c5d349b92c14fd2fb4,false,a897dfa99e98479b638409c432d3d2bc8e7ba7d5ba4e5a046dd229021f58bffd,12b1dafe765a77d1a17115b0ae12cff973f20ed7d6d770fbd790695fe081288e,afaa9ca40fef1b2a362af2af235634b472665287e554d16b829c09e1a70787ac,8d5b7eba8aea53574190e7d4a6d9e7b424bc23a9e2a0b6968a27f1772509492b,6e938dfcd266a2b0eac811d7ea7eabbd5b217965f88efa81371465134dbcab11,2026-07-15T18:15:02.254734+00:00,8o8-arch,7.0.12-arch1-1,AMD Ryzen 9 3900X 12-Core Processor,"logical=24,cores=12,sockets=1,nodes=1",performance,rustc 1.97.0 (2d8144b78 2026-07-07),22.1.6,cargo 1.97.0 (c980f4866 2026-06-30),"release,lto=thin,debug=true",/home/bob/.cache/mess-bench,/dev/nvme0n1p3,ext4,/home,Samsung SSD 970 EVO Plus 2TB,[none] mq-deadline kyber bfq,249464381440,4096,1024,payload[i]=(i*131+17)&0xff,1.978515625,accepted,,2,4,0,3,bytes,606,600,39339768,6,0,0,4,0,0,3615321,3643678,1212199,1393040,1393040,1.980,1.980
e000926,exploratory,pwritev_full_8m,baseline,1,2,BAAB,k_pwrite,process,65536,100,2,2,new_name,synthetic_sweep,1,015d813736625640f12d26c5d349b92c14fd2fb4,false,a897dfa99e98479b638409c432d3d2bc8e7ba7d5ba4e5a046dd229021f58bffd,12b1dafe765a77d1a17115b0ae12cff973f20ed7d6d770fbd790695fe081288e,afaa9ca40fef1b2a362af2af235634b472665287e554d16b829c09e1a70787ac,8d5b7eba8aea53574190e7d4a6d9e7b424bc23a9e2a0b6968a27f1772509492b,6e938dfcd266a2b0eac811d7ea7eabbd5b217965f88efa81371465134dbcab11,2026-07-15T18:15:03.286099+00:00,8o8-arch,7.0.12-arch1-1,AMD Ryzen 9 3900X 12-Core Processor,"logical=24,cores=12,sockets=1,nodes=1",performance,rustc 1.97.0 (2d8144b78 2026-07-07),22.1.6,cargo 1.97.0 (c980f4866 2026-06-30),"release,lto=thin,debug=true",/home/bob/.cache/mess-bench,/dev/nvme0n1p3,ext4,/home,Samsung SSD 970 EVO Plus 2TB,[none] mq-deadline kyber bfq,249464381440,4096,1024,payload[i]=(i*131+17)&0xff,1.978515625,accepted,,2,4,0,3,bytes,606,600,39339768,12,0,0,0,0,0,4425701,4476217,1420229,1877509,1877509,1.980,1.980
e000927,exploratory,pwritev_full_8m,baseline,1,3,BAAB,k_pwrite,process,65536,100,2,2,new_name,synthetic_sweep,1,015d813736625640f12d26c5d349b92c14fd2fb4,false,a897dfa99e98479b638409c432d3d2bc8e7ba7d5ba4e5a046dd229021f58bffd,12b1dafe765a77d1a17115b0ae12cff973f20ed7d6d770fbd790695fe081288e,afaa9ca40fef1b2a362af2af235634b472665287e554d16b829c09e1a70787ac,8d5b7eba8aea53574190e7d4a6d9e7b424bc23a9e2a0b6968a27f1772509492b,6e938dfcd266a2b0eac811d7ea7eabbd5b217965f88efa81371465134dbcab11,2026-07-15T18:15:04.316049+00:00,8o8-arch,7.0.12-arch1-1,AMD Ryzen 9 3900X 12-Core Processor,"logical=24,cores=12,sockets=1,nodes=1",performance,rustc 1.97.0 (2d8144b78 2026-07-07),22.1.6,cargo 1.97.0 (c980f4866 2026-06-30),"release,lto=thin,debug=true",/home/bob/.cache/mess-bench,/dev/nvme0n1p3,ext4,/home,Samsung SSD 970 EVO Plus 2TB,[none] mq-deadline kyber bfq,249464381440,4096,1024,payload[i]=(i*131+17)&0xff,1.978515625,accepted,,2,4,0,3,bytes,606,600,39339768,12,0,0,0,0,0,4612871,4657278,1562929,1564599,1564599,1.980,1.980
e000928,exploratory,pwritev_full_8m,candidate,1,4,BAAB,pwritev_full_8m,process,65536,100,2,2,new_name,synthetic_sweep,1,015d813736625640f12d26c5d349b92c14fd2fb4,false,a897dfa99e98479b638409c432d3d2bc8e7ba7d5ba4e5a046dd229021f58bffd,12b1dafe765a77d1a17115b0ae12cff973f20ed7d6d770fbd790695fe081288e,afaa9ca40fef1b2a362af2af235634b472665287e554d16b829c09e1a70787ac,8d5b7eba8aea53574190e7d4a6d9e7b424bc23a9e2a0b6968a27f1772509492b,6e938dfcd266a2b0eac811d7ea7eabbd5b217965f88efa81371465134dbcab11,2026-07-15T18:15:05.346776+00:00,8o8-arch,7.0.12-arch1-1,AMD Ryzen 9 3900X 12-Core Processor,"logical=24,cores=12,sockets=1,nodes=1",performance,rustc 1.97.0 (2d8144b78 2026-07-07),22.1.6,cargo 1.97.0 (c980f4866 2026-06-30),"release,lto=thin,debug=true",/home/bob/.cache/mess-bench,/dev/nvme0n1p3,ext4,/home,Samsung SSD 970 EVO Plus 2TB,[none] mq-deadline kyber bfq,249464377344,4096,1024,payload[i]=(i*131+17)&0xff,1.978515625,accepted,,2,4,0,3,bytes,606,600,39339768,6,0,0,4,0,0,6557342,6589086,1247489,4221477,4221477,1.980,1.980
e000929,exploratory,pwritev_full_8m,baseline,1,1,ABBA,k_pwrite,process,65536,100,4,4,domain,synthetic_sweep,1,015d813736625640f12d26c5d349b92c14fd2fb4,false,a897dfa99e98479b638409c432d3d2bc8e7ba7d5ba4e5a046dd229021f58bffd,12b1dafe765a77d1a17115b0ae12cff973f20ed7d6d770fbd790695fe081288e,afaa9ca40fef1b2a362af2af235634b472665287e554d16b829c09e1a70787ac,8d5b7eba8aea53574190e7d4a6d9e7b424bc23a9e2a0b6968a27f1772509492b,6e938dfcd266a2b0eac811d7ea7eabbd5b217965f88efa81371465134dbcab11,2026-07-15T18:15:06.378506+00:00,8o8-arch,7.0.12-arch1-1,AMD Ryzen 9 3900X 12-Core Processor,"logical=24,cores=12,sockets=1,nodes=1",performance,rustc 1.97.0 (2d8144b78 2026-07-07),22.1.6,cargo 1.97.0 (c980f4866 2026-06-30),"release,lto=thin,debug=true",/home/bob/.cache/mess-bench,/dev/nvme0n1p3,ext4,/home,Samsung SSD 970 EVO Plus 2TB,[none] mq-deadline kyber bfq,249464373248,4096,1024,payload[i]=(i*131+17)&0xff,1.98046875,accepted,,4,4,0,2,bytes,800,800,52451904,8,0,0,0,0,0,6326362,6389426,3224408,3224408,3224408,1.980,1.980
e000930,exploratory,pwritev_full_8m,candidate,1,2,ABBA,pwritev_full_8m,process,65536,100,4,4,domain,synthetic_sweep,1,015d813736625640f12d26c5d349b92c14fd2fb4,false,a897dfa99e98479b638409c432d3d2bc8e7ba7d5ba4e5a046dd229021f58bffd,12b1dafe765a77d1a17115b0ae12cff973f20ed7d6d770fbd790695fe081288e,afaa9ca40fef1b2a362af2af235634b472665287e554d16b829c09e1a70787ac,8d5b7eba8aea53574190e7d4a6d9e7b424bc23a9e2a0b6968a27f1772509492b,6e938dfcd266a2b0eac811d7ea7eabbd5b217965f88efa81371465134dbcab11,2026-07-15T18:15:07.409908+00:00,8o8-arch,7.0.12-arch1-1,AMD Ryzen 9 3900X 12-Core Processor,"logical=24,cores=12,sockets=1,nodes=1",performance,rustc 1.97.0 (2d8144b78 2026-07-07),22.1.6,cargo 1.97.0 (c980f4866 2026-06-30),"release,lto=thin,debug=true",/home/bob/.cache/mess-bench,/dev/nvme0n1p3,ext4,/home,Samsung SSD 970 EVO Plus 2TB,[none] mq-deadline kyber bfq,249464373248,4096,1024,payload[i]=(i*131+17)&0xff,1.98046875,accepted,,4,4,0,2,bytes,800,800,52451904,8,0,0,2,0,0,6033962,6091746,3130798,3130798,3130798,1.980,1.980
e000931,exploratory,pwritev_full_8m,candidate,1,3,ABBA,pwritev_full_8m,process,65536,100,4,4,domain,synthetic_sweep,1,015d813736625640f12d26c5d349b92c14fd2fb4,false,a897dfa99e98479b638409c432d3d2bc8e7ba7d5ba4e5a046dd229021f58bffd,12b1dafe765a77d1a17115b0ae12cff973f20ed7d6d770fbd790695fe081288e,afaa9ca40fef1b2a362af2af235634b472665287e554d16b829c09e1a70787ac,8d5b7eba8aea53574190e7d4a6d9e7b424bc23a9e2a0b6968a27f1772509492b,6e938dfcd266a2b0eac811d7ea7eabbd5b217965f88efa81371465134dbcab11,2026-07-15T18:15:08.433684+00:00,8o8-arch,7.0.12-arch1-1,AMD Ryzen 9 3900X 12-Core Processor,"logical=24,cores=12,sockets=1,nodes=1",performance,rustc 1.97.0 (2d8144b78 2026-07-07),22.1.6,cargo 1.97.0 (c980f4866 2026-06-30),"release,lto=thin,debug=true",/home/bob/.cache/mess-bench,/dev/nvme0n1p3,ext4,/home,Samsung SSD 970 EVO Plus 2TB,[none] mq-deadline kyber bfq,249464365056,4096,1024,payload[i]=(i*131+17)&0xff,1.98046875,accepted,,4,4,0,2,bytes,800,800,52451904,8,0,0,2,0,0,5798961,5850487,3007168,3007168,3007168,1.980,1.980
e000932,exploratory,pwritev_full_8m,baseline,1,4,ABBA,k_pwrite,process,65536,100,4,4,domain,synthetic_sweep,1,015d813736625640f12d26c5d349b92c14fd2fb4,false,a897dfa99e98479b638409c432d3d2bc8e7ba7d5ba4e5a046dd229021f58bffd,12b1dafe765a77d1a17115b0ae12cff973f20ed7d6d770fbd790695fe081288e,afaa9ca40fef1b2a362af2af235634b472665287e554d16b829c09e1a70787ac,8d5b7eba8aea53574190e7d4a6d9e7b424bc23a9e2a0b6968a27f1772509492b,6e938dfcd266a2b0eac811d7ea7eabbd5b217965f88efa81371465134dbcab11,2026-07-15T18:15:09.460126+00:00,8o8-arch,7.0.12-arch1-1,AMD Ryzen 9 3900X 12-Core Processor,"logical=24,cores=12,sockets=1,nodes=1",performance,rustc 1.97.0 (2d8144b78 2026-07-07),22.1.6,cargo 1.97.0 (c980f4866 2026-06-30),"release,lto=thin,debug=true",/home/bob/.cache/mess-bench,/dev/nvme0n1p3,ext4,/home,Samsung SSD 970 EVO Plus 2TB,[none] mq-deadline kyber bfq,249464360960,4096,1024,payload[i]=(i*131+17)&0xff,1.98046875,accepted,,4,4,0,2,bytes,800,800,52451904,8,0,0,0,0,0,5895881,5944316,3011588,3011588,3011588,1.980,1.980
e000933,exploratory,pwritev_full_8m,candidate,1,1,BAAB,pwritev_full_8m,process,65536,100,4,4,new_name,synthetic_sweep,1,015d813736625640f12d26c5d349b92c14fd2fb4,false,a897dfa99e98479b638409c432d3d2bc8e7ba7d5ba4e5a046dd229021f58bffd,12b1dafe765a77d1a17115b0ae12cff973f20ed7d6d770fbd790695fe081288e,afaa9ca40fef1b2a362af2af235634b472665287e554d16b829c09e1a70787ac,8d5b7eba8aea53574190e7d4a6d9e7b424bc23a9e2a0b6968a27f1772509492b,6e938dfcd266a2b0eac811d7ea7eabbd5b217965f88efa81371465134dbcab11,2026-07-15T18:15:10.485427+00:00,8o8-arch,7.0.12-arch1-1,AMD Ryzen 9 3900X 12-Core Processor,"logical=24,cores=12,sockets=1,nodes=1",performance,rustc 1.97.0 (2d8144b78 2026-07-07),22.1.6,cargo 1.97.0 (c980f4866 2026-06-30),"release,lto=thin,debug=true",/home/bob/.cache/mess-bench,/dev/nvme0n1p3,ext4,/home,Samsung SSD 970 EVO Plus 2TB,[none] mq-deadline kyber bfq,249464360960,4096,1024,payload[i]=(i*131+17)&0xff,2.0625,accepted,,4,8,0,2,bytes,808,800,52453024,8,0,0,4,0,0,6050181,6119036,3061668,3061668,3061668,2.060,2.060
e000934,exploratory,pwritev_full_8m,baseline,1,2,BAAB,k_pwrite,process,65536,100,4,4,new_name,synthetic_sweep,1,015d813736625640f12d26c5d349b92c14fd2fb4,false,a897dfa99e98479b638409c432d3d2bc8e7ba7d5ba4e5a046dd229021f58bffd,12b1dafe765a77d1a17115b0ae12cff973f20ed7d6d770fbd790695fe081288e,afaa9ca40fef1b2a362af2af235634b472665287e554d16b829c09e1a70787ac,8d5b7eba8aea53574190e7d4a6d9e7b424bc23a9e2a0b6968a27f1772509492b,6e938dfcd266a2b0eac811d7ea7eabbd5b217965f88efa81371465134dbcab11,2026-07-15T18:15:11.519085+00:00,8o8-arch,7.0.12-arch1-1,AMD Ryzen 9 3900X 12-Core Processor,"logical=24,cores=12,sockets=1,nodes=1",performance,rustc 1.97.0 (2d8144b78 2026-07-07),22.1.6,cargo 1.97.0 (c980f4866 2026-06-30),"release,lto=thin,debug=true",/home/bob/.cache/mess-bench,/dev/nvme0n1p3,ext4,/home,Samsung SSD 970 EVO Plus 2TB,[none] mq-deadline kyber bfq,249464360960,4096,1024,payload[i]=(i*131+17)&0xff,2.0625,accepted,,4,8,0,2,bytes,808,800,52453024,16,0,0,0,0,0,6684282,6737356,3444858,3444858,3444858,2.060,2.060
e000935,exploratory,pwritev_full_8m,baseline,1,3,BAAB,k_pwrite,process,65536,100,4,4,new_name,synthetic_sweep,1,015d813736625640f12d26c5d349b92c14fd2fb4,false,a897dfa99e98479b638409c432d3d2bc8e7ba7d5ba4e5a046dd229021f58bffd,12b1dafe765a77d1a17115b0ae12cff973f20ed7d6d770fbd790695fe081288e,afaa9ca40fef1b2a362af2af235634b472665287e554d16b829c09e1a70787ac,8d5b7eba8aea53574190e7d4a6d9e7b424bc23a9e2a0b6968a27f1772509492b,6e938dfcd266a2b0eac811d7ea7eabbd5b217965f88efa81371465134dbcab11,2026-07-15T18:15:12.547600+00:00,8o8-arch,7.0.12-arch1-1,AMD Ryzen 9 3900X 12-Core Processor,"logical=24,cores=12,sockets=1,nodes=1",performance,rustc 1.97.0 (2d8144b78 2026-07-07),22.1.6,cargo 1.97.0 (c980f4866 2026-06-30),"release,lto=thin,debug=true",/home/bob/.cache/mess-bench,/dev/nvme0n1p3,ext4,/home,Samsung SSD 970 EVO Plus 2TB,[none] mq-deadline kyber bfq,249464356864,4096,1024,payload[i]=(i*131+17)&0xff,2.0625,accepted,,4,8,0,2,bytes,808,800,52453024,16,0,0,0,0,0,5950591,5995536,3002978,3002978,3002978,2.060,2.060
e000936,exploratory,pwritev_full_8m,candidate,1,4,BAAB,pwritev_full_8m,process,65536,100,4,4,new_name,synthetic_sweep,1,015d813736625640f12d26c5d349b92c14fd2fb4,false,a897dfa99e98479b638409c432d3d2bc8e7ba7d5ba4e5a046dd229021f58bffd,12b1dafe765a77d1a17115b0ae12cff973f20ed7d6d770fbd790695fe081288e,afaa9ca40fef1b2a362af2af235634b472665287e554d16b829c09e1a70787ac,8d5b7eba8aea53574190e7d4a6d9e7b424bc23a9e2a0b6968a27f1772509492b,6e938dfcd266a2b0eac811d7ea7eabbd5b217965f88efa81371465134dbcab11,2026-07-15T18:15:13.579930+00:00,8o8-arch,7.0.12-arch1-1,AMD Ryzen 9 3900X 12-Core Processor,"logical=24,cores=12,sockets=1,nodes=1",performance,rustc 1.97.0 (2d8144b78 2026-07-07),22.1.6,cargo 1.97.0 (c980f4866 2026-06-30),"release,lto=thin,debug=true",/home/bob/.cache/mess-bench,/dev/nvme0n1p3,ext4,/home,Samsung SSD 970 EVO Plus 2TB,[none] mq-deadline kyber bfq,249464348672,4096,1024,payload[i]=(i*131+17)&0xff,2.0625,accepted,,4,8,0,2,bytes,808,800,52453024,8,0,0,4,0,0,6641561,6694886,3610308,3610308,3610308,2.060,2.060
e000937,exploratory,pwritev_full_8m,baseline,1,1,ABBA,k_pwrite,process,65536,1000,2,2,domain,synthetic_sweep,1,015d813736625640f12d26c5d349b92c14fd2fb4,false,a897dfa99e98479b638409c432d3d2bc8e7ba7d5ba4e5a046dd229021f58bffd,12b1dafe765a77d1a17115b0ae12cff973f20ed7d6d770fbd790695fe081288e,afaa9ca40fef1b2a362af2af235634b472665287e554d16b829c09e1a70787ac,8d5b7eba8aea53574190e7d4a6d9e7b424bc23a9e2a0b6968a27f1772509492b,6e938dfcd266a2b0eac811d7ea7eabbd5b217965f88efa81371465134dbcab11,2026-07-15T18:15:14.611245+00:00,8o8-arch,7.0.12-arch1-1,AMD Ryzen 9 3900X 12-Core Processor,"logical=24,cores=12,sockets=1,nodes=1",performance,rustc 1.97.0 (2d8144b78 2026-07-07),22.1.6,cargo 1.97.0 (c980f4866 2026-06-30),"release,lto=thin,debug=true",/home/bob/.cache/mess-bench,/dev/nvme0n1p3,ext4,/home,Samsung SSD 970 EVO Plus 2TB,[none] mq-deadline kyber bfq,249464348672,4096,1024,payload[i]=(i*131+17)&0xff,2.0625,accepted,,2,2,0,1,bytes,2000,2000,131128176,2,0,0,0,0,0,14486454,14605181,14604921,14604921,14604921,2.060,2.060
e000938,exploratory,pwritev_full_8m,candidate,1,2,ABBA,pwritev_full_8m,process,65536,1000,2,2,domain,synthetic_sweep,1,015d813736625640f12d26c5d349b92c14fd2fb4,false,a897dfa99e98479b638409c432d3d2bc8e7ba7d5ba4e5a046dd229021f58bffd,12b1dafe765a77d1a17115b0ae12cff973f20ed7d6d770fbd790695fe081288e,afaa9ca40fef1b2a362af2af235634b472665287e554d16b829c09e1a70787ac,8d5b7eba8aea53574190e7d4a6d9e7b424bc23a9e2a0b6968a27f1772509492b,6e938dfcd266a2b0eac811d7ea7eabbd5b217965f88efa81371465134dbcab11,2026-07-15T18:15:15.642368+00:00,8o8-arch,7.0.12-arch1-1,AMD Ryzen 9 3900X 12-Core Processor,"logical=24,cores=12,sockets=1,nodes=1",performance,rustc 1.97.0 (2d8144b78 2026-07-07),22.1.6,cargo 1.97.0 (c980f4866 2026-06-30),"release,lto=thin,debug=true",/home/bob/.cache/mess-bench,/dev/nvme0n1p3,ext4,/home,Samsung SSD 970 EVO Plus 2TB,[none] mq-deadline kyber bfq,249464348672,4096,1024,payload[i]=(i*131+17)&0xff,2.05712890625,accepted,,2,2,0,1,bytes,2000,2000,131128176,16,0,0,2,0,0,14799044,14911040,14910530,14910530,14910530,2.060,2.060
e000939,exploratory,pwritev_full_8m,candidate,1,3,ABBA,pwritev_full_8m,process,65536,1000,2,2,domain,synthetic_sweep,1,015d813736625640f12d26c5d349b92c14fd2fb4,false,a897dfa99e98479b638409c432d3d2bc8e7ba7d5ba4e5a046dd229021f58bffd,12b1dafe765a77d1a17115b0ae12cff973f20ed7d6d770fbd790695fe081288e,afaa9ca40fef1b2a362af2af235634b472665287e554d16b829c09e1a70787ac,8d5b7eba8aea53574190e7d4a6d9e7b424bc23a9e2a0b6968a27f1772509492b,6e938dfcd266a2b0eac811d7ea7eabbd5b217965f88efa81371465134dbcab11,2026-07-15T18:15:16.670446+00:00,8o8-arch,7.0.12-arch1-1,AMD Ryzen 9 3900X 12-Core Processor,"logical=24,cores=12,sockets=1,nodes=1",performance,rustc 1.97.0 (2d8144b78 2026-07-07),22.1.6,cargo 1.97.0 (c980f4866 2026-06-30),"release,lto=thin,debug=true",/home/bob/.cache/mess-bench,/dev/nvme0n1p3,ext4,/home,Samsung SSD 970 EVO Plus 2TB,[none] mq-deadline kyber bfq,249464315904,4096,1024,payload[i]=(i*131+17)&0xff,2.05712890625,accepted,,2,2,0,1,bytes,2000,2000,131128176,16,0,0,2,0,0,19119435,19540187,19539897,19539897,19539897,2.060,2.060
e000940,exploratory,pwritev_full_8m,baseline,1,4,ABBA,k_pwrite,process,65536,1000,2,2,domain,synthetic_sweep,1,015d813736625640f12d26c5d349b92c14fd2fb4,false,a897dfa99e98479b638409c432d3d2bc8e7ba7d5ba4e5a046dd229021f58bffd,12b1dafe765a77d1a17115b0ae12cff973f20ed7d6d770fbd790695fe081288e,afaa9ca40fef1b2a362af2af235634b472665287e554d16b829c09e1a70787ac,8d5b7eba8aea53574190e7d4a6d9e7b424bc23a9e2a0b6968a27f1772509492b,6e938dfcd266a2b0eac811d7ea7eabbd5b217965f88efa81371465134dbcab11,2026-07-15T18:15:17.700524+00:00,8o8-arch,7.0.12-arch1-1,AMD Ryzen 9 3900X 12-Core Processor,"logical=24,cores=12,sockets=1,nodes=1",performance,rustc 1.97.0 (2d8144b78 2026-07-07),22.1.6,cargo 1.97.0 (c980f4866 2026-06-30),"release,lto=thin,debug=true",/home/bob/.cache/mess-bench,/dev/nvme0n1p3,ext4,/home,Samsung SSD 970 EVO Plus 2TB,[none] mq-deadline kyber bfq,249464340480,4096,1024,payload[i]=(i*131+17)&0xff,2.05712890625,accepted,,2,2,0,1,bytes,2000,2000,131128176,2,0,0,0,0,0,17639945,17854959,17854669,17854669,17854669,2.060,2.060
e000941,exploratory,pwritev_full_8m,candidate,1,1,BAAB,pwritev_full_8m,process,65536,1000,2,2,new_name,synthetic_sweep,1,015d813736625640f12d26c5d349b92c14fd2fb4,false,a897dfa99e98479b638409c432d3d2bc8e7ba7d5ba4e5a046dd229021f58bffd,12b1dafe765a77d1a17115b0ae12cff973f20ed7d6d770fbd790695fe081288e,afaa9ca40fef1b2a362af2af235634b472665287e554d16b829c09e1a70787ac,8d5b7eba8aea53574190e7d4a6d9e7b424bc23a9e2a0b6968a27f1772509492b,6e938dfcd266a2b0eac811d7ea7eabbd5b217965f88efa81371465134dbcab11,2026-07-15T18:15:18.728512+00:00,8o8-arch,7.0.12-arch1-1,AMD Ryzen 9 3900X 12-Core Processor,"logical=24,cores=12,sockets=1,nodes=1",performance,rustc 1.97.0 (2d8144b78 2026-07-07),22.1.6,cargo 1.97.0 (c980f4866 2026-06-30),"release,lto=thin,debug=true",/home/bob/.cache/mess-bench,/dev/nvme0n1p3,ext4,/home,Samsung SSD 970 EVO Plus 2TB,[none] mq-deadline kyber bfq,249464340480,4096,1024,payload[i]=(i*131+17)&0xff,2.05712890625,accepted,,2,4,0,1,bytes,2002,2000,131128456,16,0,0,3,0,0,23128516,23324696,23324186,23324186,23324186,2.060,2.060
e000942,exploratory,pwritev_full_8m,baseline,1,2,BAAB,k_pwrite,process,65536,1000,2,2,new_name,synthetic_sweep,1,015d813736625640f12d26c5d349b92c14fd2fb4,false,a897dfa99e98479b638409c432d3d2bc8e7ba7d5ba4e5a046dd229021f58bffd,12b1dafe765a77d1a17115b0ae12cff973f20ed7d6d770fbd790695fe081288e,afaa9ca40fef1b2a362af2af235634b472665287e554d16b829c09e1a70787ac,8d5b7eba8aea53574190e7d4a6d9e7b424bc23a9e2a0b6968a27f1772509492b,6e938dfcd266a2b0eac811d7ea7eabbd5b217965f88efa81371465134dbcab11,2026-07-15T18:15:19.757020+00:00,8o8-arch,7.0.12-arch1-1,AMD Ryzen 9 3900X 12-Core Processor,"logical=24,cores=12,sockets=1,nodes=1",performance,rustc 1.97.0 (2d8144b78 2026-07-07),22.1.6,cargo 1.97.0 (c980f4866 2026-06-30),"release,lto=thin,debug=true",/home/bob/.cache/mess-bench,/dev/nvme0n1p3,ext4,/home,Samsung SSD 970 EVO Plus 2TB,[none] mq-deadline kyber bfq,249464336384,4096,1024,payload[i]=(i*131+17)&0xff,2.05712890625,accepted,,2,4,0,1,bytes,2002,2000,131128456,4,0,0,0,0,0,14587083,14702451,14701811,14701811,14701811,2.060,2.060
e000943,exploratory,pwritev_full_8m,baseline,1,3,BAAB,k_pwrite,process,65536,1000,2,2,new_name,synthetic_sweep,1,015d813736625640f12d26c5d349b92c14fd2fb4,false,a897dfa99e98479b638409c432d3d2bc8e7ba7d5ba4e5a046dd229021f58bffd,12b1dafe765a77d1a17115b0ae12cff973f20ed7d6d770fbd790695fe081288e,afaa9ca40fef1b2a362af2af235634b472665287e554d16b829c09e1a70787ac,8d5b7eba8aea53574190e7d4a6d9e7b424bc23a9e2a0b6968a27f1772509492b,6e938dfcd266a2b0eac811d7ea7eabbd5b217965f88efa81371465134dbcab11,2026-07-15T18:15:20.787995+00:00,8o8-arch,7.0.12-arch1-1,AMD Ryzen 9 3900X 12-Core Processor,"logical=24,cores=12,sockets=1,nodes=1",performance,rustc 1.97.0 (2d8144b78 2026-07-07),22.1.6,cargo 1.97.0 (c980f4866 2026-06-30),"release,lto=thin,debug=true",/home/bob/.cache/mess-bench,/dev/nvme0n1p3,ext4,/home,Samsung SSD 970 EVO Plus 2TB,[none] mq-deadline kyber bfq,249464336384,4096,1024,payload[i]=(i*131+17)&0xff,1.97216796875,accepted,,2,4,0,1,bytes,2002,2000,131128456,4,0,0,0,0,0,14637754,14809541,14809271,14809271,14809271,1.970,1.970
e000944,exploratory,pwritev_full_8m,candidate,1,4,BAAB,pwritev_full_8m,process,65536,1000,2,2,new_name,synthetic_sweep,1,015d813736625640f12d26c5d349b92c14fd2fb4,false,a897dfa99e98479b638409c432d3d2bc8e7ba7d5ba4e5a046dd229021f58bffd,12b1dafe765a77d1a17115b0ae12cff973f20ed7d6d770fbd790695fe081288e,afaa9ca40fef1b2a362af2af235634b472665287e554d16b829c09e1a70787ac,8d5b7eba8aea53574190e7d4a6d9e7b424bc23a9e2a0b6968a27f1772509492b,6e938dfcd266a2b0eac811d7ea7eabbd5b217965f88efa81371465134dbcab11,2026-07-15T18:15:21.813619+00:00,8o8-arch,7.0.12-arch1-1,AMD Ryzen 9 3900X 12-Core Processor,"logical=24,cores=12,sockets=1,nodes=1",performance,rustc 1.97.0 (2d8144b78 2026-07-07),22.1.6,cargo 1.97.0 (c980f4866 2026-06-30),"release,lto=thin,debug=true",/home/bob/.cache/mess-bench,/dev/nvme0n1p3,ext4,/home,Samsung SSD 970 EVO Plus 2TB,[none] mq-deadline kyber bfq,249464328192,4096,1024,payload[i]=(i*131+17)&0xff,1.97216796875,accepted,,2,4,0,1,bytes,2002,2000,131128456,16,0,0,3,0,0,14814364,14933731,14933151,14933151,14933151,1.970,1.970
e000945,exploratory,pwritev_full_8m,baseline,1,1,ABBA,k_pwrite,process,65536,1000,4,4,domain,synthetic_sweep,1,015d813736625640f12d26c5d349b92c14fd2fb4,false,a897dfa99e98479b638409c432d3d2bc8e7ba7d5ba4e5a046dd229021f58bffd,12b1dafe765a77d1a17115b0ae12cff973f20ed7d6d770fbd790695fe081288e,afaa9ca40fef1b2a362af2af235634b472665287e554d16b829c09e1a70787ac,8d5b7eba8aea53574190e7d4a6d9e7b424bc23a9e2a0b6968a27f1772509492b,6e938dfcd266a2b0eac811d7ea7eabbd5b217965f88efa81371465134dbcab11,2026-07-15T18:15:22.838935+00:00,8o8-arch,7.0.12-arch1-1,AMD Ryzen 9 3900X 12-Core Processor,"logical=24,cores=12,sockets=1,nodes=1",performance,rustc 1.97.0 (2d8144b78 2026-07-07),22.1.6,cargo 1.97.0 (c980f4866 2026-06-30),"release,lto=thin,debug=true",/home/bob/.cache/mess-bench,/dev/nvme0n1p3,ext4,/home,Samsung SSD 970 EVO Plus 2TB,[none] mq-deadline kyber bfq,249464324096,4096,1024,payload[i]=(i*131+17)&0xff,1.97216796875,accepted,,4,4,0,1,bytes,4000,4000,262256352,4,0,0,0,0,0,34735329,35032369,35032109,35032109,35032109,1.970,1.970
e000946,exploratory,pwritev_full_8m,candidate,1,2,ABBA,pwritev_full_8m,process,65536,1000,4,4,domain,synthetic_sweep,1,015d813736625640f12d26c5d349b92c14fd2fb4,false,a897dfa99e98479b638409c432d3d2bc8e7ba7d5ba4e5a046dd229021f58bffd,12b1dafe765a77d1a17115b0ae12cff973f20ed7d6d770fbd790695fe081288e,afaa9ca40fef1b2a362af2af235634b472665287e554d16b829c09e1a70787ac,8d5b7eba8aea53574190e7d4a6d9e7b424bc23a9e2a0b6968a27f1772509492b,6e938dfcd266a2b0eac811d7ea7eabbd5b217965f88efa81371465134dbcab11,2026-07-15T18:15:23.870382+00:00,8o8-arch,7.0.12-arch1-1,AMD Ryzen 9 3900X 12-Core Processor,"logical=24,cores=12,sockets=1,nodes=1",performance,rustc 1.97.0 (2d8144b78 2026-07-07),22.1.6,cargo 1.97.0 (c980f4866 2026-06-30),"release,lto=thin,debug=true",/home/bob/.cache/mess-bench,/dev/nvme0n1p3,ext4,/home,Samsung SSD 970 EVO Plus 2TB,[none] mq-deadline kyber bfq,249464324096,4096,1024,payload[i]=(i*131+17)&0xff,1.97216796875,accepted,,4,4,0,1,bytes,4000,4000,262256352,32,0,0,2,0,0,33573018,33955799,33955589,33955589,33955589,1.970,1.970
e000947,exploratory,pwritev_full_8m,candidate,1,3,ABBA,pwritev_full_8m,process,65536,1000,4,4,domain,synthetic_sweep,1,015d813736625640f12d26c5d349b92c14fd2fb4,false,a897dfa99e98479b638409c432d3d2bc8e7ba7d5ba4e5a046dd229021f58bffd,12b1dafe765a77d1a17115b0ae12cff973f20ed7d6d770fbd790695fe081288e,afaa9ca40fef1b2a362af2af235634b472665287e554d16b829c09e1a70787ac,8d5b7eba8aea53574190e7d4a6d9e7b424bc23a9e2a0b6968a27f1772509492b,6e938dfcd266a2b0eac811d7ea7eabbd5b217965f88efa81371465134dbcab11,2026-07-15T18:15:24.901376+00:00,8o8-arch,7.0.12-arch1-1,AMD Ryzen 9 3900X 12-Core Processor,"logical=24,cores=12,sockets=1,nodes=1",performance,rustc 1.97.0 (2d8144b78 2026-07-07),22.1.6,cargo 1.97.0 (c980f4866 2026-06-30),"release,lto=thin,debug=true",/home/bob/.cache/mess-bench,/dev/nvme0n1p3,ext4,/home,Samsung SSD 970 EVO Plus 2TB,[none] mq-deadline kyber bfq,249464324096,4096,1024,payload[i]=(i*131+17)&0xff,1.97216796875,accepted,,4,4,0,1,bytes,4000,4000,262256352,32,0,0,2,0,0,32025968,32318810,32318610,32318610,32318610,1.970,1.970
e000948,exploratory,pwritev_full_8m,baseline,1,4,ABBA,k_pwrite,process,65536,1000,4,4,domain,synthetic_sweep,1,015d813736625640f12d26c5d349b92c14fd2fb4,false,a897dfa99e98479b638409c432d3d2bc8e7ba7d5ba4e5a046dd229021f58bffd,12b1dafe765a77d1a17115b0ae12cff973f20ed7d6d770fbd790695fe081288e,afaa9ca40fef1b2a362af2af235634b472665287e554d16b829c09e1a70787ac,8d5b7eba8aea53574190e7d4a6d9e7b424bc23a9e2a0b6968a27f1772509492b,6e938dfcd266a2b0eac811d7ea7eabbd5b217965f88efa81371465134dbcab11,2026-07-15T18:15:25.932168+00:00,8o8-arch,7.0.12-arch1-1,AMD Ryzen 9 3900X 12-Core Processor,"logical=24,cores=12,sockets=1,nodes=1",performance,rustc 1.97.0 (2d8144b78 2026-07-07),22.1.6,cargo 1.97.0 (c980f4866 2026-06-30),"release,lto=thin,debug=true",/home/bob/.cache/mess-bench,/dev/nvme0n1p3,ext4,/home,Samsung SSD 970 EVO Plus 2TB,[none] mq-deadline kyber bfq,249464320000,4096,1024,payload[i]=(i*131+17)&0xff,3.736328125,accepted,,4,4,0,1,bytes,4000,4000,262256352,4,0,0,0,0,0,33402988,34135479,34135289,34135289,34135289,3.740,3.740
e000949,exploratory,pwritev_full_8m,candidate,1,1,BAAB,pwritev_full_8m,process,65536,1000,4,4,new_name,synthetic_sweep,1,015d813736625640f12d26c5d349b92c14fd2fb4,false,a897dfa99e98479b638409c432d3d2bc8e7ba7d5ba4e5a046dd229021f58bffd,12b1dafe765a77d1a17115b0ae12cff973f20ed7d6d770fbd790695fe081288e,afaa9ca40fef1b2a362af2af235634b472665287e554d16b829c09e1a70787ac,8d5b7eba8aea53574190e7d4a6d9e7b424bc23a9e2a0b6968a27f1772509492b,6e938dfcd266a2b0eac811d7ea7eabbd5b217965f88efa81371465134dbcab11,2026-07-15T18:15:27.963314+00:00,8o8-arch,7.0.12-arch1-1,AMD Ryzen 9 3900X 12-Core Processor,"logical=24,cores=12,sockets=1,nodes=1",performance,rustc 1.97.0 (2d8144b78 2026-07-07),22.1.6,cargo 1.97.0 (c980f4866 2026-06-30),"release,lto=thin,debug=true",/home/bob/.cache/mess-bench,/dev/nvme0n1p3,ext4,/home,Samsung SSD 970 EVO Plus 2TB,[none] mq-deadline kyber bfq,249464311808,4096,1024,payload[i]=(i*131+17)&0xff,3.736328125,accepted,,4,8,0,1,bytes,4004,4000,262256912,32,0,0,3,0,0,33168588,33617289,33616739,33616739,33616739,3.740,3.740
e000950,exploratory,pwritev_full_8m,baseline,1,2,BAAB,k_pwrite,process,65536,1000,4,4,new_name,synthetic_sweep,1,015d813736625640f12d26c5d349b92c14fd2fb4,false,a897dfa99e98479b638409c432d3d2bc8e7ba7d5ba4e5a046dd229021f58bffd,12b1dafe765a77d1a17115b0ae12cff973f20ed7d6d770fbd790695fe081288e,afaa9ca40fef1b2a362af2af235634b472665287e554d16b829c09e1a70787ac,8d5b7eba8aea53574190e7d4a6d9e7b424bc23a9e2a0b6968a27f1772509492b,6e938dfcd266a2b0eac811d7ea7eabbd5b217965f88efa81371465134dbcab11,2026-07-15T18:15:29.991559+00:00,8o8-arch,7.0.12-arch1-1,AMD Ryzen 9 3900X 12-Core Processor,"logical=24,cores=12,sockets=1,nodes=1",performance,rustc 1.97.0 (2d8144b78 2026-07-07),22.1.6,cargo 1.97.0 (c980f4866 2026-06-30),"release,lto=thin,debug=true",/home/bob/.cache/mess-bench,/dev/nvme0n1p3,ext4,/home,Samsung SSD 970 EVO Plus 2TB,[none] mq-deadline kyber bfq,249464307712,4096,1024,payload[i]=(i*131+17)&0xff,3.736328125,accepted,,4,8,0,1,bytes,4004,4000,262256912,8,0,0,0,0,0,30836787,31162941,31162731,31162731,31162731,4.240,4.240
e000951,exploratory,pwritev_full_8m,baseline,1,3,BAAB,k_pwrite,process,65536,1000,4,4,new_name,synthetic_sweep,1,015d813736625640f12d26c5d349b92c14fd2fb4,false,a897dfa99e98479b638409c432d3d2bc8e7ba7d5ba4e5a046dd229021f58bffd,12b1dafe765a77d1a17115b0ae12cff973f20ed7d6d770fbd790695fe081288e,afaa9ca40fef1b2a362af2af235634b472665287e554d16b829c09e1a70787ac,8d5b7eba8aea53574190e7d4a6d9e7b424bc23a9e2a0b6968a27f1772509492b,6e938dfcd266a2b0eac811d7ea7eabbd5b217965f88efa81371465134dbcab11,2026-07-15T18:15:32.029304+00:00,8o8-arch,7.0.12-arch1-1,AMD Ryzen 9 3900X 12-Core Processor,"logical=24,cores=12,sockets=1,nodes=1",performance,rustc 1.97.0 (2d8144b78 2026-07-07),22.1.6,cargo 1.97.0 (c980f4866 2026-06-30),"release,lto=thin,debug=true",/home/bob/.cache/mess-bench,/dev/nvme0n1p3,ext4,/home,Samsung SSD 970 EVO Plus 2TB,[none] mq-deadline kyber bfq,249464233984,4096,1024,payload[i]=(i*131+17)&0xff,4.23828125,accepted,,4,8,0,1,bytes,4004,4000,262256912,8,0,0,0,0,0,34353979,34652029,34651839,34651839,34651839,4.240,4.240
e000952,exploratory,pwritev_full_8m,candidate,1,4,BAAB,pwritev_full_8m,process,65536,1000,4,4,new_name,synthetic_sweep,1,015d813736625640f12d26c5d349b92c14fd2fb4,false,a897dfa99e98479b638409c432d3d2bc8e7ba7d5ba4e5a046dd229021f58bffd,12b1dafe765a77d1a17115b0ae12cff973f20ed7d6d770fbd790695fe081288e,afaa9ca40fef1b2a362af2af235634b472665287e554d16b829c09e1a70787ac,8d5b7eba8aea53574190e7d4a6d9e7b424bc23a9e2a0b6968a27f1772509492b,6e938dfcd266a2b0eac811d7ea7eabbd5b217965f88efa81371465134dbcab11,2026-07-15T18:15:34.066156+00:00,8o8-arch,7.0.12-arch1-1,AMD Ryzen 9 3900X 12-Core Processor,"logical=24,cores=12,sockets=1,nodes=1",performance,rustc 1.97.0 (2d8144b78 2026-07-07),22.1.6,cargo 1.97.0 (c980f4866 2026-06-30),"release,lto=thin,debug=true",/home/bob/.cache/mess-bench,/dev/nvme0n1p3,ext4,/home,Samsung SSD 970 EVO Plus 2TB,[none] mq-deadline kyber bfq,249464229888,4096,1024,payload[i]=(i*131+17)&0xff,4.23828125,accepted,,4,8,0,1,bytes,4004,4000,262256912,32,0,0,3,0,0,33386988,33997388,33996938,33996938,33996938,4.240,4.240
