shape_id,source_commit,source_dirty,harness_sha256,binary_sha256,runner_sha256,evaluator_sha256,correctness_sha256,captured_at_utc,hostname,kernel,cpu_model,cpu_topology,governor,rustc,llvm,cargo,build_profile,scratch_root,mount_source,mount_fstype,mount_target,device_model,scheduler,free_bytes,page_size,iov_max,corpus_seed,guard_load1,status,error,payload,events_per_batch,owner_units,physical_batches,writers,chain,unit_shape,iterations,stop_reason,events,domain_events,bytes,cpu_ns,wall_ns,p50_ns,p95_ns,p99_ns,prepared_batches,load1_before,load1_after
s0001,015d813736625640f12d26c5d349b92c14fd2fb4,false,a897dfa99e98479b638409c432d3d2bc8e7ba7d5ba4e5a046dd229021f58bffd,12b1dafe765a77d1a17115b0ae12cff973f20ed7d6d770fbd790695fe081288e,afaa9ca40fef1b2a362af2af235634b472665287e554d16b829c09e1a70787ac,8d5b7eba8aea53574190e7d4a6d9e7b424bc23a9e2a0b6968a27f1772509492b,6e938dfcd266a2b0eac811d7ea7eabbd5b217965f88efa81371465134dbcab11,2026-07-15T17:55:32.356655+00:00,8o8-arch,7.0.12-arch1-1,AMD Ryzen 9 3900X 12-Core Processor,"logical=24,cores=12,sockets=1,nodes=1",performance,rustc 1.97.0 (2d8144b78 2026-07-07),22.1.6,cargo 1.97.0 (c980f4866 2026-06-30),"release,lto=thin,debug=true",/home/bob/.cache/mess-bench,/dev/nvme0n1p3,ext4,/home,Samsung SSD 970 EVO Plus 2TB,[none] mq-deadline kyber bfq,249468461056,4096,1024,payload[i]=(i*131+17)&0xff,3.57958984375,accepted,,24,1,1,1,1,0,domain,239675,bytes,239675,239675,33554500,70475156,70828306,230,260,310,239675,3.580,3.580
s0002,015d813736625640f12d26c5d349b92c14fd2fb4,false,a897dfa99e98479b638409c432d3d2bc8e7ba7d5ba4e5a046dd229021f58bffd,12b1dafe765a77d1a17115b0ae12cff973f20ed7d6d770fbd790695fe081288e,afaa9ca40fef1b2a362af2af235634b472665287e554d16b829c09e1a70787ac,8d5b7eba8aea53574190e7d4a6d9e7b424bc23a9e2a0b6968a27f1772509492b,6e938dfcd266a2b0eac811d7ea7eabbd5b217965f88efa81371465134dbcab11,2026-07-15T17:55:33.389037+00:00,8o8-arch,7.0.12-arch1-1,AMD Ryzen 9 3900X 12-Core Processor,"logical=24,cores=12,sockets=1,nodes=1",performance,rustc 1.97.0 (2d8144b78 2026-07-07),22.1.6,cargo 1.97.0 (c980f4866 2026-06-30),"release,lto=thin,debug=true",/home/bob/.cache/mess-bench,/dev/nvme0n1p3,ext4,/home,Samsung SSD 970 EVO Plus 2TB,[none] mq-deadline kyber bfq,249468452864,4096,1024,payload[i]=(i*131+17)&0xff,3.57958984375,accepted,,24,1,1,1,4,0,domain,239675,bytes,239675,239675,33554500,73270548,74898905,230,280,360,239675,3.580,3.580
s0003,015d813736625640f12d26c5d349b92c14fd2fb4,false,a897dfa99e98479b638409c432d3d2bc8e7ba7d5ba4e5a046dd229021f58bffd,12b1dafe765a77d1a17115b0ae12cff973f20ed7d6d770fbd790695fe081288e,afaa9ca40fef1b2a362af2af235634b472665287e554d16b829c09e1a70787ac,8d5b7eba8aea53574190e7d4a6d9e7b424bc23a9e2a0b6968a27f1772509492b,6e938dfcd266a2b0eac811d7ea7eabbd5b217965f88efa81371465134dbcab11,2026-07-15T17:55:34.417349+00:00,8o8-arch,7.0.12-arch1-1,AMD Ryzen 9 3900X 12-Core Processor,"logical=24,cores=12,sockets=1,nodes=1",performance,rustc 1.97.0 (2d8144b78 2026-07-07),22.1.6,cargo 1.97.0 (c980f4866 2026-06-30),"release,lto=thin,debug=true",/home/bob/.cache/mess-bench,/dev/nvme0n1p3,ext4,/home,Samsung SSD 970 EVO Plus 2TB,[none] mq-deadline kyber bfq,249468395520,4096,1024,payload[i]=(i*131+17)&0xff,3.57958984375,accepted,,24,1,2,2,2,0,domain,119838,bytes,239676,239676,33554640,63091496,63521560,440,450,590,239676,3.580,3.580
s0004,015d813736625640f12d26c5d349b92c14fd2fb4,false,a897dfa99e98479b638409c432d3d2bc8e7ba7d5ba4e5a046dd229021f58bffd,12b1dafe765a77d1a17115b0ae12cff973f20ed7d6d770fbd790695fe081288e,afaa9ca40fef1b2a362af2af235634b472665287e554d16b829c09e1a70787ac,8d5b7eba8aea53574190e7d4a6d9e7b424bc23a9e2a0b6968a27f1772509492b,6e938dfcd266a2b0eac811d7ea7eabbd5b217965f88efa81371465134dbcab11,2026-07-15T17:55:35.446805+00:00,8o8-arch,7.0.12-arch1-1,AMD Ryzen 9 3900X 12-Core Processor,"logical=24,cores=12,sockets=1,nodes=1",performance,rustc 1.97.0 (2d8144b78 2026-07-07),22.1.6,cargo 1.97.0 (c980f4866 2026-06-30),"release,lto=thin,debug=true",/home/bob/.cache/mess-bench,/dev/nvme0n1p3,ext4,/home,Samsung SSD 970 EVO Plus 2TB,[none] mq-deadline kyber bfq,249468391424,4096,1024,payload[i]=(i*131+17)&0xff,3.29248046875,accepted,,24,1,2,4,2,0,new_name,59919,bytes,239676,119838,33554640,56691223,57090673,850,1150,1310,239676,3.290,3.290
s0005,015d813736625640f12d26c5d349b92c14fd2fb4,false,a897dfa99e98479b638409c432d3d2bc8e7ba7d5ba4e5a046dd229021f58bffd,12b1dafe765a77d1a17115b0ae12cff973f20ed7d6d770fbd790695fe081288e,afaa9ca40fef1b2a362af2af235634b472665287e554d16b829c09e1a70787ac,8d5b7eba8aea53574190e7d4a6d9e7b424bc23a9e2a0b6968a27f1772509492b,6e938dfcd266a2b0eac811d7ea7eabbd5b217965f88efa81371465134dbcab11,2026-07-15T17:55:36.474559+00:00,8o8-arch,7.0.12-arch1-1,AMD Ryzen 9 3900X 12-Core Processor,"logical=24,cores=12,sockets=1,nodes=1",performance,rustc 1.97.0 (2d8144b78 2026-07-07),22.1.6,cargo 1.97.0 (c980f4866 2026-06-30),"release,lto=thin,debug=true",/home/bob/.cache/mess-bench,/dev/nvme0n1p3,ext4,/home,Samsung SSD 970 EVO Plus 2TB,[none] mq-deadline kyber bfq,249468387328,4096,1024,payload[i]=(i*131+17)&0xff,3.29248046875,accepted,,24,1,2,2,4,0,domain,119838,bytes,239676,239676,33554640,64839387,66106968,440,550,620,239676,3.290,3.290
s0006,015d813736625640f12d26c5d349b92c14fd2fb4,false,a897dfa99e98479b638409c432d3d2bc8e7ba7d5ba4e5a046dd229021f58bffd,12b1dafe765a77d1a17115b0ae12cff973f20ed7d6d770fbd790695fe081288e,afaa9ca40fef1b2a362af2af235634b472665287e554d16b829c09e1a70787ac,8d5b7eba8aea53574190e7d4a6d9e7b424bc23a9e2a0b6968a27f1772509492b,6e938dfcd266a2b0eac811d7ea7eabbd5b217965f88efa81371465134dbcab11,2026-07-15T17:55:37.505478+00:00,8o8-arch,7.0.12-arch1-1,AMD Ryzen 9 3900X 12-Core Processor,"logical=24,cores=12,sockets=1,nodes=1",performance,rustc 1.97.0 (2d8144b78 2026-07-07),22.1.6,cargo 1.97.0 (c980f4866 2026-06-30),"release,lto=thin,debug=true",/home/bob/.cache/mess-bench,/dev/nvme0n1p3,ext4,/home,Samsung SSD 970 EVO Plus 2TB,[none] mq-deadline kyber bfq,249468387328,4096,1024,payload[i]=(i*131+17)&0xff,3.29248046875,accepted,,24,1,3,3,4,0,domain,79892,bytes,239676,239676,33554640,58998695,59559911,640,850,970,239676,3.290,3.290
s0007,015d813736625640f12d26c5d349b92c14fd2fb4,false,a897dfa99e98479b638409c432d3d2bc8e7ba7d5ba4e5a046dd229021f58bffd,12b1dafe765a77d1a17115b0ae12cff973f20ed7d6d770fbd790695fe081288e,afaa9ca40fef1b2a362af2af235634b472665287e554d16b829c09e1a70787ac,8d5b7eba8aea53574190e7d4a6d9e7b424bc23a9e2a0b6968a27f1772509492b,6e938dfcd266a2b0eac811d7ea7eabbd5b217965f88efa81371465134dbcab11,2026-07-15T17:55:38.531545+00:00,8o8-arch,7.0.12-arch1-1,AMD Ryzen 9 3900X 12-Core Processor,"logical=24,cores=12,sockets=1,nodes=1",performance,rustc 1.97.0 (2d8144b78 2026-07-07),22.1.6,cargo 1.97.0 (c980f4866 2026-06-30),"release,lto=thin,debug=true",/home/bob/.cache/mess-bench,/dev/nvme0n1p3,ext4,/home,Samsung SSD 970 EVO Plus 2TB,[none] mq-deadline kyber bfq,249468379136,4096,1024,payload[i]=(i*131+17)&0xff,3.29248046875,accepted,,24,1,4,4,4,0,domain,59919,bytes,239676,239676,33554640,55646273,56055654,840,1090,1190,239676,3.290,3.290
s0008,015d813736625640f12d26c5d349b92c14fd2fb4,false,a897dfa99e98479b638409c432d3d2bc8e7ba7d5ba4e5a046dd229021f58bffd,12b1dafe765a77d1a17115b0ae12cff973f20ed7d6d770fbd790695fe081288e,afaa9ca40fef1b2a362af2af235634b472665287e554d16b829c09e1a70787ac,8d5b7eba8aea53574190e7d4a6d9e7b424bc23a9e2a0b6968a27f1772509492b,6e938dfcd266a2b0eac811d7ea7eabbd5b217965f88efa81371465134dbcab11,2026-07-15T17:55:39.562194+00:00,8o8-arch,7.0.12-arch1-1,AMD Ryzen 9 3900X 12-Core Processor,"logical=24,cores=12,sockets=1,nodes=1",performance,rustc 1.97.0 (2d8144b78 2026-07-07),22.1.6,cargo 1.97.0 (c980f4866 2026-06-30),"release,lto=thin,debug=true",/home/bob/.cache/mess-bench,/dev/nvme0n1p3,ext4,/home,Samsung SSD 970 EVO Plus 2TB,[none] mq-deadline kyber bfq,249468379136,4096,1024,payload[i]=(i*131+17)&0xff,3.29248046875,accepted,,24,1,4,8,4,0,new_name,29960,bytes,239680,119840,33555200,53120473,53524235,1660,2130,2430,239680,3.290,3.290
s0009,015d813736625640f12d26c5d349b92c14fd2fb4,false,a897dfa99e98479b638409c432d3d2bc8e7ba7d5ba4e5a046dd229021f58bffd,12b1dafe765a77d1a17115b0ae12cff973f20ed7d6d770fbd790695fe081288e,afaa9ca40fef1b2a362af2af235634b472665287e554d16b829c09e1a70787ac,8d5b7eba8aea53574190e7d4a6d9e7b424bc23a9e2a0b6968a27f1772509492b,6e938dfcd266a2b0eac811d7ea7eabbd5b217965f88efa81371465134dbcab11,2026-07-15T17:55:40.594714+00:00,8o8-arch,7.0.12-arch1-1,AMD Ryzen 9 3900X 12-Core Processor,"logical=24,cores=12,sockets=1,nodes=1",performance,rustc 1.97.0 (2d8144b78 2026-07-07),22.1.6,cargo 1.97.0 (c980f4866 2026-06-30),"release,lto=thin,debug=true",/home/bob/.cache/mess-bench,/dev/nvme0n1p3,ext4,/home,Samsung SSD 970 EVO Plus 2TB,[none] mq-deadline kyber bfq,249468379136,4096,1024,payload[i]=(i*131+17)&0xff,3.26904296875,accepted,,24,1,16,16,4,0,domain,14980,bytes,239680,239680,33555200,54237034,54975933,3290,4100,4560,239680,3.270,3.270
s0010,015d813736625640f12d26c5d349b92c14fd2fb4,false,a897dfa99e98479b638409c432d3d2bc8e7ba7d5ba4e5a046dd229021f58bffd,12b1dafe765a77d1a17115b0ae12cff973f20ed7d6d770fbd790695fe081288e,afaa9ca40fef1b2a362af2af235634b472665287e554d16b829c09e1a70787ac,8d5b7eba8aea53574190e7d4a6d9e7b424bc23a9e2a0b6968a27f1772509492b,6e938dfcd266a2b0eac811d7ea7eabbd5b217965f88efa81371465134dbcab11,2026-07-15T17:55:41.625106+00:00,8o8-arch,7.0.12-arch1-1,AMD Ryzen 9 3900X 12-Core Processor,"logical=24,cores=12,sockets=1,nodes=1",performance,rustc 1.97.0 (2d8144b78 2026-07-07),22.1.6,cargo 1.97.0 (c980f4866 2026-06-30),"release,lto=thin,debug=true",/home/bob/.cache/mess-bench,/dev/nvme0n1p3,ext4,/home,Samsung SSD 970 EVO Plus 2TB,[none] mq-deadline kyber bfq,249468370944,4096,1024,payload[i]=(i*131+17)&0xff,3.26904296875,accepted,,24,1,16,32,4,0,new_name,7490,bytes,239680,119840,33555200,50926832,51363366,6560,8330,9960,239680,3.270,3.270
s0011,015d813736625640f12d26c5d349b92c14fd2fb4,false,a897dfa99e98479b638409c432d3d2bc8e7ba7d5ba4e5a046dd229021f58bffd,12b1dafe765a77d1a17115b0ae12cff973f20ed7d6d770fbd790695fe081288e,afaa9ca40fef1b2a362af2af235634b472665287e554d16b829c09e1a70787ac,8d5b7eba8aea53574190e7d4a6d9e7b424bc23a9e2a0b6968a27f1772509492b,6e938dfcd266a2b0eac811d7ea7eabbd5b217965f88efa81371465134dbcab11,2026-07-15T17:55:42.650016+00:00,8o8-arch,7.0.12-arch1-1,AMD Ryzen 9 3900X 12-Core Processor,"logical=24,cores=12,sockets=1,nodes=1",performance,rustc 1.97.0 (2d8144b78 2026-07-07),22.1.6,cargo 1.97.0 (c980f4866 2026-06-30),"release,lto=thin,debug=true",/home/bob/.cache/mess-bench,/dev/nvme0n1p3,ext4,/home,Samsung SSD 970 EVO Plus 2TB,[none] mq-deadline kyber bfq,249468366848,4096,1024,payload[i]=(i*131+17)&0xff,3.26904296875,accepted,,24,1,64,64,4,0,domain,3745,bytes,239680,239680,33555200,51099762,51820366,13080,17250,21340,239680,3.270,3.270
s0012,015d813736625640f12d26c5d349b92c14fd2fb4,false,a897dfa99e98479b638409c432d3d2bc8e7ba7d5ba4e5a046dd229021f58bffd,12b1dafe765a77d1a17115b0ae12cff973f20ed7d6d770fbd790695fe081288e,afaa9ca40fef1b2a362af2af235634b472665287e554d16b829c09e1a70787ac,8d5b7eba8aea53574190e7d4a6d9e7b424bc23a9e2a0b6968a27f1772509492b,6e938dfcd266a2b0eac811d7ea7eabbd5b217965f88efa81371465134dbcab11,2026-07-15T17:55:43.680870+00:00,8o8-arch,7.0.12-arch1-1,AMD Ryzen 9 3900X 12-Core Processor,"logical=24,cores=12,sockets=1,nodes=1",performance,rustc 1.97.0 (2d8144b78 2026-07-07),22.1.6,cargo 1.97.0 (c980f4866 2026-06-30),"release,lto=thin,debug=true",/home/bob/.cache/mess-bench,/dev/nvme0n1p3,ext4,/home,Samsung SSD 970 EVO Plus 2TB,[none] mq-deadline kyber bfq,249468366848,4096,1024,payload[i]=(i*131+17)&0xff,3.26904296875,accepted,,24,1,64,128,4,0,new_name,1873,bytes,239744,119872,33564160,51803283,52254646,26220,34250,43150,239744,3.270,3.270
s0013,015d813736625640f12d26c5d349b92c14fd2fb4,false,a897dfa99e98479b638409c432d3d2bc8e7ba7d5ba4e5a046dd229021f58bffd,12b1dafe765a77d1a17115b0ae12cff973f20ed7d6d770fbd790695fe081288e,afaa9ca40fef1b2a362af2af235634b472665287e554d16b829c09e1a70787ac,8d5b7eba8aea53574190e7d4a6d9e7b424bc23a9e2a0b6968a27f1772509492b,6e938dfcd266a2b0eac811d7ea7eabbd5b217965f88efa81371465134dbcab11,2026-07-15T17:55:44.709622+00:00,8o8-arch,7.0.12-arch1-1,AMD Ryzen 9 3900X 12-Core Processor,"logical=24,cores=12,sockets=1,nodes=1",performance,rustc 1.97.0 (2d8144b78 2026-07-07),22.1.6,cargo 1.97.0 (c980f4866 2026-06-30),"release,lto=thin,debug=true",/home/bob/.cache/mess-bench,/dev/nvme0n1p3,ext4,/home,Samsung SSD 970 EVO Plus 2TB,[none] mq-deadline kyber bfq,249468370944,4096,1024,payload[i]=(i*131+17)&0xff,3.26904296875,accepted,,24,1,256,256,4,0,domain,937,bytes,239872,239872,33582080,50758862,51390705,52450,63890,77470,239872,3.270,3.270
s0014,015d813736625640f12d26c5d349b92c14fd2fb4,false,a897dfa99e98479b638409c432d3d2bc8e7ba7d5ba4e5a046dd229021f58bffd,12b1dafe765a77d1a17115b0ae12cff973f20ed7d6d770fbd790695fe081288e,afaa9ca40fef1b2a362af2af235634b472665287e554d16b829c09e1a70787ac,8d5b7eba8aea53574190e7d4a6d9e7b424bc23a9e2a0b6968a27f1772509492b,6e938dfcd266a2b0eac811d7ea7eabbd5b217965f88efa81371465134dbcab11,2026-07-15T17:55:45.737932+00:00,8o8-arch,7.0.12-arch1-1,AMD Ryzen 9 3900X 12-Core Processor,"logical=24,cores=12,sockets=1,nodes=1",performance,rustc 1.97.0 (2d8144b78 2026-07-07),22.1.6,cargo 1.97.0 (c980f4866 2026-06-30),"release,lto=thin,debug=true",/home/bob/.cache/mess-bench,/dev/nvme0n1p3,ext4,/home,Samsung SSD 970 EVO Plus 2TB,[none] mq-deadline kyber bfq,249468358656,4096,1024,payload[i]=(i*131+17)&0xff,3.1669921875,accepted,,24,1,256,512,4,0,new_name,469,bytes,240128,120064,33617920,49876613,50250606,105090,116500,127980,240128,3.170,3.170
s0015,015d813736625640f12d26c5d349b92c14fd2fb4,false,a897dfa99e98479b638409c432d3d2bc8e7ba7d5ba4e5a046dd229021f58bffd,12b1dafe765a77d1a17115b0ae12cff973f20ed7d6d770fbd790695fe081288e,afaa9ca40fef1b2a362af2af235634b472665287e554d16b829c09e1a70787ac,8d5b7eba8aea53574190e7d4a6d9e7b424bc23a9e2a0b6968a27f1772509492b,6e938dfcd266a2b0eac811d7ea7eabbd5b217965f88efa81371465134dbcab11,2026-07-15T17:55:46.769627+00:00,8o8-arch,7.0.12-arch1-1,AMD Ryzen 9 3900X 12-Core Processor,"logical=24,cores=12,sockets=1,nodes=1",performance,rustc 1.97.0 (2d8144b78 2026-07-07),22.1.6,cargo 1.97.0 (c980f4866 2026-06-30),"release,lto=thin,debug=true",/home/bob/.cache/mess-bench,/dev/nvme0n1p3,ext4,/home,Samsung SSD 970 EVO Plus 2TB,[none] mq-deadline kyber bfq,249468358656,4096,1024,payload[i]=(i*131+17)&0xff,3.1669921875,accepted,,24,1,1024,1024,4,0,domain,235,bytes,240640,240640,33689600,51415063,51747816,214669,252580,287490,240640,3.170,3.170
s0016,015d813736625640f12d26c5d349b92c14fd2fb4,false,a897dfa99e98479b638409c432d3d2bc8e7ba7d5ba4e5a046dd229021f58bffd,12b1dafe765a77d1a17115b0ae12cff973f20ed7d6d770fbd790695fe081288e,afaa9ca40fef1b2a362af2af235634b472665287e554d16b829c09e1a70787ac,8d5b7eba8aea53574190e7d4a6d9e7b424bc23a9e2a0b6968a27f1772509492b,6e938dfcd266a2b0eac811d7ea7eabbd5b217965f88efa81371465134dbcab11,2026-07-15T17:55:47.801421+00:00,8o8-arch,7.0.12-arch1-1,AMD Ryzen 9 3900X 12-Core Processor,"logical=24,cores=12,sockets=1,nodes=1",performance,rustc 1.97.0 (2d8144b78 2026-07-07),22.1.6,cargo 1.97.0 (c980f4866 2026-06-30),"release,lto=thin,debug=true",/home/bob/.cache/mess-bench,/dev/nvme0n1p3,ext4,/home,Samsung SSD 970 EVO Plus 2TB,[none] mq-deadline kyber bfq,249468358656,4096,1024,payload[i]=(i*131+17)&0xff,3.1669921875,accepted,,24,1,1024,2048,4,0,new_name,118,bytes,241664,120832,33832960,53407613,53818084,431449,608240,631790,241664,3.170,3.170
s0017,015d813736625640f12d26c5d349b92c14fd2fb4,false,a897dfa99e98479b638409c432d3d2bc8e7ba7d5ba4e5a046dd229021f58bffd,12b1dafe765a77d1a17115b0ae12cff973f20ed7d6d770fbd790695fe081288e,afaa9ca40fef1b2a362af2af235634b472665287e554d16b829c09e1a70787ac,8d5b7eba8aea53574190e7d4a6d9e7b424bc23a9e2a0b6968a27f1772509492b,6e938dfcd266a2b0eac811d7ea7eabbd5b217965f88efa81371465134dbcab11,2026-07-15T17:55:48.826736+00:00,8o8-arch,7.0.12-arch1-1,AMD Ryzen 9 3900X 12-Core Processor,"logical=24,cores=12,sockets=1,nodes=1",performance,rustc 1.97.0 (2d8144b78 2026-07-07),22.1.6,cargo 1.97.0 (c980f4866 2026-06-30),"release,lto=thin,debug=true",/home/bob/.cache/mess-bench,/dev/nvme0n1p3,ext4,/home,Samsung SSD 970 EVO Plus 2TB,[none] mq-deadline kyber bfq,249468354560,4096,1024,payload[i]=(i*131+17)&0xff,3.1669921875,accepted,,24,1,1025,1025,4,0,domain,234,bytes,239850,239850,33579000,50217513,50579685,210569,249730,274050,239850,3.170,3.170
s0018,015d813736625640f12d26c5d349b92c14fd2fb4,false,a897dfa99e98479b638409c432d3d2bc8e7ba7d5ba4e5a046dd229021f58bffd,12b1dafe765a77d1a17115b0ae12cff973f20ed7d6d770fbd790695fe081288e,afaa9ca40fef1b2a362af2af235634b472665287e554d16b829c09e1a70787ac,8d5b7eba8aea53574190e7d4a6d9e7b424bc23a9e2a0b6968a27f1772509492b,6e938dfcd266a2b0eac811d7ea7eabbd5b217965f88efa81371465134dbcab11,2026-07-15T17:55:49.855641+00:00,8o8-arch,7.0.12-arch1-1,AMD Ryzen 9 3900X 12-Core Processor,"logical=24,cores=12,sockets=1,nodes=1",performance,rustc 1.97.0 (2d8144b78 2026-07-07),22.1.6,cargo 1.97.0 (c980f4866 2026-06-30),"release,lto=thin,debug=true",/home/bob/.cache/mess-bench,/dev/nvme0n1p3,ext4,/home,Samsung SSD 970 EVO Plus 2TB,[none] mq-deadline kyber bfq,249468350464,4096,1024,payload[i]=(i*131+17)&0xff,3.1669921875,accepted,,24,1,1025,2050,4,0,new_name,117,bytes,239850,119925,33579000,50258302,50765975,426380,460400,513090,239850,3.170,3.170
s0019,015d813736625640f12d26c5d349b92c14fd2fb4,false,a897dfa99e98479b638409c432d3d2bc8e7ba7d5ba4e5a046dd229021f58bffd,12b1dafe765a77d1a17115b0ae12cff973f20ed7d6d770fbd790695fe081288e,afaa9ca40fef1b2a362af2af235634b472665287e554d16b829c09e1a70787ac,8d5b7eba8aea53574190e7d4a6d9e7b424bc23a9e2a0b6968a27f1772509492b,6e938dfcd266a2b0eac811d7ea7eabbd5b217965f88efa81371465134dbcab11,2026-07-15T17:55:50.883290+00:00,8o8-arch,7.0.12-arch1-1,AMD Ryzen 9 3900X 12-Core Processor,"logical=24,cores=12,sockets=1,nodes=1",performance,rustc 1.97.0 (2d8144b78 2026-07-07),22.1.6,cargo 1.97.0 (c980f4866 2026-06-30),"release,lto=thin,debug=true",/home/bob/.cache/mess-bench,/dev/nvme0n1p3,ext4,/home,Samsung SSD 970 EVO Plus 2TB,[none] mq-deadline kyber bfq,249468338176,4096,1024,payload[i]=(i*131+17)&0xff,3.0732421875,accepted,,24,10,1,1,1,0,domain,55189,bytes,551890,551890,33554912,35328919,35564823,550,690,820,55189,3.070,3.070
s0020,015d813736625640f12d26c5d349b92c14fd2fb4,false,a897dfa99e98479b638409c432d3d2bc8e7ba7d5ba4e5a046dd229021f58bffd,12b1dafe765a77d1a17115b0ae12cff973f20ed7d6d770fbd790695fe081288e,afaa9ca40fef1b2a362af2af235634b472665287e554d16b829c09e1a70787ac,8d5b7eba8aea53574190e7d4a6d9e7b424bc23a9e2a0b6968a27f1772509492b,6e938dfcd266a2b0eac811d7ea7eabbd5b217965f88efa81371465134dbcab11,2026-07-15T17:55:51.911769+00:00,8o8-arch,7.0.12-arch1-1,AMD Ryzen 9 3900X 12-Core Processor,"logical=24,cores=12,sockets=1,nodes=1",performance,rustc 1.97.0 (2d8144b78 2026-07-07),22.1.6,cargo 1.97.0 (c980f4866 2026-06-30),"release,lto=thin,debug=true",/home/bob/.cache/mess-bench,/dev/nvme0n1p3,ext4,/home,Samsung SSD 970 EVO Plus 2TB,[none] mq-deadline kyber bfq,249468338176,4096,1024,payload[i]=(i*131+17)&0xff,3.0732421875,accepted,,24,10,1,1,4,0,domain,55189,bytes,551890,551890,33554912,34510069,34731813,550,660,740,55189,3.070,3.070
s0021,015d813736625640f12d26c5d349b92c14fd2fb4,false,a897dfa99e98479b638409c432d3d2bc8e7ba7d5ba4e5a046dd229021f58bffd,12b1dafe765a77d1a17115b0ae12cff973f20ed7d6d770fbd790695fe081288e,afaa9ca40fef1b2a362af2af235634b472665287e554d16b829c09e1a70787ac,8d5b7eba8aea53574190e7d4a6d9e7b424bc23a9e2a0b6968a27f1772509492b,6e938dfcd266a2b0eac811d7ea7eabbd5b217965f88efa81371465134dbcab11,2026-07-15T17:55:52.933106+00:00,8o8-arch,7.0.12-arch1-1,AMD Ryzen 9 3900X 12-Core Processor,"logical=24,cores=12,sockets=1,nodes=1",performance,rustc 1.97.0 (2d8144b78 2026-07-07),22.1.6,cargo 1.97.0 (c980f4866 2026-06-30),"release,lto=thin,debug=true",/home/bob/.cache/mess-bench,/dev/nvme0n1p3,ext4,/home,Samsung SSD 970 EVO Plus 2TB,[none] mq-deadline kyber bfq,249468370944,4096,1024,payload[i]=(i*131+17)&0xff,3.0732421875,accepted,,24,10,2,2,2,0,domain,27595,bytes,551900,551900,33555520,33775639,34673074,1080,1570,1610,55190,3.070,3.070
s0022,015d813736625640f12d26c5d349b92c14fd2fb4,false,a897dfa99e98479b638409c432d3d2bc8e7ba7d5ba4e5a046dd229021f58bffd,12b1dafe765a77d1a17115b0ae12cff973f20ed7d6d770fbd790695fe081288e,afaa9ca40fef1b2a362af2af235634b472665287e554d16b829c09e1a70787ac,8d5b7eba8aea53574190e7d4a6d9e7b424bc23a9e2a0b6968a27f1772509492b,6e938dfcd266a2b0eac811d7ea7eabbd5b217965f88efa81371465134dbcab11,2026-07-15T17:55:53.964377+00:00,8o8-arch,7.0.12-arch1-1,AMD Ryzen 9 3900X 12-Core Processor,"logical=24,cores=12,sockets=1,nodes=1",performance,rustc 1.97.0 (2d8144b78 2026-07-07),22.1.6,cargo 1.97.0 (c980f4866 2026-06-30),"release,lto=thin,debug=true",/home/bob/.cache/mess-bench,/dev/nvme0n1p3,ext4,/home,Samsung SSD 970 EVO Plus 2TB,[none] mq-deadline kyber bfq,249468366848,4096,1024,payload[i]=(i*131+17)&0xff,3.0732421875,accepted,,24,10,2,4,2,0,new_name,22430,bytes,493460,448600,33555280,37401199,37707222,1500,1930,3080,89720,3.070,3.070
s0023,015d813736625640f12d26c5d349b92c14fd2fb4,false,a897dfa99e98479b638409c432d3d2bc8e7ba7d5ba4e5a046dd229021f58bffd,12b1dafe765a77d1a17115b0ae12cff973f20ed7d6d770fbd790695fe081288e,afaa9ca40fef1b2a362af2af235634b472665287e554d16b829c09e1a70787ac,8d5b7eba8aea53574190e7d4a6d9e7b424bc23a9e2a0b6968a27f1772509492b,6e938dfcd266a2b0eac811d7ea7eabbd5b217965f88efa81371465134dbcab11,2026-07-15T17:55:54.996434+00:00,8o8-arch,7.0.12-arch1-1,AMD Ryzen 9 3900X 12-Core Processor,"logical=24,cores=12,sockets=1,nodes=1",performance,rustc 1.97.0 (2d8144b78 2026-07-07),22.1.6,cargo 1.97.0 (c980f4866 2026-06-30),"release,lto=thin,debug=true",/home/bob/.cache/mess-bench,/dev/nvme0n1p3,ext4,/home,Samsung SSD 970 EVO Plus 2TB,[none] mq-deadline kyber bfq,249468358656,4096,1024,payload[i]=(i*131+17)&0xff,3.0732421875,accepted,,24,10,2,2,4,0,domain,27595,bytes,551900,551900,33555520,32271708,32474324,1080,1230,1480,55190,3.070,3.070
s0024,015d813736625640f12d26c5d349b92c14fd2fb4,false,a897dfa99e98479b638409c432d3d2bc8e7ba7d5ba4e5a046dd229021f58bffd,12b1dafe765a77d1a17115b0ae12cff973f20ed7d6d770fbd790695fe081288e,afaa9ca40fef1b2a362af2af235634b472665287e554d16b829c09e1a70787ac,8d5b7eba8aea53574190e7d4a6d9e7b424bc23a9e2a0b6968a27f1772509492b,6e938dfcd266a2b0eac811d7ea7eabbd5b217965f88efa81371465134dbcab11,2026-07-15T17:55:56.026557+00:00,8o8-arch,7.0.12-arch1-1,AMD Ryzen 9 3900X 12-Core Processor,"logical=24,cores=12,sockets=1,nodes=1",performance,rustc 1.97.0 (2d8144b78 2026-07-07),22.1.6,cargo 1.97.0 (c980f4866 2026-06-30),"release,lto=thin,debug=true",/home/bob/.cache/mess-bench,/dev/nvme0n1p3,ext4,/home,Samsung SSD 970 EVO Plus 2TB,[none] mq-deadline kyber bfq,249468354560,4096,1024,payload[i]=(i*131+17)&0xff,2.98681640625,accepted,,24,10,3,3,4,0,domain,18397,bytes,551910,551910,33556128,33081628,33282844,1610,2080,2260,55191,2.990,2.990
s0025,015d813736625640f12d26c5d349b92c14fd2fb4,false,a897dfa99e98479b638409c432d3d2bc8e7ba7d5ba4e5a046dd229021f58bffd,12b1dafe765a77d1a17115b0ae12cff973f20ed7d6d770fbd790695fe081288e,afaa9ca40fef1b2a362af2af235634b472665287e554d16b829c09e1a70787ac,8d5b7eba8aea53574190e7d4a6d9e7b424bc23a9e2a0b6968a27f1772509492b,6e938dfcd266a2b0eac811d7ea7eabbd5b217965f88efa81371465134dbcab11,2026-07-15T17:55:57.056768+00:00,8o8-arch,7.0.12-arch1-1,AMD Ryzen 9 3900X 12-Core Processor,"logical=24,cores=12,sockets=1,nodes=1",performance,rustc 1.97.0 (2d8144b78 2026-07-07),22.1.6,cargo 1.97.0 (c980f4866 2026-06-30),"release,lto=thin,debug=true",/home/bob/.cache/mess-bench,/dev/nvme0n1p3,ext4,/home,Samsung SSD 970 EVO Plus 2TB,[none] mq-deadline kyber bfq,249468350464,4096,1024,payload[i]=(i*131+17)&0xff,2.98681640625,accepted,,24,10,4,4,4,0,domain,13798,bytes,551920,551920,33556736,32938738,33166453,2130,2850,3070,55192,2.990,2.990
s0026,015d813736625640f12d26c5d349b92c14fd2fb4,false,a897dfa99e98479b638409c432d3d2bc8e7ba7d5ba4e5a046dd229021f58bffd,12b1dafe765a77d1a17115b0ae12cff973f20ed7d6d770fbd790695fe081288e,afaa9ca40fef1b2a362af2af235634b472665287e554d16b829c09e1a70787ac,8d5b7eba8aea53574190e7d4a6d9e7b424bc23a9e2a0b6968a27f1772509492b,6e938dfcd266a2b0eac811d7ea7eabbd5b217965f88efa81371465134dbcab11,2026-07-15T17:55:58.084737+00:00,8o8-arch,7.0.12-arch1-1,AMD Ryzen 9 3900X 12-Core Processor,"logical=24,cores=12,sockets=1,nodes=1",performance,rustc 1.97.0 (2d8144b78 2026-07-07),22.1.6,cargo 1.97.0 (c980f4866 2026-06-30),"release,lto=thin,debug=true",/home/bob/.cache/mess-bench,/dev/nvme0n1p3,ext4,/home,Samsung SSD 970 EVO Plus 2TB,[none] mq-deadline kyber bfq,249468346368,4096,1024,payload[i]=(i*131+17)&0xff,2.98681640625,accepted,,24,10,4,8,4,0,new_name,11215,bytes,493460,448600,33555280,35965389,36195922,2960,3950,4690,89720,2.990,2.990
s0027,015d813736625640f12d26c5d349b92c14fd2fb4,false,a897dfa99e98479b638409c432d3d2bc8e7ba7d5ba4e5a046dd229021f58bffd,12b1dafe765a77d1a17115b0ae12cff973f20ed7d6d770fbd790695fe081288e,afaa9ca40fef1b2a362af2af235634b472665287e554d16b829c09e1a70787ac,8d5b7eba8aea53574190e7d4a6d9e7b424bc23a9e2a0b6968a27f1772509492b,6e938dfcd266a2b0eac811d7ea7eabbd5b217965f88efa81371465134dbcab11,2026-07-15T17:55:59.114368+00:00,8o8-arch,7.0.12-arch1-1,AMD Ryzen 9 3900X 12-Core Processor,"logical=24,cores=12,sockets=1,nodes=1",performance,rustc 1.97.0 (2d8144b78 2026-07-07),22.1.6,cargo 1.97.0 (c980f4866 2026-06-30),"release,lto=thin,debug=true",/home/bob/.cache/mess-bench,/dev/nvme0n1p3,ext4,/home,Samsung SSD 970 EVO Plus 2TB,[none] mq-deadline kyber bfq,249468338176,4096,1024,payload[i]=(i*131+17)&0xff,2.98681640625,accepted,,24,10,16,16,4,0,domain,3450,bytes,552000,552000,33561600,29940678,30175275,8430,10110,12070,55200,2.990,2.990
s0028,015d813736625640f12d26c5d349b92c14fd2fb4,false,a897dfa99e98479b638409c432d3d2bc8e7ba7d5ba4e5a046dd229021f58bffd,12b1dafe765a77d1a17115b0ae12cff973f20ed7d6d770fbd790695fe081288e,afaa9ca40fef1b2a362af2af235634b472665287e554d16b829c09e1a70787ac,8d5b7eba8aea53574190e7d4a6d9e7b424bc23a9e2a0b6968a27f1772509492b,6e938dfcd266a2b0eac811d7ea7eabbd5b217965f88efa81371465134dbcab11,2026-07-15T17:56:00.143819+00:00,8o8-arch,7.0.12-arch1-1,AMD Ryzen 9 3900X 12-Core Processor,"logical=24,cores=12,sockets=1,nodes=1",performance,rustc 1.97.0 (2d8144b78 2026-07-07),22.1.6,cargo 1.97.0 (c980f4866 2026-06-30),"release,lto=thin,debug=true",/home/bob/.cache/mess-bench,/dev/nvme0n1p3,ext4,/home,Samsung SSD 970 EVO Plus 2TB,[none] mq-deadline kyber bfq,249468338176,4096,1024,payload[i]=(i*131+17)&0xff,2.98681640625,accepted,,24,10,16,32,4,0,new_name,2804,bytes,493504,448640,33558272,34876919,35190943,11790,15360,20629,89728,2.990,2.990
s0029,015d813736625640f12d26c5d349b92c14fd2fb4,false,a897dfa99e98479b638409c432d3d2bc8e7ba7d5ba4e5a046dd229021f58bffd,12b1dafe765a77d1a17115b0ae12cff973f20ed7d6d770fbd790695fe081288e,afaa9ca40fef1b2a362af2af235634b472665287e554d16b829c09e1a70787ac,8d5b7eba8aea53574190e7d4a6d9e7b424bc23a9e2a0b6968a27f1772509492b,6e938dfcd266a2b0eac811d7ea7eabbd5b217965f88efa81371465134dbcab11,2026-07-15T17:56:01.165266+00:00,8o8-arch,7.0.12-arch1-1,AMD Ryzen 9 3900X 12-Core Processor,"logical=24,cores=12,sockets=1,nodes=1",performance,rustc 1.97.0 (2d8144b78 2026-07-07),22.1.6,cargo 1.97.0 (c980f4866 2026-06-30),"release,lto=thin,debug=true",/home/bob/.cache/mess-bench,/dev/nvme0n1p3,ext4,/home,Samsung SSD 970 EVO Plus 2TB,[none] mq-deadline kyber bfq,249468329984,4096,1024,payload[i]=(i*131+17)&0xff,3.46875,accepted,,24,10,64,64,4,0,domain,863,bytes,552320,552320,33581056,30291878,30583336,33400,43590,57050,55232,3.470,3.470
s0030,015d813736625640f12d26c5d349b92c14fd2fb4,false,a897dfa99e98479b638409c432d3d2bc8e7ba7d5ba4e5a046dd229021f58bffd,12b1dafe765a77d1a17115b0ae12cff973f20ed7d6d770fbd790695fe081288e,afaa9ca40fef1b2a362af2af235634b472665287e554d16b829c09e1a70787ac,8d5b7eba8aea53574190e7d4a6d9e7b424bc23a9e2a0b6968a27f1772509492b,6e938dfcd266a2b0eac811d7ea7eabbd5b217965f88efa81371465134dbcab11,2026-07-15T17:56:02.190863+00:00,8o8-arch,7.0.12-arch1-1,AMD Ryzen 9 3900X 12-Core Processor,"logical=24,cores=12,sockets=1,nodes=1",performance,rustc 1.97.0 (2d8144b78 2026-07-07),22.1.6,cargo 1.97.0 (c980f4866 2026-06-30),"release,lto=thin,debug=true",/home/bob/.cache/mess-bench,/dev/nvme0n1p3,ext4,/home,Samsung SSD 970 EVO Plus 2TB,[none] mq-deadline kyber bfq,249468329984,4096,1024,payload[i]=(i*131+17)&0xff,3.46875,accepted,,24,10,64,128,4,0,new_name,701,bytes,493504,448640,33558272,35569349,36404672,46970,70360,84620,89728,3.470,3.470
s0031,015d813736625640f12d26c5d349b92c14fd2fb4,false,a897dfa99e98479b638409c432d3d2bc8e7ba7d5ba4e5a046dd229021f58bffd,12b1dafe765a77d1a17115b0ae12cff973f20ed7d6d770fbd790695fe081288e,afaa9ca40fef1b2a362af2af235634b472665287e554d16b829c09e1a70787ac,8d5b7eba8aea53574190e7d4a6d9e7b424bc23a9e2a0b6968a27f1772509492b,6e938dfcd266a2b0eac811d7ea7eabbd5b217965f88efa81371465134dbcab11,2026-07-15T17:56:03.217878+00:00,8o8-arch,7.0.12-arch1-1,AMD Ryzen 9 3900X 12-Core Processor,"logical=24,cores=12,sockets=1,nodes=1",performance,rustc 1.97.0 (2d8144b78 2026-07-07),22.1.6,cargo 1.97.0 (c980f4866 2026-06-30),"release,lto=thin,debug=true",/home/bob/.cache/mess-bench,/dev/nvme0n1p3,ext4,/home,Samsung SSD 970 EVO Plus 2TB,[none] mq-deadline kyber bfq,249468329984,4096,1024,payload[i]=(i*131+17)&0xff,3.46875,accepted,,24,10,256,256,4,0,domain,216,bytes,552960,552960,33619968,30363696,32140384,135230,180269,201240,55296,3.470,3.470
s0032,015d813736625640f12d26c5d349b92c14fd2fb4,false,a897dfa99e98479b638409c432d3d2bc8e7ba7d5ba4e5a046dd229021f58bffd,12b1dafe765a77d1a17115b0ae12cff973f20ed7d6d770fbd790695fe081288e,afaa9ca40fef1b2a362af2af235634b472665287e554d16b829c09e1a70787ac,8d5b7eba8aea53574190e7d4a6d9e7b424bc23a9e2a0b6968a27f1772509492b,6e938dfcd266a2b0eac811d7ea7eabbd5b217965f88efa81371465134dbcab11,2026-07-15T17:56:04.239234+00:00,8o8-arch,7.0.12-arch1-1,AMD Ryzen 9 3900X 12-Core Processor,"logical=24,cores=12,sockets=1,nodes=1",performance,rustc 1.97.0 (2d8144b78 2026-07-07),22.1.6,cargo 1.97.0 (c980f4866 2026-06-30),"release,lto=thin,debug=true",/home/bob/.cache/mess-bench,/dev/nvme0n1p3,ext4,/home,Samsung SSD 970 EVO Plus 2TB,[none] mq-deadline kyber bfq,249468325888,4096,1024,payload[i]=(i*131+17)&0xff,3.46875,accepted,,24,10,256,512,4,0,new_name,176,bytes,495616,450560,33701888,34408098,35462713,192120,240650,287220,90112,3.470,3.470
s0033,015d813736625640f12d26c5d349b92c14fd2fb4,false,a897dfa99e98479b638409c432d3d2bc8e7ba7d5ba4e5a046dd229021f58bffd,12b1dafe765a77d1a17115b0ae12cff973f20ed7d6d770fbd790695fe081288e,afaa9ca40fef1b2a362af2af235634b472665287e554d16b829c09e1a70787ac,8d5b7eba8aea53574190e7d4a6d9e7b424bc23a9e2a0b6968a27f1772509492b,6e938dfcd266a2b0eac811d7ea7eabbd5b217965f88efa81371465134dbcab11,2026-07-15T17:56:05.269701+00:00,8o8-arch,7.0.12-arch1-1,AMD Ryzen 9 3900X 12-Core Processor,"logical=24,cores=12,sockets=1,nodes=1",performance,rustc 1.97.0 (2d8144b78 2026-07-07),22.1.6,cargo 1.97.0 (c980f4866 2026-06-30),"release,lto=thin,debug=true",/home/bob/.cache/mess-bench,/dev/nvme0n1p3,ext4,/home,Samsung SSD 970 EVO Plus 2TB,[none] mq-deadline kyber bfq,249468289024,4096,1024,payload[i]=(i*131+17)&0xff,3.43115234375,accepted,,24,10,1024,1024,4,0,domain,54,bytes,552960,552960,33619968,29664347,29839236,549040,571160,590740,55296,3.430,3.430
s0034,015d813736625640f12d26c5d349b92c14fd2fb4,false,a897dfa99e98479b638409c432d3d2bc8e7ba7d5ba4e5a046dd229021f58bffd,12b1dafe765a77d1a17115b0ae12cff973f20ed7d6d770fbd790695fe081288e,afaa9ca40fef1b2a362af2af235634b472665287e554d16b829c09e1a70787ac,8d5b7eba8aea53574190e7d4a6d9e7b424bc23a9e2a0b6968a27f1772509492b,6e938dfcd266a2b0eac811d7ea7eabbd5b217965f88efa81371465134dbcab11,2026-07-15T17:56:06.299629+00:00,8o8-arch,7.0.12-arch1-1,AMD Ryzen 9 3900X 12-Core Processor,"logical=24,cores=12,sockets=1,nodes=1",performance,rustc 1.97.0 (2d8144b78 2026-07-07),22.1.6,cargo 1.97.0 (c980f4866 2026-06-30),"release,lto=thin,debug=true",/home/bob/.cache/mess-bench,/dev/nvme0n1p3,ext4,/home,Samsung SSD 970 EVO Plus 2TB,[none] mq-deadline kyber bfq,249468309504,4096,1024,payload[i]=(i*131+17)&0xff,3.43115234375,accepted,,24,10,1024,2048,4,0,new_name,44,bytes,495616,450560,33701888,35885239,36160523,776409,1109999,1126389,90112,3.430,3.430
s0035,015d813736625640f12d26c5d349b92c14fd2fb4,false,a897dfa99e98479b638409c432d3d2bc8e7ba7d5ba4e5a046dd229021f58bffd,12b1dafe765a77d1a17115b0ae12cff973f20ed7d6d770fbd790695fe081288e,afaa9ca40fef1b2a362af2af235634b472665287e554d16b829c09e1a70787ac,8d5b7eba8aea53574190e7d4a6d9e7b424bc23a9e2a0b6968a27f1772509492b,6e938dfcd266a2b0eac811d7ea7eabbd5b217965f88efa81371465134dbcab11,2026-07-15T17:56:07.323743+00:00,8o8-arch,7.0.12-arch1-1,AMD Ryzen 9 3900X 12-Core Processor,"logical=24,cores=12,sockets=1,nodes=1",performance,rustc 1.97.0 (2d8144b78 2026-07-07),22.1.6,cargo 1.97.0 (c980f4866 2026-06-30),"release,lto=thin,debug=true",/home/bob/.cache/mess-bench,/dev/nvme0n1p3,ext4,/home,Samsung SSD 970 EVO Plus 2TB,[none] mq-deadline kyber bfq,249468309504,4096,1024,payload[i]=(i*131+17)&0xff,3.43115234375,accepted,,24,10,1025,1025,4,0,domain,54,bytes,553500,553500,33652800,30084427,30382145,546070,664809,727210,55350,3.430,3.430
s0036,015d813736625640f12d26c5d349b92c14fd2fb4,false,a897dfa99e98479b638409c432d3d2bc8e7ba7d5ba4e5a046dd229021f58bffd,12b1dafe765a77d1a17115b0ae12cff973f20ed7d6d770fbd790695fe081288e,afaa9ca40fef1b2a362af2af235634b472665287e554d16b829c09e1a70787ac,8d5b7eba8aea53574190e7d4a6d9e7b424bc23a9e2a0b6968a27f1772509492b,6e938dfcd266a2b0eac811d7ea7eabbd5b217965f88efa81371465134dbcab11,2026-07-15T17:56:08.355165+00:00,8o8-arch,7.0.12-arch1-1,AMD Ryzen 9 3900X 12-Core Processor,"logical=24,cores=12,sockets=1,nodes=1",performance,rustc 1.97.0 (2d8144b78 2026-07-07),22.1.6,cargo 1.97.0 (c980f4866 2026-06-30),"release,lto=thin,debug=true",/home/bob/.cache/mess-bench,/dev/nvme0n1p3,ext4,/home,Samsung SSD 970 EVO Plus 2TB,[none] mq-deadline kyber bfq,249468301312,4096,1024,payload[i]=(i*131+17)&0xff,3.43115234375,accepted,,24,10,1025,2050,4,0,new_name,44,bytes,496100,451000,33734800,34547918,34772382,772060,934819,1052920,90200,3.430,3.430
s0037,015d813736625640f12d26c5d349b92c14fd2fb4,false,a897dfa99e98479b638409c432d3d2bc8e7ba7d5ba4e5a046dd229021f58bffd,12b1dafe765a77d1a17115b0ae12cff973f20ed7d6d770fbd790695fe081288e,afaa9ca40fef1b2a362af2af235634b472665287e554d16b829c09e1a70787ac,8d5b7eba8aea53574190e7d4a6d9e7b424bc23a9e2a0b6968a27f1772509492b,6e938dfcd266a2b0eac811d7ea7eabbd5b217965f88efa81371465134dbcab11,2026-07-15T17:56:09.383539+00:00,8o8-arch,7.0.12-arch1-1,AMD Ryzen 9 3900X 12-Core Processor,"logical=24,cores=12,sockets=1,nodes=1",performance,rustc 1.97.0 (2d8144b78 2026-07-07),22.1.6,cargo 1.97.0 (c980f4866 2026-06-30),"release,lto=thin,debug=true",/home/bob/.cache/mess-bench,/dev/nvme0n1p3,ext4,/home,Samsung SSD 970 EVO Plus 2TB,[none] mq-deadline kyber bfq,249468301312,4096,1024,payload[i]=(i*131+17)&0xff,3.43115234375,accepted,,24,100,1,1,1,0,domain,6346,bytes,634600,634600,33557648,22424636,22610299,3370,4240,4770,6346,3.430,3.430
s0038,015d813736625640f12d26c5d349b92c14fd2fb4,false,a897dfa99e98479b638409c432d3d2bc8e7ba7d5ba4e5a046dd229021f58bffd,12b1dafe765a77d1a17115b0ae12cff973f20ed7d6d770fbd790695fe081288e,afaa9ca40fef1b2a362af2af235634b472665287e554d16b829c09e1a70787ac,8d5b7eba8aea53574190e7d4a6d9e7b424bc23a9e2a0b6968a27f1772509492b,6e938dfcd266a2b0eac811d7ea7eabbd5b217965f88efa81371465134dbcab11,2026-07-15T17:56:10.404360+00:00,8o8-arch,7.0.12-arch1-1,AMD Ryzen 9 3900X 12-Core Processor,"logical=24,cores=12,sockets=1,nodes=1",performance,rustc 1.97.0 (2d8144b78 2026-07-07),22.1.6,cargo 1.97.0 (c980f4866 2026-06-30),"release,lto=thin,debug=true",/home/bob/.cache/mess-bench,/dev/nvme0n1p3,ext4,/home,Samsung SSD 970 EVO Plus 2TB,[none] mq-deadline kyber bfq,249468301312,4096,1024,payload[i]=(i*131+17)&0xff,3.236328125,accepted,,24,100,1,1,4,0,domain,6346,bytes,634600,634600,33557648,22343646,22607518,3370,4150,4390,6346,3.240,3.240
s0039,015d813736625640f12d26c5d349b92c14fd2fb4,false,a897dfa99e98479b638409c432d3d2bc8e7ba7d5ba4e5a046dd229021f58bffd,12b1dafe765a77d1a17115b0ae12cff973f20ed7d6d770fbd790695fe081288e,afaa9ca40fef1b2a362af2af235634b472665287e554d16b829c09e1a70787ac,8d5b7eba8aea53574190e7d4a6d9e7b424bc23a9e2a0b6968a27f1772509492b,6e938dfcd266a2b0eac811d7ea7eabbd5b217965f88efa81371465134dbcab11,2026-07-15T17:56:11.432704+00:00,8o8-arch,7.0.12-arch1-1,AMD Ryzen 9 3900X 12-Core Processor,"logical=24,cores=12,sockets=1,nodes=1",performance,rustc 1.97.0 (2d8144b78 2026-07-07),22.1.6,cargo 1.97.0 (c980f4866 2026-06-30),"release,lto=thin,debug=true",/home/bob/.cache/mess-bench,/dev/nvme0n1p3,ext4,/home,Samsung SSD 970 EVO Plus 2TB,[none] mq-deadline kyber bfq,249468301312,4096,1024,payload[i]=(i*131+17)&0xff,3.236328125,accepted,,24,100,2,2,2,0,domain,3173,bytes,634600,634600,33557648,24257226,24440908,6800,9140,13460,6346,3.240,3.240
s0040,015d813736625640f12d26c5d349b92c14fd2fb4,false,a897dfa99e98479b638409c432d3d2bc8e7ba7d5ba4e5a046dd229021f58bffd,12b1dafe765a77d1a17115b0ae12cff973f20ed7d6d770fbd790695fe081288e,afaa9ca40fef1b2a362af2af235634b472665287e554d16b829c09e1a70787ac,8d5b7eba8aea53574190e7d4a6d9e7b424bc23a9e2a0b6968a27f1772509492b,6e938dfcd266a2b0eac811d7ea7eabbd5b217965f88efa81371465134dbcab11,2026-07-15T17:56:12.457178+00:00,8o8-arch,7.0.12-arch1-1,AMD Ryzen 9 3900X 12-Core Processor,"logical=24,cores=12,sockets=1,nodes=1",performance,rustc 1.97.0 (2d8144b78 2026-07-07),22.1.6,cargo 1.97.0 (c980f4866 2026-06-30),"release,lto=thin,debug=true",/home/bob/.cache/mess-bench,/dev/nvme0n1p3,ext4,/home,Samsung SSD 970 EVO Plus 2TB,[none] mq-deadline kyber bfq,249468301312,4096,1024,payload[i]=(i*131+17)&0xff,3.236328125,accepted,,24,100,2,4,2,0,new_name,3091,bytes,624382,618200,33555896,22798164,22959559,7180,8810,9810,12364,3.240,3.240
s0041,015d813736625640f12d26c5d349b92c14fd2fb4,false,a897dfa99e98479b638409c432d3d2bc8e7ba7d5ba4e5a046dd229021f58bffd,12b1dafe765a77d1a17115b0ae12cff973f20ed7d6d770fbd790695fe081288e,afaa9ca40fef1b2a362af2af235634b472665287e554d16b829c09e1a70787ac,8d5b7eba8aea53574190e7d4a6d9e7b424bc23a9e2a0b6968a27f1772509492b,6e938dfcd266a2b0eac811d7ea7eabbd5b217965f88efa81371465134dbcab11,2026-07-15T17:56:13.479674+00:00,8o8-arch,7.0.12-arch1-1,AMD Ryzen 9 3900X 12-Core Processor,"logical=24,cores=12,sockets=1,nodes=1",performance,rustc 1.97.0 (2d8144b78 2026-07-07),22.1.6,cargo 1.97.0 (c980f4866 2026-06-30),"release,lto=thin,debug=true",/home/bob/.cache/mess-bench,/dev/nvme0n1p3,ext4,/home,Samsung SSD 970 EVO Plus 2TB,[none] mq-deadline kyber bfq,249468293120,4096,1024,payload[i]=(i*131+17)&0xff,3.236328125,accepted,,24,100,2,2,4,0,domain,3173,bytes,634600,634600,33557648,22728895,22891449,6770,8360,12430,6346,3.240,3.240
s0042,015d813736625640f12d26c5d349b92c14fd2fb4,false,a897dfa99e98479b638409c432d3d2bc8e7ba7d5ba4e5a046dd229021f58bffd,12b1dafe765a77d1a17115b0ae12cff973f20ed7d6d770fbd790695fe081288e,afaa9ca40fef1b2a362af2af235634b472665287e554d16b829c09e1a70787ac,8d5b7eba8aea53574190e7d4a6d9e7b424bc23a9e2a0b6968a27f1772509492b,6e938dfcd266a2b0eac811d7ea7eabbd5b217965f88efa81371465134dbcab11,2026-07-15T17:56:14.500796+00:00,8o8-arch,7.0.12-arch1-1,AMD Ryzen 9 3900X 12-Core Processor,"logical=24,cores=12,sockets=1,nodes=1",performance,rustc 1.97.0 (2d8144b78 2026-07-07),22.1.6,cargo 1.97.0 (c980f4866 2026-06-30),"release,lto=thin,debug=true",/home/bob/.cache/mess-bench,/dev/nvme0n1p3,ext4,/home,Samsung SSD 970 EVO Plus 2TB,[none] mq-deadline kyber bfq,249468293120,4096,1024,payload[i]=(i*131+17)&0xff,3.236328125,accepted,,24,100,3,3,4,0,domain,2116,bytes,634800,634800,33568224,22043646,22153689,10120,12260,14940,6348,3.240,3.240
s0043,015d813736625640f12d26c5d349b92c14fd2fb4,false,a897dfa99e98479b638409c432d3d2bc8e7ba7d5ba4e5a046dd229021f58bffd,12b1dafe765a77d1a17115b0ae12cff973f20ed7d6d770fbd790695fe081288e,afaa9ca40fef1b2a362af2af235634b472665287e554d16b829c09e1a70787ac,8d5b7eba8aea53574190e7d4a6d9e7b424bc23a9e2a0b6968a27f1772509492b,6e938dfcd266a2b0eac811d7ea7eabbd5b217965f88efa81371465134dbcab11,2026-07-15T17:56:15.531268+00:00,8o8-arch,7.0.12-arch1-1,AMD Ryzen 9 3900X 12-Core Processor,"logical=24,cores=12,sockets=1,nodes=1",performance,rustc 1.97.0 (2d8144b78 2026-07-07),22.1.6,cargo 1.97.0 (c980f4866 2026-06-30),"release,lto=thin,debug=true",/home/bob/.cache/mess-bench,/dev/nvme0n1p3,ext4,/home,Samsung SSD 970 EVO Plus 2TB,[none] mq-deadline kyber bfq,249468289024,4096,1024,payload[i]=(i*131+17)&0xff,3.3779296875,accepted,,24,100,4,4,4,0,domain,1587,bytes,634800,634800,33568224,21806355,21996950,13460,15780,21930,6348,3.380,3.380
s0044,015d813736625640f12d26c5d349b92c14fd2fb4,false,a897dfa99e98479b638409c432d3d2bc8e7ba7d5ba4e5a046dd229021f58bffd,12b1dafe765a77d1a17115b0ae12cff973f20ed7d6d770fbd790695fe081288e,afaa9ca40fef1b2a362af2af235634b472665287e554d16b829c09e1a70787ac,8d5b7eba8aea53574190e7d4a6d9e7b424bc23a9e2a0b6968a27f1772509492b,6e938dfcd266a2b0eac811d7ea7eabbd5b217965f88efa81371465134dbcab11,2026-07-15T17:56:16.561579+00:00,8o8-arch,7.0.12-arch1-1,AMD Ryzen 9 3900X 12-Core Processor,"logical=24,cores=12,sockets=1,nodes=1",performance,rustc 1.97.0 (2d8144b78 2026-07-07),22.1.6,cargo 1.97.0 (c980f4866 2026-06-30),"release,lto=thin,debug=true",/home/bob/.cache/mess-bench,/dev/nvme0n1p3,ext4,/home,Samsung SSD 970 EVO Plus 2TB,[none] mq-deadline kyber bfq,249468284928,4096,1024,payload[i]=(i*131+17)&0xff,3.3779296875,accepted,,24,100,4,8,4,0,new_name,1546,bytes,624584,618400,33566752,22447515,22687100,14290,16710,22470,12368,3.380,3.380
s0045,015d813736625640f12d26c5d349b92c14fd2fb4,false,a897dfa99e98479b638409c432d3d2bc8e7ba7d5ba4e5a046dd229021f58bffd,12b1dafe765a77d1a17115b0ae12cff973f20ed7d6d770fbd790695fe081288e,afaa9ca40fef1b2a362af2af235634b472665287e554d16b829c09e1a70787ac,8d5b7eba8aea53574190e7d4a6d9e7b424bc23a9e2a0b6968a27f1772509492b,6e938dfcd266a2b0eac811d7ea7eabbd5b217965f88efa81371465134dbcab11,2026-07-15T17:56:17.593538+00:00,8o8-arch,7.0.12-arch1-1,AMD Ryzen 9 3900X 12-Core Processor,"logical=24,cores=12,sockets=1,nodes=1",performance,rustc 1.97.0 (2d8144b78 2026-07-07),22.1.6,cargo 1.97.0 (c980f4866 2026-06-30),"release,lto=thin,debug=true",/home/bob/.cache/mess-bench,/dev/nvme0n1p3,ext4,/home,Samsung SSD 970 EVO Plus 2TB,[none] mq-deadline kyber bfq,249468276736,4096,1024,payload[i]=(i*131+17)&0xff,3.3779296875,accepted,,24,1000,1,1,1,0,domain,645,bytes,645000,645000,33596760,19799045,19927000,30230,34210,42960,645,3.380,3.380
s0046,015d813736625640f12d26c5d349b92c14fd2fb4,false,a897dfa99e98479b638409c432d3d2bc8e7ba7d5ba4e5a046dd229021f58bffd,12b1dafe765a77d1a17115b0ae12cff973f20ed7d6d770fbd790695fe081288e,afaa9ca40fef1b2a362af2af235634b472665287e554d16b829c09e1a70787ac,8d5b7eba8aea53574190e7d4a6d9e7b424bc23a9e2a0b6968a27f1772509492b,6e938dfcd266a2b0eac811d7ea7eabbd5b217965f88efa81371465134dbcab11,2026-07-15T17:56:18.617016+00:00,8o8-arch,7.0.12-arch1-1,AMD Ryzen 9 3900X 12-Core Processor,"logical=24,cores=12,sockets=1,nodes=1",performance,rustc 1.97.0 (2d8144b78 2026-07-07),22.1.6,cargo 1.97.0 (c980f4866 2026-06-30),"release,lto=thin,debug=true",/home/bob/.cache/mess-bench,/dev/nvme0n1p3,ext4,/home,Samsung SSD 970 EVO Plus 2TB,[none] mq-deadline kyber bfq,249468264448,4096,1024,payload[i]=(i*131+17)&0xff,3.3779296875,accepted,,24,1000,1,1,4,0,domain,645,bytes,645000,645000,33596760,23057503,23225708,30260,38530,55940,645,3.380,3.380
s0047,015d813736625640f12d26c5d349b92c14fd2fb4,false,a897dfa99e98479b638409c432d3d2bc8e7ba7d5ba4e5a046dd229021f58bffd,12b1dafe765a77d1a17115b0ae12cff973f20ed7d6d770fbd790695fe081288e,afaa9ca40fef1b2a362af2af235634b472665287e554d16b829c09e1a70787ac,8d5b7eba8aea53574190e7d4a6d9e7b424bc23a9e2a0b6968a27f1772509492b,6e938dfcd266a2b0eac811d7ea7eabbd5b217965f88efa81371465134dbcab11,2026-07-15T17:56:19.638609+00:00,8o8-arch,7.0.12-arch1-1,AMD Ryzen 9 3900X 12-Core Processor,"logical=24,cores=12,sockets=1,nodes=1",performance,rustc 1.97.0 (2d8144b78 2026-07-07),22.1.6,cargo 1.97.0 (c980f4866 2026-06-30),"release,lto=thin,debug=true",/home/bob/.cache/mess-bench,/dev/nvme0n1p3,ext4,/home,Samsung SSD 970 EVO Plus 2TB,[none] mq-deadline kyber bfq,249468264448,4096,1024,payload[i]=(i*131+17)&0xff,3.3779296875,accepted,,24,1000,2,2,2,0,domain,323,bytes,646000,646000,33648848,20056925,20153331,60480,69060,85550,646,3.380,3.380
s0048,015d813736625640f12d26c5d349b92c14fd2fb4,false,a897dfa99e98479b638409c432d3d2bc8e7ba7d5ba4e5a046dd229021f58bffd,12b1dafe765a77d1a17115b0ae12cff973f20ed7d6d770fbd790695fe081288e,afaa9ca40fef1b2a362af2af235634b472665287e554d16b829c09e1a70787ac,8d5b7eba8aea53574190e7d4a6d9e7b424bc23a9e2a0b6968a27f1772509492b,6e938dfcd266a2b0eac811d7ea7eabbd5b217965f88efa81371465134dbcab11,2026-07-15T17:56:20.664106+00:00,8o8-arch,7.0.12-arch1-1,AMD Ryzen 9 3900X 12-Core Processor,"logical=24,cores=12,sockets=1,nodes=1",performance,rustc 1.97.0 (2d8144b78 2026-07-07),22.1.6,cargo 1.97.0 (c980f4866 2026-06-30),"release,lto=thin,debug=true",/home/bob/.cache/mess-bench,/dev/nvme0n1p3,ext4,/home,Samsung SSD 970 EVO Plus 2TB,[none] mq-deadline kyber bfq,249468260352,4096,1024,payload[i]=(i*131+17)&0xff,3.1875,accepted,,24,1000,2,4,2,0,new_name,322,bytes,644644,644000,33634832,20050285,20239470,60910,69120,79180,1288,3.190,3.190
s0049,015d813736625640f12d26c5d349b92c14fd2fb4,false,a897dfa99e98479b638409c432d3d2bc8e7ba7d5ba4e5a046dd229021f58bffd,12b1dafe765a77d1a17115b0ae12cff973f20ed7d6d770fbd790695fe081288e,afaa9ca40fef1b2a362af2af235634b472665287e554d16b829c09e1a70787ac,8d5b7eba8aea53574190e7d4a6d9e7b424bc23a9e2a0b6968a27f1772509492b,6e938dfcd266a2b0eac811d7ea7eabbd5b217965f88efa81371465134dbcab11,2026-07-15T17:56:21.689033+00:00,8o8-arch,7.0.12-arch1-1,AMD Ryzen 9 3900X 12-Core Processor,"logical=24,cores=12,sockets=1,nodes=1",performance,rustc 1.97.0 (2d8144b78 2026-07-07),22.1.6,cargo 1.97.0 (c980f4866 2026-06-30),"release,lto=thin,debug=true",/home/bob/.cache/mess-bench,/dev/nvme0n1p3,ext4,/home,Samsung SSD 970 EVO Plus 2TB,[none] mq-deadline kyber bfq,249468256256,4096,1024,payload[i]=(i*131+17)&0xff,3.1875,accepted,,24,1000,2,2,4,0,domain,323,bytes,646000,646000,33648848,20267305,20415960,60520,74890,98200,646,3.190,3.190
s0050,015d813736625640f12d26c5d349b92c14fd2fb4,false,a897dfa99e98479b638409c432d3d2bc8e7ba7d5ba4e5a046dd229021f58bffd,12b1dafe765a77d1a17115b0ae12cff973f20ed7d6d770fbd790695fe081288e,afaa9ca40fef1b2a362af2af235634b472665287e554d16b829c09e1a70787ac,8d5b7eba8aea53574190e7d4a6d9e7b424bc23a9e2a0b6968a27f1772509492b,6e938dfcd266a2b0eac811d7ea7eabbd5b217965f88efa81371465134dbcab11,2026-07-15T17:56:22.716407+00:00,8o8-arch,7.0.12-arch1-1,AMD Ryzen 9 3900X 12-Core Processor,"logical=24,cores=12,sockets=1,nodes=1",performance,rustc 1.97.0 (2d8144b78 2026-07-07),22.1.6,cargo 1.97.0 (c980f4866 2026-06-30),"release,lto=thin,debug=true",/home/bob/.cache/mess-bench,/dev/nvme0n1p3,ext4,/home,Samsung SSD 970 EVO Plus 2TB,[none] mq-deadline kyber bfq,249468256256,4096,1024,payload[i]=(i*131+17)&0xff,3.1875,accepted,,24,1000,3,3,4,0,domain,215,bytes,645000,645000,33596760,20795485,21046089,90800,105530,135689,645,3.190,3.190
s0051,015d813736625640f12d26c5d349b92c14fd2fb4,false,a897dfa99e98479b638409c432d3d2bc8e7ba7d5ba4e5a046dd229021f58bffd,12b1dafe765a77d1a17115b0ae12cff973f20ed7d6d770fbd790695fe081288e,afaa9ca40fef1b2a362af2af235634b472665287e554d16b829c09e1a70787ac,8d5b7eba8aea53574190e7d4a6d9e7b424bc23a9e2a0b6968a27f1772509492b,6e938dfcd266a2b0eac811d7ea7eabbd5b217965f88efa81371465134dbcab11,2026-07-15T17:56:23.746581+00:00,8o8-arch,7.0.12-arch1-1,AMD Ryzen 9 3900X 12-Core Processor,"logical=24,cores=12,sockets=1,nodes=1",performance,rustc 1.97.0 (2d8144b78 2026-07-07),22.1.6,cargo 1.97.0 (c980f4866 2026-06-30),"release,lto=thin,debug=true",/home/bob/.cache/mess-bench,/dev/nvme0n1p3,ext4,/home,Samsung SSD 970 EVO Plus 2TB,[none] mq-deadline kyber bfq,249468252160,4096,1024,payload[i]=(i*131+17)&0xff,3.1875,accepted,,24,1000,4,4,4,0,domain,162,bytes,648000,648000,33753024,20308635,20457570,120999,152940,189340,648,3.190,3.190
s0052,015d813736625640f12d26c5d349b92c14fd2fb4,false,a897dfa99e98479b638409c432d3d2bc8e7ba7d5ba4e5a046dd229021f58bffd,12b1dafe765a77d1a17115b0ae12cff973f20ed7d6d770fbd790695fe081288e,afaa9ca40fef1b2a362af2af235634b472665287e554d16b829c09e1a70787ac,8d5b7eba8aea53574190e7d4a6d9e7b424bc23a9e2a0b6968a27f1772509492b,6e938dfcd266a2b0eac811d7ea7eabbd5b217965f88efa81371465134dbcab11,2026-07-15T17:56:24.768392+00:00,8o8-arch,7.0.12-arch1-1,AMD Ryzen 9 3900X 12-Core Processor,"logical=24,cores=12,sockets=1,nodes=1",performance,rustc 1.97.0 (2d8144b78 2026-07-07),22.1.6,cargo 1.97.0 (c980f4866 2026-06-30),"release,lto=thin,debug=true",/home/bob/.cache/mess-bench,/dev/nvme0n1p3,ext4,/home,Samsung SSD 970 EVO Plus 2TB,[none] mq-deadline kyber bfq,249468252160,4096,1024,payload[i]=(i*131+17)&0xff,3.1875,accepted,,24,1000,4,8,4,0,new_name,161,bytes,644644,644000,33634832,20115965,20290530,121760,138880,162860,1288,3.190,3.190
s0053,015d813736625640f12d26c5d349b92c14fd2fb4,false,a897dfa99e98479b638409c432d3d2bc8e7ba7d5ba4e5a046dd229021f58bffd,12b1dafe765a77d1a17115b0ae12cff973f20ed7d6d770fbd790695fe081288e,afaa9ca40fef1b2a362af2af235634b472665287e554d16b829c09e1a70787ac,8d5b7eba8aea53574190e7d4a6d9e7b424bc23a9e2a0b6968a27f1772509492b,6e938dfcd266a2b0eac811d7ea7eabbd5b217965f88efa81371465134dbcab11,2026-07-15T17:56:25.798427+00:00,8o8-arch,7.0.12-arch1-1,AMD Ryzen 9 3900X 12-Core Processor,"logical=24,cores=12,sockets=1,nodes=1",performance,rustc 1.97.0 (2d8144b78 2026-07-07),22.1.6,cargo 1.97.0 (c980f4866 2026-06-30),"release,lto=thin,debug=true",/home/bob/.cache/mess-bench,/dev/nvme0n1p3,ext4,/home,Samsung SSD 970 EVO Plus 2TB,[none] mq-deadline kyber bfq,249468248064,4096,1024,payload[i]=(i*131+17)&0xff,3.09228515625,accepted,,250,1,1,1,1,0,domain,91679,bytes,91679,91679,33554514,37674330,37966501,330,440,480,91679,3.090,3.090
s0054,015d813736625640f12d26c5d349b92c14fd2fb4,false,a897dfa99e98479b638409c432d3d2bc8e7ba7d5ba4e5a046dd229021f58bffd,12b1dafe765a77d1a17115b0ae12cff973f20ed7d6d770fbd790695fe081288e,afaa9ca40fef1b2a362af2af235634b472665287e554d16b829c09e1a70787ac,8d5b7eba8aea53574190e7d4a6d9e7b424bc23a9e2a0b6968a27f1772509492b,6e938dfcd266a2b0eac811d7ea7eabbd5b217965f88efa81371465134dbcab11,2026-07-15T17:56:26.822948+00:00,8o8-arch,7.0.12-arch1-1,AMD Ryzen 9 3900X 12-Core Processor,"logical=24,cores=12,sockets=1,nodes=1",performance,rustc 1.97.0 (2d8144b78 2026-07-07),22.1.6,cargo 1.97.0 (c980f4866 2026-06-30),"release,lto=thin,debug=true",/home/bob/.cache/mess-bench,/dev/nvme0n1p3,ext4,/home,Samsung SSD 970 EVO Plus 2TB,[none] mq-deadline kyber bfq,249468243968,4096,1024,payload[i]=(i*131+17)&0xff,3.09228515625,accepted,,250,1,1,1,4,0,domain,91679,bytes,91679,91679,33554514,40278080,41589990,330,440,470,91679,3.090,3.090
s0055,015d813736625640f12d26c5d349b92c14fd2fb4,false,a897dfa99e98479b638409c432d3d2bc8e7ba7d5ba4e5a046dd229021f58bffd,12b1dafe765a77d1a17115b0ae12cff973f20ed7d6d770fbd790695fe081288e,afaa9ca40fef1b2a362af2af235634b472665287e554d16b829c09e1a70787ac,8d5b7eba8aea53574190e7d4a6d9e7b424bc23a9e2a0b6968a27f1772509492b,6e938dfcd266a2b0eac811d7ea7eabbd5b217965f88efa81371465134dbcab11,2026-07-15T17:56:27.850723+00:00,8o8-arch,7.0.12-arch1-1,AMD Ryzen 9 3900X 12-Core Processor,"logical=24,cores=12,sockets=1,nodes=1",performance,rustc 1.97.0 (2d8144b78 2026-07-07),22.1.6,cargo 1.97.0 (c980f4866 2026-06-30),"release,lto=thin,debug=true",/home/bob/.cache/mess-bench,/dev/nvme0n1p3,ext4,/home,Samsung SSD 970 EVO Plus 2TB,[none] mq-deadline kyber bfq,249468243968,4096,1024,payload[i]=(i*131+17)&0xff,3.09228515625,accepted,,250,1,2,2,2,0,domain,45840,bytes,91680,91680,33554880,34647857,34942973,640,910,980,91680,3.090,3.090
s0056,015d813736625640f12d26c5d349b92c14fd2fb4,false,a897dfa99e98479b638409c432d3d2bc8e7ba7d5ba4e5a046dd229021f58bffd,12b1dafe765a77d1a17115b0ae12cff973f20ed7d6d770fbd790695fe081288e,afaa9ca40fef1b2a362af2af235634b472665287e554d16b829c09e1a70787ac,8d5b7eba8aea53574190e7d4a6d9e7b424bc23a9e2a0b6968a27f1772509492b,6e938dfcd266a2b0eac811d7ea7eabbd5b217965f88efa81371465134dbcab11,2026-07-15T17:56:28.880995+00:00,8o8-arch,7.0.12-arch1-1,AMD Ryzen 9 3900X 12-Core Processor,"logical=24,cores=12,sockets=1,nodes=1",performance,rustc 1.97.0 (2d8144b78 2026-07-07),22.1.6,cargo 1.97.0 (c980f4866 2026-06-30),"release,lto=thin,debug=true",/home/bob/.cache/mess-bench,/dev/nvme0n1p3,ext4,/home,Samsung SSD 970 EVO Plus 2TB,[none] mq-deadline kyber bfq,249468239872,4096,1024,payload[i]=(i*131+17)&0xff,3.09228515625,accepted,,250,1,2,4,2,0,new_name,33157,bytes,132628,66314,33554884,40451530,40789750,1080,1360,1600,132628,3.090,3.090
s0057,015d813736625640f12d26c5d349b92c14fd2fb4,false,a897dfa99e98479b638409c432d3d2bc8e7ba7d5ba4e5a046dd229021f58bffd,12b1dafe765a77d1a17115b0ae12cff973f20ed7d6d770fbd790695fe081288e,afaa9ca40fef1b2a362af2af235634b472665287e554d16b829c09e1a70787ac,8d5b7eba8aea53574190e7d4a6d9e7b424bc23a9e2a0b6968a27f1772509492b,6e938dfcd266a2b0eac811d7ea7eabbd5b217965f88efa81371465134dbcab11,2026-07-15T17:56:29.910605+00:00,8o8-arch,7.0.12-arch1-1,AMD Ryzen 9 3900X 12-Core Processor,"logical=24,cores=12,sockets=1,nodes=1",performance,rustc 1.97.0 (2d8144b78 2026-07-07),22.1.6,cargo 1.97.0 (c980f4866 2026-06-30),"release,lto=thin,debug=true",/home/bob/.cache/mess-bench,/dev/nvme0n1p3,ext4,/home,Samsung SSD 970 EVO Plus 2TB,[none] mq-deadline kyber bfq,249468235776,4096,1024,payload[i]=(i*131+17)&0xff,3.09228515625,accepted,,250,1,2,2,4,0,domain,45840,bytes,91680,91680,33554880,34938779,35190763,640,750,940,91680,3.090,3.090
s0058,015d813736625640f12d26c5d349b92c14fd2fb4,false,a897dfa99e98479b638409c432d3d2bc8e7ba7d5ba4e5a046dd229021f58bffd,12b1dafe765a77d1a17115b0ae12cff973f20ed7d6d770fbd790695fe081288e,afaa9ca40fef1b2a362af2af235634b472665287e554d16b829c09e1a70787ac,8d5b7eba8aea53574190e7d4a6d9e7b424bc23a9e2a0b6968a27f1772509492b,6e938dfcd266a2b0eac811d7ea7eabbd5b217965f88efa81371465134dbcab11,2026-07-15T17:56:30.939140+00:00,8o8-arch,7.0.12-arch1-1,AMD Ryzen 9 3900X 12-Core Processor,"logical=24,cores=12,sockets=1,nodes=1",performance,rustc 1.97.0 (2d8144b78 2026-07-07),22.1.6,cargo 1.97.0 (c980f4866 2026-06-30),"release,lto=thin,debug=true",/home/bob/.cache/mess-bench,/dev/nvme0n1p3,ext4,/home,Samsung SSD 970 EVO Plus 2TB,[none] mq-deadline kyber bfq,249468227584,4096,1024,payload[i]=(i*131+17)&0xff,3.08447265625,accepted,,250,1,3,3,4,0,domain,30560,bytes,91680,91680,33554880,35884149,36158202,960,1440,1470,91680,3.080,3.080
s0059,015d813736625640f12d26c5d349b92c14fd2fb4,false,a897dfa99e98479b638409c432d3d2bc8e7ba7d5ba4e5a046dd229021f58bffd,12b1dafe765a77d1a17115b0ae12cff973f20ed7d6d770fbd790695fe081288e,afaa9ca40fef1b2a362af2af235634b472665287e554d16b829c09e1a70787ac,8d5b7eba8aea53574190e7d4a6d9e7b424bc23a9e2a0b6968a27f1772509492b,6e938dfcd266a2b0eac811d7ea7eabbd5b217965f88efa81371465134dbcab11,2026-07-15T17:56:31.969964+00:00,8o8-arch,7.0.12-arch1-1,AMD Ryzen 9 3900X 12-Core Processor,"logical=24,cores=12,sockets=1,nodes=1",performance,rustc 1.97.0 (2d8144b78 2026-07-07),22.1.6,cargo 1.97.0 (c980f4866 2026-06-30),"release,lto=thin,debug=true",/home/bob/.cache/mess-bench,/dev/nvme0n1p3,ext4,/home,Samsung SSD 970 EVO Plus 2TB,[none] mq-deadline kyber bfq,249468219392,4096,1024,payload[i]=(i*131+17)&0xff,3.08447265625,accepted,,250,1,4,4,4,0,domain,22920,bytes,91680,91680,33554880,31839018,32072274,1270,1480,1720,91680,3.080,3.080
s0060,015d813736625640f12d26c5d349b92c14fd2fb4,false,a897dfa99e98479b638409c432d3d2bc8e7ba7d5ba4e5a046dd229021f58bffd,12b1dafe765a77d1a17115b0ae12cff973f20ed7d6d770fbd790695fe081288e,afaa9ca40fef1b2a362af2af235634b472665287e554d16b829c09e1a70787ac,8d5b7eba8aea53574190e7d4a6d9e7b424bc23a9e2a0b6968a27f1772509492b,6e938dfcd266a2b0eac811d7ea7eabbd5b217965f88efa81371465134dbcab11,2026-07-15T17:56:32.995071+00:00,8o8-arch,7.0.12-arch1-1,AMD Ryzen 9 3900X 12-Core Processor,"logical=24,cores=12,sockets=1,nodes=1",performance,rustc 1.97.0 (2d8144b78 2026-07-07),22.1.6,cargo 1.97.0 (c980f4866 2026-06-30),"release,lto=thin,debug=true",/home/bob/.cache/mess-bench,/dev/nvme0n1p3,ext4,/home,Samsung SSD 970 EVO Plus 2TB,[none] mq-deadline kyber bfq,249468219392,4096,1024,payload[i]=(i*131+17)&0xff,3.08447265625,accepted,,250,1,4,8,4,0,new_name,16579,bytes,132632,66316,33555896,39801350,40303060,2110,3190,3310,132632,3.080,3.080
s0061,015d813736625640f12d26c5d349b92c14fd2fb4,false,a897dfa99e98479b638409c432d3d2bc8e7ba7d5ba4e5a046dd229021f58bffd,12b1dafe765a77d1a17115b0ae12cff973f20ed7d6d770fbd790695fe081288e,afaa9ca40fef1b2a362af2af235634b472665287e554d16b829c09e1a70787ac,8d5b7eba8aea53574190e7d4a6d9e7b424bc23a9e2a0b6968a27f1772509492b,6e938dfcd266a2b0eac811d7ea7eabbd5b217965f88efa81371465134dbcab11,2026-07-15T17:56:34.025432+00:00,8o8-arch,7.0.12-arch1-1,AMD Ryzen 9 3900X 12-Core Processor,"logical=24,cores=12,sockets=1,nodes=1",performance,rustc 1.97.0 (2d8144b78 2026-07-07),22.1.6,cargo 1.97.0 (c980f4866 2026-06-30),"release,lto=thin,debug=true",/home/bob/.cache/mess-bench,/dev/nvme0n1p3,ext4,/home,Samsung SSD 970 EVO Plus 2TB,[none] mq-deadline kyber bfq,249468219392,4096,1024,payload[i]=(i*131+17)&0xff,3.08447265625,accepted,,250,10,1,1,1,0,domain,11700,bytes,117000,117000,33555600,17419344,17541301,1340,1660,2800,11700,3.080,3.080
s0062,015d813736625640f12d26c5d349b92c14fd2fb4,false,a897dfa99e98479b638409c432d3d2bc8e7ba7d5ba4e5a046dd229021f58bffd,12b1dafe765a77d1a17115b0ae12cff973f20ed7d6d770fbd790695fe081288e,afaa9ca40fef1b2a362af2af235634b472665287e554d16b829c09e1a70787ac,8d5b7eba8aea53574190e7d4a6d9e7b424bc23a9e2a0b6968a27f1772509492b,6e938dfcd266a2b0eac811d7ea7eabbd5b217965f88efa81371465134dbcab11,2026-07-15T17:56:35.053037+00:00,8o8-arch,7.0.12-arch1-1,AMD Ryzen 9 3900X 12-Core Processor,"logical=24,cores=12,sockets=1,nodes=1",performance,rustc 1.97.0 (2d8144b78 2026-07-07),22.1.6,cargo 1.97.0 (c980f4866 2026-06-30),"release,lto=thin,debug=true",/home/bob/.cache/mess-bench,/dev/nvme0n1p3,ext4,/home,Samsung SSD 970 EVO Plus 2TB,[none] mq-deadline kyber bfq,249468211200,4096,1024,payload[i]=(i*131+17)&0xff,3.08447265625,accepted,,250,10,1,1,4,0,domain,11700,bytes,117000,117000,33555600,18859075,19251531,1350,1690,5250,11700,3.080,3.080
s0063,015d813736625640f12d26c5d349b92c14fd2fb4,false,a897dfa99e98479b638409c432d3d2bc8e7ba7d5ba4e5a046dd229021f58bffd,12b1dafe765a77d1a17115b0ae12cff973f20ed7d6d770fbd790695fe081288e,afaa9ca40fef1b2a362af2af235634b472665287e554d16b829c09e1a70787ac,8d5b7eba8aea53574190e7d4a6d9e7b424bc23a9e2a0b6968a27f1772509492b,6e938dfcd266a2b0eac811d7ea7eabbd5b217965f88efa81371465134dbcab11,2026-07-15T17:56:36.075351+00:00,8o8-arch,7.0.12-arch1-1,AMD Ryzen 9 3900X 12-Core Processor,"logical=24,cores=12,sockets=1,nodes=1",performance,rustc 1.97.0 (2d8144b78 2026-07-07),22.1.6,cargo 1.97.0 (c980f4866 2026-06-30),"release,lto=thin,debug=true",/home/bob/.cache/mess-bench,/dev/nvme0n1p3,ext4,/home,Samsung SSD 970 EVO Plus 2TB,[none] mq-deadline kyber bfq,249468207104,4096,1024,payload[i]=(i*131+17)&0xff,2.91748046875,accepted,,250,10,2,2,2,0,domain,5850,bytes,117000,117000,33555600,17158135,18809091,2690,3150,3640,11700,2.920,2.920
s0064,015d813736625640f12d26c5d349b92c14fd2fb4,false,a897dfa99e98479b638409c432d3d2bc8e7ba7d5ba4e5a046dd229021f58bffd,12b1dafe765a77d1a17115b0ae12cff973f20ed7d6d770fbd790695fe081288e,afaa9ca40fef1b2a362af2af235634b472665287e554d16b829c09e1a70787ac,8d5b7eba8aea53574190e7d4a6d9e7b424bc23a9e2a0b6968a27f1772509492b,6e938dfcd266a2b0eac811d7ea7eabbd5b217965f88efa81371465134dbcab11,2026-07-15T17:56:37.105880+00:00,8o8-arch,7.0.12-arch1-1,AMD Ryzen 9 3900X 12-Core Processor,"logical=24,cores=12,sockets=1,nodes=1",performance,rustc 1.97.0 (2d8144b78 2026-07-07),22.1.6,cargo 1.97.0 (c980f4866 2026-06-30),"release,lto=thin,debug=true",/home/bob/.cache/mess-bench,/dev/nvme0n1p3,ext4,/home,Samsung SSD 970 EVO Plus 2TB,[none] mq-deadline kyber bfq,249468198912,4096,1024,payload[i]=(i*131+17)&0xff,2.91748046875,accepted,,250,10,2,4,2,0,new_name,5578,bytes,122716,111560,33557248,19773995,20041500,3120,4380,4470,22312,2.920,2.920
s0065,015d813736625640f12d26c5d349b92c14fd2fb4,false,a897dfa99e98479b638409c432d3d2bc8e7ba7d5ba4e5a046dd229021f58bffd,12b1dafe765a77d1a17115b0ae12cff973f20ed7d6d770fbd790695fe081288e,afaa9ca40fef1b2a362af2af235634b472665287e554d16b829c09e1a70787ac,8d5b7eba8aea53574190e7d4a6d9e7b424bc23a9e2a0b6968a27f1772509492b,6e938dfcd266a2b0eac811d7ea7eabbd5b217965f88efa81371465134dbcab11,2026-07-15T17:56:38.137528+00:00,8o8-arch,7.0.12-arch1-1,AMD Ryzen 9 3900X 12-Core Processor,"logical=24,cores=12,sockets=1,nodes=1",performance,rustc 1.97.0 (2d8144b78 2026-07-07),22.1.6,cargo 1.97.0 (c980f4866 2026-06-30),"release,lto=thin,debug=true",/home/bob/.cache/mess-bench,/dev/nvme0n1p3,ext4,/home,Samsung SSD 970 EVO Plus 2TB,[none] mq-deadline kyber bfq,249468198912,4096,1024,payload[i]=(i*131+17)&0xff,2.91748046875,accepted,,250,10,2,2,4,0,domain,5850,bytes,117000,117000,33555600,16337324,16527692,2690,2760,3440,11700,2.920,2.920
s0066,015d813736625640f12d26c5d349b92c14fd2fb4,false,a897dfa99e98479b638409c432d3d2bc8e7ba7d5ba4e5a046dd229021f58bffd,12b1dafe765a77d1a17115b0ae12cff973f20ed7d6d770fbd790695fe081288e,afaa9ca40fef1b2a362af2af235634b472665287e554d16b829c09e1a70787ac,8d5b7eba8aea53574190e7d4a6d9e7b424bc23a9e2a0b6968a27f1772509492b,6e938dfcd266a2b0eac811d7ea7eabbd5b217965f88efa81371465134dbcab11,2026-07-15T17:56:39.167343+00:00,8o8-arch,7.0.12-arch1-1,AMD Ryzen 9 3900X 12-Core Processor,"logical=24,cores=12,sockets=1,nodes=1",performance,rustc 1.97.0 (2d8144b78 2026-07-07),22.1.6,cargo 1.97.0 (c980f4866 2026-06-30),"release,lto=thin,debug=true",/home/bob/.cache/mess-bench,/dev/nvme0n1p3,ext4,/home,Samsung SSD 970 EVO Plus 2TB,[none] mq-deadline kyber bfq,249468194816,4096,1024,payload[i]=(i*131+17)&0xff,2.91748046875,accepted,,250,10,3,3,4,0,domain,3900,bytes,117000,117000,33555600,16148554,16291102,4000,4880,5280,11700,2.920,2.920
s0067,015d813736625640f12d26c5d349b92c14fd2fb4,false,a897dfa99e98479b638409c432d3d2bc8e7ba7d5ba4e5a046dd229021f58bffd,12b1dafe765a77d1a17115b0ae12cff973f20ed7d6d770fbd790695fe081288e,afaa9ca40fef1b2a362af2af235634b472665287e554d16b829c09e1a70787ac,8d5b7eba8aea53574190e7d4a6d9e7b424bc23a9e2a0b6968a27f1772509492b,6e938dfcd266a2b0eac811d7ea7eabbd5b217965f88efa81371465134dbcab11,2026-07-15T17:56:40.197646+00:00,8o8-arch,7.0.12-arch1-1,AMD Ryzen 9 3900X 12-Core Processor,"logical=24,cores=12,sockets=1,nodes=1",performance,rustc 1.97.0 (2d8144b78 2026-07-07),22.1.6,cargo 1.97.0 (c980f4866 2026-06-30),"release,lto=thin,debug=true",/home/bob/.cache/mess-bench,/dev/nvme0n1p3,ext4,/home,Samsung SSD 970 EVO Plus 2TB,[none] mq-deadline kyber bfq,249468186624,4096,1024,payload[i]=(i*131+17)&0xff,2.91748046875,accepted,,250,10,4,4,4,0,domain,2925,bytes,117000,117000,33555600,16031733,16124822,5320,6400,6780,11700,2.920,2.920
s0068,015d813736625640f12d26c5d349b92c14fd2fb4,false,a897dfa99e98479b638409c432d3d2bc8e7ba7d5ba4e5a046dd229021f58bffd,12b1dafe765a77d1a17115b0ae12cff973f20ed7d6d770fbd790695fe081288e,afaa9ca40fef1b2a362af2af235634b472665287e554d16b829c09e1a70787ac,8d5b7eba8aea53574190e7d4a6d9e7b424bc23a9e2a0b6968a27f1772509492b,6e938dfcd266a2b0eac811d7ea7eabbd5b217965f88efa81371465134dbcab11,2026-07-15T17:56:41.221463+00:00,8o8-arch,7.0.12-arch1-1,AMD Ryzen 9 3900X 12-Core Processor,"logical=24,cores=12,sockets=1,nodes=1",performance,rustc 1.97.0 (2d8144b78 2026-07-07),22.1.6,cargo 1.97.0 (c980f4866 2026-06-30),"release,lto=thin,debug=true",/home/bob/.cache/mess-bench,/dev/nvme0n1p3,ext4,/home,Samsung SSD 970 EVO Plus 2TB,[none] mq-deadline kyber bfq,249468186624,4096,1024,payload[i]=(i*131+17)&0xff,2.84375,accepted,,250,10,4,8,4,0,new_name,2789,bytes,122716,111560,33557248,17747064,17884911,6150,7230,9270,22312,2.840,2.840
s0069,015d813736625640f12d26c5d349b92c14fd2fb4,false,a897dfa99e98479b638409c432d3d2bc8e7ba7d5ba4e5a046dd229021f58bffd,12b1dafe765a77d1a17115b0ae12cff973f20ed7d6d770fbd790695fe081288e,afaa9ca40fef1b2a362af2af235634b472665287e554d16b829c09e1a70787ac,8d5b7eba8aea53574190e7d4a6d9e7b424bc23a9e2a0b6968a27f1772509492b,6e938dfcd266a2b0eac811d7ea7eabbd5b217965f88efa81371465134dbcab11,2026-07-15T17:56:42.251431+00:00,8o8-arch,7.0.12-arch1-1,AMD Ryzen 9 3900X 12-Core Processor,"logical=24,cores=12,sockets=1,nodes=1",performance,rustc 1.97.0 (2d8144b78 2026-07-07),22.1.6,cargo 1.97.0 (c980f4866 2026-06-30),"release,lto=thin,debug=true",/home/bob/.cache/mess-bench,/dev/nvme0n1p3,ext4,/home,Samsung SSD 970 EVO Plus 2TB,[none] mq-deadline kyber bfq,249468186624,4096,1024,payload[i]=(i*131+17)&0xff,2.84375,accepted,,250,10,16,16,4,0,domain,732,bytes,117120,117120,33590016,16447703,17798541,21260,26710,33510,11712,2.840,2.840
s0070,015d813736625640f12d26c5d349b92c14fd2fb4,false,a897dfa99e98479b638409c432d3d2bc8e7ba7d5ba4e5a046dd229021f58bffd,12b1dafe765a77d1a17115b0ae12cff973f20ed7d6d770fbd790695fe081288e,afaa9ca40fef1b2a362af2af235634b472665287e554d16b829c09e1a70787ac,8d5b7eba8aea53574190e7d4a6d9e7b424bc23a9e2a0b6968a27f1772509492b,6e938dfcd266a2b0eac811d7ea7eabbd5b217965f88efa81371465134dbcab11,2026-07-15T17:56:43.280404+00:00,8o8-arch,7.0.12-arch1-1,AMD Ryzen 9 3900X 12-Core Processor,"logical=24,cores=12,sockets=1,nodes=1",performance,rustc 1.97.0 (2d8144b78 2026-07-07),22.1.6,cargo 1.97.0 (c980f4866 2026-06-30),"release,lto=thin,debug=true",/home/bob/.cache/mess-bench,/dev/nvme0n1p3,ext4,/home,Samsung SSD 970 EVO Plus 2TB,[none] mq-deadline kyber bfq,249468186624,4096,1024,payload[i]=(i*131+17)&0xff,2.84375,accepted,,250,10,16,32,4,0,new_name,698,bytes,122848,111680,33593344,19088624,19477430,24550,42480,63550,22336,2.840,2.840
s0071,015d813736625640f12d26c5d349b92c14fd2fb4,false,a897dfa99e98479b638409c432d3d2bc8e7ba7d5ba4e5a046dd229021f58bffd,12b1dafe765a77d1a17115b0ae12cff973f20ed7d6d770fbd790695fe081288e,afaa9ca40fef1b2a362af2af235634b472665287e554d16b829c09e1a70787ac,8d5b7eba8aea53574190e7d4a6d9e7b424bc23a9e2a0b6968a27f1772509492b,6e938dfcd266a2b0eac811d7ea7eabbd5b217965f88efa81371465134dbcab11,2026-07-15T17:56:44.303013+00:00,8o8-arch,7.0.12-arch1-1,AMD Ryzen 9 3900X 12-Core Processor,"logical=24,cores=12,sockets=1,nodes=1",performance,rustc 1.97.0 (2d8144b78 2026-07-07),22.1.6,cargo 1.97.0 (c980f4866 2026-06-30),"release,lto=thin,debug=true",/home/bob/.cache/mess-bench,/dev/nvme0n1p3,ext4,/home,Samsung SSD 970 EVO Plus 2TB,[none] mq-deadline kyber bfq,249468186624,4096,1024,payload[i]=(i*131+17)&0xff,2.84375,accepted,,250,10,64,64,4,0,domain,183,bytes,117120,117120,33590016,15672814,15774442,85010,94040,100160,11712,2.840,2.840
s0072,015d813736625640f12d26c5d349b92c14fd2fb4,false,a897dfa99e98479b638409c432d3d2bc8e7ba7d5ba4e5a046dd229021f58bffd,12b1dafe765a77d1a17115b0ae12cff973f20ed7d6d770fbd790695fe081288e,afaa9ca40fef1b2a362af2af235634b472665287e554d16b829c09e1a70787ac,8d5b7eba8aea53574190e7d4a6d9e7b424bc23a9e2a0b6968a27f1772509492b,6e938dfcd266a2b0eac811d7ea7eabbd5b217965f88efa81371465134dbcab11,2026-07-15T17:56:45.328790+00:00,8o8-arch,7.0.12-arch1-1,AMD Ryzen 9 3900X 12-Core Processor,"logical=24,cores=12,sockets=1,nodes=1",performance,rustc 1.97.0 (2d8144b78 2026-07-07),22.1.6,cargo 1.97.0 (c980f4866 2026-06-30),"release,lto=thin,debug=true",/home/bob/.cache/mess-bench,/dev/nvme0n1p3,ext4,/home,Samsung SSD 970 EVO Plus 2TB,[none] mq-deadline kyber bfq,249468182528,4096,1024,payload[i]=(i*131+17)&0xff,2.9365234375,accepted,,250,10,64,128,4,0,new_name,175,bytes,123200,112000,33689600,17574714,17813161,98280,115840,132230,22400,2.940,2.940
s0073,015d813736625640f12d26c5d349b92c14fd2fb4,false,a897dfa99e98479b638409c432d3d2bc8e7ba7d5ba4e5a046dd229021f58bffd,12b1dafe765a77d1a17115b0ae12cff973f20ed7d6d770fbd790695fe081288e,afaa9ca40fef1b2a362af2af235634b472665287e554d16b829c09e1a70787ac,8d5b7eba8aea53574190e7d4a6d9e7b424bc23a9e2a0b6968a27f1772509492b,6e938dfcd266a2b0eac811d7ea7eabbd5b217965f88efa81371465134dbcab11,2026-07-15T17:56:46.359847+00:00,8o8-arch,7.0.12-arch1-1,AMD Ryzen 9 3900X 12-Core Processor,"logical=24,cores=12,sockets=1,nodes=1",performance,rustc 1.97.0 (2d8144b78 2026-07-07),22.1.6,cargo 1.97.0 (c980f4866 2026-06-30),"release,lto=thin,debug=true",/home/bob/.cache/mess-bench,/dev/nvme0n1p3,ext4,/home,Samsung SSD 970 EVO Plus 2TB,[none] mq-deadline kyber bfq,249468182528,4096,1024,payload[i]=(i*131+17)&0xff,2.9365234375,accepted,,250,10,256,256,4,0,domain,46,bytes,117760,117760,33773568,16133143,16242302,347970,403639,409020,11776,2.940,2.940
s0074,015d813736625640f12d26c5d349b92c14fd2fb4,false,a897dfa99e98479b638409c432d3d2bc8e7ba7d5ba4e5a046dd229021f58bffd,12b1dafe765a77d1a17115b0ae12cff973f20ed7d6d770fbd790695fe081288e,afaa9ca40fef1b2a362af2af235634b472665287e554d16b829c09e1a70787ac,8d5b7eba8aea53574190e7d4a6d9e7b424bc23a9e2a0b6968a27f1772509492b,6e938dfcd266a2b0eac811d7ea7eabbd5b217965f88efa81371465134dbcab11,2026-07-15T17:56:47.385372+00:00,8o8-arch,7.0.12-arch1-1,AMD Ryzen 9 3900X 12-Core Processor,"logical=24,cores=12,sockets=1,nodes=1",performance,rustc 1.97.0 (2d8144b78 2026-07-07),22.1.6,cargo 1.97.0 (c980f4866 2026-06-30),"release,lto=thin,debug=true",/home/bob/.cache/mess-bench,/dev/nvme0n1p3,ext4,/home,Samsung SSD 970 EVO Plus 2TB,[none] mq-deadline kyber bfq,249468178432,4096,1024,payload[i]=(i*131+17)&0xff,2.9365234375,accepted,,250,10,256,512,4,0,new_name,44,bytes,123904,112640,33882112,19461505,19650040,415860,556800,599550,22528,2.940,2.940
s0075,015d813736625640f12d26c5d349b92c14fd2fb4,false,a897dfa99e98479b638409c432d3d2bc8e7ba7d5ba4e5a046dd229021f58bffd,12b1dafe765a77d1a17115b0ae12cff973f20ed7d6d770fbd790695fe081288e,afaa9ca40fef1b2a362af2af235634b472665287e554d16b829c09e1a70787ac,8d5b7eba8aea53574190e7d4a6d9e7b424bc23a9e2a0b6968a27f1772509492b,6e938dfcd266a2b0eac811d7ea7eabbd5b217965f88efa81371465134dbcab11,2026-07-15T17:56:48.407640+00:00,8o8-arch,7.0.12-arch1-1,AMD Ryzen 9 3900X 12-Core Processor,"logical=24,cores=12,sockets=1,nodes=1",performance,rustc 1.97.0 (2d8144b78 2026-07-07),22.1.6,cargo 1.97.0 (c980f4866 2026-06-30),"release,lto=thin,debug=true",/home/bob/.cache/mess-bench,/dev/nvme0n1p3,ext4,/home,Samsung SSD 970 EVO Plus 2TB,[none] mq-deadline kyber bfq,249468182528,4096,1024,payload[i]=(i*131+17)&0xff,2.9365234375,accepted,,250,10,1024,1024,4,0,domain,12,bytes,122880,122880,35241984,16554724,16650952,1385489,1407460,1415609,12288,2.940,2.940
s0076,015d813736625640f12d26c5d349b92c14fd2fb4,false,a897dfa99e98479b638409c432d3d2bc8e7ba7d5ba4e5a046dd229021f58bffd,12b1dafe765a77d1a17115b0ae12cff973f20ed7d6d770fbd790695fe081288e,afaa9ca40fef1b2a362af2af235634b472665287e554d16b829c09e1a70787ac,8d5b7eba8aea53574190e7d4a6d9e7b424bc23a9e2a0b6968a27f1772509492b,6e938dfcd266a2b0eac811d7ea7eabbd5b217965f88efa81371465134dbcab11,2026-07-15T17:56:49.431166+00:00,8o8-arch,7.0.12-arch1-1,AMD Ryzen 9 3900X 12-Core Processor,"logical=24,cores=12,sockets=1,nodes=1",performance,rustc 1.97.0 (2d8144b78 2026-07-07),22.1.6,cargo 1.97.0 (c980f4866 2026-06-30),"release,lto=thin,debug=true",/home/bob/.cache/mess-bench,/dev/nvme0n1p3,ext4,/home,Samsung SSD 970 EVO Plus 2TB,[none] mq-deadline kyber bfq,249468178432,4096,1024,payload[i]=(i*131+17)&0xff,2.9365234375,accepted,,250,10,1024,2048,4,0,new_name,11,bytes,123904,112640,33882112,17599864,17726092,1596369,1721819,1721819,22528,2.940,2.940
s0077,015d813736625640f12d26c5d349b92c14fd2fb4,false,a897dfa99e98479b638409c432d3d2bc8e7ba7d5ba4e5a046dd229021f58bffd,12b1dafe765a77d1a17115b0ae12cff973f20ed7d6d770fbd790695fe081288e,afaa9ca40fef1b2a362af2af235634b472665287e554d16b829c09e1a70787ac,8d5b7eba8aea53574190e7d4a6d9e7b424bc23a9e2a0b6968a27f1772509492b,6e938dfcd266a2b0eac811d7ea7eabbd5b217965f88efa81371465134dbcab11,2026-07-15T17:56:50.463224+00:00,8o8-arch,7.0.12-arch1-1,AMD Ryzen 9 3900X 12-Core Processor,"logical=24,cores=12,sockets=1,nodes=1",performance,rustc 1.97.0 (2d8144b78 2026-07-07),22.1.6,cargo 1.97.0 (c980f4866 2026-06-30),"release,lto=thin,debug=true",/home/bob/.cache/mess-bench,/dev/nvme0n1p3,ext4,/home,Samsung SSD 970 EVO Plus 2TB,[none] mq-deadline kyber bfq,249468178432,4096,1024,payload[i]=(i*131+17)&0xff,3.02197265625,accepted,,250,10,1025,1025,4,0,domain,12,bytes,123000,123000,35276400,16713244,16852772,1402490,1416049,1457839,12300,3.020,3.020
s0078,015d813736625640f12d26c5d349b92c14fd2fb4,false,a897dfa99e98479b638409c432d3d2bc8e7ba7d5ba4e5a046dd229021f58bffd,12b1dafe765a77d1a17115b0ae12cff973f20ed7d6d770fbd790695fe081288e,afaa9ca40fef1b2a362af2af235634b472665287e554d16b829c09e1a70787ac,8d5b7eba8aea53574190e7d4a6d9e7b424bc23a9e2a0b6968a27f1772509492b,6e938dfcd266a2b0eac811d7ea7eabbd5b217965f88efa81371465134dbcab11,2026-07-15T17:56:51.488337+00:00,8o8-arch,7.0.12-arch1-1,AMD Ryzen 9 3900X 12-Core Processor,"logical=24,cores=12,sockets=1,nodes=1",performance,rustc 1.97.0 (2d8144b78 2026-07-07),22.1.6,cargo 1.97.0 (c980f4866 2026-06-30),"release,lto=thin,debug=true",/home/bob/.cache/mess-bench,/dev/nvme0n1p3,ext4,/home,Samsung SSD 970 EVO Plus 2TB,[none] mq-deadline kyber bfq,249468178432,4096,1024,payload[i]=(i*131+17)&0xff,3.02197265625,accepted,,250,10,1025,2050,4,0,new_name,11,bytes,124025,112750,33915200,17920055,18133201,1600629,1902219,1902219,22550,3.020,3.020
s0079,015d813736625640f12d26c5d349b92c14fd2fb4,false,a897dfa99e98479b638409c432d3d2bc8e7ba7d5ba4e5a046dd229021f58bffd,12b1dafe765a77d1a17115b0ae12cff973f20ed7d6d770fbd790695fe081288e,afaa9ca40fef1b2a362af2af235634b472665287e554d16b829c09e1a70787ac,8d5b7eba8aea53574190e7d4a6d9e7b424bc23a9e2a0b6968a27f1772509492b,6e938dfcd266a2b0eac811d7ea7eabbd5b217965f88efa81371465134dbcab11,2026-07-15T17:56:52.509574+00:00,8o8-arch,7.0.12-arch1-1,AMD Ryzen 9 3900X 12-Core Processor,"logical=24,cores=12,sockets=1,nodes=1",performance,rustc 1.97.0 (2d8144b78 2026-07-07),22.1.6,cargo 1.97.0 (c980f4866 2026-06-30),"release,lto=thin,debug=true",/home/bob/.cache/mess-bench,/dev/nvme0n1p3,ext4,/home,Samsung SSD 970 EVO Plus 2TB,[none] mq-deadline kyber bfq,249468174336,4096,1024,payload[i]=(i*131+17)&0xff,3.02197265625,accepted,,250,100,1,1,1,0,domain,1204,bytes,120400,120400,33577152,13122764,13161004,10620,11570,17010,1204,3.020,3.020
s0080,015d813736625640f12d26c5d349b92c14fd2fb4,false,a897dfa99e98479b638409c432d3d2bc8e7ba7d5ba4e5a046dd229021f58bffd,12b1dafe765a77d1a17115b0ae12cff973f20ed7d6d770fbd790695fe081288e,afaa9ca40fef1b2a362af2af235634b472665287e554d16b829c09e1a70787ac,8d5b7eba8aea53574190e7d4a6d9e7b424bc23a9e2a0b6968a27f1772509492b,6e938dfcd266a2b0eac811d7ea7eabbd5b217965f88efa81371465134dbcab11,2026-07-15T17:56:53.535631+00:00,8o8-arch,7.0.12-arch1-1,AMD Ryzen 9 3900X 12-Core Processor,"logical=24,cores=12,sockets=1,nodes=1",performance,rustc 1.97.0 (2d8144b78 2026-07-07),22.1.6,cargo 1.97.0 (c980f4866 2026-06-30),"release,lto=thin,debug=true",/home/bob/.cache/mess-bench,/dev/nvme0n1p3,ext4,/home,Samsung SSD 970 EVO Plus 2TB,[none] mq-deadline kyber bfq,249468162048,4096,1024,payload[i]=(i*131+17)&0xff,3.02197265625,accepted,,250,100,1,1,4,0,domain,1204,bytes,120400,120400,33577152,13015793,13131543,10620,11740,16730,1204,3.020,3.020
s0081,015d813736625640f12d26c5d349b92c14fd2fb4,false,a897dfa99e98479b638409c432d3d2bc8e7ba7d5ba4e5a046dd229021f58bffd,12b1dafe765a77d1a17115b0ae12cff973f20ed7d6d770fbd790695fe081288e,afaa9ca40fef1b2a362af2af235634b472665287e554d16b829c09e1a70787ac,8d5b7eba8aea53574190e7d4a6d9e7b424bc23a9e2a0b6968a27f1772509492b,6e938dfcd266a2b0eac811d7ea7eabbd5b217965f88efa81371465134dbcab11,2026-07-15T17:56:54.560660+00:00,8o8-arch,7.0.12-arch1-1,AMD Ryzen 9 3900X 12-Core Processor,"logical=24,cores=12,sockets=1,nodes=1",performance,rustc 1.97.0 (2d8144b78 2026-07-07),22.1.6,cargo 1.97.0 (c980f4866 2026-06-30),"release,lto=thin,debug=true",/home/bob/.cache/mess-bench,/dev/nvme0n1p3,ext4,/home,Samsung SSD 970 EVO Plus 2TB,[none] mq-deadline kyber bfq,249468157952,4096,1024,payload[i]=(i*131+17)&0xff,3.02197265625,accepted,,250,100,2,2,2,0,domain,602,bytes,120400,120400,33577152,13044393,13164023,21240,24380,30250,1204,3.020,3.020
s0082,015d813736625640f12d26c5d349b92c14fd2fb4,false,a897dfa99e98479b638409c432d3d2bc8e7ba7d5ba4e5a046dd229021f58bffd,12b1dafe765a77d1a17115b0ae12cff973f20ed7d6d770fbd790695fe081288e,afaa9ca40fef1b2a362af2af235634b472665287e554d16b829c09e1a70787ac,8d5b7eba8aea53574190e7d4a6d9e7b424bc23a9e2a0b6968a27f1772509492b,6e938dfcd266a2b0eac811d7ea7eabbd5b217965f88efa81371465134dbcab11,2026-07-15T17:56:55.591173+00:00,8o8-arch,7.0.12-arch1-1,AMD Ryzen 9 3900X 12-Core Processor,"logical=24,cores=12,sockets=1,nodes=1",performance,rustc 1.97.0 (2d8144b78 2026-07-07),22.1.6,cargo 1.97.0 (c980f4866 2026-06-30),"release,lto=thin,debug=true",/home/bob/.cache/mess-bench,/dev/nvme0n1p3,ext4,/home,Samsung SSD 970 EVO Plus 2TB,[none] mq-deadline kyber bfq,249468157952,4096,1024,payload[i]=(i*131+17)&0xff,3.02001953125,accepted,,250,100,2,4,2,0,new_name,599,bytes,120998,119800,33577544,13403354,13482653,21650,26190,31870,2396,3.020,3.020
s0083,015d813736625640f12d26c5d349b92c14fd2fb4,false,a897dfa99e98479b638409c432d3d2bc8e7ba7d5ba4e5a046dd229021f58bffd,12b1dafe765a77d1a17115b0ae12cff973f20ed7d6d770fbd790695fe081288e,afaa9ca40fef1b2a362af2af235634b472665287e554d16b829c09e1a70787ac,8d5b7eba8aea53574190e7d4a6d9e7b424bc23a9e2a0b6968a27f1772509492b,6e938dfcd266a2b0eac811d7ea7eabbd5b217965f88efa81371465134dbcab11,2026-07-15T17:56:56.618616+00:00,8o8-arch,7.0.12-arch1-1,AMD Ryzen 9 3900X 12-Core Processor,"logical=24,cores=12,sockets=1,nodes=1",performance,rustc 1.97.0 (2d8144b78 2026-07-07),22.1.6,cargo 1.97.0 (c980f4866 2026-06-30),"release,lto=thin,debug=true",/home/bob/.cache/mess-bench,/dev/nvme0n1p3,ext4,/home,Samsung SSD 970 EVO Plus 2TB,[none] mq-deadline kyber bfq,249468157952,4096,1024,payload[i]=(i*131+17)&0xff,3.02001953125,accepted,,250,100,2,2,4,0,domain,602,bytes,120400,120400,33577152,14930254,15123283,21220,26070,122010,1204,3.020,3.020
s0084,015d813736625640f12d26c5d349b92c14fd2fb4,false,a897dfa99e98479b638409c432d3d2bc8e7ba7d5ba4e5a046dd229021f58bffd,12b1dafe765a77d1a17115b0ae12cff973f20ed7d6d770fbd790695fe081288e,afaa9ca40fef1b2a362af2af235634b472665287e554d16b829c09e1a70787ac,8d5b7eba8aea53574190e7d4a6d9e7b424bc23a9e2a0b6968a27f1772509492b,6e938dfcd266a2b0eac811d7ea7eabbd5b217965f88efa81371465134dbcab11,2026-07-15T17:56:57.640960+00:00,8o8-arch,7.0.12-arch1-1,AMD Ryzen 9 3900X 12-Core Processor,"logical=24,cores=12,sockets=1,nodes=1",performance,rustc 1.97.0 (2d8144b78 2026-07-07),22.1.6,cargo 1.97.0 (c980f4866 2026-06-30),"release,lto=thin,debug=true",/home/bob/.cache/mess-bench,/dev/nvme0n1p3,ext4,/home,Samsung SSD 970 EVO Plus 2TB,[none] mq-deadline kyber bfq,249468121088,4096,1024,payload[i]=(i*131+17)&0xff,3.02001953125,accepted,,250,100,3,3,4,0,domain,402,bytes,120600,120600,33632928,12972353,13044834,31870,36220,39940,1206,3.020,3.020
s0085,015d813736625640f12d26c5d349b92c14fd2fb4,false,a897dfa99e98479b638409c432d3d2bc8e7ba7d5ba4e5a046dd229021f58bffd,12b1dafe765a77d1a17115b0ae12cff973f20ed7d6d770fbd790695fe081288e,afaa9ca40fef1b2a362af2af235634b472665287e554d16b829c09e1a70787ac,8d5b7eba8aea53574190e7d4a6d9e7b424bc23a9e2a0b6968a27f1772509492b,6e938dfcd266a2b0eac811d7ea7eabbd5b217965f88efa81371465134dbcab11,2026-07-15T17:56:58.666789+00:00,8o8-arch,7.0.12-arch1-1,AMD Ryzen 9 3900X 12-Core Processor,"logical=24,cores=12,sockets=1,nodes=1",performance,rustc 1.97.0 (2d8144b78 2026-07-07),22.1.6,cargo 1.97.0 (c980f4866 2026-06-30),"release,lto=thin,debug=true",/home/bob/.cache/mess-bench,/dev/nvme0n1p3,ext4,/home,Samsung SSD 970 EVO Plus 2TB,[none] mq-deadline kyber bfq,249468145664,4096,1024,payload[i]=(i*131+17)&0xff,3.02001953125,accepted,,250,100,4,4,4,0,domain,301,bytes,120400,120400,33577152,12956303,13143774,42420,52480,63870,1204,3.020,3.020
s0086,015d813736625640f12d26c5d349b92c14fd2fb4,false,a897dfa99e98479b638409c432d3d2bc8e7ba7d5ba4e5a046dd229021f58bffd,12b1dafe765a77d1a17115b0ae12cff973f20ed7d6d770fbd790695fe081288e,afaa9ca40fef1b2a362af2af235634b472665287e554d16b829c09e1a70787ac,8d5b7eba8aea53574190e7d4a6d9e7b424bc23a9e2a0b6968a27f1772509492b,6e938dfcd266a2b0eac811d7ea7eabbd5b217965f88efa81371465134dbcab11,2026-07-15T17:56:59.696964+00:00,8o8-arch,7.0.12-arch1-1,AMD Ryzen 9 3900X 12-Core Processor,"logical=24,cores=12,sockets=1,nodes=1",performance,rustc 1.97.0 (2d8144b78 2026-07-07),22.1.6,cargo 1.97.0 (c980f4866 2026-06-30),"release,lto=thin,debug=true",/home/bob/.cache/mess-bench,/dev/nvme0n1p3,ext4,/home,Samsung SSD 970 EVO Plus 2TB,[none] mq-deadline kyber bfq,249468145664,4096,1024,payload[i]=(i*131+17)&0xff,3.02001953125,accepted,,250,100,4,8,4,0,new_name,300,bytes,121200,120000,33633600,13451763,13803993,43270,52900,83869,2400,3.020,3.020
s0087,015d813736625640f12d26c5d349b92c14fd2fb4,false,a897dfa99e98479b638409c432d3d2bc8e7ba7d5ba4e5a046dd229021f58bffd,12b1dafe765a77d1a17115b0ae12cff973f20ed7d6d770fbd790695fe081288e,afaa9ca40fef1b2a362af2af235634b472665287e554d16b829c09e1a70787ac,8d5b7eba8aea53574190e7d4a6d9e7b424bc23a9e2a0b6968a27f1772509492b,6e938dfcd266a2b0eac811d7ea7eabbd5b217965f88efa81371465134dbcab11,2026-07-15T17:57:00.722010+00:00,8o8-arch,7.0.12-arch1-1,AMD Ryzen 9 3900X 12-Core Processor,"logical=24,cores=12,sockets=1,nodes=1",performance,rustc 1.97.0 (2d8144b78 2026-07-07),22.1.6,cargo 1.97.0 (c980f4866 2026-06-30),"release,lto=thin,debug=true",/home/bob/.cache/mess-bench,/dev/nvme0n1p3,ext4,/home,Samsung SSD 970 EVO Plus 2TB,[none] mq-deadline kyber bfq,249468137472,4096,1024,payload[i]=(i*131+17)&0xff,2.93798828125,accepted,,250,1000,1,1,1,0,domain,121,bytes,121000,121000,33648648,14963604,15064773,104000,124910,558850,121,2.940,2.940
s0088,015d813736625640f12d26c5d349b92c14fd2fb4,false,a897dfa99e98479b638409c432d3d2bc8e7ba7d5ba4e5a046dd229021f58bffd,12b1dafe765a77d1a17115b0ae12cff973f20ed7d6d770fbd790695fe081288e,afaa9ca40fef1b2a362af2af235634b472665287e554d16b829c09e1a70787ac,8d5b7eba8aea53574190e7d4a6d9e7b424bc23a9e2a0b6968a27f1772509492b,6e938dfcd266a2b0eac811d7ea7eabbd5b217965f88efa81371465134dbcab11,2026-07-15T17:57:01.743934+00:00,8o8-arch,7.0.12-arch1-1,AMD Ryzen 9 3900X 12-Core Processor,"logical=24,cores=12,sockets=1,nodes=1",performance,rustc 1.97.0 (2d8144b78 2026-07-07),22.1.6,cargo 1.97.0 (c980f4866 2026-06-30),"release,lto=thin,debug=true",/home/bob/.cache/mess-bench,/dev/nvme0n1p3,ext4,/home,Samsung SSD 970 EVO Plus 2TB,[none] mq-deadline kyber bfq,249468137472,4096,1024,payload[i]=(i*131+17)&0xff,2.93798828125,accepted,,250,1000,1,1,4,0,domain,121,bytes,121000,121000,33648648,13011374,13098183,103400,114730,199929,121,2.940,2.940
s0089,015d813736625640f12d26c5d349b92c14fd2fb4,false,a897dfa99e98479b638409c432d3d2bc8e7ba7d5ba4e5a046dd229021f58bffd,12b1dafe765a77d1a17115b0ae12cff973f20ed7d6d770fbd790695fe081288e,afaa9ca40fef1b2a362af2af235634b472665287e554d16b829c09e1a70787ac,8d5b7eba8aea53574190e7d4a6d9e7b424bc23a9e2a0b6968a27f1772509492b,6e938dfcd266a2b0eac811d7ea7eabbd5b217965f88efa81371465134dbcab11,2026-07-15T17:57:02.767250+00:00,8o8-arch,7.0.12-arch1-1,AMD Ryzen 9 3900X 12-Core Processor,"logical=24,cores=12,sockets=1,nodes=1",performance,rustc 1.97.0 (2d8144b78 2026-07-07),22.1.6,cargo 1.97.0 (c980f4866 2026-06-30),"release,lto=thin,debug=true",/home/bob/.cache/mess-bench,/dev/nvme0n1p3,ext4,/home,Samsung SSD 970 EVO Plus 2TB,[none] mq-deadline kyber bfq,249468129280,4096,1024,payload[i]=(i*131+17)&0xff,2.93798828125,accepted,,250,1000,2,2,2,0,domain,61,bytes,122000,122000,33926736,13007844,13082573,207830,216500,222480,122,2.940,2.940
s0090,015d813736625640f12d26c5d349b92c14fd2fb4,false,a897dfa99e98479b638409c432d3d2bc8e7ba7d5ba4e5a046dd229021f58bffd,12b1dafe765a77d1a17115b0ae12cff973f20ed7d6d770fbd790695fe081288e,afaa9ca40fef1b2a362af2af235634b472665287e554d16b829c09e1a70787ac,8d5b7eba8aea53574190e7d4a6d9e7b424bc23a9e2a0b6968a27f1772509492b,6e938dfcd266a2b0eac811d7ea7eabbd5b217965f88efa81371465134dbcab11,2026-07-15T17:57:03.792681+00:00,8o8-arch,7.0.12-arch1-1,AMD Ryzen 9 3900X 12-Core Processor,"logical=24,cores=12,sockets=1,nodes=1",performance,rustc 1.97.0 (2d8144b78 2026-07-07),22.1.6,cargo 1.97.0 (c980f4866 2026-06-30),"release,lto=thin,debug=true",/home/bob/.cache/mess-bench,/dev/nvme0n1p3,ext4,/home,Samsung SSD 970 EVO Plus 2TB,[none] mq-deadline kyber bfq,249468129280,4096,1024,payload[i]=(i*131+17)&0xff,2.93798828125,accepted,,250,1000,2,4,2,0,new_name,61,bytes,122122,122000,33943816,13741463,13720273,209350,219269,254870,244,2.940,2.940
s0091,015d813736625640f12d26c5d349b92c14fd2fb4,false,a897dfa99e98479b638409c432d3d2bc8e7ba7d5ba4e5a046dd229021f58bffd,12b1dafe765a77d1a17115b0ae12cff973f20ed7d6d770fbd790695fe081288e,afaa9ca40fef1b2a362af2af235634b472665287e554d16b829c09e1a70787ac,8d5b7eba8aea53574190e7d4a6d9e7b424bc23a9e2a0b6968a27f1772509492b,6e938dfcd266a2b0eac811d7ea7eabbd5b217965f88efa81371465134dbcab11,2026-07-15T17:57:04.820648+00:00,8o8-arch,7.0.12-arch1-1,AMD Ryzen 9 3900X 12-Core Processor,"logical=24,cores=12,sockets=1,nodes=1",performance,rustc 1.97.0 (2d8144b78 2026-07-07),22.1.6,cargo 1.97.0 (c980f4866 2026-06-30),"release,lto=thin,debug=true",/home/bob/.cache/mess-bench,/dev/nvme0n1p3,ext4,/home,Samsung SSD 970 EVO Plus 2TB,[none] mq-deadline kyber bfq,249468125184,4096,1024,payload[i]=(i*131+17)&0xff,2.93798828125,accepted,,250,1000,2,2,4,0,domain,61,bytes,122000,122000,33926736,16202524,16353002,211070,314380,1528669,122,2.940,2.940
s0092,015d813736625640f12d26c5d349b92c14fd2fb4,false,a897dfa99e98479b638409c432d3d2bc8e7ba7d5ba4e5a046dd229021f58bffd,12b1dafe765a77d1a17115b0ae12cff973f20ed7d6d770fbd790695fe081288e,afaa9ca40fef1b2a362af2af235634b472665287e554d16b829c09e1a70787ac,8d5b7eba8aea53574190e7d4a6d9e7b424bc23a9e2a0b6968a27f1772509492b,6e938dfcd266a2b0eac811d7ea7eabbd5b217965f88efa81371465134dbcab11,2026-07-15T17:57:05.850958+00:00,8o8-arch,7.0.12-arch1-1,AMD Ryzen 9 3900X 12-Core Processor,"logical=24,cores=12,sockets=1,nodes=1",performance,rustc 1.97.0 (2d8144b78 2026-07-07),22.1.6,cargo 1.97.0 (c980f4866 2026-06-30),"release,lto=thin,debug=true",/home/bob/.cache/mess-bench,/dev/nvme0n1p3,ext4,/home,Samsung SSD 970 EVO Plus 2TB,[none] mq-deadline kyber bfq,249468121088,4096,1024,payload[i]=(i*131+17)&0xff,2.78271484375,accepted,,250,1000,3,3,4,0,domain,41,bytes,123000,123000,34204824,15593754,16300232,316930,564110,2627819,123,2.780,2.780
s0093,015d813736625640f12d26c5d349b92c14fd2fb4,false,a897dfa99e98479b638409c432d3d2bc8e7ba7d5ba4e5a046dd229021f58bffd,12b1dafe765a77d1a17115b0ae12cff973f20ed7d6d770fbd790695fe081288e,afaa9ca40fef1b2a362af2af235634b472665287e554d16b829c09e1a70787ac,8d5b7eba8aea53574190e7d4a6d9e7b424bc23a9e2a0b6968a27f1772509492b,6e938dfcd266a2b0eac811d7ea7eabbd5b217965f88efa81371465134dbcab11,2026-07-15T17:57:06.873066+00:00,8o8-arch,7.0.12-arch1-1,AMD Ryzen 9 3900X 12-Core Processor,"logical=24,cores=12,sockets=1,nodes=1",performance,rustc 1.97.0 (2d8144b78 2026-07-07),22.1.6,cargo 1.97.0 (c980f4866 2026-06-30),"release,lto=thin,debug=true",/home/bob/.cache/mess-bench,/dev/nvme0n1p3,ext4,/home,Samsung SSD 970 EVO Plus 2TB,[none] mq-deadline kyber bfq,249468121088,4096,1024,payload[i]=(i*131+17)&0xff,2.78271484375,accepted,,250,1000,4,4,4,0,domain,31,bytes,124000,124000,34482912,13439744,13549083,425579,470979,700580,124,2.780,2.780
s0094,015d813736625640f12d26c5d349b92c14fd2fb4,false,a897dfa99e98479b638409c432d3d2bc8e7ba7d5ba4e5a046dd229021f58bffd,12b1dafe765a77d1a17115b0ae12cff973f20ed7d6d770fbd790695fe081288e,afaa9ca40fef1b2a362af2af235634b472665287e554d16b829c09e1a70787ac,8d5b7eba8aea53574190e7d4a6d9e7b424bc23a9e2a0b6968a27f1772509492b,6e938dfcd266a2b0eac811d7ea7eabbd5b217965f88efa81371465134dbcab11,2026-07-15T17:57:07.904518+00:00,8o8-arch,7.0.12-arch1-1,AMD Ryzen 9 3900X 12-Core Processor,"logical=24,cores=12,sockets=1,nodes=1",performance,rustc 1.97.0 (2d8144b78 2026-07-07),22.1.6,cargo 1.97.0 (c980f4866 2026-06-30),"release,lto=thin,debug=true",/home/bob/.cache/mess-bench,/dev/nvme0n1p3,ext4,/home,Samsung SSD 970 EVO Plus 2TB,[none] mq-deadline kyber bfq,249468116992,4096,1024,payload[i]=(i*131+17)&0xff,2.78271484375,accepted,,250,1000,4,8,4,0,new_name,31,bytes,124124,124000,34500272,13569743,13677663,427479,486930,702940,248,2.780,2.780
s0095,015d813736625640f12d26c5d349b92c14fd2fb4,false,a897dfa99e98479b638409c432d3d2bc8e7ba7d5ba4e5a046dd229021f58bffd,12b1dafe765a77d1a17115b0ae12cff973f20ed7d6d770fbd790695fe081288e,afaa9ca40fef1b2a362af2af235634b472665287e554d16b829c09e1a70787ac,8d5b7eba8aea53574190e7d4a6d9e7b424bc23a9e2a0b6968a27f1772509492b,6e938dfcd266a2b0eac811d7ea7eabbd5b217965f88efa81371465134dbcab11,2026-07-15T17:57:08.929820+00:00,8o8-arch,7.0.12-arch1-1,AMD Ryzen 9 3900X 12-Core Processor,"logical=24,cores=12,sockets=1,nodes=1",performance,rustc 1.97.0 (2d8144b78 2026-07-07),22.1.6,cargo 1.97.0 (c980f4866 2026-06-30),"release,lto=thin,debug=true",/home/bob/.cache/mess-bench,/dev/nvme0n1p3,ext4,/home,Samsung SSD 970 EVO Plus 2TB,[none] mq-deadline kyber bfq,249468104704,4096,1024,payload[i]=(i*131+17)&0xff,2.78271484375,accepted,,4096,1,2,2,2,0,domain,3984,bytes,7968,7968,33561216,14302794,14430413,3160,4190,4290,7968,2.780,2.780
s0096,015d813736625640f12d26c5d349b92c14fd2fb4,false,a897dfa99e98479b638409c432d3d2bc8e7ba7d5ba4e5a046dd229021f58bffd,12b1dafe765a77d1a17115b0ae12cff973f20ed7d6d770fbd790695fe081288e,afaa9ca40fef1b2a362af2af235634b472665287e554d16b829c09e1a70787ac,8d5b7eba8aea53574190e7d4a6d9e7b424bc23a9e2a0b6968a27f1772509492b,6e938dfcd266a2b0eac811d7ea7eabbd5b217965f88efa81371465134dbcab11,2026-07-15T17:57:09.954104+00:00,8o8-arch,7.0.12-arch1-1,AMD Ryzen 9 3900X 12-Core Processor,"logical=24,cores=12,sockets=1,nodes=1",performance,rustc 1.97.0 (2d8144b78 2026-07-07),22.1.6,cargo 1.97.0 (c980f4866 2026-06-30),"release,lto=thin,debug=true",/home/bob/.cache/mess-bench,/dev/nvme0n1p3,ext4,/home,Samsung SSD 970 EVO Plus 2TB,[none] mq-deadline kyber bfq,249468104704,4096,1024,payload[i]=(i*131+17)&0xff,2.78271484375,accepted,,4096,1,2,4,2,0,new_name,3856,bytes,15424,7712,33562624,14947944,15055082,3600,4130,8930,15424,2.780,2.780
s0097,015d813736625640f12d26c5d349b92c14fd2fb4,false,a897dfa99e98479b638409c432d3d2bc8e7ba7d5ba4e5a046dd229021f58bffd,12b1dafe765a77d1a17115b0ae12cff973f20ed7d6d770fbd790695fe081288e,afaa9ca40fef1b2a362af2af235634b472665287e554d16b829c09e1a70787ac,8d5b7eba8aea53574190e7d4a6d9e7b424bc23a9e2a0b6968a27f1772509492b,6e938dfcd266a2b0eac811d7ea7eabbd5b217965f88efa81371465134dbcab11,2026-07-15T17:57:10.982903+00:00,8o8-arch,7.0.12-arch1-1,AMD Ryzen 9 3900X 12-Core Processor,"logical=24,cores=12,sockets=1,nodes=1",performance,rustc 1.97.0 (2d8144b78 2026-07-07),22.1.6,cargo 1.97.0 (c980f4866 2026-06-30),"release,lto=thin,debug=true",/home/bob/.cache/mess-bench,/dev/nvme0n1p3,ext4,/home,Samsung SSD 970 EVO Plus 2TB,[none] mq-deadline kyber bfq,249468104704,4096,1024,payload[i]=(i*131+17)&0xff,2.80029296875,accepted,,4096,1,4,4,4,0,domain,1992,bytes,7968,7968,33561216,15344484,15443262,6250,8020,57390,7968,2.800,2.800
s0098,015d813736625640f12d26c5d349b92c14fd2fb4,false,a897dfa99e98479b638409c432d3d2bc8e7ba7d5ba4e5a046dd229021f58bffd,12b1dafe765a77d1a17115b0ae12cff973f20ed7d6d770fbd790695fe081288e,afaa9ca40fef1b2a362af2af235634b472665287e554d16b829c09e1a70787ac,8d5b7eba8aea53574190e7d4a6d9e7b424bc23a9e2a0b6968a27f1772509492b,6e938dfcd266a2b0eac811d7ea7eabbd5b217965f88efa81371465134dbcab11,2026-07-15T17:57:12.005063+00:00,8o8-arch,7.0.12-arch1-1,AMD Ryzen 9 3900X 12-Core Processor,"logical=24,cores=12,sockets=1,nodes=1",performance,rustc 1.97.0 (2d8144b78 2026-07-07),22.1.6,cargo 1.97.0 (c980f4866 2026-06-30),"release,lto=thin,debug=true",/home/bob/.cache/mess-bench,/dev/nvme0n1p3,ext4,/home,Samsung SSD 970 EVO Plus 2TB,[none] mq-deadline kyber bfq,249468096512,4096,1024,payload[i]=(i*131+17)&0xff,2.80029296875,accepted,,4096,1,4,8,4,0,new_name,1928,bytes,15424,7712,33562624,14286874,14377453,7130,8700,9580,15424,2.800,2.800
s0099,015d813736625640f12d26c5d349b92c14fd2fb4,false,a897dfa99e98479b638409c432d3d2bc8e7ba7d5ba4e5a046dd229021f58bffd,12b1dafe765a77d1a17115b0ae12cff973f20ed7d6d770fbd790695fe081288e,afaa9ca40fef1b2a362af2af235634b472665287e554d16b829c09e1a70787ac,8d5b7eba8aea53574190e7d4a6d9e7b424bc23a9e2a0b6968a27f1772509492b,6e938dfcd266a2b0eac811d7ea7eabbd5b217965f88efa81371465134dbcab11,2026-07-15T17:57:13.036600+00:00,8o8-arch,7.0.12-arch1-1,AMD Ryzen 9 3900X 12-Core Processor,"logical=24,cores=12,sockets=1,nodes=1",performance,rustc 1.97.0 (2d8144b78 2026-07-07),22.1.6,cargo 1.97.0 (c980f4866 2026-06-30),"release,lto=thin,debug=true",/home/bob/.cache/mess-bench,/dev/nvme0n1p3,ext4,/home,Samsung SSD 970 EVO Plus 2TB,[none] mq-deadline kyber bfq,249468092416,4096,1024,payload[i]=(i*131+17)&0xff,2.80029296875,accepted,,4096,10,2,2,2,0,domain,406,bytes,8120,8120,33558336,10944563,11045094,26550,30120,41050,812,2.800,2.800
s0100,015d813736625640f12d26c5d349b92c14fd2fb4,false,a897dfa99e98479b638409c432d3d2bc8e7ba7d5ba4e5a046dd229021f58bffd,12b1dafe765a77d1a17115b0ae12cff973f20ed7d6d770fbd790695fe081288e,afaa9ca40fef1b2a362af2af235634b472665287e554d16b829c09e1a70787ac,8d5b7eba8aea53574190e7d4a6d9e7b424bc23a9e2a0b6968a27f1772509492b,6e938dfcd266a2b0eac811d7ea7eabbd5b217965f88efa81371465134dbcab11,2026-07-15T17:57:14.069814+00:00,8o8-arch,7.0.12-arch1-1,AMD Ryzen 9 3900X 12-Core Processor,"logical=24,cores=12,sockets=1,nodes=1",performance,rustc 1.97.0 (2d8144b78 2026-07-07),22.1.6,cargo 1.97.0 (c980f4866 2026-06-30),"release,lto=thin,debug=true",/home/bob/.cache/mess-bench,/dev/nvme0n1p3,ext4,/home,Samsung SSD 970 EVO Plus 2TB,[none] mq-deadline kyber bfq,249468088320,4096,1024,payload[i]=(i*131+17)&0xff,2.80029296875,accepted,,4096,10,2,4,2,0,new_name,405,bytes,8910,8100,33589080,12840893,12952824,32890,39230,48040,1620,2.800,2.800
s0101,015d813736625640f12d26c5d349b92c14fd2fb4,false,a897dfa99e98479b638409c432d3d2bc8e7ba7d5ba4e5a046dd229021f58bffd,12b1dafe765a77d1a17115b0ae12cff973f20ed7d6d770fbd790695fe081288e,afaa9ca40fef1b2a362af2af235634b472665287e554d16b829c09e1a70787ac,8d5b7eba8aea53574190e7d4a6d9e7b424bc23a9e2a0b6968a27f1772509492b,6e938dfcd266a2b0eac811d7ea7eabbd5b217965f88efa81371465134dbcab11,2026-07-15T17:57:15.101633+00:00,8o8-arch,7.0.12-arch1-1,AMD Ryzen 9 3900X 12-Core Processor,"logical=24,cores=12,sockets=1,nodes=1",performance,rustc 1.97.0 (2d8144b78 2026-07-07),22.1.6,cargo 1.97.0 (c980f4866 2026-06-30),"release,lto=thin,debug=true",/home/bob/.cache/mess-bench,/dev/nvme0n1p3,ext4,/home,Samsung SSD 970 EVO Plus 2TB,[none] mq-deadline kyber bfq,249468092416,4096,1024,payload[i]=(i*131+17)&0xff,2.80029296875,accepted,,4096,10,4,4,4,0,domain,203,bytes,8120,8120,33558336,10982553,11207174,53040,60390,75720,812,2.800,2.800
s0102,015d813736625640f12d26c5d349b92c14fd2fb4,false,a897dfa99e98479b638409c432d3d2bc8e7ba7d5ba4e5a046dd229021f58bffd,12b1dafe765a77d1a17115b0ae12cff973f20ed7d6d770fbd790695fe081288e,afaa9ca40fef1b2a362af2af235634b472665287e554d16b829c09e1a70787ac,8d5b7eba8aea53574190e7d4a6d9e7b424bc23a9e2a0b6968a27f1772509492b,6e938dfcd266a2b0eac811d7ea7eabbd5b217965f88efa81371465134dbcab11,2026-07-15T17:57:16.127503+00:00,8o8-arch,7.0.12-arch1-1,AMD Ryzen 9 3900X 12-Core Processor,"logical=24,cores=12,sockets=1,nodes=1",performance,rustc 1.97.0 (2d8144b78 2026-07-07),22.1.6,cargo 1.97.0 (c980f4866 2026-06-30),"release,lto=thin,debug=true",/home/bob/.cache/mess-bench,/dev/nvme0n1p3,ext4,/home,Samsung SSD 970 EVO Plus 2TB,[none] mq-deadline kyber bfq,249468080128,4096,1024,payload[i]=(i*131+17)&0xff,2.65576171875,accepted,,4096,10,4,8,4,0,new_name,203,bytes,8932,8120,33672016,11646903,11706074,53910,66090,70610,1624,2.660,2.660
s0103,015d813736625640f12d26c5d349b92c14fd2fb4,false,a897dfa99e98479b638409c432d3d2bc8e7ba7d5ba4e5a046dd229021f58bffd,12b1dafe765a77d1a17115b0ae12cff973f20ed7d6d770fbd790695fe081288e,afaa9ca40fef1b2a362af2af235634b472665287e554d16b829c09e1a70787ac,8d5b7eba8aea53574190e7d4a6d9e7b424bc23a9e2a0b6968a27f1772509492b,6e938dfcd266a2b0eac811d7ea7eabbd5b217965f88efa81371465134dbcab11,2026-07-15T17:57:17.158796+00:00,8o8-arch,7.0.12-arch1-1,AMD Ryzen 9 3900X 12-Core Processor,"logical=24,cores=12,sockets=1,nodes=1",performance,rustc 1.97.0 (2d8144b78 2026-07-07),22.1.6,cargo 1.97.0 (c980f4866 2026-06-30),"release,lto=thin,debug=true",/home/bob/.cache/mess-bench,/dev/nvme0n1p3,ext4,/home,Samsung SSD 970 EVO Plus 2TB,[none] mq-deadline kyber bfq,249468080128,4096,1024,payload[i]=(i*131+17)&0xff,2.65576171875,accepted,,4096,10,16,16,4,0,domain,51,bytes,8160,8160,33723648,12742173,12810633,216900,485390,719179,816,2.660,2.660
s0104,015d813736625640f12d26c5d349b92c14fd2fb4,false,a897dfa99e98479b638409c432d3d2bc8e7ba7d5ba4e5a046dd229021f58bffd,12b1dafe765a77d1a17115b0ae12cff973f20ed7d6d770fbd790695fe081288e,afaa9ca40fef1b2a362af2af235634b472665287e554d16b829c09e1a70787ac,8d5b7eba8aea53574190e7d4a6d9e7b424bc23a9e2a0b6968a27f1772509492b,6e938dfcd266a2b0eac811d7ea7eabbd5b217965f88efa81371465134dbcab11,2026-07-15T17:57:18.189922+00:00,8o8-arch,7.0.12-arch1-1,AMD Ryzen 9 3900X 12-Core Processor,"logical=24,cores=12,sockets=1,nodes=1",performance,rustc 1.97.0 (2d8144b78 2026-07-07),22.1.6,cargo 1.97.0 (c980f4866 2026-06-30),"release,lto=thin,debug=true",/home/bob/.cache/mess-bench,/dev/nvme0n1p3,ext4,/home,Samsung SSD 970 EVO Plus 2TB,[none] mq-deadline kyber bfq,249468080128,4096,1024,payload[i]=(i*131+17)&0xff,2.65576171875,accepted,,4096,10,16,32,4,0,new_name,51,bytes,8976,8160,33837888,11472513,11639544,221790,267770,314720,1632,2.660,2.660
s0105,015d813736625640f12d26c5d349b92c14fd2fb4,false,a897dfa99e98479b638409c432d3d2bc8e7ba7d5ba4e5a046dd229021f58bffd,12b1dafe765a77d1a17115b0ae12cff973f20ed7d6d770fbd790695fe081288e,afaa9ca40fef1b2a362af2af235634b472665287e554d16b829c09e1a70787ac,8d5b7eba8aea53574190e7d4a6d9e7b424bc23a9e2a0b6968a27f1772509492b,6e938dfcd266a2b0eac811d7ea7eabbd5b217965f88efa81371465134dbcab11,2026-07-15T17:57:19.218469+00:00,8o8-arch,7.0.12-arch1-1,AMD Ryzen 9 3900X 12-Core Processor,"logical=24,cores=12,sockets=1,nodes=1",performance,rustc 1.97.0 (2d8144b78 2026-07-07),22.1.6,cargo 1.97.0 (c980f4866 2026-06-30),"release,lto=thin,debug=true",/home/bob/.cache/mess-bench,/dev/nvme0n1p3,ext4,/home,Samsung SSD 970 EVO Plus 2TB,[none] mq-deadline kyber bfq,249468076032,4096,1024,payload[i]=(i*131+17)&0xff,2.65576171875,accepted,,4096,10,64,64,4,0,domain,13,bytes,8320,8320,34384896,11746962,14032623,866670,904529,3545668,832,2.660,2.660
s0106,015d813736625640f12d26c5d349b92c14fd2fb4,false,a897dfa99e98479b638409c432d3d2bc8e7ba7d5ba4e5a046dd229021f58bffd,12b1dafe765a77d1a17115b0ae12cff973f20ed7d6d770fbd790695fe081288e,afaa9ca40fef1b2a362af2af235634b472665287e554d16b829c09e1a70787ac,8d5b7eba8aea53574190e7d4a6d9e7b424bc23a9e2a0b6968a27f1772509492b,6e938dfcd266a2b0eac811d7ea7eabbd5b217965f88efa81371465134dbcab11,2026-07-15T17:57:20.249865+00:00,8o8-arch,7.0.12-arch1-1,AMD Ryzen 9 3900X 12-Core Processor,"logical=24,cores=12,sockets=1,nodes=1",performance,rustc 1.97.0 (2d8144b78 2026-07-07),22.1.6,cargo 1.97.0 (c980f4866 2026-06-30),"release,lto=thin,debug=true",/home/bob/.cache/mess-bench,/dev/nvme0n1p3,ext4,/home,Samsung SSD 970 EVO Plus 2TB,[none] mq-deadline kyber bfq,249468076032,4096,1024,payload[i]=(i*131+17)&0xff,2.65576171875,accepted,,4096,10,64,128,4,0,new_name,13,bytes,9152,8320,34501376,11689503,11809735,888520,961950,1074650,1664,2.660,2.660
s0107,015d813736625640f12d26c5d349b92c14fd2fb4,false,a897dfa99e98479b638409c432d3d2bc8e7ba7d5ba4e5a046dd229021f58bffd,12b1dafe765a77d1a17115b0ae12cff973f20ed7d6d770fbd790695fe081288e,afaa9ca40fef1b2a362af2af235634b472665287e554d16b829c09e1a70787ac,8d5b7eba8aea53574190e7d4a6d9e7b424bc23a9e2a0b6968a27f1772509492b,6e938dfcd266a2b0eac811d7ea7eabbd5b217965f88efa81371465134dbcab11,2026-07-15T17:57:21.281601+00:00,8o8-arch,7.0.12-arch1-1,AMD Ryzen 9 3900X 12-Core Processor,"logical=24,cores=12,sockets=1,nodes=1",performance,rustc 1.97.0 (2d8144b78 2026-07-07),22.1.6,cargo 1.97.0 (c980f4866 2026-06-30),"release,lto=thin,debug=true",/home/bob/.cache/mess-bench,/dev/nvme0n1p3,ext4,/home,Samsung SSD 970 EVO Plus 2TB,[none] mq-deadline kyber bfq,249468071936,4096,1024,payload[i]=(i*131+17)&0xff,2.763671875,accepted,,4096,10,256,256,4,0,domain,4,bytes,10240,10240,42319872,15570604,16724131,3527598,6300597,6300597,1024,2.760,2.760
s0108,015d813736625640f12d26c5d349b92c14fd2fb4,false,a897dfa99e98479b638409c432d3d2bc8e7ba7d5ba4e5a046dd229021f58bffd,12b1dafe765a77d1a17115b0ae12cff973f20ed7d6d770fbd790695fe081288e,afaa9ca40fef1b2a362af2af235634b472665287e554d16b829c09e1a70787ac,8d5b7eba8aea53574190e7d4a6d9e7b424bc23a9e2a0b6968a27f1772509492b,6e938dfcd266a2b0eac811d7ea7eabbd5b217965f88efa81371465134dbcab11,2026-07-15T17:57:22.303171+00:00,8o8-arch,7.0.12-arch1-1,AMD Ryzen 9 3900X 12-Core Processor,"logical=24,cores=12,sockets=1,nodes=1",performance,rustc 1.97.0 (2d8144b78 2026-07-07),22.1.6,cargo 1.97.0 (c980f4866 2026-06-30),"release,lto=thin,debug=true",/home/bob/.cache/mess-bench,/dev/nvme0n1p3,ext4,/home,Samsung SSD 970 EVO Plus 2TB,[none] mq-deadline kyber bfq,249468055552,4096,1024,payload[i]=(i*131+17)&0xff,2.763671875,accepted,,4096,10,256,512,4,0,new_name,4,bytes,11264,10240,42463232,15072704,15199822,3793958,4247017,4247017,2048,2.760,2.760
s0109,015d813736625640f12d26c5d349b92c14fd2fb4,false,a897dfa99e98479b638409c432d3d2bc8e7ba7d5ba4e5a046dd229021f58bffd,12b1dafe765a77d1a17115b0ae12cff973f20ed7d6d770fbd790695fe081288e,afaa9ca40fef1b2a362af2af235634b472665287e554d16b829c09e1a70787ac,8d5b7eba8aea53574190e7d4a6d9e7b424bc23a9e2a0b6968a27f1772509492b,6e938dfcd266a2b0eac811d7ea7eabbd5b217965f88efa81371465134dbcab11,2026-07-15T17:57:23.328444+00:00,8o8-arch,7.0.12-arch1-1,AMD Ryzen 9 3900X 12-Core Processor,"logical=24,cores=12,sockets=1,nodes=1",performance,rustc 1.97.0 (2d8144b78 2026-07-07),22.1.6,cargo 1.97.0 (c980f4866 2026-06-30),"release,lto=thin,debug=true",/home/bob/.cache/mess-bench,/dev/nvme0n1p3,ext4,/home,Samsung SSD 970 EVO Plus 2TB,[none] mq-deadline kyber bfq,249468051456,4096,1024,payload[i]=(i*131+17)&0xff,2.763671875,accepted,,4096,10,1024,1024,4,0,domain,1,bytes,10240,10240,42319872,13879884,14006543,14006143,14006143,14006143,1024,2.760,2.760
s0110,015d813736625640f12d26c5d349b92c14fd2fb4,false,a897dfa99e98479b638409c432d3d2bc8e7ba7d5ba4e5a046dd229021f58bffd,12b1dafe765a77d1a17115b0ae12cff973f20ed7d6d770fbd790695fe081288e,afaa9ca40fef1b2a362af2af235634b472665287e554d16b829c09e1a70787ac,8d5b7eba8aea53574190e7d4a6d9e7b424bc23a9e2a0b6968a27f1772509492b,6e938dfcd266a2b0eac811d7ea7eabbd5b217965f88efa81371465134dbcab11,2026-07-15T17:57:24.360007+00:00,8o8-arch,7.0.12-arch1-1,AMD Ryzen 9 3900X 12-Core Processor,"logical=24,cores=12,sockets=1,nodes=1",performance,rustc 1.97.0 (2d8144b78 2026-07-07),22.1.6,cargo 1.97.0 (c980f4866 2026-06-30),"release,lto=thin,debug=true",/home/bob/.cache/mess-bench,/dev/nvme0n1p3,ext4,/home,Samsung SSD 970 EVO Plus 2TB,[none] mq-deadline kyber bfq,249468047360,4096,1024,payload[i]=(i*131+17)&0xff,2.763671875,accepted,,4096,10,1024,2048,4,0,new_name,1,bytes,11264,10240,42463232,13902603,13985942,13985632,13985632,13985632,2048,2.760,2.760
s0111,015d813736625640f12d26c5d349b92c14fd2fb4,false,a897dfa99e98479b638409c432d3d2bc8e7ba7d5ba4e5a046dd229021f58bffd,12b1dafe765a77d1a17115b0ae12cff973f20ed7d6d770fbd790695fe081288e,afaa9ca40fef1b2a362af2af235634b472665287e554d16b829c09e1a70787ac,8d5b7eba8aea53574190e7d4a6d9e7b424bc23a9e2a0b6968a27f1772509492b,6e938dfcd266a2b0eac811d7ea7eabbd5b217965f88efa81371465134dbcab11,2026-07-15T17:57:25.391367+00:00,8o8-arch,7.0.12-arch1-1,AMD Ryzen 9 3900X 12-Core Processor,"logical=24,cores=12,sockets=1,nodes=1",performance,rustc 1.97.0 (2d8144b78 2026-07-07),22.1.6,cargo 1.97.0 (c980f4866 2026-06-30),"release,lto=thin,debug=true",/home/bob/.cache/mess-bench,/dev/nvme0n1p3,ext4,/home,Samsung SSD 970 EVO Plus 2TB,[none] mq-deadline kyber bfq,249468043264,4096,1024,payload[i]=(i*131+17)&0xff,3.74365234375,accepted,,4096,10,1025,1025,4,0,domain,1,bytes,10250,10250,42361200,13937584,14021683,14021223,14021223,14021223,1025,3.740,3.740
s0112,015d813736625640f12d26c5d349b92c14fd2fb4,false,a897dfa99e98479b638409c432d3d2bc8e7ba7d5ba4e5a046dd229021f58bffd,12b1dafe765a77d1a17115b0ae12cff973f20ed7d6d770fbd790695fe081288e,afaa9ca40fef1b2a362af2af235634b472665287e554d16b829c09e1a70787ac,8d5b7eba8aea53574190e7d4a6d9e7b424bc23a9e2a0b6968a27f1772509492b,6e938dfcd266a2b0eac811d7ea7eabbd5b217965f88efa81371465134dbcab11,2026-07-15T17:57:26.419675+00:00,8o8-arch,7.0.12-arch1-1,AMD Ryzen 9 3900X 12-Core Processor,"logical=24,cores=12,sockets=1,nodes=1",performance,rustc 1.97.0 (2d8144b78 2026-07-07),22.1.6,cargo 1.97.0 (c980f4866 2026-06-30),"release,lto=thin,debug=true",/home/bob/.cache/mess-bench,/dev/nvme0n1p3,ext4,/home,Samsung SSD 970 EVO Plus 2TB,[none] mq-deadline kyber bfq,249468043264,4096,1024,payload[i]=(i*131+17)&0xff,3.74365234375,accepted,,4096,10,1025,2050,4,0,new_name,1,bytes,11275,10250,42504700,16057914,16339862,16339552,16339552,16339552,2050,3.740,3.740
s0113,015d813736625640f12d26c5d349b92c14fd2fb4,false,a897dfa99e98479b638409c432d3d2bc8e7ba7d5ba4e5a046dd229021f58bffd,12b1dafe765a77d1a17115b0ae12cff973f20ed7d6d770fbd790695fe081288e,afaa9ca40fef1b2a362af2af235634b472665287e554d16b829c09e1a70787ac,8d5b7eba8aea53574190e7d4a6d9e7b424bc23a9e2a0b6968a27f1772509492b,6e938dfcd266a2b0eac811d7ea7eabbd5b217965f88efa81371465134dbcab11,2026-07-15T17:57:27.450394+00:00,8o8-arch,7.0.12-arch1-1,AMD Ryzen 9 3900X 12-Core Processor,"logical=24,cores=12,sockets=1,nodes=1",performance,rustc 1.97.0 (2d8144b78 2026-07-07),22.1.6,cargo 1.97.0 (c980f4866 2026-06-30),"release,lto=thin,debug=true",/home/bob/.cache/mess-bench,/dev/nvme0n1p3,ext4,/home,Samsung SSD 970 EVO Plus 2TB,[none] mq-deadline kyber bfq,249468039168,4096,1024,payload[i]=(i*131+17)&0xff,3.74365234375,accepted,,4096,100,2,2,2,0,domain,41,bytes,8200,8200,33824016,13565674,13821953,265610,360290,2415248,82,3.740,3.740
s0114,015d813736625640f12d26c5d349b92c14fd2fb4,false,a897dfa99e98479b638409c432d3d2bc8e7ba7d5ba4e5a046dd229021f58bffd,12b1dafe765a77d1a17115b0ae12cff973f20ed7d6d770fbd790695fe081288e,afaa9ca40fef1b2a362af2af235634b472665287e554d16b829c09e1a70787ac,8d5b7eba8aea53574190e7d4a6d9e7b424bc23a9e2a0b6968a27f1772509492b,6e938dfcd266a2b0eac811d7ea7eabbd5b217965f88efa81371465134dbcab11,2026-07-15T17:57:28.478909+00:00,8o8-arch,7.0.12-arch1-1,AMD Ryzen 9 3900X 12-Core Processor,"logical=24,cores=12,sockets=1,nodes=1",performance,rustc 1.97.0 (2d8144b78 2026-07-07),22.1.6,cargo 1.97.0 (c980f4866 2026-06-30),"release,lto=thin,debug=true",/home/bob/.cache/mess-bench,/dev/nvme0n1p3,ext4,/home,Samsung SSD 970 EVO Plus 2TB,[none] mq-deadline kyber bfq,249468035072,4096,1024,payload[i]=(i*131+17)&0xff,3.74365234375,accepted,,4096,100,2,4,2,0,new_name,41,bytes,8282,8200,33835496,11114993,11349634,261860,330520,610419,164,3.740,3.740
s0115,015d813736625640f12d26c5d349b92c14fd2fb4,false,a897dfa99e98479b638409c432d3d2bc8e7ba7d5ba4e5a046dd229021f58bffd,12b1dafe765a77d1a17115b0ae12cff973f20ed7d6d770fbd790695fe081288e,afaa9ca40fef1b2a362af2af235634b472665287e554d16b829c09e1a70787ac,8d5b7eba8aea53574190e7d4a6d9e7b424bc23a9e2a0b6968a27f1772509492b,6e938dfcd266a2b0eac811d7ea7eabbd5b217965f88efa81371465134dbcab11,2026-07-15T17:57:29.507136+00:00,8o8-arch,7.0.12-arch1-1,AMD Ryzen 9 3900X 12-Core Processor,"logical=24,cores=12,sockets=1,nodes=1",performance,rustc 1.97.0 (2d8144b78 2026-07-07),22.1.6,cargo 1.97.0 (c980f4866 2026-06-30),"release,lto=thin,debug=true",/home/bob/.cache/mess-bench,/dev/nvme0n1p3,ext4,/home,Samsung SSD 970 EVO Plus 2TB,[none] mq-deadline kyber bfq,249468026880,4096,1024,payload[i]=(i*131+17)&0xff,3.74365234375,accepted,,4096,100,4,4,4,0,domain,21,bytes,8400,8400,34648992,11435292,11520844,530140,573869,886509,84,3.740,3.740
s0116,015d813736625640f12d26c5d349b92c14fd2fb4,false,a897dfa99e98479b638409c432d3d2bc8e7ba7d5ba4e5a046dd229021f58bffd,12b1dafe765a77d1a17115b0ae12cff973f20ed7d6d770fbd790695fe081288e,afaa9ca40fef1b2a362af2af235634b472665287e554d16b829c09e1a70787ac,8d5b7eba8aea53574190e7d4a6d9e7b424bc23a9e2a0b6968a27f1772509492b,6e938dfcd266a2b0eac811d7ea7eabbd5b217965f88efa81371465134dbcab11,2026-07-15T17:57:30.538825+00:00,8o8-arch,7.0.12-arch1-1,AMD Ryzen 9 3900X 12-Core Processor,"logical=24,cores=12,sockets=1,nodes=1",performance,rustc 1.97.0 (2d8144b78 2026-07-07),22.1.6,cargo 1.97.0 (c980f4866 2026-06-30),"release,lto=thin,debug=true",/home/bob/.cache/mess-bench,/dev/nvme0n1p3,ext4,/home,Samsung SSD 970 EVO Plus 2TB,[none] mq-deadline kyber bfq,249468018688,4096,1024,payload[i]=(i*131+17)&0xff,4.5654296875,accepted,,4096,100,4,8,4,0,new_name,21,bytes,8484,8400,34660752,11380323,11462804,527559,549430,892459,168,4.570,4.570
s0117,015d813736625640f12d26c5d349b92c14fd2fb4,false,a897dfa99e98479b638409c432d3d2bc8e7ba7d5ba4e5a046dd229021f58bffd,12b1dafe765a77d1a17115b0ae12cff973f20ed7d6d770fbd790695fe081288e,afaa9ca40fef1b2a362af2af235634b472665287e554d16b829c09e1a70787ac,8d5b7eba8aea53574190e7d4a6d9e7b424bc23a9e2a0b6968a27f1772509492b,6e938dfcd266a2b0eac811d7ea7eabbd5b217965f88efa81371465134dbcab11,2026-07-15T17:57:31.569214+00:00,8o8-arch,7.0.12-arch1-1,AMD Ryzen 9 3900X 12-Core Processor,"logical=24,cores=12,sockets=1,nodes=1",performance,rustc 1.97.0 (2d8144b78 2026-07-07),22.1.6,cargo 1.97.0 (c980f4866 2026-06-30),"release,lto=thin,debug=true",/home/bob/.cache/mess-bench,/dev/nvme0n1p3,ext4,/home,Samsung SSD 970 EVO Plus 2TB,[none] mq-deadline kyber bfq,249468018688,4096,1024,payload[i]=(i*131+17)&0xff,4.5654296875,accepted,,4096,1000,2,2,2,0,domain,5,bytes,10000,10000,41240880,14888694,15061772,2709228,4371977,4371977,10,4.570,4.570
s0118,015d813736625640f12d26c5d349b92c14fd2fb4,false,a897dfa99e98479b638409c432d3d2bc8e7ba7d5ba4e5a046dd229021f58bffd,12b1dafe765a77d1a17115b0ae12cff973f20ed7d6d770fbd790695fe081288e,afaa9ca40fef1b2a362af2af235634b472665287e554d16b829c09e1a70787ac,8d5b7eba8aea53574190e7d4a6d9e7b424bc23a9e2a0b6968a27f1772509492b,6e938dfcd266a2b0eac811d7ea7eabbd5b217965f88efa81371465134dbcab11,2026-07-15T17:57:32.600374+00:00,8o8-arch,7.0.12-arch1-1,AMD Ryzen 9 3900X 12-Core Processor,"logical=24,cores=12,sockets=1,nodes=1",performance,rustc 1.97.0 (2d8144b78 2026-07-07),22.1.6,cargo 1.97.0 (c980f4866 2026-06-30),"release,lto=thin,debug=true",/home/bob/.cache/mess-bench,/dev/nvme0n1p3,ext4,/home,Samsung SSD 970 EVO Plus 2TB,[none] mq-deadline kyber bfq,249467985920,4096,1024,payload[i]=(i*131+17)&0xff,4.5654296875,accepted,,4096,1000,2,4,2,0,new_name,5,bytes,10010,10000,41242280,15311974,15428702,2615799,4662178,4662178,20,4.570,4.570
s0119,015d813736625640f12d26c5d349b92c14fd2fb4,false,a897dfa99e98479b638409c432d3d2bc8e7ba7d5ba4e5a046dd229021f58bffd,12b1dafe765a77d1a17115b0ae12cff973f20ed7d6d770fbd790695fe081288e,afaa9ca40fef1b2a362af2af235634b472665287e554d16b829c09e1a70787ac,8d5b7eba8aea53574190e7d4a6d9e7b424bc23a9e2a0b6968a27f1772509492b,6e938dfcd266a2b0eac811d7ea7eabbd5b217965f88efa81371465134dbcab11,2026-07-15T17:57:33.630970+00:00,8o8-arch,7.0.12-arch1-1,AMD Ryzen 9 3900X 12-Core Processor,"logical=24,cores=12,sockets=1,nodes=1",performance,rustc 1.97.0 (2d8144b78 2026-07-07),22.1.6,cargo 1.97.0 (c980f4866 2026-06-30),"release,lto=thin,debug=true",/home/bob/.cache/mess-bench,/dev/nvme0n1p3,ext4,/home,Samsung SSD 970 EVO Plus 2TB,[none] mq-deadline kyber bfq,249468018688,4096,1024,payload[i]=(i*131+17)&0xff,4.5654296875,accepted,,4096,1000,4,4,4,0,domain,3,bytes,12000,12000,49489056,18022605,18149781,5252477,7699516,7699516,12,4.570,4.570
s0120,015d813736625640f12d26c5d349b92c14fd2fb4,false,a897dfa99e98479b638409c432d3d2bc8e7ba7d5ba4e5a046dd229021f58bffd,12b1dafe765a77d1a17115b0ae12cff973f20ed7d6d770fbd790695fe081288e,afaa9ca40fef1b2a362af2af235634b472665287e554d16b829c09e1a70787ac,8d5b7eba8aea53574190e7d4a6d9e7b424bc23a9e2a0b6968a27f1772509492b,6e938dfcd266a2b0eac811d7ea7eabbd5b217965f88efa81371465134dbcab11,2026-07-15T17:57:34.659833+00:00,8o8-arch,7.0.12-arch1-1,AMD Ryzen 9 3900X 12-Core Processor,"logical=24,cores=12,sockets=1,nodes=1",performance,rustc 1.97.0 (2d8144b78 2026-07-07),22.1.6,cargo 1.97.0 (c980f4866 2026-06-30),"release,lto=thin,debug=true",/home/bob/.cache/mess-bench,/dev/nvme0n1p3,ext4,/home,Samsung SSD 970 EVO Plus 2TB,[none] mq-deadline kyber bfq,249468014592,4096,1024,payload[i]=(i*131+17)&0xff,4.5654296875,accepted,,4096,1000,4,8,4,0,new_name,3,bytes,12012,12000,49490736,17945175,18113831,5256397,7617287,7617287,24,4.570,4.570
s0121,015d813736625640f12d26c5d349b92c14fd2fb4,false,a897dfa99e98479b638409c432d3d2bc8e7ba7d5ba4e5a046dd229021f58bffd,12b1dafe765a77d1a17115b0ae12cff973f20ed7d6d770fbd790695fe081288e,afaa9ca40fef1b2a362af2af235634b472665287e554d16b829c09e1a70787ac,8d5b7eba8aea53574190e7d4a6d9e7b424bc23a9e2a0b6968a27f1772509492b,6e938dfcd266a2b0eac811d7ea7eabbd5b217965f88efa81371465134dbcab11,2026-07-15T17:57:35.693046+00:00,8o8-arch,7.0.12-arch1-1,AMD Ryzen 9 3900X 12-Core Processor,"logical=24,cores=12,sockets=1,nodes=1",performance,rustc 1.97.0 (2d8144b78 2026-07-07),22.1.6,cargo 1.97.0 (c980f4866 2026-06-30),"release,lto=thin,debug=true",/home/bob/.cache/mess-bench,/dev/nvme0n1p3,ext4,/home,Samsung SSD 970 EVO Plus 2TB,[none] mq-deadline kyber bfq,249468006400,4096,1024,payload[i]=(i*131+17)&0xff,5.1611328125,accepted,,65536,1,2,2,2,0,domain,256,bytes,512,512,33613824,11269382,11434384,41860,57690,80160,512,5.160,5.160
s0122,015d813736625640f12d26c5d349b92c14fd2fb4,false,a897dfa99e98479b638409c432d3d2bc8e7ba7d5ba4e5a046dd229021f58bffd,12b1dafe765a77d1a17115b0ae12cff973f20ed7d6d770fbd790695fe081288e,afaa9ca40fef1b2a362af2af235634b472665287e554d16b829c09e1a70787ac,8d5b7eba8aea53574190e7d4a6d9e7b424bc23a9e2a0b6968a27f1772509492b,6e938dfcd266a2b0eac811d7ea7eabbd5b217965f88efa81371465134dbcab11,2026-07-15T17:57:36.721179+00:00,8o8-arch,7.0.12-arch1-1,AMD Ryzen 9 3900X 12-Core Processor,"logical=24,cores=12,sockets=1,nodes=1",performance,rustc 1.97.0 (2d8144b78 2026-07-07),22.1.6,cargo 1.97.0 (c980f4866 2026-06-30),"release,lto=thin,debug=true",/home/bob/.cache/mess-bench,/dev/nvme0n1p3,ext4,/home,Samsung SSD 970 EVO Plus 2TB,[none] mq-deadline kyber bfq,249468006400,4096,1024,payload[i]=(i*131+17)&0xff,5.1611328125,accepted,,65536,1,2,4,2,0,new_name,256,bytes,1024,512,33685504,12627074,12707064,42180,86270,129560,1024,5.160,5.160
s0123,015d813736625640f12d26c5d349b92c14fd2fb4,false,a897dfa99e98479b638409c432d3d2bc8e7ba7d5ba4e5a046dd229021f58bffd,12b1dafe765a77d1a17115b0ae12cff973f20ed7d6d770fbd790695fe081288e,afaa9ca40fef1b2a362af2af235634b472665287e554d16b829c09e1a70787ac,8d5b7eba8aea53574190e7d4a6d9e7b424bc23a9e2a0b6968a27f1772509492b,6e938dfcd266a2b0eac811d7ea7eabbd5b217965f88efa81371465134dbcab11,2026-07-15T17:57:37.751343+00:00,8o8-arch,7.0.12-arch1-1,AMD Ryzen 9 3900X 12-Core Processor,"logical=24,cores=12,sockets=1,nodes=1",performance,rustc 1.97.0 (2d8144b78 2026-07-07),22.1.6,cargo 1.97.0 (c980f4866 2026-06-30),"release,lto=thin,debug=true",/home/bob/.cache/mess-bench,/dev/nvme0n1p3,ext4,/home,Samsung SSD 970 EVO Plus 2TB,[none] mq-deadline kyber bfq,249468006400,4096,1024,payload[i]=(i*131+17)&0xff,5.1611328125,accepted,,65536,1,4,4,4,0,domain,128,bytes,512,512,33613824,11593693,11673144,83660,119420,167330,512,5.160,5.160
s0124,015d813736625640f12d26c5d349b92c14fd2fb4,false,a897dfa99e98479b638409c432d3d2bc8e7ba7d5ba4e5a046dd229021f58bffd,12b1dafe765a77d1a17115b0ae12cff973f20ed7d6d770fbd790695fe081288e,afaa9ca40fef1b2a362af2af235634b472665287e554d16b829c09e1a70787ac,8d5b7eba8aea53574190e7d4a6d9e7b424bc23a9e2a0b6968a27f1772509492b,6e938dfcd266a2b0eac811d7ea7eabbd5b217965f88efa81371465134dbcab11,2026-07-15T17:57:38.772532+00:00,8o8-arch,7.0.12-arch1-1,AMD Ryzen 9 3900X 12-Core Processor,"logical=24,cores=12,sockets=1,nodes=1",performance,rustc 1.97.0 (2d8144b78 2026-07-07),22.1.6,cargo 1.97.0 (c980f4866 2026-06-30),"release,lto=thin,debug=true",/home/bob/.cache/mess-bench,/dev/nvme0n1p3,ext4,/home,Samsung SSD 970 EVO Plus 2TB,[none] mq-deadline kyber bfq,249467994112,4096,1024,payload[i]=(i*131+17)&0xff,5.1611328125,accepted,,65536,1,4,8,4,0,new_name,128,bytes,1024,512,33685504,11535423,11637564,89030,104450,117730,1024,5.160,5.160
s0125,015d813736625640f12d26c5d349b92c14fd2fb4,false,a897dfa99e98479b638409c432d3d2bc8e7ba7d5ba4e5a046dd229021f58bffd,12b1dafe765a77d1a17115b0ae12cff973f20ed7d6d770fbd790695fe081288e,afaa9ca40fef1b2a362af2af235634b472665287e554d16b829c09e1a70787ac,8d5b7eba8aea53574190e7d4a6d9e7b424bc23a9e2a0b6968a27f1772509492b,6e938dfcd266a2b0eac811d7ea7eabbd5b217965f88efa81371465134dbcab11,2026-07-15T17:57:39.802507+00:00,8o8-arch,7.0.12-arch1-1,AMD Ryzen 9 3900X 12-Core Processor,"logical=24,cores=12,sockets=1,nodes=1",performance,rustc 1.97.0 (2d8144b78 2026-07-07),22.1.6,cargo 1.97.0 (c980f4866 2026-06-30),"release,lto=thin,debug=true",/home/bob/.cache/mess-bench,/dev/nvme0n1p3,ext4,/home,Samsung SSD 970 EVO Plus 2TB,[none] mq-deadline kyber bfq,249467994112,4096,1024,payload[i]=(i*131+17)&0xff,5.1611328125,accepted,,65536,10,2,2,2,0,domain,26,bytes,520,520,34097856,11553353,11629904,417410,652680,937599,52,5.160,5.160
s0126,015d813736625640f12d26c5d349b92c14fd2fb4,false,a897dfa99e98479b638409c432d3d2bc8e7ba7d5ba4e5a046dd229021f58bffd,12b1dafe765a77d1a17115b0ae12cff973f20ed7d6d770fbd790695fe081288e,afaa9ca40fef1b2a362af2af235634b472665287e554d16b829c09e1a70787ac,8d5b7eba8aea53574190e7d4a6d9e7b424bc23a9e2a0b6968a27f1772509492b,6e938dfcd266a2b0eac811d7ea7eabbd5b217965f88efa81371465134dbcab11,2026-07-15T17:57:40.832365+00:00,8o8-arch,7.0.12-arch1-1,AMD Ryzen 9 3900X 12-Core Processor,"logical=24,cores=12,sockets=1,nodes=1",performance,rustc 1.97.0 (2d8144b78 2026-07-07),22.1.6,cargo 1.97.0 (c980f4866 2026-06-30),"release,lto=thin,debug=true",/home/bob/.cache/mess-bench,/dev/nvme0n1p3,ext4,/home,Samsung SSD 970 EVO Plus 2TB,[none] mq-deadline kyber bfq,249467994112,4096,1024,payload[i]=(i*131+17)&0xff,5.14794921875,accepted,,65536,10,2,4,2,0,new_name,26,bytes,572,520,34105136,11708163,11795735,418050,687320,1071400,104,5.150,5.150
s0127,015d813736625640f12d26c5d349b92c14fd2fb4,false,a897dfa99e98479b638409c432d3d2bc8e7ba7d5ba4e5a046dd229021f58bffd,12b1dafe765a77d1a17115b0ae12cff973f20ed7d6d770fbd790695fe081288e,afaa9ca40fef1b2a362af2af235634b472665287e554d16b829c09e1a70787ac,8d5b7eba8aea53574190e7d4a6d9e7b424bc23a9e2a0b6968a27f1772509492b,6e938dfcd266a2b0eac811d7ea7eabbd5b217965f88efa81371465134dbcab11,2026-07-15T17:57:41.865018+00:00,8o8-arch,7.0.12-arch1-1,AMD Ryzen 9 3900X 12-Core Processor,"logical=24,cores=12,sockets=1,nodes=1",performance,rustc 1.97.0 (2d8144b78 2026-07-07),22.1.6,cargo 1.97.0 (c980f4866 2026-06-30),"release,lto=thin,debug=true",/home/bob/.cache/mess-bench,/dev/nvme0n1p3,ext4,/home,Samsung SSD 970 EVO Plus 2TB,[none] mq-deadline kyber bfq,249467994112,4096,1024,payload[i]=(i*131+17)&0xff,5.14794921875,accepted,,65536,10,4,4,4,0,domain,13,bytes,520,520,34097856,11665722,11761254,838410,1153020,1360239,52,5.150,5.150
s0128,015d813736625640f12d26c5d349b92c14fd2fb4,false,a897dfa99e98479b638409c432d3d2bc8e7ba7d5ba4e5a046dd229021f58bffd,12b1dafe765a77d1a17115b0ae12cff973f20ed7d6d770fbd790695fe081288e,afaa9ca40fef1b2a362af2af235634b472665287e554d16b829c09e1a70787ac,8d5b7eba8aea53574190e7d4a6d9e7b424bc23a9e2a0b6968a27f1772509492b,6e938dfcd266a2b0eac811d7ea7eabbd5b217965f88efa81371465134dbcab11,2026-07-15T17:57:42.894684+00:00,8o8-arch,7.0.12-arch1-1,AMD Ryzen 9 3900X 12-Core Processor,"logical=24,cores=12,sockets=1,nodes=1",performance,rustc 1.97.0 (2d8144b78 2026-07-07),22.1.6,cargo 1.97.0 (c980f4866 2026-06-30),"release,lto=thin,debug=true",/home/bob/.cache/mess-bench,/dev/nvme0n1p3,ext4,/home,Samsung SSD 970 EVO Plus 2TB,[none] mq-deadline kyber bfq,249467990016,4096,1024,payload[i]=(i*131+17)&0xff,5.14794921875,accepted,,65536,10,4,8,4,0,new_name,13,bytes,572,520,34105136,12387123,12489864,926919,1099009,1381559,104,5.150,5.150
s0129,015d813736625640f12d26c5d349b92c14fd2fb4,false,a897dfa99e98479b638409c432d3d2bc8e7ba7d5ba4e5a046dd229021f58bffd,12b1dafe765a77d1a17115b0ae12cff973f20ed7d6d770fbd790695fe081288e,afaa9ca40fef1b2a362af2af235634b472665287e554d16b829c09e1a70787ac,8d5b7eba8aea53574190e7d4a6d9e7b424bc23a9e2a0b6968a27f1772509492b,6e938dfcd266a2b0eac811d7ea7eabbd5b217965f88efa81371465134dbcab11,2026-07-15T17:57:43.926747+00:00,8o8-arch,7.0.12-arch1-1,AMD Ryzen 9 3900X 12-Core Processor,"logical=24,cores=12,sockets=1,nodes=1",performance,rustc 1.97.0 (2d8144b78 2026-07-07),22.1.6,cargo 1.97.0 (c980f4866 2026-06-30),"release,lto=thin,debug=true",/home/bob/.cache/mess-bench,/dev/nvme0n1p3,ext4,/home,Samsung SSD 970 EVO Plus 2TB,[none] mq-deadline kyber bfq,249467981824,4096,1024,payload[i]=(i*131+17)&0xff,5.14794921875,accepted,,65536,100,2,2,2,0,domain,3,bytes,600,600,39338928,17326994,17433491,4212218,9059005,9059005,6,5.150,5.150
s0130,015d813736625640f12d26c5d349b92c14fd2fb4,false,a897dfa99e98479b638409c432d3d2bc8e7ba7d5ba4e5a046dd229021f58bffd,12b1dafe765a77d1a17115b0ae12cff973f20ed7d6d770fbd790695fe081288e,afaa9ca40fef1b2a362af2af235634b472665287e554d16b829c09e1a70787ac,8d5b7eba8aea53574190e7d4a6d9e7b424bc23a9e2a0b6968a27f1772509492b,6e938dfcd266a2b0eac811d7ea7eabbd5b217965f88efa81371465134dbcab11,2026-07-15T17:57:44.954587+00:00,8o8-arch,7.0.12-arch1-1,AMD Ryzen 9 3900X 12-Core Processor,"logical=24,cores=12,sockets=1,nodes=1",performance,rustc 1.97.0 (2d8144b78 2026-07-07),22.1.6,cargo 1.97.0 (c980f4866 2026-06-30),"release,lto=thin,debug=true",/home/bob/.cache/mess-bench,/dev/nvme0n1p3,ext4,/home,Samsung SSD 970 EVO Plus 2TB,[none] mq-deadline kyber bfq,249467985920,4096,1024,payload[i]=(i*131+17)&0xff,5.14794921875,accepted,,65536,100,2,4,2,0,new_name,3,bytes,606,600,39339768,15848393,15954362,4212818,7535286,7535286,12,5.150,5.150
s0131,015d813736625640f12d26c5d349b92c14fd2fb4,false,a897dfa99e98479b638409c432d3d2bc8e7ba7d5ba4e5a046dd229021f58bffd,12b1dafe765a77d1a17115b0ae12cff973f20ed7d6d770fbd790695fe081288e,afaa9ca40fef1b2a362af2af235634b472665287e554d16b829c09e1a70787ac,8d5b7eba8aea53574190e7d4a6d9e7b424bc23a9e2a0b6968a27f1772509492b,6e938dfcd266a2b0eac811d7ea7eabbd5b217965f88efa81371465134dbcab11,2026-07-15T17:57:45.981264+00:00,8o8-arch,7.0.12-arch1-1,AMD Ryzen 9 3900X 12-Core Processor,"logical=24,cores=12,sockets=1,nodes=1",performance,rustc 1.97.0 (2d8144b78 2026-07-07),22.1.6,cargo 1.97.0 (c980f4866 2026-06-30),"release,lto=thin,debug=true",/home/bob/.cache/mess-bench,/dev/nvme0n1p3,ext4,/home,Samsung SSD 970 EVO Plus 2TB,[none] mq-deadline kyber bfq,249467985920,4096,1024,payload[i]=(i*131+17)&0xff,5.1357421875,accepted,,65536,100,4,4,4,0,domain,2,bytes,800,800,52451904,19575745,19716500,9904305,9904305,9904305,8,5.140,5.140
s0132,015d813736625640f12d26c5d349b92c14fd2fb4,false,a897dfa99e98479b638409c432d3d2bc8e7ba7d5ba4e5a046dd229021f58bffd,12b1dafe765a77d1a17115b0ae12cff973f20ed7d6d770fbd790695fe081288e,afaa9ca40fef1b2a362af2af235634b472665287e554d16b829c09e1a70787ac,8d5b7eba8aea53574190e7d4a6d9e7b424bc23a9e2a0b6968a27f1772509492b,6e938dfcd266a2b0eac811d7ea7eabbd5b217965f88efa81371465134dbcab11,2026-07-15T17:57:47.008850+00:00,8o8-arch,7.0.12-arch1-1,AMD Ryzen 9 3900X 12-Core Processor,"logical=24,cores=12,sockets=1,nodes=1",performance,rustc 1.97.0 (2d8144b78 2026-07-07),22.1.6,cargo 1.97.0 (c980f4866 2026-06-30),"release,lto=thin,debug=true",/home/bob/.cache/mess-bench,/dev/nvme0n1p3,ext4,/home,Samsung SSD 970 EVO Plus 2TB,[none] mq-deadline kyber bfq,249467981824,4096,1024,payload[i]=(i*131+17)&0xff,5.1357421875,accepted,,65536,100,4,8,4,0,new_name,2,bytes,808,800,52453024,18156444,18280690,9912715,9912715,9912715,16,5.140,5.140
s0133,015d813736625640f12d26c5d349b92c14fd2fb4,false,a897dfa99e98479b638409c432d3d2bc8e7ba7d5ba4e5a046dd229021f58bffd,12b1dafe765a77d1a17115b0ae12cff973f20ed7d6d770fbd790695fe081288e,afaa9ca40fef1b2a362af2af235634b472665287e554d16b829c09e1a70787ac,8d5b7eba8aea53574190e7d4a6d9e7b424bc23a9e2a0b6968a27f1772509492b,6e938dfcd266a2b0eac811d7ea7eabbd5b217965f88efa81371465134dbcab11,2026-07-15T17:57:48.033393+00:00,8o8-arch,7.0.12-arch1-1,AMD Ryzen 9 3900X 12-Core Processor,"logical=24,cores=12,sockets=1,nodes=1",performance,rustc 1.97.0 (2d8144b78 2026-07-07),22.1.6,cargo 1.97.0 (c980f4866 2026-06-30),"release,lto=thin,debug=true",/home/bob/.cache/mess-bench,/dev/nvme0n1p3,ext4,/home,Samsung SSD 970 EVO Plus 2TB,[none] mq-deadline kyber bfq,249467973632,4096,1024,payload[i]=(i*131+17)&0xff,5.1357421875,accepted,,65536,1000,2,2,2,0,domain,1,bytes,2000,2000,131128176,54912922,55354911,55353561,55353561,55353561,2,5.140,5.140
s0134,015d813736625640f12d26c5d349b92c14fd2fb4,false,a897dfa99e98479b638409c432d3d2bc8e7ba7d5ba4e5a046dd229021f58bffd,12b1dafe765a77d1a17115b0ae12cff973f20ed7d6d770fbd790695fe081288e,afaa9ca40fef1b2a362af2af235634b472665287e554d16b829c09e1a70787ac,8d5b7eba8aea53574190e7d4a6d9e7b424bc23a9e2a0b6968a27f1772509492b,6e938dfcd266a2b0eac811d7ea7eabbd5b217965f88efa81371465134dbcab11,2026-07-15T17:57:49.064413+00:00,8o8-arch,7.0.12-arch1-1,AMD Ryzen 9 3900X 12-Core Processor,"logical=24,cores=12,sockets=1,nodes=1",performance,rustc 1.97.0 (2d8144b78 2026-07-07),22.1.6,cargo 1.97.0 (c980f4866 2026-06-30),"release,lto=thin,debug=true",/home/bob/.cache/mess-bench,/dev/nvme0n1p3,ext4,/home,Samsung SSD 970 EVO Plus 2TB,[none] mq-deadline kyber bfq,249467969536,4096,1024,payload[i]=(i*131+17)&0xff,5.1357421875,accepted,,65536,1000,2,4,2,0,new_name,1,bytes,2002,2000,131128456,55479374,55988122,55986892,55986892,55986892,4,5.140,5.140
s0135,015d813736625640f12d26c5d349b92c14fd2fb4,false,a897dfa99e98479b638409c432d3d2bc8e7ba7d5ba4e5a046dd229021f58bffd,12b1dafe765a77d1a17115b0ae12cff973f20ed7d6d770fbd790695fe081288e,afaa9ca40fef1b2a362af2af235634b472665287e554d16b829c09e1a70787ac,8d5b7eba8aea53574190e7d4a6d9e7b424bc23a9e2a0b6968a27f1772509492b,6e938dfcd266a2b0eac811d7ea7eabbd5b217965f88efa81371465134dbcab11,2026-07-15T17:57:50.094386+00:00,8o8-arch,7.0.12-arch1-1,AMD Ryzen 9 3900X 12-Core Processor,"logical=24,cores=12,sockets=1,nodes=1",performance,rustc 1.97.0 (2d8144b78 2026-07-07),22.1.6,cargo 1.97.0 (c980f4866 2026-06-30),"release,lto=thin,debug=true",/home/bob/.cache/mess-bench,/dev/nvme0n1p3,ext4,/home,Samsung SSD 970 EVO Plus 2TB,[none] mq-deadline kyber bfq,249467969536,4096,1024,payload[i]=(i*131+17)&0xff,5.1357421875,accepted,,65536,1000,4,4,4,0,domain,1,bytes,4000,4000,262256352,111777818,112960482,112959602,112959602,112959602,4,5.140,5.140
s0136,015d813736625640f12d26c5d349b92c14fd2fb4,false,a897dfa99e98479b638409c432d3d2bc8e7ba7d5ba4e5a046dd229021f58bffd,12b1dafe765a77d1a17115b0ae12cff973f20ed7d6d770fbd790695fe081288e,afaa9ca40fef1b2a362af2af235634b472665287e554d16b829c09e1a70787ac,8d5b7eba8aea53574190e7d4a6d9e7b424bc23a9e2a0b6968a27f1772509492b,6e938dfcd266a2b0eac811d7ea7eabbd5b217965f88efa81371465134dbcab11,2026-07-15T17:57:51.129584+00:00,8o8-arch,7.0.12-arch1-1,AMD Ryzen 9 3900X 12-Core Processor,"logical=24,cores=12,sockets=1,nodes=1",performance,rustc 1.97.0 (2d8144b78 2026-07-07),22.1.6,cargo 1.97.0 (c980f4866 2026-06-30),"release,lto=thin,debug=true",/home/bob/.cache/mess-bench,/dev/nvme0n1p3,ext4,/home,Samsung SSD 970 EVO Plus 2TB,[none] mq-deadline kyber bfq,249467965440,4096,1024,payload[i]=(i*131+17)&0xff,4.88427734375,accepted,,65536,1000,4,8,4,0,new_name,1,bytes,4004,4000,262256912,114392429,116142771,116142081,116142081,116142081,8,4.880,4.880
