[2026-07-15T17:55:33.376859+00:00] s0001 /home/bob/src/mess/.maw/workspaces/bn-1zv6/spikes/pwritev_group/target/release/pwritev_group prep-auto 24 1 1 1 domain 0
stdout:
payload,events_per_batch,owner_units,physical_batches,writers,chain,unit_shape,iterations,stop_reason,events,domain_events,bytes,cpu_ns,wall_ns,p50_ns,p95_ns,p99_ns,prepared_batches,load1_before,load1_after
24,1,1,1,1,0,domain,239675,bytes,239675,239675,33554500,70475156,70828306,230,260,310,239675,3.580,3.580
stderr:

[2026-07-15T17:55:34.405300+00:00] s0002 /home/bob/src/mess/.maw/workspaces/bn-1zv6/spikes/pwritev_group/target/release/pwritev_group prep-auto 24 1 1 4 domain 0
stdout:
payload,events_per_batch,owner_units,physical_batches,writers,chain,unit_shape,iterations,stop_reason,events,domain_events,bytes,cpu_ns,wall_ns,p50_ns,p95_ns,p99_ns,prepared_batches,load1_before,load1_after
24,1,1,1,4,0,domain,239675,bytes,239675,239675,33554500,73270548,74898905,230,280,360,239675,3.580,3.580
stderr:

[2026-07-15T17:55:35.433285+00:00] s0003 /home/bob/src/mess/.maw/workspaces/bn-1zv6/spikes/pwritev_group/target/release/pwritev_group prep-auto 24 1 2 2 domain 0
stdout:
payload,events_per_batch,owner_units,physical_batches,writers,chain,unit_shape,iterations,stop_reason,events,domain_events,bytes,cpu_ns,wall_ns,p50_ns,p95_ns,p99_ns,prepared_batches,load1_before,load1_after
24,1,2,2,2,0,domain,119838,bytes,239676,239676,33554640,63091496,63521560,440,450,590,239676,3.580,3.580
stderr:

[2026-07-15T17:55:36.462732+00:00] s0004 /home/bob/src/mess/.maw/workspaces/bn-1zv6/spikes/pwritev_group/target/release/pwritev_group prep-auto 24 1 2 2 new_name 0
stdout:
payload,events_per_batch,owner_units,physical_batches,writers,chain,unit_shape,iterations,stop_reason,events,domain_events,bytes,cpu_ns,wall_ns,p50_ns,p95_ns,p99_ns,prepared_batches,load1_before,load1_after
24,1,2,4,2,0,new_name,59919,bytes,239676,119838,33554640,56691223,57090673,850,1150,1310,239676,3.290,3.290
stderr:

[2026-07-15T17:55:37.493554+00:00] s0005 /home/bob/src/mess/.maw/workspaces/bn-1zv6/spikes/pwritev_group/target/release/pwritev_group prep-auto 24 1 2 4 domain 0
stdout:
payload,events_per_batch,owner_units,physical_batches,writers,chain,unit_shape,iterations,stop_reason,events,domain_events,bytes,cpu_ns,wall_ns,p50_ns,p95_ns,p99_ns,prepared_batches,load1_before,load1_after
24,1,2,2,4,0,domain,119838,bytes,239676,239676,33554640,64839387,66106968,440,550,620,239676,3.290,3.290
stderr:

[2026-07-15T17:55:38.525600+00:00] s0006 /home/bob/src/mess/.maw/workspaces/bn-1zv6/spikes/pwritev_group/target/release/pwritev_group prep-auto 24 1 3 4 domain 0
stdout:
payload,events_per_batch,owner_units,physical_batches,writers,chain,unit_shape,iterations,stop_reason,events,domain_events,bytes,cpu_ns,wall_ns,p50_ns,p95_ns,p99_ns,prepared_batches,load1_before,load1_after
24,1,3,3,4,0,domain,79892,bytes,239676,239676,33554640,58998695,59559911,640,850,970,239676,3.290,3.290
stderr:

[2026-07-15T17:55:39.550159+00:00] s0007 /home/bob/src/mess/.maw/workspaces/bn-1zv6/spikes/pwritev_group/target/release/pwritev_group prep-auto 24 1 4 4 domain 0
stdout:
payload,events_per_batch,owner_units,physical_batches,writers,chain,unit_shape,iterations,stop_reason,events,domain_events,bytes,cpu_ns,wall_ns,p50_ns,p95_ns,p99_ns,prepared_batches,load1_before,load1_after
24,1,4,4,4,0,domain,59919,bytes,239676,239676,33554640,55646273,56055654,840,1090,1190,239676,3.290,3.290
stderr:

[2026-07-15T17:55:40.582646+00:00] s0008 /home/bob/src/mess/.maw/workspaces/bn-1zv6/spikes/pwritev_group/target/release/pwritev_group prep-auto 24 1 4 4 new_name 0
stdout:
payload,events_per_batch,owner_units,physical_batches,writers,chain,unit_shape,iterations,stop_reason,events,domain_events,bytes,cpu_ns,wall_ns,p50_ns,p95_ns,p99_ns,prepared_batches,load1_before,load1_after
24,1,4,8,4,0,new_name,29960,bytes,239680,119840,33555200,53120473,53524235,1660,2130,2430,239680,3.290,3.290
stderr:

[2026-07-15T17:55:41.612930+00:00] s0009 /home/bob/src/mess/.maw/workspaces/bn-1zv6/spikes/pwritev_group/target/release/pwritev_group prep-auto 24 1 16 4 domain 0
stdout:
payload,events_per_batch,owner_units,physical_batches,writers,chain,unit_shape,iterations,stop_reason,events,domain_events,bytes,cpu_ns,wall_ns,p50_ns,p95_ns,p99_ns,prepared_batches,load1_before,load1_after
24,1,16,16,4,0,domain,14980,bytes,239680,239680,33555200,54237034,54975933,3290,4100,4560,239680,3.270,3.270
stderr:

[2026-07-15T17:55:42.643824+00:00] s0010 /home/bob/src/mess/.maw/workspaces/bn-1zv6/spikes/pwritev_group/target/release/pwritev_group prep-auto 24 1 16 4 new_name 0
stdout:
payload,events_per_batch,owner_units,physical_batches,writers,chain,unit_shape,iterations,stop_reason,events,domain_events,bytes,cpu_ns,wall_ns,p50_ns,p95_ns,p99_ns,prepared_batches,load1_before,load1_after
24,1,16,32,4,0,new_name,7490,bytes,239680,119840,33555200,50926832,51363366,6560,8330,9960,239680,3.270,3.270
stderr:

[2026-07-15T17:55:43.665536+00:00] s0011 /home/bob/src/mess/.maw/workspaces/bn-1zv6/spikes/pwritev_group/target/release/pwritev_group prep-auto 24 1 64 4 domain 0
stdout:
payload,events_per_batch,owner_units,physical_batches,writers,chain,unit_shape,iterations,stop_reason,events,domain_events,bytes,cpu_ns,wall_ns,p50_ns,p95_ns,p99_ns,prepared_batches,load1_before,load1_after
24,1,64,64,4,0,domain,3745,bytes,239680,239680,33555200,51099762,51820366,13080,17250,21340,239680,3.270,3.270
stderr:

[2026-07-15T17:55:44.696746+00:00] s0012 /home/bob/src/mess/.maw/workspaces/bn-1zv6/spikes/pwritev_group/target/release/pwritev_group prep-auto 24 1 64 4 new_name 0
stdout:
payload,events_per_batch,owner_units,physical_batches,writers,chain,unit_shape,iterations,stop_reason,events,domain_events,bytes,cpu_ns,wall_ns,p50_ns,p95_ns,p99_ns,prepared_batches,load1_before,load1_after
24,1,64,128,4,0,new_name,1873,bytes,239744,119872,33564160,51803283,52254646,26220,34250,43150,239744,3.270,3.270
stderr:

[2026-07-15T17:55:45.725903+00:00] s0013 /home/bob/src/mess/.maw/workspaces/bn-1zv6/spikes/pwritev_group/target/release/pwritev_group prep-auto 24 1 256 4 domain 0
stdout:
payload,events_per_batch,owner_units,physical_batches,writers,chain,unit_shape,iterations,stop_reason,events,domain_events,bytes,cpu_ns,wall_ns,p50_ns,p95_ns,p99_ns,prepared_batches,load1_before,load1_after
24,1,256,256,4,0,domain,937,bytes,239872,239872,33582080,50758862,51390705,52450,63890,77470,239872,3.270,3.270
stderr:

[2026-07-15T17:55:46.757618+00:00] s0014 /home/bob/src/mess/.maw/workspaces/bn-1zv6/spikes/pwritev_group/target/release/pwritev_group prep-auto 24 1 256 4 new_name 0
stdout:
payload,events_per_batch,owner_units,physical_batches,writers,chain,unit_shape,iterations,stop_reason,events,domain_events,bytes,cpu_ns,wall_ns,p50_ns,p95_ns,p99_ns,prepared_batches,load1_before,load1_after
24,1,256,512,4,0,new_name,469,bytes,240128,120064,33617920,49876613,50250606,105090,116500,127980,240128,3.170,3.170
stderr:

[2026-07-15T17:55:47.789295+00:00] s0015 /home/bob/src/mess/.maw/workspaces/bn-1zv6/spikes/pwritev_group/target/release/pwritev_group prep-auto 24 1 1024 4 domain 0
stdout:
payload,events_per_batch,owner_units,physical_batches,writers,chain,unit_shape,iterations,stop_reason,events,domain_events,bytes,cpu_ns,wall_ns,p50_ns,p95_ns,p99_ns,prepared_batches,load1_before,load1_after
24,1,1024,1024,4,0,domain,235,bytes,240640,240640,33689600,51415063,51747816,214669,252580,287490,240640,3.170,3.170
stderr:

[2026-07-15T17:55:48.820758+00:00] s0016 /home/bob/src/mess/.maw/workspaces/bn-1zv6/spikes/pwritev_group/target/release/pwritev_group prep-auto 24 1 1024 4 new_name 0
stdout:
payload,events_per_batch,owner_units,physical_batches,writers,chain,unit_shape,iterations,stop_reason,events,domain_events,bytes,cpu_ns,wall_ns,p50_ns,p95_ns,p99_ns,prepared_batches,load1_before,load1_after
24,1,1024,2048,4,0,new_name,118,bytes,241664,120832,33832960,53407613,53818084,431449,608240,631790,241664,3.170,3.170
stderr:

[2026-07-15T17:55:49.843682+00:00] s0017 /home/bob/src/mess/.maw/workspaces/bn-1zv6/spikes/pwritev_group/target/release/pwritev_group prep-auto 24 1 1025 4 domain 0
stdout:
payload,events_per_batch,owner_units,physical_batches,writers,chain,unit_shape,iterations,stop_reason,events,domain_events,bytes,cpu_ns,wall_ns,p50_ns,p95_ns,p99_ns,prepared_batches,load1_before,load1_after
24,1,1025,1025,4,0,domain,234,bytes,239850,239850,33579000,50217513,50579685,210569,249730,274050,239850,3.170,3.170
stderr:

[2026-07-15T17:55:50.872214+00:00] s0018 /home/bob/src/mess/.maw/workspaces/bn-1zv6/spikes/pwritev_group/target/release/pwritev_group prep-auto 24 1 1025 4 new_name 0
stdout:
payload,events_per_batch,owner_units,physical_batches,writers,chain,unit_shape,iterations,stop_reason,events,domain_events,bytes,cpu_ns,wall_ns,p50_ns,p95_ns,p99_ns,prepared_batches,load1_before,load1_after
24,1,1025,2050,4,0,new_name,117,bytes,239850,119925,33579000,50258302,50765975,426380,460400,513090,239850,3.170,3.170
stderr:

[2026-07-15T17:55:51.899216+00:00] s0019 /home/bob/src/mess/.maw/workspaces/bn-1zv6/spikes/pwritev_group/target/release/pwritev_group prep-auto 24 10 1 1 domain 0
stdout:
payload,events_per_batch,owner_units,physical_batches,writers,chain,unit_shape,iterations,stop_reason,events,domain_events,bytes,cpu_ns,wall_ns,p50_ns,p95_ns,p99_ns,prepared_batches,load1_before,load1_after
24,10,1,1,1,0,domain,55189,bytes,551890,551890,33554912,35328919,35564823,550,690,820,55189,3.070,3.070
stderr:

[2026-07-15T17:55:52.927842+00:00] s0020 /home/bob/src/mess/.maw/workspaces/bn-1zv6/spikes/pwritev_group/target/release/pwritev_group prep-auto 24 10 1 4 domain 0
stdout:
payload,events_per_batch,owner_units,physical_batches,writers,chain,unit_shape,iterations,stop_reason,events,domain_events,bytes,cpu_ns,wall_ns,p50_ns,p95_ns,p99_ns,prepared_batches,load1_before,load1_after
24,10,1,1,4,0,domain,55189,bytes,551890,551890,33554912,34510069,34731813,550,660,740,55189,3.070,3.070
stderr:

[2026-07-15T17:55:53.952452+00:00] s0021 /home/bob/src/mess/.maw/workspaces/bn-1zv6/spikes/pwritev_group/target/release/pwritev_group prep-auto 24 10 2 2 domain 0
stdout:
payload,events_per_batch,owner_units,physical_batches,writers,chain,unit_shape,iterations,stop_reason,events,domain_events,bytes,cpu_ns,wall_ns,p50_ns,p95_ns,p99_ns,prepared_batches,load1_before,load1_after
24,10,2,2,2,0,domain,27595,bytes,551900,551900,33555520,33775639,34673074,1080,1570,1610,55190,3.070,3.070
stderr:

[2026-07-15T17:55:54.984581+00:00] s0022 /home/bob/src/mess/.maw/workspaces/bn-1zv6/spikes/pwritev_group/target/release/pwritev_group prep-auto 24 10 2 2 new_name 0
stdout:
payload,events_per_batch,owner_units,physical_batches,writers,chain,unit_shape,iterations,stop_reason,events,domain_events,bytes,cpu_ns,wall_ns,p50_ns,p95_ns,p99_ns,prepared_batches,load1_before,load1_after
24,10,2,4,2,0,new_name,22430,bytes,493460,448600,33555280,37401199,37707222,1500,1930,3080,89720,3.070,3.070
stderr:

[2026-07-15T17:55:56.014479+00:00] s0023 /home/bob/src/mess/.maw/workspaces/bn-1zv6/spikes/pwritev_group/target/release/pwritev_group prep-auto 24 10 2 4 domain 0
stdout:
payload,events_per_batch,owner_units,physical_batches,writers,chain,unit_shape,iterations,stop_reason,events,domain_events,bytes,cpu_ns,wall_ns,p50_ns,p95_ns,p99_ns,prepared_batches,load1_before,load1_after
24,10,2,2,4,0,domain,27595,bytes,551900,551900,33555520,32271708,32474324,1080,1230,1480,55190,3.070,3.070
stderr:

[2026-07-15T17:55:57.044732+00:00] s0024 /home/bob/src/mess/.maw/workspaces/bn-1zv6/spikes/pwritev_group/target/release/pwritev_group prep-auto 24 10 3 4 domain 0
stdout:
payload,events_per_batch,owner_units,physical_batches,writers,chain,unit_shape,iterations,stop_reason,events,domain_events,bytes,cpu_ns,wall_ns,p50_ns,p95_ns,p99_ns,prepared_batches,load1_before,load1_after
24,10,3,3,4,0,domain,18397,bytes,551910,551910,33556128,33081628,33282844,1610,2080,2260,55191,2.990,2.990
stderr:

[2026-07-15T17:55:58.072748+00:00] s0025 /home/bob/src/mess/.maw/workspaces/bn-1zv6/spikes/pwritev_group/target/release/pwritev_group prep-auto 24 10 4 4 domain 0
stdout:
payload,events_per_batch,owner_units,physical_batches,writers,chain,unit_shape,iterations,stop_reason,events,domain_events,bytes,cpu_ns,wall_ns,p50_ns,p95_ns,p99_ns,prepared_batches,load1_before,load1_after
24,10,4,4,4,0,domain,13798,bytes,551920,551920,33556736,32938738,33166453,2130,2850,3070,55192,2.990,2.990
stderr:

[2026-07-15T17:55:59.101100+00:00] s0026 /home/bob/src/mess/.maw/workspaces/bn-1zv6/spikes/pwritev_group/target/release/pwritev_group prep-auto 24 10 4 4 new_name 0
stdout:
payload,events_per_batch,owner_units,physical_batches,writers,chain,unit_shape,iterations,stop_reason,events,domain_events,bytes,cpu_ns,wall_ns,p50_ns,p95_ns,p99_ns,prepared_batches,load1_before,load1_after
24,10,4,8,4,0,new_name,11215,bytes,493460,448600,33555280,35965389,36195922,2960,3950,4690,89720,2.990,2.990
stderr:

[2026-07-15T17:56:00.130104+00:00] s0027 /home/bob/src/mess/.maw/workspaces/bn-1zv6/spikes/pwritev_group/target/release/pwritev_group prep-auto 24 10 16 4 domain 0
stdout:
payload,events_per_batch,owner_units,physical_batches,writers,chain,unit_shape,iterations,stop_reason,events,domain_events,bytes,cpu_ns,wall_ns,p50_ns,p95_ns,p99_ns,prepared_batches,load1_before,load1_after
24,10,16,16,4,0,domain,3450,bytes,552000,552000,33561600,29940678,30175275,8430,10110,12070,55200,2.990,2.990
stderr:

[2026-07-15T17:56:01.160008+00:00] s0028 /home/bob/src/mess/.maw/workspaces/bn-1zv6/spikes/pwritev_group/target/release/pwritev_group prep-auto 24 10 16 4 new_name 0
stdout:
payload,events_per_batch,owner_units,physical_batches,writers,chain,unit_shape,iterations,stop_reason,events,domain_events,bytes,cpu_ns,wall_ns,p50_ns,p95_ns,p99_ns,prepared_batches,load1_before,load1_after
24,10,16,32,4,0,new_name,2804,bytes,493504,448640,33558272,34876919,35190943,11790,15360,20629,89728,2.990,2.990
stderr:

[2026-07-15T17:56:02.185486+00:00] s0029 /home/bob/src/mess/.maw/workspaces/bn-1zv6/spikes/pwritev_group/target/release/pwritev_group prep-auto 24 10 64 4 domain 0
stdout:
payload,events_per_batch,owner_units,physical_batches,writers,chain,unit_shape,iterations,stop_reason,events,domain_events,bytes,cpu_ns,wall_ns,p50_ns,p95_ns,p99_ns,prepared_batches,load1_before,load1_after
24,10,64,64,4,0,domain,863,bytes,552320,552320,33581056,30291878,30583336,33400,43590,57050,55232,3.470,3.470
stderr:

[2026-07-15T17:56:03.205954+00:00] s0030 /home/bob/src/mess/.maw/workspaces/bn-1zv6/spikes/pwritev_group/target/release/pwritev_group prep-auto 24 10 64 4 new_name 0
stdout:
payload,events_per_batch,owner_units,physical_batches,writers,chain,unit_shape,iterations,stop_reason,events,domain_events,bytes,cpu_ns,wall_ns,p50_ns,p95_ns,p99_ns,prepared_batches,load1_before,load1_after
24,10,64,128,4,0,new_name,701,bytes,493504,448640,33558272,35569349,36404672,46970,70360,84620,89728,3.470,3.470
stderr:

[2026-07-15T17:56:04.233949+00:00] s0031 /home/bob/src/mess/.maw/workspaces/bn-1zv6/spikes/pwritev_group/target/release/pwritev_group prep-auto 24 10 256 4 domain 0
stdout:
payload,events_per_batch,owner_units,physical_batches,writers,chain,unit_shape,iterations,stop_reason,events,domain_events,bytes,cpu_ns,wall_ns,p50_ns,p95_ns,p99_ns,prepared_batches,load1_before,load1_after
24,10,256,256,4,0,domain,216,bytes,552960,552960,33619968,30363696,32140384,135230,180269,201240,55296,3.470,3.470
stderr:

[2026-07-15T17:56:05.257944+00:00] s0032 /home/bob/src/mess/.maw/workspaces/bn-1zv6/spikes/pwritev_group/target/release/pwritev_group prep-auto 24 10 256 4 new_name 0
stdout:
payload,events_per_batch,owner_units,physical_batches,writers,chain,unit_shape,iterations,stop_reason,events,domain_events,bytes,cpu_ns,wall_ns,p50_ns,p95_ns,p99_ns,prepared_batches,load1_before,load1_after
24,10,256,512,4,0,new_name,176,bytes,495616,450560,33701888,34408098,35462713,192120,240650,287220,90112,3.470,3.470
stderr:

[2026-07-15T17:56:06.287758+00:00] s0033 /home/bob/src/mess/.maw/workspaces/bn-1zv6/spikes/pwritev_group/target/release/pwritev_group prep-auto 24 10 1024 4 domain 0
stdout:
payload,events_per_batch,owner_units,physical_batches,writers,chain,unit_shape,iterations,stop_reason,events,domain_events,bytes,cpu_ns,wall_ns,p50_ns,p95_ns,p99_ns,prepared_batches,load1_before,load1_after
24,10,1024,1024,4,0,domain,54,bytes,552960,552960,33619968,29664347,29839236,549040,571160,590740,55296,3.430,3.430
stderr:

[2026-07-15T17:56:07.318430+00:00] s0034 /home/bob/src/mess/.maw/workspaces/bn-1zv6/spikes/pwritev_group/target/release/pwritev_group prep-auto 24 10 1024 4 new_name 0
stdout:
payload,events_per_batch,owner_units,physical_batches,writers,chain,unit_shape,iterations,stop_reason,events,domain_events,bytes,cpu_ns,wall_ns,p50_ns,p95_ns,p99_ns,prepared_batches,load1_before,load1_after
24,10,1024,2048,4,0,new_name,44,bytes,495616,450560,33701888,35885239,36160523,776409,1109999,1126389,90112,3.430,3.430
stderr:

[2026-07-15T17:56:08.343098+00:00] s0035 /home/bob/src/mess/.maw/workspaces/bn-1zv6/spikes/pwritev_group/target/release/pwritev_group prep-auto 24 10 1025 4 domain 0
stdout:
payload,events_per_batch,owner_units,physical_batches,writers,chain,unit_shape,iterations,stop_reason,events,domain_events,bytes,cpu_ns,wall_ns,p50_ns,p95_ns,p99_ns,prepared_batches,load1_before,load1_after
24,10,1025,1025,4,0,domain,54,bytes,553500,553500,33652800,30084427,30382145,546070,664809,727210,55350,3.430,3.430
stderr:

[2026-07-15T17:56:09.371468+00:00] s0036 /home/bob/src/mess/.maw/workspaces/bn-1zv6/spikes/pwritev_group/target/release/pwritev_group prep-auto 24 10 1025 4 new_name 0
stdout:
payload,events_per_batch,owner_units,physical_batches,writers,chain,unit_shape,iterations,stop_reason,events,domain_events,bytes,cpu_ns,wall_ns,p50_ns,p95_ns,p99_ns,prepared_batches,load1_before,load1_after
24,10,1025,2050,4,0,new_name,44,bytes,496100,451000,33734800,34547918,34772382,772060,934819,1052920,90200,3.430,3.430
stderr:

[2026-07-15T17:56:10.399325+00:00] s0037 /home/bob/src/mess/.maw/workspaces/bn-1zv6/spikes/pwritev_group/target/release/pwritev_group prep-auto 24 100 1 1 domain 0
stdout:
payload,events_per_batch,owner_units,physical_batches,writers,chain,unit_shape,iterations,stop_reason,events,domain_events,bytes,cpu_ns,wall_ns,p50_ns,p95_ns,p99_ns,prepared_batches,load1_before,load1_after
24,100,1,1,1,0,domain,6346,bytes,634600,634600,33557648,22424636,22610299,3370,4240,4770,6346,3.430,3.430
stderr:

[2026-07-15T17:56:11.420656+00:00] s0038 /home/bob/src/mess/.maw/workspaces/bn-1zv6/spikes/pwritev_group/target/release/pwritev_group prep-auto 24 100 1 4 domain 0
stdout:
payload,events_per_batch,owner_units,physical_batches,writers,chain,unit_shape,iterations,stop_reason,events,domain_events,bytes,cpu_ns,wall_ns,p50_ns,p95_ns,p99_ns,prepared_batches,load1_before,load1_after
24,100,1,1,4,0,domain,6346,bytes,634600,634600,33557648,22343646,22607518,3370,4150,4390,6346,3.240,3.240
stderr:

[2026-07-15T17:56:12.451981+00:00] s0039 /home/bob/src/mess/.maw/workspaces/bn-1zv6/spikes/pwritev_group/target/release/pwritev_group prep-auto 24 100 2 2 domain 0
stdout:
payload,events_per_batch,owner_units,physical_batches,writers,chain,unit_shape,iterations,stop_reason,events,domain_events,bytes,cpu_ns,wall_ns,p50_ns,p95_ns,p99_ns,prepared_batches,load1_before,load1_after
24,100,2,2,2,0,domain,3173,bytes,634600,634600,33557648,24257226,24440908,6800,9140,13460,6346,3.240,3.240
stderr:

[2026-07-15T17:56:13.473200+00:00] s0040 /home/bob/src/mess/.maw/workspaces/bn-1zv6/spikes/pwritev_group/target/release/pwritev_group prep-auto 24 100 2 2 new_name 0
stdout:
payload,events_per_batch,owner_units,physical_batches,writers,chain,unit_shape,iterations,stop_reason,events,domain_events,bytes,cpu_ns,wall_ns,p50_ns,p95_ns,p99_ns,prepared_batches,load1_before,load1_after
24,100,2,4,2,0,new_name,3091,bytes,624382,618200,33555896,22798164,22959559,7180,8810,9810,12364,3.240,3.240
stderr:

[2026-07-15T17:56:14.495375+00:00] s0041 /home/bob/src/mess/.maw/workspaces/bn-1zv6/spikes/pwritev_group/target/release/pwritev_group prep-auto 24 100 2 4 domain 0
stdout:
payload,events_per_batch,owner_units,physical_batches,writers,chain,unit_shape,iterations,stop_reason,events,domain_events,bytes,cpu_ns,wall_ns,p50_ns,p95_ns,p99_ns,prepared_batches,load1_before,load1_after
24,100,2,2,4,0,domain,3173,bytes,634600,634600,33557648,22728895,22891449,6770,8360,12430,6346,3.240,3.240
stderr:

[2026-07-15T17:56:15.519221+00:00] s0042 /home/bob/src/mess/.maw/workspaces/bn-1zv6/spikes/pwritev_group/target/release/pwritev_group prep-auto 24 100 3 4 domain 0
stdout:
payload,events_per_batch,owner_units,physical_batches,writers,chain,unit_shape,iterations,stop_reason,events,domain_events,bytes,cpu_ns,wall_ns,p50_ns,p95_ns,p99_ns,prepared_batches,load1_before,load1_after
24,100,3,3,4,0,domain,2116,bytes,634800,634800,33568224,22043646,22153689,10120,12260,14940,6348,3.240,3.240
stderr:

[2026-07-15T17:56:16.549537+00:00] s0043 /home/bob/src/mess/.maw/workspaces/bn-1zv6/spikes/pwritev_group/target/release/pwritev_group prep-auto 24 100 4 4 domain 0
stdout:
payload,events_per_batch,owner_units,physical_batches,writers,chain,unit_shape,iterations,stop_reason,events,domain_events,bytes,cpu_ns,wall_ns,p50_ns,p95_ns,p99_ns,prepared_batches,load1_before,load1_after
24,100,4,4,4,0,domain,1587,bytes,634800,634800,33568224,21806355,21996950,13460,15780,21930,6348,3.380,3.380
stderr:

[2026-07-15T17:56:17.581493+00:00] s0044 /home/bob/src/mess/.maw/workspaces/bn-1zv6/spikes/pwritev_group/target/release/pwritev_group prep-auto 24 100 4 4 new_name 0
stdout:
payload,events_per_batch,owner_units,physical_batches,writers,chain,unit_shape,iterations,stop_reason,events,domain_events,bytes,cpu_ns,wall_ns,p50_ns,p95_ns,p99_ns,prepared_batches,load1_before,load1_after
24,100,4,8,4,0,new_name,1546,bytes,624584,618400,33566752,22447515,22687100,14290,16710,22470,12368,3.380,3.380
stderr:

[2026-07-15T17:56:18.609596+00:00] s0045 /home/bob/src/mess/.maw/workspaces/bn-1zv6/spikes/pwritev_group/target/release/pwritev_group prep-auto 24 1000 1 1 domain 0
stdout:
payload,events_per_batch,owner_units,physical_batches,writers,chain,unit_shape,iterations,stop_reason,events,domain_events,bytes,cpu_ns,wall_ns,p50_ns,p95_ns,p99_ns,prepared_batches,load1_before,load1_after
24,1000,1,1,1,0,domain,645,bytes,645000,645000,33596760,19799045,19927000,30230,34210,42960,645,3.380,3.380
stderr:

[2026-07-15T17:56:19.633293+00:00] s0046 /home/bob/src/mess/.maw/workspaces/bn-1zv6/spikes/pwritev_group/target/release/pwritev_group prep-auto 24 1000 1 4 domain 0
stdout:
payload,events_per_batch,owner_units,physical_batches,writers,chain,unit_shape,iterations,stop_reason,events,domain_events,bytes,cpu_ns,wall_ns,p50_ns,p95_ns,p99_ns,prepared_batches,load1_before,load1_after
24,1000,1,1,4,0,domain,645,bytes,645000,645000,33596760,23057503,23225708,30260,38530,55940,645,3.380,3.380
stderr:

[2026-07-15T17:56:20.658097+00:00] s0047 /home/bob/src/mess/.maw/workspaces/bn-1zv6/spikes/pwritev_group/target/release/pwritev_group prep-auto 24 1000 2 2 domain 0
stdout:
payload,events_per_batch,owner_units,physical_batches,writers,chain,unit_shape,iterations,stop_reason,events,domain_events,bytes,cpu_ns,wall_ns,p50_ns,p95_ns,p99_ns,prepared_batches,load1_before,load1_after
24,1000,2,2,2,0,domain,323,bytes,646000,646000,33648848,20056925,20153331,60480,69060,85550,646,3.380,3.380
stderr:

[2026-07-15T17:56:21.683744+00:00] s0048 /home/bob/src/mess/.maw/workspaces/bn-1zv6/spikes/pwritev_group/target/release/pwritev_group prep-auto 24 1000 2 2 new_name 0
stdout:
payload,events_per_batch,owner_units,physical_batches,writers,chain,unit_shape,iterations,stop_reason,events,domain_events,bytes,cpu_ns,wall_ns,p50_ns,p95_ns,p99_ns,prepared_batches,load1_before,load1_after
24,1000,2,4,2,0,new_name,322,bytes,644644,644000,33634832,20050285,20239470,60910,69120,79180,1288,3.190,3.190
stderr:

[2026-07-15T17:56:22.704462+00:00] s0049 /home/bob/src/mess/.maw/workspaces/bn-1zv6/spikes/pwritev_group/target/release/pwritev_group prep-auto 24 1000 2 4 domain 0
stdout:
payload,events_per_batch,owner_units,physical_batches,writers,chain,unit_shape,iterations,stop_reason,events,domain_events,bytes,cpu_ns,wall_ns,p50_ns,p95_ns,p99_ns,prepared_batches,load1_before,load1_after
24,1000,2,2,4,0,domain,323,bytes,646000,646000,33648848,20267305,20415960,60520,74890,98200,646,3.190,3.190
stderr:

[2026-07-15T17:56:23.732421+00:00] s0050 /home/bob/src/mess/.maw/workspaces/bn-1zv6/spikes/pwritev_group/target/release/pwritev_group prep-auto 24 1000 3 4 domain 0
stdout:
payload,events_per_batch,owner_units,physical_batches,writers,chain,unit_shape,iterations,stop_reason,events,domain_events,bytes,cpu_ns,wall_ns,p50_ns,p95_ns,p99_ns,prepared_batches,load1_before,load1_after
24,1000,3,3,4,0,domain,215,bytes,645000,645000,33596760,20795485,21046089,90800,105530,135689,645,3.190,3.190
stderr:

[2026-07-15T17:56:24.762354+00:00] s0051 /home/bob/src/mess/.maw/workspaces/bn-1zv6/spikes/pwritev_group/target/release/pwritev_group prep-auto 24 1000 4 4 domain 0
stdout:
payload,events_per_batch,owner_units,physical_batches,writers,chain,unit_shape,iterations,stop_reason,events,domain_events,bytes,cpu_ns,wall_ns,p50_ns,p95_ns,p99_ns,prepared_batches,load1_before,load1_after
24,1000,4,4,4,0,domain,162,bytes,648000,648000,33753024,20308635,20457570,120999,152940,189340,648,3.190,3.190
stderr:

[2026-07-15T17:56:25.786466+00:00] s0052 /home/bob/src/mess/.maw/workspaces/bn-1zv6/spikes/pwritev_group/target/release/pwritev_group prep-auto 24 1000 4 4 new_name 0
stdout:
payload,events_per_batch,owner_units,physical_batches,writers,chain,unit_shape,iterations,stop_reason,events,domain_events,bytes,cpu_ns,wall_ns,p50_ns,p95_ns,p99_ns,prepared_batches,load1_before,load1_after
24,1000,4,8,4,0,new_name,161,bytes,644644,644000,33634832,20115965,20290530,121760,138880,162860,1288,3.190,3.190
stderr:

[2026-07-15T17:56:26.817534+00:00] s0053 /home/bob/src/mess/.maw/workspaces/bn-1zv6/spikes/pwritev_group/target/release/pwritev_group prep-auto 250 1 1 1 domain 0
stdout:
payload,events_per_batch,owner_units,physical_batches,writers,chain,unit_shape,iterations,stop_reason,events,domain_events,bytes,cpu_ns,wall_ns,p50_ns,p95_ns,p99_ns,prepared_batches,load1_before,load1_after
250,1,1,1,1,0,domain,91679,bytes,91679,91679,33554514,37674330,37966501,330,440,480,91679,3.090,3.090
stderr:

[2026-07-15T17:56:27.838587+00:00] s0054 /home/bob/src/mess/.maw/workspaces/bn-1zv6/spikes/pwritev_group/target/release/pwritev_group prep-auto 250 1 1 4 domain 0
stdout:
payload,events_per_batch,owner_units,physical_batches,writers,chain,unit_shape,iterations,stop_reason,events,domain_events,bytes,cpu_ns,wall_ns,p50_ns,p95_ns,p99_ns,prepared_batches,load1_before,load1_after
250,1,1,1,4,0,domain,91679,bytes,91679,91679,33554514,40278080,41589990,330,440,470,91679,3.090,3.090
stderr:

[2026-07-15T17:56:28.866699+00:00] s0055 /home/bob/src/mess/.maw/workspaces/bn-1zv6/spikes/pwritev_group/target/release/pwritev_group prep-auto 250 1 2 2 domain 0
stdout:
payload,events_per_batch,owner_units,physical_batches,writers,chain,unit_shape,iterations,stop_reason,events,domain_events,bytes,cpu_ns,wall_ns,p50_ns,p95_ns,p99_ns,prepared_batches,load1_before,load1_after
250,1,2,2,2,0,domain,45840,bytes,91680,91680,33554880,34647857,34942973,640,910,980,91680,3.090,3.090
stderr:

[2026-07-15T17:56:29.896851+00:00] s0056 /home/bob/src/mess/.maw/workspaces/bn-1zv6/spikes/pwritev_group/target/release/pwritev_group prep-auto 250 1 2 2 new_name 0
stdout:
payload,events_per_batch,owner_units,physical_batches,writers,chain,unit_shape,iterations,stop_reason,events,domain_events,bytes,cpu_ns,wall_ns,p50_ns,p95_ns,p99_ns,prepared_batches,load1_before,load1_after
250,1,2,4,2,0,new_name,33157,bytes,132628,66314,33554884,40451530,40789750,1080,1360,1600,132628,3.090,3.090
stderr:

[2026-07-15T17:56:30.927073+00:00] s0057 /home/bob/src/mess/.maw/workspaces/bn-1zv6/spikes/pwritev_group/target/release/pwritev_group prep-auto 250 1 2 4 domain 0
stdout:
payload,events_per_batch,owner_units,physical_batches,writers,chain,unit_shape,iterations,stop_reason,events,domain_events,bytes,cpu_ns,wall_ns,p50_ns,p95_ns,p99_ns,prepared_batches,load1_before,load1_after
250,1,2,2,4,0,domain,45840,bytes,91680,91680,33554880,34938779,35190763,640,750,940,91680,3.090,3.090
stderr:

[2026-07-15T17:56:31.957815+00:00] s0058 /home/bob/src/mess/.maw/workspaces/bn-1zv6/spikes/pwritev_group/target/release/pwritev_group prep-auto 250 1 3 4 domain 0
stdout:
payload,events_per_batch,owner_units,physical_batches,writers,chain,unit_shape,iterations,stop_reason,events,domain_events,bytes,cpu_ns,wall_ns,p50_ns,p95_ns,p99_ns,prepared_batches,load1_before,load1_after
250,1,3,3,4,0,domain,30560,bytes,91680,91680,33554880,35884149,36158202,960,1440,1470,91680,3.080,3.080
stderr:

[2026-07-15T17:56:32.989047+00:00] s0059 /home/bob/src/mess/.maw/workspaces/bn-1zv6/spikes/pwritev_group/target/release/pwritev_group prep-auto 250 1 4 4 domain 0
stdout:
payload,events_per_batch,owner_units,physical_batches,writers,chain,unit_shape,iterations,stop_reason,events,domain_events,bytes,cpu_ns,wall_ns,p50_ns,p95_ns,p99_ns,prepared_batches,load1_before,load1_after
250,1,4,4,4,0,domain,22920,bytes,91680,91680,33554880,31839018,32072274,1270,1480,1720,91680,3.080,3.080
stderr:

[2026-07-15T17:56:34.013302+00:00] s0060 /home/bob/src/mess/.maw/workspaces/bn-1zv6/spikes/pwritev_group/target/release/pwritev_group prep-auto 250 1 4 4 new_name 0
stdout:
payload,events_per_batch,owner_units,physical_batches,writers,chain,unit_shape,iterations,stop_reason,events,domain_events,bytes,cpu_ns,wall_ns,p50_ns,p95_ns,p99_ns,prepared_batches,load1_before,load1_after
250,1,4,8,4,0,new_name,16579,bytes,132632,66316,33555896,39801350,40303060,2110,3190,3310,132632,3.080,3.080
stderr:

[2026-07-15T17:56:35.041071+00:00] s0061 /home/bob/src/mess/.maw/workspaces/bn-1zv6/spikes/pwritev_group/target/release/pwritev_group prep-auto 250 10 1 1 domain 0
stdout:
payload,events_per_batch,owner_units,physical_batches,writers,chain,unit_shape,iterations,stop_reason,events,domain_events,bytes,cpu_ns,wall_ns,p50_ns,p95_ns,p99_ns,prepared_batches,load1_before,load1_after
250,10,1,1,1,0,domain,11700,bytes,117000,117000,33555600,17419344,17541301,1340,1660,2800,11700,3.080,3.080
stderr:

[2026-07-15T17:56:36.069204+00:00] s0062 /home/bob/src/mess/.maw/workspaces/bn-1zv6/spikes/pwritev_group/target/release/pwritev_group prep-auto 250 10 1 4 domain 0
stdout:
payload,events_per_batch,owner_units,physical_batches,writers,chain,unit_shape,iterations,stop_reason,events,domain_events,bytes,cpu_ns,wall_ns,p50_ns,p95_ns,p99_ns,prepared_batches,load1_before,load1_after
250,10,1,1,4,0,domain,11700,bytes,117000,117000,33555600,18859075,19251531,1350,1690,5250,11700,3.080,3.080
stderr:

[2026-07-15T17:56:37.094162+00:00] s0063 /home/bob/src/mess/.maw/workspaces/bn-1zv6/spikes/pwritev_group/target/release/pwritev_group prep-auto 250 10 2 2 domain 0
stdout:
payload,events_per_batch,owner_units,physical_batches,writers,chain,unit_shape,iterations,stop_reason,events,domain_events,bytes,cpu_ns,wall_ns,p50_ns,p95_ns,p99_ns,prepared_batches,load1_before,load1_after
250,10,2,2,2,0,domain,5850,bytes,117000,117000,33555600,17158135,18809091,2690,3150,3640,11700,2.920,2.920
stderr:

[2026-07-15T17:56:38.125597+00:00] s0064 /home/bob/src/mess/.maw/workspaces/bn-1zv6/spikes/pwritev_group/target/release/pwritev_group prep-auto 250 10 2 2 new_name 0
stdout:
payload,events_per_batch,owner_units,physical_batches,writers,chain,unit_shape,iterations,stop_reason,events,domain_events,bytes,cpu_ns,wall_ns,p50_ns,p95_ns,p99_ns,prepared_batches,load1_before,load1_after
250,10,2,4,2,0,new_name,5578,bytes,122716,111560,33557248,19773995,20041500,3120,4380,4470,22312,2.920,2.920
stderr:

[2026-07-15T17:56:39.155521+00:00] s0065 /home/bob/src/mess/.maw/workspaces/bn-1zv6/spikes/pwritev_group/target/release/pwritev_group prep-auto 250 10 2 4 domain 0
stdout:
payload,events_per_batch,owner_units,physical_batches,writers,chain,unit_shape,iterations,stop_reason,events,domain_events,bytes,cpu_ns,wall_ns,p50_ns,p95_ns,p99_ns,prepared_batches,load1_before,load1_after
250,10,2,2,4,0,domain,5850,bytes,117000,117000,33555600,16337324,16527692,2690,2760,3440,11700,2.920,2.920
stderr:

[2026-07-15T17:56:40.185535+00:00] s0066 /home/bob/src/mess/.maw/workspaces/bn-1zv6/spikes/pwritev_group/target/release/pwritev_group prep-auto 250 10 3 4 domain 0
stdout:
payload,events_per_batch,owner_units,physical_batches,writers,chain,unit_shape,iterations,stop_reason,events,domain_events,bytes,cpu_ns,wall_ns,p50_ns,p95_ns,p99_ns,prepared_batches,load1_before,load1_after
250,10,3,3,4,0,domain,3900,bytes,117000,117000,33555600,16148554,16291102,4000,4880,5280,11700,2.920,2.920
stderr:

[2026-07-15T17:56:41.215404+00:00] s0067 /home/bob/src/mess/.maw/workspaces/bn-1zv6/spikes/pwritev_group/target/release/pwritev_group prep-auto 250 10 4 4 domain 0
stdout:
payload,events_per_batch,owner_units,physical_batches,writers,chain,unit_shape,iterations,stop_reason,events,domain_events,bytes,cpu_ns,wall_ns,p50_ns,p95_ns,p99_ns,prepared_batches,load1_before,load1_after
250,10,4,4,4,0,domain,2925,bytes,117000,117000,33555600,16031733,16124822,5320,6400,6780,11700,2.920,2.920
stderr:

[2026-07-15T17:56:42.237727+00:00] s0068 /home/bob/src/mess/.maw/workspaces/bn-1zv6/spikes/pwritev_group/target/release/pwritev_group prep-auto 250 10 4 4 new_name 0
stdout:
payload,events_per_batch,owner_units,physical_batches,writers,chain,unit_shape,iterations,stop_reason,events,domain_events,bytes,cpu_ns,wall_ns,p50_ns,p95_ns,p99_ns,prepared_batches,load1_before,load1_after
250,10,4,8,4,0,new_name,2789,bytes,122716,111560,33557248,17747064,17884911,6150,7230,9270,22312,2.840,2.840
stderr:

[2026-07-15T17:56:43.267569+00:00] s0069 /home/bob/src/mess/.maw/workspaces/bn-1zv6/spikes/pwritev_group/target/release/pwritev_group prep-auto 250 10 16 4 domain 0
stdout:
payload,events_per_batch,owner_units,physical_batches,writers,chain,unit_shape,iterations,stop_reason,events,domain_events,bytes,cpu_ns,wall_ns,p50_ns,p95_ns,p99_ns,prepared_batches,load1_before,load1_after
250,10,16,16,4,0,domain,732,bytes,117120,117120,33590016,16447703,17798541,21260,26710,33510,11712,2.840,2.840
stderr:

[2026-07-15T17:56:44.297099+00:00] s0070 /home/bob/src/mess/.maw/workspaces/bn-1zv6/spikes/pwritev_group/target/release/pwritev_group prep-auto 250 10 16 4 new_name 0
stdout:
payload,events_per_batch,owner_units,physical_batches,writers,chain,unit_shape,iterations,stop_reason,events,domain_events,bytes,cpu_ns,wall_ns,p50_ns,p95_ns,p99_ns,prepared_batches,load1_before,load1_after
250,10,16,32,4,0,new_name,698,bytes,122848,111680,33593344,19088624,19477430,24550,42480,63550,22336,2.840,2.840
stderr:

[2026-07-15T17:56:45.322710+00:00] s0071 /home/bob/src/mess/.maw/workspaces/bn-1zv6/spikes/pwritev_group/target/release/pwritev_group prep-auto 250 10 64 4 domain 0
stdout:
payload,events_per_batch,owner_units,physical_batches,writers,chain,unit_shape,iterations,stop_reason,events,domain_events,bytes,cpu_ns,wall_ns,p50_ns,p95_ns,p99_ns,prepared_batches,load1_before,load1_after
250,10,64,64,4,0,domain,183,bytes,117120,117120,33590016,15672814,15774442,85010,94040,100160,11712,2.840,2.840
stderr:

[2026-07-15T17:56:46.347751+00:00] s0072 /home/bob/src/mess/.maw/workspaces/bn-1zv6/spikes/pwritev_group/target/release/pwritev_group prep-auto 250 10 64 4 new_name 0
stdout:
payload,events_per_batch,owner_units,physical_batches,writers,chain,unit_shape,iterations,stop_reason,events,domain_events,bytes,cpu_ns,wall_ns,p50_ns,p95_ns,p99_ns,prepared_batches,load1_before,load1_after
250,10,64,128,4,0,new_name,175,bytes,123200,112000,33689600,17574714,17813161,98280,115840,132230,22400,2.940,2.940
stderr:

[2026-07-15T17:56:47.379324+00:00] s0073 /home/bob/src/mess/.maw/workspaces/bn-1zv6/spikes/pwritev_group/target/release/pwritev_group prep-auto 250 10 256 4 domain 0
stdout:
payload,events_per_batch,owner_units,physical_batches,writers,chain,unit_shape,iterations,stop_reason,events,domain_events,bytes,cpu_ns,wall_ns,p50_ns,p95_ns,p99_ns,prepared_batches,load1_before,load1_after
250,10,256,256,4,0,domain,46,bytes,117760,117760,33773568,16133143,16242302,347970,403639,409020,11776,2.940,2.940
stderr:

[2026-07-15T17:56:48.402008+00:00] s0074 /home/bob/src/mess/.maw/workspaces/bn-1zv6/spikes/pwritev_group/target/release/pwritev_group prep-auto 250 10 256 4 new_name 0
stdout:
payload,events_per_batch,owner_units,physical_batches,writers,chain,unit_shape,iterations,stop_reason,events,domain_events,bytes,cpu_ns,wall_ns,p50_ns,p95_ns,p99_ns,prepared_batches,load1_before,load1_after
250,10,256,512,4,0,new_name,44,bytes,123904,112640,33882112,19461505,19650040,415860,556800,599550,22528,2.940,2.940
stderr:

[2026-07-15T17:56:49.425215+00:00] s0075 /home/bob/src/mess/.maw/workspaces/bn-1zv6/spikes/pwritev_group/target/release/pwritev_group prep-auto 250 10 1024 4 domain 0
stdout:
payload,events_per_batch,owner_units,physical_batches,writers,chain,unit_shape,iterations,stop_reason,events,domain_events,bytes,cpu_ns,wall_ns,p50_ns,p95_ns,p99_ns,prepared_batches,load1_before,load1_after
250,10,1024,1024,4,0,domain,12,bytes,122880,122880,35241984,16554724,16650952,1385489,1407460,1415609,12288,2.940,2.940
stderr:

[2026-07-15T17:56:50.451192+00:00] s0076 /home/bob/src/mess/.maw/workspaces/bn-1zv6/spikes/pwritev_group/target/release/pwritev_group prep-auto 250 10 1024 4 new_name 0
stdout:
payload,events_per_batch,owner_units,physical_batches,writers,chain,unit_shape,iterations,stop_reason,events,domain_events,bytes,cpu_ns,wall_ns,p50_ns,p95_ns,p99_ns,prepared_batches,load1_before,load1_after
250,10,1024,2048,4,0,new_name,11,bytes,123904,112640,33882112,17599864,17726092,1596369,1721819,1721819,22528,2.940,2.940
stderr:

[2026-07-15T17:56:51.482395+00:00] s0077 /home/bob/src/mess/.maw/workspaces/bn-1zv6/spikes/pwritev_group/target/release/pwritev_group prep-auto 250 10 1025 4 domain 0
stdout:
payload,events_per_batch,owner_units,physical_batches,writers,chain,unit_shape,iterations,stop_reason,events,domain_events,bytes,cpu_ns,wall_ns,p50_ns,p95_ns,p99_ns,prepared_batches,load1_before,load1_after
250,10,1025,1025,4,0,domain,12,bytes,123000,123000,35276400,16713244,16852772,1402490,1416049,1457839,12300,3.020,3.020
stderr:

[2026-07-15T17:56:52.504215+00:00] s0078 /home/bob/src/mess/.maw/workspaces/bn-1zv6/spikes/pwritev_group/target/release/pwritev_group prep-auto 250 10 1025 4 new_name 0
stdout:
payload,events_per_batch,owner_units,physical_batches,writers,chain,unit_shape,iterations,stop_reason,events,domain_events,bytes,cpu_ns,wall_ns,p50_ns,p95_ns,p99_ns,prepared_batches,load1_before,load1_after
250,10,1025,2050,4,0,new_name,11,bytes,124025,112750,33915200,17920055,18133201,1600629,1902219,1902219,22550,3.020,3.020
stderr:

[2026-07-15T17:56:53.529618+00:00] s0079 /home/bob/src/mess/.maw/workspaces/bn-1zv6/spikes/pwritev_group/target/release/pwritev_group prep-auto 250 100 1 1 domain 0
stdout:
payload,events_per_batch,owner_units,physical_batches,writers,chain,unit_shape,iterations,stop_reason,events,domain_events,bytes,cpu_ns,wall_ns,p50_ns,p95_ns,p99_ns,prepared_batches,load1_before,load1_after
250,100,1,1,1,0,domain,1204,bytes,120400,120400,33577152,13122764,13161004,10620,11570,17010,1204,3.020,3.020
stderr:

[2026-07-15T17:56:54.554610+00:00] s0080 /home/bob/src/mess/.maw/workspaces/bn-1zv6/spikes/pwritev_group/target/release/pwritev_group prep-auto 250 100 1 4 domain 0
stdout:
payload,events_per_batch,owner_units,physical_batches,writers,chain,unit_shape,iterations,stop_reason,events,domain_events,bytes,cpu_ns,wall_ns,p50_ns,p95_ns,p99_ns,prepared_batches,load1_before,load1_after
250,100,1,1,4,0,domain,1204,bytes,120400,120400,33577152,13015793,13131543,10620,11740,16730,1204,3.020,3.020
stderr:

[2026-07-15T17:56:55.579156+00:00] s0081 /home/bob/src/mess/.maw/workspaces/bn-1zv6/spikes/pwritev_group/target/release/pwritev_group prep-auto 250 100 2 2 domain 0
stdout:
payload,events_per_batch,owner_units,physical_batches,writers,chain,unit_shape,iterations,stop_reason,events,domain_events,bytes,cpu_ns,wall_ns,p50_ns,p95_ns,p99_ns,prepared_batches,load1_before,load1_after
250,100,2,2,2,0,domain,602,bytes,120400,120400,33577152,13044393,13164023,21240,24380,30250,1204,3.020,3.020
stderr:

[2026-07-15T17:56:56.606649+00:00] s0082 /home/bob/src/mess/.maw/workspaces/bn-1zv6/spikes/pwritev_group/target/release/pwritev_group prep-auto 250 100 2 2 new_name 0
stdout:
payload,events_per_batch,owner_units,physical_batches,writers,chain,unit_shape,iterations,stop_reason,events,domain_events,bytes,cpu_ns,wall_ns,p50_ns,p95_ns,p99_ns,prepared_batches,load1_before,load1_after
250,100,2,4,2,0,new_name,599,bytes,120998,119800,33577544,13403354,13482653,21650,26190,31870,2396,3.020,3.020
stderr:

[2026-07-15T17:56:57.634859+00:00] s0083 /home/bob/src/mess/.maw/workspaces/bn-1zv6/spikes/pwritev_group/target/release/pwritev_group prep-auto 250 100 2 4 domain 0
stdout:
payload,events_per_batch,owner_units,physical_batches,writers,chain,unit_shape,iterations,stop_reason,events,domain_events,bytes,cpu_ns,wall_ns,p50_ns,p95_ns,p99_ns,prepared_batches,load1_before,load1_after
250,100,2,2,4,0,domain,602,bytes,120400,120400,33577152,14930254,15123283,21220,26070,122010,1204,3.020,3.020
stderr:

[2026-07-15T17:56:58.660853+00:00] s0084 /home/bob/src/mess/.maw/workspaces/bn-1zv6/spikes/pwritev_group/target/release/pwritev_group prep-auto 250 100 3 4 domain 0
stdout:
payload,events_per_batch,owner_units,physical_batches,writers,chain,unit_shape,iterations,stop_reason,events,domain_events,bytes,cpu_ns,wall_ns,p50_ns,p95_ns,p99_ns,prepared_batches,load1_before,load1_after
250,100,3,3,4,0,domain,402,bytes,120600,120600,33632928,12972353,13044834,31870,36220,39940,1206,3.020,3.020
stderr:

[2026-07-15T17:56:59.684890+00:00] s0085 /home/bob/src/mess/.maw/workspaces/bn-1zv6/spikes/pwritev_group/target/release/pwritev_group prep-auto 250 100 4 4 domain 0
stdout:
payload,events_per_batch,owner_units,physical_batches,writers,chain,unit_shape,iterations,stop_reason,events,domain_events,bytes,cpu_ns,wall_ns,p50_ns,p95_ns,p99_ns,prepared_batches,load1_before,load1_after
250,100,4,4,4,0,domain,301,bytes,120400,120400,33577152,12956303,13143774,42420,52480,63870,1204,3.020,3.020
stderr:

[2026-07-15T17:57:00.715911+00:00] s0086 /home/bob/src/mess/.maw/workspaces/bn-1zv6/spikes/pwritev_group/target/release/pwritev_group prep-auto 250 100 4 4 new_name 0
stdout:
payload,events_per_batch,owner_units,physical_batches,writers,chain,unit_shape,iterations,stop_reason,events,domain_events,bytes,cpu_ns,wall_ns,p50_ns,p95_ns,p99_ns,prepared_batches,load1_before,load1_after
250,100,4,8,4,0,new_name,300,bytes,121200,120000,33633600,13451763,13803993,43270,52900,83869,2400,3.020,3.020
stderr:

[2026-07-15T17:57:01.737630+00:00] s0087 /home/bob/src/mess/.maw/workspaces/bn-1zv6/spikes/pwritev_group/target/release/pwritev_group prep-auto 250 1000 1 1 domain 0
stdout:
payload,events_per_batch,owner_units,physical_batches,writers,chain,unit_shape,iterations,stop_reason,events,domain_events,bytes,cpu_ns,wall_ns,p50_ns,p95_ns,p99_ns,prepared_batches,load1_before,load1_after
250,1000,1,1,1,0,domain,121,bytes,121000,121000,33648648,14963604,15064773,104000,124910,558850,121,2.940,2.940
stderr:

[2026-07-15T17:57:02.761352+00:00] s0088 /home/bob/src/mess/.maw/workspaces/bn-1zv6/spikes/pwritev_group/target/release/pwritev_group prep-auto 250 1000 1 4 domain 0
stdout:
payload,events_per_batch,owner_units,physical_batches,writers,chain,unit_shape,iterations,stop_reason,events,domain_events,bytes,cpu_ns,wall_ns,p50_ns,p95_ns,p99_ns,prepared_batches,load1_before,load1_after
250,1000,1,1,4,0,domain,121,bytes,121000,121000,33648648,13011374,13098183,103400,114730,199929,121,2.940,2.940
stderr:

[2026-07-15T17:57:03.786699+00:00] s0089 /home/bob/src/mess/.maw/workspaces/bn-1zv6/spikes/pwritev_group/target/release/pwritev_group prep-auto 250 1000 2 2 domain 0
stdout:
payload,events_per_batch,owner_units,physical_batches,writers,chain,unit_shape,iterations,stop_reason,events,domain_events,bytes,cpu_ns,wall_ns,p50_ns,p95_ns,p99_ns,prepared_batches,load1_before,load1_after
250,1000,2,2,2,0,domain,61,bytes,122000,122000,33926736,13007844,13082573,207830,216500,222480,122,2.940,2.940
stderr:

[2026-07-15T17:57:04.808650+00:00] s0090 /home/bob/src/mess/.maw/workspaces/bn-1zv6/spikes/pwritev_group/target/release/pwritev_group prep-auto 250 1000 2 2 new_name 0
stdout:
payload,events_per_batch,owner_units,physical_batches,writers,chain,unit_shape,iterations,stop_reason,events,domain_events,bytes,cpu_ns,wall_ns,p50_ns,p95_ns,p99_ns,prepared_batches,load1_before,load1_after
250,1000,2,4,2,0,new_name,61,bytes,122122,122000,33943816,13741463,13720273,209350,219269,254870,244,2.940,2.940
stderr:

[2026-07-15T17:57:05.837094+00:00] s0091 /home/bob/src/mess/.maw/workspaces/bn-1zv6/spikes/pwritev_group/target/release/pwritev_group prep-auto 250 1000 2 4 domain 0
stdout:
payload,events_per_batch,owner_units,physical_batches,writers,chain,unit_shape,iterations,stop_reason,events,domain_events,bytes,cpu_ns,wall_ns,p50_ns,p95_ns,p99_ns,prepared_batches,load1_before,load1_after
250,1000,2,2,4,0,domain,61,bytes,122000,122000,33926736,16202524,16353002,211070,314380,1528669,122,2.940,2.940
stderr:

[2026-07-15T17:57:06.867035+00:00] s0092 /home/bob/src/mess/.maw/workspaces/bn-1zv6/spikes/pwritev_group/target/release/pwritev_group prep-auto 250 1000 3 4 domain 0
stdout:
payload,events_per_batch,owner_units,physical_batches,writers,chain,unit_shape,iterations,stop_reason,events,domain_events,bytes,cpu_ns,wall_ns,p50_ns,p95_ns,p99_ns,prepared_batches,load1_before,load1_after
250,1000,3,3,4,0,domain,41,bytes,123000,123000,34204824,15593754,16300232,316930,564110,2627819,123,2.780,2.780
stderr:

[2026-07-15T17:57:07.892492+00:00] s0093 /home/bob/src/mess/.maw/workspaces/bn-1zv6/spikes/pwritev_group/target/release/pwritev_group prep-auto 250 1000 4 4 domain 0
stdout:
payload,events_per_batch,owner_units,physical_batches,writers,chain,unit_shape,iterations,stop_reason,events,domain_events,bytes,cpu_ns,wall_ns,p50_ns,p95_ns,p99_ns,prepared_batches,load1_before,load1_after
250,1000,4,4,4,0,domain,31,bytes,124000,124000,34482912,13439744,13549083,425579,470979,700580,124,2.780,2.780
stderr:

[2026-07-15T17:57:08.923858+00:00] s0094 /home/bob/src/mess/.maw/workspaces/bn-1zv6/spikes/pwritev_group/target/release/pwritev_group prep-auto 250 1000 4 4 new_name 0
stdout:
payload,events_per_batch,owner_units,physical_batches,writers,chain,unit_shape,iterations,stop_reason,events,domain_events,bytes,cpu_ns,wall_ns,p50_ns,p95_ns,p99_ns,prepared_batches,load1_before,load1_after
250,1000,4,8,4,0,new_name,31,bytes,124124,124000,34500272,13569743,13677663,427479,486930,702940,248,2.780,2.780
stderr:

[2026-07-15T17:57:09.948148+00:00] s0095 /home/bob/src/mess/.maw/workspaces/bn-1zv6/spikes/pwritev_group/target/release/pwritev_group prep-auto 4096 1 2 2 domain 0
stdout:
payload,events_per_batch,owner_units,physical_batches,writers,chain,unit_shape,iterations,stop_reason,events,domain_events,bytes,cpu_ns,wall_ns,p50_ns,p95_ns,p99_ns,prepared_batches,load1_before,load1_after
4096,1,2,2,2,0,domain,3984,bytes,7968,7968,33561216,14302794,14430413,3160,4190,4290,7968,2.780,2.780
stderr:

[2026-07-15T17:57:10.969756+00:00] s0096 /home/bob/src/mess/.maw/workspaces/bn-1zv6/spikes/pwritev_group/target/release/pwritev_group prep-auto 4096 1 2 2 new_name 0
stdout:
payload,events_per_batch,owner_units,physical_batches,writers,chain,unit_shape,iterations,stop_reason,events,domain_events,bytes,cpu_ns,wall_ns,p50_ns,p95_ns,p99_ns,prepared_batches,load1_before,load1_after
4096,1,2,4,2,0,new_name,3856,bytes,15424,7712,33562624,14947944,15055082,3600,4130,8930,15424,2.780,2.780
stderr:

[2026-07-15T17:57:11.998961+00:00] s0097 /home/bob/src/mess/.maw/workspaces/bn-1zv6/spikes/pwritev_group/target/release/pwritev_group prep-auto 4096 1 4 4 domain 0
stdout:
payload,events_per_batch,owner_units,physical_batches,writers,chain,unit_shape,iterations,stop_reason,events,domain_events,bytes,cpu_ns,wall_ns,p50_ns,p95_ns,p99_ns,prepared_batches,load1_before,load1_after
4096,1,4,4,4,0,domain,1992,bytes,7968,7968,33561216,15344484,15443262,6250,8020,57390,7968,2.800,2.800
stderr:

[2026-07-15T17:57:13.024691+00:00] s0098 /home/bob/src/mess/.maw/workspaces/bn-1zv6/spikes/pwritev_group/target/release/pwritev_group prep-auto 4096 1 4 4 new_name 0
stdout:
payload,events_per_batch,owner_units,physical_batches,writers,chain,unit_shape,iterations,stop_reason,events,domain_events,bytes,cpu_ns,wall_ns,p50_ns,p95_ns,p99_ns,prepared_batches,load1_before,load1_after
4096,1,4,8,4,0,new_name,1928,bytes,15424,7712,33562624,14286874,14377453,7130,8700,9580,15424,2.800,2.800
stderr:

[2026-07-15T17:57:14.057789+00:00] s0099 /home/bob/src/mess/.maw/workspaces/bn-1zv6/spikes/pwritev_group/target/release/pwritev_group prep-auto 4096 10 2 2 domain 0
stdout:
payload,events_per_batch,owner_units,physical_batches,writers,chain,unit_shape,iterations,stop_reason,events,domain_events,bytes,cpu_ns,wall_ns,p50_ns,p95_ns,p99_ns,prepared_batches,load1_before,load1_after
4096,10,2,2,2,0,domain,406,bytes,8120,8120,33558336,10944563,11045094,26550,30120,41050,812,2.800,2.800
stderr:

[2026-07-15T17:57:15.089803+00:00] s0100 /home/bob/src/mess/.maw/workspaces/bn-1zv6/spikes/pwritev_group/target/release/pwritev_group prep-auto 4096 10 2 2 new_name 0
stdout:
payload,events_per_batch,owner_units,physical_batches,writers,chain,unit_shape,iterations,stop_reason,events,domain_events,bytes,cpu_ns,wall_ns,p50_ns,p95_ns,p99_ns,prepared_batches,load1_before,load1_after
4096,10,2,4,2,0,new_name,405,bytes,8910,8100,33589080,12840893,12952824,32890,39230,48040,1620,2.800,2.800
stderr:

[2026-07-15T17:57:16.121290+00:00] s0101 /home/bob/src/mess/.maw/workspaces/bn-1zv6/spikes/pwritev_group/target/release/pwritev_group prep-auto 4096 10 4 4 domain 0
stdout:
payload,events_per_batch,owner_units,physical_batches,writers,chain,unit_shape,iterations,stop_reason,events,domain_events,bytes,cpu_ns,wall_ns,p50_ns,p95_ns,p99_ns,prepared_batches,load1_before,load1_after
4096,10,4,4,4,0,domain,203,bytes,8120,8120,33558336,10982553,11207174,53040,60390,75720,812,2.800,2.800
stderr:

[2026-07-15T17:57:17.146927+00:00] s0102 /home/bob/src/mess/.maw/workspaces/bn-1zv6/spikes/pwritev_group/target/release/pwritev_group prep-auto 4096 10 4 4 new_name 0
stdout:
payload,events_per_batch,owner_units,physical_batches,writers,chain,unit_shape,iterations,stop_reason,events,domain_events,bytes,cpu_ns,wall_ns,p50_ns,p95_ns,p99_ns,prepared_batches,load1_before,load1_after
4096,10,4,8,4,0,new_name,203,bytes,8932,8120,33672016,11646903,11706074,53910,66090,70610,1624,2.660,2.660
stderr:

[2026-07-15T17:57:18.174621+00:00] s0103 /home/bob/src/mess/.maw/workspaces/bn-1zv6/spikes/pwritev_group/target/release/pwritev_group prep-auto 4096 10 16 4 domain 0
stdout:
payload,events_per_batch,owner_units,physical_batches,writers,chain,unit_shape,iterations,stop_reason,events,domain_events,bytes,cpu_ns,wall_ns,p50_ns,p95_ns,p99_ns,prepared_batches,load1_before,load1_after
4096,10,16,16,4,0,domain,51,bytes,8160,8160,33723648,12742173,12810633,216900,485390,719179,816,2.660,2.660
stderr:

[2026-07-15T17:57:19.205676+00:00] s0104 /home/bob/src/mess/.maw/workspaces/bn-1zv6/spikes/pwritev_group/target/release/pwritev_group prep-auto 4096 10 16 4 new_name 0
stdout:
payload,events_per_batch,owner_units,physical_batches,writers,chain,unit_shape,iterations,stop_reason,events,domain_events,bytes,cpu_ns,wall_ns,p50_ns,p95_ns,p99_ns,prepared_batches,load1_before,load1_after
4096,10,16,32,4,0,new_name,51,bytes,8976,8160,33837888,11472513,11639544,221790,267770,314720,1632,2.660,2.660
stderr:

[2026-07-15T17:57:20.234851+00:00] s0105 /home/bob/src/mess/.maw/workspaces/bn-1zv6/spikes/pwritev_group/target/release/pwritev_group prep-auto 4096 10 64 4 domain 0
stdout:
payload,events_per_batch,owner_units,physical_batches,writers,chain,unit_shape,iterations,stop_reason,events,domain_events,bytes,cpu_ns,wall_ns,p50_ns,p95_ns,p99_ns,prepared_batches,load1_before,load1_after
4096,10,64,64,4,0,domain,13,bytes,8320,8320,34384896,11746962,14032623,866670,904529,3545668,832,2.660,2.660
stderr:

[2026-07-15T17:57:21.266435+00:00] s0106 /home/bob/src/mess/.maw/workspaces/bn-1zv6/spikes/pwritev_group/target/release/pwritev_group prep-auto 4096 10 64 4 new_name 0
stdout:
payload,events_per_batch,owner_units,physical_batches,writers,chain,unit_shape,iterations,stop_reason,events,domain_events,bytes,cpu_ns,wall_ns,p50_ns,p95_ns,p99_ns,prepared_batches,load1_before,load1_after
4096,10,64,128,4,0,new_name,13,bytes,9152,8320,34501376,11689503,11809735,888520,961950,1074650,1664,2.660,2.660
stderr:

[2026-07-15T17:57:22.297763+00:00] s0107 /home/bob/src/mess/.maw/workspaces/bn-1zv6/spikes/pwritev_group/target/release/pwritev_group prep-auto 4096 10 256 4 domain 0
stdout:
payload,events_per_batch,owner_units,physical_batches,writers,chain,unit_shape,iterations,stop_reason,events,domain_events,bytes,cpu_ns,wall_ns,p50_ns,p95_ns,p99_ns,prepared_batches,load1_before,load1_after
4096,10,256,256,4,0,domain,4,bytes,10240,10240,42319872,15570604,16724131,3527598,6300597,6300597,1024,2.760,2.760
stderr:

[2026-07-15T17:57:23.322458+00:00] s0108 /home/bob/src/mess/.maw/workspaces/bn-1zv6/spikes/pwritev_group/target/release/pwritev_group prep-auto 4096 10 256 4 new_name 0
stdout:
payload,events_per_batch,owner_units,physical_batches,writers,chain,unit_shape,iterations,stop_reason,events,domain_events,bytes,cpu_ns,wall_ns,p50_ns,p95_ns,p99_ns,prepared_batches,load1_before,load1_after
4096,10,256,512,4,0,new_name,4,bytes,11264,10240,42463232,15072704,15199822,3793958,4247017,4247017,2048,2.760,2.760
stderr:

[2026-07-15T17:57:24.347844+00:00] s0109 /home/bob/src/mess/.maw/workspaces/bn-1zv6/spikes/pwritev_group/target/release/pwritev_group prep-auto 4096 10 1024 4 domain 0
stdout:
payload,events_per_batch,owner_units,physical_batches,writers,chain,unit_shape,iterations,stop_reason,events,domain_events,bytes,cpu_ns,wall_ns,p50_ns,p95_ns,p99_ns,prepared_batches,load1_before,load1_after
4096,10,1024,1024,4,0,domain,1,bytes,10240,10240,42319872,13879884,14006543,14006143,14006143,14006143,1024,2.760,2.760
stderr:

[2026-07-15T17:57:25.379375+00:00] s0110 /home/bob/src/mess/.maw/workspaces/bn-1zv6/spikes/pwritev_group/target/release/pwritev_group prep-auto 4096 10 1024 4 new_name 0
stdout:
payload,events_per_batch,owner_units,physical_batches,writers,chain,unit_shape,iterations,stop_reason,events,domain_events,bytes,cpu_ns,wall_ns,p50_ns,p95_ns,p99_ns,prepared_batches,load1_before,load1_after
4096,10,1024,2048,4,0,new_name,1,bytes,11264,10240,42463232,13902603,13985942,13985632,13985632,13985632,2048,2.760,2.760
stderr:

[2026-07-15T17:57:26.407511+00:00] s0111 /home/bob/src/mess/.maw/workspaces/bn-1zv6/spikes/pwritev_group/target/release/pwritev_group prep-auto 4096 10 1025 4 domain 0
stdout:
payload,events_per_batch,owner_units,physical_batches,writers,chain,unit_shape,iterations,stop_reason,events,domain_events,bytes,cpu_ns,wall_ns,p50_ns,p95_ns,p99_ns,prepared_batches,load1_before,load1_after
4096,10,1025,1025,4,0,domain,1,bytes,10250,10250,42361200,13937584,14021683,14021223,14021223,14021223,1025,3.740,3.740
stderr:

[2026-07-15T17:57:27.435480+00:00] s0112 /home/bob/src/mess/.maw/workspaces/bn-1zv6/spikes/pwritev_group/target/release/pwritev_group prep-auto 4096 10 1025 4 new_name 0
stdout:
payload,events_per_batch,owner_units,physical_batches,writers,chain,unit_shape,iterations,stop_reason,events,domain_events,bytes,cpu_ns,wall_ns,p50_ns,p95_ns,p99_ns,prepared_batches,load1_before,load1_after
4096,10,1025,2050,4,0,new_name,1,bytes,11275,10250,42504700,16057914,16339862,16339552,16339552,16339552,2050,3.740,3.740
stderr:

[2026-07-15T17:57:28.466637+00:00] s0113 /home/bob/src/mess/.maw/workspaces/bn-1zv6/spikes/pwritev_group/target/release/pwritev_group prep-auto 4096 100 2 2 domain 0
stdout:
payload,events_per_batch,owner_units,physical_batches,writers,chain,unit_shape,iterations,stop_reason,events,domain_events,bytes,cpu_ns,wall_ns,p50_ns,p95_ns,p99_ns,prepared_batches,load1_before,load1_after
4096,100,2,2,2,0,domain,41,bytes,8200,8200,33824016,13565674,13821953,265610,360290,2415248,82,3.740,3.740
stderr:

[2026-07-15T17:57:29.495196+00:00] s0114 /home/bob/src/mess/.maw/workspaces/bn-1zv6/spikes/pwritev_group/target/release/pwritev_group prep-auto 4096 100 2 2 new_name 0
stdout:
payload,events_per_batch,owner_units,physical_batches,writers,chain,unit_shape,iterations,stop_reason,events,domain_events,bytes,cpu_ns,wall_ns,p50_ns,p95_ns,p99_ns,prepared_batches,load1_before,load1_after
4096,100,2,4,2,0,new_name,41,bytes,8282,8200,33835496,11114993,11349634,261860,330520,610419,164,3.740,3.740
stderr:

[2026-07-15T17:57:30.526649+00:00] s0115 /home/bob/src/mess/.maw/workspaces/bn-1zv6/spikes/pwritev_group/target/release/pwritev_group prep-auto 4096 100 4 4 domain 0
stdout:
payload,events_per_batch,owner_units,physical_batches,writers,chain,unit_shape,iterations,stop_reason,events,domain_events,bytes,cpu_ns,wall_ns,p50_ns,p95_ns,p99_ns,prepared_batches,load1_before,load1_after
4096,100,4,4,4,0,domain,21,bytes,8400,8400,34648992,11435292,11520844,530140,573869,886509,84,3.740,3.740
stderr:

[2026-07-15T17:57:31.557484+00:00] s0116 /home/bob/src/mess/.maw/workspaces/bn-1zv6/spikes/pwritev_group/target/release/pwritev_group prep-auto 4096 100 4 4 new_name 0
stdout:
payload,events_per_batch,owner_units,physical_batches,writers,chain,unit_shape,iterations,stop_reason,events,domain_events,bytes,cpu_ns,wall_ns,p50_ns,p95_ns,p99_ns,prepared_batches,load1_before,load1_after
4096,100,4,8,4,0,new_name,21,bytes,8484,8400,34660752,11380323,11462804,527559,549430,892459,168,4.570,4.570
stderr:

[2026-07-15T17:57:32.588437+00:00] s0117 /home/bob/src/mess/.maw/workspaces/bn-1zv6/spikes/pwritev_group/target/release/pwritev_group prep-auto 4096 1000 2 2 domain 0
stdout:
payload,events_per_batch,owner_units,physical_batches,writers,chain,unit_shape,iterations,stop_reason,events,domain_events,bytes,cpu_ns,wall_ns,p50_ns,p95_ns,p99_ns,prepared_batches,load1_before,load1_after
4096,1000,2,2,2,0,domain,5,bytes,10000,10000,41240880,14888694,15061772,2709228,4371977,4371977,10,4.570,4.570
stderr:

[2026-07-15T17:57:33.619155+00:00] s0118 /home/bob/src/mess/.maw/workspaces/bn-1zv6/spikes/pwritev_group/target/release/pwritev_group prep-auto 4096 1000 2 2 new_name 0
stdout:
payload,events_per_batch,owner_units,physical_batches,writers,chain,unit_shape,iterations,stop_reason,events,domain_events,bytes,cpu_ns,wall_ns,p50_ns,p95_ns,p99_ns,prepared_batches,load1_before,load1_after
4096,1000,2,4,2,0,new_name,5,bytes,10010,10000,41242280,15311974,15428702,2615799,4662178,4662178,20,4.570,4.570
stderr:

[2026-07-15T17:57:34.647719+00:00] s0119 /home/bob/src/mess/.maw/workspaces/bn-1zv6/spikes/pwritev_group/target/release/pwritev_group prep-auto 4096 1000 4 4 domain 0
stdout:
payload,events_per_batch,owner_units,physical_batches,writers,chain,unit_shape,iterations,stop_reason,events,domain_events,bytes,cpu_ns,wall_ns,p50_ns,p95_ns,p99_ns,prepared_batches,load1_before,load1_after
4096,1000,4,4,4,0,domain,3,bytes,12000,12000,49489056,18022605,18149781,5252477,7699516,7699516,12,4.570,4.570
stderr:

[2026-07-15T17:57:35.681213+00:00] s0120 /home/bob/src/mess/.maw/workspaces/bn-1zv6/spikes/pwritev_group/target/release/pwritev_group prep-auto 4096 1000 4 4 new_name 0
stdout:
payload,events_per_batch,owner_units,physical_batches,writers,chain,unit_shape,iterations,stop_reason,events,domain_events,bytes,cpu_ns,wall_ns,p50_ns,p95_ns,p99_ns,prepared_batches,load1_before,load1_after
4096,1000,4,8,4,0,new_name,3,bytes,12012,12000,49490736,17945175,18113831,5256397,7617287,7617287,24,4.570,4.570
stderr:

[2026-07-15T17:57:36.709039+00:00] s0121 /home/bob/src/mess/.maw/workspaces/bn-1zv6/spikes/pwritev_group/target/release/pwritev_group prep-auto 65536 1 2 2 domain 0
stdout:
payload,events_per_batch,owner_units,physical_batches,writers,chain,unit_shape,iterations,stop_reason,events,domain_events,bytes,cpu_ns,wall_ns,p50_ns,p95_ns,p99_ns,prepared_batches,load1_before,load1_after
65536,1,2,2,2,0,domain,256,bytes,512,512,33613824,11269382,11434384,41860,57690,80160,512,5.160,5.160
stderr:

[2026-07-15T17:57:37.737853+00:00] s0122 /home/bob/src/mess/.maw/workspaces/bn-1zv6/spikes/pwritev_group/target/release/pwritev_group prep-auto 65536 1 2 2 new_name 0
stdout:
payload,events_per_batch,owner_units,physical_batches,writers,chain,unit_shape,iterations,stop_reason,events,domain_events,bytes,cpu_ns,wall_ns,p50_ns,p95_ns,p99_ns,prepared_batches,load1_before,load1_after
65536,1,2,4,2,0,new_name,256,bytes,1024,512,33685504,12627074,12707064,42180,86270,129560,1024,5.160,5.160
stderr:

[2026-07-15T17:57:38.767338+00:00] s0123 /home/bob/src/mess/.maw/workspaces/bn-1zv6/spikes/pwritev_group/target/release/pwritev_group prep-auto 65536 1 4 4 domain 0
stdout:
payload,events_per_batch,owner_units,physical_batches,writers,chain,unit_shape,iterations,stop_reason,events,domain_events,bytes,cpu_ns,wall_ns,p50_ns,p95_ns,p99_ns,prepared_batches,load1_before,load1_after
65536,1,4,4,4,0,domain,128,bytes,512,512,33613824,11593693,11673144,83660,119420,167330,512,5.160,5.160
stderr:

[2026-07-15T17:57:39.790534+00:00] s0124 /home/bob/src/mess/.maw/workspaces/bn-1zv6/spikes/pwritev_group/target/release/pwritev_group prep-auto 65536 1 4 4 new_name 0
stdout:
payload,events_per_batch,owner_units,physical_batches,writers,chain,unit_shape,iterations,stop_reason,events,domain_events,bytes,cpu_ns,wall_ns,p50_ns,p95_ns,p99_ns,prepared_batches,load1_before,load1_after
65536,1,4,8,4,0,new_name,128,bytes,1024,512,33685504,11535423,11637564,89030,104450,117730,1024,5.160,5.160
stderr:

[2026-07-15T17:57:40.820218+00:00] s0125 /home/bob/src/mess/.maw/workspaces/bn-1zv6/spikes/pwritev_group/target/release/pwritev_group prep-auto 65536 10 2 2 domain 0
stdout:
payload,events_per_batch,owner_units,physical_batches,writers,chain,unit_shape,iterations,stop_reason,events,domain_events,bytes,cpu_ns,wall_ns,p50_ns,p95_ns,p99_ns,prepared_batches,load1_before,load1_after
65536,10,2,2,2,0,domain,26,bytes,520,520,34097856,11553353,11629904,417410,652680,937599,52,5.160,5.160
stderr:

[2026-07-15T17:57:41.852388+00:00] s0126 /home/bob/src/mess/.maw/workspaces/bn-1zv6/spikes/pwritev_group/target/release/pwritev_group prep-auto 65536 10 2 2 new_name 0
stdout:
payload,events_per_batch,owner_units,physical_batches,writers,chain,unit_shape,iterations,stop_reason,events,domain_events,bytes,cpu_ns,wall_ns,p50_ns,p95_ns,p99_ns,prepared_batches,load1_before,load1_after
65536,10,2,4,2,0,new_name,26,bytes,572,520,34105136,11708163,11795735,418050,687320,1071400,104,5.150,5.150
stderr:

[2026-07-15T17:57:42.884773+00:00] s0127 /home/bob/src/mess/.maw/workspaces/bn-1zv6/spikes/pwritev_group/target/release/pwritev_group prep-auto 65536 10 4 4 domain 0
stdout:
payload,events_per_batch,owner_units,physical_batches,writers,chain,unit_shape,iterations,stop_reason,events,domain_events,bytes,cpu_ns,wall_ns,p50_ns,p95_ns,p99_ns,prepared_batches,load1_before,load1_after
65536,10,4,4,4,0,domain,13,bytes,520,520,34097856,11665722,11761254,838410,1153020,1360239,52,5.150,5.150
stderr:

[2026-07-15T17:57:43.914702+00:00] s0128 /home/bob/src/mess/.maw/workspaces/bn-1zv6/spikes/pwritev_group/target/release/pwritev_group prep-auto 65536 10 4 4 new_name 0
stdout:
payload,events_per_batch,owner_units,physical_batches,writers,chain,unit_shape,iterations,stop_reason,events,domain_events,bytes,cpu_ns,wall_ns,p50_ns,p95_ns,p99_ns,prepared_batches,load1_before,load1_after
65536,10,4,8,4,0,new_name,13,bytes,572,520,34105136,12387123,12489864,926919,1099009,1381559,104,5.150,5.150
stderr:

[2026-07-15T17:57:44.942472+00:00] s0129 /home/bob/src/mess/.maw/workspaces/bn-1zv6/spikes/pwritev_group/target/release/pwritev_group prep-auto 65536 100 2 2 domain 0
stdout:
payload,events_per_batch,owner_units,physical_batches,writers,chain,unit_shape,iterations,stop_reason,events,domain_events,bytes,cpu_ns,wall_ns,p50_ns,p95_ns,p99_ns,prepared_batches,load1_before,load1_after
65536,100,2,2,2,0,domain,3,bytes,600,600,39338928,17326994,17433491,4212218,9059005,9059005,6,5.150,5.150
stderr:

[2026-07-15T17:57:45.970615+00:00] s0130 /home/bob/src/mess/.maw/workspaces/bn-1zv6/spikes/pwritev_group/target/release/pwritev_group prep-auto 65536 100 2 2 new_name 0
stdout:
payload,events_per_batch,owner_units,physical_batches,writers,chain,unit_shape,iterations,stop_reason,events,domain_events,bytes,cpu_ns,wall_ns,p50_ns,p95_ns,p99_ns,prepared_batches,load1_before,load1_after
65536,100,2,4,2,0,new_name,3,bytes,606,600,39339768,15848393,15954362,4212818,7535286,7535286,12,5.150,5.150
stderr:

[2026-07-15T17:57:46.996906+00:00] s0131 /home/bob/src/mess/.maw/workspaces/bn-1zv6/spikes/pwritev_group/target/release/pwritev_group prep-auto 65536 100 4 4 domain 0
stdout:
payload,events_per_batch,owner_units,physical_batches,writers,chain,unit_shape,iterations,stop_reason,events,domain_events,bytes,cpu_ns,wall_ns,p50_ns,p95_ns,p99_ns,prepared_batches,load1_before,load1_after
65536,100,4,4,4,0,domain,2,bytes,800,800,52451904,19575745,19716500,9904305,9904305,9904305,8,5.140,5.140
stderr:

[2026-07-15T17:57:48.028068+00:00] s0132 /home/bob/src/mess/.maw/workspaces/bn-1zv6/spikes/pwritev_group/target/release/pwritev_group prep-auto 65536 100 4 4 new_name 0
stdout:
payload,events_per_batch,owner_units,physical_batches,writers,chain,unit_shape,iterations,stop_reason,events,domain_events,bytes,cpu_ns,wall_ns,p50_ns,p95_ns,p99_ns,prepared_batches,load1_before,load1_after
65536,100,4,8,4,0,new_name,2,bytes,808,800,52453024,18156444,18280690,9912715,9912715,9912715,16,5.140,5.140
stderr:

[2026-07-15T17:57:49.052374+00:00] s0133 /home/bob/src/mess/.maw/workspaces/bn-1zv6/spikes/pwritev_group/target/release/pwritev_group prep-auto 65536 1000 2 2 domain 0
stdout:
payload,events_per_batch,owner_units,physical_batches,writers,chain,unit_shape,iterations,stop_reason,events,domain_events,bytes,cpu_ns,wall_ns,p50_ns,p95_ns,p99_ns,prepared_batches,load1_before,load1_after
65536,1000,2,2,2,0,domain,1,bytes,2000,2000,131128176,54912922,55354911,55353561,55353561,55353561,2,5.140,5.140
stderr:

[2026-07-15T17:57:50.082214+00:00] s0134 /home/bob/src/mess/.maw/workspaces/bn-1zv6/spikes/pwritev_group/target/release/pwritev_group prep-auto 65536 1000 2 2 new_name 0
stdout:
payload,events_per_batch,owner_units,physical_batches,writers,chain,unit_shape,iterations,stop_reason,events,domain_events,bytes,cpu_ns,wall_ns,p50_ns,p95_ns,p99_ns,prepared_batches,load1_before,load1_after
65536,1000,2,4,2,0,new_name,1,bytes,2002,2000,131128456,55479374,55988122,55986892,55986892,55986892,4,5.140,5.140
stderr:

[2026-07-15T17:57:51.117715+00:00] s0135 /home/bob/src/mess/.maw/workspaces/bn-1zv6/spikes/pwritev_group/target/release/pwritev_group prep-auto 65536 1000 4 4 domain 0
stdout:
payload,events_per_batch,owner_units,physical_batches,writers,chain,unit_shape,iterations,stop_reason,events,domain_events,bytes,cpu_ns,wall_ns,p50_ns,p95_ns,p99_ns,prepared_batches,load1_before,load1_after
65536,1000,4,4,4,0,domain,1,bytes,4000,4000,262256352,111777818,112960482,112959602,112959602,112959602,4,5.140,5.140
stderr:

[2026-07-15T17:57:52.148161+00:00] s0136 /home/bob/src/mess/.maw/workspaces/bn-1zv6/spikes/pwritev_group/target/release/pwritev_group prep-auto 65536 1000 4 4 new_name 0
stdout:
payload,events_per_batch,owner_units,physical_batches,writers,chain,unit_shape,iterations,stop_reason,events,domain_events,bytes,cpu_ns,wall_ns,p50_ns,p95_ns,p99_ns,prepared_batches,load1_before,load1_after
65536,1000,4,8,4,0,new_name,1,bytes,4004,4000,262256912,114392429,116142771,116142081,116142081,116142081,8,4.880,4.880
stderr:

[2026-07-15T17:57:53.169072+00:00] e000001 /home/bob/src/mess/.maw/workspaces/bn-1zv6/spikes/pwritev_group/target/release/pwritev_group point-auto k_pwrite process 24 1 2 2 domain 0
stdout:
variant,mode,payload,events_per_batch,owner_units,physical_batches,writers,chain,unit_shape,iterations,stop_reason,events,domain_events,bytes,write_syscalls,short_writes,interrupted,max_iovecs,copied_bytes,barriers,cpu_ns,wall_ns,p50_ns,p95_ns,p99_ns,load1_before,load1_after
k_pwrite,process,24,1,2,2,2,0,domain,119838,bytes,239676,239676,33554640,239676,0,0,0,0,0,192682237,194970050,1470,1730,1890,4.880,4.880
stderr:

[2026-07-15T17:57:54.193627+00:00] e000002 /home/bob/src/mess/.maw/workspaces/bn-1zv6/spikes/pwritev_group/target/release/pwritev_group point-auto pwritev_full_8m process 24 1 2 2 domain 0
stdout:
variant,mode,payload,events_per_batch,owner_units,physical_batches,writers,chain,unit_shape,iterations,stop_reason,events,domain_events,bytes,write_syscalls,short_writes,interrupted,max_iovecs,copied_bytes,barriers,cpu_ns,wall_ns,p50_ns,p95_ns,p99_ns,load1_before,load1_after
pwritev_full_8m,process,24,1,2,2,2,0,domain,119838,bytes,239676,239676,33554640,119838,0,0,2,0,0,117845349,118943469,900,1070,1180,4.880,4.880
stderr:

[2026-07-15T17:57:55.216348+00:00] e000003 /home/bob/src/mess/.maw/workspaces/bn-1zv6/spikes/pwritev_group/target/release/pwritev_group point-auto pwritev_full_8m process 24 1 2 2 domain 0
stdout:
variant,mode,payload,events_per_batch,owner_units,physical_batches,writers,chain,unit_shape,iterations,stop_reason,events,domain_events,bytes,write_syscalls,short_writes,interrupted,max_iovecs,copied_bytes,barriers,cpu_ns,wall_ns,p50_ns,p95_ns,p99_ns,load1_before,load1_after
pwritev_full_8m,process,24,1,2,2,2,0,domain,119838,bytes,239676,239676,33554640,119838,0,0,2,0,0,119736400,124006056,890,1070,1150,4.880,4.880
stderr:

[2026-07-15T17:57:56.247180+00:00] e000004 /home/bob/src/mess/.maw/workspaces/bn-1zv6/spikes/pwritev_group/target/release/pwritev_group point-auto k_pwrite process 24 1 2 2 domain 0
stdout:
variant,mode,payload,events_per_batch,owner_units,physical_batches,writers,chain,unit_shape,iterations,stop_reason,events,domain_events,bytes,write_syscalls,short_writes,interrupted,max_iovecs,copied_bytes,barriers,cpu_ns,wall_ns,p50_ns,p95_ns,p99_ns,load1_before,load1_after
k_pwrite,process,24,1,2,2,2,0,domain,119838,bytes,239676,239676,33554640,239676,0,0,0,0,0,185850957,187220224,1470,1650,1820,4.880,4.570
stderr:

[2026-07-15T17:57:57.274878+00:00] e000005 /home/bob/src/mess/.maw/workspaces/bn-1zv6/spikes/pwritev_group/target/release/pwritev_group point-auto copy_contiguous process 24 1 2 2 domain 0
stdout:
variant,mode,payload,events_per_batch,owner_units,physical_batches,writers,chain,unit_shape,iterations,stop_reason,events,domain_events,bytes,write_syscalls,short_writes,interrupted,max_iovecs,copied_bytes,barriers,cpu_ns,wall_ns,p50_ns,p95_ns,p99_ns,load1_before,load1_after
copy_contiguous,process,24,1,2,2,2,0,domain,119838,bytes,239676,239676,33554640,119838,0,0,0,33554640,0,109239888,111480343,790,950,1030,4.570,4.570
stderr:

[2026-07-15T17:57:58.302428+00:00] e000006 /home/bob/src/mess/.maw/workspaces/bn-1zv6/spikes/pwritev_group/target/release/pwritev_group point-auto k_pwrite process 24 1 2 2 domain 0
stdout:
variant,mode,payload,events_per_batch,owner_units,physical_batches,writers,chain,unit_shape,iterations,stop_reason,events,domain_events,bytes,write_syscalls,short_writes,interrupted,max_iovecs,copied_bytes,barriers,cpu_ns,wall_ns,p50_ns,p95_ns,p99_ns,load1_before,load1_after
k_pwrite,process,24,1,2,2,2,0,domain,119838,bytes,239676,239676,33554640,239676,0,0,0,0,0,194803359,196314459,1480,1830,1940,4.570,4.570
stderr:

[2026-07-15T17:57:59.332378+00:00] e000007 /home/bob/src/mess/.maw/workspaces/bn-1zv6/spikes/pwritev_group/target/release/pwritev_group point-auto k_pwrite process 24 1 2 2 domain 0
stdout:
variant,mode,payload,events_per_batch,owner_units,physical_batches,writers,chain,unit_shape,iterations,stop_reason,events,domain_events,bytes,write_syscalls,short_writes,interrupted,max_iovecs,copied_bytes,barriers,cpu_ns,wall_ns,p50_ns,p95_ns,p99_ns,load1_before,load1_after
k_pwrite,process,24,1,2,2,2,0,domain,119838,bytes,239676,239676,33554640,239676,0,0,0,0,0,190212508,192514561,1470,1750,1890,4.570,4.570
stderr:

[2026-07-15T17:58:00.362902+00:00] e000008 /home/bob/src/mess/.maw/workspaces/bn-1zv6/spikes/pwritev_group/target/release/pwritev_group point-auto copy_contiguous process 24 1 2 2 domain 0
stdout:
variant,mode,payload,events_per_batch,owner_units,physical_batches,writers,chain,unit_shape,iterations,stop_reason,events,domain_events,bytes,write_syscalls,short_writes,interrupted,max_iovecs,copied_bytes,barriers,cpu_ns,wall_ns,p50_ns,p95_ns,p99_ns,load1_before,load1_after
copy_contiguous,process,24,1,2,2,2,0,domain,119838,bytes,239676,239676,33554640,119838,0,0,0,33554640,0,108068018,109032333,800,940,1050,4.570,4.570
stderr:

[2026-07-15T17:58:01.394219+00:00] e000009 /home/bob/src/mess/.maw/workspaces/bn-1zv6/spikes/pwritev_group/target/release/pwritev_group point-auto k_pwrite process 24 1 2 2 new_name 0
stdout:
variant,mode,payload,events_per_batch,owner_units,physical_batches,writers,chain,unit_shape,iterations,stop_reason,events,domain_events,bytes,write_syscalls,short_writes,interrupted,max_iovecs,copied_bytes,barriers,cpu_ns,wall_ns,p50_ns,p95_ns,p99_ns,load1_before,load1_after
k_pwrite,process,24,1,2,4,2,0,new_name,59919,bytes,239676,119838,33554640,239676,0,0,0,0,0,190457098,192133321,2900,3710,4960,4.370,4.370
stderr:

[2026-07-15T17:58:02.425573+00:00] e000010 /home/bob/src/mess/.maw/workspaces/bn-1zv6/spikes/pwritev_group/target/release/pwritev_group point-auto pwritev_full_8m process 24 1 2 2 new_name 0
stdout:
variant,mode,payload,events_per_batch,owner_units,physical_batches,writers,chain,unit_shape,iterations,stop_reason,events,domain_events,bytes,write_syscalls,short_writes,interrupted,max_iovecs,copied_bytes,barriers,cpu_ns,wall_ns,p50_ns,p95_ns,p99_ns,load1_before,load1_after
pwritev_full_8m,process,24,1,2,4,2,0,new_name,59919,bytes,239676,119838,33554640,59919,0,0,4,0,0,67898458,69688854,990,1140,1300,4.370,4.370
stderr:

[2026-07-15T17:58:03.457678+00:00] e000011 /home/bob/src/mess/.maw/workspaces/bn-1zv6/spikes/pwritev_group/target/release/pwritev_group point-auto pwritev_full_8m process 24 1 2 2 new_name 0
stdout:
variant,mode,payload,events_per_batch,owner_units,physical_batches,writers,chain,unit_shape,iterations,stop_reason,events,domain_events,bytes,write_syscalls,short_writes,interrupted,max_iovecs,copied_bytes,barriers,cpu_ns,wall_ns,p50_ns,p95_ns,p99_ns,load1_before,load1_after
pwritev_full_8m,process,24,1,2,4,2,0,new_name,59919,bytes,239676,119838,33554640,59919,0,0,4,0,0,65222176,65877606,970,1210,1280,4.370,4.370
stderr:

[2026-07-15T17:58:04.484903+00:00] e000012 /home/bob/src/mess/.maw/workspaces/bn-1zv6/spikes/pwritev_group/target/release/pwritev_group point-auto k_pwrite process 24 1 2 2 new_name 0
stdout:
variant,mode,payload,events_per_batch,owner_units,physical_batches,writers,chain,unit_shape,iterations,stop_reason,events,domain_events,bytes,write_syscalls,short_writes,interrupted,max_iovecs,copied_bytes,barriers,cpu_ns,wall_ns,p50_ns,p95_ns,p99_ns,load1_before,load1_after
k_pwrite,process,24,1,2,4,2,0,new_name,59919,bytes,239676,119838,33554640,239676,0,0,0,0,0,182650056,184145525,2900,3530,3790,4.370,4.370
stderr:

[2026-07-15T17:58:05.514614+00:00] e000013 /home/bob/src/mess/.maw/workspaces/bn-1zv6/spikes/pwritev_group/target/release/pwritev_group point-auto copy_contiguous process 24 1 2 2 new_name 0
stdout:
variant,mode,payload,events_per_batch,owner_units,physical_batches,writers,chain,unit_shape,iterations,stop_reason,events,domain_events,bytes,write_syscalls,short_writes,interrupted,max_iovecs,copied_bytes,barriers,cpu_ns,wall_ns,p50_ns,p95_ns,p99_ns,load1_before,load1_after
copy_contiguous,process,24,1,2,4,2,0,new_name,59919,bytes,239676,119838,33554640,59919,0,0,0,33554640,0,56760635,57461911,810,1050,1110,4.370,4.370
stderr:

[2026-07-15T17:58:06.546159+00:00] e000014 /home/bob/src/mess/.maw/workspaces/bn-1zv6/spikes/pwritev_group/target/release/pwritev_group point-auto k_pwrite process 24 1 2 2 new_name 0
stdout:
variant,mode,payload,events_per_batch,owner_units,physical_batches,writers,chain,unit_shape,iterations,stop_reason,events,domain_events,bytes,write_syscalls,short_writes,interrupted,max_iovecs,copied_bytes,barriers,cpu_ns,wall_ns,p50_ns,p95_ns,p99_ns,load1_before,load1_after
k_pwrite,process,24,1,2,4,2,0,new_name,59919,bytes,239676,119838,33554640,239676,0,0,0,0,0,189631238,190994661,2880,3380,6850,4.180,4.180
stderr:

[2026-07-15T17:58:07.573959+00:00] e000015 /home/bob/src/mess/.maw/workspaces/bn-1zv6/spikes/pwritev_group/target/release/pwritev_group point-auto k_pwrite process 24 1 2 2 new_name 0
stdout:
variant,mode,payload,events_per_batch,owner_units,physical_batches,writers,chain,unit_shape,iterations,stop_reason,events,domain_events,bytes,write_syscalls,short_writes,interrupted,max_iovecs,copied_bytes,barriers,cpu_ns,wall_ns,p50_ns,p95_ns,p99_ns,load1_before,load1_after
k_pwrite,process,24,1,2,4,2,0,new_name,59919,bytes,239676,119838,33554640,239676,0,0,0,0,0,182926406,184811875,2890,3520,3790,4.180,4.180
stderr:

[2026-07-15T17:58:08.601794+00:00] e000016 /home/bob/src/mess/.maw/workspaces/bn-1zv6/spikes/pwritev_group/target/release/pwritev_group point-auto copy_contiguous process 24 1 2 2 new_name 0
stdout:
variant,mode,payload,events_per_batch,owner_units,physical_batches,writers,chain,unit_shape,iterations,stop_reason,events,domain_events,bytes,write_syscalls,short_writes,interrupted,max_iovecs,copied_bytes,barriers,cpu_ns,wall_ns,p50_ns,p95_ns,p99_ns,load1_before,load1_after
copy_contiguous,process,24,1,2,4,2,0,new_name,59919,bytes,239676,119838,33554640,59919,0,0,0,33554640,0,57732714,58875770,810,1030,1100,4.180,4.180
stderr:

[2026-07-15T17:58:09.627114+00:00] e000017 /home/bob/src/mess/.maw/workspaces/bn-1zv6/spikes/pwritev_group/target/release/pwritev_group point-auto k_pwrite process 24 1 4 4 domain 0
stdout:
variant,mode,payload,events_per_batch,owner_units,physical_batches,writers,chain,unit_shape,iterations,stop_reason,events,domain_events,bytes,write_syscalls,short_writes,interrupted,max_iovecs,copied_bytes,barriers,cpu_ns,wall_ns,p50_ns,p95_ns,p99_ns,load1_before,load1_after
k_pwrite,process,24,1,4,4,4,0,domain,59919,bytes,239676,239676,33554640,239676,0,0,0,0,0,182142556,183697115,2890,3470,3780,4.180,4.180
stderr:

[2026-07-15T17:58:10.657913+00:00] e000018 /home/bob/src/mess/.maw/workspaces/bn-1zv6/spikes/pwritev_group/target/release/pwritev_group point-auto pwritev_full_8m process 24 1 4 4 domain 0
stdout:
variant,mode,payload,events_per_batch,owner_units,physical_batches,writers,chain,unit_shape,iterations,stop_reason,events,domain_events,bytes,write_syscalls,short_writes,interrupted,max_iovecs,copied_bytes,barriers,cpu_ns,wall_ns,p50_ns,p95_ns,p99_ns,load1_before,load1_after
pwritev_full_8m,process,24,1,4,4,4,0,domain,59919,bytes,239676,239676,33554640,59919,0,0,4,0,0,63480046,64185977,960,1160,1210,4.180,4.180
stderr:

[2026-07-15T17:58:11.680689+00:00] e000019 /home/bob/src/mess/.maw/workspaces/bn-1zv6/spikes/pwritev_group/target/release/pwritev_group point-auto pwritev_full_8m process 24 1 4 4 domain 0
stdout:
variant,mode,payload,events_per_batch,owner_units,physical_batches,writers,chain,unit_shape,iterations,stop_reason,events,domain_events,bytes,write_syscalls,short_writes,interrupted,max_iovecs,copied_bytes,barriers,cpu_ns,wall_ns,p50_ns,p95_ns,p99_ns,load1_before,load1_after
pwritev_full_8m,process,24,1,4,4,4,0,domain,59919,bytes,239676,239676,33554640,59919,0,0,4,0,0,63511106,64028097,970,1150,1220,3.920,3.920
stderr:

[2026-07-15T17:58:12.708325+00:00] e000020 /home/bob/src/mess/.maw/workspaces/bn-1zv6/spikes/pwritev_group/target/release/pwritev_group point-auto k_pwrite process 24 1 4 4 domain 0
stdout:
variant,mode,payload,events_per_batch,owner_units,physical_batches,writers,chain,unit_shape,iterations,stop_reason,events,domain_events,bytes,write_syscalls,short_writes,interrupted,max_iovecs,copied_bytes,barriers,cpu_ns,wall_ns,p50_ns,p95_ns,p99_ns,load1_before,load1_after
k_pwrite,process,24,1,4,4,4,0,domain,59919,bytes,239676,239676,33554640,239676,0,0,0,0,0,182657666,184081725,2900,3520,3690,3.920,3.920
stderr:

[2026-07-15T17:58:13.731013+00:00] e000021 /home/bob/src/mess/.maw/workspaces/bn-1zv6/spikes/pwritev_group/target/release/pwritev_group point-auto copy_contiguous process 24 1 4 4 domain 0
stdout:
variant,mode,payload,events_per_batch,owner_units,physical_batches,writers,chain,unit_shape,iterations,stop_reason,events,domain_events,bytes,write_syscalls,short_writes,interrupted,max_iovecs,copied_bytes,barriers,cpu_ns,wall_ns,p50_ns,p95_ns,p99_ns,load1_before,load1_after
copy_contiguous,process,24,1,4,4,4,0,domain,59919,bytes,239676,239676,33554640,59919,0,0,0,33554640,0,56568404,57156100,810,930,1030,3.920,3.920
stderr:

[2026-07-15T17:58:14.756003+00:00] e000022 /home/bob/src/mess/.maw/workspaces/bn-1zv6/spikes/pwritev_group/target/release/pwritev_group point-auto k_pwrite process 24 1 4 4 domain 0
stdout:
variant,mode,payload,events_per_batch,owner_units,physical_batches,writers,chain,unit_shape,iterations,stop_reason,events,domain_events,bytes,write_syscalls,short_writes,interrupted,max_iovecs,copied_bytes,barriers,cpu_ns,wall_ns,p50_ns,p95_ns,p99_ns,load1_before,load1_after
k_pwrite,process,24,1,4,4,4,0,domain,59919,bytes,239676,239676,33554640,239676,0,0,0,0,0,182929586,184382955,2890,3510,3750,3.920,3.920
stderr:

[2026-07-15T17:58:15.785123+00:00] e000023 /home/bob/src/mess/.maw/workspaces/bn-1zv6/spikes/pwritev_group/target/release/pwritev_group point-auto k_pwrite process 24 1 4 4 domain 0
stdout:
variant,mode,payload,events_per_batch,owner_units,physical_batches,writers,chain,unit_shape,iterations,stop_reason,events,domain_events,bytes,write_syscalls,short_writes,interrupted,max_iovecs,copied_bytes,barriers,cpu_ns,wall_ns,p50_ns,p95_ns,p99_ns,load1_before,load1_after
k_pwrite,process,24,1,4,4,4,0,domain,59919,bytes,239676,239676,33554640,239676,0,0,0,0,0,182278405,183593234,2900,3510,3720,3.920,3.920
stderr:

[2026-07-15T17:58:16.817360+00:00] e000024 /home/bob/src/mess/.maw/workspaces/bn-1zv6/spikes/pwritev_group/target/release/pwritev_group point-auto copy_contiguous process 24 1 4 4 domain 0
stdout:
variant,mode,payload,events_per_batch,owner_units,physical_batches,writers,chain,unit_shape,iterations,stop_reason,events,domain_events,bytes,write_syscalls,short_writes,interrupted,max_iovecs,copied_bytes,barriers,cpu_ns,wall_ns,p50_ns,p95_ns,p99_ns,load1_before,load1_after
copy_contiguous,process,24,1,4,4,4,0,domain,59919,bytes,239676,239676,33554640,59919,0,0,0,33554640,0,54239654,54647172,810,990,1060,3.770,3.770
stderr:

[2026-07-15T17:58:17.848646+00:00] e000025 /home/bob/src/mess/.maw/workspaces/bn-1zv6/spikes/pwritev_group/target/release/pwritev_group point-auto k_pwrite process 24 1 4 4 new_name 0
stdout:
variant,mode,payload,events_per_batch,owner_units,physical_batches,writers,chain,unit_shape,iterations,stop_reason,events,domain_events,bytes,write_syscalls,short_writes,interrupted,max_iovecs,copied_bytes,barriers,cpu_ns,wall_ns,p50_ns,p95_ns,p99_ns,load1_before,load1_after
k_pwrite,process,24,1,4,8,4,0,new_name,29960,bytes,239680,119840,33555200,239680,0,0,0,0,0,184460834,187187713,5740,6760,14970,3.770,3.770
stderr:

[2026-07-15T17:58:18.869727+00:00] e000026 /home/bob/src/mess/.maw/workspaces/bn-1zv6/spikes/pwritev_group/target/release/pwritev_group point-auto pwritev_full_8m process 24 1 4 4 new_name 0
stdout:
variant,mode,payload,events_per_batch,owner_units,physical_batches,writers,chain,unit_shape,iterations,stop_reason,events,domain_events,bytes,write_syscalls,short_writes,interrupted,max_iovecs,copied_bytes,barriers,cpu_ns,wall_ns,p50_ns,p95_ns,p99_ns,load1_before,load1_after
pwritev_full_8m,process,24,1,4,8,4,0,new_name,29960,bytes,239680,119840,33555200,29960,0,0,8,0,0,36133679,36428391,1120,1180,1390,3.770,3.770
stderr:

[2026-07-15T17:58:19.900713+00:00] e000027 /home/bob/src/mess/.maw/workspaces/bn-1zv6/spikes/pwritev_group/target/release/pwritev_group point-auto pwritev_full_8m process 24 1 4 4 new_name 0
stdout:
variant,mode,payload,events_per_batch,owner_units,physical_batches,writers,chain,unit_shape,iterations,stop_reason,events,domain_events,bytes,write_syscalls,short_writes,interrupted,max_iovecs,copied_bytes,barriers,cpu_ns,wall_ns,p50_ns,p95_ns,p99_ns,load1_before,load1_after
pwritev_full_8m,process,24,1,4,8,4,0,new_name,29960,bytes,239680,119840,33555200,29960,0,0,8,0,0,36033329,36232131,1110,1320,1380,3.770,3.770
stderr:

[2026-07-15T17:58:20.930457+00:00] e000028 /home/bob/src/mess/.maw/workspaces/bn-1zv6/spikes/pwritev_group/target/release/pwritev_group point-auto k_pwrite process 24 1 4 4 new_name 0
stdout:
variant,mode,payload,events_per_batch,owner_units,physical_batches,writers,chain,unit_shape,iterations,stop_reason,events,domain_events,bytes,write_syscalls,short_writes,interrupted,max_iovecs,copied_bytes,barriers,cpu_ns,wall_ns,p50_ns,p95_ns,p99_ns,load1_before,load1_after
k_pwrite,process,24,1,4,8,4,0,new_name,29960,bytes,239680,119840,33555200,239680,0,0,0,0,0,180373075,182425236,5700,6840,8900,3.770,3.770
stderr:

[2026-07-15T17:58:21.961377+00:00] e000029 /home/bob/src/mess/.maw/workspaces/bn-1zv6/spikes/pwritev_group/target/release/pwritev_group point-auto copy_contiguous process 24 1 4 4 new_name 0
stdout:
variant,mode,payload,events_per_batch,owner_units,physical_batches,writers,chain,unit_shape,iterations,stop_reason,events,domain_events,bytes,write_syscalls,short_writes,interrupted,max_iovecs,copied_bytes,barriers,cpu_ns,wall_ns,p50_ns,p95_ns,p99_ns,load1_before,load1_after
copy_contiguous,process,24,1,4,8,4,0,new_name,29960,bytes,239680,119840,33555200,29960,0,0,0,33555200,0,27896287,28751115,850,980,1100,3.550,3.550
stderr:

[2026-07-15T17:58:22.991673+00:00] e000030 /home/bob/src/mess/.maw/workspaces/bn-1zv6/spikes/pwritev_group/target/release/pwritev_group point-auto k_pwrite process 24 1 4 4 new_name 0
stdout:
variant,mode,payload,events_per_batch,owner_units,physical_batches,writers,chain,unit_shape,iterations,stop_reason,events,domain_events,bytes,write_syscalls,short_writes,interrupted,max_iovecs,copied_bytes,barriers,cpu_ns,wall_ns,p50_ns,p95_ns,p99_ns,load1_before,load1_after
k_pwrite,process,24,1,4,8,4,0,new_name,29960,bytes,239680,119840,33555200,239680,0,0,0,0,0,181019806,183371864,5710,7050,8500,3.550,3.550
stderr:

[2026-07-15T17:58:24.021677+00:00] e000031 /home/bob/src/mess/.maw/workspaces/bn-1zv6/spikes/pwritev_group/target/release/pwritev_group point-auto k_pwrite process 24 1 4 4 new_name 0
stdout:
variant,mode,payload,events_per_batch,owner_units,physical_batches,writers,chain,unit_shape,iterations,stop_reason,events,domain_events,bytes,write_syscalls,short_writes,interrupted,max_iovecs,copied_bytes,barriers,cpu_ns,wall_ns,p50_ns,p95_ns,p99_ns,load1_before,load1_after
k_pwrite,process,24,1,4,8,4,0,new_name,29960,bytes,239680,119840,33555200,239680,0,0,0,0,0,179171825,181459656,5730,6450,11980,3.550,3.550
stderr:

[2026-07-15T17:58:25.042984+00:00] e000032 /home/bob/src/mess/.maw/workspaces/bn-1zv6/spikes/pwritev_group/target/release/pwritev_group point-auto copy_contiguous process 24 1 4 4 new_name 0
stdout:
variant,mode,payload,events_per_batch,owner_units,physical_batches,writers,chain,unit_shape,iterations,stop_reason,events,domain_events,bytes,write_syscalls,short_writes,interrupted,max_iovecs,copied_bytes,barriers,cpu_ns,wall_ns,p50_ns,p95_ns,p99_ns,load1_before,load1_after
copy_contiguous,process,24,1,4,8,4,0,new_name,29960,bytes,239680,119840,33555200,29960,0,0,0,33555200,0,28001737,28348205,850,910,1070,3.550,3.550
stderr:

[2026-07-15T17:58:26.067067+00:00] e000033 /home/bob/src/mess/.maw/workspaces/bn-1zv6/spikes/pwritev_group/target/release/pwritev_group point-auto k_pwrite process 24 1 16 4 domain 0
stdout:
variant,mode,payload,events_per_batch,owner_units,physical_batches,writers,chain,unit_shape,iterations,stop_reason,events,domain_events,bytes,write_syscalls,short_writes,interrupted,max_iovecs,copied_bytes,barriers,cpu_ns,wall_ns,p50_ns,p95_ns,p99_ns,load1_before,load1_after
k_pwrite,process,24,1,16,16,4,0,domain,14980,bytes,239680,239680,33555200,239680,0,0,0,0,0,182575786,184157634,11350,14370,21760,3.550,3.550
stderr:

[2026-07-15T17:58:27.091831+00:00] e000034 /home/bob/src/mess/.maw/workspaces/bn-1zv6/spikes/pwritev_group/target/release/pwritev_group point-auto pwritev_full_8m process 24 1 16 4 domain 0
stdout:
variant,mode,payload,events_per_batch,owner_units,physical_batches,writers,chain,unit_shape,iterations,stop_reason,events,domain_events,bytes,write_syscalls,short_writes,interrupted,max_iovecs,copied_bytes,barriers,cpu_ns,wall_ns,p50_ns,p95_ns,p99_ns,load1_before,load1_after
pwritev_full_8m,process,24,1,16,16,4,0,domain,14980,bytes,239680,239680,33555200,14980,0,0,16,0,0,26656626,26872416,1460,1910,3230,3.500,3.500
stderr:

[2026-07-15T17:58:28.116525+00:00] e000035 /home/bob/src/mess/.maw/workspaces/bn-1zv6/spikes/pwritev_group/target/release/pwritev_group point-auto pwritev_full_8m process 24 1 16 4 domain 0
stdout:
variant,mode,payload,events_per_batch,owner_units,physical_batches,writers,chain,unit_shape,iterations,stop_reason,events,domain_events,bytes,write_syscalls,short_writes,interrupted,max_iovecs,copied_bytes,barriers,cpu_ns,wall_ns,p50_ns,p95_ns,p99_ns,load1_before,load1_after
pwritev_full_8m,process,24,1,16,16,4,0,domain,14980,bytes,239680,239680,33555200,14980,0,0,16,0,0,26578676,26823336,1470,1800,7540,3.500,3.500
stderr:

[2026-07-15T17:58:29.149212+00:00] e000036 /home/bob/src/mess/.maw/workspaces/bn-1zv6/spikes/pwritev_group/target/release/pwritev_group point-auto k_pwrite process 24 1 16 4 domain 0
stdout:
variant,mode,payload,events_per_batch,owner_units,physical_batches,writers,chain,unit_shape,iterations,stop_reason,events,domain_events,bytes,write_syscalls,short_writes,interrupted,max_iovecs,copied_bytes,barriers,cpu_ns,wall_ns,p50_ns,p95_ns,p99_ns,load1_before,load1_after
k_pwrite,process,24,1,16,16,4,0,domain,14980,bytes,239680,239680,33555200,239680,0,0,0,0,0,178071125,179867447,11340,13440,20080,3.500,3.500
stderr:

[2026-07-15T17:58:30.177665+00:00] e000037 /home/bob/src/mess/.maw/workspaces/bn-1zv6/spikes/pwritev_group/target/release/pwritev_group point-auto copy_contiguous process 24 1 16 4 domain 0
stdout:
variant,mode,payload,events_per_batch,owner_units,physical_batches,writers,chain,unit_shape,iterations,stop_reason,events,domain_events,bytes,write_syscalls,short_writes,interrupted,max_iovecs,copied_bytes,barriers,cpu_ns,wall_ns,p50_ns,p95_ns,p99_ns,load1_before,load1_after
copy_contiguous,process,24,1,16,16,4,0,domain,14980,bytes,239680,239680,33555200,14980,0,0,0,33555200,0,14714184,15033651,900,1080,1150,3.500,3.500
stderr:

[2026-07-15T17:58:31.200643+00:00] e000038 /home/bob/src/mess/.maw/workspaces/bn-1zv6/spikes/pwritev_group/target/release/pwritev_group point-auto k_pwrite process 24 1 16 4 domain 0
stdout:
variant,mode,payload,events_per_batch,owner_units,physical_batches,writers,chain,unit_shape,iterations,stop_reason,events,domain_events,bytes,write_syscalls,short_writes,interrupted,max_iovecs,copied_bytes,barriers,cpu_ns,wall_ns,p50_ns,p95_ns,p99_ns,load1_before,load1_after
k_pwrite,process,24,1,16,16,4,0,domain,14980,bytes,239680,239680,33555200,239680,0,0,0,0,0,186426237,187779493,11380,14540,22930,3.500,3.540
stderr:

[2026-07-15T17:58:32.224204+00:00] e000039 /home/bob/src/mess/.maw/workspaces/bn-1zv6/spikes/pwritev_group/target/release/pwritev_group point-auto k_pwrite process 24 1 16 4 domain 0
stdout:
variant,mode,payload,events_per_batch,owner_units,physical_batches,writers,chain,unit_shape,iterations,stop_reason,events,domain_events,bytes,write_syscalls,short_writes,interrupted,max_iovecs,copied_bytes,barriers,cpu_ns,wall_ns,p50_ns,p95_ns,p99_ns,load1_before,load1_after
k_pwrite,process,24,1,16,16,4,0,domain,14980,bytes,239680,239680,33555200,239680,0,0,0,0,0,182454236,184692404,11440,14370,24360,3.540,3.540
stderr:

[2026-07-15T17:58:33.247935+00:00] e000040 /home/bob/src/mess/.maw/workspaces/bn-1zv6/spikes/pwritev_group/target/release/pwritev_group point-auto copy_contiguous process 24 1 16 4 domain 0
stdout:
variant,mode,payload,events_per_batch,owner_units,physical_batches,writers,chain,unit_shape,iterations,stop_reason,events,domain_events,bytes,write_syscalls,short_writes,interrupted,max_iovecs,copied_bytes,barriers,cpu_ns,wall_ns,p50_ns,p95_ns,p99_ns,load1_before,load1_after
copy_contiguous,process,24,1,16,16,4,0,domain,14980,bytes,239680,239680,33555200,14980,0,0,0,33555200,0,14955274,15068842,910,1140,1310,3.540,3.540
stderr:

[2026-07-15T17:58:34.269029+00:00] e000041 /home/bob/src/mess/.maw/workspaces/bn-1zv6/spikes/pwritev_group/target/release/pwritev_group point-auto k_pwrite process 24 1 16 4 new_name 0
stdout:
variant,mode,payload,events_per_batch,owner_units,physical_batches,writers,chain,unit_shape,iterations,stop_reason,events,domain_events,bytes,write_syscalls,short_writes,interrupted,max_iovecs,copied_bytes,barriers,cpu_ns,wall_ns,p50_ns,p95_ns,p99_ns,load1_before,load1_after
k_pwrite,process,24,1,16,32,4,0,new_name,7490,bytes,239680,119840,33555200,239680,0,0,0,0,0,183193827,187053522,23300,29030,41250,3.540,3.540
stderr:

[2026-07-15T17:58:35.297536+00:00] e000042 /home/bob/src/mess/.maw/workspaces/bn-1zv6/spikes/pwritev_group/target/release/pwritev_group point-auto pwritev_full_8m process 24 1 16 4 new_name 0
stdout:
variant,mode,payload,events_per_batch,owner_units,physical_batches,writers,chain,unit_shape,iterations,stop_reason,events,domain_events,bytes,write_syscalls,short_writes,interrupted,max_iovecs,copied_bytes,barriers,cpu_ns,wall_ns,p50_ns,p95_ns,p99_ns,load1_before,load1_after
pwritev_full_8m,process,24,1,16,32,4,0,new_name,7490,bytes,239680,119840,33555200,7490,0,0,32,0,0,19075305,19186990,2450,2720,3010,3.540,3.540
stderr:

[2026-07-15T17:58:36.321935+00:00] e000043 /home/bob/src/mess/.maw/workspaces/bn-1zv6/spikes/pwritev_group/target/release/pwritev_group point-auto pwritev_full_8m process 24 1 16 4 new_name 0
stdout:
variant,mode,payload,events_per_batch,owner_units,physical_batches,writers,chain,unit_shape,iterations,stop_reason,events,domain_events,bytes,write_syscalls,short_writes,interrupted,max_iovecs,copied_bytes,barriers,cpu_ns,wall_ns,p50_ns,p95_ns,p99_ns,load1_before,load1_after
pwritev_full_8m,process,24,1,16,32,4,0,new_name,7490,bytes,239680,119840,33555200,7490,0,0,32,0,0,20268375,20448089,2440,2940,3920,3.420,3.420
stderr:

[2026-07-15T17:58:37.344161+00:00] e000044 /home/bob/src/mess/.maw/workspaces/bn-1zv6/spikes/pwritev_group/target/release/pwritev_group point-auto k_pwrite process 24 1 16 4 new_name 0
stdout:
variant,mode,payload,events_per_batch,owner_units,physical_batches,writers,chain,unit_shape,iterations,stop_reason,events,domain_events,bytes,write_syscalls,short_writes,interrupted,max_iovecs,copied_bytes,barriers,cpu_ns,wall_ns,p50_ns,p95_ns,p99_ns,load1_before,load1_after
k_pwrite,process,24,1,16,32,4,0,new_name,7490,bytes,239680,119840,33555200,239680,0,0,0,0,0,187003927,189105031,23070,28840,52730,3.420,3.420
stderr:

[2026-07-15T17:58:38.366640+00:00] e000045 /home/bob/src/mess/.maw/workspaces/bn-1zv6/spikes/pwritev_group/target/release/pwritev_group point-auto copy_contiguous process 24 1 16 4 new_name 0
stdout:
variant,mode,payload,events_per_batch,owner_units,physical_batches,writers,chain,unit_shape,iterations,stop_reason,events,domain_events,bytes,write_syscalls,short_writes,interrupted,max_iovecs,copied_bytes,barriers,cpu_ns,wall_ns,p50_ns,p95_ns,p99_ns,load1_before,load1_after
copy_contiguous,process,24,1,16,32,4,0,new_name,7490,bytes,239680,119840,33555200,7490,0,0,0,33555200,0,11275102,11389533,1390,1750,1830,3.420,3.420
stderr:

[2026-07-15T17:58:39.395427+00:00] e000046 /home/bob/src/mess/.maw/workspaces/bn-1zv6/spikes/pwritev_group/target/release/pwritev_group point-auto k_pwrite process 24 1 16 4 new_name 0
stdout:
variant,mode,payload,events_per_batch,owner_units,physical_batches,writers,chain,unit_shape,iterations,stop_reason,events,domain_events,bytes,write_syscalls,short_writes,interrupted,max_iovecs,copied_bytes,barriers,cpu_ns,wall_ns,p50_ns,p95_ns,p99_ns,load1_before,load1_after
k_pwrite,process,24,1,16,32,4,0,new_name,7490,bytes,239680,119840,33555200,239680,0,0,0,0,0,183940016,185304684,23150,29040,37790,3.420,3.420
stderr:

[2026-07-15T17:58:40.426293+00:00] e000047 /home/bob/src/mess/.maw/workspaces/bn-1zv6/spikes/pwritev_group/target/release/pwritev_group point-auto k_pwrite process 24 1 16 4 new_name 0
stdout:
variant,mode,payload,events_per_batch,owner_units,physical_batches,writers,chain,unit_shape,iterations,stop_reason,events,domain_events,bytes,write_syscalls,short_writes,interrupted,max_iovecs,copied_bytes,barriers,cpu_ns,wall_ns,p50_ns,p95_ns,p99_ns,load1_before,load1_after
k_pwrite,process,24,1,16,32,4,0,new_name,7490,bytes,239680,119840,33555200,239680,0,0,0,0,0,180270545,182138375,23070,29350,36280,3.420,3.420
stderr:

[2026-07-15T17:58:41.458833+00:00] e000048 /home/bob/src/mess/.maw/workspaces/bn-1zv6/spikes/pwritev_group/target/release/pwritev_group point-auto copy_contiguous process 24 1 16 4 new_name 0
stdout:
variant,mode,payload,events_per_batch,owner_units,physical_batches,writers,chain,unit_shape,iterations,stop_reason,events,domain_events,bytes,write_syscalls,short_writes,interrupted,max_iovecs,copied_bytes,barriers,cpu_ns,wall_ns,p50_ns,p95_ns,p99_ns,load1_before,load1_after
copy_contiguous,process,24,1,16,32,4,0,new_name,7490,bytes,239680,119840,33555200,7490,0,0,0,33555200,0,11562073,11609564,1400,1820,2460,3.220,3.220
stderr:

[2026-07-15T17:58:42.482198+00:00] e000049 /home/bob/src/mess/.maw/workspaces/bn-1zv6/spikes/pwritev_group/target/release/pwritev_group point-auto k_pwrite process 24 1 64 4 domain 0
stdout:
variant,mode,payload,events_per_batch,owner_units,physical_batches,writers,chain,unit_shape,iterations,stop_reason,events,domain_events,bytes,write_syscalls,short_writes,interrupted,max_iovecs,copied_bytes,barriers,cpu_ns,wall_ns,p50_ns,p95_ns,p99_ns,load1_before,load1_after
k_pwrite,process,24,1,64,64,4,0,domain,3745,bytes,239680,239680,33555200,239680,0,0,0,0,0,177288305,179810306,46320,56800,62069,3.220,3.220
stderr:

[2026-07-15T17:58:43.510097+00:00] e000050 /home/bob/src/mess/.maw/workspaces/bn-1zv6/spikes/pwritev_group/target/release/pwritev_group point-auto pwritev_full_8m process 24 1 64 4 domain 0
stdout:
variant,mode,payload,events_per_batch,owner_units,physical_batches,writers,chain,unit_shape,iterations,stop_reason,events,domain_events,bytes,write_syscalls,short_writes,interrupted,max_iovecs,copied_bytes,barriers,cpu_ns,wall_ns,p50_ns,p95_ns,p99_ns,load1_before,load1_after
pwritev_full_8m,process,24,1,64,64,4,0,domain,3745,bytes,239680,239680,33555200,3745,0,0,64,0,0,15764584,15952302,4050,4790,5590,3.220,3.220
stderr:

[2026-07-15T17:58:44.534286+00:00] e000051 /home/bob/src/mess/.maw/workspaces/bn-1zv6/spikes/pwritev_group/target/release/pwritev_group point-auto pwritev_full_8m process 24 1 64 4 domain 0
stdout:
variant,mode,payload,events_per_batch,owner_units,physical_batches,writers,chain,unit_shape,iterations,stop_reason,events,domain_events,bytes,write_syscalls,short_writes,interrupted,max_iovecs,copied_bytes,barriers,cpu_ns,wall_ns,p50_ns,p95_ns,p99_ns,load1_before,load1_after
pwritev_full_8m,process,24,1,64,64,4,0,domain,3745,bytes,239680,239680,33555200,3745,0,0,64,0,0,17969454,18464320,4050,4830,24010,3.220,3.220
stderr:

[2026-07-15T17:58:45.557613+00:00] e000052 /home/bob/src/mess/.maw/workspaces/bn-1zv6/spikes/pwritev_group/target/release/pwritev_group point-auto k_pwrite process 24 1 64 4 domain 0
stdout:
variant,mode,payload,events_per_batch,owner_units,physical_batches,writers,chain,unit_shape,iterations,stop_reason,events,domain_events,bytes,write_syscalls,short_writes,interrupted,max_iovecs,copied_bytes,barriers,cpu_ns,wall_ns,p50_ns,p95_ns,p99_ns,load1_before,load1_after
k_pwrite,process,24,1,64,64,4,0,domain,3745,bytes,239680,239680,33555200,239680,0,0,0,0,0,188578957,190663920,46590,56210,187160,3.220,3.220
stderr:

[2026-07-15T17:58:46.588288+00:00] e000053 /home/bob/src/mess/.maw/workspaces/bn-1zv6/spikes/pwritev_group/target/release/pwritev_group point-auto copy_contiguous process 24 1 64 4 domain 0
stdout:
variant,mode,payload,events_per_batch,owner_units,physical_batches,writers,chain,unit_shape,iterations,stop_reason,events,domain_events,bytes,write_syscalls,short_writes,interrupted,max_iovecs,copied_bytes,barriers,cpu_ns,wall_ns,p50_ns,p95_ns,p99_ns,load1_before,load1_after
copy_contiguous,process,24,1,64,64,4,0,domain,3745,bytes,239680,239680,33555200,3745,0,0,0,33555200,0,7826872,7875686,1980,2460,2600,3.050,3.050
stderr:

[2026-07-15T17:58:47.620217+00:00] e000054 /home/bob/src/mess/.maw/workspaces/bn-1zv6/spikes/pwritev_group/target/release/pwritev_group point-auto k_pwrite process 24 1 64 4 domain 0
stdout:
variant,mode,payload,events_per_batch,owner_units,physical_batches,writers,chain,unit_shape,iterations,stop_reason,events,domain_events,bytes,write_syscalls,short_writes,interrupted,max_iovecs,copied_bytes,barriers,cpu_ns,wall_ns,p50_ns,p95_ns,p99_ns,load1_before,load1_after
k_pwrite,process,24,1,64,64,4,0,domain,3745,bytes,239680,239680,33555200,239680,0,0,0,0,0,184990595,189041351,46350,57570,80100,3.050,3.050
stderr:

[2026-07-15T17:58:48.650342+00:00] e000055 /home/bob/src/mess/.maw/workspaces/bn-1zv6/spikes/pwritev_group/target/release/pwritev_group point-auto k_pwrite process 24 1 64 4 domain 0
stdout:
variant,mode,payload,events_per_batch,owner_units,physical_batches,writers,chain,unit_shape,iterations,stop_reason,events,domain_events,bytes,write_syscalls,short_writes,interrupted,max_iovecs,copied_bytes,barriers,cpu_ns,wall_ns,p50_ns,p95_ns,p99_ns,load1_before,load1_after
k_pwrite,process,24,1,64,64,4,0,domain,3745,bytes,239680,239680,33555200,239680,0,0,0,0,0,187924527,189678411,46489,57770,122300,3.050,3.050
stderr:

[2026-07-15T17:58:49.671665+00:00] e000056 /home/bob/src/mess/.maw/workspaces/bn-1zv6/spikes/pwritev_group/target/release/pwritev_group point-auto copy_contiguous process 24 1 64 4 domain 0
stdout:
variant,mode,payload,events_per_batch,owner_units,physical_batches,writers,chain,unit_shape,iterations,stop_reason,events,domain_events,bytes,write_syscalls,short_writes,interrupted,max_iovecs,copied_bytes,barriers,cpu_ns,wall_ns,p50_ns,p95_ns,p99_ns,load1_before,load1_after
copy_contiguous,process,24,1,64,64,4,0,domain,3745,bytes,239680,239680,33555200,3745,0,0,0,33555200,0,7776502,7833845,1990,2020,2590,3.050,3.050
stderr:

[2026-07-15T17:58:50.701546+00:00] e000057 /home/bob/src/mess/.maw/workspaces/bn-1zv6/spikes/pwritev_group/target/release/pwritev_group point-auto k_pwrite process 24 1 64 4 new_name 0
stdout:
variant,mode,payload,events_per_batch,owner_units,physical_batches,writers,chain,unit_shape,iterations,stop_reason,events,domain_events,bytes,write_syscalls,short_writes,interrupted,max_iovecs,copied_bytes,barriers,cpu_ns,wall_ns,p50_ns,p95_ns,p99_ns,load1_before,load1_after
k_pwrite,process,24,1,64,128,4,0,new_name,1873,bytes,239744,119872,33564160,239744,0,0,0,0,0,180212364,184493063,93090,111540,127249,3.050,3.050
stderr:

[2026-07-15T17:58:51.728036+00:00] e000058 /home/bob/src/mess/.maw/workspaces/bn-1zv6/spikes/pwritev_group/target/release/pwritev_group point-auto pwritev_full_8m process 24 1 64 4 new_name 0
stdout:
variant,mode,payload,events_per_batch,owner_units,physical_batches,writers,chain,unit_shape,iterations,stop_reason,events,domain_events,bytes,write_syscalls,short_writes,interrupted,max_iovecs,copied_bytes,barriers,cpu_ns,wall_ns,p50_ns,p95_ns,p99_ns,load1_before,load1_after
pwritev_full_8m,process,24,1,64,128,4,0,new_name,1873,bytes,239744,119872,33564160,1873,0,0,128,0,0,15190044,15690011,7000,9010,29510,2.880,2.880
stderr:

[2026-07-15T17:58:52.753605+00:00] e000059 /home/bob/src/mess/.maw/workspaces/bn-1zv6/spikes/pwritev_group/target/release/pwritev_group point-auto pwritev_full_8m process 24 1 64 4 new_name 0
stdout:
variant,mode,payload,events_per_batch,owner_units,physical_batches,writers,chain,unit_shape,iterations,stop_reason,events,domain_events,bytes,write_syscalls,short_writes,interrupted,max_iovecs,copied_bytes,barriers,cpu_ns,wall_ns,p50_ns,p95_ns,p99_ns,load1_before,load1_after
pwritev_full_8m,process,24,1,64,128,4,0,new_name,1873,bytes,239744,119872,33564160,1873,0,0,128,0,0,13567773,13742053,6990,8170,14110,2.880,2.880
stderr:

[2026-07-15T17:58:53.775295+00:00] e000060 /home/bob/src/mess/.maw/workspaces/bn-1zv6/spikes/pwritev_group/target/release/pwritev_group point-auto k_pwrite process 24 1 64 4 new_name 0
stdout:
variant,mode,payload,events_per_batch,owner_units,physical_batches,writers,chain,unit_shape,iterations,stop_reason,events,domain_events,bytes,write_syscalls,short_writes,interrupted,max_iovecs,copied_bytes,barriers,cpu_ns,wall_ns,p50_ns,p95_ns,p99_ns,load1_before,load1_after
k_pwrite,process,24,1,64,128,4,0,new_name,1873,bytes,239744,119872,33564160,239744,0,0,0,0,0,183559215,184923533,92870,109910,128740,2.880,2.880
stderr:

[2026-07-15T17:58:54.802850+00:00] e000061 /home/bob/src/mess/.maw/workspaces/bn-1zv6/spikes/pwritev_group/target/release/pwritev_group point-auto pwritev_64_8m process 24 1 64 4 new_name 0
stdout:
variant,mode,payload,events_per_batch,owner_units,physical_batches,writers,chain,unit_shape,iterations,stop_reason,events,domain_events,bytes,write_syscalls,short_writes,interrupted,max_iovecs,copied_bytes,barriers,cpu_ns,wall_ns,p50_ns,p95_ns,p99_ns,load1_before,load1_after
pwritev_64_8m,process,24,1,64,128,4,0,new_name,1873,bytes,239744,119872,33564160,3746,0,0,64,0,0,15859374,15988421,8180,9250,14830,2.880,2.880
stderr:

[2026-07-15T17:58:55.833910+00:00] e000062 /home/bob/src/mess/.maw/workspaces/bn-1zv6/spikes/pwritev_group/target/release/pwritev_group point-auto k_pwrite process 24 1 64 4 new_name 0
stdout:
variant,mode,payload,events_per_batch,owner_units,physical_batches,writers,chain,unit_shape,iterations,stop_reason,events,domain_events,bytes,write_syscalls,short_writes,interrupted,max_iovecs,copied_bytes,barriers,cpu_ns,wall_ns,p50_ns,p95_ns,p99_ns,load1_before,load1_after
k_pwrite,process,24,1,64,128,4,0,new_name,1873,bytes,239744,119872,33564160,239744,0,0,0,0,0,181714845,183537613,93540,117900,133760,2.880,2.880
stderr:

[2026-07-15T17:58:56.863182+00:00] e000063 /home/bob/src/mess/.maw/workspaces/bn-1zv6/spikes/pwritev_group/target/release/pwritev_group point-auto k_pwrite process 24 1 64 4 new_name 0
stdout:
variant,mode,payload,events_per_batch,owner_units,physical_batches,writers,chain,unit_shape,iterations,stop_reason,events,domain_events,bytes,write_syscalls,short_writes,interrupted,max_iovecs,copied_bytes,barriers,cpu_ns,wall_ns,p50_ns,p95_ns,p99_ns,load1_before,load1_after
k_pwrite,process,24,1,64,128,4,0,new_name,1873,bytes,239744,119872,33564160,239744,0,0,0,0,0,188338436,190455690,93209,108810,257520,2.650,2.650
stderr:

[2026-07-15T17:58:57.895457+00:00] e000064 /home/bob/src/mess/.maw/workspaces/bn-1zv6/spikes/pwritev_group/target/release/pwritev_group point-auto pwritev_64_8m process 24 1 64 4 new_name 0
stdout:
variant,mode,payload,events_per_batch,owner_units,physical_batches,writers,chain,unit_shape,iterations,stop_reason,events,domain_events,bytes,write_syscalls,short_writes,interrupted,max_iovecs,copied_bytes,barriers,cpu_ns,wall_ns,p50_ns,p95_ns,p99_ns,load1_before,load1_after
pwritev_64_8m,process,24,1,64,128,4,0,new_name,1873,bytes,239744,119872,33564160,3746,0,0,64,0,0,15888714,16143941,8160,8490,16280,2.650,2.650
stderr:

[2026-07-15T17:58:58.926863+00:00] e000065 /home/bob/src/mess/.maw/workspaces/bn-1zv6/spikes/pwritev_group/target/release/pwritev_group point-auto k_pwrite process 24 1 64 4 new_name 0
stdout:
variant,mode,payload,events_per_batch,owner_units,physical_batches,writers,chain,unit_shape,iterations,stop_reason,events,domain_events,bytes,write_syscalls,short_writes,interrupted,max_iovecs,copied_bytes,barriers,cpu_ns,wall_ns,p50_ns,p95_ns,p99_ns,load1_before,load1_after
k_pwrite,process,24,1,64,128,4,0,new_name,1873,bytes,239744,119872,33564160,239744,0,0,0,0,0,190374468,192854039,93370,113950,403290,2.650,2.650
stderr:

[2026-07-15T17:58:59.951885+00:00] e000066 /home/bob/src/mess/.maw/workspaces/bn-1zv6/spikes/pwritev_group/target/release/pwritev_group point-auto copy_contiguous process 24 1 64 4 new_name 0
stdout:
variant,mode,payload,events_per_batch,owner_units,physical_batches,writers,chain,unit_shape,iterations,stop_reason,events,domain_events,bytes,write_syscalls,short_writes,interrupted,max_iovecs,copied_bytes,barriers,cpu_ns,wall_ns,p50_ns,p95_ns,p99_ns,load1_before,load1_after
copy_contiguous,process,24,1,64,128,4,0,new_name,1873,bytes,239744,119872,33564160,1873,0,0,0,33564160,0,5694891,5737306,2970,2990,3310,2.650,2.650
stderr:

[2026-07-15T17:59:00.982714+00:00] e000067 /home/bob/src/mess/.maw/workspaces/bn-1zv6/spikes/pwritev_group/target/release/pwritev_group point-auto copy_contiguous process 24 1 64 4 new_name 0
stdout:
variant,mode,payload,events_per_batch,owner_units,physical_batches,writers,chain,unit_shape,iterations,stop_reason,events,domain_events,bytes,write_syscalls,short_writes,interrupted,max_iovecs,copied_bytes,barriers,cpu_ns,wall_ns,p50_ns,p95_ns,p99_ns,load1_before,load1_after
copy_contiguous,process,24,1,64,128,4,0,new_name,1873,bytes,239744,119872,33564160,1873,0,0,0,33564160,0,5688571,5733447,2940,2970,3840,2.650,2.650
stderr:

[2026-07-15T17:59:02.004783+00:00] e000068 /home/bob/src/mess/.maw/workspaces/bn-1zv6/spikes/pwritev_group/target/release/pwritev_group point-auto k_pwrite process 24 1 64 4 new_name 0
stdout:
variant,mode,payload,events_per_batch,owner_units,physical_batches,writers,chain,unit_shape,iterations,stop_reason,events,domain_events,bytes,write_syscalls,short_writes,interrupted,max_iovecs,copied_bytes,barriers,cpu_ns,wall_ns,p50_ns,p95_ns,p99_ns,load1_before,load1_after
k_pwrite,process,24,1,64,128,4,0,new_name,1873,bytes,239744,119872,33564160,239744,0,0,0,0,0,178319675,179638075,93180,112490,123920,2.440,2.440
stderr:

[2026-07-15T17:59:03.036654+00:00] e000069 /home/bob/src/mess/.maw/workspaces/bn-1zv6/spikes/pwritev_group/target/release/pwritev_group point-auto pwritev_full_8m process 24 1 256 4 domain 0
stdout:
variant,mode,payload,events_per_batch,owner_units,physical_batches,writers,chain,unit_shape,iterations,stop_reason,events,domain_events,bytes,write_syscalls,short_writes,interrupted,max_iovecs,copied_bytes,barriers,cpu_ns,wall_ns,p50_ns,p95_ns,p99_ns,load1_before,load1_after
pwritev_full_8m,process,24,1,256,256,4,0,domain,937,bytes,239872,239872,33582080,937,0,0,256,0,0,11813523,12015023,12420,12740,18350,2.440,2.440
stderr:

[2026-07-15T17:59:04.066945+00:00] e000070 /home/bob/src/mess/.maw/workspaces/bn-1zv6/spikes/pwritev_group/target/release/pwritev_group point-auto k_pwrite process 24 1 256 4 domain 0
stdout:
variant,mode,payload,events_per_batch,owner_units,physical_batches,writers,chain,unit_shape,iterations,stop_reason,events,domain_events,bytes,write_syscalls,short_writes,interrupted,max_iovecs,copied_bytes,barriers,cpu_ns,wall_ns,p50_ns,p95_ns,p99_ns,load1_before,load1_after
k_pwrite,process,24,1,256,256,4,0,domain,937,bytes,239872,239872,33582080,239872,0,0,0,0,0,183846216,185447412,187810,232880,328900,2.440,2.440
stderr:

[2026-07-15T17:59:05.096122+00:00] e000071 /home/bob/src/mess/.maw/workspaces/bn-1zv6/spikes/pwritev_group/target/release/pwritev_group point-auto k_pwrite process 24 1 256 4 domain 0
stdout:
variant,mode,payload,events_per_batch,owner_units,physical_batches,writers,chain,unit_shape,iterations,stop_reason,events,domain_events,bytes,write_syscalls,short_writes,interrupted,max_iovecs,copied_bytes,barriers,cpu_ns,wall_ns,p50_ns,p95_ns,p99_ns,load1_before,load1_after
k_pwrite,process,24,1,256,256,4,0,domain,937,bytes,239872,239872,33582080,239872,0,0,0,0,0,186472687,189213830,186490,211790,282820,2.440,2.440
stderr:

[2026-07-15T17:59:06.121783+00:00] e000072 /home/bob/src/mess/.maw/workspaces/bn-1zv6/spikes/pwritev_group/target/release/pwritev_group point-auto pwritev_full_8m process 24 1 256 4 domain 0
stdout:
variant,mode,payload,events_per_batch,owner_units,physical_batches,writers,chain,unit_shape,iterations,stop_reason,events,domain_events,bytes,write_syscalls,short_writes,interrupted,max_iovecs,copied_bytes,barriers,cpu_ns,wall_ns,p50_ns,p95_ns,p99_ns,load1_before,load1_after
pwritev_full_8m,process,24,1,256,256,4,0,domain,937,bytes,239872,239872,33582080,937,0,0,256,0,0,11749052,11862514,12390,13400,20410,2.440,2.440
stderr:

[2026-07-15T17:59:07.145710+00:00] e000073 /home/bob/src/mess/.maw/workspaces/bn-1zv6/spikes/pwritev_group/target/release/pwritev_group point-auto k_pwrite process 24 1 256 4 domain 0
stdout:
variant,mode,payload,events_per_batch,owner_units,physical_batches,writers,chain,unit_shape,iterations,stop_reason,events,domain_events,bytes,write_syscalls,short_writes,interrupted,max_iovecs,copied_bytes,barriers,cpu_ns,wall_ns,p50_ns,p95_ns,p99_ns,load1_before,load1_after
k_pwrite,process,24,1,256,256,4,0,domain,937,bytes,239872,239872,33582080,239872,0,0,0,0,0,188967528,191626288,187600,232510,848689,2.240,2.240
stderr:

[2026-07-15T17:59:08.173384+00:00] e000074 /home/bob/src/mess/.maw/workspaces/bn-1zv6/spikes/pwritev_group/target/release/pwritev_group point-auto pwritev_64_8m process 24 1 256 4 domain 0
stdout:
variant,mode,payload,events_per_batch,owner_units,physical_batches,writers,chain,unit_shape,iterations,stop_reason,events,domain_events,bytes,write_syscalls,short_writes,interrupted,max_iovecs,copied_bytes,barriers,cpu_ns,wall_ns,p50_ns,p95_ns,p99_ns,load1_before,load1_after
pwritev_64_8m,process,24,1,256,256,4,0,domain,937,bytes,239872,239872,33582080,3748,0,0,64,0,0,15662784,15793101,16380,18580,25710,2.240,2.240
stderr:

[2026-07-15T17:59:09.202767+00:00] e000075 /home/bob/src/mess/.maw/workspaces/bn-1zv6/spikes/pwritev_group/target/release/pwritev_group point-auto pwritev_64_8m process 24 1 256 4 domain 0
stdout:
variant,mode,payload,events_per_batch,owner_units,physical_batches,writers,chain,unit_shape,iterations,stop_reason,events,domain_events,bytes,write_syscalls,short_writes,interrupted,max_iovecs,copied_bytes,barriers,cpu_ns,wall_ns,p50_ns,p95_ns,p99_ns,load1_before,load1_after
pwritev_64_8m,process,24,1,256,256,4,0,domain,937,bytes,239872,239872,33582080,3748,0,0,64,0,0,15707052,15837282,16320,19120,25930,2.240,2.240
stderr:

[2026-07-15T17:59:10.232766+00:00] e000076 /home/bob/src/mess/.maw/workspaces/bn-1zv6/spikes/pwritev_group/target/release/pwritev_group point-auto k_pwrite process 24 1 256 4 domain 0
stdout:
variant,mode,payload,events_per_batch,owner_units,physical_batches,writers,chain,unit_shape,iterations,stop_reason,events,domain_events,bytes,write_syscalls,short_writes,interrupted,max_iovecs,copied_bytes,barriers,cpu_ns,wall_ns,p50_ns,p95_ns,p99_ns,load1_before,load1_after
k_pwrite,process,24,1,256,256,4,0,domain,937,bytes,239872,239872,33582080,239872,0,0,0,0,0,189255757,190639589,187640,209970,431049,2.240,2.240
stderr:

[2026-07-15T17:59:11.263180+00:00] e000077 /home/bob/src/mess/.maw/workspaces/bn-1zv6/spikes/pwritev_group/target/release/pwritev_group point-auto copy_contiguous process 24 1 256 4 domain 0
stdout:
variant,mode,payload,events_per_batch,owner_units,physical_batches,writers,chain,unit_shape,iterations,stop_reason,events,domain_events,bytes,write_syscalls,short_writes,interrupted,max_iovecs,copied_bytes,barriers,cpu_ns,wall_ns,p50_ns,p95_ns,p99_ns,load1_before,load1_after
copy_contiguous,process,24,1,256,256,4,0,domain,937,bytes,239872,239872,33582080,937,0,0,0,33582080,0,4415501,4473407,4500,5940,7500,2.240,2.240
stderr:

[2026-07-15T17:59:12.293971+00:00] e000078 /home/bob/src/mess/.maw/workspaces/bn-1zv6/spikes/pwritev_group/target/release/pwritev_group point-auto k_pwrite process 24 1 256 4 domain 0
stdout:
variant,mode,payload,events_per_batch,owner_units,physical_batches,writers,chain,unit_shape,iterations,stop_reason,events,domain_events,bytes,write_syscalls,short_writes,interrupted,max_iovecs,copied_bytes,barriers,cpu_ns,wall_ns,p50_ns,p95_ns,p99_ns,load1_before,load1_after
k_pwrite,process,24,1,256,256,4,0,domain,937,bytes,239872,239872,33582080,239872,0,0,0,0,0,193542857,195501646,186500,235190,1110010,2.540,2.540
stderr:

[2026-07-15T17:59:13.325471+00:00] e000079 /home/bob/src/mess/.maw/workspaces/bn-1zv6/spikes/pwritev_group/target/release/pwritev_group point-auto k_pwrite process 24 1 256 4 domain 0
stdout:
variant,mode,payload,events_per_batch,owner_units,physical_batches,writers,chain,unit_shape,iterations,stop_reason,events,domain_events,bytes,write_syscalls,short_writes,interrupted,max_iovecs,copied_bytes,barriers,cpu_ns,wall_ns,p50_ns,p95_ns,p99_ns,load1_before,load1_after
k_pwrite,process,24,1,256,256,4,0,domain,937,bytes,239872,239872,33582080,239872,0,0,0,0,0,182617986,184366133,188030,230920,293990,2.540,2.540
stderr:

[2026-07-15T17:59:14.359614+00:00] e000080 /home/bob/src/mess/.maw/workspaces/bn-1zv6/spikes/pwritev_group/target/release/pwritev_group point-auto copy_contiguous process 24 1 256 4 domain 0
stdout:
variant,mode,payload,events_per_batch,owner_units,physical_batches,writers,chain,unit_shape,iterations,stop_reason,events,domain_events,bytes,write_syscalls,short_writes,interrupted,max_iovecs,copied_bytes,barriers,cpu_ns,wall_ns,p50_ns,p95_ns,p99_ns,load1_before,load1_after
copy_contiguous,process,24,1,256,256,4,0,domain,937,bytes,239872,239872,33582080,937,0,0,0,33582080,0,4413681,4457377,4470,5640,6140,2.540,2.540
stderr:

[2026-07-15T17:59:15.382523+00:00] e000081 /home/bob/src/mess/.maw/workspaces/bn-1zv6/spikes/pwritev_group/target/release/pwritev_group point-auto k_pwrite process 24 1 256 4 new_name 0
stdout:
variant,mode,payload,events_per_batch,owner_units,physical_batches,writers,chain,unit_shape,iterations,stop_reason,events,domain_events,bytes,write_syscalls,short_writes,interrupted,max_iovecs,copied_bytes,barriers,cpu_ns,wall_ns,p50_ns,p95_ns,p99_ns,load1_before,load1_after
k_pwrite,process,24,1,256,512,4,0,new_name,469,bytes,240128,120064,33617920,240128,0,0,0,0,0,188733758,190367849,374710,450630,1482869,2.540,2.540
stderr:

[2026-07-15T17:59:16.410763+00:00] e000082 /home/bob/src/mess/.maw/workspaces/bn-1zv6/spikes/pwritev_group/target/release/pwritev_group point-auto pwritev_full_8m process 24 1 256 4 new_name 0
stdout:
variant,mode,payload,events_per_batch,owner_units,physical_batches,writers,chain,unit_shape,iterations,stop_reason,events,domain_events,bytes,write_syscalls,short_writes,interrupted,max_iovecs,copied_bytes,barriers,cpu_ns,wall_ns,p50_ns,p95_ns,p99_ns,load1_before,load1_after
pwritev_full_8m,process,24,1,256,512,4,0,new_name,469,bytes,240128,120064,33617920,469,0,0,512,0,0,11069712,11154324,23080,28610,30490,2.660,2.660
stderr:

[2026-07-15T17:59:17.440009+00:00] e000083 /home/bob/src/mess/.maw/workspaces/bn-1zv6/spikes/pwritev_group/target/release/pwritev_group point-auto pwritev_full_8m process 24 1 256 4 new_name 0
stdout:
variant,mode,payload,events_per_batch,owner_units,physical_batches,writers,chain,unit_shape,iterations,stop_reason,events,domain_events,bytes,write_syscalls,short_writes,interrupted,max_iovecs,copied_bytes,barriers,cpu_ns,wall_ns,p50_ns,p95_ns,p99_ns,load1_before,load1_after
pwritev_full_8m,process,24,1,256,512,4,0,new_name,469,bytes,240128,120064,33617920,469,0,0,512,0,0,10931893,10995024,23100,24920,29840,2.660,2.660
stderr:

[2026-07-15T17:59:18.469957+00:00] e000084 /home/bob/src/mess/.maw/workspaces/bn-1zv6/spikes/pwritev_group/target/release/pwritev_group point-auto k_pwrite process 24 1 256 4 new_name 0
stdout:
variant,mode,payload,events_per_batch,owner_units,physical_batches,writers,chain,unit_shape,iterations,stop_reason,events,domain_events,bytes,write_syscalls,short_writes,interrupted,max_iovecs,copied_bytes,barriers,cpu_ns,wall_ns,p50_ns,p95_ns,p99_ns,load1_before,load1_after
k_pwrite,process,24,1,256,512,4,0,new_name,469,bytes,240128,120064,33617920,240128,0,0,0,0,0,184071307,187038740,376130,471759,780350,2.660,2.660
stderr:

[2026-07-15T17:59:19.499469+00:00] e000085 /home/bob/src/mess/.maw/workspaces/bn-1zv6/spikes/pwritev_group/target/release/pwritev_group point-auto pwritev_256_8m process 24 1 256 4 new_name 0
stdout:
variant,mode,payload,events_per_batch,owner_units,physical_batches,writers,chain,unit_shape,iterations,stop_reason,events,domain_events,bytes,write_syscalls,short_writes,interrupted,max_iovecs,copied_bytes,barriers,cpu_ns,wall_ns,p50_ns,p95_ns,p99_ns,load1_before,load1_after
pwritev_256_8m,process,24,1,256,512,4,0,new_name,469,bytes,240128,120064,33617920,938,0,0,256,0,0,14388593,14493882,25090,32560,115870,2.660,2.660
stderr:

[2026-07-15T17:59:20.524719+00:00] e000086 /home/bob/src/mess/.maw/workspaces/bn-1zv6/spikes/pwritev_group/target/release/pwritev_group point-auto k_pwrite process 24 1 256 4 new_name 0
stdout:
variant,mode,payload,events_per_batch,owner_units,physical_batches,writers,chain,unit_shape,iterations,stop_reason,events,domain_events,bytes,write_syscalls,short_writes,interrupted,max_iovecs,copied_bytes,barriers,cpu_ns,wall_ns,p50_ns,p95_ns,p99_ns,load1_before,load1_after
k_pwrite,process,24,1,256,512,4,0,new_name,469,bytes,240128,120064,33617920,240128,0,0,0,0,0,191570728,193585377,378430,476520,992179,2.660,2.660
stderr:

[2026-07-15T17:59:21.547612+00:00] e000087 /home/bob/src/mess/.maw/workspaces/bn-1zv6/spikes/pwritev_group/target/release/pwritev_group point-auto k_pwrite process 24 1 256 4 new_name 0
stdout:
variant,mode,payload,events_per_batch,owner_units,physical_batches,writers,chain,unit_shape,iterations,stop_reason,events,domain_events,bytes,write_syscalls,short_writes,interrupted,max_iovecs,copied_bytes,barriers,cpu_ns,wall_ns,p50_ns,p95_ns,p99_ns,load1_before,load1_after
k_pwrite,process,24,1,256,512,4,0,new_name,469,bytes,240128,120064,33617920,240128,0,0,0,0,0,179025544,182096223,376580,423510,595930,3.170,3.170
stderr:

[2026-07-15T17:59:22.575630+00:00] e000088 /home/bob/src/mess/.maw/workspaces/bn-1zv6/spikes/pwritev_group/target/release/pwritev_group point-auto pwritev_256_8m process 24 1 256 4 new_name 0
stdout:
variant,mode,payload,events_per_batch,owner_units,physical_batches,writers,chain,unit_shape,iterations,stop_reason,events,domain_events,bytes,write_syscalls,short_writes,interrupted,max_iovecs,copied_bytes,barriers,cpu_ns,wall_ns,p50_ns,p95_ns,p99_ns,load1_before,load1_after
pwritev_256_8m,process,24,1,256,512,4,0,new_name,469,bytes,240128,120064,33617920,938,0,0,256,0,0,12057403,12130424,25230,28340,32800,3.170,3.170
stderr:

[2026-07-15T17:59:23.598923+00:00] e000089 /home/bob/src/mess/.maw/workspaces/bn-1zv6/spikes/pwritev_group/target/release/pwritev_group point-auto k_pwrite process 24 1 256 4 new_name 0
stdout:
variant,mode,payload,events_per_batch,owner_units,physical_batches,writers,chain,unit_shape,iterations,stop_reason,events,domain_events,bytes,write_syscalls,short_writes,interrupted,max_iovecs,copied_bytes,barriers,cpu_ns,wall_ns,p50_ns,p95_ns,p99_ns,load1_before,load1_after
k_pwrite,process,24,1,256,512,4,0,new_name,469,bytes,240128,120064,33617920,240128,0,0,0,0,0,184064635,186421201,376270,489240,813659,3.170,3.170
stderr:

[2026-07-15T17:59:24.627091+00:00] e000090 /home/bob/src/mess/.maw/workspaces/bn-1zv6/spikes/pwritev_group/target/release/pwritev_group point-auto pwritev_64_8m process 24 1 256 4 new_name 0
stdout:
variant,mode,payload,events_per_batch,owner_units,physical_batches,writers,chain,unit_shape,iterations,stop_reason,events,domain_events,bytes,write_syscalls,short_writes,interrupted,max_iovecs,copied_bytes,barriers,cpu_ns,wall_ns,p50_ns,p95_ns,p99_ns,load1_before,load1_after
pwritev_64_8m,process,24,1,256,512,4,0,new_name,469,bytes,240128,120064,33617920,3752,0,0,64,0,0,16857874,17210871,32930,40760,101380,3.170,3.170
stderr:

[2026-07-15T17:59:25.658371+00:00] e000091 /home/bob/src/mess/.maw/workspaces/bn-1zv6/spikes/pwritev_group/target/release/pwritev_group point-auto pwritev_64_8m process 24 1 256 4 new_name 0
stdout:
variant,mode,payload,events_per_batch,owner_units,physical_batches,writers,chain,unit_shape,iterations,stop_reason,events,domain_events,bytes,write_syscalls,short_writes,interrupted,max_iovecs,copied_bytes,barriers,cpu_ns,wall_ns,p50_ns,p95_ns,p99_ns,load1_before,load1_after
pwritev_64_8m,process,24,1,256,512,4,0,new_name,469,bytes,240128,120064,33617920,3752,0,0,64,0,0,16260984,16380741,32940,41490,66620,3.170,3.170
stderr:

[2026-07-15T17:59:26.682357+00:00] e000092 /home/bob/src/mess/.maw/workspaces/bn-1zv6/spikes/pwritev_group/target/release/pwritev_group point-auto k_pwrite process 24 1 256 4 new_name 0
stdout:
variant,mode,payload,events_per_batch,owner_units,physical_batches,writers,chain,unit_shape,iterations,stop_reason,events,domain_events,bytes,write_syscalls,short_writes,interrupted,max_iovecs,copied_bytes,barriers,cpu_ns,wall_ns,p50_ns,p95_ns,p99_ns,load1_before,load1_after
k_pwrite,process,24,1,256,512,4,0,new_name,469,bytes,240128,120064,33617920,240128,0,0,0,0,0,181787355,183743903,379430,425939,703759,3.080,3.080
stderr:

[2026-07-15T17:59:27.710101+00:00] e000093 /home/bob/src/mess/.maw/workspaces/bn-1zv6/spikes/pwritev_group/target/release/pwritev_group point-auto copy_contiguous process 24 1 256 4 new_name 0
stdout:
variant,mode,payload,events_per_batch,owner_units,physical_batches,writers,chain,unit_shape,iterations,stop_reason,events,domain_events,bytes,write_syscalls,short_writes,interrupted,max_iovecs,copied_bytes,barriers,cpu_ns,wall_ns,p50_ns,p95_ns,p99_ns,load1_before,load1_after
copy_contiguous,process,24,1,256,512,4,0,new_name,469,bytes,240128,120064,33617920,469,0,0,0,33617920,0,3579191,3612338,7400,7810,10520,3.080,3.080
stderr:

[2026-07-15T17:59:28.737647+00:00] e000094 /home/bob/src/mess/.maw/workspaces/bn-1zv6/spikes/pwritev_group/target/release/pwritev_group point-auto k_pwrite process 24 1 256 4 new_name 0
stdout:
variant,mode,payload,events_per_batch,owner_units,physical_batches,writers,chain,unit_shape,iterations,stop_reason,events,domain_events,bytes,write_syscalls,short_writes,interrupted,max_iovecs,copied_bytes,barriers,cpu_ns,wall_ns,p50_ns,p95_ns,p99_ns,load1_before,load1_after
k_pwrite,process,24,1,256,512,4,0,new_name,469,bytes,240128,120064,33617920,240128,0,0,0,0,0,181592126,183159852,377590,458109,663919,3.080,3.080
stderr:

[2026-07-15T17:59:29.762947+00:00] e000095 /home/bob/src/mess/.maw/workspaces/bn-1zv6/spikes/pwritev_group/target/release/pwritev_group point-auto k_pwrite process 24 1 256 4 new_name 0
stdout:
variant,mode,payload,events_per_batch,owner_units,physical_batches,writers,chain,unit_shape,iterations,stop_reason,events,domain_events,bytes,write_syscalls,short_writes,interrupted,max_iovecs,copied_bytes,barriers,cpu_ns,wall_ns,p50_ns,p95_ns,p99_ns,load1_before,load1_after
k_pwrite,process,24,1,256,512,4,0,new_name,469,bytes,240128,120064,33617920,240128,0,0,0,0,0,181404046,182732653,377840,475569,632799,3.080,3.080
stderr:

[2026-07-15T17:59:30.797529+00:00] e000096 /home/bob/src/mess/.maw/workspaces/bn-1zv6/spikes/pwritev_group/target/release/pwritev_group point-auto copy_contiguous process 24 1 256 4 new_name 0
stdout:
variant,mode,payload,events_per_batch,owner_units,physical_batches,writers,chain,unit_shape,iterations,stop_reason,events,domain_events,bytes,write_syscalls,short_writes,interrupted,max_iovecs,copied_bytes,barriers,cpu_ns,wall_ns,p50_ns,p95_ns,p99_ns,load1_before,load1_after
copy_contiguous,process,24,1,256,512,4,0,new_name,469,bytes,240128,120064,33617920,469,0,0,0,33617920,0,4482161,4547577,9220,12410,20760,3.080,3.080
stderr:

[2026-07-15T17:59:31.828476+00:00] e000097 /home/bob/src/mess/.maw/workspaces/bn-1zv6/spikes/pwritev_group/target/release/pwritev_group point-auto k_pwrite process 24 1 1024 4 domain 0
stdout:
variant,mode,payload,events_per_batch,owner_units,physical_batches,writers,chain,unit_shape,iterations,stop_reason,events,domain_events,bytes,write_syscalls,short_writes,interrupted,max_iovecs,copied_bytes,barriers,cpu_ns,wall_ns,p50_ns,p95_ns,p99_ns,load1_before,load1_after
k_pwrite,process,24,1,1024,1024,4,0,domain,235,bytes,240640,240640,33689600,240640,0,0,0,0,0,185702417,189294529,754800,970200,1894509,3.310,3.310
stderr:

[2026-07-15T17:59:32.860688+00:00] e000098 /home/bob/src/mess/.maw/workspaces/bn-1zv6/spikes/pwritev_group/target/release/pwritev_group point-auto pwritev_full_8m process 24 1 1024 4 domain 0
stdout:
variant,mode,payload,events_per_batch,owner_units,physical_batches,writers,chain,unit_shape,iterations,stop_reason,events,domain_events,bytes,write_syscalls,short_writes,interrupted,max_iovecs,copied_bytes,barriers,cpu_ns,wall_ns,p50_ns,p95_ns,p99_ns,load1_before,load1_after
pwritev_full_8m,process,24,1,1024,1024,4,0,domain,235,bytes,240640,240640,33689600,235,0,0,1024,0,0,13667582,14536552,44610,58470,745199,3.310,3.310
stderr:

[2026-07-15T17:59:33.891792+00:00] e000099 /home/bob/src/mess/.maw/workspaces/bn-1zv6/spikes/pwritev_group/target/release/pwritev_group point-auto pwritev_full_8m process 24 1 1024 4 domain 0
stdout:
variant,mode,payload,events_per_batch,owner_units,physical_batches,writers,chain,unit_shape,iterations,stop_reason,events,domain_events,bytes,write_syscalls,short_writes,interrupted,max_iovecs,copied_bytes,barriers,cpu_ns,wall_ns,p50_ns,p95_ns,p99_ns,load1_before,load1_after
pwritev_full_8m,process,24,1,1024,1024,4,0,domain,235,bytes,240640,240640,33689600,235,0,0,1024,0,0,13200233,13460553,44380,60040,596760,3.310,3.310
stderr:

[2026-07-15T17:59:34.923294+00:00] e000100 /home/bob/src/mess/.maw/workspaces/bn-1zv6/spikes/pwritev_group/target/release/pwritev_group point-auto k_pwrite process 24 1 1024 4 domain 0
stdout:
variant,mode,payload,events_per_batch,owner_units,physical_batches,writers,chain,unit_shape,iterations,stop_reason,events,domain_events,bytes,write_syscalls,short_writes,interrupted,max_iovecs,copied_bytes,barriers,cpu_ns,wall_ns,p50_ns,p95_ns,p99_ns,load1_before,load1_after
k_pwrite,process,24,1,1024,1024,4,0,domain,235,bytes,240640,240640,33689600,240640,0,0,0,0,0,184807115,186898820,754310,1088739,1606930,3.310,3.310
stderr:

[2026-07-15T17:59:35.954544+00:00] e000101 /home/bob/src/mess/.maw/workspaces/bn-1zv6/spikes/pwritev_group/target/release/pwritev_group point-auto pwritev_256_8m process 24 1 1024 4 domain 0
stdout:
variant,mode,payload,events_per_batch,owner_units,physical_batches,writers,chain,unit_shape,iterations,stop_reason,events,domain_events,bytes,write_syscalls,short_writes,interrupted,max_iovecs,copied_bytes,barriers,cpu_ns,wall_ns,p50_ns,p95_ns,p99_ns,load1_before,load1_after
pwritev_256_8m,process,24,1,1024,1024,4,0,domain,235,bytes,240640,240640,33689600,940,0,0,256,0,0,12033893,12246113,50470,57950,75890,3.310,3.310
stderr:

[2026-07-15T17:59:36.984963+00:00] e000102 /home/bob/src/mess/.maw/workspaces/bn-1zv6/spikes/pwritev_group/target/release/pwritev_group point-auto k_pwrite process 24 1 1024 4 domain 0
stdout:
variant,mode,payload,events_per_batch,owner_units,physical_batches,writers,chain,unit_shape,iterations,stop_reason,events,domain_events,bytes,write_syscalls,short_writes,interrupted,max_iovecs,copied_bytes,barriers,cpu_ns,wall_ns,p50_ns,p95_ns,p99_ns,load1_before,load1_after
k_pwrite,process,24,1,1024,1024,4,0,domain,235,bytes,240640,240640,33689600,240640,0,0,0,0,0,181357626,183141862,751529,885350,1377499,3.040,3.040
stderr:

[2026-07-15T17:59:38.016923+00:00] e000103 /home/bob/src/mess/.maw/workspaces/bn-1zv6/spikes/pwritev_group/target/release/pwritev_group point-auto k_pwrite process 24 1 1024 4 domain 0
stdout:
variant,mode,payload,events_per_batch,owner_units,physical_batches,writers,chain,unit_shape,iterations,stop_reason,events,domain_events,bytes,write_syscalls,short_writes,interrupted,max_iovecs,copied_bytes,barriers,cpu_ns,wall_ns,p50_ns,p95_ns,p99_ns,load1_before,load1_after
k_pwrite,process,24,1,1024,1024,4,0,domain,235,bytes,240640,240640,33689600,240640,0,0,0,0,0,186406497,189076849,749460,944990,2112029,3.040,3.040
stderr:

[2026-07-15T17:59:39.044362+00:00] e000104 /home/bob/src/mess/.maw/workspaces/bn-1zv6/spikes/pwritev_group/target/release/pwritev_group point-auto pwritev_256_8m process 24 1 1024 4 domain 0
stdout:
variant,mode,payload,events_per_batch,owner_units,physical_batches,writers,chain,unit_shape,iterations,stop_reason,events,domain_events,bytes,write_syscalls,short_writes,interrupted,max_iovecs,copied_bytes,barriers,cpu_ns,wall_ns,p50_ns,p95_ns,p99_ns,load1_before,load1_after
pwritev_256_8m,process,24,1,1024,1024,4,0,domain,235,bytes,240640,240640,33689600,940,0,0,256,0,0,12127673,12226024,50720,57790,67890,3.040,3.040
stderr:

[2026-07-15T17:59:40.072320+00:00] e000105 /home/bob/src/mess/.maw/workspaces/bn-1zv6/spikes/pwritev_group/target/release/pwritev_group point-auto k_pwrite process 24 1 1024 4 domain 0
stdout:
variant,mode,payload,events_per_batch,owner_units,physical_batches,writers,chain,unit_shape,iterations,stop_reason,events,domain_events,bytes,write_syscalls,short_writes,interrupted,max_iovecs,copied_bytes,barriers,cpu_ns,wall_ns,p50_ns,p95_ns,p99_ns,load1_before,load1_after
k_pwrite,process,24,1,1024,1024,4,0,domain,235,bytes,240640,240640,33689600,240640,0,0,0,0,0,185504586,188199760,753210,959300,1844009,3.040,3.040
stderr:

[2026-07-15T17:59:41.102700+00:00] e000106 /home/bob/src/mess/.maw/workspaces/bn-1zv6/spikes/pwritev_group/target/release/pwritev_group point-auto pwritev_64_8m process 24 1 1024 4 domain 0
stdout:
variant,mode,payload,events_per_batch,owner_units,physical_batches,writers,chain,unit_shape,iterations,stop_reason,events,domain_events,bytes,write_syscalls,short_writes,interrupted,max_iovecs,copied_bytes,barriers,cpu_ns,wall_ns,p50_ns,p95_ns,p99_ns,load1_before,load1_after
pwritev_64_8m,process,24,1,1024,1024,4,0,domain,235,bytes,240640,240640,33689600,3760,0,0,64,0,0,15884234,16009371,66310,75750,80820,3.040,3.040
stderr:

[2026-07-15T17:59:42.133836+00:00] e000107 /home/bob/src/mess/.maw/workspaces/bn-1zv6/spikes/pwritev_group/target/release/pwritev_group point-auto pwritev_64_8m process 24 1 1024 4 domain 0
stdout:
variant,mode,payload,events_per_batch,owner_units,physical_batches,writers,chain,unit_shape,iterations,stop_reason,events,domain_events,bytes,write_syscalls,short_writes,interrupted,max_iovecs,copied_bytes,barriers,cpu_ns,wall_ns,p50_ns,p95_ns,p99_ns,load1_before,load1_after
pwritev_64_8m,process,24,1,1024,1024,4,0,domain,235,bytes,240640,240640,33689600,3760,0,0,64,0,0,17556185,17673071,66080,75180,81399,2.880,2.880
stderr:

[2026-07-15T17:59:43.165057+00:00] e000108 /home/bob/src/mess/.maw/workspaces/bn-1zv6/spikes/pwritev_group/target/release/pwritev_group point-auto k_pwrite process 24 1 1024 4 domain 0
stdout:
variant,mode,payload,events_per_batch,owner_units,physical_batches,writers,chain,unit_shape,iterations,stop_reason,events,domain_events,bytes,write_syscalls,short_writes,interrupted,max_iovecs,copied_bytes,barriers,cpu_ns,wall_ns,p50_ns,p95_ns,p99_ns,load1_before,load1_after
k_pwrite,process,24,1,1024,1024,4,0,domain,235,bytes,240640,240640,33689600,240640,0,0,0,0,0,187909697,189693578,756640,1023549,1813599,2.880,2.880
stderr:

[2026-07-15T17:59:44.195919+00:00] e000109 /home/bob/src/mess/.maw/workspaces/bn-1zv6/spikes/pwritev_group/target/release/pwritev_group point-auto copy_contiguous process 24 1 1024 4 domain 0
stdout:
variant,mode,payload,events_per_batch,owner_units,physical_batches,writers,chain,unit_shape,iterations,stop_reason,events,domain_events,bytes,write_syscalls,short_writes,interrupted,max_iovecs,copied_bytes,barriers,cpu_ns,wall_ns,p50_ns,p95_ns,p99_ns,load1_before,load1_after
copy_contiguous,process,24,1,1024,1024,4,0,domain,235,bytes,240640,240640,33689600,235,0,0,0,33689600,0,5851711,5932497,23440,30880,40770,2.880,2.880
stderr:

[2026-07-15T17:59:45.223834+00:00] e000110 /home/bob/src/mess/.maw/workspaces/bn-1zv6/spikes/pwritev_group/target/release/pwritev_group point-auto k_pwrite process 24 1 1024 4 domain 0
stdout:
variant,mode,payload,events_per_batch,owner_units,physical_batches,writers,chain,unit_shape,iterations,stop_reason,events,domain_events,bytes,write_syscalls,short_writes,interrupted,max_iovecs,copied_bytes,barriers,cpu_ns,wall_ns,p50_ns,p95_ns,p99_ns,load1_before,load1_after
k_pwrite,process,24,1,1024,1024,4,0,domain,235,bytes,240640,240640,33689600,240640,0,0,0,0,0,187010637,188575899,753599,1110800,1593189,2.880,2.880
stderr:

[2026-07-15T17:59:46.256576+00:00] e000111 /home/bob/src/mess/.maw/workspaces/bn-1zv6/spikes/pwritev_group/target/release/pwritev_group point-auto k_pwrite process 24 1 1024 4 domain 0
stdout:
variant,mode,payload,events_per_batch,owner_units,physical_batches,writers,chain,unit_shape,iterations,stop_reason,events,domain_events,bytes,write_syscalls,short_writes,interrupted,max_iovecs,copied_bytes,barriers,cpu_ns,wall_ns,p50_ns,p95_ns,p99_ns,load1_before,load1_after
k_pwrite,process,24,1,1024,1024,4,0,domain,235,bytes,240640,240640,33689600,240640,0,0,0,0,0,188113658,189875828,754870,962370,2717129,2.880,2.810
stderr:

[2026-07-15T17:59:47.287126+00:00] e000112 /home/bob/src/mess/.maw/workspaces/bn-1zv6/spikes/pwritev_group/target/release/pwritev_group point-auto copy_contiguous process 24 1 1024 4 domain 0
stdout:
variant,mode,payload,events_per_batch,owner_units,physical_batches,writers,chain,unit_shape,iterations,stop_reason,events,domain_events,bytes,write_syscalls,short_writes,interrupted,max_iovecs,copied_bytes,barriers,cpu_ns,wall_ns,p50_ns,p95_ns,p99_ns,load1_before,load1_after
copy_contiguous,process,24,1,1024,1024,4,0,domain,235,bytes,240640,240640,33689600,235,0,0,0,33689600,0,5374942,5442057,21980,28850,37540,2.810,2.810
stderr:

[2026-07-15T17:59:48.317817+00:00] e000113 /home/bob/src/mess/.maw/workspaces/bn-1zv6/spikes/pwritev_group/target/release/pwritev_group point-auto k_pwrite process 24 1 1024 4 new_name 0
stdout:
variant,mode,payload,events_per_batch,owner_units,physical_batches,writers,chain,unit_shape,iterations,stop_reason,events,domain_events,bytes,write_syscalls,short_writes,interrupted,max_iovecs,copied_bytes,barriers,cpu_ns,wall_ns,p50_ns,p95_ns,p99_ns,load1_before,load1_after
k_pwrite,process,24,1,1024,2048,4,0,new_name,118,bytes,241664,120832,33832960,241664,0,0,0,0,0,189766967,192932606,1514569,2385679,3423528,2.810,2.810
stderr:

[2026-07-15T17:59:49.349242+00:00] e000114 /home/bob/src/mess/.maw/workspaces/bn-1zv6/spikes/pwritev_group/target/release/pwritev_group point-auto pwritev_full_8m process 24 1 1024 4 new_name 0
stdout:
variant,mode,payload,events_per_batch,owner_units,physical_batches,writers,chain,unit_shape,iterations,stop_reason,events,domain_events,bytes,write_syscalls,short_writes,interrupted,max_iovecs,copied_bytes,barriers,cpu_ns,wall_ns,p50_ns,p95_ns,p99_ns,load1_before,load1_after
pwritev_full_8m,process,24,1,1024,2048,4,0,new_name,118,bytes,241664,120832,33832960,236,0,0,1024,0,0,10609012,10692924,89110,95910,116240,2.810,2.810
stderr:

[2026-07-15T17:59:50.380966+00:00] e000115 /home/bob/src/mess/.maw/workspaces/bn-1zv6/spikes/pwritev_group/target/release/pwritev_group point-auto pwritev_full_8m process 24 1 1024 4 new_name 0
stdout:
variant,mode,payload,events_per_batch,owner_units,physical_batches,writers,chain,unit_shape,iterations,stop_reason,events,domain_events,bytes,write_syscalls,short_writes,interrupted,max_iovecs,copied_bytes,barriers,cpu_ns,wall_ns,p50_ns,p95_ns,p99_ns,load1_before,load1_after
pwritev_full_8m,process,24,1,1024,2048,4,0,new_name,118,bytes,241664,120832,33832960,236,0,0,1024,0,0,10695422,10775494,89620,99640,112860,2.810,2.810
stderr:

[2026-07-15T17:59:51.403082+00:00] e000116 /home/bob/src/mess/.maw/workspaces/bn-1zv6/spikes/pwritev_group/target/release/pwritev_group point-auto k_pwrite process 24 1 1024 4 new_name 0
stdout:
variant,mode,payload,events_per_batch,owner_units,physical_batches,writers,chain,unit_shape,iterations,stop_reason,events,domain_events,bytes,write_syscalls,short_writes,interrupted,max_iovecs,copied_bytes,barriers,cpu_ns,wall_ns,p50_ns,p95_ns,p99_ns,load1_before,load1_after
k_pwrite,process,24,1,1024,2048,4,0,new_name,118,bytes,241664,120832,33832960,241664,0,0,0,0,0,184676736,188656628,1507360,1691529,4387337,2.830,2.830
stderr:

[2026-07-15T17:59:52.437954+00:00] e000117 /home/bob/src/mess/.maw/workspaces/bn-1zv6/spikes/pwritev_group/target/release/pwritev_group point-auto pwritev_256_8m process 24 1 1024 4 new_name 0
stdout:
variant,mode,payload,events_per_batch,owner_units,physical_batches,writers,chain,unit_shape,iterations,stop_reason,events,domain_events,bytes,write_syscalls,short_writes,interrupted,max_iovecs,copied_bytes,barriers,cpu_ns,wall_ns,p50_ns,p95_ns,p99_ns,load1_before,load1_after
pwritev_256_8m,process,24,1,1024,2048,4,0,new_name,118,bytes,241664,120832,33832960,944,0,0,256,0,0,12327083,12439053,102189,112250,149070,2.830,2.830
stderr:

[2026-07-15T17:59:53.470044+00:00] e000118 /home/bob/src/mess/.maw/workspaces/bn-1zv6/spikes/pwritev_group/target/release/pwritev_group point-auto k_pwrite process 24 1 1024 4 new_name 0
stdout:
variant,mode,payload,events_per_batch,owner_units,physical_batches,writers,chain,unit_shape,iterations,stop_reason,events,domain_events,bytes,write_syscalls,short_writes,interrupted,max_iovecs,copied_bytes,barriers,cpu_ns,wall_ns,p50_ns,p95_ns,p99_ns,load1_before,load1_after
k_pwrite,process,24,1,1024,2048,4,0,new_name,118,bytes,241664,120832,33832960,241664,0,0,0,0,0,187772507,191009637,1513859,1985749,4384428,2.830,2.830
stderr:

[2026-07-15T17:59:54.500698+00:00] e000119 /home/bob/src/mess/.maw/workspaces/bn-1zv6/spikes/pwritev_group/target/release/pwritev_group point-auto k_pwrite process 24 1 1024 4 new_name 0
stdout:
variant,mode,payload,events_per_batch,owner_units,physical_batches,writers,chain,unit_shape,iterations,stop_reason,events,domain_events,bytes,write_syscalls,short_writes,interrupted,max_iovecs,copied_bytes,barriers,cpu_ns,wall_ns,p50_ns,p95_ns,p99_ns,load1_before,load1_after
k_pwrite,process,24,1,1024,2048,4,0,new_name,118,bytes,241664,120832,33832960,241664,0,0,0,0,0,190666608,193441455,1527179,2003988,3923128,2.830,2.830
stderr:

[2026-07-15T17:59:55.524857+00:00] e000120 /home/bob/src/mess/.maw/workspaces/bn-1zv6/spikes/pwritev_group/target/release/pwritev_group point-auto pwritev_256_8m process 24 1 1024 4 new_name 0
stdout:
variant,mode,payload,events_per_batch,owner_units,physical_batches,writers,chain,unit_shape,iterations,stop_reason,events,domain_events,bytes,write_syscalls,short_writes,interrupted,max_iovecs,copied_bytes,barriers,cpu_ns,wall_ns,p50_ns,p95_ns,p99_ns,load1_before,load1_after
pwritev_256_8m,process,24,1,1024,2048,4,0,new_name,118,bytes,241664,120832,33832960,944,0,0,256,0,0,14302603,14430122,102590,132640,554130,2.830,2.830
stderr:

[2026-07-15T17:59:56.565630+00:00] e000121 /home/bob/src/mess/.maw/workspaces/bn-1zv6/spikes/pwritev_group/target/release/pwritev_group point-auto k_pwrite process 24 1 1024 4 new_name 0
stdout:
variant,mode,payload,events_per_batch,owner_units,physical_batches,writers,chain,unit_shape,iterations,stop_reason,events,domain_events,bytes,write_syscalls,short_writes,interrupted,max_iovecs,copied_bytes,barriers,cpu_ns,wall_ns,p50_ns,p95_ns,p99_ns,load1_before,load1_after
k_pwrite,process,24,1,1024,2048,4,0,new_name,118,bytes,241664,120832,33832960,241664,0,0,0,0,0,190734466,192987146,1516779,2001199,3604078,2.760,2.760
stderr:

[2026-07-15T17:59:57.596916+00:00] e000122 /home/bob/src/mess/.maw/workspaces/bn-1zv6/spikes/pwritev_group/target/release/pwritev_group point-auto pwritev_64_8m process 24 1 1024 4 new_name 0
stdout:
variant,mode,payload,events_per_batch,owner_units,physical_batches,writers,chain,unit_shape,iterations,stop_reason,events,domain_events,bytes,write_syscalls,short_writes,interrupted,max_iovecs,copied_bytes,barriers,cpu_ns,wall_ns,p50_ns,p95_ns,p99_ns,load1_before,load1_after
pwritev_64_8m,process,24,1,1024,2048,4,0,new_name,118,bytes,241664,120832,33832960,3776,0,0,64,0,0,18265635,18387870,134490,155550,1064020,2.760,2.760
stderr:

[2026-07-15T17:59:58.627728+00:00] e000123 /home/bob/src/mess/.maw/workspaces/bn-1zv6/spikes/pwritev_group/target/release/pwritev_group point-auto pwritev_64_8m process 24 1 1024 4 new_name 0
stdout:
variant,mode,payload,events_per_batch,owner_units,physical_batches,writers,chain,unit_shape,iterations,stop_reason,events,domain_events,bytes,write_syscalls,short_writes,interrupted,max_iovecs,copied_bytes,barriers,cpu_ns,wall_ns,p50_ns,p95_ns,p99_ns,load1_before,load1_after
pwritev_64_8m,process,24,1,1024,2048,4,0,new_name,118,bytes,241664,120832,33832960,3776,0,0,64,0,0,18021105,18276250,133830,158470,563390,2.760,2.760
stderr:

[2026-07-15T17:59:59.655212+00:00] e000124 /home/bob/src/mess/.maw/workspaces/bn-1zv6/spikes/pwritev_group/target/release/pwritev_group point-auto k_pwrite process 24 1 1024 4 new_name 0
stdout:
variant,mode,payload,events_per_batch,owner_units,physical_batches,writers,chain,unit_shape,iterations,stop_reason,events,domain_events,bytes,write_syscalls,short_writes,interrupted,max_iovecs,copied_bytes,barriers,cpu_ns,wall_ns,p50_ns,p95_ns,p99_ns,load1_before,load1_after
k_pwrite,process,24,1,1024,2048,4,0,new_name,118,bytes,241664,120832,33832960,241664,0,0,0,0,0,191018966,193835986,1516768,2448389,3515269,2.760,2.760
stderr:

[2026-07-15T18:00:00.682936+00:00] e000125 /home/bob/src/mess/.maw/workspaces/bn-1zv6/spikes/pwritev_group/target/release/pwritev_group point-auto copy_contiguous process 24 1 1024 4 new_name 0
stdout:
variant,mode,payload,events_per_batch,owner_units,physical_batches,writers,chain,unit_shape,iterations,stop_reason,events,domain_events,bytes,write_syscalls,short_writes,interrupted,max_iovecs,copied_bytes,barriers,cpu_ns,wall_ns,p50_ns,p95_ns,p99_ns,load1_before,load1_after
copy_contiguous,process,24,1,1024,2048,4,0,new_name,118,bytes,241664,120832,33832960,118,0,0,0,33832960,0,5757252,5801257,48060,56840,60570,2.760,2.760
stderr:

[2026-07-15T18:00:01.706213+00:00] e000126 /home/bob/src/mess/.maw/workspaces/bn-1zv6/spikes/pwritev_group/target/release/pwritev_group point-auto k_pwrite process 24 1 1024 4 new_name 0
stdout:
variant,mode,payload,events_per_batch,owner_units,physical_batches,writers,chain,unit_shape,iterations,stop_reason,events,domain_events,bytes,write_syscalls,short_writes,interrupted,max_iovecs,copied_bytes,barriers,cpu_ns,wall_ns,p50_ns,p95_ns,p99_ns,load1_before,load1_after
k_pwrite,process,24,1,1024,2048,4,0,new_name,118,bytes,241664,120832,33832960,241664,0,0,0,0,0,188010948,189639127,1516279,2101269,3277918,2.700,2.700
stderr:

[2026-07-15T18:00:02.731356+00:00] e000127 /home/bob/src/mess/.maw/workspaces/bn-1zv6/spikes/pwritev_group/target/release/pwritev_group point-auto k_pwrite process 24 1 1024 4 new_name 0
stdout:
variant,mode,payload,events_per_batch,owner_units,physical_batches,writers,chain,unit_shape,iterations,stop_reason,events,domain_events,bytes,write_syscalls,short_writes,interrupted,max_iovecs,copied_bytes,barriers,cpu_ns,wall_ns,p50_ns,p95_ns,p99_ns,load1_before,load1_after
k_pwrite,process,24,1,1024,2048,4,0,new_name,118,bytes,241664,120832,33832960,241664,0,0,0,0,0,194412898,195933965,1514499,2013909,4699817,2.700,2.700
stderr:

[2026-07-15T18:00:03.762572+00:00] e000128 /home/bob/src/mess/.maw/workspaces/bn-1zv6/spikes/pwritev_group/target/release/pwritev_group point-auto copy_contiguous process 24 1 1024 4 new_name 0
stdout:
variant,mode,payload,events_per_batch,owner_units,physical_batches,writers,chain,unit_shape,iterations,stop_reason,events,domain_events,bytes,write_syscalls,short_writes,interrupted,max_iovecs,copied_bytes,barriers,cpu_ns,wall_ns,p50_ns,p95_ns,p99_ns,load1_before,load1_after
copy_contiguous,process,24,1,1024,2048,4,0,new_name,118,bytes,241664,120832,33832960,118,0,0,0,33832960,0,9534402,9595354,49700,59820,469390,2.700,2.700
stderr:

[2026-07-15T18:00:04.792655+00:00] e000129 /home/bob/src/mess/.maw/workspaces/bn-1zv6/spikes/pwritev_group/target/release/pwritev_group point-auto k_pwrite process 24 1 1025 4 domain 0
stdout:
variant,mode,payload,events_per_batch,owner_units,physical_batches,writers,chain,unit_shape,iterations,stop_reason,events,domain_events,bytes,write_syscalls,short_writes,interrupted,max_iovecs,copied_bytes,barriers,cpu_ns,wall_ns,p50_ns,p95_ns,p99_ns,load1_before,load1_after
k_pwrite,process,24,1,1025,1025,4,0,domain,234,bytes,239850,239850,33579000,239850,0,0,0,0,0,185211227,186632209,757249,1004560,1501620,2.700,2.700
stderr:

[2026-07-15T18:00:05.826664+00:00] e000130 /home/bob/src/mess/.maw/workspaces/bn-1zv6/spikes/pwritev_group/target/release/pwritev_group point-auto pwritev_full_8m process 24 1 1025 4 domain 0
stdout:
variant,mode,payload,events_per_batch,owner_units,physical_batches,writers,chain,unit_shape,iterations,stop_reason,events,domain_events,bytes,write_syscalls,short_writes,interrupted,max_iovecs,copied_bytes,barriers,cpu_ns,wall_ns,p50_ns,p95_ns,p99_ns,load1_before,load1_after
pwritev_full_8m,process,24,1,1025,1025,4,0,domain,234,bytes,239850,239850,33579000,468,0,0,1024,0,0,14174533,14273292,44820,53230,123680,2.700,2.700
stderr:

[2026-07-15T18:00:06.858133+00:00] e000131 /home/bob/src/mess/.maw/workspaces/bn-1zv6/spikes/pwritev_group/target/release/pwritev_group point-auto pwritev_full_8m process 24 1 1025 4 domain 0
stdout:
variant,mode,payload,events_per_batch,owner_units,physical_batches,writers,chain,unit_shape,iterations,stop_reason,events,domain_events,bytes,write_syscalls,short_writes,interrupted,max_iovecs,copied_bytes,barriers,cpu_ns,wall_ns,p50_ns,p95_ns,p99_ns,load1_before,load1_after
pwritev_full_8m,process,24,1,1025,1025,4,0,domain,234,bytes,239850,239850,33579000,468,0,0,1024,0,0,12955084,13076122,44820,57360,402030,2.800,2.800
stderr:

[2026-07-15T18:00:07.886534+00:00] e000132 /home/bob/src/mess/.maw/workspaces/bn-1zv6/spikes/pwritev_group/target/release/pwritev_group point-auto k_pwrite process 24 1 1025 4 domain 0
stdout:
variant,mode,payload,events_per_batch,owner_units,physical_batches,writers,chain,unit_shape,iterations,stop_reason,events,domain_events,bytes,write_syscalls,short_writes,interrupted,max_iovecs,copied_bytes,barriers,cpu_ns,wall_ns,p50_ns,p95_ns,p99_ns,load1_before,load1_after
k_pwrite,process,24,1,1025,1025,4,0,domain,234,bytes,239850,239850,33579000,239850,0,0,0,0,0,189916347,191588647,754379,941259,3482758,2.800,2.800
stderr:

[2026-07-15T18:00:08.917440+00:00] e000133 /home/bob/src/mess/.maw/workspaces/bn-1zv6/spikes/pwritev_group/target/release/pwritev_group point-auto pwritev_256_8m process 24 1 1025 4 domain 0
stdout:
variant,mode,payload,events_per_batch,owner_units,physical_batches,writers,chain,unit_shape,iterations,stop_reason,events,domain_events,bytes,write_syscalls,short_writes,interrupted,max_iovecs,copied_bytes,barriers,cpu_ns,wall_ns,p50_ns,p95_ns,p99_ns,load1_before,load1_after
pwritev_256_8m,process,24,1,1025,1025,4,0,domain,234,bytes,239850,239850,33579000,1170,0,0,256,0,0,13435824,13548653,52170,66490,77460,2.800,2.800
stderr:

[2026-07-15T18:00:09.947911+00:00] e000134 /home/bob/src/mess/.maw/workspaces/bn-1zv6/spikes/pwritev_group/target/release/pwritev_group point-auto k_pwrite process 24 1 1025 4 domain 0
stdout:
variant,mode,payload,events_per_batch,owner_units,physical_batches,writers,chain,unit_shape,iterations,stop_reason,events,domain_events,bytes,write_syscalls,short_writes,interrupted,max_iovecs,copied_bytes,barriers,cpu_ns,wall_ns,p50_ns,p95_ns,p99_ns,load1_before,load1_after
k_pwrite,process,24,1,1025,1025,4,0,domain,234,bytes,239850,239850,33579000,239850,0,0,0,0,0,179138485,180539212,752800,856669,1351619,2.800,2.800
stderr:

[2026-07-15T18:00:10.971052+00:00] e000135 /home/bob/src/mess/.maw/workspaces/bn-1zv6/spikes/pwritev_group/target/release/pwritev_group point-auto k_pwrite process 24 1 1025 4 domain 0
stdout:
variant,mode,payload,events_per_batch,owner_units,physical_batches,writers,chain,unit_shape,iterations,stop_reason,events,domain_events,bytes,write_syscalls,short_writes,interrupted,max_iovecs,copied_bytes,barriers,cpu_ns,wall_ns,p50_ns,p95_ns,p99_ns,load1_before,load1_after
k_pwrite,process,24,1,1025,1025,4,0,domain,234,bytes,239850,239850,33579000,239850,0,0,0,0,0,190670938,194547134,753449,936170,3756928,2.800,2.800
stderr:

[2026-07-15T18:00:12.000002+00:00] e000136 /home/bob/src/mess/.maw/workspaces/bn-1zv6/spikes/pwritev_group/target/release/pwritev_group point-auto pwritev_256_8m process 24 1 1025 4 domain 0
stdout:
variant,mode,payload,events_per_batch,owner_units,physical_batches,writers,chain,unit_shape,iterations,stop_reason,events,domain_events,bytes,write_syscalls,short_writes,interrupted,max_iovecs,copied_bytes,barriers,cpu_ns,wall_ns,p50_ns,p95_ns,p99_ns,load1_before,load1_after
pwritev_256_8m,process,24,1,1025,1025,4,0,domain,234,bytes,239850,239850,33579000,1170,0,0,256,0,0,15675734,16240201,50970,66680,172990,2.740,2.740
stderr:

[2026-07-15T18:00:13.030823+00:00] e000137 /home/bob/src/mess/.maw/workspaces/bn-1zv6/spikes/pwritev_group/target/release/pwritev_group point-auto k_pwrite process 24 1 1025 4 domain 0
stdout:
variant,mode,payload,events_per_batch,owner_units,physical_batches,writers,chain,unit_shape,iterations,stop_reason,events,domain_events,bytes,write_syscalls,short_writes,interrupted,max_iovecs,copied_bytes,barriers,cpu_ns,wall_ns,p50_ns,p95_ns,p99_ns,load1_before,load1_after
k_pwrite,process,24,1,1025,1025,4,0,domain,234,bytes,239850,239850,33579000,239850,0,0,0,0,0,190125428,191759546,755139,1194609,1910569,2.740,2.740
stderr:

[2026-07-15T18:00:14.061323+00:00] e000138 /home/bob/src/mess/.maw/workspaces/bn-1zv6/spikes/pwritev_group/target/release/pwritev_group point-auto pwritev_64_8m process 24 1 1025 4 domain 0
stdout:
variant,mode,payload,events_per_batch,owner_units,physical_batches,writers,chain,unit_shape,iterations,stop_reason,events,domain_events,bytes,write_syscalls,short_writes,interrupted,max_iovecs,copied_bytes,barriers,cpu_ns,wall_ns,p50_ns,p95_ns,p99_ns,load1_before,load1_after
pwritev_64_8m,process,24,1,1025,1025,4,0,domain,234,bytes,239850,239850,33579000,3978,0,0,64,0,0,17794835,17928130,66960,79030,617819,2.740,2.740
stderr:

[2026-07-15T18:00:15.093211+00:00] e000139 /home/bob/src/mess/.maw/workspaces/bn-1zv6/spikes/pwritev_group/target/release/pwritev_group point-auto pwritev_64_8m process 24 1 1025 4 domain 0
stdout:
variant,mode,payload,events_per_batch,owner_units,physical_batches,writers,chain,unit_shape,iterations,stop_reason,events,domain_events,bytes,write_syscalls,short_writes,interrupted,max_iovecs,copied_bytes,barriers,cpu_ns,wall_ns,p50_ns,p95_ns,p99_ns,load1_before,load1_after
pwritev_64_8m,process,24,1,1025,1025,4,0,domain,234,bytes,239850,239850,33579000,3978,0,0,64,0,0,18929795,19098950,66540,77930,657730,2.740,2.740
stderr:

[2026-07-15T18:00:16.124626+00:00] e000140 /home/bob/src/mess/.maw/workspaces/bn-1zv6/spikes/pwritev_group/target/release/pwritev_group point-auto k_pwrite process 24 1 1025 4 domain 0
stdout:
variant,mode,payload,events_per_batch,owner_units,physical_batches,writers,chain,unit_shape,iterations,stop_reason,events,domain_events,bytes,write_syscalls,short_writes,interrupted,max_iovecs,copied_bytes,barriers,cpu_ns,wall_ns,p50_ns,p95_ns,p99_ns,load1_before,load1_after
k_pwrite,process,24,1,1025,1025,4,0,domain,234,bytes,239850,239850,33579000,239850,0,0,0,0,0,187813718,189305267,755409,900840,2639968,2.740,2.760
stderr:

[2026-07-15T18:00:17.149685+00:00] e000141 /home/bob/src/mess/.maw/workspaces/bn-1zv6/spikes/pwritev_group/target/release/pwritev_group point-auto copy_contiguous process 24 1 1025 4 domain 0
stdout:
variant,mode,payload,events_per_batch,owner_units,physical_batches,writers,chain,unit_shape,iterations,stop_reason,events,domain_events,bytes,write_syscalls,short_writes,interrupted,max_iovecs,copied_bytes,barriers,cpu_ns,wall_ns,p50_ns,p95_ns,p99_ns,load1_before,load1_after
copy_contiguous,process,24,1,1025,1025,4,0,domain,234,bytes,239850,239850,33579000,234,0,0,0,33579000,0,5582801,5619537,23230,29490,34600,2.760,2.760
stderr:

[2026-07-15T18:00:18.171100+00:00] e000142 /home/bob/src/mess/.maw/workspaces/bn-1zv6/spikes/pwritev_group/target/release/pwritev_group point-auto k_pwrite process 24 1 1025 4 domain 0
stdout:
variant,mode,payload,events_per_batch,owner_units,physical_batches,writers,chain,unit_shape,iterations,stop_reason,events,domain_events,bytes,write_syscalls,short_writes,interrupted,max_iovecs,copied_bytes,barriers,cpu_ns,wall_ns,p50_ns,p95_ns,p99_ns,load1_before,load1_after
k_pwrite,process,24,1,1025,1025,4,0,domain,234,bytes,239850,239850,33579000,239850,0,0,0,0,0,187969587,189462377,754279,943839,1823219,2.760,2.760
stderr:

[2026-07-15T18:00:19.201472+00:00] e000143 /home/bob/src/mess/.maw/workspaces/bn-1zv6/spikes/pwritev_group/target/release/pwritev_group point-auto k_pwrite process 24 1 1025 4 domain 0
stdout:
variant,mode,payload,events_per_batch,owner_units,physical_batches,writers,chain,unit_shape,iterations,stop_reason,events,domain_events,bytes,write_syscalls,short_writes,interrupted,max_iovecs,copied_bytes,barriers,cpu_ns,wall_ns,p50_ns,p95_ns,p99_ns,load1_before,load1_after
k_pwrite,process,24,1,1025,1025,4,0,domain,234,bytes,239850,239850,33579000,239850,0,0,0,0,0,189018757,192738435,754040,934640,2712899,2.760,2.760
stderr:

[2026-07-15T18:00:20.231581+00:00] e000144 /home/bob/src/mess/.maw/workspaces/bn-1zv6/spikes/pwritev_group/target/release/pwritev_group point-auto copy_contiguous process 24 1 1025 4 domain 0
stdout:
variant,mode,payload,events_per_batch,owner_units,physical_batches,writers,chain,unit_shape,iterations,stop_reason,events,domain_events,bytes,write_syscalls,short_writes,interrupted,max_iovecs,copied_bytes,barriers,cpu_ns,wall_ns,p50_ns,p95_ns,p99_ns,load1_before,load1_after
copy_contiguous,process,24,1,1025,1025,4,0,domain,234,bytes,239850,239850,33579000,234,0,0,0,33579000,0,6584002,7005326,28900,43620,53630,2.760,2.760
stderr:

[2026-07-15T18:00:21.255782+00:00] e000145 /home/bob/src/mess/.maw/workspaces/bn-1zv6/spikes/pwritev_group/target/release/pwritev_group point-auto k_pwrite process 24 1 1025 4 new_name 0
stdout:
variant,mode,payload,events_per_batch,owner_units,physical_batches,writers,chain,unit_shape,iterations,stop_reason,events,domain_events,bytes,write_syscalls,short_writes,interrupted,max_iovecs,copied_bytes,barriers,cpu_ns,wall_ns,p50_ns,p95_ns,p99_ns,load1_before,load1_after
k_pwrite,process,24,1,1025,2050,4,0,new_name,117,bytes,239850,119925,33579000,239850,0,0,0,0,0,192019776,193710835,1521549,2362269,3624768,2.760,3.740
stderr:

[2026-07-15T18:00:22.278174+00:00] e000146 /home/bob/src/mess/.maw/workspaces/bn-1zv6/spikes/pwritev_group/target/release/pwritev_group point-auto pwritev_full_8m process 24 1 1025 4 new_name 0
stdout:
variant,mode,payload,events_per_batch,owner_units,physical_batches,writers,chain,unit_shape,iterations,stop_reason,events,domain_events,bytes,write_syscalls,short_writes,interrupted,max_iovecs,copied_bytes,barriers,cpu_ns,wall_ns,p50_ns,p95_ns,p99_ns,load1_before,load1_after
pwritev_full_8m,process,24,1,1025,2050,4,0,new_name,117,bytes,239850,119925,33579000,351,0,0,1024,0,0,10653592,10710985,90130,98390,99770,3.740,3.740
stderr:

[2026-07-15T18:00:23.300722+00:00] e000147 /home/bob/src/mess/.maw/workspaces/bn-1zv6/spikes/pwritev_group/target/release/pwritev_group point-auto pwritev_full_8m process 24 1 1025 4 new_name 0
stdout:
variant,mode,payload,events_per_batch,owner_units,physical_batches,writers,chain,unit_shape,iterations,stop_reason,events,domain_events,bytes,write_syscalls,short_writes,interrupted,max_iovecs,copied_bytes,barriers,cpu_ns,wall_ns,p50_ns,p95_ns,p99_ns,load1_before,load1_after
pwritev_full_8m,process,24,1,1025,2050,4,0,new_name,117,bytes,239850,119925,33579000,351,0,0,1024,0,0,12440053,12864133,90060,108620,758430,3.740,3.740
stderr:

[2026-07-15T18:00:24.331378+00:00] e000148 /home/bob/src/mess/.maw/workspaces/bn-1zv6/spikes/pwritev_group/target/release/pwritev_group point-auto k_pwrite process 24 1 1025 4 new_name 0
stdout:
variant,mode,payload,events_per_batch,owner_units,physical_batches,writers,chain,unit_shape,iterations,stop_reason,events,domain_events,bytes,write_syscalls,short_writes,interrupted,max_iovecs,copied_bytes,barriers,cpu_ns,wall_ns,p50_ns,p95_ns,p99_ns,load1_before,load1_after
k_pwrite,process,24,1,1025,2050,4,0,new_name,117,bytes,239850,119925,33579000,239850,0,0,0,0,0,183331515,184734759,1511650,1997389,2532649,3.740,3.740
stderr:

[2026-07-15T18:00:25.365297+00:00] e000149 /home/bob/src/mess/.maw/workspaces/bn-1zv6/spikes/pwritev_group/target/release/pwritev_group point-auto pwritev_256_8m process 24 1 1025 4 new_name 0
stdout:
variant,mode,payload,events_per_batch,owner_units,physical_batches,writers,chain,unit_shape,iterations,stop_reason,events,domain_events,bytes,write_syscalls,short_writes,interrupted,max_iovecs,copied_bytes,barriers,cpu_ns,wall_ns,p50_ns,p95_ns,p99_ns,load1_before,load1_after
pwritev_256_8m,process,24,1,1025,2050,4,0,new_name,117,bytes,239850,119925,33579000,1053,0,0,256,0,0,14181194,14279342,103040,119790,309690,3.740,3.740
stderr:

[2026-07-15T18:00:26.390405+00:00] e000150 /home/bob/src/mess/.maw/workspaces/bn-1zv6/spikes/pwritev_group/target/release/pwritev_group point-auto k_pwrite process 24 1 1025 4 new_name 0
stdout:
variant,mode,payload,events_per_batch,owner_units,physical_batches,writers,chain,unit_shape,iterations,stop_reason,events,domain_events,bytes,write_syscalls,short_writes,interrupted,max_iovecs,copied_bytes,barriers,cpu_ns,wall_ns,p50_ns,p95_ns,p99_ns,load1_before,load1_after
k_pwrite,process,24,1,1025,2050,4,0,new_name,117,bytes,239850,119925,33579000,239850,0,0,0,0,0,187771407,189375687,1513339,2528348,3154059,4.640,4.640
stderr:

[2026-07-15T18:00:27.422216+00:00] e000151 /home/bob/src/mess/.maw/workspaces/bn-1zv6/spikes/pwritev_group/target/release/pwritev_group point-auto k_pwrite process 24 1 1025 4 new_name 0
stdout:
variant,mode,payload,events_per_batch,owner_units,physical_batches,writers,chain,unit_shape,iterations,stop_reason,events,domain_events,bytes,write_syscalls,short_writes,interrupted,max_iovecs,copied_bytes,barriers,cpu_ns,wall_ns,p50_ns,p95_ns,p99_ns,load1_before,load1_after
k_pwrite,process,24,1,1025,2050,4,0,new_name,117,bytes,239850,119925,33579000,239850,0,0,0,0,0,185613846,187222077,1519039,2087919,2687779,4.640,4.640
stderr:

[2026-07-15T18:00:28.444231+00:00] e000152 /home/bob/src/mess/.maw/workspaces/bn-1zv6/spikes/pwritev_group/target/release/pwritev_group point-auto pwritev_256_8m process 24 1 1025 4 new_name 0
stdout:
variant,mode,payload,events_per_batch,owner_units,physical_batches,writers,chain,unit_shape,iterations,stop_reason,events,domain_events,bytes,write_syscalls,short_writes,interrupted,max_iovecs,copied_bytes,barriers,cpu_ns,wall_ns,p50_ns,p95_ns,p99_ns,load1_before,load1_after
pwritev_256_8m,process,24,1,1025,2050,4,0,new_name,117,bytes,239850,119925,33579000,1053,0,0,256,0,0,12223983,12316794,102980,113450,141760,4.640,4.640
stderr:

[2026-07-15T18:00:29.466925+00:00] e000153 /home/bob/src/mess/.maw/workspaces/bn-1zv6/spikes/pwritev_group/target/release/pwritev_group point-auto k_pwrite process 24 1 1025 4 new_name 0
stdout:
variant,mode,payload,events_per_batch,owner_units,physical_batches,writers,chain,unit_shape,iterations,stop_reason,events,domain_events,bytes,write_syscalls,short_writes,interrupted,max_iovecs,copied_bytes,barriers,cpu_ns,wall_ns,p50_ns,p95_ns,p99_ns,load1_before,load1_after
k_pwrite,process,24,1,1025,2050,4,0,new_name,117,bytes,239850,119925,33579000,239850,0,0,0,0,0,184966397,188136117,1514199,2040519,3254378,4.640,4.640
stderr:

[2026-07-15T18:00:30.498168+00:00] e000154 /home/bob/src/mess/.maw/workspaces/bn-1zv6/spikes/pwritev_group/target/release/pwritev_group point-auto pwritev_64_8m process 24 1 1025 4 new_name 0
stdout:
variant,mode,payload,events_per_batch,owner_units,physical_batches,writers,chain,unit_shape,iterations,stop_reason,events,domain_events,bytes,write_syscalls,short_writes,interrupted,max_iovecs,copied_bytes,barriers,cpu_ns,wall_ns,p50_ns,p95_ns,p99_ns,load1_before,load1_after
pwritev_64_8m,process,24,1,1025,2050,4,0,new_name,117,bytes,239850,119925,33579000,3861,0,0,64,0,0,19422375,19623639,134730,162710,818099,4.640,4.640
stderr:

[2026-07-15T18:01:11.532728+00:00] e000155 /home/bob/src/mess/.maw/workspaces/bn-1zv6/spikes/pwritev_group/target/release/pwritev_group point-auto pwritev_64_8m process 24 1 1025 4 new_name 0
stdout:
variant,mode,payload,events_per_batch,owner_units,physical_batches,writers,chain,unit_shape,iterations,stop_reason,events,domain_events,bytes,write_syscalls,short_writes,interrupted,max_iovecs,copied_bytes,barriers,cpu_ns,wall_ns,p50_ns,p95_ns,p99_ns,load1_before,load1_after
pwritev_64_8m,process,24,1,1025,2050,4,0,new_name,117,bytes,239850,119925,33579000,3861,0,0,64,0,0,18416294,18713000,134240,165320,586379,5.860,5.860
stderr:

[2026-07-15T18:01:12.563791+00:00] e000156 /home/bob/src/mess/.maw/workspaces/bn-1zv6/spikes/pwritev_group/target/release/pwritev_group point-auto k_pwrite process 24 1 1025 4 new_name 0
stdout:
variant,mode,payload,events_per_batch,owner_units,physical_batches,writers,chain,unit_shape,iterations,stop_reason,events,domain_events,bytes,write_syscalls,short_writes,interrupted,max_iovecs,copied_bytes,barriers,cpu_ns,wall_ns,p50_ns,p95_ns,p99_ns,load1_before,load1_after
k_pwrite,process,24,1,1025,2050,4,0,new_name,117,bytes,239850,119925,33579000,239850,0,0,0,0,0,190192298,193557874,1519030,2609088,3882268,5.860,5.860
stderr:

[2026-07-15T18:01:13.593861+00:00] e000157 /home/bob/src/mess/.maw/workspaces/bn-1zv6/spikes/pwritev_group/target/release/pwritev_group point-auto copy_contiguous process 24 1 1025 4 new_name 0
stdout:
variant,mode,payload,events_per_batch,owner_units,physical_batches,writers,chain,unit_shape,iterations,stop_reason,events,domain_events,bytes,write_syscalls,short_writes,interrupted,max_iovecs,copied_bytes,barriers,cpu_ns,wall_ns,p50_ns,p95_ns,p99_ns,load1_before,load1_after
copy_contiguous,process,24,1,1025,2050,4,0,new_name,117,bytes,239850,119925,33579000,117,0,0,0,33579000,0,5836131,5945356,48460,61030,70800,5.860,5.860
stderr:

[2026-07-15T18:01:14.625255+00:00] e000158 /home/bob/src/mess/.maw/workspaces/bn-1zv6/spikes/pwritev_group/target/release/pwritev_group point-auto k_pwrite process 24 1 1025 4 new_name 0
stdout:
variant,mode,payload,events_per_batch,owner_units,physical_batches,writers,chain,unit_shape,iterations,stop_reason,events,domain_events,bytes,write_syscalls,short_writes,interrupted,max_iovecs,copied_bytes,barriers,cpu_ns,wall_ns,p50_ns,p95_ns,p99_ns,load1_before,load1_after
k_pwrite,process,24,1,1025,2050,4,0,new_name,117,bytes,239850,119925,33579000,239850,0,0,0,0,0,183979527,189046866,1512179,1895279,3189079,5.860,5.860
stderr:

[2026-07-15T18:01:15.646706+00:00] e000159 /home/bob/src/mess/.maw/workspaces/bn-1zv6/spikes/pwritev_group/target/release/pwritev_group point-auto k_pwrite process 24 1 1025 4 new_name 0
stdout:
variant,mode,payload,events_per_batch,owner_units,physical_batches,writers,chain,unit_shape,iterations,stop_reason,events,domain_events,bytes,write_syscalls,short_writes,interrupted,max_iovecs,copied_bytes,barriers,cpu_ns,wall_ns,p50_ns,p95_ns,p99_ns,load1_before,load1_after
k_pwrite,process,24,1,1025,2050,4,0,new_name,117,bytes,239850,119925,33579000,239850,0,0,0,0,0,190853518,193458363,1514698,1956069,4504047,5.860,5.860
stderr:

[2026-07-15T18:01:16.674372+00:00] e000160 /home/bob/src/mess/.maw/workspaces/bn-1zv6/spikes/pwritev_group/target/release/pwritev_group point-auto copy_contiguous process 24 1 1025 4 new_name 0
stdout:
variant,mode,payload,events_per_batch,owner_units,physical_batches,writers,chain,unit_shape,iterations,stop_reason,events,domain_events,bytes,write_syscalls,short_writes,interrupted,max_iovecs,copied_bytes,barriers,cpu_ns,wall_ns,p50_ns,p95_ns,p99_ns,load1_before,load1_after
copy_contiguous,process,24,1,1025,2050,4,0,new_name,117,bytes,239850,119925,33579000,117,0,0,0,33579000,0,5787692,5822037,48480,57480,59450,5.390,5.390
stderr:

[2026-07-15T18:01:17.696407+00:00] e000161 /home/bob/src/mess/.maw/workspaces/bn-1zv6/spikes/pwritev_group/target/release/pwritev_group point-auto k_pwrite process 24 10 2 2 domain 0
stdout:
variant,mode,payload,events_per_batch,owner_units,physical_batches,writers,chain,unit_shape,iterations,stop_reason,events,domain_events,bytes,write_syscalls,short_writes,interrupted,max_iovecs,copied_bytes,barriers,cpu_ns,wall_ns,p50_ns,p95_ns,p99_ns,load1_before,load1_after
k_pwrite,process,24,10,2,2,2,0,domain,27595,bytes,551900,551900,33555520,55190,0,0,0,0,0,46083521,46474875,1530,1810,1960,5.390,5.390
stderr:

[2026-07-15T18:01:18.727907+00:00] e000162 /home/bob/src/mess/.maw/workspaces/bn-1zv6/spikes/pwritev_group/target/release/pwritev_group point-auto pwritev_full_8m process 24 10 2 2 domain 0
stdout:
variant,mode,payload,events_per_batch,owner_units,physical_batches,writers,chain,unit_shape,iterations,stop_reason,events,domain_events,bytes,write_syscalls,short_writes,interrupted,max_iovecs,copied_bytes,barriers,cpu_ns,wall_ns,p50_ns,p95_ns,p99_ns,load1_before,load1_after
pwritev_full_8m,process,24,10,2,2,2,0,domain,27595,bytes,551900,551900,33555520,27595,0,0,2,0,0,28204117,28420934,920,1090,1190,5.390,5.390
stderr:

[2026-07-15T18:01:19.754987+00:00] e000163 /home/bob/src/mess/.maw/workspaces/bn-1zv6/spikes/pwritev_group/target/release/pwritev_group point-auto pwritev_full_8m process 24 10 2 2 domain 0
stdout:
variant,mode,payload,events_per_batch,owner_units,physical_batches,writers,chain,unit_shape,iterations,stop_reason,events,domain_events,bytes,write_syscalls,short_writes,interrupted,max_iovecs,copied_bytes,barriers,cpu_ns,wall_ns,p50_ns,p95_ns,p99_ns,load1_before,load1_after
pwritev_full_8m,process,24,10,2,2,2,0,domain,27595,bytes,551900,551900,33555520,27595,0,0,2,0,0,28025567,28265835,930,1080,1200,5.390,5.390
stderr:

[2026-07-15T18:01:20.777427+00:00] e000164 /home/bob/src/mess/.maw/workspaces/bn-1zv6/spikes/pwritev_group/target/release/pwritev_group point-auto k_pwrite process 24 10 2 2 domain 0
stdout:
variant,mode,payload,events_per_batch,owner_units,physical_batches,writers,chain,unit_shape,iterations,stop_reason,events,domain_events,bytes,write_syscalls,short_writes,interrupted,max_iovecs,copied_bytes,barriers,cpu_ns,wall_ns,p50_ns,p95_ns,p99_ns,load1_before,load1_after
k_pwrite,process,24,10,2,2,2,0,domain,27595,bytes,551900,551900,33555520,55190,0,0,0,0,0,45725572,46004584,1490,1740,1910,5.390,5.390
stderr:

[2026-07-15T18:01:21.805155+00:00] e000165 /home/bob/src/mess/.maw/workspaces/bn-1zv6/spikes/pwritev_group/target/release/pwritev_group point-auto copy_contiguous process 24 10 2 2 domain 0
stdout:
variant,mode,payload,events_per_batch,owner_units,physical_batches,writers,chain,unit_shape,iterations,stop_reason,events,domain_events,bytes,write_syscalls,short_writes,interrupted,max_iovecs,copied_bytes,barriers,cpu_ns,wall_ns,p50_ns,p95_ns,p99_ns,load1_before,load1_after
copy_contiguous,process,24,10,2,2,2,0,domain,27595,bytes,551900,551900,33555520,27595,0,0,0,33555520,0,25564386,25717666,830,900,1050,5.120,5.120
stderr:

[2026-07-15T18:01:22.833345+00:00] e000166 /home/bob/src/mess/.maw/workspaces/bn-1zv6/spikes/pwritev_group/target/release/pwritev_group point-auto k_pwrite process 24 10 2 2 domain 0
stdout:
variant,mode,payload,events_per_batch,owner_units,physical_batches,writers,chain,unit_shape,iterations,stop_reason,events,domain_events,bytes,write_syscalls,short_writes,interrupted,max_iovecs,copied_bytes,barriers,cpu_ns,wall_ns,p50_ns,p95_ns,p99_ns,load1_before,load1_after
k_pwrite,process,24,10,2,2,2,0,domain,27595,bytes,551900,551900,33555520,55190,0,0,0,0,0,45653801,46147715,1510,1820,2170,5.120,5.120
stderr:

[2026-07-15T18:01:23.864816+00:00] e000167 /home/bob/src/mess/.maw/workspaces/bn-1zv6/spikes/pwritev_group/target/release/pwritev_group point-auto k_pwrite process 24 10 2 2 domain 0
stdout:
variant,mode,payload,events_per_batch,owner_units,physical_batches,writers,chain,unit_shape,iterations,stop_reason,events,domain_events,bytes,write_syscalls,short_writes,interrupted,max_iovecs,copied_bytes,barriers,cpu_ns,wall_ns,p50_ns,p95_ns,p99_ns,load1_before,load1_after
k_pwrite,process,24,10,2,2,2,0,domain,27595,bytes,551900,551900,33555520,55190,0,0,0,0,0,48119693,48763223,1510,1860,3120,5.120,5.120
stderr:

[2026-07-15T18:01:24.893500+00:00] e000168 /home/bob/src/mess/.maw/workspaces/bn-1zv6/spikes/pwritev_group/target/release/pwritev_group point-auto copy_contiguous process 24 10 2 2 domain 0
stdout:
variant,mode,payload,events_per_batch,owner_units,physical_batches,writers,chain,unit_shape,iterations,stop_reason,events,domain_events,bytes,write_syscalls,short_writes,interrupted,max_iovecs,copied_bytes,barriers,cpu_ns,wall_ns,p50_ns,p95_ns,p99_ns,load1_before,load1_after
copy_contiguous,process,24,10,2,2,2,0,domain,27595,bytes,551900,551900,33555520,27595,0,0,0,33555520,0,27640867,27859565,820,1000,2040,5.120,5.120
stderr:

[2026-07-15T18:01:25.918801+00:00] e000169 /home/bob/src/mess/.maw/workspaces/bn-1zv6/spikes/pwritev_group/target/release/pwritev_group point-auto k_pwrite process 24 10 2 2 new_name 0
stdout:
variant,mode,payload,events_per_batch,owner_units,physical_batches,writers,chain,unit_shape,iterations,stop_reason,events,domain_events,bytes,write_syscalls,short_writes,interrupted,max_iovecs,copied_bytes,barriers,cpu_ns,wall_ns,p50_ns,p95_ns,p99_ns,load1_before,load1_after
k_pwrite,process,24,10,2,4,2,0,new_name,22430,bytes,493460,448600,33555280,89720,0,0,0,0,0,68227537,68727892,2890,3470,3780,5.120,5.120
stderr:

[2026-07-15T18:01:26.939887+00:00] e000170 /home/bob/src/mess/.maw/workspaces/bn-1zv6/spikes/pwritev_group/target/release/pwritev_group point-auto pwritev_full_8m process 24 10 2 2 new_name 0
stdout:
variant,mode,payload,events_per_batch,owner_units,physical_batches,writers,chain,unit_shape,iterations,stop_reason,events,domain_events,bytes,write_syscalls,short_writes,interrupted,max_iovecs,copied_bytes,barriers,cpu_ns,wall_ns,p50_ns,p95_ns,p99_ns,load1_before,load1_after
pwritev_full_8m,process,24,10,2,4,2,0,new_name,22430,bytes,493460,448600,33555280,22430,0,0,4,0,0,24828737,25048996,1000,1250,1330,4.790,4.790
stderr:

[2026-07-15T18:01:27.963847+00:00] e000171 /home/bob/src/mess/.maw/workspaces/bn-1zv6/spikes/pwritev_group/target/release/pwritev_group point-auto pwritev_full_8m process 24 10 2 2 new_name 0
stdout:
variant,mode,payload,events_per_batch,owner_units,physical_batches,writers,chain,unit_shape,iterations,stop_reason,events,domain_events,bytes,write_syscalls,short_writes,interrupted,max_iovecs,copied_bytes,barriers,cpu_ns,wall_ns,p50_ns,p95_ns,p99_ns,load1_before,load1_after
pwritev_full_8m,process,24,10,2,4,2,0,new_name,22430,bytes,493460,448600,33555280,22430,0,0,4,0,0,25301107,25659176,1000,1210,1320,4.790,4.790
stderr:

[2026-07-15T18:01:28.995063+00:00] e000172 /home/bob/src/mess/.maw/workspaces/bn-1zv6/spikes/pwritev_group/target/release/pwritev_group point-auto k_pwrite process 24 10 2 2 new_name 0
stdout:
variant,mode,payload,events_per_batch,owner_units,physical_batches,writers,chain,unit_shape,iterations,stop_reason,events,domain_events,bytes,write_syscalls,short_writes,interrupted,max_iovecs,copied_bytes,barriers,cpu_ns,wall_ns,p50_ns,p95_ns,p99_ns,load1_before,load1_after
k_pwrite,process,24,10,2,4,2,0,new_name,22430,bytes,493460,448600,33555280,89720,0,0,0,0,0,70249218,70814841,2910,3630,3940,4.790,4.790
stderr:

[2026-07-15T18:01:30.022361+00:00] e000173 /home/bob/src/mess/.maw/workspaces/bn-1zv6/spikes/pwritev_group/target/release/pwritev_group point-auto copy_contiguous process 24 10 2 2 new_name 0
stdout:
variant,mode,payload,events_per_batch,owner_units,physical_batches,writers,chain,unit_shape,iterations,stop_reason,events,domain_events,bytes,write_syscalls,short_writes,interrupted,max_iovecs,copied_bytes,barriers,cpu_ns,wall_ns,p50_ns,p95_ns,p99_ns,load1_before,load1_after
copy_contiguous,process,24,10,2,4,2,0,new_name,22430,bytes,493460,448600,33555280,22430,0,0,0,33555280,0,21377136,21499369,840,1090,1100,4.790,4.790
stderr:

[2026-07-15T18:01:31.054539+00:00] e000174 /home/bob/src/mess/.maw/workspaces/bn-1zv6/spikes/pwritev_group/target/release/pwritev_group point-auto k_pwrite process 24 10 2 2 new_name 0
stdout:
variant,mode,payload,events_per_batch,owner_units,physical_batches,writers,chain,unit_shape,iterations,stop_reason,events,domain_events,bytes,write_syscalls,short_writes,interrupted,max_iovecs,copied_bytes,barriers,cpu_ns,wall_ns,p50_ns,p95_ns,p99_ns,load1_before,load1_after
k_pwrite,process,24,10,2,4,2,0,new_name,22430,bytes,493460,448600,33555280,89720,0,0,0,0,0,70303518,71493280,2910,3400,5320,4.790,4.790
stderr:

[2026-07-15T18:01:32.084878+00:00] e000175 /home/bob/src/mess/.maw/workspaces/bn-1zv6/spikes/pwritev_group/target/release/pwritev_group point-auto k_pwrite process 24 10 2 2 new_name 0
stdout:
variant,mode,payload,events_per_batch,owner_units,physical_batches,writers,chain,unit_shape,iterations,stop_reason,events,domain_events,bytes,write_syscalls,short_writes,interrupted,max_iovecs,copied_bytes,barriers,cpu_ns,wall_ns,p50_ns,p95_ns,p99_ns,load1_before,load1_after
k_pwrite,process,24,10,2,4,2,0,new_name,22430,bytes,493460,448600,33555280,89720,0,0,0,0,0,71694928,72307120,2940,3710,5710,4.480,4.480
stderr:

[2026-07-15T18:01:33.106946+00:00] e000176 /home/bob/src/mess/.maw/workspaces/bn-1zv6/spikes/pwritev_group/target/release/pwritev_group point-auto copy_contiguous process 24 10 2 2 new_name 0
stdout:
variant,mode,payload,events_per_batch,owner_units,physical_batches,writers,chain,unit_shape,iterations,stop_reason,events,domain_events,bytes,write_syscalls,short_writes,interrupted,max_iovecs,copied_bytes,barriers,cpu_ns,wall_ns,p50_ns,p95_ns,p99_ns,load1_before,load1_after
copy_contiguous,process,24,10,2,4,2,0,new_name,22430,bytes,493460,448600,33555280,22430,0,0,0,33555280,0,20552074,21509838,840,950,1090,4.480,4.480
stderr:

[2026-07-15T18:01:34.136626+00:00] e000177 /home/bob/src/mess/.maw/workspaces/bn-1zv6/spikes/pwritev_group/target/release/pwritev_group point-auto k_pwrite process 24 10 4 4 domain 0
stdout:
variant,mode,payload,events_per_batch,owner_units,physical_batches,writers,chain,unit_shape,iterations,stop_reason,events,domain_events,bytes,write_syscalls,short_writes,interrupted,max_iovecs,copied_bytes,barriers,cpu_ns,wall_ns,p50_ns,p95_ns,p99_ns,load1_before,load1_after
k_pwrite,process,24,10,4,4,4,0,domain,13798,bytes,551920,551920,33556736,55192,0,0,0,0,0,45295431,46241365,2960,3540,5470,4.480,4.480
stderr:

[2026-07-15T18:01:35.166608+00:00] e000178 /home/bob/src/mess/.maw/workspaces/bn-1zv6/spikes/pwritev_group/target/release/pwritev_group point-auto pwritev_full_8m process 24 10 4 4 domain 0
stdout:
variant,mode,payload,events_per_batch,owner_units,physical_batches,writers,chain,unit_shape,iterations,stop_reason,events,domain_events,bytes,write_syscalls,short_writes,interrupted,max_iovecs,copied_bytes,barriers,cpu_ns,wall_ns,p50_ns,p95_ns,p99_ns,load1_before,load1_after
pwritev_full_8m,process,24,10,4,4,4,0,domain,13798,bytes,551920,551920,33556736,13798,0,0,4,0,0,15689664,15813771,1030,1220,1310,4.480,4.480
stderr:

[2026-07-15T18:01:36.197998+00:00] e000179 /home/bob/src/mess/.maw/workspaces/bn-1zv6/spikes/pwritev_group/target/release/pwritev_group point-auto pwritev_full_8m process 24 10 4 4 domain 0
stdout:
variant,mode,payload,events_per_batch,owner_units,physical_batches,writers,chain,unit_shape,iterations,stop_reason,events,domain_events,bytes,write_syscalls,short_writes,interrupted,max_iovecs,copied_bytes,barriers,cpu_ns,wall_ns,p50_ns,p95_ns,p99_ns,load1_before,load1_after
pwritev_full_8m,process,24,10,4,4,4,0,domain,13798,bytes,551920,551920,33556736,13798,0,0,4,0,0,15779344,15882571,1030,1200,1300,4.480,4.480
stderr:

[2026-07-15T18:01:37.228155+00:00] e000180 /home/bob/src/mess/.maw/workspaces/bn-1zv6/spikes/pwritev_group/target/release/pwritev_group point-auto k_pwrite process 24 10 4 4 domain 0
stdout:
variant,mode,payload,events_per_batch,owner_units,physical_batches,writers,chain,unit_shape,iterations,stop_reason,events,domain_events,bytes,write_syscalls,short_writes,interrupted,max_iovecs,copied_bytes,barriers,cpu_ns,wall_ns,p50_ns,p95_ns,p99_ns,load1_before,load1_after
k_pwrite,process,24,10,4,4,4,0,domain,13798,bytes,551920,551920,33556736,55192,0,0,0,0,0,42357030,42774946,2940,3450,3760,4.200,4.200
stderr:

[2026-07-15T18:01:38.252900+00:00] e000181 /home/bob/src/mess/.maw/workspaces/bn-1zv6/spikes/pwritev_group/target/release/pwritev_group point-auto copy_contiguous process 24 10 4 4 domain 0
stdout:
variant,mode,payload,events_per_batch,owner_units,physical_batches,writers,chain,unit_shape,iterations,stop_reason,events,domain_events,bytes,write_syscalls,short_writes,interrupted,max_iovecs,copied_bytes,barriers,cpu_ns,wall_ns,p50_ns,p95_ns,p99_ns,load1_before,load1_after
copy_contiguous,process,24,10,4,4,4,0,domain,13798,bytes,551920,551920,33556736,13798,0,0,0,33556736,0,12654583,12723323,850,870,1060,4.200,4.200
stderr:

[2026-07-15T18:01:39.284287+00:00] e000182 /home/bob/src/mess/.maw/workspaces/bn-1zv6/spikes/pwritev_group/target/release/pwritev_group point-auto k_pwrite process 24 10 4 4 domain 0
stdout:
variant,mode,payload,events_per_batch,owner_units,physical_batches,writers,chain,unit_shape,iterations,stop_reason,events,domain_events,bytes,write_syscalls,short_writes,interrupted,max_iovecs,copied_bytes,barriers,cpu_ns,wall_ns,p50_ns,p95_ns,p99_ns,load1_before,load1_after
k_pwrite,process,24,10,4,4,4,0,domain,13798,bytes,551920,551920,33556736,55192,0,0,0,0,0,42891179,43876016,2940,3110,3710,4.200,4.200
stderr:

[2026-07-15T18:01:40.312432+00:00] e000183 /home/bob/src/mess/.maw/workspaces/bn-1zv6/spikes/pwritev_group/target/release/pwritev_group point-auto k_pwrite process 24 10 4 4 domain 0
stdout:
variant,mode,payload,events_per_batch,owner_units,physical_batches,writers,chain,unit_shape,iterations,stop_reason,events,domain_events,bytes,write_syscalls,short_writes,interrupted,max_iovecs,copied_bytes,barriers,cpu_ns,wall_ns,p50_ns,p95_ns,p99_ns,load1_before,load1_after
k_pwrite,process,24,10,4,4,4,0,domain,13798,bytes,551920,551920,33556736,55192,0,0,0,0,0,43205980,43747046,2930,3690,3940,4.200,4.200
stderr:

[2026-07-15T18:01:41.335761+00:00] e000184 /home/bob/src/mess/.maw/workspaces/bn-1zv6/spikes/pwritev_group/target/release/pwritev_group point-auto copy_contiguous process 24 10 4 4 domain 0
stdout:
variant,mode,payload,events_per_batch,owner_units,physical_batches,writers,chain,unit_shape,iterations,stop_reason,events,domain_events,bytes,write_syscalls,short_writes,interrupted,max_iovecs,copied_bytes,barriers,cpu_ns,wall_ns,p50_ns,p95_ns,p99_ns,load1_before,load1_after
copy_contiguous,process,24,10,4,4,4,0,domain,13798,bytes,551920,551920,33556736,13798,0,0,0,33556736,0,13866693,13980552,850,970,1290,3.950,3.950
stderr:

[2026-07-15T18:01:42.365030+00:00] e000185 /home/bob/src/mess/.maw/workspaces/bn-1zv6/spikes/pwritev_group/target/release/pwritev_group point-auto k_pwrite process 24 10 4 4 new_name 0
stdout:
variant,mode,payload,events_per_batch,owner_units,physical_batches,writers,chain,unit_shape,iterations,stop_reason,events,domain_events,bytes,write_syscalls,short_writes,interrupted,max_iovecs,copied_bytes,barriers,cpu_ns,wall_ns,p50_ns,p95_ns,p99_ns,load1_before,load1_after
k_pwrite,process,24,10,4,8,4,0,new_name,11215,bytes,493460,448600,33555280,89720,0,0,0,0,0,67551427,68210012,5750,7100,9200,3.950,3.950
stderr:

[2026-07-15T18:01:43.390807+00:00] e000186 /home/bob/src/mess/.maw/workspaces/bn-1zv6/spikes/pwritev_group/target/release/pwritev_group point-auto pwritev_full_8m process 24 10 4 4 new_name 0
stdout:
variant,mode,payload,events_per_batch,owner_units,physical_batches,writers,chain,unit_shape,iterations,stop_reason,events,domain_events,bytes,write_syscalls,short_writes,interrupted,max_iovecs,copied_bytes,barriers,cpu_ns,wall_ns,p50_ns,p95_ns,p99_ns,load1_before,load1_after
pwritev_full_8m,process,24,10,4,8,4,0,new_name,11215,bytes,493460,448600,33555280,11215,0,0,8,0,0,14025093,14146372,1160,1400,1460,3.950,3.950
stderr:

[2026-07-15T18:01:44.423167+00:00] e000187 /home/bob/src/mess/.maw/workspaces/bn-1zv6/spikes/pwritev_group/target/release/pwritev_group point-auto pwritev_full_8m process 24 10 4 4 new_name 0
stdout:
variant,mode,payload,events_per_batch,owner_units,physical_batches,writers,chain,unit_shape,iterations,stop_reason,events,domain_events,bytes,write_syscalls,short_writes,interrupted,max_iovecs,copied_bytes,barriers,cpu_ns,wall_ns,p50_ns,p95_ns,p99_ns,load1_before,load1_after
pwritev_full_8m,process,24,10,4,8,4,0,new_name,11215,bytes,493460,448600,33555280,11215,0,0,8,0,0,14083063,14201922,1160,1400,1510,3.950,3.950
stderr:

[2026-07-15T18:01:45.455399+00:00] e000188 /home/bob/src/mess/.maw/workspaces/bn-1zv6/spikes/pwritev_group/target/release/pwritev_group point-auto k_pwrite process 24 10 4 4 new_name 0
stdout:
variant,mode,payload,events_per_batch,owner_units,physical_batches,writers,chain,unit_shape,iterations,stop_reason,events,domain_events,bytes,write_syscalls,short_writes,interrupted,max_iovecs,copied_bytes,barriers,cpu_ns,wall_ns,p50_ns,p95_ns,p99_ns,load1_before,load1_after
k_pwrite,process,24,10,4,8,4,0,new_name,11215,bytes,493460,448600,33555280,89720,0,0,0,0,0,70326928,72166640,5780,6550,13600,3.950,3.950
stderr:

[2026-07-15T18:01:46.477387+00:00] e000189 /home/bob/src/mess/.maw/workspaces/bn-1zv6/spikes/pwritev_group/target/release/pwritev_group point-auto copy_contiguous process 24 10 4 4 new_name 0
stdout:
variant,mode,payload,events_per_batch,owner_units,physical_batches,writers,chain,unit_shape,iterations,stop_reason,events,domain_events,bytes,write_syscalls,short_writes,interrupted,max_iovecs,copied_bytes,barriers,cpu_ns,wall_ns,p50_ns,p95_ns,p99_ns,load1_before,load1_after
copy_contiguous,process,24,10,4,8,4,0,new_name,11215,bytes,493460,448600,33555280,11215,0,0,0,33555280,0,11026902,11264433,890,1080,1150,3.790,3.790
stderr:

[2026-07-15T18:01:47.505443+00:00] e000190 /home/bob/src/mess/.maw/workspaces/bn-1zv6/spikes/pwritev_group/target/release/pwritev_group point-auto k_pwrite process 24 10 4 4 new_name 0
stdout:
variant,mode,payload,events_per_batch,owner_units,physical_batches,writers,chain,unit_shape,iterations,stop_reason,events,domain_events,bytes,write_syscalls,short_writes,interrupted,max_iovecs,copied_bytes,barriers,cpu_ns,wall_ns,p50_ns,p95_ns,p99_ns,load1_before,load1_after
k_pwrite,process,24,10,4,8,4,0,new_name,11215,bytes,493460,448600,33555280,89720,0,0,0,0,0,68360797,68960611,5740,6790,13170,3.790,3.790
stderr:

[2026-07-15T18:01:48.533834+00:00] e000191 /home/bob/src/mess/.maw/workspaces/bn-1zv6/spikes/pwritev_group/target/release/pwritev_group point-auto k_pwrite process 24 10 4 4 new_name 0
stdout:
variant,mode,payload,events_per_batch,owner_units,physical_batches,writers,chain,unit_shape,iterations,stop_reason,events,domain_events,bytes,write_syscalls,short_writes,interrupted,max_iovecs,copied_bytes,barriers,cpu_ns,wall_ns,p50_ns,p95_ns,p99_ns,load1_before,load1_after
k_pwrite,process,24,10,4,8,4,0,new_name,11215,bytes,493460,448600,33555280,89720,0,0,0,0,0,68335507,68915541,5760,7200,7670,3.790,3.790
stderr:

[2026-07-15T18:01:49.565951+00:00] e000192 /home/bob/src/mess/.maw/workspaces/bn-1zv6/spikes/pwritev_group/target/release/pwritev_group point-auto copy_contiguous process 24 10 4 4 new_name 0
stdout:
variant,mode,payload,events_per_batch,owner_units,physical_batches,writers,chain,unit_shape,iterations,stop_reason,events,domain_events,bytes,write_syscalls,short_writes,interrupted,max_iovecs,copied_bytes,barriers,cpu_ns,wall_ns,p50_ns,p95_ns,p99_ns,load1_before,load1_after
copy_contiguous,process,24,10,4,8,4,0,new_name,11215,bytes,493460,448600,33555280,11215,0,0,0,33555280,0,11278013,11366724,870,1060,1190,3.790,3.790
stderr:

[2026-07-15T18:01:50.589899+00:00] e000193 /home/bob/src/mess/.maw/workspaces/bn-1zv6/spikes/pwritev_group/target/release/pwritev_group point-auto k_pwrite process 24 10 16 4 domain 0
stdout:
variant,mode,payload,events_per_batch,owner_units,physical_batches,writers,chain,unit_shape,iterations,stop_reason,events,domain_events,bytes,write_syscalls,short_writes,interrupted,max_iovecs,copied_bytes,barriers,cpu_ns,wall_ns,p50_ns,p95_ns,p99_ns,load1_before,load1_after
k_pwrite,process,24,10,16,16,4,0,domain,3450,bytes,552000,552000,33561600,55200,0,0,0,0,0,46540682,47042803,12400,16700,24720,3.790,3.790
stderr:

[2026-07-15T18:01:51.612246+00:00] e000194 /home/bob/src/mess/.maw/workspaces/bn-1zv6/spikes/pwritev_group/target/release/pwritev_group point-auto pwritev_full_8m process 24 10 16 4 domain 0
stdout:
variant,mode,payload,events_per_batch,owner_units,physical_batches,writers,chain,unit_shape,iterations,stop_reason,events,domain_events,bytes,write_syscalls,short_writes,interrupted,max_iovecs,copied_bytes,barriers,cpu_ns,wall_ns,p50_ns,p95_ns,p99_ns,load1_before,load1_after
pwritev_full_8m,process,24,10,16,16,4,0,domain,3450,bytes,552000,552000,33561600,3450,0,0,16,0,0,8862472,8949754,2460,2550,3140,3.570,3.570
stderr:

[2026-07-15T18:01:52.635977+00:00] e000195 /home/bob/src/mess/.maw/workspaces/bn-1zv6/spikes/pwritev_group/target/release/pwritev_group point-auto pwritev_full_8m process 24 10 16 4 domain 0
stdout:
variant,mode,payload,events_per_batch,owner_units,physical_batches,writers,chain,unit_shape,iterations,stop_reason,events,domain_events,bytes,write_syscalls,short_writes,interrupted,max_iovecs,copied_bytes,barriers,cpu_ns,wall_ns,p50_ns,p95_ns,p99_ns,load1_before,load1_after
pwritev_full_8m,process,24,10,16,16,4,0,domain,3450,bytes,552000,552000,33561600,3450,0,0,16,0,0,9047972,9168205,2480,2860,3190,3.570,3.570
stderr:

[2026-07-15T18:01:53.667380+00:00] e000196 /home/bob/src/mess/.maw/workspaces/bn-1zv6/spikes/pwritev_group/target/release/pwritev_group point-auto k_pwrite process 24 10 16 4 domain 0
stdout:
variant,mode,payload,events_per_batch,owner_units,physical_batches,writers,chain,unit_shape,iterations,stop_reason,events,domain_events,bytes,write_syscalls,short_writes,interrupted,max_iovecs,copied_bytes,barriers,cpu_ns,wall_ns,p50_ns,p95_ns,p99_ns,load1_before,load1_after
k_pwrite,process,24,10,16,16,4,0,domain,3450,bytes,552000,552000,33561600,55200,0,0,0,0,0,45143701,45897255,12350,14580,22980,3.570,3.570
stderr:

[2026-07-15T18:01:54.698243+00:00] e000197 /home/bob/src/mess/.maw/workspaces/bn-1zv6/spikes/pwritev_group/target/release/pwritev_group point-auto copy_contiguous process 24 10 16 4 domain 0
stdout:
variant,mode,payload,events_per_batch,owner_units,physical_batches,writers,chain,unit_shape,iterations,stop_reason,events,domain_events,bytes,write_syscalls,short_writes,interrupted,max_iovecs,copied_bytes,barriers,cpu_ns,wall_ns,p50_ns,p95_ns,p99_ns,load1_before,load1_after
copy_contiguous,process,24,10,16,16,4,0,domain,3450,bytes,552000,552000,33561600,3450,0,0,0,33561600,0,6645862,6703867,1800,2340,2470,3.570,3.570
stderr:

[2026-07-15T18:01:55.723955+00:00] e000198 /home/bob/src/mess/.maw/workspaces/bn-1zv6/spikes/pwritev_group/target/release/pwritev_group point-auto k_pwrite process 24 10 16 4 domain 0
stdout:
variant,mode,payload,events_per_batch,owner_units,physical_batches,writers,chain,unit_shape,iterations,stop_reason,events,domain_events,bytes,write_syscalls,short_writes,interrupted,max_iovecs,copied_bytes,barriers,cpu_ns,wall_ns,p50_ns,p95_ns,p99_ns,load1_before,load1_after
k_pwrite,process,24,10,16,16,4,0,domain,3450,bytes,552000,552000,33561600,55200,0,0,0,0,0,44900682,45291345,12420,15750,22420,3.570,3.570
stderr:

[2026-07-15T18:01:56.752179+00:00] e000199 /home/bob/src/mess/.maw/workspaces/bn-1zv6/spikes/pwritev_group/target/release/pwritev_group point-auto k_pwrite process 24 10 16 4 domain 0
stdout:
variant,mode,payload,events_per_batch,owner_units,physical_batches,writers,chain,unit_shape,iterations,stop_reason,events,domain_events,bytes,write_syscalls,short_writes,interrupted,max_iovecs,copied_bytes,barriers,cpu_ns,wall_ns,p50_ns,p95_ns,p99_ns,load1_before,load1_after
k_pwrite,process,24,10,16,16,4,0,domain,3450,bytes,552000,552000,33561600,55200,0,0,0,0,0,44491192,45930104,12410,15300,21500,3.440,3.440
stderr:

[2026-07-15T18:01:57.783705+00:00] e000200 /home/bob/src/mess/.maw/workspaces/bn-1zv6/spikes/pwritev_group/target/release/pwritev_group point-auto copy_contiguous process 24 10 16 4 domain 0
stdout:
variant,mode,payload,events_per_batch,owner_units,physical_batches,writers,chain,unit_shape,iterations,stop_reason,events,domain_events,bytes,write_syscalls,short_writes,interrupted,max_iovecs,copied_bytes,barriers,cpu_ns,wall_ns,p50_ns,p95_ns,p99_ns,load1_before,load1_after
copy_contiguous,process,24,10,16,16,4,0,domain,3450,bytes,552000,552000,33561600,3450,0,0,0,33561600,0,6581432,6622846,1810,2050,2410,3.440,3.440
stderr:

[2026-07-15T18:01:58.811601+00:00] e000201 /home/bob/src/mess/.maw/workspaces/bn-1zv6/spikes/pwritev_group/target/release/pwritev_group point-auto k_pwrite process 24 10 16 4 new_name 0
stdout:
variant,mode,payload,events_per_batch,owner_units,physical_batches,writers,chain,unit_shape,iterations,stop_reason,events,domain_events,bytes,write_syscalls,short_writes,interrupted,max_iovecs,copied_bytes,barriers,cpu_ns,wall_ns,p50_ns,p95_ns,p99_ns,load1_before,load1_after
k_pwrite,process,24,10,16,32,4,0,new_name,2804,bytes,493504,448640,33558272,89728,0,0,0,0,0,73446168,74041539,23880,31280,63010,3.440,3.440
stderr:

[2026-07-15T18:01:59.840045+00:00] e000202 /home/bob/src/mess/.maw/workspaces/bn-1zv6/spikes/pwritev_group/target/release/pwritev_group point-auto pwritev_full_8m process 24 10 16 4 new_name 0
stdout:
variant,mode,payload,events_per_batch,owner_units,physical_batches,writers,chain,unit_shape,iterations,stop_reason,events,domain_events,bytes,write_syscalls,short_writes,interrupted,max_iovecs,copied_bytes,barriers,cpu_ns,wall_ns,p50_ns,p95_ns,p99_ns,load1_before,load1_after
pwritev_full_8m,process,24,10,16,32,4,0,new_name,2804,bytes,493504,448640,33558272,2804,0,0,32,0,0,9073842,9305525,3060,3300,4100,3.440,3.440
stderr:

[2026-07-15T18:02:00.869124+00:00] e000203 /home/bob/src/mess/.maw/workspaces/bn-1zv6/spikes/pwritev_group/target/release/pwritev_group point-auto pwritev_full_8m process 24 10 16 4 new_name 0
stdout:
variant,mode,payload,events_per_batch,owner_units,physical_batches,writers,chain,unit_shape,iterations,stop_reason,events,domain_events,bytes,write_syscalls,short_writes,interrupted,max_iovecs,copied_bytes,barriers,cpu_ns,wall_ns,p50_ns,p95_ns,p99_ns,load1_before,load1_after
pwritev_full_8m,process,24,10,16,32,4,0,new_name,2804,bytes,493504,448640,33558272,2804,0,0,32,0,0,9503113,9630765,3070,3340,5710,3.440,3.440
stderr:

[2026-07-15T18:02:01.900920+00:00] e000204 /home/bob/src/mess/.maw/workspaces/bn-1zv6/spikes/pwritev_group/target/release/pwritev_group point-auto k_pwrite process 24 10 16 4 new_name 0
stdout:
variant,mode,payload,events_per_batch,owner_units,physical_batches,writers,chain,unit_shape,iterations,stop_reason,events,domain_events,bytes,write_syscalls,short_writes,interrupted,max_iovecs,copied_bytes,barriers,cpu_ns,wall_ns,p50_ns,p95_ns,p99_ns,load1_before,load1_after
k_pwrite,process,24,10,16,32,4,0,new_name,2804,bytes,493504,448640,33558272,89728,0,0,0,0,0,69080477,69771081,23780,29170,39050,3.250,3.250
stderr:

[2026-07-15T18:02:02.931160+00:00] e000205 /home/bob/src/mess/.maw/workspaces/bn-1zv6/spikes/pwritev_group/target/release/pwritev_group point-auto copy_contiguous process 24 10 16 4 new_name 0
stdout:
variant,mode,payload,events_per_batch,owner_units,physical_batches,writers,chain,unit_shape,iterations,stop_reason,events,domain_events,bytes,write_syscalls,short_writes,interrupted,max_iovecs,copied_bytes,barriers,cpu_ns,wall_ns,p50_ns,p95_ns,p99_ns,load1_before,load1_after
copy_contiguous,process,24,10,16,32,4,0,new_name,2804,bytes,493504,448640,33558272,2804,0,0,0,33558272,0,6277951,9441985,2000,2480,3600,3.250,3.250
stderr:

[2026-07-15T18:02:03.963032+00:00] e000206 /home/bob/src/mess/.maw/workspaces/bn-1zv6/spikes/pwritev_group/target/release/pwritev_group point-auto k_pwrite process 24 10 16 4 new_name 0
stdout:
variant,mode,payload,events_per_batch,owner_units,physical_batches,writers,chain,unit_shape,iterations,stop_reason,events,domain_events,bytes,write_syscalls,short_writes,interrupted,max_iovecs,copied_bytes,barriers,cpu_ns,wall_ns,p50_ns,p95_ns,p99_ns,load1_before,load1_after
k_pwrite,process,24,10,16,32,4,0,new_name,2804,bytes,493504,448640,33558272,89728,0,0,0,0,0,71996978,72721659,23680,28510,75430,3.250,3.250
stderr:

[2026-07-15T18:02:04.994869+00:00] e000207 /home/bob/src/mess/.maw/workspaces/bn-1zv6/spikes/pwritev_group/target/release/pwritev_group point-auto k_pwrite process 24 10 16 4 new_name 0
stdout:
variant,mode,payload,events_per_batch,owner_units,physical_batches,writers,chain,unit_shape,iterations,stop_reason,events,domain_events,bytes,write_syscalls,short_writes,interrupted,max_iovecs,copied_bytes,barriers,cpu_ns,wall_ns,p50_ns,p95_ns,p99_ns,load1_before,load1_after
k_pwrite,process,24,10,16,32,4,0,new_name,2804,bytes,493504,448640,33558272,89728,0,0,0,0,0,70886998,71432160,23770,27130,37360,3.250,3.250
stderr:

[2026-07-15T18:02:06.025880+00:00] e000208 /home/bob/src/mess/.maw/workspaces/bn-1zv6/spikes/pwritev_group/target/release/pwritev_group point-auto copy_contiguous process 24 10 16 4 new_name 0
stdout:
variant,mode,payload,events_per_batch,owner_units,physical_batches,writers,chain,unit_shape,iterations,stop_reason,events,domain_events,bytes,write_syscalls,short_writes,interrupted,max_iovecs,copied_bytes,barriers,cpu_ns,wall_ns,p50_ns,p95_ns,p99_ns,load1_before,load1_after
copy_contiguous,process,24,10,16,32,4,0,new_name,2804,bytes,493504,448640,33558272,2804,0,0,0,33558272,0,5898591,5949817,1990,2530,2740,3.250,3.250
stderr:

[2026-07-15T18:02:07.057875+00:00] e000209 /home/bob/src/mess/.maw/workspaces/bn-1zv6/spikes/pwritev_group/target/release/pwritev_group point-auto k_pwrite process 24 10 64 4 domain 0
stdout:
variant,mode,payload,events_per_batch,owner_units,physical_batches,writers,chain,unit_shape,iterations,stop_reason,events,domain_events,bytes,write_syscalls,short_writes,interrupted,max_iovecs,copied_bytes,barriers,cpu_ns,wall_ns,p50_ns,p95_ns,p99_ns,load1_before,load1_after
k_pwrite,process,24,10,64,64,4,0,domain,863,bytes,552320,552320,33581056,55232,0,0,0,0,0,45397751,46708964,50000,64020,84340,2.990,2.990
stderr:

[2026-07-15T18:02:08.089481+00:00] e000210 /home/bob/src/mess/.maw/workspaces/bn-1zv6/spikes/pwritev_group/target/release/pwritev_group point-auto pwritev_full_8m process 24 10 64 4 domain 0
stdout:
variant,mode,payload,events_per_batch,owner_units,physical_batches,writers,chain,unit_shape,iterations,stop_reason,events,domain_events,bytes,write_syscalls,short_writes,interrupted,max_iovecs,copied_bytes,barriers,cpu_ns,wall_ns,p50_ns,p95_ns,p99_ns,load1_before,load1_after
pwritev_full_8m,process,24,10,64,64,4,0,domain,863,bytes,552320,552320,33581056,863,0,0,64,0,0,6241371,6288517,6380,8910,10160,2.990,2.990
stderr:

[2026-07-15T18:02:09.122441+00:00] e000211 /home/bob/src/mess/.maw/workspaces/bn-1zv6/spikes/pwritev_group/target/release/pwritev_group point-auto pwritev_full_8m process 24 10 64 4 domain 0
stdout:
variant,mode,payload,events_per_batch,owner_units,physical_batches,writers,chain,unit_shape,iterations,stop_reason,events,domain_events,bytes,write_syscalls,short_writes,interrupted,max_iovecs,copied_bytes,barriers,cpu_ns,wall_ns,p50_ns,p95_ns,p99_ns,load1_before,load1_after
pwritev_full_8m,process,24,10,64,64,4,0,domain,863,bytes,552320,552320,33581056,863,0,0,64,0,0,5722902,5783697,6340,8090,12370,2.990,2.990
stderr:

[2026-07-15T18:02:10.153851+00:00] e000212 /home/bob/src/mess/.maw/workspaces/bn-1zv6/spikes/pwritev_group/target/release/pwritev_group point-auto k_pwrite process 24 10 64 4 domain 0
stdout:
variant,mode,payload,events_per_batch,owner_units,physical_batches,writers,chain,unit_shape,iterations,stop_reason,events,domain_events,bytes,write_syscalls,short_writes,interrupted,max_iovecs,copied_bytes,barriers,cpu_ns,wall_ns,p50_ns,p95_ns,p99_ns,load1_before,load1_after
k_pwrite,process,24,10,64,64,4,0,domain,863,bytes,552320,552320,33581056,55232,0,0,0,0,0,44211691,44577815,49580,59730,80330,2.990,2.990
stderr:

[2026-07-15T18:02:11.185698+00:00] e000213 /home/bob/src/mess/.maw/workspaces/bn-1zv6/spikes/pwritev_group/target/release/pwritev_group point-auto copy_contiguous process 24 10 64 4 domain 0
stdout:
variant,mode,payload,events_per_batch,owner_units,physical_batches,writers,chain,unit_shape,iterations,stop_reason,events,domain_events,bytes,write_syscalls,short_writes,interrupted,max_iovecs,copied_bytes,barriers,cpu_ns,wall_ns,p50_ns,p95_ns,p99_ns,load1_before,load1_after
copy_contiguous,process,24,10,64,64,4,0,domain,863,bytes,552320,552320,33581056,863,0,0,0,33581056,0,3674291,3697248,4160,4240,5440,2.990,2.990
stderr:

[2026-07-15T18:02:12.213698+00:00] e000214 /home/bob/src/mess/.maw/workspaces/bn-1zv6/spikes/pwritev_group/target/release/pwritev_group point-auto k_pwrite process 24 10 64 4 domain 0
stdout:
variant,mode,payload,events_per_batch,owner_units,physical_batches,writers,chain,unit_shape,iterations,stop_reason,events,domain_events,bytes,write_syscalls,short_writes,interrupted,max_iovecs,copied_bytes,barriers,cpu_ns,wall_ns,p50_ns,p95_ns,p99_ns,load1_before,load1_after
k_pwrite,process,24,10,64,64,4,0,domain,863,bytes,552320,552320,33581056,55232,0,0,0,0,0,46870932,47281753,49800,63089,72070,2.750,2.750
stderr:

[2026-07-15T18:02:13.241437+00:00] e000215 /home/bob/src/mess/.maw/workspaces/bn-1zv6/spikes/pwritev_group/target/release/pwritev_group point-auto k_pwrite process 24 10 64 4 domain 0
stdout:
variant,mode,payload,events_per_batch,owner_units,physical_batches,writers,chain,unit_shape,iterations,stop_reason,events,domain_events,bytes,write_syscalls,short_writes,interrupted,max_iovecs,copied_bytes,barriers,cpu_ns,wall_ns,p50_ns,p95_ns,p99_ns,load1_before,load1_after
k_pwrite,process,24,10,64,64,4,0,domain,863,bytes,552320,552320,33581056,55232,0,0,0,0,0,45167921,45995744,49690,61700,76609,2.750,2.750
stderr:

[2026-07-15T18:02:14.272319+00:00] e000216 /home/bob/src/mess/.maw/workspaces/bn-1zv6/spikes/pwritev_group/target/release/pwritev_group point-auto copy_contiguous process 24 10 64 4 domain 0
stdout:
variant,mode,payload,events_per_batch,owner_units,physical_batches,writers,chain,unit_shape,iterations,stop_reason,events,domain_events,bytes,write_syscalls,short_writes,interrupted,max_iovecs,copied_bytes,barriers,cpu_ns,wall_ns,p50_ns,p95_ns,p99_ns,load1_before,load1_after
copy_contiguous,process,24,10,64,64,4,0,domain,863,bytes,552320,552320,33581056,863,0,0,0,33581056,0,3715901,3746478,4210,4240,6030,2.750,2.750
stderr:

[2026-07-15T18:02:15.296608+00:00] e000217 /home/bob/src/mess/.maw/workspaces/bn-1zv6/spikes/pwritev_group/target/release/pwritev_group point-auto k_pwrite process 24 10 64 4 new_name 0
stdout:
variant,mode,payload,events_per_batch,owner_units,physical_batches,writers,chain,unit_shape,iterations,stop_reason,events,domain_events,bytes,write_syscalls,short_writes,interrupted,max_iovecs,copied_bytes,barriers,cpu_ns,wall_ns,p50_ns,p95_ns,p99_ns,load1_before,load1_after
k_pwrite,process,24,10,64,128,4,0,new_name,701,bytes,493504,448640,33558272,89728,0,0,0,0,0,69814137,70397891,96530,114020,174630,2.750,2.750
stderr:

[2026-07-15T18:02:16.328380+00:00] e000218 /home/bob/src/mess/.maw/workspaces/bn-1zv6/spikes/pwritev_group/target/release/pwritev_group point-auto pwritev_full_8m process 24 10 64 4 new_name 0
stdout:
variant,mode,payload,events_per_batch,owner_units,physical_batches,writers,chain,unit_shape,iterations,stop_reason,events,domain_events,bytes,write_syscalls,short_writes,interrupted,max_iovecs,copied_bytes,barriers,cpu_ns,wall_ns,p50_ns,p95_ns,p99_ns,load1_before,load1_after
pwritev_full_8m,process,24,10,64,128,4,0,new_name,701,bytes,493504,448640,33558272,701,0,0,128,0,0,6555172,6624146,9080,10940,16250,2.750,2.750
stderr:

[2026-07-15T18:02:17.360348+00:00] e000219 /home/bob/src/mess/.maw/workspaces/bn-1zv6/spikes/pwritev_group/target/release/pwritev_group point-auto pwritev_full_8m process 24 10 64 4 new_name 0
stdout:
variant,mode,payload,events_per_batch,owner_units,physical_batches,writers,chain,unit_shape,iterations,stop_reason,events,domain_events,bytes,write_syscalls,short_writes,interrupted,max_iovecs,copied_bytes,barriers,cpu_ns,wall_ns,p50_ns,p95_ns,p99_ns,load1_before,load1_after
pwritev_full_8m,process,24,10,64,128,4,0,new_name,701,bytes,493504,448640,33558272,701,0,0,128,0,0,6522241,6575397,9060,10330,16170,4.690,4.690
stderr:

[2026-07-15T18:02:18.384774+00:00] e000220 /home/bob/src/mess/.maw/workspaces/bn-1zv6/spikes/pwritev_group/target/release/pwritev_group point-auto k_pwrite process 24 10 64 4 new_name 0
stdout:
variant,mode,payload,events_per_batch,owner_units,physical_batches,writers,chain,unit_shape,iterations,stop_reason,events,domain_events,bytes,write_syscalls,short_writes,interrupted,max_iovecs,copied_bytes,barriers,cpu_ns,wall_ns,p50_ns,p95_ns,p99_ns,load1_before,load1_after
k_pwrite,process,24,10,64,128,4,0,new_name,701,bytes,493504,448640,33558272,89728,0,0,0,0,0,72051388,72649979,97740,123580,146740,4.690,4.690
stderr:

[2026-07-15T18:02:19.412503+00:00] e000221 /home/bob/src/mess/.maw/workspaces/bn-1zv6/spikes/pwritev_group/target/release/pwritev_group point-auto pwritev_64_8m process 24 10 64 4 new_name 0
stdout:
variant,mode,payload,events_per_batch,owner_units,physical_batches,writers,chain,unit_shape,iterations,stop_reason,events,domain_events,bytes,write_syscalls,short_writes,interrupted,max_iovecs,copied_bytes,barriers,cpu_ns,wall_ns,p50_ns,p95_ns,p99_ns,load1_before,load1_after
pwritev_64_8m,process,24,10,64,128,4,0,new_name,701,bytes,493504,448640,33558272,1402,0,0,64,0,0,7607452,7669375,10650,12010,17370,4.690,4.690
stderr:

[2026-07-15T18:02:20.440651+00:00] e000222 /home/bob/src/mess/.maw/workspaces/bn-1zv6/spikes/pwritev_group/target/release/pwritev_group point-auto k_pwrite process 24 10 64 4 new_name 0
stdout:
variant,mode,payload,events_per_batch,owner_units,physical_batches,writers,chain,unit_shape,iterations,stop_reason,events,domain_events,bytes,write_syscalls,short_writes,interrupted,max_iovecs,copied_bytes,barriers,cpu_ns,wall_ns,p50_ns,p95_ns,p99_ns,load1_before,load1_after
k_pwrite,process,24,10,64,128,4,0,new_name,701,bytes,493504,448640,33558272,89728,0,0,0,0,0,75396699,75962117,96100,109790,237370,4.690,4.690
stderr:

[2026-07-15T18:02:21.468234+00:00] e000223 /home/bob/src/mess/.maw/workspaces/bn-1zv6/spikes/pwritev_group/target/release/pwritev_group point-auto k_pwrite process 24 10 64 4 new_name 0
stdout:
variant,mode,payload,events_per_batch,owner_units,physical_batches,writers,chain,unit_shape,iterations,stop_reason,events,domain_events,bytes,write_syscalls,short_writes,interrupted,max_iovecs,copied_bytes,barriers,cpu_ns,wall_ns,p50_ns,p95_ns,p99_ns,load1_before,load1_after
k_pwrite,process,24,10,64,128,4,0,new_name,701,bytes,493504,448640,33558272,89728,0,0,0,0,0,71248998,71867470,97070,123120,215640,4.470,4.470
stderr:

[2026-07-15T18:02:22.498380+00:00] e000224 /home/bob/src/mess/.maw/workspaces/bn-1zv6/spikes/pwritev_group/target/release/pwritev_group point-auto pwritev_64_8m process 24 10 64 4 new_name 0
stdout:
variant,mode,payload,events_per_batch,owner_units,physical_batches,writers,chain,unit_shape,iterations,stop_reason,events,domain_events,bytes,write_syscalls,short_writes,interrupted,max_iovecs,copied_bytes,barriers,cpu_ns,wall_ns,p50_ns,p95_ns,p99_ns,load1_before,load1_after
pwritev_64_8m,process,24,10,64,128,4,0,new_name,701,bytes,493504,448640,33558272,1402,0,0,64,0,0,8803231,8867976,10680,13640,44080,4.470,4.470
stderr:

[2026-07-15T18:02:23.527899+00:00] e000225 /home/bob/src/mess/.maw/workspaces/bn-1zv6/spikes/pwritev_group/target/release/pwritev_group point-auto k_pwrite process 24 10 64 4 new_name 0
stdout:
variant,mode,payload,events_per_batch,owner_units,physical_batches,writers,chain,unit_shape,iterations,stop_reason,events,domain_events,bytes,write_syscalls,short_writes,interrupted,max_iovecs,copied_bytes,barriers,cpu_ns,wall_ns,p50_ns,p95_ns,p99_ns,load1_before,load1_after
k_pwrite,process,24,10,64,128,4,0,new_name,701,bytes,493504,448640,33558272,89728,0,0,0,0,0,69282267,69770831,96900,107900,151620,4.470,4.470
stderr:

[2026-07-15T18:02:24.560214+00:00] e000226 /home/bob/src/mess/.maw/workspaces/bn-1zv6/spikes/pwritev_group/target/release/pwritev_group point-auto copy_contiguous process 24 10 64 4 new_name 0
stdout:
variant,mode,payload,events_per_batch,owner_units,physical_batches,writers,chain,unit_shape,iterations,stop_reason,events,domain_events,bytes,write_syscalls,short_writes,interrupted,max_iovecs,copied_bytes,barriers,cpu_ns,wall_ns,p50_ns,p95_ns,p99_ns,load1_before,load1_after
copy_contiguous,process,24,10,64,128,4,0,new_name,701,bytes,493504,448640,33558272,701,0,0,0,33558272,0,3727031,3781048,5110,6260,7470,4.470,4.470
stderr:

[2026-07-15T18:02:25.591825+00:00] e000227 /home/bob/src/mess/.maw/workspaces/bn-1zv6/spikes/pwritev_group/target/release/pwritev_group point-auto copy_contiguous process 24 10 64 4 new_name 0
stdout:
variant,mode,payload,events_per_batch,owner_units,physical_batches,writers,chain,unit_shape,iterations,stop_reason,events,domain_events,bytes,write_syscalls,short_writes,interrupted,max_iovecs,copied_bytes,barriers,cpu_ns,wall_ns,p50_ns,p95_ns,p99_ns,load1_before,load1_after
copy_contiguous,process,24,10,64,128,4,0,new_name,701,bytes,493504,448640,33558272,701,0,0,0,33558272,0,3715631,3747267,5120,5370,8840,4.470,4.470
stderr:

[2026-07-15T18:02:26.626322+00:00] e000228 /home/bob/src/mess/.maw/workspaces/bn-1zv6/spikes/pwritev_group/target/release/pwritev_group point-auto k_pwrite process 24 10 64 4 new_name 0
stdout:
variant,mode,payload,events_per_batch,owner_units,physical_batches,writers,chain,unit_shape,iterations,stop_reason,events,domain_events,bytes,write_syscalls,short_writes,interrupted,max_iovecs,copied_bytes,barriers,cpu_ns,wall_ns,p50_ns,p95_ns,p99_ns,load1_before,load1_after
k_pwrite,process,24,10,64,128,4,0,new_name,701,bytes,493504,448640,33558272,89728,0,0,0,0,0,70516958,71405480,97180,123240,182370,4.190,4.190
stderr:

[2026-07-15T18:02:27.649813+00:00] e000229 /home/bob/src/mess/.maw/workspaces/bn-1zv6/spikes/pwritev_group/target/release/pwritev_group point-auto pwritev_full_8m process 24 10 256 4 domain 0
stdout:
variant,mode,payload,events_per_batch,owner_units,physical_batches,writers,chain,unit_shape,iterations,stop_reason,events,domain_events,bytes,write_syscalls,short_writes,interrupted,max_iovecs,copied_bytes,barriers,cpu_ns,wall_ns,p50_ns,p95_ns,p99_ns,load1_before,load1_after
pwritev_full_8m,process,24,10,256,256,4,0,domain,216,bytes,552960,552960,33619968,216,0,0,256,0,0,4820131,4975957,20970,32370,49210,4.190,4.190
stderr:

[2026-07-15T18:02:28.677856+00:00] e000230 /home/bob/src/mess/.maw/workspaces/bn-1zv6/spikes/pwritev_group/target/release/pwritev_group point-auto k_pwrite process 24 10 256 4 domain 0
stdout:
variant,mode,payload,events_per_batch,owner_units,physical_batches,writers,chain,unit_shape,iterations,stop_reason,events,domain_events,bytes,write_syscalls,short_writes,interrupted,max_iovecs,copied_bytes,barriers,cpu_ns,wall_ns,p50_ns,p95_ns,p99_ns,load1_before,load1_after
k_pwrite,process,24,10,256,256,4,0,domain,216,bytes,552960,552960,33619968,55296,0,0,0,0,0,47054052,47404793,206090,222960,637410,4.190,4.190
stderr:

[2026-07-15T18:02:29.700029+00:00] e000231 /home/bob/src/mess/.maw/workspaces/bn-1zv6/spikes/pwritev_group/target/release/pwritev_group point-auto k_pwrite process 24 10 256 4 domain 0
stdout:
variant,mode,payload,events_per_batch,owner_units,physical_batches,writers,chain,unit_shape,iterations,stop_reason,events,domain_events,bytes,write_syscalls,short_writes,interrupted,max_iovecs,copied_bytes,barriers,cpu_ns,wall_ns,p50_ns,p95_ns,p99_ns,load1_before,load1_after
k_pwrite,process,24,10,256,256,4,0,domain,216,bytes,552960,552960,33619968,55296,0,0,0,0,0,49511732,52359701,208310,259490,1787829,4.190,4.190
stderr:

[2026-07-15T18:02:30.729645+00:00] e000232 /home/bob/src/mess/.maw/workspaces/bn-1zv6/spikes/pwritev_group/target/release/pwritev_group point-auto pwritev_full_8m process 24 10 256 4 domain 0
stdout:
variant,mode,payload,events_per_batch,owner_units,physical_batches,writers,chain,unit_shape,iterations,stop_reason,events,domain_events,bytes,write_syscalls,short_writes,interrupted,max_iovecs,copied_bytes,barriers,cpu_ns,wall_ns,p50_ns,p95_ns,p99_ns,load1_before,load1_after
pwritev_full_8m,process,24,10,256,256,4,0,domain,216,bytes,552960,552960,33619968,216,0,0,256,0,0,5074321,5109088,22830,28630,34210,4.190,4.190
stderr:

[2026-07-15T18:02:31.760800+00:00] e000233 /home/bob/src/mess/.maw/workspaces/bn-1zv6/spikes/pwritev_group/target/release/pwritev_group point-auto k_pwrite process 24 10 256 4 domain 0
stdout:
variant,mode,payload,events_per_batch,owner_units,physical_batches,writers,chain,unit_shape,iterations,stop_reason,events,domain_events,bytes,write_syscalls,short_writes,interrupted,max_iovecs,copied_bytes,barriers,cpu_ns,wall_ns,p50_ns,p95_ns,p99_ns,load1_before,load1_after
k_pwrite,process,24,10,256,256,4,0,domain,216,bytes,552960,552960,33619968,55296,0,0,0,0,0,50578883,50981981,207520,243190,910520,3.860,3.860
stderr:

[2026-07-15T18:02:32.786229+00:00] e000234 /home/bob/src/mess/.maw/workspaces/bn-1zv6/spikes/pwritev_group/target/release/pwritev_group point-auto pwritev_64_8m process 24 10 256 4 domain 0
stdout:
variant,mode,payload,events_per_batch,owner_units,physical_batches,writers,chain,unit_shape,iterations,stop_reason,events,domain_events,bytes,write_syscalls,short_writes,interrupted,max_iovecs,copied_bytes,barriers,cpu_ns,wall_ns,p50_ns,p95_ns,p99_ns,load1_before,load1_after
pwritev_64_8m,process,24,10,256,256,4,0,domain,216,bytes,552960,552960,33619968,864,0,0,64,0,0,6117162,6193657,27080,36510,43930,3.860,3.860
stderr:

[2026-07-15T18:02:33.817442+00:00] e000235 /home/bob/src/mess/.maw/workspaces/bn-1zv6/spikes/pwritev_group/target/release/pwritev_group point-auto pwritev_64_8m process 24 10 256 4 domain 0
stdout:
variant,mode,payload,events_per_batch,owner_units,physical_batches,writers,chain,unit_shape,iterations,stop_reason,events,domain_events,bytes,write_syscalls,short_writes,interrupted,max_iovecs,copied_bytes,barriers,cpu_ns,wall_ns,p50_ns,p95_ns,p99_ns,load1_before,load1_after
pwritev_64_8m,process,24,10,256,256,4,0,domain,216,bytes,552960,552960,33619968,864,0,0,64,0,0,6854862,6920486,29720,39390,47970,3.860,3.860
stderr:

[2026-07-15T18:02:34.838970+00:00] e000236 /home/bob/src/mess/.maw/workspaces/bn-1zv6/spikes/pwritev_group/target/release/pwritev_group point-auto k_pwrite process 24 10 256 4 domain 0
stdout:
variant,mode,payload,events_per_batch,owner_units,physical_batches,writers,chain,unit_shape,iterations,stop_reason,events,domain_events,bytes,write_syscalls,short_writes,interrupted,max_iovecs,copied_bytes,barriers,cpu_ns,wall_ns,p50_ns,p95_ns,p99_ns,load1_before,load1_after
k_pwrite,process,24,10,256,256,4,0,domain,216,bytes,552960,552960,33619968,55296,0,0,0,0,0,48862293,49444902,207300,251060,935550,3.860,3.860
stderr:

[2026-07-15T18:02:35.871628+00:00] e000237 /home/bob/src/mess/.maw/workspaces/bn-1zv6/spikes/pwritev_group/target/release/pwritev_group point-auto copy_contiguous process 24 10 256 4 domain 0
stdout:
variant,mode,payload,events_per_batch,owner_units,physical_batches,writers,chain,unit_shape,iterations,stop_reason,events,domain_events,bytes,write_syscalls,short_writes,interrupted,max_iovecs,copied_bytes,barriers,cpu_ns,wall_ns,p50_ns,p95_ns,p99_ns,load1_before,load1_after
copy_contiguous,process,24,10,256,256,4,0,domain,216,bytes,552960,552960,33619968,216,0,0,0,33619968,0,5382041,8829135,22480,35330,71110,3.860,3.860
stderr:

[2026-07-15T18:02:36.896206+00:00] e000238 /home/bob/src/mess/.maw/workspaces/bn-1zv6/spikes/pwritev_group/target/release/pwritev_group point-auto k_pwrite process 24 10 256 4 domain 0
stdout:
variant,mode,payload,events_per_batch,owner_units,physical_batches,writers,chain,unit_shape,iterations,stop_reason,events,domain_events,bytes,write_syscalls,short_writes,interrupted,max_iovecs,copied_bytes,barriers,cpu_ns,wall_ns,p50_ns,p95_ns,p99_ns,load1_before,load1_after
k_pwrite,process,24,10,256,256,4,0,domain,216,bytes,552960,552960,33619968,55296,0,0,0,0,0,49384262,50522471,205279,224250,1011770,4.190,4.190
stderr:

[2026-07-15T18:02:37.928630+00:00] e000239 /home/bob/src/mess/.maw/workspaces/bn-1zv6/spikes/pwritev_group/target/release/pwritev_group point-auto k_pwrite process 24 10 256 4 domain 0
stdout:
variant,mode,payload,events_per_batch,owner_units,physical_batches,writers,chain,unit_shape,iterations,stop_reason,events,domain_events,bytes,write_syscalls,short_writes,interrupted,max_iovecs,copied_bytes,barriers,cpu_ns,wall_ns,p50_ns,p95_ns,p99_ns,load1_before,load1_after
k_pwrite,process,24,10,256,256,4,0,domain,216,bytes,552960,552960,33619968,55296,0,0,0,0,0,49097252,49462492,205049,238410,868830,4.190,4.190
stderr:

[2026-07-15T18:02:38.961515+00:00] e000240 /home/bob/src/mess/.maw/workspaces/bn-1zv6/spikes/pwritev_group/target/release/pwritev_group point-auto copy_contiguous process 24 10 256 4 domain 0
stdout:
variant,mode,payload,events_per_batch,owner_units,physical_batches,writers,chain,unit_shape,iterations,stop_reason,events,domain_events,bytes,write_syscalls,short_writes,interrupted,max_iovecs,copied_bytes,barriers,cpu_ns,wall_ns,p50_ns,p95_ns,p99_ns,load1_before,load1_after
copy_contiguous,process,24,10,256,256,4,0,domain,216,bytes,552960,552960,33619968,216,0,0,0,33619968,0,4689292,4732058,21120,25670,31210,4.190,4.190
stderr:

[2026-07-15T18:02:39.985419+00:00] e000241 /home/bob/src/mess/.maw/workspaces/bn-1zv6/spikes/pwritev_group/target/release/pwritev_group point-auto k_pwrite process 24 10 256 4 new_name 0
stdout:
variant,mode,payload,events_per_batch,owner_units,physical_batches,writers,chain,unit_shape,iterations,stop_reason,events,domain_events,bytes,write_syscalls,short_writes,interrupted,max_iovecs,copied_bytes,barriers,cpu_ns,wall_ns,p50_ns,p95_ns,p99_ns,load1_before,load1_after
k_pwrite,process,24,10,256,512,4,0,new_name,176,bytes,495616,450560,33701888,90112,0,0,0,0,0,74831869,76183146,397070,444729,1627939,4.190,4.190
stderr:

[2026-07-15T18:02:41.006477+00:00] e000242 /home/bob/src/mess/.maw/workspaces/bn-1zv6/spikes/pwritev_group/target/release/pwritev_group point-auto pwritev_full_8m process 24 10 256 4 new_name 0
stdout:
variant,mode,payload,events_per_batch,owner_units,physical_batches,writers,chain,unit_shape,iterations,stop_reason,events,domain_events,bytes,write_syscalls,short_writes,interrupted,max_iovecs,copied_bytes,barriers,cpu_ns,wall_ns,p50_ns,p95_ns,p99_ns,load1_before,load1_after
pwritev_full_8m,process,24,10,256,512,4,0,new_name,176,bytes,495616,450560,33701888,176,0,0,512,0,0,6335032,6386047,34840,43810,54110,4.190,4.190
stderr:

[2026-07-15T18:02:42.036804+00:00] e000243 /home/bob/src/mess/.maw/workspaces/bn-1zv6/spikes/pwritev_group/target/release/pwritev_group point-auto pwritev_full_8m process 24 10 256 4 new_name 0
stdout:
variant,mode,payload,events_per_batch,owner_units,physical_batches,writers,chain,unit_shape,iterations,stop_reason,events,domain_events,bytes,write_syscalls,short_writes,interrupted,max_iovecs,copied_bytes,barriers,cpu_ns,wall_ns,p50_ns,p95_ns,p99_ns,load1_before,load1_after
pwritev_full_8m,process,24,10,256,512,4,0,new_name,176,bytes,495616,450560,33701888,176,0,0,512,0,0,6564542,6623586,36070,44270,54110,4.660,4.660
stderr:

[2026-07-15T18:02:43.061487+00:00] e000244 /home/bob/src/mess/.maw/workspaces/bn-1zv6/spikes/pwritev_group/target/release/pwritev_group point-auto k_pwrite process 24 10 256 4 new_name 0
stdout:
variant,mode,payload,events_per_batch,owner_units,physical_batches,writers,chain,unit_shape,iterations,stop_reason,events,domain_events,bytes,write_syscalls,short_writes,interrupted,max_iovecs,copied_bytes,barriers,cpu_ns,wall_ns,p50_ns,p95_ns,p99_ns,load1_before,load1_after
k_pwrite,process,24,10,256,512,4,0,new_name,176,bytes,495616,450560,33701888,90112,0,0,0,0,0,76006909,76548607,395820,461210,982820,4.660,4.660
stderr:

[2026-07-15T18:02:44.092521+00:00] e000245 /home/bob/src/mess/.maw/workspaces/bn-1zv6/spikes/pwritev_group/target/release/pwritev_group point-auto pwritev_256_8m process 24 10 256 4 new_name 0
stdout:
variant,mode,payload,events_per_batch,owner_units,physical_batches,writers,chain,unit_shape,iterations,stop_reason,events,domain_events,bytes,write_syscalls,short_writes,interrupted,max_iovecs,copied_bytes,barriers,cpu_ns,wall_ns,p50_ns,p95_ns,p99_ns,load1_before,load1_after
pwritev_256_8m,process,24,10,256,512,4,0,new_name,176,bytes,495616,450560,33701888,352,0,0,256,0,0,6926252,6990377,38110,47700,52280,4.660,4.660
stderr:

[2026-07-15T18:02:45.114752+00:00] e000246 /home/bob/src/mess/.maw/workspaces/bn-1zv6/spikes/pwritev_group/target/release/pwritev_group point-auto k_pwrite process 24 10 256 4 new_name 0
stdout:
variant,mode,payload,events_per_batch,owner_units,physical_batches,writers,chain,unit_shape,iterations,stop_reason,events,domain_events,bytes,write_syscalls,short_writes,interrupted,max_iovecs,copied_bytes,barriers,cpu_ns,wall_ns,p50_ns,p95_ns,p99_ns,load1_before,load1_after
k_pwrite,process,24,10,256,512,4,0,new_name,176,bytes,495616,450560,33701888,90112,0,0,0,0,0,76212619,76862207,400439,504839,1119870,4.660,4.660
stderr:

[2026-07-15T18:02:46.142556+00:00] e000247 /home/bob/src/mess/.maw/workspaces/bn-1zv6/spikes/pwritev_group/target/release/pwritev_group point-auto k_pwrite process 24 10 256 4 new_name 0
stdout:
variant,mode,payload,events_per_batch,owner_units,physical_batches,writers,chain,unit_shape,iterations,stop_reason,events,domain_events,bytes,write_syscalls,short_writes,interrupted,max_iovecs,copied_bytes,barriers,cpu_ns,wall_ns,p50_ns,p95_ns,p99_ns,load1_before,load1_after
k_pwrite,process,24,10,256,512,4,0,new_name,176,bytes,495616,450560,33701888,90112,0,0,0,0,0,72545459,73419758,398090,497490,508740,4.660,4.660
stderr:

[2026-07-15T18:02:47.172658+00:00] e000248 /home/bob/src/mess/.maw/workspaces/bn-1zv6/spikes/pwritev_group/target/release/pwritev_group point-auto pwritev_256_8m process 24 10 256 4 new_name 0
stdout:
variant,mode,payload,events_per_batch,owner_units,physical_batches,writers,chain,unit_shape,iterations,stop_reason,events,domain_events,bytes,write_syscalls,short_writes,interrupted,max_iovecs,copied_bytes,barriers,cpu_ns,wall_ns,p50_ns,p95_ns,p99_ns,load1_before,load1_after
pwritev_256_8m,process,24,10,256,512,4,0,new_name,176,bytes,495616,450560,33701888,352,0,0,256,0,0,7114822,7197556,38920,47910,62720,4.520,4.520
stderr:

[2026-07-15T18:02:48.202344+00:00] e000249 /home/bob/src/mess/.maw/workspaces/bn-1zv6/spikes/pwritev_group/target/release/pwritev_group point-auto k_pwrite process 24 10 256 4 new_name 0
stdout:
variant,mode,payload,events_per_batch,owner_units,physical_batches,writers,chain,unit_shape,iterations,stop_reason,events,domain_events,bytes,write_syscalls,short_writes,interrupted,max_iovecs,copied_bytes,barriers,cpu_ns,wall_ns,p50_ns,p95_ns,p99_ns,load1_before,load1_after
k_pwrite,process,24,10,256,512,4,0,new_name,176,bytes,495616,450560,33701888,90112,0,0,0,0,0,75756459,76269717,398750,471060,1423119,4.520,4.520
stderr:

[2026-07-15T18:02:49.233597+00:00] e000250 /home/bob/src/mess/.maw/workspaces/bn-1zv6/spikes/pwritev_group/target/release/pwritev_group point-auto pwritev_64_8m process 24 10 256 4 new_name 0
stdout:
variant,mode,payload,events_per_batch,owner_units,physical_batches,writers,chain,unit_shape,iterations,stop_reason,events,domain_events,bytes,write_syscalls,short_writes,interrupted,max_iovecs,copied_bytes,barriers,cpu_ns,wall_ns,p50_ns,p95_ns,p99_ns,load1_before,load1_after
pwritev_64_8m,process,24,10,256,512,4,0,new_name,176,bytes,495616,450560,33701888,1408,0,0,64,0,0,12170663,12270393,48400,60870,233650,4.520,4.520
stderr:

[2026-07-15T18:02:50.265419+00:00] e000251 /home/bob/src/mess/.maw/workspaces/bn-1zv6/spikes/pwritev_group/target/release/pwritev_group point-auto pwritev_64_8m process 24 10 256 4 new_name 0
stdout:
variant,mode,payload,events_per_batch,owner_units,physical_batches,writers,chain,unit_shape,iterations,stop_reason,events,domain_events,bytes,write_syscalls,short_writes,interrupted,max_iovecs,copied_bytes,barriers,cpu_ns,wall_ns,p50_ns,p95_ns,p99_ns,load1_before,load1_after
pwritev_64_8m,process,24,10,256,512,4,0,new_name,176,bytes,495616,450560,33701888,1408,0,0,64,0,0,10574972,10653454,47900,57780,344019,4.520,4.520
stderr:

[2026-07-15T18:02:51.296215+00:00] e000252 /home/bob/src/mess/.maw/workspaces/bn-1zv6/spikes/pwritev_group/target/release/pwritev_group point-auto k_pwrite process 24 10 256 4 new_name 0
stdout:
variant,mode,payload,events_per_batch,owner_units,physical_batches,writers,chain,unit_shape,iterations,stop_reason,events,domain_events,bytes,write_syscalls,short_writes,interrupted,max_iovecs,copied_bytes,barriers,cpu_ns,wall_ns,p50_ns,p95_ns,p99_ns,load1_before,load1_after
k_pwrite,process,24,10,256,512,4,0,new_name,176,bytes,495616,450560,33701888,90112,0,0,0,0,0,74989399,76497767,400310,504520,1166219,4.520,4.240
stderr:

[2026-07-15T18:02:52.326661+00:00] e000253 /home/bob/src/mess/.maw/workspaces/bn-1zv6/spikes/pwritev_group/target/release/pwritev_group point-auto copy_contiguous process 24 10 256 4 new_name 0
stdout:
variant,mode,payload,events_per_batch,owner_units,physical_batches,writers,chain,unit_shape,iterations,stop_reason,events,domain_events,bytes,write_syscalls,short_writes,interrupted,max_iovecs,copied_bytes,barriers,cpu_ns,wall_ns,p50_ns,p95_ns,p99_ns,load1_before,load1_after
copy_contiguous,process,24,10,256,512,4,0,new_name,176,bytes,495616,450560,33701888,176,0,0,0,33701888,0,5120412,5156958,28420,35260,38900,4.240,4.240
stderr:

[2026-07-15T18:02:53.348715+00:00] e000254 /home/bob/src/mess/.maw/workspaces/bn-1zv6/spikes/pwritev_group/target/release/pwritev_group point-auto k_pwrite process 24 10 256 4 new_name 0
stdout:
variant,mode,payload,events_per_batch,owner_units,physical_batches,writers,chain,unit_shape,iterations,stop_reason,events,domain_events,bytes,write_syscalls,short_writes,interrupted,max_iovecs,copied_bytes,barriers,cpu_ns,wall_ns,p50_ns,p95_ns,p99_ns,load1_before,load1_after
k_pwrite,process,24,10,256,512,4,0,new_name,176,bytes,495616,450560,33701888,90112,0,0,0,0,0,71935609,72564319,398460,424170,493969,4.240,4.240
stderr:

[2026-07-15T18:02:54.376437+00:00] e000255 /home/bob/src/mess/.maw/workspaces/bn-1zv6/spikes/pwritev_group/target/release/pwritev_group point-auto k_pwrite process 24 10 256 4 new_name 0
stdout:
variant,mode,payload,events_per_batch,owner_units,physical_batches,writers,chain,unit_shape,iterations,stop_reason,events,domain_events,bytes,write_syscalls,short_writes,interrupted,max_iovecs,copied_bytes,barriers,cpu_ns,wall_ns,p50_ns,p95_ns,p99_ns,load1_before,load1_after
k_pwrite,process,24,10,256,512,4,0,new_name,176,bytes,495616,450560,33701888,90112,0,0,0,0,0,78773640,79368635,405260,510950,1549870,4.240,4.240
stderr:

[2026-07-15T18:02:55.400488+00:00] e000256 /home/bob/src/mess/.maw/workspaces/bn-1zv6/spikes/pwritev_group/target/release/pwritev_group point-auto copy_contiguous process 24 10 256 4 new_name 0
stdout:
variant,mode,payload,events_per_batch,owner_units,physical_batches,writers,chain,unit_shape,iterations,stop_reason,events,domain_events,bytes,write_syscalls,short_writes,interrupted,max_iovecs,copied_bytes,barriers,cpu_ns,wall_ns,p50_ns,p95_ns,p99_ns,load1_before,load1_after
copy_contiguous,process,24,10,256,512,4,0,new_name,176,bytes,495616,450560,33701888,176,0,0,0,33701888,0,7533583,9247244,29920,42560,159760,4.240,4.240
stderr:

[2026-07-15T18:02:56.432012+00:00] e000257 /home/bob/src/mess/.maw/workspaces/bn-1zv6/spikes/pwritev_group/target/release/pwritev_group point-auto k_pwrite process 24 10 1024 4 domain 0
stdout:
variant,mode,payload,events_per_batch,owner_units,physical_batches,writers,chain,unit_shape,iterations,stop_reason,events,domain_events,bytes,write_syscalls,short_writes,interrupted,max_iovecs,copied_bytes,barriers,cpu_ns,wall_ns,p50_ns,p95_ns,p99_ns,load1_before,load1_after
k_pwrite,process,24,10,1024,1024,4,0,domain,54,bytes,552960,552960,33619968,55296,0,0,0,0,0,50991663,51514241,850190,1038580,2925468,4.060,4.060
stderr:

[2026-07-15T18:02:57.463760+00:00] e000258 /home/bob/src/mess/.maw/workspaces/bn-1zv6/spikes/pwritev_group/target/release/pwritev_group point-auto pwritev_full_8m process 24 10 1024 4 domain 0
stdout:
variant,mode,payload,events_per_batch,owner_units,physical_batches,writers,chain,unit_shape,iterations,stop_reason,events,domain_events,bytes,write_syscalls,short_writes,interrupted,max_iovecs,copied_bytes,barriers,cpu_ns,wall_ns,p50_ns,p95_ns,p99_ns,load1_before,load1_after
pwritev_full_8m,process,24,10,1024,1024,4,0,domain,54,bytes,552960,552960,33619968,54,0,0,1024,0,0,5685741,5734077,102330,122210,140360,4.060,4.060
stderr:

[2026-07-15T18:02:58.494946+00:00] e000259 /home/bob/src/mess/.maw/workspaces/bn-1zv6/spikes/pwritev_group/target/release/pwritev_group point-auto pwritev_full_8m process 24 10 1024 4 domain 0
stdout:
variant,mode,payload,events_per_batch,owner_units,physical_batches,writers,chain,unit_shape,iterations,stop_reason,events,domain_events,bytes,write_syscalls,short_writes,interrupted,max_iovecs,copied_bytes,barriers,cpu_ns,wall_ns,p50_ns,p95_ns,p99_ns,load1_before,load1_after
pwritev_full_8m,process,24,10,1024,1024,4,0,domain,54,bytes,552960,552960,33619968,54,0,0,1024,0,0,5411272,5454437,100780,107860,109200,4.060,4.060
stderr:

[2026-07-15T18:02:59.526023+00:00] e000260 /home/bob/src/mess/.maw/workspaces/bn-1zv6/spikes/pwritev_group/target/release/pwritev_group point-auto k_pwrite process 24 10 1024 4 domain 0
stdout:
variant,mode,payload,events_per_batch,owner_units,physical_batches,writers,chain,unit_shape,iterations,stop_reason,events,domain_events,bytes,write_syscalls,short_writes,interrupted,max_iovecs,copied_bytes,barriers,cpu_ns,wall_ns,p50_ns,p95_ns,p99_ns,load1_before,load1_after
k_pwrite,process,24,10,1024,1024,4,0,domain,54,bytes,552960,552960,33619968,55296,0,0,0,0,0,50343883,50679221,844130,884269,2507308,4.060,4.060
stderr:

[2026-07-15T18:03:00.550943+00:00] e000261 /home/bob/src/mess/.maw/workspaces/bn-1zv6/spikes/pwritev_group/target/release/pwritev_group point-auto pwritev_256_8m process 24 10 1024 4 domain 0
stdout:
variant,mode,payload,events_per_batch,owner_units,physical_batches,writers,chain,unit_shape,iterations,stop_reason,events,domain_events,bytes,write_syscalls,short_writes,interrupted,max_iovecs,copied_bytes,barriers,cpu_ns,wall_ns,p50_ns,p95_ns,p99_ns,load1_before,load1_after
pwritev_256_8m,process,24,10,1024,1024,4,0,domain,54,bytes,552960,552960,33619968,216,0,0,256,0,0,5841301,5892077,107000,116190,123190,4.060,4.060
stderr:

[2026-07-15T18:03:01.572774+00:00] e000262 /home/bob/src/mess/.maw/workspaces/bn-1zv6/spikes/pwritev_group/target/release/pwritev_group point-auto k_pwrite process 24 10 1024 4 domain 0
stdout:
variant,mode,payload,events_per_batch,owner_units,physical_batches,writers,chain,unit_shape,iterations,stop_reason,events,domain_events,bytes,write_syscalls,short_writes,interrupted,max_iovecs,copied_bytes,barriers,cpu_ns,wall_ns,p50_ns,p95_ns,p99_ns,load1_before,load1_after
k_pwrite,process,24,10,1024,1024,4,0,domain,54,bytes,552960,552960,33619968,55296,0,0,0,0,0,47622602,48275193,842569,1001779,1235769,3.900,3.900
stderr:

[2026-07-15T18:03:02.602434+00:00] e000263 /home/bob/src/mess/.maw/workspaces/bn-1zv6/spikes/pwritev_group/target/release/pwritev_group point-auto k_pwrite process 24 10 1024 4 domain 0
stdout:
variant,mode,payload,events_per_batch,owner_units,physical_batches,writers,chain,unit_shape,iterations,stop_reason,events,domain_events,bytes,write_syscalls,short_writes,interrupted,max_iovecs,copied_bytes,barriers,cpu_ns,wall_ns,p50_ns,p95_ns,p99_ns,load1_before,load1_after
k_pwrite,process,24,10,1024,1024,4,0,domain,54,bytes,552960,552960,33619968,55296,0,0,0,0,0,47989251,48856322,837249,983950,2208219,3.900,3.900
stderr:

[2026-07-15T18:03:03.634380+00:00] e000264 /home/bob/src/mess/.maw/workspaces/bn-1zv6/spikes/pwritev_group/target/release/pwritev_group point-auto pwritev_256_8m process 24 10 1024 4 domain 0
stdout:
variant,mode,payload,events_per_batch,owner_units,physical_batches,writers,chain,unit_shape,iterations,stop_reason,events,domain_events,bytes,write_syscalls,short_writes,interrupted,max_iovecs,copied_bytes,barriers,cpu_ns,wall_ns,p50_ns,p95_ns,p99_ns,load1_before,load1_after
pwritev_256_8m,process,24,10,1024,1024,4,0,domain,54,bytes,552960,552960,33619968,216,0,0,256,0,0,6560522,6606036,118320,140280,150320,3.900,3.900
stderr:

[2026-07-15T18:03:04.659143+00:00] e000265 /home/bob/src/mess/.maw/workspaces/bn-1zv6/spikes/pwritev_group/target/release/pwritev_group point-auto k_pwrite process 24 10 1024 4 domain 0
stdout:
variant,mode,payload,events_per_batch,owner_units,physical_batches,writers,chain,unit_shape,iterations,stop_reason,events,domain_events,bytes,write_syscalls,short_writes,interrupted,max_iovecs,copied_bytes,barriers,cpu_ns,wall_ns,p50_ns,p95_ns,p99_ns,load1_before,load1_after
k_pwrite,process,24,10,1024,1024,4,0,domain,54,bytes,552960,552960,33619968,55296,0,0,0,0,0,50695023,51076631,846600,1064250,2348429,3.900,3.900
stderr:

[2026-07-15T18:03:05.681167+00:00] e000266 /home/bob/src/mess/.maw/workspaces/bn-1zv6/spikes/pwritev_group/target/release/pwritev_group point-auto pwritev_64_8m process 24 10 1024 4 domain 0
stdout:
variant,mode,payload,events_per_batch,owner_units,physical_batches,writers,chain,unit_shape,iterations,stop_reason,events,domain_events,bytes,write_syscalls,short_writes,interrupted,max_iovecs,copied_bytes,barriers,cpu_ns,wall_ns,p50_ns,p95_ns,p99_ns,load1_before,load1_after
pwritev_64_8m,process,24,10,1024,1024,4,0,domain,54,bytes,552960,552960,33619968,864,0,0,64,0,0,7130592,7176905,131820,141830,142550,3.900,3.900
stderr:

[2026-07-15T18:03:06.709342+00:00] e000267 /home/bob/src/mess/.maw/workspaces/bn-1zv6/spikes/pwritev_group/target/release/pwritev_group point-auto pwritev_64_8m process 24 10 1024 4 domain 0
stdout:
variant,mode,payload,events_per_batch,owner_units,physical_batches,writers,chain,unit_shape,iterations,stop_reason,events,domain_events,bytes,write_syscalls,short_writes,interrupted,max_iovecs,copied_bytes,barriers,cpu_ns,wall_ns,p50_ns,p95_ns,p99_ns,load1_before,load1_after
pwritev_64_8m,process,24,10,1024,1024,4,0,domain,54,bytes,552960,552960,33619968,864,0,0,64,0,0,7479912,7534536,136040,156130,159610,3.660,3.660
stderr:

[2026-07-15T18:03:07.734208+00:00] e000268 /home/bob/src/mess/.maw/workspaces/bn-1zv6/spikes/pwritev_group/target/release/pwritev_group point-auto k_pwrite process 24 10 1024 4 domain 0
stdout:
variant,mode,payload,events_per_batch,owner_units,physical_batches,writers,chain,unit_shape,iterations,stop_reason,events,domain_events,bytes,write_syscalls,short_writes,interrupted,max_iovecs,copied_bytes,barriers,cpu_ns,wall_ns,p50_ns,p95_ns,p99_ns,load1_before,load1_after
k_pwrite,process,24,10,1024,1024,4,0,domain,54,bytes,552960,552960,33619968,55296,0,0,0,0,0,50436642,50798762,839940,1093059,2460149,3.660,3.660
stderr:

[2026-07-15T18:03:08.764411+00:00] e000269 /home/bob/src/mess/.maw/workspaces/bn-1zv6/spikes/pwritev_group/target/release/pwritev_group point-auto copy_contiguous process 24 10 1024 4 domain 0
stdout:
variant,mode,payload,events_per_batch,owner_units,physical_batches,writers,chain,unit_shape,iterations,stop_reason,events,domain_events,bytes,write_syscalls,short_writes,interrupted,max_iovecs,copied_bytes,barriers,cpu_ns,wall_ns,p50_ns,p95_ns,p99_ns,load1_before,load1_after
copy_contiguous,process,24,10,1024,1024,4,0,domain,54,bytes,552960,552960,33619968,54,0,0,0,33619968,0,7553572,7774305,104560,125080,152000,3.660,3.660
stderr:

[2026-07-15T18:03:09.794729+00:00] e000270 /home/bob/src/mess/.maw/workspaces/bn-1zv6/spikes/pwritev_group/target/release/pwritev_group point-auto k_pwrite process 24 10 1024 4 domain 0
stdout:
variant,mode,payload,events_per_batch,owner_units,physical_batches,writers,chain,unit_shape,iterations,stop_reason,events,domain_events,bytes,write_syscalls,short_writes,interrupted,max_iovecs,copied_bytes,barriers,cpu_ns,wall_ns,p50_ns,p95_ns,p99_ns,load1_before,load1_after
k_pwrite,process,24,10,1024,1024,4,0,domain,54,bytes,552960,552960,33619968,55296,0,0,0,0,0,46910622,47585333,836719,960810,1049849,3.660,3.660
stderr:

[2026-07-15T18:03:10.828200+00:00] e000271 /home/bob/src/mess/.maw/workspaces/bn-1zv6/spikes/pwritev_group/target/release/pwritev_group point-auto k_pwrite process 24 10 1024 4 domain 0
stdout:
variant,mode,payload,events_per_batch,owner_units,physical_batches,writers,chain,unit_shape,iterations,stop_reason,events,domain_events,bytes,write_syscalls,short_writes,interrupted,max_iovecs,copied_bytes,barriers,cpu_ns,wall_ns,p50_ns,p95_ns,p99_ns,load1_before,load1_after
k_pwrite,process,24,10,1024,1024,4,0,domain,54,bytes,552960,552960,33619968,55296,0,0,0,0,0,52298613,52736730,848080,1049009,2890099,3.660,3.660
stderr:

[2026-07-15T18:03:11.853976+00:00] e000272 /home/bob/src/mess/.maw/workspaces/bn-1zv6/spikes/pwritev_group/target/release/pwritev_group point-auto copy_contiguous process 24 10 1024 4 domain 0
stdout:
variant,mode,payload,events_per_batch,owner_units,physical_batches,writers,chain,unit_shape,iterations,stop_reason,events,domain_events,bytes,write_syscalls,short_writes,interrupted,max_iovecs,copied_bytes,barriers,cpu_ns,wall_ns,p50_ns,p95_ns,p99_ns,load1_before,load1_after
copy_contiguous,process,24,10,1024,1024,4,0,domain,54,bytes,552960,552960,33619968,54,0,0,0,33619968,0,5187262,5216127,95200,107020,109150,3.450,3.450
stderr:

[2026-07-15T18:03:12.884985+00:00] e000273 /home/bob/src/mess/.maw/workspaces/bn-1zv6/spikes/pwritev_group/target/release/pwritev_group point-auto k_pwrite process 24 10 1024 4 new_name 0
stdout:
variant,mode,payload,events_per_batch,owner_units,physical_batches,writers,chain,unit_shape,iterations,stop_reason,events,domain_events,bytes,write_syscalls,short_writes,interrupted,max_iovecs,copied_bytes,barriers,cpu_ns,wall_ns,p50_ns,p95_ns,p99_ns,load1_before,load1_after
k_pwrite,process,24,10,1024,2048,4,0,new_name,44,bytes,495616,450560,33701888,90112,0,0,0,0,0,75751359,76332757,1597320,1802139,4259508,3.450,3.450
stderr:

[2026-07-15T18:03:13.906626+00:00] e000274 /home/bob/src/mess/.maw/workspaces/bn-1zv6/spikes/pwritev_group/target/release/pwritev_group point-auto pwritev_full_8m process 24 10 1024 4 new_name 0
stdout:
variant,mode,payload,events_per_batch,owner_units,physical_batches,writers,chain,unit_shape,iterations,stop_reason,events,domain_events,bytes,write_syscalls,short_writes,interrupted,max_iovecs,copied_bytes,barriers,cpu_ns,wall_ns,p50_ns,p95_ns,p99_ns,load1_before,load1_after
pwritev_full_8m,process,24,10,1024,2048,4,0,new_name,44,bytes,495616,450560,33701888,88,0,0,1024,0,0,6525241,6574826,148270,160720,178950,3.450,3.450
stderr:

[2026-07-15T18:03:14.937036+00:00] e000275 /home/bob/src/mess/.maw/workspaces/bn-1zv6/spikes/pwritev_group/target/release/pwritev_group point-auto pwritev_full_8m process 24 10 1024 4 new_name 0
stdout:
variant,mode,payload,events_per_batch,owner_units,physical_batches,writers,chain,unit_shape,iterations,stop_reason,events,domain_events,bytes,write_syscalls,short_writes,interrupted,max_iovecs,copied_bytes,barriers,cpu_ns,wall_ns,p50_ns,p95_ns,p99_ns,load1_before,load1_after
pwritev_full_8m,process,24,10,1024,2048,4,0,new_name,44,bytes,495616,450560,33701888,88,0,0,1024,0,0,6501382,6546286,145620,160750,175040,3.450,3.450
stderr:

[2026-07-15T18:03:15.962391+00:00] e000276 /home/bob/src/mess/.maw/workspaces/bn-1zv6/spikes/pwritev_group/target/release/pwritev_group point-auto k_pwrite process 24 10 1024 4 new_name 0
stdout:
variant,mode,payload,events_per_batch,owner_units,physical_batches,writers,chain,unit_shape,iterations,stop_reason,events,domain_events,bytes,write_syscalls,short_writes,interrupted,max_iovecs,copied_bytes,barriers,cpu_ns,wall_ns,p50_ns,p95_ns,p99_ns,load1_before,load1_after
k_pwrite,process,24,10,1024,2048,4,0,new_name,44,bytes,495616,450560,33701888,90112,0,0,0,0,0,75726679,76299856,1608840,2765259,3454548,3.450,3.450
stderr:

[2026-07-15T18:03:16.993949+00:00] e000277 /home/bob/src/mess/.maw/workspaces/bn-1zv6/spikes/pwritev_group/target/release/pwritev_group point-auto pwritev_256_8m process 24 10 1024 4 new_name 0
stdout:
variant,mode,payload,events_per_batch,owner_units,physical_batches,writers,chain,unit_shape,iterations,stop_reason,events,domain_events,bytes,write_syscalls,short_writes,interrupted,max_iovecs,copied_bytes,barriers,cpu_ns,wall_ns,p50_ns,p95_ns,p99_ns,load1_before,load1_after
pwritev_256_8m,process,24,10,1024,2048,4,0,new_name,44,bytes,495616,450560,33701888,352,0,0,256,0,0,7155992,7221926,160970,179540,208790,3.980,3.980
stderr:

[2026-07-15T18:03:18.026033+00:00] e000278 /home/bob/src/mess/.maw/workspaces/bn-1zv6/spikes/pwritev_group/target/release/pwritev_group point-auto k_pwrite process 24 10 1024 4 new_name 0
stdout:
variant,mode,payload,events_per_batch,owner_units,physical_batches,writers,chain,unit_shape,iterations,stop_reason,events,domain_events,bytes,write_syscalls,short_writes,interrupted,max_iovecs,copied_bytes,barriers,cpu_ns,wall_ns,p50_ns,p95_ns,p99_ns,load1_before,load1_after
k_pwrite,process,24,10,1024,2048,4,0,new_name,44,bytes,495616,450560,33701888,90112,0,0,0,0,0,79468980,80320354,1611878,3347618,3538658,3.980,3.980
stderr:

[2026-07-15T18:03:19.058149+00:00] e000279 /home/bob/src/mess/.maw/workspaces/bn-1zv6/spikes/pwritev_group/target/release/pwritev_group point-auto k_pwrite process 24 10 1024 4 new_name 0
stdout:
variant,mode,payload,events_per_batch,owner_units,physical_batches,writers,chain,unit_shape,iterations,stop_reason,events,domain_events,bytes,write_syscalls,short_writes,interrupted,max_iovecs,copied_bytes,barriers,cpu_ns,wall_ns,p50_ns,p95_ns,p99_ns,load1_before,load1_after
k_pwrite,process,24,10,1024,2048,4,0,new_name,44,bytes,495616,450560,33701888,90112,0,0,0,0,0,79609740,80294825,1610319,4310598,4908637,3.980,3.980
stderr:

[2026-07-15T18:03:20.086585+00:00] e000280 /home/bob/src/mess/.maw/workspaces/bn-1zv6/spikes/pwritev_group/target/release/pwritev_group point-auto pwritev_256_8m process 24 10 1024 4 new_name 0
stdout:
variant,mode,payload,events_per_batch,owner_units,physical_batches,writers,chain,unit_shape,iterations,stop_reason,events,domain_events,bytes,write_syscalls,short_writes,interrupted,max_iovecs,copied_bytes,barriers,cpu_ns,wall_ns,p50_ns,p95_ns,p99_ns,load1_before,load1_after
pwritev_256_8m,process,24,10,1024,2048,4,0,new_name,44,bytes,495616,450560,33701888,352,0,0,256,0,0,7196202,7241875,163679,172690,187810,3.980,3.980
stderr:

[2026-07-15T18:03:21.109219+00:00] e000281 /home/bob/src/mess/.maw/workspaces/bn-1zv6/spikes/pwritev_group/target/release/pwritev_group point-auto k_pwrite process 24 10 1024 4 new_name 0
stdout:
variant,mode,payload,events_per_batch,owner_units,physical_batches,writers,chain,unit_shape,iterations,stop_reason,events,domain_events,bytes,write_syscalls,short_writes,interrupted,max_iovecs,copied_bytes,barriers,cpu_ns,wall_ns,p50_ns,p95_ns,p99_ns,load1_before,load1_after
k_pwrite,process,24,10,1024,2048,4,0,new_name,44,bytes,495616,450560,33701888,90112,0,0,0,0,0,76628880,77231066,1595609,1942879,4959567,3.980,3.980
stderr:

[2026-07-15T18:03:22.137388+00:00] e000282 /home/bob/src/mess/.maw/workspaces/bn-1zv6/spikes/pwritev_group/target/release/pwritev_group point-auto pwritev_64_8m process 24 10 1024 4 new_name 0
stdout:
variant,mode,payload,events_per_batch,owner_units,physical_batches,writers,chain,unit_shape,iterations,stop_reason,events,domain_events,bytes,write_syscalls,short_writes,interrupted,max_iovecs,copied_bytes,barriers,cpu_ns,wall_ns,p50_ns,p95_ns,p99_ns,load1_before,load1_after
pwritev_64_8m,process,24,10,1024,2048,4,0,new_name,44,bytes,495616,450560,33701888,1408,0,0,64,0,0,9327462,9426565,208260,241190,274200,3.740,3.740
stderr:

[2026-07-15T18:03:23.166431+00:00] e000283 /home/bob/src/mess/.maw/workspaces/bn-1zv6/spikes/pwritev_group/target/release/pwritev_group point-auto pwritev_64_8m process 24 10 1024 4 new_name 0
stdout:
variant,mode,payload,events_per_batch,owner_units,physical_batches,writers,chain,unit_shape,iterations,stop_reason,events,domain_events,bytes,write_syscalls,short_writes,interrupted,max_iovecs,copied_bytes,barriers,cpu_ns,wall_ns,p50_ns,p95_ns,p99_ns,load1_before,load1_after
pwritev_64_8m,process,24,10,1024,2048,4,0,new_name,44,bytes,495616,450560,33701888,1408,0,0,64,0,0,12461953,12630083,212380,249510,3323278,3.740,3.740
stderr:

[2026-07-15T18:03:24.196975+00:00] e000284 /home/bob/src/mess/.maw/workspaces/bn-1zv6/spikes/pwritev_group/target/release/pwritev_group point-auto k_pwrite process 24 10 1024 4 new_name 0
stdout:
variant,mode,payload,events_per_batch,owner_units,physical_batches,writers,chain,unit_shape,iterations,stop_reason,events,domain_events,bytes,write_syscalls,short_writes,interrupted,max_iovecs,copied_bytes,barriers,cpu_ns,wall_ns,p50_ns,p95_ns,p99_ns,load1_before,load1_after
k_pwrite,process,24,10,1024,2048,4,0,new_name,44,bytes,495616,450560,33701888,90112,0,0,0,0,0,76886720,78745055,1603210,2742339,4395167,3.740,3.740
stderr:

[2026-07-15T18:03:25.228166+00:00] e000285 /home/bob/src/mess/.maw/workspaces/bn-1zv6/spikes/pwritev_group/target/release/pwritev_group point-auto copy_contiguous process 24 10 1024 4 new_name 0
stdout:
variant,mode,payload,events_per_batch,owner_units,physical_batches,writers,chain,unit_shape,iterations,stop_reason,events,domain_events,bytes,write_syscalls,short_writes,interrupted,max_iovecs,copied_bytes,barriers,cpu_ns,wall_ns,p50_ns,p95_ns,p99_ns,load1_before,load1_after
copy_contiguous,process,24,10,1024,2048,4,0,new_name,44,bytes,495616,450560,33701888,44,0,0,0,33701888,0,5212672,5261617,115920,137690,144460,3.740,3.740
stderr:

[2026-07-15T18:03:26.253708+00:00] e000286 /home/bob/src/mess/.maw/workspaces/bn-1zv6/spikes/pwritev_group/target/release/pwritev_group point-auto k_pwrite process 24 10 1024 4 new_name 0
stdout:
variant,mode,payload,events_per_batch,owner_units,physical_batches,writers,chain,unit_shape,iterations,stop_reason,events,domain_events,bytes,write_syscalls,short_writes,interrupted,max_iovecs,copied_bytes,barriers,cpu_ns,wall_ns,p50_ns,p95_ns,p99_ns,load1_before,load1_after
k_pwrite,process,24,10,1024,2048,4,0,new_name,44,bytes,495616,450560,33701888,90112,0,0,0,0,0,75089719,76658876,1606279,1668139,4638408,3.740,3.740
stderr:

[2026-07-15T18:03:27.275225+00:00] e000287 /home/bob/src/mess/.maw/workspaces/bn-1zv6/spikes/pwritev_group/target/release/pwritev_group point-auto k_pwrite process 24 10 1024 4 new_name 0
stdout:
variant,mode,payload,events_per_batch,owner_units,physical_batches,writers,chain,unit_shape,iterations,stop_reason,events,domain_events,bytes,write_syscalls,short_writes,interrupted,max_iovecs,copied_bytes,barriers,cpu_ns,wall_ns,p50_ns,p95_ns,p99_ns,load1_before,load1_after
k_pwrite,process,24,10,1024,2048,4,0,new_name,44,bytes,495616,450560,33701888,90112,0,0,0,0,0,76410719,77288555,1601480,1767699,5010378,4.960,4.960
stderr:

[2026-07-15T18:03:28.305477+00:00] e000288 /home/bob/src/mess/.maw/workspaces/bn-1zv6/spikes/pwritev_group/target/release/pwritev_group point-auto copy_contiguous process 24 10 1024 4 new_name 0
stdout:
variant,mode,payload,events_per_batch,owner_units,physical_batches,writers,chain,unit_shape,iterations,stop_reason,events,domain_events,bytes,write_syscalls,short_writes,interrupted,max_iovecs,copied_bytes,barriers,cpu_ns,wall_ns,p50_ns,p95_ns,p99_ns,load1_before,load1_after
copy_contiguous,process,24,10,1024,2048,4,0,new_name,44,bytes,495616,450560,33701888,44,0,0,0,33701888,0,5072011,5104297,114580,126170,129860,4.960,4.960
stderr:

[2026-07-15T18:03:29.335424+00:00] e000289 /home/bob/src/mess/.maw/workspaces/bn-1zv6/spikes/pwritev_group/target/release/pwritev_group point-auto k_pwrite process 24 10 1025 4 domain 0
stdout:
variant,mode,payload,events_per_batch,owner_units,physical_batches,writers,chain,unit_shape,iterations,stop_reason,events,domain_events,bytes,write_syscalls,short_writes,interrupted,max_iovecs,copied_bytes,barriers,cpu_ns,wall_ns,p50_ns,p95_ns,p99_ns,load1_before,load1_after
k_pwrite,process,24,10,1025,1025,4,0,domain,54,bytes,553500,553500,33652800,55350,0,0,0,0,0,52449374,53681400,894880,1331659,2447838,4.960,4.960
stderr:

[2026-07-15T18:03:30.367124+00:00] e000290 /home/bob/src/mess/.maw/workspaces/bn-1zv6/spikes/pwritev_group/target/release/pwritev_group point-auto pwritev_full_8m process 24 10 1025 4 domain 0
stdout:
variant,mode,payload,events_per_batch,owner_units,physical_batches,writers,chain,unit_shape,iterations,stop_reason,events,domain_events,bytes,write_syscalls,short_writes,interrupted,max_iovecs,copied_bytes,barriers,cpu_ns,wall_ns,p50_ns,p95_ns,p99_ns,load1_before,load1_after
pwritev_full_8m,process,24,10,1025,1025,4,0,domain,54,bytes,553500,553500,33652800,108,0,0,1024,0,0,8485273,9042195,100070,120630,614359,4.960,4.960
stderr:

[2026-07-15T18:03:31.391122+00:00] e000291 /home/bob/src/mess/.maw/workspaces/bn-1zv6/spikes/pwritev_group/target/release/pwritev_group point-auto pwritev_full_8m process 24 10 1025 4 domain 0
stdout:
variant,mode,payload,events_per_batch,owner_units,physical_batches,writers,chain,unit_shape,iterations,stop_reason,events,domain_events,bytes,write_syscalls,short_writes,interrupted,max_iovecs,copied_bytes,barriers,cpu_ns,wall_ns,p50_ns,p95_ns,p99_ns,load1_before,load1_after
pwritev_full_8m,process,24,10,1025,1025,4,0,domain,54,bytes,553500,553500,33652800,108,0,0,1024,0,0,5411611,5447807,99120,110550,118700,5.920,5.920
stderr:

[2026-07-15T18:03:32.422967+00:00] e000292 /home/bob/src/mess/.maw/workspaces/bn-1zv6/spikes/pwritev_group/target/release/pwritev_group point-auto k_pwrite process 24 10 1025 4 domain 0
stdout:
variant,mode,payload,events_per_batch,owner_units,physical_batches,writers,chain,unit_shape,iterations,stop_reason,events,domain_events,bytes,write_syscalls,short_writes,interrupted,max_iovecs,copied_bytes,barriers,cpu_ns,wall_ns,p50_ns,p95_ns,p99_ns,load1_before,load1_after
k_pwrite,process,24,10,1025,1025,4,0,domain,54,bytes,553500,553500,33652800,55350,0,0,0,0,0,46570892,46989113,838950,868660,895539,5.920,5.920
stderr:

[2026-07-15T18:03:33.453533+00:00] e000293 /home/bob/src/mess/.maw/workspaces/bn-1zv6/spikes/pwritev_group/target/release/pwritev_group point-auto pwritev_256_8m process 24 10 1025 4 domain 0
stdout:
variant,mode,payload,events_per_batch,owner_units,physical_batches,writers,chain,unit_shape,iterations,stop_reason,events,domain_events,bytes,write_syscalls,short_writes,interrupted,max_iovecs,copied_bytes,barriers,cpu_ns,wall_ns,p50_ns,p95_ns,p99_ns,load1_before,load1_after
pwritev_256_8m,process,24,10,1025,1025,4,0,domain,54,bytes,553500,553500,33652800,270,0,0,256,0,0,6047451,6102026,110110,124620,139089,5.920,5.920
stderr:

[2026-07-15T18:03:34.485696+00:00] e000294 /home/bob/src/mess/.maw/workspaces/bn-1zv6/spikes/pwritev_group/target/release/pwritev_group point-auto k_pwrite process 24 10 1025 4 domain 0
stdout:
variant,mode,payload,events_per_batch,owner_units,physical_batches,writers,chain,unit_shape,iterations,stop_reason,events,domain_events,bytes,write_syscalls,short_writes,interrupted,max_iovecs,copied_bytes,barriers,cpu_ns,wall_ns,p50_ns,p95_ns,p99_ns,load1_before,load1_after
k_pwrite,process,24,10,1025,1025,4,0,domain,54,bytes,553500,553500,33652800,55350,0,0,0,0,0,47288612,48523833,836030,853829,910720,5.920,5.920
stderr:

[2026-07-15T18:03:35.507159+00:00] e000295 /home/bob/src/mess/.maw/workspaces/bn-1zv6/spikes/pwritev_group/target/release/pwritev_group point-auto k_pwrite process 24 10 1025 4 domain 0
stdout:
variant,mode,payload,events_per_batch,owner_units,physical_batches,writers,chain,unit_shape,iterations,stop_reason,events,domain_events,bytes,write_syscalls,short_writes,interrupted,max_iovecs,copied_bytes,barriers,cpu_ns,wall_ns,p50_ns,p95_ns,p99_ns,load1_before,load1_after
k_pwrite,process,24,10,1025,1025,4,0,domain,54,bytes,553500,553500,33652800,55350,0,0,0,0,0,48707582,49483532,845569,924019,992120,5.920,5.920
stderr:

[2026-07-15T18:03:36.538312+00:00] e000296 /home/bob/src/mess/.maw/workspaces/bn-1zv6/spikes/pwritev_group/target/release/pwritev_group point-auto pwritev_256_8m process 24 10 1025 4 domain 0
stdout:
variant,mode,payload,events_per_batch,owner_units,physical_batches,writers,chain,unit_shape,iterations,stop_reason,events,domain_events,bytes,write_syscalls,short_writes,interrupted,max_iovecs,copied_bytes,barriers,cpu_ns,wall_ns,p50_ns,p95_ns,p99_ns,load1_before,load1_after
pwritev_256_8m,process,24,10,1025,1025,4,0,domain,54,bytes,553500,553500,33652800,270,0,0,256,0,0,5946282,5988547,109160,119930,124390,5.930,5.930
stderr:

[2026-07-15T18:03:37.562849+00:00] e000297 /home/bob/src/mess/.maw/workspaces/bn-1zv6/spikes/pwritev_group/target/release/pwritev_group point-auto k_pwrite process 24 10 1025 4 domain 0
stdout:
variant,mode,payload,events_per_batch,owner_units,physical_batches,writers,chain,unit_shape,iterations,stop_reason,events,domain_events,bytes,write_syscalls,short_writes,interrupted,max_iovecs,copied_bytes,barriers,cpu_ns,wall_ns,p50_ns,p95_ns,p99_ns,load1_before,load1_after
k_pwrite,process,24,10,1025,1025,4,0,domain,54,bytes,553500,553500,33652800,55350,0,0,0,0,0,50606862,51030511,842300,1069380,2315359,5.930,5.930
stderr:

[2026-07-15T18:03:38.587154+00:00] e000298 /home/bob/src/mess/.maw/workspaces/bn-1zv6/spikes/pwritev_group/target/release/pwritev_group point-auto pwritev_64_8m process 24 10 1025 4 domain 0
stdout:
variant,mode,payload,events_per_batch,owner_units,physical_batches,writers,chain,unit_shape,iterations,stop_reason,events,domain_events,bytes,write_syscalls,short_writes,interrupted,max_iovecs,copied_bytes,barriers,cpu_ns,wall_ns,p50_ns,p95_ns,p99_ns,load1_before,load1_after
pwritev_64_8m,process,24,10,1025,1025,4,0,domain,54,bytes,553500,553500,33652800,918,0,0,64,0,0,7332622,7436665,133870,154910,159650,5.930,5.930
stderr:

[2026-07-15T18:03:39.617734+00:00] e000299 /home/bob/src/mess/.maw/workspaces/bn-1zv6/spikes/pwritev_group/target/release/pwritev_group point-auto pwritev_64_8m process 24 10 1025 4 domain 0
stdout:
variant,mode,payload,events_per_batch,owner_units,physical_batches,writers,chain,unit_shape,iterations,stop_reason,events,domain_events,bytes,write_syscalls,short_writes,interrupted,max_iovecs,copied_bytes,barriers,cpu_ns,wall_ns,p50_ns,p95_ns,p99_ns,load1_before,load1_after
pwritev_64_8m,process,24,10,1025,1025,4,0,domain,54,bytes,553500,553500,33652800,918,0,0,64,0,0,7286142,7352155,132520,148130,152940,5.930,5.930
stderr:

[2026-07-15T18:03:40.645758+00:00] e000300 /home/bob/src/mess/.maw/workspaces/bn-1zv6/spikes/pwritev_group/target/release/pwritev_group point-auto k_pwrite process 24 10 1025 4 domain 0
stdout:
variant,mode,payload,events_per_batch,owner_units,physical_batches,writers,chain,unit_shape,iterations,stop_reason,events,domain_events,bytes,write_syscalls,short_writes,interrupted,max_iovecs,copied_bytes,barriers,cpu_ns,wall_ns,p50_ns,p95_ns,p99_ns,load1_before,load1_after
k_pwrite,process,24,10,1025,1025,4,0,domain,54,bytes,553500,553500,33652800,55350,0,0,0,0,0,49145142,49520372,843660,1021479,1033509,5.930,5.930
stderr:

[2026-07-15T18:03:51.675208+00:00] e000301 /home/bob/src/mess/.maw/workspaces/bn-1zv6/spikes/pwritev_group/target/release/pwritev_group point-auto copy_contiguous process 24 10 1025 4 domain 0
stdout:
variant,mode,payload,events_per_batch,owner_units,physical_batches,writers,chain,unit_shape,iterations,stop_reason,events,domain_events,bytes,write_syscalls,short_writes,interrupted,max_iovecs,copied_bytes,barriers,cpu_ns,wall_ns,p50_ns,p95_ns,p99_ns,load1_before,load1_after
copy_contiguous,process,24,10,1025,1025,4,0,domain,54,bytes,553500,553500,33652800,54,0,0,0,33652800,0,5226542,5265477,96220,106450,112589,5.860,5.860
stderr:

[2026-07-15T18:03:52.705709+00:00] e000302 /home/bob/src/mess/.maw/workspaces/bn-1zv6/spikes/pwritev_group/target/release/pwritev_group point-auto k_pwrite process 24 10 1025 4 domain 0
stdout:
variant,mode,payload,events_per_batch,owner_units,physical_batches,writers,chain,unit_shape,iterations,stop_reason,events,domain_events,bytes,write_syscalls,short_writes,interrupted,max_iovecs,copied_bytes,barriers,cpu_ns,wall_ns,p50_ns,p95_ns,p99_ns,load1_before,load1_after
k_pwrite,process,24,10,1025,1025,4,0,domain,54,bytes,553500,553500,33652800,55350,0,0,0,0,0,48671672,50301031,844580,1044629,1053589,5.860,5.860
stderr:

[2026-07-15T18:03:53.734032+00:00] e000303 /home/bob/src/mess/.maw/workspaces/bn-1zv6/spikes/pwritev_group/target/release/pwritev_group point-auto k_pwrite process 24 10 1025 4 domain 0
stdout:
variant,mode,payload,events_per_batch,owner_units,physical_batches,writers,chain,unit_shape,iterations,stop_reason,events,domain_events,bytes,write_syscalls,short_writes,interrupted,max_iovecs,copied_bytes,barriers,cpu_ns,wall_ns,p50_ns,p95_ns,p99_ns,load1_before,load1_after
k_pwrite,process,24,10,1025,1025,4,0,domain,54,bytes,553500,553500,33652800,55350,0,0,0,0,0,50605142,51352150,846260,923560,3333018,5.860,5.860
stderr:

[2026-07-15T18:03:54.764338+00:00] e000304 /home/bob/src/mess/.maw/workspaces/bn-1zv6/spikes/pwritev_group/target/release/pwritev_group point-auto copy_contiguous process 24 10 1025 4 domain 0
stdout:
variant,mode,payload,events_per_batch,owner_units,physical_batches,writers,chain,unit_shape,iterations,stop_reason,events,domain_events,bytes,write_syscalls,short_writes,interrupted,max_iovecs,copied_bytes,barriers,cpu_ns,wall_ns,p50_ns,p95_ns,p99_ns,load1_before,load1_after
copy_contiguous,process,24,10,1025,1025,4,0,domain,54,bytes,553500,553500,33652800,54,0,0,0,33652800,0,5431041,5478207,99580,111170,112800,5.860,5.860
stderr:

[2026-07-15T18:03:55.786646+00:00] e000305 /home/bob/src/mess/.maw/workspaces/bn-1zv6/spikes/pwritev_group/target/release/pwritev_group point-auto k_pwrite process 24 10 1025 4 new_name 0
stdout:
variant,mode,payload,events_per_batch,owner_units,physical_batches,writers,chain,unit_shape,iterations,stop_reason,events,domain_events,bytes,write_syscalls,short_writes,interrupted,max_iovecs,copied_bytes,barriers,cpu_ns,wall_ns,p50_ns,p95_ns,p99_ns,load1_before,load1_after
k_pwrite,process,24,10,1025,2050,4,0,new_name,44,bytes,496100,451000,33734800,90200,0,0,0,0,0,73084048,73709878,1603109,1743909,3135658,5.860,5.860
stderr:

[2026-07-15T18:03:56.808671+00:00] e000306 /home/bob/src/mess/.maw/workspaces/bn-1zv6/spikes/pwritev_group/target/release/pwritev_group point-auto pwritev_full_8m process 24 10 1025 4 new_name 0
stdout:
variant,mode,payload,events_per_batch,owner_units,physical_batches,writers,chain,unit_shape,iterations,stop_reason,events,domain_events,bytes,write_syscalls,short_writes,interrupted,max_iovecs,copied_bytes,barriers,cpu_ns,wall_ns,p50_ns,p95_ns,p99_ns,load1_before,load1_after
pwritev_full_8m,process,24,10,1025,2050,4,0,new_name,44,bytes,496100,451000,33734800,132,0,0,1024,0,0,6489001,6527906,146819,158170,168870,5.470,5.470
stderr:

[2026-07-15T18:03:57.838418+00:00] e000307 /home/bob/src/mess/.maw/workspaces/bn-1zv6/spikes/pwritev_group/target/release/pwritev_group point-auto pwritev_full_8m process 24 10 1025 4 new_name 0
stdout:
variant,mode,payload,events_per_batch,owner_units,physical_batches,writers,chain,unit_shape,iterations,stop_reason,events,domain_events,bytes,write_syscalls,short_writes,interrupted,max_iovecs,copied_bytes,barriers,cpu_ns,wall_ns,p50_ns,p95_ns,p99_ns,load1_before,load1_after
pwritev_full_8m,process,24,10,1025,2050,4,0,new_name,44,bytes,496100,451000,33734800,132,0,0,1024,0,0,6914251,6957856,154230,176340,179180,5.470,5.470
stderr:

[2026-07-15T18:03:58.867169+00:00] e000308 /home/bob/src/mess/.maw/workspaces/bn-1zv6/spikes/pwritev_group/target/release/pwritev_group point-auto k_pwrite process 24 10 1025 4 new_name 0
stdout:
variant,mode,payload,events_per_batch,owner_units,physical_batches,writers,chain,unit_shape,iterations,stop_reason,events,domain_events,bytes,write_syscalls,short_writes,interrupted,max_iovecs,copied_bytes,barriers,cpu_ns,wall_ns,p50_ns,p95_ns,p99_ns,load1_before,load1_after
k_pwrite,process,24,10,1025,2050,4,0,new_name,44,bytes,496100,451000,33734800,90200,0,0,0,0,0,77687960,79935165,1599539,3205008,5111757,5.470,5.470
stderr:

[2026-07-15T18:03:59.894603+00:00] e000309 /home/bob/src/mess/.maw/workspaces/bn-1zv6/spikes/pwritev_group/target/release/pwritev_group point-auto pwritev_256_8m process 24 10 1025 4 new_name 0
stdout:
variant,mode,payload,events_per_batch,owner_units,physical_batches,writers,chain,unit_shape,iterations,stop_reason,events,domain_events,bytes,write_syscalls,short_writes,interrupted,max_iovecs,copied_bytes,barriers,cpu_ns,wall_ns,p50_ns,p95_ns,p99_ns,load1_before,load1_after
pwritev_256_8m,process,24,10,1025,2050,4,0,new_name,44,bytes,496100,451000,33734800,396,0,0,256,0,0,7807272,7870255,177980,199220,200910,5.470,5.470
stderr:

[2026-07-15T18:04:00.927223+00:00] e000310 /home/bob/src/mess/.maw/workspaces/bn-1zv6/spikes/pwritev_group/target/release/pwritev_group point-auto k_pwrite process 24 10 1025 4 new_name 0
stdout:
variant,mode,payload,events_per_batch,owner_units,physical_batches,writers,chain,unit_shape,iterations,stop_reason,events,domain_events,bytes,write_syscalls,short_writes,interrupted,max_iovecs,copied_bytes,barriers,cpu_ns,wall_ns,p50_ns,p95_ns,p99_ns,load1_before,load1_after
k_pwrite,process,24,10,1025,2050,4,0,new_name,44,bytes,496100,451000,33734800,90200,0,0,0,0,0,80122310,80815953,1603139,4467667,5189407,5.470,5.470
stderr:

[2026-07-15T18:04:01.958853+00:00] e000311 /home/bob/src/mess/.maw/workspaces/bn-1zv6/spikes/pwritev_group/target/release/pwritev_group point-auto k_pwrite process 24 10 1025 4 new_name 0
stdout:
variant,mode,payload,events_per_batch,owner_units,physical_batches,writers,chain,unit_shape,iterations,stop_reason,events,domain_events,bytes,write_syscalls,short_writes,interrupted,max_iovecs,copied_bytes,barriers,cpu_ns,wall_ns,p50_ns,p95_ns,p99_ns,load1_before,load1_after
k_pwrite,process,24,10,1025,2050,4,0,new_name,44,bytes,496100,451000,33734800,90200,0,0,0,0,0,78010120,79102024,1602539,3998328,4542457,5.270,5.270
stderr:

[2026-07-15T18:04:02.989807+00:00] e000312 /home/bob/src/mess/.maw/workspaces/bn-1zv6/spikes/pwritev_group/target/release/pwritev_group point-auto pwritev_256_8m process 24 10 1025 4 new_name 0
stdout:
variant,mode,payload,events_per_batch,owner_units,physical_batches,writers,chain,unit_shape,iterations,stop_reason,events,domain_events,bytes,write_syscalls,short_writes,interrupted,max_iovecs,copied_bytes,barriers,cpu_ns,wall_ns,p50_ns,p95_ns,p99_ns,load1_before,load1_after
pwritev_256_8m,process,24,10,1025,2050,4,0,new_name,44,bytes,496100,451000,33734800,396,0,0,256,0,0,7199032,7256746,161900,175920,200060,5.270,5.270
stderr:

[2026-07-15T18:04:04.019351+00:00] e000313 /home/bob/src/mess/.maw/workspaces/bn-1zv6/spikes/pwritev_group/target/release/pwritev_group point-auto k_pwrite process 24 10 1025 4 new_name 0
stdout:
variant,mode,payload,events_per_batch,owner_units,physical_batches,writers,chain,unit_shape,iterations,stop_reason,events,domain_events,bytes,write_syscalls,short_writes,interrupted,max_iovecs,copied_bytes,barriers,cpu_ns,wall_ns,p50_ns,p95_ns,p99_ns,load1_before,load1_after
k_pwrite,process,24,10,1025,2050,4,0,new_name,44,bytes,496100,451000,33734800,90200,0,0,0,0,0,76717489,77599455,1596719,1947059,4852607,5.270,5.270
stderr:

[2026-07-15T18:04:05.047778+00:00] e000314 /home/bob/src/mess/.maw/workspaces/bn-1zv6/spikes/pwritev_group/target/release/pwritev_group point-auto pwritev_64_8m process 24 10 1025 4 new_name 0
stdout:
variant,mode,payload,events_per_batch,owner_units,physical_batches,writers,chain,unit_shape,iterations,stop_reason,events,domain_events,bytes,write_syscalls,short_writes,interrupted,max_iovecs,copied_bytes,barriers,cpu_ns,wall_ns,p50_ns,p95_ns,p99_ns,load1_before,load1_after
pwritev_64_8m,process,24,10,1025,2050,4,0,new_name,44,bytes,496100,451000,33734800,1452,0,0,64,0,0,9189472,9257615,210290,221130,232610,5.270,5.270
stderr:

[2026-07-15T18:04:06.071214+00:00] e000315 /home/bob/src/mess/.maw/workspaces/bn-1zv6/spikes/pwritev_group/target/release/pwritev_group point-auto pwritev_64_8m process 24 10 1025 4 new_name 0
stdout:
variant,mode,payload,events_per_batch,owner_units,physical_batches,writers,chain,unit_shape,iterations,stop_reason,events,domain_events,bytes,write_syscalls,short_writes,interrupted,max_iovecs,copied_bytes,barriers,cpu_ns,wall_ns,p50_ns,p95_ns,p99_ns,load1_before,load1_after
pwritev_64_8m,process,24,10,1025,2050,4,0,new_name,44,bytes,496100,451000,33734800,1452,0,0,64,0,0,10893672,10999874,209170,239530,1878469,5.270,5.270
stderr:

[2026-07-15T18:04:07.099154+00:00] e000316 /home/bob/src/mess/.maw/workspaces/bn-1zv6/spikes/pwritev_group/target/release/pwritev_group point-auto k_pwrite process 24 10 1025 4 new_name 0
stdout:
variant,mode,payload,events_per_batch,owner_units,physical_batches,writers,chain,unit_shape,iterations,stop_reason,events,domain_events,bytes,write_syscalls,short_writes,interrupted,max_iovecs,copied_bytes,barriers,cpu_ns,wall_ns,p50_ns,p95_ns,p99_ns,load1_before,load1_after
k_pwrite,process,24,10,1025,2050,4,0,new_name,44,bytes,496100,451000,33734800,90200,0,0,0,0,0,80109921,80923763,1593699,4364507,4975857,4.930,4.930
stderr:

[2026-07-15T18:04:08.130455+00:00] e000317 /home/bob/src/mess/.maw/workspaces/bn-1zv6/spikes/pwritev_group/target/release/pwritev_group point-auto copy_contiguous process 24 10 1025 4 new_name 0
stdout:
variant,mode,payload,events_per_batch,owner_units,physical_batches,writers,chain,unit_shape,iterations,stop_reason,events,domain_events,bytes,write_syscalls,short_writes,interrupted,max_iovecs,copied_bytes,barriers,cpu_ns,wall_ns,p50_ns,p95_ns,p99_ns,load1_before,load1_after
copy_contiguous,process,24,10,1025,2050,4,0,new_name,44,bytes,496100,451000,33734800,44,0,0,0,33734800,0,8323993,8384825,121890,623320,1601579,4.930,4.930
stderr:

[2026-07-15T18:04:09.160480+00:00] e000318 /home/bob/src/mess/.maw/workspaces/bn-1zv6/spikes/pwritev_group/target/release/pwritev_group point-auto k_pwrite process 24 10 1025 4 new_name 0
stdout:
variant,mode,payload,events_per_batch,owner_units,physical_batches,writers,chain,unit_shape,iterations,stop_reason,events,domain_events,bytes,write_syscalls,short_writes,interrupted,max_iovecs,copied_bytes,barriers,cpu_ns,wall_ns,p50_ns,p95_ns,p99_ns,load1_before,load1_after
k_pwrite,process,24,10,1025,2050,4,0,new_name,44,bytes,496100,451000,33734800,90200,0,0,0,0,0,77803119,78595165,1610019,3488027,4410157,4.930,4.930
stderr:

[2026-07-15T18:04:10.188669+00:00] e000319 /home/bob/src/mess/.maw/workspaces/bn-1zv6/spikes/pwritev_group/target/release/pwritev_group point-auto k_pwrite process 24 10 1025 4 new_name 0
stdout:
variant,mode,payload,events_per_batch,owner_units,physical_batches,writers,chain,unit_shape,iterations,stop_reason,events,domain_events,bytes,write_syscalls,short_writes,interrupted,max_iovecs,copied_bytes,barriers,cpu_ns,wall_ns,p50_ns,p95_ns,p99_ns,load1_before,load1_after
k_pwrite,process,24,10,1025,2050,4,0,new_name,44,bytes,496100,451000,33734800,90200,0,0,0,0,0,72870159,73404248,1595129,2141509,2802628,4.930,4.930
stderr:

[2026-07-15T18:04:11.210742+00:00] e000320 /home/bob/src/mess/.maw/workspaces/bn-1zv6/spikes/pwritev_group/target/release/pwritev_group point-auto copy_contiguous process 24 10 1025 4 new_name 0
stdout:
variant,mode,payload,events_per_batch,owner_units,physical_batches,writers,chain,unit_shape,iterations,stop_reason,events,domain_events,bytes,write_syscalls,short_writes,interrupted,max_iovecs,copied_bytes,barriers,cpu_ns,wall_ns,p50_ns,p95_ns,p99_ns,load1_before,load1_after
copy_contiguous,process,24,10,1025,2050,4,0,new_name,44,bytes,496100,451000,33734800,44,0,0,0,33734800,0,5172231,5216927,114660,130739,159760,4.930,4.930
stderr:

[2026-07-15T18:04:12.240936+00:00] e000321 /home/bob/src/mess/.maw/workspaces/bn-1zv6/spikes/pwritev_group/target/release/pwritev_group point-auto k_pwrite process 24 100 2 2 domain 0
stdout:
variant,mode,payload,events_per_batch,owner_units,physical_batches,writers,chain,unit_shape,iterations,stop_reason,events,domain_events,bytes,write_syscalls,short_writes,interrupted,max_iovecs,copied_bytes,barriers,cpu_ns,wall_ns,p50_ns,p95_ns,p99_ns,load1_before,load1_after
k_pwrite,process,24,100,2,2,2,0,domain,3173,bytes,634600,634600,33557648,6346,0,0,0,0,0,7743362,7812296,2320,2760,3050,4.940,4.940
stderr:

[2026-07-15T18:04:13.266655+00:00] e000322 /home/bob/src/mess/.maw/workspaces/bn-1zv6/spikes/pwritev_group/target/release/pwritev_group point-auto pwritev_full_8m process 24 100 2 2 domain 0
stdout:
variant,mode,payload,events_per_batch,owner_units,physical_batches,writers,chain,unit_shape,iterations,stop_reason,events,domain_events,bytes,write_syscalls,short_writes,interrupted,max_iovecs,copied_bytes,barriers,cpu_ns,wall_ns,p50_ns,p95_ns,p99_ns,load1_before,load1_after
pwritev_full_8m,process,24,100,2,2,2,0,domain,3173,bytes,634600,634600,33557648,3173,0,0,2,0,0,5953772,5993467,1780,2190,2300,4.940,4.940
stderr:

[2026-07-15T18:04:14.292231+00:00] e000323 /home/bob/src/mess/.maw/workspaces/bn-1zv6/spikes/pwritev_group/target/release/pwritev_group point-auto pwritev_full_8m process 24 100 2 2 domain 0
stdout:
variant,mode,payload,events_per_batch,owner_units,physical_batches,writers,chain,unit_shape,iterations,stop_reason,events,domain_events,bytes,write_syscalls,short_writes,interrupted,max_iovecs,copied_bytes,barriers,cpu_ns,wall_ns,p50_ns,p95_ns,p99_ns,load1_before,load1_after
pwritev_full_8m,process,24,100,2,2,2,0,domain,3173,bytes,634600,634600,33557648,3173,0,0,2,0,0,5868362,5902587,1760,1810,2250,4.940,4.940
stderr:

[2026-07-15T18:04:15.323668+00:00] e000324 /home/bob/src/mess/.maw/workspaces/bn-1zv6/spikes/pwritev_group/target/release/pwritev_group point-auto k_pwrite process 24 100 2 2 domain 0
stdout:
variant,mode,payload,events_per_batch,owner_units,physical_batches,writers,chain,unit_shape,iterations,stop_reason,events,domain_events,bytes,write_syscalls,short_writes,interrupted,max_iovecs,copied_bytes,barriers,cpu_ns,wall_ns,p50_ns,p95_ns,p99_ns,load1_before,load1_after
k_pwrite,process,24,100,2,2,2,0,domain,3173,bytes,634600,634600,33557648,6346,0,0,0,0,0,7746452,7889546,2350,2650,3050,4.940,4.940
stderr:

[2026-07-15T18:04:16.353696+00:00] e000325 /home/bob/src/mess/.maw/workspaces/bn-1zv6/spikes/pwritev_group/target/release/pwritev_group point-auto copy_contiguous process 24 100 2 2 domain 0
stdout:
variant,mode,payload,events_per_batch,owner_units,physical_batches,writers,chain,unit_shape,iterations,stop_reason,events,domain_events,bytes,write_syscalls,short_writes,interrupted,max_iovecs,copied_bytes,barriers,cpu_ns,wall_ns,p50_ns,p95_ns,p99_ns,load1_before,load1_after
copy_contiguous,process,24,100,2,2,2,0,domain,3173,bytes,634600,634600,33557648,3173,0,0,0,33557648,0,5942621,6001486,1760,1970,2510,4.940,4.940
stderr:

[2026-07-15T18:04:17.381215+00:00] e000326 /home/bob/src/mess/.maw/workspaces/bn-1zv6/spikes/pwritev_group/target/release/pwritev_group point-auto k_pwrite process 24 100 2 2 domain 0
stdout:
variant,mode,payload,events_per_batch,owner_units,physical_batches,writers,chain,unit_shape,iterations,stop_reason,events,domain_events,bytes,write_syscalls,short_writes,interrupted,max_iovecs,copied_bytes,barriers,cpu_ns,wall_ns,p50_ns,p95_ns,p99_ns,load1_before,load1_after
k_pwrite,process,24,100,2,2,2,0,domain,3173,bytes,634600,634600,33557648,6346,0,0,0,0,0,8020522,8091185,2330,2960,3230,4.860,4.860
stderr:

[2026-07-15T18:04:18.409814+00:00] e000327 /home/bob/src/mess/.maw/workspaces/bn-1zv6/spikes/pwritev_group/target/release/pwritev_group point-auto k_pwrite process 24 100 2 2 domain 0
stdout:
variant,mode,payload,events_per_batch,owner_units,physical_batches,writers,chain,unit_shape,iterations,stop_reason,events,domain_events,bytes,write_syscalls,short_writes,interrupted,max_iovecs,copied_bytes,barriers,cpu_ns,wall_ns,p50_ns,p95_ns,p99_ns,load1_before,load1_after
k_pwrite,process,24,100,2,2,2,0,domain,3173,bytes,634600,634600,33557648,6346,0,0,0,0,0,7858512,7918126,2360,2770,3080,4.860,4.860
stderr:

[2026-07-15T18:04:19.440857+00:00] e000328 /home/bob/src/mess/.maw/workspaces/bn-1zv6/spikes/pwritev_group/target/release/pwritev_group point-auto copy_contiguous process 24 100 2 2 domain 0
stdout:
variant,mode,payload,events_per_batch,owner_units,physical_batches,writers,chain,unit_shape,iterations,stop_reason,events,domain_events,bytes,write_syscalls,short_writes,interrupted,max_iovecs,copied_bytes,barriers,cpu_ns,wall_ns,p50_ns,p95_ns,p99_ns,load1_before,load1_after
copy_contiguous,process,24,100,2,2,2,0,domain,3173,bytes,634600,634600,33557648,3173,0,0,0,33557648,0,6276741,6322037,1770,2330,2560,4.860,4.860
stderr:

[2026-07-15T18:04:20.475128+00:00] e000329 /home/bob/src/mess/.maw/workspaces/bn-1zv6/spikes/pwritev_group/target/release/pwritev_group point-auto k_pwrite process 24 100 2 2 new_name 0
stdout:
variant,mode,payload,events_per_batch,owner_units,physical_batches,writers,chain,unit_shape,iterations,stop_reason,events,domain_events,bytes,write_syscalls,short_writes,interrupted,max_iovecs,copied_bytes,barriers,cpu_ns,wall_ns,p50_ns,p95_ns,p99_ns,load1_before,load1_after
k_pwrite,process,24,100,2,4,2,0,new_name,3091,bytes,624382,618200,33555896,12364,0,0,0,0,0,13921334,14077582,3780,4620,26010,4.860,4.860
stderr:

[2026-07-15T18:04:21.505670+00:00] e000330 /home/bob/src/mess/.maw/workspaces/bn-1zv6/spikes/pwritev_group/target/release/pwritev_group point-auto pwritev_full_8m process 24 100 2 2 new_name 0
stdout:
variant,mode,payload,events_per_batch,owner_units,physical_batches,writers,chain,unit_shape,iterations,stop_reason,events,domain_events,bytes,write_syscalls,short_writes,interrupted,max_iovecs,copied_bytes,barriers,cpu_ns,wall_ns,p50_ns,p95_ns,p99_ns,load1_before,load1_after
pwritev_full_8m,process,24,100,2,4,2,0,new_name,3091,bytes,624382,618200,33555896,3091,0,0,4,0,0,6175291,6282456,1850,2390,2450,4.630,4.630
stderr:

[2026-07-15T18:04:22.531331+00:00] e000331 /home/bob/src/mess/.maw/workspaces/bn-1zv6/spikes/pwritev_group/target/release/pwritev_group point-auto pwritev_full_8m process 24 100 2 2 new_name 0
stdout:
variant,mode,payload,events_per_batch,owner_units,physical_batches,writers,chain,unit_shape,iterations,stop_reason,events,domain_events,bytes,write_syscalls,short_writes,interrupted,max_iovecs,copied_bytes,barriers,cpu_ns,wall_ns,p50_ns,p95_ns,p99_ns,load1_before,load1_after
pwritev_full_8m,process,24,100,2,4,2,0,new_name,3091,bytes,624382,618200,33555896,3091,0,0,4,0,0,6068541,6115226,1840,2310,2420,4.630,4.630
stderr:

[2026-07-15T18:04:23.556480+00:00] e000332 /home/bob/src/mess/.maw/workspaces/bn-1zv6/spikes/pwritev_group/target/release/pwritev_group point-auto k_pwrite process 24 100 2 2 new_name 0
stdout:
variant,mode,payload,events_per_batch,owner_units,physical_batches,writers,chain,unit_shape,iterations,stop_reason,events,domain_events,bytes,write_syscalls,short_writes,interrupted,max_iovecs,copied_bytes,barriers,cpu_ns,wall_ns,p50_ns,p95_ns,p99_ns,load1_before,load1_after
k_pwrite,process,24,100,2,4,2,0,new_name,3091,bytes,624382,618200,33555896,12364,0,0,0,0,0,13004324,13248773,3810,5000,6760,4.630,4.630
stderr:

[2026-07-15T18:04:24.588150+00:00] e000333 /home/bob/src/mess/.maw/workspaces/bn-1zv6/spikes/pwritev_group/target/release/pwritev_group point-auto copy_contiguous process 24 100 2 2 new_name 0
stdout:
variant,mode,payload,events_per_batch,owner_units,physical_batches,writers,chain,unit_shape,iterations,stop_reason,events,domain_events,bytes,write_syscalls,short_writes,interrupted,max_iovecs,copied_bytes,barriers,cpu_ns,wall_ns,p50_ns,p95_ns,p99_ns,load1_before,load1_after
copy_contiguous,process,24,100,2,4,2,0,new_name,3091,bytes,624382,618200,33555896,3091,0,0,0,33555896,0,5805552,5841186,1780,2140,2350,4.630,4.630
stderr:

[2026-07-15T18:04:25.616732+00:00] e000334 /home/bob/src/mess/.maw/workspaces/bn-1zv6/spikes/pwritev_group/target/release/pwritev_group point-auto k_pwrite process 24 100 2 2 new_name 0
stdout:
variant,mode,payload,events_per_batch,owner_units,physical_batches,writers,chain,unit_shape,iterations,stop_reason,events,domain_events,bytes,write_syscalls,short_writes,interrupted,max_iovecs,copied_bytes,barriers,cpu_ns,wall_ns,p50_ns,p95_ns,p99_ns,load1_before,load1_after
k_pwrite,process,24,100,2,4,2,0,new_name,3091,bytes,624382,618200,33555896,12364,0,0,0,0,0,12094843,13184482,3790,4300,5020,4.630,4.630
stderr:

[2026-07-15T18:04:26.644129+00:00] e000335 /home/bob/src/mess/.maw/workspaces/bn-1zv6/spikes/pwritev_group/target/release/pwritev_group point-auto k_pwrite process 24 100 2 2 new_name 0
stdout:
variant,mode,payload,events_per_batch,owner_units,physical_batches,writers,chain,unit_shape,iterations,stop_reason,events,domain_events,bytes,write_syscalls,short_writes,interrupted,max_iovecs,copied_bytes,barriers,cpu_ns,wall_ns,p50_ns,p95_ns,p99_ns,load1_before,load1_after
k_pwrite,process,24,100,2,4,2,0,new_name,3091,bytes,624382,618200,33555896,12364,0,0,0,0,0,12003433,12093693,3770,4210,4680,4.340,4.340
stderr:

[2026-07-15T18:04:27.669653+00:00] e000336 /home/bob/src/mess/.maw/workspaces/bn-1zv6/spikes/pwritev_group/target/release/pwritev_group point-auto copy_contiguous process 24 100 2 2 new_name 0
stdout:
variant,mode,payload,events_per_batch,owner_units,physical_batches,writers,chain,unit_shape,iterations,stop_reason,events,domain_events,bytes,write_syscalls,short_writes,interrupted,max_iovecs,copied_bytes,barriers,cpu_ns,wall_ns,p50_ns,p95_ns,p99_ns,load1_before,load1_after
copy_contiguous,process,24,100,2,4,2,0,new_name,3091,bytes,624382,618200,33555896,3091,0,0,0,33555896,0,5818732,5858206,1790,1850,2390,4.340,4.340
stderr:

[2026-07-15T18:04:28.696523+00:00] e000337 /home/bob/src/mess/.maw/workspaces/bn-1zv6/spikes/pwritev_group/target/release/pwritev_group point-auto k_pwrite process 24 100 4 4 domain 0
stdout:
variant,mode,payload,events_per_batch,owner_units,physical_batches,writers,chain,unit_shape,iterations,stop_reason,events,domain_events,bytes,write_syscalls,short_writes,interrupted,max_iovecs,copied_bytes,barriers,cpu_ns,wall_ns,p50_ns,p95_ns,p99_ns,load1_before,load1_after
k_pwrite,process,24,100,4,4,4,0,domain,1587,bytes,634800,634800,33568224,6348,0,0,0,0,0,8342802,8395455,5110,6060,6560,4.340,4.340
stderr:

[2026-07-15T18:04:29.722992+00:00] e000338 /home/bob/src/mess/.maw/workspaces/bn-1zv6/spikes/pwritev_group/target/release/pwritev_group point-auto pwritev_full_8m process 24 100 4 4 domain 0
stdout:
variant,mode,payload,events_per_batch,owner_units,physical_batches,writers,chain,unit_shape,iterations,stop_reason,events,domain_events,bytes,write_syscalls,short_writes,interrupted,max_iovecs,copied_bytes,barriers,cpu_ns,wall_ns,p50_ns,p95_ns,p99_ns,load1_before,load1_after
pwritev_full_8m,process,24,100,4,4,4,0,domain,1587,bytes,634800,634800,33568224,1587,0,0,4,0,0,4656061,4697368,2830,2860,3680,4.340,4.340
stderr:

[2026-07-15T18:04:30.753166+00:00] e000339 /home/bob/src/mess/.maw/workspaces/bn-1zv6/spikes/pwritev_group/target/release/pwritev_group point-auto pwritev_full_8m process 24 100 4 4 domain 0
stdout:
variant,mode,payload,events_per_batch,owner_units,physical_batches,writers,chain,unit_shape,iterations,stop_reason,events,domain_events,bytes,write_syscalls,short_writes,interrupted,max_iovecs,copied_bytes,barriers,cpu_ns,wall_ns,p50_ns,p95_ns,p99_ns,load1_before,load1_after
pwritev_full_8m,process,24,100,4,4,4,0,domain,1587,bytes,634800,634800,33568224,1587,0,0,4,0,0,4725181,4771357,2850,3200,4220,4.340,4.340
stderr:

[2026-07-15T18:04:31.781481+00:00] e000340 /home/bob/src/mess/.maw/workspaces/bn-1zv6/spikes/pwritev_group/target/release/pwritev_group point-auto k_pwrite process 24 100 4 4 domain 0
stdout:
variant,mode,payload,events_per_batch,owner_units,physical_batches,writers,chain,unit_shape,iterations,stop_reason,events,domain_events,bytes,write_syscalls,short_writes,interrupted,max_iovecs,copied_bytes,barriers,cpu_ns,wall_ns,p50_ns,p95_ns,p99_ns,load1_before,load1_after
k_pwrite,process,24,100,4,4,4,0,domain,1587,bytes,634800,634800,33568224,6348,0,0,0,0,0,8652112,8722825,5130,6599,6810,4.070,4.070
stderr:

[2026-07-15T18:04:32.809438+00:00] e000341 /home/bob/src/mess/.maw/workspaces/bn-1zv6/spikes/pwritev_group/target/release/pwritev_group point-auto copy_contiguous process 24 100 4 4 domain 0
stdout:
variant,mode,payload,events_per_batch,owner_units,physical_batches,writers,chain,unit_shape,iterations,stop_reason,events,domain_events,bytes,write_syscalls,short_writes,interrupted,max_iovecs,copied_bytes,barriers,cpu_ns,wall_ns,p50_ns,p95_ns,p99_ns,load1_before,load1_after
copy_contiguous,process,24,100,4,4,4,0,domain,1587,bytes,634800,634800,33568224,1587,0,0,0,33568224,0,4991281,5021197,3030,3410,3740,4.070,4.070
stderr:

[2026-07-15T18:04:33.839135+00:00] e000342 /home/bob/src/mess/.maw/workspaces/bn-1zv6/spikes/pwritev_group/target/release/pwritev_group point-auto k_pwrite process 24 100 4 4 domain 0
stdout:
variant,mode,payload,events_per_batch,owner_units,physical_batches,writers,chain,unit_shape,iterations,stop_reason,events,domain_events,bytes,write_syscalls,short_writes,interrupted,max_iovecs,copied_bytes,barriers,cpu_ns,wall_ns,p50_ns,p95_ns,p99_ns,load1_before,load1_after
k_pwrite,process,24,100,4,4,4,0,domain,1587,bytes,634800,634800,33568224,6348,0,0,0,0,0,9213832,9371844,5090,6850,15060,4.070,4.070
stderr:

[2026-07-15T18:04:34.871051+00:00] e000343 /home/bob/src/mess/.maw/workspaces/bn-1zv6/spikes/pwritev_group/target/release/pwritev_group point-auto k_pwrite process 24 100 4 4 domain 0
stdout:
variant,mode,payload,events_per_batch,owner_units,physical_batches,writers,chain,unit_shape,iterations,stop_reason,events,domain_events,bytes,write_syscalls,short_writes,interrupted,max_iovecs,copied_bytes,barriers,cpu_ns,wall_ns,p50_ns,p95_ns,p99_ns,load1_before,load1_after
k_pwrite,process,24,100,4,4,4,0,domain,1587,bytes,634800,634800,33568224,6348,0,0,0,0,0,8949382,9004095,5070,6360,13520,4.070,4.070
stderr:

[2026-07-15T18:04:35.901172+00:00] e000344 /home/bob/src/mess/.maw/workspaces/bn-1zv6/spikes/pwritev_group/target/release/pwritev_group point-auto copy_contiguous process 24 100 4 4 domain 0
stdout:
variant,mode,payload,events_per_batch,owner_units,physical_batches,writers,chain,unit_shape,iterations,stop_reason,events,domain_events,bytes,write_syscalls,short_writes,interrupted,max_iovecs,copied_bytes,barriers,cpu_ns,wall_ns,p50_ns,p95_ns,p99_ns,load1_before,load1_after
copy_contiguous,process,24,100,4,4,4,0,domain,1587,bytes,634800,634800,33568224,1587,0,0,0,33568224,0,4954181,4987267,3020,3080,3940,4.070,4.070
stderr:

[2026-07-15T18:04:36.932404+00:00] e000345 /home/bob/src/mess/.maw/workspaces/bn-1zv6/spikes/pwritev_group/target/release/pwritev_group point-auto k_pwrite process 24 100 4 4 new_name 0
stdout:
variant,mode,payload,events_per_batch,owner_units,physical_batches,writers,chain,unit_shape,iterations,stop_reason,events,domain_events,bytes,write_syscalls,short_writes,interrupted,max_iovecs,copied_bytes,barriers,cpu_ns,wall_ns,p50_ns,p95_ns,p99_ns,load1_before,load1_after
k_pwrite,process,24,100,4,8,4,0,new_name,1546,bytes,624584,618400,33566752,12368,0,0,0,0,0,12634953,12720823,7910,9160,13990,4.230,4.230
stderr:

[2026-07-15T18:04:37.964914+00:00] e000346 /home/bob/src/mess/.maw/workspaces/bn-1zv6/spikes/pwritev_group/target/release/pwritev_group point-auto pwritev_full_8m process 24 100 4 4 new_name 0
stdout:
variant,mode,payload,events_per_batch,owner_units,physical_batches,writers,chain,unit_shape,iterations,stop_reason,events,domain_events,bytes,write_syscalls,short_writes,interrupted,max_iovecs,copied_bytes,barriers,cpu_ns,wall_ns,p50_ns,p95_ns,p99_ns,load1_before,load1_after
pwritev_full_8m,process,24,100,4,8,4,0,new_name,1546,bytes,624584,618400,33566752,1546,0,0,8,0,0,5062141,5104987,2980,3930,4100,4.230,4.230
stderr:

[2026-07-15T18:04:38.994807+00:00] e000347 /home/bob/src/mess/.maw/workspaces/bn-1zv6/spikes/pwritev_group/target/release/pwritev_group point-auto pwritev_full_8m process 24 100 4 4 new_name 0
stdout:
variant,mode,payload,events_per_batch,owner_units,physical_batches,writers,chain,unit_shape,iterations,stop_reason,events,domain_events,bytes,write_syscalls,short_writes,interrupted,max_iovecs,copied_bytes,barriers,cpu_ns,wall_ns,p50_ns,p95_ns,p99_ns,load1_before,load1_after
pwritev_full_8m,process,24,100,4,8,4,0,new_name,1546,bytes,624584,618400,33566752,1546,0,0,8,0,0,4765441,4789667,2960,3570,3770,4.230,4.230
stderr:

[2026-07-15T18:04:40.025994+00:00] e000348 /home/bob/src/mess/.maw/workspaces/bn-1zv6/spikes/pwritev_group/target/release/pwritev_group point-auto k_pwrite process 24 100 4 4 new_name 0
stdout:
variant,mode,payload,events_per_batch,owner_units,physical_batches,writers,chain,unit_shape,iterations,stop_reason,events,domain_events,bytes,write_syscalls,short_writes,interrupted,max_iovecs,copied_bytes,barriers,cpu_ns,wall_ns,p50_ns,p95_ns,p99_ns,load1_before,load1_after
k_pwrite,process,24,100,4,8,4,0,new_name,1546,bytes,624584,618400,33566752,12368,0,0,0,0,0,12460923,12550693,7950,8060,10330,4.230,4.230
stderr:

[2026-07-15T18:04:41.056671+00:00] e000349 /home/bob/src/mess/.maw/workspaces/bn-1zv6/spikes/pwritev_group/target/release/pwritev_group point-auto copy_contiguous process 24 100 4 4 new_name 0
stdout:
variant,mode,payload,events_per_batch,owner_units,physical_batches,writers,chain,unit_shape,iterations,stop_reason,events,domain_events,bytes,write_syscalls,short_writes,interrupted,max_iovecs,copied_bytes,barriers,cpu_ns,wall_ns,p50_ns,p95_ns,p99_ns,load1_before,load1_after
copy_contiguous,process,24,100,4,8,4,0,new_name,1546,bytes,624584,618400,33566752,1546,0,0,0,33566752,0,4822532,4932087,3020,3070,4600,4.230,4.230
stderr:

[2026-07-15T18:04:42.087016+00:00] e000350 /home/bob/src/mess/.maw/workspaces/bn-1zv6/spikes/pwritev_group/target/release/pwritev_group point-auto k_pwrite process 24 100 4 4 new_name 0
stdout:
variant,mode,payload,events_per_batch,owner_units,physical_batches,writers,chain,unit_shape,iterations,stop_reason,events,domain_events,bytes,write_syscalls,short_writes,interrupted,max_iovecs,copied_bytes,barriers,cpu_ns,wall_ns,p50_ns,p95_ns,p99_ns,load1_before,load1_after
k_pwrite,process,24,100,4,8,4,0,new_name,1546,bytes,624584,618400,33566752,12368,0,0,0,0,0,13042303,13154302,8000,10140,12300,3.970,3.970
stderr:

[2026-07-15T18:04:43.115116+00:00] e000351 /home/bob/src/mess/.maw/workspaces/bn-1zv6/spikes/pwritev_group/target/release/pwritev_group point-auto k_pwrite process 24 100 4 4 new_name 0
stdout:
variant,mode,payload,events_per_batch,owner_units,physical_batches,writers,chain,unit_shape,iterations,stop_reason,events,domain_events,bytes,write_syscalls,short_writes,interrupted,max_iovecs,copied_bytes,barriers,cpu_ns,wall_ns,p50_ns,p95_ns,p99_ns,load1_before,load1_after
k_pwrite,process,24,100,4,8,4,0,new_name,1546,bytes,624584,618400,33566752,12368,0,0,0,0,0,12752113,12863322,7959,10220,10820,3.970,3.970
stderr:

[2026-07-15T18:04:44.143165+00:00] e000352 /home/bob/src/mess/.maw/workspaces/bn-1zv6/spikes/pwritev_group/target/release/pwritev_group point-auto copy_contiguous process 24 100 4 4 new_name 0
stdout:
variant,mode,payload,events_per_batch,owner_units,physical_batches,writers,chain,unit_shape,iterations,stop_reason,events,domain_events,bytes,write_syscalls,short_writes,interrupted,max_iovecs,copied_bytes,barriers,cpu_ns,wall_ns,p50_ns,p95_ns,p99_ns,load1_before,load1_after
copy_contiguous,process,24,100,4,8,4,0,new_name,1546,bytes,624584,618400,33566752,1546,0,0,0,33566752,0,4888991,4930198,3040,3130,3970,3.970,3.970
stderr:

[2026-07-15T18:04:45.166784+00:00] e000353 /home/bob/src/mess/.maw/workspaces/bn-1zv6/spikes/pwritev_group/target/release/pwritev_group point-auto k_pwrite process 24 1000 2 2 domain 0
stdout:
variant,mode,payload,events_per_batch,owner_units,physical_batches,writers,chain,unit_shape,iterations,stop_reason,events,domain_events,bytes,write_syscalls,short_writes,interrupted,max_iovecs,copied_bytes,barriers,cpu_ns,wall_ns,p50_ns,p95_ns,p99_ns,load1_before,load1_after
k_pwrite,process,24,1000,2,2,2,0,domain,323,bytes,646000,646000,33648848,646,0,0,0,0,0,2546371,2569219,7560,10500,12520,3.970,3.970
stderr:

[2026-07-15T18:04:46.192540+00:00] e000354 /home/bob/src/mess/.maw/workspaces/bn-1zv6/spikes/pwritev_group/target/release/pwritev_group point-auto pwritev_full_8m process 24 1000 2 2 domain 0
stdout:
variant,mode,payload,events_per_batch,owner_units,physical_batches,writers,chain,unit_shape,iterations,stop_reason,events,domain_events,bytes,write_syscalls,short_writes,interrupted,max_iovecs,copied_bytes,barriers,cpu_ns,wall_ns,p50_ns,p95_ns,p99_ns,load1_before,load1_after
pwritev_full_8m,process,24,1000,2,2,2,0,domain,323,bytes,646000,646000,33648848,323,0,0,2,0,0,2314801,2333809,6760,10520,15040,3.970,3.970
stderr:

[2026-07-15T18:04:47.223885+00:00] e000355 /home/bob/src/mess/.maw/workspaces/bn-1zv6/spikes/pwritev_group/target/release/pwritev_group point-auto pwritev_full_8m process 24 1000 2 2 domain 0
stdout:
variant,mode,payload,events_per_batch,owner_units,physical_batches,writers,chain,unit_shape,iterations,stop_reason,events,domain_events,bytes,write_syscalls,short_writes,interrupted,max_iovecs,copied_bytes,barriers,cpu_ns,wall_ns,p50_ns,p95_ns,p99_ns,load1_before,load1_after
pwritev_full_8m,process,24,1000,2,2,2,0,domain,323,bytes,646000,646000,33648848,323,0,0,2,0,0,2112800,2128358,6240,7610,12670,3.650,3.650
stderr:

[2026-07-15T18:04:48.245938+00:00] e000356 /home/bob/src/mess/.maw/workspaces/bn-1zv6/spikes/pwritev_group/target/release/pwritev_group point-auto k_pwrite process 24 1000 2 2 domain 0
stdout:
variant,mode,payload,events_per_batch,owner_units,physical_batches,writers,chain,unit_shape,iterations,stop_reason,events,domain_events,bytes,write_syscalls,short_writes,interrupted,max_iovecs,copied_bytes,barriers,cpu_ns,wall_ns,p50_ns,p95_ns,p99_ns,load1_before,load1_after
k_pwrite,process,24,1000,2,2,2,0,domain,323,bytes,646000,646000,33648848,646,0,0,0,0,0,2465281,2490728,7200,9380,15430,3.650,3.650
stderr:

[2026-07-15T18:04:49.276029+00:00] e000357 /home/bob/src/mess/.maw/workspaces/bn-1zv6/spikes/pwritev_group/target/release/pwritev_group point-auto copy_contiguous process 24 1000 2 2 domain 0
stdout:
variant,mode,payload,events_per_batch,owner_units,physical_batches,writers,chain,unit_shape,iterations,stop_reason,events,domain_events,bytes,write_syscalls,short_writes,interrupted,max_iovecs,copied_bytes,barriers,cpu_ns,wall_ns,p50_ns,p95_ns,p99_ns,load1_before,load1_after
copy_contiguous,process,24,1000,2,2,2,0,domain,323,bytes,646000,646000,33648848,323,0,0,0,33648848,0,3254101,3273728,9810,11220,16410,3.650,3.650
stderr:

[2026-07-15T18:04:50.302884+00:00] e000358 /home/bob/src/mess/.maw/workspaces/bn-1zv6/spikes/pwritev_group/target/release/pwritev_group point-auto k_pwrite process 24 1000 2 2 domain 0
stdout:
variant,mode,payload,events_per_batch,owner_units,physical_batches,writers,chain,unit_shape,iterations,stop_reason,events,domain_events,bytes,write_syscalls,short_writes,interrupted,max_iovecs,copied_bytes,barriers,cpu_ns,wall_ns,p50_ns,p95_ns,p99_ns,load1_before,load1_after
k_pwrite,process,24,1000,2,2,2,0,domain,323,bytes,646000,646000,33648848,646,0,0,0,0,0,2992641,3025248,8790,12720,14980,3.650,3.650
stderr:

[2026-07-15T18:04:51.332938+00:00] e000359 /home/bob/src/mess/.maw/workspaces/bn-1zv6/spikes/pwritev_group/target/release/pwritev_group point-auto k_pwrite process 24 1000 2 2 domain 0
stdout:
variant,mode,payload,events_per_batch,owner_units,physical_batches,writers,chain,unit_shape,iterations,stop_reason,events,domain_events,bytes,write_syscalls,short_writes,interrupted,max_iovecs,copied_bytes,barriers,cpu_ns,wall_ns,p50_ns,p95_ns,p99_ns,load1_before,load1_after
k_pwrite,process,24,1000,2,2,2,0,domain,323,bytes,646000,646000,33648848,646,0,0,0,0,0,2559721,2576649,7350,11660,13770,3.650,3.650
stderr:

[2026-07-15T18:04:52.363048+00:00] e000360 /home/bob/src/mess/.maw/workspaces/bn-1zv6/spikes/pwritev_group/target/release/pwritev_group point-auto copy_contiguous process 24 1000 2 2 domain 0
stdout:
variant,mode,payload,events_per_batch,owner_units,physical_batches,writers,chain,unit_shape,iterations,stop_reason,events,domain_events,bytes,write_syscalls,short_writes,interrupted,max_iovecs,copied_bytes,barriers,cpu_ns,wall_ns,p50_ns,p95_ns,p99_ns,load1_before,load1_after
copy_contiguous,process,24,1000,2,2,2,0,domain,323,bytes,646000,646000,33648848,323,0,0,0,33648848,0,3286630,3381618,9880,11310,19120,3.360,3.360
stderr:

[2026-07-15T18:04:53.393582+00:00] e000361 /home/bob/src/mess/.maw/workspaces/bn-1zv6/spikes/pwritev_group/target/release/pwritev_group point-auto k_pwrite process 24 1000 2 2 new_name 0
stdout:
variant,mode,payload,events_per_batch,owner_units,physical_batches,writers,chain,unit_shape,iterations,stop_reason,events,domain_events,bytes,write_syscalls,short_writes,interrupted,max_iovecs,copied_bytes,barriers,cpu_ns,wall_ns,p50_ns,p95_ns,p99_ns,load1_before,load1_after
k_pwrite,process,24,1000,2,4,2,0,new_name,322,bytes,644644,644000,33634832,1288,0,0,0,0,0,3261991,3283848,9910,11450,17590,3.360,3.360
stderr:

[2026-07-15T18:04:54.424877+00:00] e000362 /home/bob/src/mess/.maw/workspaces/bn-1zv6/spikes/pwritev_group/target/release/pwritev_group point-auto pwritev_full_8m process 24 1000 2 2 new_name 0
stdout:
variant,mode,payload,events_per_batch,owner_units,physical_batches,writers,chain,unit_shape,iterations,stop_reason,events,domain_events,bytes,write_syscalls,short_writes,interrupted,max_iovecs,copied_bytes,barriers,cpu_ns,wall_ns,p50_ns,p95_ns,p99_ns,load1_before,load1_after
pwritev_full_8m,process,24,1000,2,4,2,0,new_name,322,bytes,644644,644000,33634832,322,0,0,4,0,0,2131071,2147489,6060,9230,12190,3.360,3.360
stderr:

[2026-07-15T18:04:55.456627+00:00] e000363 /home/bob/src/mess/.maw/workspaces/bn-1zv6/spikes/pwritev_group/target/release/pwritev_group point-auto pwritev_full_8m process 24 1000 2 2 new_name 0
stdout:
variant,mode,payload,events_per_batch,owner_units,physical_batches,writers,chain,unit_shape,iterations,stop_reason,events,domain_events,bytes,write_syscalls,short_writes,interrupted,max_iovecs,copied_bytes,barriers,cpu_ns,wall_ns,p50_ns,p95_ns,p99_ns,load1_before,load1_after
pwritev_full_8m,process,24,1000,2,4,2,0,new_name,322,bytes,644644,644000,33634832,322,0,0,4,0,0,1993620,2025059,5790,7950,14079,3.360,3.360
stderr:

[2026-07-15T18:04:56.488225+00:00] e000364 /home/bob/src/mess/.maw/workspaces/bn-1zv6/spikes/pwritev_group/target/release/pwritev_group point-auto k_pwrite process 24 1000 2 2 new_name 0
stdout:
variant,mode,payload,events_per_batch,owner_units,physical_batches,writers,chain,unit_shape,iterations,stop_reason,events,domain_events,bytes,write_syscalls,short_writes,interrupted,max_iovecs,copied_bytes,barriers,cpu_ns,wall_ns,p50_ns,p95_ns,p99_ns,load1_before,load1_after
k_pwrite,process,24,1000,2,4,2,0,new_name,322,bytes,644644,644000,33634832,1288,0,0,0,0,0,3024371,3177268,8850,13860,25450,3.170,3.170
stderr:

[2026-07-15T18:04:57.515948+00:00] e000365 /home/bob/src/mess/.maw/workspaces/bn-1zv6/spikes/pwritev_group/target/release/pwritev_group point-auto copy_contiguous process 24 1000 2 2 new_name 0
stdout:
variant,mode,payload,events_per_batch,owner_units,physical_batches,writers,chain,unit_shape,iterations,stop_reason,events,domain_events,bytes,write_syscalls,short_writes,interrupted,max_iovecs,copied_bytes,barriers,cpu_ns,wall_ns,p50_ns,p95_ns,p99_ns,load1_before,load1_after
copy_contiguous,process,24,1000,2,4,2,0,new_name,322,bytes,644644,644000,33634832,322,0,0,0,33634832,0,2747061,2794968,8200,11930,15900,3.170,3.170
stderr:

[2026-07-15T18:04:58.544155+00:00] e000366 /home/bob/src/mess/.maw/workspaces/bn-1zv6/spikes/pwritev_group/target/release/pwritev_group point-auto k_pwrite process 24 1000 2 2 new_name 0
stdout:
variant,mode,payload,events_per_batch,owner_units,physical_batches,writers,chain,unit_shape,iterations,stop_reason,events,domain_events,bytes,write_syscalls,short_writes,interrupted,max_iovecs,copied_bytes,barriers,cpu_ns,wall_ns,p50_ns,p95_ns,p99_ns,load1_before,load1_after
k_pwrite,process,24,1000,2,4,2,0,new_name,322,bytes,644644,644000,33634832,1288,0,0,0,0,0,3025171,3047129,9020,11360,18560,3.170,3.170
stderr:

[2026-07-15T18:04:59.569614+00:00] e000367 /home/bob/src/mess/.maw/workspaces/bn-1zv6/spikes/pwritev_group/target/release/pwritev_group point-auto k_pwrite process 24 1000 2 2 new_name 0
stdout:
variant,mode,payload,events_per_batch,owner_units,physical_batches,writers,chain,unit_shape,iterations,stop_reason,events,domain_events,bytes,write_syscalls,short_writes,interrupted,max_iovecs,copied_bytes,barriers,cpu_ns,wall_ns,p50_ns,p95_ns,p99_ns,load1_before,load1_after
k_pwrite,process,24,1000,2,4,2,0,new_name,322,bytes,644644,644000,33634832,1288,0,0,0,0,0,3028121,3143108,8700,14010,29140,3.170,3.170
stderr:

[2026-07-15T18:05:00.601533+00:00] e000368 /home/bob/src/mess/.maw/workspaces/bn-1zv6/spikes/pwritev_group/target/release/pwritev_group point-auto copy_contiguous process 24 1000 2 2 new_name 0
stdout:
variant,mode,payload,events_per_batch,owner_units,physical_batches,writers,chain,unit_shape,iterations,stop_reason,events,domain_events,bytes,write_syscalls,short_writes,interrupted,max_iovecs,copied_bytes,barriers,cpu_ns,wall_ns,p50_ns,p95_ns,p99_ns,load1_before,load1_after
copy_contiguous,process,24,1000,2,4,2,0,new_name,322,bytes,644644,644000,33634832,322,0,0,0,33634832,0,2767590,2785879,8290,10010,17440,3.170,3.170
stderr:

[2026-07-15T18:05:01.632963+00:00] e000369 /home/bob/src/mess/.maw/workspaces/bn-1zv6/spikes/pwritev_group/target/release/pwritev_group point-auto k_pwrite process 24 1000 4 4 domain 0
stdout:
variant,mode,payload,events_per_batch,owner_units,physical_batches,writers,chain,unit_shape,iterations,stop_reason,events,domain_events,bytes,write_syscalls,short_writes,interrupted,max_iovecs,copied_bytes,barriers,cpu_ns,wall_ns,p50_ns,p95_ns,p99_ns,load1_before,load1_after
k_pwrite,process,24,1000,4,4,4,0,domain,162,bytes,648000,648000,33753024,648,0,0,0,0,0,3452591,3495408,20510,28710,31730,3.000,3.000
stderr:

[2026-07-15T18:05:02.662839+00:00] e000370 /home/bob/src/mess/.maw/workspaces/bn-1zv6/spikes/pwritev_group/target/release/pwritev_group point-auto pwritev_full_8m process 24 1000 4 4 domain 0
stdout:
variant,mode,payload,events_per_batch,owner_units,physical_batches,writers,chain,unit_shape,iterations,stop_reason,events,domain_events,bytes,write_syscalls,short_writes,interrupted,max_iovecs,copied_bytes,barriers,cpu_ns,wall_ns,p50_ns,p95_ns,p99_ns,load1_before,load1_after
pwritev_full_8m,process,24,1000,4,4,4,0,domain,162,bytes,648000,648000,33753024,162,0,0,4,0,0,2228771,2247429,13440,16210,21150,3.000,3.000
stderr:

[2026-07-15T18:05:03.694871+00:00] e000371 /home/bob/src/mess/.maw/workspaces/bn-1zv6/spikes/pwritev_group/target/release/pwritev_group point-auto pwritev_full_8m process 24 1000 4 4 domain 0
stdout:
variant,mode,payload,events_per_batch,owner_units,physical_batches,writers,chain,unit_shape,iterations,stop_reason,events,domain_events,bytes,write_syscalls,short_writes,interrupted,max_iovecs,copied_bytes,barriers,cpu_ns,wall_ns,p50_ns,p95_ns,p99_ns,load1_before,load1_after
pwritev_full_8m,process,24,1000,4,4,4,0,domain,162,bytes,648000,648000,33753024,162,0,0,4,0,0,2188480,2200079,13210,16000,21960,3.000,3.000
stderr:

[2026-07-15T18:05:04.725939+00:00] e000372 /home/bob/src/mess/.maw/workspaces/bn-1zv6/spikes/pwritev_group/target/release/pwritev_group point-auto k_pwrite process 24 1000 4 4 domain 0
stdout:
variant,mode,payload,events_per_batch,owner_units,physical_batches,writers,chain,unit_shape,iterations,stop_reason,events,domain_events,bytes,write_syscalls,short_writes,interrupted,max_iovecs,copied_bytes,barriers,cpu_ns,wall_ns,p50_ns,p95_ns,p99_ns,load1_before,load1_after
k_pwrite,process,24,1000,4,4,4,0,domain,162,bytes,648000,648000,33753024,648,0,0,0,0,0,3474981,3496658,20900,24760,31350,3.000,3.000
stderr:

[2026-07-15T18:05:05.756981+00:00] e000373 /home/bob/src/mess/.maw/workspaces/bn-1zv6/spikes/pwritev_group/target/release/pwritev_group point-auto copy_contiguous process 24 1000 4 4 domain 0
stdout:
variant,mode,payload,events_per_batch,owner_units,physical_batches,writers,chain,unit_shape,iterations,stop_reason,events,domain_events,bytes,write_syscalls,short_writes,interrupted,max_iovecs,copied_bytes,barriers,cpu_ns,wall_ns,p50_ns,p95_ns,p99_ns,load1_before,load1_after
copy_contiguous,process,24,1000,4,4,4,0,domain,162,bytes,648000,648000,33753024,162,0,0,0,33753024,0,4547171,4587317,27480,34690,39040,3.000,3.000
stderr:

[2026-07-15T18:05:06.788620+00:00] e000374 /home/bob/src/mess/.maw/workspaces/bn-1zv6/spikes/pwritev_group/target/release/pwritev_group point-auto k_pwrite process 24 1000 4 4 domain 0
stdout:
variant,mode,payload,events_per_batch,owner_units,physical_batches,writers,chain,unit_shape,iterations,stop_reason,events,domain_events,bytes,write_syscalls,short_writes,interrupted,max_iovecs,copied_bytes,barriers,cpu_ns,wall_ns,p50_ns,p95_ns,p99_ns,load1_before,load1_after
k_pwrite,process,24,1000,4,4,4,0,domain,162,bytes,648000,648000,33753024,648,0,0,0,0,0,3400291,3425408,20090,26800,29730,3.000,3.000
stderr:

[2026-07-15T18:05:07.816092+00:00] e000375 /home/bob/src/mess/.maw/workspaces/bn-1zv6/spikes/pwritev_group/target/release/pwritev_group point-auto k_pwrite process 24 1000 4 4 domain 0
stdout:
variant,mode,payload,events_per_batch,owner_units,physical_batches,writers,chain,unit_shape,iterations,stop_reason,events,domain_events,bytes,write_syscalls,short_writes,interrupted,max_iovecs,copied_bytes,barriers,cpu_ns,wall_ns,p50_ns,p95_ns,p99_ns,load1_before,load1_after
k_pwrite,process,24,1000,4,4,4,0,domain,162,bytes,648000,648000,33753024,648,0,0,0,0,0,3335461,3359398,20210,23980,28140,3.000,3.000
stderr:

[2026-07-15T18:05:08.844763+00:00] e000376 /home/bob/src/mess/.maw/workspaces/bn-1zv6/spikes/pwritev_group/target/release/pwritev_group point-auto copy_contiguous process 24 1000 4 4 domain 0
stdout:
variant,mode,payload,events_per_batch,owner_units,physical_batches,writers,chain,unit_shape,iterations,stop_reason,events,domain_events,bytes,write_syscalls,short_writes,interrupted,max_iovecs,copied_bytes,barriers,cpu_ns,wall_ns,p50_ns,p95_ns,p99_ns,load1_before,load1_after
copy_contiguous,process,24,1000,4,4,4,0,domain,162,bytes,648000,648000,33753024,162,0,0,0,33753024,0,4693691,4894567,28550,34740,70010,3.000,3.000
stderr:

[2026-07-15T18:05:09.869612+00:00] e000377 /home/bob/src/mess/.maw/workspaces/bn-1zv6/spikes/pwritev_group/target/release/pwritev_group point-auto k_pwrite process 24 1000 4 4 new_name 0
stdout:
variant,mode,payload,events_per_batch,owner_units,physical_batches,writers,chain,unit_shape,iterations,stop_reason,events,domain_events,bytes,write_syscalls,short_writes,interrupted,max_iovecs,copied_bytes,barriers,cpu_ns,wall_ns,p50_ns,p95_ns,p99_ns,load1_before,load1_after
k_pwrite,process,24,1000,4,8,4,0,new_name,161,bytes,644644,644000,33634832,1288,0,0,0,0,0,4013421,4129858,23580,33020,36950,3.000,3.000
stderr:

[2026-07-15T18:05:10.900630+00:00] e000378 /home/bob/src/mess/.maw/workspaces/bn-1zv6/spikes/pwritev_group/target/release/pwritev_group point-auto pwritev_full_8m process 24 1000 4 4 new_name 0
stdout:
variant,mode,payload,events_per_batch,owner_units,physical_batches,writers,chain,unit_shape,iterations,stop_reason,events,domain_events,bytes,write_syscalls,short_writes,interrupted,max_iovecs,copied_bytes,barriers,cpu_ns,wall_ns,p50_ns,p95_ns,p99_ns,load1_before,load1_after
pwritev_full_8m,process,24,1000,4,8,4,0,new_name,161,bytes,644644,644000,33634832,161,0,0,8,0,0,2521981,2537708,14920,21900,24140,3.000,3.000
stderr:

[2026-07-15T18:05:11.930457+00:00] e000379 /home/bob/src/mess/.maw/workspaces/bn-1zv6/spikes/pwritev_group/target/release/pwritev_group point-auto pwritev_full_8m process 24 1000 4 4 new_name 0
stdout:
variant,mode,payload,events_per_batch,owner_units,physical_batches,writers,chain,unit_shape,iterations,stop_reason,events,domain_events,bytes,write_syscalls,short_writes,interrupted,max_iovecs,copied_bytes,barriers,cpu_ns,wall_ns,p50_ns,p95_ns,p99_ns,load1_before,load1_after
pwritev_full_8m,process,24,1000,4,8,4,0,new_name,161,bytes,644644,644000,33634832,161,0,0,8,0,0,2384781,2398848,13860,21640,23000,2.840,2.840
stderr:

[2026-07-15T18:05:12.961909+00:00] e000380 /home/bob/src/mess/.maw/workspaces/bn-1zv6/spikes/pwritev_group/target/release/pwritev_group point-auto k_pwrite process 24 1000 4 4 new_name 0
stdout:
variant,mode,payload,events_per_batch,owner_units,physical_batches,writers,chain,unit_shape,iterations,stop_reason,events,domain_events,bytes,write_syscalls,short_writes,interrupted,max_iovecs,copied_bytes,barriers,cpu_ns,wall_ns,p50_ns,p95_ns,p99_ns,load1_before,load1_after
k_pwrite,process,24,1000,4,8,4,0,new_name,161,bytes,644644,644000,33634832,1288,0,0,0,0,0,3918741,3962387,23590,29850,36310,2.840,2.840
stderr:

[2026-07-15T18:05:13.993209+00:00] e000381 /home/bob/src/mess/.maw/workspaces/bn-1zv6/spikes/pwritev_group/target/release/pwritev_group point-auto copy_contiguous process 24 1000 4 4 new_name 0
stdout:
variant,mode,payload,events_per_batch,owner_units,physical_batches,writers,chain,unit_shape,iterations,stop_reason,events,domain_events,bytes,write_syscalls,short_writes,interrupted,max_iovecs,copied_bytes,barriers,cpu_ns,wall_ns,p50_ns,p95_ns,p99_ns,load1_before,load1_after
copy_contiguous,process,24,1000,4,8,4,0,new_name,161,bytes,644644,644000,33634832,161,0,0,0,33634832,0,4794872,4820077,28970,36150,40120,2.840,2.840
stderr:

[2026-07-15T18:05:15.024187+00:00] e000382 /home/bob/src/mess/.maw/workspaces/bn-1zv6/spikes/pwritev_group/target/release/pwritev_group point-auto k_pwrite process 24 1000 4 4 new_name 0
stdout:
variant,mode,payload,events_per_batch,owner_units,physical_batches,writers,chain,unit_shape,iterations,stop_reason,events,domain_events,bytes,write_syscalls,short_writes,interrupted,max_iovecs,copied_bytes,barriers,cpu_ns,wall_ns,p50_ns,p95_ns,p99_ns,load1_before,load1_after
k_pwrite,process,24,1000,4,8,4,0,new_name,161,bytes,644644,644000,33634832,1288,0,0,0,0,0,3867481,3895347,23140,29880,33310,2.840,2.840
stderr:

[2026-07-15T18:05:16.054381+00:00] e000383 /home/bob/src/mess/.maw/workspaces/bn-1zv6/spikes/pwritev_group/target/release/pwritev_group point-auto k_pwrite process 24 1000 4 4 new_name 0
stdout:
variant,mode,payload,events_per_batch,owner_units,physical_batches,writers,chain,unit_shape,iterations,stop_reason,events,domain_events,bytes,write_syscalls,short_writes,interrupted,max_iovecs,copied_bytes,barriers,cpu_ns,wall_ns,p50_ns,p95_ns,p99_ns,load1_before,load1_after
k_pwrite,process,24,1000,4,8,4,0,new_name,161,bytes,644644,644000,33634832,1288,0,0,0,0,0,4132511,4161668,25070,32150,35100,2.840,2.840
stderr:

[2026-07-15T18:05:17.083290+00:00] e000384 /home/bob/src/mess/.maw/workspaces/bn-1zv6/spikes/pwritev_group/target/release/pwritev_group point-auto copy_contiguous process 24 1000 4 4 new_name 0
stdout:
variant,mode,payload,events_per_batch,owner_units,physical_batches,writers,chain,unit_shape,iterations,stop_reason,events,domain_events,bytes,write_syscalls,short_writes,interrupted,max_iovecs,copied_bytes,barriers,cpu_ns,wall_ns,p50_ns,p95_ns,p99_ns,load1_before,load1_after
copy_contiguous,process,24,1000,4,8,4,0,new_name,161,bytes,644644,644000,33634832,161,0,0,0,33634832,0,4939581,4983357,29770,37640,42690,2.690,2.690
stderr:

[2026-07-15T18:05:18.111221+00:00] e000385 /home/bob/src/mess/.maw/workspaces/bn-1zv6/spikes/pwritev_group/target/release/pwritev_group point-auto k_pwrite process 250 1 2 2 domain 0
stdout:
variant,mode,payload,events_per_batch,owner_units,physical_batches,writers,chain,unit_shape,iterations,stop_reason,events,domain_events,bytes,write_syscalls,short_writes,interrupted,max_iovecs,copied_bytes,barriers,cpu_ns,wall_ns,p50_ns,p95_ns,p99_ns,load1_before,load1_after
k_pwrite,process,250,1,2,2,2,0,domain,45840,bytes,91680,91680,33554880,91680,0,0,0,0,0,75437249,76131876,1480,1820,1970,2.690,2.690
stderr:

[2026-07-15T18:05:19.139991+00:00] e000386 /home/bob/src/mess/.maw/workspaces/bn-1zv6/spikes/pwritev_group/target/release/pwritev_group point-auto pwritev_full_8m process 250 1 2 2 domain 0
stdout:
variant,mode,payload,events_per_batch,owner_units,physical_batches,writers,chain,unit_shape,iterations,stop_reason,events,domain_events,bytes,write_syscalls,short_writes,interrupted,max_iovecs,copied_bytes,barriers,cpu_ns,wall_ns,p50_ns,p95_ns,p99_ns,load1_before,load1_after
pwritev_full_8m,process,250,1,2,2,2,0,domain,45840,bytes,91680,91680,33554880,45840,0,0,2,0,0,49710862,50120841,910,1160,1220,2.690,2.690
stderr:

[2026-07-15T18:05:20.171107+00:00] e000387 /home/bob/src/mess/.maw/workspaces/bn-1zv6/spikes/pwritev_group/target/release/pwritev_group point-auto pwritev_full_8m process 250 1 2 2 domain 0
stdout:
variant,mode,payload,events_per_batch,owner_units,physical_batches,writers,chain,unit_shape,iterations,stop_reason,events,domain_events,bytes,write_syscalls,short_writes,interrupted,max_iovecs,copied_bytes,barriers,cpu_ns,wall_ns,p50_ns,p95_ns,p99_ns,load1_before,load1_after
pwritev_full_8m,process,250,1,2,2,2,0,domain,45840,bytes,91680,91680,33554880,45840,0,0,2,0,0,47383602,49161911,900,1100,1210,2.690,2.690
stderr:

[2026-07-15T18:05:21.193591+00:00] e000388 /home/bob/src/mess/.maw/workspaces/bn-1zv6/spikes/pwritev_group/target/release/pwritev_group point-auto k_pwrite process 250 1 2 2 domain 0
stdout:
variant,mode,payload,events_per_batch,owner_units,physical_batches,writers,chain,unit_shape,iterations,stop_reason,events,domain_events,bytes,write_syscalls,short_writes,interrupted,max_iovecs,copied_bytes,barriers,cpu_ns,wall_ns,p50_ns,p95_ns,p99_ns,load1_before,load1_after
k_pwrite,process,250,1,2,2,2,0,domain,45840,bytes,91680,91680,33554880,91680,0,0,0,0,0,73426619,74081236,1480,1800,1960,2.690,2.690
stderr:

[2026-07-15T18:05:22.225990+00:00] e000389 /home/bob/src/mess/.maw/workspaces/bn-1zv6/spikes/pwritev_group/target/release/pwritev_group point-auto copy_contiguous process 250 1 2 2 domain 0
stdout:
variant,mode,payload,events_per_batch,owner_units,physical_batches,writers,chain,unit_shape,iterations,stop_reason,events,domain_events,bytes,write_syscalls,short_writes,interrupted,max_iovecs,copied_bytes,barriers,cpu_ns,wall_ns,p50_ns,p95_ns,p99_ns,load1_before,load1_after
copy_contiguous,process,250,1,2,2,2,0,domain,45840,bytes,91680,91680,33554880,45840,0,0,0,33554880,0,41515490,41883885,810,970,1070,2.630,2.630
stderr:

[2026-07-15T18:05:23.248060+00:00] e000390 /home/bob/src/mess/.maw/workspaces/bn-1zv6/spikes/pwritev_group/target/release/pwritev_group point-auto k_pwrite process 250 1 2 2 domain 0
stdout:
variant,mode,payload,events_per_batch,owner_units,physical_batches,writers,chain,unit_shape,iterations,stop_reason,events,domain_events,bytes,write_syscalls,short_writes,interrupted,max_iovecs,copied_bytes,barriers,cpu_ns,wall_ns,p50_ns,p95_ns,p99_ns,load1_before,load1_after
k_pwrite,process,250,1,2,2,2,0,domain,45840,bytes,91680,91680,33554880,91680,0,0,0,0,0,74135968,75161506,1480,1790,1940,2.630,2.630
stderr:

[2026-07-15T18:05:24.276073+00:00] e000391 /home/bob/src/mess/.maw/workspaces/bn-1zv6/spikes/pwritev_group/target/release/pwritev_group point-auto k_pwrite process 250 1 2 2 domain 0
stdout:
variant,mode,payload,events_per_batch,owner_units,physical_batches,writers,chain,unit_shape,iterations,stop_reason,events,domain_events,bytes,write_syscalls,short_writes,interrupted,max_iovecs,copied_bytes,barriers,cpu_ns,wall_ns,p50_ns,p95_ns,p99_ns,load1_before,load1_after
k_pwrite,process,250,1,2,2,2,0,domain,45840,bytes,91680,91680,33554880,91680,0,0,0,0,0,72401658,72940517,1490,1530,1830,2.630,2.630
stderr:

[2026-07-15T18:05:25.299600+00:00] e000392 /home/bob/src/mess/.maw/workspaces/bn-1zv6/spikes/pwritev_group/target/release/pwritev_group point-auto copy_contiguous process 250 1 2 2 domain 0
stdout:
variant,mode,payload,events_per_batch,owner_units,physical_batches,writers,chain,unit_shape,iterations,stop_reason,events,domain_events,bytes,write_syscalls,short_writes,interrupted,max_iovecs,copied_bytes,barriers,cpu_ns,wall_ns,p50_ns,p95_ns,p99_ns,load1_before,load1_after
copy_contiguous,process,250,1,2,2,2,0,domain,45840,bytes,91680,91680,33554880,45840,0,0,0,33554880,0,41253891,41621146,810,950,1040,2.630,2.630
stderr:

[2026-07-15T18:05:26.331449+00:00] e000393 /home/bob/src/mess/.maw/workspaces/bn-1zv6/spikes/pwritev_group/target/release/pwritev_group point-auto k_pwrite process 250 1 2 2 new_name 0
stdout:
variant,mode,payload,events_per_batch,owner_units,physical_batches,writers,chain,unit_shape,iterations,stop_reason,events,domain_events,bytes,write_syscalls,short_writes,interrupted,max_iovecs,copied_bytes,barriers,cpu_ns,wall_ns,p50_ns,p95_ns,p99_ns,load1_before,load1_after
k_pwrite,process,250,1,2,4,2,0,new_name,33157,bytes,132628,66314,33554884,132628,0,0,0,0,0,107158527,108528636,2950,3770,3880,2.630,2.660
stderr:

[2026-07-15T18:05:27.362479+00:00] e000394 /home/bob/src/mess/.maw/workspaces/bn-1zv6/spikes/pwritev_group/target/release/pwritev_group point-auto pwritev_full_8m process 250 1 2 2 new_name 0
stdout:
variant,mode,payload,events_per_batch,owner_units,physical_batches,writers,chain,unit_shape,iterations,stop_reason,events,domain_events,bytes,write_syscalls,short_writes,interrupted,max_iovecs,copied_bytes,barriers,cpu_ns,wall_ns,p50_ns,p95_ns,p99_ns,load1_before,load1_after
pwritev_full_8m,process,250,1,2,4,2,0,new_name,33157,bytes,132628,66314,33554884,33157,0,0,4,0,0,37482399,37750767,980,1180,1290,2.660,2.660
stderr:

[2026-07-15T18:05:28.393608+00:00] e000395 /home/bob/src/mess/.maw/workspaces/bn-1zv6/spikes/pwritev_group/target/release/pwritev_group point-auto pwritev_full_8m process 250 1 2 2 new_name 0
stdout:
variant,mode,payload,events_per_batch,owner_units,physical_batches,writers,chain,unit_shape,iterations,stop_reason,events,domain_events,bytes,write_syscalls,short_writes,interrupted,max_iovecs,copied_bytes,barriers,cpu_ns,wall_ns,p50_ns,p95_ns,p99_ns,load1_before,load1_after
pwritev_full_8m,process,250,1,2,4,2,0,new_name,33157,bytes,132628,66314,33554884,33157,0,0,4,0,0,36662170,36954829,980,1210,1310,2.660,2.660
stderr:

[2026-07-15T18:05:29.425646+00:00] e000396 /home/bob/src/mess/.maw/workspaces/bn-1zv6/spikes/pwritev_group/target/release/pwritev_group point-auto k_pwrite process 250 1 2 2 new_name 0
stdout:
variant,mode,payload,events_per_batch,owner_units,physical_batches,writers,chain,unit_shape,iterations,stop_reason,events,domain_events,bytes,write_syscalls,short_writes,interrupted,max_iovecs,copied_bytes,barriers,cpu_ns,wall_ns,p50_ns,p95_ns,p99_ns,load1_before,load1_after
k_pwrite,process,250,1,2,4,2,0,new_name,33157,bytes,132628,66314,33554884,132628,0,0,0,0,0,101850396,102605290,2890,3400,3780,2.660,2.660
stderr:

[2026-07-15T18:05:30.457528+00:00] e000397 /home/bob/src/mess/.maw/workspaces/bn-1zv6/spikes/pwritev_group/target/release/pwritev_group point-auto copy_contiguous process 250 1 2 2 new_name 0
stdout:
variant,mode,payload,events_per_batch,owner_units,physical_batches,writers,chain,unit_shape,iterations,stop_reason,events,domain_events,bytes,write_syscalls,short_writes,interrupted,max_iovecs,copied_bytes,barriers,cpu_ns,wall_ns,p50_ns,p95_ns,p99_ns,load1_before,load1_after
copy_contiguous,process,250,1,2,4,2,0,new_name,33157,bytes,132628,66314,33554884,33157,0,0,0,33554884,0,30620767,30829622,830,970,1030,2.660,2.660
stderr:

[2026-07-15T18:05:31.479315+00:00] e000398 /home/bob/src/mess/.maw/workspaces/bn-1zv6/spikes/pwritev_group/target/release/pwritev_group point-auto k_pwrite process 250 1 2 2 new_name 0
stdout:
variant,mode,payload,events_per_batch,owner_units,physical_batches,writers,chain,unit_shape,iterations,stop_reason,events,domain_events,bytes,write_syscalls,short_writes,interrupted,max_iovecs,copied_bytes,barriers,cpu_ns,wall_ns,p50_ns,p95_ns,p99_ns,load1_before,load1_after
k_pwrite,process,250,1,2,4,2,0,new_name,33157,bytes,132628,66314,33554884,132628,0,0,0,0,0,102380484,103411659,2920,3570,3850,2.530,2.530
stderr:

[2026-07-15T18:05:32.504597+00:00] e000399 /home/bob/src/mess/.maw/workspaces/bn-1zv6/spikes/pwritev_group/target/release/pwritev_group point-auto k_pwrite process 250 1 2 2 new_name 0
stdout:
variant,mode,payload,events_per_batch,owner_units,physical_batches,writers,chain,unit_shape,iterations,stop_reason,events,domain_events,bytes,write_syscalls,short_writes,interrupted,max_iovecs,copied_bytes,barriers,cpu_ns,wall_ns,p50_ns,p95_ns,p99_ns,load1_before,load1_after
k_pwrite,process,250,1,2,4,2,0,new_name,33157,bytes,132628,66314,33554884,132628,0,0,0,0,0,105316348,109426126,2930,3620,4000,2.530,2.530
stderr:

[2026-07-15T18:05:33.538360+00:00] e000400 /home/bob/src/mess/.maw/workspaces/bn-1zv6/spikes/pwritev_group/target/release/pwritev_group point-auto copy_contiguous process 250 1 2 2 new_name 0
stdout:
variant,mode,payload,events_per_batch,owner_units,physical_batches,writers,chain,unit_shape,iterations,stop_reason,events,domain_events,bytes,write_syscalls,short_writes,interrupted,max_iovecs,copied_bytes,barriers,cpu_ns,wall_ns,p50_ns,p95_ns,p99_ns,load1_before,load1_after
copy_contiguous,process,250,1,2,4,2,0,new_name,33157,bytes,132628,66314,33554884,33157,0,0,0,33554884,0,31946708,32157301,830,990,1120,2.530,2.530
stderr:

[2026-07-15T18:05:34.569615+00:00] e000401 /home/bob/src/mess/.maw/workspaces/bn-1zv6/spikes/pwritev_group/target/release/pwritev_group point-auto k_pwrite process 250 1 4 4 domain 0
stdout:
variant,mode,payload,events_per_batch,owner_units,physical_batches,writers,chain,unit_shape,iterations,stop_reason,events,domain_events,bytes,write_syscalls,short_writes,interrupted,max_iovecs,copied_bytes,barriers,cpu_ns,wall_ns,p50_ns,p95_ns,p99_ns,load1_before,load1_after
k_pwrite,process,250,1,4,4,4,0,domain,22920,bytes,91680,91680,33554880,91680,0,0,0,0,0,73311227,74646286,2940,3590,3970,2.530,2.530
stderr:

[2026-07-15T18:05:35.592370+00:00] e000402 /home/bob/src/mess/.maw/workspaces/bn-1zv6/spikes/pwritev_group/target/release/pwritev_group point-auto pwritev_full_8m process 250 1 4 4 domain 0
stdout:
variant,mode,payload,events_per_batch,owner_units,physical_batches,writers,chain,unit_shape,iterations,stop_reason,events,domain_events,bytes,write_syscalls,short_writes,interrupted,max_iovecs,copied_bytes,barriers,cpu_ns,wall_ns,p50_ns,p95_ns,p99_ns,load1_before,load1_after
pwritev_full_8m,process,250,1,4,4,4,0,domain,22920,bytes,91680,91680,33554880,22920,0,0,4,0,0,27261587,27492384,1000,1160,3780,2.530,2.530
stderr:

[2026-07-15T18:05:36.615268+00:00] e000403 /home/bob/src/mess/.maw/workspaces/bn-1zv6/spikes/pwritev_group/target/release/pwritev_group point-auto pwritev_full_8m process 250 1 4 4 domain 0
stdout:
variant,mode,payload,events_per_batch,owner_units,physical_batches,writers,chain,unit_shape,iterations,stop_reason,events,domain_events,bytes,write_syscalls,short_writes,interrupted,max_iovecs,copied_bytes,barriers,cpu_ns,wall_ns,p50_ns,p95_ns,p99_ns,load1_before,load1_after
pwritev_full_8m,process,250,1,4,4,4,0,domain,22920,bytes,91680,91680,33554880,22920,0,0,4,0,0,28091667,28350404,1020,1200,1370,2.330,2.330
stderr:

[2026-07-15T18:05:37.643611+00:00] e000404 /home/bob/src/mess/.maw/workspaces/bn-1zv6/spikes/pwritev_group/target/release/pwritev_group point-auto k_pwrite process 250 1 4 4 domain 0
stdout:
variant,mode,payload,events_per_batch,owner_units,physical_batches,writers,chain,unit_shape,iterations,stop_reason,events,domain_events,bytes,write_syscalls,short_writes,interrupted,max_iovecs,copied_bytes,barriers,cpu_ns,wall_ns,p50_ns,p95_ns,p99_ns,load1_before,load1_after
k_pwrite,process,250,1,4,4,4,0,domain,22920,bytes,91680,91680,33554880,91680,0,0,0,0,0,71022688,73645197,2920,3680,4020,2.330,2.330
stderr:

[2026-07-15T18:05:38.666878+00:00] e000405 /home/bob/src/mess/.maw/workspaces/bn-1zv6/spikes/pwritev_group/target/release/pwritev_group point-auto copy_contiguous process 250 1 4 4 domain 0
stdout:
variant,mode,payload,events_per_batch,owner_units,physical_batches,writers,chain,unit_shape,iterations,stop_reason,events,domain_events,bytes,write_syscalls,short_writes,interrupted,max_iovecs,copied_bytes,barriers,cpu_ns,wall_ns,p50_ns,p95_ns,p99_ns,load1_before,load1_after
copy_contiguous,process,250,1,4,4,4,0,domain,22920,bytes,91680,91680,33554880,22920,0,0,0,33554880,0,22038155,22203447,830,1010,1980,2.330,2.330
stderr:

[2026-07-15T18:05:39.690642+00:00] e000406 /home/bob/src/mess/.maw/workspaces/bn-1zv6/spikes/pwritev_group/target/release/pwritev_group point-auto k_pwrite process 250 1 4 4 domain 0
stdout:
variant,mode,payload,events_per_batch,owner_units,physical_batches,writers,chain,unit_shape,iterations,stop_reason,events,domain_events,bytes,write_syscalls,short_writes,interrupted,max_iovecs,copied_bytes,barriers,cpu_ns,wall_ns,p50_ns,p95_ns,p99_ns,load1_before,load1_after
k_pwrite,process,250,1,4,4,4,0,domain,22920,bytes,91680,91680,33554880,91680,0,0,0,0,0,69906668,70393989,2910,3460,3730,2.330,2.330
stderr:

[2026-07-15T18:05:40.711909+00:00] e000407 /home/bob/src/mess/.maw/workspaces/bn-1zv6/spikes/pwritev_group/target/release/pwritev_group point-auto k_pwrite process 250 1 4 4 domain 0
stdout:
variant,mode,payload,events_per_batch,owner_units,physical_batches,writers,chain,unit_shape,iterations,stop_reason,events,domain_events,bytes,write_syscalls,short_writes,interrupted,max_iovecs,copied_bytes,barriers,cpu_ns,wall_ns,p50_ns,p95_ns,p99_ns,load1_before,load1_after
k_pwrite,process,250,1,4,4,4,0,domain,22920,bytes,91680,91680,33554880,91680,0,0,0,0,0,72675738,73246947,2930,3720,4030,2.330,2.330
stderr:

[2026-07-15T18:05:41.736935+00:00] e000408 /home/bob/src/mess/.maw/workspaces/bn-1zv6/spikes/pwritev_group/target/release/pwritev_group point-auto copy_contiguous process 250 1 4 4 domain 0
stdout:
variant,mode,payload,events_per_batch,owner_units,physical_batches,writers,chain,unit_shape,iterations,stop_reason,events,domain_events,bytes,write_syscalls,short_writes,interrupted,max_iovecs,copied_bytes,barriers,cpu_ns,wall_ns,p50_ns,p95_ns,p99_ns,load1_before,load1_after
copy_contiguous,process,250,1,4,4,4,0,domain,22920,bytes,91680,91680,33554880,22920,0,0,0,33554880,0,21842085,22032917,840,1060,1150,2.380,2.380
stderr:

[2026-07-15T18:05:42.767190+00:00] e000409 /home/bob/src/mess/.maw/workspaces/bn-1zv6/spikes/pwritev_group/target/release/pwritev_group point-auto k_pwrite process 250 1 4 4 new_name 0
stdout:
variant,mode,payload,events_per_batch,owner_units,physical_batches,writers,chain,unit_shape,iterations,stop_reason,events,domain_events,bytes,write_syscalls,short_writes,interrupted,max_iovecs,copied_bytes,barriers,cpu_ns,wall_ns,p50_ns,p95_ns,p99_ns,load1_before,load1_after
k_pwrite,process,250,1,4,8,4,0,new_name,16579,bytes,132632,66316,33555896,132632,0,0,0,0,0,100054055,100977621,5770,7460,7980,2.380,2.380
stderr:

[2026-07-15T18:05:43.797542+00:00] e000410 /home/bob/src/mess/.maw/workspaces/bn-1zv6/spikes/pwritev_group/target/release/pwritev_group point-auto pwritev_full_8m process 250 1 4 4 new_name 0
stdout:
variant,mode,payload,events_per_batch,owner_units,physical_batches,writers,chain,unit_shape,iterations,stop_reason,events,domain_events,bytes,write_syscalls,short_writes,interrupted,max_iovecs,copied_bytes,barriers,cpu_ns,wall_ns,p50_ns,p95_ns,p99_ns,load1_before,load1_after
pwritev_full_8m,process,250,1,4,8,4,0,new_name,16579,bytes,132632,66316,33555896,16579,0,0,8,0,0,21955886,22162567,1150,1410,3000,2.380,2.380
stderr:

[2026-07-15T18:05:44.827700+00:00] e000411 /home/bob/src/mess/.maw/workspaces/bn-1zv6/spikes/pwritev_group/target/release/pwritev_group point-auto pwritev_full_8m process 250 1 4 4 new_name 0
stdout:
variant,mode,payload,events_per_batch,owner_units,physical_batches,writers,chain,unit_shape,iterations,stop_reason,events,domain_events,bytes,write_syscalls,short_writes,interrupted,max_iovecs,copied_bytes,barriers,cpu_ns,wall_ns,p50_ns,p95_ns,p99_ns,load1_before,load1_after
pwritev_full_8m,process,250,1,4,8,4,0,new_name,16579,bytes,132632,66316,33555896,16579,0,0,8,0,0,20628505,20788217,1160,1200,1450,2.380,2.380
stderr:

[2026-07-15T18:05:45.849569+00:00] e000412 /home/bob/src/mess/.maw/workspaces/bn-1zv6/spikes/pwritev_group/target/release/pwritev_group point-auto k_pwrite process 250 1 4 4 new_name 0
stdout:
variant,mode,payload,events_per_batch,owner_units,physical_batches,writers,chain,unit_shape,iterations,stop_reason,events,domain_events,bytes,write_syscalls,short_writes,interrupted,max_iovecs,copied_bytes,barriers,cpu_ns,wall_ns,p50_ns,p95_ns,p99_ns,load1_before,load1_after
k_pwrite,process,250,1,4,8,4,0,new_name,16579,bytes,132632,66316,33555896,132632,0,0,0,0,0,100000236,100793491,5740,7550,9830,2.380,2.380
stderr:

[2026-07-15T18:05:46.871585+00:00] e000413 /home/bob/src/mess/.maw/workspaces/bn-1zv6/spikes/pwritev_group/target/release/pwritev_group point-auto copy_contiguous process 250 1 4 4 new_name 0
stdout:
variant,mode,payload,events_per_batch,owner_units,physical_batches,writers,chain,unit_shape,iterations,stop_reason,events,domain_events,bytes,write_syscalls,short_writes,interrupted,max_iovecs,copied_bytes,barriers,cpu_ns,wall_ns,p50_ns,p95_ns,p99_ns,load1_before,load1_after
copy_contiguous,process,250,1,4,8,4,0,new_name,16579,bytes,132632,66316,33555896,16579,0,0,0,33555896,0,16325575,16452790,870,1100,1180,2.270,2.270
stderr:

[2026-07-15T18:05:47.900430+00:00] e000414 /home/bob/src/mess/.maw/workspaces/bn-1zv6/spikes/pwritev_group/target/release/pwritev_group point-auto k_pwrite process 250 1 4 4 new_name 0
stdout:
variant,mode,payload,events_per_batch,owner_units,physical_batches,writers,chain,unit_shape,iterations,stop_reason,events,domain_events,bytes,write_syscalls,short_writes,interrupted,max_iovecs,copied_bytes,barriers,cpu_ns,wall_ns,p50_ns,p95_ns,p99_ns,load1_before,load1_after
k_pwrite,process,250,1,4,8,4,0,new_name,16579,bytes,132632,66316,33555896,132632,0,0,0,0,0,101217036,102793099,5770,6690,13450,2.270,2.270
stderr:

[2026-07-15T18:05:48.929104+00:00] e000415 /home/bob/src/mess/.maw/workspaces/bn-1zv6/spikes/pwritev_group/target/release/pwritev_group point-auto k_pwrite process 250 1 4 4 new_name 0
stdout:
variant,mode,payload,events_per_batch,owner_units,physical_batches,writers,chain,unit_shape,iterations,stop_reason,events,domain_events,bytes,write_syscalls,short_writes,interrupted,max_iovecs,copied_bytes,barriers,cpu_ns,wall_ns,p50_ns,p95_ns,p99_ns,load1_before,load1_after
k_pwrite,process,250,1,4,8,4,0,new_name,16579,bytes,132632,66316,33555896,132632,0,0,0,0,0,102557206,103537089,5790,7230,13190,2.270,2.270
stderr:

[2026-07-15T18:05:49.960604+00:00] e000416 /home/bob/src/mess/.maw/workspaces/bn-1zv6/spikes/pwritev_group/target/release/pwritev_group point-auto copy_contiguous process 250 1 4 4 new_name 0
stdout:
variant,mode,payload,events_per_batch,owner_units,physical_batches,writers,chain,unit_shape,iterations,stop_reason,events,domain_events,bytes,write_syscalls,short_writes,interrupted,max_iovecs,copied_bytes,barriers,cpu_ns,wall_ns,p50_ns,p95_ns,p99_ns,load1_before,load1_after
copy_contiguous,process,250,1,4,8,4,0,new_name,16579,bytes,132632,66316,33555896,16579,0,0,0,33555896,0,15738394,15850180,870,960,1120,2.270,2.270
stderr:

[2026-07-15T18:05:50.983270+00:00] e000417 /home/bob/src/mess/.maw/workspaces/bn-1zv6/spikes/pwritev_group/target/release/pwritev_group point-auto k_pwrite process 250 10 2 2 domain 0
stdout:
variant,mode,payload,events_per_batch,owner_units,physical_batches,writers,chain,unit_shape,iterations,stop_reason,events,domain_events,bytes,write_syscalls,short_writes,interrupted,max_iovecs,copied_bytes,barriers,cpu_ns,wall_ns,p50_ns,p95_ns,p99_ns,load1_before,load1_after
k_pwrite,process,250,10,2,2,2,0,domain,5850,bytes,117000,117000,33555600,11700,0,0,0,0,0,11897233,12009683,1910,2330,2590,2.270,2.270
stderr:

[2026-07-15T18:05:52.004940+00:00] e000418 /home/bob/src/mess/.maw/workspaces/bn-1zv6/spikes/pwritev_group/target/release/pwritev_group point-auto pwritev_full_8m process 250 10 2 2 domain 0
stdout:
variant,mode,payload,events_per_batch,owner_units,physical_batches,writers,chain,unit_shape,iterations,stop_reason,events,domain_events,bytes,write_syscalls,short_writes,interrupted,max_iovecs,copied_bytes,barriers,cpu_ns,wall_ns,p50_ns,p95_ns,p99_ns,load1_before,load1_after
pwritev_full_8m,process,250,10,2,2,2,0,domain,5850,bytes,117000,117000,33555600,5850,0,0,2,0,0,8511292,8604565,1350,1580,1780,2.330,2.330
stderr:

[2026-07-15T18:05:53.037376+00:00] e000419 /home/bob/src/mess/.maw/workspaces/bn-1zv6/spikes/pwritev_group/target/release/pwritev_group point-auto pwritev_full_8m process 250 10 2 2 domain 0
stdout:
variant,mode,payload,events_per_batch,owner_units,physical_batches,writers,chain,unit_shape,iterations,stop_reason,events,domain_events,bytes,write_syscalls,short_writes,interrupted,max_iovecs,copied_bytes,barriers,cpu_ns,wall_ns,p50_ns,p95_ns,p99_ns,load1_before,load1_after
pwritev_full_8m,process,250,10,2,2,2,0,domain,5850,bytes,117000,117000,33555600,5850,0,0,2,0,0,8736453,8817114,1350,1580,1740,2.330,2.330
stderr:

[2026-07-15T18:05:54.062428+00:00] e000420 /home/bob/src/mess/.maw/workspaces/bn-1zv6/spikes/pwritev_group/target/release/pwritev_group point-auto k_pwrite process 250 10 2 2 domain 0
stdout:
variant,mode,payload,events_per_batch,owner_units,physical_batches,writers,chain,unit_shape,iterations,stop_reason,events,domain_events,bytes,write_syscalls,short_writes,interrupted,max_iovecs,copied_bytes,barriers,cpu_ns,wall_ns,p50_ns,p95_ns,p99_ns,load1_before,load1_after
k_pwrite,process,250,10,2,2,2,0,domain,5850,bytes,117000,117000,33555600,11700,0,0,0,0,0,12000913,12221183,1930,2380,2720,2.330,2.330
stderr:

[2026-07-15T18:05:55.092820+00:00] e000421 /home/bob/src/mess/.maw/workspaces/bn-1zv6/spikes/pwritev_group/target/release/pwritev_group point-auto copy_contiguous process 250 10 2 2 domain 0
stdout:
variant,mode,payload,events_per_batch,owner_units,physical_batches,writers,chain,unit_shape,iterations,stop_reason,events,domain_events,bytes,write_syscalls,short_writes,interrupted,max_iovecs,copied_bytes,barriers,cpu_ns,wall_ns,p50_ns,p95_ns,p99_ns,load1_before,load1_after
copy_contiguous,process,250,10,2,2,2,0,domain,5850,bytes,117000,117000,33555600,5850,0,0,0,33555600,0,8247693,8319335,1280,1720,1890,2.330,2.330
stderr:

[2026-07-15T18:05:56.121217+00:00] e000422 /home/bob/src/mess/.maw/workspaces/bn-1zv6/spikes/pwritev_group/target/release/pwritev_group point-auto k_pwrite process 250 10 2 2 domain 0
stdout:
variant,mode,payload,events_per_batch,owner_units,physical_batches,writers,chain,unit_shape,iterations,stop_reason,events,domain_events,bytes,write_syscalls,short_writes,interrupted,max_iovecs,copied_bytes,barriers,cpu_ns,wall_ns,p50_ns,p95_ns,p99_ns,load1_before,load1_after
k_pwrite,process,250,10,2,2,2,0,domain,5850,bytes,117000,117000,33555600,11700,0,0,0,0,0,11986643,12099343,1930,2340,2740,2.330,2.330
stderr:

[2026-07-15T18:05:57.149539+00:00] e000423 /home/bob/src/mess/.maw/workspaces/bn-1zv6/spikes/pwritev_group/target/release/pwritev_group point-auto k_pwrite process 250 10 2 2 domain 0
stdout:
variant,mode,payload,events_per_batch,owner_units,physical_batches,writers,chain,unit_shape,iterations,stop_reason,events,domain_events,bytes,write_syscalls,short_writes,interrupted,max_iovecs,copied_bytes,barriers,cpu_ns,wall_ns,p50_ns,p95_ns,p99_ns,load1_before,load1_after
k_pwrite,process,250,10,2,2,2,0,domain,5850,bytes,117000,117000,33555600,11700,0,0,0,0,0,11768653,11963254,1910,2240,2510,2.620,2.620
stderr:

[2026-07-15T18:05:58.175527+00:00] e000424 /home/bob/src/mess/.maw/workspaces/bn-1zv6/spikes/pwritev_group/target/release/pwritev_group point-auto copy_contiguous process 250 10 2 2 domain 0
stdout:
variant,mode,payload,events_per_batch,owner_units,physical_batches,writers,chain,unit_shape,iterations,stop_reason,events,domain_events,bytes,write_syscalls,short_writes,interrupted,max_iovecs,copied_bytes,barriers,cpu_ns,wall_ns,p50_ns,p95_ns,p99_ns,load1_before,load1_after
copy_contiguous,process,250,10,2,2,2,0,domain,5850,bytes,117000,117000,33555600,5850,0,0,0,33555600,0,7985392,8063955,1260,1450,1680,2.620,2.620
stderr:

[2026-07-15T18:05:59.199055+00:00] e000425 /home/bob/src/mess/.maw/workspaces/bn-1zv6/spikes/pwritev_group/target/release/pwritev_group point-auto k_pwrite process 250 10 2 2 new_name 0
stdout:
variant,mode,payload,events_per_batch,owner_units,physical_batches,writers,chain,unit_shape,iterations,stop_reason,events,domain_events,bytes,write_syscalls,short_writes,interrupted,max_iovecs,copied_bytes,barriers,cpu_ns,wall_ns,p50_ns,p95_ns,p99_ns,load1_before,load1_after
k_pwrite,process,250,10,2,4,2,0,new_name,5578,bytes,122716,111560,33557248,22312,0,0,0,0,0,19297005,19422208,3360,3620,4270,2.620,2.620
stderr:

[2026-07-15T18:06:00.233376+00:00] e000426 /home/bob/src/mess/.maw/workspaces/bn-1zv6/spikes/pwritev_group/target/release/pwritev_group point-auto pwritev_full_8m process 250 10 2 2 new_name 0
stdout:
variant,mode,payload,events_per_batch,owner_units,physical_batches,writers,chain,unit_shape,iterations,stop_reason,events,domain_events,bytes,write_syscalls,short_writes,interrupted,max_iovecs,copied_bytes,barriers,cpu_ns,wall_ns,p50_ns,p95_ns,p99_ns,load1_before,load1_after
pwritev_full_8m,process,250,10,2,4,2,0,new_name,5578,bytes,122716,111560,33557248,5578,0,0,4,0,0,8524823,8583555,1440,1790,1880,2.620,2.620
stderr:

[2026-07-15T18:06:01.257487+00:00] e000427 /home/bob/src/mess/.maw/workspaces/bn-1zv6/spikes/pwritev_group/target/release/pwritev_group point-auto pwritev_full_8m process 250 10 2 2 new_name 0
stdout:
variant,mode,payload,events_per_batch,owner_units,physical_batches,writers,chain,unit_shape,iterations,stop_reason,events,domain_events,bytes,write_syscalls,short_writes,interrupted,max_iovecs,copied_bytes,barriers,cpu_ns,wall_ns,p50_ns,p95_ns,p99_ns,load1_before,load1_after
pwritev_full_8m,process,250,10,2,4,2,0,new_name,5578,bytes,122716,111560,33557248,5578,0,0,4,0,0,8453842,8525205,1420,1680,1790,2.620,2.620
stderr:

[2026-07-15T18:06:02.279583+00:00] e000428 /home/bob/src/mess/.maw/workspaces/bn-1zv6/spikes/pwritev_group/target/release/pwritev_group point-auto k_pwrite process 250 10 2 2 new_name 0
stdout:
variant,mode,payload,events_per_batch,owner_units,physical_batches,writers,chain,unit_shape,iterations,stop_reason,events,domain_events,bytes,write_syscalls,short_writes,interrupted,max_iovecs,copied_bytes,barriers,cpu_ns,wall_ns,p50_ns,p95_ns,p99_ns,load1_before,load1_after
k_pwrite,process,250,10,2,4,2,0,new_name,5578,bytes,122716,111560,33557248,22312,0,0,0,0,0,19911515,20098209,3390,4170,4440,2.730,2.730
stderr:

[2026-07-15T18:06:03.307985+00:00] e000429 /home/bob/src/mess/.maw/workspaces/bn-1zv6/spikes/pwritev_group/target/release/pwritev_group point-auto copy_contiguous process 250 10 2 2 new_name 0
stdout:
variant,mode,payload,events_per_batch,owner_units,physical_batches,writers,chain,unit_shape,iterations,stop_reason,events,domain_events,bytes,write_syscalls,short_writes,interrupted,max_iovecs,copied_bytes,barriers,cpu_ns,wall_ns,p50_ns,p95_ns,p99_ns,load1_before,load1_after
copy_contiguous,process,250,10,2,4,2,0,new_name,5578,bytes,122716,111560,33557248,5578,0,0,0,33557248,0,7964622,8056915,1310,1700,1770,2.730,2.730
stderr:

[2026-07-15T18:06:04.338806+00:00] e000430 /home/bob/src/mess/.maw/workspaces/bn-1zv6/spikes/pwritev_group/target/release/pwritev_group point-auto k_pwrite process 250 10 2 2 new_name 0
stdout:
variant,mode,payload,events_per_batch,owner_units,physical_batches,writers,chain,unit_shape,iterations,stop_reason,events,domain_events,bytes,write_syscalls,short_writes,interrupted,max_iovecs,copied_bytes,barriers,cpu_ns,wall_ns,p50_ns,p95_ns,p99_ns,load1_before,load1_after
k_pwrite,process,250,10,2,4,2,0,new_name,5578,bytes,122716,111560,33557248,22312,0,0,0,0,0,19769505,20011809,3350,4260,4310,2.730,2.730
stderr:

[2026-07-15T18:06:05.370792+00:00] e000431 /home/bob/src/mess/.maw/workspaces/bn-1zv6/spikes/pwritev_group/target/release/pwritev_group point-auto k_pwrite process 250 10 2 2 new_name 0
stdout:
variant,mode,payload,events_per_batch,owner_units,physical_batches,writers,chain,unit_shape,iterations,stop_reason,events,domain_events,bytes,write_syscalls,short_writes,interrupted,max_iovecs,copied_bytes,barriers,cpu_ns,wall_ns,p50_ns,p95_ns,p99_ns,load1_before,load1_after
k_pwrite,process,250,10,2,4,2,0,new_name,5578,bytes,122716,111560,33557248,22312,0,0,0,0,0,21859114,22667977,3360,4300,5360,2.730,2.730
stderr:

[2026-07-15T18:06:06.394405+00:00] e000432 /home/bob/src/mess/.maw/workspaces/bn-1zv6/spikes/pwritev_group/target/release/pwritev_group point-auto copy_contiguous process 250 10 2 2 new_name 0
stdout:
variant,mode,payload,events_per_batch,owner_units,physical_batches,writers,chain,unit_shape,iterations,stop_reason,events,domain_events,bytes,write_syscalls,short_writes,interrupted,max_iovecs,copied_bytes,barriers,cpu_ns,wall_ns,p50_ns,p95_ns,p99_ns,load1_before,load1_after
copy_contiguous,process,250,10,2,4,2,0,new_name,5578,bytes,122716,111560,33557248,5578,0,0,0,33557248,0,7839212,7922595,1280,1680,1820,2.920,2.920
stderr:

[2026-07-15T18:06:07.425405+00:00] e000433 /home/bob/src/mess/.maw/workspaces/bn-1zv6/spikes/pwritev_group/target/release/pwritev_group point-auto k_pwrite process 250 10 4 4 domain 0
stdout:
variant,mode,payload,events_per_batch,owner_units,physical_batches,writers,chain,unit_shape,iterations,stop_reason,events,domain_events,bytes,write_syscalls,short_writes,interrupted,max_iovecs,copied_bytes,barriers,cpu_ns,wall_ns,p50_ns,p95_ns,p99_ns,load1_before,load1_after
k_pwrite,process,250,10,4,4,4,0,domain,2925,bytes,117000,117000,33555600,11700,0,0,0,0,0,12039773,12136812,3820,4920,5110,2.920,2.920
stderr:

[2026-07-15T18:06:08.448073+00:00] e000434 /home/bob/src/mess/.maw/workspaces/bn-1zv6/spikes/pwritev_group/target/release/pwritev_group point-auto pwritev_full_8m process 250 10 4 4 domain 0
stdout:
variant,mode,payload,events_per_batch,owner_units,physical_batches,writers,chain,unit_shape,iterations,stop_reason,events,domain_events,bytes,write_syscalls,short_writes,interrupted,max_iovecs,copied_bytes,barriers,cpu_ns,wall_ns,p50_ns,p95_ns,p99_ns,load1_before,load1_after
pwritev_full_8m,process,250,10,4,4,4,0,domain,2925,bytes,117000,117000,33555600,2925,0,0,4,0,0,5719351,5763257,1850,2250,2610,2.920,2.920
stderr:

[2026-07-15T18:06:09.476426+00:00] e000435 /home/bob/src/mess/.maw/workspaces/bn-1zv6/spikes/pwritev_group/target/release/pwritev_group point-auto pwritev_full_8m process 250 10 4 4 domain 0
stdout:
variant,mode,payload,events_per_batch,owner_units,physical_batches,writers,chain,unit_shape,iterations,stop_reason,events,domain_events,bytes,write_syscalls,short_writes,interrupted,max_iovecs,copied_bytes,barriers,cpu_ns,wall_ns,p50_ns,p95_ns,p99_ns,load1_before,load1_after
pwritev_full_8m,process,250,10,4,4,4,0,domain,2925,bytes,117000,117000,33555600,2925,0,0,4,0,0,8359383,8561305,1860,2430,19060,2.920,2.920
stderr:

[2026-07-15T18:06:10.506410+00:00] e000436 /home/bob/src/mess/.maw/workspaces/bn-1zv6/spikes/pwritev_group/target/release/pwritev_group point-auto k_pwrite process 250 10 4 4 domain 0
stdout:
variant,mode,payload,events_per_batch,owner_units,physical_batches,writers,chain,unit_shape,iterations,stop_reason,events,domain_events,bytes,write_syscalls,short_writes,interrupted,max_iovecs,copied_bytes,barriers,cpu_ns,wall_ns,p50_ns,p95_ns,p99_ns,load1_before,load1_after
k_pwrite,process,250,10,4,4,4,0,domain,2925,bytes,117000,117000,33555600,11700,0,0,0,0,0,12553242,14384602,3850,5000,7480,2.920,2.920
stderr:

[2026-07-15T18:06:11.531011+00:00] e000437 /home/bob/src/mess/.maw/workspaces/bn-1zv6/spikes/pwritev_group/target/release/pwritev_group point-auto copy_contiguous process 250 10 4 4 domain 0
stdout:
variant,mode,payload,events_per_batch,owner_units,physical_batches,writers,chain,unit_shape,iterations,stop_reason,events,domain_events,bytes,write_syscalls,short_writes,interrupted,max_iovecs,copied_bytes,barriers,cpu_ns,wall_ns,p50_ns,p95_ns,p99_ns,load1_before,load1_after
copy_contiguous,process,250,10,4,4,4,0,domain,2925,bytes,117000,117000,33555600,2925,0,0,0,33555600,0,5669212,5714497,1830,2170,2420,3.080,3.080
stderr:

[2026-07-15T18:06:12.555534+00:00] e000438 /home/bob/src/mess/.maw/workspaces/bn-1zv6/spikes/pwritev_group/target/release/pwritev_group point-auto k_pwrite process 250 10 4 4 domain 0
stdout:
variant,mode,payload,events_per_batch,owner_units,physical_batches,writers,chain,unit_shape,iterations,stop_reason,events,domain_events,bytes,write_syscalls,short_writes,interrupted,max_iovecs,copied_bytes,barriers,cpu_ns,wall_ns,p50_ns,p95_ns,p99_ns,load1_before,load1_after
k_pwrite,process,250,10,4,4,4,0,domain,2925,bytes,117000,117000,33555600,11700,0,0,0,0,0,11932223,12041293,3800,4920,5880,3.080,3.080
stderr:

[2026-07-15T18:06:13.583800+00:00] e000439 /home/bob/src/mess/.maw/workspaces/bn-1zv6/spikes/pwritev_group/target/release/pwritev_group point-auto k_pwrite process 250 10 4 4 domain 0
stdout:
variant,mode,payload,events_per_batch,owner_units,physical_batches,writers,chain,unit_shape,iterations,stop_reason,events,domain_events,bytes,write_syscalls,short_writes,interrupted,max_iovecs,copied_bytes,barriers,cpu_ns,wall_ns,p50_ns,p95_ns,p99_ns,load1_before,load1_after
k_pwrite,process,250,10,4,4,4,0,domain,2925,bytes,117000,117000,33555600,11700,0,0,0,0,0,11553093,11669403,3800,4500,5130,3.080,3.080
stderr:

[2026-07-15T18:06:14.606683+00:00] e000440 /home/bob/src/mess/.maw/workspaces/bn-1zv6/spikes/pwritev_group/target/release/pwritev_group point-auto copy_contiguous process 250 10 4 4 domain 0
stdout:
variant,mode,payload,events_per_batch,owner_units,physical_batches,writers,chain,unit_shape,iterations,stop_reason,events,domain_events,bytes,write_syscalls,short_writes,interrupted,max_iovecs,copied_bytes,barriers,cpu_ns,wall_ns,p50_ns,p95_ns,p99_ns,load1_before,load1_after
copy_contiguous,process,250,10,4,4,4,0,domain,2925,bytes,117000,117000,33555600,2925,0,0,0,33555600,0,5659361,5691246,1830,2290,2440,3.080,3.080
stderr:

[2026-07-15T18:06:15.631091+00:00] e000441 /home/bob/src/mess/.maw/workspaces/bn-1zv6/spikes/pwritev_group/target/release/pwritev_group point-auto k_pwrite process 250 10 4 4 new_name 0
stdout:
variant,mode,payload,events_per_batch,owner_units,physical_batches,writers,chain,unit_shape,iterations,stop_reason,events,domain_events,bytes,write_syscalls,short_writes,interrupted,max_iovecs,copied_bytes,barriers,cpu_ns,wall_ns,p50_ns,p95_ns,p99_ns,load1_before,load1_after
k_pwrite,process,250,10,4,8,4,0,new_name,2789,bytes,122716,111560,33557248,22312,0,0,0,0,0,19554225,19738378,6610,8620,9450,3.080,3.080
stderr:

[2026-07-15T18:06:16.661216+00:00] e000442 /home/bob/src/mess/.maw/workspaces/bn-1zv6/spikes/pwritev_group/target/release/pwritev_group point-auto pwritev_full_8m process 250 10 4 4 new_name 0
stdout:
variant,mode,payload,events_per_batch,owner_units,physical_batches,writers,chain,unit_shape,iterations,stop_reason,events,domain_events,bytes,write_syscalls,short_writes,interrupted,max_iovecs,copied_bytes,barriers,cpu_ns,wall_ns,p50_ns,p95_ns,p99_ns,load1_before,load1_after
pwritev_full_8m,process,250,10,4,8,4,0,new_name,2789,bytes,122716,111560,33557248,2789,0,0,8,0,0,5986331,6041776,2030,2520,2650,3.080,3.080
stderr:

[2026-07-15T18:06:17.683537+00:00] e000443 /home/bob/src/mess/.maw/workspaces/bn-1zv6/spikes/pwritev_group/target/release/pwritev_group point-auto pwritev_full_8m process 250 10 4 4 new_name 0
stdout:
variant,mode,payload,events_per_batch,owner_units,physical_batches,writers,chain,unit_shape,iterations,stop_reason,events,domain_events,bytes,write_syscalls,short_writes,interrupted,max_iovecs,copied_bytes,barriers,cpu_ns,wall_ns,p50_ns,p95_ns,p99_ns,load1_before,load1_after
pwritev_full_8m,process,250,10,4,8,4,0,new_name,2789,bytes,122716,111560,33557248,2789,0,0,8,0,0,6016301,6062606,2040,2490,2650,3.080,3.080
stderr:

[2026-07-15T18:06:18.706492+00:00] e000444 /home/bob/src/mess/.maw/workspaces/bn-1zv6/spikes/pwritev_group/target/release/pwritev_group point-auto k_pwrite process 250 10 4 4 new_name 0
stdout:
variant,mode,payload,events_per_batch,owner_units,physical_batches,writers,chain,unit_shape,iterations,stop_reason,events,domain_events,bytes,write_syscalls,short_writes,interrupted,max_iovecs,copied_bytes,barriers,cpu_ns,wall_ns,p50_ns,p95_ns,p99_ns,load1_before,load1_after
k_pwrite,process,250,10,4,8,4,0,new_name,2789,bytes,122716,111560,33557248,22312,0,0,0,0,0,20102235,20386428,6640,8330,21520,3.080,3.080
stderr:

[2026-07-15T18:06:19.737460+00:00] e000445 /home/bob/src/mess/.maw/workspaces/bn-1zv6/spikes/pwritev_group/target/release/pwritev_group point-auto copy_contiguous process 250 10 4 4 new_name 0
stdout:
variant,mode,payload,events_per_batch,owner_units,physical_batches,writers,chain,unit_shape,iterations,stop_reason,events,domain_events,bytes,write_syscalls,short_writes,interrupted,max_iovecs,copied_bytes,barriers,cpu_ns,wall_ns,p50_ns,p95_ns,p99_ns,load1_before,load1_after
copy_contiguous,process,250,10,4,8,4,0,new_name,2789,bytes,122716,111560,33557248,2789,0,0,0,33557248,0,5761691,5822596,1880,2410,4160,3.080,3.080
stderr:

[2026-07-15T18:06:20.768276+00:00] e000446 /home/bob/src/mess/.maw/workspaces/bn-1zv6/spikes/pwritev_group/target/release/pwritev_group point-auto k_pwrite process 250 10 4 4 new_name 0
stdout:
variant,mode,payload,events_per_batch,owner_units,physical_batches,writers,chain,unit_shape,iterations,stop_reason,events,domain_events,bytes,write_syscalls,short_writes,interrupted,max_iovecs,copied_bytes,barriers,cpu_ns,wall_ns,p50_ns,p95_ns,p99_ns,load1_before,load1_after
k_pwrite,process,250,10,4,8,4,0,new_name,2789,bytes,122716,111560,33557248,22312,0,0,0,0,0,19588035,19761279,6620,8340,9960,3.080,3.080
stderr:

[2026-07-15T18:06:21.799338+00:00] e000447 /home/bob/src/mess/.maw/workspaces/bn-1zv6/spikes/pwritev_group/target/release/pwritev_group point-auto k_pwrite process 250 10 4 4 new_name 0
stdout:
variant,mode,payload,events_per_batch,owner_units,physical_batches,writers,chain,unit_shape,iterations,stop_reason,events,domain_events,bytes,write_syscalls,short_writes,interrupted,max_iovecs,copied_bytes,barriers,cpu_ns,wall_ns,p50_ns,p95_ns,p99_ns,load1_before,load1_after
k_pwrite,process,250,10,4,8,4,0,new_name,2789,bytes,122716,111560,33557248,22312,0,0,0,0,0,20395415,20764568,6670,8050,12000,2.830,2.830
stderr:

[2026-07-15T18:06:22.830124+00:00] e000448 /home/bob/src/mess/.maw/workspaces/bn-1zv6/spikes/pwritev_group/target/release/pwritev_group point-auto copy_contiguous process 250 10 4 4 new_name 0
stdout:
variant,mode,payload,events_per_batch,owner_units,physical_batches,writers,chain,unit_shape,iterations,stop_reason,events,domain_events,bytes,write_syscalls,short_writes,interrupted,max_iovecs,copied_bytes,barriers,cpu_ns,wall_ns,p50_ns,p95_ns,p99_ns,load1_before,load1_after
copy_contiguous,process,250,10,4,8,4,0,new_name,2789,bytes,122716,111560,33557248,2789,0,0,0,33557248,0,5613511,5681816,1880,2390,2580,2.830,2.830
stderr:

[2026-07-15T18:06:23.852861+00:00] e000449 /home/bob/src/mess/.maw/workspaces/bn-1zv6/spikes/pwritev_group/target/release/pwritev_group point-auto k_pwrite process 250 10 16 4 domain 0
stdout:
variant,mode,payload,events_per_batch,owner_units,physical_batches,writers,chain,unit_shape,iterations,stop_reason,events,domain_events,bytes,write_syscalls,short_writes,interrupted,max_iovecs,copied_bytes,barriers,cpu_ns,wall_ns,p50_ns,p95_ns,p99_ns,load1_before,load1_after
k_pwrite,process,250,10,16,16,4,0,domain,732,bytes,117120,117120,33590016,11712,0,0,0,0,0,12117123,12196883,16190,18830,28070,2.830,2.830
stderr:

[2026-07-15T18:06:24.876224+00:00] e000450 /home/bob/src/mess/.maw/workspaces/bn-1zv6/spikes/pwritev_group/target/release/pwritev_group point-auto pwritev_full_8m process 250 10 16 4 domain 0
stdout:
variant,mode,payload,events_per_batch,owner_units,physical_batches,writers,chain,unit_shape,iterations,stop_reason,events,domain_events,bytes,write_syscalls,short_writes,interrupted,max_iovecs,copied_bytes,barriers,cpu_ns,wall_ns,p50_ns,p95_ns,p99_ns,load1_before,load1_after
pwritev_full_8m,process,250,10,16,16,4,0,domain,732,bytes,117120,117120,33590016,732,0,0,16,0,0,3729491,3754318,4550,6670,12650,2.830,2.830
stderr:

[2026-07-15T18:06:25.907867+00:00] e000451 /home/bob/src/mess/.maw/workspaces/bn-1zv6/spikes/pwritev_group/target/release/pwritev_group point-auto pwritev_full_8m process 250 10 16 4 domain 0
stdout:
variant,mode,payload,events_per_batch,owner_units,physical_batches,writers,chain,unit_shape,iterations,stop_reason,events,domain_events,bytes,write_syscalls,short_writes,interrupted,max_iovecs,copied_bytes,barriers,cpu_ns,wall_ns,p50_ns,p95_ns,p99_ns,load1_before,load1_after
pwritev_full_8m,process,250,10,16,16,4,0,domain,732,bytes,117120,117120,33590016,732,0,0,16,0,0,3796151,3817467,4550,7310,16280,2.830,2.830
stderr:

[2026-07-15T18:06:26.932763+00:00] e000452 /home/bob/src/mess/.maw/workspaces/bn-1zv6/spikes/pwritev_group/target/release/pwritev_group point-auto k_pwrite process 250 10 16 4 domain 0
stdout:
variant,mode,payload,events_per_batch,owner_units,physical_batches,writers,chain,unit_shape,iterations,stop_reason,events,domain_events,bytes,write_syscalls,short_writes,interrupted,max_iovecs,copied_bytes,barriers,cpu_ns,wall_ns,p50_ns,p95_ns,p99_ns,load1_before,load1_after
k_pwrite,process,250,10,16,16,4,0,domain,732,bytes,117120,117120,33590016,11712,0,0,0,0,0,12690203,12791822,16290,20680,39290,2.760,2.760
stderr:

[2026-07-15T18:06:27.962582+00:00] e000453 /home/bob/src/mess/.maw/workspaces/bn-1zv6/spikes/pwritev_group/target/release/pwritev_group point-auto copy_contiguous process 250 10 16 4 domain 0
stdout:
variant,mode,payload,events_per_batch,owner_units,physical_batches,writers,chain,unit_shape,iterations,stop_reason,events,domain_events,bytes,write_syscalls,short_writes,interrupted,max_iovecs,copied_bytes,barriers,cpu_ns,wall_ns,p50_ns,p95_ns,p99_ns,load1_before,load1_after
copy_contiguous,process,250,10,16,16,4,0,domain,732,bytes,117120,117120,33590016,732,0,0,0,33590016,0,3500650,3548518,4660,4740,6580,2.760,2.760
stderr:

[2026-07-15T18:06:28.991528+00:00] e000454 /home/bob/src/mess/.maw/workspaces/bn-1zv6/spikes/pwritev_group/target/release/pwritev_group point-auto k_pwrite process 250 10 16 4 domain 0
stdout:
variant,mode,payload,events_per_batch,owner_units,physical_batches,writers,chain,unit_shape,iterations,stop_reason,events,domain_events,bytes,write_syscalls,short_writes,interrupted,max_iovecs,copied_bytes,barriers,cpu_ns,wall_ns,p50_ns,p95_ns,p99_ns,load1_before,load1_after
k_pwrite,process,250,10,16,16,4,0,domain,732,bytes,117120,117120,33590016,11712,0,0,0,0,0,12325174,12430682,16180,20290,26940,2.760,2.760
stderr:

[2026-07-15T18:06:30.013523+00:00] e000455 /home/bob/src/mess/.maw/workspaces/bn-1zv6/spikes/pwritev_group/target/release/pwritev_group point-auto k_pwrite process 250 10 16 4 domain 0
stdout:
variant,mode,payload,events_per_batch,owner_units,physical_batches,writers,chain,unit_shape,iterations,stop_reason,events,domain_events,bytes,write_syscalls,short_writes,interrupted,max_iovecs,copied_bytes,barriers,cpu_ns,wall_ns,p50_ns,p95_ns,p99_ns,load1_before,load1_after
k_pwrite,process,250,10,16,16,4,0,domain,732,bytes,117120,117120,33590016,11712,0,0,0,0,0,12487323,12604773,16240,21470,25650,2.760,2.760
stderr:

[2026-07-15T18:06:31.043384+00:00] e000456 /home/bob/src/mess/.maw/workspaces/bn-1zv6/spikes/pwritev_group/target/release/pwritev_group point-auto copy_contiguous process 250 10 16 4 domain 0
stdout:
variant,mode,payload,events_per_batch,owner_units,physical_batches,writers,chain,unit_shape,iterations,stop_reason,events,domain_events,bytes,write_syscalls,short_writes,interrupted,max_iovecs,copied_bytes,barriers,cpu_ns,wall_ns,p50_ns,p95_ns,p99_ns,load1_before,load1_after
copy_contiguous,process,250,10,16,16,4,0,domain,732,bytes,117120,117120,33590016,732,0,0,0,33590016,0,4113691,4138518,4650,6430,31520,2.760,2.760
stderr:

[2026-07-15T18:06:32.066569+00:00] e000457 /home/bob/src/mess/.maw/workspaces/bn-1zv6/spikes/pwritev_group/target/release/pwritev_group point-auto k_pwrite process 250 10 16 4 new_name 0
stdout:
variant,mode,payload,events_per_batch,owner_units,physical_batches,writers,chain,unit_shape,iterations,stop_reason,events,domain_events,bytes,write_syscalls,short_writes,interrupted,max_iovecs,copied_bytes,barriers,cpu_ns,wall_ns,p50_ns,p95_ns,p99_ns,load1_before,load1_after
k_pwrite,process,250,10,16,32,4,0,new_name,698,bytes,122848,111680,33593344,22336,0,0,0,0,0,20486825,20725018,28180,35430,55070,2.860,2.860
stderr:

[2026-07-15T18:06:33.091217+00:00] e000458 /home/bob/src/mess/.maw/workspaces/bn-1zv6/spikes/pwritev_group/target/release/pwritev_group point-auto pwritev_full_8m process 250 10 16 4 new_name 0
stdout:
variant,mode,payload,events_per_batch,owner_units,physical_batches,writers,chain,unit_shape,iterations,stop_reason,events,domain_events,bytes,write_syscalls,short_writes,interrupted,max_iovecs,copied_bytes,barriers,cpu_ns,wall_ns,p50_ns,p95_ns,p99_ns,load1_before,load1_after
pwritev_full_8m,process,250,10,16,32,4,0,new_name,698,bytes,122848,111680,33593344,698,0,0,32,0,0,4000531,4033418,5590,5890,8500,2.860,2.860
stderr:

[2026-07-15T18:06:34.112449+00:00] e000459 /home/bob/src/mess/.maw/workspaces/bn-1zv6/spikes/pwritev_group/target/release/pwritev_group point-auto pwritev_full_8m process 250 10 16 4 new_name 0
stdout:
variant,mode,payload,events_per_batch,owner_units,physical_batches,writers,chain,unit_shape,iterations,stop_reason,events,domain_events,bytes,write_syscalls,short_writes,interrupted,max_iovecs,copied_bytes,barriers,cpu_ns,wall_ns,p50_ns,p95_ns,p99_ns,load1_before,load1_after
pwritev_full_8m,process,250,10,16,32,4,0,new_name,698,bytes,122848,111680,33593344,698,0,0,32,0,0,3933681,3958008,5420,6710,8350,2.860,2.860
stderr:

[2026-07-15T18:06:35.142036+00:00] e000460 /home/bob/src/mess/.maw/workspaces/bn-1zv6/spikes/pwritev_group/target/release/pwritev_group point-auto k_pwrite process 250 10 16 4 new_name 0
stdout:
variant,mode,payload,events_per_batch,owner_units,physical_batches,writers,chain,unit_shape,iterations,stop_reason,events,domain_events,bytes,write_syscalls,short_writes,interrupted,max_iovecs,copied_bytes,barriers,cpu_ns,wall_ns,p50_ns,p95_ns,p99_ns,load1_before,load1_after
k_pwrite,process,250,10,16,32,4,0,new_name,698,bytes,122848,111680,33593344,22336,0,0,0,0,0,20791664,21299597,27900,38250,53270,2.860,2.860
stderr:

[2026-07-15T18:06:36.172618+00:00] e000461 /home/bob/src/mess/.maw/workspaces/bn-1zv6/spikes/pwritev_group/target/release/pwritev_group point-auto copy_contiguous process 250 10 16 4 new_name 0
stdout:
variant,mode,payload,events_per_batch,owner_units,physical_batches,writers,chain,unit_shape,iterations,stop_reason,events,domain_events,bytes,write_syscalls,short_writes,interrupted,max_iovecs,copied_bytes,barriers,cpu_ns,wall_ns,p50_ns,p95_ns,p99_ns,load1_before,load1_after
copy_contiguous,process,250,10,16,32,4,0,new_name,698,bytes,122848,111680,33593344,698,0,0,0,33593344,0,3483361,3537047,4770,6130,8930,2.860,2.860
stderr:

[2026-07-15T18:06:37.198856+00:00] e000462 /home/bob/src/mess/.maw/workspaces/bn-1zv6/spikes/pwritev_group/target/release/pwritev_group point-auto k_pwrite process 250 10 16 4 new_name 0
stdout:
variant,mode,payload,events_per_batch,owner_units,physical_batches,writers,chain,unit_shape,iterations,stop_reason,events,domain_events,bytes,write_syscalls,short_writes,interrupted,max_iovecs,copied_bytes,barriers,cpu_ns,wall_ns,p50_ns,p95_ns,p99_ns,load1_before,load1_after
k_pwrite,process,250,10,16,32,4,0,new_name,698,bytes,122848,111680,33593344,22336,0,0,0,0,0,22230826,22554027,27800,33410,57110,3.190,3.190
stderr:

[2026-07-15T18:06:38.231415+00:00] e000463 /home/bob/src/mess/.maw/workspaces/bn-1zv6/spikes/pwritev_group/target/release/pwritev_group point-auto k_pwrite process 250 10 16 4 new_name 0
stdout:
variant,mode,payload,events_per_batch,owner_units,physical_batches,writers,chain,unit_shape,iterations,stop_reason,events,domain_events,bytes,write_syscalls,short_writes,interrupted,max_iovecs,copied_bytes,barriers,cpu_ns,wall_ns,p50_ns,p95_ns,p99_ns,load1_before,load1_after
k_pwrite,process,250,10,16,32,4,0,new_name,698,bytes,122848,111680,33593344,22336,0,0,0,0,0,20438935,20623998,27830,34549,69810,3.190,3.190
stderr:

[2026-07-15T18:06:39.262794+00:00] e000464 /home/bob/src/mess/.maw/workspaces/bn-1zv6/spikes/pwritev_group/target/release/pwritev_group point-auto copy_contiguous process 250 10 16 4 new_name 0
stdout:
variant,mode,payload,events_per_batch,owner_units,physical_batches,writers,chain,unit_shape,iterations,stop_reason,events,domain_events,bytes,write_syscalls,short_writes,interrupted,max_iovecs,copied_bytes,barriers,cpu_ns,wall_ns,p50_ns,p95_ns,p99_ns,load1_before,load1_after
copy_contiguous,process,250,10,16,32,4,0,new_name,698,bytes,122848,111680,33593344,698,0,0,0,33593344,0,3540971,3596608,4790,6340,8920,3.190,3.190
stderr:

[2026-07-15T18:06:40.287454+00:00] e000465 /home/bob/src/mess/.maw/workspaces/bn-1zv6/spikes/pwritev_group/target/release/pwritev_group point-auto k_pwrite process 250 10 64 4 domain 0
stdout:
variant,mode,payload,events_per_batch,owner_units,physical_batches,writers,chain,unit_shape,iterations,stop_reason,events,domain_events,bytes,write_syscalls,short_writes,interrupted,max_iovecs,copied_bytes,barriers,cpu_ns,wall_ns,p50_ns,p95_ns,p99_ns,load1_before,load1_after
k_pwrite,process,250,10,64,64,4,0,domain,183,bytes,117120,117120,33590016,11712,0,0,0,0,0,13291004,13378172,71160,81810,93950,3.190,3.190
stderr:

[2026-07-15T18:06:41.309214+00:00] e000466 /home/bob/src/mess/.maw/workspaces/bn-1zv6/spikes/pwritev_group/target/release/pwritev_group point-auto pwritev_full_8m process 250 10 64 4 domain 0
stdout:
variant,mode,payload,events_per_batch,owner_units,physical_batches,writers,chain,unit_shape,iterations,stop_reason,events,domain_events,bytes,write_syscalls,short_writes,interrupted,max_iovecs,copied_bytes,barriers,cpu_ns,wall_ns,p50_ns,p95_ns,p99_ns,load1_before,load1_after
pwritev_full_8m,process,250,10,64,64,4,0,domain,183,bytes,117120,117120,33590016,183,0,0,64,0,0,5505772,6303797,14050,19100,179920,3.190,3.190
stderr:

[2026-07-15T18:06:42.339622+00:00] e000467 /home/bob/src/mess/.maw/workspaces/bn-1zv6/spikes/pwritev_group/target/release/pwritev_group point-auto pwritev_full_8m process 250 10 64 4 domain 0
stdout:
variant,mode,payload,events_per_batch,owner_units,physical_batches,writers,chain,unit_shape,iterations,stop_reason,events,domain_events,bytes,write_syscalls,short_writes,interrupted,max_iovecs,copied_bytes,barriers,cpu_ns,wall_ns,p50_ns,p95_ns,p99_ns,load1_before,load1_after
pwritev_full_8m,process,250,10,64,64,4,0,domain,183,bytes,117120,117120,33590016,183,0,0,64,0,0,3110421,3139138,16170,22550,28289,3.980,3.980
stderr:

[2026-07-15T18:06:43.370164+00:00] e000468 /home/bob/src/mess/.maw/workspaces/bn-1zv6/spikes/pwritev_group/target/release/pwritev_group point-auto k_pwrite process 250 10 64 4 domain 0
stdout:
variant,mode,payload,events_per_batch,owner_units,physical_batches,writers,chain,unit_shape,iterations,stop_reason,events,domain_events,bytes,write_syscalls,short_writes,interrupted,max_iovecs,copied_bytes,barriers,cpu_ns,wall_ns,p50_ns,p95_ns,p99_ns,load1_before,load1_after
k_pwrite,process,250,10,64,64,4,0,domain,183,bytes,117120,117120,33590016,11712,0,0,0,0,0,15311904,15410541,71820,82070,267790,3.980,3.980
stderr:

[2026-07-15T18:06:44.401623+00:00] e000469 /home/bob/src/mess/.maw/workspaces/bn-1zv6/spikes/pwritev_group/target/release/pwritev_group point-auto copy_contiguous process 250 10 64 4 domain 0
stdout:
variant,mode,payload,events_per_batch,owner_units,physical_batches,writers,chain,unit_shape,iterations,stop_reason,events,domain_events,bytes,write_syscalls,short_writes,interrupted,max_iovecs,copied_bytes,barriers,cpu_ns,wall_ns,p50_ns,p95_ns,p99_ns,load1_before,load1_after
copy_contiguous,process,250,10,64,64,4,0,domain,183,bytes,117120,117120,33590016,183,0,0,0,33590016,0,4834461,4900637,25400,32370,37550,3.980,3.980
stderr:

[2026-07-15T18:06:45.433556+00:00] e000470 /home/bob/src/mess/.maw/workspaces/bn-1zv6/spikes/pwritev_group/target/release/pwritev_group point-auto k_pwrite process 250 10 64 4 domain 0
stdout:
variant,mode,payload,events_per_batch,owner_units,physical_batches,writers,chain,unit_shape,iterations,stop_reason,events,domain_events,bytes,write_syscalls,short_writes,interrupted,max_iovecs,copied_bytes,barriers,cpu_ns,wall_ns,p50_ns,p95_ns,p99_ns,load1_before,load1_after
k_pwrite,process,250,10,64,64,4,0,domain,183,bytes,117120,117120,33590016,11712,0,0,0,0,0,16267385,17018120,70940,88860,112490,3.980,3.980
stderr:

[2026-07-15T18:06:46.463137+00:00] e000471 /home/bob/src/mess/.maw/workspaces/bn-1zv6/spikes/pwritev_group/target/release/pwritev_group point-auto k_pwrite process 250 10 64 4 domain 0
stdout:
variant,mode,payload,events_per_batch,owner_units,physical_batches,writers,chain,unit_shape,iterations,stop_reason,events,domain_events,bytes,write_syscalls,short_writes,interrupted,max_iovecs,copied_bytes,barriers,cpu_ns,wall_ns,p50_ns,p95_ns,p99_ns,load1_before,load1_after
k_pwrite,process,250,10,64,64,4,0,domain,183,bytes,117120,117120,33590016,11712,0,0,0,0,0,16106594,16401211,70970,85810,122769,4.780,4.780
stderr:

[2026-07-15T18:06:47.495319+00:00] e000472 /home/bob/src/mess/.maw/workspaces/bn-1zv6/spikes/pwritev_group/target/release/pwritev_group point-auto copy_contiguous process 250 10 64 4 domain 0
stdout:
variant,mode,payload,events_per_batch,owner_units,physical_batches,writers,chain,unit_shape,iterations,stop_reason,events,domain_events,bytes,write_syscalls,short_writes,interrupted,max_iovecs,copied_bytes,barriers,cpu_ns,wall_ns,p50_ns,p95_ns,p99_ns,load1_before,load1_after
copy_contiguous,process,250,10,64,64,4,0,domain,183,bytes,117120,117120,33590016,183,0,0,0,33590016,0,5753052,5797047,24870,36820,106830,4.780,4.780
stderr:

[2026-07-15T18:06:48.516645+00:00] e000473 /home/bob/src/mess/.maw/workspaces/bn-1zv6/spikes/pwritev_group/target/release/pwritev_group point-auto k_pwrite process 250 10 64 4 new_name 0
stdout:
variant,mode,payload,events_per_batch,owner_units,physical_batches,writers,chain,unit_shape,iterations,stop_reason,events,domain_events,bytes,write_syscalls,short_writes,interrupted,max_iovecs,copied_bytes,barriers,cpu_ns,wall_ns,p50_ns,p95_ns,p99_ns,load1_before,load1_after
k_pwrite,process,250,10,64,128,4,0,new_name,175,bytes,123200,112000,33689600,22400,0,0,0,0,0,20860245,21020148,117750,131140,143020,4.780,4.780
stderr:

[2026-07-15T18:06:49.540065+00:00] e000474 /home/bob/src/mess/.maw/workspaces/bn-1zv6/spikes/pwritev_group/target/release/pwritev_group point-auto pwritev_full_8m process 250 10 64 4 new_name 0
stdout:
variant,mode,payload,events_per_batch,owner_units,physical_batches,writers,chain,unit_shape,iterations,stop_reason,events,domain_events,bytes,write_syscalls,short_writes,interrupted,max_iovecs,copied_bytes,barriers,cpu_ns,wall_ns,p50_ns,p95_ns,p99_ns,load1_before,load1_after
pwritev_full_8m,process,250,10,64,128,4,0,new_name,175,bytes,123200,112000,33689600,175,0,0,128,0,0,3634391,3678168,19180,27640,35830,4.780,4.780
stderr:

[2026-07-15T18:06:50.566508+00:00] e000475 /home/bob/src/mess/.maw/workspaces/bn-1zv6/spikes/pwritev_group/target/release/pwritev_group point-auto pwritev_full_8m process 250 10 64 4 new_name 0
stdout:
variant,mode,payload,events_per_batch,owner_units,physical_batches,writers,chain,unit_shape,iterations,stop_reason,events,domain_events,bytes,write_syscalls,short_writes,interrupted,max_iovecs,copied_bytes,barriers,cpu_ns,wall_ns,p50_ns,p95_ns,p99_ns,load1_before,load1_after
pwritev_full_8m,process,250,10,64,128,4,0,new_name,175,bytes,123200,112000,33689600,175,0,0,128,0,0,3267780,3297168,18170,22620,26840,4.780,4.780
stderr:

[2026-07-15T18:06:51.598717+00:00] e000476 /home/bob/src/mess/.maw/workspaces/bn-1zv6/spikes/pwritev_group/target/release/pwritev_group point-auto k_pwrite process 250 10 64 4 new_name 0
stdout:
variant,mode,payload,events_per_batch,owner_units,physical_batches,writers,chain,unit_shape,iterations,stop_reason,events,domain_events,bytes,write_syscalls,short_writes,interrupted,max_iovecs,copied_bytes,barriers,cpu_ns,wall_ns,p50_ns,p95_ns,p99_ns,load1_before,load1_after
k_pwrite,process,250,10,64,128,4,0,new_name,175,bytes,123200,112000,33689600,22400,0,0,0,0,0,21541216,21700297,121660,134929,155940,5.840,5.840
stderr:

[2026-07-15T18:06:52.630207+00:00] e000477 /home/bob/src/mess/.maw/workspaces/bn-1zv6/spikes/pwritev_group/target/release/pwritev_group point-auto pwritev_64_8m process 250 10 64 4 new_name 0
stdout:
variant,mode,payload,events_per_batch,owner_units,physical_batches,writers,chain,unit_shape,iterations,stop_reason,events,domain_events,bytes,write_syscalls,short_writes,interrupted,max_iovecs,copied_bytes,barriers,cpu_ns,wall_ns,p50_ns,p95_ns,p99_ns,load1_before,load1_after
pwritev_64_8m,process,250,10,64,128,4,0,new_name,175,bytes,123200,112000,33689600,350,0,0,64,0,0,3749151,3766438,20680,26120,28930,5.840,5.840
stderr:

[2026-07-15T18:06:53.656876+00:00] e000478 /home/bob/src/mess/.maw/workspaces/bn-1zv6/spikes/pwritev_group/target/release/pwritev_group point-auto k_pwrite process 250 10 64 4 new_name 0
stdout:
variant,mode,payload,events_per_batch,owner_units,physical_batches,writers,chain,unit_shape,iterations,stop_reason,events,domain_events,bytes,write_syscalls,short_writes,interrupted,max_iovecs,copied_bytes,barriers,cpu_ns,wall_ns,p50_ns,p95_ns,p99_ns,load1_before,load1_after
k_pwrite,process,250,10,64,128,4,0,new_name,175,bytes,123200,112000,33689600,22400,0,0,0,0,0,20900435,21090087,118170,131970,139380,5.840,5.840
stderr:

[2026-07-15T18:06:54.684862+00:00] e000479 /home/bob/src/mess/.maw/workspaces/bn-1zv6/spikes/pwritev_group/target/release/pwritev_group point-auto k_pwrite process 250 10 64 4 new_name 0
stdout:
variant,mode,payload,events_per_batch,owner_units,physical_batches,writers,chain,unit_shape,iterations,stop_reason,events,domain_events,bytes,write_syscalls,short_writes,interrupted,max_iovecs,copied_bytes,barriers,cpu_ns,wall_ns,p50_ns,p95_ns,p99_ns,load1_before,load1_after
k_pwrite,process,250,10,64,128,4,0,new_name,175,bytes,123200,112000,33689600,22400,0,0,0,0,0,20828825,21077907,118350,131180,143830,5.840,5.840
stderr:

[2026-07-15T18:06:55.710141+00:00] e000480 /home/bob/src/mess/.maw/workspaces/bn-1zv6/spikes/pwritev_group/target/release/pwritev_group point-auto pwritev_64_8m process 250 10 64 4 new_name 0
stdout:
variant,mode,payload,events_per_batch,owner_units,physical_batches,writers,chain,unit_shape,iterations,stop_reason,events,domain_events,bytes,write_syscalls,short_writes,interrupted,max_iovecs,copied_bytes,barriers,cpu_ns,wall_ns,p50_ns,p95_ns,p99_ns,load1_before,load1_after
pwritev_64_8m,process,250,10,64,128,4,0,new_name,175,bytes,123200,112000,33689600,350,0,0,64,0,0,6894282,7495045,21470,30070,256819,5.840,5.840
stderr:

[2026-07-15T18:06:56.735622+00:00] e000481 /home/bob/src/mess/.maw/workspaces/bn-1zv6/spikes/pwritev_group/target/release/pwritev_group point-auto k_pwrite process 250 10 64 4 new_name 0
stdout:
variant,mode,payload,events_per_batch,owner_units,physical_batches,writers,chain,unit_shape,iterations,stop_reason,events,domain_events,bytes,write_syscalls,short_writes,interrupted,max_iovecs,copied_bytes,barriers,cpu_ns,wall_ns,p50_ns,p95_ns,p99_ns,load1_before,load1_after
k_pwrite,process,250,10,64,128,4,0,new_name,175,bytes,123200,112000,33689600,22400,0,0,0,0,0,23726655,25353465,118350,173090,936069,5.610,5.610
stderr:

[2026-07-15T18:06:57.760855+00:00] e000482 /home/bob/src/mess/.maw/workspaces/bn-1zv6/spikes/pwritev_group/target/release/pwritev_group point-auto copy_contiguous process 250 10 64 4 new_name 0
stdout:
variant,mode,payload,events_per_batch,owner_units,physical_batches,writers,chain,unit_shape,iterations,stop_reason,events,domain_events,bytes,write_syscalls,short_writes,interrupted,max_iovecs,copied_bytes,barriers,cpu_ns,wall_ns,p50_ns,p95_ns,p99_ns,load1_before,load1_after
copy_contiguous,process,250,10,64,128,4,0,new_name,175,bytes,123200,112000,33689600,175,0,0,0,33689600,0,4970241,5015777,27440,34740,43510,5.610,5.610
stderr:

[2026-07-15T18:06:58.793040+00:00] e000483 /home/bob/src/mess/.maw/workspaces/bn-1zv6/spikes/pwritev_group/target/release/pwritev_group point-auto copy_contiguous process 250 10 64 4 new_name 0
stdout:
variant,mode,payload,events_per_batch,owner_units,physical_batches,writers,chain,unit_shape,iterations,stop_reason,events,domain_events,bytes,write_syscalls,short_writes,interrupted,max_iovecs,copied_bytes,barriers,cpu_ns,wall_ns,p50_ns,p95_ns,p99_ns,load1_before,load1_after
copy_contiguous,process,250,10,64,128,4,0,new_name,175,bytes,123200,112000,33689600,175,0,0,0,33689600,0,4746871,4803177,26209,33520,39390,5.610,5.610
stderr:

[2026-07-15T18:06:59.824806+00:00] e000484 /home/bob/src/mess/.maw/workspaces/bn-1zv6/spikes/pwritev_group/target/release/pwritev_group point-auto k_pwrite process 250 10 64 4 new_name 0
stdout:
variant,mode,payload,events_per_batch,owner_units,physical_batches,writers,chain,unit_shape,iterations,stop_reason,events,domain_events,bytes,write_syscalls,short_writes,interrupted,max_iovecs,copied_bytes,barriers,cpu_ns,wall_ns,p50_ns,p95_ns,p99_ns,load1_before,load1_after
k_pwrite,process,250,10,64,128,4,0,new_name,175,bytes,123200,112000,33689600,22400,0,0,0,0,0,23454926,23685526,120060,141750,266050,5.610,5.610
stderr:

[2026-07-15T18:07:00.846384+00:00] e000485 /home/bob/src/mess/.maw/workspaces/bn-1zv6/spikes/pwritev_group/target/release/pwritev_group point-auto pwritev_full_8m process 250 10 256 4 domain 0
stdout:
variant,mode,payload,events_per_batch,owner_units,physical_batches,writers,chain,unit_shape,iterations,stop_reason,events,domain_events,bytes,write_syscalls,short_writes,interrupted,max_iovecs,copied_bytes,barriers,cpu_ns,wall_ns,p50_ns,p95_ns,p99_ns,load1_before,load1_after
pwritev_full_8m,process,250,10,256,256,4,0,domain,46,bytes,117760,117760,33773568,46,0,0,256,0,0,3061331,3088198,65330,75020,96860,5.610,5.610
stderr:

[2026-07-15T18:07:01.875554+00:00] e000486 /home/bob/src/mess/.maw/workspaces/bn-1zv6/spikes/pwritev_group/target/release/pwritev_group point-auto k_pwrite process 250 10 256 4 domain 0
stdout:
variant,mode,payload,events_per_batch,owner_units,physical_batches,writers,chain,unit_shape,iterations,stop_reason,events,domain_events,bytes,write_syscalls,short_writes,interrupted,max_iovecs,copied_bytes,barriers,cpu_ns,wall_ns,p50_ns,p95_ns,p99_ns,load1_before,load1_after
k_pwrite,process,250,10,256,256,4,0,domain,46,bytes,117760,117760,33773568,11776,0,0,0,0,0,14593234,14843701,307080,382429,386550,5.160,5.160
stderr:

[2026-07-15T18:07:02.904057+00:00] e000487 /home/bob/src/mess/.maw/workspaces/bn-1zv6/spikes/pwritev_group/target/release/pwritev_group point-auto k_pwrite process 250 10 256 4 domain 0
stdout:
variant,mode,payload,events_per_batch,owner_units,physical_batches,writers,chain,unit_shape,iterations,stop_reason,events,domain_events,bytes,write_syscalls,short_writes,interrupted,max_iovecs,copied_bytes,barriers,cpu_ns,wall_ns,p50_ns,p95_ns,p99_ns,load1_before,load1_after
k_pwrite,process,250,10,256,256,4,0,domain,46,bytes,117760,117760,33773568,11776,0,0,0,0,0,16639475,16959420,298340,362500,3267318,5.160,5.160
stderr:

[2026-07-15T18:07:03.927916+00:00] e000488 /home/bob/src/mess/.maw/workspaces/bn-1zv6/spikes/pwritev_group/target/release/pwritev_group point-auto pwritev_full_8m process 250 10 256 4 domain 0
stdout:
variant,mode,payload,events_per_batch,owner_units,physical_batches,writers,chain,unit_shape,iterations,stop_reason,events,domain_events,bytes,write_syscalls,short_writes,interrupted,max_iovecs,copied_bytes,barriers,cpu_ns,wall_ns,p50_ns,p95_ns,p99_ns,load1_before,load1_after
pwritev_full_8m,process,250,10,256,256,4,0,domain,46,bytes,117760,117760,33773568,46,0,0,256,0,0,2984041,3004858,64800,73770,74620,5.160,5.160
stderr:

[2026-07-15T18:07:04.958529+00:00] e000489 /home/bob/src/mess/.maw/workspaces/bn-1zv6/spikes/pwritev_group/target/release/pwritev_group point-auto k_pwrite process 250 10 256 4 domain 0
stdout:
variant,mode,payload,events_per_batch,owner_units,physical_batches,writers,chain,unit_shape,iterations,stop_reason,events,domain_events,bytes,write_syscalls,short_writes,interrupted,max_iovecs,copied_bytes,barriers,cpu_ns,wall_ns,p50_ns,p95_ns,p99_ns,load1_before,load1_after
k_pwrite,process,250,10,256,256,4,0,domain,46,bytes,117760,117760,33773568,11776,0,0,0,0,0,13857524,13963071,298980,325320,382500,5.160,5.160
stderr:

[2026-07-15T18:07:05.987162+00:00] e000490 /home/bob/src/mess/.maw/workspaces/bn-1zv6/spikes/pwritev_group/target/release/pwritev_group point-auto pwritev_64_8m process 250 10 256 4 domain 0
stdout:
variant,mode,payload,events_per_batch,owner_units,physical_batches,writers,chain,unit_shape,iterations,stop_reason,events,domain_events,bytes,write_syscalls,short_writes,interrupted,max_iovecs,copied_bytes,barriers,cpu_ns,wall_ns,p50_ns,p95_ns,p99_ns,load1_before,load1_after
pwritev_64_8m,process,250,10,256,256,4,0,domain,46,bytes,117760,117760,33773568,184,0,0,64,0,0,3357401,3380128,72550,80690,83750,5.160,5.160
stderr:

[2026-07-15T18:07:07.015666+00:00] e000491 /home/bob/src/mess/.maw/workspaces/bn-1zv6/spikes/pwritev_group/target/release/pwritev_group point-auto pwritev_64_8m process 250 10 256 4 domain 0
stdout:
variant,mode,payload,events_per_batch,owner_units,physical_batches,writers,chain,unit_shape,iterations,stop_reason,events,domain_events,bytes,write_syscalls,short_writes,interrupted,max_iovecs,copied_bytes,barriers,cpu_ns,wall_ns,p50_ns,p95_ns,p99_ns,load1_before,load1_after
pwritev_64_8m,process,250,10,256,256,4,0,domain,46,bytes,117760,117760,33773568,184,0,0,64,0,0,3533861,3555828,75190,88070,95300,4.830,4.830
stderr:

[2026-07-15T18:07:08.044046+00:00] e000492 /home/bob/src/mess/.maw/workspaces/bn-1zv6/spikes/pwritev_group/target/release/pwritev_group point-auto k_pwrite process 250 10 256 4 domain 0
stdout:
variant,mode,payload,events_per_batch,owner_units,physical_batches,writers,chain,unit_shape,iterations,stop_reason,events,domain_events,bytes,write_syscalls,short_writes,interrupted,max_iovecs,copied_bytes,barriers,cpu_ns,wall_ns,p50_ns,p95_ns,p99_ns,load1_before,load1_after
k_pwrite,process,250,10,256,256,4,0,domain,46,bytes,117760,117760,33773568,11776,0,0,0,0,0,14106343,14536402,300970,380080,434330,4.830,4.830
stderr:

[2026-07-15T18:07:09.072462+00:00] e000493 /home/bob/src/mess/.maw/workspaces/bn-1zv6/spikes/pwritev_group/target/release/pwritev_group point-auto copy_contiguous process 250 10 256 4 domain 0
stdout:
variant,mode,payload,events_per_batch,owner_units,physical_batches,writers,chain,unit_shape,iterations,stop_reason,events,domain_events,bytes,write_syscalls,short_writes,interrupted,max_iovecs,copied_bytes,barriers,cpu_ns,wall_ns,p50_ns,p95_ns,p99_ns,load1_before,load1_after
copy_contiguous,process,250,10,256,256,4,0,domain,46,bytes,117760,117760,33773568,46,0,0,0,33773568,0,8780652,8853894,121200,211260,2979298,4.830,4.830
stderr:

[2026-07-15T18:07:10.103729+00:00] e000494 /home/bob/src/mess/.maw/workspaces/bn-1zv6/spikes/pwritev_group/target/release/pwritev_group point-auto k_pwrite process 250 10 256 4 domain 0
stdout:
variant,mode,payload,events_per_batch,owner_units,physical_batches,writers,chain,unit_shape,iterations,stop_reason,events,domain_events,bytes,write_syscalls,short_writes,interrupted,max_iovecs,copied_bytes,barriers,cpu_ns,wall_ns,p50_ns,p95_ns,p99_ns,load1_before,load1_after
k_pwrite,process,250,10,256,256,4,0,domain,46,bytes,117760,117760,33773568,11776,0,0,0,0,0,16613725,17736950,304269,336070,3957837,4.830,4.830
stderr:

[2026-07-15T18:07:11.133707+00:00] e000495 /home/bob/src/mess/.maw/workspaces/bn-1zv6/spikes/pwritev_group/target/release/pwritev_group point-auto k_pwrite process 250 10 256 4 domain 0
stdout:
variant,mode,payload,events_per_batch,owner_units,physical_batches,writers,chain,unit_shape,iterations,stop_reason,events,domain_events,bytes,write_syscalls,short_writes,interrupted,max_iovecs,copied_bytes,barriers,cpu_ns,wall_ns,p50_ns,p95_ns,p99_ns,load1_before,load1_after
k_pwrite,process,250,10,256,256,4,0,domain,46,bytes,117760,117760,33773568,11776,0,0,0,0,0,16051284,16179851,304900,355790,2342159,4.830,4.830
stderr:

[2026-07-15T18:07:12.165786+00:00] e000496 /home/bob/src/mess/.maw/workspaces/bn-1zv6/spikes/pwritev_group/target/release/pwritev_group point-auto copy_contiguous process 250 10 256 4 domain 0
stdout:
variant,mode,payload,events_per_batch,owner_units,physical_batches,writers,chain,unit_shape,iterations,stop_reason,events,domain_events,bytes,write_syscalls,short_writes,interrupted,max_iovecs,copied_bytes,barriers,cpu_ns,wall_ns,p50_ns,p95_ns,p99_ns,load1_before,load1_after
copy_contiguous,process,250,10,256,256,4,0,domain,46,bytes,117760,117760,33773568,46,0,0,0,33773568,0,5268331,5309497,112930,134300,159280,4.600,4.600
stderr:

[2026-07-15T18:07:13.193874+00:00] e000497 /home/bob/src/mess/.maw/workspaces/bn-1zv6/spikes/pwritev_group/target/release/pwritev_group point-auto k_pwrite process 250 10 256 4 new_name 0
stdout:
variant,mode,payload,events_per_batch,owner_units,physical_batches,writers,chain,unit_shape,iterations,stop_reason,events,domain_events,bytes,write_syscalls,short_writes,interrupted,max_iovecs,copied_bytes,barriers,cpu_ns,wall_ns,p50_ns,p95_ns,p99_ns,load1_before,load1_after
k_pwrite,process,250,10,256,512,4,0,new_name,44,bytes,123904,112640,33882112,22528,0,0,0,0,0,22399905,22567756,498720,604070,630749,4.600,4.600
stderr:

[2026-07-15T18:07:14.225259+00:00] e000498 /home/bob/src/mess/.maw/workspaces/bn-1zv6/spikes/pwritev_group/target/release/pwritev_group point-auto pwritev_full_8m process 250 10 256 4 new_name 0
stdout:
variant,mode,payload,events_per_batch,owner_units,physical_batches,writers,chain,unit_shape,iterations,stop_reason,events,domain_events,bytes,write_syscalls,short_writes,interrupted,max_iovecs,copied_bytes,barriers,cpu_ns,wall_ns,p50_ns,p95_ns,p99_ns,load1_before,load1_after
pwritev_full_8m,process,250,10,256,512,4,0,new_name,44,bytes,123904,112640,33882112,44,0,0,512,0,0,3300871,3336958,73700,93570,116650,4.600,4.600
stderr:

[2026-07-15T18:07:15.247442+00:00] e000499 /home/bob/src/mess/.maw/workspaces/bn-1zv6/spikes/pwritev_group/target/release/pwritev_group point-auto pwritev_full_8m process 250 10 256 4 new_name 0
stdout:
variant,mode,payload,events_per_batch,owner_units,physical_batches,writers,chain,unit_shape,iterations,stop_reason,events,domain_events,bytes,write_syscalls,short_writes,interrupted,max_iovecs,copied_bytes,barriers,cpu_ns,wall_ns,p50_ns,p95_ns,p99_ns,load1_before,load1_after
pwritev_full_8m,process,250,10,256,512,4,0,new_name,44,bytes,123904,112640,33882112,44,0,0,512,0,0,3572231,3596098,78470,99200,104470,4.600,4.600
stderr:

[2026-07-15T18:07:16.277215+00:00] e000500 /home/bob/src/mess/.maw/workspaces/bn-1zv6/spikes/pwritev_group/target/release/pwritev_group point-auto k_pwrite process 250 10 256 4 new_name 0
stdout:
variant,mode,payload,events_per_batch,owner_units,physical_batches,writers,chain,unit_shape,iterations,stop_reason,events,domain_events,bytes,write_syscalls,short_writes,interrupted,max_iovecs,copied_bytes,barriers,cpu_ns,wall_ns,p50_ns,p95_ns,p99_ns,load1_before,load1_after
k_pwrite,process,250,10,256,512,4,0,new_name,44,bytes,123904,112640,33882112,22528,0,0,0,0,0,22966596,23162786,498970,622770,635409,4.600,4.600
stderr:

[2026-07-15T18:07:17.308386+00:00] e000501 /home/bob/src/mess/.maw/workspaces/bn-1zv6/spikes/pwritev_group/target/release/pwritev_group point-auto pwritev_256_8m process 250 10 256 4 new_name 0
stdout:
variant,mode,payload,events_per_batch,owner_units,physical_batches,writers,chain,unit_shape,iterations,stop_reason,events,domain_events,bytes,write_syscalls,short_writes,interrupted,max_iovecs,copied_bytes,barriers,cpu_ns,wall_ns,p50_ns,p95_ns,p99_ns,load1_before,load1_after
pwritev_256_8m,process,250,10,256,512,4,0,new_name,44,bytes,123904,112640,33882112,88,0,0,256,0,0,3664991,3766218,82600,103350,115050,5.040,5.040
stderr:

[2026-07-15T18:07:18.339848+00:00] e000502 /home/bob/src/mess/.maw/workspaces/bn-1zv6/spikes/pwritev_group/target/release/pwritev_group point-auto k_pwrite process 250 10 256 4 new_name 0
stdout:
variant,mode,payload,events_per_batch,owner_units,physical_batches,writers,chain,unit_shape,iterations,stop_reason,events,domain_events,bytes,write_syscalls,short_writes,interrupted,max_iovecs,copied_bytes,barriers,cpu_ns,wall_ns,p50_ns,p95_ns,p99_ns,load1_before,load1_after
k_pwrite,process,250,10,256,512,4,0,new_name,44,bytes,123904,112640,33882112,22528,0,0,0,0,0,25634907,25907744,512940,643989,2393009,5.040,5.040
stderr:

[2026-07-15T18:07:19.367604+00:00] e000503 /home/bob/src/mess/.maw/workspaces/bn-1zv6/spikes/pwritev_group/target/release/pwritev_group point-auto k_pwrite process 250 10 256 4 new_name 0
stdout:
variant,mode,payload,events_per_batch,owner_units,physical_batches,writers,chain,unit_shape,iterations,stop_reason,events,domain_events,bytes,write_syscalls,short_writes,interrupted,max_iovecs,copied_bytes,barriers,cpu_ns,wall_ns,p50_ns,p95_ns,p99_ns,load1_before,load1_after
k_pwrite,process,250,10,256,512,4,0,new_name,44,bytes,123904,112640,33882112,22528,0,0,0,0,0,24632966,24886735,495750,548130,3345908,5.040,5.040
stderr:

[2026-07-15T18:07:20.399038+00:00] e000504 /home/bob/src/mess/.maw/workspaces/bn-1zv6/spikes/pwritev_group/target/release/pwritev_group point-auto pwritev_256_8m process 250 10 256 4 new_name 0
stdout:
variant,mode,payload,events_per_batch,owner_units,physical_batches,writers,chain,unit_shape,iterations,stop_reason,events,domain_events,bytes,write_syscalls,short_writes,interrupted,max_iovecs,copied_bytes,barriers,cpu_ns,wall_ns,p50_ns,p95_ns,p99_ns,load1_before,load1_after
pwritev_256_8m,process,250,10,256,512,4,0,new_name,44,bytes,123904,112640,33882112,88,0,0,256,0,0,3550141,3573258,79330,88830,96950,5.040,5.040
stderr:

[2026-07-15T18:07:21.422654+00:00] e000505 /home/bob/src/mess/.maw/workspaces/bn-1zv6/spikes/pwritev_group/target/release/pwritev_group point-auto k_pwrite process 250 10 256 4 new_name 0
stdout:
variant,mode,payload,events_per_batch,owner_units,physical_batches,writers,chain,unit_shape,iterations,stop_reason,events,domain_events,bytes,write_syscalls,short_writes,interrupted,max_iovecs,copied_bytes,barriers,cpu_ns,wall_ns,p50_ns,p95_ns,p99_ns,load1_before,load1_after
k_pwrite,process,250,10,256,512,4,0,new_name,44,bytes,123904,112640,33882112,22528,0,0,0,0,0,23702916,23907355,495530,560150,2144208,4.710,4.710
stderr:

[2026-07-15T18:07:22.450709+00:00] e000506 /home/bob/src/mess/.maw/workspaces/bn-1zv6/spikes/pwritev_group/target/release/pwritev_group point-auto pwritev_64_8m process 250 10 256 4 new_name 0
stdout:
variant,mode,payload,events_per_batch,owner_units,physical_batches,writers,chain,unit_shape,iterations,stop_reason,events,domain_events,bytes,write_syscalls,short_writes,interrupted,max_iovecs,copied_bytes,barriers,cpu_ns,wall_ns,p50_ns,p95_ns,p99_ns,load1_before,load1_after
pwritev_64_8m,process,250,10,256,512,4,0,new_name,44,bytes,123904,112640,33882112,352,0,0,64,0,0,4122011,4157998,93470,100920,110250,4.710,4.710
stderr:

[2026-07-15T18:07:23.479099+00:00] e000507 /home/bob/src/mess/.maw/workspaces/bn-1zv6/spikes/pwritev_group/target/release/pwritev_group point-auto pwritev_64_8m process 250 10 256 4 new_name 0
stdout:
variant,mode,payload,events_per_batch,owner_units,physical_batches,writers,chain,unit_shape,iterations,stop_reason,events,domain_events,bytes,write_syscalls,short_writes,interrupted,max_iovecs,copied_bytes,barriers,cpu_ns,wall_ns,p50_ns,p95_ns,p99_ns,load1_before,load1_after
pwritev_64_8m,process,250,10,256,512,4,0,new_name,44,bytes,123904,112640,33882112,352,0,0,64,0,0,4265941,4456148,97140,118380,121210,4.710,4.710
stderr:

[2026-07-15T18:07:24.513580+00:00] e000508 /home/bob/src/mess/.maw/workspaces/bn-1zv6/spikes/pwritev_group/target/release/pwritev_group point-auto k_pwrite process 250 10 256 4 new_name 0
stdout:
variant,mode,payload,events_per_batch,owner_units,physical_batches,writers,chain,unit_shape,iterations,stop_reason,events,domain_events,bytes,write_syscalls,short_writes,interrupted,max_iovecs,copied_bytes,barriers,cpu_ns,wall_ns,p50_ns,p95_ns,p99_ns,load1_before,load1_after
k_pwrite,process,250,10,256,512,4,0,new_name,44,bytes,123904,112640,33882112,22528,0,0,0,0,0,21782895,21960347,495400,513510,639459,4.710,4.710
stderr:

[2026-07-15T18:07:25.542447+00:00] e000509 /home/bob/src/mess/.maw/workspaces/bn-1zv6/spikes/pwritev_group/target/release/pwritev_group point-auto copy_contiguous process 250 10 256 4 new_name 0
stdout:
variant,mode,payload,events_per_batch,owner_units,physical_batches,writers,chain,unit_shape,iterations,stop_reason,events,domain_events,bytes,write_syscalls,short_writes,interrupted,max_iovecs,copied_bytes,barriers,cpu_ns,wall_ns,p50_ns,p95_ns,p99_ns,load1_before,load1_after
copy_contiguous,process,250,10,256,512,4,0,new_name,44,bytes,123904,112640,33882112,44,0,0,0,33882112,0,7192872,7381325,121319,240049,1207329,4.710,4.710
stderr:

[2026-07-15T18:07:26.572176+00:00] e000510 /home/bob/src/mess/.maw/workspaces/bn-1zv6/spikes/pwritev_group/target/release/pwritev_group point-auto k_pwrite process 250 10 256 4 new_name 0
stdout:
variant,mode,payload,events_per_batch,owner_units,physical_batches,writers,chain,unit_shape,iterations,stop_reason,events,domain_events,bytes,write_syscalls,short_writes,interrupted,max_iovecs,copied_bytes,barriers,cpu_ns,wall_ns,p50_ns,p95_ns,p99_ns,load1_before,load1_after
k_pwrite,process,250,10,256,512,4,0,new_name,44,bytes,123904,112640,33882112,22528,0,0,0,0,0,21858345,22051957,493990,526029,624769,4.410,4.410
stderr:

[2026-07-15T18:07:27.597058+00:00] e000511 /home/bob/src/mess/.maw/workspaces/bn-1zv6/spikes/pwritev_group/target/release/pwritev_group point-auto k_pwrite process 250 10 256 4 new_name 0
stdout:
variant,mode,payload,events_per_batch,owner_units,physical_batches,writers,chain,unit_shape,iterations,stop_reason,events,domain_events,bytes,write_syscalls,short_writes,interrupted,max_iovecs,copied_bytes,barriers,cpu_ns,wall_ns,p50_ns,p95_ns,p99_ns,load1_before,load1_after
k_pwrite,process,250,10,256,512,4,0,new_name,44,bytes,123904,112640,33882112,22528,0,0,0,0,0,24846746,25332795,492640,562400,3913798,4.410,4.410
stderr:

[2026-07-15T18:07:28.628862+00:00] e000512 /home/bob/src/mess/.maw/workspaces/bn-1zv6/spikes/pwritev_group/target/release/pwritev_group point-auto copy_contiguous process 250 10 256 4 new_name 0
stdout:
variant,mode,payload,events_per_batch,owner_units,physical_batches,writers,chain,unit_shape,iterations,stop_reason,events,domain_events,bytes,write_syscalls,short_writes,interrupted,max_iovecs,copied_bytes,barriers,cpu_ns,wall_ns,p50_ns,p95_ns,p99_ns,load1_before,load1_after
copy_contiguous,process,250,10,256,512,4,0,new_name,44,bytes,123904,112640,33882112,44,0,0,0,33882112,0,5450602,5502187,123230,138510,154070,4.410,4.410
stderr:

[2026-07-15T18:07:29.649750+00:00] e000513 /home/bob/src/mess/.maw/workspaces/bn-1zv6/spikes/pwritev_group/target/release/pwritev_group point-auto k_pwrite process 250 10 1024 4 domain 0
stdout:
variant,mode,payload,events_per_batch,owner_units,physical_batches,writers,chain,unit_shape,iterations,stop_reason,events,domain_events,bytes,write_syscalls,short_writes,interrupted,max_iovecs,copied_bytes,barriers,cpu_ns,wall_ns,p50_ns,p95_ns,p99_ns,load1_before,load1_after
k_pwrite,process,250,10,1024,1024,4,0,domain,12,bytes,122880,122880,35241984,12288,0,0,0,0,0,18192204,18407160,1219959,1348119,4675848,4.410,4.410
stderr:

[2026-07-15T18:07:30.678733+00:00] e000514 /home/bob/src/mess/.maw/workspaces/bn-1zv6/spikes/pwritev_group/target/release/pwritev_group point-auto pwritev_full_8m process 250 10 1024 4 domain 0
stdout:
variant,mode,payload,events_per_batch,owner_units,physical_batches,writers,chain,unit_shape,iterations,stop_reason,events,domain_events,bytes,write_syscalls,short_writes,interrupted,max_iovecs,copied_bytes,barriers,cpu_ns,wall_ns,p50_ns,p95_ns,p99_ns,load1_before,load1_after
pwritev_full_8m,process,250,10,1024,1024,4,0,domain,12,bytes,122880,122880,35241984,12,0,0,1024,0,0,2866601,2886239,240300,250030,272670,4.410,4.410
stderr:

[2026-07-15T18:07:31.709208+00:00] e000515 /home/bob/src/mess/.maw/workspaces/bn-1zv6/spikes/pwritev_group/target/release/pwritev_group point-auto pwritev_full_8m process 250 10 1024 4 domain 0
stdout:
variant,mode,payload,events_per_batch,owner_units,physical_batches,writers,chain,unit_shape,iterations,stop_reason,events,domain_events,bytes,write_syscalls,short_writes,interrupted,max_iovecs,copied_bytes,barriers,cpu_ns,wall_ns,p50_ns,p95_ns,p99_ns,load1_before,load1_after
pwritev_full_8m,process,250,10,1024,1024,4,0,domain,12,bytes,122880,122880,35241984,12,0,0,1024,0,0,2928201,2968308,234960,277350,361989,4.140,4.140
stderr:

[2026-07-15T18:07:32.738369+00:00] e000516 /home/bob/src/mess/.maw/workspaces/bn-1zv6/spikes/pwritev_group/target/release/pwritev_group point-auto k_pwrite process 250 10 1024 4 domain 0
stdout:
variant,mode,payload,events_per_batch,owner_units,physical_batches,writers,chain,unit_shape,iterations,stop_reason,events,domain_events,bytes,write_syscalls,short_writes,interrupted,max_iovecs,copied_bytes,barriers,cpu_ns,wall_ns,p50_ns,p95_ns,p99_ns,load1_before,load1_after
k_pwrite,process,250,10,1024,1024,4,0,domain,12,bytes,122880,122880,35241984,12288,0,0,0,0,0,14966293,15071781,1221349,1411749,1422849,4.140,4.140
stderr:

[2026-07-15T18:07:33.767774+00:00] e000517 /home/bob/src/mess/.maw/workspaces/bn-1zv6/spikes/pwritev_group/target/release/pwritev_group point-auto pwritev_256_8m process 250 10 1024 4 domain 0
stdout:
variant,mode,payload,events_per_batch,owner_units,physical_batches,writers,chain,unit_shape,iterations,stop_reason,events,domain_events,bytes,write_syscalls,short_writes,interrupted,max_iovecs,copied_bytes,barriers,cpu_ns,wall_ns,p50_ns,p95_ns,p99_ns,load1_before,load1_after
pwritev_256_8m,process,250,10,1024,1024,4,0,domain,12,bytes,122880,122880,35241984,48,0,0,256,0,0,6138482,6216746,258540,319470,3311908,4.140,4.140
stderr:

[2026-07-15T18:07:34.799824+00:00] e000518 /home/bob/src/mess/.maw/workspaces/bn-1zv6/spikes/pwritev_group/target/release/pwritev_group point-auto k_pwrite process 250 10 1024 4 domain 0
stdout:
variant,mode,payload,events_per_batch,owner_units,physical_batches,writers,chain,unit_shape,iterations,stop_reason,events,domain_events,bytes,write_syscalls,short_writes,interrupted,max_iovecs,copied_bytes,barriers,cpu_ns,wall_ns,p50_ns,p95_ns,p99_ns,load1_before,load1_after
k_pwrite,process,250,10,1024,1024,4,0,domain,12,bytes,122880,122880,35241984,12288,0,0,0,0,0,17861865,18292949,1232319,1324449,4641298,4.140,4.140
stderr:

[2026-07-15T18:07:35.831541+00:00] e000519 /home/bob/src/mess/.maw/workspaces/bn-1zv6/spikes/pwritev_group/target/release/pwritev_group point-auto k_pwrite process 250 10 1024 4 domain 0
stdout:
variant,mode,payload,events_per_batch,owner_units,physical_batches,writers,chain,unit_shape,iterations,stop_reason,events,domain_events,bytes,write_syscalls,short_writes,interrupted,max_iovecs,copied_bytes,barriers,cpu_ns,wall_ns,p50_ns,p95_ns,p99_ns,load1_before,load1_after
k_pwrite,process,250,10,1024,1024,4,0,domain,12,bytes,122880,122880,35241984,12288,0,0,0,0,0,17814204,17964180,1274189,1620689,3504948,4.140,4.140
stderr:

[2026-07-15T18:07:36.863349+00:00] e000520 /home/bob/src/mess/.maw/workspaces/bn-1zv6/spikes/pwritev_group/target/release/pwritev_group point-auto pwritev_256_8m process 250 10 1024 4 domain 0
stdout:
variant,mode,payload,events_per_batch,owner_units,physical_batches,writers,chain,unit_shape,iterations,stop_reason,events,domain_events,bytes,write_syscalls,short_writes,interrupted,max_iovecs,copied_bytes,barriers,cpu_ns,wall_ns,p50_ns,p95_ns,p99_ns,load1_before,load1_after
pwritev_256_8m,process,250,10,1024,1024,4,0,domain,12,bytes,122880,122880,35241984,48,0,0,256,0,0,3080631,3111178,249590,297210,301969,4.050,4.050
stderr:

[2026-07-15T18:07:37.895375+00:00] e000521 /home/bob/src/mess/.maw/workspaces/bn-1zv6/spikes/pwritev_group/target/release/pwritev_group point-auto k_pwrite process 250 10 1024 4 domain 0
stdout:
variant,mode,payload,events_per_batch,owner_units,physical_batches,writers,chain,unit_shape,iterations,stop_reason,events,domain_events,bytes,write_syscalls,short_writes,interrupted,max_iovecs,copied_bytes,barriers,cpu_ns,wall_ns,p50_ns,p95_ns,p99_ns,load1_before,load1_after
k_pwrite,process,250,10,1024,1024,4,0,domain,12,bytes,122880,122880,35241984,12288,0,0,0,0,0,17136804,17280549,1241419,1361289,3415297,4.050,4.050
stderr:

[2026-07-15T18:07:38.925846+00:00] e000522 /home/bob/src/mess/.maw/workspaces/bn-1zv6/spikes/pwritev_group/target/release/pwritev_group point-auto pwritev_64_8m process 250 10 1024 4 domain 0
stdout:
variant,mode,payload,events_per_batch,owner_units,physical_batches,writers,chain,unit_shape,iterations,stop_reason,events,domain_events,bytes,write_syscalls,short_writes,interrupted,max_iovecs,copied_bytes,barriers,cpu_ns,wall_ns,p50_ns,p95_ns,p99_ns,load1_before,load1_after
pwritev_64_8m,process,250,10,1024,1024,4,0,domain,12,bytes,122880,122880,35241984,192,0,0,64,0,0,3506241,3526118,294190,308899,319990,4.050,4.050
stderr:

[2026-07-15T18:07:39.947854+00:00] e000523 /home/bob/src/mess/.maw/workspaces/bn-1zv6/spikes/pwritev_group/target/release/pwritev_group point-auto pwritev_64_8m process 250 10 1024 4 domain 0
stdout:
variant,mode,payload,events_per_batch,owner_units,physical_batches,writers,chain,unit_shape,iterations,stop_reason,events,domain_events,bytes,write_syscalls,short_writes,interrupted,max_iovecs,copied_bytes,barriers,cpu_ns,wall_ns,p50_ns,p95_ns,p99_ns,load1_before,load1_after
pwritev_64_8m,process,250,10,1024,1024,4,0,domain,12,bytes,122880,122880,35241984,192,0,0,64,0,0,3783261,3827868,298010,375840,441130,4.050,4.050
stderr:

[2026-07-15T18:07:40.976557+00:00] e000524 /home/bob/src/mess/.maw/workspaces/bn-1zv6/spikes/pwritev_group/target/release/pwritev_group point-auto k_pwrite process 250 10 1024 4 domain 0
stdout:
variant,mode,payload,events_per_batch,owner_units,physical_batches,writers,chain,unit_shape,iterations,stop_reason,events,domain_events,bytes,write_syscalls,short_writes,interrupted,max_iovecs,copied_bytes,barriers,cpu_ns,wall_ns,p50_ns,p95_ns,p99_ns,load1_before,load1_after
k_pwrite,process,250,10,1024,1024,4,0,domain,12,bytes,122880,122880,35241984,12288,0,0,0,0,0,14267733,14373911,1195739,1218360,1220540,4.050,4.050
stderr:

[2026-07-15T18:07:42.005594+00:00] e000525 /home/bob/src/mess/.maw/workspaces/bn-1zv6/spikes/pwritev_group/target/release/pwritev_group point-auto copy_contiguous process 250 10 1024 4 domain 0
stdout:
variant,mode,payload,events_per_batch,owner_units,physical_batches,writers,chain,unit_shape,iterations,stop_reason,events,domain_events,bytes,write_syscalls,short_writes,interrupted,max_iovecs,copied_bytes,barriers,cpu_ns,wall_ns,p50_ns,p95_ns,p99_ns,load1_before,load1_after
copy_contiguous,process,250,10,1024,1024,4,0,domain,12,bytes,122880,122880,35241984,12,0,0,0,35241984,0,5515601,5594987,453650,500449,601710,3.880,3.880
stderr:

[2026-07-15T18:07:43.037467+00:00] e000526 /home/bob/src/mess/.maw/workspaces/bn-1zv6/spikes/pwritev_group/target/release/pwritev_group point-auto k_pwrite process 250 10 1024 4 domain 0
stdout:
variant,mode,payload,events_per_batch,owner_units,physical_batches,writers,chain,unit_shape,iterations,stop_reason,events,domain_events,bytes,write_syscalls,short_writes,interrupted,max_iovecs,copied_bytes,barriers,cpu_ns,wall_ns,p50_ns,p95_ns,p99_ns,load1_before,load1_after
k_pwrite,process,250,10,1024,1024,4,0,domain,12,bytes,122880,122880,35241984,12288,0,0,0,0,0,14826884,14927901,1227169,1299369,1403579,3.880,3.880
stderr:

[2026-07-15T18:07:44.067960+00:00] e000527 /home/bob/src/mess/.maw/workspaces/bn-1zv6/spikes/pwritev_group/target/release/pwritev_group point-auto k_pwrite process 250 10 1024 4 domain 0
stdout:
variant,mode,payload,events_per_batch,owner_units,physical_batches,writers,chain,unit_shape,iterations,stop_reason,events,domain_events,bytes,write_syscalls,short_writes,interrupted,max_iovecs,copied_bytes,barriers,cpu_ns,wall_ns,p50_ns,p95_ns,p99_ns,load1_before,load1_after
k_pwrite,process,250,10,1024,1024,4,0,domain,12,bytes,122880,122880,35241984,12288,0,0,0,0,0,18029664,18136929,1217299,1244729,4747897,3.880,3.880
stderr:

[2026-07-15T18:07:45.098465+00:00] e000528 /home/bob/src/mess/.maw/workspaces/bn-1zv6/spikes/pwritev_group/target/release/pwritev_group point-auto copy_contiguous process 250 10 1024 4 domain 0
stdout:
variant,mode,payload,events_per_batch,owner_units,physical_batches,writers,chain,unit_shape,iterations,stop_reason,events,domain_events,bytes,write_syscalls,short_writes,interrupted,max_iovecs,copied_bytes,barriers,cpu_ns,wall_ns,p50_ns,p95_ns,p99_ns,load1_before,load1_after
copy_contiguous,process,250,10,1024,1024,4,0,domain,12,bytes,122880,122880,35241984,12,0,0,0,35241984,0,9937412,10157204,479799,1002719,4117597,3.880,3.880
stderr:

[2026-07-15T18:07:46.130449+00:00] e000529 /home/bob/src/mess/.maw/workspaces/bn-1zv6/spikes/pwritev_group/target/release/pwritev_group point-auto k_pwrite process 250 10 1024 4 new_name 0
stdout:
variant,mode,payload,events_per_batch,owner_units,physical_batches,writers,chain,unit_shape,iterations,stop_reason,events,domain_events,bytes,write_syscalls,short_writes,interrupted,max_iovecs,copied_bytes,barriers,cpu_ns,wall_ns,p50_ns,p95_ns,p99_ns,load1_before,load1_after
k_pwrite,process,250,10,1024,2048,4,0,new_name,11,bytes,123904,112640,33882112,22528,0,0,0,0,0,25396016,25604635,2060479,4498057,4498057,3.880,3.880
stderr:

[2026-07-15T18:07:47.162215+00:00] e000530 /home/bob/src/mess/.maw/workspaces/bn-1zv6/spikes/pwritev_group/target/release/pwritev_group point-auto pwritev_full_8m process 250 10 1024 4 new_name 0
stdout:
variant,mode,payload,events_per_batch,owner_units,physical_batches,writers,chain,unit_shape,iterations,stop_reason,events,domain_events,bytes,write_syscalls,short_writes,interrupted,max_iovecs,copied_bytes,barriers,cpu_ns,wall_ns,p50_ns,p95_ns,p99_ns,load1_before,load1_after
pwritev_full_8m,process,250,10,1024,2048,4,0,new_name,11,bytes,123904,112640,33882112,22,0,0,1024,0,0,3259571,3282907,298700,315529,315529,3.730,3.730
stderr:

[2026-07-15T18:07:48.185872+00:00] e000531 /home/bob/src/mess/.maw/workspaces/bn-1zv6/spikes/pwritev_group/target/release/pwritev_group point-auto pwritev_full_8m process 250 10 1024 4 new_name 0
stdout:
variant,mode,payload,events_per_batch,owner_units,physical_batches,writers,chain,unit_shape,iterations,stop_reason,events,domain_events,bytes,write_syscalls,short_writes,interrupted,max_iovecs,copied_bytes,barriers,cpu_ns,wall_ns,p50_ns,p95_ns,p99_ns,load1_before,load1_after
pwritev_full_8m,process,250,10,1024,2048,4,0,new_name,11,bytes,123904,112640,33882112,22,0,0,1024,0,0,3116641,3133058,284030,292700,292700,3.730,3.730
stderr:

[2026-07-15T18:07:49.214277+00:00] e000532 /home/bob/src/mess/.maw/workspaces/bn-1zv6/spikes/pwritev_group/target/release/pwritev_group point-auto k_pwrite process 250 10 1024 4 new_name 0
stdout:
variant,mode,payload,events_per_batch,owner_units,physical_batches,writers,chain,unit_shape,iterations,stop_reason,events,domain_events,bytes,write_syscalls,short_writes,interrupted,max_iovecs,copied_bytes,barriers,cpu_ns,wall_ns,p50_ns,p95_ns,p99_ns,load1_before,load1_after
k_pwrite,process,250,10,1024,2048,4,0,new_name,11,bytes,123904,112640,33882112,22528,0,0,0,0,0,25848117,26081545,2083109,5271697,5271697,3.730,3.730
stderr:

[2026-07-15T18:07:50.244890+00:00] e000533 /home/bob/src/mess/.maw/workspaces/bn-1zv6/spikes/pwritev_group/target/release/pwritev_group point-auto pwritev_256_8m process 250 10 1024 4 new_name 0
stdout:
variant,mode,payload,events_per_batch,owner_units,physical_batches,writers,chain,unit_shape,iterations,stop_reason,events,domain_events,bytes,write_syscalls,short_writes,interrupted,max_iovecs,copied_bytes,barriers,cpu_ns,wall_ns,p50_ns,p95_ns,p99_ns,load1_before,load1_after
pwritev_256_8m,process,250,10,1024,2048,4,0,new_name,11,bytes,123904,112640,33882112,88,0,0,256,0,0,3549451,3577168,317929,421640,421640,3.730,3.730
stderr:

[2026-07-15T18:07:51.270318+00:00] e000534 /home/bob/src/mess/.maw/workspaces/bn-1zv6/spikes/pwritev_group/target/release/pwritev_group point-auto k_pwrite process 250 10 1024 4 new_name 0
stdout:
variant,mode,payload,events_per_batch,owner_units,physical_batches,writers,chain,unit_shape,iterations,stop_reason,events,domain_events,bytes,write_syscalls,short_writes,interrupted,max_iovecs,copied_bytes,barriers,cpu_ns,wall_ns,p50_ns,p95_ns,p99_ns,load1_before,load1_after
k_pwrite,process,250,10,1024,2048,4,0,new_name,11,bytes,123904,112640,33882112,22528,0,0,0,0,0,21410736,21548607,1953269,2005149,2005149,3.730,3.730
stderr:

[2026-07-15T18:07:52.295431+00:00] e000535 /home/bob/src/mess/.maw/workspaces/bn-1zv6/spikes/pwritev_group/target/release/pwritev_group point-auto k_pwrite process 250 10 1024 4 new_name 0
stdout:
variant,mode,payload,events_per_batch,owner_units,physical_batches,writers,chain,unit_shape,iterations,stop_reason,events,domain_events,bytes,write_syscalls,short_writes,interrupted,max_iovecs,copied_bytes,barriers,cpu_ns,wall_ns,p50_ns,p95_ns,p99_ns,load1_before,load1_after
k_pwrite,process,250,10,1024,2048,4,0,new_name,11,bytes,123904,112640,33882112,22528,0,0,0,0,0,25479026,25690665,2016588,5342727,5342727,3.750,3.750
stderr:

[2026-07-15T18:07:53.317744+00:00] e000536 /home/bob/src/mess/.maw/workspaces/bn-1zv6/spikes/pwritev_group/target/release/pwritev_group point-auto pwritev_256_8m process 250 10 1024 4 new_name 0
stdout:
variant,mode,payload,events_per_batch,owner_units,physical_batches,writers,chain,unit_shape,iterations,stop_reason,events,domain_events,bytes,write_syscalls,short_writes,interrupted,max_iovecs,copied_bytes,barriers,cpu_ns,wall_ns,p50_ns,p95_ns,p99_ns,load1_before,load1_after
pwritev_256_8m,process,250,10,1024,2048,4,0,new_name,11,bytes,123904,112640,33882112,88,0,0,256,0,0,3486351,3503518,318210,350030,350030,3.750,3.750
stderr:

[2026-07-15T18:07:54.346479+00:00] e000537 /home/bob/src/mess/.maw/workspaces/bn-1zv6/spikes/pwritev_group/target/release/pwritev_group point-auto k_pwrite process 250 10 1024 4 new_name 0
stdout:
variant,mode,payload,events_per_batch,owner_units,physical_batches,writers,chain,unit_shape,iterations,stop_reason,events,domain_events,bytes,write_syscalls,short_writes,interrupted,max_iovecs,copied_bytes,barriers,cpu_ns,wall_ns,p50_ns,p95_ns,p99_ns,load1_before,load1_after
k_pwrite,process,250,10,1024,2048,4,0,new_name,11,bytes,123904,112640,33882112,22528,0,0,0,0,0,24082146,24303825,1967899,4124428,4124428,3.750,3.750
stderr:

[2026-07-15T18:07:55.376336+00:00] e000538 /home/bob/src/mess/.maw/workspaces/bn-1zv6/spikes/pwritev_group/target/release/pwritev_group point-auto pwritev_64_8m process 250 10 1024 4 new_name 0
stdout:
variant,mode,payload,events_per_batch,owner_units,physical_batches,writers,chain,unit_shape,iterations,stop_reason,events,domain_events,bytes,write_syscalls,short_writes,interrupted,max_iovecs,copied_bytes,barriers,cpu_ns,wall_ns,p50_ns,p95_ns,p99_ns,load1_before,load1_after
pwritev_64_8m,process,250,10,1024,2048,4,0,new_name,11,bytes,123904,112640,33882112,352,0,0,64,0,0,4184681,4211867,377400,416170,416170,3.750,3.750
stderr:

[2026-07-15T18:07:56.406949+00:00] e000539 /home/bob/src/mess/.maw/workspaces/bn-1zv6/spikes/pwritev_group/target/release/pwritev_group point-auto pwritev_64_8m process 250 10 1024 4 new_name 0
stdout:
variant,mode,payload,events_per_batch,owner_units,physical_batches,writers,chain,unit_shape,iterations,stop_reason,events,domain_events,bytes,write_syscalls,short_writes,interrupted,max_iovecs,copied_bytes,barriers,cpu_ns,wall_ns,p50_ns,p95_ns,p99_ns,load1_before,load1_after
pwritev_64_8m,process,250,10,1024,2048,4,0,new_name,11,bytes,123904,112640,33882112,352,0,0,64,0,0,4321241,4348837,380059,495149,495149,3.610,3.610
stderr:

[2026-07-15T18:07:57.430224+00:00] e000540 /home/bob/src/mess/.maw/workspaces/bn-1zv6/spikes/pwritev_group/target/release/pwritev_group point-auto k_pwrite process 250 10 1024 4 new_name 0
stdout:
variant,mode,payload,events_per_batch,owner_units,physical_batches,writers,chain,unit_shape,iterations,stop_reason,events,domain_events,bytes,write_syscalls,short_writes,interrupted,max_iovecs,copied_bytes,barriers,cpu_ns,wall_ns,p50_ns,p95_ns,p99_ns,load1_before,load1_after
k_pwrite,process,250,10,1024,2048,4,0,new_name,11,bytes,123904,112640,33882112,22528,0,0,0,0,0,24437557,24616436,2000869,4358497,4358497,3.610,3.610
stderr:

[2026-07-15T18:07:58.462306+00:00] e000541 /home/bob/src/mess/.maw/workspaces/bn-1zv6/spikes/pwritev_group/target/release/pwritev_group point-auto copy_contiguous process 250 10 1024 4 new_name 0
stdout:
variant,mode,payload,events_per_batch,owner_units,physical_batches,writers,chain,unit_shape,iterations,stop_reason,events,domain_events,bytes,write_syscalls,short_writes,interrupted,max_iovecs,copied_bytes,barriers,cpu_ns,wall_ns,p50_ns,p95_ns,p99_ns,load1_before,load1_after
copy_contiguous,process,250,10,1024,2048,4,0,new_name,11,bytes,123904,112640,33882112,11,0,0,0,33882112,0,5277061,5333697,481190,553680,553680,3.610,3.610
stderr:

[2026-07-15T18:07:59.492288+00:00] e000542 /home/bob/src/mess/.maw/workspaces/bn-1zv6/spikes/pwritev_group/target/release/pwritev_group point-auto k_pwrite process 250 10 1024 4 new_name 0
stdout:
variant,mode,payload,events_per_batch,owner_units,physical_batches,writers,chain,unit_shape,iterations,stop_reason,events,domain_events,bytes,write_syscalls,short_writes,interrupted,max_iovecs,copied_bytes,barriers,cpu_ns,wall_ns,p50_ns,p95_ns,p99_ns,load1_before,load1_after
k_pwrite,process,250,10,1024,2048,4,0,new_name,11,bytes,123904,112640,33882112,22528,0,0,0,0,0,23930086,24120695,1993709,4088768,4088768,3.610,3.610
stderr:

[2026-07-15T18:08:00.524412+00:00] e000543 /home/bob/src/mess/.maw/workspaces/bn-1zv6/spikes/pwritev_group/target/release/pwritev_group point-auto k_pwrite process 250 10 1024 4 new_name 0
stdout:
variant,mode,payload,events_per_batch,owner_units,physical_batches,writers,chain,unit_shape,iterations,stop_reason,events,domain_events,bytes,write_syscalls,short_writes,interrupted,max_iovecs,copied_bytes,barriers,cpu_ns,wall_ns,p50_ns,p95_ns,p99_ns,load1_before,load1_after
k_pwrite,process,250,10,1024,2048,4,0,new_name,11,bytes,123904,112640,33882112,22528,0,0,0,0,0,24166486,24343486,1992989,4143997,4143997,3.610,3.610
stderr:

[2026-07-15T18:08:01.552808+00:00] e000544 /home/bob/src/mess/.maw/workspaces/bn-1zv6/spikes/pwritev_group/target/release/pwritev_group point-auto copy_contiguous process 250 10 1024 4 new_name 0
stdout:
variant,mode,payload,events_per_batch,owner_units,physical_batches,writers,chain,unit_shape,iterations,stop_reason,events,domain_events,bytes,write_syscalls,short_writes,interrupted,max_iovecs,copied_bytes,barriers,cpu_ns,wall_ns,p50_ns,p95_ns,p99_ns,load1_before,load1_after
copy_contiguous,process,250,10,1024,2048,4,0,new_name,11,bytes,123904,112640,33882112,11,0,0,0,33882112,0,4964981,4999657,453569,471569,471569,3.400,3.400
stderr:

[2026-07-15T18:08:02.576639+00:00] e000545 /home/bob/src/mess/.maw/workspaces/bn-1zv6/spikes/pwritev_group/target/release/pwritev_group point-auto k_pwrite process 250 10 1025 4 domain 0
stdout:
variant,mode,payload,events_per_batch,owner_units,physical_batches,writers,chain,unit_shape,iterations,stop_reason,events,domain_events,bytes,write_syscalls,short_writes,interrupted,max_iovecs,copied_bytes,barriers,cpu_ns,wall_ns,p50_ns,p95_ns,p99_ns,load1_before,load1_after
k_pwrite,process,250,10,1025,1025,4,0,domain,12,bytes,123000,123000,35276400,12300,0,0,0,0,0,15088664,15173611,1254679,1324169,1392999,3.400,3.400
stderr:

[2026-07-15T18:08:03.602295+00:00] e000546 /home/bob/src/mess/.maw/workspaces/bn-1zv6/spikes/pwritev_group/target/release/pwritev_group point-auto pwritev_full_8m process 250 10 1025 4 domain 0
stdout:
variant,mode,payload,events_per_batch,owner_units,physical_batches,writers,chain,unit_shape,iterations,stop_reason,events,domain_events,bytes,write_syscalls,short_writes,interrupted,max_iovecs,copied_bytes,barriers,cpu_ns,wall_ns,p50_ns,p95_ns,p99_ns,load1_before,load1_after
pwritev_full_8m,process,250,10,1025,1025,4,0,domain,12,bytes,123000,123000,35276400,24,0,0,1024,0,0,6124481,6172147,241790,382310,3298947,3.400,3.400
stderr:

[2026-07-15T18:08:04.633208+00:00] e000547 /home/bob/src/mess/.maw/workspaces/bn-1zv6/spikes/pwritev_group/target/release/pwritev_group point-auto pwritev_full_8m process 250 10 1025 4 domain 0
stdout:
variant,mode,payload,events_per_batch,owner_units,physical_batches,writers,chain,unit_shape,iterations,stop_reason,events,domain_events,bytes,write_syscalls,short_writes,interrupted,max_iovecs,copied_bytes,barriers,cpu_ns,wall_ns,p50_ns,p95_ns,p99_ns,load1_before,load1_after
pwritev_full_8m,process,250,10,1025,1025,4,0,domain,12,bytes,123000,123000,35276400,24,0,0,1024,0,0,2890651,2905038,233770,282940,305280,3.400,3.400
stderr:

[2026-07-15T18:08:05.663527+00:00] e000548 /home/bob/src/mess/.maw/workspaces/bn-1zv6/spikes/pwritev_group/target/release/pwritev_group point-auto k_pwrite process 250 10 1025 4 domain 0
stdout:
variant,mode,payload,events_per_batch,owner_units,physical_batches,writers,chain,unit_shape,iterations,stop_reason,events,domain_events,bytes,write_syscalls,short_writes,interrupted,max_iovecs,copied_bytes,barriers,cpu_ns,wall_ns,p50_ns,p95_ns,p99_ns,load1_before,load1_after
k_pwrite,process,250,10,1025,1025,4,0,domain,12,bytes,123000,123000,35276400,12300,0,0,0,0,0,17358774,17496199,1298140,1378369,3415458,3.400,3.400
stderr:

[2026-07-15T18:08:06.685022+00:00] e000549 /home/bob/src/mess/.maw/workspaces/bn-1zv6/spikes/pwritev_group/target/release/pwritev_group point-auto pwritev_256_8m process 250 10 1025 4 domain 0
stdout:
variant,mode,payload,events_per_batch,owner_units,physical_batches,writers,chain,unit_shape,iterations,stop_reason,events,domain_events,bytes,write_syscalls,short_writes,interrupted,max_iovecs,copied_bytes,barriers,cpu_ns,wall_ns,p50_ns,p95_ns,p99_ns,load1_before,load1_after
pwritev_256_8m,process,250,10,1025,1025,4,0,domain,12,bytes,123000,123000,35276400,60,0,0,256,0,0,2914841,2943388,244319,251540,257419,3.130,3.130
stderr:

[2026-07-15T18:08:07.713314+00:00] e000550 /home/bob/src/mess/.maw/workspaces/bn-1zv6/spikes/pwritev_group/target/release/pwritev_group point-auto k_pwrite process 250 10 1025 4 domain 0
stdout:
variant,mode,payload,events_per_batch,owner_units,physical_batches,writers,chain,unit_shape,iterations,stop_reason,events,domain_events,bytes,write_syscalls,short_writes,interrupted,max_iovecs,copied_bytes,barriers,cpu_ns,wall_ns,p50_ns,p95_ns,p99_ns,load1_before,load1_after
k_pwrite,process,250,10,1025,1025,4,0,domain,12,bytes,123000,123000,35276400,12300,0,0,0,0,0,15272954,15419360,1258479,1440169,1506640,3.130,3.130
stderr:

[2026-07-15T18:08:08.742503+00:00] e000551 /home/bob/src/mess/.maw/workspaces/bn-1zv6/spikes/pwritev_group/target/release/pwritev_group point-auto k_pwrite process 250 10 1025 4 domain 0
stdout:
variant,mode,payload,events_per_batch,owner_units,physical_batches,writers,chain,unit_shape,iterations,stop_reason,events,domain_events,bytes,write_syscalls,short_writes,interrupted,max_iovecs,copied_bytes,barriers,cpu_ns,wall_ns,p50_ns,p95_ns,p99_ns,load1_before,load1_after
k_pwrite,process,250,10,1025,1025,4,0,domain,12,bytes,123000,123000,35276400,12300,0,0,0,0,0,14852074,14987721,1237999,1326760,1333409,3.130,3.130
stderr:

[2026-07-15T18:08:09.773167+00:00] e000552 /home/bob/src/mess/.maw/workspaces/bn-1zv6/spikes/pwritev_group/target/release/pwritev_group point-auto pwritev_256_8m process 250 10 1025 4 domain 0
stdout:
variant,mode,payload,events_per_batch,owner_units,physical_batches,writers,chain,unit_shape,iterations,stop_reason,events,domain_events,bytes,write_syscalls,short_writes,interrupted,max_iovecs,copied_bytes,barriers,cpu_ns,wall_ns,p50_ns,p95_ns,p99_ns,load1_before,load1_after
pwritev_256_8m,process,250,10,1025,1025,4,0,domain,12,bytes,123000,123000,35276400,60,0,0,256,0,0,3285730,3307088,272050,315730,317919,3.130,3.130
stderr:

[2026-07-15T18:08:10.804711+00:00] e000553 /home/bob/src/mess/.maw/workspaces/bn-1zv6/spikes/pwritev_group/target/release/pwritev_group point-auto k_pwrite process 250 10 1025 4 domain 0
stdout:
variant,mode,payload,events_per_batch,owner_units,physical_batches,writers,chain,unit_shape,iterations,stop_reason,events,domain_events,bytes,write_syscalls,short_writes,interrupted,max_iovecs,copied_bytes,barriers,cpu_ns,wall_ns,p50_ns,p95_ns,p99_ns,load1_before,load1_after
k_pwrite,process,250,10,1025,1025,4,0,domain,12,bytes,123000,123000,35276400,12300,0,0,0,0,0,14415363,14517511,1205429,1250049,1252919,3.130,3.130
stderr:

[2026-07-15T18:08:11.828505+00:00] e000554 /home/bob/src/mess/.maw/workspaces/bn-1zv6/spikes/pwritev_group/target/release/pwritev_group point-auto pwritev_64_8m process 250 10 1025 4 domain 0
stdout:
variant,mode,payload,events_per_batch,owner_units,physical_batches,writers,chain,unit_shape,iterations,stop_reason,events,domain_events,bytes,write_syscalls,short_writes,interrupted,max_iovecs,copied_bytes,barriers,cpu_ns,wall_ns,p50_ns,p95_ns,p99_ns,load1_before,load1_after
pwritev_64_8m,process,250,10,1025,1025,4,0,domain,12,bytes,123000,123000,35276400,204,0,0,64,0,0,3527071,3552688,299000,304850,310329,2.880,2.880
stderr:

[2026-07-15T18:08:12.848854+00:00] e000555 /home/bob/src/mess/.maw/workspaces/bn-1zv6/spikes/pwritev_group/target/release/pwritev_group point-auto pwritev_64_8m process 250 10 1025 4 domain 0
stdout:
variant,mode,payload,events_per_batch,owner_units,physical_batches,writers,chain,unit_shape,iterations,stop_reason,events,domain_events,bytes,write_syscalls,short_writes,interrupted,max_iovecs,copied_bytes,barriers,cpu_ns,wall_ns,p50_ns,p95_ns,p99_ns,load1_before,load1_after
pwritev_64_8m,process,250,10,1025,1025,4,0,domain,12,bytes,123000,123000,35276400,204,0,0,64,0,0,4028301,4059548,348179,358050,374260,2.880,2.880
stderr:

[2026-07-15T18:08:13.873073+00:00] e000556 /home/bob/src/mess/.maw/workspaces/bn-1zv6/spikes/pwritev_group/target/release/pwritev_group point-auto k_pwrite process 250 10 1025 4 domain 0
stdout:
variant,mode,payload,events_per_batch,owner_units,physical_batches,writers,chain,unit_shape,iterations,stop_reason,events,domain_events,bytes,write_syscalls,short_writes,interrupted,max_iovecs,copied_bytes,barriers,cpu_ns,wall_ns,p50_ns,p95_ns,p99_ns,load1_before,load1_after
k_pwrite,process,250,10,1025,1025,4,0,domain,12,bytes,123000,123000,35276400,12300,0,0,0,0,0,15704894,15831330,1213479,1532709,1596989,2.880,2.880
stderr:

[2026-07-15T18:08:14.905591+00:00] e000557 /home/bob/src/mess/.maw/workspaces/bn-1zv6/spikes/pwritev_group/target/release/pwritev_group point-auto copy_contiguous process 250 10 1025 4 domain 0
stdout:
variant,mode,payload,events_per_batch,owner_units,physical_batches,writers,chain,unit_shape,iterations,stop_reason,events,domain_events,bytes,write_syscalls,short_writes,interrupted,max_iovecs,copied_bytes,barriers,cpu_ns,wall_ns,p50_ns,p95_ns,p99_ns,load1_before,load1_after
copy_contiguous,process,250,10,1025,1025,4,0,domain,12,bytes,123000,123000,35276400,12,0,0,0,35276400,0,5177911,5203997,434459,442440,445880,2.880,2.880
stderr:

[2026-07-15T18:08:15.931136+00:00] e000558 /home/bob/src/mess/.maw/workspaces/bn-1zv6/spikes/pwritev_group/target/release/pwritev_group point-auto k_pwrite process 250 10 1025 4 domain 0
stdout:
variant,mode,payload,events_per_batch,owner_units,physical_batches,writers,chain,unit_shape,iterations,stop_reason,events,domain_events,bytes,write_syscalls,short_writes,interrupted,max_iovecs,copied_bytes,barriers,cpu_ns,wall_ns,p50_ns,p95_ns,p99_ns,load1_before,load1_after
k_pwrite,process,250,10,1025,1025,4,0,domain,12,bytes,123000,123000,35276400,12300,0,0,0,0,0,18125604,18347429,1220539,1486419,4645437,2.880,2.880
stderr:

[2026-07-15T18:08:16.960856+00:00] e000559 /home/bob/src/mess/.maw/workspaces/bn-1zv6/spikes/pwritev_group/target/release/pwritev_group point-auto k_pwrite process 250 10 1025 4 domain 0
stdout:
variant,mode,payload,events_per_batch,owner_units,physical_batches,writers,chain,unit_shape,iterations,stop_reason,events,domain_events,bytes,write_syscalls,short_writes,interrupted,max_iovecs,copied_bytes,barriers,cpu_ns,wall_ns,p50_ns,p95_ns,p99_ns,load1_before,load1_after
k_pwrite,process,250,10,1025,1025,4,0,domain,12,bytes,123000,123000,35276400,12300,0,0,0,0,0,16701515,16799840,1228769,1316140,3250648,2.650,2.650
stderr:

[2026-07-15T18:08:17.991807+00:00] e000560 /home/bob/src/mess/.maw/workspaces/bn-1zv6/spikes/pwritev_group/target/release/pwritev_group point-auto copy_contiguous process 250 10 1025 4 domain 0
stdout:
variant,mode,payload,events_per_batch,owner_units,physical_batches,writers,chain,unit_shape,iterations,stop_reason,events,domain_events,bytes,write_syscalls,short_writes,interrupted,max_iovecs,copied_bytes,barriers,cpu_ns,wall_ns,p50_ns,p95_ns,p99_ns,load1_before,load1_after
copy_contiguous,process,250,10,1025,1025,4,0,domain,12,bytes,123000,123000,35276400,12,0,0,0,35276400,0,5766641,5837386,459020,545630,646220,2.650,2.650
stderr:

[2026-07-15T18:08:19.020320+00:00] e000561 /home/bob/src/mess/.maw/workspaces/bn-1zv6/spikes/pwritev_group/target/release/pwritev_group point-auto k_pwrite process 250 10 1025 4 new_name 0
stdout:
variant,mode,payload,events_per_batch,owner_units,physical_batches,writers,chain,unit_shape,iterations,stop_reason,events,domain_events,bytes,write_syscalls,short_writes,interrupted,max_iovecs,copied_bytes,barriers,cpu_ns,wall_ns,p50_ns,p95_ns,p99_ns,load1_before,load1_after
k_pwrite,process,250,10,1025,2050,4,0,new_name,11,bytes,124025,112750,33915200,22550,0,0,0,0,0,25135527,25356235,2162128,3879787,3879787,2.650,2.650
stderr:

[2026-07-15T18:08:20.047821+00:00] e000562 /home/bob/src/mess/.maw/workspaces/bn-1zv6/spikes/pwritev_group/target/release/pwritev_group point-auto pwritev_full_8m process 250 10 1025 4 new_name 0
stdout:
variant,mode,payload,events_per_batch,owner_units,physical_batches,writers,chain,unit_shape,iterations,stop_reason,events,domain_events,bytes,write_syscalls,short_writes,interrupted,max_iovecs,copied_bytes,barriers,cpu_ns,wall_ns,p50_ns,p95_ns,p99_ns,load1_before,load1_after
pwritev_full_8m,process,250,10,1025,2050,4,0,new_name,11,bytes,124025,112750,33915200,33,0,0,1024,0,0,3365331,3394348,295140,366030,366030,2.650,2.650
stderr:

[2026-07-15T18:08:21.078043+00:00] e000563 /home/bob/src/mess/.maw/workspaces/bn-1zv6/spikes/pwritev_group/target/release/pwritev_group point-auto pwritev_full_8m process 250 10 1025 4 new_name 0
stdout:
variant,mode,payload,events_per_batch,owner_units,physical_batches,writers,chain,unit_shape,iterations,stop_reason,events,domain_events,bytes,write_syscalls,short_writes,interrupted,max_iovecs,copied_bytes,barriers,cpu_ns,wall_ns,p50_ns,p95_ns,p99_ns,load1_before,load1_after
pwritev_full_8m,process,250,10,1025,2050,4,0,new_name,11,bytes,124025,112750,33915200,33,0,0,1024,0,0,3270881,3296408,294929,352080,352080,2.650,2.650
stderr:

[2026-07-15T18:08:22.108285+00:00] e000564 /home/bob/src/mess/.maw/workspaces/bn-1zv6/spikes/pwritev_group/target/release/pwritev_group point-auto k_pwrite process 250 10 1025 4 new_name 0
stdout:
variant,mode,payload,events_per_batch,owner_units,physical_batches,writers,chain,unit_shape,iterations,stop_reason,events,domain_events,bytes,write_syscalls,short_writes,interrupted,max_iovecs,copied_bytes,barriers,cpu_ns,wall_ns,p50_ns,p95_ns,p99_ns,load1_before,load1_after
k_pwrite,process,250,10,1025,2050,4,0,new_name,11,bytes,124025,112750,33915200,22550,0,0,0,0,0,21739955,21891667,1994189,2011619,2011619,2.520,2.520
stderr:

[2026-07-15T18:08:23.132211+00:00] e000565 /home/bob/src/mess/.maw/workspaces/bn-1zv6/spikes/pwritev_group/target/release/pwritev_group point-auto pwritev_256_8m process 250 10 1025 4 new_name 0
stdout:
variant,mode,payload,events_per_batch,owner_units,physical_batches,writers,chain,unit_shape,iterations,stop_reason,events,domain_events,bytes,write_syscalls,short_writes,interrupted,max_iovecs,copied_bytes,barriers,cpu_ns,wall_ns,p50_ns,p95_ns,p99_ns,load1_before,load1_after
pwritev_256_8m,process,250,10,1025,2050,4,0,new_name,11,bytes,124025,112750,33915200,99,0,0,256,0,0,5901041,5937056,314940,2571819,2571819,2.520,2.520
stderr:

[2026-07-15T18:08:24.158189+00:00] e000566 /home/bob/src/mess/.maw/workspaces/bn-1zv6/spikes/pwritev_group/target/release/pwritev_group point-auto k_pwrite process 250 10 1025 4 new_name 0
stdout:
variant,mode,payload,events_per_batch,owner_units,physical_batches,writers,chain,unit_shape,iterations,stop_reason,events,domain_events,bytes,write_syscalls,short_writes,interrupted,max_iovecs,copied_bytes,barriers,cpu_ns,wall_ns,p50_ns,p95_ns,p99_ns,load1_before,load1_after
k_pwrite,process,250,10,1025,2050,4,0,new_name,11,bytes,124025,112750,33915200,22550,0,0,0,0,0,25719527,25981975,2059359,5412897,5412897,2.520,2.520
stderr:

[2026-07-15T18:08:25.186211+00:00] e000567 /home/bob/src/mess/.maw/workspaces/bn-1zv6/spikes/pwritev_group/target/release/pwritev_group point-auto k_pwrite process 250 10 1025 4 new_name 0
stdout:
variant,mode,payload,events_per_batch,owner_units,physical_batches,writers,chain,unit_shape,iterations,stop_reason,events,domain_events,bytes,write_syscalls,short_writes,interrupted,max_iovecs,copied_bytes,barriers,cpu_ns,wall_ns,p50_ns,p95_ns,p99_ns,load1_before,load1_after
k_pwrite,process,250,10,1025,2050,4,0,new_name,11,bytes,124025,112750,33915200,22550,0,0,0,0,0,23986966,24179266,2012129,2965749,2965749,2.520,2.520
stderr:

[2026-07-15T18:08:26.213985+00:00] e000568 /home/bob/src/mess/.maw/workspaces/bn-1zv6/spikes/pwritev_group/target/release/pwritev_group point-auto pwritev_256_8m process 250 10 1025 4 new_name 0
stdout:
variant,mode,payload,events_per_batch,owner_units,physical_batches,writers,chain,unit_shape,iterations,stop_reason,events,domain_events,bytes,write_syscalls,short_writes,interrupted,max_iovecs,copied_bytes,barriers,cpu_ns,wall_ns,p50_ns,p95_ns,p99_ns,load1_before,load1_after
pwritev_256_8m,process,250,10,1025,2050,4,0,new_name,11,bytes,124025,112750,33915200,99,0,0,256,0,0,3465971,3488408,309720,382190,382190,2.520,2.520
stderr:

[2026-07-15T18:08:27.238463+00:00] e000569 /home/bob/src/mess/.maw/workspaces/bn-1zv6/spikes/pwritev_group/target/release/pwritev_group point-auto k_pwrite process 250 10 1025 4 new_name 0
stdout:
variant,mode,payload,events_per_batch,owner_units,physical_batches,writers,chain,unit_shape,iterations,stop_reason,events,domain_events,bytes,write_syscalls,short_writes,interrupted,max_iovecs,copied_bytes,barriers,cpu_ns,wall_ns,p50_ns,p95_ns,p99_ns,load1_before,load1_after
k_pwrite,process,250,10,1025,2050,4,0,new_name,11,bytes,124025,112750,33915200,22550,0,0,0,0,0,22006845,22165007,1996119,2151439,2151439,2.400,2.400
stderr:

[2026-07-15T18:08:28.262770+00:00] e000570 /home/bob/src/mess/.maw/workspaces/bn-1zv6/spikes/pwritev_group/target/release/pwritev_group point-auto pwritev_64_8m process 250 10 1025 4 new_name 0
stdout:
variant,mode,payload,events_per_batch,owner_units,physical_batches,writers,chain,unit_shape,iterations,stop_reason,events,domain_events,bytes,write_syscalls,short_writes,interrupted,max_iovecs,copied_bytes,barriers,cpu_ns,wall_ns,p50_ns,p95_ns,p99_ns,load1_before,load1_after
pwritev_64_8m,process,250,10,1025,2050,4,0,new_name,11,bytes,124025,112750,33915200,363,0,0,64,0,0,4527731,4579137,397600,503060,503060,2.400,2.400
stderr:

[2026-07-15T18:08:29.293982+00:00] e000571 /home/bob/src/mess/.maw/workspaces/bn-1zv6/spikes/pwritev_group/target/release/pwritev_group point-auto pwritev_64_8m process 250 10 1025 4 new_name 0
stdout:
variant,mode,payload,events_per_batch,owner_units,physical_batches,writers,chain,unit_shape,iterations,stop_reason,events,domain_events,bytes,write_syscalls,short_writes,interrupted,max_iovecs,copied_bytes,barriers,cpu_ns,wall_ns,p50_ns,p95_ns,p99_ns,load1_before,load1_after
pwritev_64_8m,process,250,10,1025,2050,4,0,new_name,11,bytes,124025,112750,33915200,363,0,0,64,0,0,4444571,4575998,398700,484910,484910,2.400,2.400
stderr:

[2026-07-15T18:08:30.315908+00:00] e000572 /home/bob/src/mess/.maw/workspaces/bn-1zv6/spikes/pwritev_group/target/release/pwritev_group point-auto k_pwrite process 250 10 1025 4 new_name 0
stdout:
variant,mode,payload,events_per_batch,owner_units,physical_batches,writers,chain,unit_shape,iterations,stop_reason,events,domain_events,bytes,write_syscalls,short_writes,interrupted,max_iovecs,copied_bytes,barriers,cpu_ns,wall_ns,p50_ns,p95_ns,p99_ns,load1_before,load1_after
k_pwrite,process,250,10,1025,2050,4,0,new_name,11,bytes,124025,112750,33915200,22550,0,0,0,0,0,24897546,25161325,2116729,3995788,3995788,2.400,2.400
stderr:

[2026-07-15T18:08:31.352128+00:00] e000573 /home/bob/src/mess/.maw/workspaces/bn-1zv6/spikes/pwritev_group/target/release/pwritev_group point-auto copy_contiguous process 250 10 1025 4 new_name 0
stdout:
variant,mode,payload,events_per_batch,owner_units,physical_batches,writers,chain,unit_shape,iterations,stop_reason,events,domain_events,bytes,write_syscalls,short_writes,interrupted,max_iovecs,copied_bytes,barriers,cpu_ns,wall_ns,p50_ns,p95_ns,p99_ns,load1_before,load1_after
copy_contiguous,process,250,10,1025,2050,4,0,new_name,11,bytes,124025,112750,33915200,11,0,0,0,33915200,0,5114581,5150457,465870,505590,505590,2.400,2.400
stderr:

[2026-07-15T18:08:32.380372+00:00] e000574 /home/bob/src/mess/.maw/workspaces/bn-1zv6/spikes/pwritev_group/target/release/pwritev_group point-auto k_pwrite process 250 10 1025 4 new_name 0
stdout:
variant,mode,payload,events_per_batch,owner_units,physical_batches,writers,chain,unit_shape,iterations,stop_reason,events,domain_events,bytes,write_syscalls,short_writes,interrupted,max_iovecs,copied_bytes,barriers,cpu_ns,wall_ns,p50_ns,p95_ns,p99_ns,load1_before,load1_after
k_pwrite,process,250,10,1025,2050,4,0,new_name,11,bytes,124025,112750,33915200,22550,0,0,0,0,0,24938107,25146395,1995199,4975667,4975667,2.440,2.440
stderr:

[2026-07-15T18:08:33.405802+00:00] e000575 /home/bob/src/mess/.maw/workspaces/bn-1zv6/spikes/pwritev_group/target/release/pwritev_group point-auto k_pwrite process 250 10 1025 4 new_name 0
stdout:
variant,mode,payload,events_per_batch,owner_units,physical_batches,writers,chain,unit_shape,iterations,stop_reason,events,domain_events,bytes,write_syscalls,short_writes,interrupted,max_iovecs,copied_bytes,barriers,cpu_ns,wall_ns,p50_ns,p95_ns,p99_ns,load1_before,load1_after
k_pwrite,process,250,10,1025,2050,4,0,new_name,11,bytes,124025,112750,33915200,22550,0,0,0,0,0,22691905,23400586,2138699,2547368,2547368,2.440,2.440
stderr:

[2026-07-15T18:08:34.431502+00:00] e000576 /home/bob/src/mess/.maw/workspaces/bn-1zv6/spikes/pwritev_group/target/release/pwritev_group point-auto copy_contiguous process 250 10 1025 4 new_name 0
stdout:
variant,mode,payload,events_per_batch,owner_units,physical_batches,writers,chain,unit_shape,iterations,stop_reason,events,domain_events,bytes,write_syscalls,short_writes,interrupted,max_iovecs,copied_bytes,barriers,cpu_ns,wall_ns,p50_ns,p95_ns,p99_ns,load1_before,load1_after
copy_contiguous,process,250,10,1025,2050,4,0,new_name,11,bytes,124025,112750,33915200,11,0,0,0,33915200,0,8593773,8838565,477280,4081078,4081078,2.440,2.440
stderr:

[2026-07-15T18:08:35.453559+00:00] e000577 /home/bob/src/mess/.maw/workspaces/bn-1zv6/spikes/pwritev_group/target/release/pwritev_group point-auto k_pwrite process 250 100 2 2 domain 0
stdout:
variant,mode,payload,events_per_batch,owner_units,physical_batches,writers,chain,unit_shape,iterations,stop_reason,events,domain_events,bytes,write_syscalls,short_writes,interrupted,max_iovecs,copied_bytes,barriers,cpu_ns,wall_ns,p50_ns,p95_ns,p99_ns,load1_before,load1_after
k_pwrite,process,250,100,2,2,2,0,domain,602,bytes,120400,120400,33577152,1204,0,0,0,0,0,3413981,3443718,5480,5720,10950,2.440,2.440
stderr:

[2026-07-15T18:08:36.475207+00:00] e000578 /home/bob/src/mess/.maw/workspaces/bn-1zv6/spikes/pwritev_group/target/release/pwritev_group point-auto pwritev_full_8m process 250 100 2 2 domain 0
stdout:
variant,mode,payload,events_per_batch,owner_units,physical_batches,writers,chain,unit_shape,iterations,stop_reason,events,domain_events,bytes,write_syscalls,short_writes,interrupted,max_iovecs,copied_bytes,barriers,cpu_ns,wall_ns,p50_ns,p95_ns,p99_ns,load1_before,load1_after
pwritev_full_8m,process,250,100,2,2,2,0,domain,602,bytes,120400,120400,33577152,602,0,0,2,0,0,2609120,2622528,4180,5010,6440,2.410,2.410
stderr:

[2026-07-15T18:08:37.499609+00:00] e000579 /home/bob/src/mess/.maw/workspaces/bn-1zv6/spikes/pwritev_group/target/release/pwritev_group point-auto pwritev_full_8m process 250 100 2 2 domain 0
stdout:
variant,mode,payload,events_per_batch,owner_units,physical_batches,writers,chain,unit_shape,iterations,stop_reason,events,domain_events,bytes,write_syscalls,short_writes,interrupted,max_iovecs,copied_bytes,barriers,cpu_ns,wall_ns,p50_ns,p95_ns,p99_ns,load1_before,load1_after
pwritev_full_8m,process,250,100,2,2,2,0,domain,602,bytes,120400,120400,33577152,602,0,0,2,0,0,2769881,2796289,4410,4850,8060,2.410,2.410
stderr:

[2026-07-15T18:08:38.531847+00:00] e000580 /home/bob/src/mess/.maw/workspaces/bn-1zv6/spikes/pwritev_group/target/release/pwritev_group point-auto k_pwrite process 250 100 2 2 domain 0
stdout:
variant,mode,payload,events_per_batch,owner_units,physical_batches,writers,chain,unit_shape,iterations,stop_reason,events,domain_events,bytes,write_syscalls,short_writes,interrupted,max_iovecs,copied_bytes,barriers,cpu_ns,wall_ns,p50_ns,p95_ns,p99_ns,load1_before,load1_after
k_pwrite,process,250,100,2,2,2,0,domain,602,bytes,120400,120400,33577152,1204,0,0,0,0,0,3611021,3777158,5590,8650,18830,2.410,2.410
stderr:

[2026-07-15T18:08:39.564908+00:00] e000581 /home/bob/src/mess/.maw/workspaces/bn-1zv6/spikes/pwritev_group/target/release/pwritev_group point-auto copy_contiguous process 250 100 2 2 domain 0
stdout:
variant,mode,payload,events_per_batch,owner_units,physical_batches,writers,chain,unit_shape,iterations,stop_reason,events,domain_events,bytes,write_syscalls,short_writes,interrupted,max_iovecs,copied_bytes,barriers,cpu_ns,wall_ns,p50_ns,p95_ns,p99_ns,load1_before,load1_after
copy_contiguous,process,250,100,2,2,2,0,domain,602,bytes,120400,120400,33577152,602,0,0,0,33577152,0,3137761,3197338,4980,5900,12450,2.410,2.410
stderr:

[2026-07-15T18:08:40.596518+00:00] e000582 /home/bob/src/mess/.maw/workspaces/bn-1zv6/spikes/pwritev_group/target/release/pwritev_group point-auto k_pwrite process 250 100 2 2 domain 0
stdout:
variant,mode,payload,events_per_batch,owner_units,physical_batches,writers,chain,unit_shape,iterations,stop_reason,events,domain_events,bytes,write_syscalls,short_writes,interrupted,max_iovecs,copied_bytes,barriers,cpu_ns,wall_ns,p50_ns,p95_ns,p99_ns,load1_before,load1_after
k_pwrite,process,250,100,2,2,2,0,domain,602,bytes,120400,120400,33577152,1204,0,0,0,0,0,3387131,3421898,5450,5590,10270,2.410,2.410
stderr:

[2026-07-15T18:08:41.618322+00:00] e000583 /home/bob/src/mess/.maw/workspaces/bn-1zv6/spikes/pwritev_group/target/release/pwritev_group point-auto k_pwrite process 250 100 2 2 domain 0
stdout:
variant,mode,payload,events_per_batch,owner_units,physical_batches,writers,chain,unit_shape,iterations,stop_reason,events,domain_events,bytes,write_syscalls,short_writes,interrupted,max_iovecs,copied_bytes,barriers,cpu_ns,wall_ns,p50_ns,p95_ns,p99_ns,load1_before,load1_after
k_pwrite,process,250,100,2,2,2,0,domain,602,bytes,120400,120400,33577152,1204,0,0,0,0,0,3403480,3435208,5450,6070,8880,2.380,2.380
stderr:

[2026-07-15T18:08:42.643220+00:00] e000584 /home/bob/src/mess/.maw/workspaces/bn-1zv6/spikes/pwritev_group/target/release/pwritev_group point-auto copy_contiguous process 250 100 2 2 domain 0
stdout:
variant,mode,payload,events_per_batch,owner_units,physical_batches,writers,chain,unit_shape,iterations,stop_reason,events,domain_events,bytes,write_syscalls,short_writes,interrupted,max_iovecs,copied_bytes,barriers,cpu_ns,wall_ns,p50_ns,p95_ns,p99_ns,load1_before,load1_after
copy_contiguous,process,250,100,2,2,2,0,domain,602,bytes,120400,120400,33577152,602,0,0,0,33577152,0,3192151,3202859,4970,7400,9450,2.380,2.380
stderr:

[2026-07-15T18:08:43.674899+00:00] e000585 /home/bob/src/mess/.maw/workspaces/bn-1zv6/spikes/pwritev_group/target/release/pwritev_group point-auto k_pwrite process 250 100 2 2 new_name 0
stdout:
variant,mode,payload,events_per_batch,owner_units,physical_batches,writers,chain,unit_shape,iterations,stop_reason,events,domain_events,bytes,write_syscalls,short_writes,interrupted,max_iovecs,copied_bytes,barriers,cpu_ns,wall_ns,p50_ns,p95_ns,p99_ns,load1_before,load1_after
k_pwrite,process,250,100,2,4,2,0,new_name,599,bytes,120998,119800,33577544,2396,0,0,0,0,0,4317201,4365268,6960,8600,11430,2.380,2.380
stderr:

[2026-07-15T18:08:44.703218+00:00] e000586 /home/bob/src/mess/.maw/workspaces/bn-1zv6/spikes/pwritev_group/target/release/pwritev_group point-auto pwritev_full_8m process 250 100 2 2 new_name 0
stdout:
variant,mode,payload,events_per_batch,owner_units,physical_batches,writers,chain,unit_shape,iterations,stop_reason,events,domain_events,bytes,write_syscalls,short_writes,interrupted,max_iovecs,copied_bytes,barriers,cpu_ns,wall_ns,p50_ns,p95_ns,p99_ns,load1_before,load1_after
pwritev_full_8m,process,250,100,2,4,2,0,new_name,599,bytes,120998,119800,33577544,599,0,0,4,0,0,2687861,2717769,4270,5480,6970,2.380,2.380
stderr:

[2026-07-15T18:08:45.733428+00:00] e000587 /home/bob/src/mess/.maw/workspaces/bn-1zv6/spikes/pwritev_group/target/release/pwritev_group point-auto pwritev_full_8m process 250 100 2 2 new_name 0
stdout:
variant,mode,payload,events_per_batch,owner_units,physical_batches,writers,chain,unit_shape,iterations,stop_reason,events,domain_events,bytes,write_syscalls,short_writes,interrupted,max_iovecs,copied_bytes,barriers,cpu_ns,wall_ns,p50_ns,p95_ns,p99_ns,load1_before,load1_after
pwritev_full_8m,process,250,100,2,4,2,0,new_name,599,bytes,120998,119800,33577544,599,0,0,4,0,0,2648381,2675358,4230,4470,8780,2.380,2.380
stderr:

[2026-07-15T18:08:46.764464+00:00] e000588 /home/bob/src/mess/.maw/workspaces/bn-1zv6/spikes/pwritev_group/target/release/pwritev_group point-auto k_pwrite process 250 100 2 2 new_name 0
stdout:
variant,mode,payload,events_per_batch,owner_units,physical_batches,writers,chain,unit_shape,iterations,stop_reason,events,domain_events,bytes,write_syscalls,short_writes,interrupted,max_iovecs,copied_bytes,barriers,cpu_ns,wall_ns,p50_ns,p95_ns,p99_ns,load1_before,load1_after
k_pwrite,process,250,100,2,4,2,0,new_name,599,bytes,120998,119800,33577544,2396,0,0,0,0,0,4326411,4372027,6890,9140,10310,2.350,2.350
stderr:

[2026-07-15T18:08:47.786210+00:00] e000589 /home/bob/src/mess/.maw/workspaces/bn-1zv6/spikes/pwritev_group/target/release/pwritev_group point-auto copy_contiguous process 250 100 2 2 new_name 0
stdout:
variant,mode,payload,events_per_batch,owner_units,physical_batches,writers,chain,unit_shape,iterations,stop_reason,events,domain_events,bytes,write_syscalls,short_writes,interrupted,max_iovecs,copied_bytes,barriers,cpu_ns,wall_ns,p50_ns,p95_ns,p99_ns,load1_before,load1_after
copy_contiguous,process,250,100,2,4,2,0,new_name,599,bytes,120998,119800,33577544,599,0,0,0,33577544,0,3220321,3258008,5240,5500,7920,2.350,2.350
stderr:

[2026-07-15T18:08:48.809204+00:00] e000590 /home/bob/src/mess/.maw/workspaces/bn-1zv6/spikes/pwritev_group/target/release/pwritev_group point-auto k_pwrite process 250 100 2 2 new_name 0
stdout:
variant,mode,payload,events_per_batch,owner_units,physical_batches,writers,chain,unit_shape,iterations,stop_reason,events,domain_events,bytes,write_syscalls,short_writes,interrupted,max_iovecs,copied_bytes,barriers,cpu_ns,wall_ns,p50_ns,p95_ns,p99_ns,load1_before,load1_after
k_pwrite,process,250,100,2,4,2,0,new_name,599,bytes,120998,119800,33577544,2396,0,0,0,0,0,5864811,7941205,6960,9650,30860,2.350,2.350
stderr:

[2026-07-15T18:08:49.834381+00:00] e000591 /home/bob/src/mess/.maw/workspaces/bn-1zv6/spikes/pwritev_group/target/release/pwritev_group point-auto k_pwrite process 250 100 2 2 new_name 0
stdout:
variant,mode,payload,events_per_batch,owner_units,physical_batches,writers,chain,unit_shape,iterations,stop_reason,events,domain_events,bytes,write_syscalls,short_writes,interrupted,max_iovecs,copied_bytes,barriers,cpu_ns,wall_ns,p50_ns,p95_ns,p99_ns,load1_before,load1_after
k_pwrite,process,250,100,2,4,2,0,new_name,599,bytes,120998,119800,33577544,2396,0,0,0,0,0,4234181,4264858,6850,8140,10340,2.350,2.350
stderr:

[2026-07-15T18:08:50.867047+00:00] e000592 /home/bob/src/mess/.maw/workspaces/bn-1zv6/spikes/pwritev_group/target/release/pwritev_group point-auto copy_contiguous process 250 100 2 2 new_name 0
stdout:
variant,mode,payload,events_per_batch,owner_units,physical_batches,writers,chain,unit_shape,iterations,stop_reason,events,domain_events,bytes,write_syscalls,short_writes,interrupted,max_iovecs,copied_bytes,barriers,cpu_ns,wall_ns,p50_ns,p95_ns,p99_ns,load1_before,load1_after
copy_contiguous,process,250,100,2,4,2,0,new_name,599,bytes,120998,119800,33577544,599,0,0,0,33577544,0,3222821,3238468,5230,5870,7620,2.350,2.350
stderr:

[2026-07-15T18:08:51.899618+00:00] e000593 /home/bob/src/mess/.maw/workspaces/bn-1zv6/spikes/pwritev_group/target/release/pwritev_group point-auto k_pwrite process 250 100 4 4 domain 0
stdout:
variant,mode,payload,events_per_batch,owner_units,physical_batches,writers,chain,unit_shape,iterations,stop_reason,events,domain_events,bytes,write_syscalls,short_writes,interrupted,max_iovecs,copied_bytes,barriers,cpu_ns,wall_ns,p50_ns,p95_ns,p99_ns,load1_before,load1_after
k_pwrite,process,250,100,4,4,4,0,domain,301,bytes,120400,120400,33577152,1204,0,0,0,0,0,3701371,3753397,11320,18390,22150,2.240,2.240
stderr:

[2026-07-15T18:08:52.923977+00:00] e000594 /home/bob/src/mess/.maw/workspaces/bn-1zv6/spikes/pwritev_group/target/release/pwritev_group point-auto pwritev_full_8m process 250 100 4 4 domain 0
stdout:
variant,mode,payload,events_per_batch,owner_units,physical_batches,writers,chain,unit_shape,iterations,stop_reason,events,domain_events,bytes,write_syscalls,short_writes,interrupted,max_iovecs,copied_bytes,barriers,cpu_ns,wall_ns,p50_ns,p95_ns,p99_ns,load1_before,load1_after
pwritev_full_8m,process,250,100,4,4,4,0,domain,301,bytes,120400,120400,33577152,301,0,0,4,0,0,2177890,2201919,6450,11120,15420,2.240,2.240
stderr:

[2026-07-15T18:08:53.952453+00:00] e000595 /home/bob/src/mess/.maw/workspaces/bn-1zv6/spikes/pwritev_group/target/release/pwritev_group point-auto pwritev_full_8m process 250 100 4 4 domain 0
stdout:
variant,mode,payload,events_per_batch,owner_units,physical_batches,writers,chain,unit_shape,iterations,stop_reason,events,domain_events,bytes,write_syscalls,short_writes,interrupted,max_iovecs,copied_bytes,barriers,cpu_ns,wall_ns,p50_ns,p95_ns,p99_ns,load1_before,load1_after
pwritev_full_8m,process,250,100,4,4,4,0,domain,301,bytes,120400,120400,33577152,301,0,0,4,0,0,2028991,2044839,6340,8450,14490,2.240,2.240
stderr:

[2026-07-15T18:08:54.980291+00:00] e000596 /home/bob/src/mess/.maw/workspaces/bn-1zv6/spikes/pwritev_group/target/release/pwritev_group point-auto k_pwrite process 250 100 4 4 domain 0
stdout:
variant,mode,payload,events_per_batch,owner_units,physical_batches,writers,chain,unit_shape,iterations,stop_reason,events,domain_events,bytes,write_syscalls,short_writes,interrupted,max_iovecs,copied_bytes,barriers,cpu_ns,wall_ns,p50_ns,p95_ns,p99_ns,load1_before,load1_after
k_pwrite,process,250,100,4,4,4,0,domain,301,bytes,120400,120400,33577152,1204,0,0,0,0,0,3480571,3518938,11260,11930,17810,2.240,2.240
stderr:

[2026-07-15T18:08:56.008688+00:00] e000597 /home/bob/src/mess/.maw/workspaces/bn-1zv6/spikes/pwritev_group/target/release/pwritev_group point-auto copy_contiguous process 250 100 4 4 domain 0
stdout:
variant,mode,payload,events_per_batch,owner_units,physical_batches,writers,chain,unit_shape,iterations,stop_reason,events,domain_events,bytes,write_syscalls,short_writes,interrupted,max_iovecs,copied_bytes,barriers,cpu_ns,wall_ns,p50_ns,p95_ns,p99_ns,load1_before,load1_after
copy_contiguous,process,250,100,4,4,4,0,domain,301,bytes,120400,120400,33577152,301,0,0,0,33577152,0,3287651,3318668,10320,16180,20070,2.240,2.240
stderr:

[2026-07-15T18:08:57.039841+00:00] e000598 /home/bob/src/mess/.maw/workspaces/bn-1zv6/spikes/pwritev_group/target/release/pwritev_group point-auto k_pwrite process 250 100 4 4 domain 0
stdout:
variant,mode,payload,events_per_batch,owner_units,physical_batches,writers,chain,unit_shape,iterations,stop_reason,events,domain_events,bytes,write_syscalls,short_writes,interrupted,max_iovecs,copied_bytes,barriers,cpu_ns,wall_ns,p50_ns,p95_ns,p99_ns,load1_before,load1_after
k_pwrite,process,250,100,4,4,4,0,domain,301,bytes,120400,120400,33577152,1204,0,0,0,0,0,4146542,4187857,11749,19530,26470,2.220,2.220
stderr:

[2026-07-15T18:08:58.070490+00:00] e000599 /home/bob/src/mess/.maw/workspaces/bn-1zv6/spikes/pwritev_group/target/release/pwritev_group point-auto k_pwrite process 250 100 4 4 domain 0
stdout:
variant,mode,payload,events_per_batch,owner_units,physical_batches,writers,chain,unit_shape,iterations,stop_reason,events,domain_events,bytes,write_syscalls,short_writes,interrupted,max_iovecs,copied_bytes,barriers,cpu_ns,wall_ns,p50_ns,p95_ns,p99_ns,load1_before,load1_after
k_pwrite,process,250,100,4,4,4,0,domain,301,bytes,120400,120400,33577152,1204,0,0,0,0,0,3967721,4001328,12460,17080,21870,2.220,2.220
stderr:

[2026-07-15T18:08:59.104671+00:00] e000600 /home/bob/src/mess/.maw/workspaces/bn-1zv6/spikes/pwritev_group/target/release/pwritev_group point-auto copy_contiguous process 250 100 4 4 domain 0
stdout:
variant,mode,payload,events_per_batch,owner_units,physical_batches,writers,chain,unit_shape,iterations,stop_reason,events,domain_events,bytes,write_syscalls,short_writes,interrupted,max_iovecs,copied_bytes,barriers,cpu_ns,wall_ns,p50_ns,p95_ns,p99_ns,load1_before,load1_after
copy_contiguous,process,250,100,4,4,4,0,domain,301,bytes,120400,120400,33577152,301,0,0,0,33577152,0,2662801,2683828,8240,13230,17950,2.220,2.220
stderr:

[2026-07-15T18:09:00.136999+00:00] e000601 /home/bob/src/mess/.maw/workspaces/bn-1zv6/spikes/pwritev_group/target/release/pwritev_group point-auto k_pwrite process 250 100 4 4 new_name 0
stdout:
variant,mode,payload,events_per_batch,owner_units,physical_batches,writers,chain,unit_shape,iterations,stop_reason,events,domain_events,bytes,write_syscalls,short_writes,interrupted,max_iovecs,copied_bytes,barriers,cpu_ns,wall_ns,p50_ns,p95_ns,p99_ns,load1_before,load1_after
k_pwrite,process,250,100,4,8,4,0,new_name,300,bytes,121200,120000,33633600,2400,0,0,0,0,0,5562242,5608447,19100,22470,30300,2.220,2.220
stderr:

[2026-07-15T18:09:01.169098+00:00] e000602 /home/bob/src/mess/.maw/workspaces/bn-1zv6/spikes/pwritev_group/target/release/pwritev_group point-auto pwritev_full_8m process 250 100 4 4 new_name 0
stdout:
variant,mode,payload,events_per_batch,owner_units,physical_batches,writers,chain,unit_shape,iterations,stop_reason,events,domain_events,bytes,write_syscalls,short_writes,interrupted,max_iovecs,copied_bytes,barriers,cpu_ns,wall_ns,p50_ns,p95_ns,p99_ns,load1_before,load1_after
pwritev_full_8m,process,250,100,4,8,4,0,new_name,300,bytes,121200,120000,33633600,300,0,0,8,0,0,2140881,2183139,6600,10590,13000,2.220,2.220
stderr:

[2026-07-15T18:09:02.201965+00:00] e000603 /home/bob/src/mess/.maw/workspaces/bn-1zv6/spikes/pwritev_group/target/release/pwritev_group point-auto pwritev_full_8m process 250 100 4 4 new_name 0
stdout:
variant,mode,payload,events_per_batch,owner_units,physical_batches,writers,chain,unit_shape,iterations,stop_reason,events,domain_events,bytes,write_syscalls,short_writes,interrupted,max_iovecs,copied_bytes,barriers,cpu_ns,wall_ns,p50_ns,p95_ns,p99_ns,load1_before,load1_after
pwritev_full_8m,process,250,100,4,8,4,0,new_name,300,bytes,121200,120000,33633600,300,0,0,8,0,0,2195850,2212689,6950,9660,14160,2.200,2.200
stderr:

[2026-07-15T18:09:03.225029+00:00] e000604 /home/bob/src/mess/.maw/workspaces/bn-1zv6/spikes/pwritev_group/target/release/pwritev_group point-auto k_pwrite process 250 100 4 4 new_name 0
stdout:
variant,mode,payload,events_per_batch,owner_units,physical_batches,writers,chain,unit_shape,iterations,stop_reason,events,domain_events,bytes,write_syscalls,short_writes,interrupted,max_iovecs,copied_bytes,barriers,cpu_ns,wall_ns,p50_ns,p95_ns,p99_ns,load1_before,load1_after
k_pwrite,process,250,100,4,8,4,0,new_name,300,bytes,121200,120000,33633600,2400,0,0,0,0,0,4373211,4404097,14320,15520,21330,2.200,2.200
stderr:

[2026-07-15T18:09:04.247210+00:00] e000605 /home/bob/src/mess/.maw/workspaces/bn-1zv6/spikes/pwritev_group/target/release/pwritev_group point-auto copy_contiguous process 250 100 4 4 new_name 0
stdout:
variant,mode,payload,events_per_batch,owner_units,physical_batches,writers,chain,unit_shape,iterations,stop_reason,events,domain_events,bytes,write_syscalls,short_writes,interrupted,max_iovecs,copied_bytes,barriers,cpu_ns,wall_ns,p50_ns,p95_ns,p99_ns,load1_before,load1_after
copy_contiguous,process,250,100,4,8,4,0,new_name,300,bytes,121200,120000,33633600,300,0,0,0,33633600,0,3095120,3121888,9720,13340,21540,2.200,2.200
stderr:

[2026-07-15T18:09:05.276473+00:00] e000606 /home/bob/src/mess/.maw/workspaces/bn-1zv6/spikes/pwritev_group/target/release/pwritev_group point-auto k_pwrite process 250 100 4 4 new_name 0
stdout:
variant,mode,payload,events_per_batch,owner_units,physical_batches,writers,chain,unit_shape,iterations,stop_reason,events,domain_events,bytes,write_syscalls,short_writes,interrupted,max_iovecs,copied_bytes,barriers,cpu_ns,wall_ns,p50_ns,p95_ns,p99_ns,load1_before,load1_after
k_pwrite,process,250,100,4,8,4,0,new_name,300,bytes,121200,120000,33633600,2400,0,0,0,0,0,7736152,8076695,14420,19310,33310,2.200,2.200
stderr:

[2026-07-15T18:09:06.304856+00:00] e000607 /home/bob/src/mess/.maw/workspaces/bn-1zv6/spikes/pwritev_group/target/release/pwritev_group point-auto k_pwrite process 250 100 4 4 new_name 0
stdout:
variant,mode,payload,events_per_batch,owner_units,physical_batches,writers,chain,unit_shape,iterations,stop_reason,events,domain_events,bytes,write_syscalls,short_writes,interrupted,max_iovecs,copied_bytes,barriers,cpu_ns,wall_ns,p50_ns,p95_ns,p99_ns,load1_before,load1_after
k_pwrite,process,250,100,4,8,4,0,new_name,300,bytes,121200,120000,33633600,2400,0,0,0,0,0,4638621,4678217,14450,21400,29120,2.200,2.200
stderr:

[2026-07-15T18:09:07.335327+00:00] e000608 /home/bob/src/mess/.maw/workspaces/bn-1zv6/spikes/pwritev_group/target/release/pwritev_group point-auto copy_contiguous process 250 100 4 4 new_name 0
stdout:
variant,mode,payload,events_per_batch,owner_units,physical_batches,writers,chain,unit_shape,iterations,stop_reason,events,domain_events,bytes,write_syscalls,short_writes,interrupted,max_iovecs,copied_bytes,barriers,cpu_ns,wall_ns,p50_ns,p95_ns,p99_ns,load1_before,load1_after
copy_contiguous,process,250,100,4,8,4,0,new_name,300,bytes,121200,120000,33633600,300,0,0,0,33633600,0,3359351,3402288,10720,12170,23800,2.100,2.100
stderr:

[2026-07-15T18:09:08.366645+00:00] e000609 /home/bob/src/mess/.maw/workspaces/bn-1zv6/spikes/pwritev_group/target/release/pwritev_group point-auto k_pwrite process 250 1000 2 2 domain 0
stdout:
variant,mode,payload,events_per_batch,owner_units,physical_batches,writers,chain,unit_shape,iterations,stop_reason,events,domain_events,bytes,write_syscalls,short_writes,interrupted,max_iovecs,copied_bytes,barriers,cpu_ns,wall_ns,p50_ns,p95_ns,p99_ns,load1_before,load1_after
k_pwrite,process,250,1000,2,2,2,0,domain,61,bytes,122000,122000,33926736,122,0,0,0,0,0,3160511,3174158,51420,56740,61050,2.100,2.100
stderr:

[2026-07-15T18:09:09.398529+00:00] e000610 /home/bob/src/mess/.maw/workspaces/bn-1zv6/spikes/pwritev_group/target/release/pwritev_group point-auto pwritev_full_8m process 250 1000 2 2 domain 0
stdout:
variant,mode,payload,events_per_batch,owner_units,physical_batches,writers,chain,unit_shape,iterations,stop_reason,events,domain_events,bytes,write_syscalls,short_writes,interrupted,max_iovecs,copied_bytes,barriers,cpu_ns,wall_ns,p50_ns,p95_ns,p99_ns,load1_before,load1_after
pwritev_full_8m,process,250,1000,2,2,2,0,domain,61,bytes,122000,122000,33926736,61,0,0,2,0,0,2728461,2763168,44000,52710,61140,2.100,2.100
stderr:

[2026-07-15T18:09:10.438835+00:00] e000611 /home/bob/src/mess/.maw/workspaces/bn-1zv6/spikes/pwritev_group/target/release/pwritev_group point-auto pwritev_full_8m process 250 1000 2 2 domain 0
stdout:
variant,mode,payload,events_per_batch,owner_units,physical_batches,writers,chain,unit_shape,iterations,stop_reason,events,domain_events,bytes,write_syscalls,short_writes,interrupted,max_iovecs,copied_bytes,barriers,cpu_ns,wall_ns,p50_ns,p95_ns,p99_ns,load1_before,load1_after
pwritev_full_8m,process,250,1000,2,2,2,0,domain,61,bytes,122000,122000,33926736,61,0,0,2,0,0,2959501,2978628,47720,55390,59240,2.100,2.100
stderr:

[2026-07-15T18:09:11.464712+00:00] e000612 /home/bob/src/mess/.maw/workspaces/bn-1zv6/spikes/pwritev_group/target/release/pwritev_group point-auto k_pwrite process 250 1000 2 2 domain 0
stdout:
variant,mode,payload,events_per_batch,owner_units,physical_batches,writers,chain,unit_shape,iterations,stop_reason,events,domain_events,bytes,write_syscalls,short_writes,interrupted,max_iovecs,copied_bytes,barriers,cpu_ns,wall_ns,p50_ns,p95_ns,p99_ns,load1_before,load1_after
k_pwrite,process,250,1000,2,2,2,0,domain,61,bytes,122000,122000,33926736,122,0,0,0,0,0,3004331,3045808,48560,58120,61980,2.100,2.100
stderr:

[2026-07-15T18:09:12.496677+00:00] e000613 /home/bob/src/mess/.maw/workspaces/bn-1zv6/spikes/pwritev_group/target/release/pwritev_group point-auto copy_contiguous process 250 1000 2 2 domain 0
stdout:
variant,mode,payload,events_per_batch,owner_units,physical_batches,writers,chain,unit_shape,iterations,stop_reason,events,domain_events,bytes,write_syscalls,short_writes,interrupted,max_iovecs,copied_bytes,barriers,cpu_ns,wall_ns,p50_ns,p95_ns,p99_ns,load1_before,load1_after
copy_contiguous,process,250,1000,2,2,2,0,domain,61,bytes,122000,122000,33926736,61,0,0,0,33926736,0,5199711,5259307,83760,96790,122430,2.100,2.100
stderr:

[2026-07-15T18:09:13.529040+00:00] e000614 /home/bob/src/mess/.maw/workspaces/bn-1zv6/spikes/pwritev_group/target/release/pwritev_group point-auto k_pwrite process 250 1000 2 2 domain 0
stdout:
variant,mode,payload,events_per_batch,owner_units,physical_batches,writers,chain,unit_shape,iterations,stop_reason,events,domain_events,bytes,write_syscalls,short_writes,interrupted,max_iovecs,copied_bytes,barriers,cpu_ns,wall_ns,p50_ns,p95_ns,p99_ns,load1_before,load1_after
k_pwrite,process,250,1000,2,2,2,0,domain,61,bytes,122000,122000,33926736,122,0,0,0,0,0,3145171,3161738,50780,57799,59270,2.100,2.100
stderr:

[2026-07-15T18:09:14.558608+00:00] e000615 /home/bob/src/mess/.maw/workspaces/bn-1zv6/spikes/pwritev_group/target/release/pwritev_group point-auto k_pwrite process 250 1000 2 2 domain 0
stdout:
variant,mode,payload,events_per_batch,owner_units,physical_batches,writers,chain,unit_shape,iterations,stop_reason,events,domain_events,bytes,write_syscalls,short_writes,interrupted,max_iovecs,copied_bytes,barriers,cpu_ns,wall_ns,p50_ns,p95_ns,p99_ns,load1_before,load1_after
k_pwrite,process,250,1000,2,2,2,0,domain,61,bytes,122000,122000,33926736,122,0,0,0,0,0,3018281,3048918,48720,54160,59690,2.100,2.100
stderr:

[2026-07-15T18:09:15.590485+00:00] e000616 /home/bob/src/mess/.maw/workspaces/bn-1zv6/spikes/pwritev_group/target/release/pwritev_group point-auto copy_contiguous process 250 1000 2 2 domain 0
stdout:
variant,mode,payload,events_per_batch,owner_units,physical_batches,writers,chain,unit_shape,iterations,stop_reason,events,domain_events,bytes,write_syscalls,short_writes,interrupted,max_iovecs,copied_bytes,barriers,cpu_ns,wall_ns,p50_ns,p95_ns,p99_ns,load1_before,load1_after
copy_contiguous,process,250,1000,2,2,2,0,domain,61,bytes,122000,122000,33926736,61,0,0,0,33926736,0,5428931,5938276,86040,104960,168530,2.100,2.100
stderr:

[2026-07-15T18:09:16.618034+00:00] e000617 /home/bob/src/mess/.maw/workspaces/bn-1zv6/spikes/pwritev_group/target/release/pwritev_group point-auto k_pwrite process 250 1000 2 2 new_name 0
stdout:
variant,mode,payload,events_per_batch,owner_units,physical_batches,writers,chain,unit_shape,iterations,stop_reason,events,domain_events,bytes,write_syscalls,short_writes,interrupted,max_iovecs,copied_bytes,barriers,cpu_ns,wall_ns,p50_ns,p95_ns,p99_ns,load1_before,load1_after
k_pwrite,process,250,1000,2,4,2,0,new_name,61,bytes,122122,122000,33943816,244,0,0,0,0,0,3101331,3118198,50330,57200,60620,2.090,2.090
stderr:

[2026-07-15T18:09:17.646095+00:00] e000618 /home/bob/src/mess/.maw/workspaces/bn-1zv6/spikes/pwritev_group/target/release/pwritev_group point-auto pwritev_full_8m process 250 1000 2 2 new_name 0
stdout:
variant,mode,payload,events_per_batch,owner_units,physical_batches,writers,chain,unit_shape,iterations,stop_reason,events,domain_events,bytes,write_syscalls,short_writes,interrupted,max_iovecs,copied_bytes,barriers,cpu_ns,wall_ns,p50_ns,p95_ns,p99_ns,load1_before,load1_after
pwritev_full_8m,process,250,1000,2,4,2,0,new_name,61,bytes,122122,122000,33943816,61,0,0,4,0,0,2919921,3021598,45910,54750,78920,2.090,2.090
stderr:

[2026-07-15T18:09:18.675746+00:00] e000619 /home/bob/src/mess/.maw/workspaces/bn-1zv6/spikes/pwritev_group/target/release/pwritev_group point-auto pwritev_full_8m process 250 1000 2 2 new_name 0
stdout:
variant,mode,payload,events_per_batch,owner_units,physical_batches,writers,chain,unit_shape,iterations,stop_reason,events,domain_events,bytes,write_syscalls,short_writes,interrupted,max_iovecs,copied_bytes,barriers,cpu_ns,wall_ns,p50_ns,p95_ns,p99_ns,load1_before,load1_after
pwritev_full_8m,process,250,1000,2,4,2,0,new_name,61,bytes,122122,122000,33943816,61,0,0,4,0,0,6484752,6580486,47040,129160,593719,2.090,2.090
stderr:

[2026-07-15T18:09:19.708366+00:00] e000620 /home/bob/src/mess/.maw/workspaces/bn-1zv6/spikes/pwritev_group/target/release/pwritev_group point-auto k_pwrite process 250 1000 2 2 new_name 0
stdout:
variant,mode,payload,events_per_batch,owner_units,physical_batches,writers,chain,unit_shape,iterations,stop_reason,events,domain_events,bytes,write_syscalls,short_writes,interrupted,max_iovecs,copied_bytes,barriers,cpu_ns,wall_ns,p50_ns,p95_ns,p99_ns,load1_before,load1_after
k_pwrite,process,250,1000,2,4,2,0,new_name,61,bytes,122122,122000,33943816,244,0,0,0,0,0,5365581,5412836,51110,84570,392190,2.090,2.090
stderr:

[2026-07-15T18:09:20.738998+00:00] e000621 /home/bob/src/mess/.maw/workspaces/bn-1zv6/spikes/pwritev_group/target/release/pwritev_group point-auto copy_contiguous process 250 1000 2 2 new_name 0
stdout:
variant,mode,payload,events_per_batch,owner_units,physical_batches,writers,chain,unit_shape,iterations,stop_reason,events,domain_events,bytes,write_syscalls,short_writes,interrupted,max_iovecs,copied_bytes,barriers,cpu_ns,wall_ns,p50_ns,p95_ns,p99_ns,load1_before,load1_after
copy_contiguous,process,250,1000,2,4,2,0,new_name,61,bytes,122122,122000,33943816,61,0,0,0,33943816,0,5494082,5673346,86390,126100,138240,2.090,2.090
stderr:

[2026-07-15T18:09:21.764317+00:00] e000622 /home/bob/src/mess/.maw/workspaces/bn-1zv6/spikes/pwritev_group/target/release/pwritev_group point-auto k_pwrite process 250 1000 2 2 new_name 0
stdout:
variant,mode,payload,events_per_batch,owner_units,physical_batches,writers,chain,unit_shape,iterations,stop_reason,events,domain_events,bytes,write_syscalls,short_writes,interrupted,max_iovecs,copied_bytes,barriers,cpu_ns,wall_ns,p50_ns,p95_ns,p99_ns,load1_before,load1_after
k_pwrite,process,250,1000,2,4,2,0,new_name,61,bytes,122122,122000,33943816,244,0,0,0,0,0,3175431,3406198,51060,70620,74170,2.880,2.880
stderr:

[2026-07-15T18:09:22.796915+00:00] e000623 /home/bob/src/mess/.maw/workspaces/bn-1zv6/spikes/pwritev_group/target/release/pwritev_group point-auto k_pwrite process 250 1000 2 2 new_name 0
stdout:
variant,mode,payload,events_per_batch,owner_units,physical_batches,writers,chain,unit_shape,iterations,stop_reason,events,domain_events,bytes,write_syscalls,short_writes,interrupted,max_iovecs,copied_bytes,barriers,cpu_ns,wall_ns,p50_ns,p95_ns,p99_ns,load1_before,load1_after
k_pwrite,process,250,1000,2,4,2,0,new_name,61,bytes,122122,122000,33943816,244,0,0,0,0,0,3217201,3232958,52280,59490,61920,2.880,2.880
stderr:

[2026-07-15T18:09:23.829427+00:00] e000624 /home/bob/src/mess/.maw/workspaces/bn-1zv6/spikes/pwritev_group/target/release/pwritev_group point-auto copy_contiguous process 250 1000 2 2 new_name 0
stdout:
variant,mode,payload,events_per_batch,owner_units,physical_batches,writers,chain,unit_shape,iterations,stop_reason,events,domain_events,bytes,write_syscalls,short_writes,interrupted,max_iovecs,copied_bytes,barriers,cpu_ns,wall_ns,p50_ns,p95_ns,p99_ns,load1_before,load1_after
copy_contiguous,process,250,1000,2,4,2,0,new_name,61,bytes,122122,122000,33943816,61,0,0,0,33943816,0,5207242,5255117,83600,97610,108320,2.880,2.880
stderr:

[2026-07-15T18:09:24.859797+00:00] e000625 /home/bob/src/mess/.maw/workspaces/bn-1zv6/spikes/pwritev_group/target/release/pwritev_group point-auto k_pwrite process 250 1000 4 4 domain 0
stdout:
variant,mode,payload,events_per_batch,owner_units,physical_batches,writers,chain,unit_shape,iterations,stop_reason,events,domain_events,bytes,write_syscalls,short_writes,interrupted,max_iovecs,copied_bytes,barriers,cpu_ns,wall_ns,p50_ns,p95_ns,p99_ns,load1_before,load1_after
k_pwrite,process,250,1000,4,4,4,0,domain,31,bytes,124000,124000,34482912,124,0,0,0,0,0,3061561,3096448,98540,108540,125470,2.880,2.880
stderr:

[2026-07-15T18:09:25.888037+00:00] e000626 /home/bob/src/mess/.maw/workspaces/bn-1zv6/spikes/pwritev_group/target/release/pwritev_group point-auto pwritev_full_8m process 250 1000 4 4 domain 0
stdout:
variant,mode,payload,events_per_batch,owner_units,physical_batches,writers,chain,unit_shape,iterations,stop_reason,events,domain_events,bytes,write_syscalls,short_writes,interrupted,max_iovecs,copied_bytes,barriers,cpu_ns,wall_ns,p50_ns,p95_ns,p99_ns,load1_before,load1_after
pwritev_full_8m,process,250,1000,4,4,4,0,domain,31,bytes,124000,124000,34482912,31,0,0,4,0,0,2965651,2985289,97500,106100,108080,2.880,2.880
stderr:

[2026-07-15T18:09:26.915867+00:00] e000627 /home/bob/src/mess/.maw/workspaces/bn-1zv6/spikes/pwritev_group/target/release/pwritev_group point-auto pwritev_full_8m process 250 1000 4 4 domain 0
stdout:
variant,mode,payload,events_per_batch,owner_units,physical_batches,writers,chain,unit_shape,iterations,stop_reason,events,domain_events,bytes,write_syscalls,short_writes,interrupted,max_iovecs,copied_bytes,barriers,cpu_ns,wall_ns,p50_ns,p95_ns,p99_ns,load1_before,load1_after
pwritev_full_8m,process,250,1000,4,4,4,0,domain,31,bytes,124000,124000,34482912,31,0,0,4,0,0,2860480,2882808,90000,110340,111770,4.570,4.570
stderr:

[2026-07-15T18:09:27.944616+00:00] e000628 /home/bob/src/mess/.maw/workspaces/bn-1zv6/spikes/pwritev_group/target/release/pwritev_group point-auto k_pwrite process 250 1000 4 4 domain 0
stdout:
variant,mode,payload,events_per_batch,owner_units,physical_batches,writers,chain,unit_shape,iterations,stop_reason,events,domain_events,bytes,write_syscalls,short_writes,interrupted,max_iovecs,copied_bytes,barriers,cpu_ns,wall_ns,p50_ns,p95_ns,p99_ns,load1_before,load1_after
k_pwrite,process,250,1000,4,4,4,0,domain,31,bytes,124000,124000,34482912,124,0,0,0,0,0,5216901,5249947,100880,665380,1451329,4.570,4.570
stderr:

[2026-07-15T18:09:28.968781+00:00] e000629 /home/bob/src/mess/.maw/workspaces/bn-1zv6/spikes/pwritev_group/target/release/pwritev_group point-auto copy_contiguous process 250 1000 4 4 domain 0
stdout:
variant,mode,payload,events_per_batch,owner_units,physical_batches,writers,chain,unit_shape,iterations,stop_reason,events,domain_events,bytes,write_syscalls,short_writes,interrupted,max_iovecs,copied_bytes,barriers,cpu_ns,wall_ns,p50_ns,p95_ns,p99_ns,load1_before,load1_after
copy_contiguous,process,250,1000,4,4,4,0,domain,31,bytes,124000,124000,34482912,31,0,0,0,34482912,0,5303682,5373036,168340,199470,202140,4.570,4.570
stderr:

[2026-07-15T18:09:30.000453+00:00] e000630 /home/bob/src/mess/.maw/workspaces/bn-1zv6/spikes/pwritev_group/target/release/pwritev_group point-auto k_pwrite process 250 1000 4 4 domain 0
stdout:
variant,mode,payload,events_per_batch,owner_units,physical_batches,writers,chain,unit_shape,iterations,stop_reason,events,domain_events,bytes,write_syscalls,short_writes,interrupted,max_iovecs,copied_bytes,barriers,cpu_ns,wall_ns,p50_ns,p95_ns,p99_ns,load1_before,load1_after
k_pwrite,process,250,1000,4,4,4,0,domain,31,bytes,124000,124000,34482912,124,0,0,0,0,0,3166301,3183159,101420,110040,113720,4.570,4.570
stderr:

[2026-07-15T18:09:31.031406+00:00] e000631 /home/bob/src/mess/.maw/workspaces/bn-1zv6/spikes/pwritev_group/target/release/pwritev_group point-auto k_pwrite process 250 1000 4 4 domain 0
stdout:
variant,mode,payload,events_per_batch,owner_units,physical_batches,writers,chain,unit_shape,iterations,stop_reason,events,domain_events,bytes,write_syscalls,short_writes,interrupted,max_iovecs,copied_bytes,barriers,cpu_ns,wall_ns,p50_ns,p95_ns,p99_ns,load1_before,load1_after
k_pwrite,process,250,1000,4,4,4,0,domain,31,bytes,124000,124000,34482912,124,0,0,0,0,0,3212481,3249768,99520,134540,154690,4.570,4.570
stderr:

[2026-07-15T18:09:32.061281+00:00] e000632 /home/bob/src/mess/.maw/workspaces/bn-1zv6/spikes/pwritev_group/target/release/pwritev_group point-auto copy_contiguous process 250 1000 4 4 domain 0
stdout:
variant,mode,payload,events_per_batch,owner_units,physical_batches,writers,chain,unit_shape,iterations,stop_reason,events,domain_events,bytes,write_syscalls,short_writes,interrupted,max_iovecs,copied_bytes,barriers,cpu_ns,wall_ns,p50_ns,p95_ns,p99_ns,load1_before,load1_after
copy_contiguous,process,250,1000,4,4,4,0,domain,31,bytes,124000,124000,34482912,31,0,0,0,34482912,0,5177742,5218597,164960,174600,251940,4.690,4.690
stderr:

[2026-07-15T18:09:33.092654+00:00] e000633 /home/bob/src/mess/.maw/workspaces/bn-1zv6/spikes/pwritev_group/target/release/pwritev_group point-auto k_pwrite process 250 1000 4 4 new_name 0
stdout:
variant,mode,payload,events_per_batch,owner_units,physical_batches,writers,chain,unit_shape,iterations,stop_reason,events,domain_events,bytes,write_syscalls,short_writes,interrupted,max_iovecs,copied_bytes,barriers,cpu_ns,wall_ns,p50_ns,p95_ns,p99_ns,load1_before,load1_after
k_pwrite,process,250,1000,4,8,4,0,new_name,31,bytes,124124,124000,34500272,248,0,0,0,0,0,3264080,3280808,103150,119980,120680,4.690,4.690
stderr:

[2026-07-15T18:09:34.120287+00:00] e000634 /home/bob/src/mess/.maw/workspaces/bn-1zv6/spikes/pwritev_group/target/release/pwritev_group point-auto pwritev_full_8m process 250 1000 4 4 new_name 0
stdout:
variant,mode,payload,events_per_batch,owner_units,physical_batches,writers,chain,unit_shape,iterations,stop_reason,events,domain_events,bytes,write_syscalls,short_writes,interrupted,max_iovecs,copied_bytes,barriers,cpu_ns,wall_ns,p50_ns,p95_ns,p99_ns,load1_before,load1_after
pwritev_full_8m,process,250,1000,4,8,4,0,new_name,31,bytes,124124,124000,34500272,31,0,0,8,0,0,2885931,2905468,91020,107980,109420,4.690,4.690
stderr:

[2026-07-15T18:09:35.148540+00:00] e000635 /home/bob/src/mess/.maw/workspaces/bn-1zv6/spikes/pwritev_group/target/release/pwritev_group point-auto pwritev_full_8m process 250 1000 4 4 new_name 0
stdout:
variant,mode,payload,events_per_batch,owner_units,physical_batches,writers,chain,unit_shape,iterations,stop_reason,events,domain_events,bytes,write_syscalls,short_writes,interrupted,max_iovecs,copied_bytes,barriers,cpu_ns,wall_ns,p50_ns,p95_ns,p99_ns,load1_before,load1_after
pwritev_full_8m,process,250,1000,4,8,4,0,new_name,31,bytes,124124,124000,34500272,31,0,0,8,0,0,2765551,2783568,88380,100729,103020,4.690,4.690
stderr:

[2026-07-15T18:09:36.180290+00:00] e000636 /home/bob/src/mess/.maw/workspaces/bn-1zv6/spikes/pwritev_group/target/release/pwritev_group point-auto k_pwrite process 250 1000 4 4 new_name 0
stdout:
variant,mode,payload,events_per_batch,owner_units,physical_batches,writers,chain,unit_shape,iterations,stop_reason,events,domain_events,bytes,write_syscalls,short_writes,interrupted,max_iovecs,copied_bytes,barriers,cpu_ns,wall_ns,p50_ns,p95_ns,p99_ns,load1_before,load1_after
k_pwrite,process,250,1000,4,8,4,0,new_name,31,bytes,124124,124000,34500272,248,0,0,0,0,0,3252050,3285158,102620,119380,149420,4.690,4.690
stderr:

[2026-07-15T18:09:37.210904+00:00] e000637 /home/bob/src/mess/.maw/workspaces/bn-1zv6/spikes/pwritev_group/target/release/pwritev_group point-auto copy_contiguous process 250 1000 4 4 new_name 0
stdout:
variant,mode,payload,events_per_batch,owner_units,physical_batches,writers,chain,unit_shape,iterations,stop_reason,events,domain_events,bytes,write_syscalls,short_writes,interrupted,max_iovecs,copied_bytes,barriers,cpu_ns,wall_ns,p50_ns,p95_ns,p99_ns,load1_before,load1_after
copy_contiguous,process,250,1000,4,8,4,0,new_name,31,bytes,124124,124000,34500272,31,0,0,0,34500272,0,5249481,5297067,166150,207590,210480,4.950,4.950
stderr:

[2026-07-15T18:09:38.240190+00:00] e000638 /home/bob/src/mess/.maw/workspaces/bn-1zv6/spikes/pwritev_group/target/release/pwritev_group point-auto k_pwrite process 250 1000 4 4 new_name 0
stdout:
variant,mode,payload,events_per_batch,owner_units,physical_batches,writers,chain,unit_shape,iterations,stop_reason,events,domain_events,bytes,write_syscalls,short_writes,interrupted,max_iovecs,copied_bytes,barriers,cpu_ns,wall_ns,p50_ns,p95_ns,p99_ns,load1_before,load1_after
k_pwrite,process,250,1000,4,8,4,0,new_name,31,bytes,124124,124000,34500272,248,0,0,0,0,0,3594741,3625738,119920,134940,144810,4.950,4.950
stderr:

[2026-07-15T18:09:39.271944+00:00] e000639 /home/bob/src/mess/.maw/workspaces/bn-1zv6/spikes/pwritev_group/target/release/pwritev_group point-auto k_pwrite process 250 1000 4 4 new_name 0
stdout:
variant,mode,payload,events_per_batch,owner_units,physical_batches,writers,chain,unit_shape,iterations,stop_reason,events,domain_events,bytes,write_syscalls,short_writes,interrupted,max_iovecs,copied_bytes,barriers,cpu_ns,wall_ns,p50_ns,p95_ns,p99_ns,load1_before,load1_after
k_pwrite,process,250,1000,4,8,4,0,new_name,31,bytes,124124,124000,34500272,248,0,0,0,0,0,3582341,3615638,111210,171600,184180,4.950,4.950
stderr:

[2026-07-15T18:09:40.297219+00:00] e000640 /home/bob/src/mess/.maw/workspaces/bn-1zv6/spikes/pwritev_group/target/release/pwritev_group point-auto copy_contiguous process 250 1000 4 4 new_name 0
stdout:
variant,mode,payload,events_per_batch,owner_units,physical_batches,writers,chain,unit_shape,iterations,stop_reason,events,domain_events,bytes,write_syscalls,short_writes,interrupted,max_iovecs,copied_bytes,barriers,cpu_ns,wall_ns,p50_ns,p95_ns,p99_ns,load1_before,load1_after
copy_contiguous,process,250,1000,4,8,4,0,new_name,31,bytes,124124,124000,34500272,31,0,0,0,34500272,0,5198671,5235227,163230,200280,207340,4.950,4.950
stderr:

[2026-07-15T18:09:41.319905+00:00] e000641 /home/bob/src/mess/.maw/workspaces/bn-1zv6/spikes/pwritev_group/target/release/pwritev_group point-auto k_pwrite process 4096 1 2 2 domain 0
stdout:
variant,mode,payload,events_per_batch,owner_units,physical_batches,writers,chain,unit_shape,iterations,stop_reason,events,domain_events,bytes,write_syscalls,short_writes,interrupted,max_iovecs,copied_bytes,barriers,cpu_ns,wall_ns,p50_ns,p95_ns,p99_ns,load1_before,load1_after
k_pwrite,process,4096,1,2,2,2,0,domain,3984,bytes,7968,7968,33561216,7968,0,0,0,0,0,9581052,9655724,2290,2760,2990,4.950,4.950
stderr:

[2026-07-15T18:09:42.349852+00:00] e000642 /home/bob/src/mess/.maw/workspaces/bn-1zv6/spikes/pwritev_group/target/release/pwritev_group point-auto pwritev_full_8m process 4096 1 2 2 domain 0
stdout:
variant,mode,payload,events_per_batch,owner_units,physical_batches,writers,chain,unit_shape,iterations,stop_reason,events,domain_events,bytes,write_syscalls,short_writes,interrupted,max_iovecs,copied_bytes,barriers,cpu_ns,wall_ns,p50_ns,p95_ns,p99_ns,load1_before,load1_after
pwritev_full_8m,process,4096,1,2,2,2,0,domain,3984,bytes,7968,7968,33561216,3984,0,0,2,0,0,7479662,7555486,1730,2310,2370,5.360,5.360
stderr:

[2026-07-15T18:09:43.382492+00:00] e000643 /home/bob/src/mess/.maw/workspaces/bn-1zv6/spikes/pwritev_group/target/release/pwritev_group point-auto pwritev_full_8m process 4096 1 2 2 domain 0
stdout:
variant,mode,payload,events_per_batch,owner_units,physical_batches,writers,chain,unit_shape,iterations,stop_reason,events,domain_events,bytes,write_syscalls,short_writes,interrupted,max_iovecs,copied_bytes,barriers,cpu_ns,wall_ns,p50_ns,p95_ns,p99_ns,load1_before,load1_after
pwritev_full_8m,process,4096,1,2,2,2,0,domain,3984,bytes,7968,7968,33561216,3984,0,0,2,0,0,7857192,8162725,1750,2350,3090,5.360,5.360
stderr:

[2026-07-15T18:09:44.406218+00:00] e000644 /home/bob/src/mess/.maw/workspaces/bn-1zv6/spikes/pwritev_group/target/release/pwritev_group point-auto k_pwrite process 4096 1 2 2 domain 0
stdout:
variant,mode,payload,events_per_batch,owner_units,physical_batches,writers,chain,unit_shape,iterations,stop_reason,events,domain_events,bytes,write_syscalls,short_writes,interrupted,max_iovecs,copied_bytes,barriers,cpu_ns,wall_ns,p50_ns,p95_ns,p99_ns,load1_before,load1_after
k_pwrite,process,4096,1,2,2,2,0,domain,3984,bytes,7968,7968,33561216,7968,0,0,0,0,0,10046882,10164474,2330,2930,3320,5.360,5.360
stderr:

[2026-07-15T18:09:45.438764+00:00] e000645 /home/bob/src/mess/.maw/workspaces/bn-1zv6/spikes/pwritev_group/target/release/pwritev_group point-auto copy_contiguous process 4096 1 2 2 domain 0
stdout:
variant,mode,payload,events_per_batch,owner_units,physical_batches,writers,chain,unit_shape,iterations,stop_reason,events,domain_events,bytes,write_syscalls,short_writes,interrupted,max_iovecs,copied_bytes,barriers,cpu_ns,wall_ns,p50_ns,p95_ns,p99_ns,load1_before,load1_after
copy_contiguous,process,4096,1,2,2,2,0,domain,3984,bytes,7968,7968,33561216,3984,0,0,0,33561216,0,7160861,7216286,1710,1750,2240,5.360,5.360
stderr:

[2026-07-15T18:09:46.467864+00:00] e000646 /home/bob/src/mess/.maw/workspaces/bn-1zv6/spikes/pwritev_group/target/release/pwritev_group point-auto k_pwrite process 4096 1 2 2 domain 0
stdout:
variant,mode,payload,events_per_batch,owner_units,physical_batches,writers,chain,unit_shape,iterations,stop_reason,events,domain_events,bytes,write_syscalls,short_writes,interrupted,max_iovecs,copied_bytes,barriers,cpu_ns,wall_ns,p50_ns,p95_ns,p99_ns,load1_before,load1_after
k_pwrite,process,4096,1,2,2,2,0,domain,3984,bytes,7968,7968,33561216,7968,0,0,0,0,0,9712583,9828464,2300,2880,3130,5.250,5.250
stderr:

[2026-07-15T18:09:47.488894+00:00] e000647 /home/bob/src/mess/.maw/workspaces/bn-1zv6/spikes/pwritev_group/target/release/pwritev_group point-auto k_pwrite process 4096 1 2 2 domain 0
stdout:
variant,mode,payload,events_per_batch,owner_units,physical_batches,writers,chain,unit_shape,iterations,stop_reason,events,domain_events,bytes,write_syscalls,short_writes,interrupted,max_iovecs,copied_bytes,barriers,cpu_ns,wall_ns,p50_ns,p95_ns,p99_ns,load1_before,load1_after
k_pwrite,process,4096,1,2,2,2,0,domain,3984,bytes,7968,7968,33561216,7968,0,0,0,0,0,9622823,9708865,2320,2590,3020,5.250,5.250
stderr:

[2026-07-15T18:09:48.517315+00:00] e000648 /home/bob/src/mess/.maw/workspaces/bn-1zv6/spikes/pwritev_group/target/release/pwritev_group point-auto copy_contiguous process 4096 1 2 2 domain 0
stdout:
variant,mode,payload,events_per_batch,owner_units,physical_batches,writers,chain,unit_shape,iterations,stop_reason,events,domain_events,bytes,write_syscalls,short_writes,interrupted,max_iovecs,copied_bytes,barriers,cpu_ns,wall_ns,p50_ns,p95_ns,p99_ns,load1_before,load1_after
copy_contiguous,process,4096,1,2,2,2,0,domain,3984,bytes,7968,7968,33561216,3984,0,0,0,33561216,0,7204801,7265546,1700,2030,2270,5.250,5.250
stderr:

[2026-07-15T18:09:49.539982+00:00] e000649 /home/bob/src/mess/.maw/workspaces/bn-1zv6/spikes/pwritev_group/target/release/pwritev_group point-auto k_pwrite process 4096 1 2 2 new_name 0
stdout:
variant,mode,payload,events_per_batch,owner_units,physical_batches,writers,chain,unit_shape,iterations,stop_reason,events,domain_events,bytes,write_syscalls,short_writes,interrupted,max_iovecs,copied_bytes,barriers,cpu_ns,wall_ns,p50_ns,p95_ns,p99_ns,load1_before,load1_after
k_pwrite,process,4096,1,2,4,2,0,new_name,3856,bytes,15424,7712,33562624,15424,0,0,0,0,0,15795264,16163590,3730,4510,6120,5.250,5.250
stderr:

[2026-07-15T18:09:50.563295+00:00] e000650 /home/bob/src/mess/.maw/workspaces/bn-1zv6/spikes/pwritev_group/target/release/pwritev_group point-auto pwritev_full_8m process 4096 1 2 2 new_name 0
stdout:
variant,mode,payload,events_per_batch,owner_units,physical_batches,writers,chain,unit_shape,iterations,stop_reason,events,domain_events,bytes,write_syscalls,short_writes,interrupted,max_iovecs,copied_bytes,barriers,cpu_ns,wall_ns,p50_ns,p95_ns,p99_ns,load1_before,load1_after
pwritev_full_8m,process,4096,1,2,4,2,0,new_name,3856,bytes,15424,7712,33562624,3856,0,0,4,0,0,7461351,7530796,1820,2240,2420,5.250,5.250
stderr:

[2026-07-15T18:09:51.584818+00:00] e000651 /home/bob/src/mess/.maw/workspaces/bn-1zv6/spikes/pwritev_group/target/release/pwritev_group point-auto pwritev_full_8m process 4096 1 2 2 new_name 0
stdout:
variant,mode,payload,events_per_batch,owner_units,physical_batches,writers,chain,unit_shape,iterations,stop_reason,events,domain_events,bytes,write_syscalls,short_writes,interrupted,max_iovecs,copied_bytes,barriers,cpu_ns,wall_ns,p50_ns,p95_ns,p99_ns,load1_before,load1_after
pwritev_full_8m,process,4096,1,2,4,2,0,new_name,3856,bytes,15424,7712,33562624,3856,0,0,4,0,0,7341542,7395826,1820,1840,2290,5.070,5.070
stderr:

[2026-07-15T18:09:52.609009+00:00] e000652 /home/bob/src/mess/.maw/workspaces/bn-1zv6/spikes/pwritev_group/target/release/pwritev_group point-auto k_pwrite process 4096 1 2 2 new_name 0
stdout:
variant,mode,payload,events_per_batch,owner_units,physical_batches,writers,chain,unit_shape,iterations,stop_reason,events,domain_events,bytes,write_syscalls,short_writes,interrupted,max_iovecs,copied_bytes,barriers,cpu_ns,wall_ns,p50_ns,p95_ns,p99_ns,load1_before,load1_after
k_pwrite,process,4096,1,2,4,2,0,new_name,3856,bytes,15424,7712,33562624,15424,0,0,0,0,0,15653384,16086780,3780,4520,7320,5.070,5.070
stderr:

[2026-07-15T18:09:53.640098+00:00] e000653 /home/bob/src/mess/.maw/workspaces/bn-1zv6/spikes/pwritev_group/target/release/pwritev_group point-auto copy_contiguous process 4096 1 2 2 new_name 0
stdout:
variant,mode,payload,events_per_batch,owner_units,physical_batches,writers,chain,unit_shape,iterations,stop_reason,events,domain_events,bytes,write_syscalls,short_writes,interrupted,max_iovecs,copied_bytes,barriers,cpu_ns,wall_ns,p50_ns,p95_ns,p99_ns,load1_before,load1_after
copy_contiguous,process,4096,1,2,4,2,0,new_name,3856,bytes,15424,7712,33562624,3856,0,0,0,33562624,0,7720451,7783516,1740,2400,2480,5.070,5.070
stderr:

[2026-07-15T18:09:54.665316+00:00] e000654 /home/bob/src/mess/.maw/workspaces/bn-1zv6/spikes/pwritev_group/target/release/pwritev_group point-auto k_pwrite process 4096 1 2 2 new_name 0
stdout:
variant,mode,payload,events_per_batch,owner_units,physical_batches,writers,chain,unit_shape,iterations,stop_reason,events,domain_events,bytes,write_syscalls,short_writes,interrupted,max_iovecs,copied_bytes,barriers,cpu_ns,wall_ns,p50_ns,p95_ns,p99_ns,load1_before,load1_after
k_pwrite,process,4096,1,2,4,2,0,new_name,3856,bytes,15424,7712,33562624,15424,0,0,0,0,0,15123404,15255581,3780,4660,5010,5.070,5.070
stderr:

[2026-07-15T18:09:55.695674+00:00] e000655 /home/bob/src/mess/.maw/workspaces/bn-1zv6/spikes/pwritev_group/target/release/pwritev_group point-auto k_pwrite process 4096 1 2 2 new_name 0
stdout:
variant,mode,payload,events_per_batch,owner_units,physical_batches,writers,chain,unit_shape,iterations,stop_reason,events,domain_events,bytes,write_syscalls,short_writes,interrupted,max_iovecs,copied_bytes,barriers,cpu_ns,wall_ns,p50_ns,p95_ns,p99_ns,load1_before,load1_after
k_pwrite,process,4096,1,2,4,2,0,new_name,3856,bytes,15424,7712,33562624,15424,0,0,0,0,0,14882203,14987571,3770,3830,4580,5.070,5.070
stderr:

[2026-07-15T18:09:56.717617+00:00] e000656 /home/bob/src/mess/.maw/workspaces/bn-1zv6/spikes/pwritev_group/target/release/pwritev_group point-auto copy_contiguous process 4096 1 2 2 new_name 0
stdout:
variant,mode,payload,events_per_batch,owner_units,physical_batches,writers,chain,unit_shape,iterations,stop_reason,events,domain_events,bytes,write_syscalls,short_writes,interrupted,max_iovecs,copied_bytes,barriers,cpu_ns,wall_ns,p50_ns,p95_ns,p99_ns,load1_before,load1_after
copy_contiguous,process,4096,1,2,4,2,0,new_name,3856,bytes,15424,7712,33562624,3856,0,0,0,33562624,0,7067252,7177366,1730,2090,2290,4.740,4.740
stderr:

[2026-07-15T18:09:57.742628+00:00] e000657 /home/bob/src/mess/.maw/workspaces/bn-1zv6/spikes/pwritev_group/target/release/pwritev_group point-auto k_pwrite process 4096 1 4 4 domain 0
stdout:
variant,mode,payload,events_per_batch,owner_units,physical_batches,writers,chain,unit_shape,iterations,stop_reason,events,domain_events,bytes,write_syscalls,short_writes,interrupted,max_iovecs,copied_bytes,barriers,cpu_ns,wall_ns,p50_ns,p95_ns,p99_ns,load1_before,load1_after
k_pwrite,process,4096,1,4,4,4,0,domain,1992,bytes,7968,7968,33561216,7968,0,0,0,0,0,12183123,12300803,4660,5770,54570,4.740,4.740
stderr:

[2026-07-15T18:09:58.774544+00:00] e000658 /home/bob/src/mess/.maw/workspaces/bn-1zv6/spikes/pwritev_group/target/release/pwritev_group point-auto pwritev_full_8m process 4096 1 4 4 domain 0
stdout:
variant,mode,payload,events_per_batch,owner_units,physical_batches,writers,chain,unit_shape,iterations,stop_reason,events,domain_events,bytes,write_syscalls,short_writes,interrupted,max_iovecs,copied_bytes,barriers,cpu_ns,wall_ns,p50_ns,p95_ns,p99_ns,load1_before,load1_after
pwritev_full_8m,process,4096,1,4,4,4,0,domain,1992,bytes,7968,7968,33561216,1992,0,0,4,0,0,4858591,4894337,2360,2380,2980,4.740,4.740
stderr:

[2026-07-15T18:09:59.807083+00:00] e000659 /home/bob/src/mess/.maw/workspaces/bn-1zv6/spikes/pwritev_group/target/release/pwritev_group point-auto pwritev_full_8m process 4096 1 4 4 domain 0
stdout:
variant,mode,payload,events_per_batch,owner_units,physical_batches,writers,chain,unit_shape,iterations,stop_reason,events,domain_events,bytes,write_syscalls,short_writes,interrupted,max_iovecs,copied_bytes,barriers,cpu_ns,wall_ns,p50_ns,p95_ns,p99_ns,load1_before,load1_after
pwritev_full_8m,process,4096,1,4,4,4,0,domain,1992,bytes,7968,7968,33561216,1992,0,0,4,0,0,5079670,5133686,2370,3050,3260,4.740,4.740
stderr:

[2026-07-15T18:10:00.837450+00:00] e000660 /home/bob/src/mess/.maw/workspaces/bn-1zv6/spikes/pwritev_group/target/release/pwritev_group point-auto k_pwrite process 4096 1 4 4 domain 0
stdout:
variant,mode,payload,events_per_batch,owner_units,physical_batches,writers,chain,unit_shape,iterations,stop_reason,events,domain_events,bytes,write_syscalls,short_writes,interrupted,max_iovecs,copied_bytes,barriers,cpu_ns,wall_ns,p50_ns,p95_ns,p99_ns,load1_before,load1_after
k_pwrite,process,4096,1,4,4,4,0,domain,1992,bytes,7968,7968,33561216,7968,0,0,0,0,0,9531672,9605634,4650,5100,5880,4.740,4.740
stderr:

[2026-07-15T18:10:01.869670+00:00] e000661 /home/bob/src/mess/.maw/workspaces/bn-1zv6/spikes/pwritev_group/target/release/pwritev_group point-auto copy_contiguous process 4096 1 4 4 domain 0
stdout:
variant,mode,payload,events_per_batch,owner_units,physical_batches,writers,chain,unit_shape,iterations,stop_reason,events,domain_events,bytes,write_syscalls,short_writes,interrupted,max_iovecs,copied_bytes,barriers,cpu_ns,wall_ns,p50_ns,p95_ns,p99_ns,load1_before,load1_after
copy_contiguous,process,4096,1,4,4,4,0,domain,1992,bytes,7968,7968,33561216,1992,0,0,0,33561216,0,5218301,5258666,2490,3010,3200,5.000,5.000
stderr:

[2026-07-15T18:10:02.896111+00:00] e000662 /home/bob/src/mess/.maw/workspaces/bn-1zv6/spikes/pwritev_group/target/release/pwritev_group point-auto k_pwrite process 4096 1 4 4 domain 0
stdout:
variant,mode,payload,events_per_batch,owner_units,physical_batches,writers,chain,unit_shape,iterations,stop_reason,events,domain_events,bytes,write_syscalls,short_writes,interrupted,max_iovecs,copied_bytes,barriers,cpu_ns,wall_ns,p50_ns,p95_ns,p99_ns,load1_before,load1_after
k_pwrite,process,4096,1,4,4,4,0,domain,1992,bytes,7968,7968,33561216,7968,0,0,0,0,0,9510132,9572444,4650,4800,5820,5.000,5.000
stderr:

[2026-07-15T18:10:03.928205+00:00] e000663 /home/bob/src/mess/.maw/workspaces/bn-1zv6/spikes/pwritev_group/target/release/pwritev_group point-auto k_pwrite process 4096 1 4 4 domain 0
stdout:
variant,mode,payload,events_per_batch,owner_units,physical_batches,writers,chain,unit_shape,iterations,stop_reason,events,domain_events,bytes,write_syscalls,short_writes,interrupted,max_iovecs,copied_bytes,barriers,cpu_ns,wall_ns,p50_ns,p95_ns,p99_ns,load1_before,load1_after
k_pwrite,process,4096,1,4,4,4,0,domain,1992,bytes,7968,7968,33561216,7968,0,0,0,0,0,9586863,9674445,4660,5420,6220,5.000,5.000
stderr:

[2026-07-15T18:10:04.949831+00:00] e000664 /home/bob/src/mess/.maw/workspaces/bn-1zv6/spikes/pwritev_group/target/release/pwritev_group point-auto copy_contiguous process 4096 1 4 4 domain 0
stdout:
variant,mode,payload,events_per_batch,owner_units,physical_batches,writers,chain,unit_shape,iterations,stop_reason,events,domain_events,bytes,write_syscalls,short_writes,interrupted,max_iovecs,copied_bytes,barriers,cpu_ns,wall_ns,p50_ns,p95_ns,p99_ns,load1_before,load1_after
copy_contiguous,process,4096,1,4,4,4,0,domain,1992,bytes,7968,7968,33561216,1992,0,0,0,33561216,0,5277931,5323597,2480,3160,3550,5.000,5.000
stderr:

[2026-07-15T18:10:05.979016+00:00] e000665 /home/bob/src/mess/.maw/workspaces/bn-1zv6/spikes/pwritev_group/target/release/pwritev_group point-auto k_pwrite process 4096 1 4 4 new_name 0
stdout:
variant,mode,payload,events_per_batch,owner_units,physical_batches,writers,chain,unit_shape,iterations,stop_reason,events,domain_events,bytes,write_syscalls,short_writes,interrupted,max_iovecs,copied_bytes,barriers,cpu_ns,wall_ns,p50_ns,p95_ns,p99_ns,load1_before,load1_after
k_pwrite,process,4096,1,4,8,4,0,new_name,1928,bytes,15424,7712,33562624,15424,0,0,0,0,0,14966424,17414199,7450,9050,14270,5.000,5.000
stderr:

[2026-07-15T18:10:07.008572+00:00] e000666 /home/bob/src/mess/.maw/workspaces/bn-1zv6/spikes/pwritev_group/target/release/pwritev_group point-auto pwritev_full_8m process 4096 1 4 4 new_name 0
stdout:
variant,mode,payload,events_per_batch,owner_units,physical_batches,writers,chain,unit_shape,iterations,stop_reason,events,domain_events,bytes,write_syscalls,short_writes,interrupted,max_iovecs,copied_bytes,barriers,cpu_ns,wall_ns,p50_ns,p95_ns,p99_ns,load1_before,load1_after
pwritev_full_8m,process,4096,1,4,8,4,0,new_name,1928,bytes,15424,7712,33562624,1928,0,0,8,0,0,6425782,6340576,2530,3240,15640,4.760,4.760
stderr:

[2026-07-15T18:10:08.033550+00:00] e000667 /home/bob/src/mess/.maw/workspaces/bn-1zv6/spikes/pwritev_group/target/release/pwritev_group point-auto pwritev_full_8m process 4096 1 4 4 new_name 0
stdout:
variant,mode,payload,events_per_batch,owner_units,physical_batches,writers,chain,unit_shape,iterations,stop_reason,events,domain_events,bytes,write_syscalls,short_writes,interrupted,max_iovecs,copied_bytes,barriers,cpu_ns,wall_ns,p50_ns,p95_ns,p99_ns,load1_before,load1_after
pwritev_full_8m,process,4096,1,4,8,4,0,new_name,1928,bytes,15424,7712,33562624,1928,0,0,8,0,0,5089291,5121976,2530,3040,3210,4.760,4.760
stderr:

[2026-07-15T18:10:09.064729+00:00] e000668 /home/bob/src/mess/.maw/workspaces/bn-1zv6/spikes/pwritev_group/target/release/pwritev_group point-auto k_pwrite process 4096 1 4 4 new_name 0
stdout:
variant,mode,payload,events_per_batch,owner_units,physical_batches,writers,chain,unit_shape,iterations,stop_reason,events,domain_events,bytes,write_syscalls,short_writes,interrupted,max_iovecs,copied_bytes,barriers,cpu_ns,wall_ns,p50_ns,p95_ns,p99_ns,load1_before,load1_after
k_pwrite,process,4096,1,4,8,4,0,new_name,1928,bytes,15424,7712,33562624,15424,0,0,0,0,0,14665004,14773641,7500,7720,9370,4.760,4.760
stderr:

[2026-07-15T18:10:10.086258+00:00] e000669 /home/bob/src/mess/.maw/workspaces/bn-1zv6/spikes/pwritev_group/target/release/pwritev_group point-auto copy_contiguous process 4096 1 4 4 new_name 0
stdout:
variant,mode,payload,events_per_batch,owner_units,physical_batches,writers,chain,unit_shape,iterations,stop_reason,events,domain_events,bytes,write_syscalls,short_writes,interrupted,max_iovecs,copied_bytes,barriers,cpu_ns,wall_ns,p50_ns,p95_ns,p99_ns,load1_before,load1_after
copy_contiguous,process,4096,1,4,8,4,0,new_name,1928,bytes,15424,7712,33562624,1928,0,0,0,33562624,0,5069701,5108827,2500,3000,3260,4.760,4.760
stderr:

[2026-07-15T18:10:11.114176+00:00] e000670 /home/bob/src/mess/.maw/workspaces/bn-1zv6/spikes/pwritev_group/target/release/pwritev_group point-auto k_pwrite process 4096 1 4 4 new_name 0
stdout:
variant,mode,payload,events_per_batch,owner_units,physical_batches,writers,chain,unit_shape,iterations,stop_reason,events,domain_events,bytes,write_syscalls,short_writes,interrupted,max_iovecs,copied_bytes,barriers,cpu_ns,wall_ns,p50_ns,p95_ns,p99_ns,load1_before,load1_after
k_pwrite,process,4096,1,4,8,4,0,new_name,1928,bytes,15424,7712,33562624,15424,0,0,0,0,0,15987064,16099530,7640,9670,11520,4.760,4.760
stderr:

[2026-07-15T18:10:12.139043+00:00] e000671 /home/bob/src/mess/.maw/workspaces/bn-1zv6/spikes/pwritev_group/target/release/pwritev_group point-auto k_pwrite process 4096 1 4 4 new_name 0
stdout:
variant,mode,payload,events_per_batch,owner_units,physical_batches,writers,chain,unit_shape,iterations,stop_reason,events,domain_events,bytes,write_syscalls,short_writes,interrupted,max_iovecs,copied_bytes,barriers,cpu_ns,wall_ns,p50_ns,p95_ns,p99_ns,load1_before,load1_after
k_pwrite,process,4096,1,4,8,4,0,new_name,1928,bytes,15424,7712,33562624,15424,0,0,0,0,0,17395704,17555380,7490,9160,42600,4.700,4.700
stderr:

[2026-07-15T18:10:13.162278+00:00] e000672 /home/bob/src/mess/.maw/workspaces/bn-1zv6/spikes/pwritev_group/target/release/pwritev_group point-auto copy_contiguous process 4096 1 4 4 new_name 0
stdout:
variant,mode,payload,events_per_batch,owner_units,physical_batches,writers,chain,unit_shape,iterations,stop_reason,events,domain_events,bytes,write_syscalls,short_writes,interrupted,max_iovecs,copied_bytes,barriers,cpu_ns,wall_ns,p50_ns,p95_ns,p99_ns,load1_before,load1_after
copy_contiguous,process,4096,1,4,8,4,0,new_name,1928,bytes,15424,7712,33562624,1928,0,0,0,33562624,0,5112251,5163517,2500,3130,3240,4.700,4.700
stderr:

[2026-07-15T18:10:14.183855+00:00] e000673 /home/bob/src/mess/.maw/workspaces/bn-1zv6/spikes/pwritev_group/target/release/pwritev_group point-auto k_pwrite process 4096 10 2 2 domain 0
stdout:
variant,mode,payload,events_per_batch,owner_units,physical_batches,writers,chain,unit_shape,iterations,stop_reason,events,domain_events,bytes,write_syscalls,short_writes,interrupted,max_iovecs,copied_bytes,barriers,cpu_ns,wall_ns,p50_ns,p95_ns,p99_ns,load1_before,load1_after
k_pwrite,process,4096,10,2,2,2,0,domain,406,bytes,8120,8120,33558336,812,0,0,0,0,0,2755820,2784808,6410,8710,14320,4.700,4.700
stderr:

[2026-07-15T18:10:15.211972+00:00] e000674 /home/bob/src/mess/.maw/workspaces/bn-1zv6/spikes/pwritev_group/target/release/pwritev_group point-auto pwritev_full_8m process 4096 10 2 2 domain 0
stdout:
variant,mode,payload,events_per_batch,owner_units,physical_batches,writers,chain,unit_shape,iterations,stop_reason,events,domain_events,bytes,write_syscalls,short_writes,interrupted,max_iovecs,copied_bytes,barriers,cpu_ns,wall_ns,p50_ns,p95_ns,p99_ns,load1_before,load1_after
pwritev_full_8m,process,4096,10,2,2,2,0,domain,406,bytes,8120,8120,33558336,406,0,0,2,0,0,3998720,4471798,4740,20380,116870,4.700,4.700
stderr:

[2026-07-15T18:10:16.235755+00:00] e000675 /home/bob/src/mess/.maw/workspaces/bn-1zv6/spikes/pwritev_group/target/release/pwritev_group point-auto pwritev_full_8m process 4096 10 2 2 domain 0
stdout:
variant,mode,payload,events_per_batch,owner_units,physical_batches,writers,chain,unit_shape,iterations,stop_reason,events,domain_events,bytes,write_syscalls,short_writes,interrupted,max_iovecs,copied_bytes,barriers,cpu_ns,wall_ns,p50_ns,p95_ns,p99_ns,load1_before,load1_after
pwritev_full_8m,process,4096,10,2,2,2,0,domain,406,bytes,8120,8120,33558336,406,0,0,2,0,0,1984001,1995019,4790,4860,6170,4.700,4.700
stderr:

[2026-07-15T18:10:17.261456+00:00] e000676 /home/bob/src/mess/.maw/workspaces/bn-1zv6/spikes/pwritev_group/target/release/pwritev_group point-auto k_pwrite process 4096 10 2 2 domain 0
stdout:
variant,mode,payload,events_per_batch,owner_units,physical_batches,writers,chain,unit_shape,iterations,stop_reason,events,domain_events,bytes,write_syscalls,short_writes,interrupted,max_iovecs,copied_bytes,barriers,cpu_ns,wall_ns,p50_ns,p95_ns,p99_ns,load1_before,load1_after
k_pwrite,process,4096,10,2,2,2,0,domain,406,bytes,8120,8120,33558336,812,0,0,0,0,0,2951861,2977898,6880,9680,11580,4.560,4.560
stderr:

[2026-07-15T18:10:18.293295+00:00] e000677 /home/bob/src/mess/.maw/workspaces/bn-1zv6/spikes/pwritev_group/target/release/pwritev_group point-auto copy_contiguous process 4096 10 2 2 domain 0
stdout:
variant,mode,payload,events_per_batch,owner_units,physical_batches,writers,chain,unit_shape,iterations,stop_reason,events,domain_events,bytes,write_syscalls,short_writes,interrupted,max_iovecs,copied_bytes,barriers,cpu_ns,wall_ns,p50_ns,p95_ns,p99_ns,load1_before,load1_after
copy_contiguous,process,4096,10,2,2,2,0,domain,406,bytes,8120,8120,33558336,406,0,0,0,33558336,0,2791281,2889838,6580,8970,10360,4.560,4.560
stderr:

[2026-07-15T18:10:19.321837+00:00] e000678 /home/bob/src/mess/.maw/workspaces/bn-1zv6/spikes/pwritev_group/target/release/pwritev_group point-auto k_pwrite process 4096 10 2 2 domain 0
stdout:
variant,mode,payload,events_per_batch,owner_units,physical_batches,writers,chain,unit_shape,iterations,stop_reason,events,domain_events,bytes,write_syscalls,short_writes,interrupted,max_iovecs,copied_bytes,barriers,cpu_ns,wall_ns,p50_ns,p95_ns,p99_ns,load1_before,load1_after
k_pwrite,process,4096,10,2,2,2,0,domain,406,bytes,8120,8120,33558336,812,0,0,0,0,0,2646491,2674289,6350,6690,9430,4.560,4.560
stderr:

[2026-07-15T18:10:20.346651+00:00] e000679 /home/bob/src/mess/.maw/workspaces/bn-1zv6/spikes/pwritev_group/target/release/pwritev_group point-auto k_pwrite process 4096 10 2 2 domain 0
stdout:
variant,mode,payload,events_per_batch,owner_units,physical_batches,writers,chain,unit_shape,iterations,stop_reason,events,domain_events,bytes,write_syscalls,short_writes,interrupted,max_iovecs,copied_bytes,barriers,cpu_ns,wall_ns,p50_ns,p95_ns,p99_ns,load1_before,load1_after
k_pwrite,process,4096,10,2,2,2,0,domain,406,bytes,8120,8120,33558336,812,0,0,0,0,0,2803591,2828878,6610,8380,11230,4.560,4.560
stderr:

[2026-07-15T18:10:21.372177+00:00] e000680 /home/bob/src/mess/.maw/workspaces/bn-1zv6/spikes/pwritev_group/target/release/pwritev_group point-auto copy_contiguous process 4096 10 2 2 domain 0
stdout:
variant,mode,payload,events_per_batch,owner_units,physical_batches,writers,chain,unit_shape,iterations,stop_reason,events,domain_events,bytes,write_syscalls,short_writes,interrupted,max_iovecs,copied_bytes,barriers,cpu_ns,wall_ns,p50_ns,p95_ns,p99_ns,load1_before,load1_after
copy_contiguous,process,4096,10,2,2,2,0,domain,406,bytes,8120,8120,33558336,406,0,0,0,33558336,0,2638680,2665839,6260,8950,12000,4.560,4.560
stderr:

[2026-07-15T18:10:22.404057+00:00] e000681 /home/bob/src/mess/.maw/workspaces/bn-1zv6/spikes/pwritev_group/target/release/pwritev_group point-auto k_pwrite process 4096 10 2 2 new_name 0
stdout:
variant,mode,payload,events_per_batch,owner_units,physical_batches,writers,chain,unit_shape,iterations,stop_reason,events,domain_events,bytes,write_syscalls,short_writes,interrupted,max_iovecs,copied_bytes,barriers,cpu_ns,wall_ns,p50_ns,p95_ns,p99_ns,load1_before,load1_after
k_pwrite,process,4096,10,2,4,2,0,new_name,405,bytes,8910,8100,33589080,1620,0,0,0,0,0,3440871,3632538,7970,12830,22380,4.440,4.440
stderr:

[2026-07-15T18:10:23.429489+00:00] e000682 /home/bob/src/mess/.maw/workspaces/bn-1zv6/spikes/pwritev_group/target/release/pwritev_group point-auto pwritev_full_8m process 4096 10 2 2 new_name 0
stdout:
variant,mode,payload,events_per_batch,owner_units,physical_batches,writers,chain,unit_shape,iterations,stop_reason,events,domain_events,bytes,write_syscalls,short_writes,interrupted,max_iovecs,copied_bytes,barriers,cpu_ns,wall_ns,p50_ns,p95_ns,p99_ns,load1_before,load1_after
pwritev_full_8m,process,4096,10,2,4,2,0,new_name,405,bytes,8910,8100,33589080,405,0,0,4,0,0,2087020,2101819,4840,6540,9240,4.440,4.440
stderr:

[2026-07-15T18:10:24.459429+00:00] e000683 /home/bob/src/mess/.maw/workspaces/bn-1zv6/spikes/pwritev_group/target/release/pwritev_group point-auto pwritev_full_8m process 4096 10 2 2 new_name 0
stdout:
variant,mode,payload,events_per_batch,owner_units,physical_batches,writers,chain,unit_shape,iterations,stop_reason,events,domain_events,bytes,write_syscalls,short_writes,interrupted,max_iovecs,copied_bytes,barriers,cpu_ns,wall_ns,p50_ns,p95_ns,p99_ns,load1_before,load1_after
pwritev_full_8m,process,4096,10,2,4,2,0,new_name,405,bytes,8910,8100,33589080,405,0,0,4,0,0,2280531,2297159,5000,8110,11020,4.440,4.440
stderr:

[2026-07-15T18:10:25.481708+00:00] e000684 /home/bob/src/mess/.maw/workspaces/bn-1zv6/spikes/pwritev_group/target/release/pwritev_group point-auto k_pwrite process 4096 10 2 2 new_name 0
stdout:
variant,mode,payload,events_per_batch,owner_units,physical_batches,writers,chain,unit_shape,iterations,stop_reason,events,domain_events,bytes,write_syscalls,short_writes,interrupted,max_iovecs,copied_bytes,barriers,cpu_ns,wall_ns,p50_ns,p95_ns,p99_ns,load1_before,load1_after
k_pwrite,process,4096,10,2,4,2,0,new_name,405,bytes,8910,8100,33589080,1620,0,0,0,0,0,3348871,3371348,7830,11210,13620,4.440,4.440
stderr:

[2026-07-15T18:10:26.511498+00:00] e000685 /home/bob/src/mess/.maw/workspaces/bn-1zv6/spikes/pwritev_group/target/release/pwritev_group point-auto copy_contiguous process 4096 10 2 2 new_name 0
stdout:
variant,mode,payload,events_per_batch,owner_units,physical_batches,writers,chain,unit_shape,iterations,stop_reason,events,domain_events,bytes,write_syscalls,short_writes,interrupted,max_iovecs,copied_bytes,barriers,cpu_ns,wall_ns,p50_ns,p95_ns,p99_ns,load1_before,load1_after
copy_contiguous,process,4096,10,2,4,2,0,new_name,405,bytes,8910,8100,33589080,405,0,0,0,33589080,0,2651561,2688519,6180,9100,12810,4.160,4.160
stderr:

[2026-07-15T18:10:27.536273+00:00] e000686 /home/bob/src/mess/.maw/workspaces/bn-1zv6/spikes/pwritev_group/target/release/pwritev_group point-auto k_pwrite process 4096 10 2 2 new_name 0
stdout:
variant,mode,payload,events_per_batch,owner_units,physical_batches,writers,chain,unit_shape,iterations,stop_reason,events,domain_events,bytes,write_syscalls,short_writes,interrupted,max_iovecs,copied_bytes,barriers,cpu_ns,wall_ns,p50_ns,p95_ns,p99_ns,load1_before,load1_after
k_pwrite,process,4096,10,2,4,2,0,new_name,405,bytes,8910,8100,33589080,1620,0,0,0,0,0,3301721,3321458,7720,10380,12880,4.160,4.160
stderr:

[2026-07-15T18:10:28.567315+00:00] e000687 /home/bob/src/mess/.maw/workspaces/bn-1zv6/spikes/pwritev_group/target/release/pwritev_group point-auto k_pwrite process 4096 10 2 2 new_name 0
stdout:
variant,mode,payload,events_per_batch,owner_units,physical_batches,writers,chain,unit_shape,iterations,stop_reason,events,domain_events,bytes,write_syscalls,short_writes,interrupted,max_iovecs,copied_bytes,barriers,cpu_ns,wall_ns,p50_ns,p95_ns,p99_ns,load1_before,load1_after
k_pwrite,process,4096,10,2,4,2,0,new_name,405,bytes,8910,8100,33589080,1620,0,0,0,0,0,3322031,3366979,7820,10700,13270,4.160,4.160
stderr:

[2026-07-15T18:10:29.587923+00:00] e000688 /home/bob/src/mess/.maw/workspaces/bn-1zv6/spikes/pwritev_group/target/release/pwritev_group point-auto copy_contiguous process 4096 10 2 2 new_name 0
stdout:
variant,mode,payload,events_per_batch,owner_units,physical_batches,writers,chain,unit_shape,iterations,stop_reason,events,domain_events,bytes,write_syscalls,short_writes,interrupted,max_iovecs,copied_bytes,barriers,cpu_ns,wall_ns,p50_ns,p95_ns,p99_ns,load1_before,load1_after
copy_contiguous,process,4096,10,2,4,2,0,new_name,405,bytes,8910,8100,33589080,405,0,0,0,33589080,0,3014760,3034618,7060,10170,13400,4.160,4.160
stderr:

[2026-07-15T18:10:30.616168+00:00] e000689 /home/bob/src/mess/.maw/workspaces/bn-1zv6/spikes/pwritev_group/target/release/pwritev_group point-auto k_pwrite process 4096 10 4 4 domain 0
stdout:
variant,mode,payload,events_per_batch,owner_units,physical_batches,writers,chain,unit_shape,iterations,stop_reason,events,domain_events,bytes,write_syscalls,short_writes,interrupted,max_iovecs,copied_bytes,barriers,cpu_ns,wall_ns,p50_ns,p95_ns,p99_ns,load1_before,load1_after
k_pwrite,process,4096,10,4,4,4,0,domain,203,bytes,8120,8120,33558336,812,0,0,0,0,0,3294071,3483638,15750,19170,39910,4.160,4.160
stderr:

[2026-07-15T18:10:31.639835+00:00] e000690 /home/bob/src/mess/.maw/workspaces/bn-1zv6/spikes/pwritev_group/target/release/pwritev_group point-auto pwritev_full_8m process 4096 10 4 4 domain 0
stdout:
variant,mode,payload,events_per_batch,owner_units,physical_batches,writers,chain,unit_shape,iterations,stop_reason,events,domain_events,bytes,write_syscalls,short_writes,interrupted,max_iovecs,copied_bytes,barriers,cpu_ns,wall_ns,p50_ns,p95_ns,p99_ns,load1_before,load1_after
pwritev_full_8m,process,4096,10,4,4,4,0,domain,203,bytes,8120,8120,33558336,203,0,0,4,0,0,1953701,1966289,9330,11020,15320,3.830,3.830
stderr:

[2026-07-15T18:10:32.671289+00:00] e000691 /home/bob/src/mess/.maw/workspaces/bn-1zv6/spikes/pwritev_group/target/release/pwritev_group point-auto pwritev_full_8m process 4096 10 4 4 domain 0
stdout:
variant,mode,payload,events_per_batch,owner_units,physical_batches,writers,chain,unit_shape,iterations,stop_reason,events,domain_events,bytes,write_syscalls,short_writes,interrupted,max_iovecs,copied_bytes,barriers,cpu_ns,wall_ns,p50_ns,p95_ns,p99_ns,load1_before,load1_after
pwritev_full_8m,process,4096,10,4,4,4,0,domain,203,bytes,8120,8120,33558336,203,0,0,4,0,0,1720810,1736299,8200,9510,14920,3.830,3.830
stderr:

[2026-07-15T18:10:33.702112+00:00] e000692 /home/bob/src/mess/.maw/workspaces/bn-1zv6/spikes/pwritev_group/target/release/pwritev_group point-auto k_pwrite process 4096 10 4 4 domain 0
stdout:
variant,mode,payload,events_per_batch,owner_units,physical_batches,writers,chain,unit_shape,iterations,stop_reason,events,domain_events,bytes,write_syscalls,short_writes,interrupted,max_iovecs,copied_bytes,barriers,cpu_ns,wall_ns,p50_ns,p95_ns,p99_ns,load1_before,load1_after
k_pwrite,process,4096,10,4,4,4,0,domain,203,bytes,8120,8120,33558336,812,0,0,0,0,0,3028131,3056129,14130,18120,25140,3.830,3.830
stderr:

[2026-07-15T18:10:34.734752+00:00] e000693 /home/bob/src/mess/.maw/workspaces/bn-1zv6/spikes/pwritev_group/target/release/pwritev_group point-auto copy_contiguous process 4096 10 4 4 domain 0
stdout:
variant,mode,payload,events_per_batch,owner_units,physical_batches,writers,chain,unit_shape,iterations,stop_reason,events,domain_events,bytes,write_syscalls,short_writes,interrupted,max_iovecs,copied_bytes,barriers,cpu_ns,wall_ns,p50_ns,p95_ns,p99_ns,load1_before,load1_after
copy_contiguous,process,4096,10,4,4,4,0,domain,203,bytes,8120,8120,33558336,203,0,0,0,33558336,0,4310171,4351137,20540,26580,27970,3.830,3.830
stderr:

[2026-07-15T18:10:35.765854+00:00] e000694 /home/bob/src/mess/.maw/workspaces/bn-1zv6/spikes/pwritev_group/target/release/pwritev_group point-auto k_pwrite process 4096 10 4 4 domain 0
stdout:
variant,mode,payload,events_per_batch,owner_units,physical_batches,writers,chain,unit_shape,iterations,stop_reason,events,domain_events,bytes,write_syscalls,short_writes,interrupted,max_iovecs,copied_bytes,barriers,cpu_ns,wall_ns,p50_ns,p95_ns,p99_ns,load1_before,load1_after
k_pwrite,process,4096,10,4,4,4,0,domain,203,bytes,8120,8120,33558336,812,0,0,0,0,0,3493391,3544618,16180,23300,34020,3.830,3.830
stderr:

[2026-07-15T18:10:36.798082+00:00] e000695 /home/bob/src/mess/.maw/workspaces/bn-1zv6/spikes/pwritev_group/target/release/pwritev_group point-auto k_pwrite process 4096 10 4 4 domain 0
stdout:
variant,mode,payload,events_per_batch,owner_units,physical_batches,writers,chain,unit_shape,iterations,stop_reason,events,domain_events,bytes,write_syscalls,short_writes,interrupted,max_iovecs,copied_bytes,barriers,cpu_ns,wall_ns,p50_ns,p95_ns,p99_ns,load1_before,load1_after
k_pwrite,process,4096,10,4,4,4,0,domain,203,bytes,8120,8120,33558336,812,0,0,0,0,0,3433601,3496768,15730,23260,32260,3.680,3.680
stderr:

[2026-07-15T18:10:37.820656+00:00] e000696 /home/bob/src/mess/.maw/workspaces/bn-1zv6/spikes/pwritev_group/target/release/pwritev_group point-auto copy_contiguous process 4096 10 4 4 domain 0
stdout:
variant,mode,payload,events_per_batch,owner_units,physical_batches,writers,chain,unit_shape,iterations,stop_reason,events,domain_events,bytes,write_syscalls,short_writes,interrupted,max_iovecs,copied_bytes,barriers,cpu_ns,wall_ns,p50_ns,p95_ns,p99_ns,load1_before,load1_after
copy_contiguous,process,4096,10,4,4,4,0,domain,203,bytes,8120,8120,33558336,203,0,0,0,33558336,0,4598601,4620278,22260,25400,31240,3.680,3.680
stderr:

[2026-07-15T18:10:38.843445+00:00] e000697 /home/bob/src/mess/.maw/workspaces/bn-1zv6/spikes/pwritev_group/target/release/pwritev_group point-auto k_pwrite process 4096 10 4 4 new_name 0
stdout:
variant,mode,payload,events_per_batch,owner_units,physical_batches,writers,chain,unit_shape,iterations,stop_reason,events,domain_events,bytes,write_syscalls,short_writes,interrupted,max_iovecs,copied_bytes,barriers,cpu_ns,wall_ns,p50_ns,p95_ns,p99_ns,load1_before,load1_after
k_pwrite,process,4096,10,4,8,4,0,new_name,203,bytes,8932,8120,33672016,1624,0,0,0,0,0,4027061,4064038,19030,25840,33770,3.680,3.680
stderr:

[2026-07-15T18:10:39.867971+00:00] e000698 /home/bob/src/mess/.maw/workspaces/bn-1zv6/spikes/pwritev_group/target/release/pwritev_group point-auto pwritev_full_8m process 4096 10 4 4 new_name 0
stdout:
variant,mode,payload,events_per_batch,owner_units,physical_batches,writers,chain,unit_shape,iterations,stop_reason,events,domain_events,bytes,write_syscalls,short_writes,interrupted,max_iovecs,copied_bytes,barriers,cpu_ns,wall_ns,p50_ns,p95_ns,p99_ns,load1_before,load1_after
pwritev_full_8m,process,4096,10,4,8,4,0,new_name,203,bytes,8932,8120,33672016,203,0,0,8,0,0,2033010,2043409,9620,12950,18070,3.680,3.680
stderr:

[2026-07-15T18:10:40.889601+00:00] e000699 /home/bob/src/mess/.maw/workspaces/bn-1zv6/spikes/pwritev_group/target/release/pwritev_group point-auto pwritev_full_8m process 4096 10 4 4 new_name 0
stdout:
variant,mode,payload,events_per_batch,owner_units,physical_batches,writers,chain,unit_shape,iterations,stop_reason,events,domain_events,bytes,write_syscalls,short_writes,interrupted,max_iovecs,copied_bytes,barriers,cpu_ns,wall_ns,p50_ns,p95_ns,p99_ns,load1_before,load1_after
pwritev_full_8m,process,4096,10,4,8,4,0,new_name,203,bytes,8932,8120,33672016,203,0,0,8,0,0,2145320,2183639,9990,16190,19840,3.680,3.680
stderr:

[2026-07-15T18:10:41.917681+00:00] e000700 /home/bob/src/mess/.maw/workspaces/bn-1zv6/spikes/pwritev_group/target/release/pwritev_group point-auto k_pwrite process 4096 10 4 4 new_name 0
stdout:
variant,mode,payload,events_per_batch,owner_units,physical_batches,writers,chain,unit_shape,iterations,stop_reason,events,domain_events,bytes,write_syscalls,short_writes,interrupted,max_iovecs,copied_bytes,barriers,cpu_ns,wall_ns,p50_ns,p95_ns,p99_ns,load1_before,load1_after
k_pwrite,process,4096,10,4,8,4,0,new_name,203,bytes,8932,8120,33672016,1624,0,0,0,0,0,4015871,4053808,18500,27200,30210,3.390,3.390
stderr:

[2026-07-15T18:10:42.939930+00:00] e000701 /home/bob/src/mess/.maw/workspaces/bn-1zv6/spikes/pwritev_group/target/release/pwritev_group point-auto copy_contiguous process 4096 10 4 4 new_name 0
stdout:
variant,mode,payload,events_per_batch,owner_units,physical_batches,writers,chain,unit_shape,iterations,stop_reason,events,domain_events,bytes,write_syscalls,short_writes,interrupted,max_iovecs,copied_bytes,barriers,cpu_ns,wall_ns,p50_ns,p95_ns,p99_ns,load1_before,load1_after
copy_contiguous,process,4096,10,4,8,4,0,new_name,203,bytes,8932,8120,33672016,203,0,0,0,33672016,0,4620051,4674588,22080,28200,33220,3.390,3.390
stderr:

[2026-07-15T18:10:43.971785+00:00] e000702 /home/bob/src/mess/.maw/workspaces/bn-1zv6/spikes/pwritev_group/target/release/pwritev_group point-auto k_pwrite process 4096 10 4 4 new_name 0
stdout:
variant,mode,payload,events_per_batch,owner_units,physical_batches,writers,chain,unit_shape,iterations,stop_reason,events,domain_events,bytes,write_syscalls,short_writes,interrupted,max_iovecs,copied_bytes,barriers,cpu_ns,wall_ns,p50_ns,p95_ns,p99_ns,load1_before,load1_after
k_pwrite,process,4096,10,4,8,4,0,new_name,203,bytes,8932,8120,33672016,1624,0,0,0,0,0,3997251,4033518,19100,24670,30350,3.390,3.390
stderr:

[2026-07-15T18:10:45.003039+00:00] e000703 /home/bob/src/mess/.maw/workspaces/bn-1zv6/spikes/pwritev_group/target/release/pwritev_group point-auto k_pwrite process 4096 10 4 4 new_name 0
stdout:
variant,mode,payload,events_per_batch,owner_units,physical_batches,writers,chain,unit_shape,iterations,stop_reason,events,domain_events,bytes,write_syscalls,short_writes,interrupted,max_iovecs,copied_bytes,barriers,cpu_ns,wall_ns,p50_ns,p95_ns,p99_ns,load1_before,load1_after
k_pwrite,process,4096,10,4,8,4,0,new_name,203,bytes,8932,8120,33672016,1624,0,0,0,0,0,4087711,4139407,18350,26170,34070,3.390,3.390
stderr:

[2026-07-15T18:10:46.027733+00:00] e000704 /home/bob/src/mess/.maw/workspaces/bn-1zv6/spikes/pwritev_group/target/release/pwritev_group point-auto copy_contiguous process 4096 10 4 4 new_name 0
stdout:
variant,mode,payload,events_per_batch,owner_units,physical_batches,writers,chain,unit_shape,iterations,stop_reason,events,domain_events,bytes,write_syscalls,short_writes,interrupted,max_iovecs,copied_bytes,barriers,cpu_ns,wall_ns,p50_ns,p95_ns,p99_ns,load1_before,load1_after
copy_contiguous,process,4096,10,4,8,4,0,new_name,203,bytes,8932,8120,33672016,203,0,0,0,33672016,0,4456381,4498458,21200,28320,36340,3.390,3.390
stderr:

[2026-07-15T18:10:47.058051+00:00] e000705 /home/bob/src/mess/.maw/workspaces/bn-1zv6/spikes/pwritev_group/target/release/pwritev_group point-auto k_pwrite process 4096 10 16 4 domain 0
stdout:
variant,mode,payload,events_per_batch,owner_units,physical_batches,writers,chain,unit_shape,iterations,stop_reason,events,domain_events,bytes,write_syscalls,short_writes,interrupted,max_iovecs,copied_bytes,barriers,cpu_ns,wall_ns,p50_ns,p95_ns,p99_ns,load1_before,load1_after
k_pwrite,process,4096,10,16,16,4,0,domain,51,bytes,8160,8160,33723648,816,0,0,0,0,0,4111041,4188787,78210,100490,114230,3.200,3.200
stderr:

[2026-07-15T18:10:48.087126+00:00] e000706 /home/bob/src/mess/.maw/workspaces/bn-1zv6/spikes/pwritev_group/target/release/pwritev_group point-auto pwritev_full_8m process 4096 10 16 4 domain 0
stdout:
variant,mode,payload,events_per_batch,owner_units,physical_batches,writers,chain,unit_shape,iterations,stop_reason,events,domain_events,bytes,write_syscalls,short_writes,interrupted,max_iovecs,copied_bytes,barriers,cpu_ns,wall_ns,p50_ns,p95_ns,p99_ns,load1_before,load1_after
pwritev_full_8m,process,4096,10,16,16,4,0,domain,51,bytes,8160,8160,33723648,51,0,0,16,0,0,2581281,2597058,50170,56810,60520,3.200,3.200
stderr:

[2026-07-15T18:10:49.110446+00:00] e000707 /home/bob/src/mess/.maw/workspaces/bn-1zv6/spikes/pwritev_group/target/release/pwritev_group point-auto pwritev_full_8m process 4096 10 16 4 domain 0
stdout:
variant,mode,payload,events_per_batch,owner_units,physical_batches,writers,chain,unit_shape,iterations,stop_reason,events,domain_events,bytes,write_syscalls,short_writes,interrupted,max_iovecs,copied_bytes,barriers,cpu_ns,wall_ns,p50_ns,p95_ns,p99_ns,load1_before,load1_after
pwritev_full_8m,process,4096,10,16,16,4,0,domain,51,bytes,8160,8160,33723648,51,0,0,16,0,0,3172061,3196479,50470,111680,122470,3.200,3.200
stderr:

[2026-07-15T18:10:50.142719+00:00] e000708 /home/bob/src/mess/.maw/workspaces/bn-1zv6/spikes/pwritev_group/target/release/pwritev_group point-auto k_pwrite process 4096 10 16 4 domain 0
stdout:
variant,mode,payload,events_per_batch,owner_units,physical_batches,writers,chain,unit_shape,iterations,stop_reason,events,domain_events,bytes,write_syscalls,short_writes,interrupted,max_iovecs,copied_bytes,barriers,cpu_ns,wall_ns,p50_ns,p95_ns,p99_ns,load1_before,load1_after
k_pwrite,process,4096,10,16,16,4,0,domain,51,bytes,8160,8160,33723648,816,0,0,0,0,0,4466921,4519317,85640,110930,115170,3.200,3.200
stderr:

[2026-07-15T18:10:51.173811+00:00] e000709 /home/bob/src/mess/.maw/workspaces/bn-1zv6/spikes/pwritev_group/target/release/pwritev_group point-auto copy_contiguous process 4096 10 16 4 domain 0
stdout:
variant,mode,payload,events_per_batch,owner_units,physical_batches,writers,chain,unit_shape,iterations,stop_reason,events,domain_events,bytes,write_syscalls,short_writes,interrupted,max_iovecs,copied_bytes,barriers,cpu_ns,wall_ns,p50_ns,p95_ns,p99_ns,load1_before,load1_after
copy_contiguous,process,4096,10,16,16,4,0,domain,51,bytes,8160,8160,33723648,51,0,0,0,33723648,0,5243471,5359317,101950,116680,175150,3.200,3.200
stderr:

[2026-07-15T18:10:52.200126+00:00] e000710 /home/bob/src/mess/.maw/workspaces/bn-1zv6/spikes/pwritev_group/target/release/pwritev_group point-auto k_pwrite process 4096 10 16 4 domain 0
stdout:
variant,mode,payload,events_per_batch,owner_units,physical_batches,writers,chain,unit_shape,iterations,stop_reason,events,domain_events,bytes,write_syscalls,short_writes,interrupted,max_iovecs,copied_bytes,barriers,cpu_ns,wall_ns,p50_ns,p95_ns,p99_ns,load1_before,load1_after
k_pwrite,process,4096,10,16,16,4,0,domain,51,bytes,8160,8160,33723648,816,0,0,0,0,0,4080181,4133598,77930,96029,117630,3.100,3.100
stderr:

[2026-07-15T18:10:53.230780+00:00] e000711 /home/bob/src/mess/.maw/workspaces/bn-1zv6/spikes/pwritev_group/target/release/pwritev_group point-auto k_pwrite process 4096 10 16 4 domain 0
stdout:
variant,mode,payload,events_per_batch,owner_units,physical_batches,writers,chain,unit_shape,iterations,stop_reason,events,domain_events,bytes,write_syscalls,short_writes,interrupted,max_iovecs,copied_bytes,barriers,cpu_ns,wall_ns,p50_ns,p95_ns,p99_ns,load1_before,load1_after
k_pwrite,process,4096,10,16,16,4,0,domain,51,bytes,8160,8160,33723648,816,0,0,0,0,0,4015362,4057967,77880,90040,98620,3.100,3.100
stderr:

[2026-07-15T18:10:54.252610+00:00] e000712 /home/bob/src/mess/.maw/workspaces/bn-1zv6/spikes/pwritev_group/target/release/pwritev_group point-auto copy_contiguous process 4096 10 16 4 domain 0
stdout:
variant,mode,payload,events_per_batch,owner_units,physical_batches,writers,chain,unit_shape,iterations,stop_reason,events,domain_events,bytes,write_syscalls,short_writes,interrupted,max_iovecs,copied_bytes,barriers,cpu_ns,wall_ns,p50_ns,p95_ns,p99_ns,load1_before,load1_after
copy_contiguous,process,4096,10,16,16,4,0,domain,51,bytes,8160,8160,33723648,51,0,0,0,33723648,0,5161761,5189987,100140,111440,117790,3.100,3.100
stderr:

[2026-07-15T18:10:55.281478+00:00] e000713 /home/bob/src/mess/.maw/workspaces/bn-1zv6/spikes/pwritev_group/target/release/pwritev_group point-auto k_pwrite process 4096 10 16 4 new_name 0
stdout:
variant,mode,payload,events_per_batch,owner_units,physical_batches,writers,chain,unit_shape,iterations,stop_reason,events,domain_events,bytes,write_syscalls,short_writes,interrupted,max_iovecs,copied_bytes,barriers,cpu_ns,wall_ns,p50_ns,p95_ns,p99_ns,load1_before,load1_after
k_pwrite,process,4096,10,16,32,4,0,new_name,51,bytes,8976,8160,33837888,1632,0,0,0,0,0,4703301,4736377,91570,101750,108390,3.100,3.100
stderr:

[2026-07-15T18:10:56.307156+00:00] e000714 /home/bob/src/mess/.maw/workspaces/bn-1zv6/spikes/pwritev_group/target/release/pwritev_group point-auto pwritev_full_8m process 4096 10 16 4 new_name 0
stdout:
variant,mode,payload,events_per_batch,owner_units,physical_batches,writers,chain,unit_shape,iterations,stop_reason,events,domain_events,bytes,write_syscalls,short_writes,interrupted,max_iovecs,copied_bytes,barriers,cpu_ns,wall_ns,p50_ns,p95_ns,p99_ns,load1_before,load1_after
pwritev_full_8m,process,4096,10,16,32,4,0,new_name,51,bytes,8976,8160,33837888,51,0,0,32,0,0,2799421,2825528,53670,66170,79450,3.100,3.100
stderr:

[2026-07-15T18:10:57.337121+00:00] e000715 /home/bob/src/mess/.maw/workspaces/bn-1zv6/spikes/pwritev_group/target/release/pwritev_group point-auto pwritev_full_8m process 4096 10 16 4 new_name 0
stdout:
variant,mode,payload,events_per_batch,owner_units,physical_batches,writers,chain,unit_shape,iterations,stop_reason,events,domain_events,bytes,write_syscalls,short_writes,interrupted,max_iovecs,copied_bytes,barriers,cpu_ns,wall_ns,p50_ns,p95_ns,p99_ns,load1_before,load1_after
pwritev_full_8m,process,4096,10,16,32,4,0,new_name,51,bytes,8976,8160,33837888,51,0,0,32,0,0,2734381,2773368,52430,63300,88240,3.010,3.010
stderr:

[2026-07-15T18:10:58.367028+00:00] e000716 /home/bob/src/mess/.maw/workspaces/bn-1zv6/spikes/pwritev_group/target/release/pwritev_group point-auto k_pwrite process 4096 10 16 4 new_name 0
stdout:
variant,mode,payload,events_per_batch,owner_units,physical_batches,writers,chain,unit_shape,iterations,stop_reason,events,domain_events,bytes,write_syscalls,short_writes,interrupted,max_iovecs,copied_bytes,barriers,cpu_ns,wall_ns,p50_ns,p95_ns,p99_ns,load1_before,load1_after
k_pwrite,process,4096,10,16,32,4,0,new_name,51,bytes,8976,8160,33837888,1632,0,0,0,0,0,4780342,4821297,91180,105440,159920,3.010,3.010
stderr:

[2026-07-15T18:10:59.400442+00:00] e000717 /home/bob/src/mess/.maw/workspaces/bn-1zv6/spikes/pwritev_group/target/release/pwritev_group point-auto copy_contiguous process 4096 10 16 4 new_name 0
stdout:
variant,mode,payload,events_per_batch,owner_units,physical_batches,writers,chain,unit_shape,iterations,stop_reason,events,domain_events,bytes,write_syscalls,short_writes,interrupted,max_iovecs,copied_bytes,barriers,cpu_ns,wall_ns,p50_ns,p95_ns,p99_ns,load1_before,load1_after
copy_contiguous,process,4096,10,16,32,4,0,new_name,51,bytes,8976,8160,33837888,51,0,0,0,33837888,0,5258922,5317607,100650,125539,170320,3.010,3.010
stderr:

[2026-07-15T18:11:00.431129+00:00] e000718 /home/bob/src/mess/.maw/workspaces/bn-1zv6/spikes/pwritev_group/target/release/pwritev_group point-auto k_pwrite process 4096 10 16 4 new_name 0
stdout:
variant,mode,payload,events_per_batch,owner_units,physical_batches,writers,chain,unit_shape,iterations,stop_reason,events,domain_events,bytes,write_syscalls,short_writes,interrupted,max_iovecs,copied_bytes,barriers,cpu_ns,wall_ns,p50_ns,p95_ns,p99_ns,load1_before,load1_after
k_pwrite,process,4096,10,16,32,4,0,new_name,51,bytes,8976,8160,33837888,1632,0,0,0,0,0,4826591,4871588,92500,108700,178939,3.010,3.010
stderr:

[2026-07-15T18:11:01.453074+00:00] e000719 /home/bob/src/mess/.maw/workspaces/bn-1zv6/spikes/pwritev_group/target/release/pwritev_group point-auto k_pwrite process 4096 10 16 4 new_name 0
stdout:
variant,mode,payload,events_per_batch,owner_units,physical_batches,writers,chain,unit_shape,iterations,stop_reason,events,domain_events,bytes,write_syscalls,short_writes,interrupted,max_iovecs,copied_bytes,barriers,cpu_ns,wall_ns,p50_ns,p95_ns,p99_ns,load1_before,load1_after
k_pwrite,process,4096,10,16,32,4,0,new_name,51,bytes,8976,8160,33837888,1632,0,0,0,0,0,4682931,4711237,91020,100680,105890,3.170,3.170
stderr:

[2026-07-15T18:11:02.477974+00:00] e000720 /home/bob/src/mess/.maw/workspaces/bn-1zv6/spikes/pwritev_group/target/release/pwritev_group point-auto copy_contiguous process 4096 10 16 4 new_name 0
stdout:
variant,mode,payload,events_per_batch,owner_units,physical_batches,writers,chain,unit_shape,iterations,stop_reason,events,domain_events,bytes,write_syscalls,short_writes,interrupted,max_iovecs,copied_bytes,barriers,cpu_ns,wall_ns,p50_ns,p95_ns,p99_ns,load1_before,load1_after
copy_contiguous,process,4096,10,16,32,4,0,new_name,51,bytes,8976,8160,33837888,51,0,0,0,33837888,0,7548262,8180445,101080,156779,2737028,3.170,3.170
stderr:

[2026-07-15T18:11:03.509544+00:00] e000721 /home/bob/src/mess/.maw/workspaces/bn-1zv6/spikes/pwritev_group/target/release/pwritev_group point-auto k_pwrite process 4096 10 64 4 domain 0
stdout:
variant,mode,payload,events_per_batch,owner_units,physical_batches,writers,chain,unit_shape,iterations,stop_reason,events,domain_events,bytes,write_syscalls,short_writes,interrupted,max_iovecs,copied_bytes,barriers,cpu_ns,wall_ns,p50_ns,p95_ns,p99_ns,load1_before,load1_after
k_pwrite,process,4096,10,64,64,4,0,domain,13,bytes,8320,8320,34384896,832,0,0,0,0,0,4582981,4617427,347389,364899,449569,3.170,3.170
stderr:

[2026-07-15T18:11:04.535306+00:00] e000722 /home/bob/src/mess/.maw/workspaces/bn-1zv6/spikes/pwritev_group/target/release/pwritev_group point-auto pwritev_full_8m process 4096 10 64 4 domain 0
stdout:
variant,mode,payload,events_per_batch,owner_units,physical_batches,writers,chain,unit_shape,iterations,stop_reason,events,domain_events,bytes,write_syscalls,short_writes,interrupted,max_iovecs,copied_bytes,barriers,cpu_ns,wall_ns,p50_ns,p95_ns,p99_ns,load1_before,load1_after
pwritev_full_8m,process,4096,10,64,64,4,0,domain,13,bytes,8320,8320,34384896,13,0,0,64,0,0,2868450,2907618,209440,271260,308630,3.170,3.170
stderr:

[2026-07-15T18:11:05.560616+00:00] e000723 /home/bob/src/mess/.maw/workspaces/bn-1zv6/spikes/pwritev_group/target/release/pwritev_group point-auto pwritev_full_8m process 4096 10 64 4 domain 0
stdout:
variant,mode,payload,events_per_batch,owner_units,physical_batches,writers,chain,unit_shape,iterations,stop_reason,events,domain_events,bytes,write_syscalls,short_writes,interrupted,max_iovecs,copied_bytes,barriers,cpu_ns,wall_ns,p50_ns,p95_ns,p99_ns,load1_before,load1_after
pwritev_full_8m,process,4096,10,64,64,4,0,domain,13,bytes,8320,8320,34384896,13,0,0,64,0,0,2656541,2691998,195550,265330,277290,3.170,3.170
stderr:

[2026-07-15T18:11:06.588470+00:00] e000724 /home/bob/src/mess/.maw/workspaces/bn-1zv6/spikes/pwritev_group/target/release/pwritev_group point-auto k_pwrite process 4096 10 64 4 domain 0
stdout:
variant,mode,payload,events_per_batch,owner_units,physical_batches,writers,chain,unit_shape,iterations,stop_reason,events,domain_events,bytes,write_syscalls,short_writes,interrupted,max_iovecs,copied_bytes,barriers,cpu_ns,wall_ns,p50_ns,p95_ns,p99_ns,load1_before,load1_after
k_pwrite,process,4096,10,64,64,4,0,domain,13,bytes,8320,8320,34384896,832,0,0,0,0,0,4489771,4539287,335809,404520,440240,3.000,3.000
stderr:

[2026-07-15T18:11:07.616083+00:00] e000725 /home/bob/src/mess/.maw/workspaces/bn-1zv6/spikes/pwritev_group/target/release/pwritev_group point-auto copy_contiguous process 4096 10 64 4 domain 0
stdout:
variant,mode,payload,events_per_batch,owner_units,physical_batches,writers,chain,unit_shape,iterations,stop_reason,events,domain_events,bytes,write_syscalls,short_writes,interrupted,max_iovecs,copied_bytes,barriers,cpu_ns,wall_ns,p50_ns,p95_ns,p99_ns,load1_before,load1_after
copy_contiguous,process,4096,10,64,64,4,0,domain,13,bytes,8320,8320,34384896,13,0,0,0,34384896,0,5161050,5235067,402710,418610,439959,3.000,3.000
stderr:

[2026-07-15T18:11:08.642168+00:00] e000726 /home/bob/src/mess/.maw/workspaces/bn-1zv6/spikes/pwritev_group/target/release/pwritev_group point-auto k_pwrite process 4096 10 64 4 domain 0
stdout:
variant,mode,payload,events_per_batch,owner_units,physical_batches,writers,chain,unit_shape,iterations,stop_reason,events,domain_events,bytes,write_syscalls,short_writes,interrupted,max_iovecs,copied_bytes,barriers,cpu_ns,wall_ns,p50_ns,p95_ns,p99_ns,load1_before,load1_after
k_pwrite,process,4096,10,64,64,4,0,domain,13,bytes,8320,8320,34384896,832,0,0,0,0,0,6794672,7132936,349600,535029,2533919,3.000,3.000
stderr:

[2026-07-15T18:11:09.667622+00:00] e000727 /home/bob/src/mess/.maw/workspaces/bn-1zv6/spikes/pwritev_group/target/release/pwritev_group point-auto k_pwrite process 4096 10 64 4 domain 0
stdout:
variant,mode,payload,events_per_batch,owner_units,physical_batches,writers,chain,unit_shape,iterations,stop_reason,events,domain_events,bytes,write_syscalls,short_writes,interrupted,max_iovecs,copied_bytes,barriers,cpu_ns,wall_ns,p50_ns,p95_ns,p99_ns,load1_before,load1_after
k_pwrite,process,4096,10,64,64,4,0,domain,13,bytes,8320,8320,34384896,832,0,0,0,0,0,4383751,4415147,339360,347880,352630,3.000,3.000
stderr:

[2026-07-15T18:11:10.697901+00:00] e000728 /home/bob/src/mess/.maw/workspaces/bn-1zv6/spikes/pwritev_group/target/release/pwritev_group point-auto copy_contiguous process 4096 10 64 4 domain 0
stdout:
variant,mode,payload,events_per_batch,owner_units,physical_batches,writers,chain,unit_shape,iterations,stop_reason,events,domain_events,bytes,write_syscalls,short_writes,interrupted,max_iovecs,copied_bytes,barriers,cpu_ns,wall_ns,p50_ns,p95_ns,p99_ns,load1_before,load1_after
copy_contiguous,process,4096,10,64,64,4,0,domain,13,bytes,8320,8320,34384896,13,0,0,0,34384896,0,5039961,5070117,391149,397379,398610,3.000,3.000
stderr:

[2026-07-15T18:11:11.719899+00:00] e000729 /home/bob/src/mess/.maw/workspaces/bn-1zv6/spikes/pwritev_group/target/release/pwritev_group point-auto k_pwrite process 4096 10 64 4 new_name 0
stdout:
variant,mode,payload,events_per_batch,owner_units,physical_batches,writers,chain,unit_shape,iterations,stop_reason,events,domain_events,bytes,write_syscalls,short_writes,interrupted,max_iovecs,copied_bytes,barriers,cpu_ns,wall_ns,p50_ns,p95_ns,p99_ns,load1_before,load1_after
k_pwrite,process,4096,10,64,128,4,0,new_name,13,bytes,9152,8320,34501376,1664,0,0,0,0,0,4928011,4969277,370129,417060,491600,2.760,2.760
stderr:

[2026-07-15T18:11:12.747832+00:00] e000730 /home/bob/src/mess/.maw/workspaces/bn-1zv6/spikes/pwritev_group/target/release/pwritev_group point-auto pwritev_full_8m process 4096 10 64 4 new_name 0
stdout:
variant,mode,payload,events_per_batch,owner_units,physical_batches,writers,chain,unit_shape,iterations,stop_reason,events,domain_events,bytes,write_syscalls,short_writes,interrupted,max_iovecs,copied_bytes,barriers,cpu_ns,wall_ns,p50_ns,p95_ns,p99_ns,load1_before,load1_after
pwritev_full_8m,process,4096,10,64,128,4,0,new_name,13,bytes,9152,8320,34501376,13,0,0,128,0,0,2582950,2602998,193480,223930,240930,2.760,2.760
stderr:

[2026-07-15T18:11:13.772003+00:00] e000731 /home/bob/src/mess/.maw/workspaces/bn-1zv6/spikes/pwritev_group/target/release/pwritev_group point-auto pwritev_full_8m process 4096 10 64 4 new_name 0
stdout:
variant,mode,payload,events_per_batch,owner_units,physical_batches,writers,chain,unit_shape,iterations,stop_reason,events,domain_events,bytes,write_syscalls,short_writes,interrupted,max_iovecs,copied_bytes,barriers,cpu_ns,wall_ns,p50_ns,p95_ns,p99_ns,load1_before,load1_after
pwritev_full_8m,process,4096,10,64,128,4,0,new_name,13,bytes,9152,8320,34501376,13,0,0,128,0,0,2775880,2793008,211960,254530,265200,2.760,2.760
stderr:

[2026-07-15T18:11:14.795850+00:00] e000732 /home/bob/src/mess/.maw/workspaces/bn-1zv6/spikes/pwritev_group/target/release/pwritev_group point-auto k_pwrite process 4096 10 64 4 new_name 0
stdout:
variant,mode,payload,events_per_batch,owner_units,physical_batches,writers,chain,unit_shape,iterations,stop_reason,events,domain_events,bytes,write_syscalls,short_writes,interrupted,max_iovecs,copied_bytes,barriers,cpu_ns,wall_ns,p50_ns,p95_ns,p99_ns,load1_before,load1_after
k_pwrite,process,4096,10,64,128,4,0,new_name,13,bytes,9152,8320,34501376,1664,0,0,0,0,0,5185522,5467217,420680,478800,487530,2.760,2.760
stderr:

[2026-07-15T18:11:15.826713+00:00] e000733 /home/bob/src/mess/.maw/workspaces/bn-1zv6/spikes/pwritev_group/target/release/pwritev_group point-auto pwritev_64_8m process 4096 10 64 4 new_name 0
stdout:
variant,mode,payload,events_per_batch,owner_units,physical_batches,writers,chain,unit_shape,iterations,stop_reason,events,domain_events,bytes,write_syscalls,short_writes,interrupted,max_iovecs,copied_bytes,barriers,cpu_ns,wall_ns,p50_ns,p95_ns,p99_ns,load1_before,load1_after
pwritev_64_8m,process,4096,10,64,128,4,0,new_name,13,bytes,9152,8320,34501376,26,0,0,64,0,0,2460801,2478098,189970,193650,203230,2.760,2.760
stderr:

[2026-07-15T18:11:16.854623+00:00] e000734 /home/bob/src/mess/.maw/workspaces/bn-1zv6/spikes/pwritev_group/target/release/pwritev_group point-auto k_pwrite process 4096 10 64 4 new_name 0
stdout:
variant,mode,payload,events_per_batch,owner_units,physical_batches,writers,chain,unit_shape,iterations,stop_reason,events,domain_events,bytes,write_syscalls,short_writes,interrupted,max_iovecs,copied_bytes,barriers,cpu_ns,wall_ns,p50_ns,p95_ns,p99_ns,load1_before,load1_after
k_pwrite,process,4096,10,64,128,4,0,new_name,13,bytes,9152,8320,34501376,1664,0,0,0,0,0,4817802,4853207,373100,380440,385520,2.620,2.620
stderr:

[2026-07-15T18:11:17.882723+00:00] e000735 /home/bob/src/mess/.maw/workspaces/bn-1zv6/spikes/pwritev_group/target/release/pwritev_group point-auto k_pwrite process 4096 10 64 4 new_name 0
stdout:
variant,mode,payload,events_per_batch,owner_units,physical_batches,writers,chain,unit_shape,iterations,stop_reason,events,domain_events,bytes,write_syscalls,short_writes,interrupted,max_iovecs,copied_bytes,barriers,cpu_ns,wall_ns,p50_ns,p95_ns,p99_ns,load1_before,load1_after
k_pwrite,process,4096,10,64,128,4,0,new_name,13,bytes,9152,8320,34501376,1664,0,0,0,0,0,4901741,4954017,375690,397349,418839,2.620,2.620
stderr:

[2026-07-15T18:11:18.914913+00:00] e000736 /home/bob/src/mess/.maw/workspaces/bn-1zv6/spikes/pwritev_group/target/release/pwritev_group point-auto pwritev_64_8m process 4096 10 64 4 new_name 0
stdout:
variant,mode,payload,events_per_batch,owner_units,physical_batches,writers,chain,unit_shape,iterations,stop_reason,events,domain_events,bytes,write_syscalls,short_writes,interrupted,max_iovecs,copied_bytes,barriers,cpu_ns,wall_ns,p50_ns,p95_ns,p99_ns,load1_before,load1_after
pwritev_64_8m,process,4096,10,64,128,4,0,new_name,13,bytes,9152,8320,34501376,26,0,0,64,0,0,2470461,2491258,192789,204810,204880,2.620,2.620
stderr:

[2026-07-15T18:11:19.948316+00:00] e000737 /home/bob/src/mess/.maw/workspaces/bn-1zv6/spikes/pwritev_group/target/release/pwritev_group point-auto k_pwrite process 4096 10 64 4 new_name 0
stdout:
variant,mode,payload,events_per_batch,owner_units,physical_batches,writers,chain,unit_shape,iterations,stop_reason,events,domain_events,bytes,write_syscalls,short_writes,interrupted,max_iovecs,copied_bytes,barriers,cpu_ns,wall_ns,p50_ns,p95_ns,p99_ns,load1_before,load1_after
k_pwrite,process,4096,10,64,128,4,0,new_name,13,bytes,9152,8320,34501376,1664,0,0,0,0,0,5019250,5059167,370380,438070,479980,2.620,2.620
stderr:

[2026-07-15T18:11:20.976458+00:00] e000738 /home/bob/src/mess/.maw/workspaces/bn-1zv6/spikes/pwritev_group/target/release/pwritev_group point-auto copy_contiguous process 4096 10 64 4 new_name 0
stdout:
variant,mode,payload,events_per_batch,owner_units,physical_batches,writers,chain,unit_shape,iterations,stop_reason,events,domain_events,bytes,write_syscalls,short_writes,interrupted,max_iovecs,copied_bytes,barriers,cpu_ns,wall_ns,p50_ns,p95_ns,p99_ns,load1_before,load1_after
copy_contiguous,process,4096,10,64,128,4,0,new_name,13,bytes,9152,8320,34501376,13,0,0,0,34501376,0,4980321,5012267,385110,387510,403159,2.620,2.620
stderr:

[2026-07-15T18:11:22.002062+00:00] e000739 /home/bob/src/mess/.maw/workspaces/bn-1zv6/spikes/pwritev_group/target/release/pwritev_group point-auto copy_contiguous process 4096 10 64 4 new_name 0
stdout:
variant,mode,payload,events_per_batch,owner_units,physical_batches,writers,chain,unit_shape,iterations,stop_reason,events,domain_events,bytes,write_syscalls,short_writes,interrupted,max_iovecs,copied_bytes,barriers,cpu_ns,wall_ns,p50_ns,p95_ns,p99_ns,load1_before,load1_after
copy_contiguous,process,4096,10,64,128,4,0,new_name,13,bytes,9152,8320,34501376,13,0,0,0,34501376,0,5426711,5437236,394320,438470,653029,2.410,2.410
stderr:

[2026-07-15T18:11:23.034008+00:00] e000740 /home/bob/src/mess/.maw/workspaces/bn-1zv6/spikes/pwritev_group/target/release/pwritev_group point-auto k_pwrite process 4096 10 64 4 new_name 0
stdout:
variant,mode,payload,events_per_batch,owner_units,physical_batches,writers,chain,unit_shape,iterations,stop_reason,events,domain_events,bytes,write_syscalls,short_writes,interrupted,max_iovecs,copied_bytes,barriers,cpu_ns,wall_ns,p50_ns,p95_ns,p99_ns,load1_before,load1_after
k_pwrite,process,4096,10,64,128,4,0,new_name,13,bytes,9152,8320,34501376,1664,0,0,0,0,0,5725951,5774987,460360,500630,511329,2.410,2.410
stderr:

[2026-07-15T18:11:24.065595+00:00] e000741 /home/bob/src/mess/.maw/workspaces/bn-1zv6/spikes/pwritev_group/target/release/pwritev_group point-auto pwritev_full_8m process 4096 10 256 4 domain 0
stdout:
variant,mode,payload,events_per_batch,owner_units,physical_batches,writers,chain,unit_shape,iterations,stop_reason,events,domain_events,bytes,write_syscalls,short_writes,interrupted,max_iovecs,copied_bytes,barriers,cpu_ns,wall_ns,p50_ns,p95_ns,p99_ns,load1_before,load1_after
pwritev_full_8m,process,4096,10,256,256,4,0,domain,4,bytes,10240,10240,42319872,8,0,0,203,0,0,3036931,3134728,781539,865770,865770,2.410,2.410
stderr:

[2026-07-15T18:11:25.094954+00:00] e000742 /home/bob/src/mess/.maw/workspaces/bn-1zv6/spikes/pwritev_group/target/release/pwritev_group point-auto k_pwrite process 4096 10 256 4 domain 0
stdout:
variant,mode,payload,events_per_batch,owner_units,physical_batches,writers,chain,unit_shape,iterations,stop_reason,events,domain_events,bytes,write_syscalls,short_writes,interrupted,max_iovecs,copied_bytes,barriers,cpu_ns,wall_ns,p50_ns,p95_ns,p99_ns,load1_before,load1_after
k_pwrite,process,4096,10,256,256,4,0,domain,4,bytes,10240,10240,42319872,1024,0,0,0,0,0,6352912,6391276,1614179,1657339,1657339,2.410,2.410
stderr:

[2026-07-15T18:11:26.125257+00:00] e000743 /home/bob/src/mess/.maw/workspaces/bn-1zv6/spikes/pwritev_group/target/release/pwritev_group point-auto k_pwrite process 4096 10 256 4 domain 0
stdout:
variant,mode,payload,events_per_batch,owner_units,physical_batches,writers,chain,unit_shape,iterations,stop_reason,events,domain_events,bytes,write_syscalls,short_writes,interrupted,max_iovecs,copied_bytes,barriers,cpu_ns,wall_ns,p50_ns,p95_ns,p99_ns,load1_before,load1_after
k_pwrite,process,4096,10,256,256,4,0,domain,4,bytes,10240,10240,42319872,1024,0,0,0,0,0,10881153,11079243,1986029,5344397,5344397,2.410,2.410
stderr:

[2026-07-15T18:11:27.149217+00:00] e000744 /home/bob/src/mess/.maw/workspaces/bn-1zv6/spikes/pwritev_group/target/release/pwritev_group point-auto pwritev_full_8m process 4096 10 256 4 domain 0
stdout:
variant,mode,payload,events_per_batch,owner_units,physical_batches,writers,chain,unit_shape,iterations,stop_reason,events,domain_events,bytes,write_syscalls,short_writes,interrupted,max_iovecs,copied_bytes,barriers,cpu_ns,wall_ns,p50_ns,p95_ns,p99_ns,load1_before,load1_after
pwritev_full_8m,process,4096,10,256,256,4,0,domain,4,bytes,10240,10240,42319872,8,0,0,203,0,0,2985541,3020908,757480,770290,770290,2.290,2.290
stderr:

[2026-07-15T18:11:28.180049+00:00] e000745 /home/bob/src/mess/.maw/workspaces/bn-1zv6/spikes/pwritev_group/target/release/pwritev_group point-auto k_pwrite process 4096 10 256 4 domain 0
stdout:
variant,mode,payload,events_per_batch,owner_units,physical_batches,writers,chain,unit_shape,iterations,stop_reason,events,domain_events,bytes,write_syscalls,short_writes,interrupted,max_iovecs,copied_bytes,barriers,cpu_ns,wall_ns,p50_ns,p95_ns,p99_ns,load1_before,load1_after
k_pwrite,process,4096,10,256,256,4,0,domain,4,bytes,10240,10240,42319872,1024,0,0,0,0,0,6212962,6352436,1644919,1648499,1648499,2.290,2.290
stderr:

[2026-07-15T18:11:29.209543+00:00] e000746 /home/bob/src/mess/.maw/workspaces/bn-1zv6/spikes/pwritev_group/target/release/pwritev_group point-auto pwritev_64_8m process 4096 10 256 4 domain 0
stdout:
variant,mode,payload,events_per_batch,owner_units,physical_batches,writers,chain,unit_shape,iterations,stop_reason,events,domain_events,bytes,write_syscalls,short_writes,interrupted,max_iovecs,copied_bytes,barriers,cpu_ns,wall_ns,p50_ns,p95_ns,p99_ns,load1_before,load1_after
pwritev_64_8m,process,4096,10,256,256,4,0,domain,4,bytes,10240,10240,42319872,16,0,0,64,0,0,3307781,3332998,839540,865500,865500,2.290,2.290
stderr:

[2026-07-15T18:11:30.242530+00:00] e000747 /home/bob/src/mess/.maw/workspaces/bn-1zv6/spikes/pwritev_group/target/release/pwritev_group point-auto pwritev_64_8m process 4096 10 256 4 domain 0
stdout:
variant,mode,payload,events_per_batch,owner_units,physical_batches,writers,chain,unit_shape,iterations,stop_reason,events,domain_events,bytes,write_syscalls,short_writes,interrupted,max_iovecs,copied_bytes,barriers,cpu_ns,wall_ns,p50_ns,p95_ns,p99_ns,load1_before,load1_after
pwritev_64_8m,process,4096,10,256,256,4,0,domain,4,bytes,10240,10240,42319872,16,0,0,64,0,0,3355591,3388858,835460,1028919,1028919,2.290,2.290
stderr:

[2026-07-15T18:11:31.268474+00:00] e000748 /home/bob/src/mess/.maw/workspaces/bn-1zv6/spikes/pwritev_group/target/release/pwritev_group point-auto k_pwrite process 4096 10 256 4 domain 0
stdout:
variant,mode,payload,events_per_batch,owner_units,physical_batches,writers,chain,unit_shape,iterations,stop_reason,events,domain_events,bytes,write_syscalls,short_writes,interrupted,max_iovecs,copied_bytes,barriers,cpu_ns,wall_ns,p50_ns,p95_ns,p99_ns,load1_before,load1_after
k_pwrite,process,4096,10,256,256,4,0,domain,4,bytes,10240,10240,42319872,1024,0,0,0,0,0,6570942,6654706,1709619,1831989,1831989,2.290,2.290
stderr:

[2026-07-15T18:11:32.299185+00:00] e000749 /home/bob/src/mess/.maw/workspaces/bn-1zv6/spikes/pwritev_group/target/release/pwritev_group point-auto pwritev_full_8m process 4096 10 256 4 new_name 0
stdout:
variant,mode,payload,events_per_batch,owner_units,physical_batches,writers,chain,unit_shape,iterations,stop_reason,events,domain_events,bytes,write_syscalls,short_writes,interrupted,max_iovecs,copied_bytes,barriers,cpu_ns,wall_ns,p50_ns,p95_ns,p99_ns,load1_before,load1_after
pwritev_full_8m,process,4096,10,256,512,4,0,new_name,4,bytes,11264,10240,42463232,8,0,0,406,0,0,4483431,4732937,1320469,1672289,1672289,2.190,2.190
stderr:

[2026-07-15T18:11:33.321026+00:00] e000750 /home/bob/src/mess/.maw/workspaces/bn-1zv6/spikes/pwritev_group/target/release/pwritev_group point-auto k_pwrite process 4096 10 256 4 new_name 0
stdout:
variant,mode,payload,events_per_batch,owner_units,physical_batches,writers,chain,unit_shape,iterations,stop_reason,events,domain_events,bytes,write_syscalls,short_writes,interrupted,max_iovecs,copied_bytes,barriers,cpu_ns,wall_ns,p50_ns,p95_ns,p99_ns,load1_before,load1_after
k_pwrite,process,4096,10,256,512,4,0,new_name,4,bytes,11264,10240,42463232,2048,0,0,0,0,0,11521353,11624523,2440399,4951547,4951547,2.190,2.190
stderr:

[2026-07-15T18:11:34.350425+00:00] e000751 /home/bob/src/mess/.maw/workspaces/bn-1zv6/spikes/pwritev_group/target/release/pwritev_group point-auto k_pwrite process 4096 10 256 4 new_name 0
stdout:
variant,mode,payload,events_per_batch,owner_units,physical_batches,writers,chain,unit_shape,iterations,stop_reason,events,domain_events,bytes,write_syscalls,short_writes,interrupted,max_iovecs,copied_bytes,barriers,cpu_ns,wall_ns,p50_ns,p95_ns,p99_ns,load1_before,load1_after
k_pwrite,process,4096,10,256,512,4,0,new_name,4,bytes,11264,10240,42463232,2048,0,0,0,0,0,7223881,7284345,1760589,2064688,2064688,2.190,2.190
stderr:

[2026-07-15T18:11:35.380936+00:00] e000752 /home/bob/src/mess/.maw/workspaces/bn-1zv6/spikes/pwritev_group/target/release/pwritev_group point-auto pwritev_full_8m process 4096 10 256 4 new_name 0
stdout:
variant,mode,payload,events_per_batch,owner_units,physical_batches,writers,chain,unit_shape,iterations,stop_reason,events,domain_events,bytes,write_syscalls,short_writes,interrupted,max_iovecs,copied_bytes,barriers,cpu_ns,wall_ns,p50_ns,p95_ns,p99_ns,load1_before,load1_after
pwritev_full_8m,process,4096,10,256,512,4,0,new_name,4,bytes,11264,10240,42463232,8,0,0,406,0,0,2920361,2934998,740280,748759,748759,2.190,2.190
stderr:

[2026-07-15T18:11:36.410685+00:00] e000753 /home/bob/src/mess/.maw/workspaces/bn-1zv6/spikes/pwritev_group/target/release/pwritev_group point-auto k_pwrite process 4096 10 256 4 new_name 0
stdout:
variant,mode,payload,events_per_batch,owner_units,physical_batches,writers,chain,unit_shape,iterations,stop_reason,events,domain_events,bytes,write_syscalls,short_writes,interrupted,max_iovecs,copied_bytes,barriers,cpu_ns,wall_ns,p50_ns,p95_ns,p99_ns,load1_before,load1_after
k_pwrite,process,4096,10,256,512,4,0,new_name,4,bytes,11264,10240,42463232,2048,0,0,0,0,0,7450022,7523825,1955778,1964469,1964469,2.190,2.190
stderr:

[2026-07-15T18:11:37.442153+00:00] e000754 /home/bob/src/mess/.maw/workspaces/bn-1zv6/spikes/pwritev_group/target/release/pwritev_group point-auto pwritev_256_8m process 4096 10 256 4 new_name 0
stdout:
variant,mode,payload,events_per_batch,owner_units,physical_batches,writers,chain,unit_shape,iterations,stop_reason,events,domain_events,bytes,write_syscalls,short_writes,interrupted,max_iovecs,copied_bytes,barriers,cpu_ns,wall_ns,p50_ns,p95_ns,p99_ns,load1_before,load1_after
pwritev_256_8m,process,4096,10,256,512,4,0,new_name,4,bytes,11264,10240,42463232,8,0,0,256,0,0,2975960,2995918,754669,759000,759000,2.170,2.170
stderr:

[2026-07-15T18:11:38.473139+00:00] e000755 /home/bob/src/mess/.maw/workspaces/bn-1zv6/spikes/pwritev_group/target/release/pwritev_group point-auto pwritev_256_8m process 4096 10 256 4 new_name 0
stdout:
variant,mode,payload,events_per_batch,owner_units,physical_batches,writers,chain,unit_shape,iterations,stop_reason,events,domain_events,bytes,write_syscalls,short_writes,interrupted,max_iovecs,copied_bytes,barriers,cpu_ns,wall_ns,p50_ns,p95_ns,p99_ns,load1_before,load1_after
pwritev_256_8m,process,4096,10,256,512,4,0,new_name,4,bytes,11264,10240,42463232,8,0,0,256,0,0,3169221,3189358,775430,970939,970939,2.170,2.170
stderr:

[2026-07-15T18:11:39.496226+00:00] e000756 /home/bob/src/mess/.maw/workspaces/bn-1zv6/spikes/pwritev_group/target/release/pwritev_group point-auto k_pwrite process 4096 10 256 4 new_name 0
stdout:
variant,mode,payload,events_per_batch,owner_units,physical_batches,writers,chain,unit_shape,iterations,stop_reason,events,domain_events,bytes,write_syscalls,short_writes,interrupted,max_iovecs,copied_bytes,barriers,cpu_ns,wall_ns,p50_ns,p95_ns,p99_ns,load1_before,load1_after
k_pwrite,process,4096,10,256,512,4,0,new_name,4,bytes,11264,10240,42463232,2048,0,0,0,0,0,7977092,8062445,2139719,2388189,2388189,2.170,2.170
stderr:

[2026-07-15T18:11:40.529018+00:00] e000757 /home/bob/src/mess/.maw/workspaces/bn-1zv6/spikes/pwritev_group/target/release/pwritev_group point-auto pwritev_64_8m process 4096 10 256 4 new_name 0
stdout:
variant,mode,payload,events_per_batch,owner_units,physical_batches,writers,chain,unit_shape,iterations,stop_reason,events,domain_events,bytes,write_syscalls,short_writes,interrupted,max_iovecs,copied_bytes,barriers,cpu_ns,wall_ns,p50_ns,p95_ns,p99_ns,load1_before,load1_after
pwritev_64_8m,process,4096,10,256,512,4,0,new_name,4,bytes,11264,10240,42463232,32,0,0,64,0,0,6637592,6990526,957950,4390757,4390757,2.170,2.170
stderr:

[2026-07-15T18:11:41.551693+00:00] e000758 /home/bob/src/mess/.maw/workspaces/bn-1zv6/spikes/pwritev_group/target/release/pwritev_group point-auto k_pwrite process 4096 10 256 4 new_name 0
stdout:
variant,mode,payload,events_per_batch,owner_units,physical_batches,writers,chain,unit_shape,iterations,stop_reason,events,domain_events,bytes,write_syscalls,short_writes,interrupted,max_iovecs,copied_bytes,barriers,cpu_ns,wall_ns,p50_ns,p95_ns,p99_ns,load1_before,load1_after
k_pwrite,process,4096,10,256,512,4,0,new_name,4,bytes,11264,10240,42463232,2048,0,0,0,0,0,9200272,11371363,2025779,5586547,5586547,2.160,2.160
stderr:

[2026-07-15T18:11:42.574652+00:00] e000759 /home/bob/src/mess/.maw/workspaces/bn-1zv6/spikes/pwritev_group/target/release/pwritev_group point-auto k_pwrite process 4096 10 256 4 new_name 0
stdout:
variant,mode,payload,events_per_batch,owner_units,physical_batches,writers,chain,unit_shape,iterations,stop_reason,events,domain_events,bytes,write_syscalls,short_writes,interrupted,max_iovecs,copied_bytes,barriers,cpu_ns,wall_ns,p50_ns,p95_ns,p99_ns,load1_before,load1_after
k_pwrite,process,4096,10,256,512,4,0,new_name,4,bytes,11264,10240,42463232,2048,0,0,0,0,0,7694532,7746185,2103579,2148878,2148878,2.160,2.160
stderr:

[2026-07-15T18:11:43.605987+00:00] e000760 /home/bob/src/mess/.maw/workspaces/bn-1zv6/spikes/pwritev_group/target/release/pwritev_group point-auto pwritev_64_8m process 4096 10 256 4 new_name 0
stdout:
variant,mode,payload,events_per_batch,owner_units,physical_batches,writers,chain,unit_shape,iterations,stop_reason,events,domain_events,bytes,write_syscalls,short_writes,interrupted,max_iovecs,copied_bytes,barriers,cpu_ns,wall_ns,p50_ns,p95_ns,p99_ns,load1_before,load1_after
pwritev_64_8m,process,4096,10,256,512,4,0,new_name,4,bytes,11264,10240,42463232,32,0,0,64,0,0,3172601,3189168,797199,855209,855209,2.160,2.160
stderr:

[2026-07-15T18:11:44.637433+00:00] e000761 /home/bob/src/mess/.maw/workspaces/bn-1zv6/spikes/pwritev_group/target/release/pwritev_group point-auto k_pwrite process 4096 10 1024 4 domain 0
stdout:
variant,mode,payload,events_per_batch,owner_units,physical_batches,writers,chain,unit_shape,iterations,stop_reason,events,domain_events,bytes,write_syscalls,short_writes,interrupted,max_iovecs,copied_bytes,barriers,cpu_ns,wall_ns,p50_ns,p95_ns,p99_ns,load1_before,load1_after
k_pwrite,process,4096,10,1024,1024,4,0,domain,1,bytes,10240,10240,42319872,1024,0,0,0,0,0,7536642,7613035,7612765,7612765,7612765,2.160,2.160
stderr:

[2026-07-15T18:11:45.668059+00:00] e000762 /home/bob/src/mess/.maw/workspaces/bn-1zv6/spikes/pwritev_group/target/release/pwritev_group point-auto pwritev_full_8m process 4096 10 1024 4 domain 0
stdout:
variant,mode,payload,events_per_batch,owner_units,physical_batches,writers,chain,unit_shape,iterations,stop_reason,events,domain_events,bytes,write_syscalls,short_writes,interrupted,max_iovecs,copied_bytes,barriers,cpu_ns,wall_ns,p50_ns,p95_ns,p99_ns,load1_before,load1_after
pwritev_full_8m,process,4096,10,1024,1024,4,0,domain,1,bytes,10240,10240,42319872,6,0,0,204,0,0,4974261,5005357,5005077,5005077,5005077,2.160,2.160
stderr:

[2026-07-15T18:11:46.699475+00:00] e000763 /home/bob/src/mess/.maw/workspaces/bn-1zv6/spikes/pwritev_group/target/release/pwritev_group point-auto pwritev_full_8m process 4096 10 1024 4 domain 0
stdout:
variant,mode,payload,events_per_batch,owner_units,physical_batches,writers,chain,unit_shape,iterations,stop_reason,events,domain_events,bytes,write_syscalls,short_writes,interrupted,max_iovecs,copied_bytes,barriers,cpu_ns,wall_ns,p50_ns,p95_ns,p99_ns,load1_before,load1_after
pwritev_full_8m,process,4096,10,1024,1024,4,0,domain,1,bytes,10240,10240,42319872,6,0,0,204,0,0,5099161,5133837,5133657,5133657,5133657,2.230,2.230
stderr:

[2026-07-15T18:11:47.731139+00:00] e000764 /home/bob/src/mess/.maw/workspaces/bn-1zv6/spikes/pwritev_group/target/release/pwritev_group point-auto k_pwrite process 4096 10 1024 4 domain 0
stdout:
variant,mode,payload,events_per_batch,owner_units,physical_batches,writers,chain,unit_shape,iterations,stop_reason,events,domain_events,bytes,write_syscalls,short_writes,interrupted,max_iovecs,copied_bytes,barriers,cpu_ns,wall_ns,p50_ns,p95_ns,p99_ns,load1_before,load1_after
k_pwrite,process,4096,10,1024,1024,4,0,domain,1,bytes,10240,10240,42319872,1024,0,0,0,0,0,7740232,7797535,7797325,7797325,7797325,2.230,2.230
stderr:

[2026-07-15T18:11:48.762636+00:00] e000765 /home/bob/src/mess/.maw/workspaces/bn-1zv6/spikes/pwritev_group/target/release/pwritev_group point-auto pwritev_64_8m process 4096 10 1024 4 domain 0
stdout:
variant,mode,payload,events_per_batch,owner_units,physical_batches,writers,chain,unit_shape,iterations,stop_reason,events,domain_events,bytes,write_syscalls,short_writes,interrupted,max_iovecs,copied_bytes,barriers,cpu_ns,wall_ns,p50_ns,p95_ns,p99_ns,load1_before,load1_after
pwritev_64_8m,process,4096,10,1024,1024,4,0,domain,1,bytes,10240,10240,42319872,16,0,0,64,0,0,9096393,9206074,9205804,9205804,9205804,2.230,2.230
stderr:

[2026-07-15T18:11:49.794778+00:00] e000766 /home/bob/src/mess/.maw/workspaces/bn-1zv6/spikes/pwritev_group/target/release/pwritev_group point-auto k_pwrite process 4096 10 1024 4 domain 0
stdout:
variant,mode,payload,events_per_batch,owner_units,physical_batches,writers,chain,unit_shape,iterations,stop_reason,events,domain_events,bytes,write_syscalls,short_writes,interrupted,max_iovecs,copied_bytes,barriers,cpu_ns,wall_ns,p50_ns,p95_ns,p99_ns,load1_before,load1_after
k_pwrite,process,4096,10,1024,1024,4,0,domain,1,bytes,10240,10240,42319872,1024,0,0,0,0,0,7608882,7712106,7711656,7711656,7711656,2.230,2.230
stderr:

[2026-07-15T18:11:50.821132+00:00] e000767 /home/bob/src/mess/.maw/workspaces/bn-1zv6/spikes/pwritev_group/target/release/pwritev_group point-auto k_pwrite process 4096 10 1024 4 domain 0
stdout:
variant,mode,payload,events_per_batch,owner_units,physical_batches,writers,chain,unit_shape,iterations,stop_reason,events,domain_events,bytes,write_syscalls,short_writes,interrupted,max_iovecs,copied_bytes,barriers,cpu_ns,wall_ns,p50_ns,p95_ns,p99_ns,load1_before,load1_after
k_pwrite,process,4096,10,1024,1024,4,0,domain,1,bytes,10240,10240,42319872,1024,0,0,0,0,0,11877743,11974062,11973792,11973792,11973792,2.230,2.230
stderr:

[2026-07-15T18:11:51.850115+00:00] e000768 /home/bob/src/mess/.maw/workspaces/bn-1zv6/spikes/pwritev_group/target/release/pwritev_group point-auto pwritev_64_8m process 4096 10 1024 4 domain 0
stdout:
variant,mode,payload,events_per_batch,owner_units,physical_batches,writers,chain,unit_shape,iterations,stop_reason,events,domain_events,bytes,write_syscalls,short_writes,interrupted,max_iovecs,copied_bytes,barriers,cpu_ns,wall_ns,p50_ns,p95_ns,p99_ns,load1_before,load1_after
pwritev_64_8m,process,4096,10,1024,1024,4,0,domain,1,bytes,10240,10240,42319872,16,0,0,64,0,0,4940671,4985037,4984767,4984767,4984767,2.210,2.210
stderr:

[2026-07-15T18:11:52.880318+00:00] e000769 /home/bob/src/mess/.maw/workspaces/bn-1zv6/spikes/pwritev_group/target/release/pwritev_group point-auto k_pwrite process 4096 10 1024 4 new_name 0
stdout:
variant,mode,payload,events_per_batch,owner_units,physical_batches,writers,chain,unit_shape,iterations,stop_reason,events,domain_events,bytes,write_syscalls,short_writes,interrupted,max_iovecs,copied_bytes,barriers,cpu_ns,wall_ns,p50_ns,p95_ns,p99_ns,load1_before,load1_after
k_pwrite,process,4096,10,1024,2048,4,0,new_name,1,bytes,11264,10240,42463232,2048,0,0,0,0,0,10938233,11096353,11095963,11095963,11095963,2.210,2.210
stderr:

[2026-07-15T18:11:53.911894+00:00] e000770 /home/bob/src/mess/.maw/workspaces/bn-1zv6/spikes/pwritev_group/target/release/pwritev_group point-auto pwritev_full_8m process 4096 10 1024 4 new_name 0
stdout:
variant,mode,payload,events_per_batch,owner_units,physical_batches,writers,chain,unit_shape,iterations,stop_reason,events,domain_events,bytes,write_syscalls,short_writes,interrupted,max_iovecs,copied_bytes,barriers,cpu_ns,wall_ns,p50_ns,p95_ns,p99_ns,load1_before,load1_after
pwritev_full_8m,process,4096,10,1024,2048,4,0,new_name,1,bytes,11264,10240,42463232,6,0,0,407,0,0,5301781,5353387,5353037,5353037,5353037,2.210,2.210
stderr:

[2026-07-15T18:11:54.942379+00:00] e000771 /home/bob/src/mess/.maw/workspaces/bn-1zv6/spikes/pwritev_group/target/release/pwritev_group point-auto pwritev_full_8m process 4096 10 1024 4 new_name 0
stdout:
variant,mode,payload,events_per_batch,owner_units,physical_batches,writers,chain,unit_shape,iterations,stop_reason,events,domain_events,bytes,write_syscalls,short_writes,interrupted,max_iovecs,copied_bytes,barriers,cpu_ns,wall_ns,p50_ns,p95_ns,p99_ns,load1_before,load1_after
pwritev_full_8m,process,4096,10,1024,2048,4,0,new_name,1,bytes,11264,10240,42463232,6,0,0,407,0,0,4943431,4990187,4989797,4989797,4989797,2.210,2.210
stderr:

[2026-07-15T18:11:55.974287+00:00] e000772 /home/bob/src/mess/.maw/workspaces/bn-1zv6/spikes/pwritev_group/target/release/pwritev_group point-auto k_pwrite process 4096 10 1024 4 new_name 0
stdout:
variant,mode,payload,events_per_batch,owner_units,physical_batches,writers,chain,unit_shape,iterations,stop_reason,events,domain_events,bytes,write_syscalls,short_writes,interrupted,max_iovecs,copied_bytes,barriers,cpu_ns,wall_ns,p50_ns,p95_ns,p99_ns,load1_before,load1_after
k_pwrite,process,4096,10,1024,2048,4,0,new_name,1,bytes,11264,10240,42463232,2048,0,0,0,0,0,8231862,8293825,8293405,8293405,8293405,2.210,2.210
stderr:

[2026-07-15T18:11:57.004867+00:00] e000773 /home/bob/src/mess/.maw/workspaces/bn-1zv6/spikes/pwritev_group/target/release/pwritev_group point-auto pwritev_256_8m process 4096 10 1024 4 new_name 0
stdout:
variant,mode,payload,events_per_batch,owner_units,physical_batches,writers,chain,unit_shape,iterations,stop_reason,events,domain_events,bytes,write_syscalls,short_writes,interrupted,max_iovecs,copied_bytes,barriers,cpu_ns,wall_ns,p50_ns,p95_ns,p99_ns,load1_before,load1_after
pwritev_256_8m,process,4096,10,1024,2048,4,0,new_name,1,bytes,11264,10240,42463232,8,0,0,256,0,0,4968691,5006888,5006548,5006548,5006548,2.270,2.270
stderr:

[2026-07-15T18:11:58.033918+00:00] e000774 /home/bob/src/mess/.maw/workspaces/bn-1zv6/spikes/pwritev_group/target/release/pwritev_group point-auto k_pwrite process 4096 10 1024 4 new_name 0
stdout:
variant,mode,payload,events_per_batch,owner_units,physical_batches,writers,chain,unit_shape,iterations,stop_reason,events,domain_events,bytes,write_syscalls,short_writes,interrupted,max_iovecs,copied_bytes,barriers,cpu_ns,wall_ns,p50_ns,p95_ns,p99_ns,load1_before,load1_after
k_pwrite,process,4096,10,1024,2048,4,0,new_name,1,bytes,11264,10240,42463232,2048,0,0,0,0,0,8295302,8358744,8358464,8358464,8358464,2.270,2.270
stderr:

[2026-07-15T18:11:59.068669+00:00] e000775 /home/bob/src/mess/.maw/workspaces/bn-1zv6/spikes/pwritev_group/target/release/pwritev_group point-auto k_pwrite process 4096 10 1024 4 new_name 0
stdout:
variant,mode,payload,events_per_batch,owner_units,physical_batches,writers,chain,unit_shape,iterations,stop_reason,events,domain_events,bytes,write_syscalls,short_writes,interrupted,max_iovecs,copied_bytes,barriers,cpu_ns,wall_ns,p50_ns,p95_ns,p99_ns,load1_before,load1_after
k_pwrite,process,4096,10,1024,2048,4,0,new_name,1,bytes,11264,10240,42463232,2048,0,0,0,0,0,11002693,12711042,12710592,12710592,12710592,2.270,2.270
stderr:

[2026-07-15T18:12:00.101020+00:00] e000776 /home/bob/src/mess/.maw/workspaces/bn-1zv6/spikes/pwritev_group/target/release/pwritev_group point-auto pwritev_256_8m process 4096 10 1024 4 new_name 0
stdout:
variant,mode,payload,events_per_batch,owner_units,physical_batches,writers,chain,unit_shape,iterations,stop_reason,events,domain_events,bytes,write_syscalls,short_writes,interrupted,max_iovecs,copied_bytes,barriers,cpu_ns,wall_ns,p50_ns,p95_ns,p99_ns,load1_before,load1_after
pwritev_256_8m,process,4096,10,1024,2048,4,0,new_name,1,bytes,11264,10240,42463232,8,0,0,256,0,0,4763981,4809638,4809298,4809298,4809298,2.270,2.270
stderr:

[2026-07-15T18:12:01.132346+00:00] e000777 /home/bob/src/mess/.maw/workspaces/bn-1zv6/spikes/pwritev_group/target/release/pwritev_group point-auto k_pwrite process 4096 10 1024 4 new_name 0
stdout:
variant,mode,payload,events_per_batch,owner_units,physical_batches,writers,chain,unit_shape,iterations,stop_reason,events,domain_events,bytes,write_syscalls,short_writes,interrupted,max_iovecs,copied_bytes,barriers,cpu_ns,wall_ns,p50_ns,p95_ns,p99_ns,load1_before,load1_after
k_pwrite,process,4096,10,1024,2048,4,0,new_name,1,bytes,11264,10240,42463232,2048,0,0,0,0,0,8509352,8577635,8577235,8577235,8577235,2.270,2.270
stderr:

[2026-07-15T18:12:02.164048+00:00] e000778 /home/bob/src/mess/.maw/workspaces/bn-1zv6/spikes/pwritev_group/target/release/pwritev_group point-auto pwritev_64_8m process 4096 10 1024 4 new_name 0
stdout:
variant,mode,payload,events_per_batch,owner_units,physical_batches,writers,chain,unit_shape,iterations,stop_reason,events,domain_events,bytes,write_syscalls,short_writes,interrupted,max_iovecs,copied_bytes,barriers,cpu_ns,wall_ns,p50_ns,p95_ns,p99_ns,load1_before,load1_after
pwritev_64_8m,process,4096,10,1024,2048,4,0,new_name,1,bytes,11264,10240,42463232,32,0,0,64,0,0,5095041,5149887,5149557,5149557,5149557,2.890,2.890
stderr:

[2026-07-15T18:12:03.195673+00:00] e000779 /home/bob/src/mess/.maw/workspaces/bn-1zv6/spikes/pwritev_group/target/release/pwritev_group point-auto pwritev_64_8m process 4096 10 1024 4 new_name 0
stdout:
variant,mode,payload,events_per_batch,owner_units,physical_batches,writers,chain,unit_shape,iterations,stop_reason,events,domain_events,bytes,write_syscalls,short_writes,interrupted,max_iovecs,copied_bytes,barriers,cpu_ns,wall_ns,p50_ns,p95_ns,p99_ns,load1_before,load1_after
pwritev_64_8m,process,4096,10,1024,2048,4,0,new_name,1,bytes,11264,10240,42463232,32,0,0,64,0,0,6093272,6134907,6134557,6134557,6134557,2.890,2.890
stderr:

[2026-07-15T18:12:04.217129+00:00] e000780 /home/bob/src/mess/.maw/workspaces/bn-1zv6/spikes/pwritev_group/target/release/pwritev_group point-auto k_pwrite process 4096 10 1024 4 new_name 0
stdout:
variant,mode,payload,events_per_batch,owner_units,physical_batches,writers,chain,unit_shape,iterations,stop_reason,events,domain_events,bytes,write_syscalls,short_writes,interrupted,max_iovecs,copied_bytes,barriers,cpu_ns,wall_ns,p50_ns,p95_ns,p99_ns,load1_before,load1_after
k_pwrite,process,4096,10,1024,2048,4,0,new_name,1,bytes,11264,10240,42463232,2048,0,0,0,0,0,8299452,8390115,8389765,8389765,8389765,2.890,2.890
stderr:

[2026-07-15T18:12:05.247841+00:00] e000781 /home/bob/src/mess/.maw/workspaces/bn-1zv6/spikes/pwritev_group/target/release/pwritev_group point-auto pwritev_full_8m process 4096 10 1025 4 domain 0
stdout:
variant,mode,payload,events_per_batch,owner_units,physical_batches,writers,chain,unit_shape,iterations,stop_reason,events,domain_events,bytes,write_syscalls,short_writes,interrupted,max_iovecs,copied_bytes,barriers,cpu_ns,wall_ns,p50_ns,p95_ns,p99_ns,load1_before,load1_after
pwritev_full_8m,process,4096,10,1025,1025,4,0,domain,1,bytes,10250,10250,42361200,6,0,0,204,0,0,5024112,5129217,5128917,5128917,5128917,2.890,2.890
stderr:

[2026-07-15T18:12:06.276643+00:00] e000782 /home/bob/src/mess/.maw/workspaces/bn-1zv6/spikes/pwritev_group/target/release/pwritev_group point-auto k_pwrite process 4096 10 1025 4 domain 0
stdout:
variant,mode,payload,events_per_batch,owner_units,physical_batches,writers,chain,unit_shape,iterations,stop_reason,events,domain_events,bytes,write_syscalls,short_writes,interrupted,max_iovecs,copied_bytes,barriers,cpu_ns,wall_ns,p50_ns,p95_ns,p99_ns,load1_before,load1_after
k_pwrite,process,4096,10,1025,1025,4,0,domain,1,bytes,10250,10250,42361200,1025,0,0,0,0,0,7761292,7855276,7855026,7855026,7855026,2.900,2.900
stderr:

[2026-07-15T18:12:07.301072+00:00] e000783 /home/bob/src/mess/.maw/workspaces/bn-1zv6/spikes/pwritev_group/target/release/pwritev_group point-auto k_pwrite process 4096 10 1025 4 domain 0
stdout:
variant,mode,payload,events_per_batch,owner_units,physical_batches,writers,chain,unit_shape,iterations,stop_reason,events,domain_events,bytes,write_syscalls,short_writes,interrupted,max_iovecs,copied_bytes,barriers,cpu_ns,wall_ns,p50_ns,p95_ns,p99_ns,load1_before,load1_after
k_pwrite,process,4096,10,1025,1025,4,0,domain,1,bytes,10250,10250,42361200,1025,0,0,0,0,0,7471532,7557165,7556885,7556885,7556885,2.900,2.900
stderr:

[2026-07-15T18:12:08.332052+00:00] e000784 /home/bob/src/mess/.maw/workspaces/bn-1zv6/spikes/pwritev_group/target/release/pwritev_group point-auto pwritev_full_8m process 4096 10 1025 4 domain 0
stdout:
variant,mode,payload,events_per_batch,owner_units,physical_batches,writers,chain,unit_shape,iterations,stop_reason,events,domain_events,bytes,write_syscalls,short_writes,interrupted,max_iovecs,copied_bytes,barriers,cpu_ns,wall_ns,p50_ns,p95_ns,p99_ns,load1_before,load1_after
pwritev_full_8m,process,4096,10,1025,1025,4,0,domain,1,bytes,10250,10250,42361200,6,0,0,204,0,0,5831991,5890847,5890557,5890557,5890557,2.900,2.900
stderr:

[2026-07-15T18:12:09.366793+00:00] e000785 /home/bob/src/mess/.maw/workspaces/bn-1zv6/spikes/pwritev_group/target/release/pwritev_group point-auto k_pwrite process 4096 10 1025 4 domain 0
stdout:
variant,mode,payload,events_per_batch,owner_units,physical_batches,writers,chain,unit_shape,iterations,stop_reason,events,domain_events,bytes,write_syscalls,short_writes,interrupted,max_iovecs,copied_bytes,barriers,cpu_ns,wall_ns,p50_ns,p95_ns,p99_ns,load1_before,load1_after
k_pwrite,process,4096,10,1025,1025,4,0,domain,1,bytes,10250,10250,42361200,1025,0,0,0,0,0,8110312,8166916,8166536,8166536,8166536,2.900,2.900
stderr:

[2026-07-15T18:12:10.397281+00:00] e000786 /home/bob/src/mess/.maw/workspaces/bn-1zv6/spikes/pwritev_group/target/release/pwritev_group point-auto pwritev_64_8m process 4096 10 1025 4 domain 0
stdout:
variant,mode,payload,events_per_batch,owner_units,physical_batches,writers,chain,unit_shape,iterations,stop_reason,events,domain_events,bytes,write_syscalls,short_writes,interrupted,max_iovecs,copied_bytes,barriers,cpu_ns,wall_ns,p50_ns,p95_ns,p99_ns,load1_before,load1_after
pwritev_64_8m,process,4096,10,1025,1025,4,0,domain,1,bytes,10250,10250,42361200,17,0,0,64,0,0,4866082,4901927,4901597,4901597,4901597,2.900,2.900
stderr:

[2026-07-15T18:12:11.423909+00:00] e000787 /home/bob/src/mess/.maw/workspaces/bn-1zv6/spikes/pwritev_group/target/release/pwritev_group point-auto pwritev_64_8m process 4096 10 1025 4 domain 0
stdout:
variant,mode,payload,events_per_batch,owner_units,physical_batches,writers,chain,unit_shape,iterations,stop_reason,events,domain_events,bytes,write_syscalls,short_writes,interrupted,max_iovecs,copied_bytes,barriers,cpu_ns,wall_ns,p50_ns,p95_ns,p99_ns,load1_before,load1_after
pwritev_64_8m,process,4096,10,1025,1025,4,0,domain,1,bytes,10250,10250,42361200,17,0,0,64,0,0,4934971,4978257,4977967,4977967,4977967,3.310,3.310
stderr:

[2026-07-15T18:12:12.455414+00:00] e000788 /home/bob/src/mess/.maw/workspaces/bn-1zv6/spikes/pwritev_group/target/release/pwritev_group point-auto k_pwrite process 4096 10 1025 4 domain 0
stdout:
variant,mode,payload,events_per_batch,owner_units,physical_batches,writers,chain,unit_shape,iterations,stop_reason,events,domain_events,bytes,write_syscalls,short_writes,interrupted,max_iovecs,copied_bytes,barriers,cpu_ns,wall_ns,p50_ns,p95_ns,p99_ns,load1_before,load1_after
k_pwrite,process,4096,10,1025,1025,4,0,domain,1,bytes,10250,10250,42361200,1025,0,0,0,0,0,7633982,7705335,7704655,7704655,7704655,3.310,3.310
stderr:

[2026-07-15T18:12:13.480537+00:00] e000789 /home/bob/src/mess/.maw/workspaces/bn-1zv6/spikes/pwritev_group/target/release/pwritev_group point-auto pwritev_full_8m process 4096 10 1025 4 new_name 0
stdout:
variant,mode,payload,events_per_batch,owner_units,physical_batches,writers,chain,unit_shape,iterations,stop_reason,events,domain_events,bytes,write_syscalls,short_writes,interrupted,max_iovecs,copied_bytes,barriers,cpu_ns,wall_ns,p50_ns,p95_ns,p99_ns,load1_before,load1_after
pwritev_full_8m,process,4096,10,1025,2050,4,0,new_name,1,bytes,11275,10250,42504700,6,0,0,407,0,0,4838842,4885978,4885558,4885558,4885558,3.310,3.310
stderr:

[2026-07-15T18:12:14.510149+00:00] e000790 /home/bob/src/mess/.maw/workspaces/bn-1zv6/spikes/pwritev_group/target/release/pwritev_group point-auto k_pwrite process 4096 10 1025 4 new_name 0
stdout:
variant,mode,payload,events_per_batch,owner_units,physical_batches,writers,chain,unit_shape,iterations,stop_reason,events,domain_events,bytes,write_syscalls,short_writes,interrupted,max_iovecs,copied_bytes,barriers,cpu_ns,wall_ns,p50_ns,p95_ns,p99_ns,load1_before,load1_after
k_pwrite,process,4096,10,1025,2050,4,0,new_name,1,bytes,11275,10250,42504700,2050,0,0,0,0,0,8613052,8683655,8683245,8683245,8683245,3.310,3.310
stderr:

[2026-07-15T18:12:15.541191+00:00] e000791 /home/bob/src/mess/.maw/workspaces/bn-1zv6/spikes/pwritev_group/target/release/pwritev_group point-auto k_pwrite process 4096 10 1025 4 new_name 0
stdout:
variant,mode,payload,events_per_batch,owner_units,physical_batches,writers,chain,unit_shape,iterations,stop_reason,events,domain_events,bytes,write_syscalls,short_writes,interrupted,max_iovecs,copied_bytes,barriers,cpu_ns,wall_ns,p50_ns,p95_ns,p99_ns,load1_before,load1_after
k_pwrite,process,4096,10,1025,2050,4,0,new_name,1,bytes,11275,10250,42504700,2050,0,0,0,0,0,8575933,8631425,8631075,8631075,8631075,3.310,3.310
stderr:

[2026-07-15T18:12:16.572861+00:00] e000792 /home/bob/src/mess/.maw/workspaces/bn-1zv6/spikes/pwritev_group/target/release/pwritev_group point-auto pwritev_full_8m process 4096 10 1025 4 new_name 0
stdout:
variant,mode,payload,events_per_batch,owner_units,physical_batches,writers,chain,unit_shape,iterations,stop_reason,events,domain_events,bytes,write_syscalls,short_writes,interrupted,max_iovecs,copied_bytes,barriers,cpu_ns,wall_ns,p50_ns,p95_ns,p99_ns,load1_before,load1_after
pwritev_full_8m,process,4096,10,1025,2050,4,0,new_name,1,bytes,11275,10250,42504700,6,0,0,407,0,0,5398382,5445246,5444816,5444816,5444816,3.120,3.120
stderr:

[2026-07-15T18:12:17.597866+00:00] e000793 /home/bob/src/mess/.maw/workspaces/bn-1zv6/spikes/pwritev_group/target/release/pwritev_group point-auto k_pwrite process 4096 10 1025 4 new_name 0
stdout:
variant,mode,payload,events_per_batch,owner_units,physical_batches,writers,chain,unit_shape,iterations,stop_reason,events,domain_events,bytes,write_syscalls,short_writes,interrupted,max_iovecs,copied_bytes,barriers,cpu_ns,wall_ns,p50_ns,p95_ns,p99_ns,load1_before,load1_after
k_pwrite,process,4096,10,1025,2050,4,0,new_name,1,bytes,11275,10250,42504700,2050,0,0,0,0,0,8402302,8491115,8490765,8490765,8490765,3.120,3.120
stderr:

[2026-07-15T18:12:18.630576+00:00] e000794 /home/bob/src/mess/.maw/workspaces/bn-1zv6/spikes/pwritev_group/target/release/pwritev_group point-auto pwritev_256_8m process 4096 10 1025 4 new_name 0
stdout:
variant,mode,payload,events_per_batch,owner_units,physical_batches,writers,chain,unit_shape,iterations,stop_reason,events,domain_events,bytes,write_syscalls,short_writes,interrupted,max_iovecs,copied_bytes,barriers,cpu_ns,wall_ns,p50_ns,p95_ns,p99_ns,load1_before,load1_after
pwritev_256_8m,process,4096,10,1025,2050,4,0,new_name,1,bytes,11275,10250,42504700,9,0,0,256,0,0,7746732,8106635,8106285,8106285,8106285,3.120,3.120
stderr:

[2026-07-15T18:12:19.652714+00:00] e000795 /home/bob/src/mess/.maw/workspaces/bn-1zv6/spikes/pwritev_group/target/release/pwritev_group point-auto pwritev_256_8m process 4096 10 1025 4 new_name 0
stdout:
variant,mode,payload,events_per_batch,owner_units,physical_batches,writers,chain,unit_shape,iterations,stop_reason,events,domain_events,bytes,write_syscalls,short_writes,interrupted,max_iovecs,copied_bytes,barriers,cpu_ns,wall_ns,p50_ns,p95_ns,p99_ns,load1_before,load1_after
pwritev_256_8m,process,4096,10,1025,2050,4,0,new_name,1,bytes,11275,10250,42504700,9,0,0,256,0,0,5024871,5078447,5078077,5078077,5078077,3.120,3.120
stderr:

[2026-07-15T18:12:20.683549+00:00] e000796 /home/bob/src/mess/.maw/workspaces/bn-1zv6/spikes/pwritev_group/target/release/pwritev_group point-auto k_pwrite process 4096 10 1025 4 new_name 0
stdout:
variant,mode,payload,events_per_batch,owner_units,physical_batches,writers,chain,unit_shape,iterations,stop_reason,events,domain_events,bytes,write_syscalls,short_writes,interrupted,max_iovecs,copied_bytes,barriers,cpu_ns,wall_ns,p50_ns,p95_ns,p99_ns,load1_before,load1_after
k_pwrite,process,4096,10,1025,2050,4,0,new_name,1,bytes,11275,10250,42504700,2050,0,0,0,0,0,8968332,9044594,9044004,9044004,9044004,3.120,3.120
stderr:

[2026-07-15T18:12:21.712870+00:00] e000797 /home/bob/src/mess/.maw/workspaces/bn-1zv6/spikes/pwritev_group/target/release/pwritev_group point-auto pwritev_64_8m process 4096 10 1025 4 new_name 0
stdout:
variant,mode,payload,events_per_batch,owner_units,physical_batches,writers,chain,unit_shape,iterations,stop_reason,events,domain_events,bytes,write_syscalls,short_writes,interrupted,max_iovecs,copied_bytes,barriers,cpu_ns,wall_ns,p50_ns,p95_ns,p99_ns,load1_before,load1_after
pwritev_64_8m,process,4096,10,1025,2050,4,0,new_name,1,bytes,11275,10250,42504700,33,0,0,64,0,0,5313332,5360537,5360197,5360197,5360197,2.950,2.950
stderr:

[2026-07-15T18:12:22.743035+00:00] e000798 /home/bob/src/mess/.maw/workspaces/bn-1zv6/spikes/pwritev_group/target/release/pwritev_group point-auto k_pwrite process 4096 10 1025 4 new_name 0
stdout:
variant,mode,payload,events_per_batch,owner_units,physical_batches,writers,chain,unit_shape,iterations,stop_reason,events,domain_events,bytes,write_syscalls,short_writes,interrupted,max_iovecs,copied_bytes,barriers,cpu_ns,wall_ns,p50_ns,p95_ns,p99_ns,load1_before,load1_after
k_pwrite,process,4096,10,1025,2050,4,0,new_name,1,bytes,11275,10250,42504700,2050,0,0,0,0,0,8956552,9044485,9044115,9044115,9044115,2.950,2.950
stderr:

[2026-07-15T18:12:23.773341+00:00] e000799 /home/bob/src/mess/.maw/workspaces/bn-1zv6/spikes/pwritev_group/target/release/pwritev_group point-auto k_pwrite process 4096 10 1025 4 new_name 0
stdout:
variant,mode,payload,events_per_batch,owner_units,physical_batches,writers,chain,unit_shape,iterations,stop_reason,events,domain_events,bytes,write_syscalls,short_writes,interrupted,max_iovecs,copied_bytes,barriers,cpu_ns,wall_ns,p50_ns,p95_ns,p99_ns,load1_before,load1_after
k_pwrite,process,4096,10,1025,2050,4,0,new_name,1,bytes,11275,10250,42504700,2050,0,0,0,0,0,8084582,8162255,8162005,8162005,8162005,2.950,2.950
stderr:

[2026-07-15T18:12:24.799281+00:00] e000800 /home/bob/src/mess/.maw/workspaces/bn-1zv6/spikes/pwritev_group/target/release/pwritev_group point-auto pwritev_64_8m process 4096 10 1025 4 new_name 0
stdout:
variant,mode,payload,events_per_batch,owner_units,physical_batches,writers,chain,unit_shape,iterations,stop_reason,events,domain_events,bytes,write_syscalls,short_writes,interrupted,max_iovecs,copied_bytes,barriers,cpu_ns,wall_ns,p50_ns,p95_ns,p99_ns,load1_before,load1_after
pwritev_64_8m,process,4096,10,1025,2050,4,0,new_name,1,bytes,11275,10250,42504700,33,0,0,64,0,0,5180382,5223017,5222667,5222667,5222667,2.950,2.950
stderr:

[2026-07-15T18:12:25.823014+00:00] e000801 /home/bob/src/mess/.maw/workspaces/bn-1zv6/spikes/pwritev_group/target/release/pwritev_group point-auto k_pwrite process 4096 100 2 2 domain 0
stdout:
variant,mode,payload,events_per_batch,owner_units,physical_batches,writers,chain,unit_shape,iterations,stop_reason,events,domain_events,bytes,write_syscalls,short_writes,interrupted,max_iovecs,copied_bytes,barriers,cpu_ns,wall_ns,p50_ns,p95_ns,p99_ns,load1_before,load1_after
k_pwrite,process,4096,100,2,2,2,0,domain,41,bytes,8200,8200,33824016,82,0,0,0,0,0,2959591,3047618,71110,95460,97050,2.950,2.950
stderr:

[2026-07-15T18:12:26.851136+00:00] e000802 /home/bob/src/mess/.maw/workspaces/bn-1zv6/spikes/pwritev_group/target/release/pwritev_group point-auto pwritev_full_8m process 4096 100 2 2 domain 0
stdout:
variant,mode,payload,events_per_batch,owner_units,physical_batches,writers,chain,unit_shape,iterations,stop_reason,events,domain_events,bytes,write_syscalls,short_writes,interrupted,max_iovecs,copied_bytes,barriers,cpu_ns,wall_ns,p50_ns,p95_ns,p99_ns,load1_before,load1_after
pwritev_full_8m,process,4096,100,2,2,2,0,domain,41,bytes,8200,8200,33824016,41,0,0,2,0,0,2867110,2905288,69650,85650,91540,4.640,4.640
stderr:

[2026-07-15T18:12:27.880767+00:00] e000803 /home/bob/src/mess/.maw/workspaces/bn-1zv6/spikes/pwritev_group/target/release/pwritev_group point-auto pwritev_full_8m process 4096 100 2 2 domain 0
stdout:
variant,mode,payload,events_per_batch,owner_units,physical_batches,writers,chain,unit_shape,iterations,stop_reason,events,domain_events,bytes,write_syscalls,short_writes,interrupted,max_iovecs,copied_bytes,barriers,cpu_ns,wall_ns,p50_ns,p95_ns,p99_ns,load1_before,load1_after
pwritev_full_8m,process,4096,100,2,2,2,0,domain,41,bytes,8200,8200,33824016,41,0,0,2,0,0,3245650,3282308,69240,119250,121330,4.640,4.640
stderr:

[2026-07-15T18:12:28.910714+00:00] e000804 /home/bob/src/mess/.maw/workspaces/bn-1zv6/spikes/pwritev_group/target/release/pwritev_group point-auto k_pwrite process 4096 100 2 2 domain 0
stdout:
variant,mode,payload,events_per_batch,owner_units,physical_batches,writers,chain,unit_shape,iterations,stop_reason,events,domain_events,bytes,write_syscalls,short_writes,interrupted,max_iovecs,copied_bytes,barriers,cpu_ns,wall_ns,p50_ns,p95_ns,p99_ns,load1_before,load1_after
k_pwrite,process,4096,100,2,2,2,0,domain,41,bytes,8200,8200,33824016,82,0,0,0,0,0,3197171,3220487,75020,94230,125500,4.640,4.640
stderr:

[2026-07-15T18:12:29.935577+00:00] e000805 /home/bob/src/mess/.maw/workspaces/bn-1zv6/spikes/pwritev_group/target/release/pwritev_group point-auto copy_contiguous process 4096 100 2 2 domain 0
stdout:
variant,mode,payload,events_per_batch,owner_units,physical_batches,writers,chain,unit_shape,iterations,stop_reason,events,domain_events,bytes,write_syscalls,short_writes,interrupted,max_iovecs,copied_bytes,barriers,cpu_ns,wall_ns,p50_ns,p95_ns,p99_ns,load1_before,load1_after
copy_contiguous,process,4096,100,2,2,2,0,domain,41,bytes,8200,8200,33824016,41,0,0,0,33824016,0,5276961,5417547,127119,151910,195709,4.640,4.640
stderr:

[2026-07-15T18:12:30.958055+00:00] e000806 /home/bob/src/mess/.maw/workspaces/bn-1zv6/spikes/pwritev_group/target/release/pwritev_group point-auto k_pwrite process 4096 100 2 2 domain 0
stdout:
variant,mode,payload,events_per_batch,owner_units,physical_batches,writers,chain,unit_shape,iterations,stop_reason,events,domain_events,bytes,write_syscalls,short_writes,interrupted,max_iovecs,copied_bytes,barriers,cpu_ns,wall_ns,p50_ns,p95_ns,p99_ns,load1_before,load1_after
k_pwrite,process,4096,100,2,2,2,0,domain,41,bytes,8200,8200,33824016,82,0,0,0,0,0,3210111,3257908,77710,109100,120040,4.640,4.640
stderr:

[2026-07-15T18:12:31.980559+00:00] e000807 /home/bob/src/mess/.maw/workspaces/bn-1zv6/spikes/pwritev_group/target/release/pwritev_group point-auto k_pwrite process 4096 100 2 2 domain 0
stdout:
variant,mode,payload,events_per_batch,owner_units,physical_batches,writers,chain,unit_shape,iterations,stop_reason,events,domain_events,bytes,write_syscalls,short_writes,interrupted,max_iovecs,copied_bytes,barriers,cpu_ns,wall_ns,p50_ns,p95_ns,p99_ns,load1_before,load1_after
k_pwrite,process,4096,100,2,2,2,0,domain,41,bytes,8200,8200,33824016,82,0,0,0,0,0,6012141,6051706,73750,215950,2090848,5.790,5.790
stderr:

[2026-07-15T18:12:33.005177+00:00] e000808 /home/bob/src/mess/.maw/workspaces/bn-1zv6/spikes/pwritev_group/target/release/pwritev_group point-auto copy_contiguous process 4096 100 2 2 domain 0
stdout:
variant,mode,payload,events_per_batch,owner_units,physical_batches,writers,chain,unit_shape,iterations,stop_reason,events,domain_events,bytes,write_syscalls,short_writes,interrupted,max_iovecs,copied_bytes,barriers,cpu_ns,wall_ns,p50_ns,p95_ns,p99_ns,load1_before,load1_after
copy_contiguous,process,4096,100,2,2,2,0,domain,41,bytes,8200,8200,33824016,41,0,0,0,33824016,0,5389761,5446027,130639,145310,176760,5.790,5.790
stderr:

[2026-07-15T18:12:34.037309+00:00] e000809 /home/bob/src/mess/.maw/workspaces/bn-1zv6/spikes/pwritev_group/target/release/pwritev_group point-auto k_pwrite process 4096 100 2 2 new_name 0
stdout:
variant,mode,payload,events_per_batch,owner_units,physical_batches,writers,chain,unit_shape,iterations,stop_reason,events,domain_events,bytes,write_syscalls,short_writes,interrupted,max_iovecs,copied_bytes,barriers,cpu_ns,wall_ns,p50_ns,p95_ns,p99_ns,load1_before,load1_after
k_pwrite,process,4096,100,2,4,2,0,new_name,41,bytes,8282,8200,33835496,164,0,0,0,0,0,3010601,3061328,72790,94240,99350,5.790,5.790
stderr:

[2026-07-15T18:12:35.070690+00:00] e000810 /home/bob/src/mess/.maw/workspaces/bn-1zv6/spikes/pwritev_group/target/release/pwritev_group point-auto pwritev_full_8m process 4096 100 2 2 new_name 0
stdout:
variant,mode,payload,events_per_batch,owner_units,physical_batches,writers,chain,unit_shape,iterations,stop_reason,events,domain_events,bytes,write_syscalls,short_writes,interrupted,max_iovecs,copied_bytes,barriers,cpu_ns,wall_ns,p50_ns,p95_ns,p99_ns,load1_before,load1_after
pwritev_full_8m,process,4096,100,2,4,2,0,new_name,41,bytes,8282,8200,33835496,41,0,0,4,0,0,2785471,2812208,68210,76210,79010,5.790,5.790
stderr:

[2026-07-15T18:12:36.101426+00:00] e000811 /home/bob/src/mess/.maw/workspaces/bn-1zv6/spikes/pwritev_group/target/release/pwritev_group point-auto pwritev_full_8m process 4096 100 2 2 new_name 0
stdout:
variant,mode,payload,events_per_batch,owner_units,physical_batches,writers,chain,unit_shape,iterations,stop_reason,events,domain_events,bytes,write_syscalls,short_writes,interrupted,max_iovecs,copied_bytes,barriers,cpu_ns,wall_ns,p50_ns,p95_ns,p99_ns,load1_before,load1_after
pwritev_full_8m,process,4096,100,2,4,2,0,new_name,41,bytes,8282,8200,33835496,41,0,0,4,0,0,2714051,2741348,65890,73370,85299,5.790,5.790
stderr:

[2026-07-15T18:13:07.133823+00:00] e000812 /home/bob/src/mess/.maw/workspaces/bn-1zv6/spikes/pwritev_group/target/release/pwritev_group point-auto k_pwrite process 4096 100 2 2 new_name 0
stdout:
variant,mode,payload,events_per_batch,owner_units,physical_batches,writers,chain,unit_shape,iterations,stop_reason,events,domain_events,bytes,write_syscalls,short_writes,interrupted,max_iovecs,copied_bytes,barriers,cpu_ns,wall_ns,p50_ns,p95_ns,p99_ns,load1_before,load1_after
k_pwrite,process,4096,100,2,4,2,0,new_name,41,bytes,8282,8200,33835496,164,0,0,0,0,0,2891621,2920148,70249,80810,83970,5.930,5.930
stderr:

[2026-07-15T18:13:08.164891+00:00] e000813 /home/bob/src/mess/.maw/workspaces/bn-1zv6/spikes/pwritev_group/target/release/pwritev_group point-auto copy_contiguous process 4096 100 2 2 new_name 0
stdout:
variant,mode,payload,events_per_batch,owner_units,physical_batches,writers,chain,unit_shape,iterations,stop_reason,events,domain_events,bytes,write_syscalls,short_writes,interrupted,max_iovecs,copied_bytes,barriers,cpu_ns,wall_ns,p50_ns,p95_ns,p99_ns,load1_before,load1_after
copy_contiguous,process,4096,100,2,4,2,0,new_name,41,bytes,8282,8200,33835496,41,0,0,0,33835496,0,5116902,5162237,122770,137470,151050,5.930,5.930
stderr:

[2026-07-15T18:13:09.195218+00:00] e000814 /home/bob/src/mess/.maw/workspaces/bn-1zv6/spikes/pwritev_group/target/release/pwritev_group point-auto k_pwrite process 4096 100 2 2 new_name 0
stdout:
variant,mode,payload,events_per_batch,owner_units,physical_batches,writers,chain,unit_shape,iterations,stop_reason,events,domain_events,bytes,write_syscalls,short_writes,interrupted,max_iovecs,copied_bytes,barriers,cpu_ns,wall_ns,p50_ns,p95_ns,p99_ns,load1_before,load1_after
k_pwrite,process,4096,100,2,4,2,0,new_name,41,bytes,8282,8200,33835496,164,0,0,0,0,0,2912040,2938129,70320,78820,80360,5.930,5.930
stderr:

[2026-07-15T18:13:10.223521+00:00] e000815 /home/bob/src/mess/.maw/workspaces/bn-1zv6/spikes/pwritev_group/target/release/pwritev_group point-auto k_pwrite process 4096 100 2 2 new_name 0
stdout:
variant,mode,payload,events_per_batch,owner_units,physical_batches,writers,chain,unit_shape,iterations,stop_reason,events,domain_events,bytes,write_syscalls,short_writes,interrupted,max_iovecs,copied_bytes,barriers,cpu_ns,wall_ns,p50_ns,p95_ns,p99_ns,load1_before,load1_after
k_pwrite,process,4096,100,2,4,2,0,new_name,41,bytes,8282,8200,33835496,164,0,0,0,0,0,3068441,3192248,75200,98750,114730,5.930,5.930
stderr:

[2026-07-15T18:13:11.246574+00:00] e000816 /home/bob/src/mess/.maw/workspaces/bn-1zv6/spikes/pwritev_group/target/release/pwritev_group point-auto copy_contiguous process 4096 100 2 2 new_name 0
stdout:
variant,mode,payload,events_per_batch,owner_units,physical_batches,writers,chain,unit_shape,iterations,stop_reason,events,domain_events,bytes,write_syscalls,short_writes,interrupted,max_iovecs,copied_bytes,barriers,cpu_ns,wall_ns,p50_ns,p95_ns,p99_ns,load1_before,load1_after
copy_contiguous,process,4096,100,2,4,2,0,new_name,41,bytes,8282,8200,33835496,41,0,0,0,33835496,0,8142362,8247145,133670,233319,2591269,5.930,5.930
stderr:

[2026-07-15T18:13:12.278577+00:00] e000817 /home/bob/src/mess/.maw/workspaces/bn-1zv6/spikes/pwritev_group/target/release/pwritev_group point-auto k_pwrite process 4096 100 4 4 domain 0
stdout:
variant,mode,payload,events_per_batch,owner_units,physical_batches,writers,chain,unit_shape,iterations,stop_reason,events,domain_events,bytes,write_syscalls,short_writes,interrupted,max_iovecs,copied_bytes,barriers,cpu_ns,wall_ns,p50_ns,p95_ns,p99_ns,load1_before,load1_after
k_pwrite,process,4096,100,4,4,4,0,domain,21,bytes,8400,8400,34648992,84,0,0,0,0,0,5824641,5872896,152440,263660,2292558,5.540,5.540
stderr:

[2026-07-15T18:13:13.303785+00:00] e000818 /home/bob/src/mess/.maw/workspaces/bn-1zv6/spikes/pwritev_group/target/release/pwritev_group point-auto pwritev_full_8m process 4096 100 4 4 domain 0
stdout:
variant,mode,payload,events_per_batch,owner_units,physical_batches,writers,chain,unit_shape,iterations,stop_reason,events,domain_events,bytes,write_syscalls,short_writes,interrupted,max_iovecs,copied_bytes,barriers,cpu_ns,wall_ns,p50_ns,p95_ns,p99_ns,load1_before,load1_after
pwritev_full_8m,process,4096,100,4,4,4,0,domain,21,bytes,8400,8400,34648992,21,0,0,4,0,0,2813191,2844569,131150,160219,185310,5.540,5.540
stderr:

[2026-07-15T18:13:14.335441+00:00] e000819 /home/bob/src/mess/.maw/workspaces/bn-1zv6/spikes/pwritev_group/target/release/pwritev_group point-auto pwritev_full_8m process 4096 100 4 4 domain 0
stdout:
variant,mode,payload,events_per_batch,owner_units,physical_batches,writers,chain,unit_shape,iterations,stop_reason,events,domain_events,bytes,write_syscalls,short_writes,interrupted,max_iovecs,copied_bytes,barriers,cpu_ns,wall_ns,p50_ns,p95_ns,p99_ns,load1_before,load1_after
pwritev_full_8m,process,4096,100,4,4,4,0,domain,21,bytes,8400,8400,34648992,21,0,0,4,0,0,2663101,2680219,126530,133920,144790,5.540,5.540
stderr:

[2026-07-15T18:13:15.367361+00:00] e000820 /home/bob/src/mess/.maw/workspaces/bn-1zv6/spikes/pwritev_group/target/release/pwritev_group point-auto k_pwrite process 4096 100 4 4 domain 0
stdout:
variant,mode,payload,events_per_batch,owner_units,physical_batches,writers,chain,unit_shape,iterations,stop_reason,events,domain_events,bytes,write_syscalls,short_writes,interrupted,max_iovecs,copied_bytes,barriers,cpu_ns,wall_ns,p50_ns,p95_ns,p99_ns,load1_before,load1_after
k_pwrite,process,4096,100,4,4,4,0,domain,21,bytes,8400,8400,34648992,84,0,0,0,0,0,3057990,3075508,143360,162750,165000,5.540,5.540
stderr:

[2026-07-15T18:13:16.388467+00:00] e000821 /home/bob/src/mess/.maw/workspaces/bn-1zv6/spikes/pwritev_group/target/release/pwritev_group point-auto copy_contiguous process 4096 100 4 4 domain 0
stdout:
variant,mode,payload,events_per_batch,owner_units,physical_batches,writers,chain,unit_shape,iterations,stop_reason,events,domain_events,bytes,write_syscalls,short_writes,interrupted,max_iovecs,copied_bytes,barriers,cpu_ns,wall_ns,p50_ns,p95_ns,p99_ns,load1_before,load1_after
copy_contiguous,process,4096,100,4,4,4,0,domain,21,bytes,8400,8400,34648992,21,0,0,0,34648992,0,4999812,5033327,237610,246100,256260,5.540,5.540
stderr:

[2026-07-15T18:13:17.411213+00:00] e000822 /home/bob/src/mess/.maw/workspaces/bn-1zv6/spikes/pwritev_group/target/release/pwritev_group point-auto k_pwrite process 4096 100 4 4 domain 0
stdout:
variant,mode,payload,events_per_batch,owner_units,physical_batches,writers,chain,unit_shape,iterations,stop_reason,events,domain_events,bytes,write_syscalls,short_writes,interrupted,max_iovecs,copied_bytes,barriers,cpu_ns,wall_ns,p50_ns,p95_ns,p99_ns,load1_before,load1_after
k_pwrite,process,4096,100,4,4,4,0,domain,21,bytes,8400,8400,34648992,84,0,0,0,0,0,6656742,6739956,148500,1094289,2753948,5.090,5.090
stderr:

[2026-07-15T18:13:18.436596+00:00] e000823 /home/bob/src/mess/.maw/workspaces/bn-1zv6/spikes/pwritev_group/target/release/pwritev_group point-auto k_pwrite process 4096 100 4 4 domain 0
stdout:
variant,mode,payload,events_per_batch,owner_units,physical_batches,writers,chain,unit_shape,iterations,stop_reason,events,domain_events,bytes,write_syscalls,short_writes,interrupted,max_iovecs,copied_bytes,barriers,cpu_ns,wall_ns,p50_ns,p95_ns,p99_ns,load1_before,load1_after
k_pwrite,process,4096,100,4,4,4,0,domain,21,bytes,8400,8400,34648992,84,0,0,0,0,0,2989960,3018778,143010,149630,159800,5.090,5.090
stderr:

[2026-07-15T18:13:19.458353+00:00] e000824 /home/bob/src/mess/.maw/workspaces/bn-1zv6/spikes/pwritev_group/target/release/pwritev_group point-auto copy_contiguous process 4096 100 4 4 domain 0
stdout:
variant,mode,payload,events_per_batch,owner_units,physical_batches,writers,chain,unit_shape,iterations,stop_reason,events,domain_events,bytes,write_syscalls,short_writes,interrupted,max_iovecs,copied_bytes,barriers,cpu_ns,wall_ns,p50_ns,p95_ns,p99_ns,load1_before,load1_after
copy_contiguous,process,4096,100,4,4,4,0,domain,21,bytes,8400,8400,34648992,21,0,0,0,34648992,0,5050441,5080687,239570,248040,248780,5.090,5.090
stderr:

[2026-07-15T18:13:20.482485+00:00] e000825 /home/bob/src/mess/.maw/workspaces/bn-1zv6/spikes/pwritev_group/target/release/pwritev_group point-auto k_pwrite process 4096 100 4 4 new_name 0
stdout:
variant,mode,payload,events_per_batch,owner_units,physical_batches,writers,chain,unit_shape,iterations,stop_reason,events,domain_events,bytes,write_syscalls,short_writes,interrupted,max_iovecs,copied_bytes,barriers,cpu_ns,wall_ns,p50_ns,p95_ns,p99_ns,load1_before,load1_after
k_pwrite,process,4096,100,4,8,4,0,new_name,21,bytes,8484,8400,34660752,168,0,0,0,0,0,3523371,3549128,149580,252820,279340,5.090,5.090
stderr:

[2026-07-15T18:13:21.513719+00:00] e000826 /home/bob/src/mess/.maw/workspaces/bn-1zv6/spikes/pwritev_group/target/release/pwritev_group point-auto pwritev_full_8m process 4096 100 4 4 new_name 0
stdout:
variant,mode,payload,events_per_batch,owner_units,physical_batches,writers,chain,unit_shape,iterations,stop_reason,events,domain_events,bytes,write_syscalls,short_writes,interrupted,max_iovecs,copied_bytes,barriers,cpu_ns,wall_ns,p50_ns,p95_ns,p99_ns,load1_before,load1_after
pwritev_full_8m,process,4096,100,4,8,4,0,new_name,21,bytes,8484,8400,34660752,21,0,0,8,0,0,6241871,6310656,140779,232719,3290008,4.760,4.760
stderr:

[2026-07-15T18:13:22.545534+00:00] e000827 /home/bob/src/mess/.maw/workspaces/bn-1zv6/spikes/pwritev_group/target/release/pwritev_group point-auto pwritev_full_8m process 4096 100 4 4 new_name 0
stdout:
variant,mode,payload,events_per_batch,owner_units,physical_batches,writers,chain,unit_shape,iterations,stop_reason,events,domain_events,bytes,write_syscalls,short_writes,interrupted,max_iovecs,copied_bytes,barriers,cpu_ns,wall_ns,p50_ns,p95_ns,p99_ns,load1_before,load1_after
pwritev_full_8m,process,4096,100,4,8,4,0,new_name,21,bytes,8484,8400,34660752,21,0,0,8,0,0,4672522,6454005,131010,463990,3393038,4.760,4.760
stderr:

[2026-07-15T18:13:23.576367+00:00] e000828 /home/bob/src/mess/.maw/workspaces/bn-1zv6/spikes/pwritev_group/target/release/pwritev_group point-auto k_pwrite process 4096 100 4 4 new_name 0
stdout:
variant,mode,payload,events_per_batch,owner_units,physical_batches,writers,chain,unit_shape,iterations,stop_reason,events,domain_events,bytes,write_syscalls,short_writes,interrupted,max_iovecs,copied_bytes,barriers,cpu_ns,wall_ns,p50_ns,p95_ns,p99_ns,load1_before,load1_after
k_pwrite,process,4096,100,4,8,4,0,new_name,21,bytes,8484,8400,34660752,168,0,0,0,0,0,3185731,3209208,149540,182850,193110,4.760,4.760
stderr:

[2026-07-15T18:13:24.606454+00:00] e000829 /home/bob/src/mess/.maw/workspaces/bn-1zv6/spikes/pwritev_group/target/release/pwritev_group point-auto copy_contiguous process 4096 100 4 4 new_name 0
stdout:
variant,mode,payload,events_per_batch,owner_units,physical_batches,writers,chain,unit_shape,iterations,stop_reason,events,domain_events,bytes,write_syscalls,short_writes,interrupted,max_iovecs,copied_bytes,barriers,cpu_ns,wall_ns,p50_ns,p95_ns,p99_ns,load1_before,load1_after
copy_contiguous,process,4096,100,4,8,4,0,new_name,21,bytes,8484,8400,34660752,21,0,0,0,34660752,0,5205461,5235007,249820,257040,258000,4.760,4.760
stderr:

[2026-07-15T18:13:25.637963+00:00] e000830 /home/bob/src/mess/.maw/workspaces/bn-1zv6/spikes/pwritev_group/target/release/pwritev_group point-auto k_pwrite process 4096 100 4 4 new_name 0
stdout:
variant,mode,payload,events_per_batch,owner_units,physical_batches,writers,chain,unit_shape,iterations,stop_reason,events,domain_events,bytes,write_syscalls,short_writes,interrupted,max_iovecs,copied_bytes,barriers,cpu_ns,wall_ns,p50_ns,p95_ns,p99_ns,load1_before,load1_after
k_pwrite,process,4096,100,4,8,4,0,new_name,21,bytes,8484,8400,34660752,168,0,0,0,0,0,3134421,3165168,150880,159080,165640,4.760,4.760
stderr:

[2026-07-15T18:13:26.662842+00:00] e000831 /home/bob/src/mess/.maw/workspaces/bn-1zv6/spikes/pwritev_group/target/release/pwritev_group point-auto k_pwrite process 4096 100 4 4 new_name 0
stdout:
variant,mode,payload,events_per_batch,owner_units,physical_batches,writers,chain,unit_shape,iterations,stop_reason,events,domain_events,bytes,write_syscalls,short_writes,interrupted,max_iovecs,copied_bytes,barriers,cpu_ns,wall_ns,p50_ns,p95_ns,p99_ns,load1_before,load1_after
k_pwrite,process,4096,100,4,8,4,0,new_name,21,bytes,8484,8400,34660752,168,0,0,0,0,0,3021151,3038278,142910,152320,163879,4.460,4.460
stderr:

[2026-07-15T18:13:27.684118+00:00] e000832 /home/bob/src/mess/.maw/workspaces/bn-1zv6/spikes/pwritev_group/target/release/pwritev_group point-auto copy_contiguous process 4096 100 4 4 new_name 0
stdout:
variant,mode,payload,events_per_batch,owner_units,physical_batches,writers,chain,unit_shape,iterations,stop_reason,events,domain_events,bytes,write_syscalls,short_writes,interrupted,max_iovecs,copied_bytes,barriers,cpu_ns,wall_ns,p50_ns,p95_ns,p99_ns,load1_before,load1_after
copy_contiguous,process,4096,100,4,8,4,0,new_name,21,bytes,8484,8400,34660752,21,0,0,0,34660752,0,5133181,5169067,243320,260030,263030,4.460,4.460
stderr:

[2026-07-15T18:13:28.712587+00:00] e000833 /home/bob/src/mess/.maw/workspaces/bn-1zv6/spikes/pwritev_group/target/release/pwritev_group point-auto k_pwrite process 4096 1000 2 2 domain 0
stdout:
variant,mode,payload,events_per_batch,owner_units,physical_batches,writers,chain,unit_shape,iterations,stop_reason,events,domain_events,bytes,write_syscalls,short_writes,interrupted,max_iovecs,copied_bytes,barriers,cpu_ns,wall_ns,p50_ns,p95_ns,p99_ns,load1_before,load1_after
k_pwrite,process,4096,1000,2,2,2,0,domain,5,bytes,10000,10000,41240880,10,0,0,0,0,0,2700831,2733748,553820,575920,575920,4.460,4.460
stderr:

[2026-07-15T18:13:29.736575+00:00] e000834 /home/bob/src/mess/.maw/workspaces/bn-1zv6/spikes/pwritev_group/target/release/pwritev_group point-auto pwritev_full_8m process 4096 1000 2 2 domain 0
stdout:
variant,mode,payload,events_per_batch,owner_units,physical_batches,writers,chain,unit_shape,iterations,stop_reason,events,domain_events,bytes,write_syscalls,short_writes,interrupted,max_iovecs,copied_bytes,barriers,cpu_ns,wall_ns,p50_ns,p95_ns,p99_ns,load1_before,load1_after
pwritev_full_8m,process,4096,1000,2,2,2,0,domain,5,bytes,10000,10000,41240880,5,0,0,2,0,0,6523742,6576206,610359,4182908,4182908,4.460,4.460
stderr:

[2026-07-15T18:13:30.766638+00:00] e000835 /home/bob/src/mess/.maw/workspaces/bn-1zv6/spikes/pwritev_group/target/release/pwritev_group point-auto pwritev_full_8m process 4096 1000 2 2 domain 0
stdout:
variant,mode,payload,events_per_batch,owner_units,physical_batches,writers,chain,unit_shape,iterations,stop_reason,events,domain_events,bytes,write_syscalls,short_writes,interrupted,max_iovecs,copied_bytes,barriers,cpu_ns,wall_ns,p50_ns,p95_ns,p99_ns,load1_before,load1_after
pwritev_full_8m,process,4096,1000,2,2,2,0,domain,5,bytes,10000,10000,41240880,5,0,0,2,0,0,3532081,3565498,738910,856680,856680,4.460,4.460
stderr:

[2026-07-15T18:13:31.797197+00:00] e000836 /home/bob/src/mess/.maw/workspaces/bn-1zv6/spikes/pwritev_group/target/release/pwritev_group point-auto k_pwrite process 4096 1000 2 2 domain 0
stdout:
variant,mode,payload,events_per_batch,owner_units,physical_batches,writers,chain,unit_shape,iterations,stop_reason,events,domain_events,bytes,write_syscalls,short_writes,interrupted,max_iovecs,copied_bytes,barriers,cpu_ns,wall_ns,p50_ns,p95_ns,p99_ns,load1_before,load1_after
k_pwrite,process,4096,1000,2,2,2,0,domain,5,bytes,10000,10000,41240880,10,0,0,0,0,0,3197121,3244618,606009,845760,845760,4.190,4.190
stderr:

[2026-07-15T18:13:32.818085+00:00] e000837 /home/bob/src/mess/.maw/workspaces/bn-1zv6/spikes/pwritev_group/target/release/pwritev_group point-auto copy_contiguous process 4096 1000 2 2 domain 0
stdout:
variant,mode,payload,events_per_batch,owner_units,physical_batches,writers,chain,unit_shape,iterations,stop_reason,events,domain_events,bytes,write_syscalls,short_writes,interrupted,max_iovecs,copied_bytes,barriers,cpu_ns,wall_ns,p50_ns,p95_ns,p99_ns,load1_before,load1_after
copy_contiguous,process,4096,1000,2,2,2,0,domain,5,bytes,10000,10000,41240880,5,0,0,0,41240880,0,8132462,8208405,1643039,1759969,1759969,4.190,4.190
stderr:

[2026-07-15T18:13:33.842524+00:00] e000838 /home/bob/src/mess/.maw/workspaces/bn-1zv6/spikes/pwritev_group/target/release/pwritev_group point-auto k_pwrite process 4096 1000 2 2 domain 0
stdout:
variant,mode,payload,events_per_batch,owner_units,physical_batches,writers,chain,unit_shape,iterations,stop_reason,events,domain_events,bytes,write_syscalls,short_writes,interrupted,max_iovecs,copied_bytes,barriers,cpu_ns,wall_ns,p50_ns,p95_ns,p99_ns,load1_before,load1_after
k_pwrite,process,4096,1000,2,2,2,0,domain,5,bytes,10000,10000,41240880,10,0,0,0,0,0,3182301,3246078,572580,910779,910779,4.190,4.190
stderr:

[2026-07-15T18:13:34.873335+00:00] e000839 /home/bob/src/mess/.maw/workspaces/bn-1zv6/spikes/pwritev_group/target/release/pwritev_group point-auto k_pwrite process 4096 1000 2 2 domain 0
stdout:
variant,mode,payload,events_per_batch,owner_units,physical_batches,writers,chain,unit_shape,iterations,stop_reason,events,domain_events,bytes,write_syscalls,short_writes,interrupted,max_iovecs,copied_bytes,barriers,cpu_ns,wall_ns,p50_ns,p95_ns,p99_ns,load1_before,load1_after
k_pwrite,process,4096,1000,2,2,2,0,domain,5,bytes,10000,10000,41240880,10,0,0,0,0,0,2848871,3091158,606130,737569,737569,4.190,4.190
stderr:

[2026-07-15T18:13:35.897835+00:00] e000840 /home/bob/src/mess/.maw/workspaces/bn-1zv6/spikes/pwritev_group/target/release/pwritev_group point-auto copy_contiguous process 4096 1000 2 2 domain 0
stdout:
variant,mode,payload,events_per_batch,owner_units,physical_batches,writers,chain,unit_shape,iterations,stop_reason,events,domain_events,bytes,write_syscalls,short_writes,interrupted,max_iovecs,copied_bytes,barriers,cpu_ns,wall_ns,p50_ns,p95_ns,p99_ns,load1_before,load1_after
copy_contiguous,process,4096,1000,2,2,2,0,domain,5,bytes,10000,10000,41240880,5,0,0,0,41240880,0,12099113,12197633,1802779,5170647,5170647,4.190,4.190
stderr:

[2026-07-15T18:13:36.927402+00:00] e000841 /home/bob/src/mess/.maw/workspaces/bn-1zv6/spikes/pwritev_group/target/release/pwritev_group point-auto k_pwrite process 4096 1000 2 2 new_name 0
stdout:
variant,mode,payload,events_per_batch,owner_units,physical_batches,writers,chain,unit_shape,iterations,stop_reason,events,domain_events,bytes,write_syscalls,short_writes,interrupted,max_iovecs,copied_bytes,barriers,cpu_ns,wall_ns,p50_ns,p95_ns,p99_ns,load1_before,load1_after
k_pwrite,process,4096,1000,2,4,2,0,new_name,5,bytes,10010,10000,41242280,20,0,0,0,0,0,3003960,3031398,594639,644029,644029,4.250,4.250
stderr:

[2026-07-15T18:13:37.948942+00:00] e000842 /home/bob/src/mess/.maw/workspaces/bn-1zv6/spikes/pwritev_group/target/release/pwritev_group point-auto pwritev_full_8m process 4096 1000 2 2 new_name 0
stdout:
variant,mode,payload,events_per_batch,owner_units,physical_batches,writers,chain,unit_shape,iterations,stop_reason,events,domain_events,bytes,write_syscalls,short_writes,interrupted,max_iovecs,copied_bytes,barriers,cpu_ns,wall_ns,p50_ns,p95_ns,p99_ns,load1_before,load1_after
pwritev_full_8m,process,4096,1000,2,4,2,0,new_name,5,bytes,10010,10000,41242280,5,0,0,4,0,0,3115450,3149458,562669,828330,828330,4.250,4.250
stderr:

[2026-07-15T18:13:38.978374+00:00] e000843 /home/bob/src/mess/.maw/workspaces/bn-1zv6/spikes/pwritev_group/target/release/pwritev_group point-auto pwritev_full_8m process 4096 1000 2 2 new_name 0
stdout:
variant,mode,payload,events_per_batch,owner_units,physical_batches,writers,chain,unit_shape,iterations,stop_reason,events,domain_events,bytes,write_syscalls,short_writes,interrupted,max_iovecs,copied_bytes,barriers,cpu_ns,wall_ns,p50_ns,p95_ns,p99_ns,load1_before,load1_after
pwritev_full_8m,process,4096,1000,2,4,2,0,new_name,5,bytes,10010,10000,41242280,5,0,0,4,0,0,2757890,2770848,551620,583019,583019,4.250,4.250
stderr:

[2026-07-15T18:13:40.011311+00:00] e000844 /home/bob/src/mess/.maw/workspaces/bn-1zv6/spikes/pwritev_group/target/release/pwritev_group point-auto k_pwrite process 4096 1000 2 2 new_name 0
stdout:
variant,mode,payload,events_per_batch,owner_units,physical_batches,writers,chain,unit_shape,iterations,stop_reason,events,domain_events,bytes,write_syscalls,short_writes,interrupted,max_iovecs,copied_bytes,barriers,cpu_ns,wall_ns,p50_ns,p95_ns,p99_ns,load1_before,load1_after
k_pwrite,process,4096,1000,2,4,2,0,new_name,5,bytes,10010,10000,41242280,20,0,0,0,0,0,2779740,2812219,554010,589830,589830,4.250,4.250
stderr:

[2026-07-15T18:13:41.041400+00:00] e000845 /home/bob/src/mess/.maw/workspaces/bn-1zv6/spikes/pwritev_group/target/release/pwritev_group point-auto copy_contiguous process 4096 1000 2 2 new_name 0
stdout:
variant,mode,payload,events_per_batch,owner_units,physical_batches,writers,chain,unit_shape,iterations,stop_reason,events,domain_events,bytes,write_syscalls,short_writes,interrupted,max_iovecs,copied_bytes,barriers,cpu_ns,wall_ns,p50_ns,p95_ns,p99_ns,load1_before,load1_after
copy_contiguous,process,4096,1000,2,4,2,0,new_name,5,bytes,10010,10000,41242280,5,0,0,0,41242280,0,8460682,8532775,1575609,2060989,2060989,4.250,4.250
stderr:

[2026-07-15T18:13:42.073654+00:00] e000846 /home/bob/src/mess/.maw/workspaces/bn-1zv6/spikes/pwritev_group/target/release/pwritev_group point-auto k_pwrite process 4096 1000 2 2 new_name 0
stdout:
variant,mode,payload,events_per_batch,owner_units,physical_batches,writers,chain,unit_shape,iterations,stop_reason,events,domain_events,bytes,write_syscalls,short_writes,interrupted,max_iovecs,copied_bytes,barriers,cpu_ns,wall_ns,p50_ns,p95_ns,p99_ns,load1_before,load1_after
k_pwrite,process,4096,1000,2,4,2,0,new_name,5,bytes,10010,10000,41242280,20,0,0,0,0,0,3322541,3337137,620319,904419,904419,3.910,3.910
stderr:

[2026-07-15T18:13:43.106912+00:00] e000847 /home/bob/src/mess/.maw/workspaces/bn-1zv6/spikes/pwritev_group/target/release/pwritev_group point-auto k_pwrite process 4096 1000 2 2 new_name 0
stdout:
variant,mode,payload,events_per_batch,owner_units,physical_batches,writers,chain,unit_shape,iterations,stop_reason,events,domain_events,bytes,write_syscalls,short_writes,interrupted,max_iovecs,copied_bytes,barriers,cpu_ns,wall_ns,p50_ns,p95_ns,p99_ns,load1_before,load1_after
k_pwrite,process,4096,1000,2,4,2,0,new_name,5,bytes,10010,10000,41242280,20,0,0,0,0,0,2767731,2783229,557869,588690,588690,3.910,3.910
stderr:

[2026-07-15T18:13:44.137895+00:00] e000848 /home/bob/src/mess/.maw/workspaces/bn-1zv6/spikes/pwritev_group/target/release/pwritev_group point-auto copy_contiguous process 4096 1000 2 2 new_name 0
stdout:
variant,mode,payload,events_per_batch,owner_units,physical_batches,writers,chain,unit_shape,iterations,stop_reason,events,domain_events,bytes,write_syscalls,short_writes,interrupted,max_iovecs,copied_bytes,barriers,cpu_ns,wall_ns,p50_ns,p95_ns,p99_ns,load1_before,load1_after
copy_contiguous,process,4096,1000,2,4,2,0,new_name,5,bytes,10010,10000,41242280,5,0,0,0,41242280,0,8785173,8855545,1686989,1996818,1996818,3.910,3.910
stderr:

[2026-07-15T18:13:45.168879+00:00] e000849 /home/bob/src/mess/.maw/workspaces/bn-1zv6/spikes/pwritev_group/target/release/pwritev_group point-auto k_pwrite process 4096 1000 4 4 domain 0
stdout:
variant,mode,payload,events_per_batch,owner_units,physical_batches,writers,chain,unit_shape,iterations,stop_reason,events,domain_events,bytes,write_syscalls,short_writes,interrupted,max_iovecs,copied_bytes,barriers,cpu_ns,wall_ns,p50_ns,p95_ns,p99_ns,load1_before,load1_after
k_pwrite,process,4096,1000,4,4,4,0,domain,3,bytes,12000,12000,49489056,12,0,0,0,0,0,5296951,5340386,1754218,1888009,1888009,3.910,3.910
stderr:

[2026-07-15T18:13:46.190691+00:00] e000850 /home/bob/src/mess/.maw/workspaces/bn-1zv6/spikes/pwritev_group/target/release/pwritev_group point-auto pwritev_full_8m process 4096 1000 4 4 domain 0
stdout:
variant,mode,payload,events_per_batch,owner_units,physical_batches,writers,chain,unit_shape,iterations,stop_reason,events,domain_events,bytes,write_syscalls,short_writes,interrupted,max_iovecs,copied_bytes,barriers,cpu_ns,wall_ns,p50_ns,p95_ns,p99_ns,load1_before,load1_after
pwritev_full_8m,process,4096,1000,4,4,4,0,domain,3,bytes,12000,12000,49489056,6,0,0,3,0,0,5566671,5626947,1875379,2070019,2070019,3.910,3.910
stderr:

[2026-07-15T18:13:47.215431+00:00] e000851 /home/bob/src/mess/.maw/workspaces/bn-1zv6/spikes/pwritev_group/target/release/pwritev_group point-auto pwritev_full_8m process 4096 1000 4 4 domain 0
stdout:
variant,mode,payload,events_per_batch,owner_units,physical_batches,writers,chain,unit_shape,iterations,stop_reason,events,domain_events,bytes,write_syscalls,short_writes,interrupted,max_iovecs,copied_bytes,barriers,cpu_ns,wall_ns,p50_ns,p95_ns,p99_ns,load1_before,load1_after
pwritev_full_8m,process,4096,1000,4,4,4,0,domain,3,bytes,12000,12000,49489056,6,0,0,3,0,0,6158861,6221076,2055939,2110978,2110978,3.680,3.680
stderr:

[2026-07-15T18:13:48.246173+00:00] e000852 /home/bob/src/mess/.maw/workspaces/bn-1zv6/spikes/pwritev_group/target/release/pwritev_group point-auto k_pwrite process 4096 1000 4 4 domain 0
stdout:
variant,mode,payload,events_per_batch,owner_units,physical_batches,writers,chain,unit_shape,iterations,stop_reason,events,domain_events,bytes,write_syscalls,short_writes,interrupted,max_iovecs,copied_bytes,barriers,cpu_ns,wall_ns,p50_ns,p95_ns,p99_ns,load1_before,load1_after
k_pwrite,process,4096,1000,4,4,4,0,domain,3,bytes,12000,12000,49489056,12,0,0,0,0,0,6105251,6166397,2054929,2077899,2077899,3.680,3.680
stderr:

[2026-07-15T18:13:49.268432+00:00] e000853 /home/bob/src/mess/.maw/workspaces/bn-1zv6/spikes/pwritev_group/target/release/pwritev_group point-auto pwritev_full_8m process 4096 1000 4 4 new_name 0
stdout:
variant,mode,payload,events_per_batch,owner_units,physical_batches,writers,chain,unit_shape,iterations,stop_reason,events,domain_events,bytes,write_syscalls,short_writes,interrupted,max_iovecs,copied_bytes,barriers,cpu_ns,wall_ns,p50_ns,p95_ns,p99_ns,load1_before,load1_after
pwritev_full_8m,process,4096,1000,4,8,4,0,new_name,3,bytes,12012,12000,49490736,6,0,0,6,0,0,5558342,5647047,1950769,2121109,2121109,3.680,3.680
stderr:

[2026-07-15T18:13:50.291117+00:00] e000854 /home/bob/src/mess/.maw/workspaces/bn-1zv6/spikes/pwritev_group/target/release/pwritev_group point-auto k_pwrite process 4096 1000 4 4 new_name 0
stdout:
variant,mode,payload,events_per_batch,owner_units,physical_batches,writers,chain,unit_shape,iterations,stop_reason,events,domain_events,bytes,write_syscalls,short_writes,interrupted,max_iovecs,copied_bytes,barriers,cpu_ns,wall_ns,p50_ns,p95_ns,p99_ns,load1_before,load1_after
k_pwrite,process,4096,1000,4,8,4,0,new_name,3,bytes,12012,12000,49490736,24,0,0,0,0,0,10143073,10217233,2549058,5380896,5380896,3.680,3.680
stderr:

[2026-07-15T18:13:51.319374+00:00] e000855 /home/bob/src/mess/.maw/workspaces/bn-1zv6/spikes/pwritev_group/target/release/pwritev_group point-auto k_pwrite process 4096 1000 4 4 new_name 0
stdout:
variant,mode,payload,events_per_batch,owner_units,physical_batches,writers,chain,unit_shape,iterations,stop_reason,events,domain_events,bytes,write_syscalls,short_writes,interrupted,max_iovecs,copied_bytes,barriers,cpu_ns,wall_ns,p50_ns,p95_ns,p99_ns,load1_before,load1_after
k_pwrite,process,4096,1000,4,8,4,0,new_name,3,bytes,12012,12000,49490736,24,0,0,0,0,0,7629962,7695265,2158489,3688017,3688017,3.680,3.680
stderr:

[2026-07-15T18:13:52.344210+00:00] e000856 /home/bob/src/mess/.maw/workspaces/bn-1zv6/spikes/pwritev_group/target/release/pwritev_group point-auto pwritev_full_8m process 4096 1000 4 4 new_name 0
stdout:
variant,mode,payload,events_per_batch,owner_units,physical_batches,writers,chain,unit_shape,iterations,stop_reason,events,domain_events,bytes,write_syscalls,short_writes,interrupted,max_iovecs,copied_bytes,barriers,cpu_ns,wall_ns,p50_ns,p95_ns,p99_ns,load1_before,load1_after
pwritev_full_8m,process,4096,1000,4,8,4,0,new_name,3,bytes,12012,12000,49490736,6,0,0,6,0,0,4693002,4726187,1569909,1697359,1697359,3.380,3.380
stderr:

[2026-07-15T18:13:53.372111+00:00] e000857 /home/bob/src/mess/.maw/workspaces/bn-1zv6/spikes/pwritev_group/target/release/pwritev_group point-auto k_pwrite process 65536 1 2 2 domain 0
stdout:
variant,mode,payload,events_per_batch,owner_units,physical_batches,writers,chain,unit_shape,iterations,stop_reason,events,domain_events,bytes,write_syscalls,short_writes,interrupted,max_iovecs,copied_bytes,barriers,cpu_ns,wall_ns,p50_ns,p95_ns,p99_ns,load1_before,load1_after
k_pwrite,process,65536,1,2,2,2,0,domain,256,bytes,512,512,33613824,512,0,0,0,0,0,2355221,2371649,8790,12230,15320,3.380,3.380
stderr:

[2026-07-15T18:13:54.396379+00:00] e000858 /home/bob/src/mess/.maw/workspaces/bn-1zv6/spikes/pwritev_group/target/release/pwritev_group point-auto pwritev_full_8m process 65536 1 2 2 domain 0
stdout:
variant,mode,payload,events_per_batch,owner_units,physical_batches,writers,chain,unit_shape,iterations,stop_reason,events,domain_events,bytes,write_syscalls,short_writes,interrupted,max_iovecs,copied_bytes,barriers,cpu_ns,wall_ns,p50_ns,p95_ns,p99_ns,load1_before,load1_after
pwritev_full_8m,process,65536,1,2,2,2,0,domain,256,bytes,512,512,33613824,256,0,0,2,0,0,1847680,1871619,6640,11250,14210,3.380,3.380
stderr:

[2026-07-15T18:13:55.425271+00:00] e000859 /home/bob/src/mess/.maw/workspaces/bn-1zv6/spikes/pwritev_group/target/release/pwritev_group point-auto pwritev_full_8m process 65536 1 2 2 domain 0
stdout:
variant,mode,payload,events_per_batch,owner_units,physical_batches,writers,chain,unit_shape,iterations,stop_reason,events,domain_events,bytes,write_syscalls,short_writes,interrupted,max_iovecs,copied_bytes,barriers,cpu_ns,wall_ns,p50_ns,p95_ns,p99_ns,load1_before,load1_after
pwritev_full_8m,process,65536,1,2,2,2,0,domain,256,bytes,512,512,33613824,256,0,0,2,0,0,1965431,1985158,7150,10430,15220,3.380,3.380
stderr:

[2026-07-15T18:13:56.454713+00:00] e000860 /home/bob/src/mess/.maw/workspaces/bn-1zv6/spikes/pwritev_group/target/release/pwritev_group point-auto k_pwrite process 65536 1 2 2 domain 0
stdout:
variant,mode,payload,events_per_batch,owner_units,physical_batches,writers,chain,unit_shape,iterations,stop_reason,events,domain_events,bytes,write_syscalls,short_writes,interrupted,max_iovecs,copied_bytes,barriers,cpu_ns,wall_ns,p50_ns,p95_ns,p99_ns,load1_before,load1_after
k_pwrite,process,65536,1,2,2,2,0,domain,256,bytes,512,512,33613824,512,0,0,0,0,0,2354751,2383299,8610,14090,16310,3.380,3.380
stderr:

[2026-07-15T18:13:57.484429+00:00] e000861 /home/bob/src/mess/.maw/workspaces/bn-1zv6/spikes/pwritev_group/target/release/pwritev_group point-auto copy_contiguous process 65536 1 2 2 domain 0
stdout:
variant,mode,payload,events_per_batch,owner_units,physical_batches,writers,chain,unit_shape,iterations,stop_reason,events,domain_events,bytes,write_syscalls,short_writes,interrupted,max_iovecs,copied_bytes,barriers,cpu_ns,wall_ns,p50_ns,p95_ns,p99_ns,load1_before,load1_after
copy_contiguous,process,65536,1,2,2,2,0,domain,256,bytes,512,512,33613824,256,0,0,0,33613824,0,3637491,3687008,13250,19180,26120,3.110,3.110
stderr:

[2026-07-15T18:13:58.510718+00:00] e000862 /home/bob/src/mess/.maw/workspaces/bn-1zv6/spikes/pwritev_group/target/release/pwritev_group point-auto k_pwrite process 65536 1 2 2 domain 0
stdout:
variant,mode,payload,events_per_batch,owner_units,physical_batches,writers,chain,unit_shape,iterations,stop_reason,events,domain_events,bytes,write_syscalls,short_writes,interrupted,max_iovecs,copied_bytes,barriers,cpu_ns,wall_ns,p50_ns,p95_ns,p99_ns,load1_before,load1_after
k_pwrite,process,65536,1,2,2,2,0,domain,256,bytes,512,512,33613824,512,0,0,0,0,0,2633711,2672038,9590,15800,20950,3.110,3.110
stderr:

[2026-07-15T18:13:59.535365+00:00] e000863 /home/bob/src/mess/.maw/workspaces/bn-1zv6/spikes/pwritev_group/target/release/pwritev_group point-auto k_pwrite process 65536 1 2 2 domain 0
stdout:
variant,mode,payload,events_per_batch,owner_units,physical_batches,writers,chain,unit_shape,iterations,stop_reason,events,domain_events,bytes,write_syscalls,short_writes,interrupted,max_iovecs,copied_bytes,barriers,cpu_ns,wall_ns,p50_ns,p95_ns,p99_ns,load1_before,load1_after
k_pwrite,process,65536,1,2,2,2,0,domain,256,bytes,512,512,33613824,512,0,0,0,0,0,2423160,2453969,8840,14990,16370,3.110,3.110
stderr:

[2026-07-15T18:14:00.560518+00:00] e000864 /home/bob/src/mess/.maw/workspaces/bn-1zv6/spikes/pwritev_group/target/release/pwritev_group point-auto copy_contiguous process 65536 1 2 2 domain 0
stdout:
variant,mode,payload,events_per_batch,owner_units,physical_batches,writers,chain,unit_shape,iterations,stop_reason,events,domain_events,bytes,write_syscalls,short_writes,interrupted,max_iovecs,copied_bytes,barriers,cpu_ns,wall_ns,p50_ns,p95_ns,p99_ns,load1_before,load1_after
copy_contiguous,process,65536,1,2,2,2,0,domain,256,bytes,512,512,33613824,256,0,0,0,33613824,0,3249861,3405668,12300,17230,25490,3.110,3.110
stderr:

[2026-07-15T18:14:01.582218+00:00] e000865 /home/bob/src/mess/.maw/workspaces/bn-1zv6/spikes/pwritev_group/target/release/pwritev_group point-auto k_pwrite process 65536 1 2 2 new_name 0
stdout:
variant,mode,payload,events_per_batch,owner_units,physical_batches,writers,chain,unit_shape,iterations,stop_reason,events,domain_events,bytes,write_syscalls,short_writes,interrupted,max_iovecs,copied_bytes,barriers,cpu_ns,wall_ns,p50_ns,p95_ns,p99_ns,load1_before,load1_after
k_pwrite,process,65536,1,2,4,2,0,new_name,256,bytes,1024,512,33685504,1024,0,0,0,0,0,4178001,4206147,9360,27820,142310,2.860,2.860
stderr:

[2026-07-15T18:14:02.608211+00:00] e000866 /home/bob/src/mess/.maw/workspaces/bn-1zv6/spikes/pwritev_group/target/release/pwritev_group point-auto pwritev_full_8m process 65536 1 2 2 new_name 0
stdout:
variant,mode,payload,events_per_batch,owner_units,physical_batches,writers,chain,unit_shape,iterations,stop_reason,events,domain_events,bytes,write_syscalls,short_writes,interrupted,max_iovecs,copied_bytes,barriers,cpu_ns,wall_ns,p50_ns,p95_ns,p99_ns,load1_before,load1_after
pwritev_full_8m,process,65536,1,2,4,2,0,new_name,256,bytes,1024,512,33685504,256,0,0,4,0,0,1920510,1940369,7200,8940,13330,2.860,2.860
stderr:

[2026-07-15T18:14:03.634802+00:00] e000867 /home/bob/src/mess/.maw/workspaces/bn-1zv6/spikes/pwritev_group/target/release/pwritev_group point-auto pwritev_full_8m process 65536 1 2 2 new_name 0
stdout:
variant,mode,payload,events_per_batch,owner_units,physical_batches,writers,chain,unit_shape,iterations,stop_reason,events,domain_events,bytes,write_syscalls,short_writes,interrupted,max_iovecs,copied_bytes,barriers,cpu_ns,wall_ns,p50_ns,p95_ns,p99_ns,load1_before,load1_after
pwritev_full_8m,process,65536,1,2,4,2,0,new_name,256,bytes,1024,512,33685504,256,0,0,4,0,0,1897911,1917058,6590,12010,15730,2.860,2.860
stderr:

[2026-07-15T18:14:04.665831+00:00] e000868 /home/bob/src/mess/.maw/workspaces/bn-1zv6/spikes/pwritev_group/target/release/pwritev_group point-auto k_pwrite process 65536 1 2 2 new_name 0
stdout:
variant,mode,payload,events_per_batch,owner_units,physical_batches,writers,chain,unit_shape,iterations,stop_reason,events,domain_events,bytes,write_syscalls,short_writes,interrupted,max_iovecs,copied_bytes,barriers,cpu_ns,wall_ns,p50_ns,p95_ns,p99_ns,load1_before,load1_after
k_pwrite,process,65536,1,2,4,2,0,new_name,256,bytes,1024,512,33685504,1024,0,0,0,0,0,2643091,2666388,9710,14740,20600,2.860,2.860
stderr:

[2026-07-15T18:14:05.696274+00:00] e000869 /home/bob/src/mess/.maw/workspaces/bn-1zv6/spikes/pwritev_group/target/release/pwritev_group point-auto copy_contiguous process 65536 1 2 2 new_name 0
stdout:
variant,mode,payload,events_per_batch,owner_units,physical_batches,writers,chain,unit_shape,iterations,stop_reason,events,domain_events,bytes,write_syscalls,short_writes,interrupted,max_iovecs,copied_bytes,barriers,cpu_ns,wall_ns,p50_ns,p95_ns,p99_ns,load1_before,load1_after
copy_contiguous,process,65536,1,2,4,2,0,new_name,256,bytes,1024,512,33685504,256,0,0,0,33685504,0,4152781,4187407,16070,16990,21300,2.860,2.860
stderr:

[2026-07-15T18:14:06.719522+00:00] e000870 /home/bob/src/mess/.maw/workspaces/bn-1zv6/spikes/pwritev_group/target/release/pwritev_group point-auto k_pwrite process 65536 1 2 2 new_name 0
stdout:
variant,mode,payload,events_per_batch,owner_units,physical_batches,writers,chain,unit_shape,iterations,stop_reason,events,domain_events,bytes,write_syscalls,short_writes,interrupted,max_iovecs,copied_bytes,barriers,cpu_ns,wall_ns,p50_ns,p95_ns,p99_ns,load1_before,load1_after
k_pwrite,process,65536,1,2,4,2,0,new_name,256,bytes,1024,512,33685504,1024,0,0,0,0,0,3129051,3146888,11730,15980,20250,2.630,2.630
stderr:

[2026-07-15T18:14:07.743887+00:00] e000871 /home/bob/src/mess/.maw/workspaces/bn-1zv6/spikes/pwritev_group/target/release/pwritev_group point-auto k_pwrite process 65536 1 2 2 new_name 0
stdout:
variant,mode,payload,events_per_batch,owner_units,physical_batches,writers,chain,unit_shape,iterations,stop_reason,events,domain_events,bytes,write_syscalls,short_writes,interrupted,max_iovecs,copied_bytes,barriers,cpu_ns,wall_ns,p50_ns,p95_ns,p99_ns,load1_before,load1_after
k_pwrite,process,65536,1,2,4,2,0,new_name,256,bytes,1024,512,33685504,1024,0,0,0,0,0,2906891,2928168,10680,15830,19750,2.630,2.630
stderr:

[2026-07-15T18:14:08.768394+00:00] e000872 /home/bob/src/mess/.maw/workspaces/bn-1zv6/spikes/pwritev_group/target/release/pwritev_group point-auto copy_contiguous process 65536 1 2 2 new_name 0
stdout:
variant,mode,payload,events_per_batch,owner_units,physical_batches,writers,chain,unit_shape,iterations,stop_reason,events,domain_events,bytes,write_syscalls,short_writes,interrupted,max_iovecs,copied_bytes,barriers,cpu_ns,wall_ns,p50_ns,p95_ns,p99_ns,load1_before,load1_after
copy_contiguous,process,65536,1,2,4,2,0,new_name,256,bytes,1024,512,33685504,256,0,0,0,33685504,0,3813521,3853337,14500,18750,22530,2.630,2.630
stderr:

[2026-07-15T18:14:09.800778+00:00] e000873 /home/bob/src/mess/.maw/workspaces/bn-1zv6/spikes/pwritev_group/target/release/pwritev_group point-auto k_pwrite process 65536 1 4 4 domain 0
stdout:
variant,mode,payload,events_per_batch,owner_units,physical_batches,writers,chain,unit_shape,iterations,stop_reason,events,domain_events,bytes,write_syscalls,short_writes,interrupted,max_iovecs,copied_bytes,barriers,cpu_ns,wall_ns,p50_ns,p95_ns,p99_ns,load1_before,load1_after
k_pwrite,process,65536,1,4,4,4,0,domain,128,bytes,512,512,33613824,512,0,0,0,0,0,3749730,3788027,28060,35640,38390,2.630,2.630
stderr:

[2026-07-15T18:14:10.832096+00:00] e000874 /home/bob/src/mess/.maw/workspaces/bn-1zv6/spikes/pwritev_group/target/release/pwritev_group point-auto pwritev_full_8m process 65536 1 4 4 domain 0
stdout:
variant,mode,payload,events_per_batch,owner_units,physical_batches,writers,chain,unit_shape,iterations,stop_reason,events,domain_events,bytes,write_syscalls,short_writes,interrupted,max_iovecs,copied_bytes,barriers,cpu_ns,wall_ns,p50_ns,p95_ns,p99_ns,load1_before,load1_after
pwritev_full_8m,process,65536,1,4,4,4,0,domain,128,bytes,512,512,33613824,128,0,0,4,0,0,2590560,2624878,19550,26480,31570,2.630,2.630
stderr:

[2026-07-15T18:14:11.865139+00:00] e000875 /home/bob/src/mess/.maw/workspaces/bn-1zv6/spikes/pwritev_group/target/release/pwritev_group point-auto pwritev_full_8m process 65536 1 4 4 domain 0
stdout:
variant,mode,payload,events_per_batch,owner_units,physical_batches,writers,chain,unit_shape,iterations,stop_reason,events,domain_events,bytes,write_syscalls,short_writes,interrupted,max_iovecs,copied_bytes,barriers,cpu_ns,wall_ns,p50_ns,p95_ns,p99_ns,load1_before,load1_after
pwritev_full_8m,process,65536,1,4,4,4,0,domain,128,bytes,512,512,33613824,128,0,0,4,0,0,2574540,2592559,19850,23300,29060,2.500,2.500
stderr:

[2026-07-15T18:14:12.896736+00:00] e000876 /home/bob/src/mess/.maw/workspaces/bn-1zv6/spikes/pwritev_group/target/release/pwritev_group point-auto k_pwrite process 65536 1 4 4 domain 0
stdout:
variant,mode,payload,events_per_batch,owner_units,physical_batches,writers,chain,unit_shape,iterations,stop_reason,events,domain_events,bytes,write_syscalls,short_writes,interrupted,max_iovecs,copied_bytes,barriers,cpu_ns,wall_ns,p50_ns,p95_ns,p99_ns,load1_before,load1_after
k_pwrite,process,65536,1,4,4,4,0,domain,128,bytes,512,512,33613824,512,0,0,0,0,0,3437471,3456158,26560,30130,36780,2.500,2.500
stderr:

[2026-07-15T18:14:13.920006+00:00] e000877 /home/bob/src/mess/.maw/workspaces/bn-1zv6/spikes/pwritev_group/target/release/pwritev_group point-auto copy_contiguous process 65536 1 4 4 domain 0
stdout:
variant,mode,payload,events_per_batch,owner_units,physical_batches,writers,chain,unit_shape,iterations,stop_reason,events,domain_events,bytes,write_syscalls,short_writes,interrupted,max_iovecs,copied_bytes,barriers,cpu_ns,wall_ns,p50_ns,p95_ns,p99_ns,load1_before,load1_after
copy_contiguous,process,65536,1,4,4,4,0,domain,128,bytes,512,512,33613824,128,0,0,0,33613824,0,4995631,5044637,38080,49360,54620,2.500,2.500
stderr:

[2026-07-15T18:14:14.951548+00:00] e000878 /home/bob/src/mess/.maw/workspaces/bn-1zv6/spikes/pwritev_group/target/release/pwritev_group point-auto k_pwrite process 65536 1 4 4 domain 0
stdout:
variant,mode,payload,events_per_batch,owner_units,physical_batches,writers,chain,unit_shape,iterations,stop_reason,events,domain_events,bytes,write_syscalls,short_writes,interrupted,max_iovecs,copied_bytes,barriers,cpu_ns,wall_ns,p50_ns,p95_ns,p99_ns,load1_before,load1_after
k_pwrite,process,65536,1,4,4,4,0,domain,128,bytes,512,512,33613824,512,0,0,0,0,0,3561851,3586868,27160,33620,43290,2.500,2.500
stderr:

[2026-07-15T18:14:15.979293+00:00] e000879 /home/bob/src/mess/.maw/workspaces/bn-1zv6/spikes/pwritev_group/target/release/pwritev_group point-auto k_pwrite process 65536 1 4 4 domain 0
stdout:
variant,mode,payload,events_per_batch,owner_units,physical_batches,writers,chain,unit_shape,iterations,stop_reason,events,domain_events,bytes,write_syscalls,short_writes,interrupted,max_iovecs,copied_bytes,barriers,cpu_ns,wall_ns,p50_ns,p95_ns,p99_ns,load1_before,load1_after
k_pwrite,process,65536,1,4,4,4,0,domain,128,bytes,512,512,33613824,512,0,0,0,0,0,4510231,4556747,26610,35630,397510,2.500,2.500
stderr:

[2026-07-15T18:14:17.010931+00:00] e000880 /home/bob/src/mess/.maw/workspaces/bn-1zv6/spikes/pwritev_group/target/release/pwritev_group point-auto copy_contiguous process 65536 1 4 4 domain 0
stdout:
variant,mode,payload,events_per_batch,owner_units,physical_batches,writers,chain,unit_shape,iterations,stop_reason,events,domain_events,bytes,write_syscalls,short_writes,interrupted,max_iovecs,copied_bytes,barriers,cpu_ns,wall_ns,p50_ns,p95_ns,p99_ns,load1_before,load1_after
copy_contiguous,process,65536,1,4,4,4,0,domain,128,bytes,512,512,33613824,128,0,0,0,33613824,0,7784341,8545865,38920,58950,569550,2.940,2.940
stderr:

[2026-07-15T18:14:18.036177+00:00] e000881 /home/bob/src/mess/.maw/workspaces/bn-1zv6/spikes/pwritev_group/target/release/pwritev_group point-auto k_pwrite process 65536 1 4 4 new_name 0
stdout:
variant,mode,payload,events_per_batch,owner_units,physical_batches,writers,chain,unit_shape,iterations,stop_reason,events,domain_events,bytes,write_syscalls,short_writes,interrupted,max_iovecs,copied_bytes,barriers,cpu_ns,wall_ns,p50_ns,p95_ns,p99_ns,load1_before,load1_after
k_pwrite,process,65536,1,4,8,4,0,new_name,128,bytes,1024,512,33685504,1024,0,0,0,0,0,3746711,3784707,28660,36050,41770,2.940,2.940
stderr:

[2026-07-15T18:14:19.061379+00:00] e000882 /home/bob/src/mess/.maw/workspaces/bn-1zv6/spikes/pwritev_group/target/release/pwritev_group point-auto pwritev_full_8m process 65536 1 4 4 new_name 0
stdout:
variant,mode,payload,events_per_batch,owner_units,physical_batches,writers,chain,unit_shape,iterations,stop_reason,events,domain_events,bytes,write_syscalls,short_writes,interrupted,max_iovecs,copied_bytes,barriers,cpu_ns,wall_ns,p50_ns,p95_ns,p99_ns,load1_before,load1_after
pwritev_full_8m,process,65536,1,4,8,4,0,new_name,128,bytes,1024,512,33685504,128,0,0,8,0,0,2690081,2720429,19950,27840,33250,2.940,2.940
stderr:

[2026-07-15T18:14:20.082443+00:00] e000883 /home/bob/src/mess/.maw/workspaces/bn-1zv6/spikes/pwritev_group/target/release/pwritev_group point-auto pwritev_full_8m process 65536 1 4 4 new_name 0
stdout:
variant,mode,payload,events_per_batch,owner_units,physical_batches,writers,chain,unit_shape,iterations,stop_reason,events,domain_events,bytes,write_syscalls,short_writes,interrupted,max_iovecs,copied_bytes,barriers,cpu_ns,wall_ns,p50_ns,p95_ns,p99_ns,load1_before,load1_after
pwritev_full_8m,process,65536,1,4,8,4,0,new_name,128,bytes,1024,512,33685504,128,0,0,8,0,0,5954382,6015776,21580,37300,643850,2.940,2.940
stderr:

[2026-07-15T18:14:21.108719+00:00] e000884 /home/bob/src/mess/.maw/workspaces/bn-1zv6/spikes/pwritev_group/target/release/pwritev_group point-auto k_pwrite process 65536 1 4 4 new_name 0
stdout:
variant,mode,payload,events_per_batch,owner_units,physical_batches,writers,chain,unit_shape,iterations,stop_reason,events,domain_events,bytes,write_syscalls,short_writes,interrupted,max_iovecs,copied_bytes,barriers,cpu_ns,wall_ns,p50_ns,p95_ns,p99_ns,load1_before,load1_after
k_pwrite,process,65536,1,4,8,4,0,new_name,128,bytes,1024,512,33685504,1024,0,0,0,0,0,3683851,3702298,28120,34550,41190,2.940,2.940
stderr:

[2026-07-15T18:14:22.140210+00:00] e000885 /home/bob/src/mess/.maw/workspaces/bn-1zv6/spikes/pwritev_group/target/release/pwritev_group point-auto copy_contiguous process 65536 1 4 4 new_name 0
stdout:
variant,mode,payload,events_per_batch,owner_units,physical_batches,writers,chain,unit_shape,iterations,stop_reason,events,domain_events,bytes,write_syscalls,short_writes,interrupted,max_iovecs,copied_bytes,barriers,cpu_ns,wall_ns,p50_ns,p95_ns,p99_ns,load1_before,load1_after
copy_contiguous,process,65536,1,4,8,4,0,new_name,128,bytes,1024,512,33685504,128,0,0,0,33685504,0,5131952,5182107,38980,48240,69030,2.790,2.790
stderr:

[2026-07-15T18:14:23.168488+00:00] e000886 /home/bob/src/mess/.maw/workspaces/bn-1zv6/spikes/pwritev_group/target/release/pwritev_group point-auto k_pwrite process 65536 1 4 4 new_name 0
stdout:
variant,mode,payload,events_per_batch,owner_units,physical_batches,writers,chain,unit_shape,iterations,stop_reason,events,domain_events,bytes,write_syscalls,short_writes,interrupted,max_iovecs,copied_bytes,barriers,cpu_ns,wall_ns,p50_ns,p95_ns,p99_ns,load1_before,load1_after
k_pwrite,process,65536,1,4,8,4,0,new_name,128,bytes,1024,512,33685504,1024,0,0,0,0,0,3862311,3909348,29180,38240,50110,2.790,2.790
stderr:

[2026-07-15T18:14:24.198298+00:00] e000887 /home/bob/src/mess/.maw/workspaces/bn-1zv6/spikes/pwritev_group/target/release/pwritev_group point-auto k_pwrite process 65536 1 4 4 new_name 0
stdout:
variant,mode,payload,events_per_batch,owner_units,physical_batches,writers,chain,unit_shape,iterations,stop_reason,events,domain_events,bytes,write_syscalls,short_writes,interrupted,max_iovecs,copied_bytes,barriers,cpu_ns,wall_ns,p50_ns,p95_ns,p99_ns,load1_before,load1_after
k_pwrite,process,65536,1,4,8,4,0,new_name,128,bytes,1024,512,33685504,1024,0,0,0,0,0,3888171,3940107,29000,38310,49460,2.790,2.790
stderr:

[2026-07-15T18:14:25.230516+00:00] e000888 /home/bob/src/mess/.maw/workspaces/bn-1zv6/spikes/pwritev_group/target/release/pwritev_group point-auto copy_contiguous process 65536 1 4 4 new_name 0
stdout:
variant,mode,payload,events_per_batch,owner_units,physical_batches,writers,chain,unit_shape,iterations,stop_reason,events,domain_events,bytes,write_syscalls,short_writes,interrupted,max_iovecs,copied_bytes,barriers,cpu_ns,wall_ns,p50_ns,p95_ns,p99_ns,load1_before,load1_after
copy_contiguous,process,65536,1,4,8,4,0,new_name,128,bytes,1024,512,33685504,128,0,0,0,33685504,0,4874561,4920427,37810,42830,56310,2.790,2.790
stderr:

[2026-07-15T18:14:26.258476+00:00] e000889 /home/bob/src/mess/.maw/workspaces/bn-1zv6/spikes/pwritev_group/target/release/pwritev_group point-auto k_pwrite process 65536 10 2 2 domain 0
stdout:
variant,mode,payload,events_per_batch,owner_units,physical_batches,writers,chain,unit_shape,iterations,stop_reason,events,domain_events,bytes,write_syscalls,short_writes,interrupted,max_iovecs,copied_bytes,barriers,cpu_ns,wall_ns,p50_ns,p95_ns,p99_ns,load1_before,load1_after
k_pwrite,process,65536,10,2,2,2,0,domain,26,bytes,520,520,34097856,52,0,0,0,0,0,2788801,2821858,105590,124340,138920,2.790,2.790
stderr:

[2026-07-15T18:14:27.281407+00:00] e000890 /home/bob/src/mess/.maw/workspaces/bn-1zv6/spikes/pwritev_group/target/release/pwritev_group point-auto pwritev_full_8m process 65536 10 2 2 domain 0
stdout:
variant,mode,payload,events_per_batch,owner_units,physical_batches,writers,chain,unit_shape,iterations,stop_reason,events,domain_events,bytes,write_syscalls,short_writes,interrupted,max_iovecs,copied_bytes,barriers,cpu_ns,wall_ns,p50_ns,p95_ns,p99_ns,load1_before,load1_after
pwritev_full_8m,process,65536,10,2,2,2,0,domain,26,bytes,520,520,34097856,26,0,0,2,0,0,2967171,2983878,113350,131910,137650,2.720,2.720
stderr:

[2026-07-15T18:14:28.308211+00:00] e000891 /home/bob/src/mess/.maw/workspaces/bn-1zv6/spikes/pwritev_group/target/release/pwritev_group point-auto pwritev_full_8m process 65536 10 2 2 domain 0
stdout:
variant,mode,payload,events_per_batch,owner_units,physical_batches,writers,chain,unit_shape,iterations,stop_reason,events,domain_events,bytes,write_syscalls,short_writes,interrupted,max_iovecs,copied_bytes,barriers,cpu_ns,wall_ns,p50_ns,p95_ns,p99_ns,load1_before,load1_after
pwritev_full_8m,process,65536,10,2,2,2,0,domain,26,bytes,520,520,34097856,26,0,0,2,0,0,2903561,2938889,107740,135210,137170,2.720,2.720
stderr:

[2026-07-15T18:14:29.334774+00:00] e000892 /home/bob/src/mess/.maw/workspaces/bn-1zv6/spikes/pwritev_group/target/release/pwritev_group point-auto k_pwrite process 65536 10 2 2 domain 0
stdout:
variant,mode,payload,events_per_batch,owner_units,physical_batches,writers,chain,unit_shape,iterations,stop_reason,events,domain_events,bytes,write_syscalls,short_writes,interrupted,max_iovecs,copied_bytes,barriers,cpu_ns,wall_ns,p50_ns,p95_ns,p99_ns,load1_before,load1_after
k_pwrite,process,65536,10,2,2,2,0,domain,26,bytes,520,520,34097856,52,0,0,0,0,0,2901651,2922548,112200,119549,120490,2.720,2.720
stderr:

[2026-07-15T18:14:30.366858+00:00] e000893 /home/bob/src/mess/.maw/workspaces/bn-1zv6/spikes/pwritev_group/target/release/pwritev_group point-auto copy_contiguous process 65536 10 2 2 domain 0
stdout:
variant,mode,payload,events_per_batch,owner_units,physical_batches,writers,chain,unit_shape,iterations,stop_reason,events,domain_events,bytes,write_syscalls,short_writes,interrupted,max_iovecs,copied_bytes,barriers,cpu_ns,wall_ns,p50_ns,p95_ns,p99_ns,load1_before,load1_after
copy_contiguous,process,65536,10,2,2,2,0,domain,26,bytes,520,520,34097856,26,0,0,0,34097856,0,5129331,5177376,193659,235260,279580,2.720,2.720
stderr:

[2026-07-15T18:14:31.389577+00:00] e000894 /home/bob/src/mess/.maw/workspaces/bn-1zv6/spikes/pwritev_group/target/release/pwritev_group point-auto k_pwrite process 65536 10 2 2 domain 0
stdout:
variant,mode,payload,events_per_batch,owner_units,physical_batches,writers,chain,unit_shape,iterations,stop_reason,events,domain_events,bytes,write_syscalls,short_writes,interrupted,max_iovecs,copied_bytes,barriers,cpu_ns,wall_ns,p50_ns,p95_ns,p99_ns,load1_before,load1_after
k_pwrite,process,65536,10,2,2,2,0,domain,26,bytes,520,520,34097856,52,0,0,0,0,0,3053011,3134188,115060,144910,209859,2.720,2.720
stderr:

[2026-07-15T18:14:32.414482+00:00] e000895 /home/bob/src/mess/.maw/workspaces/bn-1zv6/spikes/pwritev_group/target/release/pwritev_group point-auto k_pwrite process 65536 10 2 2 domain 0
stdout:
variant,mode,payload,events_per_batch,owner_units,physical_batches,writers,chain,unit_shape,iterations,stop_reason,events,domain_events,bytes,write_syscalls,short_writes,interrupted,max_iovecs,copied_bytes,barriers,cpu_ns,wall_ns,p50_ns,p95_ns,p99_ns,load1_before,load1_after
k_pwrite,process,65536,10,2,2,2,0,domain,26,bytes,520,520,34097856,52,0,0,0,0,0,2954720,2973108,113959,124050,133360,2.500,2.500
stderr:

[2026-07-15T18:14:33.439584+00:00] e000896 /home/bob/src/mess/.maw/workspaces/bn-1zv6/spikes/pwritev_group/target/release/pwritev_group point-auto copy_contiguous process 65536 10 2 2 domain 0
stdout:
variant,mode,payload,events_per_batch,owner_units,physical_batches,writers,chain,unit_shape,iterations,stop_reason,events,domain_events,bytes,write_syscalls,short_writes,interrupted,max_iovecs,copied_bytes,barriers,cpu_ns,wall_ns,p50_ns,p95_ns,p99_ns,load1_before,load1_after
copy_contiguous,process,65536,10,2,2,2,0,domain,26,bytes,520,520,34097856,26,0,0,0,34097856,0,8260302,8330925,230910,760050,1897048,2.500,2.500
stderr:

[2026-07-15T18:14:34.471443+00:00] e000897 /home/bob/src/mess/.maw/workspaces/bn-1zv6/spikes/pwritev_group/target/release/pwritev_group point-auto k_pwrite process 65536 10 2 2 new_name 0
stdout:
variant,mode,payload,events_per_batch,owner_units,physical_batches,writers,chain,unit_shape,iterations,stop_reason,events,domain_events,bytes,write_syscalls,short_writes,interrupted,max_iovecs,copied_bytes,barriers,cpu_ns,wall_ns,p50_ns,p95_ns,p99_ns,load1_before,load1_after
k_pwrite,process,65536,10,2,4,2,0,new_name,26,bytes,572,520,34105136,104,0,0,0,0,0,3065961,3091168,120920,129230,144480,2.500,2.500
stderr:

[2026-07-15T18:14:35.493650+00:00] e000898 /home/bob/src/mess/.maw/workspaces/bn-1zv6/spikes/pwritev_group/target/release/pwritev_group point-auto pwritev_full_8m process 65536 10 2 2 new_name 0
stdout:
variant,mode,payload,events_per_batch,owner_units,physical_batches,writers,chain,unit_shape,iterations,stop_reason,events,domain_events,bytes,write_syscalls,short_writes,interrupted,max_iovecs,copied_bytes,barriers,cpu_ns,wall_ns,p50_ns,p95_ns,p99_ns,load1_before,load1_after
pwritev_full_8m,process,65536,10,2,4,2,0,new_name,26,bytes,572,520,34105136,26,0,0,4,0,0,2757051,2774858,104620,117010,118030,2.500,2.500
stderr:

[2026-07-15T18:14:36.516961+00:00] e000899 /home/bob/src/mess/.maw/workspaces/bn-1zv6/spikes/pwritev_group/target/release/pwritev_group point-auto pwritev_full_8m process 65536 10 2 2 new_name 0
stdout:
variant,mode,payload,events_per_batch,owner_units,physical_batches,writers,chain,unit_shape,iterations,stop_reason,events,domain_events,bytes,write_syscalls,short_writes,interrupted,max_iovecs,copied_bytes,barriers,cpu_ns,wall_ns,p50_ns,p95_ns,p99_ns,load1_before,load1_after
pwritev_full_8m,process,65536,10,2,4,2,0,new_name,26,bytes,572,520,34105136,26,0,0,4,0,0,3041591,3170779,121800,145150,180580,2.380,2.380
stderr:

[2026-07-15T18:14:37.546673+00:00] e000900 /home/bob/src/mess/.maw/workspaces/bn-1zv6/spikes/pwritev_group/target/release/pwritev_group point-auto k_pwrite process 65536 10 2 2 new_name 0
stdout:
variant,mode,payload,events_per_batch,owner_units,physical_batches,writers,chain,unit_shape,iterations,stop_reason,events,domain_events,bytes,write_syscalls,short_writes,interrupted,max_iovecs,copied_bytes,barriers,cpu_ns,wall_ns,p50_ns,p95_ns,p99_ns,load1_before,load1_after
k_pwrite,process,65536,10,2,4,2,0,new_name,26,bytes,572,520,34105136,104,0,0,0,0,0,3252431,3360769,112900,216280,223790,2.380,2.380
stderr:

[2026-07-15T18:14:38.578390+00:00] e000901 /home/bob/src/mess/.maw/workspaces/bn-1zv6/spikes/pwritev_group/target/release/pwritev_group point-auto copy_contiguous process 65536 10 2 2 new_name 0
stdout:
variant,mode,payload,events_per_batch,owner_units,physical_batches,writers,chain,unit_shape,iterations,stop_reason,events,domain_events,bytes,write_syscalls,short_writes,interrupted,max_iovecs,copied_bytes,barriers,cpu_ns,wall_ns,p50_ns,p95_ns,p99_ns,load1_before,load1_after
copy_contiguous,process,65536,10,2,4,2,0,new_name,26,bytes,572,520,34105136,26,0,0,0,34105136,0,8680422,8742055,192790,285179,3772617,2.380,2.380
stderr:

[2026-07-15T18:14:39.603016+00:00] e000902 /home/bob/src/mess/.maw/workspaces/bn-1zv6/spikes/pwritev_group/target/release/pwritev_group point-auto k_pwrite process 65536 10 2 2 new_name 0
stdout:
variant,mode,payload,events_per_batch,owner_units,physical_batches,writers,chain,unit_shape,iterations,stop_reason,events,domain_events,bytes,write_syscalls,short_writes,interrupted,max_iovecs,copied_bytes,barriers,cpu_ns,wall_ns,p50_ns,p95_ns,p99_ns,load1_before,load1_after
k_pwrite,process,65536,10,2,4,2,0,new_name,26,bytes,572,520,34105136,104,0,0,0,0,0,2974601,3066578,114050,152720,180980,2.380,2.380
stderr:

[2026-07-15T18:14:40.624302+00:00] e000903 /home/bob/src/mess/.maw/workspaces/bn-1zv6/spikes/pwritev_group/target/release/pwritev_group point-auto k_pwrite process 65536 10 2 2 new_name 0
stdout:
variant,mode,payload,events_per_batch,owner_units,physical_batches,writers,chain,unit_shape,iterations,stop_reason,events,domain_events,bytes,write_syscalls,short_writes,interrupted,max_iovecs,copied_bytes,barriers,cpu_ns,wall_ns,p50_ns,p95_ns,p99_ns,load1_before,load1_after
k_pwrite,process,65536,10,2,4,2,0,new_name,26,bytes,572,520,34105136,104,0,0,0,0,0,2926251,2948488,113420,118980,121059,2.380,2.380
stderr:

[2026-07-15T18:14:41.647923+00:00] e000904 /home/bob/src/mess/.maw/workspaces/bn-1zv6/spikes/pwritev_group/target/release/pwritev_group point-auto copy_contiguous process 65536 10 2 2 new_name 0
stdout:
variant,mode,payload,events_per_batch,owner_units,physical_batches,writers,chain,unit_shape,iterations,stop_reason,events,domain_events,bytes,write_syscalls,short_writes,interrupted,max_iovecs,copied_bytes,barriers,cpu_ns,wall_ns,p50_ns,p95_ns,p99_ns,load1_before,load1_after
copy_contiguous,process,65536,10,2,4,2,0,new_name,26,bytes,572,520,34105136,26,0,0,0,34105136,0,5233791,5300716,201240,223000,263879,2.190,2.190
stderr:

[2026-07-15T18:14:42.673739+00:00] e000905 /home/bob/src/mess/.maw/workspaces/bn-1zv6/spikes/pwritev_group/target/release/pwritev_group point-auto k_pwrite process 65536 10 4 4 domain 0
stdout:
variant,mode,payload,events_per_batch,owner_units,physical_batches,writers,chain,unit_shape,iterations,stop_reason,events,domain_events,bytes,write_syscalls,short_writes,interrupted,max_iovecs,copied_bytes,barriers,cpu_ns,wall_ns,p50_ns,p95_ns,p99_ns,load1_before,load1_after
k_pwrite,process,65536,10,4,4,4,0,domain,13,bytes,520,520,34097856,52,0,0,0,0,0,6459581,6505076,229700,888299,3110108,2.190,2.190
stderr:

[2026-07-15T18:14:43.705201+00:00] e000906 /home/bob/src/mess/.maw/workspaces/bn-1zv6/spikes/pwritev_group/target/release/pwritev_group point-auto pwritev_full_8m process 65536 10 4 4 domain 0
stdout:
variant,mode,payload,events_per_batch,owner_units,physical_batches,writers,chain,unit_shape,iterations,stop_reason,events,domain_events,bytes,write_syscalls,short_writes,interrupted,max_iovecs,copied_bytes,barriers,cpu_ns,wall_ns,p50_ns,p95_ns,p99_ns,load1_before,load1_after
pwritev_full_8m,process,65536,10,4,4,4,0,domain,13,bytes,520,520,34097856,13,0,0,4,0,0,2841870,2864008,219980,233710,236600,2.190,2.190
stderr:

[2026-07-15T18:14:44.729195+00:00] e000907 /home/bob/src/mess/.maw/workspaces/bn-1zv6/spikes/pwritev_group/target/release/pwritev_group point-auto pwritev_full_8m process 65536 10 4 4 domain 0
stdout:
variant,mode,payload,events_per_batch,owner_units,physical_batches,writers,chain,unit_shape,iterations,stop_reason,events,domain_events,bytes,write_syscalls,short_writes,interrupted,max_iovecs,copied_bytes,barriers,cpu_ns,wall_ns,p50_ns,p95_ns,p99_ns,load1_before,load1_after
pwritev_full_8m,process,65536,10,4,4,4,0,domain,13,bytes,520,520,34097856,13,0,0,4,0,0,2817321,2846628,208150,249659,310780,2.190,2.190
stderr:

[2026-07-15T18:14:45.758284+00:00] e000908 /home/bob/src/mess/.maw/workspaces/bn-1zv6/spikes/pwritev_group/target/release/pwritev_group point-auto k_pwrite process 65536 10 4 4 domain 0
stdout:
variant,mode,payload,events_per_batch,owner_units,physical_batches,writers,chain,unit_shape,iterations,stop_reason,events,domain_events,bytes,write_syscalls,short_writes,interrupted,max_iovecs,copied_bytes,barriers,cpu_ns,wall_ns,p50_ns,p95_ns,p99_ns,load1_before,load1_after
k_pwrite,process,65536,10,4,4,4,0,domain,13,bytes,520,520,34097856,52,0,0,0,0,0,2905001,2936628,224720,245760,261990,2.190,2.190
stderr:

[2026-07-15T18:14:46.787632+00:00] e000909 /home/bob/src/mess/.maw/workspaces/bn-1zv6/spikes/pwritev_group/target/release/pwritev_group point-auto copy_contiguous process 65536 10 4 4 domain 0
stdout:
variant,mode,payload,events_per_batch,owner_units,physical_batches,writers,chain,unit_shape,iterations,stop_reason,events,domain_events,bytes,write_syscalls,short_writes,interrupted,max_iovecs,copied_bytes,barriers,cpu_ns,wall_ns,p50_ns,p95_ns,p99_ns,load1_before,load1_after
copy_contiguous,process,65536,10,4,4,4,0,domain,13,bytes,520,520,34097856,13,0,0,0,34097856,0,4915101,4945427,381180,386310,388470,2.260,2.260
stderr:

[2026-07-15T18:14:47.816203+00:00] e000910 /home/bob/src/mess/.maw/workspaces/bn-1zv6/spikes/pwritev_group/target/release/pwritev_group point-auto k_pwrite process 65536 10 4 4 domain 0
stdout:
variant,mode,payload,events_per_batch,owner_units,physical_batches,writers,chain,unit_shape,iterations,stop_reason,events,domain_events,bytes,write_syscalls,short_writes,interrupted,max_iovecs,copied_bytes,barriers,cpu_ns,wall_ns,p50_ns,p95_ns,p99_ns,load1_before,load1_after
k_pwrite,process,65536,10,4,4,4,0,domain,13,bytes,520,520,34097856,52,0,0,0,0,0,2918251,2934718,225540,236610,238160,2.260,2.260
stderr:

[2026-07-15T18:14:48.847896+00:00] e000911 /home/bob/src/mess/.maw/workspaces/bn-1zv6/spikes/pwritev_group/target/release/pwritev_group point-auto k_pwrite process 65536 10 4 4 domain 0
stdout:
variant,mode,payload,events_per_batch,owner_units,physical_batches,writers,chain,unit_shape,iterations,stop_reason,events,domain_events,bytes,write_syscalls,short_writes,interrupted,max_iovecs,copied_bytes,barriers,cpu_ns,wall_ns,p50_ns,p95_ns,p99_ns,load1_before,load1_after
k_pwrite,process,65536,10,4,4,4,0,domain,13,bytes,520,520,34097856,52,0,0,0,0,0,2845070,2869378,219950,230120,230790,2.260,2.260
stderr:

[2026-07-15T18:14:49.880695+00:00] e000912 /home/bob/src/mess/.maw/workspaces/bn-1zv6/spikes/pwritev_group/target/release/pwritev_group point-auto copy_contiguous process 65536 10 4 4 domain 0
stdout:
variant,mode,payload,events_per_batch,owner_units,physical_batches,writers,chain,unit_shape,iterations,stop_reason,events,domain_events,bytes,write_syscalls,short_writes,interrupted,max_iovecs,copied_bytes,barriers,cpu_ns,wall_ns,p50_ns,p95_ns,p99_ns,load1_before,load1_after
copy_contiguous,process,65536,10,4,4,4,0,domain,13,bytes,520,520,34097856,13,0,0,0,34097856,0,5017161,5067706,379499,403860,487850,2.260,2.260
stderr:

[2026-07-15T18:14:50.911560+00:00] e000913 /home/bob/src/mess/.maw/workspaces/bn-1zv6/spikes/pwritev_group/target/release/pwritev_group point-auto k_pwrite process 65536 10 4 4 new_name 0
stdout:
variant,mode,payload,events_per_batch,owner_units,physical_batches,writers,chain,unit_shape,iterations,stop_reason,events,domain_events,bytes,write_syscalls,short_writes,interrupted,max_iovecs,copied_bytes,barriers,cpu_ns,wall_ns,p50_ns,p95_ns,p99_ns,load1_before,load1_after
k_pwrite,process,65536,10,4,8,4,0,new_name,13,bytes,572,520,34105136,104,0,0,0,0,0,2977211,2996828,227550,245520,274360,2.260,2.260
stderr:

[2026-07-15T18:14:51.944061+00:00] e000914 /home/bob/src/mess/.maw/workspaces/bn-1zv6/spikes/pwritev_group/target/release/pwritev_group point-auto pwritev_full_8m process 65536 10 4 4 new_name 0
stdout:
variant,mode,payload,events_per_batch,owner_units,physical_batches,writers,chain,unit_shape,iterations,stop_reason,events,domain_events,bytes,write_syscalls,short_writes,interrupted,max_iovecs,copied_bytes,barriers,cpu_ns,wall_ns,p50_ns,p95_ns,p99_ns,load1_before,load1_after
pwritev_full_8m,process,65536,10,4,8,4,0,new_name,13,bytes,572,520,34105136,13,0,0,8,0,0,3049700,3227098,223530,338260,425669,2.160,2.160
stderr:

[2026-07-15T18:14:52.969527+00:00] e000915 /home/bob/src/mess/.maw/workspaces/bn-1zv6/spikes/pwritev_group/target/release/pwritev_group point-auto pwritev_full_8m process 65536 10 4 4 new_name 0
stdout:
variant,mode,payload,events_per_batch,owner_units,physical_batches,writers,chain,unit_shape,iterations,stop_reason,events,domain_events,bytes,write_syscalls,short_writes,interrupted,max_iovecs,copied_bytes,barriers,cpu_ns,wall_ns,p50_ns,p95_ns,p99_ns,load1_before,load1_after
pwritev_full_8m,process,65536,10,4,8,4,0,new_name,13,bytes,572,520,34105136,13,0,0,8,0,0,3140960,3177338,242019,271850,317680,2.160,2.160
stderr:

[2026-07-15T18:14:53.991230+00:00] e000916 /home/bob/src/mess/.maw/workspaces/bn-1zv6/spikes/pwritev_group/target/release/pwritev_group point-auto k_pwrite process 65536 10 4 4 new_name 0
stdout:
variant,mode,payload,events_per_batch,owner_units,physical_batches,writers,chain,unit_shape,iterations,stop_reason,events,domain_events,bytes,write_syscalls,short_writes,interrupted,max_iovecs,copied_bytes,barriers,cpu_ns,wall_ns,p50_ns,p95_ns,p99_ns,load1_before,load1_after
k_pwrite,process,65536,10,4,8,4,0,new_name,13,bytes,572,520,34105136,104,0,0,0,0,0,2845711,2868608,218130,229550,234840,2.160,2.160
stderr:

[2026-07-15T18:14:55.019572+00:00] e000917 /home/bob/src/mess/.maw/workspaces/bn-1zv6/spikes/pwritev_group/target/release/pwritev_group point-auto copy_contiguous process 65536 10 4 4 new_name 0
stdout:
variant,mode,payload,events_per_batch,owner_units,physical_batches,writers,chain,unit_shape,iterations,stop_reason,events,domain_events,bytes,write_syscalls,short_writes,interrupted,max_iovecs,copied_bytes,barriers,cpu_ns,wall_ns,p50_ns,p95_ns,p99_ns,load1_before,load1_after
copy_contiguous,process,65536,10,4,8,4,0,new_name,13,bytes,572,520,34105136,13,0,0,0,34105136,0,4933841,5064337,380010,397069,477089,2.160,2.160
stderr:

[2026-07-15T18:14:56.050170+00:00] e000918 /home/bob/src/mess/.maw/workspaces/bn-1zv6/spikes/pwritev_group/target/release/pwritev_group point-auto k_pwrite process 65536 10 4 4 new_name 0
stdout:
variant,mode,payload,events_per_batch,owner_units,physical_batches,writers,chain,unit_shape,iterations,stop_reason,events,domain_events,bytes,write_syscalls,short_writes,interrupted,max_iovecs,copied_bytes,barriers,cpu_ns,wall_ns,p50_ns,p95_ns,p99_ns,load1_before,load1_after
k_pwrite,process,65536,10,4,8,4,0,new_name,13,bytes,572,520,34105136,104,0,0,0,0,0,2882101,2909039,219430,239530,240430,2.160,2.160
stderr:

[2026-07-15T18:14:57.080931+00:00] e000919 /home/bob/src/mess/.maw/workspaces/bn-1zv6/spikes/pwritev_group/target/release/pwritev_group point-auto k_pwrite process 65536 10 4 4 new_name 0
stdout:
variant,mode,payload,events_per_batch,owner_units,physical_batches,writers,chain,unit_shape,iterations,stop_reason,events,domain_events,bytes,write_syscalls,short_writes,interrupted,max_iovecs,copied_bytes,barriers,cpu_ns,wall_ns,p50_ns,p95_ns,p99_ns,load1_before,load1_after
k_pwrite,process,65536,10,4,8,4,0,new_name,13,bytes,572,520,34105136,104,0,0,0,0,0,2828011,2864348,216990,231540,244500,2.060,2.060
stderr:

[2026-07-15T18:14:58.115698+00:00] e000920 /home/bob/src/mess/.maw/workspaces/bn-1zv6/spikes/pwritev_group/target/release/pwritev_group point-auto copy_contiguous process 65536 10 4 4 new_name 0
stdout:
variant,mode,payload,events_per_batch,owner_units,physical_batches,writers,chain,unit_shape,iterations,stop_reason,events,domain_events,bytes,write_syscalls,short_writes,interrupted,max_iovecs,copied_bytes,barriers,cpu_ns,wall_ns,p50_ns,p95_ns,p99_ns,load1_before,load1_after
copy_contiguous,process,65536,10,4,8,4,0,new_name,13,bytes,572,520,34105136,13,0,0,0,34105136,0,4947702,4978887,381620,399820,401429,2.060,2.060
stderr:

[2026-07-15T18:14:59.147944+00:00] e000921 /home/bob/src/mess/.maw/workspaces/bn-1zv6/spikes/pwritev_group/target/release/pwritev_group point-auto k_pwrite process 65536 100 2 2 domain 0
stdout:
variant,mode,payload,events_per_batch,owner_units,physical_batches,writers,chain,unit_shape,iterations,stop_reason,events,domain_events,bytes,write_syscalls,short_writes,interrupted,max_iovecs,copied_bytes,barriers,cpu_ns,wall_ns,p50_ns,p95_ns,p99_ns,load1_before,load1_after
k_pwrite,process,65536,100,2,2,2,0,domain,3,bytes,600,600,39338928,6,0,0,0,0,0,2718270,2750648,870409,1017179,1017179,2.060,2.060
stderr:

[2026-07-15T18:15:00.179207+00:00] e000922 /home/bob/src/mess/.maw/workspaces/bn-1zv6/spikes/pwritev_group/target/release/pwritev_group point-auto pwritev_full_8m process 65536 100 2 2 domain 0
stdout:
variant,mode,payload,events_per_batch,owner_units,physical_batches,writers,chain,unit_shape,iterations,stop_reason,events,domain_events,bytes,write_syscalls,short_writes,interrupted,max_iovecs,copied_bytes,barriers,cpu_ns,wall_ns,p50_ns,p95_ns,p99_ns,load1_before,load1_after
pwritev_full_8m,process,65536,100,2,2,2,0,domain,3,bytes,600,600,39338928,6,0,0,2,0,0,3211221,3241078,1000460,1300149,1300149,2.060,2.060
stderr:

[2026-07-15T18:15:01.212158+00:00] e000923 /home/bob/src/mess/.maw/workspaces/bn-1zv6/spikes/pwritev_group/target/release/pwritev_group point-auto pwritev_full_8m process 65536 100 2 2 domain 0
stdout:
variant,mode,payload,events_per_batch,owner_units,physical_batches,writers,chain,unit_shape,iterations,stop_reason,events,domain_events,bytes,write_syscalls,short_writes,interrupted,max_iovecs,copied_bytes,barriers,cpu_ns,wall_ns,p50_ns,p95_ns,p99_ns,load1_before,load1_after
pwritev_full_8m,process,65536,100,2,2,2,0,domain,3,bytes,600,600,39338928,6,0,0,2,0,0,3452581,3498458,1123470,1470289,1470289,2.060,2.060
stderr:

[2026-07-15T18:15:02.242888+00:00] e000924 /home/bob/src/mess/.maw/workspaces/bn-1zv6/spikes/pwritev_group/target/release/pwritev_group point-auto k_pwrite process 65536 100 2 2 domain 0
stdout:
variant,mode,payload,events_per_batch,owner_units,physical_batches,writers,chain,unit_shape,iterations,stop_reason,events,domain_events,bytes,write_syscalls,short_writes,interrupted,max_iovecs,copied_bytes,barriers,cpu_ns,wall_ns,p50_ns,p95_ns,p99_ns,load1_before,load1_after
k_pwrite,process,65536,100,2,2,2,0,domain,3,bytes,600,600,39338928,6,0,0,0,0,0,3497751,3532427,1151940,1432128,1432128,1.980,1.980
stderr:

[2026-07-15T18:15:03.273966+00:00] e000925 /home/bob/src/mess/.maw/workspaces/bn-1zv6/spikes/pwritev_group/target/release/pwritev_group point-auto pwritev_full_8m process 65536 100 2 2 new_name 0
stdout:
variant,mode,payload,events_per_batch,owner_units,physical_batches,writers,chain,unit_shape,iterations,stop_reason,events,domain_events,bytes,write_syscalls,short_writes,interrupted,max_iovecs,copied_bytes,barriers,cpu_ns,wall_ns,p50_ns,p95_ns,p99_ns,load1_before,load1_after
pwritev_full_8m,process,65536,100,2,4,2,0,new_name,3,bytes,606,600,39339768,6,0,0,4,0,0,3615321,3643678,1212199,1393040,1393040,1.980,1.980
stderr:

[2026-07-15T18:15:04.303980+00:00] e000926 /home/bob/src/mess/.maw/workspaces/bn-1zv6/spikes/pwritev_group/target/release/pwritev_group point-auto k_pwrite process 65536 100 2 2 new_name 0
stdout:
variant,mode,payload,events_per_batch,owner_units,physical_batches,writers,chain,unit_shape,iterations,stop_reason,events,domain_events,bytes,write_syscalls,short_writes,interrupted,max_iovecs,copied_bytes,barriers,cpu_ns,wall_ns,p50_ns,p95_ns,p99_ns,load1_before,load1_after
k_pwrite,process,65536,100,2,4,2,0,new_name,3,bytes,606,600,39339768,12,0,0,0,0,0,4425701,4476217,1420229,1877509,1877509,1.980,1.980
stderr:

[2026-07-15T18:15:05.334618+00:00] e000927 /home/bob/src/mess/.maw/workspaces/bn-1zv6/spikes/pwritev_group/target/release/pwritev_group point-auto k_pwrite process 65536 100 2 2 new_name 0
stdout:
variant,mode,payload,events_per_batch,owner_units,physical_batches,writers,chain,unit_shape,iterations,stop_reason,events,domain_events,bytes,write_syscalls,short_writes,interrupted,max_iovecs,copied_bytes,barriers,cpu_ns,wall_ns,p50_ns,p95_ns,p99_ns,load1_before,load1_after
k_pwrite,process,65536,100,2,4,2,0,new_name,3,bytes,606,600,39339768,12,0,0,0,0,0,4612871,4657278,1562929,1564599,1564599,1.980,1.980
stderr:

[2026-07-15T18:15:06.365302+00:00] e000928 /home/bob/src/mess/.maw/workspaces/bn-1zv6/spikes/pwritev_group/target/release/pwritev_group point-auto pwritev_full_8m process 65536 100 2 2 new_name 0
stdout:
variant,mode,payload,events_per_batch,owner_units,physical_batches,writers,chain,unit_shape,iterations,stop_reason,events,domain_events,bytes,write_syscalls,short_writes,interrupted,max_iovecs,copied_bytes,barriers,cpu_ns,wall_ns,p50_ns,p95_ns,p99_ns,load1_before,load1_after
pwritev_full_8m,process,65536,100,2,4,2,0,new_name,3,bytes,606,600,39339768,6,0,0,4,0,0,6557342,6589086,1247489,4221477,4221477,1.980,1.980
stderr:

[2026-07-15T18:15:07.397508+00:00] e000929 /home/bob/src/mess/.maw/workspaces/bn-1zv6/spikes/pwritev_group/target/release/pwritev_group point-auto k_pwrite process 65536 100 4 4 domain 0
stdout:
variant,mode,payload,events_per_batch,owner_units,physical_batches,writers,chain,unit_shape,iterations,stop_reason,events,domain_events,bytes,write_syscalls,short_writes,interrupted,max_iovecs,copied_bytes,barriers,cpu_ns,wall_ns,p50_ns,p95_ns,p99_ns,load1_before,load1_after
k_pwrite,process,65536,100,4,4,4,0,domain,2,bytes,800,800,52451904,8,0,0,0,0,0,6326362,6389426,3224408,3224408,3224408,1.980,1.980
stderr:

[2026-07-15T18:15:08.425373+00:00] e000930 /home/bob/src/mess/.maw/workspaces/bn-1zv6/spikes/pwritev_group/target/release/pwritev_group point-auto pwritev_full_8m process 65536 100 4 4 domain 0
stdout:
variant,mode,payload,events_per_batch,owner_units,physical_batches,writers,chain,unit_shape,iterations,stop_reason,events,domain_events,bytes,write_syscalls,short_writes,interrupted,max_iovecs,copied_bytes,barriers,cpu_ns,wall_ns,p50_ns,p95_ns,p99_ns,load1_before,load1_after
pwritev_full_8m,process,65536,100,4,4,4,0,domain,2,bytes,800,800,52451904,8,0,0,2,0,0,6033962,6091746,3130798,3130798,3130798,1.980,1.980
stderr:

[2026-07-15T18:15:09.449473+00:00] e000931 /home/bob/src/mess/.maw/workspaces/bn-1zv6/spikes/pwritev_group/target/release/pwritev_group point-auto pwritev_full_8m process 65536 100 4 4 domain 0
stdout:
variant,mode,payload,events_per_batch,owner_units,physical_batches,writers,chain,unit_shape,iterations,stop_reason,events,domain_events,bytes,write_syscalls,short_writes,interrupted,max_iovecs,copied_bytes,barriers,cpu_ns,wall_ns,p50_ns,p95_ns,p99_ns,load1_before,load1_after
pwritev_full_8m,process,65536,100,4,4,4,0,domain,2,bytes,800,800,52451904,8,0,0,2,0,0,5798961,5850487,3007168,3007168,3007168,1.980,1.980
stderr:

[2026-07-15T18:15:10.476155+00:00] e000932 /home/bob/src/mess/.maw/workspaces/bn-1zv6/spikes/pwritev_group/target/release/pwritev_group point-auto k_pwrite process 65536 100 4 4 domain 0
stdout:
variant,mode,payload,events_per_batch,owner_units,physical_batches,writers,chain,unit_shape,iterations,stop_reason,events,domain_events,bytes,write_syscalls,short_writes,interrupted,max_iovecs,copied_bytes,barriers,cpu_ns,wall_ns,p50_ns,p95_ns,p99_ns,load1_before,load1_after
k_pwrite,process,65536,100,4,4,4,0,domain,2,bytes,800,800,52451904,8,0,0,0,0,0,5895881,5944316,3011588,3011588,3011588,1.980,1.980
stderr:

[2026-07-15T18:15:11.506325+00:00] e000933 /home/bob/src/mess/.maw/workspaces/bn-1zv6/spikes/pwritev_group/target/release/pwritev_group point-auto pwritev_full_8m process 65536 100 4 4 new_name 0
stdout:
variant,mode,payload,events_per_batch,owner_units,physical_batches,writers,chain,unit_shape,iterations,stop_reason,events,domain_events,bytes,write_syscalls,short_writes,interrupted,max_iovecs,copied_bytes,barriers,cpu_ns,wall_ns,p50_ns,p95_ns,p99_ns,load1_before,load1_after
pwritev_full_8m,process,65536,100,4,8,4,0,new_name,2,bytes,808,800,52453024,8,0,0,4,0,0,6050181,6119036,3061668,3061668,3061668,2.060,2.060
stderr:

[2026-07-15T18:15:12.538210+00:00] e000934 /home/bob/src/mess/.maw/workspaces/bn-1zv6/spikes/pwritev_group/target/release/pwritev_group point-auto k_pwrite process 65536 100 4 4 new_name 0
stdout:
variant,mode,payload,events_per_batch,owner_units,physical_batches,writers,chain,unit_shape,iterations,stop_reason,events,domain_events,bytes,write_syscalls,short_writes,interrupted,max_iovecs,copied_bytes,barriers,cpu_ns,wall_ns,p50_ns,p95_ns,p99_ns,load1_before,load1_after
k_pwrite,process,65536,100,4,8,4,0,new_name,2,bytes,808,800,52453024,16,0,0,0,0,0,6684282,6737356,3444858,3444858,3444858,2.060,2.060
stderr:

[2026-07-15T18:15:13.566548+00:00] e000935 /home/bob/src/mess/.maw/workspaces/bn-1zv6/spikes/pwritev_group/target/release/pwritev_group point-auto k_pwrite process 65536 100 4 4 new_name 0
stdout:
variant,mode,payload,events_per_batch,owner_units,physical_batches,writers,chain,unit_shape,iterations,stop_reason,events,domain_events,bytes,write_syscalls,short_writes,interrupted,max_iovecs,copied_bytes,barriers,cpu_ns,wall_ns,p50_ns,p95_ns,p99_ns,load1_before,load1_after
k_pwrite,process,65536,100,4,8,4,0,new_name,2,bytes,808,800,52453024,16,0,0,0,0,0,5950591,5995536,3002978,3002978,3002978,2.060,2.060
stderr:

[2026-07-15T18:15:14.599175+00:00] e000936 /home/bob/src/mess/.maw/workspaces/bn-1zv6/spikes/pwritev_group/target/release/pwritev_group point-auto pwritev_full_8m process 65536 100 4 4 new_name 0
stdout:
variant,mode,payload,events_per_batch,owner_units,physical_batches,writers,chain,unit_shape,iterations,stop_reason,events,domain_events,bytes,write_syscalls,short_writes,interrupted,max_iovecs,copied_bytes,barriers,cpu_ns,wall_ns,p50_ns,p95_ns,p99_ns,load1_before,load1_after
pwritev_full_8m,process,65536,100,4,8,4,0,new_name,2,bytes,808,800,52453024,8,0,0,4,0,0,6641561,6694886,3610308,3610308,3610308,2.060,2.060
stderr:

[2026-07-15T18:15:15.630533+00:00] e000937 /home/bob/src/mess/.maw/workspaces/bn-1zv6/spikes/pwritev_group/target/release/pwritev_group point-auto k_pwrite process 65536 1000 2 2 domain 0
stdout:
variant,mode,payload,events_per_batch,owner_units,physical_batches,writers,chain,unit_shape,iterations,stop_reason,events,domain_events,bytes,write_syscalls,short_writes,interrupted,max_iovecs,copied_bytes,barriers,cpu_ns,wall_ns,p50_ns,p95_ns,p99_ns,load1_before,load1_after
k_pwrite,process,65536,1000,2,2,2,0,domain,1,bytes,2000,2000,131128176,2,0,0,0,0,0,14486454,14605181,14604921,14604921,14604921,2.060,2.060
stderr:

[2026-07-15T18:15:16.658200+00:00] e000938 /home/bob/src/mess/.maw/workspaces/bn-1zv6/spikes/pwritev_group/target/release/pwritev_group point-auto pwritev_full_8m process 65536 1000 2 2 domain 0
stdout:
variant,mode,payload,events_per_batch,owner_units,physical_batches,writers,chain,unit_shape,iterations,stop_reason,events,domain_events,bytes,write_syscalls,short_writes,interrupted,max_iovecs,copied_bytes,barriers,cpu_ns,wall_ns,p50_ns,p95_ns,p99_ns,load1_before,load1_after
pwritev_full_8m,process,65536,1000,2,2,2,0,domain,1,bytes,2000,2000,131128176,16,0,0,2,0,0,14799044,14911040,14910530,14910530,14910530,2.060,2.060
stderr:

[2026-07-15T18:15:17.686162+00:00] e000939 /home/bob/src/mess/.maw/workspaces/bn-1zv6/spikes/pwritev_group/target/release/pwritev_group point-auto pwritev_full_8m process 65536 1000 2 2 domain 0
stdout:
variant,mode,payload,events_per_batch,owner_units,physical_batches,writers,chain,unit_shape,iterations,stop_reason,events,domain_events,bytes,write_syscalls,short_writes,interrupted,max_iovecs,copied_bytes,barriers,cpu_ns,wall_ns,p50_ns,p95_ns,p99_ns,load1_before,load1_after
pwritev_full_8m,process,65536,1000,2,2,2,0,domain,1,bytes,2000,2000,131128176,16,0,0,2,0,0,19119435,19540187,19539897,19539897,19539897,2.060,2.060
stderr:

[2026-07-15T18:15:18.716889+00:00] e000940 /home/bob/src/mess/.maw/workspaces/bn-1zv6/spikes/pwritev_group/target/release/pwritev_group point-auto k_pwrite process 65536 1000 2 2 domain 0
stdout:
variant,mode,payload,events_per_batch,owner_units,physical_batches,writers,chain,unit_shape,iterations,stop_reason,events,domain_events,bytes,write_syscalls,short_writes,interrupted,max_iovecs,copied_bytes,barriers,cpu_ns,wall_ns,p50_ns,p95_ns,p99_ns,load1_before,load1_after
k_pwrite,process,65536,1000,2,2,2,0,domain,1,bytes,2000,2000,131128176,2,0,0,0,0,0,17639945,17854959,17854669,17854669,17854669,2.060,2.060
stderr:

[2026-07-15T18:15:19.744826+00:00] e000941 /home/bob/src/mess/.maw/workspaces/bn-1zv6/spikes/pwritev_group/target/release/pwritev_group point-auto pwritev_full_8m process 65536 1000 2 2 new_name 0
stdout:
variant,mode,payload,events_per_batch,owner_units,physical_batches,writers,chain,unit_shape,iterations,stop_reason,events,domain_events,bytes,write_syscalls,short_writes,interrupted,max_iovecs,copied_bytes,barriers,cpu_ns,wall_ns,p50_ns,p95_ns,p99_ns,load1_before,load1_after
pwritev_full_8m,process,65536,1000,2,4,2,0,new_name,1,bytes,2002,2000,131128456,16,0,0,3,0,0,23128516,23324696,23324186,23324186,23324186,2.060,2.060
stderr:

[2026-07-15T18:15:20.775729+00:00] e000942 /home/bob/src/mess/.maw/workspaces/bn-1zv6/spikes/pwritev_group/target/release/pwritev_group point-auto k_pwrite process 65536 1000 2 2 new_name 0
stdout:
variant,mode,payload,events_per_batch,owner_units,physical_batches,writers,chain,unit_shape,iterations,stop_reason,events,domain_events,bytes,write_syscalls,short_writes,interrupted,max_iovecs,copied_bytes,barriers,cpu_ns,wall_ns,p50_ns,p95_ns,p99_ns,load1_before,load1_after
k_pwrite,process,65536,1000,2,4,2,0,new_name,1,bytes,2002,2000,131128456,4,0,0,0,0,0,14587083,14702451,14701811,14701811,14701811,2.060,2.060
stderr:

[2026-07-15T18:15:21.808094+00:00] e000943 /home/bob/src/mess/.maw/workspaces/bn-1zv6/spikes/pwritev_group/target/release/pwritev_group point-auto k_pwrite process 65536 1000 2 2 new_name 0
stdout:
variant,mode,payload,events_per_batch,owner_units,physical_batches,writers,chain,unit_shape,iterations,stop_reason,events,domain_events,bytes,write_syscalls,short_writes,interrupted,max_iovecs,copied_bytes,barriers,cpu_ns,wall_ns,p50_ns,p95_ns,p99_ns,load1_before,load1_after
k_pwrite,process,65536,1000,2,4,2,0,new_name,1,bytes,2002,2000,131128456,4,0,0,0,0,0,14637754,14809541,14809271,14809271,14809271,1.970,1.970
stderr:

[2026-07-15T18:15:22.833678+00:00] e000944 /home/bob/src/mess/.maw/workspaces/bn-1zv6/spikes/pwritev_group/target/release/pwritev_group point-auto pwritev_full_8m process 65536 1000 2 2 new_name 0
stdout:
variant,mode,payload,events_per_batch,owner_units,physical_batches,writers,chain,unit_shape,iterations,stop_reason,events,domain_events,bytes,write_syscalls,short_writes,interrupted,max_iovecs,copied_bytes,barriers,cpu_ns,wall_ns,p50_ns,p95_ns,p99_ns,load1_before,load1_after
pwritev_full_8m,process,65536,1000,2,4,2,0,new_name,1,bytes,2002,2000,131128456,16,0,0,3,0,0,14814364,14933731,14933151,14933151,14933151,1.970,1.970
stderr:

[2026-07-15T18:15:23.854686+00:00] e000945 /home/bob/src/mess/.maw/workspaces/bn-1zv6/spikes/pwritev_group/target/release/pwritev_group point-auto k_pwrite process 65536 1000 4 4 domain 0
stdout:
variant,mode,payload,events_per_batch,owner_units,physical_batches,writers,chain,unit_shape,iterations,stop_reason,events,domain_events,bytes,write_syscalls,short_writes,interrupted,max_iovecs,copied_bytes,barriers,cpu_ns,wall_ns,p50_ns,p95_ns,p99_ns,load1_before,load1_after
k_pwrite,process,65536,1000,4,4,4,0,domain,1,bytes,4000,4000,262256352,4,0,0,0,0,0,34735329,35032369,35032109,35032109,35032109,1.970,1.970
stderr:

[2026-07-15T18:15:24.887827+00:00] e000946 /home/bob/src/mess/.maw/workspaces/bn-1zv6/spikes/pwritev_group/target/release/pwritev_group point-auto pwritev_full_8m process 65536 1000 4 4 domain 0
stdout:
variant,mode,payload,events_per_batch,owner_units,physical_batches,writers,chain,unit_shape,iterations,stop_reason,events,domain_events,bytes,write_syscalls,short_writes,interrupted,max_iovecs,copied_bytes,barriers,cpu_ns,wall_ns,p50_ns,p95_ns,p99_ns,load1_before,load1_after
pwritev_full_8m,process,65536,1000,4,4,4,0,domain,1,bytes,4000,4000,262256352,32,0,0,2,0,0,33573018,33955799,33955589,33955589,33955589,1.970,1.970
stderr:

[2026-07-15T18:15:25.917048+00:00] e000947 /home/bob/src/mess/.maw/workspaces/bn-1zv6/spikes/pwritev_group/target/release/pwritev_group point-auto pwritev_full_8m process 65536 1000 4 4 domain 0
stdout:
variant,mode,payload,events_per_batch,owner_units,physical_batches,writers,chain,unit_shape,iterations,stop_reason,events,domain_events,bytes,write_syscalls,short_writes,interrupted,max_iovecs,copied_bytes,barriers,cpu_ns,wall_ns,p50_ns,p95_ns,p99_ns,load1_before,load1_after
pwritev_full_8m,process,65536,1000,4,4,4,0,domain,1,bytes,4000,4000,262256352,32,0,0,2,0,0,32025968,32318810,32318610,32318610,32318610,1.970,1.970
stderr:

[2026-07-15T18:15:27.948397+00:00] e000948 /home/bob/src/mess/.maw/workspaces/bn-1zv6/spikes/pwritev_group/target/release/pwritev_group point-auto k_pwrite process 65536 1000 4 4 domain 0
stdout:
variant,mode,payload,events_per_batch,owner_units,physical_batches,writers,chain,unit_shape,iterations,stop_reason,events,domain_events,bytes,write_syscalls,short_writes,interrupted,max_iovecs,copied_bytes,barriers,cpu_ns,wall_ns,p50_ns,p95_ns,p99_ns,load1_before,load1_after
k_pwrite,process,65536,1000,4,4,4,0,domain,1,bytes,4000,4000,262256352,4,0,0,0,0,0,33402988,34135479,34135289,34135289,34135289,3.740,3.740
stderr:

[2026-07-15T18:15:29.979883+00:00] e000949 /home/bob/src/mess/.maw/workspaces/bn-1zv6/spikes/pwritev_group/target/release/pwritev_group point-auto pwritev_full_8m process 65536 1000 4 4 new_name 0
stdout:
variant,mode,payload,events_per_batch,owner_units,physical_batches,writers,chain,unit_shape,iterations,stop_reason,events,domain_events,bytes,write_syscalls,short_writes,interrupted,max_iovecs,copied_bytes,barriers,cpu_ns,wall_ns,p50_ns,p95_ns,p99_ns,load1_before,load1_after
pwritev_full_8m,process,65536,1000,4,8,4,0,new_name,1,bytes,4004,4000,262256912,32,0,0,3,0,0,33168588,33617289,33616739,33616739,33616739,3.740,3.740
stderr:

[2026-07-15T18:15:32.011217+00:00] e000950 /home/bob/src/mess/.maw/workspaces/bn-1zv6/spikes/pwritev_group/target/release/pwritev_group point-auto k_pwrite process 65536 1000 4 4 new_name 0
stdout:
variant,mode,payload,events_per_batch,owner_units,physical_batches,writers,chain,unit_shape,iterations,stop_reason,events,domain_events,bytes,write_syscalls,short_writes,interrupted,max_iovecs,copied_bytes,barriers,cpu_ns,wall_ns,p50_ns,p95_ns,p99_ns,load1_before,load1_after
k_pwrite,process,65536,1000,4,8,4,0,new_name,1,bytes,4004,4000,262256912,8,0,0,0,0,0,30836787,31162941,31162731,31162731,31162731,4.240,4.240
stderr:

[2026-07-15T18:15:34.045430+00:00] e000951 /home/bob/src/mess/.maw/workspaces/bn-1zv6/spikes/pwritev_group/target/release/pwritev_group point-auto k_pwrite process 65536 1000 4 4 new_name 0
stdout:
variant,mode,payload,events_per_batch,owner_units,physical_batches,writers,chain,unit_shape,iterations,stop_reason,events,domain_events,bytes,write_syscalls,short_writes,interrupted,max_iovecs,copied_bytes,barriers,cpu_ns,wall_ns,p50_ns,p95_ns,p99_ns,load1_before,load1_after
k_pwrite,process,65536,1000,4,8,4,0,new_name,1,bytes,4004,4000,262256912,8,0,0,0,0,0,34353979,34652029,34651839,34651839,34651839,4.240,4.240
stderr:

[2026-07-15T18:15:35.081875+00:00] e000952 /home/bob/src/mess/.maw/workspaces/bn-1zv6/spikes/pwritev_group/target/release/pwritev_group point-auto pwritev_full_8m process 65536 1000 4 4 new_name 0
stdout:
variant,mode,payload,events_per_batch,owner_units,physical_batches,writers,chain,unit_shape,iterations,stop_reason,events,domain_events,bytes,write_syscalls,short_writes,interrupted,max_iovecs,copied_bytes,barriers,cpu_ns,wall_ns,p50_ns,p95_ns,p99_ns,load1_before,load1_after
pwritev_full_8m,process,65536,1000,4,8,4,0,new_name,1,bytes,4004,4000,262256912,32,0,0,3,0,0,33386988,33997388,33996938,33996938,33996938,4.240,4.240
stderr:

[2026-07-15T18:15:36.107044+00:00] b00001 /home/bob/src/mess/.maw/workspaces/bn-1zv6/spikes/pwritev_group/target/release/pwritev_group boundary-auto k_pwrite process 140 1 1
stdout:
variant,mode,target_bytes,physical_batches,writers,iterations,stop_reason,events,bytes,write_syscalls,short_writes,interrupted,max_iovecs,copied_bytes,barriers,cpu_ns,wall_ns,p50_ns,p95_ns,p99_ns,min_payload,max_payload,load1_before,load1_after
k_pwrite,process,140,1,1,479350,bytes,479350,67109000,479350,0,0,0,0,0,424067157,431420033,760,920,1010,24,24,4.240,4.700
stderr:

[2026-07-15T18:15:37.139693+00:00] b00002 /home/bob/src/mess/.maw/workspaces/bn-1zv6/spikes/pwritev_group/target/release/pwritev_group boundary-auto pwritev_full_1m process 140 1 1
stdout:
variant,mode,target_bytes,physical_batches,writers,iterations,stop_reason,events,bytes,write_syscalls,short_writes,interrupted,max_iovecs,copied_bytes,barriers,cpu_ns,wall_ns,p50_ns,p95_ns,p99_ns,min_payload,max_payload,load1_before,load1_after
pwritev_full_1m,process,140,1,1,479350,bytes,479350,67109000,479350,0,0,1,0,0,473789099,480573121,850,1020,1110,24,24,4.700,4.700
stderr:

[2026-07-15T18:15:38.170893+00:00] b00003 /home/bob/src/mess/.maw/workspaces/bn-1zv6/spikes/pwritev_group/target/release/pwritev_group boundary-auto pwritev_full_1m process 140 1 1
stdout:
variant,mode,target_bytes,physical_batches,writers,iterations,stop_reason,events,bytes,write_syscalls,short_writes,interrupted,max_iovecs,copied_bytes,barriers,cpu_ns,wall_ns,p50_ns,p95_ns,p99_ns,min_payload,max_payload,load1_before,load1_after
pwritev_full_1m,process,140,1,1,479350,bytes,479350,67109000,479350,0,0,1,0,0,460472224,465758231,850,1020,1090,24,24,4.700,4.700
stderr:

[2026-07-15T18:15:39.197843+00:00] b00004 /home/bob/src/mess/.maw/workspaces/bn-1zv6/spikes/pwritev_group/target/release/pwritev_group boundary-auto k_pwrite process 140 1 1
stdout:
variant,mode,target_bytes,physical_batches,writers,iterations,stop_reason,events,bytes,write_syscalls,short_writes,interrupted,max_iovecs,copied_bytes,barriers,cpu_ns,wall_ns,p50_ns,p95_ns,p99_ns,min_payload,max_payload,load1_before,load1_after
k_pwrite,process,140,1,1,479350,bytes,479350,67109000,479350,0,0,0,0,0,409217492,415127912,760,900,980,24,24,4.700,4.700
stderr:

[2026-07-15T18:15:40.223577+00:00] b00005 /home/bob/src/mess/.maw/workspaces/bn-1zv6/spikes/pwritev_group/target/release/pwritev_group boundary-auto copy_contiguous process 140 1 1
stdout:
variant,mode,target_bytes,physical_batches,writers,iterations,stop_reason,events,bytes,write_syscalls,short_writes,interrupted,max_iovecs,copied_bytes,barriers,cpu_ns,wall_ns,p50_ns,p95_ns,p99_ns,min_payload,max_payload,load1_before,load1_after
copy_contiguous,process,140,1,1,479350,bytes,479350,67109000,479350,0,0,0,67109000,0,430464748,440264146,780,930,1030,24,24,4.700,4.700
stderr:

[2026-07-15T18:15:41.253525+00:00] b00006 /home/bob/src/mess/.maw/workspaces/bn-1zv6/spikes/pwritev_group/target/release/pwritev_group boundary-auto k_pwrite process 140 1 1
stdout:
variant,mode,target_bytes,physical_batches,writers,iterations,stop_reason,events,bytes,write_syscalls,short_writes,interrupted,max_iovecs,copied_bytes,barriers,cpu_ns,wall_ns,p50_ns,p95_ns,p99_ns,min_payload,max_payload,load1_before,load1_after
k_pwrite,process,140,1,1,479350,bytes,479350,67109000,479350,0,0,0,0,0,407613221,410900415,770,920,990,24,24,4.700,5.600
stderr:

[2026-07-15T18:15:42.281210+00:00] b00007 /home/bob/src/mess/.maw/workspaces/bn-1zv6/spikes/pwritev_group/target/release/pwritev_group boundary-auto k_pwrite process 140 1 1
stdout:
variant,mode,target_bytes,physical_batches,writers,iterations,stop_reason,events,bytes,write_syscalls,short_writes,interrupted,max_iovecs,copied_bytes,barriers,cpu_ns,wall_ns,p50_ns,p95_ns,p99_ns,min_payload,max_payload,load1_before,load1_after
k_pwrite,process,140,1,1,479350,bytes,479350,67109000,479350,0,0,0,0,0,414160533,417909090,770,900,990,24,24,5.600,5.600
stderr:

[2026-07-15T18:15:43.305607+00:00] b00008 /home/bob/src/mess/.maw/workspaces/bn-1zv6/spikes/pwritev_group/target/release/pwritev_group boundary-auto copy_contiguous process 140 1 1
stdout:
variant,mode,target_bytes,physical_batches,writers,iterations,stop_reason,events,bytes,write_syscalls,short_writes,interrupted,max_iovecs,copied_bytes,barriers,cpu_ns,wall_ns,p50_ns,p95_ns,p99_ns,min_payload,max_payload,load1_before,load1_after
copy_contiguous,process,140,1,1,479350,bytes,479350,67109000,479350,0,0,0,67109000,0,430941348,435036120,790,960,1040,24,24,5.600,5.600
stderr:

[2026-07-15T18:15:44.336774+00:00] b00009 /home/bob/src/mess/.maw/workspaces/bn-1zv6/spikes/pwritev_group/target/release/pwritev_group boundary-auto k_pwrite process 280 2 2
stdout:
variant,mode,target_bytes,physical_batches,writers,iterations,stop_reason,events,bytes,write_syscalls,short_writes,interrupted,max_iovecs,copied_bytes,barriers,cpu_ns,wall_ns,p50_ns,p95_ns,p99_ns,min_payload,max_payload,load1_before,load1_after
k_pwrite,process,280,2,2,239675,bytes,479350,67109000,479350,0,0,0,0,0,405619199,411422445,1480,1800,2280,24,24,5.600,5.600
stderr:

[2026-07-15T18:15:45.367677+00:00] b00010 /home/bob/src/mess/.maw/workspaces/bn-1zv6/spikes/pwritev_group/target/release/pwritev_group boundary-auto pwritev_full_1m process 280 2 2
stdout:
variant,mode,target_bytes,physical_batches,writers,iterations,stop_reason,events,bytes,write_syscalls,short_writes,interrupted,max_iovecs,copied_bytes,barriers,cpu_ns,wall_ns,p50_ns,p95_ns,p99_ns,min_payload,max_payload,load1_before,load1_after
pwritev_full_1m,process,280,2,2,239675,bytes,479350,67109000,239675,0,0,2,0,0,242718881,244539679,890,1100,1160,24,24,5.600,5.600
stderr:

[2026-07-15T18:15:46.389750+00:00] b00011 /home/bob/src/mess/.maw/workspaces/bn-1zv6/spikes/pwritev_group/target/release/pwritev_group boundary-auto pwritev_full_1m process 280 2 2
stdout:
variant,mode,target_bytes,physical_batches,writers,iterations,stop_reason,events,bytes,write_syscalls,short_writes,interrupted,max_iovecs,copied_bytes,barriers,cpu_ns,wall_ns,p50_ns,p95_ns,p99_ns,min_payload,max_payload,load1_before,load1_after
pwritev_full_1m,process,280,2,2,239675,bytes,479350,67109000,239675,0,0,2,0,0,248887583,251938664,890,1100,1190,24,24,5.600,6.680
stderr:

