point_id,phase,boundary,comparison,role,slot,order,variant,mode,target_bytes,physical_batches,writers,source_commit,source_dirty,harness_sha256,binary_sha256,runner_sha256,evaluator_sha256,correctness_sha256,captured_at_utc,hostname,kernel,cpu_model,cpu_topology,governor,rustc,llvm,cargo,build_profile,scratch_root,mount_source,mount_fstype,mount_target,device_model,scheduler,free_bytes,page_size,iov_max,corpus_seed,guard_load1,status,error,iterations,stop_reason,events,bytes,write_syscalls,short_writes,interrupted,max_iovecs,copied_bytes,barriers,cpu_ns,wall_ns,p50_ns,p95_ns,p99_ns,min_payload,max_payload,load1_before,load1_after
b00001,boundary,width_2_-1,pwritev_full_1m,baseline,1,ABBA,k_pwrite,process,140,1,1,54215100a825da9eb7cfbd8f045e54ef05fb29bd,false,1b36f48efea63210dfeeee7270dea968ab5ba58da27f90aa42845eb8a64a6649,12b1dafe765a77d1a17115b0ae12cff973f20ed7d6d770fbd790695fe081288e,0e4833553be7825885da5ea99bceab292cc8abee6414d58b31864afe8ca9f944,c89b17de3d4d36a4e106517b0737619bd65f0e2877d95adbf2f297762f71fb7b,6e938dfcd266a2b0eac811d7ea7eabbd5b217965f88efa81371465134dbcab11,2026-07-15T18:59:55.944009+00:00,8o8-arch,7.0.12-arch1-1,AMD Ryzen 9 3900X 12-Core Processor,"logical=24,cores=12,sockets=1,nodes=1",performance,rustc 1.97.0 (2d8144b78 2026-07-07),22.1.6,cargo 1.97.0 (c980f4866 2026-06-30),"release,lto=thin,debug=true",/home/bob/.cache/mess-bench,/dev/nvme0n1p3,ext4,/home,Samsung SSD 970 EVO Plus 2TB,[none] mq-deadline kyber bfq,249459490816,4096,1024,payload[i]=(i*131+17)&0xff,4.30029296875,accepted,,479350,bytes,479350,67109000,479350,0,0,0,0,0,402999430,406472779,770,890,970,24,24,4.300,4.120
b00002,boundary,width_2_-1,pwritev_full_1m,candidate,2,ABBA,pwritev_full_1m,process,140,1,1,54215100a825da9eb7cfbd8f045e54ef05fb29bd,false,1b36f48efea63210dfeeee7270dea968ab5ba58da27f90aa42845eb8a64a6649,12b1dafe765a77d1a17115b0ae12cff973f20ed7d6d770fbd790695fe081288e,0e4833553be7825885da5ea99bceab292cc8abee6414d58b31864afe8ca9f944,c89b17de3d4d36a4e106517b0737619bd65f0e2877d95adbf2f297762f71fb7b,6e938dfcd266a2b0eac811d7ea7eabbd5b217965f88efa81371465134dbcab11,2026-07-15T18:59:56.970949+00:00,8o8-arch,7.0.12-arch1-1,AMD Ryzen 9 3900X 12-Core Processor,"logical=24,cores=12,sockets=1,nodes=1",performance,rustc 1.97.0 (2d8144b78 2026-07-07),22.1.6,cargo 1.97.0 (c980f4866 2026-06-30),"release,lto=thin,debug=true",/home/bob/.cache/mess-bench,/dev/nvme0n1p3,ext4,/home,Samsung SSD 970 EVO Plus 2TB,[none] mq-deadline kyber bfq,249459486720,4096,1024,payload[i]=(i*131+17)&0xff,4.11572265625,accepted,,479350,bytes,479350,67109000,479350,0,0,1,0,0,447675062,451404837,860,1010,1100,24,24,4.120,4.120
b00003,boundary,width_2_-1,pwritev_full_1m,candidate,3,ABBA,pwritev_full_1m,process,140,1,1,54215100a825da9eb7cfbd8f045e54ef05fb29bd,false,1b36f48efea63210dfeeee7270dea968ab5ba58da27f90aa42845eb8a64a6649,12b1dafe765a77d1a17115b0ae12cff973f20ed7d6d770fbd790695fe081288e,0e4833553be7825885da5ea99bceab292cc8abee6414d58b31864afe8ca9f944,c89b17de3d4d36a4e106517b0737619bd65f0e2877d95adbf2f297762f71fb7b,6e938dfcd266a2b0eac811d7ea7eabbd5b217965f88efa81371465134dbcab11,2026-07-15T18:59:57.998431+00:00,8o8-arch,7.0.12-arch1-1,AMD Ryzen 9 3900X 12-Core Processor,"logical=24,cores=12,sockets=1,nodes=1",performance,rustc 1.97.0 (2d8144b78 2026-07-07),22.1.6,cargo 1.97.0 (c980f4866 2026-06-30),"release,lto=thin,debug=true",/home/bob/.cache/mess-bench,/dev/nvme0n1p3,ext4,/home,Samsung SSD 970 EVO Plus 2TB,[none] mq-deadline kyber bfq,249459482624,4096,1024,payload[i]=(i*131+17)&0xff,4.11572265625,accepted,,479350,bytes,479350,67109000,479350,0,0,1,0,0,446328271,449887799,860,990,1090,24,24,4.120,4.120
b00004,boundary,width_2_-1,pwritev_full_1m,baseline,4,ABBA,k_pwrite,process,140,1,1,54215100a825da9eb7cfbd8f045e54ef05fb29bd,false,1b36f48efea63210dfeeee7270dea968ab5ba58da27f90aa42845eb8a64a6649,12b1dafe765a77d1a17115b0ae12cff973f20ed7d6d770fbd790695fe081288e,0e4833553be7825885da5ea99bceab292cc8abee6414d58b31864afe8ca9f944,c89b17de3d4d36a4e106517b0737619bd65f0e2877d95adbf2f297762f71fb7b,6e938dfcd266a2b0eac811d7ea7eabbd5b217965f88efa81371465134dbcab11,2026-07-15T18:59:59.027255+00:00,8o8-arch,7.0.12-arch1-1,AMD Ryzen 9 3900X 12-Core Processor,"logical=24,cores=12,sockets=1,nodes=1",performance,rustc 1.97.0 (2d8144b78 2026-07-07),22.1.6,cargo 1.97.0 (c980f4866 2026-06-30),"release,lto=thin,debug=true",/home/bob/.cache/mess-bench,/dev/nvme0n1p3,ext4,/home,Samsung SSD 970 EVO Plus 2TB,[none] mq-deadline kyber bfq,249459478528,4096,1024,payload[i]=(i*131+17)&0xff,4.11572265625,accepted,,479350,bytes,479350,67109000,479350,0,0,0,0,0,404625190,407982098,770,910,990,24,24,4.120,4.120
b00005,boundary,width_2_-1,copy_contiguous,candidate,1,BAAB,copy_contiguous,process,140,1,1,54215100a825da9eb7cfbd8f045e54ef05fb29bd,false,1b36f48efea63210dfeeee7270dea968ab5ba58da27f90aa42845eb8a64a6649,12b1dafe765a77d1a17115b0ae12cff973f20ed7d6d770fbd790695fe081288e,0e4833553be7825885da5ea99bceab292cc8abee6414d58b31864afe8ca9f944,c89b17de3d4d36a4e106517b0737619bd65f0e2877d95adbf2f297762f71fb7b,6e938dfcd266a2b0eac811d7ea7eabbd5b217965f88efa81371465134dbcab11,2026-07-15T19:00:00.058050+00:00,8o8-arch,7.0.12-arch1-1,AMD Ryzen 9 3900X 12-Core Processor,"logical=24,cores=12,sockets=1,nodes=1",performance,rustc 1.97.0 (2d8144b78 2026-07-07),22.1.6,cargo 1.97.0 (c980f4866 2026-06-30),"release,lto=thin,debug=true",/home/bob/.cache/mess-bench,/dev/nvme0n1p3,ext4,/home,Samsung SSD 970 EVO Plus 2TB,[none] mq-deadline kyber bfq,249459474432,4096,1024,payload[i]=(i*131+17)&0xff,4.11572265625,accepted,,479350,bytes,479350,67109000,479350,0,0,0,67109000,0,412557364,416045033,790,860,1000,24,24,4.120,4.120
b00006,boundary,width_2_-1,copy_contiguous,baseline,2,BAAB,k_pwrite,process,140,1,1,54215100a825da9eb7cfbd8f045e54ef05fb29bd,false,1b36f48efea63210dfeeee7270dea968ab5ba58da27f90aa42845eb8a64a6649,12b1dafe765a77d1a17115b0ae12cff973f20ed7d6d770fbd790695fe081288e,0e4833553be7825885da5ea99bceab292cc8abee6414d58b31864afe8ca9f944,c89b17de3d4d36a4e106517b0737619bd65f0e2877d95adbf2f297762f71fb7b,6e938dfcd266a2b0eac811d7ea7eabbd5b217965f88efa81371465134dbcab11,2026-07-15T19:00:01.080444+00:00,8o8-arch,7.0.12-arch1-1,AMD Ryzen 9 3900X 12-Core Processor,"logical=24,cores=12,sockets=1,nodes=1",performance,rustc 1.97.0 (2d8144b78 2026-07-07),22.1.6,cargo 1.97.0 (c980f4866 2026-06-30),"release,lto=thin,debug=true",/home/bob/.cache/mess-bench,/dev/nvme0n1p3,ext4,/home,Samsung SSD 970 EVO Plus 2TB,[none] mq-deadline kyber bfq,249459470336,4096,1024,payload[i]=(i*131+17)&0xff,3.7861328125,accepted,,479350,bytes,479350,67109000,479350,0,0,0,0,0,400251310,403515952,760,780,970,24,24,3.790,3.790
b00007,boundary,width_2_-1,copy_contiguous,baseline,3,BAAB,k_pwrite,process,140,1,1,54215100a825da9eb7cfbd8f045e54ef05fb29bd,false,1b36f48efea63210dfeeee7270dea968ab5ba58da27f90aa42845eb8a64a6649,12b1dafe765a77d1a17115b0ae12cff973f20ed7d6d770fbd790695fe081288e,0e4833553be7825885da5ea99bceab292cc8abee6414d58b31864afe8ca9f944,c89b17de3d4d36a4e106517b0737619bd65f0e2877d95adbf2f297762f71fb7b,6e938dfcd266a2b0eac811d7ea7eabbd5b217965f88efa81371465134dbcab11,2026-07-15T19:00:02.106968+00:00,8o8-arch,7.0.12-arch1-1,AMD Ryzen 9 3900X 12-Core Processor,"logical=24,cores=12,sockets=1,nodes=1",performance,rustc 1.97.0 (2d8144b78 2026-07-07),22.1.6,cargo 1.97.0 (c980f4866 2026-06-30),"release,lto=thin,debug=true",/home/bob/.cache/mess-bench,/dev/nvme0n1p3,ext4,/home,Samsung SSD 970 EVO Plus 2TB,[none] mq-deadline kyber bfq,249459470336,4096,1024,payload[i]=(i*131+17)&0xff,3.7861328125,accepted,,479350,bytes,479350,67109000,479350,0,0,0,0,0,399276000,402289393,760,780,940,24,24,3.790,3.790
b00008,boundary,width_2_-1,copy_contiguous,candidate,4,BAAB,copy_contiguous,process,140,1,1,54215100a825da9eb7cfbd8f045e54ef05fb29bd,false,1b36f48efea63210dfeeee7270dea968ab5ba58da27f90aa42845eb8a64a6649,12b1dafe765a77d1a17115b0ae12cff973f20ed7d6d770fbd790695fe081288e,0e4833553be7825885da5ea99bceab292cc8abee6414d58b31864afe8ca9f944,c89b17de3d4d36a4e106517b0737619bd65f0e2877d95adbf2f297762f71fb7b,6e938dfcd266a2b0eac811d7ea7eabbd5b217965f88efa81371465134dbcab11,2026-07-15T19:00:03.132978+00:00,8o8-arch,7.0.12-arch1-1,AMD Ryzen 9 3900X 12-Core Processor,"logical=24,cores=12,sockets=1,nodes=1",performance,rustc 1.97.0 (2d8144b78 2026-07-07),22.1.6,cargo 1.97.0 (c980f4866 2026-06-30),"release,lto=thin,debug=true",/home/bob/.cache/mess-bench,/dev/nvme0n1p3,ext4,/home,Samsung SSD 970 EVO Plus 2TB,[none] mq-deadline kyber bfq,249459470336,4096,1024,payload[i]=(i*131+17)&0xff,3.7861328125,accepted,,479350,bytes,479350,67109000,479350,0,0,0,67109000,0,412379433,415199583,790,870,1010,24,24,3.790,3.790
b00009,boundary,width_2_+0,pwritev_full_1m,baseline,1,ABBA,k_pwrite,process,280,2,2,54215100a825da9eb7cfbd8f045e54ef05fb29bd,false,1b36f48efea63210dfeeee7270dea968ab5ba58da27f90aa42845eb8a64a6649,12b1dafe765a77d1a17115b0ae12cff973f20ed7d6d770fbd790695fe081288e,0e4833553be7825885da5ea99bceab292cc8abee6414d58b31864afe8ca9f944,c89b17de3d4d36a4e106517b0737619bd65f0e2877d95adbf2f297762f71fb7b,6e938dfcd266a2b0eac811d7ea7eabbd5b217965f88efa81371465134dbcab11,2026-07-15T19:00:04.161905+00:00,8o8-arch,7.0.12-arch1-1,AMD Ryzen 9 3900X 12-Core Processor,"logical=24,cores=12,sockets=1,nodes=1",performance,rustc 1.97.0 (2d8144b78 2026-07-07),22.1.6,cargo 1.97.0 (c980f4866 2026-06-30),"release,lto=thin,debug=true",/home/bob/.cache/mess-bench,/dev/nvme0n1p3,ext4,/home,Samsung SSD 970 EVO Plus 2TB,[none] mq-deadline kyber bfq,249459466240,4096,1024,payload[i]=(i*131+17)&0xff,3.7861328125,accepted,,239675,bytes,479350,67109000,479350,0,0,0,0,0,376303934,379137309,1490,1750,1880,24,24,3.790,3.790
b00010,boundary,width_2_+0,pwritev_full_1m,candidate,2,ABBA,pwritev_full_1m,process,280,2,2,54215100a825da9eb7cfbd8f045e54ef05fb29bd,false,1b36f48efea63210dfeeee7270dea968ab5ba58da27f90aa42845eb8a64a6649,12b1dafe765a77d1a17115b0ae12cff973f20ed7d6d770fbd790695fe081288e,0e4833553be7825885da5ea99bceab292cc8abee6414d58b31864afe8ca9f944,c89b17de3d4d36a4e106517b0737619bd65f0e2877d95adbf2f297762f71fb7b,6e938dfcd266a2b0eac811d7ea7eabbd5b217965f88efa81371465134dbcab11,2026-07-15T19:00:05.185947+00:00,8o8-arch,7.0.12-arch1-1,AMD Ryzen 9 3900X 12-Core Processor,"logical=24,cores=12,sockets=1,nodes=1",performance,rustc 1.97.0 (2d8144b78 2026-07-07),22.1.6,cargo 1.97.0 (c980f4866 2026-06-30),"release,lto=thin,debug=true",/home/bob/.cache/mess-bench,/dev/nvme0n1p3,ext4,/home,Samsung SSD 970 EVO Plus 2TB,[none] mq-deadline kyber bfq,249459462144,4096,1024,payload[i]=(i*131+17)&0xff,3.7861328125,accepted,,239675,bytes,479350,67109000,239675,0,0,2,0,0,232740778,234602442,900,980,1130,24,24,3.790,3.790
b00011,boundary,width_2_+0,pwritev_full_1m,candidate,3,ABBA,pwritev_full_1m,process,280,2,2,54215100a825da9eb7cfbd8f045e54ef05fb29bd,false,1b36f48efea63210dfeeee7270dea968ab5ba58da27f90aa42845eb8a64a6649,12b1dafe765a77d1a17115b0ae12cff973f20ed7d6d770fbd790695fe081288e,0e4833553be7825885da5ea99bceab292cc8abee6414d58b31864afe8ca9f944,c89b17de3d4d36a4e106517b0737619bd65f0e2877d95adbf2f297762f71fb7b,6e938dfcd266a2b0eac811d7ea7eabbd5b217965f88efa81371465134dbcab11,2026-07-15T19:00:06.213513+00:00,8o8-arch,7.0.12-arch1-1,AMD Ryzen 9 3900X 12-Core Processor,"logical=24,cores=12,sockets=1,nodes=1",performance,rustc 1.97.0 (2d8144b78 2026-07-07),22.1.6,cargo 1.97.0 (c980f4866 2026-06-30),"release,lto=thin,debug=true",/home/bob/.cache/mess-bench,/dev/nvme0n1p3,ext4,/home,Samsung SSD 970 EVO Plus 2TB,[none] mq-deadline kyber bfq,249459458048,4096,1024,payload[i]=(i*131+17)&0xff,3.64306640625,accepted,,239675,bytes,479350,67109000,239675,0,0,2,0,0,235472759,237485320,900,1110,1160,24,24,3.640,3.640
b00012,boundary,width_2_+0,pwritev_full_1m,baseline,4,ABBA,k_pwrite,process,280,2,2,54215100a825da9eb7cfbd8f045e54ef05fb29bd,false,1b36f48efea63210dfeeee7270dea968ab5ba58da27f90aa42845eb8a64a6649,12b1dafe765a77d1a17115b0ae12cff973f20ed7d6d770fbd790695fe081288e,0e4833553be7825885da5ea99bceab292cc8abee6414d58b31864afe8ca9f944,c89b17de3d4d36a4e106517b0737619bd65f0e2877d95adbf2f297762f71fb7b,6e938dfcd266a2b0eac811d7ea7eabbd5b217965f88efa81371465134dbcab11,2026-07-15T19:00:07.239838+00:00,8o8-arch,7.0.12-arch1-1,AMD Ryzen 9 3900X 12-Core Processor,"logical=24,cores=12,sockets=1,nodes=1",performance,rustc 1.97.0 (2d8144b78 2026-07-07),22.1.6,cargo 1.97.0 (c980f4866 2026-06-30),"release,lto=thin,debug=true",/home/bob/.cache/mess-bench,/dev/nvme0n1p3,ext4,/home,Samsung SSD 970 EVO Plus 2TB,[none] mq-deadline kyber bfq,249459474432,4096,1024,payload[i]=(i*131+17)&0xff,3.64306640625,accepted,,239675,bytes,479350,67109000,479350,0,0,0,0,0,378491044,381637497,1490,1750,1950,24,24,3.640,3.640
b00013,boundary,width_2_+0,copy_contiguous,candidate,1,BAAB,copy_contiguous,process,280,2,2,54215100a825da9eb7cfbd8f045e54ef05fb29bd,false,1b36f48efea63210dfeeee7270dea968ab5ba58da27f90aa42845eb8a64a6649,12b1dafe765a77d1a17115b0ae12cff973f20ed7d6d770fbd790695fe081288e,0e4833553be7825885da5ea99bceab292cc8abee6414d58b31864afe8ca9f944,c89b17de3d4d36a4e106517b0737619bd65f0e2877d95adbf2f297762f71fb7b,6e938dfcd266a2b0eac811d7ea7eabbd5b217965f88efa81371465134dbcab11,2026-07-15T19:00:08.267408+00:00,8o8-arch,7.0.12-arch1-1,AMD Ryzen 9 3900X 12-Core Processor,"logical=24,cores=12,sockets=1,nodes=1",performance,rustc 1.97.0 (2d8144b78 2026-07-07),22.1.6,cargo 1.97.0 (c980f4866 2026-06-30),"release,lto=thin,debug=true",/home/bob/.cache/mess-bench,/dev/nvme0n1p3,ext4,/home,Samsung SSD 970 EVO Plus 2TB,[none] mq-deadline kyber bfq,249459458048,4096,1024,payload[i]=(i*131+17)&0xff,3.64306640625,accepted,,239675,bytes,479350,67109000,239675,0,0,0,67109000,0,208711892,210367760,800,820,990,24,24,3.640,3.640
b00014,boundary,width_2_+0,copy_contiguous,baseline,2,BAAB,k_pwrite,process,280,2,2,54215100a825da9eb7cfbd8f045e54ef05fb29bd,false,1b36f48efea63210dfeeee7270dea968ab5ba58da27f90aa42845eb8a64a6649,12b1dafe765a77d1a17115b0ae12cff973f20ed7d6d770fbd790695fe081288e,0e4833553be7825885da5ea99bceab292cc8abee6414d58b31864afe8ca9f944,c89b17de3d4d36a4e106517b0737619bd65f0e2877d95adbf2f297762f71fb7b,6e938dfcd266a2b0eac811d7ea7eabbd5b217965f88efa81371465134dbcab11,2026-07-15T19:00:09.297069+00:00,8o8-arch,7.0.12-arch1-1,AMD Ryzen 9 3900X 12-Core Processor,"logical=24,cores=12,sockets=1,nodes=1",performance,rustc 1.97.0 (2d8144b78 2026-07-07),22.1.6,cargo 1.97.0 (c980f4866 2026-06-30),"release,lto=thin,debug=true",/home/bob/.cache/mess-bench,/dev/nvme0n1p3,ext4,/home,Samsung SSD 970 EVO Plus 2TB,[none] mq-deadline kyber bfq,249459458048,4096,1024,payload[i]=(i*131+17)&0xff,3.64306640625,accepted,,239675,bytes,479350,67109000,479350,0,0,0,0,0,375098994,378006990,1480,1720,1870,24,24,3.640,3.640
b00015,boundary,width_2_+0,copy_contiguous,baseline,3,BAAB,k_pwrite,process,280,2,2,54215100a825da9eb7cfbd8f045e54ef05fb29bd,false,1b36f48efea63210dfeeee7270dea968ab5ba58da27f90aa42845eb8a64a6649,12b1dafe765a77d1a17115b0ae12cff973f20ed7d6d770fbd790695fe081288e,0e4833553be7825885da5ea99bceab292cc8abee6414d58b31864afe8ca9f944,c89b17de3d4d36a4e106517b0737619bd65f0e2877d95adbf2f297762f71fb7b,6e938dfcd266a2b0eac811d7ea7eabbd5b217965f88efa81371465134dbcab11,2026-07-15T19:00:10.320532+00:00,8o8-arch,7.0.12-arch1-1,AMD Ryzen 9 3900X 12-Core Processor,"logical=24,cores=12,sockets=1,nodes=1",performance,rustc 1.97.0 (2d8144b78 2026-07-07),22.1.6,cargo 1.97.0 (c980f4866 2026-06-30),"release,lto=thin,debug=true",/home/bob/.cache/mess-bench,/dev/nvme0n1p3,ext4,/home,Samsung SSD 970 EVO Plus 2TB,[none] mq-deadline kyber bfq,249459453952,4096,1024,payload[i]=(i*131+17)&0xff,3.64306640625,accepted,,239675,bytes,479350,67109000,479350,0,0,0,0,0,373641963,376527701,1470,1740,1930,24,24,3.640,3.640
b00016,boundary,width_2_+0,copy_contiguous,candidate,4,BAAB,copy_contiguous,process,280,2,2,54215100a825da9eb7cfbd8f045e54ef05fb29bd,false,1b36f48efea63210dfeeee7270dea968ab5ba58da27f90aa42845eb8a64a6649,12b1dafe765a77d1a17115b0ae12cff973f20ed7d6d770fbd790695fe081288e,0e4833553be7825885da5ea99bceab292cc8abee6414d58b31864afe8ca9f944,c89b17de3d4d36a4e106517b0737619bd65f0e2877d95adbf2f297762f71fb7b,6e938dfcd266a2b0eac811d7ea7eabbd5b217965f88efa81371465134dbcab11,2026-07-15T19:00:11.348764+00:00,8o8-arch,7.0.12-arch1-1,AMD Ryzen 9 3900X 12-Core Processor,"logical=24,cores=12,sockets=1,nodes=1",performance,rustc 1.97.0 (2d8144b78 2026-07-07),22.1.6,cargo 1.97.0 (c980f4866 2026-06-30),"release,lto=thin,debug=true",/home/bob/.cache/mess-bench,/dev/nvme0n1p3,ext4,/home,Samsung SSD 970 EVO Plus 2TB,[none] mq-deadline kyber bfq,249459453952,4096,1024,payload[i]=(i*131+17)&0xff,3.59130859375,accepted,,239675,bytes,479350,67109000,239675,0,0,0,67109000,0,208648522,210274649,800,820,990,24,24,3.590,3.590
b00017,boundary,width_2_+1,pwritev_full_1m,baseline,1,ABBA,k_pwrite,process,420,3,3,54215100a825da9eb7cfbd8f045e54ef05fb29bd,false,1b36f48efea63210dfeeee7270dea968ab5ba58da27f90aa42845eb8a64a6649,12b1dafe765a77d1a17115b0ae12cff973f20ed7d6d770fbd790695fe081288e,0e4833553be7825885da5ea99bceab292cc8abee6414d58b31864afe8ca9f944,c89b17de3d4d36a4e106517b0737619bd65f0e2877d95adbf2f297762f71fb7b,6e938dfcd266a2b0eac811d7ea7eabbd5b217965f88efa81371465134dbcab11,2026-07-15T19:00:12.378532+00:00,8o8-arch,7.0.12-arch1-1,AMD Ryzen 9 3900X 12-Core Processor,"logical=24,cores=12,sockets=1,nodes=1",performance,rustc 1.97.0 (2d8144b78 2026-07-07),22.1.6,cargo 1.97.0 (c980f4866 2026-06-30),"release,lto=thin,debug=true",/home/bob/.cache/mess-bench,/dev/nvme0n1p3,ext4,/home,Samsung SSD 970 EVO Plus 2TB,[none] mq-deadline kyber bfq,249459445760,4096,1024,payload[i]=(i*131+17)&0xff,3.59130859375,accepted,,159784,bytes,479352,67109280,479352,0,0,0,0,0,364515362,367199147,2190,2310,2800,24,24,3.590,3.590
b00018,boundary,width_2_+1,pwritev_full_1m,candidate,2,ABBA,pwritev_full_1m,process,420,3,3,54215100a825da9eb7cfbd8f045e54ef05fb29bd,false,1b36f48efea63210dfeeee7270dea968ab5ba58da27f90aa42845eb8a64a6649,12b1dafe765a77d1a17115b0ae12cff973f20ed7d6d770fbd790695fe081288e,0e4833553be7825885da5ea99bceab292cc8abee6414d58b31864afe8ca9f944,c89b17de3d4d36a4e106517b0737619bd65f0e2877d95adbf2f297762f71fb7b,6e938dfcd266a2b0eac811d7ea7eabbd5b217965f88efa81371465134dbcab11,2026-07-15T19:00:13.407347+00:00,8o8-arch,7.0.12-arch1-1,AMD Ryzen 9 3900X 12-Core Processor,"logical=24,cores=12,sockets=1,nodes=1",performance,rustc 1.97.0 (2d8144b78 2026-07-07),22.1.6,cargo 1.97.0 (c980f4866 2026-06-30),"release,lto=thin,debug=true",/home/bob/.cache/mess-bench,/dev/nvme0n1p3,ext4,/home,Samsung SSD 970 EVO Plus 2TB,[none] mq-deadline kyber bfq,249459441664,4096,1024,payload[i]=(i*131+17)&0xff,3.59130859375,accepted,,159784,bytes,479352,67109280,159784,0,0,3,0,0,159961529,161063625,930,950,1150,24,24,3.590,3.590
b00019,boundary,width_2_+1,pwritev_full_1m,candidate,3,ABBA,pwritev_full_1m,process,420,3,3,54215100a825da9eb7cfbd8f045e54ef05fb29bd,false,1b36f48efea63210dfeeee7270dea968ab5ba58da27f90aa42845eb8a64a6649,12b1dafe765a77d1a17115b0ae12cff973f20ed7d6d770fbd790695fe081288e,0e4833553be7825885da5ea99bceab292cc8abee6414d58b31864afe8ca9f944,c89b17de3d4d36a4e106517b0737619bd65f0e2877d95adbf2f297762f71fb7b,6e938dfcd266a2b0eac811d7ea7eabbd5b217965f88efa81371465134dbcab11,2026-07-15T19:00:14.441305+00:00,8o8-arch,7.0.12-arch1-1,AMD Ryzen 9 3900X 12-Core Processor,"logical=24,cores=12,sockets=1,nodes=1",performance,rustc 1.97.0 (2d8144b78 2026-07-07),22.1.6,cargo 1.97.0 (c980f4866 2026-06-30),"release,lto=thin,debug=true",/home/bob/.cache/mess-bench,/dev/nvme0n1p3,ext4,/home,Samsung SSD 970 EVO Plus 2TB,[none] mq-deadline kyber bfq,249459441664,4096,1024,payload[i]=(i*131+17)&0xff,3.59130859375,accepted,,159784,bytes,479352,67109280,159784,0,0,3,0,0,162280131,163501433,930,1140,1220,24,24,3.590,3.590
b00020,boundary,width_2_+1,pwritev_full_1m,baseline,4,ABBA,k_pwrite,process,420,3,3,54215100a825da9eb7cfbd8f045e54ef05fb29bd,false,1b36f48efea63210dfeeee7270dea968ab5ba58da27f90aa42845eb8a64a6649,12b1dafe765a77d1a17115b0ae12cff973f20ed7d6d770fbd790695fe081288e,0e4833553be7825885da5ea99bceab292cc8abee6414d58b31864afe8ca9f944,c89b17de3d4d36a4e106517b0737619bd65f0e2877d95adbf2f297762f71fb7b,6e938dfcd266a2b0eac811d7ea7eabbd5b217965f88efa81371465134dbcab11,2026-07-15T19:00:15.461986+00:00,8o8-arch,7.0.12-arch1-1,AMD Ryzen 9 3900X 12-Core Processor,"logical=24,cores=12,sockets=1,nodes=1",performance,rustc 1.97.0 (2d8144b78 2026-07-07),22.1.6,cargo 1.97.0 (c980f4866 2026-06-30),"release,lto=thin,debug=true",/home/bob/.cache/mess-bench,/dev/nvme0n1p3,ext4,/home,Samsung SSD 970 EVO Plus 2TB,[none] mq-deadline kyber bfq,249459441664,4096,1024,payload[i]=(i*131+17)&0xff,3.59130859375,accepted,,159784,bytes,479352,67109280,479352,0,0,0,0,0,366647922,369289017,2200,2600,2850,24,24,3.590,3.590
b00021,boundary,width_2_+1,copy_contiguous,candidate,1,BAAB,copy_contiguous,process,420,3,3,54215100a825da9eb7cfbd8f045e54ef05fb29bd,false,1b36f48efea63210dfeeee7270dea968ab5ba58da27f90aa42845eb8a64a6649,12b1dafe765a77d1a17115b0ae12cff973f20ed7d6d770fbd790695fe081288e,0e4833553be7825885da5ea99bceab292cc8abee6414d58b31864afe8ca9f944,c89b17de3d4d36a4e106517b0737619bd65f0e2877d95adbf2f297762f71fb7b,6e938dfcd266a2b0eac811d7ea7eabbd5b217965f88efa81371465134dbcab11,2026-07-15T19:00:16.486303+00:00,8o8-arch,7.0.12-arch1-1,AMD Ryzen 9 3900X 12-Core Processor,"logical=24,cores=12,sockets=1,nodes=1",performance,rustc 1.97.0 (2d8144b78 2026-07-07),22.1.6,cargo 1.97.0 (c980f4866 2026-06-30),"release,lto=thin,debug=true",/home/bob/.cache/mess-bench,/dev/nvme0n1p3,ext4,/home,Samsung SSD 970 EVO Plus 2TB,[none] mq-deadline kyber bfq,249459437568,4096,1024,payload[i]=(i*131+17)&0xff,3.3837890625,accepted,,159784,bytes,479352,67109280,159784,0,0,0,67109280,0,141156115,142243189,810,940,1030,24,24,3.380,3.380
b00022,boundary,width_2_+1,copy_contiguous,baseline,2,BAAB,k_pwrite,process,420,3,3,54215100a825da9eb7cfbd8f045e54ef05fb29bd,false,1b36f48efea63210dfeeee7270dea968ab5ba58da27f90aa42845eb8a64a6649,12b1dafe765a77d1a17115b0ae12cff973f20ed7d6d770fbd790695fe081288e,0e4833553be7825885da5ea99bceab292cc8abee6414d58b31864afe8ca9f944,c89b17de3d4d36a4e106517b0737619bd65f0e2877d95adbf2f297762f71fb7b,6e938dfcd266a2b0eac811d7ea7eabbd5b217965f88efa81371465134dbcab11,2026-07-15T19:00:17.509456+00:00,8o8-arch,7.0.12-arch1-1,AMD Ryzen 9 3900X 12-Core Processor,"logical=24,cores=12,sockets=1,nodes=1",performance,rustc 1.97.0 (2d8144b78 2026-07-07),22.1.6,cargo 1.97.0 (c980f4866 2026-06-30),"release,lto=thin,debug=true",/home/bob/.cache/mess-bench,/dev/nvme0n1p3,ext4,/home,Samsung SSD 970 EVO Plus 2TB,[none] mq-deadline kyber bfq,249459425280,4096,1024,payload[i]=(i*131+17)&0xff,3.3837890625,accepted,,159784,bytes,479352,67109280,479352,0,0,0,0,0,365652570,368602147,2200,2520,2780,24,24,3.380,3.380
b00023,boundary,width_2_+1,copy_contiguous,baseline,3,BAAB,k_pwrite,process,420,3,3,54215100a825da9eb7cfbd8f045e54ef05fb29bd,false,1b36f48efea63210dfeeee7270dea968ab5ba58da27f90aa42845eb8a64a6649,12b1dafe765a77d1a17115b0ae12cff973f20ed7d6d770fbd790695fe081288e,0e4833553be7825885da5ea99bceab292cc8abee6414d58b31864afe8ca9f944,c89b17de3d4d36a4e106517b0737619bd65f0e2877d95adbf2f297762f71fb7b,6e938dfcd266a2b0eac811d7ea7eabbd5b217965f88efa81371465134dbcab11,2026-07-15T19:00:18.537911+00:00,8o8-arch,7.0.12-arch1-1,AMD Ryzen 9 3900X 12-Core Processor,"logical=24,cores=12,sockets=1,nodes=1",performance,rustc 1.97.0 (2d8144b78 2026-07-07),22.1.6,cargo 1.97.0 (c980f4866 2026-06-30),"release,lto=thin,debug=true",/home/bob/.cache/mess-bench,/dev/nvme0n1p3,ext4,/home,Samsung SSD 970 EVO Plus 2TB,[none] mq-deadline kyber bfq,249459421184,4096,1024,payload[i]=(i*131+17)&0xff,3.3837890625,accepted,,159784,bytes,479352,67109280,479352,0,0,0,0,0,367277092,370358405,2200,2610,2830,24,24,3.380,3.380
b00024,boundary,width_2_+1,copy_contiguous,candidate,4,BAAB,copy_contiguous,process,420,3,3,54215100a825da9eb7cfbd8f045e54ef05fb29bd,false,1b36f48efea63210dfeeee7270dea968ab5ba58da27f90aa42845eb8a64a6649,12b1dafe765a77d1a17115b0ae12cff973f20ed7d6d770fbd790695fe081288e,0e4833553be7825885da5ea99bceab292cc8abee6414d58b31864afe8ca9f944,c89b17de3d4d36a4e106517b0737619bd65f0e2877d95adbf2f297762f71fb7b,6e938dfcd266a2b0eac811d7ea7eabbd5b217965f88efa81371465134dbcab11,2026-07-15T19:00:19.562481+00:00,8o8-arch,7.0.12-arch1-1,AMD Ryzen 9 3900X 12-Core Processor,"logical=24,cores=12,sockets=1,nodes=1",performance,rustc 1.97.0 (2d8144b78 2026-07-07),22.1.6,cargo 1.97.0 (c980f4866 2026-06-30),"release,lto=thin,debug=true",/home/bob/.cache/mess-bench,/dev/nvme0n1p3,ext4,/home,Samsung SSD 970 EVO Plus 2TB,[none] mq-deadline kyber bfq,249459417088,4096,1024,payload[i]=(i*131+17)&0xff,3.3837890625,accepted,,159784,bytes,479352,67109280,159784,0,0,0,67109280,0,141090285,142157638,810,830,1040,24,24,3.380,3.380
b00025,boundary,width_4_-1,pwritev_full_1m,baseline,1,ABBA,k_pwrite,process,420,3,3,54215100a825da9eb7cfbd8f045e54ef05fb29bd,false,1b36f48efea63210dfeeee7270dea968ab5ba58da27f90aa42845eb8a64a6649,12b1dafe765a77d1a17115b0ae12cff973f20ed7d6d770fbd790695fe081288e,0e4833553be7825885da5ea99bceab292cc8abee6414d58b31864afe8ca9f944,c89b17de3d4d36a4e106517b0737619bd65f0e2877d95adbf2f297762f71fb7b,6e938dfcd266a2b0eac811d7ea7eabbd5b217965f88efa81371465134dbcab11,2026-07-15T19:00:20.590010+00:00,8o8-arch,7.0.12-arch1-1,AMD Ryzen 9 3900X 12-Core Processor,"logical=24,cores=12,sockets=1,nodes=1",performance,rustc 1.97.0 (2d8144b78 2026-07-07),22.1.6,cargo 1.97.0 (c980f4866 2026-06-30),"release,lto=thin,debug=true",/home/bob/.cache/mess-bench,/dev/nvme0n1p3,ext4,/home,Samsung SSD 970 EVO Plus 2TB,[none] mq-deadline kyber bfq,249459404800,4096,1024,payload[i]=(i*131+17)&0xff,3.3837890625,accepted,,159784,bytes,479352,67109280,479352,0,0,0,0,0,363949711,367717047,2190,2400,2760,24,24,3.380,3.380
b00026,boundary,width_4_-1,pwritev_full_1m,candidate,2,ABBA,pwritev_full_1m,process,420,3,3,54215100a825da9eb7cfbd8f045e54ef05fb29bd,false,1b36f48efea63210dfeeee7270dea968ab5ba58da27f90aa42845eb8a64a6649,12b1dafe765a77d1a17115b0ae12cff973f20ed7d6d770fbd790695fe081288e,0e4833553be7825885da5ea99bceab292cc8abee6414d58b31864afe8ca9f944,c89b17de3d4d36a4e106517b0737619bd65f0e2877d95adbf2f297762f71fb7b,6e938dfcd266a2b0eac811d7ea7eabbd5b217965f88efa81371465134dbcab11,2026-07-15T19:00:21.618912+00:00,8o8-arch,7.0.12-arch1-1,AMD Ryzen 9 3900X 12-Core Processor,"logical=24,cores=12,sockets=1,nodes=1",performance,rustc 1.97.0 (2d8144b78 2026-07-07),22.1.6,cargo 1.97.0 (c980f4866 2026-06-30),"release,lto=thin,debug=true",/home/bob/.cache/mess-bench,/dev/nvme0n1p3,ext4,/home,Samsung SSD 970 EVO Plus 2TB,[none] mq-deadline kyber bfq,249459372032,4096,1024,payload[i]=(i*131+17)&0xff,3.11279296875,accepted,,159784,bytes,479352,67109280,159784,0,0,3,0,0,161465550,162612804,930,1140,1220,24,24,3.110,3.110
b00027,boundary,width_4_-1,pwritev_full_1m,candidate,3,ABBA,pwritev_full_1m,process,420,3,3,54215100a825da9eb7cfbd8f045e54ef05fb29bd,false,1b36f48efea63210dfeeee7270dea968ab5ba58da27f90aa42845eb8a64a6649,12b1dafe765a77d1a17115b0ae12cff973f20ed7d6d770fbd790695fe081288e,0e4833553be7825885da5ea99bceab292cc8abee6414d58b31864afe8ca9f944,c89b17de3d4d36a4e106517b0737619bd65f0e2877d95adbf2f297762f71fb7b,6e938dfcd266a2b0eac811d7ea7eabbd5b217965f88efa81371465134dbcab11,2026-07-15T19:00:22.648423+00:00,8o8-arch,7.0.12-arch1-1,AMD Ryzen 9 3900X 12-Core Processor,"logical=24,cores=12,sockets=1,nodes=1",performance,rustc 1.97.0 (2d8144b78 2026-07-07),22.1.6,cargo 1.97.0 (c980f4866 2026-06-30),"release,lto=thin,debug=true",/home/bob/.cache/mess-bench,/dev/nvme0n1p3,ext4,/home,Samsung SSD 970 EVO Plus 2TB,[none] mq-deadline kyber bfq,249459404800,4096,1024,payload[i]=(i*131+17)&0xff,3.11279296875,accepted,,159784,bytes,479352,67109280,159784,0,0,3,0,0,160396239,161636034,930,960,1150,24,24,3.110,3.110
b00028,boundary,width_4_-1,pwritev_full_1m,baseline,4,ABBA,k_pwrite,process,420,3,3,54215100a825da9eb7cfbd8f045e54ef05fb29bd,false,1b36f48efea63210dfeeee7270dea968ab5ba58da27f90aa42845eb8a64a6649,12b1dafe765a77d1a17115b0ae12cff973f20ed7d6d770fbd790695fe081288e,0e4833553be7825885da5ea99bceab292cc8abee6414d58b31864afe8ca9f944,c89b17de3d4d36a4e106517b0737619bd65f0e2877d95adbf2f297762f71fb7b,6e938dfcd266a2b0eac811d7ea7eabbd5b217965f88efa81371465134dbcab11,2026-07-15T19:00:23.676915+00:00,8o8-arch,7.0.12-arch1-1,AMD Ryzen 9 3900X 12-Core Processor,"logical=24,cores=12,sockets=1,nodes=1",performance,rustc 1.97.0 (2d8144b78 2026-07-07),22.1.6,cargo 1.97.0 (c980f4866 2026-06-30),"release,lto=thin,debug=true",/home/bob/.cache/mess-bench,/dev/nvme0n1p3,ext4,/home,Samsung SSD 970 EVO Plus 2TB,[none] mq-deadline kyber bfq,249459404800,4096,1024,payload[i]=(i*131+17)&0xff,3.11279296875,accepted,,159784,bytes,479352,67109280,479352,0,0,0,0,0,365581162,368397166,2190,2570,2770,24,24,3.110,3.110
b00029,boundary,width_4_-1,copy_contiguous,candidate,1,BAAB,copy_contiguous,process,420,3,3,54215100a825da9eb7cfbd8f045e54ef05fb29bd,false,1b36f48efea63210dfeeee7270dea968ab5ba58da27f90aa42845eb8a64a6649,12b1dafe765a77d1a17115b0ae12cff973f20ed7d6d770fbd790695fe081288e,0e4833553be7825885da5ea99bceab292cc8abee6414d58b31864afe8ca9f944,c89b17de3d4d36a4e106517b0737619bd65f0e2877d95adbf2f297762f71fb7b,6e938dfcd266a2b0eac811d7ea7eabbd5b217965f88efa81371465134dbcab11,2026-07-15T19:00:24.698940+00:00,8o8-arch,7.0.12-arch1-1,AMD Ryzen 9 3900X 12-Core Processor,"logical=24,cores=12,sockets=1,nodes=1",performance,rustc 1.97.0 (2d8144b78 2026-07-07),22.1.6,cargo 1.97.0 (c980f4866 2026-06-30),"release,lto=thin,debug=true",/home/bob/.cache/mess-bench,/dev/nvme0n1p3,ext4,/home,Samsung SSD 970 EVO Plus 2TB,[none] mq-deadline kyber bfq,249459400704,4096,1024,payload[i]=(i*131+17)&0xff,3.11279296875,accepted,,159784,bytes,479352,67109280,159784,0,0,0,67109280,0,143033946,144150657,820,900,1050,24,24,3.110,3.110
b00030,boundary,width_4_-1,copy_contiguous,baseline,2,BAAB,k_pwrite,process,420,3,3,54215100a825da9eb7cfbd8f045e54ef05fb29bd,false,1b36f48efea63210dfeeee7270dea968ab5ba58da27f90aa42845eb8a64a6649,12b1dafe765a77d1a17115b0ae12cff973f20ed7d6d770fbd790695fe081288e,0e4833553be7825885da5ea99bceab292cc8abee6414d58b31864afe8ca9f944,c89b17de3d4d36a4e106517b0737619bd65f0e2877d95adbf2f297762f71fb7b,6e938dfcd266a2b0eac811d7ea7eabbd5b217965f88efa81371465134dbcab11,2026-07-15T19:00:25.725870+00:00,8o8-arch,7.0.12-arch1-1,AMD Ryzen 9 3900X 12-Core Processor,"logical=24,cores=12,sockets=1,nodes=1",performance,rustc 1.97.0 (2d8144b78 2026-07-07),22.1.6,cargo 1.97.0 (c980f4866 2026-06-30),"release,lto=thin,debug=true",/home/bob/.cache/mess-bench,/dev/nvme0n1p3,ext4,/home,Samsung SSD 970 EVO Plus 2TB,[none] mq-deadline kyber bfq,249459392512,4096,1024,payload[i]=(i*131+17)&0xff,3.11279296875,accepted,,159784,bytes,479352,67109280,479352,0,0,0,0,0,365407271,368016087,2190,2570,2820,24,24,3.110,3.180
b00031,boundary,width_4_-1,copy_contiguous,baseline,3,BAAB,k_pwrite,process,420,3,3,54215100a825da9eb7cfbd8f045e54ef05fb29bd,false,1b36f48efea63210dfeeee7270dea968ab5ba58da27f90aa42845eb8a64a6649,12b1dafe765a77d1a17115b0ae12cff973f20ed7d6d770fbd790695fe081288e,0e4833553be7825885da5ea99bceab292cc8abee6414d58b31864afe8ca9f944,c89b17de3d4d36a4e106517b0737619bd65f0e2877d95adbf2f297762f71fb7b,6e938dfcd266a2b0eac811d7ea7eabbd5b217965f88efa81371465134dbcab11,2026-07-15T19:00:26.747376+00:00,8o8-arch,7.0.12-arch1-1,AMD Ryzen 9 3900X 12-Core Processor,"logical=24,cores=12,sockets=1,nodes=1",performance,rustc 1.97.0 (2d8144b78 2026-07-07),22.1.6,cargo 1.97.0 (c980f4866 2026-06-30),"release,lto=thin,debug=true",/home/bob/.cache/mess-bench,/dev/nvme0n1p3,ext4,/home,Samsung SSD 970 EVO Plus 2TB,[none] mq-deadline kyber bfq,249459392512,4096,1024,payload[i]=(i*131+17)&0xff,3.18408203125,accepted,,159784,bytes,479352,67109280,479352,0,0,0,0,0,362990650,366539568,2189,2310,2700,24,24,3.180,3.180
b00032,boundary,width_4_-1,copy_contiguous,candidate,4,BAAB,copy_contiguous,process,420,3,3,54215100a825da9eb7cfbd8f045e54ef05fb29bd,false,1b36f48efea63210dfeeee7270dea968ab5ba58da27f90aa42845eb8a64a6649,12b1dafe765a77d1a17115b0ae12cff973f20ed7d6d770fbd790695fe081288e,0e4833553be7825885da5ea99bceab292cc8abee6414d58b31864afe8ca9f944,c89b17de3d4d36a4e106517b0737619bd65f0e2877d95adbf2f297762f71fb7b,6e938dfcd266a2b0eac811d7ea7eabbd5b217965f88efa81371465134dbcab11,2026-07-15T19:00:27.776594+00:00,8o8-arch,7.0.12-arch1-1,AMD Ryzen 9 3900X 12-Core Processor,"logical=24,cores=12,sockets=1,nodes=1",performance,rustc 1.97.0 (2d8144b78 2026-07-07),22.1.6,cargo 1.97.0 (c980f4866 2026-06-30),"release,lto=thin,debug=true",/home/bob/.cache/mess-bench,/dev/nvme0n1p3,ext4,/home,Samsung SSD 970 EVO Plus 2TB,[none] mq-deadline kyber bfq,249459388416,4096,1024,payload[i]=(i*131+17)&0xff,3.18408203125,accepted,,159784,bytes,479352,67109280,159784,0,0,0,67109280,0,141282525,142559919,810,880,1030,24,24,3.180,3.180
b00033,boundary,width_4_+0,pwritev_full_1m,baseline,1,ABBA,k_pwrite,process,560,4,4,54215100a825da9eb7cfbd8f045e54ef05fb29bd,false,1b36f48efea63210dfeeee7270dea968ab5ba58da27f90aa42845eb8a64a6649,12b1dafe765a77d1a17115b0ae12cff973f20ed7d6d770fbd790695fe081288e,0e4833553be7825885da5ea99bceab292cc8abee6414d58b31864afe8ca9f944,c89b17de3d4d36a4e106517b0737619bd65f0e2877d95adbf2f297762f71fb7b,6e938dfcd266a2b0eac811d7ea7eabbd5b217965f88efa81371465134dbcab11,2026-07-15T19:00:28.798091+00:00,8o8-arch,7.0.12-arch1-1,AMD Ryzen 9 3900X 12-Core Processor,"logical=24,cores=12,sockets=1,nodes=1",performance,rustc 1.97.0 (2d8144b78 2026-07-07),22.1.6,cargo 1.97.0 (c980f4866 2026-06-30),"release,lto=thin,debug=true",/home/bob/.cache/mess-bench,/dev/nvme0n1p3,ext4,/home,Samsung SSD 970 EVO Plus 2TB,[none] mq-deadline kyber bfq,249459384320,4096,1024,payload[i]=(i*131+17)&0xff,3.18408203125,accepted,,119838,bytes,479352,67109280,479352,0,0,0,0,0,360377300,363545151,2910,3020,3660,24,24,3.180,3.180
b00034,boundary,width_4_+0,pwritev_full_1m,candidate,2,ABBA,pwritev_full_1m,process,560,4,4,54215100a825da9eb7cfbd8f045e54ef05fb29bd,false,1b36f48efea63210dfeeee7270dea968ab5ba58da27f90aa42845eb8a64a6649,12b1dafe765a77d1a17115b0ae12cff973f20ed7d6d770fbd790695fe081288e,0e4833553be7825885da5ea99bceab292cc8abee6414d58b31864afe8ca9f944,c89b17de3d4d36a4e106517b0737619bd65f0e2877d95adbf2f297762f71fb7b,6e938dfcd266a2b0eac811d7ea7eabbd5b217965f88efa81371465134dbcab11,2026-07-15T19:00:29.827428+00:00,8o8-arch,7.0.12-arch1-1,AMD Ryzen 9 3900X 12-Core Processor,"logical=24,cores=12,sockets=1,nodes=1",performance,rustc 1.97.0 (2d8144b78 2026-07-07),22.1.6,cargo 1.97.0 (c980f4866 2026-06-30),"release,lto=thin,debug=true",/home/bob/.cache/mess-bench,/dev/nvme0n1p3,ext4,/home,Samsung SSD 970 EVO Plus 2TB,[none] mq-deadline kyber bfq,249459380224,4096,1024,payload[i]=(i*131+17)&0xff,3.18408203125,accepted,,119838,bytes,479352,67109280,119838,0,0,4,0,0,124687881,125687230,970,990,1220,24,24,3.180,3.180
b00035,boundary,width_4_+0,pwritev_full_1m,candidate,3,ABBA,pwritev_full_1m,process,560,4,4,54215100a825da9eb7cfbd8f045e54ef05fb29bd,false,1b36f48efea63210dfeeee7270dea968ab5ba58da27f90aa42845eb8a64a6649,12b1dafe765a77d1a17115b0ae12cff973f20ed7d6d770fbd790695fe081288e,0e4833553be7825885da5ea99bceab292cc8abee6414d58b31864afe8ca9f944,c89b17de3d4d36a4e106517b0737619bd65f0e2877d95adbf2f297762f71fb7b,6e938dfcd266a2b0eac811d7ea7eabbd5b217965f88efa81371465134dbcab11,2026-07-15T19:00:30.857286+00:00,8o8-arch,7.0.12-arch1-1,AMD Ryzen 9 3900X 12-Core Processor,"logical=24,cores=12,sockets=1,nodes=1",performance,rustc 1.97.0 (2d8144b78 2026-07-07),22.1.6,cargo 1.97.0 (c980f4866 2026-06-30),"release,lto=thin,debug=true",/home/bob/.cache/mess-bench,/dev/nvme0n1p3,ext4,/home,Samsung SSD 970 EVO Plus 2TB,[none] mq-deadline kyber bfq,249459372032,4096,1024,payload[i]=(i*131+17)&0xff,3.18408203125,accepted,,119838,bytes,479352,67109280,119838,0,0,4,0,0,125687342,126734779,970,1160,1220,24,24,3.180,3.180
b00036,boundary,width_4_+0,pwritev_full_1m,baseline,4,ABBA,k_pwrite,process,560,4,4,54215100a825da9eb7cfbd8f045e54ef05fb29bd,false,1b36f48efea63210dfeeee7270dea968ab5ba58da27f90aa42845eb8a64a6649,12b1dafe765a77d1a17115b0ae12cff973f20ed7d6d770fbd790695fe081288e,0e4833553be7825885da5ea99bceab292cc8abee6414d58b31864afe8ca9f944,c89b17de3d4d36a4e106517b0737619bd65f0e2877d95adbf2f297762f71fb7b,6e938dfcd266a2b0eac811d7ea7eabbd5b217965f88efa81371465134dbcab11,2026-07-15T19:00:31.881234+00:00,8o8-arch,7.0.12-arch1-1,AMD Ryzen 9 3900X 12-Core Processor,"logical=24,cores=12,sockets=1,nodes=1",performance,rustc 1.97.0 (2d8144b78 2026-07-07),22.1.6,cargo 1.97.0 (c980f4866 2026-06-30),"release,lto=thin,debug=true",/home/bob/.cache/mess-bench,/dev/nvme0n1p3,ext4,/home,Samsung SSD 970 EVO Plus 2TB,[none] mq-deadline kyber bfq,249459372032,4096,1024,payload[i]=(i*131+17)&0xff,2.9287109375,accepted,,119838,bytes,479352,67109280,479352,0,0,0,0,0,356972509,360115733,2880,3060,3590,24,24,2.930,2.930
b00037,boundary,width_4_+0,copy_contiguous,candidate,1,BAAB,copy_contiguous,process,560,4,4,54215100a825da9eb7cfbd8f045e54ef05fb29bd,false,1b36f48efea63210dfeeee7270dea968ab5ba58da27f90aa42845eb8a64a6649,12b1dafe765a77d1a17115b0ae12cff973f20ed7d6d770fbd790695fe081288e,0e4833553be7825885da5ea99bceab292cc8abee6414d58b31864afe8ca9f944,c89b17de3d4d36a4e106517b0737619bd65f0e2877d95adbf2f297762f71fb7b,6e938dfcd266a2b0eac811d7ea7eabbd5b217965f88efa81371465134dbcab11,2026-07-15T19:00:32.909098+00:00,8o8-arch,7.0.12-arch1-1,AMD Ryzen 9 3900X 12-Core Processor,"logical=24,cores=12,sockets=1,nodes=1",performance,rustc 1.97.0 (2d8144b78 2026-07-07),22.1.6,cargo 1.97.0 (c980f4866 2026-06-30),"release,lto=thin,debug=true",/home/bob/.cache/mess-bench,/dev/nvme0n1p3,ext4,/home,Samsung SSD 970 EVO Plus 2TB,[none] mq-deadline kyber bfq,249459372032,4096,1024,payload[i]=(i*131+17)&0xff,2.9287109375,accepted,,119838,bytes,479352,67109280,119838,0,0,0,67109280,0,106673387,107531184,810,940,1020,24,24,2.930,2.930
b00038,boundary,width_4_+0,copy_contiguous,baseline,2,BAAB,k_pwrite,process,560,4,4,54215100a825da9eb7cfbd8f045e54ef05fb29bd,false,1b36f48efea63210dfeeee7270dea968ab5ba58da27f90aa42845eb8a64a6649,12b1dafe765a77d1a17115b0ae12cff973f20ed7d6d770fbd790695fe081288e,0e4833553be7825885da5ea99bceab292cc8abee6414d58b31864afe8ca9f944,c89b17de3d4d36a4e106517b0737619bd65f0e2877d95adbf2f297762f71fb7b,6e938dfcd266a2b0eac811d7ea7eabbd5b217965f88efa81371465134dbcab11,2026-07-15T19:00:33.937041+00:00,8o8-arch,7.0.12-arch1-1,AMD Ryzen 9 3900X 12-Core Processor,"logical=24,cores=12,sockets=1,nodes=1",performance,rustc 1.97.0 (2d8144b78 2026-07-07),22.1.6,cargo 1.97.0 (c980f4866 2026-06-30),"release,lto=thin,debug=true",/home/bob/.cache/mess-bench,/dev/nvme0n1p3,ext4,/home,Samsung SSD 970 EVO Plus 2TB,[none] mq-deadline kyber bfq,249459367936,4096,1024,payload[i]=(i*131+17)&0xff,2.9287109375,accepted,,119838,bytes,479352,67109280,479352,0,0,0,0,0,361375901,364349759,2920,3280,3670,24,24,2.930,2.930
b00039,boundary,width_4_+0,copy_contiguous,baseline,3,BAAB,k_pwrite,process,560,4,4,54215100a825da9eb7cfbd8f045e54ef05fb29bd,false,1b36f48efea63210dfeeee7270dea968ab5ba58da27f90aa42845eb8a64a6649,12b1dafe765a77d1a17115b0ae12cff973f20ed7d6d770fbd790695fe081288e,0e4833553be7825885da5ea99bceab292cc8abee6414d58b31864afe8ca9f944,c89b17de3d4d36a4e106517b0737619bd65f0e2877d95adbf2f297762f71fb7b,6e938dfcd266a2b0eac811d7ea7eabbd5b217965f88efa81371465134dbcab11,2026-07-15T19:00:34.966279+00:00,8o8-arch,7.0.12-arch1-1,AMD Ryzen 9 3900X 12-Core Processor,"logical=24,cores=12,sockets=1,nodes=1",performance,rustc 1.97.0 (2d8144b78 2026-07-07),22.1.6,cargo 1.97.0 (c980f4866 2026-06-30),"release,lto=thin,debug=true",/home/bob/.cache/mess-bench,/dev/nvme0n1p3,ext4,/home,Samsung SSD 970 EVO Plus 2TB,[none] mq-deadline kyber bfq,249459367936,4096,1024,payload[i]=(i*131+17)&0xff,2.9287109375,accepted,,119838,bytes,479352,67109280,479352,0,0,0,0,0,360209880,363157481,2900,3380,3710,24,24,2.930,2.930
b00040,boundary,width_4_+0,copy_contiguous,candidate,4,BAAB,copy_contiguous,process,560,4,4,54215100a825da9eb7cfbd8f045e54ef05fb29bd,false,1b36f48efea63210dfeeee7270dea968ab5ba58da27f90aa42845eb8a64a6649,12b1dafe765a77d1a17115b0ae12cff973f20ed7d6d770fbd790695fe081288e,0e4833553be7825885da5ea99bceab292cc8abee6414d58b31864afe8ca9f944,c89b17de3d4d36a4e106517b0737619bd65f0e2877d95adbf2f297762f71fb7b,6e938dfcd266a2b0eac811d7ea7eabbd5b217965f88efa81371465134dbcab11,2026-07-15T19:00:35.989330+00:00,8o8-arch,7.0.12-arch1-1,AMD Ryzen 9 3900X 12-Core Processor,"logical=24,cores=12,sockets=1,nodes=1",performance,rustc 1.97.0 (2d8144b78 2026-07-07),22.1.6,cargo 1.97.0 (c980f4866 2026-06-30),"release,lto=thin,debug=true",/home/bob/.cache/mess-bench,/dev/nvme0n1p3,ext4,/home,Samsung SSD 970 EVO Plus 2TB,[none] mq-deadline kyber bfq,249459363840,4096,1024,payload[i]=(i*131+17)&0xff,2.9287109375,accepted,,119838,bytes,479352,67109280,119838,0,0,0,67109280,0,106208707,107009303,810,900,1070,24,24,2.930,2.850
b00041,boundary,width_4_+1,pwritev_full_1m,baseline,1,ABBA,k_pwrite,process,700,5,4,54215100a825da9eb7cfbd8f045e54ef05fb29bd,false,1b36f48efea63210dfeeee7270dea968ab5ba58da27f90aa42845eb8a64a6649,12b1dafe765a77d1a17115b0ae12cff973f20ed7d6d770fbd790695fe081288e,0e4833553be7825885da5ea99bceab292cc8abee6414d58b31864afe8ca9f944,c89b17de3d4d36a4e106517b0737619bd65f0e2877d95adbf2f297762f71fb7b,6e938dfcd266a2b0eac811d7ea7eabbd5b217965f88efa81371465134dbcab11,2026-07-15T19:00:37.012108+00:00,8o8-arch,7.0.12-arch1-1,AMD Ryzen 9 3900X 12-Core Processor,"logical=24,cores=12,sockets=1,nodes=1",performance,rustc 1.97.0 (2d8144b78 2026-07-07),22.1.6,cargo 1.97.0 (c980f4866 2026-06-30),"release,lto=thin,debug=true",/home/bob/.cache/mess-bench,/dev/nvme0n1p3,ext4,/home,Samsung SSD 970 EVO Plus 2TB,[none] mq-deadline kyber bfq,249459363840,4096,1024,payload[i]=(i*131+17)&0xff,2.85400390625,accepted,,95870,bytes,479350,67109000,479350,0,0,0,0,0,359574370,362571521,3610,4410,4700,24,24,2.850,2.850
b00042,boundary,width_4_+1,pwritev_full_1m,candidate,2,ABBA,pwritev_full_1m,process,700,5,4,54215100a825da9eb7cfbd8f045e54ef05fb29bd,false,1b36f48efea63210dfeeee7270dea968ab5ba58da27f90aa42845eb8a64a6649,12b1dafe765a77d1a17115b0ae12cff973f20ed7d6d770fbd790695fe081288e,0e4833553be7825885da5ea99bceab292cc8abee6414d58b31864afe8ca9f944,c89b17de3d4d36a4e106517b0737619bd65f0e2877d95adbf2f297762f71fb7b,6e938dfcd266a2b0eac811d7ea7eabbd5b217965f88efa81371465134dbcab11,2026-07-15T19:00:38.033121+00:00,8o8-arch,7.0.12-arch1-1,AMD Ryzen 9 3900X 12-Core Processor,"logical=24,cores=12,sockets=1,nodes=1",performance,rustc 1.97.0 (2d8144b78 2026-07-07),22.1.6,cargo 1.97.0 (c980f4866 2026-06-30),"release,lto=thin,debug=true",/home/bob/.cache/mess-bench,/dev/nvme0n1p3,ext4,/home,Samsung SSD 970 EVO Plus 2TB,[none] mq-deadline kyber bfq,249459372032,4096,1024,payload[i]=(i*131+17)&0xff,2.85400390625,accepted,,95870,bytes,479350,67109000,95870,0,0,5,0,0,104327755,105077705,1010,1230,1310,24,24,2.850,2.850
b00043,boundary,width_4_+1,pwritev_full_1m,candidate,3,ABBA,pwritev_full_1m,process,700,5,4,54215100a825da9eb7cfbd8f045e54ef05fb29bd,false,1b36f48efea63210dfeeee7270dea968ab5ba58da27f90aa42845eb8a64a6649,12b1dafe765a77d1a17115b0ae12cff973f20ed7d6d770fbd790695fe081288e,0e4833553be7825885da5ea99bceab292cc8abee6414d58b31864afe8ca9f944,c89b17de3d4d36a4e106517b0737619bd65f0e2877d95adbf2f297762f71fb7b,6e938dfcd266a2b0eac811d7ea7eabbd5b217965f88efa81371465134dbcab11,2026-07-15T19:00:39.063275+00:00,8o8-arch,7.0.12-arch1-1,AMD Ryzen 9 3900X 12-Core Processor,"logical=24,cores=12,sockets=1,nodes=1",performance,rustc 1.97.0 (2d8144b78 2026-07-07),22.1.6,cargo 1.97.0 (c980f4866 2026-06-30),"release,lto=thin,debug=true",/home/bob/.cache/mess-bench,/dev/nvme0n1p3,ext4,/home,Samsung SSD 970 EVO Plus 2TB,[none] mq-deadline kyber bfq,249459367936,4096,1024,payload[i]=(i*131+17)&0xff,2.85400390625,accepted,,95870,bytes,479350,67109000,95870,0,0,5,0,0,103096666,104003196,1000,1020,1240,24,24,2.850,2.850
b00044,boundary,width_4_+1,pwritev_full_1m,baseline,4,ABBA,k_pwrite,process,700,5,4,54215100a825da9eb7cfbd8f045e54ef05fb29bd,false,1b36f48efea63210dfeeee7270dea968ab5ba58da27f90aa42845eb8a64a6649,12b1dafe765a77d1a17115b0ae12cff973f20ed7d6d770fbd790695fe081288e,0e4833553be7825885da5ea99bceab292cc8abee6414d58b31864afe8ca9f944,c89b17de3d4d36a4e106517b0737619bd65f0e2877d95adbf2f297762f71fb7b,6e938dfcd266a2b0eac811d7ea7eabbd5b217965f88efa81371465134dbcab11,2026-07-15T19:00:40.091529+00:00,8o8-arch,7.0.12-arch1-1,AMD Ryzen 9 3900X 12-Core Processor,"logical=24,cores=12,sockets=1,nodes=1",performance,rustc 1.97.0 (2d8144b78 2026-07-07),22.1.6,cargo 1.97.0 (c980f4866 2026-06-30),"release,lto=thin,debug=true",/home/bob/.cache/mess-bench,/dev/nvme0n1p3,ext4,/home,Samsung SSD 970 EVO Plus 2TB,[none] mq-deadline kyber bfq,249459298304,4096,1024,payload[i]=(i*131+17)&0xff,2.85400390625,accepted,,95870,bytes,479350,67109000,479350,0,0,0,0,0,357271160,360200113,3610,4170,4650,24,24,2.850,2.850
b00045,boundary,width_4_+1,copy_contiguous,candidate,1,BAAB,copy_contiguous,process,700,5,4,54215100a825da9eb7cfbd8f045e54ef05fb29bd,false,1b36f48efea63210dfeeee7270dea968ab5ba58da27f90aa42845eb8a64a6649,12b1dafe765a77d1a17115b0ae12cff973f20ed7d6d770fbd790695fe081288e,0e4833553be7825885da5ea99bceab292cc8abee6414d58b31864afe8ca9f944,c89b17de3d4d36a4e106517b0737619bd65f0e2877d95adbf2f297762f71fb7b,6e938dfcd266a2b0eac811d7ea7eabbd5b217965f88efa81371465134dbcab11,2026-07-15T19:00:41.114430+00:00,8o8-arch,7.0.12-arch1-1,AMD Ryzen 9 3900X 12-Core Processor,"logical=24,cores=12,sockets=1,nodes=1",performance,rustc 1.97.0 (2d8144b78 2026-07-07),22.1.6,cargo 1.97.0 (c980f4866 2026-06-30),"release,lto=thin,debug=true",/home/bob/.cache/mess-bench,/dev/nvme0n1p3,ext4,/home,Samsung SSD 970 EVO Plus 2TB,[none] mq-deadline kyber bfq,249459298304,4096,1024,payload[i]=(i*131+17)&0xff,2.625,accepted,,95870,bytes,479350,67109000,95870,0,0,0,67109000,0,86360892,87021097,830,850,1030,24,24,2.620,2.620
b00046,boundary,width_4_+1,copy_contiguous,baseline,2,BAAB,k_pwrite,process,700,5,4,54215100a825da9eb7cfbd8f045e54ef05fb29bd,false,1b36f48efea63210dfeeee7270dea968ab5ba58da27f90aa42845eb8a64a6649,12b1dafe765a77d1a17115b0ae12cff973f20ed7d6d770fbd790695fe081288e,0e4833553be7825885da5ea99bceab292cc8abee6414d58b31864afe8ca9f944,c89b17de3d4d36a4e106517b0737619bd65f0e2877d95adbf2f297762f71fb7b,6e938dfcd266a2b0eac811d7ea7eabbd5b217965f88efa81371465134dbcab11,2026-07-15T19:00:42.140689+00:00,8o8-arch,7.0.12-arch1-1,AMD Ryzen 9 3900X 12-Core Processor,"logical=24,cores=12,sockets=1,nodes=1",performance,rustc 1.97.0 (2d8144b78 2026-07-07),22.1.6,cargo 1.97.0 (c980f4866 2026-06-30),"release,lto=thin,debug=true",/home/bob/.cache/mess-bench,/dev/nvme0n1p3,ext4,/home,Samsung SSD 970 EVO Plus 2TB,[none] mq-deadline kyber bfq,249459294208,4096,1024,payload[i]=(i*131+17)&0xff,2.625,accepted,,95870,bytes,479350,67109000,479350,0,0,0,0,0,358514548,361156132,3620,4340,4690,24,24,2.620,2.620
b00047,boundary,width_4_+1,copy_contiguous,baseline,3,BAAB,k_pwrite,process,700,5,4,54215100a825da9eb7cfbd8f045e54ef05fb29bd,false,1b36f48efea63210dfeeee7270dea968ab5ba58da27f90aa42845eb8a64a6649,12b1dafe765a77d1a17115b0ae12cff973f20ed7d6d770fbd790695fe081288e,0e4833553be7825885da5ea99bceab292cc8abee6414d58b31864afe8ca9f944,c89b17de3d4d36a4e106517b0737619bd65f0e2877d95adbf2f297762f71fb7b,6e938dfcd266a2b0eac811d7ea7eabbd5b217965f88efa81371465134dbcab11,2026-07-15T19:00:43.162147+00:00,8o8-arch,7.0.12-arch1-1,AMD Ryzen 9 3900X 12-Core Processor,"logical=24,cores=12,sockets=1,nodes=1",performance,rustc 1.97.0 (2d8144b78 2026-07-07),22.1.6,cargo 1.97.0 (c980f4866 2026-06-30),"release,lto=thin,debug=true",/home/bob/.cache/mess-bench,/dev/nvme0n1p3,ext4,/home,Samsung SSD 970 EVO Plus 2TB,[none] mq-deadline kyber bfq,249459290112,4096,1024,payload[i]=(i*131+17)&0xff,2.625,accepted,,95870,bytes,479350,67109000,479350,0,0,0,0,0,355562578,358649104,3600,4120,4590,24,24,2.620,2.620
b00048,boundary,width_4_+1,copy_contiguous,candidate,4,BAAB,copy_contiguous,process,700,5,4,54215100a825da9eb7cfbd8f045e54ef05fb29bd,false,1b36f48efea63210dfeeee7270dea968ab5ba58da27f90aa42845eb8a64a6649,12b1dafe765a77d1a17115b0ae12cff973f20ed7d6d770fbd790695fe081288e,0e4833553be7825885da5ea99bceab292cc8abee6414d58b31864afe8ca9f944,c89b17de3d4d36a4e106517b0737619bd65f0e2877d95adbf2f297762f71fb7b,6e938dfcd266a2b0eac811d7ea7eabbd5b217965f88efa81371465134dbcab11,2026-07-15T19:00:44.192595+00:00,8o8-arch,7.0.12-arch1-1,AMD Ryzen 9 3900X 12-Core Processor,"logical=24,cores=12,sockets=1,nodes=1",performance,rustc 1.97.0 (2d8144b78 2026-07-07),22.1.6,cargo 1.97.0 (c980f4866 2026-06-30),"release,lto=thin,debug=true",/home/bob/.cache/mess-bench,/dev/nvme0n1p3,ext4,/home,Samsung SSD 970 EVO Plus 2TB,[none] mq-deadline kyber bfq,249459290112,4096,1024,payload[i]=(i*131+17)&0xff,2.625,accepted,,95870,bytes,479350,67109000,95870,0,0,0,67109000,0,86386849,87015108,830,880,1080,24,24,2.620,2.620
b00049,boundary,width_8_-1,pwritev_full_1m,baseline,1,ABBA,k_pwrite,process,980,7,4,54215100a825da9eb7cfbd8f045e54ef05fb29bd,false,1b36f48efea63210dfeeee7270dea968ab5ba58da27f90aa42845eb8a64a6649,12b1dafe765a77d1a17115b0ae12cff973f20ed7d6d770fbd790695fe081288e,0e4833553be7825885da5ea99bceab292cc8abee6414d58b31864afe8ca9f944,c89b17de3d4d36a4e106517b0737619bd65f0e2877d95adbf2f297762f71fb7b,6e938dfcd266a2b0eac811d7ea7eabbd5b217965f88efa81371465134dbcab11,2026-07-15T19:00:45.221660+00:00,8o8-arch,7.0.12-arch1-1,AMD Ryzen 9 3900X 12-Core Processor,"logical=24,cores=12,sockets=1,nodes=1",performance,rustc 1.97.0 (2d8144b78 2026-07-07),22.1.6,cargo 1.97.0 (c980f4866 2026-06-30),"release,lto=thin,debug=true",/home/bob/.cache/mess-bench,/dev/nvme0n1p3,ext4,/home,Samsung SSD 970 EVO Plus 2TB,[none] mq-deadline kyber bfq,249461002240,4096,1024,payload[i]=(i*131+17)&0xff,2.625,accepted,,68479,bytes,479353,67109420,479353,0,0,0,0,0,352705997,356154076,5020,5860,6350,24,24,2.620,2.620
b00050,boundary,width_8_-1,pwritev_full_1m,candidate,2,ABBA,pwritev_full_1m,process,980,7,4,54215100a825da9eb7cfbd8f045e54ef05fb29bd,false,1b36f48efea63210dfeeee7270dea968ab5ba58da27f90aa42845eb8a64a6649,12b1dafe765a77d1a17115b0ae12cff973f20ed7d6d770fbd790695fe081288e,0e4833553be7825885da5ea99bceab292cc8abee6414d58b31864afe8ca9f944,c89b17de3d4d36a4e106517b0737619bd65f0e2877d95adbf2f297762f71fb7b,6e938dfcd266a2b0eac811d7ea7eabbd5b217965f88efa81371465134dbcab11,2026-07-15T19:00:46.242972+00:00,8o8-arch,7.0.12-arch1-1,AMD Ryzen 9 3900X 12-Core Processor,"logical=24,cores=12,sockets=1,nodes=1",performance,rustc 1.97.0 (2d8144b78 2026-07-07),22.1.6,cargo 1.97.0 (c980f4866 2026-06-30),"release,lto=thin,debug=true",/home/bob/.cache/mess-bench,/dev/nvme0n1p3,ext4,/home,Samsung SSD 970 EVO Plus 2TB,[none] mq-deadline kyber bfq,249460998144,4096,1024,payload[i]=(i*131+17)&0xff,2.41455078125,accepted,,68479,bytes,479353,67109420,68479,0,0,7,0,0,78583030,79211114,1070,1100,1330,24,24,2.410,2.410
b00051,boundary,width_8_-1,pwritev_full_1m,candidate,3,ABBA,pwritev_full_1m,process,980,7,4,54215100a825da9eb7cfbd8f045e54ef05fb29bd,false,1b36f48efea63210dfeeee7270dea968ab5ba58da27f90aa42845eb8a64a6649,12b1dafe765a77d1a17115b0ae12cff973f20ed7d6d770fbd790695fe081288e,0e4833553be7825885da5ea99bceab292cc8abee6414d58b31864afe8ca9f944,c89b17de3d4d36a4e106517b0737619bd65f0e2877d95adbf2f297762f71fb7b,6e938dfcd266a2b0eac811d7ea7eabbd5b217965f88efa81371465134dbcab11,2026-07-15T19:00:47.264839+00:00,8o8-arch,7.0.12-arch1-1,AMD Ryzen 9 3900X 12-Core Processor,"logical=24,cores=12,sockets=1,nodes=1",performance,rustc 1.97.0 (2d8144b78 2026-07-07),22.1.6,cargo 1.97.0 (c980f4866 2026-06-30),"release,lto=thin,debug=true",/home/bob/.cache/mess-bench,/dev/nvme0n1p3,ext4,/home,Samsung SSD 970 EVO Plus 2TB,[none] mq-deadline kyber bfq,249461002240,4096,1024,payload[i]=(i*131+17)&0xff,2.41455078125,accepted,,68479,bytes,479353,67109420,68479,0,0,7,0,0,80366961,81019882,1080,1370,1430,24,24,2.410,2.410
b00052,boundary,width_8_-1,pwritev_full_1m,baseline,4,ABBA,k_pwrite,process,980,7,4,54215100a825da9eb7cfbd8f045e54ef05fb29bd,false,1b36f48efea63210dfeeee7270dea968ab5ba58da27f90aa42845eb8a64a6649,12b1dafe765a77d1a17115b0ae12cff973f20ed7d6d770fbd790695fe081288e,0e4833553be7825885da5ea99bceab292cc8abee6414d58b31864afe8ca9f944,c89b17de3d4d36a4e106517b0737619bd65f0e2877d95adbf2f297762f71fb7b,6e938dfcd266a2b0eac811d7ea7eabbd5b217965f88efa81371465134dbcab11,2026-07-15T19:00:48.291585+00:00,8o8-arch,7.0.12-arch1-1,AMD Ryzen 9 3900X 12-Core Processor,"logical=24,cores=12,sockets=1,nodes=1",performance,rustc 1.97.0 (2d8144b78 2026-07-07),22.1.6,cargo 1.97.0 (c980f4866 2026-06-30),"release,lto=thin,debug=true",/home/bob/.cache/mess-bench,/dev/nvme0n1p3,ext4,/home,Samsung SSD 970 EVO Plus 2TB,[none] mq-deadline kyber bfq,249460998144,4096,1024,payload[i]=(i*131+17)&0xff,2.41455078125,accepted,,68479,bytes,479353,67109420,479353,0,0,0,0,0,352462317,355262397,5010,5770,6490,24,24,2.410,2.410
b00053,boundary,width_8_-1,copy_contiguous,candidate,1,BAAB,copy_contiguous,process,980,7,4,54215100a825da9eb7cfbd8f045e54ef05fb29bd,false,1b36f48efea63210dfeeee7270dea968ab5ba58da27f90aa42845eb8a64a6649,12b1dafe765a77d1a17115b0ae12cff973f20ed7d6d770fbd790695fe081288e,0e4833553be7825885da5ea99bceab292cc8abee6414d58b31864afe8ca9f944,c89b17de3d4d36a4e106517b0737619bd65f0e2877d95adbf2f297762f71fb7b,6e938dfcd266a2b0eac811d7ea7eabbd5b217965f88efa81371465134dbcab11,2026-07-15T19:00:49.320526+00:00,8o8-arch,7.0.12-arch1-1,AMD Ryzen 9 3900X 12-Core Processor,"logical=24,cores=12,sockets=1,nodes=1",performance,rustc 1.97.0 (2d8144b78 2026-07-07),22.1.6,cargo 1.97.0 (c980f4866 2026-06-30),"release,lto=thin,debug=true",/home/bob/.cache/mess-bench,/dev/nvme0n1p3,ext4,/home,Samsung SSD 970 EVO Plus 2TB,[none] mq-deadline kyber bfq,249460998144,4096,1024,payload[i]=(i*131+17)&0xff,2.41455078125,accepted,,68479,bytes,479353,67109420,68479,0,0,0,67109420,0,62794196,63372545,830,1020,1110,24,24,2.410,2.410
b00054,boundary,width_8_-1,copy_contiguous,baseline,2,BAAB,k_pwrite,process,980,7,4,54215100a825da9eb7cfbd8f045e54ef05fb29bd,false,1b36f48efea63210dfeeee7270dea968ab5ba58da27f90aa42845eb8a64a6649,12b1dafe765a77d1a17115b0ae12cff973f20ed7d6d770fbd790695fe081288e,0e4833553be7825885da5ea99bceab292cc8abee6414d58b31864afe8ca9f944,c89b17de3d4d36a4e106517b0737619bd65f0e2877d95adbf2f297762f71fb7b,6e938dfcd266a2b0eac811d7ea7eabbd5b217965f88efa81371465134dbcab11,2026-07-15T19:00:50.342545+00:00,8o8-arch,7.0.12-arch1-1,AMD Ryzen 9 3900X 12-Core Processor,"logical=24,cores=12,sockets=1,nodes=1",performance,rustc 1.97.0 (2d8144b78 2026-07-07),22.1.6,cargo 1.97.0 (c980f4866 2026-06-30),"release,lto=thin,debug=true",/home/bob/.cache/mess-bench,/dev/nvme0n1p3,ext4,/home,Samsung SSD 970 EVO Plus 2TB,[none] mq-deadline kyber bfq,249460989952,4096,1024,payload[i]=(i*131+17)&0xff,2.41455078125,accepted,,68479,bytes,479353,67109420,479353,0,0,0,0,0,355146758,357788575,5020,5990,6490,24,24,2.410,2.410
b00055,boundary,width_8_-1,copy_contiguous,baseline,3,BAAB,k_pwrite,process,980,7,4,54215100a825da9eb7cfbd8f045e54ef05fb29bd,false,1b36f48efea63210dfeeee7270dea968ab5ba58da27f90aa42845eb8a64a6649,12b1dafe765a77d1a17115b0ae12cff973f20ed7d6d770fbd790695fe081288e,0e4833553be7825885da5ea99bceab292cc8abee6414d58b31864afe8ca9f944,c89b17de3d4d36a4e106517b0737619bd65f0e2877d95adbf2f297762f71fb7b,6e938dfcd266a2b0eac811d7ea7eabbd5b217965f88efa81371465134dbcab11,2026-07-15T19:00:51.368720+00:00,8o8-arch,7.0.12-arch1-1,AMD Ryzen 9 3900X 12-Core Processor,"logical=24,cores=12,sockets=1,nodes=1",performance,rustc 1.97.0 (2d8144b78 2026-07-07),22.1.6,cargo 1.97.0 (c980f4866 2026-06-30),"release,lto=thin,debug=true",/home/bob/.cache/mess-bench,/dev/nvme0n1p3,ext4,/home,Samsung SSD 970 EVO Plus 2TB,[none] mq-deadline kyber bfq,249460989952,4096,1024,payload[i]=(i*131+17)&0xff,2.30126953125,accepted,,68479,bytes,479353,67109420,479353,0,0,0,0,0,352812797,355372987,5010,5950,6550,24,24,2.300,2.300
b00056,boundary,width_8_-1,copy_contiguous,candidate,4,BAAB,copy_contiguous,process,980,7,4,54215100a825da9eb7cfbd8f045e54ef05fb29bd,false,1b36f48efea63210dfeeee7270dea968ab5ba58da27f90aa42845eb8a64a6649,12b1dafe765a77d1a17115b0ae12cff973f20ed7d6d770fbd790695fe081288e,0e4833553be7825885da5ea99bceab292cc8abee6414d58b31864afe8ca9f944,c89b17de3d4d36a4e106517b0737619bd65f0e2877d95adbf2f297762f71fb7b,6e938dfcd266a2b0eac811d7ea7eabbd5b217965f88efa81371465134dbcab11,2026-07-15T19:00:52.396430+00:00,8o8-arch,7.0.12-arch1-1,AMD Ryzen 9 3900X 12-Core Processor,"logical=24,cores=12,sockets=1,nodes=1",performance,rustc 1.97.0 (2d8144b78 2026-07-07),22.1.6,cargo 1.97.0 (c980f4866 2026-06-30),"release,lto=thin,debug=true",/home/bob/.cache/mess-bench,/dev/nvme0n1p3,ext4,/home,Samsung SSD 970 EVO Plus 2TB,[none] mq-deadline kyber bfq,249460989952,4096,1024,payload[i]=(i*131+17)&0xff,2.30126953125,accepted,,68479,bytes,479353,67109420,68479,0,0,0,67109420,0,62917756,63365995,840,1070,1110,24,24,2.300,2.300
b00057,boundary,width_8_+0,pwritev_full_1m,baseline,1,ABBA,k_pwrite,process,1120,8,4,54215100a825da9eb7cfbd8f045e54ef05fb29bd,false,1b36f48efea63210dfeeee7270dea968ab5ba58da27f90aa42845eb8a64a6649,12b1dafe765a77d1a17115b0ae12cff973f20ed7d6d770fbd790695fe081288e,0e4833553be7825885da5ea99bceab292cc8abee6414d58b31864afe8ca9f944,c89b17de3d4d36a4e106517b0737619bd65f0e2877d95adbf2f297762f71fb7b,6e938dfcd266a2b0eac811d7ea7eabbd5b217965f88efa81371465134dbcab11,2026-07-15T19:00:53.421272+00:00,8o8-arch,7.0.12-arch1-1,AMD Ryzen 9 3900X 12-Core Processor,"logical=24,cores=12,sockets=1,nodes=1",performance,rustc 1.97.0 (2d8144b78 2026-07-07),22.1.6,cargo 1.97.0 (c980f4866 2026-06-30),"release,lto=thin,debug=true",/home/bob/.cache/mess-bench,/dev/nvme0n1p3,ext4,/home,Samsung SSD 970 EVO Plus 2TB,[none] mq-deadline kyber bfq,249460989952,4096,1024,payload[i]=(i*131+17)&0xff,2.30126953125,accepted,,59919,bytes,479352,67109280,479352,0,0,0,0,0,352711168,355330196,5750,6590,7350,24,24,2.300,2.300
b00058,boundary,width_8_+0,pwritev_full_1m,candidate,2,ABBA,pwritev_full_1m,process,1120,8,4,54215100a825da9eb7cfbd8f045e54ef05fb29bd,false,1b36f48efea63210dfeeee7270dea968ab5ba58da27f90aa42845eb8a64a6649,12b1dafe765a77d1a17115b0ae12cff973f20ed7d6d770fbd790695fe081288e,0e4833553be7825885da5ea99bceab292cc8abee6414d58b31864afe8ca9f944,c89b17de3d4d36a4e106517b0737619bd65f0e2877d95adbf2f297762f71fb7b,6e938dfcd266a2b0eac811d7ea7eabbd5b217965f88efa81371465134dbcab11,2026-07-15T19:00:54.443979+00:00,8o8-arch,7.0.12-arch1-1,AMD Ryzen 9 3900X 12-Core Processor,"logical=24,cores=12,sockets=1,nodes=1",performance,rustc 1.97.0 (2d8144b78 2026-07-07),22.1.6,cargo 1.97.0 (c980f4866 2026-06-30),"release,lto=thin,debug=true",/home/bob/.cache/mess-bench,/dev/nvme0n1p3,ext4,/home,Samsung SSD 970 EVO Plus 2TB,[none] mq-deadline kyber bfq,249460985856,4096,1024,payload[i]=(i*131+17)&0xff,2.30126953125,accepted,,59919,bytes,479352,67109280,59919,0,0,8,0,0,71376608,71909439,1110,1140,1390,24,24,2.300,2.300
b00059,boundary,width_8_+0,pwritev_full_1m,candidate,3,ABBA,pwritev_full_1m,process,1120,8,4,54215100a825da9eb7cfbd8f045e54ef05fb29bd,false,1b36f48efea63210dfeeee7270dea968ab5ba58da27f90aa42845eb8a64a6649,12b1dafe765a77d1a17115b0ae12cff973f20ed7d6d770fbd790695fe081288e,0e4833553be7825885da5ea99bceab292cc8abee6414d58b31864afe8ca9f944,c89b17de3d4d36a4e106517b0737619bd65f0e2877d95adbf2f297762f71fb7b,6e938dfcd266a2b0eac811d7ea7eabbd5b217965f88efa81371465134dbcab11,2026-07-15T19:00:55.467925+00:00,8o8-arch,7.0.12-arch1-1,AMD Ryzen 9 3900X 12-Core Processor,"logical=24,cores=12,sockets=1,nodes=1",performance,rustc 1.97.0 (2d8144b78 2026-07-07),22.1.6,cargo 1.97.0 (c980f4866 2026-06-30),"release,lto=thin,debug=true",/home/bob/.cache/mess-bench,/dev/nvme0n1p3,ext4,/home,Samsung SSD 970 EVO Plus 2TB,[none] mq-deadline kyber bfq,249460985856,4096,1024,payload[i]=(i*131+17)&0xff,2.30126953125,accepted,,59919,bytes,479352,67109280,59919,0,0,8,0,0,71680688,72430549,1120,1140,1380,24,24,2.300,2.300
b00060,boundary,width_8_+0,pwritev_full_1m,baseline,4,ABBA,k_pwrite,process,1120,8,4,54215100a825da9eb7cfbd8f045e54ef05fb29bd,false,1b36f48efea63210dfeeee7270dea968ab5ba58da27f90aa42845eb8a64a6649,12b1dafe765a77d1a17115b0ae12cff973f20ed7d6d770fbd790695fe081288e,0e4833553be7825885da5ea99bceab292cc8abee6414d58b31864afe8ca9f944,c89b17de3d4d36a4e106517b0737619bd65f0e2877d95adbf2f297762f71fb7b,6e938dfcd266a2b0eac811d7ea7eabbd5b217965f88efa81371465134dbcab11,2026-07-15T19:00:56.488125+00:00,8o8-arch,7.0.12-arch1-1,AMD Ryzen 9 3900X 12-Core Processor,"logical=24,cores=12,sockets=1,nodes=1",performance,rustc 1.97.0 (2d8144b78 2026-07-07),22.1.6,cargo 1.97.0 (c980f4866 2026-06-30),"release,lto=thin,debug=true",/home/bob/.cache/mess-bench,/dev/nvme0n1p3,ext4,/home,Samsung SSD 970 EVO Plus 2TB,[none] mq-deadline kyber bfq,249460969472,4096,1024,payload[i]=(i*131+17)&0xff,2.27685546875,accepted,,59919,bytes,479352,67109280,479352,0,0,0,0,0,356012467,359109293,5740,7090,7510,24,24,2.280,2.280
b00061,boundary,width_8_+0,copy_contiguous,candidate,1,BAAB,copy_contiguous,process,1120,8,4,54215100a825da9eb7cfbd8f045e54ef05fb29bd,false,1b36f48efea63210dfeeee7270dea968ab5ba58da27f90aa42845eb8a64a6649,12b1dafe765a77d1a17115b0ae12cff973f20ed7d6d770fbd790695fe081288e,0e4833553be7825885da5ea99bceab292cc8abee6414d58b31864afe8ca9f944,c89b17de3d4d36a4e106517b0737619bd65f0e2877d95adbf2f297762f71fb7b,6e938dfcd266a2b0eac811d7ea7eabbd5b217965f88efa81371465134dbcab11,2026-07-15T19:00:57.515929+00:00,8o8-arch,7.0.12-arch1-1,AMD Ryzen 9 3900X 12-Core Processor,"logical=24,cores=12,sockets=1,nodes=1",performance,rustc 1.97.0 (2d8144b78 2026-07-07),22.1.6,cargo 1.97.0 (c980f4866 2026-06-30),"release,lto=thin,debug=true",/home/bob/.cache/mess-bench,/dev/nvme0n1p3,ext4,/home,Samsung SSD 970 EVO Plus 2TB,[none] mq-deadline kyber bfq,249460965376,4096,1024,payload[i]=(i*131+17)&0xff,2.27685546875,accepted,,59919,bytes,479352,67109280,59919,0,0,0,67109280,0,55443254,55908120,850,990,1090,24,24,2.280,2.280
b00062,boundary,width_8_+0,copy_contiguous,baseline,2,BAAB,k_pwrite,process,1120,8,4,54215100a825da9eb7cfbd8f045e54ef05fb29bd,false,1b36f48efea63210dfeeee7270dea968ab5ba58da27f90aa42845eb8a64a6649,12b1dafe765a77d1a17115b0ae12cff973f20ed7d6d770fbd790695fe081288e,0e4833553be7825885da5ea99bceab292cc8abee6414d58b31864afe8ca9f944,c89b17de3d4d36a4e106517b0737619bd65f0e2877d95adbf2f297762f71fb7b,6e938dfcd266a2b0eac811d7ea7eabbd5b217965f88efa81371465134dbcab11,2026-07-15T19:00:58.537294+00:00,8o8-arch,7.0.12-arch1-1,AMD Ryzen 9 3900X 12-Core Processor,"logical=24,cores=12,sockets=1,nodes=1",performance,rustc 1.97.0 (2d8144b78 2026-07-07),22.1.6,cargo 1.97.0 (c980f4866 2026-06-30),"release,lto=thin,debug=true",/home/bob/.cache/mess-bench,/dev/nvme0n1p3,ext4,/home,Samsung SSD 970 EVO Plus 2TB,[none] mq-deadline kyber bfq,249460961280,4096,1024,payload[i]=(i*131+17)&0xff,2.27685546875,accepted,,59919,bytes,479352,67109280,479352,0,0,0,0,0,351826918,354447717,5770,6000,7150,24,24,2.280,2.280
b00063,boundary,width_8_+0,copy_contiguous,baseline,3,BAAB,k_pwrite,process,1120,8,4,54215100a825da9eb7cfbd8f045e54ef05fb29bd,false,1b36f48efea63210dfeeee7270dea968ab5ba58da27f90aa42845eb8a64a6649,12b1dafe765a77d1a17115b0ae12cff973f20ed7d6d770fbd790695fe081288e,0e4833553be7825885da5ea99bceab292cc8abee6414d58b31864afe8ca9f944,c89b17de3d4d36a4e106517b0737619bd65f0e2877d95adbf2f297762f71fb7b,6e938dfcd266a2b0eac811d7ea7eabbd5b217965f88efa81371465134dbcab11,2026-07-15T19:00:59.566186+00:00,8o8-arch,7.0.12-arch1-1,AMD Ryzen 9 3900X 12-Core Processor,"logical=24,cores=12,sockets=1,nodes=1",performance,rustc 1.97.0 (2d8144b78 2026-07-07),22.1.6,cargo 1.97.0 (c980f4866 2026-06-30),"release,lto=thin,debug=true",/home/bob/.cache/mess-bench,/dev/nvme0n1p3,ext4,/home,Samsung SSD 970 EVO Plus 2TB,[none] mq-deadline kyber bfq,249460961280,4096,1024,payload[i]=(i*131+17)&0xff,2.27685546875,accepted,,59919,bytes,479352,67109280,479352,0,0,0,0,0,351913827,354816786,5730,6490,7260,24,24,2.280,2.280
b00064,boundary,width_8_+0,copy_contiguous,candidate,4,BAAB,copy_contiguous,process,1120,8,4,54215100a825da9eb7cfbd8f045e54ef05fb29bd,false,1b36f48efea63210dfeeee7270dea968ab5ba58da27f90aa42845eb8a64a6649,12b1dafe765a77d1a17115b0ae12cff973f20ed7d6d770fbd790695fe081288e,0e4833553be7825885da5ea99bceab292cc8abee6414d58b31864afe8ca9f944,c89b17de3d4d36a4e106517b0737619bd65f0e2877d95adbf2f297762f71fb7b,6e938dfcd266a2b0eac811d7ea7eabbd5b217965f88efa81371465134dbcab11,2026-07-15T19:01:00.595843+00:00,8o8-arch,7.0.12-arch1-1,AMD Ryzen 9 3900X 12-Core Processor,"logical=24,cores=12,sockets=1,nodes=1",performance,rustc 1.97.0 (2d8144b78 2026-07-07),22.1.6,cargo 1.97.0 (c980f4866 2026-06-30),"release,lto=thin,debug=true",/home/bob/.cache/mess-bench,/dev/nvme0n1p3,ext4,/home,Samsung SSD 970 EVO Plus 2TB,[none] mq-deadline kyber bfq,249460961280,4096,1024,payload[i]=(i*131+17)&0xff,2.27685546875,accepted,,59919,bytes,479352,67109280,59919,0,0,0,67109280,0,55276864,55679170,850,870,1060,24,24,2.280,2.280
b00065,boundary,width_8_+1,pwritev_full_1m,baseline,1,ABBA,k_pwrite,process,1260,9,4,54215100a825da9eb7cfbd8f045e54ef05fb29bd,false,1b36f48efea63210dfeeee7270dea968ab5ba58da27f90aa42845eb8a64a6649,12b1dafe765a77d1a17115b0ae12cff973f20ed7d6d770fbd790695fe081288e,0e4833553be7825885da5ea99bceab292cc8abee6414d58b31864afe8ca9f944,c89b17de3d4d36a4e106517b0737619bd65f0e2877d95adbf2f297762f71fb7b,6e938dfcd266a2b0eac811d7ea7eabbd5b217965f88efa81371465134dbcab11,2026-07-15T19:01:01.625336+00:00,8o8-arch,7.0.12-arch1-1,AMD Ryzen 9 3900X 12-Core Processor,"logical=24,cores=12,sockets=1,nodes=1",performance,rustc 1.97.0 (2d8144b78 2026-07-07),22.1.6,cargo 1.97.0 (c980f4866 2026-06-30),"release,lto=thin,debug=true",/home/bob/.cache/mess-bench,/dev/nvme0n1p3,ext4,/home,Samsung SSD 970 EVO Plus 2TB,[none] mq-deadline kyber bfq,249460961280,4096,1024,payload[i]=(i*131+17)&0xff,2.17431640625,accepted,,53262,bytes,479358,67110120,479358,0,0,0,0,0,354777959,357526574,6440,7790,8320,24,24,2.170,2.170
b00066,boundary,width_8_+1,pwritev_full_1m,candidate,2,ABBA,pwritev_full_1m,process,1260,9,4,54215100a825da9eb7cfbd8f045e54ef05fb29bd,false,1b36f48efea63210dfeeee7270dea968ab5ba58da27f90aa42845eb8a64a6649,12b1dafe765a77d1a17115b0ae12cff973f20ed7d6d770fbd790695fe081288e,0e4833553be7825885da5ea99bceab292cc8abee6414d58b31864afe8ca9f944,c89b17de3d4d36a4e106517b0737619bd65f0e2877d95adbf2f297762f71fb7b,6e938dfcd266a2b0eac811d7ea7eabbd5b217965f88efa81371465134dbcab11,2026-07-15T19:01:02.647551+00:00,8o8-arch,7.0.12-arch1-1,AMD Ryzen 9 3900X 12-Core Processor,"logical=24,cores=12,sockets=1,nodes=1",performance,rustc 1.97.0 (2d8144b78 2026-07-07),22.1.6,cargo 1.97.0 (c980f4866 2026-06-30),"release,lto=thin,debug=true",/home/bob/.cache/mess-bench,/dev/nvme0n1p3,ext4,/home,Samsung SSD 970 EVO Plus 2TB,[none] mq-deadline kyber bfq,249460957184,4096,1024,payload[i]=(i*131+17)&0xff,2.17431640625,accepted,,53262,bytes,479358,67110120,53262,0,0,9,0,0,67817077,68333582,1200,1220,1510,24,24,2.170,2.170
b00067,boundary,width_8_+1,pwritev_full_1m,candidate,3,ABBA,pwritev_full_1m,process,1260,9,4,54215100a825da9eb7cfbd8f045e54ef05fb29bd,false,1b36f48efea63210dfeeee7270dea968ab5ba58da27f90aa42845eb8a64a6649,12b1dafe765a77d1a17115b0ae12cff973f20ed7d6d770fbd790695fe081288e,0e4833553be7825885da5ea99bceab292cc8abee6414d58b31864afe8ca9f944,c89b17de3d4d36a4e106517b0737619bd65f0e2877d95adbf2f297762f71fb7b,6e938dfcd266a2b0eac811d7ea7eabbd5b217965f88efa81371465134dbcab11,2026-07-15T19:01:03.669431+00:00,8o8-arch,7.0.12-arch1-1,AMD Ryzen 9 3900X 12-Core Processor,"logical=24,cores=12,sockets=1,nodes=1",performance,rustc 1.97.0 (2d8144b78 2026-07-07),22.1.6,cargo 1.97.0 (c980f4866 2026-06-30),"release,lto=thin,debug=true",/home/bob/.cache/mess-bench,/dev/nvme0n1p3,ext4,/home,Samsung SSD 970 EVO Plus 2TB,[none] mq-deadline kyber bfq,249460957184,4096,1024,payload[i]=(i*131+17)&0xff,2.17431640625,accepted,,53262,bytes,479358,67110120,53262,0,0,9,0,0,69465867,69966880,1200,1560,1610,24,24,2.170,2.170
b00068,boundary,width_8_+1,pwritev_full_1m,baseline,4,ABBA,k_pwrite,process,1260,9,4,54215100a825da9eb7cfbd8f045e54ef05fb29bd,false,1b36f48efea63210dfeeee7270dea968ab5ba58da27f90aa42845eb8a64a6649,12b1dafe765a77d1a17115b0ae12cff973f20ed7d6d770fbd790695fe081288e,0e4833553be7825885da5ea99bceab292cc8abee6414d58b31864afe8ca9f944,c89b17de3d4d36a4e106517b0737619bd65f0e2877d95adbf2f297762f71fb7b,6e938dfcd266a2b0eac811d7ea7eabbd5b217965f88efa81371465134dbcab11,2026-07-15T19:01:04.696892+00:00,8o8-arch,7.0.12-arch1-1,AMD Ryzen 9 3900X 12-Core Processor,"logical=24,cores=12,sockets=1,nodes=1",performance,rustc 1.97.0 (2d8144b78 2026-07-07),22.1.6,cargo 1.97.0 (c980f4866 2026-06-30),"release,lto=thin,debug=true",/home/bob/.cache/mess-bench,/dev/nvme0n1p3,ext4,/home,Samsung SSD 970 EVO Plus 2TB,[none] mq-deadline kyber bfq,249460953088,4096,1024,payload[i]=(i*131+17)&0xff,2.17431640625,accepted,,53262,bytes,479358,67110120,479358,0,0,0,0,0,350182838,352830958,6450,7310,8320,24,24,2.170,2.170
b00069,boundary,width_8_+1,copy_contiguous,candidate,1,BAAB,copy_contiguous,process,1260,9,4,54215100a825da9eb7cfbd8f045e54ef05fb29bd,false,1b36f48efea63210dfeeee7270dea968ab5ba58da27f90aa42845eb8a64a6649,12b1dafe765a77d1a17115b0ae12cff973f20ed7d6d770fbd790695fe081288e,0e4833553be7825885da5ea99bceab292cc8abee6414d58b31864afe8ca9f944,c89b17de3d4d36a4e106517b0737619bd65f0e2877d95adbf2f297762f71fb7b,6e938dfcd266a2b0eac811d7ea7eabbd5b217965f88efa81371465134dbcab11,2026-07-15T19:01:05.723311+00:00,8o8-arch,7.0.12-arch1-1,AMD Ryzen 9 3900X 12-Core Processor,"logical=24,cores=12,sockets=1,nodes=1",performance,rustc 1.97.0 (2d8144b78 2026-07-07),22.1.6,cargo 1.97.0 (c980f4866 2026-06-30),"release,lto=thin,debug=true",/home/bob/.cache/mess-bench,/dev/nvme0n1p3,ext4,/home,Samsung SSD 970 EVO Plus 2TB,[none] mq-deadline kyber bfq,249460953088,4096,1024,payload[i]=(i*131+17)&0xff,2.17431640625,accepted,,53262,bytes,479358,67110120,53262,0,0,0,67110120,0,52010353,52428003,900,1050,1160,24,24,2.170,2.170
b00070,boundary,width_8_+1,copy_contiguous,baseline,2,BAAB,k_pwrite,process,1260,9,4,54215100a825da9eb7cfbd8f045e54ef05fb29bd,false,1b36f48efea63210dfeeee7270dea968ab5ba58da27f90aa42845eb8a64a6649,12b1dafe765a77d1a17115b0ae12cff973f20ed7d6d770fbd790695fe081288e,0e4833553be7825885da5ea99bceab292cc8abee6414d58b31864afe8ca9f944,c89b17de3d4d36a4e106517b0737619bd65f0e2877d95adbf2f297762f71fb7b,6e938dfcd266a2b0eac811d7ea7eabbd5b217965f88efa81371465134dbcab11,2026-07-15T19:01:06.751822+00:00,8o8-arch,7.0.12-arch1-1,AMD Ryzen 9 3900X 12-Core Processor,"logical=24,cores=12,sockets=1,nodes=1",performance,rustc 1.97.0 (2d8144b78 2026-07-07),22.1.6,cargo 1.97.0 (c980f4866 2026-06-30),"release,lto=thin,debug=true",/home/bob/.cache/mess-bench,/dev/nvme0n1p3,ext4,/home,Samsung SSD 970 EVO Plus 2TB,[none] mq-deadline kyber bfq,249460948992,4096,1024,payload[i]=(i*131+17)&0xff,2.24072265625,accepted,,53262,bytes,479358,67110120,479358,0,0,0,0,0,350352578,352721549,6450,7330,8280,24,24,2.240,2.240
b00071,boundary,width_8_+1,copy_contiguous,baseline,3,BAAB,k_pwrite,process,1260,9,4,54215100a825da9eb7cfbd8f045e54ef05fb29bd,false,1b36f48efea63210dfeeee7270dea968ab5ba58da27f90aa42845eb8a64a6649,12b1dafe765a77d1a17115b0ae12cff973f20ed7d6d770fbd790695fe081288e,0e4833553be7825885da5ea99bceab292cc8abee6414d58b31864afe8ca9f944,c89b17de3d4d36a4e106517b0737619bd65f0e2877d95adbf2f297762f71fb7b,6e938dfcd266a2b0eac811d7ea7eabbd5b217965f88efa81371465134dbcab11,2026-07-15T19:01:07.780706+00:00,8o8-arch,7.0.12-arch1-1,AMD Ryzen 9 3900X 12-Core Processor,"logical=24,cores=12,sockets=1,nodes=1",performance,rustc 1.97.0 (2d8144b78 2026-07-07),22.1.6,cargo 1.97.0 (c980f4866 2026-06-30),"release,lto=thin,debug=true",/home/bob/.cache/mess-bench,/dev/nvme0n1p3,ext4,/home,Samsung SSD 970 EVO Plus 2TB,[none] mq-deadline kyber bfq,249460944896,4096,1024,payload[i]=(i*131+17)&0xff,2.24072265625,accepted,,53262,bytes,479358,67110120,479358,0,0,0,0,0,349452338,352073079,6430,7200,8180,24,24,2.240,2.240
b00072,boundary,width_8_+1,copy_contiguous,candidate,4,BAAB,copy_contiguous,process,1260,9,4,54215100a825da9eb7cfbd8f045e54ef05fb29bd,false,1b36f48efea63210dfeeee7270dea968ab5ba58da27f90aa42845eb8a64a6649,12b1dafe765a77d1a17115b0ae12cff973f20ed7d6d770fbd790695fe081288e,0e4833553be7825885da5ea99bceab292cc8abee6414d58b31864afe8ca9f944,c89b17de3d4d36a4e106517b0737619bd65f0e2877d95adbf2f297762f71fb7b,6e938dfcd266a2b0eac811d7ea7eabbd5b217965f88efa81371465134dbcab11,2026-07-15T19:01:08.808734+00:00,8o8-arch,7.0.12-arch1-1,AMD Ryzen 9 3900X 12-Core Processor,"logical=24,cores=12,sockets=1,nodes=1",performance,rustc 1.97.0 (2d8144b78 2026-07-07),22.1.6,cargo 1.97.0 (c980f4866 2026-06-30),"release,lto=thin,debug=true",/home/bob/.cache/mess-bench,/dev/nvme0n1p3,ext4,/home,Samsung SSD 970 EVO Plus 2TB,[none] mq-deadline kyber bfq,249460944896,4096,1024,payload[i]=(i*131+17)&0xff,2.24072265625,accepted,,53262,bytes,479358,67110120,53262,0,0,0,67110120,0,52803713,53271762,890,1120,1210,24,24,2.240,2.240
b00073,boundary,width_16_-1,pwritev_full_1m,baseline,1,ABBA,k_pwrite,process,2100,15,4,54215100a825da9eb7cfbd8f045e54ef05fb29bd,false,1b36f48efea63210dfeeee7270dea968ab5ba58da27f90aa42845eb8a64a6649,12b1dafe765a77d1a17115b0ae12cff973f20ed7d6d770fbd790695fe081288e,0e4833553be7825885da5ea99bceab292cc8abee6414d58b31864afe8ca9f944,c89b17de3d4d36a4e106517b0737619bd65f0e2877d95adbf2f297762f71fb7b,6e938dfcd266a2b0eac811d7ea7eabbd5b217965f88efa81371465134dbcab11,2026-07-15T19:01:09.836527+00:00,8o8-arch,7.0.12-arch1-1,AMD Ryzen 9 3900X 12-Core Processor,"logical=24,cores=12,sockets=1,nodes=1",performance,rustc 1.97.0 (2d8144b78 2026-07-07),22.1.6,cargo 1.97.0 (c980f4866 2026-06-30),"release,lto=thin,debug=true",/home/bob/.cache/mess-bench,/dev/nvme0n1p3,ext4,/home,Samsung SSD 970 EVO Plus 2TB,[none] mq-deadline kyber bfq,249460944896,4096,1024,payload[i]=(i*131+17)&0xff,2.24072265625,accepted,,31957,bytes,479355,67109700,479355,0,0,0,0,0,346026946,348538801,10660,11610,16780,24,24,2.240,2.240
b00074,boundary,width_16_-1,pwritev_full_1m,candidate,2,ABBA,pwritev_full_1m,process,2100,15,4,54215100a825da9eb7cfbd8f045e54ef05fb29bd,false,1b36f48efea63210dfeeee7270dea968ab5ba58da27f90aa42845eb8a64a6649,12b1dafe765a77d1a17115b0ae12cff973f20ed7d6d770fbd790695fe081288e,0e4833553be7825885da5ea99bceab292cc8abee6414d58b31864afe8ca9f944,c89b17de3d4d36a4e106517b0737619bd65f0e2877d95adbf2f297762f71fb7b,6e938dfcd266a2b0eac811d7ea7eabbd5b217965f88efa81371465134dbcab11,2026-07-15T19:01:10.864063+00:00,8o8-arch,7.0.12-arch1-1,AMD Ryzen 9 3900X 12-Core Processor,"logical=24,cores=12,sockets=1,nodes=1",performance,rustc 1.97.0 (2d8144b78 2026-07-07),22.1.6,cargo 1.97.0 (c980f4866 2026-06-30),"release,lto=thin,debug=true",/home/bob/.cache/mess-bench,/dev/nvme0n1p3,ext4,/home,Samsung SSD 970 EVO Plus 2TB,[none] mq-deadline kyber bfq,249460944896,4096,1024,payload[i]=(i*131+17)&0xff,2.24072265625,accepted,,31957,bytes,479355,67109700,31957,0,0,15,0,0,48192802,48598876,1420,1670,1830,24,24,2.240,2.240
b00075,boundary,width_16_-1,pwritev_full_1m,candidate,3,ABBA,pwritev_full_1m,process,2100,15,4,54215100a825da9eb7cfbd8f045e54ef05fb29bd,false,1b36f48efea63210dfeeee7270dea968ab5ba58da27f90aa42845eb8a64a6649,12b1dafe765a77d1a17115b0ae12cff973f20ed7d6d770fbd790695fe081288e,0e4833553be7825885da5ea99bceab292cc8abee6414d58b31864afe8ca9f944,c89b17de3d4d36a4e106517b0737619bd65f0e2877d95adbf2f297762f71fb7b,6e938dfcd266a2b0eac811d7ea7eabbd5b217965f88efa81371465134dbcab11,2026-07-15T19:01:11.893312+00:00,8o8-arch,7.0.12-arch1-1,AMD Ryzen 9 3900X 12-Core Processor,"logical=24,cores=12,sockets=1,nodes=1",performance,rustc 1.97.0 (2d8144b78 2026-07-07),22.1.6,cargo 1.97.0 (c980f4866 2026-06-30),"release,lto=thin,debug=true",/home/bob/.cache/mess-bench,/dev/nvme0n1p3,ext4,/home,Samsung SSD 970 EVO Plus 2TB,[none] mq-deadline kyber bfq,249460940800,4096,1024,payload[i]=(i*131+17)&0xff,2.22119140625,accepted,,31957,bytes,479355,67109700,31957,0,0,15,0,0,48105952,48484165,1430,1440,1780,24,24,2.220,2.220
b00076,boundary,width_16_-1,pwritev_full_1m,baseline,4,ABBA,k_pwrite,process,2100,15,4,54215100a825da9eb7cfbd8f045e54ef05fb29bd,false,1b36f48efea63210dfeeee7270dea968ab5ba58da27f90aa42845eb8a64a6649,12b1dafe765a77d1a17115b0ae12cff973f20ed7d6d770fbd790695fe081288e,0e4833553be7825885da5ea99bceab292cc8abee6414d58b31864afe8ca9f944,c89b17de3d4d36a4e106517b0737619bd65f0e2877d95adbf2f297762f71fb7b,6e938dfcd266a2b0eac811d7ea7eabbd5b217965f88efa81371465134dbcab11,2026-07-15T19:01:12.916365+00:00,8o8-arch,7.0.12-arch1-1,AMD Ryzen 9 3900X 12-Core Processor,"logical=24,cores=12,sockets=1,nodes=1",performance,rustc 1.97.0 (2d8144b78 2026-07-07),22.1.6,cargo 1.97.0 (c980f4866 2026-06-30),"release,lto=thin,debug=true",/home/bob/.cache/mess-bench,/dev/nvme0n1p3,ext4,/home,Samsung SSD 970 EVO Plus 2TB,[none] mq-deadline kyber bfq,249460936704,4096,1024,payload[i]=(i*131+17)&0xff,2.22119140625,accepted,,31957,bytes,479355,67109700,479355,0,0,0,0,0,346393626,348942411,10730,11100,17710,24,24,2.220,2.220
b00077,boundary,width_16_-1,copy_contiguous,candidate,1,BAAB,copy_contiguous,process,2100,15,4,54215100a825da9eb7cfbd8f045e54ef05fb29bd,false,1b36f48efea63210dfeeee7270dea968ab5ba58da27f90aa42845eb8a64a6649,12b1dafe765a77d1a17115b0ae12cff973f20ed7d6d770fbd790695fe081288e,0e4833553be7825885da5ea99bceab292cc8abee6414d58b31864afe8ca9f944,c89b17de3d4d36a4e106517b0737619bd65f0e2877d95adbf2f297762f71fb7b,6e938dfcd266a2b0eac811d7ea7eabbd5b217965f88efa81371465134dbcab11,2026-07-15T19:01:13.939730+00:00,8o8-arch,7.0.12-arch1-1,AMD Ryzen 9 3900X 12-Core Processor,"logical=24,cores=12,sockets=1,nodes=1",performance,rustc 1.97.0 (2d8144b78 2026-07-07),22.1.6,cargo 1.97.0 (c980f4866 2026-06-30),"release,lto=thin,debug=true",/home/bob/.cache/mess-bench,/dev/nvme0n1p3,ext4,/home,Samsung SSD 970 EVO Plus 2TB,[none] mq-deadline kyber bfq,249460936704,4096,1024,payload[i]=(i*131+17)&0xff,2.22119140625,accepted,,31957,bytes,479355,67109700,31957,0,0,0,67109700,0,31160818,31431368,900,920,1130,24,24,2.220,2.220
b00078,boundary,width_16_-1,copy_contiguous,baseline,2,BAAB,k_pwrite,process,2100,15,4,54215100a825da9eb7cfbd8f045e54ef05fb29bd,false,1b36f48efea63210dfeeee7270dea968ab5ba58da27f90aa42845eb8a64a6649,12b1dafe765a77d1a17115b0ae12cff973f20ed7d6d770fbd790695fe081288e,0e4833553be7825885da5ea99bceab292cc8abee6414d58b31864afe8ca9f944,c89b17de3d4d36a4e106517b0737619bd65f0e2877d95adbf2f297762f71fb7b,6e938dfcd266a2b0eac811d7ea7eabbd5b217965f88efa81371465134dbcab11,2026-07-15T19:01:14.963421+00:00,8o8-arch,7.0.12-arch1-1,AMD Ryzen 9 3900X 12-Core Processor,"logical=24,cores=12,sockets=1,nodes=1",performance,rustc 1.97.0 (2d8144b78 2026-07-07),22.1.6,cargo 1.97.0 (c980f4866 2026-06-30),"release,lto=thin,debug=true",/home/bob/.cache/mess-bench,/dev/nvme0n1p3,ext4,/home,Samsung SSD 970 EVO Plus 2TB,[none] mq-deadline kyber bfq,249460932608,4096,1024,payload[i]=(i*131+17)&0xff,2.22119140625,accepted,,31957,bytes,479355,67109700,479355,0,0,0,0,0,348354127,350810840,10750,11700,17220,24,24,2.220,2.220
b00079,boundary,width_16_-1,copy_contiguous,baseline,3,BAAB,k_pwrite,process,2100,15,4,54215100a825da9eb7cfbd8f045e54ef05fb29bd,false,1b36f48efea63210dfeeee7270dea968ab5ba58da27f90aa42845eb8a64a6649,12b1dafe765a77d1a17115b0ae12cff973f20ed7d6d770fbd790695fe081288e,0e4833553be7825885da5ea99bceab292cc8abee6414d58b31864afe8ca9f944,c89b17de3d4d36a4e106517b0737619bd65f0e2877d95adbf2f297762f71fb7b,6e938dfcd266a2b0eac811d7ea7eabbd5b217965f88efa81371465134dbcab11,2026-07-15T19:01:15.987680+00:00,8o8-arch,7.0.12-arch1-1,AMD Ryzen 9 3900X 12-Core Processor,"logical=24,cores=12,sockets=1,nodes=1",performance,rustc 1.97.0 (2d8144b78 2026-07-07),22.1.6,cargo 1.97.0 (c980f4866 2026-06-30),"release,lto=thin,debug=true",/home/bob/.cache/mess-bench,/dev/nvme0n1p3,ext4,/home,Samsung SSD 970 EVO Plus 2TB,[none] mq-deadline kyber bfq,249460928512,4096,1024,payload[i]=(i*131+17)&0xff,2.22119140625,accepted,,31957,bytes,479355,67109700,479355,0,0,0,0,0,347385047,349813940,10710,11750,16990,24,24,2.220,2.120
b00080,boundary,width_16_-1,copy_contiguous,candidate,4,BAAB,copy_contiguous,process,2100,15,4,54215100a825da9eb7cfbd8f045e54ef05fb29bd,false,1b36f48efea63210dfeeee7270dea968ab5ba58da27f90aa42845eb8a64a6649,12b1dafe765a77d1a17115b0ae12cff973f20ed7d6d770fbd790695fe081288e,0e4833553be7825885da5ea99bceab292cc8abee6414d58b31864afe8ca9f944,c89b17de3d4d36a4e106517b0737619bd65f0e2877d95adbf2f297762f71fb7b,6e938dfcd266a2b0eac811d7ea7eabbd5b217965f88efa81371465134dbcab11,2026-07-15T19:01:17.015428+00:00,8o8-arch,7.0.12-arch1-1,AMD Ryzen 9 3900X 12-Core Processor,"logical=24,cores=12,sockets=1,nodes=1",performance,rustc 1.97.0 (2d8144b78 2026-07-07),22.1.6,cargo 1.97.0 (c980f4866 2026-06-30),"release,lto=thin,debug=true",/home/bob/.cache/mess-bench,/dev/nvme0n1p3,ext4,/home,Samsung SSD 970 EVO Plus 2TB,[none] mq-deadline kyber bfq,249460932608,4096,1024,payload[i]=(i*131+17)&0xff,2.123046875,accepted,,31957,bytes,479355,67109700,31957,0,0,0,67109700,0,31506818,31734788,900,1050,1190,24,24,2.120,2.120
b00081,boundary,width_16_+0,pwritev_full_1m,baseline,1,ABBA,k_pwrite,process,2240,16,4,54215100a825da9eb7cfbd8f045e54ef05fb29bd,false,1b36f48efea63210dfeeee7270dea968ab5ba58da27f90aa42845eb8a64a6649,12b1dafe765a77d1a17115b0ae12cff973f20ed7d6d770fbd790695fe081288e,0e4833553be7825885da5ea99bceab292cc8abee6414d58b31864afe8ca9f944,c89b17de3d4d36a4e106517b0737619bd65f0e2877d95adbf2f297762f71fb7b,6e938dfcd266a2b0eac811d7ea7eabbd5b217965f88efa81371465134dbcab11,2026-07-15T19:01:18.043912+00:00,8o8-arch,7.0.12-arch1-1,AMD Ryzen 9 3900X 12-Core Processor,"logical=24,cores=12,sockets=1,nodes=1",performance,rustc 1.97.0 (2d8144b78 2026-07-07),22.1.6,cargo 1.97.0 (c980f4866 2026-06-30),"release,lto=thin,debug=true",/home/bob/.cache/mess-bench,/dev/nvme0n1p3,ext4,/home,Samsung SSD 970 EVO Plus 2TB,[none] mq-deadline kyber bfq,249460932608,4096,1024,payload[i]=(i*131+17)&0xff,2.123046875,accepted,,29960,bytes,479360,67110400,479360,0,0,0,0,0,348946736,351041169,11530,11870,17460,24,24,2.120,2.120
b00082,boundary,width_16_+0,pwritev_full_1m,candidate,2,ABBA,pwritev_full_1m,process,2240,16,4,54215100a825da9eb7cfbd8f045e54ef05fb29bd,false,1b36f48efea63210dfeeee7270dea968ab5ba58da27f90aa42845eb8a64a6649,12b1dafe765a77d1a17115b0ae12cff973f20ed7d6d770fbd790695fe081288e,0e4833553be7825885da5ea99bceab292cc8abee6414d58b31864afe8ca9f944,c89b17de3d4d36a4e106517b0737619bd65f0e2877d95adbf2f297762f71fb7b,6e938dfcd266a2b0eac811d7ea7eabbd5b217965f88efa81371465134dbcab11,2026-07-15T19:01:19.067131+00:00,8o8-arch,7.0.12-arch1-1,AMD Ryzen 9 3900X 12-Core Processor,"logical=24,cores=12,sockets=1,nodes=1",performance,rustc 1.97.0 (2d8144b78 2026-07-07),22.1.6,cargo 1.97.0 (c980f4866 2026-06-30),"release,lto=thin,debug=true",/home/bob/.cache/mess-bench,/dev/nvme0n1p3,ext4,/home,Samsung SSD 970 EVO Plus 2TB,[none] mq-deadline kyber bfq,249460932608,4096,1024,payload[i]=(i*131+17)&0xff,2.123046875,accepted,,29960,bytes,479360,67110400,29960,0,0,16,0,0,46785732,47249886,1460,1860,1930,24,24,2.120,2.120
b00083,boundary,width_16_+0,pwritev_full_1m,candidate,3,ABBA,pwritev_full_1m,process,2240,16,4,54215100a825da9eb7cfbd8f045e54ef05fb29bd,false,1b36f48efea63210dfeeee7270dea968ab5ba58da27f90aa42845eb8a64a6649,12b1dafe765a77d1a17115b0ae12cff973f20ed7d6d770fbd790695fe081288e,0e4833553be7825885da5ea99bceab292cc8abee6414d58b31864afe8ca9f944,c89b17de3d4d36a4e106517b0737619bd65f0e2877d95adbf2f297762f71fb7b,6e938dfcd266a2b0eac811d7ea7eabbd5b217965f88efa81371465134dbcab11,2026-07-15T19:01:20.096434+00:00,8o8-arch,7.0.12-arch1-1,AMD Ryzen 9 3900X 12-Core Processor,"logical=24,cores=12,sockets=1,nodes=1",performance,rustc 1.97.0 (2d8144b78 2026-07-07),22.1.6,cargo 1.97.0 (c980f4866 2026-06-30),"release,lto=thin,debug=true",/home/bob/.cache/mess-bench,/dev/nvme0n1p3,ext4,/home,Samsung SSD 970 EVO Plus 2TB,[none] mq-deadline kyber bfq,249460924416,4096,1024,payload[i]=(i*131+17)&0xff,2.123046875,accepted,,29960,bytes,479360,67110400,29960,0,0,16,0,0,46185682,46546697,1470,1490,1800,24,24,2.120,2.120
b00084,boundary,width_16_+0,pwritev_full_1m,baseline,4,ABBA,k_pwrite,process,2240,16,4,54215100a825da9eb7cfbd8f045e54ef05fb29bd,false,1b36f48efea63210dfeeee7270dea968ab5ba58da27f90aa42845eb8a64a6649,12b1dafe765a77d1a17115b0ae12cff973f20ed7d6d770fbd790695fe081288e,0e4833553be7825885da5ea99bceab292cc8abee6414d58b31864afe8ca9f944,c89b17de3d4d36a4e106517b0737619bd65f0e2877d95adbf2f297762f71fb7b,6e938dfcd266a2b0eac811d7ea7eabbd5b217965f88efa81371465134dbcab11,2026-07-15T19:01:21.120031+00:00,8o8-arch,7.0.12-arch1-1,AMD Ryzen 9 3900X 12-Core Processor,"logical=24,cores=12,sockets=1,nodes=1",performance,rustc 1.97.0 (2d8144b78 2026-07-07),22.1.6,cargo 1.97.0 (c980f4866 2026-06-30),"release,lto=thin,debug=true",/home/bob/.cache/mess-bench,/dev/nvme0n1p3,ext4,/home,Samsung SSD 970 EVO Plus 2TB,[none] mq-deadline kyber bfq,249460924416,4096,1024,payload[i]=(i*131+17)&0xff,1.95263671875,accepted,,29960,bytes,479360,67110400,479360,0,0,0,0,0,348237927,351520989,11450,12840,17940,24,24,1.950,1.950
b00085,boundary,width_16_+0,copy_contiguous,candidate,1,BAAB,copy_contiguous,process,2240,16,4,54215100a825da9eb7cfbd8f045e54ef05fb29bd,false,1b36f48efea63210dfeeee7270dea968ab5ba58da27f90aa42845eb8a64a6649,12b1dafe765a77d1a17115b0ae12cff973f20ed7d6d770fbd790695fe081288e,0e4833553be7825885da5ea99bceab292cc8abee6414d58b31864afe8ca9f944,c89b17de3d4d36a4e106517b0737619bd65f0e2877d95adbf2f297762f71fb7b,6e938dfcd266a2b0eac811d7ea7eabbd5b217965f88efa81371465134dbcab11,2026-07-15T19:01:22.148175+00:00,8o8-arch,7.0.12-arch1-1,AMD Ryzen 9 3900X 12-Core Processor,"logical=24,cores=12,sockets=1,nodes=1",performance,rustc 1.97.0 (2d8144b78 2026-07-07),22.1.6,cargo 1.97.0 (c980f4866 2026-06-30),"release,lto=thin,debug=true",/home/bob/.cache/mess-bench,/dev/nvme0n1p3,ext4,/home,Samsung SSD 970 EVO Plus 2TB,[none] mq-deadline kyber bfq,249460891648,4096,1024,payload[i]=(i*131+17)&0xff,1.95263671875,accepted,,29960,bytes,479360,67110400,29960,0,0,0,67110400,0,29211647,29423849,900,920,1140,24,24,1.950,1.950
b00086,boundary,width_16_+0,copy_contiguous,baseline,2,BAAB,k_pwrite,process,2240,16,4,54215100a825da9eb7cfbd8f045e54ef05fb29bd,false,1b36f48efea63210dfeeee7270dea968ab5ba58da27f90aa42845eb8a64a6649,12b1dafe765a77d1a17115b0ae12cff973f20ed7d6d770fbd790695fe081288e,0e4833553be7825885da5ea99bceab292cc8abee6414d58b31864afe8ca9f944,c89b17de3d4d36a4e106517b0737619bd65f0e2877d95adbf2f297762f71fb7b,6e938dfcd266a2b0eac811d7ea7eabbd5b217965f88efa81371465134dbcab11,2026-07-15T19:01:23.171886+00:00,8o8-arch,7.0.12-arch1-1,AMD Ryzen 9 3900X 12-Core Processor,"logical=24,cores=12,sockets=1,nodes=1",performance,rustc 1.97.0 (2d8144b78 2026-07-07),22.1.6,cargo 1.97.0 (c980f4866 2026-06-30),"release,lto=thin,debug=true",/home/bob/.cache/mess-bench,/dev/nvme0n1p3,ext4,/home,Samsung SSD 970 EVO Plus 2TB,[none] mq-deadline kyber bfq,249460924416,4096,1024,payload[i]=(i*131+17)&0xff,1.95263671875,accepted,,29960,bytes,479360,67110400,479360,0,0,0,0,0,347160447,350060960,11410,11840,19760,24,24,1.950,1.950
b00087,boundary,width_16_+0,copy_contiguous,baseline,3,BAAB,k_pwrite,process,2240,16,4,54215100a825da9eb7cfbd8f045e54ef05fb29bd,false,1b36f48efea63210dfeeee7270dea968ab5ba58da27f90aa42845eb8a64a6649,12b1dafe765a77d1a17115b0ae12cff973f20ed7d6d770fbd790695fe081288e,0e4833553be7825885da5ea99bceab292cc8abee6414d58b31864afe8ca9f944,c89b17de3d4d36a4e106517b0737619bd65f0e2877d95adbf2f297762f71fb7b,6e938dfcd266a2b0eac811d7ea7eabbd5b217965f88efa81371465134dbcab11,2026-07-15T19:01:24.194297+00:00,8o8-arch,7.0.12-arch1-1,AMD Ryzen 9 3900X 12-Core Processor,"logical=24,cores=12,sockets=1,nodes=1",performance,rustc 1.97.0 (2d8144b78 2026-07-07),22.1.6,cargo 1.97.0 (c980f4866 2026-06-30),"release,lto=thin,debug=true",/home/bob/.cache/mess-bench,/dev/nvme0n1p3,ext4,/home,Samsung SSD 970 EVO Plus 2TB,[none] mq-deadline kyber bfq,249460920320,4096,1024,payload[i]=(i*131+17)&0xff,1.95263671875,accepted,,29960,bytes,479360,67110400,479360,0,0,0,0,0,349413037,352347028,11410,13430,19570,24,24,1.950,1.950
b00088,boundary,width_16_+0,copy_contiguous,candidate,4,BAAB,copy_contiguous,process,2240,16,4,54215100a825da9eb7cfbd8f045e54ef05fb29bd,false,1b36f48efea63210dfeeee7270dea968ab5ba58da27f90aa42845eb8a64a6649,12b1dafe765a77d1a17115b0ae12cff973f20ed7d6d770fbd790695fe081288e,0e4833553be7825885da5ea99bceab292cc8abee6414d58b31864afe8ca9f944,c89b17de3d4d36a4e106517b0737619bd65f0e2877d95adbf2f297762f71fb7b,6e938dfcd266a2b0eac811d7ea7eabbd5b217965f88efa81371465134dbcab11,2026-07-15T19:01:25.224753+00:00,8o8-arch,7.0.12-arch1-1,AMD Ryzen 9 3900X 12-Core Processor,"logical=24,cores=12,sockets=1,nodes=1",performance,rustc 1.97.0 (2d8144b78 2026-07-07),22.1.6,cargo 1.97.0 (c980f4866 2026-06-30),"release,lto=thin,debug=true",/home/bob/.cache/mess-bench,/dev/nvme0n1p3,ext4,/home,Samsung SSD 970 EVO Plus 2TB,[none] mq-deadline kyber bfq,249460920320,4096,1024,payload[i]=(i*131+17)&0xff,1.95263671875,accepted,,29960,bytes,479360,67110400,29960,0,0,0,67110400,0,29836058,30127419,910,1140,1270,24,24,1.950,1.950
b00089,boundary,width_16_+1,pwritev_full_1m,baseline,1,ABBA,k_pwrite,process,2380,17,4,54215100a825da9eb7cfbd8f045e54ef05fb29bd,false,1b36f48efea63210dfeeee7270dea968ab5ba58da27f90aa42845eb8a64a6649,12b1dafe765a77d1a17115b0ae12cff973f20ed7d6d770fbd790695fe081288e,0e4833553be7825885da5ea99bceab292cc8abee6414d58b31864afe8ca9f944,c89b17de3d4d36a4e106517b0737619bd65f0e2877d95adbf2f297762f71fb7b,6e938dfcd266a2b0eac811d7ea7eabbd5b217965f88efa81371465134dbcab11,2026-07-15T19:01:26.248924+00:00,8o8-arch,7.0.12-arch1-1,AMD Ryzen 9 3900X 12-Core Processor,"logical=24,cores=12,sockets=1,nodes=1",performance,rustc 1.97.0 (2d8144b78 2026-07-07),22.1.6,cargo 1.97.0 (c980f4866 2026-06-30),"release,lto=thin,debug=true",/home/bob/.cache/mess-bench,/dev/nvme0n1p3,ext4,/home,Samsung SSD 970 EVO Plus 2TB,[none] mq-deadline kyber bfq,249460932608,4096,1024,payload[i]=(i*131+17)&0xff,1.7958984375,accepted,,28198,bytes,479366,67111240,479366,0,0,0,0,0,350652239,353592048,12100,14570,20360,24,24,1.800,1.800
b00090,boundary,width_16_+1,pwritev_full_1m,candidate,2,ABBA,pwritev_full_1m,process,2380,17,4,54215100a825da9eb7cfbd8f045e54ef05fb29bd,false,1b36f48efea63210dfeeee7270dea968ab5ba58da27f90aa42845eb8a64a6649,12b1dafe765a77d1a17115b0ae12cff973f20ed7d6d770fbd790695fe081288e,0e4833553be7825885da5ea99bceab292cc8abee6414d58b31864afe8ca9f944,c89b17de3d4d36a4e106517b0737619bd65f0e2877d95adbf2f297762f71fb7b,6e938dfcd266a2b0eac811d7ea7eabbd5b217965f88efa81371465134dbcab11,2026-07-15T19:01:27.271766+00:00,8o8-arch,7.0.12-arch1-1,AMD Ryzen 9 3900X 12-Core Processor,"logical=24,cores=12,sockets=1,nodes=1",performance,rustc 1.97.0 (2d8144b78 2026-07-07),22.1.6,cargo 1.97.0 (c980f4866 2026-06-30),"release,lto=thin,debug=true",/home/bob/.cache/mess-bench,/dev/nvme0n1p3,ext4,/home,Samsung SSD 970 EVO Plus 2TB,[none] mq-deadline kyber bfq,249460928512,4096,1024,payload[i]=(i*131+17)&0xff,1.7958984375,accepted,,28198,bytes,479366,67111240,28198,0,0,17,0,0,45046361,45543918,1510,1670,1890,24,24,1.800,1.800
b00091,boundary,width_16_+1,pwritev_full_1m,candidate,3,ABBA,pwritev_full_1m,process,2380,17,4,54215100a825da9eb7cfbd8f045e54ef05fb29bd,false,1b36f48efea63210dfeeee7270dea968ab5ba58da27f90aa42845eb8a64a6649,12b1dafe765a77d1a17115b0ae12cff973f20ed7d6d770fbd790695fe081288e,0e4833553be7825885da5ea99bceab292cc8abee6414d58b31864afe8ca9f944,c89b17de3d4d36a4e106517b0737619bd65f0e2877d95adbf2f297762f71fb7b,6e938dfcd266a2b0eac811d7ea7eabbd5b217965f88efa81371465134dbcab11,2026-07-15T19:01:28.294769+00:00,8o8-arch,7.0.12-arch1-1,AMD Ryzen 9 3900X 12-Core Processor,"logical=24,cores=12,sockets=1,nodes=1",performance,rustc 1.97.0 (2d8144b78 2026-07-07),22.1.6,cargo 1.97.0 (c980f4866 2026-06-30),"release,lto=thin,debug=true",/home/bob/.cache/mess-bench,/dev/nvme0n1p3,ext4,/home,Samsung SSD 970 EVO Plus 2TB,[none] mq-deadline kyber bfq,249460924416,4096,1024,payload[i]=(i*131+17)&0xff,1.7958984375,accepted,,28198,bytes,479366,67111240,28198,0,0,17,0,0,46576812,46983646,1510,1920,2120,24,24,1.800,1.800
b00092,boundary,width_16_+1,pwritev_full_1m,baseline,4,ABBA,k_pwrite,process,2380,17,4,54215100a825da9eb7cfbd8f045e54ef05fb29bd,false,1b36f48efea63210dfeeee7270dea968ab5ba58da27f90aa42845eb8a64a6649,12b1dafe765a77d1a17115b0ae12cff973f20ed7d6d770fbd790695fe081288e,0e4833553be7825885da5ea99bceab292cc8abee6414d58b31864afe8ca9f944,c89b17de3d4d36a4e106517b0737619bd65f0e2877d95adbf2f297762f71fb7b,6e938dfcd266a2b0eac811d7ea7eabbd5b217965f88efa81371465134dbcab11,2026-07-15T19:01:29.317416+00:00,8o8-arch,7.0.12-arch1-1,AMD Ryzen 9 3900X 12-Core Processor,"logical=24,cores=12,sockets=1,nodes=1",performance,rustc 1.97.0 (2d8144b78 2026-07-07),22.1.6,cargo 1.97.0 (c980f4866 2026-06-30),"release,lto=thin,debug=true",/home/bob/.cache/mess-bench,/dev/nvme0n1p3,ext4,/home,Samsung SSD 970 EVO Plus 2TB,[none] mq-deadline kyber bfq,249460916224,4096,1024,payload[i]=(i*131+17)&0xff,1.7958984375,accepted,,28198,bytes,479366,67111240,479366,0,0,0,0,0,346623547,348697991,12110,13310,18170,24,24,1.800,1.800
b00093,boundary,width_16_+1,copy_contiguous,candidate,1,BAAB,copy_contiguous,process,2380,17,4,54215100a825da9eb7cfbd8f045e54ef05fb29bd,false,1b36f48efea63210dfeeee7270dea968ab5ba58da27f90aa42845eb8a64a6649,12b1dafe765a77d1a17115b0ae12cff973f20ed7d6d770fbd790695fe081288e,0e4833553be7825885da5ea99bceab292cc8abee6414d58b31864afe8ca9f944,c89b17de3d4d36a4e106517b0737619bd65f0e2877d95adbf2f297762f71fb7b,6e938dfcd266a2b0eac811d7ea7eabbd5b217965f88efa81371465134dbcab11,2026-07-15T19:01:30.344510+00:00,8o8-arch,7.0.12-arch1-1,AMD Ryzen 9 3900X 12-Core Processor,"logical=24,cores=12,sockets=1,nodes=1",performance,rustc 1.97.0 (2d8144b78 2026-07-07),22.1.6,cargo 1.97.0 (c980f4866 2026-06-30),"release,lto=thin,debug=true",/home/bob/.cache/mess-bench,/dev/nvme0n1p3,ext4,/home,Samsung SSD 970 EVO Plus 2TB,[none] mq-deadline kyber bfq,249460916224,4096,1024,payload[i]=(i*131+17)&0xff,1.7958984375,accepted,,28198,bytes,479366,67111240,28198,0,0,0,67111240,0,27577167,27744951,900,920,1150,24,24,1.800,1.800
b00094,boundary,width_16_+1,copy_contiguous,baseline,2,BAAB,k_pwrite,process,2380,17,4,54215100a825da9eb7cfbd8f045e54ef05fb29bd,false,1b36f48efea63210dfeeee7270dea968ab5ba58da27f90aa42845eb8a64a6649,12b1dafe765a77d1a17115b0ae12cff973f20ed7d6d770fbd790695fe081288e,0e4833553be7825885da5ea99bceab292cc8abee6414d58b31864afe8ca9f944,c89b17de3d4d36a4e106517b0737619bd65f0e2877d95adbf2f297762f71fb7b,6e938dfcd266a2b0eac811d7ea7eabbd5b217965f88efa81371465134dbcab11,2026-07-15T19:01:31.369094+00:00,8o8-arch,7.0.12-arch1-1,AMD Ryzen 9 3900X 12-Core Processor,"logical=24,cores=12,sockets=1,nodes=1",performance,rustc 1.97.0 (2d8144b78 2026-07-07),22.1.6,cargo 1.97.0 (c980f4866 2026-06-30),"release,lto=thin,debug=true",/home/bob/.cache/mess-bench,/dev/nvme0n1p3,ext4,/home,Samsung SSD 970 EVO Plus 2TB,[none] mq-deadline kyber bfq,249460916224,4096,1024,payload[i]=(i*131+17)&0xff,1.65185546875,accepted,,28198,bytes,479366,67111240,479366,0,0,0,0,0,347362087,349794861,12180,12780,19210,24,24,1.650,1.650
b00095,boundary,width_16_+1,copy_contiguous,baseline,3,BAAB,k_pwrite,process,2380,17,4,54215100a825da9eb7cfbd8f045e54ef05fb29bd,false,1b36f48efea63210dfeeee7270dea968ab5ba58da27f90aa42845eb8a64a6649,12b1dafe765a77d1a17115b0ae12cff973f20ed7d6d770fbd790695fe081288e,0e4833553be7825885da5ea99bceab292cc8abee6414d58b31864afe8ca9f944,c89b17de3d4d36a4e106517b0737619bd65f0e2877d95adbf2f297762f71fb7b,6e938dfcd266a2b0eac811d7ea7eabbd5b217965f88efa81371465134dbcab11,2026-07-15T19:01:32.397774+00:00,8o8-arch,7.0.12-arch1-1,AMD Ryzen 9 3900X 12-Core Processor,"logical=24,cores=12,sockets=1,nodes=1",performance,rustc 1.97.0 (2d8144b78 2026-07-07),22.1.6,cargo 1.97.0 (c980f4866 2026-06-30),"release,lto=thin,debug=true",/home/bob/.cache/mess-bench,/dev/nvme0n1p3,ext4,/home,Samsung SSD 970 EVO Plus 2TB,[none] mq-deadline kyber bfq,249460912128,4096,1024,payload[i]=(i*131+17)&0xff,1.65185546875,accepted,,28198,bytes,479366,67111240,479366,0,0,0,0,0,347354958,349885351,12150,13760,19800,24,24,1.650,1.650
b00096,boundary,width_16_+1,copy_contiguous,candidate,4,BAAB,copy_contiguous,process,2380,17,4,54215100a825da9eb7cfbd8f045e54ef05fb29bd,false,1b36f48efea63210dfeeee7270dea968ab5ba58da27f90aa42845eb8a64a6649,12b1dafe765a77d1a17115b0ae12cff973f20ed7d6d770fbd790695fe081288e,0e4833553be7825885da5ea99bceab292cc8abee6414d58b31864afe8ca9f944,c89b17de3d4d36a4e106517b0737619bd65f0e2877d95adbf2f297762f71fb7b,6e938dfcd266a2b0eac811d7ea7eabbd5b217965f88efa81371465134dbcab11,2026-07-15T19:01:33.425581+00:00,8o8-arch,7.0.12-arch1-1,AMD Ryzen 9 3900X 12-Core Processor,"logical=24,cores=12,sockets=1,nodes=1",performance,rustc 1.97.0 (2d8144b78 2026-07-07),22.1.6,cargo 1.97.0 (c980f4866 2026-06-30),"release,lto=thin,debug=true",/home/bob/.cache/mess-bench,/dev/nvme0n1p3,ext4,/home,Samsung SSD 970 EVO Plus 2TB,[none] mq-deadline kyber bfq,249460912128,4096,1024,payload[i]=(i*131+17)&0xff,1.65185546875,accepted,,28198,bytes,479366,67111240,28198,0,0,0,67111240,0,27568697,27786070,900,920,1140,24,24,1.650,1.650
b00097,boundary,bytes_65536_-1,pwritev_full_1m,baseline,1,ABBA,k_pwrite,process,65535,64,4,54215100a825da9eb7cfbd8f045e54ef05fb29bd,false,1b36f48efea63210dfeeee7270dea968ab5ba58da27f90aa42845eb8a64a6649,12b1dafe765a77d1a17115b0ae12cff973f20ed7d6d770fbd790695fe081288e,0e4833553be7825885da5ea99bceab292cc8abee6414d58b31864afe8ca9f944,c89b17de3d4d36a4e106517b0737619bd65f0e2877d95adbf2f297762f71fb7b,6e938dfcd266a2b0eac811d7ea7eabbd5b217965f88efa81371465134dbcab11,2026-07-15T19:01:34.447632+00:00,8o8-arch,7.0.12-arch1-1,AMD Ryzen 9 3900X 12-Core Processor,"logical=24,cores=12,sockets=1,nodes=1",performance,rustc 1.97.0 (2d8144b78 2026-07-07),22.1.6,cargo 1.97.0 (c980f4866 2026-06-30),"release,lto=thin,debug=true",/home/bob/.cache/mess-bench,/dev/nvme0n1p3,ext4,/home,Samsung SSD 970 EVO Plus 2TB,[none] mq-deadline kyber bfq,249460903936,4096,1024,payload[i]=(i*131+17)&0xff,1.65185546875,accepted,,1025,bytes,65600,67173375,65600,0,0,0,0,0,54774084,55286771,52830,61560,75200,907,908,1.650,1.650
b00098,boundary,bytes_65536_-1,pwritev_full_1m,candidate,2,ABBA,pwritev_full_1m,process,65535,64,4,54215100a825da9eb7cfbd8f045e54ef05fb29bd,false,1b36f48efea63210dfeeee7270dea968ab5ba58da27f90aa42845eb8a64a6649,12b1dafe765a77d1a17115b0ae12cff973f20ed7d6d770fbd790695fe081288e,0e4833553be7825885da5ea99bceab292cc8abee6414d58b31864afe8ca9f944,c89b17de3d4d36a4e106517b0737619bd65f0e2877d95adbf2f297762f71fb7b,6e938dfcd266a2b0eac811d7ea7eabbd5b217965f88efa81371465134dbcab11,2026-07-15T19:01:35.471378+00:00,8o8-arch,7.0.12-arch1-1,AMD Ryzen 9 3900X 12-Core Processor,"logical=24,cores=12,sockets=1,nodes=1",performance,rustc 1.97.0 (2d8144b78 2026-07-07),22.1.6,cargo 1.97.0 (c980f4866 2026-06-30),"release,lto=thin,debug=true",/home/bob/.cache/mess-bench,/dev/nvme0n1p3,ext4,/home,Samsung SSD 970 EVO Plus 2TB,[none] mq-deadline kyber bfq,249460899840,4096,1024,payload[i]=(i*131+17)&0xff,1.65185546875,accepted,,1025,bytes,65600,67173375,1025,0,0,64,0,0,7151872,7242774,6570,8780,12230,907,908,1.650,1.650
b00099,boundary,bytes_65536_-1,pwritev_full_1m,candidate,3,ABBA,pwritev_full_1m,process,65535,64,4,54215100a825da9eb7cfbd8f045e54ef05fb29bd,false,1b36f48efea63210dfeeee7270dea968ab5ba58da27f90aa42845eb8a64a6649,12b1dafe765a77d1a17115b0ae12cff973f20ed7d6d770fbd790695fe081288e,0e4833553be7825885da5ea99bceab292cc8abee6414d58b31864afe8ca9f944,c89b17de3d4d36a4e106517b0737619bd65f0e2877d95adbf2f297762f71fb7b,6e938dfcd266a2b0eac811d7ea7eabbd5b217965f88efa81371465134dbcab11,2026-07-15T19:01:36.500825+00:00,8o8-arch,7.0.12-arch1-1,AMD Ryzen 9 3900X 12-Core Processor,"logical=24,cores=12,sockets=1,nodes=1",performance,rustc 1.97.0 (2d8144b78 2026-07-07),22.1.6,cargo 1.97.0 (c980f4866 2026-06-30),"release,lto=thin,debug=true",/home/bob/.cache/mess-bench,/dev/nvme0n1p3,ext4,/home,Samsung SSD 970 EVO Plus 2TB,[none] mq-deadline kyber bfq,249460895744,4096,1024,payload[i]=(i*131+17)&0xff,1.51953125,accepted,,1025,bytes,65600,67173375,1025,0,0,64,0,0,6997842,7059865,6540,7950,12400,907,908,1.520,1.520
b00100,boundary,bytes_65536_-1,pwritev_full_1m,baseline,4,ABBA,k_pwrite,process,65535,64,4,54215100a825da9eb7cfbd8f045e54ef05fb29bd,false,1b36f48efea63210dfeeee7270dea968ab5ba58da27f90aa42845eb8a64a6649,12b1dafe765a77d1a17115b0ae12cff973f20ed7d6d770fbd790695fe081288e,0e4833553be7825885da5ea99bceab292cc8abee6414d58b31864afe8ca9f944,c89b17de3d4d36a4e106517b0737619bd65f0e2877d95adbf2f297762f71fb7b,6e938dfcd266a2b0eac811d7ea7eabbd5b217965f88efa81371465134dbcab11,2026-07-15T19:01:37.528690+00:00,8o8-arch,7.0.12-arch1-1,AMD Ryzen 9 3900X 12-Core Processor,"logical=24,cores=12,sockets=1,nodes=1",performance,rustc 1.97.0 (2d8144b78 2026-07-07),22.1.6,cargo 1.97.0 (c980f4866 2026-06-30),"release,lto=thin,debug=true",/home/bob/.cache/mess-bench,/dev/nvme0n1p3,ext4,/home,Samsung SSD 970 EVO Plus 2TB,[none] mq-deadline kyber bfq,249460895744,4096,1024,payload[i]=(i*131+17)&0xff,1.51953125,accepted,,1025,bytes,65600,67173375,65600,0,0,0,0,0,54345353,54694551,52600,59130,63060,907,908,1.520,1.520
b00101,boundary,bytes_65536_-1,copy_contiguous,candidate,1,BAAB,copy_contiguous,process,65535,64,4,54215100a825da9eb7cfbd8f045e54ef05fb29bd,false,1b36f48efea63210dfeeee7270dea968ab5ba58da27f90aa42845eb8a64a6649,12b1dafe765a77d1a17115b0ae12cff973f20ed7d6d770fbd790695fe081288e,0e4833553be7825885da5ea99bceab292cc8abee6414d58b31864afe8ca9f944,c89b17de3d4d36a4e106517b0737619bd65f0e2877d95adbf2f297762f71fb7b,6e938dfcd266a2b0eac811d7ea7eabbd5b217965f88efa81371465134dbcab11,2026-07-15T19:01:38.551522+00:00,8o8-arch,7.0.12-arch1-1,AMD Ryzen 9 3900X 12-Core Processor,"logical=24,cores=12,sockets=1,nodes=1",performance,rustc 1.97.0 (2d8144b78 2026-07-07),22.1.6,cargo 1.97.0 (c980f4866 2026-06-30),"release,lto=thin,debug=true",/home/bob/.cache/mess-bench,/dev/nvme0n1p3,ext4,/home,Samsung SSD 970 EVO Plus 2TB,[none] mq-deadline kyber bfq,249460862976,4096,1024,payload[i]=(i*131+17)&0xff,1.51953125,accepted,,1025,bytes,65600,67173375,1025,0,0,0,67173375,0,5767142,5805106,5360,6400,8580,907,908,1.520,1.520
b00102,boundary,bytes_65536_-1,copy_contiguous,baseline,2,BAAB,k_pwrite,process,65535,64,4,54215100a825da9eb7cfbd8f045e54ef05fb29bd,false,1b36f48efea63210dfeeee7270dea968ab5ba58da27f90aa42845eb8a64a6649,12b1dafe765a77d1a17115b0ae12cff973f20ed7d6d770fbd790695fe081288e,0e4833553be7825885da5ea99bceab292cc8abee6414d58b31864afe8ca9f944,c89b17de3d4d36a4e106517b0737619bd65f0e2877d95adbf2f297762f71fb7b,6e938dfcd266a2b0eac811d7ea7eabbd5b217965f88efa81371465134dbcab11,2026-07-15T19:01:39.573897+00:00,8o8-arch,7.0.12-arch1-1,AMD Ryzen 9 3900X 12-Core Processor,"logical=24,cores=12,sockets=1,nodes=1",performance,rustc 1.97.0 (2d8144b78 2026-07-07),22.1.6,cargo 1.97.0 (c980f4866 2026-06-30),"release,lto=thin,debug=true",/home/bob/.cache/mess-bench,/dev/nvme0n1p3,ext4,/home,Samsung SSD 970 EVO Plus 2TB,[none] mq-deadline kyber bfq,249460895744,4096,1024,payload[i]=(i*131+17)&0xff,1.51953125,accepted,,1025,bytes,65600,67173375,65600,0,0,0,0,0,55821394,56375599,52820,67930,77880,907,908,1.520,1.520
b00103,boundary,bytes_65536_-1,copy_contiguous,baseline,3,BAAB,k_pwrite,process,65535,64,4,54215100a825da9eb7cfbd8f045e54ef05fb29bd,false,1b36f48efea63210dfeeee7270dea968ab5ba58da27f90aa42845eb8a64a6649,12b1dafe765a77d1a17115b0ae12cff973f20ed7d6d770fbd790695fe081288e,0e4833553be7825885da5ea99bceab292cc8abee6414d58b31864afe8ca9f944,c89b17de3d4d36a4e106517b0737619bd65f0e2877d95adbf2f297762f71fb7b,6e938dfcd266a2b0eac811d7ea7eabbd5b217965f88efa81371465134dbcab11,2026-07-15T19:01:40.598192+00:00,8o8-arch,7.0.12-arch1-1,AMD Ryzen 9 3900X 12-Core Processor,"logical=24,cores=12,sockets=1,nodes=1",performance,rustc 1.97.0 (2d8144b78 2026-07-07),22.1.6,cargo 1.97.0 (c980f4866 2026-06-30),"release,lto=thin,debug=true",/home/bob/.cache/mess-bench,/dev/nvme0n1p3,ext4,/home,Samsung SSD 970 EVO Plus 2TB,[none] mq-deadline kyber bfq,249460891648,4096,1024,payload[i]=(i*131+17)&0xff,1.51953125,accepted,,1025,bytes,65600,67173375,65600,0,0,0,0,0,55366574,55757890,52820,64380,72280,907,908,1.520,1.520
b00104,boundary,bytes_65536_-1,copy_contiguous,candidate,4,BAAB,copy_contiguous,process,65535,64,4,54215100a825da9eb7cfbd8f045e54ef05fb29bd,false,1b36f48efea63210dfeeee7270dea968ab5ba58da27f90aa42845eb8a64a6649,12b1dafe765a77d1a17115b0ae12cff973f20ed7d6d770fbd790695fe081288e,0e4833553be7825885da5ea99bceab292cc8abee6414d58b31864afe8ca9f944,c89b17de3d4d36a4e106517b0737619bd65f0e2877d95adbf2f297762f71fb7b,6e938dfcd266a2b0eac811d7ea7eabbd5b217965f88efa81371465134dbcab11,2026-07-15T19:01:41.622152+00:00,8o8-arch,7.0.12-arch1-1,AMD Ryzen 9 3900X 12-Core Processor,"logical=24,cores=12,sockets=1,nodes=1",performance,rustc 1.97.0 (2d8144b78 2026-07-07),22.1.6,cargo 1.97.0 (c980f4866 2026-06-30),"release,lto=thin,debug=true",/home/bob/.cache/mess-bench,/dev/nvme0n1p3,ext4,/home,Samsung SSD 970 EVO Plus 2TB,[none] mq-deadline kyber bfq,249460887552,4096,1024,payload[i]=(i*131+17)&0xff,1.87841796875,accepted,,1025,bytes,65600,67173375,1025,0,0,0,67173375,0,5387061,5428166,5120,5250,7600,907,908,1.880,1.880
b00105,boundary,bytes_65536_+0,pwritev_full_1m,baseline,1,ABBA,k_pwrite,process,65536,64,4,54215100a825da9eb7cfbd8f045e54ef05fb29bd,false,1b36f48efea63210dfeeee7270dea968ab5ba58da27f90aa42845eb8a64a6649,12b1dafe765a77d1a17115b0ae12cff973f20ed7d6d770fbd790695fe081288e,0e4833553be7825885da5ea99bceab292cc8abee6414d58b31864afe8ca9f944,c89b17de3d4d36a4e106517b0737619bd65f0e2877d95adbf2f297762f71fb7b,6e938dfcd266a2b0eac811d7ea7eabbd5b217965f88efa81371465134dbcab11,2026-07-15T19:01:42.651795+00:00,8o8-arch,7.0.12-arch1-1,AMD Ryzen 9 3900X 12-Core Processor,"logical=24,cores=12,sockets=1,nodes=1",performance,rustc 1.97.0 (2d8144b78 2026-07-07),22.1.6,cargo 1.97.0 (c980f4866 2026-06-30),"release,lto=thin,debug=true",/home/bob/.cache/mess-bench,/dev/nvme0n1p3,ext4,/home,Samsung SSD 970 EVO Plus 2TB,[none] mq-deadline kyber bfq,249460887552,4096,1024,payload[i]=(i*131+17)&0xff,1.87841796875,accepted,,1024,bytes,65536,67108864,65536,0,0,0,0,0,55740134,56155700,53080,65850,71870,908,908,1.880,1.880
b00106,boundary,bytes_65536_+0,pwritev_full_1m,candidate,2,ABBA,pwritev_full_1m,process,65536,64,4,54215100a825da9eb7cfbd8f045e54ef05fb29bd,false,1b36f48efea63210dfeeee7270dea968ab5ba58da27f90aa42845eb8a64a6649,12b1dafe765a77d1a17115b0ae12cff973f20ed7d6d770fbd790695fe081288e,0e4833553be7825885da5ea99bceab292cc8abee6414d58b31864afe8ca9f944,c89b17de3d4d36a4e106517b0737619bd65f0e2877d95adbf2f297762f71fb7b,6e938dfcd266a2b0eac811d7ea7eabbd5b217965f88efa81371465134dbcab11,2026-07-15T19:01:43.679473+00:00,8o8-arch,7.0.12-arch1-1,AMD Ryzen 9 3900X 12-Core Processor,"logical=24,cores=12,sockets=1,nodes=1",performance,rustc 1.97.0 (2d8144b78 2026-07-07),22.1.6,cargo 1.97.0 (c980f4866 2026-06-30),"release,lto=thin,debug=true",/home/bob/.cache/mess-bench,/dev/nvme0n1p3,ext4,/home,Samsung SSD 970 EVO Plus 2TB,[none] mq-deadline kyber bfq,249460887552,4096,1024,payload[i]=(i*131+17)&0xff,1.87841796875,accepted,,1024,bytes,65536,67108864,1024,0,0,64,0,0,6920422,6974164,6570,7070,11730,908,908,1.880,1.880
b00107,boundary,bytes_65536_+0,pwritev_full_1m,candidate,3,ABBA,pwritev_full_1m,process,65536,64,4,54215100a825da9eb7cfbd8f045e54ef05fb29bd,false,1b36f48efea63210dfeeee7270dea968ab5ba58da27f90aa42845eb8a64a6649,12b1dafe765a77d1a17115b0ae12cff973f20ed7d6d770fbd790695fe081288e,0e4833553be7825885da5ea99bceab292cc8abee6414d58b31864afe8ca9f944,c89b17de3d4d36a4e106517b0737619bd65f0e2877d95adbf2f297762f71fb7b,6e938dfcd266a2b0eac811d7ea7eabbd5b217965f88efa81371465134dbcab11,2026-07-15T19:01:44.702246+00:00,8o8-arch,7.0.12-arch1-1,AMD Ryzen 9 3900X 12-Core Processor,"logical=24,cores=12,sockets=1,nodes=1",performance,rustc 1.97.0 (2d8144b78 2026-07-07),22.1.6,cargo 1.97.0 (c980f4866 2026-06-30),"release,lto=thin,debug=true",/home/bob/.cache/mess-bench,/dev/nvme0n1p3,ext4,/home,Samsung SSD 970 EVO Plus 2TB,[none] mq-deadline kyber bfq,249460879360,4096,1024,payload[i]=(i*131+17)&0xff,1.87841796875,accepted,,1024,bytes,65536,67108864,1024,0,0,64,0,0,7595351,7667014,7180,8500,11460,908,908,1.880,1.880
b00108,boundary,bytes_65536_+0,pwritev_full_1m,baseline,4,ABBA,k_pwrite,process,65536,64,4,54215100a825da9eb7cfbd8f045e54ef05fb29bd,false,1b36f48efea63210dfeeee7270dea968ab5ba58da27f90aa42845eb8a64a6649,12b1dafe765a77d1a17115b0ae12cff973f20ed7d6d770fbd790695fe081288e,0e4833553be7825885da5ea99bceab292cc8abee6414d58b31864afe8ca9f944,c89b17de3d4d36a4e106517b0737619bd65f0e2877d95adbf2f297762f71fb7b,6e938dfcd266a2b0eac811d7ea7eabbd5b217965f88efa81371465134dbcab11,2026-07-15T19:01:45.730215+00:00,8o8-arch,7.0.12-arch1-1,AMD Ryzen 9 3900X 12-Core Processor,"logical=24,cores=12,sockets=1,nodes=1",performance,rustc 1.97.0 (2d8144b78 2026-07-07),22.1.6,cargo 1.97.0 (c980f4866 2026-06-30),"release,lto=thin,debug=true",/home/bob/.cache/mess-bench,/dev/nvme0n1p3,ext4,/home,Samsung SSD 970 EVO Plus 2TB,[none] mq-deadline kyber bfq,249460879360,4096,1024,payload[i]=(i*131+17)&0xff,1.87841796875,accepted,,1024,bytes,65536,67108864,65536,0,0,0,0,0,56054004,56490690,53080,67640,77060,908,908,1.880,1.880
b00109,boundary,bytes_65536_+0,copy_contiguous,candidate,1,BAAB,copy_contiguous,process,65536,64,4,54215100a825da9eb7cfbd8f045e54ef05fb29bd,false,1b36f48efea63210dfeeee7270dea968ab5ba58da27f90aa42845eb8a64a6649,12b1dafe765a77d1a17115b0ae12cff973f20ed7d6d770fbd790695fe081288e,0e4833553be7825885da5ea99bceab292cc8abee6414d58b31864afe8ca9f944,c89b17de3d4d36a4e106517b0737619bd65f0e2877d95adbf2f297762f71fb7b,6e938dfcd266a2b0eac811d7ea7eabbd5b217965f88efa81371465134dbcab11,2026-07-15T19:01:46.754105+00:00,8o8-arch,7.0.12-arch1-1,AMD Ryzen 9 3900X 12-Core Processor,"logical=24,cores=12,sockets=1,nodes=1",performance,rustc 1.97.0 (2d8144b78 2026-07-07),22.1.6,cargo 1.97.0 (c980f4866 2026-06-30),"release,lto=thin,debug=true",/home/bob/.cache/mess-bench,/dev/nvme0n1p3,ext4,/home,Samsung SSD 970 EVO Plus 2TB,[none] mq-deadline kyber bfq,249460879360,4096,1024,payload[i]=(i*131+17)&0xff,1.8076171875,accepted,,1024,bytes,65536,67108864,1024,0,0,0,67108864,0,5876001,5921615,5529,6210,8740,908,908,1.810,1.810
b00110,boundary,bytes_65536_+0,copy_contiguous,baseline,2,BAAB,k_pwrite,process,65536,64,4,54215100a825da9eb7cfbd8f045e54ef05fb29bd,false,1b36f48efea63210dfeeee7270dea968ab5ba58da27f90aa42845eb8a64a6649,12b1dafe765a77d1a17115b0ae12cff973f20ed7d6d770fbd790695fe081288e,0e4833553be7825885da5ea99bceab292cc8abee6414d58b31864afe8ca9f944,c89b17de3d4d36a4e106517b0737619bd65f0e2877d95adbf2f297762f71fb7b,6e938dfcd266a2b0eac811d7ea7eabbd5b217965f88efa81371465134dbcab11,2026-07-15T19:01:47.776947+00:00,8o8-arch,7.0.12-arch1-1,AMD Ryzen 9 3900X 12-Core Processor,"logical=24,cores=12,sockets=1,nodes=1",performance,rustc 1.97.0 (2d8144b78 2026-07-07),22.1.6,cargo 1.97.0 (c980f4866 2026-06-30),"release,lto=thin,debug=true",/home/bob/.cache/mess-bench,/dev/nvme0n1p3,ext4,/home,Samsung SSD 970 EVO Plus 2TB,[none] mq-deadline kyber bfq,249460875264,4096,1024,payload[i]=(i*131+17)&0xff,1.8076171875,accepted,,1024,bytes,65536,67108864,65536,0,0,0,0,0,55312073,55687431,53289,61710,73410,908,908,1.810,1.810
b00111,boundary,bytes_65536_+0,copy_contiguous,baseline,3,BAAB,k_pwrite,process,65536,64,4,54215100a825da9eb7cfbd8f045e54ef05fb29bd,false,1b36f48efea63210dfeeee7270dea968ab5ba58da27f90aa42845eb8a64a6649,12b1dafe765a77d1a17115b0ae12cff973f20ed7d6d770fbd790695fe081288e,0e4833553be7825885da5ea99bceab292cc8abee6414d58b31864afe8ca9f944,c89b17de3d4d36a4e106517b0737619bd65f0e2877d95adbf2f297762f71fb7b,6e938dfcd266a2b0eac811d7ea7eabbd5b217965f88efa81371465134dbcab11,2026-07-15T19:01:48.799863+00:00,8o8-arch,7.0.12-arch1-1,AMD Ryzen 9 3900X 12-Core Processor,"logical=24,cores=12,sockets=1,nodes=1",performance,rustc 1.97.0 (2d8144b78 2026-07-07),22.1.6,cargo 1.97.0 (c980f4866 2026-06-30),"release,lto=thin,debug=true",/home/bob/.cache/mess-bench,/dev/nvme0n1p3,ext4,/home,Samsung SSD 970 EVO Plus 2TB,[none] mq-deadline kyber bfq,249460871168,4096,1024,payload[i]=(i*131+17)&0xff,1.8076171875,accepted,,1024,bytes,65536,67108864,65536,0,0,0,0,0,54521624,54969291,52550,60940,73430,908,908,1.810,1.810
b00112,boundary,bytes_65536_+0,copy_contiguous,candidate,4,BAAB,copy_contiguous,process,65536,64,4,54215100a825da9eb7cfbd8f045e54ef05fb29bd,false,1b36f48efea63210dfeeee7270dea968ab5ba58da27f90aa42845eb8a64a6649,12b1dafe765a77d1a17115b0ae12cff973f20ed7d6d770fbd790695fe081288e,0e4833553be7825885da5ea99bceab292cc8abee6414d58b31864afe8ca9f944,c89b17de3d4d36a4e106517b0737619bd65f0e2877d95adbf2f297762f71fb7b,6e938dfcd266a2b0eac811d7ea7eabbd5b217965f88efa81371465134dbcab11,2026-07-15T19:01:49.830365+00:00,8o8-arch,7.0.12-arch1-1,AMD Ryzen 9 3900X 12-Core Processor,"logical=24,cores=12,sockets=1,nodes=1",performance,rustc 1.97.0 (2d8144b78 2026-07-07),22.1.6,cargo 1.97.0 (c980f4866 2026-06-30),"release,lto=thin,debug=true",/home/bob/.cache/mess-bench,/dev/nvme0n1p3,ext4,/home,Samsung SSD 970 EVO Plus 2TB,[none] mq-deadline kyber bfq,249460867072,4096,1024,payload[i]=(i*131+17)&0xff,1.8076171875,accepted,,1024,bytes,65536,67108864,1024,0,0,0,67108864,0,5488501,5541876,5100,5860,10590,908,908,1.810,1.810
b00113,boundary,bytes_65536_+1,pwritev_full_1m,baseline,1,ABBA,k_pwrite,process,65537,64,4,54215100a825da9eb7cfbd8f045e54ef05fb29bd,false,1b36f48efea63210dfeeee7270dea968ab5ba58da27f90aa42845eb8a64a6649,12b1dafe765a77d1a17115b0ae12cff973f20ed7d6d770fbd790695fe081288e,0e4833553be7825885da5ea99bceab292cc8abee6414d58b31864afe8ca9f944,c89b17de3d4d36a4e106517b0737619bd65f0e2877d95adbf2f297762f71fb7b,6e938dfcd266a2b0eac811d7ea7eabbd5b217965f88efa81371465134dbcab11,2026-07-15T19:01:50.853984+00:00,8o8-arch,7.0.12-arch1-1,AMD Ryzen 9 3900X 12-Core Processor,"logical=24,cores=12,sockets=1,nodes=1",performance,rustc 1.97.0 (2d8144b78 2026-07-07),22.1.6,cargo 1.97.0 (c980f4866 2026-06-30),"release,lto=thin,debug=true",/home/bob/.cache/mess-bench,/dev/nvme0n1p3,ext4,/home,Samsung SSD 970 EVO Plus 2TB,[none] mq-deadline kyber bfq,249460862976,4096,1024,payload[i]=(i*131+17)&0xff,1.8076171875,accepted,,1024,bytes,65536,67109888,65536,0,0,0,0,0,55998943,56398140,53900,63160,67420,908,909,1.810,1.810
b00114,boundary,bytes_65536_+1,pwritev_full_1m,candidate,2,ABBA,pwritev_full_1m,process,65537,64,4,54215100a825da9eb7cfbd8f045e54ef05fb29bd,false,1b36f48efea63210dfeeee7270dea968ab5ba58da27f90aa42845eb8a64a6649,12b1dafe765a77d1a17115b0ae12cff973f20ed7d6d770fbd790695fe081288e,0e4833553be7825885da5ea99bceab292cc8abee6414d58b31864afe8ca9f944,c89b17de3d4d36a4e106517b0737619bd65f0e2877d95adbf2f297762f71fb7b,6e938dfcd266a2b0eac811d7ea7eabbd5b217965f88efa81371465134dbcab11,2026-07-15T19:01:51.880844+00:00,8o8-arch,7.0.12-arch1-1,AMD Ryzen 9 3900X 12-Core Processor,"logical=24,cores=12,sockets=1,nodes=1",performance,rustc 1.97.0 (2d8144b78 2026-07-07),22.1.6,cargo 1.97.0 (c980f4866 2026-06-30),"release,lto=thin,debug=true",/home/bob/.cache/mess-bench,/dev/nvme0n1p3,ext4,/home,Samsung SSD 970 EVO Plus 2TB,[none] mq-deadline kyber bfq,249460862976,4096,1024,payload[i]=(i*131+17)&0xff,1.74267578125,accepted,,1024,bytes,65536,67109888,1024,0,0,64,0,0,7052171,7118655,6610,7870,12100,908,909,1.740,1.740
b00115,boundary,bytes_65536_+1,pwritev_full_1m,candidate,3,ABBA,pwritev_full_1m,process,65537,64,4,54215100a825da9eb7cfbd8f045e54ef05fb29bd,false,1b36f48efea63210dfeeee7270dea968ab5ba58da27f90aa42845eb8a64a6649,12b1dafe765a77d1a17115b0ae12cff973f20ed7d6d770fbd790695fe081288e,0e4833553be7825885da5ea99bceab292cc8abee6414d58b31864afe8ca9f944,c89b17de3d4d36a4e106517b0737619bd65f0e2877d95adbf2f297762f71fb7b,6e938dfcd266a2b0eac811d7ea7eabbd5b217965f88efa81371465134dbcab11,2026-07-15T19:01:52.908979+00:00,8o8-arch,7.0.12-arch1-1,AMD Ryzen 9 3900X 12-Core Processor,"logical=24,cores=12,sockets=1,nodes=1",performance,rustc 1.97.0 (2d8144b78 2026-07-07),22.1.6,cargo 1.97.0 (c980f4866 2026-06-30),"release,lto=thin,debug=true",/home/bob/.cache/mess-bench,/dev/nvme0n1p3,ext4,/home,Samsung SSD 970 EVO Plus 2TB,[none] mq-deadline kyber bfq,249460858880,4096,1024,payload[i]=(i*131+17)&0xff,1.74267578125,accepted,,1024,bytes,65536,67109888,1024,0,0,64,0,0,6874592,6911595,6590,6720,8780,908,909,1.740,1.740
b00116,boundary,bytes_65536_+1,pwritev_full_1m,baseline,4,ABBA,k_pwrite,process,65537,64,4,54215100a825da9eb7cfbd8f045e54ef05fb29bd,false,1b36f48efea63210dfeeee7270dea968ab5ba58da27f90aa42845eb8a64a6649,12b1dafe765a77d1a17115b0ae12cff973f20ed7d6d770fbd790695fe081288e,0e4833553be7825885da5ea99bceab292cc8abee6414d58b31864afe8ca9f944,c89b17de3d4d36a4e106517b0737619bd65f0e2877d95adbf2f297762f71fb7b,6e938dfcd266a2b0eac811d7ea7eabbd5b217965f88efa81371465134dbcab11,2026-07-15T19:01:53.936018+00:00,8o8-arch,7.0.12-arch1-1,AMD Ryzen 9 3900X 12-Core Processor,"logical=24,cores=12,sockets=1,nodes=1",performance,rustc 1.97.0 (2d8144b78 2026-07-07),22.1.6,cargo 1.97.0 (c980f4866 2026-06-30),"release,lto=thin,debug=true",/home/bob/.cache/mess-bench,/dev/nvme0n1p3,ext4,/home,Samsung SSD 970 EVO Plus 2TB,[none] mq-deadline kyber bfq,249460858880,4096,1024,payload[i]=(i*131+17)&0xff,1.74267578125,accepted,,1024,bytes,65536,67109888,65536,0,0,0,0,0,55746603,56143620,53090,67970,72080,908,909,1.740,1.740
b00117,boundary,bytes_65536_+1,copy_contiguous,candidate,1,BAAB,copy_contiguous,process,65537,64,4,54215100a825da9eb7cfbd8f045e54ef05fb29bd,false,1b36f48efea63210dfeeee7270dea968ab5ba58da27f90aa42845eb8a64a6649,12b1dafe765a77d1a17115b0ae12cff973f20ed7d6d770fbd790695fe081288e,0e4833553be7825885da5ea99bceab292cc8abee6414d58b31864afe8ca9f944,c89b17de3d4d36a4e106517b0737619bd65f0e2877d95adbf2f297762f71fb7b,6e938dfcd266a2b0eac811d7ea7eabbd5b217965f88efa81371465134dbcab11,2026-07-15T19:01:54.963858+00:00,8o8-arch,7.0.12-arch1-1,AMD Ryzen 9 3900X 12-Core Processor,"logical=24,cores=12,sockets=1,nodes=1",performance,rustc 1.97.0 (2d8144b78 2026-07-07),22.1.6,cargo 1.97.0 (c980f4866 2026-06-30),"release,lto=thin,debug=true",/home/bob/.cache/mess-bench,/dev/nvme0n1p3,ext4,/home,Samsung SSD 970 EVO Plus 2TB,[none] mq-deadline kyber bfq,249460858880,4096,1024,payload[i]=(i*131+17)&0xff,1.74267578125,accepted,,1024,bytes,65536,67109888,1024,0,0,0,67109888,0,6191342,6247855,5380,8450,12970,908,909,1.740,1.740
b00118,boundary,bytes_65536_+1,copy_contiguous,baseline,2,BAAB,k_pwrite,process,65537,64,4,54215100a825da9eb7cfbd8f045e54ef05fb29bd,false,1b36f48efea63210dfeeee7270dea968ab5ba58da27f90aa42845eb8a64a6649,12b1dafe765a77d1a17115b0ae12cff973f20ed7d6d770fbd790695fe081288e,0e4833553be7825885da5ea99bceab292cc8abee6414d58b31864afe8ca9f944,c89b17de3d4d36a4e106517b0737619bd65f0e2877d95adbf2f297762f71fb7b,6e938dfcd266a2b0eac811d7ea7eabbd5b217965f88efa81371465134dbcab11,2026-07-15T19:01:55.993071+00:00,8o8-arch,7.0.12-arch1-1,AMD Ryzen 9 3900X 12-Core Processor,"logical=24,cores=12,sockets=1,nodes=1",performance,rustc 1.97.0 (2d8144b78 2026-07-07),22.1.6,cargo 1.97.0 (c980f4866 2026-06-30),"release,lto=thin,debug=true",/home/bob/.cache/mess-bench,/dev/nvme0n1p3,ext4,/home,Samsung SSD 970 EVO Plus 2TB,[none] mq-deadline kyber bfq,249460858880,4096,1024,payload[i]=(i*131+17)&0xff,1.74267578125,accepted,,1024,bytes,65536,67109888,65536,0,0,0,0,0,55251894,55692240,52830,64350,72880,908,909,1.740,2.000
b00119,boundary,bytes_65536_+1,copy_contiguous,baseline,3,BAAB,k_pwrite,process,65537,64,4,54215100a825da9eb7cfbd8f045e54ef05fb29bd,false,1b36f48efea63210dfeeee7270dea968ab5ba58da27f90aa42845eb8a64a6649,12b1dafe765a77d1a17115b0ae12cff973f20ed7d6d770fbd790695fe081288e,0e4833553be7825885da5ea99bceab292cc8abee6414d58b31864afe8ca9f944,c89b17de3d4d36a4e106517b0737619bd65f0e2877d95adbf2f297762f71fb7b,6e938dfcd266a2b0eac811d7ea7eabbd5b217965f88efa81371465134dbcab11,2026-07-15T19:01:57.015640+00:00,8o8-arch,7.0.12-arch1-1,AMD Ryzen 9 3900X 12-Core Processor,"logical=24,cores=12,sockets=1,nodes=1",performance,rustc 1.97.0 (2d8144b78 2026-07-07),22.1.6,cargo 1.97.0 (c980f4866 2026-06-30),"release,lto=thin,debug=true",/home/bob/.cache/mess-bench,/dev/nvme0n1p3,ext4,/home,Samsung SSD 970 EVO Plus 2TB,[none] mq-deadline kyber bfq,249460854784,4096,1024,payload[i]=(i*131+17)&0xff,2.00390625,accepted,,1024,bytes,65536,67109888,65536,0,0,0,0,0,55454143,55900970,53080,66050,69950,908,909,2.000,2.000
b00120,boundary,bytes_65536_+1,copy_contiguous,candidate,4,BAAB,copy_contiguous,process,65537,64,4,54215100a825da9eb7cfbd8f045e54ef05fb29bd,false,1b36f48efea63210dfeeee7270dea968ab5ba58da27f90aa42845eb8a64a6649,12b1dafe765a77d1a17115b0ae12cff973f20ed7d6d770fbd790695fe081288e,0e4833553be7825885da5ea99bceab292cc8abee6414d58b31864afe8ca9f944,c89b17de3d4d36a4e106517b0737619bd65f0e2877d95adbf2f297762f71fb7b,6e938dfcd266a2b0eac811d7ea7eabbd5b217965f88efa81371465134dbcab11,2026-07-15T19:01:58.044859+00:00,8o8-arch,7.0.12-arch1-1,AMD Ryzen 9 3900X 12-Core Processor,"logical=24,cores=12,sockets=1,nodes=1",performance,rustc 1.97.0 (2d8144b78 2026-07-07),22.1.6,cargo 1.97.0 (c980f4866 2026-06-30),"release,lto=thin,debug=true",/home/bob/.cache/mess-bench,/dev/nvme0n1p3,ext4,/home,Samsung SSD 970 EVO Plus 2TB,[none] mq-deadline kyber bfq,249460846592,4096,1024,payload[i]=(i*131+17)&0xff,2.00390625,accepted,,1024,bytes,65536,67109888,1024,0,0,0,67109888,0,5565121,5611466,5200,6530,8280,908,909,2.000,2.000
b00121,boundary,bytes_262144_-1,pwritev_full_1m,baseline,1,ABBA,k_pwrite,process,262143,256,4,54215100a825da9eb7cfbd8f045e54ef05fb29bd,false,1b36f48efea63210dfeeee7270dea968ab5ba58da27f90aa42845eb8a64a6649,12b1dafe765a77d1a17115b0ae12cff973f20ed7d6d770fbd790695fe081288e,0e4833553be7825885da5ea99bceab292cc8abee6414d58b31864afe8ca9f944,c89b17de3d4d36a4e106517b0737619bd65f0e2877d95adbf2f297762f71fb7b,6e938dfcd266a2b0eac811d7ea7eabbd5b217965f88efa81371465134dbcab11,2026-07-15T19:01:59.072746+00:00,8o8-arch,7.0.12-arch1-1,AMD Ryzen 9 3900X 12-Core Processor,"logical=24,cores=12,sockets=1,nodes=1",performance,rustc 1.97.0 (2d8144b78 2026-07-07),22.1.6,cargo 1.97.0 (c980f4866 2026-06-30),"release,lto=thin,debug=true",/home/bob/.cache/mess-bench,/dev/nvme0n1p3,ext4,/home,Samsung SSD 970 EVO Plus 2TB,[none] mq-deadline kyber bfq,249460846592,4096,1024,payload[i]=(i*131+17)&0xff,2.00390625,accepted,,257,bytes,65792,67370751,65792,0,0,0,0,0,58908465,59550878,226750,264860,283480,907,908,2.000,2.000
b00122,boundary,bytes_262144_-1,pwritev_full_1m,candidate,2,ABBA,pwritev_full_1m,process,262143,256,4,54215100a825da9eb7cfbd8f045e54ef05fb29bd,false,1b36f48efea63210dfeeee7270dea968ab5ba58da27f90aa42845eb8a64a6649,12b1dafe765a77d1a17115b0ae12cff973f20ed7d6d770fbd790695fe081288e,0e4833553be7825885da5ea99bceab292cc8abee6414d58b31864afe8ca9f944,c89b17de3d4d36a4e106517b0737619bd65f0e2877d95adbf2f297762f71fb7b,6e938dfcd266a2b0eac811d7ea7eabbd5b217965f88efa81371465134dbcab11,2026-07-15T19:02:00.094910+00:00,8o8-arch,7.0.12-arch1-1,AMD Ryzen 9 3900X 12-Core Processor,"logical=24,cores=12,sockets=1,nodes=1",performance,rustc 1.97.0 (2d8144b78 2026-07-07),22.1.6,cargo 1.97.0 (c980f4866 2026-06-30),"release,lto=thin,debug=true",/home/bob/.cache/mess-bench,/dev/nvme0n1p3,ext4,/home,Samsung SSD 970 EVO Plus 2TB,[none] mq-deadline kyber bfq,249460846592,4096,1024,payload[i]=(i*131+17)&0xff,2.00390625,accepted,,257,bytes,65792,67370751,257,0,0,256,0,0,8341192,8404234,31950,36860,42270,907,908,2.000,2.000
b00123,boundary,bytes_262144_-1,pwritev_full_1m,candidate,3,ABBA,pwritev_full_1m,process,262143,256,4,54215100a825da9eb7cfbd8f045e54ef05fb29bd,false,1b36f48efea63210dfeeee7270dea968ab5ba58da27f90aa42845eb8a64a6649,12b1dafe765a77d1a17115b0ae12cff973f20ed7d6d770fbd790695fe081288e,0e4833553be7825885da5ea99bceab292cc8abee6414d58b31864afe8ca9f944,c89b17de3d4d36a4e106517b0737619bd65f0e2877d95adbf2f297762f71fb7b,6e938dfcd266a2b0eac811d7ea7eabbd5b217965f88efa81371465134dbcab11,2026-07-15T19:02:01.125023+00:00,8o8-arch,7.0.12-arch1-1,AMD Ryzen 9 3900X 12-Core Processor,"logical=24,cores=12,sockets=1,nodes=1",performance,rustc 1.97.0 (2d8144b78 2026-07-07),22.1.6,cargo 1.97.0 (c980f4866 2026-06-30),"release,lto=thin,debug=true",/home/bob/.cache/mess-bench,/dev/nvme0n1p3,ext4,/home,Samsung SSD 970 EVO Plus 2TB,[none] mq-deadline kyber bfq,249460846592,4096,1024,payload[i]=(i*131+17)&0xff,2.244140625,accepted,,257,bytes,65792,67370751,257,0,0,256,0,0,8507722,8596364,31210,39270,45460,907,908,2.240,2.240
b00124,boundary,bytes_262144_-1,pwritev_full_1m,baseline,4,ABBA,k_pwrite,process,262143,256,4,54215100a825da9eb7cfbd8f045e54ef05fb29bd,false,1b36f48efea63210dfeeee7270dea968ab5ba58da27f90aa42845eb8a64a6649,12b1dafe765a77d1a17115b0ae12cff973f20ed7d6d770fbd790695fe081288e,0e4833553be7825885da5ea99bceab292cc8abee6414d58b31864afe8ca9f944,c89b17de3d4d36a4e106517b0737619bd65f0e2877d95adbf2f297762f71fb7b,6e938dfcd266a2b0eac811d7ea7eabbd5b217965f88efa81371465134dbcab11,2026-07-15T19:02:02.154297+00:00,8o8-arch,7.0.12-arch1-1,AMD Ryzen 9 3900X 12-Core Processor,"logical=24,cores=12,sockets=1,nodes=1",performance,rustc 1.97.0 (2d8144b78 2026-07-07),22.1.6,cargo 1.97.0 (c980f4866 2026-06-30),"release,lto=thin,debug=true",/home/bob/.cache/mess-bench,/dev/nvme0n1p3,ext4,/home,Samsung SSD 970 EVO Plus 2TB,[none] mq-deadline kyber bfq,249460842496,4096,1024,payload[i]=(i*131+17)&0xff,2.244140625,accepted,,257,bytes,65792,67370751,65792,0,0,0,0,0,58834355,59290458,227520,256580,270240,907,908,2.240,2.240
b00125,boundary,bytes_262144_-1,pwritev_64_1m,candidate,1,BAAB,pwritev_64_1m,process,262143,256,4,54215100a825da9eb7cfbd8f045e54ef05fb29bd,false,1b36f48efea63210dfeeee7270dea968ab5ba58da27f90aa42845eb8a64a6649,12b1dafe765a77d1a17115b0ae12cff973f20ed7d6d770fbd790695fe081288e,0e4833553be7825885da5ea99bceab292cc8abee6414d58b31864afe8ca9f944,c89b17de3d4d36a4e106517b0737619bd65f0e2877d95adbf2f297762f71fb7b,6e938dfcd266a2b0eac811d7ea7eabbd5b217965f88efa81371465134dbcab11,2026-07-15T19:02:03.181513+00:00,8o8-arch,7.0.12-arch1-1,AMD Ryzen 9 3900X 12-Core Processor,"logical=24,cores=12,sockets=1,nodes=1",performance,rustc 1.97.0 (2d8144b78 2026-07-07),22.1.6,cargo 1.97.0 (c980f4866 2026-06-30),"release,lto=thin,debug=true",/home/bob/.cache/mess-bench,/dev/nvme0n1p3,ext4,/home,Samsung SSD 970 EVO Plus 2TB,[none] mq-deadline kyber bfq,249460842496,4096,1024,payload[i]=(i*131+17)&0xff,2.244140625,accepted,,257,bytes,65792,67370751,1028,0,0,64,0,0,10404113,10536722,39050,47580,63250,907,908,2.240,2.240
b00126,boundary,bytes_262144_-1,pwritev_64_1m,baseline,2,BAAB,k_pwrite,process,262143,256,4,54215100a825da9eb7cfbd8f045e54ef05fb29bd,false,1b36f48efea63210dfeeee7270dea968ab5ba58da27f90aa42845eb8a64a6649,12b1dafe765a77d1a17115b0ae12cff973f20ed7d6d770fbd790695fe081288e,0e4833553be7825885da5ea99bceab292cc8abee6414d58b31864afe8ca9f944,c89b17de3d4d36a4e106517b0737619bd65f0e2877d95adbf2f297762f71fb7b,6e938dfcd266a2b0eac811d7ea7eabbd5b217965f88efa81371465134dbcab11,2026-07-15T19:02:04.212140+00:00,8o8-arch,7.0.12-arch1-1,AMD Ryzen 9 3900X 12-Core Processor,"logical=24,cores=12,sockets=1,nodes=1",performance,rustc 1.97.0 (2d8144b78 2026-07-07),22.1.6,cargo 1.97.0 (c980f4866 2026-06-30),"release,lto=thin,debug=true",/home/bob/.cache/mess-bench,/dev/nvme0n1p3,ext4,/home,Samsung SSD 970 EVO Plus 2TB,[none] mq-deadline kyber bfq,249460838400,4096,1024,payload[i]=(i*131+17)&0xff,2.244140625,accepted,,257,bytes,65792,67370751,65792,0,0,0,0,0,58765904,59275488,226160,255889,281250,907,908,2.240,2.240
b00127,boundary,bytes_262144_-1,pwritev_64_1m,baseline,3,BAAB,k_pwrite,process,262143,256,4,54215100a825da9eb7cfbd8f045e54ef05fb29bd,false,1b36f48efea63210dfeeee7270dea968ab5ba58da27f90aa42845eb8a64a6649,12b1dafe765a77d1a17115b0ae12cff973f20ed7d6d770fbd790695fe081288e,0e4833553be7825885da5ea99bceab292cc8abee6414d58b31864afe8ca9f944,c89b17de3d4d36a4e106517b0737619bd65f0e2877d95adbf2f297762f71fb7b,6e938dfcd266a2b0eac811d7ea7eabbd5b217965f88efa81371465134dbcab11,2026-07-15T19:02:05.234864+00:00,8o8-arch,7.0.12-arch1-1,AMD Ryzen 9 3900X 12-Core Processor,"logical=24,cores=12,sockets=1,nodes=1",performance,rustc 1.97.0 (2d8144b78 2026-07-07),22.1.6,cargo 1.97.0 (c980f4866 2026-06-30),"release,lto=thin,debug=true",/home/bob/.cache/mess-bench,/dev/nvme0n1p3,ext4,/home,Samsung SSD 970 EVO Plus 2TB,[none] mq-deadline kyber bfq,249460834304,4096,1024,payload[i]=(i*131+17)&0xff,2.244140625,accepted,,257,bytes,65792,67370751,65792,0,0,0,0,0,57861295,58277198,224659,236160,246860,907,908,2.240,2.240
b00128,boundary,bytes_262144_-1,pwritev_64_1m,candidate,4,BAAB,pwritev_64_1m,process,262143,256,4,54215100a825da9eb7cfbd8f045e54ef05fb29bd,false,1b36f48efea63210dfeeee7270dea968ab5ba58da27f90aa42845eb8a64a6649,12b1dafe765a77d1a17115b0ae12cff973f20ed7d6d770fbd790695fe081288e,0e4833553be7825885da5ea99bceab292cc8abee6414d58b31864afe8ca9f944,c89b17de3d4d36a4e106517b0737619bd65f0e2877d95adbf2f297762f71fb7b,6e938dfcd266a2b0eac811d7ea7eabbd5b217965f88efa81371465134dbcab11,2026-07-15T19:02:06.264198+00:00,8o8-arch,7.0.12-arch1-1,AMD Ryzen 9 3900X 12-Core Processor,"logical=24,cores=12,sockets=1,nodes=1",performance,rustc 1.97.0 (2d8144b78 2026-07-07),22.1.6,cargo 1.97.0 (c980f4866 2026-06-30),"release,lto=thin,debug=true",/home/bob/.cache/mess-bench,/dev/nvme0n1p3,ext4,/home,Samsung SSD 970 EVO Plus 2TB,[none] mq-deadline kyber bfq,249460826112,4096,1024,payload[i]=(i*131+17)&0xff,2.06396484375,accepted,,257,bytes,65792,67370751,1028,0,0,64,0,0,10286183,10385482,39080,45300,55250,907,908,2.060,2.060
b00129,boundary,bytes_262144_-1,copy_contiguous,baseline,1,ABBA,k_pwrite,process,262143,256,4,54215100a825da9eb7cfbd8f045e54ef05fb29bd,false,1b36f48efea63210dfeeee7270dea968ab5ba58da27f90aa42845eb8a64a6649,12b1dafe765a77d1a17115b0ae12cff973f20ed7d6d770fbd790695fe081288e,0e4833553be7825885da5ea99bceab292cc8abee6414d58b31864afe8ca9f944,c89b17de3d4d36a4e106517b0737619bd65f0e2877d95adbf2f297762f71fb7b,6e938dfcd266a2b0eac811d7ea7eabbd5b217965f88efa81371465134dbcab11,2026-07-15T19:02:07.294454+00:00,8o8-arch,7.0.12-arch1-1,AMD Ryzen 9 3900X 12-Core Processor,"logical=24,cores=12,sockets=1,nodes=1",performance,rustc 1.97.0 (2d8144b78 2026-07-07),22.1.6,cargo 1.97.0 (c980f4866 2026-06-30),"release,lto=thin,debug=true",/home/bob/.cache/mess-bench,/dev/nvme0n1p3,ext4,/home,Samsung SSD 970 EVO Plus 2TB,[none] mq-deadline kyber bfq,249460826112,4096,1024,payload[i]=(i*131+17)&0xff,2.06396484375,accepted,,257,bytes,65792,67370751,65792,0,0,0,0,0,58061165,58491389,225980,237220,241950,907,908,2.060,2.060
b00130,boundary,bytes_262144_-1,copy_contiguous,candidate,2,ABBA,copy_contiguous,process,262143,256,4,54215100a825da9eb7cfbd8f045e54ef05fb29bd,false,1b36f48efea63210dfeeee7270dea968ab5ba58da27f90aa42845eb8a64a6649,12b1dafe765a77d1a17115b0ae12cff973f20ed7d6d770fbd790695fe081288e,0e4833553be7825885da5ea99bceab292cc8abee6414d58b31864afe8ca9f944,c89b17de3d4d36a4e106517b0737619bd65f0e2877d95adbf2f297762f71fb7b,6e938dfcd266a2b0eac811d7ea7eabbd5b217965f88efa81371465134dbcab11,2026-07-15T19:02:08.322303+00:00,8o8-arch,7.0.12-arch1-1,AMD Ryzen 9 3900X 12-Core Processor,"logical=24,cores=12,sockets=1,nodes=1",performance,rustc 1.97.0 (2d8144b78 2026-07-07),22.1.6,cargo 1.97.0 (c980f4866 2026-06-30),"release,lto=thin,debug=true",/home/bob/.cache/mess-bench,/dev/nvme0n1p3,ext4,/home,Samsung SSD 970 EVO Plus 2TB,[none] mq-deadline kyber bfq,249460826112,4096,1024,payload[i]=(i*131+17)&0xff,2.06396484375,accepted,,257,bytes,65792,67370751,257,0,0,0,67370751,0,10398613,10492803,38990,48310,56200,907,908,2.060,2.060
b00131,boundary,bytes_262144_-1,copy_contiguous,candidate,3,ABBA,copy_contiguous,process,262143,256,4,54215100a825da9eb7cfbd8f045e54ef05fb29bd,false,1b36f48efea63210dfeeee7270dea968ab5ba58da27f90aa42845eb8a64a6649,12b1dafe765a77d1a17115b0ae12cff973f20ed7d6d770fbd790695fe081288e,0e4833553be7825885da5ea99bceab292cc8abee6414d58b31864afe8ca9f944,c89b17de3d4d36a4e106517b0737619bd65f0e2877d95adbf2f297762f71fb7b,6e938dfcd266a2b0eac811d7ea7eabbd5b217965f88efa81371465134dbcab11,2026-07-15T19:02:09.343502+00:00,8o8-arch,7.0.12-arch1-1,AMD Ryzen 9 3900X 12-Core Processor,"logical=24,cores=12,sockets=1,nodes=1",performance,rustc 1.97.0 (2d8144b78 2026-07-07),22.1.6,cargo 1.97.0 (c980f4866 2026-06-30),"release,lto=thin,debug=true",/home/bob/.cache/mess-bench,/dev/nvme0n1p3,ext4,/home,Samsung SSD 970 EVO Plus 2TB,[none] mq-deadline kyber bfq,249460822016,4096,1024,payload[i]=(i*131+17)&0xff,2.06396484375,accepted,,257,bytes,65792,67370751,257,0,0,0,67370751,0,10321693,10407152,39240,46610,57300,907,908,2.060,2.060
b00132,boundary,bytes_262144_-1,copy_contiguous,baseline,4,ABBA,k_pwrite,process,262143,256,4,54215100a825da9eb7cfbd8f045e54ef05fb29bd,false,1b36f48efea63210dfeeee7270dea968ab5ba58da27f90aa42845eb8a64a6649,12b1dafe765a77d1a17115b0ae12cff973f20ed7d6d770fbd790695fe081288e,0e4833553be7825885da5ea99bceab292cc8abee6414d58b31864afe8ca9f944,c89b17de3d4d36a4e106517b0737619bd65f0e2877d95adbf2f297762f71fb7b,6e938dfcd266a2b0eac811d7ea7eabbd5b217965f88efa81371465134dbcab11,2026-07-15T19:02:10.374712+00:00,8o8-arch,7.0.12-arch1-1,AMD Ryzen 9 3900X 12-Core Processor,"logical=24,cores=12,sockets=1,nodes=1",performance,rustc 1.97.0 (2d8144b78 2026-07-07),22.1.6,cargo 1.97.0 (c980f4866 2026-06-30),"release,lto=thin,debug=true",/home/bob/.cache/mess-bench,/dev/nvme0n1p3,ext4,/home,Samsung SSD 970 EVO Plus 2TB,[none] mq-deadline kyber bfq,249460817920,4096,1024,payload[i]=(i*131+17)&0xff,2.06396484375,accepted,,257,bytes,65792,67370751,65792,0,0,0,0,0,58362284,58895818,226140,245240,272459,907,908,2.060,2.060
b00133,boundary,bytes_262144_+0,pwritev_full_1m,candidate,1,BAAB,pwritev_full_1m,process,262144,256,4,54215100a825da9eb7cfbd8f045e54ef05fb29bd,false,1b36f48efea63210dfeeee7270dea968ab5ba58da27f90aa42845eb8a64a6649,12b1dafe765a77d1a17115b0ae12cff973f20ed7d6d770fbd790695fe081288e,0e4833553be7825885da5ea99bceab292cc8abee6414d58b31864afe8ca9f944,c89b17de3d4d36a4e106517b0737619bd65f0e2877d95adbf2f297762f71fb7b,6e938dfcd266a2b0eac811d7ea7eabbd5b217965f88efa81371465134dbcab11,2026-07-15T19:02:11.403061+00:00,8o8-arch,7.0.12-arch1-1,AMD Ryzen 9 3900X 12-Core Processor,"logical=24,cores=12,sockets=1,nodes=1",performance,rustc 1.97.0 (2d8144b78 2026-07-07),22.1.6,cargo 1.97.0 (c980f4866 2026-06-30),"release,lto=thin,debug=true",/home/bob/.cache/mess-bench,/dev/nvme0n1p3,ext4,/home,Samsung SSD 970 EVO Plus 2TB,[none] mq-deadline kyber bfq,249460813824,4096,1024,payload[i]=(i*131+17)&0xff,1.8984375,accepted,,256,bytes,65536,67108864,256,0,0,256,0,0,8371442,8441114,32080,38460,44910,908,908,1.900,1.900
b00134,boundary,bytes_262144_+0,pwritev_full_1m,baseline,2,BAAB,k_pwrite,process,262144,256,4,54215100a825da9eb7cfbd8f045e54ef05fb29bd,false,1b36f48efea63210dfeeee7270dea968ab5ba58da27f90aa42845eb8a64a6649,12b1dafe765a77d1a17115b0ae12cff973f20ed7d6d770fbd790695fe081288e,0e4833553be7825885da5ea99bceab292cc8abee6414d58b31864afe8ca9f944,c89b17de3d4d36a4e106517b0737619bd65f0e2877d95adbf2f297762f71fb7b,6e938dfcd266a2b0eac811d7ea7eabbd5b217965f88efa81371465134dbcab11,2026-07-15T19:02:12.430882+00:00,8o8-arch,7.0.12-arch1-1,AMD Ryzen 9 3900X 12-Core Processor,"logical=24,cores=12,sockets=1,nodes=1",performance,rustc 1.97.0 (2d8144b78 2026-07-07),22.1.6,cargo 1.97.0 (c980f4866 2026-06-30),"release,lto=thin,debug=true",/home/bob/.cache/mess-bench,/dev/nvme0n1p3,ext4,/home,Samsung SSD 970 EVO Plus 2TB,[none] mq-deadline kyber bfq,249460813824,4096,1024,payload[i]=(i*131+17)&0xff,1.8984375,accepted,,256,bytes,65536,67108864,65536,0,0,0,0,0,57999383,58499478,226120,238720,257380,908,908,1.900,1.900
b00135,boundary,bytes_262144_+0,pwritev_full_1m,baseline,3,BAAB,k_pwrite,process,262144,256,4,54215100a825da9eb7cfbd8f045e54ef05fb29bd,false,1b36f48efea63210dfeeee7270dea968ab5ba58da27f90aa42845eb8a64a6649,12b1dafe765a77d1a17115b0ae12cff973f20ed7d6d770fbd790695fe081288e,0e4833553be7825885da5ea99bceab292cc8abee6414d58b31864afe8ca9f944,c89b17de3d4d36a4e106517b0737619bd65f0e2877d95adbf2f297762f71fb7b,6e938dfcd266a2b0eac811d7ea7eabbd5b217965f88efa81371465134dbcab11,2026-07-15T19:02:13.459003+00:00,8o8-arch,7.0.12-arch1-1,AMD Ryzen 9 3900X 12-Core Processor,"logical=24,cores=12,sockets=1,nodes=1",performance,rustc 1.97.0 (2d8144b78 2026-07-07),22.1.6,cargo 1.97.0 (c980f4866 2026-06-30),"release,lto=thin,debug=true",/home/bob/.cache/mess-bench,/dev/nvme0n1p3,ext4,/home,Samsung SSD 970 EVO Plus 2TB,[none] mq-deadline kyber bfq,249460813824,4096,1024,payload[i]=(i*131+17)&0xff,1.8984375,accepted,,256,bytes,65536,67108864,65536,0,0,0,0,0,57954945,58455929,225330,242880,249760,908,908,1.900,1.900
b00136,boundary,bytes_262144_+0,pwritev_full_1m,candidate,4,BAAB,pwritev_full_1m,process,262144,256,4,54215100a825da9eb7cfbd8f045e54ef05fb29bd,false,1b36f48efea63210dfeeee7270dea968ab5ba58da27f90aa42845eb8a64a6649,12b1dafe765a77d1a17115b0ae12cff973f20ed7d6d770fbd790695fe081288e,0e4833553be7825885da5ea99bceab292cc8abee6414d58b31864afe8ca9f944,c89b17de3d4d36a4e106517b0737619bd65f0e2877d95adbf2f297762f71fb7b,6e938dfcd266a2b0eac811d7ea7eabbd5b217965f88efa81371465134dbcab11,2026-07-15T19:02:14.486190+00:00,8o8-arch,7.0.12-arch1-1,AMD Ryzen 9 3900X 12-Core Processor,"logical=24,cores=12,sockets=1,nodes=1",performance,rustc 1.97.0 (2d8144b78 2026-07-07),22.1.6,cargo 1.97.0 (c980f4866 2026-06-30),"release,lto=thin,debug=true",/home/bob/.cache/mess-bench,/dev/nvme0n1p3,ext4,/home,Samsung SSD 970 EVO Plus 2TB,[none] mq-deadline kyber bfq,249460805632,4096,1024,payload[i]=(i*131+17)&0xff,1.8984375,accepted,,256,bytes,65536,67108864,256,0,0,256,0,0,8581332,8664534,32350,39160,45470,908,908,1.900,1.900
b00137,boundary,bytes_262144_+0,pwritev_64_1m,baseline,1,ABBA,k_pwrite,process,262144,256,4,54215100a825da9eb7cfbd8f045e54ef05fb29bd,false,1b36f48efea63210dfeeee7270dea968ab5ba58da27f90aa42845eb8a64a6649,12b1dafe765a77d1a17115b0ae12cff973f20ed7d6d770fbd790695fe081288e,0e4833553be7825885da5ea99bceab292cc8abee6414d58b31864afe8ca9f944,c89b17de3d4d36a4e106517b0737619bd65f0e2877d95adbf2f297762f71fb7b,6e938dfcd266a2b0eac811d7ea7eabbd5b217965f88efa81371465134dbcab11,2026-07-15T19:02:15.509342+00:00,8o8-arch,7.0.12-arch1-1,AMD Ryzen 9 3900X 12-Core Processor,"logical=24,cores=12,sockets=1,nodes=1",performance,rustc 1.97.0 (2d8144b78 2026-07-07),22.1.6,cargo 1.97.0 (c980f4866 2026-06-30),"release,lto=thin,debug=true",/home/bob/.cache/mess-bench,/dev/nvme0n1p3,ext4,/home,Samsung SSD 970 EVO Plus 2TB,[none] mq-deadline kyber bfq,249460805632,4096,1024,payload[i]=(i*131+17)&0xff,1.8984375,accepted,,256,bytes,65536,67108864,65536,0,0,0,0,0,58809334,59329558,227490,252599,282309,908,908,1.900,1.900
b00138,boundary,bytes_262144_+0,pwritev_64_1m,candidate,2,ABBA,pwritev_64_1m,process,262144,256,4,54215100a825da9eb7cfbd8f045e54ef05fb29bd,false,1b36f48efea63210dfeeee7270dea968ab5ba58da27f90aa42845eb8a64a6649,12b1dafe765a77d1a17115b0ae12cff973f20ed7d6d770fbd790695fe081288e,0e4833553be7825885da5ea99bceab292cc8abee6414d58b31864afe8ca9f944,c89b17de3d4d36a4e106517b0737619bd65f0e2877d95adbf2f297762f71fb7b,6e938dfcd266a2b0eac811d7ea7eabbd5b217965f88efa81371465134dbcab11,2026-07-15T19:02:16.538151+00:00,8o8-arch,7.0.12-arch1-1,AMD Ryzen 9 3900X 12-Core Processor,"logical=24,cores=12,sockets=1,nodes=1",performance,rustc 1.97.0 (2d8144b78 2026-07-07),22.1.6,cargo 1.97.0 (c980f4866 2026-06-30),"release,lto=thin,debug=true",/home/bob/.cache/mess-bench,/dev/nvme0n1p3,ext4,/home,Samsung SSD 970 EVO Plus 2TB,[none] mq-deadline kyber bfq,249460805632,4096,1024,payload[i]=(i*131+17)&0xff,1.74609375,accepted,,256,bytes,65536,67108864,1024,0,0,64,0,0,10235403,10342933,38970,48190,52720,908,908,1.750,1.750
b00139,boundary,bytes_262144_+0,pwritev_64_1m,candidate,3,ABBA,pwritev_64_1m,process,262144,256,4,54215100a825da9eb7cfbd8f045e54ef05fb29bd,false,1b36f48efea63210dfeeee7270dea968ab5ba58da27f90aa42845eb8a64a6649,12b1dafe765a77d1a17115b0ae12cff973f20ed7d6d770fbd790695fe081288e,0e4833553be7825885da5ea99bceab292cc8abee6414d58b31864afe8ca9f944,c89b17de3d4d36a4e106517b0737619bd65f0e2877d95adbf2f297762f71fb7b,6e938dfcd266a2b0eac811d7ea7eabbd5b217965f88efa81371465134dbcab11,2026-07-15T19:02:17.566924+00:00,8o8-arch,7.0.12-arch1-1,AMD Ryzen 9 3900X 12-Core Processor,"logical=24,cores=12,sockets=1,nodes=1",performance,rustc 1.97.0 (2d8144b78 2026-07-07),22.1.6,cargo 1.97.0 (c980f4866 2026-06-30),"release,lto=thin,debug=true",/home/bob/.cache/mess-bench,/dev/nvme0n1p3,ext4,/home,Samsung SSD 970 EVO Plus 2TB,[none] mq-deadline kyber bfq,249460809728,4096,1024,payload[i]=(i*131+17)&0xff,1.74609375,accepted,,256,bytes,65536,67108864,1024,0,0,64,0,0,9885802,9966363,38270,44130,49910,908,908,1.750,1.750
b00140,boundary,bytes_262144_+0,pwritev_64_1m,baseline,4,ABBA,k_pwrite,process,262144,256,4,54215100a825da9eb7cfbd8f045e54ef05fb29bd,false,1b36f48efea63210dfeeee7270dea968ab5ba58da27f90aa42845eb8a64a6649,12b1dafe765a77d1a17115b0ae12cff973f20ed7d6d770fbd790695fe081288e,0e4833553be7825885da5ea99bceab292cc8abee6414d58b31864afe8ca9f944,c89b17de3d4d36a4e106517b0737619bd65f0e2877d95adbf2f297762f71fb7b,6e938dfcd266a2b0eac811d7ea7eabbd5b217965f88efa81371465134dbcab11,2026-07-15T19:02:18.598027+00:00,8o8-arch,7.0.12-arch1-1,AMD Ryzen 9 3900X 12-Core Processor,"logical=24,cores=12,sockets=1,nodes=1",performance,rustc 1.97.0 (2d8144b78 2026-07-07),22.1.6,cargo 1.97.0 (c980f4866 2026-06-30),"release,lto=thin,debug=true",/home/bob/.cache/mess-bench,/dev/nvme0n1p3,ext4,/home,Samsung SSD 970 EVO Plus 2TB,[none] mq-deadline kyber bfq,249460801536,4096,1024,payload[i]=(i*131+17)&0xff,1.74609375,accepted,,256,bytes,65536,67108864,65536,0,0,0,0,0,58085254,58511638,226650,237279,244120,908,908,1.750,1.750
b00141,boundary,bytes_262144_+0,copy_contiguous,candidate,1,BAAB,copy_contiguous,process,262144,256,4,54215100a825da9eb7cfbd8f045e54ef05fb29bd,false,1b36f48efea63210dfeeee7270dea968ab5ba58da27f90aa42845eb8a64a6649,12b1dafe765a77d1a17115b0ae12cff973f20ed7d6d770fbd790695fe081288e,0e4833553be7825885da5ea99bceab292cc8abee6414d58b31864afe8ca9f944,c89b17de3d4d36a4e106517b0737619bd65f0e2877d95adbf2f297762f71fb7b,6e938dfcd266a2b0eac811d7ea7eabbd5b217965f88efa81371465134dbcab11,2026-07-15T19:02:19.627323+00:00,8o8-arch,7.0.12-arch1-1,AMD Ryzen 9 3900X 12-Core Processor,"logical=24,cores=12,sockets=1,nodes=1",performance,rustc 1.97.0 (2d8144b78 2026-07-07),22.1.6,cargo 1.97.0 (c980f4866 2026-06-30),"release,lto=thin,debug=true",/home/bob/.cache/mess-bench,/dev/nvme0n1p3,ext4,/home,Samsung SSD 970 EVO Plus 2TB,[none] mq-deadline kyber bfq,249460801536,4096,1024,payload[i]=(i*131+17)&0xff,1.74609375,accepted,,256,bytes,65536,67108864,256,0,0,0,67108864,0,9996743,10084983,38020,45410,51200,908,908,1.750,1.750
b00142,boundary,bytes_262144_+0,copy_contiguous,baseline,2,BAAB,k_pwrite,process,262144,256,4,54215100a825da9eb7cfbd8f045e54ef05fb29bd,false,1b36f48efea63210dfeeee7270dea968ab5ba58da27f90aa42845eb8a64a6649,12b1dafe765a77d1a17115b0ae12cff973f20ed7d6d770fbd790695fe081288e,0e4833553be7825885da5ea99bceab292cc8abee6414d58b31864afe8ca9f944,c89b17de3d4d36a4e106517b0737619bd65f0e2877d95adbf2f297762f71fb7b,6e938dfcd266a2b0eac811d7ea7eabbd5b217965f88efa81371465134dbcab11,2026-07-15T19:02:20.655063+00:00,8o8-arch,7.0.12-arch1-1,AMD Ryzen 9 3900X 12-Core Processor,"logical=24,cores=12,sockets=1,nodes=1",performance,rustc 1.97.0 (2d8144b78 2026-07-07),22.1.6,cargo 1.97.0 (c980f4866 2026-06-30),"release,lto=thin,debug=true",/home/bob/.cache/mess-bench,/dev/nvme0n1p3,ext4,/home,Samsung SSD 970 EVO Plus 2TB,[none] mq-deadline kyber bfq,249460768768,4096,1024,payload[i]=(i*131+17)&0xff,1.74609375,accepted,,256,bytes,65536,67108864,65536,0,0,0,0,0,58225835,58721118,226200,245430,265279,908,908,1.750,1.750
b00143,boundary,bytes_262144_+0,copy_contiguous,baseline,3,BAAB,k_pwrite,process,262144,256,4,54215100a825da9eb7cfbd8f045e54ef05fb29bd,false,1b36f48efea63210dfeeee7270dea968ab5ba58da27f90aa42845eb8a64a6649,12b1dafe765a77d1a17115b0ae12cff973f20ed7d6d770fbd790695fe081288e,0e4833553be7825885da5ea99bceab292cc8abee6414d58b31864afe8ca9f944,c89b17de3d4d36a4e106517b0737619bd65f0e2877d95adbf2f297762f71fb7b,6e938dfcd266a2b0eac811d7ea7eabbd5b217965f88efa81371465134dbcab11,2026-07-15T19:02:21.685417+00:00,8o8-arch,7.0.12-arch1-1,AMD Ryzen 9 3900X 12-Core Processor,"logical=24,cores=12,sockets=1,nodes=1",performance,rustc 1.97.0 (2d8144b78 2026-07-07),22.1.6,cargo 1.97.0 (c980f4866 2026-06-30),"release,lto=thin,debug=true",/home/bob/.cache/mess-bench,/dev/nvme0n1p3,ext4,/home,Samsung SSD 970 EVO Plus 2TB,[none] mq-deadline kyber bfq,249460797440,4096,1024,payload[i]=(i*131+17)&0xff,1.60595703125,accepted,,256,bytes,65536,67108864,65536,0,0,0,0,0,58251204,58722518,226590,250039,271349,908,908,1.610,1.610
b00144,boundary,bytes_262144_+0,copy_contiguous,candidate,4,BAAB,copy_contiguous,process,262144,256,4,54215100a825da9eb7cfbd8f045e54ef05fb29bd,false,1b36f48efea63210dfeeee7270dea968ab5ba58da27f90aa42845eb8a64a6649,12b1dafe765a77d1a17115b0ae12cff973f20ed7d6d770fbd790695fe081288e,0e4833553be7825885da5ea99bceab292cc8abee6414d58b31864afe8ca9f944,c89b17de3d4d36a4e106517b0737619bd65f0e2877d95adbf2f297762f71fb7b,6e938dfcd266a2b0eac811d7ea7eabbd5b217965f88efa81371465134dbcab11,2026-07-15T19:02:22.711802+00:00,8o8-arch,7.0.12-arch1-1,AMD Ryzen 9 3900X 12-Core Processor,"logical=24,cores=12,sockets=1,nodes=1",performance,rustc 1.97.0 (2d8144b78 2026-07-07),22.1.6,cargo 1.97.0 (c980f4866 2026-06-30),"release,lto=thin,debug=true",/home/bob/.cache/mess-bench,/dev/nvme0n1p3,ext4,/home,Samsung SSD 970 EVO Plus 2TB,[none] mq-deadline kyber bfq,249460793344,4096,1024,payload[i]=(i*131+17)&0xff,1.60595703125,accepted,,256,bytes,65536,67108864,256,0,0,0,67108864,0,9995043,10094303,38440,45220,55200,908,908,1.610,1.610
b00145,boundary,bytes_262144_+1,pwritev_full_1m,baseline,1,ABBA,k_pwrite,process,262145,256,4,54215100a825da9eb7cfbd8f045e54ef05fb29bd,false,1b36f48efea63210dfeeee7270dea968ab5ba58da27f90aa42845eb8a64a6649,12b1dafe765a77d1a17115b0ae12cff973f20ed7d6d770fbd790695fe081288e,0e4833553be7825885da5ea99bceab292cc8abee6414d58b31864afe8ca9f944,c89b17de3d4d36a4e106517b0737619bd65f0e2877d95adbf2f297762f71fb7b,6e938dfcd266a2b0eac811d7ea7eabbd5b217965f88efa81371465134dbcab11,2026-07-15T19:02:23.742249+00:00,8o8-arch,7.0.12-arch1-1,AMD Ryzen 9 3900X 12-Core Processor,"logical=24,cores=12,sockets=1,nodes=1",performance,rustc 1.97.0 (2d8144b78 2026-07-07),22.1.6,cargo 1.97.0 (c980f4866 2026-06-30),"release,lto=thin,debug=true",/home/bob/.cache/mess-bench,/dev/nvme0n1p3,ext4,/home,Samsung SSD 970 EVO Plus 2TB,[none] mq-deadline kyber bfq,249460793344,4096,1024,payload[i]=(i*131+17)&0xff,1.60595703125,accepted,,256,bytes,65536,67109120,65536,0,0,0,0,0,58079724,58530848,225450,241800,268490,908,909,1.610,1.610
b00146,boundary,bytes_262144_+1,pwritev_full_1m,candidate,2,ABBA,pwritev_full_1m,process,262145,256,4,54215100a825da9eb7cfbd8f045e54ef05fb29bd,false,1b36f48efea63210dfeeee7270dea968ab5ba58da27f90aa42845eb8a64a6649,12b1dafe765a77d1a17115b0ae12cff973f20ed7d6d770fbd790695fe081288e,0e4833553be7825885da5ea99bceab292cc8abee6414d58b31864afe8ca9f944,c89b17de3d4d36a4e106517b0737619bd65f0e2877d95adbf2f297762f71fb7b,6e938dfcd266a2b0eac811d7ea7eabbd5b217965f88efa81371465134dbcab11,2026-07-15T19:02:24.769863+00:00,8o8-arch,7.0.12-arch1-1,AMD Ryzen 9 3900X 12-Core Processor,"logical=24,cores=12,sockets=1,nodes=1",performance,rustc 1.97.0 (2d8144b78 2026-07-07),22.1.6,cargo 1.97.0 (c980f4866 2026-06-30),"release,lto=thin,debug=true",/home/bob/.cache/mess-bench,/dev/nvme0n1p3,ext4,/home,Samsung SSD 970 EVO Plus 2TB,[none] mq-deadline kyber bfq,249460793344,4096,1024,payload[i]=(i*131+17)&0xff,1.60595703125,accepted,,256,bytes,65536,67109120,256,0,0,256,0,0,8458122,8524484,32100,39540,43040,908,909,1.610,1.610
b00147,boundary,bytes_262144_+1,pwritev_full_1m,candidate,3,ABBA,pwritev_full_1m,process,262145,256,4,54215100a825da9eb7cfbd8f045e54ef05fb29bd,false,1b36f48efea63210dfeeee7270dea968ab5ba58da27f90aa42845eb8a64a6649,12b1dafe765a77d1a17115b0ae12cff973f20ed7d6d770fbd790695fe081288e,0e4833553be7825885da5ea99bceab292cc8abee6414d58b31864afe8ca9f944,c89b17de3d4d36a4e106517b0737619bd65f0e2877d95adbf2f297762f71fb7b,6e938dfcd266a2b0eac811d7ea7eabbd5b217965f88efa81371465134dbcab11,2026-07-15T19:02:25.799866+00:00,8o8-arch,7.0.12-arch1-1,AMD Ryzen 9 3900X 12-Core Processor,"logical=24,cores=12,sockets=1,nodes=1",performance,rustc 1.97.0 (2d8144b78 2026-07-07),22.1.6,cargo 1.97.0 (c980f4866 2026-06-30),"release,lto=thin,debug=true",/home/bob/.cache/mess-bench,/dev/nvme0n1p3,ext4,/home,Samsung SSD 970 EVO Plus 2TB,[none] mq-deadline kyber bfq,249460785152,4096,1024,payload[i]=(i*131+17)&0xff,1.60595703125,accepted,,256,bytes,65536,67109120,256,0,0,256,0,0,8196202,8296974,31190,38120,49580,908,909,1.610,1.610
b00148,boundary,bytes_262144_+1,pwritev_full_1m,baseline,4,ABBA,k_pwrite,process,262145,256,4,54215100a825da9eb7cfbd8f045e54ef05fb29bd,false,1b36f48efea63210dfeeee7270dea968ab5ba58da27f90aa42845eb8a64a6649,12b1dafe765a77d1a17115b0ae12cff973f20ed7d6d770fbd790695fe081288e,0e4833553be7825885da5ea99bceab292cc8abee6414d58b31864afe8ca9f944,c89b17de3d4d36a4e106517b0737619bd65f0e2877d95adbf2f297762f71fb7b,6e938dfcd266a2b0eac811d7ea7eabbd5b217965f88efa81371465134dbcab11,2026-07-15T19:02:26.821900+00:00,8o8-arch,7.0.12-arch1-1,AMD Ryzen 9 3900X 12-Core Processor,"logical=24,cores=12,sockets=1,nodes=1",performance,rustc 1.97.0 (2d8144b78 2026-07-07),22.1.6,cargo 1.97.0 (c980f4866 2026-06-30),"release,lto=thin,debug=true",/home/bob/.cache/mess-bench,/dev/nvme0n1p3,ext4,/home,Samsung SSD 970 EVO Plus 2TB,[none] mq-deadline kyber bfq,249460781056,4096,1024,payload[i]=(i*131+17)&0xff,1.47705078125,accepted,,256,bytes,65536,67109120,65536,0,0,0,0,0,57710444,58074399,225980,235380,243799,908,909,1.480,1.480
b00149,boundary,bytes_262144_+1,pwritev_64_1m,candidate,1,BAAB,pwritev_64_1m,process,262145,256,4,54215100a825da9eb7cfbd8f045e54ef05fb29bd,false,1b36f48efea63210dfeeee7270dea968ab5ba58da27f90aa42845eb8a64a6649,12b1dafe765a77d1a17115b0ae12cff973f20ed7d6d770fbd790695fe081288e,0e4833553be7825885da5ea99bceab292cc8abee6414d58b31864afe8ca9f944,c89b17de3d4d36a4e106517b0737619bd65f0e2877d95adbf2f297762f71fb7b,6e938dfcd266a2b0eac811d7ea7eabbd5b217965f88efa81371465134dbcab11,2026-07-15T19:02:27.847729+00:00,8o8-arch,7.0.12-arch1-1,AMD Ryzen 9 3900X 12-Core Processor,"logical=24,cores=12,sockets=1,nodes=1",performance,rustc 1.97.0 (2d8144b78 2026-07-07),22.1.6,cargo 1.97.0 (c980f4866 2026-06-30),"release,lto=thin,debug=true",/home/bob/.cache/mess-bench,/dev/nvme0n1p3,ext4,/home,Samsung SSD 970 EVO Plus 2TB,[none] mq-deadline kyber bfq,249460781056,4096,1024,payload[i]=(i*131+17)&0xff,1.47705078125,accepted,,256,bytes,65536,67109120,1024,0,0,64,0,0,10071153,10159813,38490,46540,56310,908,909,1.480,1.480
b00150,boundary,bytes_262144_+1,pwritev_64_1m,baseline,2,BAAB,k_pwrite,process,262145,256,4,54215100a825da9eb7cfbd8f045e54ef05fb29bd,false,1b36f48efea63210dfeeee7270dea968ab5ba58da27f90aa42845eb8a64a6649,12b1dafe765a77d1a17115b0ae12cff973f20ed7d6d770fbd790695fe081288e,0e4833553be7825885da5ea99bceab292cc8abee6414d58b31864afe8ca9f944,c89b17de3d4d36a4e106517b0737619bd65f0e2877d95adbf2f297762f71fb7b,6e938dfcd266a2b0eac811d7ea7eabbd5b217965f88efa81371465134dbcab11,2026-07-15T19:02:28.869686+00:00,8o8-arch,7.0.12-arch1-1,AMD Ryzen 9 3900X 12-Core Processor,"logical=24,cores=12,sockets=1,nodes=1",performance,rustc 1.97.0 (2d8144b78 2026-07-07),22.1.6,cargo 1.97.0 (c980f4866 2026-06-30),"release,lto=thin,debug=true",/home/bob/.cache/mess-bench,/dev/nvme0n1p3,ext4,/home,Samsung SSD 970 EVO Plus 2TB,[none] mq-deadline kyber bfq,249460772864,4096,1024,payload[i]=(i*131+17)&0xff,1.47705078125,accepted,,256,bytes,65536,67109120,65536,0,0,0,0,0,57944034,58375219,225620,240880,269920,908,909,1.480,1.480
b00151,boundary,bytes_262144_+1,pwritev_64_1m,baseline,3,BAAB,k_pwrite,process,262145,256,4,54215100a825da9eb7cfbd8f045e54ef05fb29bd,false,1b36f48efea63210dfeeee7270dea968ab5ba58da27f90aa42845eb8a64a6649,12b1dafe765a77d1a17115b0ae12cff973f20ed7d6d770fbd790695fe081288e,0e4833553be7825885da5ea99bceab292cc8abee6414d58b31864afe8ca9f944,c89b17de3d4d36a4e106517b0737619bd65f0e2877d95adbf2f297762f71fb7b,6e938dfcd266a2b0eac811d7ea7eabbd5b217965f88efa81371465134dbcab11,2026-07-15T19:02:29.899051+00:00,8o8-arch,7.0.12-arch1-1,AMD Ryzen 9 3900X 12-Core Processor,"logical=24,cores=12,sockets=1,nodes=1",performance,rustc 1.97.0 (2d8144b78 2026-07-07),22.1.6,cargo 1.97.0 (c980f4866 2026-06-30),"release,lto=thin,debug=true",/home/bob/.cache/mess-bench,/dev/nvme0n1p3,ext4,/home,Samsung SSD 970 EVO Plus 2TB,[none] mq-deadline kyber bfq,249460772864,4096,1024,payload[i]=(i*131+17)&0xff,1.47705078125,accepted,,256,bytes,65536,67109120,65536,0,0,0,0,0,58178435,58666408,226439,242880,282240,908,909,1.480,1.480
b00152,boundary,bytes_262144_+1,pwritev_64_1m,candidate,4,BAAB,pwritev_64_1m,process,262145,256,4,54215100a825da9eb7cfbd8f045e54ef05fb29bd,false,1b36f48efea63210dfeeee7270dea968ab5ba58da27f90aa42845eb8a64a6649,12b1dafe765a77d1a17115b0ae12cff973f20ed7d6d770fbd790695fe081288e,0e4833553be7825885da5ea99bceab292cc8abee6414d58b31864afe8ca9f944,c89b17de3d4d36a4e106517b0737619bd65f0e2877d95adbf2f297762f71fb7b,6e938dfcd266a2b0eac811d7ea7eabbd5b217965f88efa81371465134dbcab11,2026-07-15T19:02:30.930538+00:00,8o8-arch,7.0.12-arch1-1,AMD Ryzen 9 3900X 12-Core Processor,"logical=24,cores=12,sockets=1,nodes=1",performance,rustc 1.97.0 (2d8144b78 2026-07-07),22.1.6,cargo 1.97.0 (c980f4866 2026-06-30),"release,lto=thin,debug=true",/home/bob/.cache/mess-bench,/dev/nvme0n1p3,ext4,/home,Samsung SSD 970 EVO Plus 2TB,[none] mq-deadline kyber bfq,249460768768,4096,1024,payload[i]=(i*131+17)&0xff,1.47705078125,accepted,,256,bytes,65536,67109120,1024,0,0,64,0,0,10285183,10365203,39160,45940,51150,908,909,1.480,1.480
b00153,boundary,bytes_262144_+1,copy_contiguous,baseline,1,ABBA,k_pwrite,process,262145,256,4,54215100a825da9eb7cfbd8f045e54ef05fb29bd,false,1b36f48efea63210dfeeee7270dea968ab5ba58da27f90aa42845eb8a64a6649,12b1dafe765a77d1a17115b0ae12cff973f20ed7d6d770fbd790695fe081288e,0e4833553be7825885da5ea99bceab292cc8abee6414d58b31864afe8ca9f944,c89b17de3d4d36a4e106517b0737619bd65f0e2877d95adbf2f297762f71fb7b,6e938dfcd266a2b0eac811d7ea7eabbd5b217965f88efa81371465134dbcab11,2026-07-15T19:02:31.952445+00:00,8o8-arch,7.0.12-arch1-1,AMD Ryzen 9 3900X 12-Core Processor,"logical=24,cores=12,sockets=1,nodes=1",performance,rustc 1.97.0 (2d8144b78 2026-07-07),22.1.6,cargo 1.97.0 (c980f4866 2026-06-30),"release,lto=thin,debug=true",/home/bob/.cache/mess-bench,/dev/nvme0n1p3,ext4,/home,Samsung SSD 970 EVO Plus 2TB,[none] mq-deadline kyber bfq,249460768768,4096,1024,payload[i]=(i*131+17)&0xff,1.51904296875,accepted,,256,bytes,65536,67109120,65536,0,0,0,0,0,59220745,59739917,227419,268949,286510,908,909,1.520,1.520
b00154,boundary,bytes_262144_+1,copy_contiguous,candidate,2,ABBA,copy_contiguous,process,262145,256,4,54215100a825da9eb7cfbd8f045e54ef05fb29bd,false,1b36f48efea63210dfeeee7270dea968ab5ba58da27f90aa42845eb8a64a6649,12b1dafe765a77d1a17115b0ae12cff973f20ed7d6d770fbd790695fe081288e,0e4833553be7825885da5ea99bceab292cc8abee6414d58b31864afe8ca9f944,c89b17de3d4d36a4e106517b0737619bd65f0e2877d95adbf2f297762f71fb7b,6e938dfcd266a2b0eac811d7ea7eabbd5b217965f88efa81371465134dbcab11,2026-07-15T19:02:32.979923+00:00,8o8-arch,7.0.12-arch1-1,AMD Ryzen 9 3900X 12-Core Processor,"logical=24,cores=12,sockets=1,nodes=1",performance,rustc 1.97.0 (2d8144b78 2026-07-07),22.1.6,cargo 1.97.0 (c980f4866 2026-06-30),"release,lto=thin,debug=true",/home/bob/.cache/mess-bench,/dev/nvme0n1p3,ext4,/home,Samsung SSD 970 EVO Plus 2TB,[none] mq-deadline kyber bfq,249460764672,4096,1024,payload[i]=(i*131+17)&0xff,1.51904296875,accepted,,256,bytes,65536,67109120,256,0,0,0,67109120,0,9766913,9833283,37840,42980,46990,908,909,1.520,1.520
b00155,boundary,bytes_262144_+1,copy_contiguous,candidate,3,ABBA,copy_contiguous,process,262145,256,4,54215100a825da9eb7cfbd8f045e54ef05fb29bd,false,1b36f48efea63210dfeeee7270dea968ab5ba58da27f90aa42845eb8a64a6649,12b1dafe765a77d1a17115b0ae12cff973f20ed7d6d770fbd790695fe081288e,0e4833553be7825885da5ea99bceab292cc8abee6414d58b31864afe8ca9f944,c89b17de3d4d36a4e106517b0737619bd65f0e2877d95adbf2f297762f71fb7b,6e938dfcd266a2b0eac811d7ea7eabbd5b217965f88efa81371465134dbcab11,2026-07-15T19:02:34.008241+00:00,8o8-arch,7.0.12-arch1-1,AMD Ryzen 9 3900X 12-Core Processor,"logical=24,cores=12,sockets=1,nodes=1",performance,rustc 1.97.0 (2d8144b78 2026-07-07),22.1.6,cargo 1.97.0 (c980f4866 2026-06-30),"release,lto=thin,debug=true",/home/bob/.cache/mess-bench,/dev/nvme0n1p3,ext4,/home,Samsung SSD 970 EVO Plus 2TB,[none] mq-deadline kyber bfq,249460764672,4096,1024,payload[i]=(i*131+17)&0xff,1.51904296875,accepted,,256,bytes,65536,67109120,256,0,0,0,67109120,0,9634992,9688713,37360,42350,44550,908,909,1.520,1.520
b00156,boundary,bytes_262144_+1,copy_contiguous,baseline,4,ABBA,k_pwrite,process,262145,256,4,54215100a825da9eb7cfbd8f045e54ef05fb29bd,false,1b36f48efea63210dfeeee7270dea968ab5ba58da27f90aa42845eb8a64a6649,12b1dafe765a77d1a17115b0ae12cff973f20ed7d6d770fbd790695fe081288e,0e4833553be7825885da5ea99bceab292cc8abee6414d58b31864afe8ca9f944,c89b17de3d4d36a4e106517b0737619bd65f0e2877d95adbf2f297762f71fb7b,6e938dfcd266a2b0eac811d7ea7eabbd5b217965f88efa81371465134dbcab11,2026-07-15T19:02:35.038495+00:00,8o8-arch,7.0.12-arch1-1,AMD Ryzen 9 3900X 12-Core Processor,"logical=24,cores=12,sockets=1,nodes=1",performance,rustc 1.97.0 (2d8144b78 2026-07-07),22.1.6,cargo 1.97.0 (c980f4866 2026-06-30),"release,lto=thin,debug=true",/home/bob/.cache/mess-bench,/dev/nvme0n1p3,ext4,/home,Samsung SSD 970 EVO Plus 2TB,[none] mq-deadline kyber bfq,249460740096,4096,1024,payload[i]=(i*131+17)&0xff,1.51904296875,accepted,,256,bytes,65536,67109120,65536,0,0,0,0,0,58651315,59183548,227180,249959,272750,908,909,1.520,1.520
b00157,boundary,bytes_1048576_-1,pwritev_full_1m,candidate,1,BAAB,pwritev_full_1m,process,1048575,256,4,54215100a825da9eb7cfbd8f045e54ef05fb29bd,false,1b36f48efea63210dfeeee7270dea968ab5ba58da27f90aa42845eb8a64a6649,12b1dafe765a77d1a17115b0ae12cff973f20ed7d6d770fbd790695fe081288e,0e4833553be7825885da5ea99bceab292cc8abee6414d58b31864afe8ca9f944,c89b17de3d4d36a4e106517b0737619bd65f0e2877d95adbf2f297762f71fb7b,6e938dfcd266a2b0eac811d7ea7eabbd5b217965f88efa81371465134dbcab11,2026-07-15T19:02:36.067669+00:00,8o8-arch,7.0.12-arch1-1,AMD Ryzen 9 3900X 12-Core Processor,"logical=24,cores=12,sockets=1,nodes=1",performance,rustc 1.97.0 (2d8144b78 2026-07-07),22.1.6,cargo 1.97.0 (c980f4866 2026-06-30),"release,lto=thin,debug=true",/home/bob/.cache/mess-bench,/dev/nvme0n1p3,ext4,/home,Samsung SSD 970 EVO Plus 2TB,[none] mq-deadline kyber bfq,249460740096,4096,1024,payload[i]=(i*131+17)&0xff,1.5576171875,accepted,,65,bytes,16640,68157375,65,0,0,256,0,0,5678221,5728336,83650,102750,103490,3979,3980,1.560,1.560
b00158,boundary,bytes_1048576_-1,pwritev_full_1m,baseline,2,BAAB,k_pwrite,process,1048575,256,4,54215100a825da9eb7cfbd8f045e54ef05fb29bd,false,1b36f48efea63210dfeeee7270dea968ab5ba58da27f90aa42845eb8a64a6649,12b1dafe765a77d1a17115b0ae12cff973f20ed7d6d770fbd790695fe081288e,0e4833553be7825885da5ea99bceab292cc8abee6414d58b31864afe8ca9f944,c89b17de3d4d36a4e106517b0737619bd65f0e2877d95adbf2f297762f71fb7b,6e938dfcd266a2b0eac811d7ea7eabbd5b217965f88efa81371465134dbcab11,2026-07-15T19:02:37.089253+00:00,8o8-arch,7.0.12-arch1-1,AMD Ryzen 9 3900X 12-Core Processor,"logical=24,cores=12,sockets=1,nodes=1",performance,rustc 1.97.0 (2d8144b78 2026-07-07),22.1.6,cargo 1.97.0 (c980f4866 2026-06-30),"release,lto=thin,debug=true",/home/bob/.cache/mess-bench,/dev/nvme0n1p3,ext4,/home,Samsung SSD 970 EVO Plus 2TB,[none] mq-deadline kyber bfq,249460740096,4096,1024,payload[i]=(i*131+17)&0xff,1.5576171875,accepted,,65,bytes,16640,68157375,16640,0,0,0,0,0,22398096,22591104,344360,369250,373769,3979,3980,1.560,1.560
b00159,boundary,bytes_1048576_-1,pwritev_full_1m,baseline,3,BAAB,k_pwrite,process,1048575,256,4,54215100a825da9eb7cfbd8f045e54ef05fb29bd,false,1b36f48efea63210dfeeee7270dea968ab5ba58da27f90aa42845eb8a64a6649,12b1dafe765a77d1a17115b0ae12cff973f20ed7d6d770fbd790695fe081288e,0e4833553be7825885da5ea99bceab292cc8abee6414d58b31864afe8ca9f944,c89b17de3d4d36a4e106517b0737619bd65f0e2877d95adbf2f297762f71fb7b,6e938dfcd266a2b0eac811d7ea7eabbd5b217965f88efa81371465134dbcab11,2026-07-15T19:02:38.116474+00:00,8o8-arch,7.0.12-arch1-1,AMD Ryzen 9 3900X 12-Core Processor,"logical=24,cores=12,sockets=1,nodes=1",performance,rustc 1.97.0 (2d8144b78 2026-07-07),22.1.6,cargo 1.97.0 (c980f4866 2026-06-30),"release,lto=thin,debug=true",/home/bob/.cache/mess-bench,/dev/nvme0n1p3,ext4,/home,Samsung SSD 970 EVO Plus 2TB,[none] mq-deadline kyber bfq,249460740096,4096,1024,payload[i]=(i*131+17)&0xff,1.5576171875,accepted,,65,bytes,16640,68157375,16640,0,0,0,0,0,22335205,22485844,344360,358860,362529,3979,3980,1.560,1.560
b00160,boundary,bytes_1048576_-1,pwritev_full_1m,candidate,4,BAAB,pwritev_full_1m,process,1048575,256,4,54215100a825da9eb7cfbd8f045e54ef05fb29bd,false,1b36f48efea63210dfeeee7270dea968ab5ba58da27f90aa42845eb8a64a6649,12b1dafe765a77d1a17115b0ae12cff973f20ed7d6d770fbd790695fe081288e,0e4833553be7825885da5ea99bceab292cc8abee6414d58b31864afe8ca9f944,c89b17de3d4d36a4e106517b0737619bd65f0e2877d95adbf2f297762f71fb7b,6e938dfcd266a2b0eac811d7ea7eabbd5b217965f88efa81371465134dbcab11,2026-07-15T19:02:39.150826+00:00,8o8-arch,7.0.12-arch1-1,AMD Ryzen 9 3900X 12-Core Processor,"logical=24,cores=12,sockets=1,nodes=1",performance,rustc 1.97.0 (2d8144b78 2026-07-07),22.1.6,cargo 1.97.0 (c980f4866 2026-06-30),"release,lto=thin,debug=true",/home/bob/.cache/mess-bench,/dev/nvme0n1p3,ext4,/home,Samsung SSD 970 EVO Plus 2TB,[none] mq-deadline kyber bfq,249460736000,4096,1024,payload[i]=(i*131+17)&0xff,1.5576171875,accepted,,65,bytes,16640,68157375,65,0,0,256,0,0,5623392,5652886,81440,101540,103230,3979,3980,1.560,1.560
b00161,boundary,bytes_1048576_-1,pwritev_64_1m,baseline,1,ABBA,k_pwrite,process,1048575,256,4,54215100a825da9eb7cfbd8f045e54ef05fb29bd,false,1b36f48efea63210dfeeee7270dea968ab5ba58da27f90aa42845eb8a64a6649,12b1dafe765a77d1a17115b0ae12cff973f20ed7d6d770fbd790695fe081288e,0e4833553be7825885da5ea99bceab292cc8abee6414d58b31864afe8ca9f944,c89b17de3d4d36a4e106517b0737619bd65f0e2877d95adbf2f297762f71fb7b,6e938dfcd266a2b0eac811d7ea7eabbd5b217965f88efa81371465134dbcab11,2026-07-15T19:02:40.179343+00:00,8o8-arch,7.0.12-arch1-1,AMD Ryzen 9 3900X 12-Core Processor,"logical=24,cores=12,sockets=1,nodes=1",performance,rustc 1.97.0 (2d8144b78 2026-07-07),22.1.6,cargo 1.97.0 (c980f4866 2026-06-30),"release,lto=thin,debug=true",/home/bob/.cache/mess-bench,/dev/nvme0n1p3,ext4,/home,Samsung SSD 970 EVO Plus 2TB,[none] mq-deadline kyber bfq,249460731904,4096,1024,payload[i]=(i*131+17)&0xff,1.5576171875,accepted,,65,bytes,16640,68157375,16640,0,0,0,0,0,22427145,22585443,344650,360250,402960,3979,3980,1.560,1.560
b00162,boundary,bytes_1048576_-1,pwritev_64_1m,candidate,2,ABBA,pwritev_64_1m,process,1048575,256,4,54215100a825da9eb7cfbd8f045e54ef05fb29bd,false,1b36f48efea63210dfeeee7270dea968ab5ba58da27f90aa42845eb8a64a6649,12b1dafe765a77d1a17115b0ae12cff973f20ed7d6d770fbd790695fe081288e,0e4833553be7825885da5ea99bceab292cc8abee6414d58b31864afe8ca9f944,c89b17de3d4d36a4e106517b0737619bd65f0e2877d95adbf2f297762f71fb7b,6e938dfcd266a2b0eac811d7ea7eabbd5b217965f88efa81371465134dbcab11,2026-07-15T19:02:41.201257+00:00,8o8-arch,7.0.12-arch1-1,AMD Ryzen 9 3900X 12-Core Processor,"logical=24,cores=12,sockets=1,nodes=1",performance,rustc 1.97.0 (2d8144b78 2026-07-07),22.1.6,cargo 1.97.0 (c980f4866 2026-06-30),"release,lto=thin,debug=true",/home/bob/.cache/mess-bench,/dev/nvme0n1p3,ext4,/home,Samsung SSD 970 EVO Plus 2TB,[none] mq-deadline kyber bfq,249460699136,4096,1024,payload[i]=(i*131+17)&0xff,1.59326171875,accepted,,65,bytes,16640,68157375,260,0,0,64,0,0,6139861,6176866,92760,107270,108630,3979,3980,1.590,1.590
b00163,boundary,bytes_1048576_-1,pwritev_64_1m,candidate,3,ABBA,pwritev_64_1m,process,1048575,256,4,54215100a825da9eb7cfbd8f045e54ef05fb29bd,false,1b36f48efea63210dfeeee7270dea968ab5ba58da27f90aa42845eb8a64a6649,12b1dafe765a77d1a17115b0ae12cff973f20ed7d6d770fbd790695fe081288e,0e4833553be7825885da5ea99bceab292cc8abee6414d58b31864afe8ca9f944,c89b17de3d4d36a4e106517b0737619bd65f0e2877d95adbf2f297762f71fb7b,6e938dfcd266a2b0eac811d7ea7eabbd5b217965f88efa81371465134dbcab11,2026-07-15T19:02:42.231146+00:00,8o8-arch,7.0.12-arch1-1,AMD Ryzen 9 3900X 12-Core Processor,"logical=24,cores=12,sockets=1,nodes=1",performance,rustc 1.97.0 (2d8144b78 2026-07-07),22.1.6,cargo 1.97.0 (c980f4866 2026-06-30),"release,lto=thin,debug=true",/home/bob/.cache/mess-bench,/dev/nvme0n1p3,ext4,/home,Samsung SSD 970 EVO Plus 2TB,[none] mq-deadline kyber bfq,249460731904,4096,1024,payload[i]=(i*131+17)&0xff,1.59326171875,accepted,,65,bytes,16640,68157375,260,0,0,64,0,0,6320772,6386026,92130,122890,161040,3979,3980,1.590,1.590
b00164,boundary,bytes_1048576_-1,pwritev_64_1m,baseline,4,ABBA,k_pwrite,process,1048575,256,4,54215100a825da9eb7cfbd8f045e54ef05fb29bd,false,1b36f48efea63210dfeeee7270dea968ab5ba58da27f90aa42845eb8a64a6649,12b1dafe765a77d1a17115b0ae12cff973f20ed7d6d770fbd790695fe081288e,0e4833553be7825885da5ea99bceab292cc8abee6414d58b31864afe8ca9f944,c89b17de3d4d36a4e106517b0737619bd65f0e2877d95adbf2f297762f71fb7b,6e938dfcd266a2b0eac811d7ea7eabbd5b217965f88efa81371465134dbcab11,2026-07-15T19:02:43.259836+00:00,8o8-arch,7.0.12-arch1-1,AMD Ryzen 9 3900X 12-Core Processor,"logical=24,cores=12,sockets=1,nodes=1",performance,rustc 1.97.0 (2d8144b78 2026-07-07),22.1.6,cargo 1.97.0 (c980f4866 2026-06-30),"release,lto=thin,debug=true",/home/bob/.cache/mess-bench,/dev/nvme0n1p3,ext4,/home,Samsung SSD 970 EVO Plus 2TB,[none] mq-deadline kyber bfq,249460727808,4096,1024,payload[i]=(i*131+17)&0xff,1.59326171875,accepted,,65,bytes,16640,68157375,16640,0,0,0,0,0,23361176,23547154,347280,433889,443130,3979,3980,1.590,1.590
b00165,boundary,bytes_1048576_-1,copy_contiguous,candidate,1,BAAB,copy_contiguous,process,1048575,256,4,54215100a825da9eb7cfbd8f045e54ef05fb29bd,false,1b36f48efea63210dfeeee7270dea968ab5ba58da27f90aa42845eb8a64a6649,12b1dafe765a77d1a17115b0ae12cff973f20ed7d6d770fbd790695fe081288e,0e4833553be7825885da5ea99bceab292cc8abee6414d58b31864afe8ca9f944,c89b17de3d4d36a4e106517b0737619bd65f0e2877d95adbf2f297762f71fb7b,6e938dfcd266a2b0eac811d7ea7eabbd5b217965f88efa81371465134dbcab11,2026-07-15T19:02:44.289011+00:00,8o8-arch,7.0.12-arch1-1,AMD Ryzen 9 3900X 12-Core Processor,"logical=24,cores=12,sockets=1,nodes=1",performance,rustc 1.97.0 (2d8144b78 2026-07-07),22.1.6,cargo 1.97.0 (c980f4866 2026-06-30),"release,lto=thin,debug=true",/home/bob/.cache/mess-bench,/dev/nvme0n1p3,ext4,/home,Samsung SSD 970 EVO Plus 2TB,[none] mq-deadline kyber bfq,249460727808,4096,1024,payload[i]=(i*131+17)&0xff,1.59326171875,accepted,,65,bytes,16640,68157375,65,0,0,0,68157375,0,10186362,10258923,155490,162619,186940,3979,3980,1.590,1.590
b00166,boundary,bytes_1048576_-1,copy_contiguous,baseline,2,BAAB,k_pwrite,process,1048575,256,4,54215100a825da9eb7cfbd8f045e54ef05fb29bd,false,1b36f48efea63210dfeeee7270dea968ab5ba58da27f90aa42845eb8a64a6649,12b1dafe765a77d1a17115b0ae12cff973f20ed7d6d770fbd790695fe081288e,0e4833553be7825885da5ea99bceab292cc8abee6414d58b31864afe8ca9f944,c89b17de3d4d36a4e106517b0737619bd65f0e2877d95adbf2f297762f71fb7b,6e938dfcd266a2b0eac811d7ea7eabbd5b217965f88efa81371465134dbcab11,2026-07-15T19:02:45.317147+00:00,8o8-arch,7.0.12-arch1-1,AMD Ryzen 9 3900X 12-Core Processor,"logical=24,cores=12,sockets=1,nodes=1",performance,rustc 1.97.0 (2d8144b78 2026-07-07),22.1.6,cargo 1.97.0 (c980f4866 2026-06-30),"release,lto=thin,debug=true",/home/bob/.cache/mess-bench,/dev/nvme0n1p3,ext4,/home,Samsung SSD 970 EVO Plus 2TB,[none] mq-deadline kyber bfq,249460727808,4096,1024,payload[i]=(i*131+17)&0xff,1.59326171875,accepted,,65,bytes,16640,68157375,16640,0,0,0,0,0,22721965,22894743,347109,408680,426569,3979,3980,1.590,1.590
b00167,boundary,bytes_1048576_-1,copy_contiguous,baseline,3,BAAB,k_pwrite,process,1048575,256,4,54215100a825da9eb7cfbd8f045e54ef05fb29bd,false,1b36f48efea63210dfeeee7270dea968ab5ba58da27f90aa42845eb8a64a6649,12b1dafe765a77d1a17115b0ae12cff973f20ed7d6d770fbd790695fe081288e,0e4833553be7825885da5ea99bceab292cc8abee6414d58b31864afe8ca9f944,c89b17de3d4d36a4e106517b0737619bd65f0e2877d95adbf2f297762f71fb7b,6e938dfcd266a2b0eac811d7ea7eabbd5b217965f88efa81371465134dbcab11,2026-07-15T19:02:46.346003+00:00,8o8-arch,7.0.12-arch1-1,AMD Ryzen 9 3900X 12-Core Processor,"logical=24,cores=12,sockets=1,nodes=1",performance,rustc 1.97.0 (2d8144b78 2026-07-07),22.1.6,cargo 1.97.0 (c980f4866 2026-06-30),"release,lto=thin,debug=true",/home/bob/.cache/mess-bench,/dev/nvme0n1p3,ext4,/home,Samsung SSD 970 EVO Plus 2TB,[none] mq-deadline kyber bfq,249460727808,4096,1024,payload[i]=(i*131+17)&0xff,1.54541015625,accepted,,65,bytes,16640,68157375,16640,0,0,0,0,0,22654156,22819284,345869,418260,426140,3979,3980,1.550,1.550
b00168,boundary,bytes_1048576_-1,copy_contiguous,candidate,4,BAAB,copy_contiguous,process,1048575,256,4,54215100a825da9eb7cfbd8f045e54ef05fb29bd,false,1b36f48efea63210dfeeee7270dea968ab5ba58da27f90aa42845eb8a64a6649,12b1dafe765a77d1a17115b0ae12cff973f20ed7d6d770fbd790695fe081288e,0e4833553be7825885da5ea99bceab292cc8abee6414d58b31864afe8ca9f944,c89b17de3d4d36a4e106517b0737619bd65f0e2877d95adbf2f297762f71fb7b,6e938dfcd266a2b0eac811d7ea7eabbd5b217965f88efa81371465134dbcab11,2026-07-15T19:02:47.374011+00:00,8o8-arch,7.0.12-arch1-1,AMD Ryzen 9 3900X 12-Core Processor,"logical=24,cores=12,sockets=1,nodes=1",performance,rustc 1.97.0 (2d8144b78 2026-07-07),22.1.6,cargo 1.97.0 (c980f4866 2026-06-30),"release,lto=thin,debug=true",/home/bob/.cache/mess-bench,/dev/nvme0n1p3,ext4,/home,Samsung SSD 970 EVO Plus 2TB,[none] mq-deadline kyber bfq,249460723712,4096,1024,payload[i]=(i*131+17)&0xff,1.54541015625,accepted,,65,bytes,16640,68157375,65,0,0,0,68157375,0,10228642,10288203,155120,165920,204820,3979,3980,1.550,1.550
b00169,boundary,bytes_1048576_+0,pwritev_full_1m,baseline,1,ABBA,k_pwrite,process,1048576,256,4,54215100a825da9eb7cfbd8f045e54ef05fb29bd,false,1b36f48efea63210dfeeee7270dea968ab5ba58da27f90aa42845eb8a64a6649,12b1dafe765a77d1a17115b0ae12cff973f20ed7d6d770fbd790695fe081288e,0e4833553be7825885da5ea99bceab292cc8abee6414d58b31864afe8ca9f944,c89b17de3d4d36a4e106517b0737619bd65f0e2877d95adbf2f297762f71fb7b,6e938dfcd266a2b0eac811d7ea7eabbd5b217965f88efa81371465134dbcab11,2026-07-15T19:02:48.403003+00:00,8o8-arch,7.0.12-arch1-1,AMD Ryzen 9 3900X 12-Core Processor,"logical=24,cores=12,sockets=1,nodes=1",performance,rustc 1.97.0 (2d8144b78 2026-07-07),22.1.6,cargo 1.97.0 (c980f4866 2026-06-30),"release,lto=thin,debug=true",/home/bob/.cache/mess-bench,/dev/nvme0n1p3,ext4,/home,Samsung SSD 970 EVO Plus 2TB,[none] mq-deadline kyber bfq,249460719616,4096,1024,payload[i]=(i*131+17)&0xff,1.54541015625,accepted,,64,bytes,16384,67108864,16384,0,0,0,0,0,22143355,22317594,342010,385200,452150,3980,3980,1.550,1.550
b00170,boundary,bytes_1048576_+0,pwritev_full_1m,candidate,2,ABBA,pwritev_full_1m,process,1048576,256,4,54215100a825da9eb7cfbd8f045e54ef05fb29bd,false,1b36f48efea63210dfeeee7270dea968ab5ba58da27f90aa42845eb8a64a6649,12b1dafe765a77d1a17115b0ae12cff973f20ed7d6d770fbd790695fe081288e,0e4833553be7825885da5ea99bceab292cc8abee6414d58b31864afe8ca9f944,c89b17de3d4d36a4e106517b0737619bd65f0e2877d95adbf2f297762f71fb7b,6e938dfcd266a2b0eac811d7ea7eabbd5b217965f88efa81371465134dbcab11,2026-07-15T19:02:49.432348+00:00,8o8-arch,7.0.12-arch1-1,AMD Ryzen 9 3900X 12-Core Processor,"logical=24,cores=12,sockets=1,nodes=1",performance,rustc 1.97.0 (2d8144b78 2026-07-07),22.1.6,cargo 1.97.0 (c980f4866 2026-06-30),"release,lto=thin,debug=true",/home/bob/.cache/mess-bench,/dev/nvme0n1p3,ext4,/home,Samsung SSD 970 EVO Plus 2TB,[none] mq-deadline kyber bfq,249460719616,4096,1024,payload[i]=(i*131+17)&0xff,1.54541015625,accepted,,64,bytes,16384,67108864,64,0,0,256,0,0,5295101,5340816,80300,92609,146860,3980,3980,1.550,1.550
b00171,boundary,bytes_1048576_+0,pwritev_full_1m,candidate,3,ABBA,pwritev_full_1m,process,1048576,256,4,54215100a825da9eb7cfbd8f045e54ef05fb29bd,false,1b36f48efea63210dfeeee7270dea968ab5ba58da27f90aa42845eb8a64a6649,12b1dafe765a77d1a17115b0ae12cff973f20ed7d6d770fbd790695fe081288e,0e4833553be7825885da5ea99bceab292cc8abee6414d58b31864afe8ca9f944,c89b17de3d4d36a4e106517b0737619bd65f0e2877d95adbf2f297762f71fb7b,6e938dfcd266a2b0eac811d7ea7eabbd5b217965f88efa81371465134dbcab11,2026-07-15T19:02:50.460188+00:00,8o8-arch,7.0.12-arch1-1,AMD Ryzen 9 3900X 12-Core Processor,"logical=24,cores=12,sockets=1,nodes=1",performance,rustc 1.97.0 (2d8144b78 2026-07-07),22.1.6,cargo 1.97.0 (c980f4866 2026-06-30),"release,lto=thin,debug=true",/home/bob/.cache/mess-bench,/dev/nvme0n1p3,ext4,/home,Samsung SSD 970 EVO Plus 2TB,[none] mq-deadline kyber bfq,249460715520,4096,1024,payload[i]=(i*131+17)&0xff,1.54541015625,accepted,,64,bytes,16384,67108864,64,0,0,256,0,0,5160691,5193867,80220,87420,99130,3980,3980,1.550,1.550
b00172,boundary,bytes_1048576_+0,pwritev_full_1m,baseline,4,ABBA,k_pwrite,process,1048576,256,4,54215100a825da9eb7cfbd8f045e54ef05fb29bd,false,1b36f48efea63210dfeeee7270dea968ab5ba58da27f90aa42845eb8a64a6649,12b1dafe765a77d1a17115b0ae12cff973f20ed7d6d770fbd790695fe081288e,0e4833553be7825885da5ea99bceab292cc8abee6414d58b31864afe8ca9f944,c89b17de3d4d36a4e106517b0737619bd65f0e2877d95adbf2f297762f71fb7b,6e938dfcd266a2b0eac811d7ea7eabbd5b217965f88efa81371465134dbcab11,2026-07-15T19:02:51.499228+00:00,8o8-arch,7.0.12-arch1-1,AMD Ryzen 9 3900X 12-Core Processor,"logical=24,cores=12,sockets=1,nodes=1",performance,rustc 1.97.0 (2d8144b78 2026-07-07),22.1.6,cargo 1.97.0 (c980f4866 2026-06-30),"release,lto=thin,debug=true",/home/bob/.cache/mess-bench,/dev/nvme0n1p3,ext4,/home,Samsung SSD 970 EVO Plus 2TB,[none] mq-deadline kyber bfq,249460711424,4096,1024,payload[i]=(i*131+17)&0xff,1.42138671875,accepted,,64,bytes,16384,67108864,16384,0,0,0,0,0,21832336,22002534,342810,356580,358980,3980,3980,1.420,1.420
b00173,boundary,bytes_1048576_+0,pwritev_64_1m,candidate,1,BAAB,pwritev_64_1m,process,1048576,256,4,54215100a825da9eb7cfbd8f045e54ef05fb29bd,false,1b36f48efea63210dfeeee7270dea968ab5ba58da27f90aa42845eb8a64a6649,12b1dafe765a77d1a17115b0ae12cff973f20ed7d6d770fbd790695fe081288e,0e4833553be7825885da5ea99bceab292cc8abee6414d58b31864afe8ca9f944,c89b17de3d4d36a4e106517b0737619bd65f0e2877d95adbf2f297762f71fb7b,6e938dfcd266a2b0eac811d7ea7eabbd5b217965f88efa81371465134dbcab11,2026-07-15T19:02:52.526442+00:00,8o8-arch,7.0.12-arch1-1,AMD Ryzen 9 3900X 12-Core Processor,"logical=24,cores=12,sockets=1,nodes=1",performance,rustc 1.97.0 (2d8144b78 2026-07-07),22.1.6,cargo 1.97.0 (c980f4866 2026-06-30),"release,lto=thin,debug=true",/home/bob/.cache/mess-bench,/dev/nvme0n1p3,ext4,/home,Samsung SSD 970 EVO Plus 2TB,[none] mq-deadline kyber bfq,249460711424,4096,1024,payload[i]=(i*131+17)&0xff,1.42138671875,accepted,,64,bytes,16384,67108864,256,0,0,64,0,0,6111301,6168356,90930,115800,117830,3980,3980,1.420,1.420
b00174,boundary,bytes_1048576_+0,pwritev_64_1m,baseline,2,BAAB,k_pwrite,process,1048576,256,4,54215100a825da9eb7cfbd8f045e54ef05fb29bd,false,1b36f48efea63210dfeeee7270dea968ab5ba58da27f90aa42845eb8a64a6649,12b1dafe765a77d1a17115b0ae12cff973f20ed7d6d770fbd790695fe081288e,0e4833553be7825885da5ea99bceab292cc8abee6414d58b31864afe8ca9f944,c89b17de3d4d36a4e106517b0737619bd65f0e2877d95adbf2f297762f71fb7b,6e938dfcd266a2b0eac811d7ea7eabbd5b217965f88efa81371465134dbcab11,2026-07-15T19:02:53.556363+00:00,8o8-arch,7.0.12-arch1-1,AMD Ryzen 9 3900X 12-Core Processor,"logical=24,cores=12,sockets=1,nodes=1",performance,rustc 1.97.0 (2d8144b78 2026-07-07),22.1.6,cargo 1.97.0 (c980f4866 2026-06-30),"release,lto=thin,debug=true",/home/bob/.cache/mess-bench,/dev/nvme0n1p3,ext4,/home,Samsung SSD 970 EVO Plus 2TB,[none] mq-deadline kyber bfq,249460711424,4096,1024,payload[i]=(i*131+17)&0xff,1.42138671875,accepted,,64,bytes,16384,67108864,16384,0,0,0,0,0,22753475,22951604,346429,428850,447329,3980,3980,1.420,1.420
b00175,boundary,bytes_1048576_+0,pwritev_64_1m,baseline,3,BAAB,k_pwrite,process,1048576,256,4,54215100a825da9eb7cfbd8f045e54ef05fb29bd,false,1b36f48efea63210dfeeee7270dea968ab5ba58da27f90aa42845eb8a64a6649,12b1dafe765a77d1a17115b0ae12cff973f20ed7d6d770fbd790695fe081288e,0e4833553be7825885da5ea99bceab292cc8abee6414d58b31864afe8ca9f944,c89b17de3d4d36a4e106517b0737619bd65f0e2877d95adbf2f297762f71fb7b,6e938dfcd266a2b0eac811d7ea7eabbd5b217965f88efa81371465134dbcab11,2026-07-15T19:02:54.581481+00:00,8o8-arch,7.0.12-arch1-1,AMD Ryzen 9 3900X 12-Core Processor,"logical=24,cores=12,sockets=1,nodes=1",performance,rustc 1.97.0 (2d8144b78 2026-07-07),22.1.6,cargo 1.97.0 (c980f4866 2026-06-30),"release,lto=thin,debug=true",/home/bob/.cache/mess-bench,/dev/nvme0n1p3,ext4,/home,Samsung SSD 970 EVO Plus 2TB,[none] mq-deadline kyber bfq,249460707328,4096,1024,payload[i]=(i*131+17)&0xff,1.42138671875,accepted,,64,bytes,16384,67108864,16384,0,0,0,0,0,21980815,22147434,343650,357650,360270,3980,3980,1.420,1.420
b00176,boundary,bytes_1048576_+0,pwritev_64_1m,candidate,4,BAAB,pwritev_64_1m,process,1048576,256,4,54215100a825da9eb7cfbd8f045e54ef05fb29bd,false,1b36f48efea63210dfeeee7270dea968ab5ba58da27f90aa42845eb8a64a6649,12b1dafe765a77d1a17115b0ae12cff973f20ed7d6d770fbd790695fe081288e,0e4833553be7825885da5ea99bceab292cc8abee6414d58b31864afe8ca9f944,c89b17de3d4d36a4e106517b0737619bd65f0e2877d95adbf2f297762f71fb7b,6e938dfcd266a2b0eac811d7ea7eabbd5b217965f88efa81371465134dbcab11,2026-07-15T19:02:55.610599+00:00,8o8-arch,7.0.12-arch1-1,AMD Ryzen 9 3900X 12-Core Processor,"logical=24,cores=12,sockets=1,nodes=1",performance,rustc 1.97.0 (2d8144b78 2026-07-07),22.1.6,cargo 1.97.0 (c980f4866 2026-06-30),"release,lto=thin,debug=true",/home/bob/.cache/mess-bench,/dev/nvme0n1p3,ext4,/home,Samsung SSD 970 EVO Plus 2TB,[none] mq-deadline kyber bfq,249460703232,4096,1024,payload[i]=(i*131+17)&0xff,1.42138671875,accepted,,64,bytes,16384,67108864,256,0,0,64,0,0,5919052,5959186,91320,102390,102870,3980,3980,1.420,1.420
b00177,boundary,bytes_1048576_+0,copy_contiguous,baseline,1,ABBA,k_pwrite,process,1048576,256,4,54215100a825da9eb7cfbd8f045e54ef05fb29bd,false,1b36f48efea63210dfeeee7270dea968ab5ba58da27f90aa42845eb8a64a6649,12b1dafe765a77d1a17115b0ae12cff973f20ed7d6d770fbd790695fe081288e,0e4833553be7825885da5ea99bceab292cc8abee6414d58b31864afe8ca9f944,c89b17de3d4d36a4e106517b0737619bd65f0e2877d95adbf2f297762f71fb7b,6e938dfcd266a2b0eac811d7ea7eabbd5b217965f88efa81371465134dbcab11,2026-07-15T19:02:56.633137+00:00,8o8-arch,7.0.12-arch1-1,AMD Ryzen 9 3900X 12-Core Processor,"logical=24,cores=12,sockets=1,nodes=1",performance,rustc 1.97.0 (2d8144b78 2026-07-07),22.1.6,cargo 1.97.0 (c980f4866 2026-06-30),"release,lto=thin,debug=true",/home/bob/.cache/mess-bench,/dev/nvme0n1p3,ext4,/home,Samsung SSD 970 EVO Plus 2TB,[none] mq-deadline kyber bfq,249460703232,4096,1024,payload[i]=(i*131+17)&0xff,1.30712890625,accepted,,64,bytes,16384,67108864,16384,0,0,0,0,0,22257345,22461544,346779,413640,421180,3980,3980,1.310,1.310
b00178,boundary,bytes_1048576_+0,copy_contiguous,candidate,2,ABBA,copy_contiguous,process,1048576,256,4,54215100a825da9eb7cfbd8f045e54ef05fb29bd,false,1b36f48efea63210dfeeee7270dea968ab5ba58da27f90aa42845eb8a64a6649,12b1dafe765a77d1a17115b0ae12cff973f20ed7d6d770fbd790695fe081288e,0e4833553be7825885da5ea99bceab292cc8abee6414d58b31864afe8ca9f944,c89b17de3d4d36a4e106517b0737619bd65f0e2877d95adbf2f297762f71fb7b,6e938dfcd266a2b0eac811d7ea7eabbd5b217965f88efa81371465134dbcab11,2026-07-15T19:02:57.661758+00:00,8o8-arch,7.0.12-arch1-1,AMD Ryzen 9 3900X 12-Core Processor,"logical=24,cores=12,sockets=1,nodes=1",performance,rustc 1.97.0 (2d8144b78 2026-07-07),22.1.6,cargo 1.97.0 (c980f4866 2026-06-30),"release,lto=thin,debug=true",/home/bob/.cache/mess-bench,/dev/nvme0n1p3,ext4,/home,Samsung SSD 970 EVO Plus 2TB,[none] mq-deadline kyber bfq,249460703232,4096,1024,payload[i]=(i*131+17)&0xff,1.30712890625,accepted,,64,bytes,16384,67108864,64,0,0,0,67108864,0,9936152,10022933,154870,167860,171290,3980,3980,1.310,1.310
b00179,boundary,bytes_1048576_+0,copy_contiguous,candidate,3,ABBA,copy_contiguous,process,1048576,256,4,54215100a825da9eb7cfbd8f045e54ef05fb29bd,false,1b36f48efea63210dfeeee7270dea968ab5ba58da27f90aa42845eb8a64a6649,12b1dafe765a77d1a17115b0ae12cff973f20ed7d6d770fbd790695fe081288e,0e4833553be7825885da5ea99bceab292cc8abee6414d58b31864afe8ca9f944,c89b17de3d4d36a4e106517b0737619bd65f0e2877d95adbf2f297762f71fb7b,6e938dfcd266a2b0eac811d7ea7eabbd5b217965f88efa81371465134dbcab11,2026-07-15T19:02:58.687762+00:00,8o8-arch,7.0.12-arch1-1,AMD Ryzen 9 3900X 12-Core Processor,"logical=24,cores=12,sockets=1,nodes=1",performance,rustc 1.97.0 (2d8144b78 2026-07-07),22.1.6,cargo 1.97.0 (c980f4866 2026-06-30),"release,lto=thin,debug=true",/home/bob/.cache/mess-bench,/dev/nvme0n1p3,ext4,/home,Samsung SSD 970 EVO Plus 2TB,[none] mq-deadline kyber bfq,249460703232,4096,1024,payload[i]=(i*131+17)&0xff,1.30712890625,accepted,,64,bytes,16384,67108864,64,0,0,0,67108864,0,9983473,10063563,154560,165509,170490,3980,3980,1.310,1.310
b00180,boundary,bytes_1048576_+0,copy_contiguous,baseline,4,ABBA,k_pwrite,process,1048576,256,4,54215100a825da9eb7cfbd8f045e54ef05fb29bd,false,1b36f48efea63210dfeeee7270dea968ab5ba58da27f90aa42845eb8a64a6649,12b1dafe765a77d1a17115b0ae12cff973f20ed7d6d770fbd790695fe081288e,0e4833553be7825885da5ea99bceab292cc8abee6414d58b31864afe8ca9f944,c89b17de3d4d36a4e106517b0737619bd65f0e2877d95adbf2f297762f71fb7b,6e938dfcd266a2b0eac811d7ea7eabbd5b217965f88efa81371465134dbcab11,2026-07-15T19:02:59.714291+00:00,8o8-arch,7.0.12-arch1-1,AMD Ryzen 9 3900X 12-Core Processor,"logical=24,cores=12,sockets=1,nodes=1",performance,rustc 1.97.0 (2d8144b78 2026-07-07),22.1.6,cargo 1.97.0 (c980f4866 2026-06-30),"release,lto=thin,debug=true",/home/bob/.cache/mess-bench,/dev/nvme0n1p3,ext4,/home,Samsung SSD 970 EVO Plus 2TB,[none] mq-deadline kyber bfq,249460699136,4096,1024,payload[i]=(i*131+17)&0xff,1.30712890625,accepted,,64,bytes,16384,67108864,16384,0,0,0,0,0,22580815,23329864,349630,421620,475920,3980,3980,1.310,1.310
b00181,boundary,bytes_1048576_+1,pwritev_full_1m,candidate,1,BAAB,pwritev_full_1m,process,1048577,256,4,54215100a825da9eb7cfbd8f045e54ef05fb29bd,false,1b36f48efea63210dfeeee7270dea968ab5ba58da27f90aa42845eb8a64a6649,12b1dafe765a77d1a17115b0ae12cff973f20ed7d6d770fbd790695fe081288e,0e4833553be7825885da5ea99bceab292cc8abee6414d58b31864afe8ca9f944,c89b17de3d4d36a4e106517b0737619bd65f0e2877d95adbf2f297762f71fb7b,6e938dfcd266a2b0eac811d7ea7eabbd5b217965f88efa81371465134dbcab11,2026-07-15T19:03:00.742609+00:00,8o8-arch,7.0.12-arch1-1,AMD Ryzen 9 3900X 12-Core Processor,"logical=24,cores=12,sockets=1,nodes=1",performance,rustc 1.97.0 (2d8144b78 2026-07-07),22.1.6,cargo 1.97.0 (c980f4866 2026-06-30),"release,lto=thin,debug=true",/home/bob/.cache/mess-bench,/dev/nvme0n1p3,ext4,/home,Samsung SSD 970 EVO Plus 2TB,[none] mq-deadline kyber bfq,249460699136,4096,1024,payload[i]=(i*131+17)&0xff,1.30712890625,accepted,,64,bytes,16384,67108928,128,0,0,256,0,0,5160662,5193426,79640,90870,98040,3980,3981,1.310,1.310
b00182,boundary,bytes_1048576_+1,pwritev_full_1m,baseline,2,BAAB,k_pwrite,process,1048577,256,4,54215100a825da9eb7cfbd8f045e54ef05fb29bd,false,1b36f48efea63210dfeeee7270dea968ab5ba58da27f90aa42845eb8a64a6649,12b1dafe765a77d1a17115b0ae12cff973f20ed7d6d770fbd790695fe081288e,0e4833553be7825885da5ea99bceab292cc8abee6414d58b31864afe8ca9f944,c89b17de3d4d36a4e106517b0737619bd65f0e2877d95adbf2f297762f71fb7b,6e938dfcd266a2b0eac811d7ea7eabbd5b217965f88efa81371465134dbcab11,2026-07-15T19:03:01.771537+00:00,8o8-arch,7.0.12-arch1-1,AMD Ryzen 9 3900X 12-Core Processor,"logical=24,cores=12,sockets=1,nodes=1",performance,rustc 1.97.0 (2d8144b78 2026-07-07),22.1.6,cargo 1.97.0 (c980f4866 2026-06-30),"release,lto=thin,debug=true",/home/bob/.cache/mess-bench,/dev/nvme0n1p3,ext4,/home,Samsung SSD 970 EVO Plus 2TB,[none] mq-deadline kyber bfq,249460695040,4096,1024,payload[i]=(i*131+17)&0xff,1.2021484375,accepted,,64,bytes,16384,67108928,16384,0,0,0,0,0,22277385,22607024,345790,412360,424400,3980,3981,1.200,1.200
b00183,boundary,bytes_1048576_+1,pwritev_full_1m,baseline,3,BAAB,k_pwrite,process,1048577,256,4,54215100a825da9eb7cfbd8f045e54ef05fb29bd,false,1b36f48efea63210dfeeee7270dea968ab5ba58da27f90aa42845eb8a64a6649,12b1dafe765a77d1a17115b0ae12cff973f20ed7d6d770fbd790695fe081288e,0e4833553be7825885da5ea99bceab292cc8abee6414d58b31864afe8ca9f944,c89b17de3d4d36a4e106517b0737619bd65f0e2877d95adbf2f297762f71fb7b,6e938dfcd266a2b0eac811d7ea7eabbd5b217965f88efa81371465134dbcab11,2026-07-15T19:03:02.799777+00:00,8o8-arch,7.0.12-arch1-1,AMD Ryzen 9 3900X 12-Core Processor,"logical=24,cores=12,sockets=1,nodes=1",performance,rustc 1.97.0 (2d8144b78 2026-07-07),22.1.6,cargo 1.97.0 (c980f4866 2026-06-30),"release,lto=thin,debug=true",/home/bob/.cache/mess-bench,/dev/nvme0n1p3,ext4,/home,Samsung SSD 970 EVO Plus 2TB,[none] mq-deadline kyber bfq,249460690944,4096,1024,payload[i]=(i*131+17)&0xff,1.2021484375,accepted,,64,bytes,16384,67108928,16384,0,0,0,0,0,22744176,22927734,346499,439040,443420,3980,3981,1.200,1.200
b00184,boundary,bytes_1048576_+1,pwritev_full_1m,candidate,4,BAAB,pwritev_full_1m,process,1048577,256,4,54215100a825da9eb7cfbd8f045e54ef05fb29bd,false,1b36f48efea63210dfeeee7270dea968ab5ba58da27f90aa42845eb8a64a6649,12b1dafe765a77d1a17115b0ae12cff973f20ed7d6d770fbd790695fe081288e,0e4833553be7825885da5ea99bceab292cc8abee6414d58b31864afe8ca9f944,c89b17de3d4d36a4e106517b0737619bd65f0e2877d95adbf2f297762f71fb7b,6e938dfcd266a2b0eac811d7ea7eabbd5b217965f88efa81371465134dbcab11,2026-07-15T19:03:03.828960+00:00,8o8-arch,7.0.12-arch1-1,AMD Ryzen 9 3900X 12-Core Processor,"logical=24,cores=12,sockets=1,nodes=1",performance,rustc 1.97.0 (2d8144b78 2026-07-07),22.1.6,cargo 1.97.0 (c980f4866 2026-06-30),"release,lto=thin,debug=true",/home/bob/.cache/mess-bench,/dev/nvme0n1p3,ext4,/home,Samsung SSD 970 EVO Plus 2TB,[none] mq-deadline kyber bfq,249460686848,4096,1024,payload[i]=(i*131+17)&0xff,1.2021484375,accepted,,64,bytes,16384,67108928,128,0,0,256,0,0,5315221,5352386,81220,94930,98840,3980,3981,1.200,1.200
b00185,boundary,bytes_1048576_+1,pwritev_full_4m,baseline,1,ABBA,k_pwrite,process,1048577,256,4,54215100a825da9eb7cfbd8f045e54ef05fb29bd,false,1b36f48efea63210dfeeee7270dea968ab5ba58da27f90aa42845eb8a64a6649,12b1dafe765a77d1a17115b0ae12cff973f20ed7d6d770fbd790695fe081288e,0e4833553be7825885da5ea99bceab292cc8abee6414d58b31864afe8ca9f944,c89b17de3d4d36a4e106517b0737619bd65f0e2877d95adbf2f297762f71fb7b,6e938dfcd266a2b0eac811d7ea7eabbd5b217965f88efa81371465134dbcab11,2026-07-15T19:03:04.857380+00:00,8o8-arch,7.0.12-arch1-1,AMD Ryzen 9 3900X 12-Core Processor,"logical=24,cores=12,sockets=1,nodes=1",performance,rustc 1.97.0 (2d8144b78 2026-07-07),22.1.6,cargo 1.97.0 (c980f4866 2026-06-30),"release,lto=thin,debug=true",/home/bob/.cache/mess-bench,/dev/nvme0n1p3,ext4,/home,Samsung SSD 970 EVO Plus 2TB,[none] mq-deadline kyber bfq,249460654080,4096,1024,payload[i]=(i*131+17)&0xff,1.2021484375,accepted,,64,bytes,16384,67108928,16384,0,0,0,0,0,22345624,22550434,346769,397950,424389,3980,3981,1.200,1.200
b00186,boundary,bytes_1048576_+1,pwritev_full_4m,candidate,2,ABBA,pwritev_full_4m,process,1048577,256,4,54215100a825da9eb7cfbd8f045e54ef05fb29bd,false,1b36f48efea63210dfeeee7270dea968ab5ba58da27f90aa42845eb8a64a6649,12b1dafe765a77d1a17115b0ae12cff973f20ed7d6d770fbd790695fe081288e,0e4833553be7825885da5ea99bceab292cc8abee6414d58b31864afe8ca9f944,c89b17de3d4d36a4e106517b0737619bd65f0e2877d95adbf2f297762f71fb7b,6e938dfcd266a2b0eac811d7ea7eabbd5b217965f88efa81371465134dbcab11,2026-07-15T19:03:05.885110+00:00,8o8-arch,7.0.12-arch1-1,AMD Ryzen 9 3900X 12-Core Processor,"logical=24,cores=12,sockets=1,nodes=1",performance,rustc 1.97.0 (2d8144b78 2026-07-07),22.1.6,cargo 1.97.0 (c980f4866 2026-06-30),"release,lto=thin,debug=true",/home/bob/.cache/mess-bench,/dev/nvme0n1p3,ext4,/home,Samsung SSD 970 EVO Plus 2TB,[none] mq-deadline kyber bfq,249460699136,4096,1024,payload[i]=(i*131+17)&0xff,1.2021484375,accepted,,64,bytes,16384,67108928,64,0,0,256,0,0,5120241,5152776,79200,86480,89110,3980,3981,1.200,1.200
b00187,boundary,bytes_1048576_+1,pwritev_full_4m,candidate,3,ABBA,pwritev_full_4m,process,1048577,256,4,54215100a825da9eb7cfbd8f045e54ef05fb29bd,false,1b36f48efea63210dfeeee7270dea968ab5ba58da27f90aa42845eb8a64a6649,12b1dafe765a77d1a17115b0ae12cff973f20ed7d6d770fbd790695fe081288e,0e4833553be7825885da5ea99bceab292cc8abee6414d58b31864afe8ca9f944,c89b17de3d4d36a4e106517b0737619bd65f0e2877d95adbf2f297762f71fb7b,6e938dfcd266a2b0eac811d7ea7eabbd5b217965f88efa81371465134dbcab11,2026-07-15T19:03:06.913026+00:00,8o8-arch,7.0.12-arch1-1,AMD Ryzen 9 3900X 12-Core Processor,"logical=24,cores=12,sockets=1,nodes=1",performance,rustc 1.97.0 (2d8144b78 2026-07-07),22.1.6,cargo 1.97.0 (c980f4866 2026-06-30),"release,lto=thin,debug=true",/home/bob/.cache/mess-bench,/dev/nvme0n1p3,ext4,/home,Samsung SSD 970 EVO Plus 2TB,[none] mq-deadline kyber bfq,249460699136,4096,1024,payload[i]=(i*131+17)&0xff,1.26611328125,accepted,,64,bytes,16384,67108928,64,0,0,256,0,0,5157962,5184456,78990,90600,97540,3980,3981,1.270,1.270
b00188,boundary,bytes_1048576_+1,pwritev_full_4m,baseline,4,ABBA,k_pwrite,process,1048577,256,4,54215100a825da9eb7cfbd8f045e54ef05fb29bd,false,1b36f48efea63210dfeeee7270dea968ab5ba58da27f90aa42845eb8a64a6649,12b1dafe765a77d1a17115b0ae12cff973f20ed7d6d770fbd790695fe081288e,0e4833553be7825885da5ea99bceab292cc8abee6414d58b31864afe8ca9f944,c89b17de3d4d36a4e106517b0737619bd65f0e2877d95adbf2f297762f71fb7b,6e938dfcd266a2b0eac811d7ea7eabbd5b217965f88efa81371465134dbcab11,2026-07-15T19:03:07.942029+00:00,8o8-arch,7.0.12-arch1-1,AMD Ryzen 9 3900X 12-Core Processor,"logical=24,cores=12,sockets=1,nodes=1",performance,rustc 1.97.0 (2d8144b78 2026-07-07),22.1.6,cargo 1.97.0 (c980f4866 2026-06-30),"release,lto=thin,debug=true",/home/bob/.cache/mess-bench,/dev/nvme0n1p3,ext4,/home,Samsung SSD 970 EVO Plus 2TB,[none] mq-deadline kyber bfq,249460686848,4096,1024,payload[i]=(i*131+17)&0xff,1.26611328125,accepted,,64,bytes,16384,67108928,16384,0,0,0,0,0,22481615,22694164,347940,405250,432670,3980,3981,1.270,1.270
b00189,boundary,bytes_1048576_+1,pwritev_64_1m,candidate,1,BAAB,pwritev_64_1m,process,1048577,256,4,54215100a825da9eb7cfbd8f045e54ef05fb29bd,false,1b36f48efea63210dfeeee7270dea968ab5ba58da27f90aa42845eb8a64a6649,12b1dafe765a77d1a17115b0ae12cff973f20ed7d6d770fbd790695fe081288e,0e4833553be7825885da5ea99bceab292cc8abee6414d58b31864afe8ca9f944,c89b17de3d4d36a4e106517b0737619bd65f0e2877d95adbf2f297762f71fb7b,6e938dfcd266a2b0eac811d7ea7eabbd5b217965f88efa81371465134dbcab11,2026-07-15T19:03:08.971338+00:00,8o8-arch,7.0.12-arch1-1,AMD Ryzen 9 3900X 12-Core Processor,"logical=24,cores=12,sockets=1,nodes=1",performance,rustc 1.97.0 (2d8144b78 2026-07-07),22.1.6,cargo 1.97.0 (c980f4866 2026-06-30),"release,lto=thin,debug=true",/home/bob/.cache/mess-bench,/dev/nvme0n1p3,ext4,/home,Samsung SSD 970 EVO Plus 2TB,[none] mq-deadline kyber bfq,249460678656,4096,1024,payload[i]=(i*131+17)&0xff,1.26611328125,accepted,,64,bytes,16384,67108928,256,0,0,64,0,0,5943391,5987755,91040,102860,114510,3980,3981,1.270,1.270
b00190,boundary,bytes_1048576_+1,pwritev_64_1m,baseline,2,BAAB,k_pwrite,process,1048577,256,4,54215100a825da9eb7cfbd8f045e54ef05fb29bd,false,1b36f48efea63210dfeeee7270dea968ab5ba58da27f90aa42845eb8a64a6649,12b1dafe765a77d1a17115b0ae12cff973f20ed7d6d770fbd790695fe081288e,0e4833553be7825885da5ea99bceab292cc8abee6414d58b31864afe8ca9f944,c89b17de3d4d36a4e106517b0737619bd65f0e2877d95adbf2f297762f71fb7b,6e938dfcd266a2b0eac811d7ea7eabbd5b217965f88efa81371465134dbcab11,2026-07-15T19:03:09.999046+00:00,8o8-arch,7.0.12-arch1-1,AMD Ryzen 9 3900X 12-Core Processor,"logical=24,cores=12,sockets=1,nodes=1",performance,rustc 1.97.0 (2d8144b78 2026-07-07),22.1.6,cargo 1.97.0 (c980f4866 2026-06-30),"release,lto=thin,debug=true",/home/bob/.cache/mess-bench,/dev/nvme0n1p3,ext4,/home,Samsung SSD 970 EVO Plus 2TB,[none] mq-deadline kyber bfq,249460674560,4096,1024,payload[i]=(i*131+17)&0xff,1.26611328125,accepted,,64,bytes,16384,67108928,16384,0,0,0,0,0,22060576,22247544,344280,359470,367740,3980,3981,1.270,1.270
b00191,boundary,bytes_1048576_+1,pwritev_64_1m,baseline,3,BAAB,k_pwrite,process,1048577,256,4,54215100a825da9eb7cfbd8f045e54ef05fb29bd,false,1b36f48efea63210dfeeee7270dea968ab5ba58da27f90aa42845eb8a64a6649,12b1dafe765a77d1a17115b0ae12cff973f20ed7d6d770fbd790695fe081288e,0e4833553be7825885da5ea99bceab292cc8abee6414d58b31864afe8ca9f944,c89b17de3d4d36a4e106517b0737619bd65f0e2877d95adbf2f297762f71fb7b,6e938dfcd266a2b0eac811d7ea7eabbd5b217965f88efa81371465134dbcab11,2026-07-15T19:03:11.019788+00:00,8o8-arch,7.0.12-arch1-1,AMD Ryzen 9 3900X 12-Core Processor,"logical=24,cores=12,sockets=1,nodes=1",performance,rustc 1.97.0 (2d8144b78 2026-07-07),22.1.6,cargo 1.97.0 (c980f4866 2026-06-30),"release,lto=thin,debug=true",/home/bob/.cache/mess-bench,/dev/nvme0n1p3,ext4,/home,Samsung SSD 970 EVO Plus 2TB,[none] mq-deadline kyber bfq,249460670464,4096,1024,payload[i]=(i*131+17)&0xff,1.26611328125,accepted,,64,bytes,16384,67108928,16384,0,0,0,0,0,21918645,22070485,344820,357900,366230,3980,3981,1.270,1.270
b00192,boundary,bytes_1048576_+1,pwritev_64_1m,candidate,4,BAAB,pwritev_64_1m,process,1048577,256,4,54215100a825da9eb7cfbd8f045e54ef05fb29bd,false,1b36f48efea63210dfeeee7270dea968ab5ba58da27f90aa42845eb8a64a6649,12b1dafe765a77d1a17115b0ae12cff973f20ed7d6d770fbd790695fe081288e,0e4833553be7825885da5ea99bceab292cc8abee6414d58b31864afe8ca9f944,c89b17de3d4d36a4e106517b0737619bd65f0e2877d95adbf2f297762f71fb7b,6e938dfcd266a2b0eac811d7ea7eabbd5b217965f88efa81371465134dbcab11,2026-07-15T19:03:12.050320+00:00,8o8-arch,7.0.12-arch1-1,AMD Ryzen 9 3900X 12-Core Processor,"logical=24,cores=12,sockets=1,nodes=1",performance,rustc 1.97.0 (2d8144b78 2026-07-07),22.1.6,cargo 1.97.0 (c980f4866 2026-06-30),"release,lto=thin,debug=true",/home/bob/.cache/mess-bench,/dev/nvme0n1p3,ext4,/home,Samsung SSD 970 EVO Plus 2TB,[none] mq-deadline kyber bfq,249460670464,4096,1024,payload[i]=(i*131+17)&0xff,1.3251953125,accepted,,64,bytes,16384,67108928,256,0,0,64,0,0,5961222,6020825,90930,114320,127780,3980,3981,1.330,1.330
b00193,boundary,bytes_1048576_+1,copy_contiguous,baseline,1,ABBA,k_pwrite,process,1048577,256,4,54215100a825da9eb7cfbd8f045e54ef05fb29bd,false,1b36f48efea63210dfeeee7270dea968ab5ba58da27f90aa42845eb8a64a6649,12b1dafe765a77d1a17115b0ae12cff973f20ed7d6d770fbd790695fe081288e,0e4833553be7825885da5ea99bceab292cc8abee6414d58b31864afe8ca9f944,c89b17de3d4d36a4e106517b0737619bd65f0e2877d95adbf2f297762f71fb7b,6e938dfcd266a2b0eac811d7ea7eabbd5b217965f88efa81371465134dbcab11,2026-07-15T19:03:13.077700+00:00,8o8-arch,7.0.12-arch1-1,AMD Ryzen 9 3900X 12-Core Processor,"logical=24,cores=12,sockets=1,nodes=1",performance,rustc 1.97.0 (2d8144b78 2026-07-07),22.1.6,cargo 1.97.0 (c980f4866 2026-06-30),"release,lto=thin,debug=true",/home/bob/.cache/mess-bench,/dev/nvme0n1p3,ext4,/home,Samsung SSD 970 EVO Plus 2TB,[none] mq-deadline kyber bfq,249460666368,4096,1024,payload[i]=(i*131+17)&0xff,1.3251953125,accepted,,64,bytes,16384,67108928,16384,0,0,0,0,0,22027185,22186074,342220,364589,369410,3980,3981,1.330,1.330
b00194,boundary,bytes_1048576_+1,copy_contiguous,candidate,2,ABBA,copy_contiguous,process,1048577,256,4,54215100a825da9eb7cfbd8f045e54ef05fb29bd,false,1b36f48efea63210dfeeee7270dea968ab5ba58da27f90aa42845eb8a64a6649,12b1dafe765a77d1a17115b0ae12cff973f20ed7d6d770fbd790695fe081288e,0e4833553be7825885da5ea99bceab292cc8abee6414d58b31864afe8ca9f944,c89b17de3d4d36a4e106517b0737619bd65f0e2877d95adbf2f297762f71fb7b,6e938dfcd266a2b0eac811d7ea7eabbd5b217965f88efa81371465134dbcab11,2026-07-15T19:03:14.105859+00:00,8o8-arch,7.0.12-arch1-1,AMD Ryzen 9 3900X 12-Core Processor,"logical=24,cores=12,sockets=1,nodes=1",performance,rustc 1.97.0 (2d8144b78 2026-07-07),22.1.6,cargo 1.97.0 (c980f4866 2026-06-30),"release,lto=thin,debug=true",/home/bob/.cache/mess-bench,/dev/nvme0n1p3,ext4,/home,Samsung SSD 970 EVO Plus 2TB,[none] mq-deadline kyber bfq,249460666368,4096,1024,payload[i]=(i*131+17)&0xff,1.3251953125,accepted,,64,bytes,16384,67108928,64,0,0,0,67108928,0,9889672,9956573,154280,162789,165220,3980,3981,1.330,1.330
b00195,boundary,bytes_1048576_+1,copy_contiguous,candidate,3,ABBA,copy_contiguous,process,1048577,256,4,54215100a825da9eb7cfbd8f045e54ef05fb29bd,false,1b36f48efea63210dfeeee7270dea968ab5ba58da27f90aa42845eb8a64a6649,12b1dafe765a77d1a17115b0ae12cff973f20ed7d6d770fbd790695fe081288e,0e4833553be7825885da5ea99bceab292cc8abee6414d58b31864afe8ca9f944,c89b17de3d4d36a4e106517b0737619bd65f0e2877d95adbf2f297762f71fb7b,6e938dfcd266a2b0eac811d7ea7eabbd5b217965f88efa81371465134dbcab11,2026-07-15T19:03:15.133917+00:00,8o8-arch,7.0.12-arch1-1,AMD Ryzen 9 3900X 12-Core Processor,"logical=24,cores=12,sockets=1,nodes=1",performance,rustc 1.97.0 (2d8144b78 2026-07-07),22.1.6,cargo 1.97.0 (c980f4866 2026-06-30),"release,lto=thin,debug=true",/home/bob/.cache/mess-bench,/dev/nvme0n1p3,ext4,/home,Samsung SSD 970 EVO Plus 2TB,[none] mq-deadline kyber bfq,249460666368,4096,1024,payload[i]=(i*131+17)&0xff,1.3251953125,accepted,,64,bytes,16384,67108928,64,0,0,0,67108928,0,10074163,10143323,155880,164990,208320,3980,3981,1.330,1.330
b00196,boundary,bytes_1048576_+1,copy_contiguous,baseline,4,ABBA,k_pwrite,process,1048577,256,4,54215100a825da9eb7cfbd8f045e54ef05fb29bd,false,1b36f48efea63210dfeeee7270dea968ab5ba58da27f90aa42845eb8a64a6649,12b1dafe765a77d1a17115b0ae12cff973f20ed7d6d770fbd790695fe081288e,0e4833553be7825885da5ea99bceab292cc8abee6414d58b31864afe8ca9f944,c89b17de3d4d36a4e106517b0737619bd65f0e2877d95adbf2f297762f71fb7b,6e938dfcd266a2b0eac811d7ea7eabbd5b217965f88efa81371465134dbcab11,2026-07-15T19:03:16.161800+00:00,8o8-arch,7.0.12-arch1-1,AMD Ryzen 9 3900X 12-Core Processor,"logical=24,cores=12,sockets=1,nodes=1",performance,rustc 1.97.0 (2d8144b78 2026-07-07),22.1.6,cargo 1.97.0 (c980f4866 2026-06-30),"release,lto=thin,debug=true",/home/bob/.cache/mess-bench,/dev/nvme0n1p3,ext4,/home,Samsung SSD 970 EVO Plus 2TB,[none] mq-deadline kyber bfq,249460666368,4096,1024,payload[i]=(i*131+17)&0xff,1.21875,accepted,,64,bytes,16384,67108928,16384,0,0,0,0,0,21937915,22058954,343450,352250,359930,3980,3981,1.220,1.220
b00197,boundary,bytes_4194304_-1,pwritev_full_1m,candidate,1,BAAB,pwritev_full_1m,process,4194303,1024,4,54215100a825da9eb7cfbd8f045e54ef05fb29bd,false,1b36f48efea63210dfeeee7270dea968ab5ba58da27f90aa42845eb8a64a6649,12b1dafe765a77d1a17115b0ae12cff973f20ed7d6d770fbd790695fe081288e,0e4833553be7825885da5ea99bceab292cc8abee6414d58b31864afe8ca9f944,c89b17de3d4d36a4e106517b0737619bd65f0e2877d95adbf2f297762f71fb7b,6e938dfcd266a2b0eac811d7ea7eabbd5b217965f88efa81371465134dbcab11,2026-07-15T19:03:17.191010+00:00,8o8-arch,7.0.12-arch1-1,AMD Ryzen 9 3900X 12-Core Processor,"logical=24,cores=12,sockets=1,nodes=1",performance,rustc 1.97.0 (2d8144b78 2026-07-07),22.1.6,cargo 1.97.0 (c980f4866 2026-06-30),"release,lto=thin,debug=true",/home/bob/.cache/mess-bench,/dev/nvme0n1p3,ext4,/home,Samsung SSD 970 EVO Plus 2TB,[none] mq-deadline kyber bfq,249460658176,4096,1024,payload[i]=(i*131+17)&0xff,1.21875,accepted,,17,bytes,17408,71303151,68,0,0,256,0,0,5609791,5657826,322550,362369,435620,3979,3980,1.220,1.220
b00198,boundary,bytes_4194304_-1,pwritev_full_1m,baseline,2,BAAB,k_pwrite,process,4194303,1024,4,54215100a825da9eb7cfbd8f045e54ef05fb29bd,false,1b36f48efea63210dfeeee7270dea968ab5ba58da27f90aa42845eb8a64a6649,12b1dafe765a77d1a17115b0ae12cff973f20ed7d6d770fbd790695fe081288e,0e4833553be7825885da5ea99bceab292cc8abee6414d58b31864afe8ca9f944,c89b17de3d4d36a4e106517b0737619bd65f0e2877d95adbf2f297762f71fb7b,6e938dfcd266a2b0eac811d7ea7eabbd5b217965f88efa81371465134dbcab11,2026-07-15T19:03:18.218556+00:00,8o8-arch,7.0.12-arch1-1,AMD Ryzen 9 3900X 12-Core Processor,"logical=24,cores=12,sockets=1,nodes=1",performance,rustc 1.97.0 (2d8144b78 2026-07-07),22.1.6,cargo 1.97.0 (c980f4866 2026-06-30),"release,lto=thin,debug=true",/home/bob/.cache/mess-bench,/dev/nvme0n1p3,ext4,/home,Samsung SSD 970 EVO Plus 2TB,[none] mq-deadline kyber bfq,249460654080,4096,1024,payload[i]=(i*131+17)&0xff,1.21875,accepted,,17,bytes,17408,71303151,17408,0,0,0,0,0,23792535,23951323,1396189,1467899,1519709,3979,3980,1.220,1.220
b00199,boundary,bytes_4194304_-1,pwritev_full_1m,baseline,3,BAAB,k_pwrite,process,4194303,1024,4,54215100a825da9eb7cfbd8f045e54ef05fb29bd,false,1b36f48efea63210dfeeee7270dea968ab5ba58da27f90aa42845eb8a64a6649,12b1dafe765a77d1a17115b0ae12cff973f20ed7d6d770fbd790695fe081288e,0e4833553be7825885da5ea99bceab292cc8abee6414d58b31864afe8ca9f944,c89b17de3d4d36a4e106517b0737619bd65f0e2877d95adbf2f297762f71fb7b,6e938dfcd266a2b0eac811d7ea7eabbd5b217965f88efa81371465134dbcab11,2026-07-15T19:03:19.246069+00:00,8o8-arch,7.0.12-arch1-1,AMD Ryzen 9 3900X 12-Core Processor,"logical=24,cores=12,sockets=1,nodes=1",performance,rustc 1.97.0 (2d8144b78 2026-07-07),22.1.6,cargo 1.97.0 (c980f4866 2026-06-30),"release,lto=thin,debug=true",/home/bob/.cache/mess-bench,/dev/nvme0n1p3,ext4,/home,Samsung SSD 970 EVO Plus 2TB,[none] mq-deadline kyber bfq,249460654080,4096,1024,payload[i]=(i*131+17)&0xff,1.21875,accepted,,17,bytes,17408,71303151,17408,0,0,0,0,0,24275576,24478043,1410449,1539749,1660129,3979,3980,1.220,1.220
b00200,boundary,bytes_4194304_-1,pwritev_full_1m,candidate,4,BAAB,pwritev_full_1m,process,4194303,1024,4,54215100a825da9eb7cfbd8f045e54ef05fb29bd,false,1b36f48efea63210dfeeee7270dea968ab5ba58da27f90aa42845eb8a64a6649,12b1dafe765a77d1a17115b0ae12cff973f20ed7d6d770fbd790695fe081288e,0e4833553be7825885da5ea99bceab292cc8abee6414d58b31864afe8ca9f944,c89b17de3d4d36a4e106517b0737619bd65f0e2877d95adbf2f297762f71fb7b,6e938dfcd266a2b0eac811d7ea7eabbd5b217965f88efa81371465134dbcab11,2026-07-15T19:03:20.273991+00:00,8o8-arch,7.0.12-arch1-1,AMD Ryzen 9 3900X 12-Core Processor,"logical=24,cores=12,sockets=1,nodes=1",performance,rustc 1.97.0 (2d8144b78 2026-07-07),22.1.6,cargo 1.97.0 (c980f4866 2026-06-30),"release,lto=thin,debug=true",/home/bob/.cache/mess-bench,/dev/nvme0n1p3,ext4,/home,Samsung SSD 970 EVO Plus 2TB,[none] mq-deadline kyber bfq,249460654080,4096,1024,payload[i]=(i*131+17)&0xff,1.21875,accepted,,17,bytes,17408,71303151,68,0,0,256,0,0,5440571,5482176,322790,330610,331579,3979,3980,1.220,1.220
b00201,boundary,bytes_4194304_-1,pwritev_full_4m,baseline,1,ABBA,k_pwrite,process,4194303,1024,4,54215100a825da9eb7cfbd8f045e54ef05fb29bd,false,1b36f48efea63210dfeeee7270dea968ab5ba58da27f90aa42845eb8a64a6649,12b1dafe765a77d1a17115b0ae12cff973f20ed7d6d770fbd790695fe081288e,0e4833553be7825885da5ea99bceab292cc8abee6414d58b31864afe8ca9f944,c89b17de3d4d36a4e106517b0737619bd65f0e2877d95adbf2f297762f71fb7b,6e938dfcd266a2b0eac811d7ea7eabbd5b217965f88efa81371465134dbcab11,2026-07-15T19:03:21.302744+00:00,8o8-arch,7.0.12-arch1-1,AMD Ryzen 9 3900X 12-Core Processor,"logical=24,cores=12,sockets=1,nodes=1",performance,rustc 1.97.0 (2d8144b78 2026-07-07),22.1.6,cargo 1.97.0 (c980f4866 2026-06-30),"release,lto=thin,debug=true",/home/bob/.cache/mess-bench,/dev/nvme0n1p3,ext4,/home,Samsung SSD 970 EVO Plus 2TB,[none] mq-deadline kyber bfq,249460649984,4096,1024,payload[i]=(i*131+17)&0xff,1.201171875,accepted,,17,bytes,17408,71303151,17408,0,0,0,0,0,25412036,25672482,1484949,1757358,1883879,3979,3980,1.200,1.200
b00202,boundary,bytes_4194304_-1,pwritev_full_4m,candidate,2,ABBA,pwritev_full_4m,process,4194303,1024,4,54215100a825da9eb7cfbd8f045e54ef05fb29bd,false,1b36f48efea63210dfeeee7270dea968ab5ba58da27f90aa42845eb8a64a6649,12b1dafe765a77d1a17115b0ae12cff973f20ed7d6d770fbd790695fe081288e,0e4833553be7825885da5ea99bceab292cc8abee6414d58b31864afe8ca9f944,c89b17de3d4d36a4e106517b0737619bd65f0e2877d95adbf2f297762f71fb7b,6e938dfcd266a2b0eac811d7ea7eabbd5b217965f88efa81371465134dbcab11,2026-07-15T19:03:22.334356+00:00,8o8-arch,7.0.12-arch1-1,AMD Ryzen 9 3900X 12-Core Processor,"logical=24,cores=12,sockets=1,nodes=1",performance,rustc 1.97.0 (2d8144b78 2026-07-07),22.1.6,cargo 1.97.0 (c980f4866 2026-06-30),"release,lto=thin,debug=true",/home/bob/.cache/mess-bench,/dev/nvme0n1p3,ext4,/home,Samsung SSD 970 EVO Plus 2TB,[none] mq-deadline kyber bfq,249460649984,4096,1024,payload[i]=(i*131+17)&0xff,1.201171875,accepted,,17,bytes,17408,71303151,17,0,0,1024,0,0,5127841,5235306,300489,320879,394690,3979,3980,1.200,1.200
b00203,boundary,bytes_4194304_-1,pwritev_full_4m,candidate,3,ABBA,pwritev_full_4m,process,4194303,1024,4,54215100a825da9eb7cfbd8f045e54ef05fb29bd,false,1b36f48efea63210dfeeee7270dea968ab5ba58da27f90aa42845eb8a64a6649,12b1dafe765a77d1a17115b0ae12cff973f20ed7d6d770fbd790695fe081288e,0e4833553be7825885da5ea99bceab292cc8abee6414d58b31864afe8ca9f944,c89b17de3d4d36a4e106517b0737619bd65f0e2877d95adbf2f297762f71fb7b,6e938dfcd266a2b0eac811d7ea7eabbd5b217965f88efa81371465134dbcab11,2026-07-15T19:03:23.361926+00:00,8o8-arch,7.0.12-arch1-1,AMD Ryzen 9 3900X 12-Core Processor,"logical=24,cores=12,sockets=1,nodes=1",performance,rustc 1.97.0 (2d8144b78 2026-07-07),22.1.6,cargo 1.97.0 (c980f4866 2026-06-30),"release,lto=thin,debug=true",/home/bob/.cache/mess-bench,/dev/nvme0n1p3,ext4,/home,Samsung SSD 970 EVO Plus 2TB,[none] mq-deadline kyber bfq,249460649984,4096,1024,payload[i]=(i*131+17)&0xff,1.201171875,accepted,,17,bytes,17408,71303151,17,0,0,1024,0,0,5168700,5193436,303670,318670,319129,3979,3980,1.200,1.200
b00204,boundary,bytes_4194304_-1,pwritev_full_4m,baseline,4,ABBA,k_pwrite,process,4194303,1024,4,54215100a825da9eb7cfbd8f045e54ef05fb29bd,false,1b36f48efea63210dfeeee7270dea968ab5ba58da27f90aa42845eb8a64a6649,12b1dafe765a77d1a17115b0ae12cff973f20ed7d6d770fbd790695fe081288e,0e4833553be7825885da5ea99bceab292cc8abee6414d58b31864afe8ca9f944,c89b17de3d4d36a4e106517b0737619bd65f0e2877d95adbf2f297762f71fb7b,6e938dfcd266a2b0eac811d7ea7eabbd5b217965f88efa81371465134dbcab11,2026-07-15T19:03:24.391308+00:00,8o8-arch,7.0.12-arch1-1,AMD Ryzen 9 3900X 12-Core Processor,"logical=24,cores=12,sockets=1,nodes=1",performance,rustc 1.97.0 (2d8144b78 2026-07-07),22.1.6,cargo 1.97.0 (c980f4866 2026-06-30),"release,lto=thin,debug=true",/home/bob/.cache/mess-bench,/dev/nvme0n1p3,ext4,/home,Samsung SSD 970 EVO Plus 2TB,[none] mq-deadline kyber bfq,249460645888,4096,1024,payload[i]=(i*131+17)&0xff,1.201171875,accepted,,17,bytes,17408,71303151,17408,0,0,0,0,0,25392016,25625702,1477619,1672329,1746448,3979,3980,1.200,1.200
b00205,boundary,bytes_4194304_-1,pwritev_64_1m,candidate,1,BAAB,pwritev_64_1m,process,4194303,1024,4,54215100a825da9eb7cfbd8f045e54ef05fb29bd,false,1b36f48efea63210dfeeee7270dea968ab5ba58da27f90aa42845eb8a64a6649,12b1dafe765a77d1a17115b0ae12cff973f20ed7d6d770fbd790695fe081288e,0e4833553be7825885da5ea99bceab292cc8abee6414d58b31864afe8ca9f944,c89b17de3d4d36a4e106517b0737619bd65f0e2877d95adbf2f297762f71fb7b,6e938dfcd266a2b0eac811d7ea7eabbd5b217965f88efa81371465134dbcab11,2026-07-15T19:03:25.422560+00:00,8o8-arch,7.0.12-arch1-1,AMD Ryzen 9 3900X 12-Core Processor,"logical=24,cores=12,sockets=1,nodes=1",performance,rustc 1.97.0 (2d8144b78 2026-07-07),22.1.6,cargo 1.97.0 (c980f4866 2026-06-30),"release,lto=thin,debug=true",/home/bob/.cache/mess-bench,/dev/nvme0n1p3,ext4,/home,Samsung SSD 970 EVO Plus 2TB,[none] mq-deadline kyber bfq,249460641792,4096,1024,payload[i]=(i*131+17)&0xff,1.201171875,accepted,,17,bytes,17408,71303151,272,0,0,64,0,0,6259992,6327176,370080,393330,406010,3979,3980,1.200,1.200
b00206,boundary,bytes_4194304_-1,pwritev_64_1m,baseline,2,BAAB,k_pwrite,process,4194303,1024,4,54215100a825da9eb7cfbd8f045e54ef05fb29bd,false,1b36f48efea63210dfeeee7270dea968ab5ba58da27f90aa42845eb8a64a6649,12b1dafe765a77d1a17115b0ae12cff973f20ed7d6d770fbd790695fe081288e,0e4833553be7825885da5ea99bceab292cc8abee6414d58b31864afe8ca9f944,c89b17de3d4d36a4e106517b0737619bd65f0e2877d95adbf2f297762f71fb7b,6e938dfcd266a2b0eac811d7ea7eabbd5b217965f88efa81371465134dbcab11,2026-07-15T19:03:26.444843+00:00,8o8-arch,7.0.12-arch1-1,AMD Ryzen 9 3900X 12-Core Processor,"logical=24,cores=12,sockets=1,nodes=1",performance,rustc 1.97.0 (2d8144b78 2026-07-07),22.1.6,cargo 1.97.0 (c980f4866 2026-06-30),"release,lto=thin,debug=true",/home/bob/.cache/mess-bench,/dev/nvme0n1p3,ext4,/home,Samsung SSD 970 EVO Plus 2TB,[none] mq-deadline kyber bfq,249460641792,4096,1024,payload[i]=(i*131+17)&0xff,1.345703125,accepted,,17,bytes,17408,71303151,17408,0,0,0,0,0,25340296,25783262,1515209,1698569,1706829,3979,3980,1.350,1.350
b00207,boundary,bytes_4194304_-1,pwritev_64_1m,baseline,3,BAAB,k_pwrite,process,4194303,1024,4,54215100a825da9eb7cfbd8f045e54ef05fb29bd,false,1b36f48efea63210dfeeee7270dea968ab5ba58da27f90aa42845eb8a64a6649,12b1dafe765a77d1a17115b0ae12cff973f20ed7d6d770fbd790695fe081288e,0e4833553be7825885da5ea99bceab292cc8abee6414d58b31864afe8ca9f944,c89b17de3d4d36a4e106517b0737619bd65f0e2877d95adbf2f297762f71fb7b,6e938dfcd266a2b0eac811d7ea7eabbd5b217965f88efa81371465134dbcab11,2026-07-15T19:03:27.474541+00:00,8o8-arch,7.0.12-arch1-1,AMD Ryzen 9 3900X 12-Core Processor,"logical=24,cores=12,sockets=1,nodes=1",performance,rustc 1.97.0 (2d8144b78 2026-07-07),22.1.6,cargo 1.97.0 (c980f4866 2026-06-30),"release,lto=thin,debug=true",/home/bob/.cache/mess-bench,/dev/nvme0n1p3,ext4,/home,Samsung SSD 970 EVO Plus 2TB,[none] mq-deadline kyber bfq,249460641792,4096,1024,payload[i]=(i*131+17)&0xff,1.345703125,accepted,,17,bytes,17408,71303151,17408,0,0,0,0,0,24041296,24226673,1379679,1595229,1807229,3979,3980,1.350,1.350
b00208,boundary,bytes_4194304_-1,pwritev_64_1m,candidate,4,BAAB,pwritev_64_1m,process,4194303,1024,4,54215100a825da9eb7cfbd8f045e54ef05fb29bd,false,1b36f48efea63210dfeeee7270dea968ab5ba58da27f90aa42845eb8a64a6649,12b1dafe765a77d1a17115b0ae12cff973f20ed7d6d770fbd790695fe081288e,0e4833553be7825885da5ea99bceab292cc8abee6414d58b31864afe8ca9f944,c89b17de3d4d36a4e106517b0737619bd65f0e2877d95adbf2f297762f71fb7b,6e938dfcd266a2b0eac811d7ea7eabbd5b217965f88efa81371465134dbcab11,2026-07-15T19:03:28.498439+00:00,8o8-arch,7.0.12-arch1-1,AMD Ryzen 9 3900X 12-Core Processor,"logical=24,cores=12,sockets=1,nodes=1",performance,rustc 1.97.0 (2d8144b78 2026-07-07),22.1.6,cargo 1.97.0 (c980f4866 2026-06-30),"release,lto=thin,debug=true",/home/bob/.cache/mess-bench,/dev/nvme0n1p3,ext4,/home,Samsung SSD 970 EVO Plus 2TB,[none] mq-deadline kyber bfq,249460641792,4096,1024,payload[i]=(i*131+17)&0xff,1.345703125,accepted,,17,bytes,17408,71303151,272,0,0,64,0,0,6561342,6620915,371870,465519,492310,3979,3980,1.350,1.350
b00209,boundary,bytes_4194304_-1,copy_contiguous,baseline,1,ABBA,k_pwrite,process,4194303,1024,4,54215100a825da9eb7cfbd8f045e54ef05fb29bd,false,1b36f48efea63210dfeeee7270dea968ab5ba58da27f90aa42845eb8a64a6649,12b1dafe765a77d1a17115b0ae12cff973f20ed7d6d770fbd790695fe081288e,0e4833553be7825885da5ea99bceab292cc8abee6414d58b31864afe8ca9f944,c89b17de3d4d36a4e106517b0737619bd65f0e2877d95adbf2f297762f71fb7b,6e938dfcd266a2b0eac811d7ea7eabbd5b217965f88efa81371465134dbcab11,2026-07-15T19:03:29.526639+00:00,8o8-arch,7.0.12-arch1-1,AMD Ryzen 9 3900X 12-Core Processor,"logical=24,cores=12,sockets=1,nodes=1",performance,rustc 1.97.0 (2d8144b78 2026-07-07),22.1.6,cargo 1.97.0 (c980f4866 2026-06-30),"release,lto=thin,debug=true",/home/bob/.cache/mess-bench,/dev/nvme0n1p3,ext4,/home,Samsung SSD 970 EVO Plus 2TB,[none] mq-deadline kyber bfq,249460633600,4096,1024,payload[i]=(i*131+17)&0xff,1.345703125,accepted,,17,bytes,17408,71303151,17408,0,0,0,0,0,23888476,24073413,1396949,1493909,1657799,3979,3980,1.350,1.350
b00210,boundary,bytes_4194304_-1,copy_contiguous,candidate,2,ABBA,copy_contiguous,process,4194303,1024,4,54215100a825da9eb7cfbd8f045e54ef05fb29bd,false,1b36f48efea63210dfeeee7270dea968ab5ba58da27f90aa42845eb8a64a6649,12b1dafe765a77d1a17115b0ae12cff973f20ed7d6d770fbd790695fe081288e,0e4833553be7825885da5ea99bceab292cc8abee6414d58b31864afe8ca9f944,c89b17de3d4d36a4e106517b0737619bd65f0e2877d95adbf2f297762f71fb7b,6e938dfcd266a2b0eac811d7ea7eabbd5b217965f88efa81371465134dbcab11,2026-07-15T19:03:30.556777+00:00,8o8-arch,7.0.12-arch1-1,AMD Ryzen 9 3900X 12-Core Processor,"logical=24,cores=12,sockets=1,nodes=1",performance,rustc 1.97.0 (2d8144b78 2026-07-07),22.1.6,cargo 1.97.0 (c980f4866 2026-06-30),"release,lto=thin,debug=true",/home/bob/.cache/mess-bench,/dev/nvme0n1p3,ext4,/home,Samsung SSD 970 EVO Plus 2TB,[none] mq-deadline kyber bfq,249460633600,4096,1024,payload[i]=(i*131+17)&0xff,1.345703125,accepted,,17,bytes,17408,71303151,17,0,0,0,71303151,0,10689873,10810692,598520,801269,900870,3979,3980,1.350,1.350
b00211,boundary,bytes_4194304_-1,copy_contiguous,candidate,3,ABBA,copy_contiguous,process,4194303,1024,4,54215100a825da9eb7cfbd8f045e54ef05fb29bd,false,1b36f48efea63210dfeeee7270dea968ab5ba58da27f90aa42845eb8a64a6649,12b1dafe765a77d1a17115b0ae12cff973f20ed7d6d770fbd790695fe081288e,0e4833553be7825885da5ea99bceab292cc8abee6414d58b31864afe8ca9f944,c89b17de3d4d36a4e106517b0737619bd65f0e2877d95adbf2f297762f71fb7b,6e938dfcd266a2b0eac811d7ea7eabbd5b217965f88efa81371465134dbcab11,2026-07-15T19:03:31.587057+00:00,8o8-arch,7.0.12-arch1-1,AMD Ryzen 9 3900X 12-Core Processor,"logical=24,cores=12,sockets=1,nodes=1",performance,rustc 1.97.0 (2d8144b78 2026-07-07),22.1.6,cargo 1.97.0 (c980f4866 2026-06-30),"release,lto=thin,debug=true",/home/bob/.cache/mess-bench,/dev/nvme0n1p3,ext4,/home,Samsung SSD 970 EVO Plus 2TB,[none] mq-deadline kyber bfq,249460629504,4096,1024,payload[i]=(i*131+17)&0xff,1.31787109375,accepted,,17,bytes,17408,71303151,17,0,0,0,71303151,0,9996082,10087153,589779,616649,636439,3979,3980,1.320,1.320
b00212,boundary,bytes_4194304_-1,copy_contiguous,baseline,4,ABBA,k_pwrite,process,4194303,1024,4,54215100a825da9eb7cfbd8f045e54ef05fb29bd,false,1b36f48efea63210dfeeee7270dea968ab5ba58da27f90aa42845eb8a64a6649,12b1dafe765a77d1a17115b0ae12cff973f20ed7d6d770fbd790695fe081288e,0e4833553be7825885da5ea99bceab292cc8abee6414d58b31864afe8ca9f944,c89b17de3d4d36a4e106517b0737619bd65f0e2877d95adbf2f297762f71fb7b,6e938dfcd266a2b0eac811d7ea7eabbd5b217965f88efa81371465134dbcab11,2026-07-15T19:03:32.614901+00:00,8o8-arch,7.0.12-arch1-1,AMD Ryzen 9 3900X 12-Core Processor,"logical=24,cores=12,sockets=1,nodes=1",performance,rustc 1.97.0 (2d8144b78 2026-07-07),22.1.6,cargo 1.97.0 (c980f4866 2026-06-30),"release,lto=thin,debug=true",/home/bob/.cache/mess-bench,/dev/nvme0n1p3,ext4,/home,Samsung SSD 970 EVO Plus 2TB,[none] mq-deadline kyber bfq,249460629504,4096,1024,payload[i]=(i*131+17)&0xff,1.31787109375,accepted,,17,bytes,17408,71303151,17408,0,0,0,0,0,24204006,24363632,1389429,1591949,1713209,3979,3980,1.320,1.320
b00213,boundary,bytes_4194304_+0,pwritev_full_1m,candidate,1,BAAB,pwritev_full_1m,process,4194304,1024,4,54215100a825da9eb7cfbd8f045e54ef05fb29bd,false,1b36f48efea63210dfeeee7270dea968ab5ba58da27f90aa42845eb8a64a6649,12b1dafe765a77d1a17115b0ae12cff973f20ed7d6d770fbd790695fe081288e,0e4833553be7825885da5ea99bceab292cc8abee6414d58b31864afe8ca9f944,c89b17de3d4d36a4e106517b0737619bd65f0e2877d95adbf2f297762f71fb7b,6e938dfcd266a2b0eac811d7ea7eabbd5b217965f88efa81371465134dbcab11,2026-07-15T19:03:33.644455+00:00,8o8-arch,7.0.12-arch1-1,AMD Ryzen 9 3900X 12-Core Processor,"logical=24,cores=12,sockets=1,nodes=1",performance,rustc 1.97.0 (2d8144b78 2026-07-07),22.1.6,cargo 1.97.0 (c980f4866 2026-06-30),"release,lto=thin,debug=true",/home/bob/.cache/mess-bench,/dev/nvme0n1p3,ext4,/home,Samsung SSD 970 EVO Plus 2TB,[none] mq-deadline kyber bfq,249460625408,4096,1024,payload[i]=(i*131+17)&0xff,1.31787109375,accepted,,16,bytes,16384,67108864,64,0,0,256,0,0,5281361,5327397,331079,361800,373120,3980,3980,1.320,1.320
b00214,boundary,bytes_4194304_+0,pwritev_full_1m,baseline,2,BAAB,k_pwrite,process,4194304,1024,4,54215100a825da9eb7cfbd8f045e54ef05fb29bd,false,1b36f48efea63210dfeeee7270dea968ab5ba58da27f90aa42845eb8a64a6649,12b1dafe765a77d1a17115b0ae12cff973f20ed7d6d770fbd790695fe081288e,0e4833553be7825885da5ea99bceab292cc8abee6414d58b31864afe8ca9f944,c89b17de3d4d36a4e106517b0737619bd65f0e2877d95adbf2f297762f71fb7b,6e938dfcd266a2b0eac811d7ea7eabbd5b217965f88efa81371465134dbcab11,2026-07-15T19:03:34.673670+00:00,8o8-arch,7.0.12-arch1-1,AMD Ryzen 9 3900X 12-Core Processor,"logical=24,cores=12,sockets=1,nodes=1",performance,rustc 1.97.0 (2d8144b78 2026-07-07),22.1.6,cargo 1.97.0 (c980f4866 2026-06-30),"release,lto=thin,debug=true",/home/bob/.cache/mess-bench,/dev/nvme0n1p3,ext4,/home,Samsung SSD 970 EVO Plus 2TB,[none] mq-deadline kyber bfq,249460625408,4096,1024,payload[i]=(i*131+17)&0xff,1.31787109375,accepted,,16,bytes,16384,67108864,16384,0,0,0,0,0,22551806,22677314,1380469,1498849,1713029,3980,3980,1.320,1.320
b00215,boundary,bytes_4194304_+0,pwritev_full_1m,baseline,3,BAAB,k_pwrite,process,4194304,1024,4,54215100a825da9eb7cfbd8f045e54ef05fb29bd,false,1b36f48efea63210dfeeee7270dea968ab5ba58da27f90aa42845eb8a64a6649,12b1dafe765a77d1a17115b0ae12cff973f20ed7d6d770fbd790695fe081288e,0e4833553be7825885da5ea99bceab292cc8abee6414d58b31864afe8ca9f944,c89b17de3d4d36a4e106517b0737619bd65f0e2877d95adbf2f297762f71fb7b,6e938dfcd266a2b0eac811d7ea7eabbd5b217965f88efa81371465134dbcab11,2026-07-15T19:03:35.695056+00:00,8o8-arch,7.0.12-arch1-1,AMD Ryzen 9 3900X 12-Core Processor,"logical=24,cores=12,sockets=1,nodes=1",performance,rustc 1.97.0 (2d8144b78 2026-07-07),22.1.6,cargo 1.97.0 (c980f4866 2026-06-30),"release,lto=thin,debug=true",/home/bob/.cache/mess-bench,/dev/nvme0n1p3,ext4,/home,Samsung SSD 970 EVO Plus 2TB,[none] mq-deadline kyber bfq,249460625408,4096,1024,payload[i]=(i*131+17)&0xff,1.31787109375,accepted,,16,bytes,16384,67108864,16384,0,0,0,0,0,21970925,22127924,1382219,1403819,1406429,3980,3980,1.320,1.320
b00216,boundary,bytes_4194304_+0,pwritev_full_1m,candidate,4,BAAB,pwritev_full_1m,process,4194304,1024,4,54215100a825da9eb7cfbd8f045e54ef05fb29bd,false,1b36f48efea63210dfeeee7270dea968ab5ba58da27f90aa42845eb8a64a6649,12b1dafe765a77d1a17115b0ae12cff973f20ed7d6d770fbd790695fe081288e,0e4833553be7825885da5ea99bceab292cc8abee6414d58b31864afe8ca9f944,c89b17de3d4d36a4e106517b0737619bd65f0e2877d95adbf2f297762f71fb7b,6e938dfcd266a2b0eac811d7ea7eabbd5b217965f88efa81371465134dbcab11,2026-07-15T19:03:36.722417+00:00,8o8-arch,7.0.12-arch1-1,AMD Ryzen 9 3900X 12-Core Processor,"logical=24,cores=12,sockets=1,nodes=1",performance,rustc 1.97.0 (2d8144b78 2026-07-07),22.1.6,cargo 1.97.0 (c980f4866 2026-06-30),"release,lto=thin,debug=true",/home/bob/.cache/mess-bench,/dev/nvme0n1p3,ext4,/home,Samsung SSD 970 EVO Plus 2TB,[none] mq-deadline kyber bfq,249460621312,4096,1024,payload[i]=(i*131+17)&0xff,1.2919921875,accepted,,16,bytes,16384,67108864,64,0,0,256,0,0,5125841,5156266,321110,334190,340859,3980,3980,1.290,1.290
b00217,boundary,bytes_4194304_+0,pwritev_full_4m,baseline,1,ABBA,k_pwrite,process,4194304,1024,4,54215100a825da9eb7cfbd8f045e54ef05fb29bd,false,1b36f48efea63210dfeeee7270dea968ab5ba58da27f90aa42845eb8a64a6649,12b1dafe765a77d1a17115b0ae12cff973f20ed7d6d770fbd790695fe081288e,0e4833553be7825885da5ea99bceab292cc8abee6414d58b31864afe8ca9f944,c89b17de3d4d36a4e106517b0737619bd65f0e2877d95adbf2f297762f71fb7b,6e938dfcd266a2b0eac811d7ea7eabbd5b217965f88efa81371465134dbcab11,2026-07-15T19:03:37.750666+00:00,8o8-arch,7.0.12-arch1-1,AMD Ryzen 9 3900X 12-Core Processor,"logical=24,cores=12,sockets=1,nodes=1",performance,rustc 1.97.0 (2d8144b78 2026-07-07),22.1.6,cargo 1.97.0 (c980f4866 2026-06-30),"release,lto=thin,debug=true",/home/bob/.cache/mess-bench,/dev/nvme0n1p3,ext4,/home,Samsung SSD 970 EVO Plus 2TB,[none] mq-deadline kyber bfq,249460629504,4096,1024,payload[i]=(i*131+17)&0xff,1.2919921875,accepted,,16,bytes,16384,67108864,16384,0,0,0,0,0,22330456,22582594,1402499,1461789,1483069,3980,3980,1.290,1.290
b00218,boundary,bytes_4194304_+0,pwritev_full_4m,candidate,2,ABBA,pwritev_full_4m,process,4194304,1024,4,54215100a825da9eb7cfbd8f045e54ef05fb29bd,false,1b36f48efea63210dfeeee7270dea968ab5ba58da27f90aa42845eb8a64a6649,12b1dafe765a77d1a17115b0ae12cff973f20ed7d6d770fbd790695fe081288e,0e4833553be7825885da5ea99bceab292cc8abee6414d58b31864afe8ca9f944,c89b17de3d4d36a4e106517b0737619bd65f0e2877d95adbf2f297762f71fb7b,6e938dfcd266a2b0eac811d7ea7eabbd5b217965f88efa81371465134dbcab11,2026-07-15T19:03:38.778109+00:00,8o8-arch,7.0.12-arch1-1,AMD Ryzen 9 3900X 12-Core Processor,"logical=24,cores=12,sockets=1,nodes=1",performance,rustc 1.97.0 (2d8144b78 2026-07-07),22.1.6,cargo 1.97.0 (c980f4866 2026-06-30),"release,lto=thin,debug=true",/home/bob/.cache/mess-bench,/dev/nvme0n1p3,ext4,/home,Samsung SSD 970 EVO Plus 2TB,[none] mq-deadline kyber bfq,249460625408,4096,1024,payload[i]=(i*131+17)&0xff,1.2919921875,accepted,,16,bytes,16384,67108864,16,0,0,1024,0,0,4873901,4912577,308690,317820,329940,3980,3980,1.290,1.290
b00219,boundary,bytes_4194304_+0,pwritev_full_4m,candidate,3,ABBA,pwritev_full_4m,process,4194304,1024,4,54215100a825da9eb7cfbd8f045e54ef05fb29bd,false,1b36f48efea63210dfeeee7270dea968ab5ba58da27f90aa42845eb8a64a6649,12b1dafe765a77d1a17115b0ae12cff973f20ed7d6d770fbd790695fe081288e,0e4833553be7825885da5ea99bceab292cc8abee6414d58b31864afe8ca9f944,c89b17de3d4d36a4e106517b0737619bd65f0e2877d95adbf2f297762f71fb7b,6e938dfcd266a2b0eac811d7ea7eabbd5b217965f88efa81371465134dbcab11,2026-07-15T19:03:39.806651+00:00,8o8-arch,7.0.12-arch1-1,AMD Ryzen 9 3900X 12-Core Processor,"logical=24,cores=12,sockets=1,nodes=1",performance,rustc 1.97.0 (2d8144b78 2026-07-07),22.1.6,cargo 1.97.0 (c980f4866 2026-06-30),"release,lto=thin,debug=true",/home/bob/.cache/mess-bench,/dev/nvme0n1p3,ext4,/home,Samsung SSD 970 EVO Plus 2TB,[none] mq-deadline kyber bfq,249460625408,4096,1024,payload[i]=(i*131+17)&0xff,1.2919921875,accepted,,16,bytes,16384,67108864,16,0,0,1024,0,0,4886862,4921077,307420,314120,317050,3980,3980,1.290,1.290
b00220,boundary,bytes_4194304_+0,pwritev_full_4m,baseline,4,ABBA,k_pwrite,process,4194304,1024,4,54215100a825da9eb7cfbd8f045e54ef05fb29bd,false,1b36f48efea63210dfeeee7270dea968ab5ba58da27f90aa42845eb8a64a6649,12b1dafe765a77d1a17115b0ae12cff973f20ed7d6d770fbd790695fe081288e,0e4833553be7825885da5ea99bceab292cc8abee6414d58b31864afe8ca9f944,c89b17de3d4d36a4e106517b0737619bd65f0e2877d95adbf2f297762f71fb7b,6e938dfcd266a2b0eac811d7ea7eabbd5b217965f88efa81371465134dbcab11,2026-07-15T19:03:40.831305+00:00,8o8-arch,7.0.12-arch1-1,AMD Ryzen 9 3900X 12-Core Processor,"logical=24,cores=12,sockets=1,nodes=1",performance,rustc 1.97.0 (2d8144b78 2026-07-07),22.1.6,cargo 1.97.0 (c980f4866 2026-06-30),"release,lto=thin,debug=true",/home/bob/.cache/mess-bench,/dev/nvme0n1p3,ext4,/home,Samsung SSD 970 EVO Plus 2TB,[none] mq-deadline kyber bfq,249460625408,4096,1024,payload[i]=(i*131+17)&0xff,1.2919921875,accepted,,16,bytes,16384,67108864,16384,0,0,0,0,0,23303976,23509444,1421130,1706578,1729149,3980,3980,1.290,1.290
b00221,boundary,bytes_4194304_+0,pwritev_64_1m,candidate,1,BAAB,pwritev_64_1m,process,4194304,1024,4,54215100a825da9eb7cfbd8f045e54ef05fb29bd,false,1b36f48efea63210dfeeee7270dea968ab5ba58da27f90aa42845eb8a64a6649,12b1dafe765a77d1a17115b0ae12cff973f20ed7d6d770fbd790695fe081288e,0e4833553be7825885da5ea99bceab292cc8abee6414d58b31864afe8ca9f944,c89b17de3d4d36a4e106517b0737619bd65f0e2877d95adbf2f297762f71fb7b,6e938dfcd266a2b0eac811d7ea7eabbd5b217965f88efa81371465134dbcab11,2026-07-15T19:03:41.867812+00:00,8o8-arch,7.0.12-arch1-1,AMD Ryzen 9 3900X 12-Core Processor,"logical=24,cores=12,sockets=1,nodes=1",performance,rustc 1.97.0 (2d8144b78 2026-07-07),22.1.6,cargo 1.97.0 (c980f4866 2026-06-30),"release,lto=thin,debug=true",/home/bob/.cache/mess-bench,/dev/nvme0n1p3,ext4,/home,Samsung SSD 970 EVO Plus 2TB,[none] mq-deadline kyber bfq,249460621312,4096,1024,payload[i]=(i*131+17)&0xff,1.1884765625,accepted,,16,bytes,16384,67108864,256,0,0,64,0,0,6161941,6208565,391090,402929,426630,3980,3980,1.190,1.190
b00222,boundary,bytes_4194304_+0,pwritev_64_1m,baseline,2,BAAB,k_pwrite,process,4194304,1024,4,54215100a825da9eb7cfbd8f045e54ef05fb29bd,false,1b36f48efea63210dfeeee7270dea968ab5ba58da27f90aa42845eb8a64a6649,12b1dafe765a77d1a17115b0ae12cff973f20ed7d6d770fbd790695fe081288e,0e4833553be7825885da5ea99bceab292cc8abee6414d58b31864afe8ca9f944,c89b17de3d4d36a4e106517b0737619bd65f0e2877d95adbf2f297762f71fb7b,6e938dfcd266a2b0eac811d7ea7eabbd5b217965f88efa81371465134dbcab11,2026-07-15T19:03:42.896020+00:00,8o8-arch,7.0.12-arch1-1,AMD Ryzen 9 3900X 12-Core Processor,"logical=24,cores=12,sockets=1,nodes=1",performance,rustc 1.97.0 (2d8144b78 2026-07-07),22.1.6,cargo 1.97.0 (c980f4866 2026-06-30),"release,lto=thin,debug=true",/home/bob/.cache/mess-bench,/dev/nvme0n1p3,ext4,/home,Samsung SSD 970 EVO Plus 2TB,[none] mq-deadline kyber bfq,249460621312,4096,1024,payload[i]=(i*131+17)&0xff,1.1884765625,accepted,,16,bytes,16384,67108864,16384,0,0,0,0,0,22956526,23159114,1400409,1620429,1709789,3980,3980,1.190,1.190
b00223,boundary,bytes_4194304_+0,pwritev_64_1m,baseline,3,BAAB,k_pwrite,process,4194304,1024,4,54215100a825da9eb7cfbd8f045e54ef05fb29bd,false,1b36f48efea63210dfeeee7270dea968ab5ba58da27f90aa42845eb8a64a6649,12b1dafe765a77d1a17115b0ae12cff973f20ed7d6d770fbd790695fe081288e,0e4833553be7825885da5ea99bceab292cc8abee6414d58b31864afe8ca9f944,c89b17de3d4d36a4e106517b0737619bd65f0e2877d95adbf2f297762f71fb7b,6e938dfcd266a2b0eac811d7ea7eabbd5b217965f88efa81371465134dbcab11,2026-07-15T19:03:43.920397+00:00,8o8-arch,7.0.12-arch1-1,AMD Ryzen 9 3900X 12-Core Processor,"logical=24,cores=12,sockets=1,nodes=1",performance,rustc 1.97.0 (2d8144b78 2026-07-07),22.1.6,cargo 1.97.0 (c980f4866 2026-06-30),"release,lto=thin,debug=true",/home/bob/.cache/mess-bench,/dev/nvme0n1p3,ext4,/home,Samsung SSD 970 EVO Plus 2TB,[none] mq-deadline kyber bfq,249460617216,4096,1024,payload[i]=(i*131+17)&0xff,1.1884765625,accepted,,16,bytes,16384,67108864,16384,0,0,0,0,0,22514066,22675894,1395628,1481909,1720269,3980,3980,1.190,1.190
b00224,boundary,bytes_4194304_+0,pwritev_64_1m,candidate,4,BAAB,pwritev_64_1m,process,4194304,1024,4,54215100a825da9eb7cfbd8f045e54ef05fb29bd,false,1b36f48efea63210dfeeee7270dea968ab5ba58da27f90aa42845eb8a64a6649,12b1dafe765a77d1a17115b0ae12cff973f20ed7d6d770fbd790695fe081288e,0e4833553be7825885da5ea99bceab292cc8abee6414d58b31864afe8ca9f944,c89b17de3d4d36a4e106517b0737619bd65f0e2877d95adbf2f297762f71fb7b,6e938dfcd266a2b0eac811d7ea7eabbd5b217965f88efa81371465134dbcab11,2026-07-15T19:03:44.950366+00:00,8o8-arch,7.0.12-arch1-1,AMD Ryzen 9 3900X 12-Core Processor,"logical=24,cores=12,sockets=1,nodes=1",performance,rustc 1.97.0 (2d8144b78 2026-07-07),22.1.6,cargo 1.97.0 (c980f4866 2026-06-30),"release,lto=thin,debug=true",/home/bob/.cache/mess-bench,/dev/nvme0n1p3,ext4,/home,Samsung SSD 970 EVO Plus 2TB,[none] mq-deadline kyber bfq,249460617216,4096,1024,payload[i]=(i*131+17)&0xff,1.1884765625,accepted,,16,bytes,16384,67108864,256,0,0,64,0,0,5870241,5913606,367989,388520,394050,3980,3980,1.190,1.190
b00225,boundary,bytes_4194304_+0,copy_contiguous,baseline,1,ABBA,k_pwrite,process,4194304,1024,4,54215100a825da9eb7cfbd8f045e54ef05fb29bd,false,1b36f48efea63210dfeeee7270dea968ab5ba58da27f90aa42845eb8a64a6649,12b1dafe765a77d1a17115b0ae12cff973f20ed7d6d770fbd790695fe081288e,0e4833553be7825885da5ea99bceab292cc8abee6414d58b31864afe8ca9f944,c89b17de3d4d36a4e106517b0737619bd65f0e2877d95adbf2f297762f71fb7b,6e938dfcd266a2b0eac811d7ea7eabbd5b217965f88efa81371465134dbcab11,2026-07-15T19:03:45.978515+00:00,8o8-arch,7.0.12-arch1-1,AMD Ryzen 9 3900X 12-Core Processor,"logical=24,cores=12,sockets=1,nodes=1",performance,rustc 1.97.0 (2d8144b78 2026-07-07),22.1.6,cargo 1.97.0 (c980f4866 2026-06-30),"release,lto=thin,debug=true",/home/bob/.cache/mess-bench,/dev/nvme0n1p3,ext4,/home,Samsung SSD 970 EVO Plus 2TB,[none] mq-deadline kyber bfq,249460609024,4096,1024,payload[i]=(i*131+17)&0xff,1.1884765625,accepted,,16,bytes,16384,67108864,16384,0,0,0,0,0,22543165,22688434,1393099,1517679,1607329,3980,3980,1.190,1.190
b00226,boundary,bytes_4194304_+0,copy_contiguous,candidate,2,ABBA,copy_contiguous,process,4194304,1024,4,54215100a825da9eb7cfbd8f045e54ef05fb29bd,false,1b36f48efea63210dfeeee7270dea968ab5ba58da27f90aa42845eb8a64a6649,12b1dafe765a77d1a17115b0ae12cff973f20ed7d6d770fbd790695fe081288e,0e4833553be7825885da5ea99bceab292cc8abee6414d58b31864afe8ca9f944,c89b17de3d4d36a4e106517b0737619bd65f0e2877d95adbf2f297762f71fb7b,6e938dfcd266a2b0eac811d7ea7eabbd5b217965f88efa81371465134dbcab11,2026-07-15T19:03:47.000497+00:00,8o8-arch,7.0.12-arch1-1,AMD Ryzen 9 3900X 12-Core Processor,"logical=24,cores=12,sockets=1,nodes=1",performance,rustc 1.97.0 (2d8144b78 2026-07-07),22.1.6,cargo 1.97.0 (c980f4866 2026-06-30),"release,lto=thin,debug=true",/home/bob/.cache/mess-bench,/dev/nvme0n1p3,ext4,/home,Samsung SSD 970 EVO Plus 2TB,[none] mq-deadline kyber bfq,249460613120,4096,1024,payload[i]=(i*131+17)&0xff,1.333984375,accepted,,16,bytes,16384,67108864,16,0,0,0,67108864,0,9789183,9890543,580839,737569,865880,3980,3980,1.330,1.330
b00227,boundary,bytes_4194304_+0,copy_contiguous,candidate,3,ABBA,copy_contiguous,process,4194304,1024,4,54215100a825da9eb7cfbd8f045e54ef05fb29bd,false,1b36f48efea63210dfeeee7270dea968ab5ba58da27f90aa42845eb8a64a6649,12b1dafe765a77d1a17115b0ae12cff973f20ed7d6d770fbd790695fe081288e,0e4833553be7825885da5ea99bceab292cc8abee6414d58b31864afe8ca9f944,c89b17de3d4d36a4e106517b0737619bd65f0e2877d95adbf2f297762f71fb7b,6e938dfcd266a2b0eac811d7ea7eabbd5b217965f88efa81371465134dbcab11,2026-07-15T19:03:48.029334+00:00,8o8-arch,7.0.12-arch1-1,AMD Ryzen 9 3900X 12-Core Processor,"logical=24,cores=12,sockets=1,nodes=1",performance,rustc 1.97.0 (2d8144b78 2026-07-07),22.1.6,cargo 1.97.0 (c980f4866 2026-06-30),"release,lto=thin,debug=true",/home/bob/.cache/mess-bench,/dev/nvme0n1p3,ext4,/home,Samsung SSD 970 EVO Plus 2TB,[none] mq-deadline kyber bfq,249460609024,4096,1024,payload[i]=(i*131+17)&0xff,1.333984375,accepted,,16,bytes,16384,67108864,16,0,0,0,67108864,0,9383842,9476583,583920,618810,698479,3980,3980,1.330,1.330
b00228,boundary,bytes_4194304_+0,copy_contiguous,baseline,4,ABBA,k_pwrite,process,4194304,1024,4,54215100a825da9eb7cfbd8f045e54ef05fb29bd,false,1b36f48efea63210dfeeee7270dea968ab5ba58da27f90aa42845eb8a64a6649,12b1dafe765a77d1a17115b0ae12cff973f20ed7d6d770fbd790695fe081288e,0e4833553be7825885da5ea99bceab292cc8abee6414d58b31864afe8ca9f944,c89b17de3d4d36a4e106517b0737619bd65f0e2877d95adbf2f297762f71fb7b,6e938dfcd266a2b0eac811d7ea7eabbd5b217965f88efa81371465134dbcab11,2026-07-15T19:03:49.050762+00:00,8o8-arch,7.0.12-arch1-1,AMD Ryzen 9 3900X 12-Core Processor,"logical=24,cores=12,sockets=1,nodes=1",performance,rustc 1.97.0 (2d8144b78 2026-07-07),22.1.6,cargo 1.97.0 (c980f4866 2026-06-30),"release,lto=thin,debug=true",/home/bob/.cache/mess-bench,/dev/nvme0n1p3,ext4,/home,Samsung SSD 970 EVO Plus 2TB,[none] mq-deadline kyber bfq,249460609024,4096,1024,payload[i]=(i*131+17)&0xff,1.333984375,accepted,,16,bytes,16384,67108864,16384,0,0,0,0,0,22393396,22596894,1404749,1459529,1478579,3980,3980,1.330,1.330
b00229,boundary,bytes_4194304_+1,pwritev_full_1m,candidate,1,BAAB,pwritev_full_1m,process,4194305,1024,4,54215100a825da9eb7cfbd8f045e54ef05fb29bd,false,1b36f48efea63210dfeeee7270dea968ab5ba58da27f90aa42845eb8a64a6649,12b1dafe765a77d1a17115b0ae12cff973f20ed7d6d770fbd790695fe081288e,0e4833553be7825885da5ea99bceab292cc8abee6414d58b31864afe8ca9f944,c89b17de3d4d36a4e106517b0737619bd65f0e2877d95adbf2f297762f71fb7b,6e938dfcd266a2b0eac811d7ea7eabbd5b217965f88efa81371465134dbcab11,2026-07-15T19:03:50.078934+00:00,8o8-arch,7.0.12-arch1-1,AMD Ryzen 9 3900X 12-Core Processor,"logical=24,cores=12,sockets=1,nodes=1",performance,rustc 1.97.0 (2d8144b78 2026-07-07),22.1.6,cargo 1.97.0 (c980f4866 2026-06-30),"release,lto=thin,debug=true",/home/bob/.cache/mess-bench,/dev/nvme0n1p3,ext4,/home,Samsung SSD 970 EVO Plus 2TB,[none] mq-deadline kyber bfq,249460604928,4096,1024,payload[i]=(i*131+17)&0xff,1.333984375,accepted,,16,bytes,16384,67108880,80,0,0,257,0,0,5292521,5330267,333040,349940,357180,3980,3981,1.330,1.330
b00230,boundary,bytes_4194304_+1,pwritev_full_1m,baseline,2,BAAB,k_pwrite,process,4194305,1024,4,54215100a825da9eb7cfbd8f045e54ef05fb29bd,false,1b36f48efea63210dfeeee7270dea968ab5ba58da27f90aa42845eb8a64a6649,12b1dafe765a77d1a17115b0ae12cff973f20ed7d6d770fbd790695fe081288e,0e4833553be7825885da5ea99bceab292cc8abee6414d58b31864afe8ca9f944,c89b17de3d4d36a4e106517b0737619bd65f0e2877d95adbf2f297762f71fb7b,6e938dfcd266a2b0eac811d7ea7eabbd5b217965f88efa81371465134dbcab11,2026-07-15T19:03:51.105330+00:00,8o8-arch,7.0.12-arch1-1,AMD Ryzen 9 3900X 12-Core Processor,"logical=24,cores=12,sockets=1,nodes=1",performance,rustc 1.97.0 (2d8144b78 2026-07-07),22.1.6,cargo 1.97.0 (c980f4866 2026-06-30),"release,lto=thin,debug=true",/home/bob/.cache/mess-bench,/dev/nvme0n1p3,ext4,/home,Samsung SSD 970 EVO Plus 2TB,[none] mq-deadline kyber bfq,249460604928,4096,1024,payload[i]=(i*131+17)&0xff,1.22705078125,accepted,,16,bytes,16384,67108880,16384,0,0,0,0,0,22437175,22600144,1393819,1563359,1581699,3980,3981,1.230,1.230
b00231,boundary,bytes_4194304_+1,pwritev_full_1m,baseline,3,BAAB,k_pwrite,process,4194305,1024,4,54215100a825da9eb7cfbd8f045e54ef05fb29bd,false,1b36f48efea63210dfeeee7270dea968ab5ba58da27f90aa42845eb8a64a6649,12b1dafe765a77d1a17115b0ae12cff973f20ed7d6d770fbd790695fe081288e,0e4833553be7825885da5ea99bceab292cc8abee6414d58b31864afe8ca9f944,c89b17de3d4d36a4e106517b0737619bd65f0e2877d95adbf2f297762f71fb7b,6e938dfcd266a2b0eac811d7ea7eabbd5b217965f88efa81371465134dbcab11,2026-07-15T19:03:52.134026+00:00,8o8-arch,7.0.12-arch1-1,AMD Ryzen 9 3900X 12-Core Processor,"logical=24,cores=12,sockets=1,nodes=1",performance,rustc 1.97.0 (2d8144b78 2026-07-07),22.1.6,cargo 1.97.0 (c980f4866 2026-06-30),"release,lto=thin,debug=true",/home/bob/.cache/mess-bench,/dev/nvme0n1p3,ext4,/home,Samsung SSD 970 EVO Plus 2TB,[none] mq-deadline kyber bfq,249460604928,4096,1024,payload[i]=(i*131+17)&0xff,1.22705078125,accepted,,16,bytes,16384,67108880,16384,0,0,0,0,0,22879976,23043884,1408229,1582389,1632459,3980,3981,1.230,1.230
b00232,boundary,bytes_4194304_+1,pwritev_full_1m,candidate,4,BAAB,pwritev_full_1m,process,4194305,1024,4,54215100a825da9eb7cfbd8f045e54ef05fb29bd,false,1b36f48efea63210dfeeee7270dea968ab5ba58da27f90aa42845eb8a64a6649,12b1dafe765a77d1a17115b0ae12cff973f20ed7d6d770fbd790695fe081288e,0e4833553be7825885da5ea99bceab292cc8abee6414d58b31864afe8ca9f944,c89b17de3d4d36a4e106517b0737619bd65f0e2877d95adbf2f297762f71fb7b,6e938dfcd266a2b0eac811d7ea7eabbd5b217965f88efa81371465134dbcab11,2026-07-15T19:03:53.164974+00:00,8o8-arch,7.0.12-arch1-1,AMD Ryzen 9 3900X 12-Core Processor,"logical=24,cores=12,sockets=1,nodes=1",performance,rustc 1.97.0 (2d8144b78 2026-07-07),22.1.6,cargo 1.97.0 (c980f4866 2026-06-30),"release,lto=thin,debug=true",/home/bob/.cache/mess-bench,/dev/nvme0n1p3,ext4,/home,Samsung SSD 970 EVO Plus 2TB,[none] mq-deadline kyber bfq,249460600832,4096,1024,payload[i]=(i*131+17)&0xff,1.22705078125,accepted,,16,bytes,16384,67108880,80,0,0,257,0,0,5354692,5398747,329559,388079,401860,3980,3981,1.230,1.230
b00233,boundary,bytes_4194304_+1,pwritev_full_4m,baseline,1,ABBA,k_pwrite,process,4194305,1024,4,54215100a825da9eb7cfbd8f045e54ef05fb29bd,false,1b36f48efea63210dfeeee7270dea968ab5ba58da27f90aa42845eb8a64a6649,12b1dafe765a77d1a17115b0ae12cff973f20ed7d6d770fbd790695fe081288e,0e4833553be7825885da5ea99bceab292cc8abee6414d58b31864afe8ca9f944,c89b17de3d4d36a4e106517b0737619bd65f0e2877d95adbf2f297762f71fb7b,6e938dfcd266a2b0eac811d7ea7eabbd5b217965f88efa81371465134dbcab11,2026-07-15T19:03:54.195421+00:00,8o8-arch,7.0.12-arch1-1,AMD Ryzen 9 3900X 12-Core Processor,"logical=24,cores=12,sockets=1,nodes=1",performance,rustc 1.97.0 (2d8144b78 2026-07-07),22.1.6,cargo 1.97.0 (c980f4866 2026-06-30),"release,lto=thin,debug=true",/home/bob/.cache/mess-bench,/dev/nvme0n1p3,ext4,/home,Samsung SSD 970 EVO Plus 2TB,[none] mq-deadline kyber bfq,249460592640,4096,1024,payload[i]=(i*131+17)&0xff,1.22705078125,accepted,,16,bytes,16384,67108880,16384,0,0,0,0,0,22801456,23450223,1417660,1661298,1739329,3980,3981,1.230,1.230
b00234,boundary,bytes_4194304_+1,pwritev_full_4m,candidate,2,ABBA,pwritev_full_4m,process,4194305,1024,4,54215100a825da9eb7cfbd8f045e54ef05fb29bd,false,1b36f48efea63210dfeeee7270dea968ab5ba58da27f90aa42845eb8a64a6649,12b1dafe765a77d1a17115b0ae12cff973f20ed7d6d770fbd790695fe081288e,0e4833553be7825885da5ea99bceab292cc8abee6414d58b31864afe8ca9f944,c89b17de3d4d36a4e106517b0737619bd65f0e2877d95adbf2f297762f71fb7b,6e938dfcd266a2b0eac811d7ea7eabbd5b217965f88efa81371465134dbcab11,2026-07-15T19:03:55.223997+00:00,8o8-arch,7.0.12-arch1-1,AMD Ryzen 9 3900X 12-Core Processor,"logical=24,cores=12,sockets=1,nodes=1",performance,rustc 1.97.0 (2d8144b78 2026-07-07),22.1.6,cargo 1.97.0 (c980f4866 2026-06-30),"release,lto=thin,debug=true",/home/bob/.cache/mess-bench,/dev/nvme0n1p3,ext4,/home,Samsung SSD 970 EVO Plus 2TB,[none] mq-deadline kyber bfq,249460592640,4096,1024,payload[i]=(i*131+17)&0xff,1.22705078125,accepted,,16,bytes,16384,67108880,32,0,0,1024,0,0,4893912,4922356,307909,313250,315410,3980,3981,1.230,1.230
b00235,boundary,bytes_4194304_+1,pwritev_full_4m,candidate,3,ABBA,pwritev_full_4m,process,4194305,1024,4,54215100a825da9eb7cfbd8f045e54ef05fb29bd,false,1b36f48efea63210dfeeee7270dea968ab5ba58da27f90aa42845eb8a64a6649,12b1dafe765a77d1a17115b0ae12cff973f20ed7d6d770fbd790695fe081288e,0e4833553be7825885da5ea99bceab292cc8abee6414d58b31864afe8ca9f944,c89b17de3d4d36a4e106517b0737619bd65f0e2877d95adbf2f297762f71fb7b,6e938dfcd266a2b0eac811d7ea7eabbd5b217965f88efa81371465134dbcab11,2026-07-15T19:03:56.252304+00:00,8o8-arch,7.0.12-arch1-1,AMD Ryzen 9 3900X 12-Core Processor,"logical=24,cores=12,sockets=1,nodes=1",performance,rustc 1.97.0 (2d8144b78 2026-07-07),22.1.6,cargo 1.97.0 (c980f4866 2026-06-30),"release,lto=thin,debug=true",/home/bob/.cache/mess-bench,/dev/nvme0n1p3,ext4,/home,Samsung SSD 970 EVO Plus 2TB,[none] mq-deadline kyber bfq,249460592640,4096,1024,payload[i]=(i*131+17)&0xff,1.12841796875,accepted,,16,bytes,16384,67108880,32,0,0,1024,0,0,5138761,5183666,315269,362250,445489,3980,3981,1.130,1.130
b00236,boundary,bytes_4194304_+1,pwritev_full_4m,baseline,4,ABBA,k_pwrite,process,4194305,1024,4,54215100a825da9eb7cfbd8f045e54ef05fb29bd,false,1b36f48efea63210dfeeee7270dea968ab5ba58da27f90aa42845eb8a64a6649,12b1dafe765a77d1a17115b0ae12cff973f20ed7d6d770fbd790695fe081288e,0e4833553be7825885da5ea99bceab292cc8abee6414d58b31864afe8ca9f944,c89b17de3d4d36a4e106517b0737619bd65f0e2877d95adbf2f297762f71fb7b,6e938dfcd266a2b0eac811d7ea7eabbd5b217965f88efa81371465134dbcab11,2026-07-15T19:03:57.275222+00:00,8o8-arch,7.0.12-arch1-1,AMD Ryzen 9 3900X 12-Core Processor,"logical=24,cores=12,sockets=1,nodes=1",performance,rustc 1.97.0 (2d8144b78 2026-07-07),22.1.6,cargo 1.97.0 (c980f4866 2026-06-30),"release,lto=thin,debug=true",/home/bob/.cache/mess-bench,/dev/nvme0n1p3,ext4,/home,Samsung SSD 970 EVO Plus 2TB,[none] mq-deadline kyber bfq,249460592640,4096,1024,payload[i]=(i*131+17)&0xff,1.12841796875,accepted,,16,bytes,16384,67108880,16384,0,0,0,0,0,22487945,22682944,1405069,1454319,1561509,3980,3981,1.130,1.130
b00237,boundary,bytes_4194304_+1,pwritev_full_8m,candidate,1,BAAB,pwritev_full_8m,process,4194305,1024,4,54215100a825da9eb7cfbd8f045e54ef05fb29bd,false,1b36f48efea63210dfeeee7270dea968ab5ba58da27f90aa42845eb8a64a6649,12b1dafe765a77d1a17115b0ae12cff973f20ed7d6d770fbd790695fe081288e,0e4833553be7825885da5ea99bceab292cc8abee6414d58b31864afe8ca9f944,c89b17de3d4d36a4e106517b0737619bd65f0e2877d95adbf2f297762f71fb7b,6e938dfcd266a2b0eac811d7ea7eabbd5b217965f88efa81371465134dbcab11,2026-07-15T19:03:58.298886+00:00,8o8-arch,7.0.12-arch1-1,AMD Ryzen 9 3900X 12-Core Processor,"logical=24,cores=12,sockets=1,nodes=1",performance,rustc 1.97.0 (2d8144b78 2026-07-07),22.1.6,cargo 1.97.0 (c980f4866 2026-06-30),"release,lto=thin,debug=true",/home/bob/.cache/mess-bench,/dev/nvme0n1p3,ext4,/home,Samsung SSD 970 EVO Plus 2TB,[none] mq-deadline kyber bfq,249460584448,4096,1024,payload[i]=(i*131+17)&0xff,1.12841796875,accepted,,16,bytes,16384,67108880,16,0,0,1024,0,0,4959382,4998926,316710,322350,322359,3980,3981,1.130,1.130
b00238,boundary,bytes_4194304_+1,pwritev_full_8m,baseline,2,BAAB,k_pwrite,process,4194305,1024,4,54215100a825da9eb7cfbd8f045e54ef05fb29bd,false,1b36f48efea63210dfeeee7270dea968ab5ba58da27f90aa42845eb8a64a6649,12b1dafe765a77d1a17115b0ae12cff973f20ed7d6d770fbd790695fe081288e,0e4833553be7825885da5ea99bceab292cc8abee6414d58b31864afe8ca9f944,c89b17de3d4d36a4e106517b0737619bd65f0e2877d95adbf2f297762f71fb7b,6e938dfcd266a2b0eac811d7ea7eabbd5b217965f88efa81371465134dbcab11,2026-07-15T19:03:59.327032+00:00,8o8-arch,7.0.12-arch1-1,AMD Ryzen 9 3900X 12-Core Processor,"logical=24,cores=12,sockets=1,nodes=1",performance,rustc 1.97.0 (2d8144b78 2026-07-07),22.1.6,cargo 1.97.0 (c980f4866 2026-06-30),"release,lto=thin,debug=true",/home/bob/.cache/mess-bench,/dev/nvme0n1p3,ext4,/home,Samsung SSD 970 EVO Plus 2TB,[none] mq-deadline kyber bfq,249460584448,4096,1024,payload[i]=(i*131+17)&0xff,1.12841796875,accepted,,16,bytes,16384,67108880,16384,0,0,0,0,0,22104776,22276094,1393509,1416569,1417209,3980,3981,1.130,1.130
b00239,boundary,bytes_4194304_+1,pwritev_full_8m,baseline,3,BAAB,k_pwrite,process,4194305,1024,4,54215100a825da9eb7cfbd8f045e54ef05fb29bd,false,1b36f48efea63210dfeeee7270dea968ab5ba58da27f90aa42845eb8a64a6649,12b1dafe765a77d1a17115b0ae12cff973f20ed7d6d770fbd790695fe081288e,0e4833553be7825885da5ea99bceab292cc8abee6414d58b31864afe8ca9f944,c89b17de3d4d36a4e106517b0737619bd65f0e2877d95adbf2f297762f71fb7b,6e938dfcd266a2b0eac811d7ea7eabbd5b217965f88efa81371465134dbcab11,2026-07-15T19:04:00.354658+00:00,8o8-arch,7.0.12-arch1-1,AMD Ryzen 9 3900X 12-Core Processor,"logical=24,cores=12,sockets=1,nodes=1",performance,rustc 1.97.0 (2d8144b78 2026-07-07),22.1.6,cargo 1.97.0 (c980f4866 2026-06-30),"release,lto=thin,debug=true",/home/bob/.cache/mess-bench,/dev/nvme0n1p3,ext4,/home,Samsung SSD 970 EVO Plus 2TB,[none] mq-deadline kyber bfq,249460576256,4096,1024,payload[i]=(i*131+17)&0xff,1.12841796875,accepted,,16,bytes,16384,67108880,16384,0,0,0,0,0,22798655,23017253,1395049,1586318,1679689,3980,3981,1.130,1.130
b00240,boundary,bytes_4194304_+1,pwritev_full_8m,candidate,4,BAAB,pwritev_full_8m,process,4194305,1024,4,54215100a825da9eb7cfbd8f045e54ef05fb29bd,false,1b36f48efea63210dfeeee7270dea968ab5ba58da27f90aa42845eb8a64a6649,12b1dafe765a77d1a17115b0ae12cff973f20ed7d6d770fbd790695fe081288e,0e4833553be7825885da5ea99bceab292cc8abee6414d58b31864afe8ca9f944,c89b17de3d4d36a4e106517b0737619bd65f0e2877d95adbf2f297762f71fb7b,6e938dfcd266a2b0eac811d7ea7eabbd5b217965f88efa81371465134dbcab11,2026-07-15T19:04:01.381673+00:00,8o8-arch,7.0.12-arch1-1,AMD Ryzen 9 3900X 12-Core Processor,"logical=24,cores=12,sockets=1,nodes=1",performance,rustc 1.97.0 (2d8144b78 2026-07-07),22.1.6,cargo 1.97.0 (c980f4866 2026-06-30),"release,lto=thin,debug=true",/home/bob/.cache/mess-bench,/dev/nvme0n1p3,ext4,/home,Samsung SSD 970 EVO Plus 2TB,[none] mq-deadline kyber bfq,249460576256,4096,1024,payload[i]=(i*131+17)&0xff,1.03759765625,accepted,,16,bytes,16384,67108880,16,0,0,1024,0,0,4880331,4909026,304080,320370,322140,3980,3981,1.040,1.040
b00241,boundary,bytes_4194304_+1,pwritev_256_1m,baseline,1,ABBA,k_pwrite,process,4194305,1024,4,54215100a825da9eb7cfbd8f045e54ef05fb29bd,false,1b36f48efea63210dfeeee7270dea968ab5ba58da27f90aa42845eb8a64a6649,12b1dafe765a77d1a17115b0ae12cff973f20ed7d6d770fbd790695fe081288e,0e4833553be7825885da5ea99bceab292cc8abee6414d58b31864afe8ca9f944,c89b17de3d4d36a4e106517b0737619bd65f0e2877d95adbf2f297762f71fb7b,6e938dfcd266a2b0eac811d7ea7eabbd5b217965f88efa81371465134dbcab11,2026-07-15T19:04:02.404459+00:00,8o8-arch,7.0.12-arch1-1,AMD Ryzen 9 3900X 12-Core Processor,"logical=24,cores=12,sockets=1,nodes=1",performance,rustc 1.97.0 (2d8144b78 2026-07-07),22.1.6,cargo 1.97.0 (c980f4866 2026-06-30),"release,lto=thin,debug=true",/home/bob/.cache/mess-bench,/dev/nvme0n1p3,ext4,/home,Samsung SSD 970 EVO Plus 2TB,[none] mq-deadline kyber bfq,249460572160,4096,1024,payload[i]=(i*131+17)&0xff,1.03759765625,accepted,,16,bytes,16384,67108880,16384,0,0,0,0,0,22809266,23018853,1405689,1600259,1717938,3980,3981,1.040,1.040
b00242,boundary,bytes_4194304_+1,pwritev_256_1m,candidate,2,ABBA,pwritev_256_1m,process,4194305,1024,4,54215100a825da9eb7cfbd8f045e54ef05fb29bd,false,1b36f48efea63210dfeeee7270dea968ab5ba58da27f90aa42845eb8a64a6649,12b1dafe765a77d1a17115b0ae12cff973f20ed7d6d770fbd790695fe081288e,0e4833553be7825885da5ea99bceab292cc8abee6414d58b31864afe8ca9f944,c89b17de3d4d36a4e106517b0737619bd65f0e2877d95adbf2f297762f71fb7b,6e938dfcd266a2b0eac811d7ea7eabbd5b217965f88efa81371465134dbcab11,2026-07-15T19:04:03.427900+00:00,8o8-arch,7.0.12-arch1-1,AMD Ryzen 9 3900X 12-Core Processor,"logical=24,cores=12,sockets=1,nodes=1",performance,rustc 1.97.0 (2d8144b78 2026-07-07),22.1.6,cargo 1.97.0 (c980f4866 2026-06-30),"release,lto=thin,debug=true",/home/bob/.cache/mess-bench,/dev/nvme0n1p3,ext4,/home,Samsung SSD 970 EVO Plus 2TB,[none] mq-deadline kyber bfq,249460572160,4096,1024,payload[i]=(i*131+17)&0xff,1.03759765625,accepted,,16,bytes,16384,67108880,80,0,0,256,0,0,5359852,5407696,324460,409159,428930,3980,3981,1.040,1.040
b00243,boundary,bytes_4194304_+1,pwritev_256_1m,candidate,3,ABBA,pwritev_256_1m,process,4194305,1024,4,54215100a825da9eb7cfbd8f045e54ef05fb29bd,false,1b36f48efea63210dfeeee7270dea968ab5ba58da27f90aa42845eb8a64a6649,12b1dafe765a77d1a17115b0ae12cff973f20ed7d6d770fbd790695fe081288e,0e4833553be7825885da5ea99bceab292cc8abee6414d58b31864afe8ca9f944,c89b17de3d4d36a4e106517b0737619bd65f0e2877d95adbf2f297762f71fb7b,6e938dfcd266a2b0eac811d7ea7eabbd5b217965f88efa81371465134dbcab11,2026-07-15T19:04:04.456870+00:00,8o8-arch,7.0.12-arch1-1,AMD Ryzen 9 3900X 12-Core Processor,"logical=24,cores=12,sockets=1,nodes=1",performance,rustc 1.97.0 (2d8144b78 2026-07-07),22.1.6,cargo 1.97.0 (c980f4866 2026-06-30),"release,lto=thin,debug=true",/home/bob/.cache/mess-bench,/dev/nvme0n1p3,ext4,/home,Samsung SSD 970 EVO Plus 2TB,[none] mq-deadline kyber bfq,249460539392,4096,1024,payload[i]=(i*131+17)&0xff,1.03759765625,accepted,,16,bytes,16384,67108880,80,0,0,256,0,0,5383771,5437166,332250,390720,445830,3980,3981,1.040,1.040
b00244,boundary,bytes_4194304_+1,pwritev_256_1m,baseline,4,ABBA,k_pwrite,process,4194305,1024,4,54215100a825da9eb7cfbd8f045e54ef05fb29bd,false,1b36f48efea63210dfeeee7270dea968ab5ba58da27f90aa42845eb8a64a6649,12b1dafe765a77d1a17115b0ae12cff973f20ed7d6d770fbd790695fe081288e,0e4833553be7825885da5ea99bceab292cc8abee6414d58b31864afe8ca9f944,c89b17de3d4d36a4e106517b0737619bd65f0e2877d95adbf2f297762f71fb7b,6e938dfcd266a2b0eac811d7ea7eabbd5b217965f88efa81371465134dbcab11,2026-07-15T19:04:05.486058+00:00,8o8-arch,7.0.12-arch1-1,AMD Ryzen 9 3900X 12-Core Processor,"logical=24,cores=12,sockets=1,nodes=1",performance,rustc 1.97.0 (2d8144b78 2026-07-07),22.1.6,cargo 1.97.0 (c980f4866 2026-06-30),"release,lto=thin,debug=true",/home/bob/.cache/mess-bench,/dev/nvme0n1p3,ext4,/home,Samsung SSD 970 EVO Plus 2TB,[none] mq-deadline kyber bfq,249460572160,4096,1024,payload[i]=(i*131+17)&0xff,1.03759765625,accepted,,16,bytes,16384,67108880,16384,0,0,0,0,0,22672796,22872104,1397799,1502269,1792689,3980,3981,1.040,1.040
b00245,boundary,bytes_4194304_+1,pwritev_256_4m,candidate,1,BAAB,pwritev_256_4m,process,4194305,1024,4,54215100a825da9eb7cfbd8f045e54ef05fb29bd,false,1b36f48efea63210dfeeee7270dea968ab5ba58da27f90aa42845eb8a64a6649,12b1dafe765a77d1a17115b0ae12cff973f20ed7d6d770fbd790695fe081288e,0e4833553be7825885da5ea99bceab292cc8abee6414d58b31864afe8ca9f944,c89b17de3d4d36a4e106517b0737619bd65f0e2877d95adbf2f297762f71fb7b,6e938dfcd266a2b0eac811d7ea7eabbd5b217965f88efa81371465134dbcab11,2026-07-15T19:04:06.514509+00:00,8o8-arch,7.0.12-arch1-1,AMD Ryzen 9 3900X 12-Core Processor,"logical=24,cores=12,sockets=1,nodes=1",performance,rustc 1.97.0 (2d8144b78 2026-07-07),22.1.6,cargo 1.97.0 (c980f4866 2026-06-30),"release,lto=thin,debug=true",/home/bob/.cache/mess-bench,/dev/nvme0n1p3,ext4,/home,Samsung SSD 970 EVO Plus 2TB,[none] mq-deadline kyber bfq,249460535296,4096,1024,payload[i]=(i*131+17)&0xff,0.9541015625,accepted,,16,bytes,16384,67108880,64,0,0,256,0,0,5366592,5408066,325379,413300,460599,3980,3981,0.950,0.950
b00246,boundary,bytes_4194304_+1,pwritev_256_4m,baseline,2,BAAB,k_pwrite,process,4194305,1024,4,54215100a825da9eb7cfbd8f045e54ef05fb29bd,false,1b36f48efea63210dfeeee7270dea968ab5ba58da27f90aa42845eb8a64a6649,12b1dafe765a77d1a17115b0ae12cff973f20ed7d6d770fbd790695fe081288e,0e4833553be7825885da5ea99bceab292cc8abee6414d58b31864afe8ca9f944,c89b17de3d4d36a4e106517b0737619bd65f0e2877d95adbf2f297762f71fb7b,6e938dfcd266a2b0eac811d7ea7eabbd5b217965f88efa81371465134dbcab11,2026-07-15T19:04:07.542117+00:00,8o8-arch,7.0.12-arch1-1,AMD Ryzen 9 3900X 12-Core Processor,"logical=24,cores=12,sockets=1,nodes=1",performance,rustc 1.97.0 (2d8144b78 2026-07-07),22.1.6,cargo 1.97.0 (c980f4866 2026-06-30),"release,lto=thin,debug=true",/home/bob/.cache/mess-bench,/dev/nvme0n1p3,ext4,/home,Samsung SSD 970 EVO Plus 2TB,[none] mq-deadline kyber bfq,249460563968,4096,1024,payload[i]=(i*131+17)&0xff,0.9541015625,accepted,,16,bytes,16384,67108880,16384,0,0,0,0,0,23617326,23843303,1452999,1677829,1749029,3980,3981,0.950,0.950
b00247,boundary,bytes_4194304_+1,pwritev_256_4m,baseline,3,BAAB,k_pwrite,process,4194305,1024,4,54215100a825da9eb7cfbd8f045e54ef05fb29bd,false,1b36f48efea63210dfeeee7270dea968ab5ba58da27f90aa42845eb8a64a6649,12b1dafe765a77d1a17115b0ae12cff973f20ed7d6d770fbd790695fe081288e,0e4833553be7825885da5ea99bceab292cc8abee6414d58b31864afe8ca9f944,c89b17de3d4d36a4e106517b0737619bd65f0e2877d95adbf2f297762f71fb7b,6e938dfcd266a2b0eac811d7ea7eabbd5b217965f88efa81371465134dbcab11,2026-07-15T19:04:08.565954+00:00,8o8-arch,7.0.12-arch1-1,AMD Ryzen 9 3900X 12-Core Processor,"logical=24,cores=12,sockets=1,nodes=1",performance,rustc 1.97.0 (2d8144b78 2026-07-07),22.1.6,cargo 1.97.0 (c980f4866 2026-06-30),"release,lto=thin,debug=true",/home/bob/.cache/mess-bench,/dev/nvme0n1p3,ext4,/home,Samsung SSD 970 EVO Plus 2TB,[none] mq-deadline kyber bfq,249460527104,4096,1024,payload[i]=(i*131+17)&0xff,0.9541015625,accepted,,16,bytes,16384,67108880,16384,0,0,0,0,0,22606416,22779684,1396509,1508549,1658199,3980,3981,0.950,0.950
b00248,boundary,bytes_4194304_+1,pwritev_256_4m,candidate,4,BAAB,pwritev_256_4m,process,4194305,1024,4,54215100a825da9eb7cfbd8f045e54ef05fb29bd,false,1b36f48efea63210dfeeee7270dea968ab5ba58da27f90aa42845eb8a64a6649,12b1dafe765a77d1a17115b0ae12cff973f20ed7d6d770fbd790695fe081288e,0e4833553be7825885da5ea99bceab292cc8abee6414d58b31864afe8ca9f944,c89b17de3d4d36a4e106517b0737619bd65f0e2877d95adbf2f297762f71fb7b,6e938dfcd266a2b0eac811d7ea7eabbd5b217965f88efa81371465134dbcab11,2026-07-15T19:04:09.593424+00:00,8o8-arch,7.0.12-arch1-1,AMD Ryzen 9 3900X 12-Core Processor,"logical=24,cores=12,sockets=1,nodes=1",performance,rustc 1.97.0 (2d8144b78 2026-07-07),22.1.6,cargo 1.97.0 (c980f4866 2026-06-30),"release,lto=thin,debug=true",/home/bob/.cache/mess-bench,/dev/nvme0n1p3,ext4,/home,Samsung SSD 970 EVO Plus 2TB,[none] mq-deadline kyber bfq,249460559872,4096,1024,payload[i]=(i*131+17)&0xff,0.9541015625,accepted,,16,bytes,16384,67108880,64,0,0,256,0,0,5405501,5453216,330149,403200,433150,3980,3981,0.950,0.950
b00249,boundary,bytes_4194304_+1,pwritev_64_1m,baseline,1,ABBA,k_pwrite,process,4194305,1024,4,54215100a825da9eb7cfbd8f045e54ef05fb29bd,false,1b36f48efea63210dfeeee7270dea968ab5ba58da27f90aa42845eb8a64a6649,12b1dafe765a77d1a17115b0ae12cff973f20ed7d6d770fbd790695fe081288e,0e4833553be7825885da5ea99bceab292cc8abee6414d58b31864afe8ca9f944,c89b17de3d4d36a4e106517b0737619bd65f0e2877d95adbf2f297762f71fb7b,6e938dfcd266a2b0eac811d7ea7eabbd5b217965f88efa81371465134dbcab11,2026-07-15T19:04:10.615450+00:00,8o8-arch,7.0.12-arch1-1,AMD Ryzen 9 3900X 12-Core Processor,"logical=24,cores=12,sockets=1,nodes=1",performance,rustc 1.97.0 (2d8144b78 2026-07-07),22.1.6,cargo 1.97.0 (c980f4866 2026-06-30),"release,lto=thin,debug=true",/home/bob/.cache/mess-bench,/dev/nvme0n1p3,ext4,/home,Samsung SSD 970 EVO Plus 2TB,[none] mq-deadline kyber bfq,249460518912,4096,1024,payload[i]=(i*131+17)&0xff,0.9541015625,accepted,,16,bytes,16384,67108880,16384,0,0,0,0,0,22858706,23137844,1418819,1550179,1667029,3980,3981,0.950,0.950
b00250,boundary,bytes_4194304_+1,pwritev_64_1m,candidate,2,ABBA,pwritev_64_1m,process,4194305,1024,4,54215100a825da9eb7cfbd8f045e54ef05fb29bd,false,1b36f48efea63210dfeeee7270dea968ab5ba58da27f90aa42845eb8a64a6649,12b1dafe765a77d1a17115b0ae12cff973f20ed7d6d770fbd790695fe081288e,0e4833553be7825885da5ea99bceab292cc8abee6414d58b31864afe8ca9f944,c89b17de3d4d36a4e106517b0737619bd65f0e2877d95adbf2f297762f71fb7b,6e938dfcd266a2b0eac811d7ea7eabbd5b217965f88efa81371465134dbcab11,2026-07-15T19:04:11.644294+00:00,8o8-arch,7.0.12-arch1-1,AMD Ryzen 9 3900X 12-Core Processor,"logical=24,cores=12,sockets=1,nodes=1",performance,rustc 1.97.0 (2d8144b78 2026-07-07),22.1.6,cargo 1.97.0 (c980f4866 2026-06-30),"release,lto=thin,debug=true",/home/bob/.cache/mess-bench,/dev/nvme0n1p3,ext4,/home,Samsung SSD 970 EVO Plus 2TB,[none] mq-deadline kyber bfq,249460551680,4096,1024,payload[i]=(i*131+17)&0xff,1.1982421875,accepted,,16,bytes,16384,67108880,256,0,0,64,0,0,5990802,6065596,370369,400620,523870,3980,3981,1.200,1.200
b00251,boundary,bytes_4194304_+1,pwritev_64_1m,candidate,3,ABBA,pwritev_64_1m,process,4194305,1024,4,54215100a825da9eb7cfbd8f045e54ef05fb29bd,false,1b36f48efea63210dfeeee7270dea968ab5ba58da27f90aa42845eb8a64a6649,12b1dafe765a77d1a17115b0ae12cff973f20ed7d6d770fbd790695fe081288e,0e4833553be7825885da5ea99bceab292cc8abee6414d58b31864afe8ca9f944,c89b17de3d4d36a4e106517b0737619bd65f0e2877d95adbf2f297762f71fb7b,6e938dfcd266a2b0eac811d7ea7eabbd5b217965f88efa81371465134dbcab11,2026-07-15T19:04:12.665249+00:00,8o8-arch,7.0.12-arch1-1,AMD Ryzen 9 3900X 12-Core Processor,"logical=24,cores=12,sockets=1,nodes=1",performance,rustc 1.97.0 (2d8144b78 2026-07-07),22.1.6,cargo 1.97.0 (c980f4866 2026-06-30),"release,lto=thin,debug=true",/home/bob/.cache/mess-bench,/dev/nvme0n1p3,ext4,/home,Samsung SSD 970 EVO Plus 2TB,[none] mq-deadline kyber bfq,249460514816,4096,1024,payload[i]=(i*131+17)&0xff,1.1982421875,accepted,,16,bytes,16384,67108880,256,0,0,64,0,0,5864622,5918426,371519,378490,381200,3980,3981,1.200,1.200
b00252,boundary,bytes_4194304_+1,pwritev_64_1m,baseline,4,ABBA,k_pwrite,process,4194305,1024,4,54215100a825da9eb7cfbd8f045e54ef05fb29bd,false,1b36f48efea63210dfeeee7270dea968ab5ba58da27f90aa42845eb8a64a6649,12b1dafe765a77d1a17115b0ae12cff973f20ed7d6d770fbd790695fe081288e,0e4833553be7825885da5ea99bceab292cc8abee6414d58b31864afe8ca9f944,c89b17de3d4d36a4e106517b0737619bd65f0e2877d95adbf2f297762f71fb7b,6e938dfcd266a2b0eac811d7ea7eabbd5b217965f88efa81371465134dbcab11,2026-07-15T19:04:13.694691+00:00,8o8-arch,7.0.12-arch1-1,AMD Ryzen 9 3900X 12-Core Processor,"logical=24,cores=12,sockets=1,nodes=1",performance,rustc 1.97.0 (2d8144b78 2026-07-07),22.1.6,cargo 1.97.0 (c980f4866 2026-06-30),"release,lto=thin,debug=true",/home/bob/.cache/mess-bench,/dev/nvme0n1p3,ext4,/home,Samsung SSD 970 EVO Plus 2TB,[none] mq-deadline kyber bfq,249460547584,4096,1024,payload[i]=(i*131+17)&0xff,1.1982421875,accepted,,16,bytes,16384,67108880,16384,0,0,0,0,0,22769586,22929284,1395729,1608039,1652618,3980,3981,1.200,1.200
b00253,boundary,bytes_4194304_+1,copy_contiguous,candidate,1,BAAB,copy_contiguous,process,4194305,1024,4,54215100a825da9eb7cfbd8f045e54ef05fb29bd,false,1b36f48efea63210dfeeee7270dea968ab5ba58da27f90aa42845eb8a64a6649,12b1dafe765a77d1a17115b0ae12cff973f20ed7d6d770fbd790695fe081288e,0e4833553be7825885da5ea99bceab292cc8abee6414d58b31864afe8ca9f944,c89b17de3d4d36a4e106517b0737619bd65f0e2877d95adbf2f297762f71fb7b,6e938dfcd266a2b0eac811d7ea7eabbd5b217965f88efa81371465134dbcab11,2026-07-15T19:04:14.724049+00:00,8o8-arch,7.0.12-arch1-1,AMD Ryzen 9 3900X 12-Core Processor,"logical=24,cores=12,sockets=1,nodes=1",performance,rustc 1.97.0 (2d8144b78 2026-07-07),22.1.6,cargo 1.97.0 (c980f4866 2026-06-30),"release,lto=thin,debug=true",/home/bob/.cache/mess-bench,/dev/nvme0n1p3,ext4,/home,Samsung SSD 970 EVO Plus 2TB,[none] mq-deadline kyber bfq,249460539392,4096,1024,payload[i]=(i*131+17)&0xff,1.1982421875,accepted,,16,bytes,16384,67108880,16,0,0,0,67108880,0,9650813,9752653,589230,656699,808410,3980,3981,1.200,1.200
b00254,boundary,bytes_4194304_+1,copy_contiguous,baseline,2,BAAB,k_pwrite,process,4194305,1024,4,54215100a825da9eb7cfbd8f045e54ef05fb29bd,false,1b36f48efea63210dfeeee7270dea968ab5ba58da27f90aa42845eb8a64a6649,12b1dafe765a77d1a17115b0ae12cff973f20ed7d6d770fbd790695fe081288e,0e4833553be7825885da5ea99bceab292cc8abee6414d58b31864afe8ca9f944,c89b17de3d4d36a4e106517b0737619bd65f0e2877d95adbf2f297762f71fb7b,6e938dfcd266a2b0eac811d7ea7eabbd5b217965f88efa81371465134dbcab11,2026-07-15T19:04:15.752291+00:00,8o8-arch,7.0.12-arch1-1,AMD Ryzen 9 3900X 12-Core Processor,"logical=24,cores=12,sockets=1,nodes=1",performance,rustc 1.97.0 (2d8144b78 2026-07-07),22.1.6,cargo 1.97.0 (c980f4866 2026-06-30),"release,lto=thin,debug=true",/home/bob/.cache/mess-bench,/dev/nvme0n1p3,ext4,/home,Samsung SSD 970 EVO Plus 2TB,[none] mq-deadline kyber bfq,249460539392,4096,1024,payload[i]=(i*131+17)&0xff,1.1982421875,accepted,,16,bytes,16384,67108880,16384,0,0,0,0,0,23263306,23510953,1431149,1678999,1709468,3980,3981,1.200,1.200
b00255,boundary,bytes_4194304_+1,copy_contiguous,baseline,3,BAAB,k_pwrite,process,4194305,1024,4,54215100a825da9eb7cfbd8f045e54ef05fb29bd,false,1b36f48efea63210dfeeee7270dea968ab5ba58da27f90aa42845eb8a64a6649,12b1dafe765a77d1a17115b0ae12cff973f20ed7d6d770fbd790695fe081288e,0e4833553be7825885da5ea99bceab292cc8abee6414d58b31864afe8ca9f944,c89b17de3d4d36a4e106517b0737619bd65f0e2877d95adbf2f297762f71fb7b,6e938dfcd266a2b0eac811d7ea7eabbd5b217965f88efa81371465134dbcab11,2026-07-15T19:04:16.778809+00:00,8o8-arch,7.0.12-arch1-1,AMD Ryzen 9 3900X 12-Core Processor,"logical=24,cores=12,sockets=1,nodes=1",performance,rustc 1.97.0 (2d8144b78 2026-07-07),22.1.6,cargo 1.97.0 (c980f4866 2026-06-30),"release,lto=thin,debug=true",/home/bob/.cache/mess-bench,/dev/nvme0n1p3,ext4,/home,Samsung SSD 970 EVO Plus 2TB,[none] mq-deadline kyber bfq,249460543488,4096,1024,payload[i]=(i*131+17)&0xff,1.18212890625,accepted,,16,bytes,16384,67108880,16384,0,0,0,0,0,22923866,23107293,1394590,1669298,1679349,3980,3981,1.180,1.180
b00256,boundary,bytes_4194304_+1,copy_contiguous,candidate,4,BAAB,copy_contiguous,process,4194305,1024,4,54215100a825da9eb7cfbd8f045e54ef05fb29bd,false,1b36f48efea63210dfeeee7270dea968ab5ba58da27f90aa42845eb8a64a6649,12b1dafe765a77d1a17115b0ae12cff973f20ed7d6d770fbd790695fe081288e,0e4833553be7825885da5ea99bceab292cc8abee6414d58b31864afe8ca9f944,c89b17de3d4d36a4e106517b0737619bd65f0e2877d95adbf2f297762f71fb7b,6e938dfcd266a2b0eac811d7ea7eabbd5b217965f88efa81371465134dbcab11,2026-07-15T19:04:17.807194+00:00,8o8-arch,7.0.12-arch1-1,AMD Ryzen 9 3900X 12-Core Processor,"logical=24,cores=12,sockets=1,nodes=1",performance,rustc 1.97.0 (2d8144b78 2026-07-07),22.1.6,cargo 1.97.0 (c980f4866 2026-06-30),"release,lto=thin,debug=true",/home/bob/.cache/mess-bench,/dev/nvme0n1p3,ext4,/home,Samsung SSD 970 EVO Plus 2TB,[none] mq-deadline kyber bfq,249460539392,4096,1024,payload[i]=(i*131+17)&0xff,1.18212890625,accepted,,16,bytes,16384,67108880,16,0,0,0,67108880,0,9717433,9800363,586999,754120,824819,3980,3981,1.180,1.180
b00257,boundary,bytes_8388608_-1,pwritev_full_1m,baseline,1,ABBA,k_pwrite,process,8388607,1024,4,54215100a825da9eb7cfbd8f045e54ef05fb29bd,false,1b36f48efea63210dfeeee7270dea968ab5ba58da27f90aa42845eb8a64a6649,12b1dafe765a77d1a17115b0ae12cff973f20ed7d6d770fbd790695fe081288e,0e4833553be7825885da5ea99bceab292cc8abee6414d58b31864afe8ca9f944,c89b17de3d4d36a4e106517b0737619bd65f0e2877d95adbf2f297762f71fb7b,6e938dfcd266a2b0eac811d7ea7eabbd5b217965f88efa81371465134dbcab11,2026-07-15T19:04:18.831716+00:00,8o8-arch,7.0.12-arch1-1,AMD Ryzen 9 3900X 12-Core Processor,"logical=24,cores=12,sockets=1,nodes=1",performance,rustc 1.97.0 (2d8144b78 2026-07-07),22.1.6,cargo 1.97.0 (c980f4866 2026-06-30),"release,lto=thin,debug=true",/home/bob/.cache/mess-bench,/dev/nvme0n1p3,ext4,/home,Samsung SSD 970 EVO Plus 2TB,[none] mq-deadline kyber bfq,249460535296,4096,1024,payload[i]=(i*131+17)&0xff,1.18212890625,accepted,,9,bytes,9216,75497463,9216,0,0,0,0,0,20556244,20709425,2268429,2594858,2594858,8075,8076,1.180,1.180
b00258,boundary,bytes_8388608_-1,pwritev_full_1m,candidate,2,ABBA,pwritev_full_1m,process,8388607,1024,4,54215100a825da9eb7cfbd8f045e54ef05fb29bd,false,1b36f48efea63210dfeeee7270dea968ab5ba58da27f90aa42845eb8a64a6649,12b1dafe765a77d1a17115b0ae12cff973f20ed7d6d770fbd790695fe081288e,0e4833553be7825885da5ea99bceab292cc8abee6414d58b31864afe8ca9f944,c89b17de3d4d36a4e106517b0737619bd65f0e2877d95adbf2f297762f71fb7b,6e938dfcd266a2b0eac811d7ea7eabbd5b217965f88efa81371465134dbcab11,2026-07-15T19:04:19.859777+00:00,8o8-arch,7.0.12-arch1-1,AMD Ryzen 9 3900X 12-Core Processor,"logical=24,cores=12,sockets=1,nodes=1",performance,rustc 1.97.0 (2d8144b78 2026-07-07),22.1.6,cargo 1.97.0 (c980f4866 2026-06-30),"release,lto=thin,debug=true",/home/bob/.cache/mess-bench,/dev/nvme0n1p3,ext4,/home,Samsung SSD 970 EVO Plus 2TB,[none] mq-deadline kyber bfq,249460535296,4096,1024,payload[i]=(i*131+17)&0xff,1.18212890625,accepted,,9,bytes,9216,75497463,72,0,0,128,0,0,7180102,7315465,862489,991199,991199,8075,8076,1.180,1.180
b00259,boundary,bytes_8388608_-1,pwritev_full_1m,candidate,3,ABBA,pwritev_full_1m,process,8388607,1024,4,54215100a825da9eb7cfbd8f045e54ef05fb29bd,false,1b36f48efea63210dfeeee7270dea968ab5ba58da27f90aa42845eb8a64a6649,12b1dafe765a77d1a17115b0ae12cff973f20ed7d6d770fbd790695fe081288e,0e4833553be7825885da5ea99bceab292cc8abee6414d58b31864afe8ca9f944,c89b17de3d4d36a4e106517b0737619bd65f0e2877d95adbf2f297762f71fb7b,6e938dfcd266a2b0eac811d7ea7eabbd5b217965f88efa81371465134dbcab11,2026-07-15T19:04:20.886485+00:00,8o8-arch,7.0.12-arch1-1,AMD Ryzen 9 3900X 12-Core Processor,"logical=24,cores=12,sockets=1,nodes=1",performance,rustc 1.97.0 (2d8144b78 2026-07-07),22.1.6,cargo 1.97.0 (c980f4866 2026-06-30),"release,lto=thin,debug=true",/home/bob/.cache/mess-bench,/dev/nvme0n1p3,ext4,/home,Samsung SSD 970 EVO Plus 2TB,[none] mq-deadline kyber bfq,249460535296,4096,1024,payload[i]=(i*131+17)&0xff,1.18212890625,accepted,,9,bytes,9216,75497463,72,0,0,128,0,0,5291202,5322266,592339,615400,615400,8075,8076,1.180,1.180
b00260,boundary,bytes_8388608_-1,pwritev_full_1m,baseline,4,ABBA,k_pwrite,process,8388607,1024,4,54215100a825da9eb7cfbd8f045e54ef05fb29bd,false,1b36f48efea63210dfeeee7270dea968ab5ba58da27f90aa42845eb8a64a6649,12b1dafe765a77d1a17115b0ae12cff973f20ed7d6d770fbd790695fe081288e,0e4833553be7825885da5ea99bceab292cc8abee6414d58b31864afe8ca9f944,c89b17de3d4d36a4e106517b0737619bd65f0e2877d95adbf2f297762f71fb7b,6e938dfcd266a2b0eac811d7ea7eabbd5b217965f88efa81371465134dbcab11,2026-07-15T19:04:21.910541+00:00,8o8-arch,7.0.12-arch1-1,AMD Ryzen 9 3900X 12-Core Processor,"logical=24,cores=12,sockets=1,nodes=1",performance,rustc 1.97.0 (2d8144b78 2026-07-07),22.1.6,cargo 1.97.0 (c980f4866 2026-06-30),"release,lto=thin,debug=true",/home/bob/.cache/mess-bench,/dev/nvme0n1p3,ext4,/home,Samsung SSD 970 EVO Plus 2TB,[none] mq-deadline kyber bfq,249460527104,4096,1024,payload[i]=(i*131+17)&0xff,1.248046875,accepted,,9,bytes,9216,75497463,9216,0,0,0,0,0,21388574,21623464,2396068,2559818,2559818,8075,8076,1.250,1.250
b00261,boundary,bytes_8388608_-1,pwritev_full_4m,candidate,1,BAAB,pwritev_full_4m,process,8388607,1024,4,54215100a825da9eb7cfbd8f045e54ef05fb29bd,false,1b36f48efea63210dfeeee7270dea968ab5ba58da27f90aa42845eb8a64a6649,12b1dafe765a77d1a17115b0ae12cff973f20ed7d6d770fbd790695fe081288e,0e4833553be7825885da5ea99bceab292cc8abee6414d58b31864afe8ca9f944,c89b17de3d4d36a4e106517b0737619bd65f0e2877d95adbf2f297762f71fb7b,6e938dfcd266a2b0eac811d7ea7eabbd5b217965f88efa81371465134dbcab11,2026-07-15T19:04:22.938379+00:00,8o8-arch,7.0.12-arch1-1,AMD Ryzen 9 3900X 12-Core Processor,"logical=24,cores=12,sockets=1,nodes=1",performance,rustc 1.97.0 (2d8144b78 2026-07-07),22.1.6,cargo 1.97.0 (c980f4866 2026-06-30),"release,lto=thin,debug=true",/home/bob/.cache/mess-bench,/dev/nvme0n1p3,ext4,/home,Samsung SSD 970 EVO Plus 2TB,[none] mq-deadline kyber bfq,249460523008,4096,1024,payload[i]=(i*131+17)&0xff,1.248046875,accepted,,9,bytes,9216,75497463,18,0,0,512,0,0,5380391,5423016,575139,723680,723680,8075,8076,1.250,1.250
b00262,boundary,bytes_8388608_-1,pwritev_full_4m,baseline,2,BAAB,k_pwrite,process,8388607,1024,4,54215100a825da9eb7cfbd8f045e54ef05fb29bd,false,1b36f48efea63210dfeeee7270dea968ab5ba58da27f90aa42845eb8a64a6649,12b1dafe765a77d1a17115b0ae12cff973f20ed7d6d770fbd790695fe081288e,0e4833553be7825885da5ea99bceab292cc8abee6414d58b31864afe8ca9f944,c89b17de3d4d36a4e106517b0737619bd65f0e2877d95adbf2f297762f71fb7b,6e938dfcd266a2b0eac811d7ea7eabbd5b217965f88efa81371465134dbcab11,2026-07-15T19:04:23.960287+00:00,8o8-arch,7.0.12-arch1-1,AMD Ryzen 9 3900X 12-Core Processor,"logical=24,cores=12,sockets=1,nodes=1",performance,rustc 1.97.0 (2d8144b78 2026-07-07),22.1.6,cargo 1.97.0 (c980f4866 2026-06-30),"release,lto=thin,debug=true",/home/bob/.cache/mess-bench,/dev/nvme0n1p3,ext4,/home,Samsung SSD 970 EVO Plus 2TB,[none] mq-deadline kyber bfq,249460523008,4096,1024,payload[i]=(i*131+17)&0xff,1.248046875,accepted,,9,bytes,9216,75497463,9216,0,0,0,0,0,20384905,20549725,2248218,2496028,2496028,8075,8076,1.250,1.250
b00263,boundary,bytes_8388608_-1,pwritev_full_4m,baseline,3,BAAB,k_pwrite,process,8388607,1024,4,54215100a825da9eb7cfbd8f045e54ef05fb29bd,false,1b36f48efea63210dfeeee7270dea968ab5ba58da27f90aa42845eb8a64a6649,12b1dafe765a77d1a17115b0ae12cff973f20ed7d6d770fbd790695fe081288e,0e4833553be7825885da5ea99bceab292cc8abee6414d58b31864afe8ca9f944,c89b17de3d4d36a4e106517b0737619bd65f0e2877d95adbf2f297762f71fb7b,6e938dfcd266a2b0eac811d7ea7eabbd5b217965f88efa81371465134dbcab11,2026-07-15T19:04:24.988011+00:00,8o8-arch,7.0.12-arch1-1,AMD Ryzen 9 3900X 12-Core Processor,"logical=24,cores=12,sockets=1,nodes=1",performance,rustc 1.97.0 (2d8144b78 2026-07-07),22.1.6,cargo 1.97.0 (c980f4866 2026-06-30),"release,lto=thin,debug=true",/home/bob/.cache/mess-bench,/dev/nvme0n1p3,ext4,/home,Samsung SSD 970 EVO Plus 2TB,[none] mq-deadline kyber bfq,249460523008,4096,1024,payload[i]=(i*131+17)&0xff,1.248046875,accepted,,9,bytes,9216,75497463,9216,0,0,0,0,0,21167504,21359564,2340538,2599548,2599548,8075,8076,1.250,1.250
b00264,boundary,bytes_8388608_-1,pwritev_full_4m,candidate,4,BAAB,pwritev_full_4m,process,8388607,1024,4,54215100a825da9eb7cfbd8f045e54ef05fb29bd,false,1b36f48efea63210dfeeee7270dea968ab5ba58da27f90aa42845eb8a64a6649,12b1dafe765a77d1a17115b0ae12cff973f20ed7d6d770fbd790695fe081288e,0e4833553be7825885da5ea99bceab292cc8abee6414d58b31864afe8ca9f944,c89b17de3d4d36a4e106517b0737619bd65f0e2877d95adbf2f297762f71fb7b,6e938dfcd266a2b0eac811d7ea7eabbd5b217965f88efa81371465134dbcab11,2026-07-15T19:04:26.016981+00:00,8o8-arch,7.0.12-arch1-1,AMD Ryzen 9 3900X 12-Core Processor,"logical=24,cores=12,sockets=1,nodes=1",performance,rustc 1.97.0 (2d8144b78 2026-07-07),22.1.6,cargo 1.97.0 (c980f4866 2026-06-30),"release,lto=thin,debug=true",/home/bob/.cache/mess-bench,/dev/nvme0n1p3,ext4,/home,Samsung SSD 970 EVO Plus 2TB,[none] mq-deadline kyber bfq,249460514816,4096,1024,payload[i]=(i*131+17)&0xff,1.248046875,accepted,,9,bytes,9216,75497463,18,0,0,512,0,0,5131262,5160017,562339,639480,639480,8075,8076,1.250,1.250
b00265,boundary,bytes_8388608_-1,pwritev_full_8m,baseline,1,ABBA,k_pwrite,process,8388607,1024,4,54215100a825da9eb7cfbd8f045e54ef05fb29bd,false,1b36f48efea63210dfeeee7270dea968ab5ba58da27f90aa42845eb8a64a6649,12b1dafe765a77d1a17115b0ae12cff973f20ed7d6d770fbd790695fe081288e,0e4833553be7825885da5ea99bceab292cc8abee6414d58b31864afe8ca9f944,c89b17de3d4d36a4e106517b0737619bd65f0e2877d95adbf2f297762f71fb7b,6e938dfcd266a2b0eac811d7ea7eabbd5b217965f88efa81371465134dbcab11,2026-07-15T19:04:27.038387+00:00,8o8-arch,7.0.12-arch1-1,AMD Ryzen 9 3900X 12-Core Processor,"logical=24,cores=12,sockets=1,nodes=1",performance,rustc 1.97.0 (2d8144b78 2026-07-07),22.1.6,cargo 1.97.0 (c980f4866 2026-06-30),"release,lto=thin,debug=true",/home/bob/.cache/mess-bench,/dev/nvme0n1p3,ext4,/home,Samsung SSD 970 EVO Plus 2TB,[none] mq-deadline kyber bfq,249460510720,4096,1024,payload[i]=(i*131+17)&0xff,1.46875,accepted,,9,bytes,9216,75497463,9216,0,0,0,0,0,21621185,21853525,2411458,2620978,2620978,8075,8076,1.470,1.470
b00266,boundary,bytes_8388608_-1,pwritev_full_8m,candidate,2,ABBA,pwritev_full_8m,process,8388607,1024,4,54215100a825da9eb7cfbd8f045e54ef05fb29bd,false,1b36f48efea63210dfeeee7270dea968ab5ba58da27f90aa42845eb8a64a6649,12b1dafe765a77d1a17115b0ae12cff973f20ed7d6d770fbd790695fe081288e,0e4833553be7825885da5ea99bceab292cc8abee6414d58b31864afe8ca9f944,c89b17de3d4d36a4e106517b0737619bd65f0e2877d95adbf2f297762f71fb7b,6e938dfcd266a2b0eac811d7ea7eabbd5b217965f88efa81371465134dbcab11,2026-07-15T19:04:28.059811+00:00,8o8-arch,7.0.12-arch1-1,AMD Ryzen 9 3900X 12-Core Processor,"logical=24,cores=12,sockets=1,nodes=1",performance,rustc 1.97.0 (2d8144b78 2026-07-07),22.1.6,cargo 1.97.0 (c980f4866 2026-06-30),"release,lto=thin,debug=true",/home/bob/.cache/mess-bench,/dev/nvme0n1p3,ext4,/home,Samsung SSD 970 EVO Plus 2TB,[none] mq-deadline kyber bfq,249460510720,4096,1024,payload[i]=(i*131+17)&0xff,1.46875,accepted,,9,bytes,9216,75497463,9,0,0,1024,0,0,5576352,5629716,602789,808009,808009,8075,8076,1.470,1.470
b00267,boundary,bytes_8388608_-1,pwritev_full_8m,candidate,3,ABBA,pwritev_full_8m,process,8388607,1024,4,54215100a825da9eb7cfbd8f045e54ef05fb29bd,false,1b36f48efea63210dfeeee7270dea968ab5ba58da27f90aa42845eb8a64a6649,12b1dafe765a77d1a17115b0ae12cff973f20ed7d6d770fbd790695fe081288e,0e4833553be7825885da5ea99bceab292cc8abee6414d58b31864afe8ca9f944,c89b17de3d4d36a4e106517b0737619bd65f0e2877d95adbf2f297762f71fb7b,6e938dfcd266a2b0eac811d7ea7eabbd5b217965f88efa81371465134dbcab11,2026-07-15T19:04:29.082448+00:00,8o8-arch,7.0.12-arch1-1,AMD Ryzen 9 3900X 12-Core Processor,"logical=24,cores=12,sockets=1,nodes=1",performance,rustc 1.97.0 (2d8144b78 2026-07-07),22.1.6,cargo 1.97.0 (c980f4866 2026-06-30),"release,lto=thin,debug=true",/home/bob/.cache/mess-bench,/dev/nvme0n1p3,ext4,/home,Samsung SSD 970 EVO Plus 2TB,[none] mq-deadline kyber bfq,249460498432,4096,1024,payload[i]=(i*131+17)&0xff,1.46875,accepted,,9,bytes,9216,75497463,9,0,0,1024,0,0,4996551,5041947,558360,601430,601430,8075,8076,1.470,1.470
b00268,boundary,bytes_8388608_-1,pwritev_full_8m,baseline,4,ABBA,k_pwrite,process,8388607,1024,4,54215100a825da9eb7cfbd8f045e54ef05fb29bd,false,1b36f48efea63210dfeeee7270dea968ab5ba58da27f90aa42845eb8a64a6649,12b1dafe765a77d1a17115b0ae12cff973f20ed7d6d770fbd790695fe081288e,0e4833553be7825885da5ea99bceab292cc8abee6414d58b31864afe8ca9f944,c89b17de3d4d36a4e106517b0737619bd65f0e2877d95adbf2f297762f71fb7b,6e938dfcd266a2b0eac811d7ea7eabbd5b217965f88efa81371465134dbcab11,2026-07-15T19:04:30.111957+00:00,8o8-arch,7.0.12-arch1-1,AMD Ryzen 9 3900X 12-Core Processor,"logical=24,cores=12,sockets=1,nodes=1",performance,rustc 1.97.0 (2d8144b78 2026-07-07),22.1.6,cargo 1.97.0 (c980f4866 2026-06-30),"release,lto=thin,debug=true",/home/bob/.cache/mess-bench,/dev/nvme0n1p3,ext4,/home,Samsung SSD 970 EVO Plus 2TB,[none] mq-deadline kyber bfq,249460498432,4096,1024,payload[i]=(i*131+17)&0xff,1.46875,accepted,,9,bytes,9216,75497463,9216,0,0,0,0,0,20421075,20592515,2260998,2379978,2379978,8075,8076,1.470,1.470
b00269,boundary,bytes_8388608_-1,pwritev_256_4m,candidate,1,BAAB,pwritev_256_4m,process,8388607,1024,4,54215100a825da9eb7cfbd8f045e54ef05fb29bd,false,1b36f48efea63210dfeeee7270dea968ab5ba58da27f90aa42845eb8a64a6649,12b1dafe765a77d1a17115b0ae12cff973f20ed7d6d770fbd790695fe081288e,0e4833553be7825885da5ea99bceab292cc8abee6414d58b31864afe8ca9f944,c89b17de3d4d36a4e106517b0737619bd65f0e2877d95adbf2f297762f71fb7b,6e938dfcd266a2b0eac811d7ea7eabbd5b217965f88efa81371465134dbcab11,2026-07-15T19:04:31.137499+00:00,8o8-arch,7.0.12-arch1-1,AMD Ryzen 9 3900X 12-Core Processor,"logical=24,cores=12,sockets=1,nodes=1",performance,rustc 1.97.0 (2d8144b78 2026-07-07),22.1.6,cargo 1.97.0 (c980f4866 2026-06-30),"release,lto=thin,debug=true",/home/bob/.cache/mess-bench,/dev/nvme0n1p3,ext4,/home,Samsung SSD 970 EVO Plus 2TB,[none] mq-deadline kyber bfq,249460494336,4096,1024,payload[i]=(i*131+17)&0xff,1.43115234375,accepted,,9,bytes,9216,75497463,36,0,0,256,0,0,5745401,5791026,617720,735789,735789,8075,8076,1.430,1.430
b00270,boundary,bytes_8388608_-1,pwritev_256_4m,baseline,2,BAAB,k_pwrite,process,8388607,1024,4,54215100a825da9eb7cfbd8f045e54ef05fb29bd,false,1b36f48efea63210dfeeee7270dea968ab5ba58da27f90aa42845eb8a64a6649,12b1dafe765a77d1a17115b0ae12cff973f20ed7d6d770fbd790695fe081288e,0e4833553be7825885da5ea99bceab292cc8abee6414d58b31864afe8ca9f944,c89b17de3d4d36a4e106517b0737619bd65f0e2877d95adbf2f297762f71fb7b,6e938dfcd266a2b0eac811d7ea7eabbd5b217965f88efa81371465134dbcab11,2026-07-15T19:04:32.158038+00:00,8o8-arch,7.0.12-arch1-1,AMD Ryzen 9 3900X 12-Core Processor,"logical=24,cores=12,sockets=1,nodes=1",performance,rustc 1.97.0 (2d8144b78 2026-07-07),22.1.6,cargo 1.97.0 (c980f4866 2026-06-30),"release,lto=thin,debug=true",/home/bob/.cache/mess-bench,/dev/nvme0n1p3,ext4,/home,Samsung SSD 970 EVO Plus 2TB,[none] mq-deadline kyber bfq,249460490240,4096,1024,payload[i]=(i*131+17)&0xff,1.43115234375,accepted,,9,bytes,9216,75497463,9216,0,0,0,0,0,21393566,21597214,2386018,2629948,2629948,8075,8076,1.430,1.430
b00271,boundary,bytes_8388608_-1,pwritev_256_4m,baseline,3,BAAB,k_pwrite,process,8388607,1024,4,54215100a825da9eb7cfbd8f045e54ef05fb29bd,false,1b36f48efea63210dfeeee7270dea968ab5ba58da27f90aa42845eb8a64a6649,12b1dafe765a77d1a17115b0ae12cff973f20ed7d6d770fbd790695fe081288e,0e4833553be7825885da5ea99bceab292cc8abee6414d58b31864afe8ca9f944,c89b17de3d4d36a4e106517b0737619bd65f0e2877d95adbf2f297762f71fb7b,6e938dfcd266a2b0eac811d7ea7eabbd5b217965f88efa81371465134dbcab11,2026-07-15T19:04:33.179323+00:00,8o8-arch,7.0.12-arch1-1,AMD Ryzen 9 3900X 12-Core Processor,"logical=24,cores=12,sockets=1,nodes=1",performance,rustc 1.97.0 (2d8144b78 2026-07-07),22.1.6,cargo 1.97.0 (c980f4866 2026-06-30),"release,lto=thin,debug=true",/home/bob/.cache/mess-bench,/dev/nvme0n1p3,ext4,/home,Samsung SSD 970 EVO Plus 2TB,[none] mq-deadline kyber bfq,249460490240,4096,1024,payload[i]=(i*131+17)&0xff,1.43115234375,accepted,,9,bytes,9216,75497463,9216,0,0,0,0,0,21134345,21325085,2314368,2641358,2641358,8075,8076,1.430,1.430
b00272,boundary,bytes_8388608_-1,pwritev_256_4m,candidate,4,BAAB,pwritev_256_4m,process,8388607,1024,4,54215100a825da9eb7cfbd8f045e54ef05fb29bd,false,1b36f48efea63210dfeeee7270dea968ab5ba58da27f90aa42845eb8a64a6649,12b1dafe765a77d1a17115b0ae12cff973f20ed7d6d770fbd790695fe081288e,0e4833553be7825885da5ea99bceab292cc8abee6414d58b31864afe8ca9f944,c89b17de3d4d36a4e106517b0737619bd65f0e2877d95adbf2f297762f71fb7b,6e938dfcd266a2b0eac811d7ea7eabbd5b217965f88efa81371465134dbcab11,2026-07-15T19:04:34.201752+00:00,8o8-arch,7.0.12-arch1-1,AMD Ryzen 9 3900X 12-Core Processor,"logical=24,cores=12,sockets=1,nodes=1",performance,rustc 1.97.0 (2d8144b78 2026-07-07),22.1.6,cargo 1.97.0 (c980f4866 2026-06-30),"release,lto=thin,debug=true",/home/bob/.cache/mess-bench,/dev/nvme0n1p3,ext4,/home,Samsung SSD 970 EVO Plus 2TB,[none] mq-deadline kyber bfq,249460490240,4096,1024,payload[i]=(i*131+17)&0xff,1.43115234375,accepted,,9,bytes,9216,75497463,36,0,0,256,0,0,5511662,5560066,580820,761079,761079,8075,8076,1.430,1.430
b00273,boundary,bytes_8388608_-1,pwritev_64_1m,baseline,1,ABBA,k_pwrite,process,8388607,1024,4,54215100a825da9eb7cfbd8f045e54ef05fb29bd,false,1b36f48efea63210dfeeee7270dea968ab5ba58da27f90aa42845eb8a64a6649,12b1dafe765a77d1a17115b0ae12cff973f20ed7d6d770fbd790695fe081288e,0e4833553be7825885da5ea99bceab292cc8abee6414d58b31864afe8ca9f944,c89b17de3d4d36a4e106517b0737619bd65f0e2877d95adbf2f297762f71fb7b,6e938dfcd266a2b0eac811d7ea7eabbd5b217965f88efa81371465134dbcab11,2026-07-15T19:04:35.231164+00:00,8o8-arch,7.0.12-arch1-1,AMD Ryzen 9 3900X 12-Core Processor,"logical=24,cores=12,sockets=1,nodes=1",performance,rustc 1.97.0 (2d8144b78 2026-07-07),22.1.6,cargo 1.97.0 (c980f4866 2026-06-30),"release,lto=thin,debug=true",/home/bob/.cache/mess-bench,/dev/nvme0n1p3,ext4,/home,Samsung SSD 970 EVO Plus 2TB,[none] mq-deadline kyber bfq,249460486144,4096,1024,payload[i]=(i*131+17)&0xff,1.43115234375,accepted,,9,bytes,9216,75497463,9216,0,0,0,0,0,21389815,21562654,2406699,2441988,2441988,8075,8076,1.430,1.430
b00274,boundary,bytes_8388608_-1,pwritev_64_1m,candidate,2,ABBA,pwritev_64_1m,process,8388607,1024,4,54215100a825da9eb7cfbd8f045e54ef05fb29bd,false,1b36f48efea63210dfeeee7270dea968ab5ba58da27f90aa42845eb8a64a6649,12b1dafe765a77d1a17115b0ae12cff973f20ed7d6d770fbd790695fe081288e,0e4833553be7825885da5ea99bceab292cc8abee6414d58b31864afe8ca9f944,c89b17de3d4d36a4e106517b0737619bd65f0e2877d95adbf2f297762f71fb7b,6e938dfcd266a2b0eac811d7ea7eabbd5b217965f88efa81371465134dbcab11,2026-07-15T19:04:36.256291+00:00,8o8-arch,7.0.12-arch1-1,AMD Ryzen 9 3900X 12-Core Processor,"logical=24,cores=12,sockets=1,nodes=1",performance,rustc 1.97.0 (2d8144b78 2026-07-07),22.1.6,cargo 1.97.0 (c980f4866 2026-06-30),"release,lto=thin,debug=true",/home/bob/.cache/mess-bench,/dev/nvme0n1p3,ext4,/home,Samsung SSD 970 EVO Plus 2TB,[none] mq-deadline kyber bfq,249460473856,4096,1024,payload[i]=(i*131+17)&0xff,1.396484375,accepted,,9,bytes,9216,75497463,144,0,0,64,0,0,5867781,5911075,644439,790189,790189,8075,8076,1.400,1.400
b00275,boundary,bytes_8388608_-1,pwritev_64_1m,candidate,3,ABBA,pwritev_64_1m,process,8388607,1024,4,54215100a825da9eb7cfbd8f045e54ef05fb29bd,false,1b36f48efea63210dfeeee7270dea968ab5ba58da27f90aa42845eb8a64a6649,12b1dafe765a77d1a17115b0ae12cff973f20ed7d6d770fbd790695fe081288e,0e4833553be7825885da5ea99bceab292cc8abee6414d58b31864afe8ca9f944,c89b17de3d4d36a4e106517b0737619bd65f0e2877d95adbf2f297762f71fb7b,6e938dfcd266a2b0eac811d7ea7eabbd5b217965f88efa81371465134dbcab11,2026-07-15T19:04:37.284863+00:00,8o8-arch,7.0.12-arch1-1,AMD Ryzen 9 3900X 12-Core Processor,"logical=24,cores=12,sockets=1,nodes=1",performance,rustc 1.97.0 (2d8144b78 2026-07-07),22.1.6,cargo 1.97.0 (c980f4866 2026-06-30),"release,lto=thin,debug=true",/home/bob/.cache/mess-bench,/dev/nvme0n1p3,ext4,/home,Samsung SSD 970 EVO Plus 2TB,[none] mq-deadline kyber bfq,249460473856,4096,1024,payload[i]=(i*131+17)&0xff,1.396484375,accepted,,9,bytes,9216,75497463,144,0,0,64,0,0,5763801,5824296,635829,712100,712100,8075,8076,1.400,1.400
b00276,boundary,bytes_8388608_-1,pwritev_64_1m,baseline,4,ABBA,k_pwrite,process,8388607,1024,4,54215100a825da9eb7cfbd8f045e54ef05fb29bd,false,1b36f48efea63210dfeeee7270dea968ab5ba58da27f90aa42845eb8a64a6649,12b1dafe765a77d1a17115b0ae12cff973f20ed7d6d770fbd790695fe081288e,0e4833553be7825885da5ea99bceab292cc8abee6414d58b31864afe8ca9f944,c89b17de3d4d36a4e106517b0737619bd65f0e2877d95adbf2f297762f71fb7b,6e938dfcd266a2b0eac811d7ea7eabbd5b217965f88efa81371465134dbcab11,2026-07-15T19:04:38.312463+00:00,8o8-arch,7.0.12-arch1-1,AMD Ryzen 9 3900X 12-Core Processor,"logical=24,cores=12,sockets=1,nodes=1",performance,rustc 1.97.0 (2d8144b78 2026-07-07),22.1.6,cargo 1.97.0 (c980f4866 2026-06-30),"release,lto=thin,debug=true",/home/bob/.cache/mess-bench,/dev/nvme0n1p3,ext4,/home,Samsung SSD 970 EVO Plus 2TB,[none] mq-deadline kyber bfq,249460473856,4096,1024,payload[i]=(i*131+17)&0xff,1.396484375,accepted,,9,bytes,9216,75497463,9216,0,0,0,0,0,20973586,21127625,2344118,2464938,2464938,8075,8076,1.400,1.400
b00277,boundary,bytes_8388608_-1,copy_contiguous,candidate,1,BAAB,copy_contiguous,process,8388607,1024,4,54215100a825da9eb7cfbd8f045e54ef05fb29bd,false,1b36f48efea63210dfeeee7270dea968ab5ba58da27f90aa42845eb8a64a6649,12b1dafe765a77d1a17115b0ae12cff973f20ed7d6d770fbd790695fe081288e,0e4833553be7825885da5ea99bceab292cc8abee6414d58b31864afe8ca9f944,c89b17de3d4d36a4e106517b0737619bd65f0e2877d95adbf2f297762f71fb7b,6e938dfcd266a2b0eac811d7ea7eabbd5b217965f88efa81371465134dbcab11,2026-07-15T19:04:39.340171+00:00,8o8-arch,7.0.12-arch1-1,AMD Ryzen 9 3900X 12-Core Processor,"logical=24,cores=12,sockets=1,nodes=1",performance,rustc 1.97.0 (2d8144b78 2026-07-07),22.1.6,cargo 1.97.0 (c980f4866 2026-06-30),"release,lto=thin,debug=true",/home/bob/.cache/mess-bench,/dev/nvme0n1p3,ext4,/home,Samsung SSD 970 EVO Plus 2TB,[none] mq-deadline kyber bfq,249460473856,4096,1024,payload[i]=(i*131+17)&0xff,1.396484375,accepted,,9,bytes,9216,75497463,9,0,0,0,75497463,0,13672594,13798970,1511839,1621909,1621909,8075,8076,1.400,1.400
b00278,boundary,bytes_8388608_-1,copy_contiguous,baseline,2,BAAB,k_pwrite,process,8388607,1024,4,54215100a825da9eb7cfbd8f045e54ef05fb29bd,false,1b36f48efea63210dfeeee7270dea968ab5ba58da27f90aa42845eb8a64a6649,12b1dafe765a77d1a17115b0ae12cff973f20ed7d6d770fbd790695fe081288e,0e4833553be7825885da5ea99bceab292cc8abee6414d58b31864afe8ca9f944,c89b17de3d4d36a4e106517b0737619bd65f0e2877d95adbf2f297762f71fb7b,6e938dfcd266a2b0eac811d7ea7eabbd5b217965f88efa81371465134dbcab11,2026-07-15T19:04:40.367781+00:00,8o8-arch,7.0.12-arch1-1,AMD Ryzen 9 3900X 12-Core Processor,"logical=24,cores=12,sockets=1,nodes=1",performance,rustc 1.97.0 (2d8144b78 2026-07-07),22.1.6,cargo 1.97.0 (c980f4866 2026-06-30),"release,lto=thin,debug=true",/home/bob/.cache/mess-bench,/dev/nvme0n1p3,ext4,/home,Samsung SSD 970 EVO Plus 2TB,[none] mq-deadline kyber bfq,249460469760,4096,1024,payload[i]=(i*131+17)&0xff,1.396484375,accepted,,9,bytes,9216,75497463,9216,0,0,0,0,0,21738605,21903415,2436268,2581818,2581818,8075,8076,1.400,1.400
b00279,boundary,bytes_8388608_-1,copy_contiguous,baseline,3,BAAB,k_pwrite,process,8388607,1024,4,54215100a825da9eb7cfbd8f045e54ef05fb29bd,false,1b36f48efea63210dfeeee7270dea968ab5ba58da27f90aa42845eb8a64a6649,12b1dafe765a77d1a17115b0ae12cff973f20ed7d6d770fbd790695fe081288e,0e4833553be7825885da5ea99bceab292cc8abee6414d58b31864afe8ca9f944,c89b17de3d4d36a4e106517b0737619bd65f0e2877d95adbf2f297762f71fb7b,6e938dfcd266a2b0eac811d7ea7eabbd5b217965f88efa81371465134dbcab11,2026-07-15T19:04:41.389692+00:00,8o8-arch,7.0.12-arch1-1,AMD Ryzen 9 3900X 12-Core Processor,"logical=24,cores=12,sockets=1,nodes=1",performance,rustc 1.97.0 (2d8144b78 2026-07-07),22.1.6,cargo 1.97.0 (c980f4866 2026-06-30),"release,lto=thin,debug=true",/home/bob/.cache/mess-bench,/dev/nvme0n1p3,ext4,/home,Samsung SSD 970 EVO Plus 2TB,[none] mq-deadline kyber bfq,249460469760,4096,1024,payload[i]=(i*131+17)&0xff,1.3642578125,accepted,,9,bytes,9216,75497463,9216,0,0,0,0,0,20925895,21062655,2290309,2623498,2623498,8075,8076,1.360,1.360
b00280,boundary,bytes_8388608_-1,copy_contiguous,candidate,4,BAAB,copy_contiguous,process,8388607,1024,4,54215100a825da9eb7cfbd8f045e54ef05fb29bd,false,1b36f48efea63210dfeeee7270dea968ab5ba58da27f90aa42845eb8a64a6649,12b1dafe765a77d1a17115b0ae12cff973f20ed7d6d770fbd790695fe081288e,0e4833553be7825885da5ea99bceab292cc8abee6414d58b31864afe8ca9f944,c89b17de3d4d36a4e106517b0737619bd65f0e2877d95adbf2f297762f71fb7b,6e938dfcd266a2b0eac811d7ea7eabbd5b217965f88efa81371465134dbcab11,2026-07-15T19:04:42.417419+00:00,8o8-arch,7.0.12-arch1-1,AMD Ryzen 9 3900X 12-Core Processor,"logical=24,cores=12,sockets=1,nodes=1",performance,rustc 1.97.0 (2d8144b78 2026-07-07),22.1.6,cargo 1.97.0 (c980f4866 2026-06-30),"release,lto=thin,debug=true",/home/bob/.cache/mess-bench,/dev/nvme0n1p3,ext4,/home,Samsung SSD 970 EVO Plus 2TB,[none] mq-deadline kyber bfq,249460469760,4096,1024,payload[i]=(i*131+17)&0xff,1.3642578125,accepted,,9,bytes,9216,75497463,9,0,0,0,75497463,0,13528623,13653821,1514259,1563869,1563869,8075,8076,1.360,1.360
b00281,boundary,bytes_8388608_+0,pwritev_full_1m,baseline,1,ABBA,k_pwrite,process,8388608,1024,4,54215100a825da9eb7cfbd8f045e54ef05fb29bd,false,1b36f48efea63210dfeeee7270dea968ab5ba58da27f90aa42845eb8a64a6649,12b1dafe765a77d1a17115b0ae12cff973f20ed7d6d770fbd790695fe081288e,0e4833553be7825885da5ea99bceab292cc8abee6414d58b31864afe8ca9f944,c89b17de3d4d36a4e106517b0737619bd65f0e2877d95adbf2f297762f71fb7b,6e938dfcd266a2b0eac811d7ea7eabbd5b217965f88efa81371465134dbcab11,2026-07-15T19:04:43.446016+00:00,8o8-arch,7.0.12-arch1-1,AMD Ryzen 9 3900X 12-Core Processor,"logical=24,cores=12,sockets=1,nodes=1",performance,rustc 1.97.0 (2d8144b78 2026-07-07),22.1.6,cargo 1.97.0 (c980f4866 2026-06-30),"release,lto=thin,debug=true",/home/bob/.cache/mess-bench,/dev/nvme0n1p3,ext4,/home,Samsung SSD 970 EVO Plus 2TB,[none] mq-deadline kyber bfq,249460465664,4096,1024,payload[i]=(i*131+17)&0xff,1.3642578125,accepted,,8,bytes,8192,67108864,8192,0,0,0,0,0,18258934,18443906,2305068,2406898,2406898,8076,8076,1.360,1.360
b00282,boundary,bytes_8388608_+0,pwritev_full_1m,candidate,2,ABBA,pwritev_full_1m,process,8388608,1024,4,54215100a825da9eb7cfbd8f045e54ef05fb29bd,false,1b36f48efea63210dfeeee7270dea968ab5ba58da27f90aa42845eb8a64a6649,12b1dafe765a77d1a17115b0ae12cff973f20ed7d6d770fbd790695fe081288e,0e4833553be7825885da5ea99bceab292cc8abee6414d58b31864afe8ca9f944,c89b17de3d4d36a4e106517b0737619bd65f0e2877d95adbf2f297762f71fb7b,6e938dfcd266a2b0eac811d7ea7eabbd5b217965f88efa81371465134dbcab11,2026-07-15T19:04:44.467423+00:00,8o8-arch,7.0.12-arch1-1,AMD Ryzen 9 3900X 12-Core Processor,"logical=24,cores=12,sockets=1,nodes=1",performance,rustc 1.97.0 (2d8144b78 2026-07-07),22.1.6,cargo 1.97.0 (c980f4866 2026-06-30),"release,lto=thin,debug=true",/home/bob/.cache/mess-bench,/dev/nvme0n1p3,ext4,/home,Samsung SSD 970 EVO Plus 2TB,[none] mq-deadline kyber bfq,249460461568,4096,1024,payload[i]=(i*131+17)&0xff,1.3642578125,accepted,,8,bytes,8192,67108864,64,0,0,128,0,0,4857601,4880257,608409,643850,643850,8076,8076,1.360,1.360
b00283,boundary,bytes_8388608_+0,pwritev_full_1m,candidate,3,ABBA,pwritev_full_1m,process,8388608,1024,4,54215100a825da9eb7cfbd8f045e54ef05fb29bd,false,1b36f48efea63210dfeeee7270dea968ab5ba58da27f90aa42845eb8a64a6649,12b1dafe765a77d1a17115b0ae12cff973f20ed7d6d770fbd790695fe081288e,0e4833553be7825885da5ea99bceab292cc8abee6414d58b31864afe8ca9f944,c89b17de3d4d36a4e106517b0737619bd65f0e2877d95adbf2f297762f71fb7b,6e938dfcd266a2b0eac811d7ea7eabbd5b217965f88efa81371465134dbcab11,2026-07-15T19:04:45.494479+00:00,8o8-arch,7.0.12-arch1-1,AMD Ryzen 9 3900X 12-Core Processor,"logical=24,cores=12,sockets=1,nodes=1",performance,rustc 1.97.0 (2d8144b78 2026-07-07),22.1.6,cargo 1.97.0 (c980f4866 2026-06-30),"release,lto=thin,debug=true",/home/bob/.cache/mess-bench,/dev/nvme0n1p3,ext4,/home,Samsung SSD 970 EVO Plus 2TB,[none] mq-deadline kyber bfq,249460461568,4096,1024,payload[i]=(i*131+17)&0xff,1.3642578125,accepted,,8,bytes,8192,67108864,64,0,0,128,0,0,4845801,4883796,613400,645890,645890,8076,8076,1.360,1.360
b00284,boundary,bytes_8388608_+0,pwritev_full_1m,baseline,4,ABBA,k_pwrite,process,8388608,1024,4,54215100a825da9eb7cfbd8f045e54ef05fb29bd,false,1b36f48efea63210dfeeee7270dea968ab5ba58da27f90aa42845eb8a64a6649,12b1dafe765a77d1a17115b0ae12cff973f20ed7d6d770fbd790695fe081288e,0e4833553be7825885da5ea99bceab292cc8abee6414d58b31864afe8ca9f944,c89b17de3d4d36a4e106517b0737619bd65f0e2877d95adbf2f297762f71fb7b,6e938dfcd266a2b0eac811d7ea7eabbd5b217965f88efa81371465134dbcab11,2026-07-15T19:04:46.521495+00:00,8o8-arch,7.0.12-arch1-1,AMD Ryzen 9 3900X 12-Core Processor,"logical=24,cores=12,sockets=1,nodes=1",performance,rustc 1.97.0 (2d8144b78 2026-07-07),22.1.6,cargo 1.97.0 (c980f4866 2026-06-30),"release,lto=thin,debug=true",/home/bob/.cache/mess-bench,/dev/nvme0n1p3,ext4,/home,Samsung SSD 970 EVO Plus 2TB,[none] mq-deadline kyber bfq,249460461568,4096,1024,payload[i]=(i*131+17)&0xff,2.45654296875,accepted,,8,bytes,8192,67108864,8192,0,0,0,0,0,18330954,18494456,2289698,2444498,2444498,8076,8076,2.460,2.460
b00285,boundary,bytes_8388608_+0,pwritev_full_4m,candidate,1,BAAB,pwritev_full_4m,process,8388608,1024,4,54215100a825da9eb7cfbd8f045e54ef05fb29bd,false,1b36f48efea63210dfeeee7270dea968ab5ba58da27f90aa42845eb8a64a6649,12b1dafe765a77d1a17115b0ae12cff973f20ed7d6d770fbd790695fe081288e,0e4833553be7825885da5ea99bceab292cc8abee6414d58b31864afe8ca9f944,c89b17de3d4d36a4e106517b0737619bd65f0e2877d95adbf2f297762f71fb7b,6e938dfcd266a2b0eac811d7ea7eabbd5b217965f88efa81371465134dbcab11,2026-07-15T19:04:47.549036+00:00,8o8-arch,7.0.12-arch1-1,AMD Ryzen 9 3900X 12-Core Processor,"logical=24,cores=12,sockets=1,nodes=1",performance,rustc 1.97.0 (2d8144b78 2026-07-07),22.1.6,cargo 1.97.0 (c980f4866 2026-06-30),"release,lto=thin,debug=true",/home/bob/.cache/mess-bench,/dev/nvme0n1p3,ext4,/home,Samsung SSD 970 EVO Plus 2TB,[none] mq-deadline kyber bfq,249460461568,4096,1024,payload[i]=(i*131+17)&0xff,2.45654296875,accepted,,8,bytes,8192,67108864,16,0,0,512,0,0,4489131,4516797,563270,576960,576960,8076,8076,2.460,2.460
b00286,boundary,bytes_8388608_+0,pwritev_full_4m,baseline,2,BAAB,k_pwrite,process,8388608,1024,4,54215100a825da9eb7cfbd8f045e54ef05fb29bd,false,1b36f48efea63210dfeeee7270dea968ab5ba58da27f90aa42845eb8a64a6649,12b1dafe765a77d1a17115b0ae12cff973f20ed7d6d770fbd790695fe081288e,0e4833553be7825885da5ea99bceab292cc8abee6414d58b31864afe8ca9f944,c89b17de3d4d36a4e106517b0737619bd65f0e2877d95adbf2f297762f71fb7b,6e938dfcd266a2b0eac811d7ea7eabbd5b217965f88efa81371465134dbcab11,2026-07-15T19:04:48.570555+00:00,8o8-arch,7.0.12-arch1-1,AMD Ryzen 9 3900X 12-Core Processor,"logical=24,cores=12,sockets=1,nodes=1",performance,rustc 1.97.0 (2d8144b78 2026-07-07),22.1.6,cargo 1.97.0 (c980f4866 2026-06-30),"release,lto=thin,debug=true",/home/bob/.cache/mess-bench,/dev/nvme0n1p3,ext4,/home,Samsung SSD 970 EVO Plus 2TB,[none] mq-deadline kyber bfq,249460453376,4096,1024,payload[i]=(i*131+17)&0xff,2.45654296875,accepted,,8,bytes,8192,67108864,8192,0,0,0,0,0,18680235,18825856,2332459,2484818,2484818,8076,8076,2.460,2.460
b00287,boundary,bytes_8388608_+0,pwritev_full_4m,baseline,3,BAAB,k_pwrite,process,8388608,1024,4,54215100a825da9eb7cfbd8f045e54ef05fb29bd,false,1b36f48efea63210dfeeee7270dea968ab5ba58da27f90aa42845eb8a64a6649,12b1dafe765a77d1a17115b0ae12cff973f20ed7d6d770fbd790695fe081288e,0e4833553be7825885da5ea99bceab292cc8abee6414d58b31864afe8ca9f944,c89b17de3d4d36a4e106517b0737619bd65f0e2877d95adbf2f297762f71fb7b,6e938dfcd266a2b0eac811d7ea7eabbd5b217965f88efa81371465134dbcab11,2026-07-15T19:04:49.592523+00:00,8o8-arch,7.0.12-arch1-1,AMD Ryzen 9 3900X 12-Core Processor,"logical=24,cores=12,sockets=1,nodes=1",performance,rustc 1.97.0 (2d8144b78 2026-07-07),22.1.6,cargo 1.97.0 (c980f4866 2026-06-30),"release,lto=thin,debug=true",/home/bob/.cache/mess-bench,/dev/nvme0n1p3,ext4,/home,Samsung SSD 970 EVO Plus 2TB,[none] mq-deadline kyber bfq,249460453376,4096,1024,payload[i]=(i*131+17)&0xff,2.45654296875,accepted,,8,bytes,8192,67108864,8192,0,0,0,0,0,19347245,19547326,2454748,2659289,2659289,8076,8076,2.460,2.460
b00288,boundary,bytes_8388608_+0,pwritev_full_4m,candidate,4,BAAB,pwritev_full_4m,process,8388608,1024,4,54215100a825da9eb7cfbd8f045e54ef05fb29bd,false,1b36f48efea63210dfeeee7270dea968ab5ba58da27f90aa42845eb8a64a6649,12b1dafe765a77d1a17115b0ae12cff973f20ed7d6d770fbd790695fe081288e,0e4833553be7825885da5ea99bceab292cc8abee6414d58b31864afe8ca9f944,c89b17de3d4d36a4e106517b0737619bd65f0e2877d95adbf2f297762f71fb7b,6e938dfcd266a2b0eac811d7ea7eabbd5b217965f88efa81371465134dbcab11,2026-07-15T19:04:50.613752+00:00,8o8-arch,7.0.12-arch1-1,AMD Ryzen 9 3900X 12-Core Processor,"logical=24,cores=12,sockets=1,nodes=1",performance,rustc 1.97.0 (2d8144b78 2026-07-07),22.1.6,cargo 1.97.0 (c980f4866 2026-06-30),"release,lto=thin,debug=true",/home/bob/.cache/mess-bench,/dev/nvme0n1p3,ext4,/home,Samsung SSD 970 EVO Plus 2TB,[none] mq-deadline kyber bfq,249460449280,4096,1024,payload[i]=(i*131+17)&0xff,2.45654296875,accepted,,8,bytes,8192,67108864,16,0,0,512,0,0,4563451,4594507,576909,592270,592270,8076,8076,2.460,2.460
b00289,boundary,bytes_8388608_+0,pwritev_full_8m,baseline,1,ABBA,k_pwrite,process,8388608,1024,4,54215100a825da9eb7cfbd8f045e54ef05fb29bd,false,1b36f48efea63210dfeeee7270dea968ab5ba58da27f90aa42845eb8a64a6649,12b1dafe765a77d1a17115b0ae12cff973f20ed7d6d770fbd790695fe081288e,0e4833553be7825885da5ea99bceab292cc8abee6414d58b31864afe8ca9f944,c89b17de3d4d36a4e106517b0737619bd65f0e2877d95adbf2f297762f71fb7b,6e938dfcd266a2b0eac811d7ea7eabbd5b217965f88efa81371465134dbcab11,2026-07-15T19:04:51.641053+00:00,8o8-arch,7.0.12-arch1-1,AMD Ryzen 9 3900X 12-Core Processor,"logical=24,cores=12,sockets=1,nodes=1",performance,rustc 1.97.0 (2d8144b78 2026-07-07),22.1.6,cargo 1.97.0 (c980f4866 2026-06-30),"release,lto=thin,debug=true",/home/bob/.cache/mess-bench,/dev/nvme0n1p3,ext4,/home,Samsung SSD 970 EVO Plus 2TB,[none] mq-deadline kyber bfq,249460449280,4096,1024,payload[i]=(i*131+17)&0xff,2.419921875,accepted,,8,bytes,8192,67108864,8192,0,0,0,0,0,19213625,19396306,2450148,2591958,2591958,8076,8076,2.420,2.420
b00290,boundary,bytes_8388608_+0,pwritev_full_8m,candidate,2,ABBA,pwritev_full_8m,process,8388608,1024,4,54215100a825da9eb7cfbd8f045e54ef05fb29bd,false,1b36f48efea63210dfeeee7270dea968ab5ba58da27f90aa42845eb8a64a6649,12b1dafe765a77d1a17115b0ae12cff973f20ed7d6d770fbd790695fe081288e,0e4833553be7825885da5ea99bceab292cc8abee6414d58b31864afe8ca9f944,c89b17de3d4d36a4e106517b0737619bd65f0e2877d95adbf2f297762f71fb7b,6e938dfcd266a2b0eac811d7ea7eabbd5b217965f88efa81371465134dbcab11,2026-07-15T19:04:52.668892+00:00,8o8-arch,7.0.12-arch1-1,AMD Ryzen 9 3900X 12-Core Processor,"logical=24,cores=12,sockets=1,nodes=1",performance,rustc 1.97.0 (2d8144b78 2026-07-07),22.1.6,cargo 1.97.0 (c980f4866 2026-06-30),"release,lto=thin,debug=true",/home/bob/.cache/mess-bench,/dev/nvme0n1p3,ext4,/home,Samsung SSD 970 EVO Plus 2TB,[none] mq-deadline kyber bfq,249460445184,4096,1024,payload[i]=(i*131+17)&0xff,2.419921875,accepted,,8,bytes,8192,67108864,8,0,0,1024,0,0,4697581,4747797,549799,780780,780780,8076,8076,2.420,2.420
b00291,boundary,bytes_8388608_+0,pwritev_full_8m,candidate,3,ABBA,pwritev_full_8m,process,8388608,1024,4,54215100a825da9eb7cfbd8f045e54ef05fb29bd,false,1b36f48efea63210dfeeee7270dea968ab5ba58da27f90aa42845eb8a64a6649,12b1dafe765a77d1a17115b0ae12cff973f20ed7d6d770fbd790695fe081288e,0e4833553be7825885da5ea99bceab292cc8abee6414d58b31864afe8ca9f944,c89b17de3d4d36a4e106517b0737619bd65f0e2877d95adbf2f297762f71fb7b,6e938dfcd266a2b0eac811d7ea7eabbd5b217965f88efa81371465134dbcab11,2026-07-15T19:04:53.696366+00:00,8o8-arch,7.0.12-arch1-1,AMD Ryzen 9 3900X 12-Core Processor,"logical=24,cores=12,sockets=1,nodes=1",performance,rustc 1.97.0 (2d8144b78 2026-07-07),22.1.6,cargo 1.97.0 (c980f4866 2026-06-30),"release,lto=thin,debug=true",/home/bob/.cache/mess-bench,/dev/nvme0n1p3,ext4,/home,Samsung SSD 970 EVO Plus 2TB,[none] mq-deadline kyber bfq,249460445184,4096,1024,payload[i]=(i*131+17)&0xff,2.419921875,accepted,,8,bytes,8192,67108864,8,0,0,1024,0,0,4394461,4415927,554889,569820,569820,8076,8076,2.420,2.420
b00292,boundary,bytes_8388608_+0,pwritev_full_8m,baseline,4,ABBA,k_pwrite,process,8388608,1024,4,54215100a825da9eb7cfbd8f045e54ef05fb29bd,false,1b36f48efea63210dfeeee7270dea968ab5ba58da27f90aa42845eb8a64a6649,12b1dafe765a77d1a17115b0ae12cff973f20ed7d6d770fbd790695fe081288e,0e4833553be7825885da5ea99bceab292cc8abee6414d58b31864afe8ca9f944,c89b17de3d4d36a4e106517b0737619bd65f0e2877d95adbf2f297762f71fb7b,6e938dfcd266a2b0eac811d7ea7eabbd5b217965f88efa81371465134dbcab11,2026-07-15T19:04:54.723796+00:00,8o8-arch,7.0.12-arch1-1,AMD Ryzen 9 3900X 12-Core Processor,"logical=24,cores=12,sockets=1,nodes=1",performance,rustc 1.97.0 (2d8144b78 2026-07-07),22.1.6,cargo 1.97.0 (c980f4866 2026-06-30),"release,lto=thin,debug=true",/home/bob/.cache/mess-bench,/dev/nvme0n1p3,ext4,/home,Samsung SSD 970 EVO Plus 2TB,[none] mq-deadline kyber bfq,249460445184,4096,1024,payload[i]=(i*131+17)&0xff,2.419921875,accepted,,8,bytes,8192,67108864,8192,0,0,0,0,0,18971414,19123886,2347768,2574298,2574298,8076,8076,2.420,2.420
b00293,boundary,bytes_8388608_+0,pwritev_256_4m,candidate,1,BAAB,pwritev_256_4m,process,8388608,1024,4,54215100a825da9eb7cfbd8f045e54ef05fb29bd,false,1b36f48efea63210dfeeee7270dea968ab5ba58da27f90aa42845eb8a64a6649,12b1dafe765a77d1a17115b0ae12cff973f20ed7d6d770fbd790695fe081288e,0e4833553be7825885da5ea99bceab292cc8abee6414d58b31864afe8ca9f944,c89b17de3d4d36a4e106517b0737619bd65f0e2877d95adbf2f297762f71fb7b,6e938dfcd266a2b0eac811d7ea7eabbd5b217965f88efa81371465134dbcab11,2026-07-15T19:04:55.751444+00:00,8o8-arch,7.0.12-arch1-1,AMD Ryzen 9 3900X 12-Core Processor,"logical=24,cores=12,sockets=1,nodes=1",performance,rustc 1.97.0 (2d8144b78 2026-07-07),22.1.6,cargo 1.97.0 (c980f4866 2026-06-30),"release,lto=thin,debug=true",/home/bob/.cache/mess-bench,/dev/nvme0n1p3,ext4,/home,Samsung SSD 970 EVO Plus 2TB,[none] mq-deadline kyber bfq,249460445184,4096,1024,payload[i]=(i*131+17)&0xff,2.419921875,accepted,,8,bytes,8192,67108864,32,0,0,256,0,0,4654101,4703457,571059,693250,693250,8076,8076,2.420,2.420
b00294,boundary,bytes_8388608_+0,pwritev_256_4m,baseline,2,BAAB,k_pwrite,process,8388608,1024,4,54215100a825da9eb7cfbd8f045e54ef05fb29bd,false,1b36f48efea63210dfeeee7270dea968ab5ba58da27f90aa42845eb8a64a6649,12b1dafe765a77d1a17115b0ae12cff973f20ed7d6d770fbd790695fe081288e,0e4833553be7825885da5ea99bceab292cc8abee6414d58b31864afe8ca9f944,c89b17de3d4d36a4e106517b0737619bd65f0e2877d95adbf2f297762f71fb7b,6e938dfcd266a2b0eac811d7ea7eabbd5b217965f88efa81371465134dbcab11,2026-07-15T19:04:56.773106+00:00,8o8-arch,7.0.12-arch1-1,AMD Ryzen 9 3900X 12-Core Processor,"logical=24,cores=12,sockets=1,nodes=1",performance,rustc 1.97.0 (2d8144b78 2026-07-07),22.1.6,cargo 1.97.0 (c980f4866 2026-06-30),"release,lto=thin,debug=true",/home/bob/.cache/mess-bench,/dev/nvme0n1p3,ext4,/home,Samsung SSD 970 EVO Plus 2TB,[none] mq-deadline kyber bfq,249460441088,4096,1024,payload[i]=(i*131+17)&0xff,2.22607421875,accepted,,8,bytes,8192,67108864,8192,0,0,0,0,0,18837655,19098096,2333478,2671079,2671079,8076,8076,2.230,2.230
b00295,boundary,bytes_8388608_+0,pwritev_256_4m,baseline,3,BAAB,k_pwrite,process,8388608,1024,4,54215100a825da9eb7cfbd8f045e54ef05fb29bd,false,1b36f48efea63210dfeeee7270dea968ab5ba58da27f90aa42845eb8a64a6649,12b1dafe765a77d1a17115b0ae12cff973f20ed7d6d770fbd790695fe081288e,0e4833553be7825885da5ea99bceab292cc8abee6414d58b31864afe8ca9f944,c89b17de3d4d36a4e106517b0737619bd65f0e2877d95adbf2f297762f71fb7b,6e938dfcd266a2b0eac811d7ea7eabbd5b217965f88efa81371465134dbcab11,2026-07-15T19:04:57.800609+00:00,8o8-arch,7.0.12-arch1-1,AMD Ryzen 9 3900X 12-Core Processor,"logical=24,cores=12,sockets=1,nodes=1",performance,rustc 1.97.0 (2d8144b78 2026-07-07),22.1.6,cargo 1.97.0 (c980f4866 2026-06-30),"release,lto=thin,debug=true",/home/bob/.cache/mess-bench,/dev/nvme0n1p3,ext4,/home,Samsung SSD 970 EVO Plus 2TB,[none] mq-deadline kyber bfq,249460436992,4096,1024,payload[i]=(i*131+17)&0xff,2.22607421875,accepted,,8,bytes,8192,67108864,8192,0,0,0,0,0,19286105,19488206,2472248,2599388,2599388,8076,8076,2.230,2.230
b00296,boundary,bytes_8388608_+0,pwritev_256_4m,candidate,4,BAAB,pwritev_256_4m,process,8388608,1024,4,54215100a825da9eb7cfbd8f045e54ef05fb29bd,false,1b36f48efea63210dfeeee7270dea968ab5ba58da27f90aa42845eb8a64a6649,12b1dafe765a77d1a17115b0ae12cff973f20ed7d6d770fbd790695fe081288e,0e4833553be7825885da5ea99bceab292cc8abee6414d58b31864afe8ca9f944,c89b17de3d4d36a4e106517b0737619bd65f0e2877d95adbf2f297762f71fb7b,6e938dfcd266a2b0eac811d7ea7eabbd5b217965f88efa81371465134dbcab11,2026-07-15T19:04:58.827918+00:00,8o8-arch,7.0.12-arch1-1,AMD Ryzen 9 3900X 12-Core Processor,"logical=24,cores=12,sockets=1,nodes=1",performance,rustc 1.97.0 (2d8144b78 2026-07-07),22.1.6,cargo 1.97.0 (c980f4866 2026-06-30),"release,lto=thin,debug=true",/home/bob/.cache/mess-bench,/dev/nvme0n1p3,ext4,/home,Samsung SSD 970 EVO Plus 2TB,[none] mq-deadline kyber bfq,249460436992,4096,1024,payload[i]=(i*131+17)&0xff,2.22607421875,accepted,,8,bytes,8192,67108864,32,0,0,256,0,0,4597191,4635237,578509,594480,594480,8076,8076,2.230,2.230
b00297,boundary,bytes_8388608_+0,pwritev_64_1m,baseline,1,ABBA,k_pwrite,process,8388608,1024,4,54215100a825da9eb7cfbd8f045e54ef05fb29bd,false,1b36f48efea63210dfeeee7270dea968ab5ba58da27f90aa42845eb8a64a6649,12b1dafe765a77d1a17115b0ae12cff973f20ed7d6d770fbd790695fe081288e,0e4833553be7825885da5ea99bceab292cc8abee6414d58b31864afe8ca9f944,c89b17de3d4d36a4e106517b0737619bd65f0e2877d95adbf2f297762f71fb7b,6e938dfcd266a2b0eac811d7ea7eabbd5b217965f88efa81371465134dbcab11,2026-07-15T19:04:59.850036+00:00,8o8-arch,7.0.12-arch1-1,AMD Ryzen 9 3900X 12-Core Processor,"logical=24,cores=12,sockets=1,nodes=1",performance,rustc 1.97.0 (2d8144b78 2026-07-07),22.1.6,cargo 1.97.0 (c980f4866 2026-06-30),"release,lto=thin,debug=true",/home/bob/.cache/mess-bench,/dev/nvme0n1p3,ext4,/home,Samsung SSD 970 EVO Plus 2TB,[none] mq-deadline kyber bfq,249460436992,4096,1024,payload[i]=(i*131+17)&0xff,2.22607421875,accepted,,8,bytes,8192,67108864,8192,0,0,0,0,0,18518805,18687697,2327628,2532698,2532698,8076,8076,2.230,2.230
b00298,boundary,bytes_8388608_+0,pwritev_64_1m,candidate,2,ABBA,pwritev_64_1m,process,8388608,1024,4,54215100a825da9eb7cfbd8f045e54ef05fb29bd,false,1b36f48efea63210dfeeee7270dea968ab5ba58da27f90aa42845eb8a64a6649,12b1dafe765a77d1a17115b0ae12cff973f20ed7d6d770fbd790695fe081288e,0e4833553be7825885da5ea99bceab292cc8abee6414d58b31864afe8ca9f944,c89b17de3d4d36a4e106517b0737619bd65f0e2877d95adbf2f297762f71fb7b,6e938dfcd266a2b0eac811d7ea7eabbd5b217965f88efa81371465134dbcab11,2026-07-15T19:05:00.877569+00:00,8o8-arch,7.0.12-arch1-1,AMD Ryzen 9 3900X 12-Core Processor,"logical=24,cores=12,sockets=1,nodes=1",performance,rustc 1.97.0 (2d8144b78 2026-07-07),22.1.6,cargo 1.97.0 (c980f4866 2026-06-30),"release,lto=thin,debug=true",/home/bob/.cache/mess-bench,/dev/nvme0n1p3,ext4,/home,Samsung SSD 970 EVO Plus 2TB,[none] mq-deadline kyber bfq,249460432896,4096,1024,payload[i]=(i*131+17)&0xff,2.22607421875,accepted,,8,bytes,8192,67108864,128,0,0,64,0,0,5438841,5472696,687779,713479,713479,8076,8076,2.230,2.230
b00299,boundary,bytes_8388608_+0,pwritev_64_1m,candidate,3,ABBA,pwritev_64_1m,process,8388608,1024,4,54215100a825da9eb7cfbd8f045e54ef05fb29bd,false,1b36f48efea63210dfeeee7270dea968ab5ba58da27f90aa42845eb8a64a6649,12b1dafe765a77d1a17115b0ae12cff973f20ed7d6d770fbd790695fe081288e,0e4833553be7825885da5ea99bceab292cc8abee6414d58b31864afe8ca9f944,c89b17de3d4d36a4e106517b0737619bd65f0e2877d95adbf2f297762f71fb7b,6e938dfcd266a2b0eac811d7ea7eabbd5b217965f88efa81371465134dbcab11,2026-07-15T19:05:01.904663+00:00,8o8-arch,7.0.12-arch1-1,AMD Ryzen 9 3900X 12-Core Processor,"logical=24,cores=12,sockets=1,nodes=1",performance,rustc 1.97.0 (2d8144b78 2026-07-07),22.1.6,cargo 1.97.0 (c980f4866 2026-06-30),"release,lto=thin,debug=true",/home/bob/.cache/mess-bench,/dev/nvme0n1p3,ext4,/home,Samsung SSD 970 EVO Plus 2TB,[none] mq-deadline kyber bfq,249460432896,4096,1024,payload[i]=(i*131+17)&0xff,2.04736328125,accepted,,8,bytes,8192,67108864,128,0,0,64,0,0,5091912,5122427,638729,654170,654170,8076,8076,2.050,2.050
b00300,boundary,bytes_8388608_+0,pwritev_64_1m,baseline,4,ABBA,k_pwrite,process,8388608,1024,4,54215100a825da9eb7cfbd8f045e54ef05fb29bd,false,1b36f48efea63210dfeeee7270dea968ab5ba58da27f90aa42845eb8a64a6649,12b1dafe765a77d1a17115b0ae12cff973f20ed7d6d770fbd790695fe081288e,0e4833553be7825885da5ea99bceab292cc8abee6414d58b31864afe8ca9f944,c89b17de3d4d36a4e106517b0737619bd65f0e2877d95adbf2f297762f71fb7b,6e938dfcd266a2b0eac811d7ea7eabbd5b217965f88efa81371465134dbcab11,2026-07-15T19:05:02.932913+00:00,8o8-arch,7.0.12-arch1-1,AMD Ryzen 9 3900X 12-Core Processor,"logical=24,cores=12,sockets=1,nodes=1",performance,rustc 1.97.0 (2d8144b78 2026-07-07),22.1.6,cargo 1.97.0 (c980f4866 2026-06-30),"release,lto=thin,debug=true",/home/bob/.cache/mess-bench,/dev/nvme0n1p3,ext4,/home,Samsung SSD 970 EVO Plus 2TB,[none] mq-deadline kyber bfq,249460432896,4096,1024,payload[i]=(i*131+17)&0xff,2.04736328125,accepted,,8,bytes,8192,67108864,8192,0,0,0,0,0,18758185,18917856,2354669,2484658,2484658,8076,8076,2.050,2.050
b00301,boundary,bytes_8388608_+0,copy_contiguous,candidate,1,BAAB,copy_contiguous,process,8388608,1024,4,54215100a825da9eb7cfbd8f045e54ef05fb29bd,false,1b36f48efea63210dfeeee7270dea968ab5ba58da27f90aa42845eb8a64a6649,12b1dafe765a77d1a17115b0ae12cff973f20ed7d6d770fbd790695fe081288e,0e4833553be7825885da5ea99bceab292cc8abee6414d58b31864afe8ca9f944,c89b17de3d4d36a4e106517b0737619bd65f0e2877d95adbf2f297762f71fb7b,6e938dfcd266a2b0eac811d7ea7eabbd5b217965f88efa81371465134dbcab11,2026-07-15T19:05:03.955619+00:00,8o8-arch,7.0.12-arch1-1,AMD Ryzen 9 3900X 12-Core Processor,"logical=24,cores=12,sockets=1,nodes=1",performance,rustc 1.97.0 (2d8144b78 2026-07-07),22.1.6,cargo 1.97.0 (c980f4866 2026-06-30),"release,lto=thin,debug=true",/home/bob/.cache/mess-bench,/dev/nvme0n1p3,ext4,/home,Samsung SSD 970 EVO Plus 2TB,[none] mq-deadline kyber bfq,249460432896,4096,1024,payload[i]=(i*131+17)&0xff,2.04736328125,accepted,,8,bytes,8192,67108864,8,0,0,0,67108864,0,12468164,12620161,1548359,1753719,1753719,8076,8076,2.050,2.050
b00302,boundary,bytes_8388608_+0,copy_contiguous,baseline,2,BAAB,k_pwrite,process,8388608,1024,4,54215100a825da9eb7cfbd8f045e54ef05fb29bd,false,1b36f48efea63210dfeeee7270dea968ab5ba58da27f90aa42845eb8a64a6649,12b1dafe765a77d1a17115b0ae12cff973f20ed7d6d770fbd790695fe081288e,0e4833553be7825885da5ea99bceab292cc8abee6414d58b31864afe8ca9f944,c89b17de3d4d36a4e106517b0737619bd65f0e2877d95adbf2f297762f71fb7b,6e938dfcd266a2b0eac811d7ea7eabbd5b217965f88efa81371465134dbcab11,2026-07-15T19:05:04.983435+00:00,8o8-arch,7.0.12-arch1-1,AMD Ryzen 9 3900X 12-Core Processor,"logical=24,cores=12,sockets=1,nodes=1",performance,rustc 1.97.0 (2d8144b78 2026-07-07),22.1.6,cargo 1.97.0 (c980f4866 2026-06-30),"release,lto=thin,debug=true",/home/bob/.cache/mess-bench,/dev/nvme0n1p3,ext4,/home,Samsung SSD 970 EVO Plus 2TB,[none] mq-deadline kyber bfq,249460424704,4096,1024,payload[i]=(i*131+17)&0xff,2.04736328125,accepted,,8,bytes,8192,67108864,8192,0,0,0,0,0,18331925,18480127,2319188,2443438,2443438,8076,8076,2.050,2.050
b00303,boundary,bytes_8388608_+0,copy_contiguous,baseline,3,BAAB,k_pwrite,process,8388608,1024,4,54215100a825da9eb7cfbd8f045e54ef05fb29bd,false,1b36f48efea63210dfeeee7270dea968ab5ba58da27f90aa42845eb8a64a6649,12b1dafe765a77d1a17115b0ae12cff973f20ed7d6d770fbd790695fe081288e,0e4833553be7825885da5ea99bceab292cc8abee6414d58b31864afe8ca9f944,c89b17de3d4d36a4e106517b0737619bd65f0e2877d95adbf2f297762f71fb7b,6e938dfcd266a2b0eac811d7ea7eabbd5b217965f88efa81371465134dbcab11,2026-07-15T19:05:06.011177+00:00,8o8-arch,7.0.12-arch1-1,AMD Ryzen 9 3900X 12-Core Processor,"logical=24,cores=12,sockets=1,nodes=1",performance,rustc 1.97.0 (2d8144b78 2026-07-07),22.1.6,cargo 1.97.0 (c980f4866 2026-06-30),"release,lto=thin,debug=true",/home/bob/.cache/mess-bench,/dev/nvme0n1p3,ext4,/home,Samsung SSD 970 EVO Plus 2TB,[none] mq-deadline kyber bfq,249460420608,4096,1024,payload[i]=(i*131+17)&0xff,2.04736328125,accepted,,8,bytes,8192,67108864,8192,0,0,0,0,0,19569665,19724696,2508849,2585698,2585698,8076,8076,2.050,2.050
b00304,boundary,bytes_8388608_+0,copy_contiguous,candidate,4,BAAB,copy_contiguous,process,8388608,1024,4,54215100a825da9eb7cfbd8f045e54ef05fb29bd,false,1b36f48efea63210dfeeee7270dea968ab5ba58da27f90aa42845eb8a64a6649,12b1dafe765a77d1a17115b0ae12cff973f20ed7d6d770fbd790695fe081288e,0e4833553be7825885da5ea99bceab292cc8abee6414d58b31864afe8ca9f944,c89b17de3d4d36a4e106517b0737619bd65f0e2877d95adbf2f297762f71fb7b,6e938dfcd266a2b0eac811d7ea7eabbd5b217965f88efa81371465134dbcab11,2026-07-15T19:05:07.038755+00:00,8o8-arch,7.0.12-arch1-1,AMD Ryzen 9 3900X 12-Core Processor,"logical=24,cores=12,sockets=1,nodes=1",performance,rustc 1.97.0 (2d8144b78 2026-07-07),22.1.6,cargo 1.97.0 (c980f4866 2026-06-30),"release,lto=thin,debug=true",/home/bob/.cache/mess-bench,/dev/nvme0n1p3,ext4,/home,Samsung SSD 970 EVO Plus 2TB,[none] mq-deadline kyber bfq,249460420608,4096,1024,payload[i]=(i*131+17)&0xff,2.04345703125,accepted,,8,bytes,8192,67108864,8,0,0,0,67108864,0,12887133,13048751,1616269,1779789,1779789,8076,8076,2.040,2.040
b00305,boundary,bytes_8388608_+1,pwritev_full_1m,baseline,1,ABBA,k_pwrite,process,8388609,1024,4,54215100a825da9eb7cfbd8f045e54ef05fb29bd,false,1b36f48efea63210dfeeee7270dea968ab5ba58da27f90aa42845eb8a64a6649,12b1dafe765a77d1a17115b0ae12cff973f20ed7d6d770fbd790695fe081288e,0e4833553be7825885da5ea99bceab292cc8abee6414d58b31864afe8ca9f944,c89b17de3d4d36a4e106517b0737619bd65f0e2877d95adbf2f297762f71fb7b,6e938dfcd266a2b0eac811d7ea7eabbd5b217965f88efa81371465134dbcab11,2026-07-15T19:05:08.066496+00:00,8o8-arch,7.0.12-arch1-1,AMD Ryzen 9 3900X 12-Core Processor,"logical=24,cores=12,sockets=1,nodes=1",performance,rustc 1.97.0 (2d8144b78 2026-07-07),22.1.6,cargo 1.97.0 (c980f4866 2026-06-30),"release,lto=thin,debug=true",/home/bob/.cache/mess-bench,/dev/nvme0n1p3,ext4,/home,Samsung SSD 970 EVO Plus 2TB,[none] mq-deadline kyber bfq,249460420608,4096,1024,payload[i]=(i*131+17)&0xff,2.04345703125,accepted,,8,bytes,8192,67108872,8192,0,0,0,0,0,18441085,18569957,2254288,2702538,2702538,8076,8077,2.040,2.040
b00306,boundary,bytes_8388608_+1,pwritev_full_1m,candidate,2,ABBA,pwritev_full_1m,process,8388609,1024,4,54215100a825da9eb7cfbd8f045e54ef05fb29bd,false,1b36f48efea63210dfeeee7270dea968ab5ba58da27f90aa42845eb8a64a6649,12b1dafe765a77d1a17115b0ae12cff973f20ed7d6d770fbd790695fe081288e,0e4833553be7825885da5ea99bceab292cc8abee6414d58b31864afe8ca9f944,c89b17de3d4d36a4e106517b0737619bd65f0e2877d95adbf2f297762f71fb7b,6e938dfcd266a2b0eac811d7ea7eabbd5b217965f88efa81371465134dbcab11,2026-07-15T19:05:09.093872+00:00,8o8-arch,7.0.12-arch1-1,AMD Ryzen 9 3900X 12-Core Processor,"logical=24,cores=12,sockets=1,nodes=1",performance,rustc 1.97.0 (2d8144b78 2026-07-07),22.1.6,cargo 1.97.0 (c980f4866 2026-06-30),"release,lto=thin,debug=true",/home/bob/.cache/mess-bench,/dev/nvme0n1p3,ext4,/home,Samsung SSD 970 EVO Plus 2TB,[none] mq-deadline kyber bfq,249460383744,4096,1024,payload[i]=(i*131+17)&0xff,2.04345703125,accepted,,8,bytes,8192,67108872,72,0,0,129,0,0,4860352,4892637,604939,647100,647100,8076,8077,2.040,2.040
b00307,boundary,bytes_8388608_+1,pwritev_full_1m,candidate,3,ABBA,pwritev_full_1m,process,8388609,1024,4,54215100a825da9eb7cfbd8f045e54ef05fb29bd,false,1b36f48efea63210dfeeee7270dea968ab5ba58da27f90aa42845eb8a64a6649,12b1dafe765a77d1a17115b0ae12cff973f20ed7d6d770fbd790695fe081288e,0e4833553be7825885da5ea99bceab292cc8abee6414d58b31864afe8ca9f944,c89b17de3d4d36a4e106517b0737619bd65f0e2877d95adbf2f297762f71fb7b,6e938dfcd266a2b0eac811d7ea7eabbd5b217965f88efa81371465134dbcab11,2026-07-15T19:05:10.121401+00:00,8o8-arch,7.0.12-arch1-1,AMD Ryzen 9 3900X 12-Core Processor,"logical=24,cores=12,sockets=1,nodes=1",performance,rustc 1.97.0 (2d8144b78 2026-07-07),22.1.6,cargo 1.97.0 (c980f4866 2026-06-30),"release,lto=thin,debug=true",/home/bob/.cache/mess-bench,/dev/nvme0n1p3,ext4,/home,Samsung SSD 970 EVO Plus 2TB,[none] mq-deadline kyber bfq,249460416512,4096,1024,payload[i]=(i*131+17)&0xff,2.04345703125,accepted,,8,bytes,8192,67108872,72,0,0,129,0,0,5270421,5346216,649219,866529,866529,8076,8077,2.040,2.040
b00308,boundary,bytes_8388608_+1,pwritev_full_1m,baseline,4,ABBA,k_pwrite,process,8388609,1024,4,54215100a825da9eb7cfbd8f045e54ef05fb29bd,false,1b36f48efea63210dfeeee7270dea968ab5ba58da27f90aa42845eb8a64a6649,12b1dafe765a77d1a17115b0ae12cff973f20ed7d6d770fbd790695fe081288e,0e4833553be7825885da5ea99bceab292cc8abee6414d58b31864afe8ca9f944,c89b17de3d4d36a4e106517b0737619bd65f0e2877d95adbf2f297762f71fb7b,6e938dfcd266a2b0eac811d7ea7eabbd5b217965f88efa81371465134dbcab11,2026-07-15T19:05:11.148672+00:00,8o8-arch,7.0.12-arch1-1,AMD Ryzen 9 3900X 12-Core Processor,"logical=24,cores=12,sockets=1,nodes=1",performance,rustc 1.97.0 (2d8144b78 2026-07-07),22.1.6,cargo 1.97.0 (c980f4866 2026-06-30),"release,lto=thin,debug=true",/home/bob/.cache/mess-bench,/dev/nvme0n1p3,ext4,/home,Samsung SSD 970 EVO Plus 2TB,[none] mq-deadline kyber bfq,249460416512,4096,1024,payload[i]=(i*131+17)&0xff,2.03955078125,accepted,,8,bytes,8192,67108872,8192,0,0,0,0,0,18155315,18276827,2265048,2419488,2419488,8076,8077,2.040,2.040
b00309,boundary,bytes_8388608_+1,pwritev_full_4m,candidate,1,BAAB,pwritev_full_4m,process,8388609,1024,4,54215100a825da9eb7cfbd8f045e54ef05fb29bd,false,1b36f48efea63210dfeeee7270dea968ab5ba58da27f90aa42845eb8a64a6649,12b1dafe765a77d1a17115b0ae12cff973f20ed7d6d770fbd790695fe081288e,0e4833553be7825885da5ea99bceab292cc8abee6414d58b31864afe8ca9f944,c89b17de3d4d36a4e106517b0737619bd65f0e2877d95adbf2f297762f71fb7b,6e938dfcd266a2b0eac811d7ea7eabbd5b217965f88efa81371465134dbcab11,2026-07-15T19:05:12.177073+00:00,8o8-arch,7.0.12-arch1-1,AMD Ryzen 9 3900X 12-Core Processor,"logical=24,cores=12,sockets=1,nodes=1",performance,rustc 1.97.0 (2d8144b78 2026-07-07),22.1.6,cargo 1.97.0 (c980f4866 2026-06-30),"release,lto=thin,debug=true",/home/bob/.cache/mess-bench,/dev/nvme0n1p3,ext4,/home,Samsung SSD 970 EVO Plus 2TB,[none] mq-deadline kyber bfq,249460412416,4096,1024,payload[i]=(i*131+17)&0xff,2.03955078125,accepted,,8,bytes,8192,67108872,24,0,0,513,0,0,4592031,4622227,576000,604650,604650,8076,8077,2.040,2.040
b00310,boundary,bytes_8388608_+1,pwritev_full_4m,baseline,2,BAAB,k_pwrite,process,8388609,1024,4,54215100a825da9eb7cfbd8f045e54ef05fb29bd,false,1b36f48efea63210dfeeee7270dea968ab5ba58da27f90aa42845eb8a64a6649,12b1dafe765a77d1a17115b0ae12cff973f20ed7d6d770fbd790695fe081288e,0e4833553be7825885da5ea99bceab292cc8abee6414d58b31864afe8ca9f944,c89b17de3d4d36a4e106517b0737619bd65f0e2877d95adbf2f297762f71fb7b,6e938dfcd266a2b0eac811d7ea7eabbd5b217965f88efa81371465134dbcab11,2026-07-15T19:05:13.204996+00:00,8o8-arch,7.0.12-arch1-1,AMD Ryzen 9 3900X 12-Core Processor,"logical=24,cores=12,sockets=1,nodes=1",performance,rustc 1.97.0 (2d8144b78 2026-07-07),22.1.6,cargo 1.97.0 (c980f4866 2026-06-30),"release,lto=thin,debug=true",/home/bob/.cache/mess-bench,/dev/nvme0n1p3,ext4,/home,Samsung SSD 970 EVO Plus 2TB,[none] mq-deadline kyber bfq,249460408320,4096,1024,payload[i]=(i*131+17)&0xff,2.03955078125,accepted,,8,bytes,8192,67108872,8192,0,0,0,0,0,18635475,18800036,2333308,2494888,2494888,8076,8077,2.040,2.040
b00311,boundary,bytes_8388608_+1,pwritev_full_4m,baseline,3,BAAB,k_pwrite,process,8388609,1024,4,54215100a825da9eb7cfbd8f045e54ef05fb29bd,false,1b36f48efea63210dfeeee7270dea968ab5ba58da27f90aa42845eb8a64a6649,12b1dafe765a77d1a17115b0ae12cff973f20ed7d6d770fbd790695fe081288e,0e4833553be7825885da5ea99bceab292cc8abee6414d58b31864afe8ca9f944,c89b17de3d4d36a4e106517b0737619bd65f0e2877d95adbf2f297762f71fb7b,6e938dfcd266a2b0eac811d7ea7eabbd5b217965f88efa81371465134dbcab11,2026-07-15T19:05:14.232204+00:00,8o8-arch,7.0.12-arch1-1,AMD Ryzen 9 3900X 12-Core Processor,"logical=24,cores=12,sockets=1,nodes=1",performance,rustc 1.97.0 (2d8144b78 2026-07-07),22.1.6,cargo 1.97.0 (c980f4866 2026-06-30),"release,lto=thin,debug=true",/home/bob/.cache/mess-bench,/dev/nvme0n1p3,ext4,/home,Samsung SSD 970 EVO Plus 2TB,[none] mq-deadline kyber bfq,249460408320,4096,1024,payload[i]=(i*131+17)&0xff,2.03955078125,accepted,,8,bytes,8192,67108872,8192,0,0,0,0,0,17862004,17983647,2223669,2331508,2331508,8076,8077,2.040,2.040
b00312,boundary,bytes_8388608_+1,pwritev_full_4m,candidate,4,BAAB,pwritev_full_4m,process,8388609,1024,4,54215100a825da9eb7cfbd8f045e54ef05fb29bd,false,1b36f48efea63210dfeeee7270dea968ab5ba58da27f90aa42845eb8a64a6649,12b1dafe765a77d1a17115b0ae12cff973f20ed7d6d770fbd790695fe081288e,0e4833553be7825885da5ea99bceab292cc8abee6414d58b31864afe8ca9f944,c89b17de3d4d36a4e106517b0737619bd65f0e2877d95adbf2f297762f71fb7b,6e938dfcd266a2b0eac811d7ea7eabbd5b217965f88efa81371465134dbcab11,2026-07-15T19:05:15.259762+00:00,8o8-arch,7.0.12-arch1-1,AMD Ryzen 9 3900X 12-Core Processor,"logical=24,cores=12,sockets=1,nodes=1",performance,rustc 1.97.0 (2d8144b78 2026-07-07),22.1.6,cargo 1.97.0 (c980f4866 2026-06-30),"release,lto=thin,debug=true",/home/bob/.cache/mess-bench,/dev/nvme0n1p3,ext4,/home,Samsung SSD 970 EVO Plus 2TB,[none] mq-deadline kyber bfq,249460408320,4096,1024,payload[i]=(i*131+17)&0xff,2.03955078125,accepted,,8,bytes,8192,67108872,24,0,0,513,0,0,4509122,4549837,566769,602150,602150,8076,8077,2.040,2.040
b00313,boundary,bytes_8388608_+1,pwritev_full_8m,baseline,1,ABBA,k_pwrite,process,8388609,1024,4,54215100a825da9eb7cfbd8f045e54ef05fb29bd,false,1b36f48efea63210dfeeee7270dea968ab5ba58da27f90aa42845eb8a64a6649,12b1dafe765a77d1a17115b0ae12cff973f20ed7d6d770fbd790695fe081288e,0e4833553be7825885da5ea99bceab292cc8abee6414d58b31864afe8ca9f944,c89b17de3d4d36a4e106517b0737619bd65f0e2877d95adbf2f297762f71fb7b,6e938dfcd266a2b0eac811d7ea7eabbd5b217965f88efa81371465134dbcab11,2026-07-15T19:05:16.286967+00:00,8o8-arch,7.0.12-arch1-1,AMD Ryzen 9 3900X 12-Core Processor,"logical=24,cores=12,sockets=1,nodes=1",performance,rustc 1.97.0 (2d8144b78 2026-07-07),22.1.6,cargo 1.97.0 (c980f4866 2026-06-30),"release,lto=thin,debug=true",/home/bob/.cache/mess-bench,/dev/nvme0n1p3,ext4,/home,Samsung SSD 970 EVO Plus 2TB,[none] mq-deadline kyber bfq,249460408320,4096,1024,payload[i]=(i*131+17)&0xff,2.0361328125,accepted,,8,bytes,8192,67108872,8192,0,0,0,0,0,19075365,19222376,2437328,2520229,2520229,8076,8077,2.040,2.040
b00314,boundary,bytes_8388608_+1,pwritev_full_8m,candidate,2,ABBA,pwritev_full_8m,process,8388609,1024,4,54215100a825da9eb7cfbd8f045e54ef05fb29bd,false,1b36f48efea63210dfeeee7270dea968ab5ba58da27f90aa42845eb8a64a6649,12b1dafe765a77d1a17115b0ae12cff973f20ed7d6d770fbd790695fe081288e,0e4833553be7825885da5ea99bceab292cc8abee6414d58b31864afe8ca9f944,c89b17de3d4d36a4e106517b0737619bd65f0e2877d95adbf2f297762f71fb7b,6e938dfcd266a2b0eac811d7ea7eabbd5b217965f88efa81371465134dbcab11,2026-07-15T19:05:17.315012+00:00,8o8-arch,7.0.12-arch1-1,AMD Ryzen 9 3900X 12-Core Processor,"logical=24,cores=12,sockets=1,nodes=1",performance,rustc 1.97.0 (2d8144b78 2026-07-07),22.1.6,cargo 1.97.0 (c980f4866 2026-06-30),"release,lto=thin,debug=true",/home/bob/.cache/mess-bench,/dev/nvme0n1p3,ext4,/home,Samsung SSD 970 EVO Plus 2TB,[none] mq-deadline kyber bfq,249460408320,4096,1024,payload[i]=(i*131+17)&0xff,2.0361328125,accepted,,8,bytes,8192,67108872,16,0,0,1024,0,0,6957672,7065945,798830,1241889,1241889,8076,8077,2.040,2.040
b00315,boundary,bytes_8388608_+1,pwritev_full_8m,candidate,3,ABBA,pwritev_full_8m,process,8388609,1024,4,54215100a825da9eb7cfbd8f045e54ef05fb29bd,false,1b36f48efea63210dfeeee7270dea968ab5ba58da27f90aa42845eb8a64a6649,12b1dafe765a77d1a17115b0ae12cff973f20ed7d6d770fbd790695fe081288e,0e4833553be7825885da5ea99bceab292cc8abee6414d58b31864afe8ca9f944,c89b17de3d4d36a4e106517b0737619bd65f0e2877d95adbf2f297762f71fb7b,6e938dfcd266a2b0eac811d7ea7eabbd5b217965f88efa81371465134dbcab11,2026-07-15T19:05:18.336540+00:00,8o8-arch,7.0.12-arch1-1,AMD Ryzen 9 3900X 12-Core Processor,"logical=24,cores=12,sockets=1,nodes=1",performance,rustc 1.97.0 (2d8144b78 2026-07-07),22.1.6,cargo 1.97.0 (c980f4866 2026-06-30),"release,lto=thin,debug=true",/home/bob/.cache/mess-bench,/dev/nvme0n1p3,ext4,/home,Samsung SSD 970 EVO Plus 2TB,[none] mq-deadline kyber bfq,249460404224,4096,1024,payload[i]=(i*131+17)&0xff,2.0361328125,accepted,,8,bytes,8192,67108872,16,0,0,1024,0,0,4658912,4685307,576899,650970,650970,8076,8077,2.040,2.040
b00316,boundary,bytes_8388608_+1,pwritev_full_8m,baseline,4,ABBA,k_pwrite,process,8388609,1024,4,54215100a825da9eb7cfbd8f045e54ef05fb29bd,false,1b36f48efea63210dfeeee7270dea968ab5ba58da27f90aa42845eb8a64a6649,12b1dafe765a77d1a17115b0ae12cff973f20ed7d6d770fbd790695fe081288e,0e4833553be7825885da5ea99bceab292cc8abee6414d58b31864afe8ca9f944,c89b17de3d4d36a4e106517b0737619bd65f0e2877d95adbf2f297762f71fb7b,6e938dfcd266a2b0eac811d7ea7eabbd5b217965f88efa81371465134dbcab11,2026-07-15T19:05:19.364365+00:00,8o8-arch,7.0.12-arch1-1,AMD Ryzen 9 3900X 12-Core Processor,"logical=24,cores=12,sockets=1,nodes=1",performance,rustc 1.97.0 (2d8144b78 2026-07-07),22.1.6,cargo 1.97.0 (c980f4866 2026-06-30),"release,lto=thin,debug=true",/home/bob/.cache/mess-bench,/dev/nvme0n1p3,ext4,/home,Samsung SSD 970 EVO Plus 2TB,[none] mq-deadline kyber bfq,249460400128,4096,1024,payload[i]=(i*131+17)&0xff,2.0361328125,accepted,,8,bytes,8192,67108872,8192,0,0,0,0,0,18360825,18494446,2274918,2599128,2599128,8076,8077,2.040,2.040
b00317,boundary,bytes_8388608_+1,pwritev_256_4m,candidate,1,BAAB,pwritev_256_4m,process,8388609,1024,4,54215100a825da9eb7cfbd8f045e54ef05fb29bd,false,1b36f48efea63210dfeeee7270dea968ab5ba58da27f90aa42845eb8a64a6649,12b1dafe765a77d1a17115b0ae12cff973f20ed7d6d770fbd790695fe081288e,0e4833553be7825885da5ea99bceab292cc8abee6414d58b31864afe8ca9f944,c89b17de3d4d36a4e106517b0737619bd65f0e2877d95adbf2f297762f71fb7b,6e938dfcd266a2b0eac811d7ea7eabbd5b217965f88efa81371465134dbcab11,2026-07-15T19:05:20.392638+00:00,8o8-arch,7.0.12-arch1-1,AMD Ryzen 9 3900X 12-Core Processor,"logical=24,cores=12,sockets=1,nodes=1",performance,rustc 1.97.0 (2d8144b78 2026-07-07),22.1.6,cargo 1.97.0 (c980f4866 2026-06-30),"release,lto=thin,debug=true",/home/bob/.cache/mess-bench,/dev/nvme0n1p3,ext4,/home,Samsung SSD 970 EVO Plus 2TB,[none] mq-deadline kyber bfq,249460396032,4096,1024,payload[i]=(i*131+17)&0xff,2.0361328125,accepted,,8,bytes,8192,67108872,32,0,0,256,0,0,4616891,4656157,585270,605289,605289,8076,8077,2.040,2.040
b00318,boundary,bytes_8388608_+1,pwritev_256_4m,baseline,2,BAAB,k_pwrite,process,8388609,1024,4,54215100a825da9eb7cfbd8f045e54ef05fb29bd,false,1b36f48efea63210dfeeee7270dea968ab5ba58da27f90aa42845eb8a64a6649,12b1dafe765a77d1a17115b0ae12cff973f20ed7d6d770fbd790695fe081288e,0e4833553be7825885da5ea99bceab292cc8abee6414d58b31864afe8ca9f944,c89b17de3d4d36a4e106517b0737619bd65f0e2877d95adbf2f297762f71fb7b,6e938dfcd266a2b0eac811d7ea7eabbd5b217965f88efa81371465134dbcab11,2026-07-15T19:05:21.421151+00:00,8o8-arch,7.0.12-arch1-1,AMD Ryzen 9 3900X 12-Core Processor,"logical=24,cores=12,sockets=1,nodes=1",performance,rustc 1.97.0 (2d8144b78 2026-07-07),22.1.6,cargo 1.97.0 (c980f4866 2026-06-30),"release,lto=thin,debug=true",/home/bob/.cache/mess-bench,/dev/nvme0n1p3,ext4,/home,Samsung SSD 970 EVO Plus 2TB,[none] mq-deadline kyber bfq,249460391936,4096,1024,payload[i]=(i*131+17)&0xff,1.953125,accepted,,8,bytes,8192,67108872,8192,0,0,0,0,0,18042115,18198627,2289118,2399458,2399458,8076,8077,1.950,1.950
b00319,boundary,bytes_8388608_+1,pwritev_256_4m,baseline,3,BAAB,k_pwrite,process,8388609,1024,4,54215100a825da9eb7cfbd8f045e54ef05fb29bd,false,1b36f48efea63210dfeeee7270dea968ab5ba58da27f90aa42845eb8a64a6649,12b1dafe765a77d1a17115b0ae12cff973f20ed7d6d770fbd790695fe081288e,0e4833553be7825885da5ea99bceab292cc8abee6414d58b31864afe8ca9f944,c89b17de3d4d36a4e106517b0737619bd65f0e2877d95adbf2f297762f71fb7b,6e938dfcd266a2b0eac811d7ea7eabbd5b217965f88efa81371465134dbcab11,2026-07-15T19:05:22.448513+00:00,8o8-arch,7.0.12-arch1-1,AMD Ryzen 9 3900X 12-Core Processor,"logical=24,cores=12,sockets=1,nodes=1",performance,rustc 1.97.0 (2d8144b78 2026-07-07),22.1.6,cargo 1.97.0 (c980f4866 2026-06-30),"release,lto=thin,debug=true",/home/bob/.cache/mess-bench,/dev/nvme0n1p3,ext4,/home,Samsung SSD 970 EVO Plus 2TB,[none] mq-deadline kyber bfq,249460391936,4096,1024,payload[i]=(i*131+17)&0xff,1.953125,accepted,,8,bytes,8192,67108872,8192,0,0,0,0,0,18875054,19074597,2372458,2557238,2557238,8076,8077,1.950,1.950
b00320,boundary,bytes_8388608_+1,pwritev_256_4m,candidate,4,BAAB,pwritev_256_4m,process,8388609,1024,4,54215100a825da9eb7cfbd8f045e54ef05fb29bd,false,1b36f48efea63210dfeeee7270dea968ab5ba58da27f90aa42845eb8a64a6649,12b1dafe765a77d1a17115b0ae12cff973f20ed7d6d770fbd790695fe081288e,0e4833553be7825885da5ea99bceab292cc8abee6414d58b31864afe8ca9f944,c89b17de3d4d36a4e106517b0737619bd65f0e2877d95adbf2f297762f71fb7b,6e938dfcd266a2b0eac811d7ea7eabbd5b217965f88efa81371465134dbcab11,2026-07-15T19:05:23.475537+00:00,8o8-arch,7.0.12-arch1-1,AMD Ryzen 9 3900X 12-Core Processor,"logical=24,cores=12,sockets=1,nodes=1",performance,rustc 1.97.0 (2d8144b78 2026-07-07),22.1.6,cargo 1.97.0 (c980f4866 2026-06-30),"release,lto=thin,debug=true",/home/bob/.cache/mess-bench,/dev/nvme0n1p3,ext4,/home,Samsung SSD 970 EVO Plus 2TB,[none] mq-deadline kyber bfq,249460391936,4096,1024,payload[i]=(i*131+17)&0xff,1.953125,accepted,,8,bytes,8192,67108872,32,0,0,256,0,0,5175971,5243337,583410,890650,890650,8076,8077,1.950,1.950
b00321,boundary,bytes_8388608_+1,pwritev_64_1m,baseline,1,ABBA,k_pwrite,process,8388609,1024,4,54215100a825da9eb7cfbd8f045e54ef05fb29bd,false,1b36f48efea63210dfeeee7270dea968ab5ba58da27f90aa42845eb8a64a6649,12b1dafe765a77d1a17115b0ae12cff973f20ed7d6d770fbd790695fe081288e,0e4833553be7825885da5ea99bceab292cc8abee6414d58b31864afe8ca9f944,c89b17de3d4d36a4e106517b0737619bd65f0e2877d95adbf2f297762f71fb7b,6e938dfcd266a2b0eac811d7ea7eabbd5b217965f88efa81371465134dbcab11,2026-07-15T19:05:24.503502+00:00,8o8-arch,7.0.12-arch1-1,AMD Ryzen 9 3900X 12-Core Processor,"logical=24,cores=12,sockets=1,nodes=1",performance,rustc 1.97.0 (2d8144b78 2026-07-07),22.1.6,cargo 1.97.0 (c980f4866 2026-06-30),"release,lto=thin,debug=true",/home/bob/.cache/mess-bench,/dev/nvme0n1p3,ext4,/home,Samsung SSD 970 EVO Plus 2TB,[none] mq-deadline kyber bfq,249460391936,4096,1024,payload[i]=(i*131+17)&0xff,1.953125,accepted,,8,bytes,8192,67108872,8192,0,0,0,0,0,19592505,19747916,2444198,2611538,2611538,8076,8077,1.950,1.950
b00322,boundary,bytes_8388608_+1,pwritev_64_1m,candidate,2,ABBA,pwritev_64_1m,process,8388609,1024,4,54215100a825da9eb7cfbd8f045e54ef05fb29bd,false,1b36f48efea63210dfeeee7270dea968ab5ba58da27f90aa42845eb8a64a6649,12b1dafe765a77d1a17115b0ae12cff973f20ed7d6d770fbd790695fe081288e,0e4833553be7825885da5ea99bceab292cc8abee6414d58b31864afe8ca9f944,c89b17de3d4d36a4e106517b0737619bd65f0e2877d95adbf2f297762f71fb7b,6e938dfcd266a2b0eac811d7ea7eabbd5b217965f88efa81371465134dbcab11,2026-07-15T19:05:25.531268+00:00,8o8-arch,7.0.12-arch1-1,AMD Ryzen 9 3900X 12-Core Processor,"logical=24,cores=12,sockets=1,nodes=1",performance,rustc 1.97.0 (2d8144b78 2026-07-07),22.1.6,cargo 1.97.0 (c980f4866 2026-06-30),"release,lto=thin,debug=true",/home/bob/.cache/mess-bench,/dev/nvme0n1p3,ext4,/home,Samsung SSD 970 EVO Plus 2TB,[none] mq-deadline kyber bfq,249460387840,4096,1024,payload[i]=(i*131+17)&0xff,1.953125,accepted,,8,bytes,8192,67108872,128,0,0,64,0,0,5410521,5474676,638650,879039,879039,8076,8077,1.950,1.950
b00323,boundary,bytes_8388608_+1,pwritev_64_1m,candidate,3,ABBA,pwritev_64_1m,process,8388609,1024,4,54215100a825da9eb7cfbd8f045e54ef05fb29bd,false,1b36f48efea63210dfeeee7270dea968ab5ba58da27f90aa42845eb8a64a6649,12b1dafe765a77d1a17115b0ae12cff973f20ed7d6d770fbd790695fe081288e,0e4833553be7825885da5ea99bceab292cc8abee6414d58b31864afe8ca9f944,c89b17de3d4d36a4e106517b0737619bd65f0e2877d95adbf2f297762f71fb7b,6e938dfcd266a2b0eac811d7ea7eabbd5b217965f88efa81371465134dbcab11,2026-07-15T19:05:26.558643+00:00,8o8-arch,7.0.12-arch1-1,AMD Ryzen 9 3900X 12-Core Processor,"logical=24,cores=12,sockets=1,nodes=1",performance,rustc 1.97.0 (2d8144b78 2026-07-07),22.1.6,cargo 1.97.0 (c980f4866 2026-06-30),"release,lto=thin,debug=true",/home/bob/.cache/mess-bench,/dev/nvme0n1p3,ext4,/home,Samsung SSD 970 EVO Plus 2TB,[none] mq-deadline kyber bfq,249460383744,4096,1024,payload[i]=(i*131+17)&0xff,1.87646484375,accepted,,8,bytes,8192,67108872,128,0,0,64,0,0,5058331,5109146,639159,653899,653899,8076,8077,1.880,1.880
b00324,boundary,bytes_8388608_+1,pwritev_64_1m,baseline,4,ABBA,k_pwrite,process,8388609,1024,4,54215100a825da9eb7cfbd8f045e54ef05fb29bd,false,1b36f48efea63210dfeeee7270dea968ab5ba58da27f90aa42845eb8a64a6649,12b1dafe765a77d1a17115b0ae12cff973f20ed7d6d770fbd790695fe081288e,0e4833553be7825885da5ea99bceab292cc8abee6414d58b31864afe8ca9f944,c89b17de3d4d36a4e106517b0737619bd65f0e2877d95adbf2f297762f71fb7b,6e938dfcd266a2b0eac811d7ea7eabbd5b217965f88efa81371465134dbcab11,2026-07-15T19:05:27.586411+00:00,8o8-arch,7.0.12-arch1-1,AMD Ryzen 9 3900X 12-Core Processor,"logical=24,cores=12,sockets=1,nodes=1",performance,rustc 1.97.0 (2d8144b78 2026-07-07),22.1.6,cargo 1.97.0 (c980f4866 2026-06-30),"release,lto=thin,debug=true",/home/bob/.cache/mess-bench,/dev/nvme0n1p3,ext4,/home,Samsung SSD 970 EVO Plus 2TB,[none] mq-deadline kyber bfq,249460383744,4096,1024,payload[i]=(i*131+17)&0xff,1.87646484375,accepted,,8,bytes,8192,67108872,8192,0,0,0,0,0,20193355,20379835,2541448,2802718,2802718,8076,8077,1.880,1.880
b00325,boundary,iov_64_-1,pwritev_full_1m,candidate,1,BAAB,pwritev_full_1m,process,8820,63,4,54215100a825da9eb7cfbd8f045e54ef05fb29bd,false,1b36f48efea63210dfeeee7270dea968ab5ba58da27f90aa42845eb8a64a6649,12b1dafe765a77d1a17115b0ae12cff973f20ed7d6d770fbd790695fe081288e,0e4833553be7825885da5ea99bceab292cc8abee6414d58b31864afe8ca9f944,c89b17de3d4d36a4e106517b0737619bd65f0e2877d95adbf2f297762f71fb7b,6e938dfcd266a2b0eac811d7ea7eabbd5b217965f88efa81371465134dbcab11,2026-07-15T19:05:28.606861+00:00,8o8-arch,7.0.12-arch1-1,AMD Ryzen 9 3900X 12-Core Processor,"logical=24,cores=12,sockets=1,nodes=1",performance,rustc 1.97.0 (2d8144b78 2026-07-07),22.1.6,cargo 1.97.0 (c980f4866 2026-06-30),"release,lto=thin,debug=true",/home/bob/.cache/mess-bench,/dev/nvme0n1p3,ext4,/home,Samsung SSD 970 EVO Plus 2TB,[none] mq-deadline kyber bfq,249460375552,4096,1024,payload[i]=(i*131+17)&0xff,1.87646484375,accepted,,7609,bytes,479367,67111380,7609,0,0,63,0,0,31282398,31505888,4010,4070,5020,24,24,1.880,1.880
b00326,boundary,iov_64_-1,pwritev_full_1m,baseline,2,BAAB,k_pwrite,process,8820,63,4,54215100a825da9eb7cfbd8f045e54ef05fb29bd,false,1b36f48efea63210dfeeee7270dea968ab5ba58da27f90aa42845eb8a64a6649,12b1dafe765a77d1a17115b0ae12cff973f20ed7d6d770fbd790695fe081288e,0e4833553be7825885da5ea99bceab292cc8abee6414d58b31864afe8ca9f944,c89b17de3d4d36a4e106517b0737619bd65f0e2877d95adbf2f297762f71fb7b,6e938dfcd266a2b0eac811d7ea7eabbd5b217965f88efa81371465134dbcab11,2026-07-15T19:05:29.633953+00:00,8o8-arch,7.0.12-arch1-1,AMD Ryzen 9 3900X 12-Core Processor,"logical=24,cores=12,sockets=1,nodes=1",performance,rustc 1.97.0 (2d8144b78 2026-07-07),22.1.6,cargo 1.97.0 (c980f4866 2026-06-30),"release,lto=thin,debug=true",/home/bob/.cache/mess-bench,/dev/nvme0n1p3,ext4,/home,Samsung SSD 970 EVO Plus 2TB,[none] mq-deadline kyber bfq,249460371456,4096,1024,payload[i]=(i*131+17)&0xff,1.87646484375,accepted,,7609,bytes,479367,67111380,479367,0,0,0,0,0,351431678,354114368,45730,53450,58070,24,24,1.880,1.880
b00327,boundary,iov_64_-1,pwritev_full_1m,baseline,3,BAAB,k_pwrite,process,8820,63,4,54215100a825da9eb7cfbd8f045e54ef05fb29bd,false,1b36f48efea63210dfeeee7270dea968ab5ba58da27f90aa42845eb8a64a6649,12b1dafe765a77d1a17115b0ae12cff973f20ed7d6d770fbd790695fe081288e,0e4833553be7825885da5ea99bceab292cc8abee6414d58b31864afe8ca9f944,c89b17de3d4d36a4e106517b0737619bd65f0e2877d95adbf2f297762f71fb7b,6e938dfcd266a2b0eac811d7ea7eabbd5b217965f88efa81371465134dbcab11,2026-07-15T19:05:30.661237+00:00,8o8-arch,7.0.12-arch1-1,AMD Ryzen 9 3900X 12-Core Processor,"logical=24,cores=12,sockets=1,nodes=1",performance,rustc 1.97.0 (2d8144b78 2026-07-07),22.1.6,cargo 1.97.0 (c980f4866 2026-06-30),"release,lto=thin,debug=true",/home/bob/.cache/mess-bench,/dev/nvme0n1p3,ext4,/home,Samsung SSD 970 EVO Plus 2TB,[none] mq-deadline kyber bfq,249460371456,4096,1024,payload[i]=(i*131+17)&0xff,1.87646484375,accepted,,7609,bytes,479367,67111380,479367,0,0,0,0,0,349820238,352429269,45580,52490,57260,24,24,1.880,1.880
b00328,boundary,iov_64_-1,pwritev_full_1m,candidate,4,BAAB,pwritev_full_1m,process,8820,63,4,54215100a825da9eb7cfbd8f045e54ef05fb29bd,false,1b36f48efea63210dfeeee7270dea968ab5ba58da27f90aa42845eb8a64a6649,12b1dafe765a77d1a17115b0ae12cff973f20ed7d6d770fbd790695fe081288e,0e4833553be7825885da5ea99bceab292cc8abee6414d58b31864afe8ca9f944,c89b17de3d4d36a4e106517b0737619bd65f0e2877d95adbf2f297762f71fb7b,6e938dfcd266a2b0eac811d7ea7eabbd5b217965f88efa81371465134dbcab11,2026-07-15T19:05:31.691965+00:00,8o8-arch,7.0.12-arch1-1,AMD Ryzen 9 3900X 12-Core Processor,"logical=24,cores=12,sockets=1,nodes=1",performance,rustc 1.97.0 (2d8144b78 2026-07-07),22.1.6,cargo 1.97.0 (c980f4866 2026-06-30),"release,lto=thin,debug=true",/home/bob/.cache/mess-bench,/dev/nvme0n1p3,ext4,/home,Samsung SSD 970 EVO Plus 2TB,[none] mq-deadline kyber bfq,249460371456,4096,1024,payload[i]=(i*131+17)&0xff,1.88671875,accepted,,7609,bytes,479367,67111380,7609,0,0,63,0,0,31665638,31880907,4010,4830,5370,24,24,1.890,1.890
b00329,boundary,iov_64_-1,copy_contiguous,baseline,1,ABBA,k_pwrite,process,8820,63,4,54215100a825da9eb7cfbd8f045e54ef05fb29bd,false,1b36f48efea63210dfeeee7270dea968ab5ba58da27f90aa42845eb8a64a6649,12b1dafe765a77d1a17115b0ae12cff973f20ed7d6d770fbd790695fe081288e,0e4833553be7825885da5ea99bceab292cc8abee6414d58b31864afe8ca9f944,c89b17de3d4d36a4e106517b0737619bd65f0e2877d95adbf2f297762f71fb7b,6e938dfcd266a2b0eac811d7ea7eabbd5b217965f88efa81371465134dbcab11,2026-07-15T19:05:32.719936+00:00,8o8-arch,7.0.12-arch1-1,AMD Ryzen 9 3900X 12-Core Processor,"logical=24,cores=12,sockets=1,nodes=1",performance,rustc 1.97.0 (2d8144b78 2026-07-07),22.1.6,cargo 1.97.0 (c980f4866 2026-06-30),"release,lto=thin,debug=true",/home/bob/.cache/mess-bench,/dev/nvme0n1p3,ext4,/home,Samsung SSD 970 EVO Plus 2TB,[none] mq-deadline kyber bfq,249460371456,4096,1024,payload[i]=(i*131+17)&0xff,1.88671875,accepted,,7609,bytes,479367,67111380,479367,0,0,0,0,0,350731828,353221199,45920,52120,56440,24,24,1.890,1.890
b00330,boundary,iov_64_-1,copy_contiguous,candidate,2,ABBA,copy_contiguous,process,8820,63,4,54215100a825da9eb7cfbd8f045e54ef05fb29bd,false,1b36f48efea63210dfeeee7270dea968ab5ba58da27f90aa42845eb8a64a6649,12b1dafe765a77d1a17115b0ae12cff973f20ed7d6d770fbd790695fe081288e,0e4833553be7825885da5ea99bceab292cc8abee6414d58b31864afe8ca9f944,c89b17de3d4d36a4e106517b0737619bd65f0e2877d95adbf2f297762f71fb7b,6e938dfcd266a2b0eac811d7ea7eabbd5b217965f88efa81371465134dbcab11,2026-07-15T19:05:33.747918+00:00,8o8-arch,7.0.12-arch1-1,AMD Ryzen 9 3900X 12-Core Processor,"logical=24,cores=12,sockets=1,nodes=1",performance,rustc 1.97.0 (2d8144b78 2026-07-07),22.1.6,cargo 1.97.0 (c980f4866 2026-06-30),"release,lto=thin,debug=true",/home/bob/.cache/mess-bench,/dev/nvme0n1p3,ext4,/home,Samsung SSD 970 EVO Plus 2TB,[none] mq-deadline kyber bfq,249460367360,4096,1024,payload[i]=(i*131+17)&0xff,1.88671875,accepted,,7609,bytes,479367,67111380,7609,0,0,0,67111380,0,15873014,16042389,1980,2040,2630,24,24,1.890,1.890
b00331,boundary,iov_64_-1,copy_contiguous,candidate,3,ABBA,copy_contiguous,process,8820,63,4,54215100a825da9eb7cfbd8f045e54ef05fb29bd,false,1b36f48efea63210dfeeee7270dea968ab5ba58da27f90aa42845eb8a64a6649,12b1dafe765a77d1a17115b0ae12cff973f20ed7d6d770fbd790695fe081288e,0e4833553be7825885da5ea99bceab292cc8abee6414d58b31864afe8ca9f944,c89b17de3d4d36a4e106517b0737619bd65f0e2877d95adbf2f297762f71fb7b,6e938dfcd266a2b0eac811d7ea7eabbd5b217965f88efa81371465134dbcab11,2026-07-15T19:05:34.776854+00:00,8o8-arch,7.0.12-arch1-1,AMD Ryzen 9 3900X 12-Core Processor,"logical=24,cores=12,sockets=1,nodes=1",performance,rustc 1.97.0 (2d8144b78 2026-07-07),22.1.6,cargo 1.97.0 (c980f4866 2026-06-30),"release,lto=thin,debug=true",/home/bob/.cache/mess-bench,/dev/nvme0n1p3,ext4,/home,Samsung SSD 970 EVO Plus 2TB,[none] mq-deadline kyber bfq,249460363264,4096,1024,payload[i]=(i*131+17)&0xff,1.88671875,accepted,,7609,bytes,479367,67111380,7609,0,0,0,67111380,0,15793454,15948649,1990,2040,2580,24,24,1.890,1.890
b00332,boundary,iov_64_-1,copy_contiguous,baseline,4,ABBA,k_pwrite,process,8820,63,4,54215100a825da9eb7cfbd8f045e54ef05fb29bd,false,1b36f48efea63210dfeeee7270dea968ab5ba58da27f90aa42845eb8a64a6649,12b1dafe765a77d1a17115b0ae12cff973f20ed7d6d770fbd790695fe081288e,0e4833553be7825885da5ea99bceab292cc8abee6414d58b31864afe8ca9f944,c89b17de3d4d36a4e106517b0737619bd65f0e2877d95adbf2f297762f71fb7b,6e938dfcd266a2b0eac811d7ea7eabbd5b217965f88efa81371465134dbcab11,2026-07-15T19:05:35.804998+00:00,8o8-arch,7.0.12-arch1-1,AMD Ryzen 9 3900X 12-Core Processor,"logical=24,cores=12,sockets=1,nodes=1",performance,rustc 1.97.0 (2d8144b78 2026-07-07),22.1.6,cargo 1.97.0 (c980f4866 2026-06-30),"release,lto=thin,debug=true",/home/bob/.cache/mess-bench,/dev/nvme0n1p3,ext4,/home,Samsung SSD 970 EVO Plus 2TB,[none] mq-deadline kyber bfq,249460363264,4096,1024,payload[i]=(i*131+17)&0xff,1.88671875,accepted,,7609,bytes,479367,67111380,479367,0,0,0,0,0,350688168,352924758,45800,51950,57930,24,24,1.890,1.900
b00333,boundary,iov_64_+0,pwritev_full_1m,candidate,1,BAAB,pwritev_full_1m,process,8960,64,4,54215100a825da9eb7cfbd8f045e54ef05fb29bd,false,1b36f48efea63210dfeeee7270dea968ab5ba58da27f90aa42845eb8a64a6649,12b1dafe765a77d1a17115b0ae12cff973f20ed7d6d770fbd790695fe081288e,0e4833553be7825885da5ea99bceab292cc8abee6414d58b31864afe8ca9f944,c89b17de3d4d36a4e106517b0737619bd65f0e2877d95adbf2f297762f71fb7b,6e938dfcd266a2b0eac811d7ea7eabbd5b217965f88efa81371465134dbcab11,2026-07-15T19:05:36.832227+00:00,8o8-arch,7.0.12-arch1-1,AMD Ryzen 9 3900X 12-Core Processor,"logical=24,cores=12,sockets=1,nodes=1",performance,rustc 1.97.0 (2d8144b78 2026-07-07),22.1.6,cargo 1.97.0 (c980f4866 2026-06-30),"release,lto=thin,debug=true",/home/bob/.cache/mess-bench,/dev/nvme0n1p3,ext4,/home,Samsung SSD 970 EVO Plus 2TB,[none] mq-deadline kyber bfq,249460363264,4096,1024,payload[i]=(i*131+17)&0xff,1.89599609375,accepted,,7490,bytes,479360,67110400,7490,0,0,64,0,0,31050138,31271378,4050,4080,5050,24,24,1.900,1.900
b00334,boundary,iov_64_+0,pwritev_full_1m,baseline,2,BAAB,k_pwrite,process,8960,64,4,54215100a825da9eb7cfbd8f045e54ef05fb29bd,false,1b36f48efea63210dfeeee7270dea968ab5ba58da27f90aa42845eb8a64a6649,12b1dafe765a77d1a17115b0ae12cff973f20ed7d6d770fbd790695fe081288e,0e4833553be7825885da5ea99bceab292cc8abee6414d58b31864afe8ca9f944,c89b17de3d4d36a4e106517b0737619bd65f0e2877d95adbf2f297762f71fb7b,6e938dfcd266a2b0eac811d7ea7eabbd5b217965f88efa81371465134dbcab11,2026-07-15T19:05:37.854151+00:00,8o8-arch,7.0.12-arch1-1,AMD Ryzen 9 3900X 12-Core Processor,"logical=24,cores=12,sockets=1,nodes=1",performance,rustc 1.97.0 (2d8144b78 2026-07-07),22.1.6,cargo 1.97.0 (c980f4866 2026-06-30),"release,lto=thin,debug=true",/home/bob/.cache/mess-bench,/dev/nvme0n1p3,ext4,/home,Samsung SSD 970 EVO Plus 2TB,[none] mq-deadline kyber bfq,249460359168,4096,1024,payload[i]=(i*131+17)&0xff,1.89599609375,accepted,,7490,bytes,479360,67110400,479360,0,0,0,0,0,353744309,356318996,46730,55270,59119,24,24,1.900,1.900
b00335,boundary,iov_64_+0,pwritev_full_1m,baseline,3,BAAB,k_pwrite,process,8960,64,4,54215100a825da9eb7cfbd8f045e54ef05fb29bd,false,1b36f48efea63210dfeeee7270dea968ab5ba58da27f90aa42845eb8a64a6649,12b1dafe765a77d1a17115b0ae12cff973f20ed7d6d770fbd790695fe081288e,0e4833553be7825885da5ea99bceab292cc8abee6414d58b31864afe8ca9f944,c89b17de3d4d36a4e106517b0737619bd65f0e2877d95adbf2f297762f71fb7b,6e938dfcd266a2b0eac811d7ea7eabbd5b217965f88efa81371465134dbcab11,2026-07-15T19:05:38.881731+00:00,8o8-arch,7.0.12-arch1-1,AMD Ryzen 9 3900X 12-Core Processor,"logical=24,cores=12,sockets=1,nodes=1",performance,rustc 1.97.0 (2d8144b78 2026-07-07),22.1.6,cargo 1.97.0 (c980f4866 2026-06-30),"release,lto=thin,debug=true",/home/bob/.cache/mess-bench,/dev/nvme0n1p3,ext4,/home,Samsung SSD 970 EVO Plus 2TB,[none] mq-deadline kyber bfq,249460355072,4096,1024,payload[i]=(i*131+17)&0xff,1.89599609375,accepted,,7490,bytes,479360,67110400,479360,0,0,0,0,0,353861327,356567986,46879,55040,58970,24,24,1.900,1.900
b00336,boundary,iov_64_+0,pwritev_full_1m,candidate,4,BAAB,pwritev_full_1m,process,8960,64,4,54215100a825da9eb7cfbd8f045e54ef05fb29bd,false,1b36f48efea63210dfeeee7270dea968ab5ba58da27f90aa42845eb8a64a6649,12b1dafe765a77d1a17115b0ae12cff973f20ed7d6d770fbd790695fe081288e,0e4833553be7825885da5ea99bceab292cc8abee6414d58b31864afe8ca9f944,c89b17de3d4d36a4e106517b0737619bd65f0e2877d95adbf2f297762f71fb7b,6e938dfcd266a2b0eac811d7ea7eabbd5b217965f88efa81371465134dbcab11,2026-07-15T19:05:39.908782+00:00,8o8-arch,7.0.12-arch1-1,AMD Ryzen 9 3900X 12-Core Processor,"logical=24,cores=12,sockets=1,nodes=1",performance,rustc 1.97.0 (2d8144b78 2026-07-07),22.1.6,cargo 1.97.0 (c980f4866 2026-06-30),"release,lto=thin,debug=true",/home/bob/.cache/mess-bench,/dev/nvme0n1p3,ext4,/home,Samsung SSD 970 EVO Plus 2TB,[none] mq-deadline kyber bfq,249460355072,4096,1024,payload[i]=(i*131+17)&0xff,1.89599609375,accepted,,7490,bytes,479360,67110400,7490,0,0,64,0,0,31537018,31787898,4060,4910,5420,24,24,1.900,1.900
b00337,boundary,iov_64_+0,copy_contiguous,baseline,1,ABBA,k_pwrite,process,8960,64,4,54215100a825da9eb7cfbd8f045e54ef05fb29bd,false,1b36f48efea63210dfeeee7270dea968ab5ba58da27f90aa42845eb8a64a6649,12b1dafe765a77d1a17115b0ae12cff973f20ed7d6d770fbd790695fe081288e,0e4833553be7825885da5ea99bceab292cc8abee6414d58b31864afe8ca9f944,c89b17de3d4d36a4e106517b0737619bd65f0e2877d95adbf2f297762f71fb7b,6e938dfcd266a2b0eac811d7ea7eabbd5b217965f88efa81371465134dbcab11,2026-07-15T19:05:40.937047+00:00,8o8-arch,7.0.12-arch1-1,AMD Ryzen 9 3900X 12-Core Processor,"logical=24,cores=12,sockets=1,nodes=1",performance,rustc 1.97.0 (2d8144b78 2026-07-07),22.1.6,cargo 1.97.0 (c980f4866 2026-06-30),"release,lto=thin,debug=true",/home/bob/.cache/mess-bench,/dev/nvme0n1p3,ext4,/home,Samsung SSD 970 EVO Plus 2TB,[none] mq-deadline kyber bfq,249460285440,4096,1024,payload[i]=(i*131+17)&0xff,1.89599609375,accepted,,7490,bytes,479360,67110400,479360,0,0,0,0,0,353081659,355612457,46860,55180,59340,24,24,1.900,1.900
b00338,boundary,iov_64_+0,copy_contiguous,candidate,2,ABBA,copy_contiguous,process,8960,64,4,54215100a825da9eb7cfbd8f045e54ef05fb29bd,false,1b36f48efea63210dfeeee7270dea968ab5ba58da27f90aa42845eb8a64a6649,12b1dafe765a77d1a17115b0ae12cff973f20ed7d6d770fbd790695fe081288e,0e4833553be7825885da5ea99bceab292cc8abee6414d58b31864afe8ca9f944,c89b17de3d4d36a4e106517b0737619bd65f0e2877d95adbf2f297762f71fb7b,6e938dfcd266a2b0eac811d7ea7eabbd5b217965f88efa81371465134dbcab11,2026-07-15T19:05:41.964724+00:00,8o8-arch,7.0.12-arch1-1,AMD Ryzen 9 3900X 12-Core Processor,"logical=24,cores=12,sockets=1,nodes=1",performance,rustc 1.97.0 (2d8144b78 2026-07-07),22.1.6,cargo 1.97.0 (c980f4866 2026-06-30),"release,lto=thin,debug=true",/home/bob/.cache/mess-bench,/dev/nvme0n1p3,ext4,/home,Samsung SSD 970 EVO Plus 2TB,[none] mq-deadline kyber bfq,249460273152,4096,1024,payload[i]=(i*131+17)&0xff,1.90478515625,accepted,,7490,bytes,479360,67110400,7490,0,0,0,67110400,0,15642114,15781559,1990,2050,2650,24,24,1.900,1.900
b00339,boundary,iov_64_+0,copy_contiguous,candidate,3,ABBA,copy_contiguous,process,8960,64,4,54215100a825da9eb7cfbd8f045e54ef05fb29bd,false,1b36f48efea63210dfeeee7270dea968ab5ba58da27f90aa42845eb8a64a6649,12b1dafe765a77d1a17115b0ae12cff973f20ed7d6d770fbd790695fe081288e,0e4833553be7825885da5ea99bceab292cc8abee6414d58b31864afe8ca9f944,c89b17de3d4d36a4e106517b0737619bd65f0e2877d95adbf2f297762f71fb7b,6e938dfcd266a2b0eac811d7ea7eabbd5b217965f88efa81371465134dbcab11,2026-07-15T19:05:42.992536+00:00,8o8-arch,7.0.12-arch1-1,AMD Ryzen 9 3900X 12-Core Processor,"logical=24,cores=12,sockets=1,nodes=1",performance,rustc 1.97.0 (2d8144b78 2026-07-07),22.1.6,cargo 1.97.0 (c980f4866 2026-06-30),"release,lto=thin,debug=true",/home/bob/.cache/mess-bench,/dev/nvme0n1p3,ext4,/home,Samsung SSD 970 EVO Plus 2TB,[none] mq-deadline kyber bfq,249460273152,4096,1024,payload[i]=(i*131+17)&0xff,1.90478515625,accepted,,7490,bytes,479360,67110400,7490,0,0,0,67110400,0,15661814,16019288,2000,2050,2620,24,24,1.900,1.900
b00340,boundary,iov_64_+0,copy_contiguous,baseline,4,ABBA,k_pwrite,process,8960,64,4,54215100a825da9eb7cfbd8f045e54ef05fb29bd,false,1b36f48efea63210dfeeee7270dea968ab5ba58da27f90aa42845eb8a64a6649,12b1dafe765a77d1a17115b0ae12cff973f20ed7d6d770fbd790695fe081288e,0e4833553be7825885da5ea99bceab292cc8abee6414d58b31864afe8ca9f944,c89b17de3d4d36a4e106517b0737619bd65f0e2877d95adbf2f297762f71fb7b,6e938dfcd266a2b0eac811d7ea7eabbd5b217965f88efa81371465134dbcab11,2026-07-15T19:05:44.021213+00:00,8o8-arch,7.0.12-arch1-1,AMD Ryzen 9 3900X 12-Core Processor,"logical=24,cores=12,sockets=1,nodes=1",performance,rustc 1.97.0 (2d8144b78 2026-07-07),22.1.6,cargo 1.97.0 (c980f4866 2026-06-30),"release,lto=thin,debug=true",/home/bob/.cache/mess-bench,/dev/nvme0n1p3,ext4,/home,Samsung SSD 970 EVO Plus 2TB,[none] mq-deadline kyber bfq,249460273152,4096,1024,payload[i]=(i*131+17)&0xff,1.90478515625,accepted,,7490,bytes,479360,67110400,479360,0,0,0,0,0,357904110,360674103,46640,58560,60450,24,24,1.900,1.900
b00341,boundary,iov_64_+1,pwritev_full_1m,candidate,1,BAAB,pwritev_full_1m,process,9100,65,4,54215100a825da9eb7cfbd8f045e54ef05fb29bd,false,1b36f48efea63210dfeeee7270dea968ab5ba58da27f90aa42845eb8a64a6649,12b1dafe765a77d1a17115b0ae12cff973f20ed7d6d770fbd790695fe081288e,0e4833553be7825885da5ea99bceab292cc8abee6414d58b31864afe8ca9f944,c89b17de3d4d36a4e106517b0737619bd65f0e2877d95adbf2f297762f71fb7b,6e938dfcd266a2b0eac811d7ea7eabbd5b217965f88efa81371465134dbcab11,2026-07-15T19:05:45.048717+00:00,8o8-arch,7.0.12-arch1-1,AMD Ryzen 9 3900X 12-Core Processor,"logical=24,cores=12,sockets=1,nodes=1",performance,rustc 1.97.0 (2d8144b78 2026-07-07),22.1.6,cargo 1.97.0 (c980f4866 2026-06-30),"release,lto=thin,debug=true",/home/bob/.cache/mess-bench,/dev/nvme0n1p3,ext4,/home,Samsung SSD 970 EVO Plus 2TB,[none] mq-deadline kyber bfq,249460273152,4096,1024,payload[i]=(i*131+17)&0xff,1.90478515625,accepted,,7375,bytes,479375,67112500,7375,0,0,65,0,0,31029448,31244858,4110,4150,5130,24,24,1.900,1.900
b00342,boundary,iov_64_+1,pwritev_full_1m,baseline,2,BAAB,k_pwrite,process,9100,65,4,54215100a825da9eb7cfbd8f045e54ef05fb29bd,false,1b36f48efea63210dfeeee7270dea968ab5ba58da27f90aa42845eb8a64a6649,12b1dafe765a77d1a17115b0ae12cff973f20ed7d6d770fbd790695fe081288e,0e4833553be7825885da5ea99bceab292cc8abee6414d58b31864afe8ca9f944,c89b17de3d4d36a4e106517b0737619bd65f0e2877d95adbf2f297762f71fb7b,6e938dfcd266a2b0eac811d7ea7eabbd5b217965f88efa81371465134dbcab11,2026-07-15T19:05:46.076570+00:00,8o8-arch,7.0.12-arch1-1,AMD Ryzen 9 3900X 12-Core Processor,"logical=24,cores=12,sockets=1,nodes=1",performance,rustc 1.97.0 (2d8144b78 2026-07-07),22.1.6,cargo 1.97.0 (c980f4866 2026-06-30),"release,lto=thin,debug=true",/home/bob/.cache/mess-bench,/dev/nvme0n1p3,ext4,/home,Samsung SSD 970 EVO Plus 2TB,[none] mq-deadline kyber bfq,249460215808,4096,1024,payload[i]=(i*131+17)&0xff,1.90478515625,accepted,,7375,bytes,479375,67112500,479375,0,0,0,0,0,355388440,358336134,47230,58470,60830,24,24,1.900,2.070
b00343,boundary,iov_64_+1,pwritev_full_1m,baseline,3,BAAB,k_pwrite,process,9100,65,4,54215100a825da9eb7cfbd8f045e54ef05fb29bd,false,1b36f48efea63210dfeeee7270dea968ab5ba58da27f90aa42845eb8a64a6649,12b1dafe765a77d1a17115b0ae12cff973f20ed7d6d770fbd790695fe081288e,0e4833553be7825885da5ea99bceab292cc8abee6414d58b31864afe8ca9f944,c89b17de3d4d36a4e106517b0737619bd65f0e2877d95adbf2f297762f71fb7b,6e938dfcd266a2b0eac811d7ea7eabbd5b217965f88efa81371465134dbcab11,2026-07-15T19:05:47.098582+00:00,8o8-arch,7.0.12-arch1-1,AMD Ryzen 9 3900X 12-Core Processor,"logical=24,cores=12,sockets=1,nodes=1",performance,rustc 1.97.0 (2d8144b78 2026-07-07),22.1.6,cargo 1.97.0 (c980f4866 2026-06-30),"release,lto=thin,debug=true",/home/bob/.cache/mess-bench,/dev/nvme0n1p3,ext4,/home,Samsung SSD 970 EVO Plus 2TB,[none] mq-deadline kyber bfq,249460215808,4096,1024,payload[i]=(i*131+17)&0xff,2.07275390625,accepted,,7375,bytes,479375,67112500,479375,0,0,0,0,0,354975790,359109234,47540,56240,60810,24,24,2.070,2.070
b00344,boundary,iov_64_+1,pwritev_full_1m,candidate,4,BAAB,pwritev_full_1m,process,9100,65,4,54215100a825da9eb7cfbd8f045e54ef05fb29bd,false,1b36f48efea63210dfeeee7270dea968ab5ba58da27f90aa42845eb8a64a6649,12b1dafe765a77d1a17115b0ae12cff973f20ed7d6d770fbd790695fe081288e,0e4833553be7825885da5ea99bceab292cc8abee6414d58b31864afe8ca9f944,c89b17de3d4d36a4e106517b0737619bd65f0e2877d95adbf2f297762f71fb7b,6e938dfcd266a2b0eac811d7ea7eabbd5b217965f88efa81371465134dbcab11,2026-07-15T19:05:48.126569+00:00,8o8-arch,7.0.12-arch1-1,AMD Ryzen 9 3900X 12-Core Processor,"logical=24,cores=12,sockets=1,nodes=1",performance,rustc 1.97.0 (2d8144b78 2026-07-07),22.1.6,cargo 1.97.0 (c980f4866 2026-06-30),"release,lto=thin,debug=true",/home/bob/.cache/mess-bench,/dev/nvme0n1p3,ext4,/home,Samsung SSD 970 EVO Plus 2TB,[none] mq-deadline kyber bfq,249460215808,4096,1024,payload[i]=(i*131+17)&0xff,2.07275390625,accepted,,7375,bytes,479375,67112500,7375,0,0,65,0,0,31659838,31949048,4110,4940,5790,24,24,2.070,2.070
b00345,boundary,iov_64_+1,pwritev_64_1m,baseline,1,ABBA,k_pwrite,process,9100,65,4,54215100a825da9eb7cfbd8f045e54ef05fb29bd,false,1b36f48efea63210dfeeee7270dea968ab5ba58da27f90aa42845eb8a64a6649,12b1dafe765a77d1a17115b0ae12cff973f20ed7d6d770fbd790695fe081288e,0e4833553be7825885da5ea99bceab292cc8abee6414d58b31864afe8ca9f944,c89b17de3d4d36a4e106517b0737619bd65f0e2877d95adbf2f297762f71fb7b,6e938dfcd266a2b0eac811d7ea7eabbd5b217965f88efa81371465134dbcab11,2026-07-15T19:05:49.147273+00:00,8o8-arch,7.0.12-arch1-1,AMD Ryzen 9 3900X 12-Core Processor,"logical=24,cores=12,sockets=1,nodes=1",performance,rustc 1.97.0 (2d8144b78 2026-07-07),22.1.6,cargo 1.97.0 (c980f4866 2026-06-30),"release,lto=thin,debug=true",/home/bob/.cache/mess-bench,/dev/nvme0n1p3,ext4,/home,Samsung SSD 970 EVO Plus 2TB,[none] mq-deadline kyber bfq,249460207616,4096,1024,payload[i]=(i*131+17)&0xff,2.07275390625,accepted,,7375,bytes,479375,67112500,479375,0,0,0,0,0,350882298,353679698,47150,55340,59170,24,24,2.070,2.070
b00346,boundary,iov_64_+1,pwritev_64_1m,candidate,2,ABBA,pwritev_64_1m,process,9100,65,4,54215100a825da9eb7cfbd8f045e54ef05fb29bd,false,1b36f48efea63210dfeeee7270dea968ab5ba58da27f90aa42845eb8a64a6649,12b1dafe765a77d1a17115b0ae12cff973f20ed7d6d770fbd790695fe081288e,0e4833553be7825885da5ea99bceab292cc8abee6414d58b31864afe8ca9f944,c89b17de3d4d36a4e106517b0737619bd65f0e2877d95adbf2f297762f71fb7b,6e938dfcd266a2b0eac811d7ea7eabbd5b217965f88efa81371465134dbcab11,2026-07-15T19:05:50.168248+00:00,8o8-arch,7.0.12-arch1-1,AMD Ryzen 9 3900X 12-Core Processor,"logical=24,cores=12,sockets=1,nodes=1",performance,rustc 1.97.0 (2d8144b78 2026-07-07),22.1.6,cargo 1.97.0 (c980f4866 2026-06-30),"release,lto=thin,debug=true",/home/bob/.cache/mess-bench,/dev/nvme0n1p3,ext4,/home,Samsung SSD 970 EVO Plus 2TB,[none] mq-deadline kyber bfq,249460207616,4096,1024,payload[i]=(i*131+17)&0xff,2.07275390625,accepted,,7375,bytes,479375,67112500,14750,0,0,64,0,0,37428939,37764013,4880,6290,6480,24,24,2.070,2.070
b00347,boundary,iov_64_+1,pwritev_64_1m,candidate,3,ABBA,pwritev_64_1m,process,9100,65,4,54215100a825da9eb7cfbd8f045e54ef05fb29bd,false,1b36f48efea63210dfeeee7270dea968ab5ba58da27f90aa42845eb8a64a6649,12b1dafe765a77d1a17115b0ae12cff973f20ed7d6d770fbd790695fe081288e,0e4833553be7825885da5ea99bceab292cc8abee6414d58b31864afe8ca9f944,c89b17de3d4d36a4e106517b0737619bd65f0e2877d95adbf2f297762f71fb7b,6e938dfcd266a2b0eac811d7ea7eabbd5b217965f88efa81371465134dbcab11,2026-07-15T19:05:51.195927+00:00,8o8-arch,7.0.12-arch1-1,AMD Ryzen 9 3900X 12-Core Processor,"logical=24,cores=12,sockets=1,nodes=1",performance,rustc 1.97.0 (2d8144b78 2026-07-07),22.1.6,cargo 1.97.0 (c980f4866 2026-06-30),"release,lto=thin,debug=true",/home/bob/.cache/mess-bench,/dev/nvme0n1p3,ext4,/home,Samsung SSD 970 EVO Plus 2TB,[none] mq-deadline kyber bfq,249460203520,4096,1024,payload[i]=(i*131+17)&0xff,2.06689453125,accepted,,7375,bytes,479375,67112500,14750,0,0,64,0,0,37206800,37506773,4900,5650,6440,24,24,2.070,2.070
b00348,boundary,iov_64_+1,pwritev_64_1m,baseline,4,ABBA,k_pwrite,process,9100,65,4,54215100a825da9eb7cfbd8f045e54ef05fb29bd,false,1b36f48efea63210dfeeee7270dea968ab5ba58da27f90aa42845eb8a64a6649,12b1dafe765a77d1a17115b0ae12cff973f20ed7d6d770fbd790695fe081288e,0e4833553be7825885da5ea99bceab292cc8abee6414d58b31864afe8ca9f944,c89b17de3d4d36a4e106517b0737619bd65f0e2877d95adbf2f297762f71fb7b,6e938dfcd266a2b0eac811d7ea7eabbd5b217965f88efa81371465134dbcab11,2026-07-15T19:05:52.224171+00:00,8o8-arch,7.0.12-arch1-1,AMD Ryzen 9 3900X 12-Core Processor,"logical=24,cores=12,sockets=1,nodes=1",performance,rustc 1.97.0 (2d8144b78 2026-07-07),22.1.6,cargo 1.97.0 (c980f4866 2026-06-30),"release,lto=thin,debug=true",/home/bob/.cache/mess-bench,/dev/nvme0n1p3,ext4,/home,Samsung SSD 970 EVO Plus 2TB,[none] mq-deadline kyber bfq,249460199424,4096,1024,payload[i]=(i*131+17)&0xff,2.06689453125,accepted,,7375,bytes,479375,67112500,479375,0,0,0,0,0,352102778,355061997,47310,55380,60130,24,24,2.070,2.070
b00349,boundary,iov_64_+1,copy_contiguous,candidate,1,BAAB,copy_contiguous,process,9100,65,4,54215100a825da9eb7cfbd8f045e54ef05fb29bd,false,1b36f48efea63210dfeeee7270dea968ab5ba58da27f90aa42845eb8a64a6649,12b1dafe765a77d1a17115b0ae12cff973f20ed7d6d770fbd790695fe081288e,0e4833553be7825885da5ea99bceab292cc8abee6414d58b31864afe8ca9f944,c89b17de3d4d36a4e106517b0737619bd65f0e2877d95adbf2f297762f71fb7b,6e938dfcd266a2b0eac811d7ea7eabbd5b217965f88efa81371465134dbcab11,2026-07-15T19:05:53.251683+00:00,8o8-arch,7.0.12-arch1-1,AMD Ryzen 9 3900X 12-Core Processor,"logical=24,cores=12,sockets=1,nodes=1",performance,rustc 1.97.0 (2d8144b78 2026-07-07),22.1.6,cargo 1.97.0 (c980f4866 2026-06-30),"release,lto=thin,debug=true",/home/bob/.cache/mess-bench,/dev/nvme0n1p3,ext4,/home,Samsung SSD 970 EVO Plus 2TB,[none] mq-deadline kyber bfq,249460199424,4096,1024,payload[i]=(i*131+17)&0xff,2.06689453125,accepted,,7375,bytes,479375,67112500,7375,0,0,0,67112500,0,15170144,15258999,1980,2000,2540,24,24,2.070,2.070
b00350,boundary,iov_64_+1,copy_contiguous,baseline,2,BAAB,k_pwrite,process,9100,65,4,54215100a825da9eb7cfbd8f045e54ef05fb29bd,false,1b36f48efea63210dfeeee7270dea968ab5ba58da27f90aa42845eb8a64a6649,12b1dafe765a77d1a17115b0ae12cff973f20ed7d6d770fbd790695fe081288e,0e4833553be7825885da5ea99bceab292cc8abee6414d58b31864afe8ca9f944,c89b17de3d4d36a4e106517b0737619bd65f0e2877d95adbf2f297762f71fb7b,6e938dfcd266a2b0eac811d7ea7eabbd5b217965f88efa81371465134dbcab11,2026-07-15T19:05:54.272596+00:00,8o8-arch,7.0.12-arch1-1,AMD Ryzen 9 3900X 12-Core Processor,"logical=24,cores=12,sockets=1,nodes=1",performance,rustc 1.97.0 (2d8144b78 2026-07-07),22.1.6,cargo 1.97.0 (c980f4866 2026-06-30),"release,lto=thin,debug=true",/home/bob/.cache/mess-bench,/dev/nvme0n1p3,ext4,/home,Samsung SSD 970 EVO Plus 2TB,[none] mq-deadline kyber bfq,249460199424,4096,1024,payload[i]=(i*131+17)&0xff,2.06689453125,accepted,,7375,bytes,479375,67112500,479375,0,0,0,0,0,351053857,353644828,47250,54250,60140,24,24,2.070,2.070
b00351,boundary,iov_64_+1,copy_contiguous,baseline,3,BAAB,k_pwrite,process,9100,65,4,54215100a825da9eb7cfbd8f045e54ef05fb29bd,false,1b36f48efea63210dfeeee7270dea968ab5ba58da27f90aa42845eb8a64a6649,12b1dafe765a77d1a17115b0ae12cff973f20ed7d6d770fbd790695fe081288e,0e4833553be7825885da5ea99bceab292cc8abee6414d58b31864afe8ca9f944,c89b17de3d4d36a4e106517b0737619bd65f0e2877d95adbf2f297762f71fb7b,6e938dfcd266a2b0eac811d7ea7eabbd5b217965f88efa81371465134dbcab11,2026-07-15T19:05:55.300590+00:00,8o8-arch,7.0.12-arch1-1,AMD Ryzen 9 3900X 12-Core Processor,"logical=24,cores=12,sockets=1,nodes=1",performance,rustc 1.97.0 (2d8144b78 2026-07-07),22.1.6,cargo 1.97.0 (c980f4866 2026-06-30),"release,lto=thin,debug=true",/home/bob/.cache/mess-bench,/dev/nvme0n1p3,ext4,/home,Samsung SSD 970 EVO Plus 2TB,[none] mq-deadline kyber bfq,249460195328,4096,1024,payload[i]=(i*131+17)&0xff,2.06689453125,accepted,,7375,bytes,479375,67112500,479375,0,0,0,0,0,351002768,353934358,47180,54320,60020,24,24,2.070,2.070
b00352,boundary,iov_64_+1,copy_contiguous,candidate,4,BAAB,copy_contiguous,process,9100,65,4,54215100a825da9eb7cfbd8f045e54ef05fb29bd,false,1b36f48efea63210dfeeee7270dea968ab5ba58da27f90aa42845eb8a64a6649,12b1dafe765a77d1a17115b0ae12cff973f20ed7d6d770fbd790695fe081288e,0e4833553be7825885da5ea99bceab292cc8abee6414d58b31864afe8ca9f944,c89b17de3d4d36a4e106517b0737619bd65f0e2877d95adbf2f297762f71fb7b,6e938dfcd266a2b0eac811d7ea7eabbd5b217965f88efa81371465134dbcab11,2026-07-15T19:05:56.328009+00:00,8o8-arch,7.0.12-arch1-1,AMD Ryzen 9 3900X 12-Core Processor,"logical=24,cores=12,sockets=1,nodes=1",performance,rustc 1.97.0 (2d8144b78 2026-07-07),22.1.6,cargo 1.97.0 (c980f4866 2026-06-30),"release,lto=thin,debug=true",/home/bob/.cache/mess-bench,/dev/nvme0n1p3,ext4,/home,Samsung SSD 970 EVO Plus 2TB,[none] mq-deadline kyber bfq,249460191232,4096,1024,payload[i]=(i*131+17)&0xff,2.0615234375,accepted,,7375,bytes,479375,67112500,7375,0,0,0,67112500,0,15264763,15419350,1990,2030,2610,24,24,2.060,2.060
b00353,boundary,iov_256_-1,pwritev_full_1m,baseline,1,ABBA,k_pwrite,process,35700,255,4,54215100a825da9eb7cfbd8f045e54ef05fb29bd,false,1b36f48efea63210dfeeee7270dea968ab5ba58da27f90aa42845eb8a64a6649,12b1dafe765a77d1a17115b0ae12cff973f20ed7d6d770fbd790695fe081288e,0e4833553be7825885da5ea99bceab292cc8abee6414d58b31864afe8ca9f944,c89b17de3d4d36a4e106517b0737619bd65f0e2877d95adbf2f297762f71fb7b,6e938dfcd266a2b0eac811d7ea7eabbd5b217965f88efa81371465134dbcab11,2026-07-15T19:05:57.356051+00:00,8o8-arch,7.0.12-arch1-1,AMD Ryzen 9 3900X 12-Core Processor,"logical=24,cores=12,sockets=1,nodes=1",performance,rustc 1.97.0 (2d8144b78 2026-07-07),22.1.6,cargo 1.97.0 (c980f4866 2026-06-30),"release,lto=thin,debug=true",/home/bob/.cache/mess-bench,/dev/nvme0n1p3,ext4,/home,Samsung SSD 970 EVO Plus 2TB,[none] mq-deadline kyber bfq,249460191232,4096,1024,payload[i]=(i*131+17)&0xff,2.0615234375,accepted,,1880,bytes,479400,67116000,479400,0,0,0,0,0,351021126,353798569,186330,200650,229580,24,24,2.060,2.060
b00354,boundary,iov_256_-1,pwritev_full_1m,candidate,2,ABBA,pwritev_full_1m,process,35700,255,4,54215100a825da9eb7cfbd8f045e54ef05fb29bd,false,1b36f48efea63210dfeeee7270dea968ab5ba58da27f90aa42845eb8a64a6649,12b1dafe765a77d1a17115b0ae12cff973f20ed7d6d770fbd790695fe081288e,0e4833553be7825885da5ea99bceab292cc8abee6414d58b31864afe8ca9f944,c89b17de3d4d36a4e106517b0737619bd65f0e2877d95adbf2f297762f71fb7b,6e938dfcd266a2b0eac811d7ea7eabbd5b217965f88efa81371465134dbcab11,2026-07-15T19:05:58.383712+00:00,8o8-arch,7.0.12-arch1-1,AMD Ryzen 9 3900X 12-Core Processor,"logical=24,cores=12,sockets=1,nodes=1",performance,rustc 1.97.0 (2d8144b78 2026-07-07),22.1.6,cargo 1.97.0 (c980f4866 2026-06-30),"release,lto=thin,debug=true",/home/bob/.cache/mess-bench,/dev/nvme0n1p3,ext4,/home,Samsung SSD 970 EVO Plus 2TB,[none] mq-deadline kyber bfq,249460187136,4096,1024,payload[i]=(i*131+17)&0xff,2.0615234375,accepted,,1880,bytes,479400,67116000,1880,0,0,255,0,0,23528576,23691653,12390,12480,18230,24,24,2.060,2.060
b00355,boundary,iov_256_-1,pwritev_full_1m,candidate,3,ABBA,pwritev_full_1m,process,35700,255,4,54215100a825da9eb7cfbd8f045e54ef05fb29bd,false,1b36f48efea63210dfeeee7270dea968ab5ba58da27f90aa42845eb8a64a6649,12b1dafe765a77d1a17115b0ae12cff973f20ed7d6d770fbd790695fe081288e,0e4833553be7825885da5ea99bceab292cc8abee6414d58b31864afe8ca9f944,c89b17de3d4d36a4e106517b0737619bd65f0e2877d95adbf2f297762f71fb7b,6e938dfcd266a2b0eac811d7ea7eabbd5b217965f88efa81371465134dbcab11,2026-07-15T19:05:59.411468+00:00,8o8-arch,7.0.12-arch1-1,AMD Ryzen 9 3900X 12-Core Processor,"logical=24,cores=12,sockets=1,nodes=1",performance,rustc 1.97.0 (2d8144b78 2026-07-07),22.1.6,cargo 1.97.0 (c980f4866 2026-06-30),"release,lto=thin,debug=true",/home/bob/.cache/mess-bench,/dev/nvme0n1p3,ext4,/home,Samsung SSD 970 EVO Plus 2TB,[none] mq-deadline kyber bfq,249460183040,4096,1024,payload[i]=(i*131+17)&0xff,2.0615234375,accepted,,1880,bytes,479400,67116000,1880,0,0,255,0,0,23874614,24053663,12460,13800,18470,24,24,2.060,2.060
b00356,boundary,iov_256_-1,pwritev_full_1m,baseline,4,ABBA,k_pwrite,process,35700,255,4,54215100a825da9eb7cfbd8f045e54ef05fb29bd,false,1b36f48efea63210dfeeee7270dea968ab5ba58da27f90aa42845eb8a64a6649,12b1dafe765a77d1a17115b0ae12cff973f20ed7d6d770fbd790695fe081288e,0e4833553be7825885da5ea99bceab292cc8abee6414d58b31864afe8ca9f944,c89b17de3d4d36a4e106517b0737619bd65f0e2877d95adbf2f297762f71fb7b,6e938dfcd266a2b0eac811d7ea7eabbd5b217965f88efa81371465134dbcab11,2026-07-15T19:06:00.439143+00:00,8o8-arch,7.0.12-arch1-1,AMD Ryzen 9 3900X 12-Core Processor,"logical=24,cores=12,sockets=1,nodes=1",performance,rustc 1.97.0 (2d8144b78 2026-07-07),22.1.6,cargo 1.97.0 (c980f4866 2026-06-30),"release,lto=thin,debug=true",/home/bob/.cache/mess-bench,/dev/nvme0n1p3,ext4,/home,Samsung SSD 970 EVO Plus 2TB,[none] mq-deadline kyber bfq,249460183040,4096,1024,payload[i]=(i*131+17)&0xff,2.0615234375,accepted,,1880,bytes,479400,67116000,479400,0,0,0,0,0,352708038,355733756,186579,208450,236129,24,24,2.060,2.060
b00357,boundary,iov_256_-1,pwritev_64_1m,candidate,1,BAAB,pwritev_64_1m,process,35700,255,4,54215100a825da9eb7cfbd8f045e54ef05fb29bd,false,1b36f48efea63210dfeeee7270dea968ab5ba58da27f90aa42845eb8a64a6649,12b1dafe765a77d1a17115b0ae12cff973f20ed7d6d770fbd790695fe081288e,0e4833553be7825885da5ea99bceab292cc8abee6414d58b31864afe8ca9f944,c89b17de3d4d36a4e106517b0737619bd65f0e2877d95adbf2f297762f71fb7b,6e938dfcd266a2b0eac811d7ea7eabbd5b217965f88efa81371465134dbcab11,2026-07-15T19:06:01.466531+00:00,8o8-arch,7.0.12-arch1-1,AMD Ryzen 9 3900X 12-Core Processor,"logical=24,cores=12,sockets=1,nodes=1",performance,rustc 1.97.0 (2d8144b78 2026-07-07),22.1.6,cargo 1.97.0 (c980f4866 2026-06-30),"release,lto=thin,debug=true",/home/bob/.cache/mess-bench,/dev/nvme0n1p3,ext4,/home,Samsung SSD 970 EVO Plus 2TB,[none] mq-deadline kyber bfq,249460183040,4096,1024,payload[i]=(i*131+17)&0xff,2.05615234375,accepted,,1880,bytes,479400,67116000,7520,0,0,64,0,0,30995258,31226368,16300,17390,25100,24,24,2.060,2.060
b00358,boundary,iov_256_-1,pwritev_64_1m,baseline,2,BAAB,k_pwrite,process,35700,255,4,54215100a825da9eb7cfbd8f045e54ef05fb29bd,false,1b36f48efea63210dfeeee7270dea968ab5ba58da27f90aa42845eb8a64a6649,12b1dafe765a77d1a17115b0ae12cff973f20ed7d6d770fbd790695fe081288e,0e4833553be7825885da5ea99bceab292cc8abee6414d58b31864afe8ca9f944,c89b17de3d4d36a4e106517b0737619bd65f0e2877d95adbf2f297762f71fb7b,6e938dfcd266a2b0eac811d7ea7eabbd5b217965f88efa81371465134dbcab11,2026-07-15T19:06:02.493530+00:00,8o8-arch,7.0.12-arch1-1,AMD Ryzen 9 3900X 12-Core Processor,"logical=24,cores=12,sockets=1,nodes=1",performance,rustc 1.97.0 (2d8144b78 2026-07-07),22.1.6,cargo 1.97.0 (c980f4866 2026-06-30),"release,lto=thin,debug=true",/home/bob/.cache/mess-bench,/dev/nvme0n1p3,ext4,/home,Samsung SSD 970 EVO Plus 2TB,[none] mq-deadline kyber bfq,249460183040,4096,1024,payload[i]=(i*131+17)&0xff,2.05615234375,accepted,,1880,bytes,479400,67116000,479400,0,0,0,0,0,350730237,353473279,186020,199900,232970,24,24,2.060,2.060
b00359,boundary,iov_256_-1,pwritev_64_1m,baseline,3,BAAB,k_pwrite,process,35700,255,4,54215100a825da9eb7cfbd8f045e54ef05fb29bd,false,1b36f48efea63210dfeeee7270dea968ab5ba58da27f90aa42845eb8a64a6649,12b1dafe765a77d1a17115b0ae12cff973f20ed7d6d770fbd790695fe081288e,0e4833553be7825885da5ea99bceab292cc8abee6414d58b31864afe8ca9f944,c89b17de3d4d36a4e106517b0737619bd65f0e2877d95adbf2f297762f71fb7b,6e938dfcd266a2b0eac811d7ea7eabbd5b217965f88efa81371465134dbcab11,2026-07-15T19:06:03.521210+00:00,8o8-arch,7.0.12-arch1-1,AMD Ryzen 9 3900X 12-Core Processor,"logical=24,cores=12,sockets=1,nodes=1",performance,rustc 1.97.0 (2d8144b78 2026-07-07),22.1.6,cargo 1.97.0 (c980f4866 2026-06-30),"release,lto=thin,debug=true",/home/bob/.cache/mess-bench,/dev/nvme0n1p3,ext4,/home,Samsung SSD 970 EVO Plus 2TB,[none] mq-deadline kyber bfq,249460174848,4096,1024,payload[i]=(i*131+17)&0xff,2.05615234375,accepted,,1880,bytes,479400,67116000,479400,0,0,0,0,0,350905117,354383048,185600,204090,234030,24,24,2.060,2.060
b00360,boundary,iov_256_-1,pwritev_64_1m,candidate,4,BAAB,pwritev_64_1m,process,35700,255,4,54215100a825da9eb7cfbd8f045e54ef05fb29bd,false,1b36f48efea63210dfeeee7270dea968ab5ba58da27f90aa42845eb8a64a6649,12b1dafe765a77d1a17115b0ae12cff973f20ed7d6d770fbd790695fe081288e,0e4833553be7825885da5ea99bceab292cc8abee6414d58b31864afe8ca9f944,c89b17de3d4d36a4e106517b0737619bd65f0e2877d95adbf2f297762f71fb7b,6e938dfcd266a2b0eac811d7ea7eabbd5b217965f88efa81371465134dbcab11,2026-07-15T19:06:04.551559+00:00,8o8-arch,7.0.12-arch1-1,AMD Ryzen 9 3900X 12-Core Processor,"logical=24,cores=12,sockets=1,nodes=1",performance,rustc 1.97.0 (2d8144b78 2026-07-07),22.1.6,cargo 1.97.0 (c980f4866 2026-06-30),"release,lto=thin,debug=true",/home/bob/.cache/mess-bench,/dev/nvme0n1p3,ext4,/home,Samsung SSD 970 EVO Plus 2TB,[none] mq-deadline kyber bfq,249460174848,4096,1024,payload[i]=(i*131+17)&0xff,2.05615234375,accepted,,1880,bytes,479400,67116000,7520,0,0,64,0,0,31524218,31757028,16350,20840,25080,24,24,2.060,2.060
b00361,boundary,iov_256_-1,copy_contiguous,baseline,1,ABBA,k_pwrite,process,35700,255,4,54215100a825da9eb7cfbd8f045e54ef05fb29bd,false,1b36f48efea63210dfeeee7270dea968ab5ba58da27f90aa42845eb8a64a6649,12b1dafe765a77d1a17115b0ae12cff973f20ed7d6d770fbd790695fe081288e,0e4833553be7825885da5ea99bceab292cc8abee6414d58b31864afe8ca9f944,c89b17de3d4d36a4e106517b0737619bd65f0e2877d95adbf2f297762f71fb7b,6e938dfcd266a2b0eac811d7ea7eabbd5b217965f88efa81371465134dbcab11,2026-07-15T19:06:05.579044+00:00,8o8-arch,7.0.12-arch1-1,AMD Ryzen 9 3900X 12-Core Processor,"logical=24,cores=12,sockets=1,nodes=1",performance,rustc 1.97.0 (2d8144b78 2026-07-07),22.1.6,cargo 1.97.0 (c980f4866 2026-06-30),"release,lto=thin,debug=true",/home/bob/.cache/mess-bench,/dev/nvme0n1p3,ext4,/home,Samsung SSD 970 EVO Plus 2TB,[none] mq-deadline kyber bfq,249460170752,4096,1024,payload[i]=(i*131+17)&0xff,2.05615234375,accepted,,1880,bytes,479400,67116000,479400,0,0,0,0,0,352110118,354895448,186229,206810,237009,24,24,2.060,2.060
b00362,boundary,iov_256_-1,copy_contiguous,candidate,2,ABBA,copy_contiguous,process,35700,255,4,54215100a825da9eb7cfbd8f045e54ef05fb29bd,false,1b36f48efea63210dfeeee7270dea968ab5ba58da27f90aa42845eb8a64a6649,12b1dafe765a77d1a17115b0ae12cff973f20ed7d6d770fbd790695fe081288e,0e4833553be7825885da5ea99bceab292cc8abee6414d58b31864afe8ca9f944,c89b17de3d4d36a4e106517b0737619bd65f0e2877d95adbf2f297762f71fb7b,6e938dfcd266a2b0eac811d7ea7eabbd5b217965f88efa81371465134dbcab11,2026-07-15T19:06:06.600791+00:00,8o8-arch,7.0.12-arch1-1,AMD Ryzen 9 3900X 12-Core Processor,"logical=24,cores=12,sockets=1,nodes=1",performance,rustc 1.97.0 (2d8144b78 2026-07-07),22.1.6,cargo 1.97.0 (c980f4866 2026-06-30),"release,lto=thin,debug=true",/home/bob/.cache/mess-bench,/dev/nvme0n1p3,ext4,/home,Samsung SSD 970 EVO Plus 2TB,[none] mq-deadline kyber bfq,249460170752,4096,1024,payload[i]=(i*131+17)&0xff,2.1318359375,accepted,,1880,bytes,479400,67116000,1880,0,0,0,67116000,0,8656092,8718604,4500,4570,6040,24,24,2.130,2.130
b00363,boundary,iov_256_-1,copy_contiguous,candidate,3,ABBA,copy_contiguous,process,35700,255,4,54215100a825da9eb7cfbd8f045e54ef05fb29bd,false,1b36f48efea63210dfeeee7270dea968ab5ba58da27f90aa42845eb8a64a6649,12b1dafe765a77d1a17115b0ae12cff973f20ed7d6d770fbd790695fe081288e,0e4833553be7825885da5ea99bceab292cc8abee6414d58b31864afe8ca9f944,c89b17de3d4d36a4e106517b0737619bd65f0e2877d95adbf2f297762f71fb7b,6e938dfcd266a2b0eac811d7ea7eabbd5b217965f88efa81371465134dbcab11,2026-07-15T19:06:07.628007+00:00,8o8-arch,7.0.12-arch1-1,AMD Ryzen 9 3900X 12-Core Processor,"logical=24,cores=12,sockets=1,nodes=1",performance,rustc 1.97.0 (2d8144b78 2026-07-07),22.1.6,cargo 1.97.0 (c980f4866 2026-06-30),"release,lto=thin,debug=true",/home/bob/.cache/mess-bench,/dev/nvme0n1p3,ext4,/home,Samsung SSD 970 EVO Plus 2TB,[none] mq-deadline kyber bfq,249460166656,4096,1024,payload[i]=(i*131+17)&0xff,2.1318359375,accepted,,1880,bytes,479400,67116000,1880,0,0,0,67116000,0,8883103,8946944,4510,6000,6520,24,24,2.130,2.130
b00364,boundary,iov_256_-1,copy_contiguous,baseline,4,ABBA,k_pwrite,process,35700,255,4,54215100a825da9eb7cfbd8f045e54ef05fb29bd,false,1b36f48efea63210dfeeee7270dea968ab5ba58da27f90aa42845eb8a64a6649,12b1dafe765a77d1a17115b0ae12cff973f20ed7d6d770fbd790695fe081288e,0e4833553be7825885da5ea99bceab292cc8abee6414d58b31864afe8ca9f944,c89b17de3d4d36a4e106517b0737619bd65f0e2877d95adbf2f297762f71fb7b,6e938dfcd266a2b0eac811d7ea7eabbd5b217965f88efa81371465134dbcab11,2026-07-15T19:06:08.655443+00:00,8o8-arch,7.0.12-arch1-1,AMD Ryzen 9 3900X 12-Core Processor,"logical=24,cores=12,sockets=1,nodes=1",performance,rustc 1.97.0 (2d8144b78 2026-07-07),22.1.6,cargo 1.97.0 (c980f4866 2026-06-30),"release,lto=thin,debug=true",/home/bob/.cache/mess-bench,/dev/nvme0n1p3,ext4,/home,Samsung SSD 970 EVO Plus 2TB,[none] mq-deadline kyber bfq,249460166656,4096,1024,payload[i]=(i*131+17)&0xff,2.1318359375,accepted,,1880,bytes,479400,67116000,479400,0,0,0,0,0,351681997,354283977,186410,199660,232240,24,24,2.130,2.130
b00365,boundary,iov_256_+0,pwritev_full_1m,candidate,1,BAAB,pwritev_full_1m,process,35840,256,4,54215100a825da9eb7cfbd8f045e54ef05fb29bd,false,1b36f48efea63210dfeeee7270dea968ab5ba58da27f90aa42845eb8a64a6649,12b1dafe765a77d1a17115b0ae12cff973f20ed7d6d770fbd790695fe081288e,0e4833553be7825885da5ea99bceab292cc8abee6414d58b31864afe8ca9f944,c89b17de3d4d36a4e106517b0737619bd65f0e2877d95adbf2f297762f71fb7b,6e938dfcd266a2b0eac811d7ea7eabbd5b217965f88efa81371465134dbcab11,2026-07-15T19:06:09.686369+00:00,8o8-arch,7.0.12-arch1-1,AMD Ryzen 9 3900X 12-Core Processor,"logical=24,cores=12,sockets=1,nodes=1",performance,rustc 1.97.0 (2d8144b78 2026-07-07),22.1.6,cargo 1.97.0 (c980f4866 2026-06-30),"release,lto=thin,debug=true",/home/bob/.cache/mess-bench,/dev/nvme0n1p3,ext4,/home,Samsung SSD 970 EVO Plus 2TB,[none] mq-deadline kyber bfq,249460166656,4096,1024,payload[i]=(i*131+17)&0xff,2.1318359375,accepted,,1873,bytes,479488,67128320,1873,0,0,256,0,0,23438366,23563153,12360,13300,17880,24,24,2.130,2.130
b00366,boundary,iov_256_+0,pwritev_full_1m,baseline,2,BAAB,k_pwrite,process,35840,256,4,54215100a825da9eb7cfbd8f045e54ef05fb29bd,false,1b36f48efea63210dfeeee7270dea968ab5ba58da27f90aa42845eb8a64a6649,12b1dafe765a77d1a17115b0ae12cff973f20ed7d6d770fbd790695fe081288e,0e4833553be7825885da5ea99bceab292cc8abee6414d58b31864afe8ca9f944,c89b17de3d4d36a4e106517b0737619bd65f0e2877d95adbf2f297762f71fb7b,6e938dfcd266a2b0eac811d7ea7eabbd5b217965f88efa81371465134dbcab11,2026-07-15T19:06:10.717252+00:00,8o8-arch,7.0.12-arch1-1,AMD Ryzen 9 3900X 12-Core Processor,"logical=24,cores=12,sockets=1,nodes=1",performance,rustc 1.97.0 (2d8144b78 2026-07-07),22.1.6,cargo 1.97.0 (c980f4866 2026-06-30),"release,lto=thin,debug=true",/home/bob/.cache/mess-bench,/dev/nvme0n1p3,ext4,/home,Samsung SSD 970 EVO Plus 2TB,[none] mq-deadline kyber bfq,249460162560,4096,1024,payload[i]=(i*131+17)&0xff,2.1318359375,accepted,,1873,bytes,479488,67128320,479488,0,0,0,0,0,351288429,354050068,186880,201180,226250,24,24,2.130,2.130
b00367,boundary,iov_256_+0,pwritev_full_1m,baseline,3,BAAB,k_pwrite,process,35840,256,4,54215100a825da9eb7cfbd8f045e54ef05fb29bd,false,1b36f48efea63210dfeeee7270dea968ab5ba58da27f90aa42845eb8a64a6649,12b1dafe765a77d1a17115b0ae12cff973f20ed7d6d770fbd790695fe081288e,0e4833553be7825885da5ea99bceab292cc8abee6414d58b31864afe8ca9f944,c89b17de3d4d36a4e106517b0737619bd65f0e2877d95adbf2f297762f71fb7b,6e938dfcd266a2b0eac811d7ea7eabbd5b217965f88efa81371465134dbcab11,2026-07-15T19:06:11.745100+00:00,8o8-arch,7.0.12-arch1-1,AMD Ryzen 9 3900X 12-Core Processor,"logical=24,cores=12,sockets=1,nodes=1",performance,rustc 1.97.0 (2d8144b78 2026-07-07),22.1.6,cargo 1.97.0 (c980f4866 2026-06-30),"release,lto=thin,debug=true",/home/bob/.cache/mess-bench,/dev/nvme0n1p3,ext4,/home,Samsung SSD 970 EVO Plus 2TB,[none] mq-deadline kyber bfq,249460158464,4096,1024,payload[i]=(i*131+17)&0xff,2.041015625,accepted,,1873,bytes,479488,67128320,479488,0,0,0,0,0,353754869,356553137,187520,205839,231980,24,24,2.040,2.040
b00368,boundary,iov_256_+0,pwritev_full_1m,candidate,4,BAAB,pwritev_full_1m,process,35840,256,4,54215100a825da9eb7cfbd8f045e54ef05fb29bd,false,1b36f48efea63210dfeeee7270dea968ab5ba58da27f90aa42845eb8a64a6649,12b1dafe765a77d1a17115b0ae12cff973f20ed7d6d770fbd790695fe081288e,0e4833553be7825885da5ea99bceab292cc8abee6414d58b31864afe8ca9f944,c89b17de3d4d36a4e106517b0737619bd65f0e2877d95adbf2f297762f71fb7b,6e938dfcd266a2b0eac811d7ea7eabbd5b217965f88efa81371465134dbcab11,2026-07-15T19:06:12.772546+00:00,8o8-arch,7.0.12-arch1-1,AMD Ryzen 9 3900X 12-Core Processor,"logical=24,cores=12,sockets=1,nodes=1",performance,rustc 1.97.0 (2d8144b78 2026-07-07),22.1.6,cargo 1.97.0 (c980f4866 2026-06-30),"release,lto=thin,debug=true",/home/bob/.cache/mess-bench,/dev/nvme0n1p3,ext4,/home,Samsung SSD 970 EVO Plus 2TB,[none] mq-deadline kyber bfq,249460158464,4096,1024,payload[i]=(i*131+17)&0xff,2.041015625,accepted,,1873,bytes,479488,67128320,1873,0,0,256,0,0,23477766,23740424,12360,13570,18800,24,24,2.040,2.040
b00369,boundary,iov_256_+0,pwritev_64_1m,baseline,1,ABBA,k_pwrite,process,35840,256,4,54215100a825da9eb7cfbd8f045e54ef05fb29bd,false,1b36f48efea63210dfeeee7270dea968ab5ba58da27f90aa42845eb8a64a6649,12b1dafe765a77d1a17115b0ae12cff973f20ed7d6d770fbd790695fe081288e,0e4833553be7825885da5ea99bceab292cc8abee6414d58b31864afe8ca9f944,c89b17de3d4d36a4e106517b0737619bd65f0e2877d95adbf2f297762f71fb7b,6e938dfcd266a2b0eac811d7ea7eabbd5b217965f88efa81371465134dbcab11,2026-07-15T19:06:13.800091+00:00,8o8-arch,7.0.12-arch1-1,AMD Ryzen 9 3900X 12-Core Processor,"logical=24,cores=12,sockets=1,nodes=1",performance,rustc 1.97.0 (2d8144b78 2026-07-07),22.1.6,cargo 1.97.0 (c980f4866 2026-06-30),"release,lto=thin,debug=true",/home/bob/.cache/mess-bench,/dev/nvme0n1p3,ext4,/home,Samsung SSD 970 EVO Plus 2TB,[none] mq-deadline kyber bfq,249460158464,4096,1024,payload[i]=(i*131+17)&0xff,2.041015625,accepted,,1873,bytes,479488,67128320,479488,0,0,0,0,0,350424348,353020699,187720,197550,204250,24,24,2.040,2.040
b00370,boundary,iov_256_+0,pwritev_64_1m,candidate,2,ABBA,pwritev_64_1m,process,35840,256,4,54215100a825da9eb7cfbd8f045e54ef05fb29bd,false,1b36f48efea63210dfeeee7270dea968ab5ba58da27f90aa42845eb8a64a6649,12b1dafe765a77d1a17115b0ae12cff973f20ed7d6d770fbd790695fe081288e,0e4833553be7825885da5ea99bceab292cc8abee6414d58b31864afe8ca9f944,c89b17de3d4d36a4e106517b0737619bd65f0e2877d95adbf2f297762f71fb7b,6e938dfcd266a2b0eac811d7ea7eabbd5b217965f88efa81371465134dbcab11,2026-07-15T19:06:14.827556+00:00,8o8-arch,7.0.12-arch1-1,AMD Ryzen 9 3900X 12-Core Processor,"logical=24,cores=12,sockets=1,nodes=1",performance,rustc 1.97.0 (2d8144b78 2026-07-07),22.1.6,cargo 1.97.0 (c980f4866 2026-06-30),"release,lto=thin,debug=true",/home/bob/.cache/mess-bench,/dev/nvme0n1p3,ext4,/home,Samsung SSD 970 EVO Plus 2TB,[none] mq-deadline kyber bfq,249460158464,4096,1024,payload[i]=(i*131+17)&0xff,2.041015625,accepted,,1873,bytes,479488,67128320,7492,0,0,64,0,0,31089986,31384057,16330,18050,24530,24,24,2.040,2.040
b00371,boundary,iov_256_+0,pwritev_64_1m,candidate,3,ABBA,pwritev_64_1m,process,35840,256,4,54215100a825da9eb7cfbd8f045e54ef05fb29bd,false,1b36f48efea63210dfeeee7270dea968ab5ba58da27f90aa42845eb8a64a6649,12b1dafe765a77d1a17115b0ae12cff973f20ed7d6d770fbd790695fe081288e,0e4833553be7825885da5ea99bceab292cc8abee6414d58b31864afe8ca9f944,c89b17de3d4d36a4e106517b0737619bd65f0e2877d95adbf2f297762f71fb7b,6e938dfcd266a2b0eac811d7ea7eabbd5b217965f88efa81371465134dbcab11,2026-07-15T19:06:15.856698+00:00,8o8-arch,7.0.12-arch1-1,AMD Ryzen 9 3900X 12-Core Processor,"logical=24,cores=12,sockets=1,nodes=1",performance,rustc 1.97.0 (2d8144b78 2026-07-07),22.1.6,cargo 1.97.0 (c980f4866 2026-06-30),"release,lto=thin,debug=true",/home/bob/.cache/mess-bench,/dev/nvme0n1p3,ext4,/home,Samsung SSD 970 EVO Plus 2TB,[none] mq-deadline kyber bfq,249460154368,4096,1024,payload[i]=(i*131+17)&0xff,2.041015625,accepted,,1873,bytes,479488,67128320,7492,0,0,64,0,0,31316898,31611007,16290,20560,26470,24,24,2.040,2.040
b00372,boundary,iov_256_+0,pwritev_64_1m,baseline,4,ABBA,k_pwrite,process,35840,256,4,54215100a825da9eb7cfbd8f045e54ef05fb29bd,false,1b36f48efea63210dfeeee7270dea968ab5ba58da27f90aa42845eb8a64a6649,12b1dafe765a77d1a17115b0ae12cff973f20ed7d6d770fbd790695fe081288e,0e4833553be7825885da5ea99bceab292cc8abee6414d58b31864afe8ca9f944,c89b17de3d4d36a4e106517b0737619bd65f0e2877d95adbf2f297762f71fb7b,6e938dfcd266a2b0eac811d7ea7eabbd5b217965f88efa81371465134dbcab11,2026-07-15T19:06:16.884349+00:00,8o8-arch,7.0.12-arch1-1,AMD Ryzen 9 3900X 12-Core Processor,"logical=24,cores=12,sockets=1,nodes=1",performance,rustc 1.97.0 (2d8144b78 2026-07-07),22.1.6,cargo 1.97.0 (c980f4866 2026-06-30),"release,lto=thin,debug=true",/home/bob/.cache/mess-bench,/dev/nvme0n1p3,ext4,/home,Samsung SSD 970 EVO Plus 2TB,[none] mq-deadline kyber bfq,249460158464,4096,1024,payload[i]=(i*131+17)&0xff,1.87744140625,accepted,,1873,bytes,479488,67128320,479488,0,0,0,0,0,356148370,358895514,187650,223240,236630,24,24,1.880,1.880
b00373,boundary,iov_256_+0,copy_contiguous,candidate,1,BAAB,copy_contiguous,process,35840,256,4,54215100a825da9eb7cfbd8f045e54ef05fb29bd,false,1b36f48efea63210dfeeee7270dea968ab5ba58da27f90aa42845eb8a64a6649,12b1dafe765a77d1a17115b0ae12cff973f20ed7d6d770fbd790695fe081288e,0e4833553be7825885da5ea99bceab292cc8abee6414d58b31864afe8ca9f944,c89b17de3d4d36a4e106517b0737619bd65f0e2877d95adbf2f297762f71fb7b,6e938dfcd266a2b0eac811d7ea7eabbd5b217965f88efa81371465134dbcab11,2026-07-15T19:06:17.912653+00:00,8o8-arch,7.0.12-arch1-1,AMD Ryzen 9 3900X 12-Core Processor,"logical=24,cores=12,sockets=1,nodes=1",performance,rustc 1.97.0 (2d8144b78 2026-07-07),22.1.6,cargo 1.97.0 (c980f4866 2026-06-30),"release,lto=thin,debug=true",/home/bob/.cache/mess-bench,/dev/nvme0n1p3,ext4,/home,Samsung SSD 970 EVO Plus 2TB,[none] mq-deadline kyber bfq,249460146176,4096,1024,payload[i]=(i*131+17)&0xff,1.87744140625,accepted,,1873,bytes,479488,67128320,1873,0,0,0,67128320,0,8723392,8872973,4480,5460,6500,24,24,1.880,1.880
b00374,boundary,iov_256_+0,copy_contiguous,baseline,2,BAAB,k_pwrite,process,35840,256,4,54215100a825da9eb7cfbd8f045e54ef05fb29bd,false,1b36f48efea63210dfeeee7270dea968ab5ba58da27f90aa42845eb8a64a6649,12b1dafe765a77d1a17115b0ae12cff973f20ed7d6d770fbd790695fe081288e,0e4833553be7825885da5ea99bceab292cc8abee6414d58b31864afe8ca9f944,c89b17de3d4d36a4e106517b0737619bd65f0e2877d95adbf2f297762f71fb7b,6e938dfcd266a2b0eac811d7ea7eabbd5b217965f88efa81371465134dbcab11,2026-07-15T19:06:18.940582+00:00,8o8-arch,7.0.12-arch1-1,AMD Ryzen 9 3900X 12-Core Processor,"logical=24,cores=12,sockets=1,nodes=1",performance,rustc 1.97.0 (2d8144b78 2026-07-07),22.1.6,cargo 1.97.0 (c980f4866 2026-06-30),"release,lto=thin,debug=true",/home/bob/.cache/mess-bench,/dev/nvme0n1p3,ext4,/home,Samsung SSD 970 EVO Plus 2TB,[none] mq-deadline kyber bfq,249460146176,4096,1024,payload[i]=(i*131+17)&0xff,1.87744140625,accepted,,1873,bytes,479488,67128320,479488,0,0,0,0,0,351157626,353980368,187050,202210,234189,24,24,1.880,1.880
b00375,boundary,iov_256_+0,copy_contiguous,baseline,3,BAAB,k_pwrite,process,35840,256,4,54215100a825da9eb7cfbd8f045e54ef05fb29bd,false,1b36f48efea63210dfeeee7270dea968ab5ba58da27f90aa42845eb8a64a6649,12b1dafe765a77d1a17115b0ae12cff973f20ed7d6d770fbd790695fe081288e,0e4833553be7825885da5ea99bceab292cc8abee6414d58b31864afe8ca9f944,c89b17de3d4d36a4e106517b0737619bd65f0e2877d95adbf2f297762f71fb7b,6e938dfcd266a2b0eac811d7ea7eabbd5b217965f88efa81371465134dbcab11,2026-07-15T19:06:19.968798+00:00,8o8-arch,7.0.12-arch1-1,AMD Ryzen 9 3900X 12-Core Processor,"logical=24,cores=12,sockets=1,nodes=1",performance,rustc 1.97.0 (2d8144b78 2026-07-07),22.1.6,cargo 1.97.0 (c980f4866 2026-06-30),"release,lto=thin,debug=true",/home/bob/.cache/mess-bench,/dev/nvme0n1p3,ext4,/home,Samsung SSD 970 EVO Plus 2TB,[none] mq-deadline kyber bfq,249460142080,4096,1024,payload[i]=(i*131+17)&0xff,1.87744140625,accepted,,1873,bytes,479488,67128320,479488,0,0,0,0,0,352282918,355224137,186920,204960,232640,24,24,1.880,1.880
b00376,boundary,iov_256_+0,copy_contiguous,candidate,4,BAAB,copy_contiguous,process,35840,256,4,54215100a825da9eb7cfbd8f045e54ef05fb29bd,false,1b36f48efea63210dfeeee7270dea968ab5ba58da27f90aa42845eb8a64a6649,12b1dafe765a77d1a17115b0ae12cff973f20ed7d6d770fbd790695fe081288e,0e4833553be7825885da5ea99bceab292cc8abee6414d58b31864afe8ca9f944,c89b17de3d4d36a4e106517b0737619bd65f0e2877d95adbf2f297762f71fb7b,6e938dfcd266a2b0eac811d7ea7eabbd5b217965f88efa81371465134dbcab11,2026-07-15T19:06:20.996296+00:00,8o8-arch,7.0.12-arch1-1,AMD Ryzen 9 3900X 12-Core Processor,"logical=24,cores=12,sockets=1,nodes=1",performance,rustc 1.97.0 (2d8144b78 2026-07-07),22.1.6,cargo 1.97.0 (c980f4866 2026-06-30),"release,lto=thin,debug=true",/home/bob/.cache/mess-bench,/dev/nvme0n1p3,ext4,/home,Samsung SSD 970 EVO Plus 2TB,[none] mq-deadline kyber bfq,249460133888,4096,1024,payload[i]=(i*131+17)&0xff,1.87744140625,accepted,,1873,bytes,479488,67128320,1873,0,0,0,67128320,0,8574282,8631334,4460,4510,6070,24,24,1.880,1.880
b00377,boundary,iov_256_+1,pwritev_full_1m,baseline,1,ABBA,k_pwrite,process,35980,257,4,54215100a825da9eb7cfbd8f045e54ef05fb29bd,false,1b36f48efea63210dfeeee7270dea968ab5ba58da27f90aa42845eb8a64a6649,12b1dafe765a77d1a17115b0ae12cff973f20ed7d6d770fbd790695fe081288e,0e4833553be7825885da5ea99bceab292cc8abee6414d58b31864afe8ca9f944,c89b17de3d4d36a4e106517b0737619bd65f0e2877d95adbf2f297762f71fb7b,6e938dfcd266a2b0eac811d7ea7eabbd5b217965f88efa81371465134dbcab11,2026-07-15T19:06:22.023981+00:00,8o8-arch,7.0.12-arch1-1,AMD Ryzen 9 3900X 12-Core Processor,"logical=24,cores=12,sockets=1,nodes=1",performance,rustc 1.97.0 (2d8144b78 2026-07-07),22.1.6,cargo 1.97.0 (c980f4866 2026-06-30),"release,lto=thin,debug=true",/home/bob/.cache/mess-bench,/dev/nvme0n1p3,ext4,/home,Samsung SSD 970 EVO Plus 2TB,[none] mq-deadline kyber bfq,249460133888,4096,1024,payload[i]=(i*131+17)&0xff,1.9677734375,accepted,,1866,bytes,479562,67138680,479562,0,0,0,0,0,354183148,357229986,188389,210510,234429,24,24,1.970,1.970
b00378,boundary,iov_256_+1,pwritev_full_1m,candidate,2,ABBA,pwritev_full_1m,process,35980,257,4,54215100a825da9eb7cfbd8f045e54ef05fb29bd,false,1b36f48efea63210dfeeee7270dea968ab5ba58da27f90aa42845eb8a64a6649,12b1dafe765a77d1a17115b0ae12cff973f20ed7d6d770fbd790695fe081288e,0e4833553be7825885da5ea99bceab292cc8abee6414d58b31864afe8ca9f944,c89b17de3d4d36a4e106517b0737619bd65f0e2877d95adbf2f297762f71fb7b,6e938dfcd266a2b0eac811d7ea7eabbd5b217965f88efa81371465134dbcab11,2026-07-15T19:06:23.051738+00:00,8o8-arch,7.0.12-arch1-1,AMD Ryzen 9 3900X 12-Core Processor,"logical=24,cores=12,sockets=1,nodes=1",performance,rustc 1.97.0 (2d8144b78 2026-07-07),22.1.6,cargo 1.97.0 (c980f4866 2026-06-30),"release,lto=thin,debug=true",/home/bob/.cache/mess-bench,/dev/nvme0n1p3,ext4,/home,Samsung SSD 970 EVO Plus 2TB,[none] mq-deadline kyber bfq,249460133888,4096,1024,payload[i]=(i*131+17)&0xff,1.9677734375,accepted,,1866,bytes,479562,67138680,1866,0,0,257,0,0,24201776,24397293,12550,16050,19280,24,24,1.970,1.970
b00379,boundary,iov_256_+1,pwritev_full_1m,candidate,3,ABBA,pwritev_full_1m,process,35980,257,4,54215100a825da9eb7cfbd8f045e54ef05fb29bd,false,1b36f48efea63210dfeeee7270dea968ab5ba58da27f90aa42845eb8a64a6649,12b1dafe765a77d1a17115b0ae12cff973f20ed7d6d770fbd790695fe081288e,0e4833553be7825885da5ea99bceab292cc8abee6414d58b31864afe8ca9f944,c89b17de3d4d36a4e106517b0737619bd65f0e2877d95adbf2f297762f71fb7b,6e938dfcd266a2b0eac811d7ea7eabbd5b217965f88efa81371465134dbcab11,2026-07-15T19:06:24.078755+00:00,8o8-arch,7.0.12-arch1-1,AMD Ryzen 9 3900X 12-Core Processor,"logical=24,cores=12,sockets=1,nodes=1",performance,rustc 1.97.0 (2d8144b78 2026-07-07),22.1.6,cargo 1.97.0 (c980f4866 2026-06-30),"release,lto=thin,debug=true",/home/bob/.cache/mess-bench,/dev/nvme0n1p3,ext4,/home,Samsung SSD 970 EVO Plus 2TB,[none] mq-deadline kyber bfq,249460125696,4096,1024,payload[i]=(i*131+17)&0xff,1.9677734375,accepted,,1866,bytes,479562,67138680,1866,0,0,257,0,0,23806115,23938213,12570,13180,17800,24,24,1.970,1.970
b00380,boundary,iov_256_+1,pwritev_full_1m,baseline,4,ABBA,k_pwrite,process,35980,257,4,54215100a825da9eb7cfbd8f045e54ef05fb29bd,false,1b36f48efea63210dfeeee7270dea968ab5ba58da27f90aa42845eb8a64a6649,12b1dafe765a77d1a17115b0ae12cff973f20ed7d6d770fbd790695fe081288e,0e4833553be7825885da5ea99bceab292cc8abee6414d58b31864afe8ca9f944,c89b17de3d4d36a4e106517b0737619bd65f0e2877d95adbf2f297762f71fb7b,6e938dfcd266a2b0eac811d7ea7eabbd5b217965f88efa81371465134dbcab11,2026-07-15T19:06:25.106110+00:00,8o8-arch,7.0.12-arch1-1,AMD Ryzen 9 3900X 12-Core Processor,"logical=24,cores=12,sockets=1,nodes=1",performance,rustc 1.97.0 (2d8144b78 2026-07-07),22.1.6,cargo 1.97.0 (c980f4866 2026-06-30),"release,lto=thin,debug=true",/home/bob/.cache/mess-bench,/dev/nvme0n1p3,ext4,/home,Samsung SSD 970 EVO Plus 2TB,[none] mq-deadline kyber bfq,249460125696,4096,1024,payload[i]=(i*131+17)&0xff,1.9677734375,accepted,,1866,bytes,479562,67138680,479562,0,0,0,0,0,352557308,355594527,188020,206770,236810,24,24,1.970,1.970
b00381,boundary,iov_256_+1,pwritev_256_1m,candidate,1,BAAB,pwritev_256_1m,process,35980,257,4,54215100a825da9eb7cfbd8f045e54ef05fb29bd,false,1b36f48efea63210dfeeee7270dea968ab5ba58da27f90aa42845eb8a64a6649,12b1dafe765a77d1a17115b0ae12cff973f20ed7d6d770fbd790695fe081288e,0e4833553be7825885da5ea99bceab292cc8abee6414d58b31864afe8ca9f944,c89b17de3d4d36a4e106517b0737619bd65f0e2877d95adbf2f297762f71fb7b,6e938dfcd266a2b0eac811d7ea7eabbd5b217965f88efa81371465134dbcab11,2026-07-15T19:06:26.134089+00:00,8o8-arch,7.0.12-arch1-1,AMD Ryzen 9 3900X 12-Core Processor,"logical=24,cores=12,sockets=1,nodes=1",performance,rustc 1.97.0 (2d8144b78 2026-07-07),22.1.6,cargo 1.97.0 (c980f4866 2026-06-30),"release,lto=thin,debug=true",/home/bob/.cache/mess-bench,/dev/nvme0n1p3,ext4,/home,Samsung SSD 970 EVO Plus 2TB,[none] mq-deadline kyber bfq,249460121600,4096,1024,payload[i]=(i*131+17)&0xff,1.89013671875,accepted,,1866,bytes,479562,67138680,3732,0,0,256,0,0,25011047,25195962,13200,14210,20800,24,24,1.890,1.890
b00382,boundary,iov_256_+1,pwritev_256_1m,baseline,2,BAAB,k_pwrite,process,35980,257,4,54215100a825da9eb7cfbd8f045e54ef05fb29bd,false,1b36f48efea63210dfeeee7270dea968ab5ba58da27f90aa42845eb8a64a6649,12b1dafe765a77d1a17115b0ae12cff973f20ed7d6d770fbd790695fe081288e,0e4833553be7825885da5ea99bceab292cc8abee6414d58b31864afe8ca9f944,c89b17de3d4d36a4e106517b0737619bd65f0e2877d95adbf2f297762f71fb7b,6e938dfcd266a2b0eac811d7ea7eabbd5b217965f88efa81371465134dbcab11,2026-07-15T19:06:27.154679+00:00,8o8-arch,7.0.12-arch1-1,AMD Ryzen 9 3900X 12-Core Processor,"logical=24,cores=12,sockets=1,nodes=1",performance,rustc 1.97.0 (2d8144b78 2026-07-07),22.1.6,cargo 1.97.0 (c980f4866 2026-06-30),"release,lto=thin,debug=true",/home/bob/.cache/mess-bench,/dev/nvme0n1p3,ext4,/home,Samsung SSD 970 EVO Plus 2TB,[none] mq-deadline kyber bfq,249460121600,4096,1024,payload[i]=(i*131+17)&0xff,1.89013671875,accepted,,1866,bytes,479562,67138680,479562,0,0,0,0,0,350127647,353125059,186280,206559,224970,24,24,1.890,1.890
b00383,boundary,iov_256_+1,pwritev_256_1m,baseline,3,BAAB,k_pwrite,process,35980,257,4,54215100a825da9eb7cfbd8f045e54ef05fb29bd,false,1b36f48efea63210dfeeee7270dea968ab5ba58da27f90aa42845eb8a64a6649,12b1dafe765a77d1a17115b0ae12cff973f20ed7d6d770fbd790695fe081288e,0e4833553be7825885da5ea99bceab292cc8abee6414d58b31864afe8ca9f944,c89b17de3d4d36a4e106517b0737619bd65f0e2877d95adbf2f297762f71fb7b,6e938dfcd266a2b0eac811d7ea7eabbd5b217965f88efa81371465134dbcab11,2026-07-15T19:06:28.176322+00:00,8o8-arch,7.0.12-arch1-1,AMD Ryzen 9 3900X 12-Core Processor,"logical=24,cores=12,sockets=1,nodes=1",performance,rustc 1.97.0 (2d8144b78 2026-07-07),22.1.6,cargo 1.97.0 (c980f4866 2026-06-30),"release,lto=thin,debug=true",/home/bob/.cache/mess-bench,/dev/nvme0n1p3,ext4,/home,Samsung SSD 970 EVO Plus 2TB,[none] mq-deadline kyber bfq,249460117504,4096,1024,payload[i]=(i*131+17)&0xff,1.89013671875,accepted,,1866,bytes,479562,67138680,479562,0,0,0,0,0,358647129,362243372,188780,225670,246450,24,24,1.890,1.890
b00384,boundary,iov_256_+1,pwritev_256_1m,candidate,4,BAAB,pwritev_256_1m,process,35980,257,4,54215100a825da9eb7cfbd8f045e54ef05fb29bd,false,1b36f48efea63210dfeeee7270dea968ab5ba58da27f90aa42845eb8a64a6649,12b1dafe765a77d1a17115b0ae12cff973f20ed7d6d770fbd790695fe081288e,0e4833553be7825885da5ea99bceab292cc8abee6414d58b31864afe8ca9f944,c89b17de3d4d36a4e106517b0737619bd65f0e2877d95adbf2f297762f71fb7b,6e938dfcd266a2b0eac811d7ea7eabbd5b217965f88efa81371465134dbcab11,2026-07-15T19:06:29.204343+00:00,8o8-arch,7.0.12-arch1-1,AMD Ryzen 9 3900X 12-Core Processor,"logical=24,cores=12,sockets=1,nodes=1",performance,rustc 1.97.0 (2d8144b78 2026-07-07),22.1.6,cargo 1.97.0 (c980f4866 2026-06-30),"release,lto=thin,debug=true",/home/bob/.cache/mess-bench,/dev/nvme0n1p3,ext4,/home,Samsung SSD 970 EVO Plus 2TB,[none] mq-deadline kyber bfq,249460109312,4096,1024,payload[i]=(i*131+17)&0xff,1.89013671875,accepted,,1866,bytes,479562,67138680,3732,0,0,256,0,0,25645946,25852062,13220,16760,22190,24,24,1.890,1.890
b00385,boundary,iov_256_+1,pwritev_64_1m,baseline,1,ABBA,k_pwrite,process,35980,257,4,54215100a825da9eb7cfbd8f045e54ef05fb29bd,false,1b36f48efea63210dfeeee7270dea968ab5ba58da27f90aa42845eb8a64a6649,12b1dafe765a77d1a17115b0ae12cff973f20ed7d6d770fbd790695fe081288e,0e4833553be7825885da5ea99bceab292cc8abee6414d58b31864afe8ca9f944,c89b17de3d4d36a4e106517b0737619bd65f0e2877d95adbf2f297762f71fb7b,6e938dfcd266a2b0eac811d7ea7eabbd5b217965f88efa81371465134dbcab11,2026-07-15T19:06:30.231668+00:00,8o8-arch,7.0.12-arch1-1,AMD Ryzen 9 3900X 12-Core Processor,"logical=24,cores=12,sockets=1,nodes=1",performance,rustc 1.97.0 (2d8144b78 2026-07-07),22.1.6,cargo 1.97.0 (c980f4866 2026-06-30),"release,lto=thin,debug=true",/home/bob/.cache/mess-bench,/dev/nvme0n1p3,ext4,/home,Samsung SSD 970 EVO Plus 2TB,[none] mq-deadline kyber bfq,249460109312,4096,1024,payload[i]=(i*131+17)&0xff,1.89013671875,accepted,,1866,bytes,479562,67138680,479562,0,0,0,0,0,351582439,354133998,188300,199600,216429,24,24,1.890,1.890
b00386,boundary,iov_256_+1,pwritev_64_1m,candidate,2,ABBA,pwritev_64_1m,process,35980,257,4,54215100a825da9eb7cfbd8f045e54ef05fb29bd,false,1b36f48efea63210dfeeee7270dea968ab5ba58da27f90aa42845eb8a64a6649,12b1dafe765a77d1a17115b0ae12cff973f20ed7d6d770fbd790695fe081288e,0e4833553be7825885da5ea99bceab292cc8abee6414d58b31864afe8ca9f944,c89b17de3d4d36a4e106517b0737619bd65f0e2877d95adbf2f297762f71fb7b,6e938dfcd266a2b0eac811d7ea7eabbd5b217965f88efa81371465134dbcab11,2026-07-15T19:06:31.259536+00:00,8o8-arch,7.0.12-arch1-1,AMD Ryzen 9 3900X 12-Core Processor,"logical=24,cores=12,sockets=1,nodes=1",performance,rustc 1.97.0 (2d8144b78 2026-07-07),22.1.6,cargo 1.97.0 (c980f4866 2026-06-30),"release,lto=thin,debug=true",/home/bob/.cache/mess-bench,/dev/nvme0n1p3,ext4,/home,Samsung SSD 970 EVO Plus 2TB,[none] mq-deadline kyber bfq,249460109312,4096,1024,payload[i]=(i*131+17)&0xff,1.73876953125,accepted,,1866,bytes,479562,67138680,9330,0,0,64,0,0,32398448,32627427,17110,18770,25010,24,24,1.740,1.740
b00387,boundary,iov_256_+1,pwritev_64_1m,candidate,3,ABBA,pwritev_64_1m,process,35980,257,4,54215100a825da9eb7cfbd8f045e54ef05fb29bd,false,1b36f48efea63210dfeeee7270dea968ab5ba58da27f90aa42845eb8a64a6649,12b1dafe765a77d1a17115b0ae12cff973f20ed7d6d770fbd790695fe081288e,0e4833553be7825885da5ea99bceab292cc8abee6414d58b31864afe8ca9f944,c89b17de3d4d36a4e106517b0737619bd65f0e2877d95adbf2f297762f71fb7b,6e938dfcd266a2b0eac811d7ea7eabbd5b217965f88efa81371465134dbcab11,2026-07-15T19:06:32.286919+00:00,8o8-arch,7.0.12-arch1-1,AMD Ryzen 9 3900X 12-Core Processor,"logical=24,cores=12,sockets=1,nodes=1",performance,rustc 1.97.0 (2d8144b78 2026-07-07),22.1.6,cargo 1.97.0 (c980f4866 2026-06-30),"release,lto=thin,debug=true",/home/bob/.cache/mess-bench,/dev/nvme0n1p3,ext4,/home,Samsung SSD 970 EVO Plus 2TB,[none] mq-deadline kyber bfq,249460105216,4096,1024,payload[i]=(i*131+17)&0xff,1.73876953125,accepted,,1866,bytes,479562,67138680,9330,0,0,64,0,0,32401069,32646636,17170,17680,24820,24,24,1.740,1.740
b00388,boundary,iov_256_+1,pwritev_64_1m,baseline,4,ABBA,k_pwrite,process,35980,257,4,54215100a825da9eb7cfbd8f045e54ef05fb29bd,false,1b36f48efea63210dfeeee7270dea968ab5ba58da27f90aa42845eb8a64a6649,12b1dafe765a77d1a17115b0ae12cff973f20ed7d6d770fbd790695fe081288e,0e4833553be7825885da5ea99bceab292cc8abee6414d58b31864afe8ca9f944,c89b17de3d4d36a4e106517b0737619bd65f0e2877d95adbf2f297762f71fb7b,6e938dfcd266a2b0eac811d7ea7eabbd5b217965f88efa81371465134dbcab11,2026-07-15T19:06:33.314061+00:00,8o8-arch,7.0.12-arch1-1,AMD Ryzen 9 3900X 12-Core Processor,"logical=24,cores=12,sockets=1,nodes=1",performance,rustc 1.97.0 (2d8144b78 2026-07-07),22.1.6,cargo 1.97.0 (c980f4866 2026-06-30),"release,lto=thin,debug=true",/home/bob/.cache/mess-bench,/dev/nvme0n1p3,ext4,/home,Samsung SSD 970 EVO Plus 2TB,[none] mq-deadline kyber bfq,249460101120,4096,1024,payload[i]=(i*131+17)&0xff,1.73876953125,accepted,,1866,bytes,479562,67138680,479562,0,0,0,0,0,350890997,353511368,187280,202940,232370,24,24,1.740,1.740
b00389,boundary,iov_256_+1,copy_contiguous,candidate,1,BAAB,copy_contiguous,process,35980,257,4,54215100a825da9eb7cfbd8f045e54ef05fb29bd,false,1b36f48efea63210dfeeee7270dea968ab5ba58da27f90aa42845eb8a64a6649,12b1dafe765a77d1a17115b0ae12cff973f20ed7d6d770fbd790695fe081288e,0e4833553be7825885da5ea99bceab292cc8abee6414d58b31864afe8ca9f944,c89b17de3d4d36a4e106517b0737619bd65f0e2877d95adbf2f297762f71fb7b,6e938dfcd266a2b0eac811d7ea7eabbd5b217965f88efa81371465134dbcab11,2026-07-15T19:06:34.341672+00:00,8o8-arch,7.0.12-arch1-1,AMD Ryzen 9 3900X 12-Core Processor,"logical=24,cores=12,sockets=1,nodes=1",performance,rustc 1.97.0 (2d8144b78 2026-07-07),22.1.6,cargo 1.97.0 (c980f4866 2026-06-30),"release,lto=thin,debug=true",/home/bob/.cache/mess-bench,/dev/nvme0n1p3,ext4,/home,Samsung SSD 970 EVO Plus 2TB,[none] mq-deadline kyber bfq,249460101120,4096,1024,payload[i]=(i*131+17)&0xff,1.73876953125,accepted,,1866,bytes,479562,67138680,1866,0,0,0,67138680,0,8515622,8578274,4440,4500,6330,24,24,1.740,1.740
b00390,boundary,iov_256_+1,copy_contiguous,baseline,2,BAAB,k_pwrite,process,35980,257,4,54215100a825da9eb7cfbd8f045e54ef05fb29bd,false,1b36f48efea63210dfeeee7270dea968ab5ba58da27f90aa42845eb8a64a6649,12b1dafe765a77d1a17115b0ae12cff973f20ed7d6d770fbd790695fe081288e,0e4833553be7825885da5ea99bceab292cc8abee6414d58b31864afe8ca9f944,c89b17de3d4d36a4e106517b0737619bd65f0e2877d95adbf2f297762f71fb7b,6e938dfcd266a2b0eac811d7ea7eabbd5b217965f88efa81371465134dbcab11,2026-07-15T19:06:35.363409+00:00,8o8-arch,7.0.12-arch1-1,AMD Ryzen 9 3900X 12-Core Processor,"logical=24,cores=12,sockets=1,nodes=1",performance,rustc 1.97.0 (2d8144b78 2026-07-07),22.1.6,cargo 1.97.0 (c980f4866 2026-06-30),"release,lto=thin,debug=true",/home/bob/.cache/mess-bench,/dev/nvme0n1p3,ext4,/home,Samsung SSD 970 EVO Plus 2TB,[none] mq-deadline kyber bfq,249460101120,4096,1024,payload[i]=(i*131+17)&0xff,1.73876953125,accepted,,1866,bytes,479562,67138680,479562,0,0,0,0,0,353824260,358636754,188090,215940,236810,24,24,1.740,1.740
b00391,boundary,iov_256_+1,copy_contiguous,baseline,3,BAAB,k_pwrite,process,35980,257,4,54215100a825da9eb7cfbd8f045e54ef05fb29bd,false,1b36f48efea63210dfeeee7270dea968ab5ba58da27f90aa42845eb8a64a6649,12b1dafe765a77d1a17115b0ae12cff973f20ed7d6d770fbd790695fe081288e,0e4833553be7825885da5ea99bceab292cc8abee6414d58b31864afe8ca9f944,c89b17de3d4d36a4e106517b0737619bd65f0e2877d95adbf2f297762f71fb7b,6e938dfcd266a2b0eac811d7ea7eabbd5b217965f88efa81371465134dbcab11,2026-07-15T19:06:36.386015+00:00,8o8-arch,7.0.12-arch1-1,AMD Ryzen 9 3900X 12-Core Processor,"logical=24,cores=12,sockets=1,nodes=1",performance,rustc 1.97.0 (2d8144b78 2026-07-07),22.1.6,cargo 1.97.0 (c980f4866 2026-06-30),"release,lto=thin,debug=true",/home/bob/.cache/mess-bench,/dev/nvme0n1p3,ext4,/home,Samsung SSD 970 EVO Plus 2TB,[none] mq-deadline kyber bfq,249460092928,4096,1024,payload[i]=(i*131+17)&0xff,1.67919921875,accepted,,1866,bytes,479562,67138680,479562,0,0,0,0,0,351251117,354160338,187330,205449,235410,24,24,1.680,1.680
b00392,boundary,iov_256_+1,copy_contiguous,candidate,4,BAAB,copy_contiguous,process,35980,257,4,54215100a825da9eb7cfbd8f045e54ef05fb29bd,false,1b36f48efea63210dfeeee7270dea968ab5ba58da27f90aa42845eb8a64a6649,12b1dafe765a77d1a17115b0ae12cff973f20ed7d6d770fbd790695fe081288e,0e4833553be7825885da5ea99bceab292cc8abee6414d58b31864afe8ca9f944,c89b17de3d4d36a4e106517b0737619bd65f0e2877d95adbf2f297762f71fb7b,6e938dfcd266a2b0eac811d7ea7eabbd5b217965f88efa81371465134dbcab11,2026-07-15T19:06:37.416166+00:00,8o8-arch,7.0.12-arch1-1,AMD Ryzen 9 3900X 12-Core Processor,"logical=24,cores=12,sockets=1,nodes=1",performance,rustc 1.97.0 (2d8144b78 2026-07-07),22.1.6,cargo 1.97.0 (c980f4866 2026-06-30),"release,lto=thin,debug=true",/home/bob/.cache/mess-bench,/dev/nvme0n1p3,ext4,/home,Samsung SSD 970 EVO Plus 2TB,[none] mq-deadline kyber bfq,249460088832,4096,1024,payload[i]=(i*131+17)&0xff,1.67919921875,accepted,,1866,bytes,479562,67138680,1866,0,0,0,67138680,0,8773052,8829674,4620,4690,6000,24,24,1.680,1.680
b00393,boundary,iov_1024_-1,pwritev_full_1m,baseline,1,ABBA,k_pwrite,process,143220,1023,4,54215100a825da9eb7cfbd8f045e54ef05fb29bd,false,1b36f48efea63210dfeeee7270dea968ab5ba58da27f90aa42845eb8a64a6649,12b1dafe765a77d1a17115b0ae12cff973f20ed7d6d770fbd790695fe081288e,0e4833553be7825885da5ea99bceab292cc8abee6414d58b31864afe8ca9f944,c89b17de3d4d36a4e106517b0737619bd65f0e2877d95adbf2f297762f71fb7b,6e938dfcd266a2b0eac811d7ea7eabbd5b217965f88efa81371465134dbcab11,2026-07-15T19:06:38.436715+00:00,8o8-arch,7.0.12-arch1-1,AMD Ryzen 9 3900X 12-Core Processor,"logical=24,cores=12,sockets=1,nodes=1",performance,rustc 1.97.0 (2d8144b78 2026-07-07),22.1.6,cargo 1.97.0 (c980f4866 2026-06-30),"release,lto=thin,debug=true",/home/bob/.cache/mess-bench,/dev/nvme0n1p3,ext4,/home,Samsung SSD 970 EVO Plus 2TB,[none] mq-deadline kyber bfq,249460084736,4096,1024,payload[i]=(i*131+17)&0xff,1.67919921875,accepted,,469,bytes,479787,67170180,479787,0,0,0,0,0,350746768,353361559,748480,780599,914029,24,24,1.680,1.680
b00394,boundary,iov_1024_-1,pwritev_full_1m,candidate,2,ABBA,pwritev_full_1m,process,143220,1023,4,54215100a825da9eb7cfbd8f045e54ef05fb29bd,false,1b36f48efea63210dfeeee7270dea968ab5ba58da27f90aa42845eb8a64a6649,12b1dafe765a77d1a17115b0ae12cff973f20ed7d6d770fbd790695fe081288e,0e4833553be7825885da5ea99bceab292cc8abee6414d58b31864afe8ca9f944,c89b17de3d4d36a4e106517b0737619bd65f0e2877d95adbf2f297762f71fb7b,6e938dfcd266a2b0eac811d7ea7eabbd5b217965f88efa81371465134dbcab11,2026-07-15T19:06:39.464320+00:00,8o8-arch,7.0.12-arch1-1,AMD Ryzen 9 3900X 12-Core Processor,"logical=24,cores=12,sockets=1,nodes=1",performance,rustc 1.97.0 (2d8144b78 2026-07-07),22.1.6,cargo 1.97.0 (c980f4866 2026-06-30),"release,lto=thin,debug=true",/home/bob/.cache/mess-bench,/dev/nvme0n1p3,ext4,/home,Samsung SSD 970 EVO Plus 2TB,[none] mq-deadline kyber bfq,249460080640,4096,1024,payload[i]=(i*131+17)&0xff,1.67919921875,accepted,,469,bytes,479787,67170180,469,0,0,1023,0,0,20763535,20953575,43610,49810,62710,24,24,1.680,1.680
b00395,boundary,iov_1024_-1,pwritev_full_1m,candidate,3,ABBA,pwritev_full_1m,process,143220,1023,4,54215100a825da9eb7cfbd8f045e54ef05fb29bd,false,1b36f48efea63210dfeeee7270dea968ab5ba58da27f90aa42845eb8a64a6649,12b1dafe765a77d1a17115b0ae12cff973f20ed7d6d770fbd790695fe081288e,0e4833553be7825885da5ea99bceab292cc8abee6414d58b31864afe8ca9f944,c89b17de3d4d36a4e106517b0737619bd65f0e2877d95adbf2f297762f71fb7b,6e938dfcd266a2b0eac811d7ea7eabbd5b217965f88efa81371465134dbcab11,2026-07-15T19:06:40.492748+00:00,8o8-arch,7.0.12-arch1-1,AMD Ryzen 9 3900X 12-Core Processor,"logical=24,cores=12,sockets=1,nodes=1",performance,rustc 1.97.0 (2d8144b78 2026-07-07),22.1.6,cargo 1.97.0 (c980f4866 2026-06-30),"release,lto=thin,debug=true",/home/bob/.cache/mess-bench,/dev/nvme0n1p3,ext4,/home,Samsung SSD 970 EVO Plus 2TB,[none] mq-deadline kyber bfq,249460072448,4096,1024,payload[i]=(i*131+17)&0xff,1.67919921875,accepted,,469,bytes,479787,67170180,469,0,0,1023,0,0,20741855,20887416,43810,49530,51970,24,24,1.680,1.680
b00396,boundary,iov_1024_-1,pwritev_full_1m,baseline,4,ABBA,k_pwrite,process,143220,1023,4,54215100a825da9eb7cfbd8f045e54ef05fb29bd,false,1b36f48efea63210dfeeee7270dea968ab5ba58da27f90aa42845eb8a64a6649,12b1dafe765a77d1a17115b0ae12cff973f20ed7d6d770fbd790695fe081288e,0e4833553be7825885da5ea99bceab292cc8abee6414d58b31864afe8ca9f944,c89b17de3d4d36a4e106517b0737619bd65f0e2877d95adbf2f297762f71fb7b,6e938dfcd266a2b0eac811d7ea7eabbd5b217965f88efa81371465134dbcab11,2026-07-15T19:06:41.520405+00:00,8o8-arch,7.0.12-arch1-1,AMD Ryzen 9 3900X 12-Core Processor,"logical=24,cores=12,sockets=1,nodes=1",performance,rustc 1.97.0 (2d8144b78 2026-07-07),22.1.6,cargo 1.97.0 (c980f4866 2026-06-30),"release,lto=thin,debug=true",/home/bob/.cache/mess-bench,/dev/nvme0n1p3,ext4,/home,Samsung SSD 970 EVO Plus 2TB,[none] mq-deadline kyber bfq,249460068352,4096,1024,payload[i]=(i*131+17)&0xff,1.705078125,accepted,,469,bytes,479787,67170180,479787,0,0,0,0,0,350101069,353846049,748580,776509,908929,24,24,1.700,1.700
b00397,boundary,iov_1024_-1,pwritev_256_1m,candidate,1,BAAB,pwritev_256_1m,process,143220,1023,4,54215100a825da9eb7cfbd8f045e54ef05fb29bd,false,1b36f48efea63210dfeeee7270dea968ab5ba58da27f90aa42845eb8a64a6649,12b1dafe765a77d1a17115b0ae12cff973f20ed7d6d770fbd790695fe081288e,0e4833553be7825885da5ea99bceab292cc8abee6414d58b31864afe8ca9f944,c89b17de3d4d36a4e106517b0737619bd65f0e2877d95adbf2f297762f71fb7b,6e938dfcd266a2b0eac811d7ea7eabbd5b217965f88efa81371465134dbcab11,2026-07-15T19:06:42.548291+00:00,8o8-arch,7.0.12-arch1-1,AMD Ryzen 9 3900X 12-Core Processor,"logical=24,cores=12,sockets=1,nodes=1",performance,rustc 1.97.0 (2d8144b78 2026-07-07),22.1.6,cargo 1.97.0 (c980f4866 2026-06-30),"release,lto=thin,debug=true",/home/bob/.cache/mess-bench,/dev/nvme0n1p3,ext4,/home,Samsung SSD 970 EVO Plus 2TB,[none] mq-deadline kyber bfq,249460068352,4096,1024,payload[i]=(i*131+17)&0xff,1.705078125,accepted,,469,bytes,479787,67170180,1876,0,0,256,0,0,24870126,25117293,50290,64750,74570,24,24,1.700,1.700
b00398,boundary,iov_1024_-1,pwritev_256_1m,baseline,2,BAAB,k_pwrite,process,143220,1023,4,54215100a825da9eb7cfbd8f045e54ef05fb29bd,false,1b36f48efea63210dfeeee7270dea968ab5ba58da27f90aa42845eb8a64a6649,12b1dafe765a77d1a17115b0ae12cff973f20ed7d6d770fbd790695fe081288e,0e4833553be7825885da5ea99bceab292cc8abee6414d58b31864afe8ca9f944,c89b17de3d4d36a4e106517b0737619bd65f0e2877d95adbf2f297762f71fb7b,6e938dfcd266a2b0eac811d7ea7eabbd5b217965f88efa81371465134dbcab11,2026-07-15T19:06:43.569656+00:00,8o8-arch,7.0.12-arch1-1,AMD Ryzen 9 3900X 12-Core Processor,"logical=24,cores=12,sockets=1,nodes=1",performance,rustc 1.97.0 (2d8144b78 2026-07-07),22.1.6,cargo 1.97.0 (c980f4866 2026-06-30),"release,lto=thin,debug=true",/home/bob/.cache/mess-bench,/dev/nvme0n1p3,ext4,/home,Samsung SSD 970 EVO Plus 2TB,[none] mq-deadline kyber bfq,249460068352,4096,1024,payload[i]=(i*131+17)&0xff,1.705078125,accepted,,469,bytes,479787,67170180,479787,0,0,0,0,0,351054297,353773358,749329,788900,902909,24,24,1.700,1.700
b00399,boundary,iov_1024_-1,pwritev_256_1m,baseline,3,BAAB,k_pwrite,process,143220,1023,4,54215100a825da9eb7cfbd8f045e54ef05fb29bd,false,1b36f48efea63210dfeeee7270dea968ab5ba58da27f90aa42845eb8a64a6649,12b1dafe765a77d1a17115b0ae12cff973f20ed7d6d770fbd790695fe081288e,0e4833553be7825885da5ea99bceab292cc8abee6414d58b31864afe8ca9f944,c89b17de3d4d36a4e106517b0737619bd65f0e2877d95adbf2f297762f71fb7b,6e938dfcd266a2b0eac811d7ea7eabbd5b217965f88efa81371465134dbcab11,2026-07-15T19:06:44.597117+00:00,8o8-arch,7.0.12-arch1-1,AMD Ryzen 9 3900X 12-Core Processor,"logical=24,cores=12,sockets=1,nodes=1",performance,rustc 1.97.0 (2d8144b78 2026-07-07),22.1.6,cargo 1.97.0 (c980f4866 2026-06-30),"release,lto=thin,debug=true",/home/bob/.cache/mess-bench,/dev/nvme0n1p3,ext4,/home,Samsung SSD 970 EVO Plus 2TB,[none] mq-deadline kyber bfq,249460068352,4096,1024,payload[i]=(i*131+17)&0xff,1.705078125,accepted,,469,bytes,479787,67170180,479787,0,0,0,0,0,349582308,352213870,749439,773780,812360,24,24,1.700,1.700
b00400,boundary,iov_1024_-1,pwritev_256_1m,candidate,4,BAAB,pwritev_256_1m,process,143220,1023,4,54215100a825da9eb7cfbd8f045e54ef05fb29bd,false,1b36f48efea63210dfeeee7270dea968ab5ba58da27f90aa42845eb8a64a6649,12b1dafe765a77d1a17115b0ae12cff973f20ed7d6d770fbd790695fe081288e,0e4833553be7825885da5ea99bceab292cc8abee6414d58b31864afe8ca9f944,c89b17de3d4d36a4e106517b0737619bd65f0e2877d95adbf2f297762f71fb7b,6e938dfcd266a2b0eac811d7ea7eabbd5b217965f88efa81371465134dbcab11,2026-07-15T19:06:45.624297+00:00,8o8-arch,7.0.12-arch1-1,AMD Ryzen 9 3900X 12-Core Processor,"logical=24,cores=12,sockets=1,nodes=1",performance,rustc 1.97.0 (2d8144b78 2026-07-07),22.1.6,cargo 1.97.0 (c980f4866 2026-06-30),"release,lto=thin,debug=true",/home/bob/.cache/mess-bench,/dev/nvme0n1p3,ext4,/home,Samsung SSD 970 EVO Plus 2TB,[none] mq-deadline kyber bfq,249460064256,4096,1024,payload[i]=(i*131+17)&0xff,1.705078125,accepted,,469,bytes,479787,67170180,1876,0,0,256,0,0,24310476,24495702,50050,63359,73120,24,24,1.700,1.700
b00401,boundary,iov_1024_-1,pwritev_64_1m,baseline,1,ABBA,k_pwrite,process,143220,1023,4,54215100a825da9eb7cfbd8f045e54ef05fb29bd,false,1b36f48efea63210dfeeee7270dea968ab5ba58da27f90aa42845eb8a64a6649,12b1dafe765a77d1a17115b0ae12cff973f20ed7d6d770fbd790695fe081288e,0e4833553be7825885da5ea99bceab292cc8abee6414d58b31864afe8ca9f944,c89b17de3d4d36a4e106517b0737619bd65f0e2877d95adbf2f297762f71fb7b,6e938dfcd266a2b0eac811d7ea7eabbd5b217965f88efa81371465134dbcab11,2026-07-15T19:06:46.644915+00:00,8o8-arch,7.0.12-arch1-1,AMD Ryzen 9 3900X 12-Core Processor,"logical=24,cores=12,sockets=1,nodes=1",performance,rustc 1.97.0 (2d8144b78 2026-07-07),22.1.6,cargo 1.97.0 (c980f4866 2026-06-30),"release,lto=thin,debug=true",/home/bob/.cache/mess-bench,/dev/nvme0n1p3,ext4,/home,Samsung SSD 970 EVO Plus 2TB,[none] mq-deadline kyber bfq,249460064256,4096,1024,payload[i]=(i*131+17)&0xff,1.72900390625,accepted,,469,bytes,479787,67170180,479787,0,0,0,0,0,353250578,355877607,754969,794209,866900,24,24,1.730,1.730
b00402,boundary,iov_1024_-1,pwritev_64_1m,candidate,2,ABBA,pwritev_64_1m,process,143220,1023,4,54215100a825da9eb7cfbd8f045e54ef05fb29bd,false,1b36f48efea63210dfeeee7270dea968ab5ba58da27f90aa42845eb8a64a6649,12b1dafe765a77d1a17115b0ae12cff973f20ed7d6d770fbd790695fe081288e,0e4833553be7825885da5ea99bceab292cc8abee6414d58b31864afe8ca9f944,c89b17de3d4d36a4e106517b0737619bd65f0e2877d95adbf2f297762f71fb7b,6e938dfcd266a2b0eac811d7ea7eabbd5b217965f88efa81371465134dbcab11,2026-07-15T19:06:47.672450+00:00,8o8-arch,7.0.12-arch1-1,AMD Ryzen 9 3900X 12-Core Processor,"logical=24,cores=12,sockets=1,nodes=1",performance,rustc 1.97.0 (2d8144b78 2026-07-07),22.1.6,cargo 1.97.0 (c980f4866 2026-06-30),"release,lto=thin,debug=true",/home/bob/.cache/mess-bench,/dev/nvme0n1p3,ext4,/home,Samsung SSD 970 EVO Plus 2TB,[none] mq-deadline kyber bfq,249460064256,4096,1024,payload[i]=(i*131+17)&0xff,1.72900390625,accepted,,469,bytes,479787,67170180,7504,0,0,64,0,0,31011177,31253907,65560,74720,77629,24,24,1.730,1.730
b00403,boundary,iov_1024_-1,pwritev_64_1m,candidate,3,ABBA,pwritev_64_1m,process,143220,1023,4,54215100a825da9eb7cfbd8f045e54ef05fb29bd,false,1b36f48efea63210dfeeee7270dea968ab5ba58da27f90aa42845eb8a64a6649,12b1dafe765a77d1a17115b0ae12cff973f20ed7d6d770fbd790695fe081288e,0e4833553be7825885da5ea99bceab292cc8abee6414d58b31864afe8ca9f944,c89b17de3d4d36a4e106517b0737619bd65f0e2877d95adbf2f297762f71fb7b,6e938dfcd266a2b0eac811d7ea7eabbd5b217965f88efa81371465134dbcab11,2026-07-15T19:06:48.693763+00:00,8o8-arch,7.0.12-arch1-1,AMD Ryzen 9 3900X 12-Core Processor,"logical=24,cores=12,sockets=1,nodes=1",performance,rustc 1.97.0 (2d8144b78 2026-07-07),22.1.6,cargo 1.97.0 (c980f4866 2026-06-30),"release,lto=thin,debug=true",/home/bob/.cache/mess-bench,/dev/nvme0n1p3,ext4,/home,Samsung SSD 970 EVO Plus 2TB,[none] mq-deadline kyber bfq,249460056064,4096,1024,payload[i]=(i*131+17)&0xff,1.72900390625,accepted,,469,bytes,479787,67170180,7504,0,0,64,0,0,31042428,31284588,65680,74270,76770,24,24,1.730,1.730
b00404,boundary,iov_1024_-1,pwritev_64_1m,baseline,4,ABBA,k_pwrite,process,143220,1023,4,54215100a825da9eb7cfbd8f045e54ef05fb29bd,false,1b36f48efea63210dfeeee7270dea968ab5ba58da27f90aa42845eb8a64a6649,12b1dafe765a77d1a17115b0ae12cff973f20ed7d6d770fbd790695fe081288e,0e4833553be7825885da5ea99bceab292cc8abee6414d58b31864afe8ca9f944,c89b17de3d4d36a4e106517b0737619bd65f0e2877d95adbf2f297762f71fb7b,6e938dfcd266a2b0eac811d7ea7eabbd5b217965f88efa81371465134dbcab11,2026-07-15T19:06:49.720905+00:00,8o8-arch,7.0.12-arch1-1,AMD Ryzen 9 3900X 12-Core Processor,"logical=24,cores=12,sockets=1,nodes=1",performance,rustc 1.97.0 (2d8144b78 2026-07-07),22.1.6,cargo 1.97.0 (c980f4866 2026-06-30),"release,lto=thin,debug=true",/home/bob/.cache/mess-bench,/dev/nvme0n1p3,ext4,/home,Samsung SSD 970 EVO Plus 2TB,[none] mq-deadline kyber bfq,249460051968,4096,1024,payload[i]=(i*131+17)&0xff,1.72900390625,accepted,,469,bytes,479787,67170180,479787,0,0,0,0,0,351256397,353834408,751029,769840,915099,24,24,1.730,1.730
b00405,boundary,iov_1024_-1,copy_contiguous,candidate,1,BAAB,copy_contiguous,process,143220,1023,4,54215100a825da9eb7cfbd8f045e54ef05fb29bd,false,1b36f48efea63210dfeeee7270dea968ab5ba58da27f90aa42845eb8a64a6649,12b1dafe765a77d1a17115b0ae12cff973f20ed7d6d770fbd790695fe081288e,0e4833553be7825885da5ea99bceab292cc8abee6414d58b31864afe8ca9f944,c89b17de3d4d36a4e106517b0737619bd65f0e2877d95adbf2f297762f71fb7b,6e938dfcd266a2b0eac811d7ea7eabbd5b217965f88efa81371465134dbcab11,2026-07-15T19:06:50.742628+00:00,8o8-arch,7.0.12-arch1-1,AMD Ryzen 9 3900X 12-Core Processor,"logical=24,cores=12,sockets=1,nodes=1",performance,rustc 1.97.0 (2d8144b78 2026-07-07),22.1.6,cargo 1.97.0 (c980f4866 2026-06-30),"release,lto=thin,debug=true",/home/bob/.cache/mess-bench,/dev/nvme0n1p3,ext4,/home,Samsung SSD 970 EVO Plus 2TB,[none] mq-deadline kyber bfq,249460051968,4096,1024,payload[i]=(i*131+17)&0xff,1.72900390625,accepted,,469,bytes,479787,67170180,469,0,0,0,67170180,0,10748163,10814812,22660,25840,29470,24,24,1.730,1.730
b00406,boundary,iov_1024_-1,copy_contiguous,baseline,2,BAAB,k_pwrite,process,143220,1023,4,54215100a825da9eb7cfbd8f045e54ef05fb29bd,false,1b36f48efea63210dfeeee7270dea968ab5ba58da27f90aa42845eb8a64a6649,12b1dafe765a77d1a17115b0ae12cff973f20ed7d6d770fbd790695fe081288e,0e4833553be7825885da5ea99bceab292cc8abee6414d58b31864afe8ca9f944,c89b17de3d4d36a4e106517b0737619bd65f0e2877d95adbf2f297762f71fb7b,6e938dfcd266a2b0eac811d7ea7eabbd5b217965f88efa81371465134dbcab11,2026-07-15T19:06:51.763658+00:00,8o8-arch,7.0.12-arch1-1,AMD Ryzen 9 3900X 12-Core Processor,"logical=24,cores=12,sockets=1,nodes=1",performance,rustc 1.97.0 (2d8144b78 2026-07-07),22.1.6,cargo 1.97.0 (c980f4866 2026-06-30),"release,lto=thin,debug=true",/home/bob/.cache/mess-bench,/dev/nvme0n1p3,ext4,/home,Samsung SSD 970 EVO Plus 2TB,[none] mq-deadline kyber bfq,249460051968,4096,1024,payload[i]=(i*131+17)&0xff,1.67041015625,accepted,,469,bytes,479787,67170180,479787,0,0,0,0,0,350434557,352950149,750519,776129,830820,24,24,1.670,1.670
b00407,boundary,iov_1024_-1,copy_contiguous,baseline,3,BAAB,k_pwrite,process,143220,1023,4,54215100a825da9eb7cfbd8f045e54ef05fb29bd,false,1b36f48efea63210dfeeee7270dea968ab5ba58da27f90aa42845eb8a64a6649,12b1dafe765a77d1a17115b0ae12cff973f20ed7d6d770fbd790695fe081288e,0e4833553be7825885da5ea99bceab292cc8abee6414d58b31864afe8ca9f944,c89b17de3d4d36a4e106517b0737619bd65f0e2877d95adbf2f297762f71fb7b,6e938dfcd266a2b0eac811d7ea7eabbd5b217965f88efa81371465134dbcab11,2026-07-15T19:06:52.790937+00:00,8o8-arch,7.0.12-arch1-1,AMD Ryzen 9 3900X 12-Core Processor,"logical=24,cores=12,sockets=1,nodes=1",performance,rustc 1.97.0 (2d8144b78 2026-07-07),22.1.6,cargo 1.97.0 (c980f4866 2026-06-30),"release,lto=thin,debug=true",/home/bob/.cache/mess-bench,/dev/nvme0n1p3,ext4,/home,Samsung SSD 970 EVO Plus 2TB,[none] mq-deadline kyber bfq,249460051968,4096,1024,payload[i]=(i*131+17)&0xff,1.67041015625,accepted,,469,bytes,479787,67170180,479787,0,0,0,0,0,351521557,354353468,751529,782460,845439,24,24,1.670,1.670
b00408,boundary,iov_1024_-1,copy_contiguous,candidate,4,BAAB,copy_contiguous,process,143220,1023,4,54215100a825da9eb7cfbd8f045e54ef05fb29bd,false,1b36f48efea63210dfeeee7270dea968ab5ba58da27f90aa42845eb8a64a6649,12b1dafe765a77d1a17115b0ae12cff973f20ed7d6d770fbd790695fe081288e,0e4833553be7825885da5ea99bceab292cc8abee6414d58b31864afe8ca9f944,c89b17de3d4d36a4e106517b0737619bd65f0e2877d95adbf2f297762f71fb7b,6e938dfcd266a2b0eac811d7ea7eabbd5b217965f88efa81371465134dbcab11,2026-07-15T19:06:53.819013+00:00,8o8-arch,7.0.12-arch1-1,AMD Ryzen 9 3900X 12-Core Processor,"logical=24,cores=12,sockets=1,nodes=1",performance,rustc 1.97.0 (2d8144b78 2026-07-07),22.1.6,cargo 1.97.0 (c980f4866 2026-06-30),"release,lto=thin,debug=true",/home/bob/.cache/mess-bench,/dev/nvme0n1p3,ext4,/home,Samsung SSD 970 EVO Plus 2TB,[none] mq-deadline kyber bfq,249460047872,4096,1024,payload[i]=(i*131+17)&0xff,1.67041015625,accepted,,469,bytes,479787,67170180,469,0,0,0,67170180,0,9941402,9996813,20770,25150,28550,24,24,1.670,1.670
b00409,boundary,iov_1024_+0,pwritev_full_1m,baseline,1,ABBA,k_pwrite,process,143360,1024,4,54215100a825da9eb7cfbd8f045e54ef05fb29bd,false,1b36f48efea63210dfeeee7270dea968ab5ba58da27f90aa42845eb8a64a6649,12b1dafe765a77d1a17115b0ae12cff973f20ed7d6d770fbd790695fe081288e,0e4833553be7825885da5ea99bceab292cc8abee6414d58b31864afe8ca9f944,c89b17de3d4d36a4e106517b0737619bd65f0e2877d95adbf2f297762f71fb7b,6e938dfcd266a2b0eac811d7ea7eabbd5b217965f88efa81371465134dbcab11,2026-07-15T19:06:54.847242+00:00,8o8-arch,7.0.12-arch1-1,AMD Ryzen 9 3900X 12-Core Processor,"logical=24,cores=12,sockets=1,nodes=1",performance,rustc 1.97.0 (2d8144b78 2026-07-07),22.1.6,cargo 1.97.0 (c980f4866 2026-06-30),"release,lto=thin,debug=true",/home/bob/.cache/mess-bench,/dev/nvme0n1p3,ext4,/home,Samsung SSD 970 EVO Plus 2TB,[none] mq-deadline kyber bfq,249460043776,4096,1024,payload[i]=(i*131+17)&0xff,1.67041015625,accepted,,469,bytes,480256,67235840,480256,0,0,0,0,0,352750007,355718117,751949,808409,938289,24,24,1.670,1.670
b00410,boundary,iov_1024_+0,pwritev_full_1m,candidate,2,ABBA,pwritev_full_1m,process,143360,1024,4,54215100a825da9eb7cfbd8f045e54ef05fb29bd,false,1b36f48efea63210dfeeee7270dea968ab5ba58da27f90aa42845eb8a64a6649,12b1dafe765a77d1a17115b0ae12cff973f20ed7d6d770fbd790695fe081288e,0e4833553be7825885da5ea99bceab292cc8abee6414d58b31864afe8ca9f944,c89b17de3d4d36a4e106517b0737619bd65f0e2877d95adbf2f297762f71fb7b,6e938dfcd266a2b0eac811d7ea7eabbd5b217965f88efa81371465134dbcab11,2026-07-15T19:06:55.874989+00:00,8o8-arch,7.0.12-arch1-1,AMD Ryzen 9 3900X 12-Core Processor,"logical=24,cores=12,sockets=1,nodes=1",performance,rustc 1.97.0 (2d8144b78 2026-07-07),22.1.6,cargo 1.97.0 (c980f4866 2026-06-30),"release,lto=thin,debug=true",/home/bob/.cache/mess-bench,/dev/nvme0n1p3,ext4,/home,Samsung SSD 970 EVO Plus 2TB,[none] mq-deadline kyber bfq,249460043776,4096,1024,payload[i]=(i*131+17)&0xff,1.67041015625,accepted,,469,bytes,480256,67235840,469,0,0,1024,0,0,21754925,21959475,44460,57260,61619,24,24,1.670,1.670
b00411,boundary,iov_1024_+0,pwritev_full_1m,candidate,3,ABBA,pwritev_full_1m,process,143360,1024,4,54215100a825da9eb7cfbd8f045e54ef05fb29bd,false,1b36f48efea63210dfeeee7270dea968ab5ba58da27f90aa42845eb8a64a6649,12b1dafe765a77d1a17115b0ae12cff973f20ed7d6d770fbd790695fe081288e,0e4833553be7825885da5ea99bceab292cc8abee6414d58b31864afe8ca9f944,c89b17de3d4d36a4e106517b0737619bd65f0e2877d95adbf2f297762f71fb7b,6e938dfcd266a2b0eac811d7ea7eabbd5b217965f88efa81371465134dbcab11,2026-07-15T19:06:56.902745+00:00,8o8-arch,7.0.12-arch1-1,AMD Ryzen 9 3900X 12-Core Processor,"logical=24,cores=12,sockets=1,nodes=1",performance,rustc 1.97.0 (2d8144b78 2026-07-07),22.1.6,cargo 1.97.0 (c980f4866 2026-06-30),"release,lto=thin,debug=true",/home/bob/.cache/mess-bench,/dev/nvme0n1p3,ext4,/home,Samsung SSD 970 EVO Plus 2TB,[none] mq-deadline kyber bfq,249460043776,4096,1024,payload[i]=(i*131+17)&0xff,2.09765625,accepted,,469,bytes,480256,67235840,469,0,0,1024,0,0,21460816,21666955,44840,55930,60830,24,24,2.100,2.100
b00412,boundary,iov_1024_+0,pwritev_full_1m,baseline,4,ABBA,k_pwrite,process,143360,1024,4,54215100a825da9eb7cfbd8f045e54ef05fb29bd,false,1b36f48efea63210dfeeee7270dea968ab5ba58da27f90aa42845eb8a64a6649,12b1dafe765a77d1a17115b0ae12cff973f20ed7d6d770fbd790695fe081288e,0e4833553be7825885da5ea99bceab292cc8abee6414d58b31864afe8ca9f944,c89b17de3d4d36a4e106517b0737619bd65f0e2877d95adbf2f297762f71fb7b,6e938dfcd266a2b0eac811d7ea7eabbd5b217965f88efa81371465134dbcab11,2026-07-15T19:06:57.930043+00:00,8o8-arch,7.0.12-arch1-1,AMD Ryzen 9 3900X 12-Core Processor,"logical=24,cores=12,sockets=1,nodes=1",performance,rustc 1.97.0 (2d8144b78 2026-07-07),22.1.6,cargo 1.97.0 (c980f4866 2026-06-30),"release,lto=thin,debug=true",/home/bob/.cache/mess-bench,/dev/nvme0n1p3,ext4,/home,Samsung SSD 970 EVO Plus 2TB,[none] mq-deadline kyber bfq,249460039680,4096,1024,payload[i]=(i*131+17)&0xff,2.09765625,accepted,,469,bytes,480256,67235840,480256,0,0,0,0,0,352514607,355479858,754280,778709,933159,24,24,2.100,2.100
b00413,boundary,iov_1024_+0,pwritev_256_1m,candidate,1,BAAB,pwritev_256_1m,process,143360,1024,4,54215100a825da9eb7cfbd8f045e54ef05fb29bd,false,1b36f48efea63210dfeeee7270dea968ab5ba58da27f90aa42845eb8a64a6649,12b1dafe765a77d1a17115b0ae12cff973f20ed7d6d770fbd790695fe081288e,0e4833553be7825885da5ea99bceab292cc8abee6414d58b31864afe8ca9f944,c89b17de3d4d36a4e106517b0737619bd65f0e2877d95adbf2f297762f71fb7b,6e938dfcd266a2b0eac811d7ea7eabbd5b217965f88efa81371465134dbcab11,2026-07-15T19:06:58.951266+00:00,8o8-arch,7.0.12-arch1-1,AMD Ryzen 9 3900X 12-Core Processor,"logical=24,cores=12,sockets=1,nodes=1",performance,rustc 1.97.0 (2d8144b78 2026-07-07),22.1.6,cargo 1.97.0 (c980f4866 2026-06-30),"release,lto=thin,debug=true",/home/bob/.cache/mess-bench,/dev/nvme0n1p3,ext4,/home,Samsung SSD 970 EVO Plus 2TB,[none] mq-deadline kyber bfq,249460039680,4096,1024,payload[i]=(i*131+17)&0xff,2.09765625,accepted,,469,bytes,480256,67235840,1876,0,0,256,0,0,24678196,24820502,51020,64200,65250,24,24,2.100,2.100
b00414,boundary,iov_1024_+0,pwritev_256_1m,baseline,2,BAAB,k_pwrite,process,143360,1024,4,54215100a825da9eb7cfbd8f045e54ef05fb29bd,false,1b36f48efea63210dfeeee7270dea968ab5ba58da27f90aa42845eb8a64a6649,12b1dafe765a77d1a17115b0ae12cff973f20ed7d6d770fbd790695fe081288e,0e4833553be7825885da5ea99bceab292cc8abee6414d58b31864afe8ca9f944,c89b17de3d4d36a4e106517b0737619bd65f0e2877d95adbf2f297762f71fb7b,6e938dfcd266a2b0eac811d7ea7eabbd5b217965f88efa81371465134dbcab11,2026-07-15T19:06:59.972891+00:00,8o8-arch,7.0.12-arch1-1,AMD Ryzen 9 3900X 12-Core Processor,"logical=24,cores=12,sockets=1,nodes=1",performance,rustc 1.97.0 (2d8144b78 2026-07-07),22.1.6,cargo 1.97.0 (c980f4866 2026-06-30),"release,lto=thin,debug=true",/home/bob/.cache/mess-bench,/dev/nvme0n1p3,ext4,/home,Samsung SSD 970 EVO Plus 2TB,[none] mq-deadline kyber bfq,249460039680,4096,1024,payload[i]=(i*131+17)&0xff,2.09765625,accepted,,469,bytes,480256,67235840,480256,0,0,0,0,0,351680058,354409408,753329,773249,838479,24,24,2.100,2.100
b00415,boundary,iov_1024_+0,pwritev_256_1m,baseline,3,BAAB,k_pwrite,process,143360,1024,4,54215100a825da9eb7cfbd8f045e54ef05fb29bd,false,1b36f48efea63210dfeeee7270dea968ab5ba58da27f90aa42845eb8a64a6649,12b1dafe765a77d1a17115b0ae12cff973f20ed7d6d770fbd790695fe081288e,0e4833553be7825885da5ea99bceab292cc8abee6414d58b31864afe8ca9f944,c89b17de3d4d36a4e106517b0737619bd65f0e2877d95adbf2f297762f71fb7b,6e938dfcd266a2b0eac811d7ea7eabbd5b217965f88efa81371465134dbcab11,2026-07-15T19:07:01.000762+00:00,8o8-arch,7.0.12-arch1-1,AMD Ryzen 9 3900X 12-Core Processor,"logical=24,cores=12,sockets=1,nodes=1",performance,rustc 1.97.0 (2d8144b78 2026-07-07),22.1.6,cargo 1.97.0 (c980f4866 2026-06-30),"release,lto=thin,debug=true",/home/bob/.cache/mess-bench,/dev/nvme0n1p3,ext4,/home,Samsung SSD 970 EVO Plus 2TB,[none] mq-deadline kyber bfq,249460039680,4096,1024,payload[i]=(i*131+17)&0xff,2.09765625,accepted,,469,bytes,480256,67235840,480256,0,0,0,0,0,355115749,358108446,753459,859819,904899,24,24,2.100,2.010
b00416,boundary,iov_1024_+0,pwritev_256_1m,candidate,4,BAAB,pwritev_256_1m,process,143360,1024,4,54215100a825da9eb7cfbd8f045e54ef05fb29bd,false,1b36f48efea63210dfeeee7270dea968ab5ba58da27f90aa42845eb8a64a6649,12b1dafe765a77d1a17115b0ae12cff973f20ed7d6d770fbd790695fe081288e,0e4833553be7825885da5ea99bceab292cc8abee6414d58b31864afe8ca9f944,c89b17de3d4d36a4e106517b0737619bd65f0e2877d95adbf2f297762f71fb7b,6e938dfcd266a2b0eac811d7ea7eabbd5b217965f88efa81371465134dbcab11,2026-07-15T19:07:02.021783+00:00,8o8-arch,7.0.12-arch1-1,AMD Ryzen 9 3900X 12-Core Processor,"logical=24,cores=12,sockets=1,nodes=1",performance,rustc 1.97.0 (2d8144b78 2026-07-07),22.1.6,cargo 1.97.0 (c980f4866 2026-06-30),"release,lto=thin,debug=true",/home/bob/.cache/mess-bench,/dev/nvme0n1p3,ext4,/home,Samsung SSD 970 EVO Plus 2TB,[none] mq-deadline kyber bfq,249460031488,4096,1024,payload[i]=(i*131+17)&0xff,2.00927734375,accepted,,469,bytes,480256,67235840,1876,0,0,256,0,0,24132066,24308423,50870,57600,68350,24,24,2.010,2.010
b00417,boundary,iov_1024_+0,pwritev_64_1m,baseline,1,ABBA,k_pwrite,process,143360,1024,4,54215100a825da9eb7cfbd8f045e54ef05fb29bd,false,1b36f48efea63210dfeeee7270dea968ab5ba58da27f90aa42845eb8a64a6649,12b1dafe765a77d1a17115b0ae12cff973f20ed7d6d770fbd790695fe081288e,0e4833553be7825885da5ea99bceab292cc8abee6414d58b31864afe8ca9f944,c89b17de3d4d36a4e106517b0737619bd65f0e2877d95adbf2f297762f71fb7b,6e938dfcd266a2b0eac811d7ea7eabbd5b217965f88efa81371465134dbcab11,2026-07-15T19:07:03.048449+00:00,8o8-arch,7.0.12-arch1-1,AMD Ryzen 9 3900X 12-Core Processor,"logical=24,cores=12,sockets=1,nodes=1",performance,rustc 1.97.0 (2d8144b78 2026-07-07),22.1.6,cargo 1.97.0 (c980f4866 2026-06-30),"release,lto=thin,debug=true",/home/bob/.cache/mess-bench,/dev/nvme0n1p3,ext4,/home,Samsung SSD 970 EVO Plus 2TB,[none] mq-deadline kyber bfq,249460031488,4096,1024,payload[i]=(i*131+17)&0xff,2.00927734375,accepted,,469,bytes,480256,67235840,480256,0,0,0,0,0,350877469,353504838,751770,773639,854260,24,24,2.010,2.010
b00418,boundary,iov_1024_+0,pwritev_64_1m,candidate,2,ABBA,pwritev_64_1m,process,143360,1024,4,54215100a825da9eb7cfbd8f045e54ef05fb29bd,false,1b36f48efea63210dfeeee7270dea968ab5ba58da27f90aa42845eb8a64a6649,12b1dafe765a77d1a17115b0ae12cff973f20ed7d6d770fbd790695fe081288e,0e4833553be7825885da5ea99bceab292cc8abee6414d58b31864afe8ca9f944,c89b17de3d4d36a4e106517b0737619bd65f0e2877d95adbf2f297762f71fb7b,6e938dfcd266a2b0eac811d7ea7eabbd5b217965f88efa81371465134dbcab11,2026-07-15T19:07:04.068553+00:00,8o8-arch,7.0.12-arch1-1,AMD Ryzen 9 3900X 12-Core Processor,"logical=24,cores=12,sockets=1,nodes=1",performance,rustc 1.97.0 (2d8144b78 2026-07-07),22.1.6,cargo 1.97.0 (c980f4866 2026-06-30),"release,lto=thin,debug=true",/home/bob/.cache/mess-bench,/dev/nvme0n1p3,ext4,/home,Samsung SSD 970 EVO Plus 2TB,[none] mq-deadline kyber bfq,249460031488,4096,1024,payload[i]=(i*131+17)&0xff,2.00927734375,accepted,,469,bytes,480256,67235840,7504,0,0,64,0,0,31528548,31817287,66410,76040,84190,24,24,2.010,2.010
b00419,boundary,iov_1024_+0,pwritev_64_1m,candidate,3,ABBA,pwritev_64_1m,process,143360,1024,4,54215100a825da9eb7cfbd8f045e54ef05fb29bd,false,1b36f48efea63210dfeeee7270dea968ab5ba58da27f90aa42845eb8a64a6649,12b1dafe765a77d1a17115b0ae12cff973f20ed7d6d770fbd790695fe081288e,0e4833553be7825885da5ea99bceab292cc8abee6414d58b31864afe8ca9f944,c89b17de3d4d36a4e106517b0737619bd65f0e2877d95adbf2f297762f71fb7b,6e938dfcd266a2b0eac811d7ea7eabbd5b217965f88efa81371465134dbcab11,2026-07-15T19:07:05.096407+00:00,8o8-arch,7.0.12-arch1-1,AMD Ryzen 9 3900X 12-Core Processor,"logical=24,cores=12,sockets=1,nodes=1",performance,rustc 1.97.0 (2d8144b78 2026-07-07),22.1.6,cargo 1.97.0 (c980f4866 2026-06-30),"release,lto=thin,debug=true",/home/bob/.cache/mess-bench,/dev/nvme0n1p3,ext4,/home,Samsung SSD 970 EVO Plus 2TB,[none] mq-deadline kyber bfq,249460031488,4096,1024,payload[i]=(i*131+17)&0xff,2.00927734375,accepted,,469,bytes,480256,67235840,7504,0,0,64,0,0,31323717,31515628,66270,73780,76470,24,24,2.010,2.010
b00420,boundary,iov_1024_+0,pwritev_64_1m,baseline,4,ABBA,k_pwrite,process,143360,1024,4,54215100a825da9eb7cfbd8f045e54ef05fb29bd,false,1b36f48efea63210dfeeee7270dea968ab5ba58da27f90aa42845eb8a64a6649,12b1dafe765a77d1a17115b0ae12cff973f20ed7d6d770fbd790695fe081288e,0e4833553be7825885da5ea99bceab292cc8abee6414d58b31864afe8ca9f944,c89b17de3d4d36a4e106517b0737619bd65f0e2877d95adbf2f297762f71fb7b,6e938dfcd266a2b0eac811d7ea7eabbd5b217965f88efa81371465134dbcab11,2026-07-15T19:07:06.124068+00:00,8o8-arch,7.0.12-arch1-1,AMD Ryzen 9 3900X 12-Core Processor,"logical=24,cores=12,sockets=1,nodes=1",performance,rustc 1.97.0 (2d8144b78 2026-07-07),22.1.6,cargo 1.97.0 (c980f4866 2026-06-30),"release,lto=thin,debug=true",/home/bob/.cache/mess-bench,/dev/nvme0n1p3,ext4,/home,Samsung SSD 970 EVO Plus 2TB,[none] mq-deadline kyber bfq,249460027392,4096,1024,payload[i]=(i*131+17)&0xff,1.92822265625,accepted,,469,bytes,480256,67235840,480256,0,0,0,0,0,351941859,354524777,750009,792929,900259,24,24,1.930,1.930
b00421,boundary,iov_1024_+0,copy_contiguous,candidate,1,BAAB,copy_contiguous,process,143360,1024,4,54215100a825da9eb7cfbd8f045e54ef05fb29bd,false,1b36f48efea63210dfeeee7270dea968ab5ba58da27f90aa42845eb8a64a6649,12b1dafe765a77d1a17115b0ae12cff973f20ed7d6d770fbd790695fe081288e,0e4833553be7825885da5ea99bceab292cc8abee6414d58b31864afe8ca9f944,c89b17de3d4d36a4e106517b0737619bd65f0e2877d95adbf2f297762f71fb7b,6e938dfcd266a2b0eac811d7ea7eabbd5b217965f88efa81371465134dbcab11,2026-07-15T19:07:07.152140+00:00,8o8-arch,7.0.12-arch1-1,AMD Ryzen 9 3900X 12-Core Processor,"logical=24,cores=12,sockets=1,nodes=1",performance,rustc 1.97.0 (2d8144b78 2026-07-07),22.1.6,cargo 1.97.0 (c980f4866 2026-06-30),"release,lto=thin,debug=true",/home/bob/.cache/mess-bench,/dev/nvme0n1p3,ext4,/home,Samsung SSD 970 EVO Plus 2TB,[none] mq-deadline kyber bfq,249460023296,4096,1024,payload[i]=(i*131+17)&0xff,1.92822265625,accepted,,469,bytes,480256,67235840,469,0,0,0,67235840,0,10636702,10716462,22310,26220,32870,24,24,1.930,1.930
b00422,boundary,iov_1024_+0,copy_contiguous,baseline,2,BAAB,k_pwrite,process,143360,1024,4,54215100a825da9eb7cfbd8f045e54ef05fb29bd,false,1b36f48efea63210dfeeee7270dea968ab5ba58da27f90aa42845eb8a64a6649,12b1dafe765a77d1a17115b0ae12cff973f20ed7d6d770fbd790695fe081288e,0e4833553be7825885da5ea99bceab292cc8abee6414d58b31864afe8ca9f944,c89b17de3d4d36a4e106517b0737619bd65f0e2877d95adbf2f297762f71fb7b,6e938dfcd266a2b0eac811d7ea7eabbd5b217965f88efa81371465134dbcab11,2026-07-15T19:07:08.179539+00:00,8o8-arch,7.0.12-arch1-1,AMD Ryzen 9 3900X 12-Core Processor,"logical=24,cores=12,sockets=1,nodes=1",performance,rustc 1.97.0 (2d8144b78 2026-07-07),22.1.6,cargo 1.97.0 (c980f4866 2026-06-30),"release,lto=thin,debug=true",/home/bob/.cache/mess-bench,/dev/nvme0n1p3,ext4,/home,Samsung SSD 970 EVO Plus 2TB,[none] mq-deadline kyber bfq,249460023296,4096,1024,payload[i]=(i*131+17)&0xff,1.92822265625,accepted,,469,bytes,480256,67235840,480256,0,0,0,0,0,352695999,355532917,756209,773929,945050,24,24,1.930,1.930
b00423,boundary,iov_1024_+0,copy_contiguous,baseline,3,BAAB,k_pwrite,process,143360,1024,4,54215100a825da9eb7cfbd8f045e54ef05fb29bd,false,1b36f48efea63210dfeeee7270dea968ab5ba58da27f90aa42845eb8a64a6649,12b1dafe765a77d1a17115b0ae12cff973f20ed7d6d770fbd790695fe081288e,0e4833553be7825885da5ea99bceab292cc8abee6414d58b31864afe8ca9f944,c89b17de3d4d36a4e106517b0737619bd65f0e2877d95adbf2f297762f71fb7b,6e938dfcd266a2b0eac811d7ea7eabbd5b217965f88efa81371465134dbcab11,2026-07-15T19:07:09.200045+00:00,8o8-arch,7.0.12-arch1-1,AMD Ryzen 9 3900X 12-Core Processor,"logical=24,cores=12,sockets=1,nodes=1",performance,rustc 1.97.0 (2d8144b78 2026-07-07),22.1.6,cargo 1.97.0 (c980f4866 2026-06-30),"release,lto=thin,debug=true",/home/bob/.cache/mess-bench,/dev/nvme0n1p3,ext4,/home,Samsung SSD 970 EVO Plus 2TB,[none] mq-deadline kyber bfq,249460019200,4096,1024,payload[i]=(i*131+17)&0xff,1.92822265625,accepted,,469,bytes,480256,67235840,480256,0,0,0,0,0,354193499,356909286,751829,853489,915479,24,24,1.930,1.930
b00424,boundary,iov_1024_+0,copy_contiguous,candidate,4,BAAB,copy_contiguous,process,143360,1024,4,54215100a825da9eb7cfbd8f045e54ef05fb29bd,false,1b36f48efea63210dfeeee7270dea968ab5ba58da27f90aa42845eb8a64a6649,12b1dafe765a77d1a17115b0ae12cff973f20ed7d6d770fbd790695fe081288e,0e4833553be7825885da5ea99bceab292cc8abee6414d58b31864afe8ca9f944,c89b17de3d4d36a4e106517b0737619bd65f0e2877d95adbf2f297762f71fb7b,6e938dfcd266a2b0eac811d7ea7eabbd5b217965f88efa81371465134dbcab11,2026-07-15T19:07:10.227502+00:00,8o8-arch,7.0.12-arch1-1,AMD Ryzen 9 3900X 12-Core Processor,"logical=24,cores=12,sockets=1,nodes=1",performance,rustc 1.97.0 (2d8144b78 2026-07-07),22.1.6,cargo 1.97.0 (c980f4866 2026-06-30),"release,lto=thin,debug=true",/home/bob/.cache/mess-bench,/dev/nvme0n1p3,ext4,/home,Samsung SSD 970 EVO Plus 2TB,[none] mq-deadline kyber bfq,249460015104,4096,1024,payload[i]=(i*131+17)&0xff,1.92822265625,accepted,,469,bytes,480256,67235840,469,0,0,0,67235840,0,11126903,11243432,23160,28790,39350,24,24,1.930,1.930
b00425,boundary,iov_1024_+1,pwritev_full_1m,baseline,1,ABBA,k_pwrite,process,143500,1025,4,54215100a825da9eb7cfbd8f045e54ef05fb29bd,false,1b36f48efea63210dfeeee7270dea968ab5ba58da27f90aa42845eb8a64a6649,12b1dafe765a77d1a17115b0ae12cff973f20ed7d6d770fbd790695fe081288e,0e4833553be7825885da5ea99bceab292cc8abee6414d58b31864afe8ca9f944,c89b17de3d4d36a4e106517b0737619bd65f0e2877d95adbf2f297762f71fb7b,6e938dfcd266a2b0eac811d7ea7eabbd5b217965f88efa81371465134dbcab11,2026-07-15T19:07:11.254751+00:00,8o8-arch,7.0.12-arch1-1,AMD Ryzen 9 3900X 12-Core Processor,"logical=24,cores=12,sockets=1,nodes=1",performance,rustc 1.97.0 (2d8144b78 2026-07-07),22.1.6,cargo 1.97.0 (c980f4866 2026-06-30),"release,lto=thin,debug=true",/home/bob/.cache/mess-bench,/dev/nvme0n1p3,ext4,/home,Samsung SSD 970 EVO Plus 2TB,[none] mq-deadline kyber bfq,249460015104,4096,1024,payload[i]=(i*131+17)&0xff,1.7734375,accepted,,468,bytes,479700,67158000,479700,0,0,0,0,0,352191467,356293346,750790,826750,932109,24,24,1.770,1.770
b00426,boundary,iov_1024_+1,pwritev_full_1m,candidate,2,ABBA,pwritev_full_1m,process,143500,1025,4,54215100a825da9eb7cfbd8f045e54ef05fb29bd,false,1b36f48efea63210dfeeee7270dea968ab5ba58da27f90aa42845eb8a64a6649,12b1dafe765a77d1a17115b0ae12cff973f20ed7d6d770fbd790695fe081288e,0e4833553be7825885da5ea99bceab292cc8abee6414d58b31864afe8ca9f944,c89b17de3d4d36a4e106517b0737619bd65f0e2877d95adbf2f297762f71fb7b,6e938dfcd266a2b0eac811d7ea7eabbd5b217965f88efa81371465134dbcab11,2026-07-15T19:07:12.275715+00:00,8o8-arch,7.0.12-arch1-1,AMD Ryzen 9 3900X 12-Core Processor,"logical=24,cores=12,sockets=1,nodes=1",performance,rustc 1.97.0 (2d8144b78 2026-07-07),22.1.6,cargo 1.97.0 (c980f4866 2026-06-30),"release,lto=thin,debug=true",/home/bob/.cache/mess-bench,/dev/nvme0n1p3,ext4,/home,Samsung SSD 970 EVO Plus 2TB,[none] mq-deadline kyber bfq,249460015104,4096,1024,payload[i]=(i*131+17)&0xff,1.7734375,accepted,,468,bytes,479700,67158000,936,0,0,1024,0,0,21404456,21592005,45120,52180,65500,24,24,1.770,1.770
b00427,boundary,iov_1024_+1,pwritev_full_1m,candidate,3,ABBA,pwritev_full_1m,process,143500,1025,4,54215100a825da9eb7cfbd8f045e54ef05fb29bd,false,1b36f48efea63210dfeeee7270dea968ab5ba58da27f90aa42845eb8a64a6649,12b1dafe765a77d1a17115b0ae12cff973f20ed7d6d770fbd790695fe081288e,0e4833553be7825885da5ea99bceab292cc8abee6414d58b31864afe8ca9f944,c89b17de3d4d36a4e106517b0737619bd65f0e2877d95adbf2f297762f71fb7b,6e938dfcd266a2b0eac811d7ea7eabbd5b217965f88efa81371465134dbcab11,2026-07-15T19:07:13.303211+00:00,8o8-arch,7.0.12-arch1-1,AMD Ryzen 9 3900X 12-Core Processor,"logical=24,cores=12,sockets=1,nodes=1",performance,rustc 1.97.0 (2d8144b78 2026-07-07),22.1.6,cargo 1.97.0 (c980f4866 2026-06-30),"release,lto=thin,debug=true",/home/bob/.cache/mess-bench,/dev/nvme0n1p3,ext4,/home,Samsung SSD 970 EVO Plus 2TB,[none] mq-deadline kyber bfq,249460015104,4096,1024,payload[i]=(i*131+17)&0xff,1.7734375,accepted,,468,bytes,479700,67158000,936,0,0,1024,0,0,22122505,22374934,45200,58200,66420,24,24,1.770,1.770
b00428,boundary,iov_1024_+1,pwritev_full_1m,baseline,4,ABBA,k_pwrite,process,143500,1025,4,54215100a825da9eb7cfbd8f045e54ef05fb29bd,false,1b36f48efea63210dfeeee7270dea968ab5ba58da27f90aa42845eb8a64a6649,12b1dafe765a77d1a17115b0ae12cff973f20ed7d6d770fbd790695fe081288e,0e4833553be7825885da5ea99bceab292cc8abee6414d58b31864afe8ca9f944,c89b17de3d4d36a4e106517b0737619bd65f0e2877d95adbf2f297762f71fb7b,6e938dfcd266a2b0eac811d7ea7eabbd5b217965f88efa81371465134dbcab11,2026-07-15T19:07:14.323899+00:00,8o8-arch,7.0.12-arch1-1,AMD Ryzen 9 3900X 12-Core Processor,"logical=24,cores=12,sockets=1,nodes=1",performance,rustc 1.97.0 (2d8144b78 2026-07-07),22.1.6,cargo 1.97.0 (c980f4866 2026-06-30),"release,lto=thin,debug=true",/home/bob/.cache/mess-bench,/dev/nvme0n1p3,ext4,/home,Samsung SSD 970 EVO Plus 2TB,[none] mq-deadline kyber bfq,249460011008,4096,1024,payload[i]=(i*131+17)&0xff,1.7734375,accepted,,468,bytes,479700,67158000,479700,0,0,0,0,0,354032307,356912746,751659,860800,958259,24,24,1.770,1.770
b00429,boundary,iov_1024_+1,pwritev_256_1m,candidate,1,BAAB,pwritev_256_1m,process,143500,1025,4,54215100a825da9eb7cfbd8f045e54ef05fb29bd,false,1b36f48efea63210dfeeee7270dea968ab5ba58da27f90aa42845eb8a64a6649,12b1dafe765a77d1a17115b0ae12cff973f20ed7d6d770fbd790695fe081288e,0e4833553be7825885da5ea99bceab292cc8abee6414d58b31864afe8ca9f944,c89b17de3d4d36a4e106517b0737619bd65f0e2877d95adbf2f297762f71fb7b,6e938dfcd266a2b0eac811d7ea7eabbd5b217965f88efa81371465134dbcab11,2026-07-15T19:07:15.345456+00:00,8o8-arch,7.0.12-arch1-1,AMD Ryzen 9 3900X 12-Core Processor,"logical=24,cores=12,sockets=1,nodes=1",performance,rustc 1.97.0 (2d8144b78 2026-07-07),22.1.6,cargo 1.97.0 (c980f4866 2026-06-30),"release,lto=thin,debug=true",/home/bob/.cache/mess-bench,/dev/nvme0n1p3,ext4,/home,Samsung SSD 970 EVO Plus 2TB,[none] mq-deadline kyber bfq,249460006912,4096,1024,payload[i]=(i*131+17)&0xff,1.7734375,accepted,,468,bytes,479700,67158000,2340,0,0,256,0,0,25208766,25443392,51210,67260,70880,24,24,1.770,1.770
b00430,boundary,iov_1024_+1,pwritev_256_1m,baseline,2,BAAB,k_pwrite,process,143500,1025,4,54215100a825da9eb7cfbd8f045e54ef05fb29bd,false,1b36f48efea63210dfeeee7270dea968ab5ba58da27f90aa42845eb8a64a6649,12b1dafe765a77d1a17115b0ae12cff973f20ed7d6d770fbd790695fe081288e,0e4833553be7825885da5ea99bceab292cc8abee6414d58b31864afe8ca9f944,c89b17de3d4d36a4e106517b0737619bd65f0e2877d95adbf2f297762f71fb7b,6e938dfcd266a2b0eac811d7ea7eabbd5b217965f88efa81371465134dbcab11,2026-07-15T19:07:16.366009+00:00,8o8-arch,7.0.12-arch1-1,AMD Ryzen 9 3900X 12-Core Processor,"logical=24,cores=12,sockets=1,nodes=1",performance,rustc 1.97.0 (2d8144b78 2026-07-07),22.1.6,cargo 1.97.0 (c980f4866 2026-06-30),"release,lto=thin,debug=true",/home/bob/.cache/mess-bench,/dev/nvme0n1p3,ext4,/home,Samsung SSD 970 EVO Plus 2TB,[none] mq-deadline kyber bfq,249460002816,4096,1024,payload[i]=(i*131+17)&0xff,1.63134765625,accepted,,468,bytes,479700,67158000,479700,0,0,0,0,0,350959987,354493767,751310,789880,954009,24,24,1.630,1.630
b00431,boundary,iov_1024_+1,pwritev_256_1m,baseline,3,BAAB,k_pwrite,process,143500,1025,4,54215100a825da9eb7cfbd8f045e54ef05fb29bd,false,1b36f48efea63210dfeeee7270dea968ab5ba58da27f90aa42845eb8a64a6649,12b1dafe765a77d1a17115b0ae12cff973f20ed7d6d770fbd790695fe081288e,0e4833553be7825885da5ea99bceab292cc8abee6414d58b31864afe8ca9f944,c89b17de3d4d36a4e106517b0737619bd65f0e2877d95adbf2f297762f71fb7b,6e938dfcd266a2b0eac811d7ea7eabbd5b217965f88efa81371465134dbcab11,2026-07-15T19:07:17.393662+00:00,8o8-arch,7.0.12-arch1-1,AMD Ryzen 9 3900X 12-Core Processor,"logical=24,cores=12,sockets=1,nodes=1",performance,rustc 1.97.0 (2d8144b78 2026-07-07),22.1.6,cargo 1.97.0 (c980f4866 2026-06-30),"release,lto=thin,debug=true",/home/bob/.cache/mess-bench,/dev/nvme0n1p3,ext4,/home,Samsung SSD 970 EVO Plus 2TB,[none] mq-deadline kyber bfq,249460006912,4096,1024,payload[i]=(i*131+17)&0xff,1.63134765625,accepted,,468,bytes,479700,67158000,479700,0,0,0,0,0,350416297,353513718,751360,789309,836650,24,24,1.630,1.630
b00432,boundary,iov_1024_+1,pwritev_256_1m,candidate,4,BAAB,pwritev_256_1m,process,143500,1025,4,54215100a825da9eb7cfbd8f045e54ef05fb29bd,false,1b36f48efea63210dfeeee7270dea968ab5ba58da27f90aa42845eb8a64a6649,12b1dafe765a77d1a17115b0ae12cff973f20ed7d6d770fbd790695fe081288e,0e4833553be7825885da5ea99bceab292cc8abee6414d58b31864afe8ca9f944,c89b17de3d4d36a4e106517b0737619bd65f0e2877d95adbf2f297762f71fb7b,6e938dfcd266a2b0eac811d7ea7eabbd5b217965f88efa81371465134dbcab11,2026-07-15T19:07:18.420911+00:00,8o8-arch,7.0.12-arch1-1,AMD Ryzen 9 3900X 12-Core Processor,"logical=24,cores=12,sockets=1,nodes=1",performance,rustc 1.97.0 (2d8144b78 2026-07-07),22.1.6,cargo 1.97.0 (c980f4866 2026-06-30),"release,lto=thin,debug=true",/home/bob/.cache/mess-bench,/dev/nvme0n1p3,ext4,/home,Samsung SSD 970 EVO Plus 2TB,[none] mq-deadline kyber bfq,249460002816,4096,1024,payload[i]=(i*131+17)&0xff,1.63134765625,accepted,,468,bytes,479700,67158000,2340,0,0,256,0,0,24163476,24548633,50840,59190,75739,24,24,1.630,1.630
b00433,boundary,iov_1024_+1,pwritev_64_1m,baseline,1,ABBA,k_pwrite,process,143500,1025,4,54215100a825da9eb7cfbd8f045e54ef05fb29bd,false,1b36f48efea63210dfeeee7270dea968ab5ba58da27f90aa42845eb8a64a6649,12b1dafe765a77d1a17115b0ae12cff973f20ed7d6d770fbd790695fe081288e,0e4833553be7825885da5ea99bceab292cc8abee6414d58b31864afe8ca9f944,c89b17de3d4d36a4e106517b0737619bd65f0e2877d95adbf2f297762f71fb7b,6e938dfcd266a2b0eac811d7ea7eabbd5b217965f88efa81371465134dbcab11,2026-07-15T19:07:19.441483+00:00,8o8-arch,7.0.12-arch1-1,AMD Ryzen 9 3900X 12-Core Processor,"logical=24,cores=12,sockets=1,nodes=1",performance,rustc 1.97.0 (2d8144b78 2026-07-07),22.1.6,cargo 1.97.0 (c980f4866 2026-06-30),"release,lto=thin,debug=true",/home/bob/.cache/mess-bench,/dev/nvme0n1p3,ext4,/home,Samsung SSD 970 EVO Plus 2TB,[none] mq-deadline kyber bfq,249460002816,4096,1024,payload[i]=(i*131+17)&0xff,1.63134765625,accepted,,468,bytes,479700,67158000,479700,0,0,0,0,0,350228267,352950109,751100,773950,816260,24,24,1.630,1.630
b00434,boundary,iov_1024_+1,pwritev_64_1m,candidate,2,ABBA,pwritev_64_1m,process,143500,1025,4,54215100a825da9eb7cfbd8f045e54ef05fb29bd,false,1b36f48efea63210dfeeee7270dea968ab5ba58da27f90aa42845eb8a64a6649,12b1dafe765a77d1a17115b0ae12cff973f20ed7d6d770fbd790695fe081288e,0e4833553be7825885da5ea99bceab292cc8abee6414d58b31864afe8ca9f944,c89b17de3d4d36a4e106517b0737619bd65f0e2877d95adbf2f297762f71fb7b,6e938dfcd266a2b0eac811d7ea7eabbd5b217965f88efa81371465134dbcab11,2026-07-15T19:07:20.468752+00:00,8o8-arch,7.0.12-arch1-1,AMD Ryzen 9 3900X 12-Core Processor,"logical=24,cores=12,sockets=1,nodes=1",performance,rustc 1.97.0 (2d8144b78 2026-07-07),22.1.6,cargo 1.97.0 (c980f4866 2026-06-30),"release,lto=thin,debug=true",/home/bob/.cache/mess-bench,/dev/nvme0n1p3,ext4,/home,Samsung SSD 970 EVO Plus 2TB,[none] mq-deadline kyber bfq,249460002816,4096,1024,payload[i]=(i*131+17)&0xff,1.63134765625,accepted,,468,bytes,479700,67158000,7956,0,0,64,0,0,31749818,31983527,66790,76510,84670,24,24,1.630,1.630
b00435,boundary,iov_1024_+1,pwritev_64_1m,candidate,3,ABBA,pwritev_64_1m,process,143500,1025,4,54215100a825da9eb7cfbd8f045e54ef05fb29bd,false,1b36f48efea63210dfeeee7270dea968ab5ba58da27f90aa42845eb8a64a6649,12b1dafe765a77d1a17115b0ae12cff973f20ed7d6d770fbd790695fe081288e,0e4833553be7825885da5ea99bceab292cc8abee6414d58b31864afe8ca9f944,c89b17de3d4d36a4e106517b0737619bd65f0e2877d95adbf2f297762f71fb7b,6e938dfcd266a2b0eac811d7ea7eabbd5b217965f88efa81371465134dbcab11,2026-07-15T19:07:21.490348+00:00,8o8-arch,7.0.12-arch1-1,AMD Ryzen 9 3900X 12-Core Processor,"logical=24,cores=12,sockets=1,nodes=1",performance,rustc 1.97.0 (2d8144b78 2026-07-07),22.1.6,cargo 1.97.0 (c980f4866 2026-06-30),"release,lto=thin,debug=true",/home/bob/.cache/mess-bench,/dev/nvme0n1p3,ext4,/home,Samsung SSD 970 EVO Plus 2TB,[none] mq-deadline kyber bfq,249460002816,4096,1024,payload[i]=(i*131+17)&0xff,1.6611328125,accepted,,468,bytes,479700,67158000,7956,0,0,64,0,0,31827298,32287487,66600,81030,91469,24,24,1.660,1.660
b00436,boundary,iov_1024_+1,pwritev_64_1m,baseline,4,ABBA,k_pwrite,process,143500,1025,4,54215100a825da9eb7cfbd8f045e54ef05fb29bd,false,1b36f48efea63210dfeeee7270dea968ab5ba58da27f90aa42845eb8a64a6649,12b1dafe765a77d1a17115b0ae12cff973f20ed7d6d770fbd790695fe081288e,0e4833553be7825885da5ea99bceab292cc8abee6414d58b31864afe8ca9f944,c89b17de3d4d36a4e106517b0737619bd65f0e2877d95adbf2f297762f71fb7b,6e938dfcd266a2b0eac811d7ea7eabbd5b217965f88efa81371465134dbcab11,2026-07-15T19:07:22.511846+00:00,8o8-arch,7.0.12-arch1-1,AMD Ryzen 9 3900X 12-Core Processor,"logical=24,cores=12,sockets=1,nodes=1",performance,rustc 1.97.0 (2d8144b78 2026-07-07),22.1.6,cargo 1.97.0 (c980f4866 2026-06-30),"release,lto=thin,debug=true",/home/bob/.cache/mess-bench,/dev/nvme0n1p3,ext4,/home,Samsung SSD 970 EVO Plus 2TB,[none] mq-deadline kyber bfq,249459994624,4096,1024,payload[i]=(i*131+17)&0xff,1.6611328125,accepted,,468,bytes,479700,67158000,479700,0,0,0,0,0,350084018,352731969,752319,772540,813889,24,24,1.660,1.660
b00437,boundary,iov_1024_+1,copy_contiguous,candidate,1,BAAB,copy_contiguous,process,143500,1025,4,54215100a825da9eb7cfbd8f045e54ef05fb29bd,false,1b36f48efea63210dfeeee7270dea968ab5ba58da27f90aa42845eb8a64a6649,12b1dafe765a77d1a17115b0ae12cff973f20ed7d6d770fbd790695fe081288e,0e4833553be7825885da5ea99bceab292cc8abee6414d58b31864afe8ca9f944,c89b17de3d4d36a4e106517b0737619bd65f0e2877d95adbf2f297762f71fb7b,6e938dfcd266a2b0eac811d7ea7eabbd5b217965f88efa81371465134dbcab11,2026-07-15T19:07:23.539510+00:00,8o8-arch,7.0.12-arch1-1,AMD Ryzen 9 3900X 12-Core Processor,"logical=24,cores=12,sockets=1,nodes=1",performance,rustc 1.97.0 (2d8144b78 2026-07-07),22.1.6,cargo 1.97.0 (c980f4866 2026-06-30),"release,lto=thin,debug=true",/home/bob/.cache/mess-bench,/dev/nvme0n1p3,ext4,/home,Samsung SSD 970 EVO Plus 2TB,[none] mq-deadline kyber bfq,249459990528,4096,1024,payload[i]=(i*131+17)&0xff,1.6611328125,accepted,,468,bytes,479700,67158000,468,0,0,0,67158000,0,10953243,11038942,23040,27440,33990,24,24,1.660,1.660
b00438,boundary,iov_1024_+1,copy_contiguous,baseline,2,BAAB,k_pwrite,process,143500,1025,4,54215100a825da9eb7cfbd8f045e54ef05fb29bd,false,1b36f48efea63210dfeeee7270dea968ab5ba58da27f90aa42845eb8a64a6649,12b1dafe765a77d1a17115b0ae12cff973f20ed7d6d770fbd790695fe081288e,0e4833553be7825885da5ea99bceab292cc8abee6414d58b31864afe8ca9f944,c89b17de3d4d36a4e106517b0737619bd65f0e2877d95adbf2f297762f71fb7b,6e938dfcd266a2b0eac811d7ea7eabbd5b217965f88efa81371465134dbcab11,2026-07-15T19:07:24.566656+00:00,8o8-arch,7.0.12-arch1-1,AMD Ryzen 9 3900X 12-Core Processor,"logical=24,cores=12,sockets=1,nodes=1",performance,rustc 1.97.0 (2d8144b78 2026-07-07),22.1.6,cargo 1.97.0 (c980f4866 2026-06-30),"release,lto=thin,debug=true",/home/bob/.cache/mess-bench,/dev/nvme0n1p3,ext4,/home,Samsung SSD 970 EVO Plus 2TB,[none] mq-deadline kyber bfq,249459990528,4096,1024,payload[i]=(i*131+17)&0xff,1.6611328125,accepted,,468,bytes,479700,67158000,479700,0,0,0,0,0,349730338,352579259,752530,775949,788579,24,24,1.660,1.660
b00439,boundary,iov_1024_+1,copy_contiguous,baseline,3,BAAB,k_pwrite,process,143500,1025,4,54215100a825da9eb7cfbd8f045e54ef05fb29bd,false,1b36f48efea63210dfeeee7270dea968ab5ba58da27f90aa42845eb8a64a6649,12b1dafe765a77d1a17115b0ae12cff973f20ed7d6d770fbd790695fe081288e,0e4833553be7825885da5ea99bceab292cc8abee6414d58b31864afe8ca9f944,c89b17de3d4d36a4e106517b0737619bd65f0e2877d95adbf2f297762f71fb7b,6e938dfcd266a2b0eac811d7ea7eabbd5b217965f88efa81371465134dbcab11,2026-07-15T19:07:25.594174+00:00,8o8-arch,7.0.12-arch1-1,AMD Ryzen 9 3900X 12-Core Processor,"logical=24,cores=12,sockets=1,nodes=1",performance,rustc 1.97.0 (2d8144b78 2026-07-07),22.1.6,cargo 1.97.0 (c980f4866 2026-06-30),"release,lto=thin,debug=true",/home/bob/.cache/mess-bench,/dev/nvme0n1p3,ext4,/home,Samsung SSD 970 EVO Plus 2TB,[none] mq-deadline kyber bfq,249459990528,4096,1024,payload[i]=(i*131+17)&0xff,1.6611328125,accepted,,468,bytes,479700,67158000,479700,0,0,0,0,0,354848288,357521115,751360,900689,951719,24,24,1.660,1.660
b00440,boundary,iov_1024_+1,copy_contiguous,candidate,4,BAAB,copy_contiguous,process,143500,1025,4,54215100a825da9eb7cfbd8f045e54ef05fb29bd,false,1b36f48efea63210dfeeee7270dea968ab5ba58da27f90aa42845eb8a64a6649,12b1dafe765a77d1a17115b0ae12cff973f20ed7d6d770fbd790695fe081288e,0e4833553be7825885da5ea99bceab292cc8abee6414d58b31864afe8ca9f944,c89b17de3d4d36a4e106517b0737619bd65f0e2877d95adbf2f297762f71fb7b,6e938dfcd266a2b0eac811d7ea7eabbd5b217965f88efa81371465134dbcab11,2026-07-15T19:07:26.615570+00:00,8o8-arch,7.0.12-arch1-1,AMD Ryzen 9 3900X 12-Core Processor,"logical=24,cores=12,sockets=1,nodes=1",performance,rustc 1.97.0 (2d8144b78 2026-07-07),22.1.6,cargo 1.97.0 (c980f4866 2026-06-30),"release,lto=thin,debug=true",/home/bob/.cache/mess-bench,/dev/nvme0n1p3,ext4,/home,Samsung SSD 970 EVO Plus 2TB,[none] mq-deadline kyber bfq,249459986432,4096,1024,payload[i]=(i*131+17)&0xff,1.60791015625,accepted,,468,bytes,479700,67158000,468,0,0,0,67158000,0,11042323,11121922,23140,28960,32580,24,24,1.610,1.610
