point_id,phase,comparison,role,repetition,slot,order,variant,mode,payload,events_per_batch,owner_intents,writers,unit_shape,feed_source,feed_weight,source_commit,source_dirty,harness_sha256,binary_sha256,runner_sha256,evaluator_sha256,correctness_sha256,captured_at_utc,hostname,kernel,cpu_model,cpu_topology,governor,rustc,llvm,cargo,build_profile,scratch_root,mount_source,mount_fstype,mount_target,device_model,scheduler,free_bytes,page_size,iov_max,corpus_seed,guard_load1,status,error,owner_units,physical_batches,chain,iterations,stop_reason,events,domain_events,bytes,write_syscalls,short_writes,interrupted,max_iovecs,copied_bytes,barriers,cpu_ns,wall_ns,p50_ns,p95_ns,p99_ns,load1_before,load1_after
e000001,exploratory,pwritev_full_8m,baseline,1,1,ABBA,k_pwrite,process,24,1,2,2,domain,synthetic_sweep,1,54215100a825da9eb7cfbd8f045e54ef05fb29bd,false,1b36f48efea63210dfeeee7270dea968ab5ba58da27f90aa42845eb8a64a6649,12b1dafe765a77d1a17115b0ae12cff973f20ed7d6d770fbd790695fe081288e,0e4833553be7825885da5ea99bceab292cc8abee6414d58b31864afe8ca9f944,c89b17de3d4d36a4e106517b0737619bd65f0e2877d95adbf2f297762f71fb7b,6e938dfcd266a2b0eac811d7ea7eabbd5b217965f88efa81371465134dbcab11,2026-07-15T18:40:30.986586+00:00,8o8-arch,7.0.12-arch1-1,AMD Ryzen 9 3900X 12-Core Processor,"logical=24,cores=12,sockets=1,nodes=1",performance,rustc 1.97.0 (2d8144b78 2026-07-07),22.1.6,cargo 1.97.0 (c980f4866 2026-06-30),"release,lto=thin,debug=true",/home/bob/.cache/mess-bench,/dev/nvme0n1p3,ext4,/home,Samsung SSD 970 EVO Plus 2TB,[none] mq-deadline kyber bfq,249459273728,4096,1024,payload[i]=(i*131+17)&0xff,3.01025390625,accepted,,2,2,0,119838,bytes,239676,239676,33554640,239676,0,0,0,0,0,194486619,198766569,1470,1850,2050,3.010,3.010
e000002,exploratory,pwritev_full_8m,candidate,1,2,ABBA,pwritev_full_8m,process,24,1,2,2,domain,synthetic_sweep,1,54215100a825da9eb7cfbd8f045e54ef05fb29bd,false,1b36f48efea63210dfeeee7270dea968ab5ba58da27f90aa42845eb8a64a6649,12b1dafe765a77d1a17115b0ae12cff973f20ed7d6d770fbd790695fe081288e,0e4833553be7825885da5ea99bceab292cc8abee6414d58b31864afe8ca9f944,c89b17de3d4d36a4e106517b0737619bd65f0e2877d95adbf2f297762f71fb7b,6e938dfcd266a2b0eac811d7ea7eabbd5b217965f88efa81371465134dbcab11,2026-07-15T18:40:32.016822+00:00,8o8-arch,7.0.12-arch1-1,AMD Ryzen 9 3900X 12-Core Processor,"logical=24,cores=12,sockets=1,nodes=1",performance,rustc 1.97.0 (2d8144b78 2026-07-07),22.1.6,cargo 1.97.0 (c980f4866 2026-06-30),"release,lto=thin,debug=true",/home/bob/.cache/mess-bench,/dev/nvme0n1p3,ext4,/home,Samsung SSD 970 EVO Plus 2TB,[none] mq-deadline kyber bfq,249459265536,4096,1024,payload[i]=(i*131+17)&0xff,3.01025390625,accepted,,2,2,0,119838,bytes,239676,239676,33554640,119838,0,0,2,0,0,119046910,120292719,890,1080,1160,3.010,3.010
e000003,exploratory,pwritev_full_8m,candidate,1,3,ABBA,pwritev_full_8m,process,24,1,2,2,domain,synthetic_sweep,1,54215100a825da9eb7cfbd8f045e54ef05fb29bd,false,1b36f48efea63210dfeeee7270dea968ab5ba58da27f90aa42845eb8a64a6649,12b1dafe765a77d1a17115b0ae12cff973f20ed7d6d770fbd790695fe081288e,0e4833553be7825885da5ea99bceab292cc8abee6414d58b31864afe8ca9f944,c89b17de3d4d36a4e106517b0737619bd65f0e2877d95adbf2f297762f71fb7b,6e938dfcd266a2b0eac811d7ea7eabbd5b217965f88efa81371465134dbcab11,2026-07-15T18:40:33.044284+00:00,8o8-arch,7.0.12-arch1-1,AMD Ryzen 9 3900X 12-Core Processor,"logical=24,cores=12,sockets=1,nodes=1",performance,rustc 1.97.0 (2d8144b78 2026-07-07),22.1.6,cargo 1.97.0 (c980f4866 2026-06-30),"release,lto=thin,debug=true",/home/bob/.cache/mess-bench,/dev/nvme0n1p3,ext4,/home,Samsung SSD 970 EVO Plus 2TB,[none] mq-deadline kyber bfq,249459265536,4096,1024,payload[i]=(i*131+17)&0xff,3.01025390625,accepted,,2,2,0,119838,bytes,239676,239676,33554640,119838,0,0,2,0,0,119341230,120412528,890,1090,1190,3.010,3.010
e000004,exploratory,pwritev_full_8m,baseline,1,4,ABBA,k_pwrite,process,24,1,2,2,domain,synthetic_sweep,1,54215100a825da9eb7cfbd8f045e54ef05fb29bd,false,1b36f48efea63210dfeeee7270dea968ab5ba58da27f90aa42845eb8a64a6649,12b1dafe765a77d1a17115b0ae12cff973f20ed7d6d770fbd790695fe081288e,0e4833553be7825885da5ea99bceab292cc8abee6414d58b31864afe8ca9f944,c89b17de3d4d36a4e106517b0737619bd65f0e2877d95adbf2f297762f71fb7b,6e938dfcd266a2b0eac811d7ea7eabbd5b217965f88efa81371465134dbcab11,2026-07-15T18:40:34.066676+00:00,8o8-arch,7.0.12-arch1-1,AMD Ryzen 9 3900X 12-Core Processor,"logical=24,cores=12,sockets=1,nodes=1",performance,rustc 1.97.0 (2d8144b78 2026-07-07),22.1.6,cargo 1.97.0 (c980f4866 2026-06-30),"release,lto=thin,debug=true",/home/bob/.cache/mess-bench,/dev/nvme0n1p3,ext4,/home,Samsung SSD 970 EVO Plus 2TB,[none] mq-deadline kyber bfq,249459257344,4096,1024,payload[i]=(i*131+17)&0xff,3.01025390625,accepted,,2,2,0,119838,bytes,239676,239676,33554640,239676,0,0,0,0,0,190756557,195737292,1470,1789,1940,3.010,3.010
e000005,exploratory,copy_contiguous,candidate,1,1,BAAB,copy_contiguous,process,24,1,2,2,domain,synthetic_sweep,1,54215100a825da9eb7cfbd8f045e54ef05fb29bd,false,1b36f48efea63210dfeeee7270dea968ab5ba58da27f90aa42845eb8a64a6649,12b1dafe765a77d1a17115b0ae12cff973f20ed7d6d770fbd790695fe081288e,0e4833553be7825885da5ea99bceab292cc8abee6414d58b31864afe8ca9f944,c89b17de3d4d36a4e106517b0737619bd65f0e2877d95adbf2f297762f71fb7b,6e938dfcd266a2b0eac811d7ea7eabbd5b217965f88efa81371465134dbcab11,2026-07-15T18:40:35.096880+00:00,8o8-arch,7.0.12-arch1-1,AMD Ryzen 9 3900X 12-Core Processor,"logical=24,cores=12,sockets=1,nodes=1",performance,rustc 1.97.0 (2d8144b78 2026-07-07),22.1.6,cargo 1.97.0 (c980f4866 2026-06-30),"release,lto=thin,debug=true",/home/bob/.cache/mess-bench,/dev/nvme0n1p3,ext4,/home,Samsung SSD 970 EVO Plus 2TB,[none] mq-deadline kyber bfq,249459249152,4096,1024,payload[i]=(i*131+17)&0xff,3.01025390625,accepted,,2,2,0,119838,bytes,239676,239676,33554640,119838,0,0,0,33554640,0,106956487,107785338,790,1030,1070,3.010,3.010
e000006,exploratory,copy_contiguous,baseline,1,2,BAAB,k_pwrite,process,24,1,2,2,domain,synthetic_sweep,1,54215100a825da9eb7cfbd8f045e54ef05fb29bd,false,1b36f48efea63210dfeeee7270dea968ab5ba58da27f90aa42845eb8a64a6649,12b1dafe765a77d1a17115b0ae12cff973f20ed7d6d770fbd790695fe081288e,0e4833553be7825885da5ea99bceab292cc8abee6414d58b31864afe8ca9f944,c89b17de3d4d36a4e106517b0737619bd65f0e2877d95adbf2f297762f71fb7b,6e938dfcd266a2b0eac811d7ea7eabbd5b217965f88efa81371465134dbcab11,2026-07-15T18:40:36.126582+00:00,8o8-arch,7.0.12-arch1-1,AMD Ryzen 9 3900X 12-Core Processor,"logical=24,cores=12,sockets=1,nodes=1",performance,rustc 1.97.0 (2d8144b78 2026-07-07),22.1.6,cargo 1.97.0 (c980f4866 2026-06-30),"release,lto=thin,debug=true",/home/bob/.cache/mess-bench,/dev/nvme0n1p3,ext4,/home,Samsung SSD 970 EVO Plus 2TB,[none] mq-deadline kyber bfq,249459249152,4096,1024,payload[i]=(i*131+17)&0xff,2.92919921875,accepted,,2,2,0,119838,bytes,239676,239676,33554640,239676,0,0,0,0,0,193259569,194772922,1480,1810,1940,2.930,2.930
e000007,exploratory,copy_contiguous,baseline,1,3,BAAB,k_pwrite,process,24,1,2,2,domain,synthetic_sweep,1,54215100a825da9eb7cfbd8f045e54ef05fb29bd,false,1b36f48efea63210dfeeee7270dea968ab5ba58da27f90aa42845eb8a64a6649,12b1dafe765a77d1a17115b0ae12cff973f20ed7d6d770fbd790695fe081288e,0e4833553be7825885da5ea99bceab292cc8abee6414d58b31864afe8ca9f944,c89b17de3d4d36a4e106517b0737619bd65f0e2877d95adbf2f297762f71fb7b,6e938dfcd266a2b0eac811d7ea7eabbd5b217965f88efa81371465134dbcab11,2026-07-15T18:40:37.149876+00:00,8o8-arch,7.0.12-arch1-1,AMD Ryzen 9 3900X 12-Core Processor,"logical=24,cores=12,sockets=1,nodes=1",performance,rustc 1.97.0 (2d8144b78 2026-07-07),22.1.6,cargo 1.97.0 (c980f4866 2026-06-30),"release,lto=thin,debug=true",/home/bob/.cache/mess-bench,/dev/nvme0n1p3,ext4,/home,Samsung SSD 970 EVO Plus 2TB,[none] mq-deadline kyber bfq,249459179520,4096,1024,payload[i]=(i*131+17)&0xff,2.92919921875,accepted,,2,2,0,119838,bytes,239676,239676,33554640,239676,0,0,0,0,0,199392659,201329318,1480,1830,2020,2.930,2.930
e000008,exploratory,copy_contiguous,candidate,1,4,BAAB,copy_contiguous,process,24,1,2,2,domain,synthetic_sweep,1,54215100a825da9eb7cfbd8f045e54ef05fb29bd,false,1b36f48efea63210dfeeee7270dea968ab5ba58da27f90aa42845eb8a64a6649,12b1dafe765a77d1a17115b0ae12cff973f20ed7d6d770fbd790695fe081288e,0e4833553be7825885da5ea99bceab292cc8abee6414d58b31864afe8ca9f944,c89b17de3d4d36a4e106517b0737619bd65f0e2877d95adbf2f297762f71fb7b,6e938dfcd266a2b0eac811d7ea7eabbd5b217965f88efa81371465134dbcab11,2026-07-15T18:40:38.180517+00:00,8o8-arch,7.0.12-arch1-1,AMD Ryzen 9 3900X 12-Core Processor,"logical=24,cores=12,sockets=1,nodes=1",performance,rustc 1.97.0 (2d8144b78 2026-07-07),22.1.6,cargo 1.97.0 (c980f4866 2026-06-30),"release,lto=thin,debug=true",/home/bob/.cache/mess-bench,/dev/nvme0n1p3,ext4,/home,Samsung SSD 970 EVO Plus 2TB,[none] mq-deadline kyber bfq,249459175424,4096,1024,payload[i]=(i*131+17)&0xff,2.92919921875,accepted,,2,2,0,119838,bytes,239676,239676,33554640,119838,0,0,0,33554640,0,108045607,109320857,800,980,1060,2.930,2.930
e000009,exploratory,pwritev_full_8m,baseline,1,1,ABBA,k_pwrite,process,24,1,2,2,new_name,synthetic_sweep,1,54215100a825da9eb7cfbd8f045e54ef05fb29bd,false,1b36f48efea63210dfeeee7270dea968ab5ba58da27f90aa42845eb8a64a6649,12b1dafe765a77d1a17115b0ae12cff973f20ed7d6d770fbd790695fe081288e,0e4833553be7825885da5ea99bceab292cc8abee6414d58b31864afe8ca9f944,c89b17de3d4d36a4e106517b0737619bd65f0e2877d95adbf2f297762f71fb7b,6e938dfcd266a2b0eac811d7ea7eabbd5b217965f88efa81371465134dbcab11,2026-07-15T18:40:39.208620+00:00,8o8-arch,7.0.12-arch1-1,AMD Ryzen 9 3900X 12-Core Processor,"logical=24,cores=12,sockets=1,nodes=1",performance,rustc 1.97.0 (2d8144b78 2026-07-07),22.1.6,cargo 1.97.0 (c980f4866 2026-06-30),"release,lto=thin,debug=true",/home/bob/.cache/mess-bench,/dev/nvme0n1p3,ext4,/home,Samsung SSD 970 EVO Plus 2TB,[none] mq-deadline kyber bfq,249459167232,4096,1024,payload[i]=(i*131+17)&0xff,2.92919921875,accepted,,2,4,0,59919,bytes,239676,119838,33554640,239676,0,0,0,0,0,187030867,189621986,2900,3530,4880,2.930,2.930
e000010,exploratory,pwritev_full_8m,candidate,1,2,ABBA,pwritev_full_8m,process,24,1,2,2,new_name,synthetic_sweep,1,54215100a825da9eb7cfbd8f045e54ef05fb29bd,false,1b36f48efea63210dfeeee7270dea968ab5ba58da27f90aa42845eb8a64a6649,12b1dafe765a77d1a17115b0ae12cff973f20ed7d6d770fbd790695fe081288e,0e4833553be7825885da5ea99bceab292cc8abee6414d58b31864afe8ca9f944,c89b17de3d4d36a4e106517b0737619bd65f0e2877d95adbf2f297762f71fb7b,6e938dfcd266a2b0eac811d7ea7eabbd5b217965f88efa81371465134dbcab11,2026-07-15T18:40:40.239116+00:00,8o8-arch,7.0.12-arch1-1,AMD Ryzen 9 3900X 12-Core Processor,"logical=24,cores=12,sockets=1,nodes=1",performance,rustc 1.97.0 (2d8144b78 2026-07-07),22.1.6,cargo 1.97.0 (c980f4866 2026-06-30),"release,lto=thin,debug=true",/home/bob/.cache/mess-bench,/dev/nvme0n1p3,ext4,/home,Samsung SSD 970 EVO Plus 2TB,[none] mq-deadline kyber bfq,249459163136,4096,1024,payload[i]=(i*131+17)&0xff,2.92919921875,accepted,,2,4,0,59919,bytes,239676,119838,33554640,59919,0,0,4,0,0,64095716,64858261,970,1190,1250,2.930,2.930
e000011,exploratory,pwritev_full_8m,candidate,1,3,ABBA,pwritev_full_8m,process,24,1,2,2,new_name,synthetic_sweep,1,54215100a825da9eb7cfbd8f045e54ef05fb29bd,false,1b36f48efea63210dfeeee7270dea968ab5ba58da27f90aa42845eb8a64a6649,12b1dafe765a77d1a17115b0ae12cff973f20ed7d6d770fbd790695fe081288e,0e4833553be7825885da5ea99bceab292cc8abee6414d58b31864afe8ca9f944,c89b17de3d4d36a4e106517b0737619bd65f0e2877d95adbf2f297762f71fb7b,6e938dfcd266a2b0eac811d7ea7eabbd5b217965f88efa81371465134dbcab11,2026-07-15T18:40:41.269760+00:00,8o8-arch,7.0.12-arch1-1,AMD Ryzen 9 3900X 12-Core Processor,"logical=24,cores=12,sockets=1,nodes=1",performance,rustc 1.97.0 (2d8144b78 2026-07-07),22.1.6,cargo 1.97.0 (c980f4866 2026-06-30),"release,lto=thin,debug=true",/home/bob/.cache/mess-bench,/dev/nvme0n1p3,ext4,/home,Samsung SSD 970 EVO Plus 2TB,[none] mq-deadline kyber bfq,249459159040,4096,1024,payload[i]=(i*131+17)&0xff,2.6943359375,accepted,,2,4,0,59919,bytes,239676,119838,33554640,59919,0,0,4,0,0,65476117,67616669,980,1150,1250,2.690,2.690
e000012,exploratory,pwritev_full_8m,baseline,1,4,ABBA,k_pwrite,process,24,1,2,2,new_name,synthetic_sweep,1,54215100a825da9eb7cfbd8f045e54ef05fb29bd,false,1b36f48efea63210dfeeee7270dea968ab5ba58da27f90aa42845eb8a64a6649,12b1dafe765a77d1a17115b0ae12cff973f20ed7d6d770fbd790695fe081288e,0e4833553be7825885da5ea99bceab292cc8abee6414d58b31864afe8ca9f944,c89b17de3d4d36a4e106517b0737619bd65f0e2877d95adbf2f297762f71fb7b,6e938dfcd266a2b0eac811d7ea7eabbd5b217965f88efa81371465134dbcab11,2026-07-15T18:40:42.301403+00:00,8o8-arch,7.0.12-arch1-1,AMD Ryzen 9 3900X 12-Core Processor,"logical=24,cores=12,sockets=1,nodes=1",performance,rustc 1.97.0 (2d8144b78 2026-07-07),22.1.6,cargo 1.97.0 (c980f4866 2026-06-30),"release,lto=thin,debug=true",/home/bob/.cache/mess-bench,/dev/nvme0n1p3,ext4,/home,Samsung SSD 970 EVO Plus 2TB,[none] mq-deadline kyber bfq,249459101696,4096,1024,payload[i]=(i*131+17)&0xff,2.6943359375,accepted,,2,4,0,59919,bytes,239676,119838,33554640,239676,0,0,0,0,0,193075568,194768413,2910,3460,8340,2.690,2.690
e000013,exploratory,copy_contiguous,candidate,1,1,BAAB,copy_contiguous,process,24,1,2,2,new_name,synthetic_sweep,1,54215100a825da9eb7cfbd8f045e54ef05fb29bd,false,1b36f48efea63210dfeeee7270dea968ab5ba58da27f90aa42845eb8a64a6649,12b1dafe765a77d1a17115b0ae12cff973f20ed7d6d770fbd790695fe081288e,0e4833553be7825885da5ea99bceab292cc8abee6414d58b31864afe8ca9f944,c89b17de3d4d36a4e106517b0737619bd65f0e2877d95adbf2f297762f71fb7b,6e938dfcd266a2b0eac811d7ea7eabbd5b217965f88efa81371465134dbcab11,2026-07-15T18:40:43.331485+00:00,8o8-arch,7.0.12-arch1-1,AMD Ryzen 9 3900X 12-Core Processor,"logical=24,cores=12,sockets=1,nodes=1",performance,rustc 1.97.0 (2d8144b78 2026-07-07),22.1.6,cargo 1.97.0 (c980f4866 2026-06-30),"release,lto=thin,debug=true",/home/bob/.cache/mess-bench,/dev/nvme0n1p3,ext4,/home,Samsung SSD 970 EVO Plus 2TB,[none] mq-deadline kyber bfq,249459093504,4096,1024,payload[i]=(i*131+17)&0xff,2.6943359375,accepted,,2,4,0,59919,bytes,239676,119838,33554640,59919,0,0,0,33554640,0,55393764,55799517,810,990,1120,2.690,2.690
e000014,exploratory,copy_contiguous,baseline,1,2,BAAB,k_pwrite,process,24,1,2,2,new_name,synthetic_sweep,1,54215100a825da9eb7cfbd8f045e54ef05fb29bd,false,1b36f48efea63210dfeeee7270dea968ab5ba58da27f90aa42845eb8a64a6649,12b1dafe765a77d1a17115b0ae12cff973f20ed7d6d770fbd790695fe081288e,0e4833553be7825885da5ea99bceab292cc8abee6414d58b31864afe8ca9f944,c89b17de3d4d36a4e106517b0737619bd65f0e2877d95adbf2f297762f71fb7b,6e938dfcd266a2b0eac811d7ea7eabbd5b217965f88efa81371465134dbcab11,2026-07-15T18:40:44.354495+00:00,8o8-arch,7.0.12-arch1-1,AMD Ryzen 9 3900X 12-Core Processor,"logical=24,cores=12,sockets=1,nodes=1",performance,rustc 1.97.0 (2d8144b78 2026-07-07),22.1.6,cargo 1.97.0 (c980f4866 2026-06-30),"release,lto=thin,debug=true",/home/bob/.cache/mess-bench,/dev/nvme0n1p3,ext4,/home,Samsung SSD 970 EVO Plus 2TB,[none] mq-deadline kyber bfq,249459105792,4096,1024,payload[i]=(i*131+17)&0xff,2.6943359375,accepted,,2,4,0,59919,bytes,239676,119838,33554640,239676,0,0,0,0,0,181826756,183213771,2900,3460,3900,2.690,2.690
e000015,exploratory,copy_contiguous,baseline,1,3,BAAB,k_pwrite,process,24,1,2,2,new_name,synthetic_sweep,1,54215100a825da9eb7cfbd8f045e54ef05fb29bd,false,1b36f48efea63210dfeeee7270dea968ab5ba58da27f90aa42845eb8a64a6649,12b1dafe765a77d1a17115b0ae12cff973f20ed7d6d770fbd790695fe081288e,0e4833553be7825885da5ea99bceab292cc8abee6414d58b31864afe8ca9f944,c89b17de3d4d36a4e106517b0737619bd65f0e2877d95adbf2f297762f71fb7b,6e938dfcd266a2b0eac811d7ea7eabbd5b217965f88efa81371465134dbcab11,2026-07-15T18:40:45.383780+00:00,8o8-arch,7.0.12-arch1-1,AMD Ryzen 9 3900X 12-Core Processor,"logical=24,cores=12,sockets=1,nodes=1",performance,rustc 1.97.0 (2d8144b78 2026-07-07),22.1.6,cargo 1.97.0 (c980f4866 2026-06-30),"release,lto=thin,debug=true",/home/bob/.cache/mess-bench,/dev/nvme0n1p3,ext4,/home,Samsung SSD 970 EVO Plus 2TB,[none] mq-deadline kyber bfq,249459101696,4096,1024,payload[i]=(i*131+17)&0xff,2.6943359375,accepted,,2,4,0,59919,bytes,239676,119838,33554640,239676,0,0,0,0,0,191563007,193525514,2910,3570,10310,2.690,2.690
e000016,exploratory,copy_contiguous,candidate,1,4,BAAB,copy_contiguous,process,24,1,2,2,new_name,synthetic_sweep,1,54215100a825da9eb7cfbd8f045e54ef05fb29bd,false,1b36f48efea63210dfeeee7270dea968ab5ba58da27f90aa42845eb8a64a6649,12b1dafe765a77d1a17115b0ae12cff973f20ed7d6d770fbd790695fe081288e,0e4833553be7825885da5ea99bceab292cc8abee6414d58b31864afe8ca9f944,c89b17de3d4d36a4e106517b0737619bd65f0e2877d95adbf2f297762f71fb7b,6e938dfcd266a2b0eac811d7ea7eabbd5b217965f88efa81371465134dbcab11,2026-07-15T18:40:46.414951+00:00,8o8-arch,7.0.12-arch1-1,AMD Ryzen 9 3900X 12-Core Processor,"logical=24,cores=12,sockets=1,nodes=1",performance,rustc 1.97.0 (2d8144b78 2026-07-07),22.1.6,cargo 1.97.0 (c980f4866 2026-06-30),"release,lto=thin,debug=true",/home/bob/.cache/mess-bench,/dev/nvme0n1p3,ext4,/home,Samsung SSD 970 EVO Plus 2TB,[none] mq-deadline kyber bfq,249459105792,4096,1024,payload[i]=(i*131+17)&0xff,2.55859375,accepted,,2,4,0,59919,bytes,239676,119838,33554640,59919,0,0,0,33554640,0,54847273,56042538,810,1010,1090,2.560,2.560
e000017,exploratory,pwritev_full_8m,baseline,1,1,ABBA,k_pwrite,process,24,1,4,4,domain,synthetic_sweep,1,54215100a825da9eb7cfbd8f045e54ef05fb29bd,false,1b36f48efea63210dfeeee7270dea968ab5ba58da27f90aa42845eb8a64a6649,12b1dafe765a77d1a17115b0ae12cff973f20ed7d6d770fbd790695fe081288e,0e4833553be7825885da5ea99bceab292cc8abee6414d58b31864afe8ca9f944,c89b17de3d4d36a4e106517b0737619bd65f0e2877d95adbf2f297762f71fb7b,6e938dfcd266a2b0eac811d7ea7eabbd5b217965f88efa81371465134dbcab11,2026-07-15T18:40:47.436436+00:00,8o8-arch,7.0.12-arch1-1,AMD Ryzen 9 3900X 12-Core Processor,"logical=24,cores=12,sockets=1,nodes=1",performance,rustc 1.97.0 (2d8144b78 2026-07-07),22.1.6,cargo 1.97.0 (c980f4866 2026-06-30),"release,lto=thin,debug=true",/home/bob/.cache/mess-bench,/dev/nvme0n1p3,ext4,/home,Samsung SSD 970 EVO Plus 2TB,[none] mq-deadline kyber bfq,249459093504,4096,1024,payload[i]=(i*131+17)&0xff,2.55859375,accepted,,4,4,0,59919,bytes,239676,239676,33554640,239676,0,0,0,0,0,181977606,183772812,2890,3490,3900,2.560,2.560
e000018,exploratory,pwritev_full_8m,candidate,1,2,ABBA,pwritev_full_8m,process,24,1,4,4,domain,synthetic_sweep,1,54215100a825da9eb7cfbd8f045e54ef05fb29bd,false,1b36f48efea63210dfeeee7270dea968ab5ba58da27f90aa42845eb8a64a6649,12b1dafe765a77d1a17115b0ae12cff973f20ed7d6d770fbd790695fe081288e,0e4833553be7825885da5ea99bceab292cc8abee6414d58b31864afe8ca9f944,c89b17de3d4d36a4e106517b0737619bd65f0e2877d95adbf2f297762f71fb7b,6e938dfcd266a2b0eac811d7ea7eabbd5b217965f88efa81371465134dbcab11,2026-07-15T18:40:48.468696+00:00,8o8-arch,7.0.12-arch1-1,AMD Ryzen 9 3900X 12-Core Processor,"logical=24,cores=12,sockets=1,nodes=1",performance,rustc 1.97.0 (2d8144b78 2026-07-07),22.1.6,cargo 1.97.0 (c980f4866 2026-06-30),"release,lto=thin,debug=true",/home/bob/.cache/mess-bench,/dev/nvme0n1p3,ext4,/home,Samsung SSD 970 EVO Plus 2TB,[none] mq-deadline kyber bfq,249459089408,4096,1024,payload[i]=(i*131+17)&0xff,2.55859375,accepted,,4,4,0,59919,bytes,239676,239676,33554640,59919,0,0,4,0,0,64909266,65496360,970,1170,1290,2.560,2.560
e000019,exploratory,pwritev_full_8m,candidate,1,3,ABBA,pwritev_full_8m,process,24,1,4,4,domain,synthetic_sweep,1,54215100a825da9eb7cfbd8f045e54ef05fb29bd,false,1b36f48efea63210dfeeee7270dea968ab5ba58da27f90aa42845eb8a64a6649,12b1dafe765a77d1a17115b0ae12cff973f20ed7d6d770fbd790695fe081288e,0e4833553be7825885da5ea99bceab292cc8abee6414d58b31864afe8ca9f944,c89b17de3d4d36a4e106517b0737619bd65f0e2877d95adbf2f297762f71fb7b,6e938dfcd266a2b0eac811d7ea7eabbd5b217965f88efa81371465134dbcab11,2026-07-15T18:40:49.498485+00:00,8o8-arch,7.0.12-arch1-1,AMD Ryzen 9 3900X 12-Core Processor,"logical=24,cores=12,sockets=1,nodes=1",performance,rustc 1.97.0 (2d8144b78 2026-07-07),22.1.6,cargo 1.97.0 (c980f4866 2026-06-30),"release,lto=thin,debug=true",/home/bob/.cache/mess-bench,/dev/nvme0n1p3,ext4,/home,Samsung SSD 970 EVO Plus 2TB,[none] mq-deadline kyber bfq,249459089408,4096,1024,payload[i]=(i*131+17)&0xff,2.55859375,accepted,,4,4,0,59919,bytes,239676,239676,33554640,59919,0,0,4,0,0,67824967,68403618,970,1220,1300,2.560,2.560
e000020,exploratory,pwritev_full_8m,baseline,1,4,ABBA,k_pwrite,process,24,1,4,4,domain,synthetic_sweep,1,54215100a825da9eb7cfbd8f045e54ef05fb29bd,false,1b36f48efea63210dfeeee7270dea968ab5ba58da27f90aa42845eb8a64a6649,12b1dafe765a77d1a17115b0ae12cff973f20ed7d6d770fbd790695fe081288e,0e4833553be7825885da5ea99bceab292cc8abee6414d58b31864afe8ca9f944,c89b17de3d4d36a4e106517b0737619bd65f0e2877d95adbf2f297762f71fb7b,6e938dfcd266a2b0eac811d7ea7eabbd5b217965f88efa81371465134dbcab11,2026-07-15T18:40:50.524658+00:00,8o8-arch,7.0.12-arch1-1,AMD Ryzen 9 3900X 12-Core Processor,"logical=24,cores=12,sockets=1,nodes=1",performance,rustc 1.97.0 (2d8144b78 2026-07-07),22.1.6,cargo 1.97.0 (c980f4866 2026-06-30),"release,lto=thin,debug=true",/home/bob/.cache/mess-bench,/dev/nvme0n1p3,ext4,/home,Samsung SSD 970 EVO Plus 2TB,[none] mq-deadline kyber bfq,249459085312,4096,1024,payload[i]=(i*131+17)&0xff,2.55859375,accepted,,4,4,0,59919,bytes,239676,239676,33554640,239676,0,0,0,0,0,183626596,185125790,2900,3480,3730,2.560,2.560
e000021,exploratory,copy_contiguous,candidate,1,1,BAAB,copy_contiguous,process,24,1,4,4,domain,synthetic_sweep,1,54215100a825da9eb7cfbd8f045e54ef05fb29bd,false,1b36f48efea63210dfeeee7270dea968ab5ba58da27f90aa42845eb8a64a6649,12b1dafe765a77d1a17115b0ae12cff973f20ed7d6d770fbd790695fe081288e,0e4833553be7825885da5ea99bceab292cc8abee6414d58b31864afe8ca9f944,c89b17de3d4d36a4e106517b0737619bd65f0e2877d95adbf2f297762f71fb7b,6e938dfcd266a2b0eac811d7ea7eabbd5b217965f88efa81371465134dbcab11,2026-07-15T18:40:51.554139+00:00,8o8-arch,7.0.12-arch1-1,AMD Ryzen 9 3900X 12-Core Processor,"logical=24,cores=12,sockets=1,nodes=1",performance,rustc 1.97.0 (2d8144b78 2026-07-07),22.1.6,cargo 1.97.0 (c980f4866 2026-06-30),"release,lto=thin,debug=true",/home/bob/.cache/mess-bench,/dev/nvme0n1p3,ext4,/home,Samsung SSD 970 EVO Plus 2TB,[none] mq-deadline kyber bfq,249459077120,4096,1024,payload[i]=(i*131+17)&0xff,2.513671875,accepted,,4,4,0,59919,bytes,239676,239676,33554640,59919,0,0,0,33554640,0,56830574,57389626,810,1070,1150,2.510,2.510
e000022,exploratory,copy_contiguous,baseline,1,2,BAAB,k_pwrite,process,24,1,4,4,domain,synthetic_sweep,1,54215100a825da9eb7cfbd8f045e54ef05fb29bd,false,1b36f48efea63210dfeeee7270dea968ab5ba58da27f90aa42845eb8a64a6649,12b1dafe765a77d1a17115b0ae12cff973f20ed7d6d770fbd790695fe081288e,0e4833553be7825885da5ea99bceab292cc8abee6414d58b31864afe8ca9f944,c89b17de3d4d36a4e106517b0737619bd65f0e2877d95adbf2f297762f71fb7b,6e938dfcd266a2b0eac811d7ea7eabbd5b217965f88efa81371465134dbcab11,2026-07-15T18:40:52.582814+00:00,8o8-arch,7.0.12-arch1-1,AMD Ryzen 9 3900X 12-Core Processor,"logical=24,cores=12,sockets=1,nodes=1",performance,rustc 1.97.0 (2d8144b78 2026-07-07),22.1.6,cargo 1.97.0 (c980f4866 2026-06-30),"release,lto=thin,debug=true",/home/bob/.cache/mess-bench,/dev/nvme0n1p3,ext4,/home,Samsung SSD 970 EVO Plus 2TB,[none] mq-deadline kyber bfq,249459073024,4096,1024,payload[i]=(i*131+17)&0xff,2.513671875,accepted,,4,4,0,59919,bytes,239676,239676,33554640,239676,0,0,0,0,0,184767506,187019569,2890,3480,4680,2.510,2.510
e000023,exploratory,copy_contiguous,baseline,1,3,BAAB,k_pwrite,process,24,1,4,4,domain,synthetic_sweep,1,54215100a825da9eb7cfbd8f045e54ef05fb29bd,false,1b36f48efea63210dfeeee7270dea968ab5ba58da27f90aa42845eb8a64a6649,12b1dafe765a77d1a17115b0ae12cff973f20ed7d6d770fbd790695fe081288e,0e4833553be7825885da5ea99bceab292cc8abee6414d58b31864afe8ca9f944,c89b17de3d4d36a4e106517b0737619bd65f0e2877d95adbf2f297762f71fb7b,6e938dfcd266a2b0eac811d7ea7eabbd5b217965f88efa81371465134dbcab11,2026-07-15T18:40:53.612259+00:00,8o8-arch,7.0.12-arch1-1,AMD Ryzen 9 3900X 12-Core Processor,"logical=24,cores=12,sockets=1,nodes=1",performance,rustc 1.97.0 (2d8144b78 2026-07-07),22.1.6,cargo 1.97.0 (c980f4866 2026-06-30),"release,lto=thin,debug=true",/home/bob/.cache/mess-bench,/dev/nvme0n1p3,ext4,/home,Samsung SSD 970 EVO Plus 2TB,[none] mq-deadline kyber bfq,249459056640,4096,1024,payload[i]=(i*131+17)&0xff,2.513671875,accepted,,4,4,0,59919,bytes,239676,239676,33554640,239676,0,0,0,0,0,189493568,191285796,2900,3590,4460,2.510,2.510
e000024,exploratory,copy_contiguous,candidate,1,4,BAAB,copy_contiguous,process,24,1,4,4,domain,synthetic_sweep,1,54215100a825da9eb7cfbd8f045e54ef05fb29bd,false,1b36f48efea63210dfeeee7270dea968ab5ba58da27f90aa42845eb8a64a6649,12b1dafe765a77d1a17115b0ae12cff973f20ed7d6d770fbd790695fe081288e,0e4833553be7825885da5ea99bceab292cc8abee6414d58b31864afe8ca9f944,c89b17de3d4d36a4e106517b0737619bd65f0e2877d95adbf2f297762f71fb7b,6e938dfcd266a2b0eac811d7ea7eabbd5b217965f88efa81371465134dbcab11,2026-07-15T18:40:54.641629+00:00,8o8-arch,7.0.12-arch1-1,AMD Ryzen 9 3900X 12-Core Processor,"logical=24,cores=12,sockets=1,nodes=1",performance,rustc 1.97.0 (2d8144b78 2026-07-07),22.1.6,cargo 1.97.0 (c980f4866 2026-06-30),"release,lto=thin,debug=true",/home/bob/.cache/mess-bench,/dev/nvme0n1p3,ext4,/home,Samsung SSD 970 EVO Plus 2TB,[none] mq-deadline kyber bfq,249459044352,4096,1024,payload[i]=(i*131+17)&0xff,2.513671875,accepted,,4,4,0,59919,bytes,239676,239676,33554640,59919,0,0,0,33554640,0,54146462,54545149,810,960,1030,2.510,2.510
e000025,exploratory,pwritev_full_8m,baseline,1,1,ABBA,k_pwrite,process,24,1,4,4,new_name,synthetic_sweep,1,54215100a825da9eb7cfbd8f045e54ef05fb29bd,false,1b36f48efea63210dfeeee7270dea968ab5ba58da27f90aa42845eb8a64a6649,12b1dafe765a77d1a17115b0ae12cff973f20ed7d6d770fbd790695fe081288e,0e4833553be7825885da5ea99bceab292cc8abee6414d58b31864afe8ca9f944,c89b17de3d4d36a4e106517b0737619bd65f0e2877d95adbf2f297762f71fb7b,6e938dfcd266a2b0eac811d7ea7eabbd5b217965f88efa81371465134dbcab11,2026-07-15T18:40:55.675795+00:00,8o8-arch,7.0.12-arch1-1,AMD Ryzen 9 3900X 12-Core Processor,"logical=24,cores=12,sockets=1,nodes=1",performance,rustc 1.97.0 (2d8144b78 2026-07-07),22.1.6,cargo 1.97.0 (c980f4866 2026-06-30),"release,lto=thin,debug=true",/home/bob/.cache/mess-bench,/dev/nvme0n1p3,ext4,/home,Samsung SSD 970 EVO Plus 2TB,[none] mq-deadline kyber bfq,249459040256,4096,1024,payload[i]=(i*131+17)&0xff,2.513671875,accepted,,4,8,0,29960,bytes,239680,119840,33555200,239680,0,0,0,0,0,180505344,181886953,5700,6880,12750,2.510,2.550
e000026,exploratory,pwritev_full_8m,candidate,1,2,ABBA,pwritev_full_8m,process,24,1,4,4,new_name,synthetic_sweep,1,54215100a825da9eb7cfbd8f045e54ef05fb29bd,false,1b36f48efea63210dfeeee7270dea968ab5ba58da27f90aa42845eb8a64a6649,12b1dafe765a77d1a17115b0ae12cff973f20ed7d6d770fbd790695fe081288e,0e4833553be7825885da5ea99bceab292cc8abee6414d58b31864afe8ca9f944,c89b17de3d4d36a4e106517b0737619bd65f0e2877d95adbf2f297762f71fb7b,6e938dfcd266a2b0eac811d7ea7eabbd5b217965f88efa81371465134dbcab11,2026-07-15T18:40:56.705348+00:00,8o8-arch,7.0.12-arch1-1,AMD Ryzen 9 3900X 12-Core Processor,"logical=24,cores=12,sockets=1,nodes=1",performance,rustc 1.97.0 (2d8144b78 2026-07-07),22.1.6,cargo 1.97.0 (c980f4866 2026-06-30),"release,lto=thin,debug=true",/home/bob/.cache/mess-bench,/dev/nvme0n1p3,ext4,/home,Samsung SSD 970 EVO Plus 2TB,[none] mq-deadline kyber bfq,249459036160,4096,1024,payload[i]=(i*131+17)&0xff,2.552734375,accepted,,4,8,0,29960,bytes,239680,119840,33555200,29960,0,0,8,0,0,36953739,37237152,1110,1310,1530,2.550,2.550
e000027,exploratory,pwritev_full_8m,candidate,1,3,ABBA,pwritev_full_8m,process,24,1,4,4,new_name,synthetic_sweep,1,54215100a825da9eb7cfbd8f045e54ef05fb29bd,false,1b36f48efea63210dfeeee7270dea968ab5ba58da27f90aa42845eb8a64a6649,12b1dafe765a77d1a17115b0ae12cff973f20ed7d6d770fbd790695fe081288e,0e4833553be7825885da5ea99bceab292cc8abee6414d58b31864afe8ca9f944,c89b17de3d4d36a4e106517b0737619bd65f0e2877d95adbf2f297762f71fb7b,6e938dfcd266a2b0eac811d7ea7eabbd5b217965f88efa81371465134dbcab11,2026-07-15T18:40:57.735556+00:00,8o8-arch,7.0.12-arch1-1,AMD Ryzen 9 3900X 12-Core Processor,"logical=24,cores=12,sockets=1,nodes=1",performance,rustc 1.97.0 (2d8144b78 2026-07-07),22.1.6,cargo 1.97.0 (c980f4866 2026-06-30),"release,lto=thin,debug=true",/home/bob/.cache/mess-bench,/dev/nvme0n1p3,ext4,/home,Samsung SSD 970 EVO Plus 2TB,[none] mq-deadline kyber bfq,249459036160,4096,1024,payload[i]=(i*131+17)&0xff,2.552734375,accepted,,4,8,0,29960,bytes,239680,119840,33555200,29960,0,0,8,0,0,38712860,38956280,1110,1340,2070,2.550,2.550
e000028,exploratory,pwritev_full_8m,baseline,1,4,ABBA,k_pwrite,process,24,1,4,4,new_name,synthetic_sweep,1,54215100a825da9eb7cfbd8f045e54ef05fb29bd,false,1b36f48efea63210dfeeee7270dea968ab5ba58da27f90aa42845eb8a64a6649,12b1dafe765a77d1a17115b0ae12cff973f20ed7d6d770fbd790695fe081288e,0e4833553be7825885da5ea99bceab292cc8abee6414d58b31864afe8ca9f944,c89b17de3d4d36a4e106517b0737619bd65f0e2877d95adbf2f297762f71fb7b,6e938dfcd266a2b0eac811d7ea7eabbd5b217965f88efa81371465134dbcab11,2026-07-15T18:40:58.766318+00:00,8o8-arch,7.0.12-arch1-1,AMD Ryzen 9 3900X 12-Core Processor,"logical=24,cores=12,sockets=1,nodes=1",performance,rustc 1.97.0 (2d8144b78 2026-07-07),22.1.6,cargo 1.97.0 (c980f4866 2026-06-30),"release,lto=thin,debug=true",/home/bob/.cache/mess-bench,/dev/nvme0n1p3,ext4,/home,Samsung SSD 970 EVO Plus 2TB,[none] mq-deadline kyber bfq,249459036160,4096,1024,payload[i]=(i*131+17)&0xff,2.552734375,accepted,,4,8,0,29960,bytes,239680,119840,33555200,239680,0,0,0,0,0,183749955,186787189,5750,7140,13710,2.550,2.550
e000029,exploratory,copy_contiguous,candidate,1,1,BAAB,copy_contiguous,process,24,1,4,4,new_name,synthetic_sweep,1,54215100a825da9eb7cfbd8f045e54ef05fb29bd,false,1b36f48efea63210dfeeee7270dea968ab5ba58da27f90aa42845eb8a64a6649,12b1dafe765a77d1a17115b0ae12cff973f20ed7d6d770fbd790695fe081288e,0e4833553be7825885da5ea99bceab292cc8abee6414d58b31864afe8ca9f944,c89b17de3d4d36a4e106517b0737619bd65f0e2877d95adbf2f297762f71fb7b,6e938dfcd266a2b0eac811d7ea7eabbd5b217965f88efa81371465134dbcab11,2026-07-15T18:40:59.796527+00:00,8o8-arch,7.0.12-arch1-1,AMD Ryzen 9 3900X 12-Core Processor,"logical=24,cores=12,sockets=1,nodes=1",performance,rustc 1.97.0 (2d8144b78 2026-07-07),22.1.6,cargo 1.97.0 (c980f4866 2026-06-30),"release,lto=thin,debug=true",/home/bob/.cache/mess-bench,/dev/nvme0n1p3,ext4,/home,Samsung SSD 970 EVO Plus 2TB,[none] mq-deadline kyber bfq,249459032064,4096,1024,payload[i]=(i*131+17)&0xff,2.552734375,accepted,,4,8,0,29960,bytes,239680,119840,33555200,29960,0,0,0,33555200,0,28377027,28646878,850,1010,1120,2.550,2.550
e000030,exploratory,copy_contiguous,baseline,1,2,BAAB,k_pwrite,process,24,1,4,4,new_name,synthetic_sweep,1,54215100a825da9eb7cfbd8f045e54ef05fb29bd,false,1b36f48efea63210dfeeee7270dea968ab5ba58da27f90aa42845eb8a64a6649,12b1dafe765a77d1a17115b0ae12cff973f20ed7d6d770fbd790695fe081288e,0e4833553be7825885da5ea99bceab292cc8abee6414d58b31864afe8ca9f944,c89b17de3d4d36a4e106517b0737619bd65f0e2877d95adbf2f297762f71fb7b,6e938dfcd266a2b0eac811d7ea7eabbd5b217965f88efa81371465134dbcab11,2026-07-15T18:41:00.820224+00:00,8o8-arch,7.0.12-arch1-1,AMD Ryzen 9 3900X 12-Core Processor,"logical=24,cores=12,sockets=1,nodes=1",performance,rustc 1.97.0 (2d8144b78 2026-07-07),22.1.6,cargo 1.97.0 (c980f4866 2026-06-30),"release,lto=thin,debug=true",/home/bob/.cache/mess-bench,/dev/nvme0n1p3,ext4,/home,Samsung SSD 970 EVO Plus 2TB,[none] mq-deadline kyber bfq,249459027968,4096,1024,payload[i]=(i*131+17)&0xff,2.7490234375,accepted,,4,8,0,29960,bytes,239680,119840,33555200,239680,0,0,0,0,0,176926895,178721666,5690,6750,8130,2.750,2.750
e000031,exploratory,copy_contiguous,baseline,1,3,BAAB,k_pwrite,process,24,1,4,4,new_name,synthetic_sweep,1,54215100a825da9eb7cfbd8f045e54ef05fb29bd,false,1b36f48efea63210dfeeee7270dea968ab5ba58da27f90aa42845eb8a64a6649,12b1dafe765a77d1a17115b0ae12cff973f20ed7d6d770fbd790695fe081288e,0e4833553be7825885da5ea99bceab292cc8abee6414d58b31864afe8ca9f944,c89b17de3d4d36a4e106517b0737619bd65f0e2877d95adbf2f297762f71fb7b,6e938dfcd266a2b0eac811d7ea7eabbd5b217965f88efa81371465134dbcab11,2026-07-15T18:41:01.841817+00:00,8o8-arch,7.0.12-arch1-1,AMD Ryzen 9 3900X 12-Core Processor,"logical=24,cores=12,sockets=1,nodes=1",performance,rustc 1.97.0 (2d8144b78 2026-07-07),22.1.6,cargo 1.97.0 (c980f4866 2026-06-30),"release,lto=thin,debug=true",/home/bob/.cache/mess-bench,/dev/nvme0n1p3,ext4,/home,Samsung SSD 970 EVO Plus 2TB,[none] mq-deadline kyber bfq,249459023872,4096,1024,payload[i]=(i*131+17)&0xff,2.7490234375,accepted,,4,8,0,29960,bytes,239680,119840,33555200,239680,0,0,0,0,0,183432365,184893510,5710,6900,14320,2.750,2.750
e000032,exploratory,copy_contiguous,candidate,1,4,BAAB,copy_contiguous,process,24,1,4,4,new_name,synthetic_sweep,1,54215100a825da9eb7cfbd8f045e54ef05fb29bd,false,1b36f48efea63210dfeeee7270dea968ab5ba58da27f90aa42845eb8a64a6649,12b1dafe765a77d1a17115b0ae12cff973f20ed7d6d770fbd790695fe081288e,0e4833553be7825885da5ea99bceab292cc8abee6414d58b31864afe8ca9f944,c89b17de3d4d36a4e106517b0737619bd65f0e2877d95adbf2f297762f71fb7b,6e938dfcd266a2b0eac811d7ea7eabbd5b217965f88efa81371465134dbcab11,2026-07-15T18:41:02.872271+00:00,8o8-arch,7.0.12-arch1-1,AMD Ryzen 9 3900X 12-Core Processor,"logical=24,cores=12,sockets=1,nodes=1",performance,rustc 1.97.0 (2d8144b78 2026-07-07),22.1.6,cargo 1.97.0 (c980f4866 2026-06-30),"release,lto=thin,debug=true",/home/bob/.cache/mess-bench,/dev/nvme0n1p3,ext4,/home,Samsung SSD 970 EVO Plus 2TB,[none] mq-deadline kyber bfq,249459023872,4096,1024,payload[i]=(i*131+17)&0xff,2.7490234375,accepted,,4,8,0,29960,bytes,239680,119840,33555200,29960,0,0,0,33555200,0,28158197,28421129,850,980,1080,2.750,2.750
e000033,exploratory,pwritev_full_8m,baseline,1,1,ABBA,k_pwrite,process,24,1,16,4,domain,synthetic_sweep,1,54215100a825da9eb7cfbd8f045e54ef05fb29bd,false,1b36f48efea63210dfeeee7270dea968ab5ba58da27f90aa42845eb8a64a6649,12b1dafe765a77d1a17115b0ae12cff973f20ed7d6d770fbd790695fe081288e,0e4833553be7825885da5ea99bceab292cc8abee6414d58b31864afe8ca9f944,c89b17de3d4d36a4e106517b0737619bd65f0e2877d95adbf2f297762f71fb7b,6e938dfcd266a2b0eac811d7ea7eabbd5b217965f88efa81371465134dbcab11,2026-07-15T18:41:03.895696+00:00,8o8-arch,7.0.12-arch1-1,AMD Ryzen 9 3900X 12-Core Processor,"logical=24,cores=12,sockets=1,nodes=1",performance,rustc 1.97.0 (2d8144b78 2026-07-07),22.1.6,cargo 1.97.0 (c980f4866 2026-06-30),"release,lto=thin,debug=true",/home/bob/.cache/mess-bench,/dev/nvme0n1p3,ext4,/home,Samsung SSD 970 EVO Plus 2TB,[none] mq-deadline kyber bfq,249459015680,4096,1024,payload[i]=(i*131+17)&0xff,2.7490234375,accepted,,16,16,0,14980,bytes,239680,239680,33555200,239680,0,0,0,0,0,176840125,179003495,11400,13940,19940,2.750,2.750
e000034,exploratory,pwritev_full_8m,candidate,1,2,ABBA,pwritev_full_8m,process,24,1,16,4,domain,synthetic_sweep,1,54215100a825da9eb7cfbd8f045e54ef05fb29bd,false,1b36f48efea63210dfeeee7270dea968ab5ba58da27f90aa42845eb8a64a6649,12b1dafe765a77d1a17115b0ae12cff973f20ed7d6d770fbd790695fe081288e,0e4833553be7825885da5ea99bceab292cc8abee6414d58b31864afe8ca9f944,c89b17de3d4d36a4e106517b0737619bd65f0e2877d95adbf2f297762f71fb7b,6e938dfcd266a2b0eac811d7ea7eabbd5b217965f88efa81371465134dbcab11,2026-07-15T18:41:04.925517+00:00,8o8-arch,7.0.12-arch1-1,AMD Ryzen 9 3900X 12-Core Processor,"logical=24,cores=12,sockets=1,nodes=1",performance,rustc 1.97.0 (2d8144b78 2026-07-07),22.1.6,cargo 1.97.0 (c980f4866 2026-06-30),"release,lto=thin,debug=true",/home/bob/.cache/mess-bench,/dev/nvme0n1p3,ext4,/home,Samsung SSD 970 EVO Plus 2TB,[none] mq-deadline kyber bfq,249459015680,4096,1024,payload[i]=(i*131+17)&0xff,2.7490234375,accepted,,16,16,0,14980,bytes,239680,239680,33555200,14980,0,0,16,0,0,23452126,23614203,1470,1770,1840,2.750,2.750
e000035,exploratory,pwritev_full_8m,candidate,1,3,ABBA,pwritev_full_8m,process,24,1,16,4,domain,synthetic_sweep,1,54215100a825da9eb7cfbd8f045e54ef05fb29bd,false,1b36f48efea63210dfeeee7270dea968ab5ba58da27f90aa42845eb8a64a6649,12b1dafe765a77d1a17115b0ae12cff973f20ed7d6d770fbd790695fe081288e,0e4833553be7825885da5ea99bceab292cc8abee6414d58b31864afe8ca9f944,c89b17de3d4d36a4e106517b0737619bd65f0e2877d95adbf2f297762f71fb7b,6e938dfcd266a2b0eac811d7ea7eabbd5b217965f88efa81371465134dbcab11,2026-07-15T18:41:05.955565+00:00,8o8-arch,7.0.12-arch1-1,AMD Ryzen 9 3900X 12-Core Processor,"logical=24,cores=12,sockets=1,nodes=1",performance,rustc 1.97.0 (2d8144b78 2026-07-07),22.1.6,cargo 1.97.0 (c980f4866 2026-06-30),"release,lto=thin,debug=true",/home/bob/.cache/mess-bench,/dev/nvme0n1p3,ext4,/home,Samsung SSD 970 EVO Plus 2TB,[none] mq-deadline kyber bfq,249458978816,4096,1024,payload[i]=(i*131+17)&0xff,2.76953125,accepted,,16,16,0,14980,bytes,239680,239680,33555200,14980,0,0,16,0,0,23842936,24066072,1470,1890,1920,2.770,2.770
e000036,exploratory,pwritev_full_8m,baseline,1,4,ABBA,k_pwrite,process,24,1,16,4,domain,synthetic_sweep,1,54215100a825da9eb7cfbd8f045e54ef05fb29bd,false,1b36f48efea63210dfeeee7270dea968ab5ba58da27f90aa42845eb8a64a6649,12b1dafe765a77d1a17115b0ae12cff973f20ed7d6d770fbd790695fe081288e,0e4833553be7825885da5ea99bceab292cc8abee6414d58b31864afe8ca9f944,c89b17de3d4d36a4e106517b0737619bd65f0e2877d95adbf2f297762f71fb7b,6e938dfcd266a2b0eac811d7ea7eabbd5b217965f88efa81371465134dbcab11,2026-07-15T18:41:06.978751+00:00,8o8-arch,7.0.12-arch1-1,AMD Ryzen 9 3900X 12-Core Processor,"logical=24,cores=12,sockets=1,nodes=1",performance,rustc 1.97.0 (2d8144b78 2026-07-07),22.1.6,cargo 1.97.0 (c980f4866 2026-06-30),"release,lto=thin,debug=true",/home/bob/.cache/mess-bench,/dev/nvme0n1p3,ext4,/home,Samsung SSD 970 EVO Plus 2TB,[none] mq-deadline kyber bfq,249459011584,4096,1024,payload[i]=(i*131+17)&0xff,2.76953125,accepted,,16,16,0,14980,bytes,239680,239680,33555200,239680,0,0,0,0,0,174786104,176518997,11320,13560,20210,2.770,2.770
e000037,exploratory,copy_contiguous,candidate,1,1,BAAB,copy_contiguous,process,24,1,16,4,domain,synthetic_sweep,1,54215100a825da9eb7cfbd8f045e54ef05fb29bd,false,1b36f48efea63210dfeeee7270dea968ab5ba58da27f90aa42845eb8a64a6649,12b1dafe765a77d1a17115b0ae12cff973f20ed7d6d770fbd790695fe081288e,0e4833553be7825885da5ea99bceab292cc8abee6414d58b31864afe8ca9f944,c89b17de3d4d36a4e106517b0737619bd65f0e2877d95adbf2f297762f71fb7b,6e938dfcd266a2b0eac811d7ea7eabbd5b217965f88efa81371465134dbcab11,2026-07-15T18:41:08.007550+00:00,8o8-arch,7.0.12-arch1-1,AMD Ryzen 9 3900X 12-Core Processor,"logical=24,cores=12,sockets=1,nodes=1",performance,rustc 1.97.0 (2d8144b78 2026-07-07),22.1.6,cargo 1.97.0 (c980f4866 2026-06-30),"release,lto=thin,debug=true",/home/bob/.cache/mess-bench,/dev/nvme0n1p3,ext4,/home,Samsung SSD 970 EVO Plus 2TB,[none] mq-deadline kyber bfq,249459003392,4096,1024,payload[i]=(i*131+17)&0xff,2.76953125,accepted,,16,16,0,14980,bytes,239680,239680,33555200,14980,0,0,0,33555200,0,15563814,15708738,910,1070,1710,2.770,2.770
e000038,exploratory,copy_contiguous,baseline,1,2,BAAB,k_pwrite,process,24,1,16,4,domain,synthetic_sweep,1,54215100a825da9eb7cfbd8f045e54ef05fb29bd,false,1b36f48efea63210dfeeee7270dea968ab5ba58da27f90aa42845eb8a64a6649,12b1dafe765a77d1a17115b0ae12cff973f20ed7d6d770fbd790695fe081288e,0e4833553be7825885da5ea99bceab292cc8abee6414d58b31864afe8ca9f944,c89b17de3d4d36a4e106517b0737619bd65f0e2877d95adbf2f297762f71fb7b,6e938dfcd266a2b0eac811d7ea7eabbd5b217965f88efa81371465134dbcab11,2026-07-15T18:41:09.036065+00:00,8o8-arch,7.0.12-arch1-1,AMD Ryzen 9 3900X 12-Core Processor,"logical=24,cores=12,sockets=1,nodes=1",performance,rustc 1.97.0 (2d8144b78 2026-07-07),22.1.6,cargo 1.97.0 (c980f4866 2026-06-30),"release,lto=thin,debug=true",/home/bob/.cache/mess-bench,/dev/nvme0n1p3,ext4,/home,Samsung SSD 970 EVO Plus 2TB,[none] mq-deadline kyber bfq,249458999296,4096,1024,payload[i]=(i*131+17)&0xff,2.76953125,accepted,,16,16,0,14980,bytes,239680,239680,33555200,239680,0,0,0,0,0,173920574,175292998,11340,12790,19390,2.770,2.770
e000039,exploratory,copy_contiguous,baseline,1,3,BAAB,k_pwrite,process,24,1,16,4,domain,synthetic_sweep,1,54215100a825da9eb7cfbd8f045e54ef05fb29bd,false,1b36f48efea63210dfeeee7270dea968ab5ba58da27f90aa42845eb8a64a6649,12b1dafe765a77d1a17115b0ae12cff973f20ed7d6d770fbd790695fe081288e,0e4833553be7825885da5ea99bceab292cc8abee6414d58b31864afe8ca9f944,c89b17de3d4d36a4e106517b0737619bd65f0e2877d95adbf2f297762f71fb7b,6e938dfcd266a2b0eac811d7ea7eabbd5b217965f88efa81371465134dbcab11,2026-07-15T18:41:10.066366+00:00,8o8-arch,7.0.12-arch1-1,AMD Ryzen 9 3900X 12-Core Processor,"logical=24,cores=12,sockets=1,nodes=1",performance,rustc 1.97.0 (2d8144b78 2026-07-07),22.1.6,cargo 1.97.0 (c980f4866 2026-06-30),"release,lto=thin,debug=true",/home/bob/.cache/mess-bench,/dev/nvme0n1p3,ext4,/home,Samsung SSD 970 EVO Plus 2TB,[none] mq-deadline kyber bfq,249458999296,4096,1024,payload[i]=(i*131+17)&0xff,2.76953125,accepted,,16,16,0,14980,bytes,239680,239680,33555200,239680,0,0,0,0,0,177557764,180679374,11370,13820,20280,2.770,2.770
e000040,exploratory,copy_contiguous,candidate,1,4,BAAB,copy_contiguous,process,24,1,16,4,domain,synthetic_sweep,1,54215100a825da9eb7cfbd8f045e54ef05fb29bd,false,1b36f48efea63210dfeeee7270dea968ab5ba58da27f90aa42845eb8a64a6649,12b1dafe765a77d1a17115b0ae12cff973f20ed7d6d770fbd790695fe081288e,0e4833553be7825885da5ea99bceab292cc8abee6414d58b31864afe8ca9f944,c89b17de3d4d36a4e106517b0737619bd65f0e2877d95adbf2f297762f71fb7b,6e938dfcd266a2b0eac811d7ea7eabbd5b217965f88efa81371465134dbcab11,2026-07-15T18:41:11.098658+00:00,8o8-arch,7.0.12-arch1-1,AMD Ryzen 9 3900X 12-Core Processor,"logical=24,cores=12,sockets=1,nodes=1",performance,rustc 1.97.0 (2d8144b78 2026-07-07),22.1.6,cargo 1.97.0 (c980f4866 2026-06-30),"release,lto=thin,debug=true",/home/bob/.cache/mess-bench,/dev/nvme0n1p3,ext4,/home,Samsung SSD 970 EVO Plus 2TB,[none] mq-deadline kyber bfq,249458999296,4096,1024,payload[i]=(i*131+17)&0xff,2.9482421875,accepted,,16,16,0,14980,bytes,239680,239680,33555200,14980,0,0,0,33555200,0,14906833,15111559,910,1090,1160,2.950,2.950
e000041,exploratory,pwritev_full_8m,baseline,1,1,ABBA,k_pwrite,process,24,1,16,4,new_name,synthetic_sweep,1,54215100a825da9eb7cfbd8f045e54ef05fb29bd,false,1b36f48efea63210dfeeee7270dea968ab5ba58da27f90aa42845eb8a64a6649,12b1dafe765a77d1a17115b0ae12cff973f20ed7d6d770fbd790695fe081288e,0e4833553be7825885da5ea99bceab292cc8abee6414d58b31864afe8ca9f944,c89b17de3d4d36a4e106517b0737619bd65f0e2877d95adbf2f297762f71fb7b,6e938dfcd266a2b0eac811d7ea7eabbd5b217965f88efa81371465134dbcab11,2026-07-15T18:41:12.130183+00:00,8o8-arch,7.0.12-arch1-1,AMD Ryzen 9 3900X 12-Core Processor,"logical=24,cores=12,sockets=1,nodes=1",performance,rustc 1.97.0 (2d8144b78 2026-07-07),22.1.6,cargo 1.97.0 (c980f4866 2026-06-30),"release,lto=thin,debug=true",/home/bob/.cache/mess-bench,/dev/nvme0n1p3,ext4,/home,Samsung SSD 970 EVO Plus 2TB,[none] mq-deadline kyber bfq,249458962432,4096,1024,payload[i]=(i*131+17)&0xff,2.9482421875,accepted,,16,32,0,7490,bytes,239680,119840,33555200,239680,0,0,0,0,0,179266345,180699893,23060,29510,34390,2.950,2.950
e000042,exploratory,pwritev_full_8m,candidate,1,2,ABBA,pwritev_full_8m,process,24,1,16,4,new_name,synthetic_sweep,1,54215100a825da9eb7cfbd8f045e54ef05fb29bd,false,1b36f48efea63210dfeeee7270dea968ab5ba58da27f90aa42845eb8a64a6649,12b1dafe765a77d1a17115b0ae12cff973f20ed7d6d770fbd790695fe081288e,0e4833553be7825885da5ea99bceab292cc8abee6414d58b31864afe8ca9f944,c89b17de3d4d36a4e106517b0737619bd65f0e2877d95adbf2f297762f71fb7b,6e938dfcd266a2b0eac811d7ea7eabbd5b217965f88efa81371465134dbcab11,2026-07-15T18:41:13.159853+00:00,8o8-arch,7.0.12-arch1-1,AMD Ryzen 9 3900X 12-Core Processor,"logical=24,cores=12,sockets=1,nodes=1",performance,rustc 1.97.0 (2d8144b78 2026-07-07),22.1.6,cargo 1.97.0 (c980f4866 2026-06-30),"release,lto=thin,debug=true",/home/bob/.cache/mess-bench,/dev/nvme0n1p3,ext4,/home,Samsung SSD 970 EVO Plus 2TB,[none] mq-deadline kyber bfq,249458995200,4096,1024,payload[i]=(i*131+17)&0xff,2.9482421875,accepted,,16,32,0,7490,bytes,239680,119840,33555200,7490,0,0,32,0,0,19028775,19168955,2450,2480,3010,2.950,2.950
e000043,exploratory,pwritev_full_8m,candidate,1,3,ABBA,pwritev_full_8m,process,24,1,16,4,new_name,synthetic_sweep,1,54215100a825da9eb7cfbd8f045e54ef05fb29bd,false,1b36f48efea63210dfeeee7270dea968ab5ba58da27f90aa42845eb8a64a6649,12b1dafe765a77d1a17115b0ae12cff973f20ed7d6d770fbd790695fe081288e,0e4833553be7825885da5ea99bceab292cc8abee6414d58b31864afe8ca9f944,c89b17de3d4d36a4e106517b0737619bd65f0e2877d95adbf2f297762f71fb7b,6e938dfcd266a2b0eac811d7ea7eabbd5b217965f88efa81371465134dbcab11,2026-07-15T18:41:14.191779+00:00,8o8-arch,7.0.12-arch1-1,AMD Ryzen 9 3900X 12-Core Processor,"logical=24,cores=12,sockets=1,nodes=1",performance,rustc 1.97.0 (2d8144b78 2026-07-07),22.1.6,cargo 1.97.0 (c980f4866 2026-06-30),"release,lto=thin,debug=true",/home/bob/.cache/mess-bench,/dev/nvme0n1p3,ext4,/home,Samsung SSD 970 EVO Plus 2TB,[none] mq-deadline kyber bfq,249458991104,4096,1024,payload[i]=(i*131+17)&0xff,2.9482421875,accepted,,16,32,0,7490,bytes,239680,119840,33555200,7490,0,0,32,0,0,20359445,20535074,2450,3220,3300,2.950,2.950
e000044,exploratory,pwritev_full_8m,baseline,1,4,ABBA,k_pwrite,process,24,1,16,4,new_name,synthetic_sweep,1,54215100a825da9eb7cfbd8f045e54ef05fb29bd,false,1b36f48efea63210dfeeee7270dea968ab5ba58da27f90aa42845eb8a64a6649,12b1dafe765a77d1a17115b0ae12cff973f20ed7d6d770fbd790695fe081288e,0e4833553be7825885da5ea99bceab292cc8abee6414d58b31864afe8ca9f944,c89b17de3d4d36a4e106517b0737619bd65f0e2877d95adbf2f297762f71fb7b,6e938dfcd266a2b0eac811d7ea7eabbd5b217965f88efa81371465134dbcab11,2026-07-15T18:41:15.216060+00:00,8o8-arch,7.0.12-arch1-1,AMD Ryzen 9 3900X 12-Core Processor,"logical=24,cores=12,sockets=1,nodes=1",performance,rustc 1.97.0 (2d8144b78 2026-07-07),22.1.6,cargo 1.97.0 (c980f4866 2026-06-30),"release,lto=thin,debug=true",/home/bob/.cache/mess-bench,/dev/nvme0n1p3,ext4,/home,Samsung SSD 970 EVO Plus 2TB,[none] mq-deadline kyber bfq,249458987008,4096,1024,payload[i]=(i*131+17)&0xff,2.9482421875,accepted,,16,32,0,7490,bytes,239680,119840,33555200,239680,0,0,0,0,0,181655586,183440181,23120,29420,35760,2.950,2.950
e000045,exploratory,copy_contiguous,candidate,1,1,BAAB,copy_contiguous,process,24,1,16,4,new_name,synthetic_sweep,1,54215100a825da9eb7cfbd8f045e54ef05fb29bd,false,1b36f48efea63210dfeeee7270dea968ab5ba58da27f90aa42845eb8a64a6649,12b1dafe765a77d1a17115b0ae12cff973f20ed7d6d770fbd790695fe081288e,0e4833553be7825885da5ea99bceab292cc8abee6414d58b31864afe8ca9f944,c89b17de3d4d36a4e106517b0737619bd65f0e2877d95adbf2f297762f71fb7b,6e938dfcd266a2b0eac811d7ea7eabbd5b217965f88efa81371465134dbcab11,2026-07-15T18:41:16.247068+00:00,8o8-arch,7.0.12-arch1-1,AMD Ryzen 9 3900X 12-Core Processor,"logical=24,cores=12,sockets=1,nodes=1",performance,rustc 1.97.0 (2d8144b78 2026-07-07),22.1.6,cargo 1.97.0 (c980f4866 2026-06-30),"release,lto=thin,debug=true",/home/bob/.cache/mess-bench,/dev/nvme0n1p3,ext4,/home,Samsung SSD 970 EVO Plus 2TB,[none] mq-deadline kyber bfq,249458982912,4096,1024,payload[i]=(i*131+17)&0xff,2.95263671875,accepted,,16,32,0,7490,bytes,239680,119840,33555200,7490,0,0,0,33555200,0,11261593,11362422,1390,1660,1800,2.950,2.950
e000046,exploratory,copy_contiguous,baseline,1,2,BAAB,k_pwrite,process,24,1,16,4,new_name,synthetic_sweep,1,54215100a825da9eb7cfbd8f045e54ef05fb29bd,false,1b36f48efea63210dfeeee7270dea968ab5ba58da27f90aa42845eb8a64a6649,12b1dafe765a77d1a17115b0ae12cff973f20ed7d6d770fbd790695fe081288e,0e4833553be7825885da5ea99bceab292cc8abee6414d58b31864afe8ca9f944,c89b17de3d4d36a4e106517b0737619bd65f0e2877d95adbf2f297762f71fb7b,6e938dfcd266a2b0eac811d7ea7eabbd5b217965f88efa81371465134dbcab11,2026-07-15T18:41:17.278213+00:00,8o8-arch,7.0.12-arch1-1,AMD Ryzen 9 3900X 12-Core Processor,"logical=24,cores=12,sockets=1,nodes=1",performance,rustc 1.97.0 (2d8144b78 2026-07-07),22.1.6,cargo 1.97.0 (c980f4866 2026-06-30),"release,lto=thin,debug=true",/home/bob/.cache/mess-bench,/dev/nvme0n1p3,ext4,/home,Samsung SSD 970 EVO Plus 2TB,[none] mq-deadline kyber bfq,249458982912,4096,1024,payload[i]=(i*131+17)&0xff,2.95263671875,accepted,,16,32,0,7490,bytes,239680,119840,33555200,239680,0,0,0,0,0,181997706,183542832,23140,29190,38830,2.950,2.950
e000047,exploratory,copy_contiguous,baseline,1,3,BAAB,k_pwrite,process,24,1,16,4,new_name,synthetic_sweep,1,54215100a825da9eb7cfbd8f045e54ef05fb29bd,false,1b36f48efea63210dfeeee7270dea968ab5ba58da27f90aa42845eb8a64a6649,12b1dafe765a77d1a17115b0ae12cff973f20ed7d6d770fbd790695fe081288e,0e4833553be7825885da5ea99bceab292cc8abee6414d58b31864afe8ca9f944,c89b17de3d4d36a4e106517b0737619bd65f0e2877d95adbf2f297762f71fb7b,6e938dfcd266a2b0eac811d7ea7eabbd5b217965f88efa81371465134dbcab11,2026-07-15T18:41:18.306318+00:00,8o8-arch,7.0.12-arch1-1,AMD Ryzen 9 3900X 12-Core Processor,"logical=24,cores=12,sockets=1,nodes=1",performance,rustc 1.97.0 (2d8144b78 2026-07-07),22.1.6,cargo 1.97.0 (c980f4866 2026-06-30),"release,lto=thin,debug=true",/home/bob/.cache/mess-bench,/dev/nvme0n1p3,ext4,/home,Samsung SSD 970 EVO Plus 2TB,[none] mq-deadline kyber bfq,249458966528,4096,1024,payload[i]=(i*131+17)&0xff,2.95263671875,accepted,,16,32,0,7490,bytes,239680,119840,33555200,239680,0,0,0,0,0,190889738,194973703,23150,29430,62220,2.950,2.950
e000048,exploratory,copy_contiguous,candidate,1,4,BAAB,copy_contiguous,process,24,1,16,4,new_name,synthetic_sweep,1,54215100a825da9eb7cfbd8f045e54ef05fb29bd,false,1b36f48efea63210dfeeee7270dea968ab5ba58da27f90aa42845eb8a64a6649,12b1dafe765a77d1a17115b0ae12cff973f20ed7d6d770fbd790695fe081288e,0e4833553be7825885da5ea99bceab292cc8abee6414d58b31864afe8ca9f944,c89b17de3d4d36a4e106517b0737619bd65f0e2877d95adbf2f297762f71fb7b,6e938dfcd266a2b0eac811d7ea7eabbd5b217965f88efa81371465134dbcab11,2026-07-15T18:41:19.331155+00:00,8o8-arch,7.0.12-arch1-1,AMD Ryzen 9 3900X 12-Core Processor,"logical=24,cores=12,sockets=1,nodes=1",performance,rustc 1.97.0 (2d8144b78 2026-07-07),22.1.6,cargo 1.97.0 (c980f4866 2026-06-30),"release,lto=thin,debug=true",/home/bob/.cache/mess-bench,/dev/nvme0n1p3,ext4,/home,Samsung SSD 970 EVO Plus 2TB,[none] mq-deadline kyber bfq,249458966528,4096,1024,payload[i]=(i*131+17)&0xff,2.95263671875,accepted,,16,32,0,7490,bytes,239680,119840,33555200,7490,0,0,0,33555200,0,11076863,11529842,1390,1710,1900,2.950,2.950
e000049,exploratory,pwritev_full_8m,baseline,1,1,ABBA,k_pwrite,process,24,1,64,4,domain,synthetic_sweep,1,54215100a825da9eb7cfbd8f045e54ef05fb29bd,false,1b36f48efea63210dfeeee7270dea968ab5ba58da27f90aa42845eb8a64a6649,12b1dafe765a77d1a17115b0ae12cff973f20ed7d6d770fbd790695fe081288e,0e4833553be7825885da5ea99bceab292cc8abee6414d58b31864afe8ca9f944,c89b17de3d4d36a4e106517b0737619bd65f0e2877d95adbf2f297762f71fb7b,6e938dfcd266a2b0eac811d7ea7eabbd5b217965f88efa81371465134dbcab11,2026-07-15T18:41:20.362212+00:00,8o8-arch,7.0.12-arch1-1,AMD Ryzen 9 3900X 12-Core Processor,"logical=24,cores=12,sockets=1,nodes=1",performance,rustc 1.97.0 (2d8144b78 2026-07-07),22.1.6,cargo 1.97.0 (c980f4866 2026-06-30),"release,lto=thin,debug=true",/home/bob/.cache/mess-bench,/dev/nvme0n1p3,ext4,/home,Samsung SSD 970 EVO Plus 2TB,[none] mq-deadline kyber bfq,249458958336,4096,1024,payload[i]=(i*131+17)&0xff,2.95263671875,accepted,,64,64,0,3745,bytes,239680,239680,33555200,239680,0,0,0,0,0,176699673,178088096,46270,55699,60050,2.950,2.950
e000050,exploratory,pwritev_full_8m,candidate,1,2,ABBA,pwritev_full_8m,process,24,1,64,4,domain,synthetic_sweep,1,54215100a825da9eb7cfbd8f045e54ef05fb29bd,false,1b36f48efea63210dfeeee7270dea968ab5ba58da27f90aa42845eb8a64a6649,12b1dafe765a77d1a17115b0ae12cff973f20ed7d6d770fbd790695fe081288e,0e4833553be7825885da5ea99bceab292cc8abee6414d58b31864afe8ca9f944,c89b17de3d4d36a4e106517b0737619bd65f0e2877d95adbf2f297762f71fb7b,6e938dfcd266a2b0eac811d7ea7eabbd5b217965f88efa81371465134dbcab11,2026-07-15T18:41:21.384747+00:00,8o8-arch,7.0.12-arch1-1,AMD Ryzen 9 3900X 12-Core Processor,"logical=24,cores=12,sockets=1,nodes=1",performance,rustc 1.97.0 (2d8144b78 2026-07-07),22.1.6,cargo 1.97.0 (c980f4866 2026-06-30),"release,lto=thin,debug=true",/home/bob/.cache/mess-bench,/dev/nvme0n1p3,ext4,/home,Samsung SSD 970 EVO Plus 2TB,[none] mq-deadline kyber bfq,249458950144,4096,1024,payload[i]=(i*131+17)&0xff,2.8759765625,accepted,,64,64,0,3745,bytes,239680,239680,33555200,3745,0,0,64,0,0,16349984,18484396,4050,5400,5790,2.880,2.880
e000051,exploratory,pwritev_full_8m,candidate,1,3,ABBA,pwritev_full_8m,process,24,1,64,4,domain,synthetic_sweep,1,54215100a825da9eb7cfbd8f045e54ef05fb29bd,false,1b36f48efea63210dfeeee7270dea968ab5ba58da27f90aa42845eb8a64a6649,12b1dafe765a77d1a17115b0ae12cff973f20ed7d6d770fbd790695fe081288e,0e4833553be7825885da5ea99bceab292cc8abee6414d58b31864afe8ca9f944,c89b17de3d4d36a4e106517b0737619bd65f0e2877d95adbf2f297762f71fb7b,6e938dfcd266a2b0eac811d7ea7eabbd5b217965f88efa81371465134dbcab11,2026-07-15T18:41:22.414377+00:00,8o8-arch,7.0.12-arch1-1,AMD Ryzen 9 3900X 12-Core Processor,"logical=24,cores=12,sockets=1,nodes=1",performance,rustc 1.97.0 (2d8144b78 2026-07-07),22.1.6,cargo 1.97.0 (c980f4866 2026-06-30),"release,lto=thin,debug=true",/home/bob/.cache/mess-bench,/dev/nvme0n1p3,ext4,/home,Samsung SSD 970 EVO Plus 2TB,[none] mq-deadline kyber bfq,249458950144,4096,1024,payload[i]=(i*131+17)&0xff,2.8759765625,accepted,,64,64,0,3745,bytes,239680,239680,33555200,3745,0,0,64,0,0,15741793,15872859,4050,4840,5240,2.880,2.880
e000052,exploratory,pwritev_full_8m,baseline,1,4,ABBA,k_pwrite,process,24,1,64,4,domain,synthetic_sweep,1,54215100a825da9eb7cfbd8f045e54ef05fb29bd,false,1b36f48efea63210dfeeee7270dea968ab5ba58da27f90aa42845eb8a64a6649,12b1dafe765a77d1a17115b0ae12cff973f20ed7d6d770fbd790695fe081288e,0e4833553be7825885da5ea99bceab292cc8abee6414d58b31864afe8ca9f944,c89b17de3d4d36a4e106517b0737619bd65f0e2877d95adbf2f297762f71fb7b,6e938dfcd266a2b0eac811d7ea7eabbd5b217965f88efa81371465134dbcab11,2026-07-15T18:41:23.436330+00:00,8o8-arch,7.0.12-arch1-1,AMD Ryzen 9 3900X 12-Core Processor,"logical=24,cores=12,sockets=1,nodes=1",performance,rustc 1.97.0 (2d8144b78 2026-07-07),22.1.6,cargo 1.97.0 (c980f4866 2026-06-30),"release,lto=thin,debug=true",/home/bob/.cache/mess-bench,/dev/nvme0n1p3,ext4,/home,Samsung SSD 970 EVO Plus 2TB,[none] mq-deadline kyber bfq,249458950144,4096,1024,payload[i]=(i*131+17)&0xff,2.8759765625,accepted,,64,64,0,3745,bytes,239680,239680,33555200,239680,0,0,0,0,0,182770034,186446630,46540,58470,73220,2.880,2.880
e000053,exploratory,copy_contiguous,candidate,1,1,BAAB,copy_contiguous,process,24,1,64,4,domain,synthetic_sweep,1,54215100a825da9eb7cfbd8f045e54ef05fb29bd,false,1b36f48efea63210dfeeee7270dea968ab5ba58da27f90aa42845eb8a64a6649,12b1dafe765a77d1a17115b0ae12cff973f20ed7d6d770fbd790695fe081288e,0e4833553be7825885da5ea99bceab292cc8abee6414d58b31864afe8ca9f944,c89b17de3d4d36a4e106517b0737619bd65f0e2877d95adbf2f297762f71fb7b,6e938dfcd266a2b0eac811d7ea7eabbd5b217965f88efa81371465134dbcab11,2026-07-15T18:41:24.459898+00:00,8o8-arch,7.0.12-arch1-1,AMD Ryzen 9 3900X 12-Core Processor,"logical=24,cores=12,sockets=1,nodes=1",performance,rustc 1.97.0 (2d8144b78 2026-07-07),22.1.6,cargo 1.97.0 (c980f4866 2026-06-30),"release,lto=thin,debug=true",/home/bob/.cache/mess-bench,/dev/nvme0n1p3,ext4,/home,Samsung SSD 970 EVO Plus 2TB,[none] mq-deadline kyber bfq,249458946048,4096,1024,payload[i]=(i*131+17)&0xff,2.8759765625,accepted,,64,64,0,3745,bytes,239680,239680,33555200,3745,0,0,0,33555200,0,8469612,8537193,2000,2750,2850,2.880,2.880
e000054,exploratory,copy_contiguous,baseline,1,2,BAAB,k_pwrite,process,24,1,64,4,domain,synthetic_sweep,1,54215100a825da9eb7cfbd8f045e54ef05fb29bd,false,1b36f48efea63210dfeeee7270dea968ab5ba58da27f90aa42845eb8a64a6649,12b1dafe765a77d1a17115b0ae12cff973f20ed7d6d770fbd790695fe081288e,0e4833553be7825885da5ea99bceab292cc8abee6414d58b31864afe8ca9f944,c89b17de3d4d36a4e106517b0737619bd65f0e2877d95adbf2f297762f71fb7b,6e938dfcd266a2b0eac811d7ea7eabbd5b217965f88efa81371465134dbcab11,2026-07-15T18:41:25.490703+00:00,8o8-arch,7.0.12-arch1-1,AMD Ryzen 9 3900X 12-Core Processor,"logical=24,cores=12,sockets=1,nodes=1",performance,rustc 1.97.0 (2d8144b78 2026-07-07),22.1.6,cargo 1.97.0 (c980f4866 2026-06-30),"release,lto=thin,debug=true",/home/bob/.cache/mess-bench,/dev/nvme0n1p3,ext4,/home,Samsung SSD 970 EVO Plus 2TB,[none] mq-deadline kyber bfq,249458941952,4096,1024,payload[i]=(i*131+17)&0xff,2.8759765625,accepted,,64,64,0,3745,bytes,239680,239680,33555200,239680,0,0,0,0,0,183818196,186011371,46410,58340,72570,2.880,2.880
e000055,exploratory,copy_contiguous,baseline,1,3,BAAB,k_pwrite,process,24,1,64,4,domain,synthetic_sweep,1,54215100a825da9eb7cfbd8f045e54ef05fb29bd,false,1b36f48efea63210dfeeee7270dea968ab5ba58da27f90aa42845eb8a64a6649,12b1dafe765a77d1a17115b0ae12cff973f20ed7d6d770fbd790695fe081288e,0e4833553be7825885da5ea99bceab292cc8abee6414d58b31864afe8ca9f944,c89b17de3d4d36a4e106517b0737619bd65f0e2877d95adbf2f297762f71fb7b,6e938dfcd266a2b0eac811d7ea7eabbd5b217965f88efa81371465134dbcab11,2026-07-15T18:41:26.518510+00:00,8o8-arch,7.0.12-arch1-1,AMD Ryzen 9 3900X 12-Core Processor,"logical=24,cores=12,sockets=1,nodes=1",performance,rustc 1.97.0 (2d8144b78 2026-07-07),22.1.6,cargo 1.97.0 (c980f4866 2026-06-30),"release,lto=thin,debug=true",/home/bob/.cache/mess-bench,/dev/nvme0n1p3,ext4,/home,Samsung SSD 970 EVO Plus 2TB,[none] mq-deadline kyber bfq,249458941952,4096,1024,payload[i]=(i*131+17)&0xff,2.8056640625,accepted,,64,64,0,3745,bytes,239680,239680,33555200,239680,0,0,0,0,0,183628216,185416431,46430,58390,76720,2.810,2.810
e000056,exploratory,copy_contiguous,candidate,1,4,BAAB,copy_contiguous,process,24,1,64,4,domain,synthetic_sweep,1,54215100a825da9eb7cfbd8f045e54ef05fb29bd,false,1b36f48efea63210dfeeee7270dea968ab5ba58da27f90aa42845eb8a64a6649,12b1dafe765a77d1a17115b0ae12cff973f20ed7d6d770fbd790695fe081288e,0e4833553be7825885da5ea99bceab292cc8abee6414d58b31864afe8ca9f944,c89b17de3d4d36a4e106517b0737619bd65f0e2877d95adbf2f297762f71fb7b,6e938dfcd266a2b0eac811d7ea7eabbd5b217965f88efa81371465134dbcab11,2026-07-15T18:41:27.547346+00:00,8o8-arch,7.0.12-arch1-1,AMD Ryzen 9 3900X 12-Core Processor,"logical=24,cores=12,sockets=1,nodes=1",performance,rustc 1.97.0 (2d8144b78 2026-07-07),22.1.6,cargo 1.97.0 (c980f4866 2026-06-30),"release,lto=thin,debug=true",/home/bob/.cache/mess-bench,/dev/nvme0n1p3,ext4,/home,Samsung SSD 970 EVO Plus 2TB,[none] mq-deadline kyber bfq,249458937856,4096,1024,payload[i]=(i*131+17)&0xff,2.8056640625,accepted,,64,64,0,3745,bytes,239680,239680,33555200,3745,0,0,0,33555200,0,7846602,7924404,1990,2050,2720,2.810,2.810
e000057,exploratory,pwritev_full_8m,baseline,1,1,ABBA,k_pwrite,process,24,1,64,4,new_name,synthetic_sweep,1,54215100a825da9eb7cfbd8f045e54ef05fb29bd,false,1b36f48efea63210dfeeee7270dea968ab5ba58da27f90aa42845eb8a64a6649,12b1dafe765a77d1a17115b0ae12cff973f20ed7d6d770fbd790695fe081288e,0e4833553be7825885da5ea99bceab292cc8abee6414d58b31864afe8ca9f944,c89b17de3d4d36a4e106517b0737619bd65f0e2877d95adbf2f297762f71fb7b,6e938dfcd266a2b0eac811d7ea7eabbd5b217965f88efa81371465134dbcab11,2026-07-15T18:41:28.569052+00:00,8o8-arch,7.0.12-arch1-1,AMD Ryzen 9 3900X 12-Core Processor,"logical=24,cores=12,sockets=1,nodes=1",performance,rustc 1.97.0 (2d8144b78 2026-07-07),22.1.6,cargo 1.97.0 (c980f4866 2026-06-30),"release,lto=thin,debug=true",/home/bob/.cache/mess-bench,/dev/nvme0n1p3,ext4,/home,Samsung SSD 970 EVO Plus 2TB,[none] mq-deadline kyber bfq,249458917376,4096,1024,payload[i]=(i*131+17)&0xff,2.8056640625,accepted,,64,128,0,1873,bytes,239744,119872,33564160,239744,0,0,0,0,0,177051144,179863305,92840,111170,122760,2.810,2.810
e000058,exploratory,pwritev_full_8m,candidate,1,2,ABBA,pwritev_full_8m,process,24,1,64,4,new_name,synthetic_sweep,1,54215100a825da9eb7cfbd8f045e54ef05fb29bd,false,1b36f48efea63210dfeeee7270dea968ab5ba58da27f90aa42845eb8a64a6649,12b1dafe765a77d1a17115b0ae12cff973f20ed7d6d770fbd790695fe081288e,0e4833553be7825885da5ea99bceab292cc8abee6414d58b31864afe8ca9f944,c89b17de3d4d36a4e106517b0737619bd65f0e2877d95adbf2f297762f71fb7b,6e938dfcd266a2b0eac811d7ea7eabbd5b217965f88efa81371465134dbcab11,2026-07-15T18:41:29.599486+00:00,8o8-arch,7.0.12-arch1-1,AMD Ryzen 9 3900X 12-Core Processor,"logical=24,cores=12,sockets=1,nodes=1",performance,rustc 1.97.0 (2d8144b78 2026-07-07),22.1.6,cargo 1.97.0 (c980f4866 2026-06-30),"release,lto=thin,debug=true",/home/bob/.cache/mess-bench,/dev/nvme0n1p3,ext4,/home,Samsung SSD 970 EVO Plus 2TB,[none] mq-deadline kyber bfq,249458917376,4096,1024,payload[i]=(i*131+17)&0xff,2.8056640625,accepted,,64,128,0,1873,bytes,239744,119872,33564160,1873,0,0,128,0,0,13435594,13570740,7000,7830,11770,2.810,2.810
e000059,exploratory,pwritev_full_8m,candidate,1,3,ABBA,pwritev_full_8m,process,24,1,64,4,new_name,synthetic_sweep,1,54215100a825da9eb7cfbd8f045e54ef05fb29bd,false,1b36f48efea63210dfeeee7270dea968ab5ba58da27f90aa42845eb8a64a6649,12b1dafe765a77d1a17115b0ae12cff973f20ed7d6d770fbd790695fe081288e,0e4833553be7825885da5ea99bceab292cc8abee6414d58b31864afe8ca9f944,c89b17de3d4d36a4e106517b0737619bd65f0e2877d95adbf2f297762f71fb7b,6e938dfcd266a2b0eac811d7ea7eabbd5b217965f88efa81371465134dbcab11,2026-07-15T18:41:30.631517+00:00,8o8-arch,7.0.12-arch1-1,AMD Ryzen 9 3900X 12-Core Processor,"logical=24,cores=12,sockets=1,nodes=1",performance,rustc 1.97.0 (2d8144b78 2026-07-07),22.1.6,cargo 1.97.0 (c980f4866 2026-06-30),"release,lto=thin,debug=true",/home/bob/.cache/mess-bench,/dev/nvme0n1p3,ext4,/home,Samsung SSD 970 EVO Plus 2TB,[none] mq-deadline kyber bfq,249458917376,4096,1024,payload[i]=(i*131+17)&0xff,2.8056640625,accepted,,64,128,0,1873,bytes,239744,119872,33564160,1873,0,0,128,0,0,13611393,13742770,6990,8190,9480,2.810,2.810
e000060,exploratory,pwritev_full_8m,baseline,1,4,ABBA,k_pwrite,process,24,1,64,4,new_name,synthetic_sweep,1,54215100a825da9eb7cfbd8f045e54ef05fb29bd,false,1b36f48efea63210dfeeee7270dea968ab5ba58da27f90aa42845eb8a64a6649,12b1dafe765a77d1a17115b0ae12cff973f20ed7d6d770fbd790695fe081288e,0e4833553be7825885da5ea99bceab292cc8abee6414d58b31864afe8ca9f944,c89b17de3d4d36a4e106517b0737619bd65f0e2877d95adbf2f297762f71fb7b,6e938dfcd266a2b0eac811d7ea7eabbd5b217965f88efa81371465134dbcab11,2026-07-15T18:41:31.662261+00:00,8o8-arch,7.0.12-arch1-1,AMD Ryzen 9 3900X 12-Core Processor,"logical=24,cores=12,sockets=1,nodes=1",performance,rustc 1.97.0 (2d8144b78 2026-07-07),22.1.6,cargo 1.97.0 (c980f4866 2026-06-30),"release,lto=thin,debug=true",/home/bob/.cache/mess-bench,/dev/nvme0n1p3,ext4,/home,Samsung SSD 970 EVO Plus 2TB,[none] mq-deadline kyber bfq,249458913280,4096,1024,payload[i]=(i*131+17)&0xff,4.6630859375,accepted,,64,128,0,1873,bytes,239744,119872,33564160,239744,0,0,0,0,0,178176175,179995565,93420,107940,122720,4.660,4.660
e000061,exploratory,pwritev_64_8m,candidate,1,1,BAAB,pwritev_64_8m,process,24,1,64,4,new_name,synthetic_sweep,1,54215100a825da9eb7cfbd8f045e54ef05fb29bd,false,1b36f48efea63210dfeeee7270dea968ab5ba58da27f90aa42845eb8a64a6649,12b1dafe765a77d1a17115b0ae12cff973f20ed7d6d770fbd790695fe081288e,0e4833553be7825885da5ea99bceab292cc8abee6414d58b31864afe8ca9f944,c89b17de3d4d36a4e106517b0737619bd65f0e2877d95adbf2f297762f71fb7b,6e938dfcd266a2b0eac811d7ea7eabbd5b217965f88efa81371465134dbcab11,2026-07-15T18:41:32.693424+00:00,8o8-arch,7.0.12-arch1-1,AMD Ryzen 9 3900X 12-Core Processor,"logical=24,cores=12,sockets=1,nodes=1",performance,rustc 1.97.0 (2d8144b78 2026-07-07),22.1.6,cargo 1.97.0 (c980f4866 2026-06-30),"release,lto=thin,debug=true",/home/bob/.cache/mess-bench,/dev/nvme0n1p3,ext4,/home,Samsung SSD 970 EVO Plus 2TB,[none] mq-deadline kyber bfq,249458909184,4096,1024,payload[i]=(i*131+17)&0xff,4.6630859375,accepted,,64,128,0,1873,bytes,239744,119872,33564160,3746,0,0,64,0,0,15582164,15688108,8180,8390,10160,4.660,4.660
e000062,exploratory,pwritev_64_8m,baseline,1,2,BAAB,k_pwrite,process,24,1,64,4,new_name,synthetic_sweep,1,54215100a825da9eb7cfbd8f045e54ef05fb29bd,false,1b36f48efea63210dfeeee7270dea968ab5ba58da27f90aa42845eb8a64a6649,12b1dafe765a77d1a17115b0ae12cff973f20ed7d6d770fbd790695fe081288e,0e4833553be7825885da5ea99bceab292cc8abee6414d58b31864afe8ca9f944,c89b17de3d4d36a4e106517b0737619bd65f0e2877d95adbf2f297762f71fb7b,6e938dfcd266a2b0eac811d7ea7eabbd5b217965f88efa81371465134dbcab11,2026-07-15T18:41:33.722656+00:00,8o8-arch,7.0.12-arch1-1,AMD Ryzen 9 3900X 12-Core Processor,"logical=24,cores=12,sockets=1,nodes=1",performance,rustc 1.97.0 (2d8144b78 2026-07-07),22.1.6,cargo 1.97.0 (c980f4866 2026-06-30),"release,lto=thin,debug=true",/home/bob/.cache/mess-bench,/dev/nvme0n1p3,ext4,/home,Samsung SSD 970 EVO Plus 2TB,[none] mq-deadline kyber bfq,249458909184,4096,1024,payload[i]=(i*131+17)&0xff,4.6630859375,accepted,,64,128,0,1873,bytes,239744,119872,33564160,239744,0,0,0,0,0,183888917,188524888,92960,109800,145320,4.660,4.660
e000063,exploratory,pwritev_64_8m,baseline,1,3,BAAB,k_pwrite,process,24,1,64,4,new_name,synthetic_sweep,1,54215100a825da9eb7cfbd8f045e54ef05fb29bd,false,1b36f48efea63210dfeeee7270dea968ab5ba58da27f90aa42845eb8a64a6649,12b1dafe765a77d1a17115b0ae12cff973f20ed7d6d770fbd790695fe081288e,0e4833553be7825885da5ea99bceab292cc8abee6414d58b31864afe8ca9f944,c89b17de3d4d36a4e106517b0737619bd65f0e2877d95adbf2f297762f71fb7b,6e938dfcd266a2b0eac811d7ea7eabbd5b217965f88efa81371465134dbcab11,2026-07-15T18:41:34.752254+00:00,8o8-arch,7.0.12-arch1-1,AMD Ryzen 9 3900X 12-Core Processor,"logical=24,cores=12,sockets=1,nodes=1",performance,rustc 1.97.0 (2d8144b78 2026-07-07),22.1.6,cargo 1.97.0 (c980f4866 2026-06-30),"release,lto=thin,debug=true",/home/bob/.cache/mess-bench,/dev/nvme0n1p3,ext4,/home,Samsung SSD 970 EVO Plus 2TB,[none] mq-deadline kyber bfq,249458900992,4096,1024,payload[i]=(i*131+17)&0xff,4.6630859375,accepted,,64,128,0,1873,bytes,239744,119872,33564160,239744,0,0,0,0,0,184298356,185848561,93419,111910,138170,4.660,4.660
e000064,exploratory,pwritev_64_8m,candidate,1,4,BAAB,pwritev_64_8m,process,24,1,64,4,new_name,synthetic_sweep,1,54215100a825da9eb7cfbd8f045e54ef05fb29bd,false,1b36f48efea63210dfeeee7270dea968ab5ba58da27f90aa42845eb8a64a6649,12b1dafe765a77d1a17115b0ae12cff973f20ed7d6d770fbd790695fe081288e,0e4833553be7825885da5ea99bceab292cc8abee6414d58b31864afe8ca9f944,c89b17de3d4d36a4e106517b0737619bd65f0e2877d95adbf2f297762f71fb7b,6e938dfcd266a2b0eac811d7ea7eabbd5b217965f88efa81371465134dbcab11,2026-07-15T18:41:35.780180+00:00,8o8-arch,7.0.12-arch1-1,AMD Ryzen 9 3900X 12-Core Processor,"logical=24,cores=12,sockets=1,nodes=1",performance,rustc 1.97.0 (2d8144b78 2026-07-07),22.1.6,cargo 1.97.0 (c980f4866 2026-06-30),"release,lto=thin,debug=true",/home/bob/.cache/mess-bench,/dev/nvme0n1p3,ext4,/home,Samsung SSD 970 EVO Plus 2TB,[none] mq-deadline kyber bfq,249458900992,4096,1024,payload[i]=(i*131+17)&0xff,4.6630859375,accepted,,64,128,0,1873,bytes,239744,119872,33564160,3746,0,0,64,0,0,15654374,15769949,8180,9310,11110,4.660,4.370
e000065,exploratory,copy_contiguous,baseline,1,1,ABBA,k_pwrite,process,24,1,64,4,new_name,synthetic_sweep,1,54215100a825da9eb7cfbd8f045e54ef05fb29bd,false,1b36f48efea63210dfeeee7270dea968ab5ba58da27f90aa42845eb8a64a6649,12b1dafe765a77d1a17115b0ae12cff973f20ed7d6d770fbd790695fe081288e,0e4833553be7825885da5ea99bceab292cc8abee6414d58b31864afe8ca9f944,c89b17de3d4d36a4e106517b0737619bd65f0e2877d95adbf2f297762f71fb7b,6e938dfcd266a2b0eac811d7ea7eabbd5b217965f88efa81371465134dbcab11,2026-07-15T18:41:36.808234+00:00,8o8-arch,7.0.12-arch1-1,AMD Ryzen 9 3900X 12-Core Processor,"logical=24,cores=12,sockets=1,nodes=1",performance,rustc 1.97.0 (2d8144b78 2026-07-07),22.1.6,cargo 1.97.0 (c980f4866 2026-06-30),"release,lto=thin,debug=true",/home/bob/.cache/mess-bench,/dev/nvme0n1p3,ext4,/home,Samsung SSD 970 EVO Plus 2TB,[none] mq-deadline kyber bfq,249458892800,4096,1024,payload[i]=(i*131+17)&0xff,4.36962890625,accepted,,64,128,0,1873,bytes,239744,119872,33564160,239744,0,0,0,0,0,179833105,181262714,93320,116740,124180,4.370,4.370
e000066,exploratory,copy_contiguous,candidate,1,2,ABBA,copy_contiguous,process,24,1,64,4,new_name,synthetic_sweep,1,54215100a825da9eb7cfbd8f045e54ef05fb29bd,false,1b36f48efea63210dfeeee7270dea968ab5ba58da27f90aa42845eb8a64a6649,12b1dafe765a77d1a17115b0ae12cff973f20ed7d6d770fbd790695fe081288e,0e4833553be7825885da5ea99bceab292cc8abee6414d58b31864afe8ca9f944,c89b17de3d4d36a4e106517b0737619bd65f0e2877d95adbf2f297762f71fb7b,6e938dfcd266a2b0eac811d7ea7eabbd5b217965f88efa81371465134dbcab11,2026-07-15T18:41:37.837891+00:00,8o8-arch,7.0.12-arch1-1,AMD Ryzen 9 3900X 12-Core Processor,"logical=24,cores=12,sockets=1,nodes=1",performance,rustc 1.97.0 (2d8144b78 2026-07-07),22.1.6,cargo 1.97.0 (c980f4866 2026-06-30),"release,lto=thin,debug=true",/home/bob/.cache/mess-bench,/dev/nvme0n1p3,ext4,/home,Samsung SSD 970 EVO Plus 2TB,[none] mq-deadline kyber bfq,249458892800,4096,1024,payload[i]=(i*131+17)&0xff,4.36962890625,accepted,,64,128,0,1873,bytes,239744,119872,33564160,1873,0,0,0,33564160,0,5735542,5780636,2950,3280,3910,4.370,4.370
e000067,exploratory,copy_contiguous,candidate,1,3,ABBA,copy_contiguous,process,24,1,64,4,new_name,synthetic_sweep,1,54215100a825da9eb7cfbd8f045e54ef05fb29bd,false,1b36f48efea63210dfeeee7270dea968ab5ba58da27f90aa42845eb8a64a6649,12b1dafe765a77d1a17115b0ae12cff973f20ed7d6d770fbd790695fe081288e,0e4833553be7825885da5ea99bceab292cc8abee6414d58b31864afe8ca9f944,c89b17de3d4d36a4e106517b0737619bd65f0e2877d95adbf2f297762f71fb7b,6e938dfcd266a2b0eac811d7ea7eabbd5b217965f88efa81371465134dbcab11,2026-07-15T18:41:38.867813+00:00,8o8-arch,7.0.12-arch1-1,AMD Ryzen 9 3900X 12-Core Processor,"logical=24,cores=12,sockets=1,nodes=1",performance,rustc 1.97.0 (2d8144b78 2026-07-07),22.1.6,cargo 1.97.0 (c980f4866 2026-06-30),"release,lto=thin,debug=true",/home/bob/.cache/mess-bench,/dev/nvme0n1p3,ext4,/home,Samsung SSD 970 EVO Plus 2TB,[none] mq-deadline kyber bfq,249458884608,4096,1024,payload[i]=(i*131+17)&0xff,4.36962890625,accepted,,64,128,0,1873,bytes,239744,119872,33564160,1873,0,0,0,33564160,0,5764671,5795286,2960,3550,3840,4.370,4.370
e000068,exploratory,copy_contiguous,baseline,1,4,ABBA,k_pwrite,process,24,1,64,4,new_name,synthetic_sweep,1,54215100a825da9eb7cfbd8f045e54ef05fb29bd,false,1b36f48efea63210dfeeee7270dea968ab5ba58da27f90aa42845eb8a64a6649,12b1dafe765a77d1a17115b0ae12cff973f20ed7d6d770fbd790695fe081288e,0e4833553be7825885da5ea99bceab292cc8abee6414d58b31864afe8ca9f944,c89b17de3d4d36a4e106517b0737619bd65f0e2877d95adbf2f297762f71fb7b,6e938dfcd266a2b0eac811d7ea7eabbd5b217965f88efa81371465134dbcab11,2026-07-15T18:41:39.898716+00:00,8o8-arch,7.0.12-arch1-1,AMD Ryzen 9 3900X 12-Core Processor,"logical=24,cores=12,sockets=1,nodes=1",performance,rustc 1.97.0 (2d8144b78 2026-07-07),22.1.6,cargo 1.97.0 (c980f4866 2026-06-30),"release,lto=thin,debug=true",/home/bob/.cache/mess-bench,/dev/nvme0n1p3,ext4,/home,Samsung SSD 970 EVO Plus 2TB,[none] mq-deadline kyber bfq,249458880512,4096,1024,payload[i]=(i*131+17)&0xff,4.36962890625,accepted,,64,128,0,1873,bytes,239744,119872,33564160,239744,0,0,0,0,0,181720285,183641152,93089,116780,148190,4.370,4.370
e000069,exploratory,pwritev_full_8m,candidate,1,1,BAAB,pwritev_full_8m,process,24,1,256,4,domain,synthetic_sweep,1,54215100a825da9eb7cfbd8f045e54ef05fb29bd,false,1b36f48efea63210dfeeee7270dea968ab5ba58da27f90aa42845eb8a64a6649,12b1dafe765a77d1a17115b0ae12cff973f20ed7d6d770fbd790695fe081288e,0e4833553be7825885da5ea99bceab292cc8abee6414d58b31864afe8ca9f944,c89b17de3d4d36a4e106517b0737619bd65f0e2877d95adbf2f297762f71fb7b,6e938dfcd266a2b0eac811d7ea7eabbd5b217965f88efa81371465134dbcab11,2026-07-15T18:41:40.921058+00:00,8o8-arch,7.0.12-arch1-1,AMD Ryzen 9 3900X 12-Core Processor,"logical=24,cores=12,sockets=1,nodes=1",performance,rustc 1.97.0 (2d8144b78 2026-07-07),22.1.6,cargo 1.97.0 (c980f4866 2026-06-30),"release,lto=thin,debug=true",/home/bob/.cache/mess-bench,/dev/nvme0n1p3,ext4,/home,Samsung SSD 970 EVO Plus 2TB,[none] mq-deadline kyber bfq,249458880512,4096,1024,payload[i]=(i*131+17)&0xff,4.82080078125,accepted,,256,256,0,937,bytes,239872,239872,33582080,937,0,0,256,0,0,11797003,11885361,12390,13630,19060,4.820,4.820
e000070,exploratory,pwritev_full_8m,baseline,1,2,BAAB,k_pwrite,process,24,1,256,4,domain,synthetic_sweep,1,54215100a825da9eb7cfbd8f045e54ef05fb29bd,false,1b36f48efea63210dfeeee7270dea968ab5ba58da27f90aa42845eb8a64a6649,12b1dafe765a77d1a17115b0ae12cff973f20ed7d6d770fbd790695fe081288e,0e4833553be7825885da5ea99bceab292cc8abee6414d58b31864afe8ca9f944,c89b17de3d4d36a4e106517b0737619bd65f0e2877d95adbf2f297762f71fb7b,6e938dfcd266a2b0eac811d7ea7eabbd5b217965f88efa81371465134dbcab11,2026-07-15T18:41:41.941479+00:00,8o8-arch,7.0.12-arch1-1,AMD Ryzen 9 3900X 12-Core Processor,"logical=24,cores=12,sockets=1,nodes=1",performance,rustc 1.97.0 (2d8144b78 2026-07-07),22.1.6,cargo 1.97.0 (c980f4866 2026-06-30),"release,lto=thin,debug=true",/home/bob/.cache/mess-bench,/dev/nvme0n1p3,ext4,/home,Samsung SSD 970 EVO Plus 2TB,[none] mq-deadline kyber bfq,249458876416,4096,1024,payload[i]=(i*131+17)&0xff,4.82080078125,accepted,,256,256,0,937,bytes,239872,239872,33582080,239872,0,0,0,0,0,180791585,183810072,186680,209810,237320,4.820,4.820
e000071,exploratory,pwritev_full_8m,baseline,1,3,BAAB,k_pwrite,process,24,1,256,4,domain,synthetic_sweep,1,54215100a825da9eb7cfbd8f045e54ef05fb29bd,false,1b36f48efea63210dfeeee7270dea968ab5ba58da27f90aa42845eb8a64a6649,12b1dafe765a77d1a17115b0ae12cff973f20ed7d6d770fbd790695fe081288e,0e4833553be7825885da5ea99bceab292cc8abee6414d58b31864afe8ca9f944,c89b17de3d4d36a4e106517b0737619bd65f0e2877d95adbf2f297762f71fb7b,6e938dfcd266a2b0eac811d7ea7eabbd5b217965f88efa81371465134dbcab11,2026-07-15T18:41:42.963524+00:00,8o8-arch,7.0.12-arch1-1,AMD Ryzen 9 3900X 12-Core Processor,"logical=24,cores=12,sockets=1,nodes=1",performance,rustc 1.97.0 (2d8144b78 2026-07-07),22.1.6,cargo 1.97.0 (c980f4866 2026-06-30),"release,lto=thin,debug=true",/home/bob/.cache/mess-bench,/dev/nvme0n1p3,ext4,/home,Samsung SSD 970 EVO Plus 2TB,[none] mq-deadline kyber bfq,249458872320,4096,1024,payload[i]=(i*131+17)&0xff,4.82080078125,accepted,,256,256,0,937,bytes,239872,239872,33582080,239872,0,0,0,0,0,181421715,183365662,187090,234809,250430,4.820,4.820
e000072,exploratory,pwritev_full_8m,candidate,1,4,BAAB,pwritev_full_8m,process,24,1,256,4,domain,synthetic_sweep,1,54215100a825da9eb7cfbd8f045e54ef05fb29bd,false,1b36f48efea63210dfeeee7270dea968ab5ba58da27f90aa42845eb8a64a6649,12b1dafe765a77d1a17115b0ae12cff973f20ed7d6d770fbd790695fe081288e,0e4833553be7825885da5ea99bceab292cc8abee6414d58b31864afe8ca9f944,c89b17de3d4d36a4e106517b0737619bd65f0e2877d95adbf2f297762f71fb7b,6e938dfcd266a2b0eac811d7ea7eabbd5b217965f88efa81371465134dbcab11,2026-07-15T18:41:43.993360+00:00,8o8-arch,7.0.12-arch1-1,AMD Ryzen 9 3900X 12-Core Processor,"logical=24,cores=12,sockets=1,nodes=1",performance,rustc 1.97.0 (2d8144b78 2026-07-07),22.1.6,cargo 1.97.0 (c980f4866 2026-06-30),"release,lto=thin,debug=true",/home/bob/.cache/mess-bench,/dev/nvme0n1p3,ext4,/home,Samsung SSD 970 EVO Plus 2TB,[none] mq-deadline kyber bfq,249458868224,4096,1024,payload[i]=(i*131+17)&0xff,4.82080078125,accepted,,256,256,0,937,bytes,239872,239872,33582080,937,0,0,256,0,0,12197504,12294310,12410,15770,19370,4.820,4.820
e000073,exploratory,pwritev_64_8m,baseline,1,1,ABBA,k_pwrite,process,24,1,256,4,domain,synthetic_sweep,1,54215100a825da9eb7cfbd8f045e54ef05fb29bd,false,1b36f48efea63210dfeeee7270dea968ab5ba58da27f90aa42845eb8a64a6649,12b1dafe765a77d1a17115b0ae12cff973f20ed7d6d770fbd790695fe081288e,0e4833553be7825885da5ea99bceab292cc8abee6414d58b31864afe8ca9f944,c89b17de3d4d36a4e106517b0737619bd65f0e2877d95adbf2f297762f71fb7b,6e938dfcd266a2b0eac811d7ea7eabbd5b217965f88efa81371465134dbcab11,2026-07-15T18:41:45.022808+00:00,8o8-arch,7.0.12-arch1-1,AMD Ryzen 9 3900X 12-Core Processor,"logical=24,cores=12,sockets=1,nodes=1",performance,rustc 1.97.0 (2d8144b78 2026-07-07),22.1.6,cargo 1.97.0 (c980f4866 2026-06-30),"release,lto=thin,debug=true",/home/bob/.cache/mess-bench,/dev/nvme0n1p3,ext4,/home,Samsung SSD 970 EVO Plus 2TB,[none] mq-deadline kyber bfq,249458864128,4096,1024,payload[i]=(i*131+17)&0xff,4.82080078125,accepted,,256,256,0,937,bytes,239872,239872,33582080,239872,0,0,0,0,0,184713847,186767380,187460,223519,267080,4.820,4.820
e000074,exploratory,pwritev_64_8m,candidate,1,2,ABBA,pwritev_64_8m,process,24,1,256,4,domain,synthetic_sweep,1,54215100a825da9eb7cfbd8f045e54ef05fb29bd,false,1b36f48efea63210dfeeee7270dea968ab5ba58da27f90aa42845eb8a64a6649,12b1dafe765a77d1a17115b0ae12cff973f20ed7d6d770fbd790695fe081288e,0e4833553be7825885da5ea99bceab292cc8abee6414d58b31864afe8ca9f944,c89b17de3d4d36a4e106517b0737619bd65f0e2877d95adbf2f297762f71fb7b,6e938dfcd266a2b0eac811d7ea7eabbd5b217965f88efa81371465134dbcab11,2026-07-15T18:41:46.044812+00:00,8o8-arch,7.0.12-arch1-1,AMD Ryzen 9 3900X 12-Core Processor,"logical=24,cores=12,sockets=1,nodes=1",performance,rustc 1.97.0 (2d8144b78 2026-07-07),22.1.6,cargo 1.97.0 (c980f4866 2026-06-30),"release,lto=thin,debug=true",/home/bob/.cache/mess-bench,/dev/nvme0n1p3,ext4,/home,Samsung SSD 970 EVO Plus 2TB,[none] mq-deadline kyber bfq,249458868224,4096,1024,payload[i]=(i*131+17)&0xff,5.79638671875,accepted,,256,256,0,937,bytes,239872,239872,33582080,3748,0,0,64,0,0,17299455,17421867,16310,19250,43990,5.800,5.800
e000075,exploratory,pwritev_64_8m,candidate,1,3,ABBA,pwritev_64_8m,process,24,1,256,4,domain,synthetic_sweep,1,54215100a825da9eb7cfbd8f045e54ef05fb29bd,false,1b36f48efea63210dfeeee7270dea968ab5ba58da27f90aa42845eb8a64a6649,12b1dafe765a77d1a17115b0ae12cff973f20ed7d6d770fbd790695fe081288e,0e4833553be7825885da5ea99bceab292cc8abee6414d58b31864afe8ca9f944,c89b17de3d4d36a4e106517b0737619bd65f0e2877d95adbf2f297762f71fb7b,6e938dfcd266a2b0eac811d7ea7eabbd5b217965f88efa81371465134dbcab11,2026-07-15T18:41:47.073107+00:00,8o8-arch,7.0.12-arch1-1,AMD Ryzen 9 3900X 12-Core Processor,"logical=24,cores=12,sockets=1,nodes=1",performance,rustc 1.97.0 (2d8144b78 2026-07-07),22.1.6,cargo 1.97.0 (c980f4866 2026-06-30),"release,lto=thin,debug=true",/home/bob/.cache/mess-bench,/dev/nvme0n1p3,ext4,/home,Samsung SSD 970 EVO Plus 2TB,[none] mq-deadline kyber bfq,249458868224,4096,1024,payload[i]=(i*131+17)&0xff,5.79638671875,accepted,,256,256,0,937,bytes,239872,239872,33582080,3748,0,0,64,0,0,15970744,16135168,16320,19290,32920,5.800,5.800
e000076,exploratory,pwritev_64_8m,baseline,1,4,ABBA,k_pwrite,process,24,1,256,4,domain,synthetic_sweep,1,54215100a825da9eb7cfbd8f045e54ef05fb29bd,false,1b36f48efea63210dfeeee7270dea968ab5ba58da27f90aa42845eb8a64a6649,12b1dafe765a77d1a17115b0ae12cff973f20ed7d6d770fbd790695fe081288e,0e4833553be7825885da5ea99bceab292cc8abee6414d58b31864afe8ca9f944,c89b17de3d4d36a4e106517b0737619bd65f0e2877d95adbf2f297762f71fb7b,6e938dfcd266a2b0eac811d7ea7eabbd5b217965f88efa81371465134dbcab11,2026-07-15T18:41:48.102940+00:00,8o8-arch,7.0.12-arch1-1,AMD Ryzen 9 3900X 12-Core Processor,"logical=24,cores=12,sockets=1,nodes=1",performance,rustc 1.97.0 (2d8144b78 2026-07-07),22.1.6,cargo 1.97.0 (c980f4866 2026-06-30),"release,lto=thin,debug=true",/home/bob/.cache/mess-bench,/dev/nvme0n1p3,ext4,/home,Samsung SSD 970 EVO Plus 2TB,[none] mq-deadline kyber bfq,249458868224,4096,1024,payload[i]=(i*131+17)&0xff,5.79638671875,accepted,,256,256,0,937,bytes,239872,239872,33582080,239872,0,0,0,0,0,180517864,183413063,188410,228880,248640,5.800,5.800
e000077,exploratory,copy_contiguous,candidate,1,1,BAAB,copy_contiguous,process,24,1,256,4,domain,synthetic_sweep,1,54215100a825da9eb7cfbd8f045e54ef05fb29bd,false,1b36f48efea63210dfeeee7270dea968ab5ba58da27f90aa42845eb8a64a6649,12b1dafe765a77d1a17115b0ae12cff973f20ed7d6d770fbd790695fe081288e,0e4833553be7825885da5ea99bceab292cc8abee6414d58b31864afe8ca9f944,c89b17de3d4d36a4e106517b0737619bd65f0e2877d95adbf2f297762f71fb7b,6e938dfcd266a2b0eac811d7ea7eabbd5b217965f88efa81371465134dbcab11,2026-07-15T18:41:49.126496+00:00,8o8-arch,7.0.12-arch1-1,AMD Ryzen 9 3900X 12-Core Processor,"logical=24,cores=12,sockets=1,nodes=1",performance,rustc 1.97.0 (2d8144b78 2026-07-07),22.1.6,cargo 1.97.0 (c980f4866 2026-06-30),"release,lto=thin,debug=true",/home/bob/.cache/mess-bench,/dev/nvme0n1p3,ext4,/home,Samsung SSD 970 EVO Plus 2TB,[none] mq-deadline kyber bfq,249458864128,4096,1024,payload[i]=(i*131+17)&0xff,5.79638671875,accepted,,256,256,0,937,bytes,239872,239872,33582080,937,0,0,0,33582080,0,4379491,4419287,4490,5630,6160,5.800,5.800
e000078,exploratory,copy_contiguous,baseline,1,2,BAAB,k_pwrite,process,24,1,256,4,domain,synthetic_sweep,1,54215100a825da9eb7cfbd8f045e54ef05fb29bd,false,1b36f48efea63210dfeeee7270dea968ab5ba58da27f90aa42845eb8a64a6649,12b1dafe765a77d1a17115b0ae12cff973f20ed7d6d770fbd790695fe081288e,0e4833553be7825885da5ea99bceab292cc8abee6414d58b31864afe8ca9f944,c89b17de3d4d36a4e106517b0737619bd65f0e2877d95adbf2f297762f71fb7b,6e938dfcd266a2b0eac811d7ea7eabbd5b217965f88efa81371465134dbcab11,2026-07-15T18:41:50.154189+00:00,8o8-arch,7.0.12-arch1-1,AMD Ryzen 9 3900X 12-Core Processor,"logical=24,cores=12,sockets=1,nodes=1",performance,rustc 1.97.0 (2d8144b78 2026-07-07),22.1.6,cargo 1.97.0 (c980f4866 2026-06-30),"release,lto=thin,debug=true",/home/bob/.cache/mess-bench,/dev/nvme0n1p3,ext4,/home,Samsung SSD 970 EVO Plus 2TB,[none] mq-deadline kyber bfq,249458864128,4096,1024,payload[i]=(i*131+17)&0xff,5.79638671875,accepted,,256,256,0,937,bytes,239872,239872,33582080,239872,0,0,0,0,0,179972895,181645724,187509,210779,270600,5.800,5.800
e000079,exploratory,copy_contiguous,baseline,1,3,BAAB,k_pwrite,process,24,1,256,4,domain,synthetic_sweep,1,54215100a825da9eb7cfbd8f045e54ef05fb29bd,false,1b36f48efea63210dfeeee7270dea968ab5ba58da27f90aa42845eb8a64a6649,12b1dafe765a77d1a17115b0ae12cff973f20ed7d6d770fbd790695fe081288e,0e4833553be7825885da5ea99bceab292cc8abee6414d58b31864afe8ca9f944,c89b17de3d4d36a4e106517b0737619bd65f0e2877d95adbf2f297762f71fb7b,6e938dfcd266a2b0eac811d7ea7eabbd5b217965f88efa81371465134dbcab11,2026-07-15T18:41:51.176498+00:00,8o8-arch,7.0.12-arch1-1,AMD Ryzen 9 3900X 12-Core Processor,"logical=24,cores=12,sockets=1,nodes=1",performance,rustc 1.97.0 (2d8144b78 2026-07-07),22.1.6,cargo 1.97.0 (c980f4866 2026-06-30),"release,lto=thin,debug=true",/home/bob/.cache/mess-bench,/dev/nvme0n1p3,ext4,/home,Samsung SSD 970 EVO Plus 2TB,[none] mq-deadline kyber bfq,249437843456,4096,1024,payload[i]=(i*131+17)&0xff,5.95849609375,accepted,,256,256,0,937,bytes,239872,239872,33582080,239872,0,0,0,0,0,176389974,177704527,185670,201769,231510,5.960,5.960
e000080,exploratory,copy_contiguous,candidate,1,4,BAAB,copy_contiguous,process,24,1,256,4,domain,synthetic_sweep,1,54215100a825da9eb7cfbd8f045e54ef05fb29bd,false,1b36f48efea63210dfeeee7270dea968ab5ba58da27f90aa42845eb8a64a6649,12b1dafe765a77d1a17115b0ae12cff973f20ed7d6d770fbd790695fe081288e,0e4833553be7825885da5ea99bceab292cc8abee6414d58b31864afe8ca9f944,c89b17de3d4d36a4e106517b0737619bd65f0e2877d95adbf2f297762f71fb7b,6e938dfcd266a2b0eac811d7ea7eabbd5b217965f88efa81371465134dbcab11,2026-07-15T18:42:08.206613+00:00,8o8-arch,7.0.12-arch1-1,AMD Ryzen 9 3900X 12-Core Processor,"logical=24,cores=12,sockets=1,nodes=1",performance,rustc 1.97.0 (2d8144b78 2026-07-07),22.1.6,cargo 1.97.0 (c980f4866 2026-06-30),"release,lto=thin,debug=true",/home/bob/.cache/mess-bench,/dev/nvme0n1p3,ext4,/home,Samsung SSD 970 EVO Plus 2TB,[none] mq-deadline kyber bfq,249437839360,4096,1024,payload[i]=(i*131+17)&0xff,5.95849609375,accepted,,256,256,0,937,bytes,239872,239872,33582080,937,0,0,0,33582080,0,4333661,4377956,4480,4600,6900,5.960,5.960
e000081,exploratory,pwritev_full_8m,baseline,1,1,ABBA,k_pwrite,process,24,1,256,4,new_name,synthetic_sweep,1,54215100a825da9eb7cfbd8f045e54ef05fb29bd,false,1b36f48efea63210dfeeee7270dea968ab5ba58da27f90aa42845eb8a64a6649,12b1dafe765a77d1a17115b0ae12cff973f20ed7d6d770fbd790695fe081288e,0e4833553be7825885da5ea99bceab292cc8abee6414d58b31864afe8ca9f944,c89b17de3d4d36a4e106517b0737619bd65f0e2877d95adbf2f297762f71fb7b,6e938dfcd266a2b0eac811d7ea7eabbd5b217965f88efa81371465134dbcab11,2026-07-15T18:42:09.236603+00:00,8o8-arch,7.0.12-arch1-1,AMD Ryzen 9 3900X 12-Core Processor,"logical=24,cores=12,sockets=1,nodes=1",performance,rustc 1.97.0 (2d8144b78 2026-07-07),22.1.6,cargo 1.97.0 (c980f4866 2026-06-30),"release,lto=thin,debug=true",/home/bob/.cache/mess-bench,/dev/nvme0n1p3,ext4,/home,Samsung SSD 970 EVO Plus 2TB,[none] mq-deadline kyber bfq,249437831168,4096,1024,payload[i]=(i*131+17)&0xff,5.95849609375,accepted,,256,512,0,469,bytes,240128,120064,33617920,240128,0,0,0,0,0,179290765,181113735,376609,442050,497599,5.960,5.960
e000082,exploratory,pwritev_full_8m,candidate,1,2,ABBA,pwritev_full_8m,process,24,1,256,4,new_name,synthetic_sweep,1,54215100a825da9eb7cfbd8f045e54ef05fb29bd,false,1b36f48efea63210dfeeee7270dea968ab5ba58da27f90aa42845eb8a64a6649,12b1dafe765a77d1a17115b0ae12cff973f20ed7d6d770fbd790695fe081288e,0e4833553be7825885da5ea99bceab292cc8abee6414d58b31864afe8ca9f944,c89b17de3d4d36a4e106517b0737619bd65f0e2877d95adbf2f297762f71fb7b,6e938dfcd266a2b0eac811d7ea7eabbd5b217965f88efa81371465134dbcab11,2026-07-15T18:42:10.267149+00:00,8o8-arch,7.0.12-arch1-1,AMD Ryzen 9 3900X 12-Core Processor,"logical=24,cores=12,sockets=1,nodes=1",performance,rustc 1.97.0 (2d8144b78 2026-07-07),22.1.6,cargo 1.97.0 (c980f4866 2026-06-30),"release,lto=thin,debug=true",/home/bob/.cache/mess-bench,/dev/nvme0n1p3,ext4,/home,Samsung SSD 970 EVO Plus 2TB,[none] mq-deadline kyber bfq,249437831168,4096,1024,payload[i]=(i*131+17)&0xff,5.95849609375,accepted,,256,512,0,469,bytes,240128,120064,33617920,469,0,0,512,0,0,11132203,11219682,23160,29030,32430,5.960,5.960
e000083,exploratory,pwritev_full_8m,candidate,1,3,ABBA,pwritev_full_8m,process,24,1,256,4,new_name,synthetic_sweep,1,54215100a825da9eb7cfbd8f045e54ef05fb29bd,false,1b36f48efea63210dfeeee7270dea968ab5ba58da27f90aa42845eb8a64a6649,12b1dafe765a77d1a17115b0ae12cff973f20ed7d6d770fbd790695fe081288e,0e4833553be7825885da5ea99bceab292cc8abee6414d58b31864afe8ca9f944,c89b17de3d4d36a4e106517b0737619bd65f0e2877d95adbf2f297762f71fb7b,6e938dfcd266a2b0eac811d7ea7eabbd5b217965f88efa81371465134dbcab11,2026-07-15T18:42:11.293563+00:00,8o8-arch,7.0.12-arch1-1,AMD Ryzen 9 3900X 12-Core Processor,"logical=24,cores=12,sockets=1,nodes=1",performance,rustc 1.97.0 (2d8144b78 2026-07-07),22.1.6,cargo 1.97.0 (c980f4866 2026-06-30),"release,lto=thin,debug=true",/home/bob/.cache/mess-bench,/dev/nvme0n1p3,ext4,/home,Samsung SSD 970 EVO Plus 2TB,[none] mq-deadline kyber bfq,249437822976,4096,1024,payload[i]=(i*131+17)&0xff,5.72119140625,accepted,,256,512,0,469,bytes,240128,120064,33617920,469,0,0,512,0,0,11176993,11299312,23100,27430,35290,5.720,5.720
e000084,exploratory,pwritev_full_8m,baseline,1,4,ABBA,k_pwrite,process,24,1,256,4,new_name,synthetic_sweep,1,54215100a825da9eb7cfbd8f045e54ef05fb29bd,false,1b36f48efea63210dfeeee7270dea968ab5ba58da27f90aa42845eb8a64a6649,12b1dafe765a77d1a17115b0ae12cff973f20ed7d6d770fbd790695fe081288e,0e4833553be7825885da5ea99bceab292cc8abee6414d58b31864afe8ca9f944,c89b17de3d4d36a4e106517b0737619bd65f0e2877d95adbf2f297762f71fb7b,6e938dfcd266a2b0eac811d7ea7eabbd5b217965f88efa81371465134dbcab11,2026-07-15T18:42:12.321120+00:00,8o8-arch,7.0.12-arch1-1,AMD Ryzen 9 3900X 12-Core Processor,"logical=24,cores=12,sockets=1,nodes=1",performance,rustc 1.97.0 (2d8144b78 2026-07-07),22.1.6,cargo 1.97.0 (c980f4866 2026-06-30),"release,lto=thin,debug=true",/home/bob/.cache/mess-bench,/dev/nvme0n1p3,ext4,/home,Samsung SSD 970 EVO Plus 2TB,[none] mq-deadline kyber bfq,249437675520,4096,1024,payload[i]=(i*131+17)&0xff,5.72119140625,accepted,,256,512,0,469,bytes,240128,120064,33617920,240128,0,0,0,0,0,184634825,186333311,378219,470549,761759,5.720,5.720
e000085,exploratory,pwritev_256_8m,candidate,1,1,BAAB,pwritev_256_8m,process,24,1,256,4,new_name,synthetic_sweep,1,54215100a825da9eb7cfbd8f045e54ef05fb29bd,false,1b36f48efea63210dfeeee7270dea968ab5ba58da27f90aa42845eb8a64a6649,12b1dafe765a77d1a17115b0ae12cff973f20ed7d6d770fbd790695fe081288e,0e4833553be7825885da5ea99bceab292cc8abee6414d58b31864afe8ca9f944,c89b17de3d4d36a4e106517b0737619bd65f0e2877d95adbf2f297762f71fb7b,6e938dfcd266a2b0eac811d7ea7eabbd5b217965f88efa81371465134dbcab11,2026-07-15T18:42:13.351743+00:00,8o8-arch,7.0.12-arch1-1,AMD Ryzen 9 3900X 12-Core Processor,"logical=24,cores=12,sockets=1,nodes=1",performance,rustc 1.97.0 (2d8144b78 2026-07-07),22.1.6,cargo 1.97.0 (c980f4866 2026-06-30),"release,lto=thin,debug=true",/home/bob/.cache/mess-bench,/dev/nvme0n1p3,ext4,/home,Samsung SSD 970 EVO Plus 2TB,[none] mq-deadline kyber bfq,249437675520,4096,1024,payload[i]=(i*131+17)&0xff,5.72119140625,accepted,,256,512,0,469,bytes,240128,120064,33617920,938,0,0,256,0,0,12537143,12627060,25410,30680,35780,5.720,5.720
e000086,exploratory,pwritev_256_8m,baseline,1,2,BAAB,k_pwrite,process,24,1,256,4,new_name,synthetic_sweep,1,54215100a825da9eb7cfbd8f045e54ef05fb29bd,false,1b36f48efea63210dfeeee7270dea968ab5ba58da27f90aa42845eb8a64a6649,12b1dafe765a77d1a17115b0ae12cff973f20ed7d6d770fbd790695fe081288e,0e4833553be7825885da5ea99bceab292cc8abee6414d58b31864afe8ca9f944,c89b17de3d4d36a4e106517b0737619bd65f0e2877d95adbf2f297762f71fb7b,6e938dfcd266a2b0eac811d7ea7eabbd5b217965f88efa81371465134dbcab11,2026-07-15T18:42:14.382330+00:00,8o8-arch,7.0.12-arch1-1,AMD Ryzen 9 3900X 12-Core Processor,"logical=24,cores=12,sockets=1,nodes=1",performance,rustc 1.97.0 (2d8144b78 2026-07-07),22.1.6,cargo 1.97.0 (c980f4866 2026-06-30),"release,lto=thin,debug=true",/home/bob/.cache/mess-bench,/dev/nvme0n1p3,ext4,/home,Samsung SSD 970 EVO Plus 2TB,[none] mq-deadline kyber bfq,249437667328,4096,1024,payload[i]=(i*131+17)&0xff,5.72119140625,accepted,,256,512,0,469,bytes,240128,120064,33617920,240128,0,0,0,0,0,189840288,192141557,379030,455989,1151080,5.720,5.720
e000087,exploratory,pwritev_256_8m,baseline,1,3,BAAB,k_pwrite,process,24,1,256,4,new_name,synthetic_sweep,1,54215100a825da9eb7cfbd8f045e54ef05fb29bd,false,1b36f48efea63210dfeeee7270dea968ab5ba58da27f90aa42845eb8a64a6649,12b1dafe765a77d1a17115b0ae12cff973f20ed7d6d770fbd790695fe081288e,0e4833553be7825885da5ea99bceab292cc8abee6414d58b31864afe8ca9f944,c89b17de3d4d36a4e106517b0737619bd65f0e2877d95adbf2f297762f71fb7b,6e938dfcd266a2b0eac811d7ea7eabbd5b217965f88efa81371465134dbcab11,2026-07-15T18:42:15.411092+00:00,8o8-arch,7.0.12-arch1-1,AMD Ryzen 9 3900X 12-Core Processor,"logical=24,cores=12,sockets=1,nodes=1",performance,rustc 1.97.0 (2d8144b78 2026-07-07),22.1.6,cargo 1.97.0 (c980f4866 2026-06-30),"release,lto=thin,debug=true",/home/bob/.cache/mess-bench,/dev/nvme0n1p3,ext4,/home,Samsung SSD 970 EVO Plus 2TB,[none] mq-deadline kyber bfq,249437663232,4096,1024,payload[i]=(i*131+17)&0xff,5.72119140625,accepted,,256,512,0,469,bytes,240128,120064,33617920,240128,0,0,0,0,0,179375245,180992854,375690,413899,501020,5.720,5.720
e000088,exploratory,pwritev_256_8m,candidate,1,4,BAAB,pwritev_256_8m,process,24,1,256,4,new_name,synthetic_sweep,1,54215100a825da9eb7cfbd8f045e54ef05fb29bd,false,1b36f48efea63210dfeeee7270dea968ab5ba58da27f90aa42845eb8a64a6649,12b1dafe765a77d1a17115b0ae12cff973f20ed7d6d770fbd790695fe081288e,0e4833553be7825885da5ea99bceab292cc8abee6414d58b31864afe8ca9f944,c89b17de3d4d36a4e106517b0737619bd65f0e2877d95adbf2f297762f71fb7b,6e938dfcd266a2b0eac811d7ea7eabbd5b217965f88efa81371465134dbcab11,2026-07-15T18:42:16.440217+00:00,8o8-arch,7.0.12-arch1-1,AMD Ryzen 9 3900X 12-Core Processor,"logical=24,cores=12,sockets=1,nodes=1",performance,rustc 1.97.0 (2d8144b78 2026-07-07),22.1.6,cargo 1.97.0 (c980f4866 2026-06-30),"release,lto=thin,debug=true",/home/bob/.cache/mess-bench,/dev/nvme0n1p3,ext4,/home,Samsung SSD 970 EVO Plus 2TB,[none] mq-deadline kyber bfq,249437630464,4096,1024,payload[i]=(i*131+17)&0xff,5.4228515625,accepted,,256,512,0,469,bytes,240128,120064,33617920,938,0,0,256,0,0,12140543,12285260,25130,30780,42680,5.420,5.420
e000089,exploratory,pwritev_64_8m,baseline,1,1,ABBA,k_pwrite,process,24,1,256,4,new_name,synthetic_sweep,1,54215100a825da9eb7cfbd8f045e54ef05fb29bd,false,1b36f48efea63210dfeeee7270dea968ab5ba58da27f90aa42845eb8a64a6649,12b1dafe765a77d1a17115b0ae12cff973f20ed7d6d770fbd790695fe081288e,0e4833553be7825885da5ea99bceab292cc8abee6414d58b31864afe8ca9f944,c89b17de3d4d36a4e106517b0737619bd65f0e2877d95adbf2f297762f71fb7b,6e938dfcd266a2b0eac811d7ea7eabbd5b217965f88efa81371465134dbcab11,2026-07-15T18:42:17.470380+00:00,8o8-arch,7.0.12-arch1-1,AMD Ryzen 9 3900X 12-Core Processor,"logical=24,cores=12,sockets=1,nodes=1",performance,rustc 1.97.0 (2d8144b78 2026-07-07),22.1.6,cargo 1.97.0 (c980f4866 2026-06-30),"release,lto=thin,debug=true",/home/bob/.cache/mess-bench,/dev/nvme0n1p3,ext4,/home,Samsung SSD 970 EVO Plus 2TB,[none] mq-deadline kyber bfq,249437704192,4096,1024,payload[i]=(i*131+17)&0xff,5.4228515625,accepted,,256,512,0,469,bytes,240128,120064,33617920,240128,0,0,0,0,0,186016487,188081240,376110,457680,834109,5.420,5.420
e000090,exploratory,pwritev_64_8m,candidate,1,2,ABBA,pwritev_64_8m,process,24,1,256,4,new_name,synthetic_sweep,1,54215100a825da9eb7cfbd8f045e54ef05fb29bd,false,1b36f48efea63210dfeeee7270dea968ab5ba58da27f90aa42845eb8a64a6649,12b1dafe765a77d1a17115b0ae12cff973f20ed7d6d770fbd790695fe081288e,0e4833553be7825885da5ea99bceab292cc8abee6414d58b31864afe8ca9f944,c89b17de3d4d36a4e106517b0737619bd65f0e2877d95adbf2f297762f71fb7b,6e938dfcd266a2b0eac811d7ea7eabbd5b217965f88efa81371465134dbcab11,2026-07-15T18:42:18.501582+00:00,8o8-arch,7.0.12-arch1-1,AMD Ryzen 9 3900X 12-Core Processor,"logical=24,cores=12,sockets=1,nodes=1",performance,rustc 1.97.0 (2d8144b78 2026-07-07),22.1.6,cargo 1.97.0 (c980f4866 2026-06-30),"release,lto=thin,debug=true",/home/bob/.cache/mess-bench,/dev/nvme0n1p3,ext4,/home,Samsung SSD 970 EVO Plus 2TB,[none] mq-deadline kyber bfq,249437700096,4096,1024,payload[i]=(i*131+17)&0xff,5.4228515625,accepted,,256,512,0,469,bytes,240128,120064,33617920,3752,0,0,64,0,0,17852705,18071967,33040,43000,137510,5.420,5.420
e000091,exploratory,pwritev_64_8m,candidate,1,3,ABBA,pwritev_64_8m,process,24,1,256,4,new_name,synthetic_sweep,1,54215100a825da9eb7cfbd8f045e54ef05fb29bd,false,1b36f48efea63210dfeeee7270dea968ab5ba58da27f90aa42845eb8a64a6649,12b1dafe765a77d1a17115b0ae12cff973f20ed7d6d770fbd790695fe081288e,0e4833553be7825885da5ea99bceab292cc8abee6414d58b31864afe8ca9f944,c89b17de3d4d36a4e106517b0737619bd65f0e2877d95adbf2f297762f71fb7b,6e938dfcd266a2b0eac811d7ea7eabbd5b217965f88efa81371465134dbcab11,2026-07-15T18:42:19.533316+00:00,8o8-arch,7.0.12-arch1-1,AMD Ryzen 9 3900X 12-Core Processor,"logical=24,cores=12,sockets=1,nodes=1",performance,rustc 1.97.0 (2d8144b78 2026-07-07),22.1.6,cargo 1.97.0 (c980f4866 2026-06-30),"release,lto=thin,debug=true",/home/bob/.cache/mess-bench,/dev/nvme0n1p3,ext4,/home,Samsung SSD 970 EVO Plus 2TB,[none] mq-deadline kyber bfq,249437700096,4096,1024,payload[i]=(i*131+17)&0xff,5.4228515625,accepted,,256,512,0,469,bytes,240128,120064,33617920,3752,0,0,64,0,0,16181335,17850907,32840,44080,55210,5.420,5.420
e000092,exploratory,pwritev_64_8m,baseline,1,4,ABBA,k_pwrite,process,24,1,256,4,new_name,synthetic_sweep,1,54215100a825da9eb7cfbd8f045e54ef05fb29bd,false,1b36f48efea63210dfeeee7270dea968ab5ba58da27f90aa42845eb8a64a6649,12b1dafe765a77d1a17115b0ae12cff973f20ed7d6d770fbd790695fe081288e,0e4833553be7825885da5ea99bceab292cc8abee6414d58b31864afe8ca9f944,c89b17de3d4d36a4e106517b0737619bd65f0e2877d95adbf2f297762f71fb7b,6e938dfcd266a2b0eac811d7ea7eabbd5b217965f88efa81371465134dbcab11,2026-07-15T18:42:20.557422+00:00,8o8-arch,7.0.12-arch1-1,AMD Ryzen 9 3900X 12-Core Processor,"logical=24,cores=12,sockets=1,nodes=1",performance,rustc 1.97.0 (2d8144b78 2026-07-07),22.1.6,cargo 1.97.0 (c980f4866 2026-06-30),"release,lto=thin,debug=true",/home/bob/.cache/mess-bench,/dev/nvme0n1p3,ext4,/home,Samsung SSD 970 EVO Plus 2TB,[none] mq-deadline kyber bfq,249437691904,4096,1024,payload[i]=(i*131+17)&0xff,5.4228515625,accepted,,256,512,0,469,bytes,240128,120064,33617920,240128,0,0,0,0,0,180754565,182161794,376550,434340,715149,5.420,5.420
e000093,exploratory,copy_contiguous,candidate,1,1,BAAB,copy_contiguous,process,24,1,256,4,new_name,synthetic_sweep,1,54215100a825da9eb7cfbd8f045e54ef05fb29bd,false,1b36f48efea63210dfeeee7270dea968ab5ba58da27f90aa42845eb8a64a6649,12b1dafe765a77d1a17115b0ae12cff973f20ed7d6d770fbd790695fe081288e,0e4833553be7825885da5ea99bceab292cc8abee6414d58b31864afe8ca9f944,c89b17de3d4d36a4e106517b0737619bd65f0e2877d95adbf2f297762f71fb7b,6e938dfcd266a2b0eac811d7ea7eabbd5b217965f88efa81371465134dbcab11,2026-07-15T18:42:21.581450+00:00,8o8-arch,7.0.12-arch1-1,AMD Ryzen 9 3900X 12-Core Processor,"logical=24,cores=12,sockets=1,nodes=1",performance,rustc 1.97.0 (2d8144b78 2026-07-07),22.1.6,cargo 1.97.0 (c980f4866 2026-06-30),"release,lto=thin,debug=true",/home/bob/.cache/mess-bench,/dev/nvme0n1p3,ext4,/home,Samsung SSD 970 EVO Plus 2TB,[none] mq-deadline kyber bfq,249437687808,4096,1024,payload[i]=(i*131+17)&0xff,5.228515625,accepted,,256,512,0,469,bytes,240128,120064,33617920,469,0,0,0,33617920,0,6914312,7030045,7820,16260,203679,5.230,5.230
e000094,exploratory,copy_contiguous,baseline,1,2,BAAB,k_pwrite,process,24,1,256,4,new_name,synthetic_sweep,1,54215100a825da9eb7cfbd8f045e54ef05fb29bd,false,1b36f48efea63210dfeeee7270dea968ab5ba58da27f90aa42845eb8a64a6649,12b1dafe765a77d1a17115b0ae12cff973f20ed7d6d770fbd790695fe081288e,0e4833553be7825885da5ea99bceab292cc8abee6414d58b31864afe8ca9f944,c89b17de3d4d36a4e106517b0737619bd65f0e2877d95adbf2f297762f71fb7b,6e938dfcd266a2b0eac811d7ea7eabbd5b217965f88efa81371465134dbcab11,2026-07-15T18:42:22.610724+00:00,8o8-arch,7.0.12-arch1-1,AMD Ryzen 9 3900X 12-Core Processor,"logical=24,cores=12,sockets=1,nodes=1",performance,rustc 1.97.0 (2d8144b78 2026-07-07),22.1.6,cargo 1.97.0 (c980f4866 2026-06-30),"release,lto=thin,debug=true",/home/bob/.cache/mess-bench,/dev/nvme0n1p3,ext4,/home,Samsung SSD 970 EVO Plus 2TB,[none] mq-deadline kyber bfq,249437687808,4096,1024,payload[i]=(i*131+17)&0xff,5.228515625,accepted,,256,512,0,469,bytes,240128,120064,33617920,240128,0,0,0,0,0,186350737,188349419,379450,481110,714149,5.230,5.230
e000095,exploratory,copy_contiguous,baseline,1,3,BAAB,k_pwrite,process,24,1,256,4,new_name,synthetic_sweep,1,54215100a825da9eb7cfbd8f045e54ef05fb29bd,false,1b36f48efea63210dfeeee7270dea968ab5ba58da27f90aa42845eb8a64a6649,12b1dafe765a77d1a17115b0ae12cff973f20ed7d6d770fbd790695fe081288e,0e4833553be7825885da5ea99bceab292cc8abee6414d58b31864afe8ca9f944,c89b17de3d4d36a4e106517b0737619bd65f0e2877d95adbf2f297762f71fb7b,6e938dfcd266a2b0eac811d7ea7eabbd5b217965f88efa81371465134dbcab11,2026-07-15T18:42:23.639894+00:00,8o8-arch,7.0.12-arch1-1,AMD Ryzen 9 3900X 12-Core Processor,"logical=24,cores=12,sockets=1,nodes=1",performance,rustc 1.97.0 (2d8144b78 2026-07-07),22.1.6,cargo 1.97.0 (c980f4866 2026-06-30),"release,lto=thin,debug=true",/home/bob/.cache/mess-bench,/dev/nvme0n1p3,ext4,/home,Samsung SSD 970 EVO Plus 2TB,[none] mq-deadline kyber bfq,249437687808,4096,1024,payload[i]=(i*131+17)&0xff,5.228515625,accepted,,256,512,0,469,bytes,240128,120064,33617920,240128,0,0,0,0,0,180385386,183904273,378229,463969,487109,5.230,5.230
e000096,exploratory,copy_contiguous,candidate,1,4,BAAB,copy_contiguous,process,24,1,256,4,new_name,synthetic_sweep,1,54215100a825da9eb7cfbd8f045e54ef05fb29bd,false,1b36f48efea63210dfeeee7270dea968ab5ba58da27f90aa42845eb8a64a6649,12b1dafe765a77d1a17115b0ae12cff973f20ed7d6d770fbd790695fe081288e,0e4833553be7825885da5ea99bceab292cc8abee6414d58b31864afe8ca9f944,c89b17de3d4d36a4e106517b0737619bd65f0e2877d95adbf2f297762f71fb7b,6e938dfcd266a2b0eac811d7ea7eabbd5b217965f88efa81371465134dbcab11,2026-07-15T18:42:24.671172+00:00,8o8-arch,7.0.12-arch1-1,AMD Ryzen 9 3900X 12-Core Processor,"logical=24,cores=12,sockets=1,nodes=1",performance,rustc 1.97.0 (2d8144b78 2026-07-07),22.1.6,cargo 1.97.0 (c980f4866 2026-06-30),"release,lto=thin,debug=true",/home/bob/.cache/mess-bench,/dev/nvme0n1p3,ext4,/home,Samsung SSD 970 EVO Plus 2TB,[none] mq-deadline kyber bfq,249437675520,4096,1024,payload[i]=(i*131+17)&0xff,5.228515625,accepted,,256,512,0,469,bytes,240128,120064,33617920,469,0,0,0,33617920,0,3975991,4267716,8140,13520,30440,5.230,5.230
e000097,exploratory,pwritev_full_8m,baseline,1,1,ABBA,k_pwrite,process,24,1,1024,4,domain,synthetic_sweep,1,54215100a825da9eb7cfbd8f045e54ef05fb29bd,false,1b36f48efea63210dfeeee7270dea968ab5ba58da27f90aa42845eb8a64a6649,12b1dafe765a77d1a17115b0ae12cff973f20ed7d6d770fbd790695fe081288e,0e4833553be7825885da5ea99bceab292cc8abee6414d58b31864afe8ca9f944,c89b17de3d4d36a4e106517b0737619bd65f0e2877d95adbf2f297762f71fb7b,6e938dfcd266a2b0eac811d7ea7eabbd5b217965f88efa81371465134dbcab11,2026-07-15T18:42:25.701371+00:00,8o8-arch,7.0.12-arch1-1,AMD Ryzen 9 3900X 12-Core Processor,"logical=24,cores=12,sockets=1,nodes=1",performance,rustc 1.97.0 (2d8144b78 2026-07-07),22.1.6,cargo 1.97.0 (c980f4866 2026-06-30),"release,lto=thin,debug=true",/home/bob/.cache/mess-bench,/dev/nvme0n1p3,ext4,/home,Samsung SSD 970 EVO Plus 2TB,[none] mq-deadline kyber bfq,249437675520,4096,1024,payload[i]=(i*131+17)&0xff,5.228515625,accepted,,1024,1024,0,235,bytes,240640,240640,33689600,240640,0,0,0,0,0,191690296,193848565,756569,1076739,2244448,5.230,4.890
e000098,exploratory,pwritev_full_8m,candidate,1,2,ABBA,pwritev_full_8m,process,24,1,1024,4,domain,synthetic_sweep,1,54215100a825da9eb7cfbd8f045e54ef05fb29bd,false,1b36f48efea63210dfeeee7270dea968ab5ba58da27f90aa42845eb8a64a6649,12b1dafe765a77d1a17115b0ae12cff973f20ed7d6d770fbd790695fe081288e,0e4833553be7825885da5ea99bceab292cc8abee6414d58b31864afe8ca9f944,c89b17de3d4d36a4e106517b0737619bd65f0e2877d95adbf2f297762f71fb7b,6e938dfcd266a2b0eac811d7ea7eabbd5b217965f88efa81371465134dbcab11,2026-07-15T18:42:26.726649+00:00,8o8-arch,7.0.12-arch1-1,AMD Ryzen 9 3900X 12-Core Processor,"logical=24,cores=12,sockets=1,nodes=1",performance,rustc 1.97.0 (2d8144b78 2026-07-07),22.1.6,cargo 1.97.0 (c980f4866 2026-06-30),"release,lto=thin,debug=true",/home/bob/.cache/mess-bench,/dev/nvme0n1p3,ext4,/home,Samsung SSD 970 EVO Plus 2TB,[none] mq-deadline kyber bfq,249437671424,4096,1024,payload[i]=(i*131+17)&0xff,4.8896484375,accepted,,1024,1024,0,235,bytes,240640,240640,33689600,235,0,0,1024,0,0,10634113,10715092,44460,50010,54000,4.890,4.890
e000099,exploratory,pwritev_full_8m,candidate,1,3,ABBA,pwritev_full_8m,process,24,1,1024,4,domain,synthetic_sweep,1,54215100a825da9eb7cfbd8f045e54ef05fb29bd,false,1b36f48efea63210dfeeee7270dea968ab5ba58da27f90aa42845eb8a64a6649,12b1dafe765a77d1a17115b0ae12cff973f20ed7d6d770fbd790695fe081288e,0e4833553be7825885da5ea99bceab292cc8abee6414d58b31864afe8ca9f944,c89b17de3d4d36a4e106517b0737619bd65f0e2877d95adbf2f297762f71fb7b,6e938dfcd266a2b0eac811d7ea7eabbd5b217965f88efa81371465134dbcab11,2026-07-15T18:42:27.755141+00:00,8o8-arch,7.0.12-arch1-1,AMD Ryzen 9 3900X 12-Core Processor,"logical=24,cores=12,sockets=1,nodes=1",performance,rustc 1.97.0 (2d8144b78 2026-07-07),22.1.6,cargo 1.97.0 (c980f4866 2026-06-30),"release,lto=thin,debug=true",/home/bob/.cache/mess-bench,/dev/nvme0n1p3,ext4,/home,Samsung SSD 970 EVO Plus 2TB,[none] mq-deadline kyber bfq,249437671424,4096,1024,payload[i]=(i*131+17)&0xff,4.8896484375,accepted,,1024,1024,0,235,bytes,240640,240640,33689600,235,0,0,1024,0,0,11090173,11169022,44500,56250,58630,4.890,4.890
e000100,exploratory,pwritev_full_8m,baseline,1,4,ABBA,k_pwrite,process,24,1,1024,4,domain,synthetic_sweep,1,54215100a825da9eb7cfbd8f045e54ef05fb29bd,false,1b36f48efea63210dfeeee7270dea968ab5ba58da27f90aa42845eb8a64a6649,12b1dafe765a77d1a17115b0ae12cff973f20ed7d6d770fbd790695fe081288e,0e4833553be7825885da5ea99bceab292cc8abee6414d58b31864afe8ca9f944,c89b17de3d4d36a4e106517b0737619bd65f0e2877d95adbf2f297762f71fb7b,6e938dfcd266a2b0eac811d7ea7eabbd5b217965f88efa81371465134dbcab11,2026-07-15T18:42:28.778198+00:00,8o8-arch,7.0.12-arch1-1,AMD Ryzen 9 3900X 12-Core Processor,"logical=24,cores=12,sockets=1,nodes=1",performance,rustc 1.97.0 (2d8144b78 2026-07-07),22.1.6,cargo 1.97.0 (c980f4866 2026-06-30),"release,lto=thin,debug=true",/home/bob/.cache/mess-bench,/dev/nvme0n1p3,ext4,/home,Samsung SSD 970 EVO Plus 2TB,[none] mq-deadline kyber bfq,249437663232,4096,1024,payload[i]=(i*131+17)&0xff,4.8896484375,accepted,,1024,1024,0,235,bytes,240640,240640,33689600,240640,0,0,0,0,0,182303746,185523651,751500,944929,1627109,4.890,4.890
e000101,exploratory,pwritev_256_8m,candidate,1,1,BAAB,pwritev_256_8m,process,24,1,1024,4,domain,synthetic_sweep,1,54215100a825da9eb7cfbd8f045e54ef05fb29bd,false,1b36f48efea63210dfeeee7270dea968ab5ba58da27f90aa42845eb8a64a6649,12b1dafe765a77d1a17115b0ae12cff973f20ed7d6d770fbd790695fe081288e,0e4833553be7825885da5ea99bceab292cc8abee6414d58b31864afe8ca9f944,c89b17de3d4d36a4e106517b0737619bd65f0e2877d95adbf2f297762f71fb7b,6e938dfcd266a2b0eac811d7ea7eabbd5b217965f88efa81371465134dbcab11,2026-07-15T18:42:29.807716+00:00,8o8-arch,7.0.12-arch1-1,AMD Ryzen 9 3900X 12-Core Processor,"logical=24,cores=12,sockets=1,nodes=1",performance,rustc 1.97.0 (2d8144b78 2026-07-07),22.1.6,cargo 1.97.0 (c980f4866 2026-06-30),"release,lto=thin,debug=true",/home/bob/.cache/mess-bench,/dev/nvme0n1p3,ext4,/home,Samsung SSD 970 EVO Plus 2TB,[none] mq-deadline kyber bfq,249437659136,4096,1024,payload[i]=(i*131+17)&0xff,4.8896484375,accepted,,1024,1024,0,235,bytes,240640,240640,33689600,940,0,0,256,0,0,15706574,15813289,50900,61700,772849,4.890,4.890
e000102,exploratory,pwritev_256_8m,baseline,1,2,BAAB,k_pwrite,process,24,1,1024,4,domain,synthetic_sweep,1,54215100a825da9eb7cfbd8f045e54ef05fb29bd,false,1b36f48efea63210dfeeee7270dea968ab5ba58da27f90aa42845eb8a64a6649,12b1dafe765a77d1a17115b0ae12cff973f20ed7d6d770fbd790695fe081288e,0e4833553be7825885da5ea99bceab292cc8abee6414d58b31864afe8ca9f944,c89b17de3d4d36a4e106517b0737619bd65f0e2877d95adbf2f297762f71fb7b,6e938dfcd266a2b0eac811d7ea7eabbd5b217965f88efa81371465134dbcab11,2026-07-15T18:42:30.837601+00:00,8o8-arch,7.0.12-arch1-1,AMD Ryzen 9 3900X 12-Core Processor,"logical=24,cores=12,sockets=1,nodes=1",performance,rustc 1.97.0 (2d8144b78 2026-07-07),22.1.6,cargo 1.97.0 (c980f4866 2026-06-30),"release,lto=thin,debug=true",/home/bob/.cache/mess-bench,/dev/nvme0n1p3,ext4,/home,Samsung SSD 970 EVO Plus 2TB,[none] mq-deadline kyber bfq,249437659136,4096,1024,payload[i]=(i*131+17)&0xff,4.578125,accepted,,1024,1024,0,235,bytes,240640,240640,33689600,240640,0,0,0,0,0,187785478,189379538,751939,904789,2652718,4.580,4.580
e000103,exploratory,pwritev_256_8m,baseline,1,3,BAAB,k_pwrite,process,24,1,1024,4,domain,synthetic_sweep,1,54215100a825da9eb7cfbd8f045e54ef05fb29bd,false,1b36f48efea63210dfeeee7270dea968ab5ba58da27f90aa42845eb8a64a6649,12b1dafe765a77d1a17115b0ae12cff973f20ed7d6d770fbd790695fe081288e,0e4833553be7825885da5ea99bceab292cc8abee6414d58b31864afe8ca9f944,c89b17de3d4d36a4e106517b0737619bd65f0e2877d95adbf2f297762f71fb7b,6e938dfcd266a2b0eac811d7ea7eabbd5b217965f88efa81371465134dbcab11,2026-07-15T18:42:31.867603+00:00,8o8-arch,7.0.12-arch1-1,AMD Ryzen 9 3900X 12-Core Processor,"logical=24,cores=12,sockets=1,nodes=1",performance,rustc 1.97.0 (2d8144b78 2026-07-07),22.1.6,cargo 1.97.0 (c980f4866 2026-06-30),"release,lto=thin,debug=true",/home/bob/.cache/mess-bench,/dev/nvme0n1p3,ext4,/home,Samsung SSD 970 EVO Plus 2TB,[none] mq-deadline kyber bfq,249437655040,4096,1024,payload[i]=(i*131+17)&0xff,4.578125,accepted,,1024,1024,0,235,bytes,240640,240640,33689600,240640,0,0,0,0,0,181589966,183747453,750409,837700,1766459,4.580,4.580
e000104,exploratory,pwritev_256_8m,candidate,1,4,BAAB,pwritev_256_8m,process,24,1,1024,4,domain,synthetic_sweep,1,54215100a825da9eb7cfbd8f045e54ef05fb29bd,false,1b36f48efea63210dfeeee7270dea968ab5ba58da27f90aa42845eb8a64a6649,12b1dafe765a77d1a17115b0ae12cff973f20ed7d6d770fbd790695fe081288e,0e4833553be7825885da5ea99bceab292cc8abee6414d58b31864afe8ca9f944,c89b17de3d4d36a4e106517b0737619bd65f0e2877d95adbf2f297762f71fb7b,6e938dfcd266a2b0eac811d7ea7eabbd5b217965f88efa81371465134dbcab11,2026-07-15T18:42:32.897719+00:00,8o8-arch,7.0.12-arch1-1,AMD Ryzen 9 3900X 12-Core Processor,"logical=24,cores=12,sockets=1,nodes=1",performance,rustc 1.97.0 (2d8144b78 2026-07-07),22.1.6,cargo 1.97.0 (c980f4866 2026-06-30),"release,lto=thin,debug=true",/home/bob/.cache/mess-bench,/dev/nvme0n1p3,ext4,/home,Samsung SSD 970 EVO Plus 2TB,[none] mq-deadline kyber bfq,249437650944,4096,1024,payload[i]=(i*131+17)&0xff,4.578125,accepted,,1024,1024,0,235,bytes,240640,240640,33689600,940,0,0,256,0,0,12246123,12336660,51130,59160,62490,4.580,4.580
e000105,exploratory,pwritev_64_8m,baseline,1,1,ABBA,k_pwrite,process,24,1,1024,4,domain,synthetic_sweep,1,54215100a825da9eb7cfbd8f045e54ef05fb29bd,false,1b36f48efea63210dfeeee7270dea968ab5ba58da27f90aa42845eb8a64a6649,12b1dafe765a77d1a17115b0ae12cff973f20ed7d6d770fbd790695fe081288e,0e4833553be7825885da5ea99bceab292cc8abee6414d58b31864afe8ca9f944,c89b17de3d4d36a4e106517b0737619bd65f0e2877d95adbf2f297762f71fb7b,6e938dfcd266a2b0eac811d7ea7eabbd5b217965f88efa81371465134dbcab11,2026-07-15T18:42:33.927398+00:00,8o8-arch,7.0.12-arch1-1,AMD Ryzen 9 3900X 12-Core Processor,"logical=24,cores=12,sockets=1,nodes=1",performance,rustc 1.97.0 (2d8144b78 2026-07-07),22.1.6,cargo 1.97.0 (c980f4866 2026-06-30),"release,lto=thin,debug=true",/home/bob/.cache/mess-bench,/dev/nvme0n1p3,ext4,/home,Samsung SSD 970 EVO Plus 2TB,[none] mq-deadline kyber bfq,249437650944,4096,1024,payload[i]=(i*131+17)&0xff,4.578125,accepted,,1024,1024,0,235,bytes,240640,240640,33689600,240640,0,0,0,0,0,188496398,191218927,756059,1150399,2120069,4.580,4.580
e000106,exploratory,pwritev_64_8m,candidate,1,2,ABBA,pwritev_64_8m,process,24,1,1024,4,domain,synthetic_sweep,1,54215100a825da9eb7cfbd8f045e54ef05fb29bd,false,1b36f48efea63210dfeeee7270dea968ab5ba58da27f90aa42845eb8a64a6649,12b1dafe765a77d1a17115b0ae12cff973f20ed7d6d770fbd790695fe081288e,0e4833553be7825885da5ea99bceab292cc8abee6414d58b31864afe8ca9f944,c89b17de3d4d36a4e106517b0737619bd65f0e2877d95adbf2f297762f71fb7b,6e938dfcd266a2b0eac811d7ea7eabbd5b217965f88efa81371465134dbcab11,2026-07-15T18:42:34.959559+00:00,8o8-arch,7.0.12-arch1-1,AMD Ryzen 9 3900X 12-Core Processor,"logical=24,cores=12,sockets=1,nodes=1",performance,rustc 1.97.0 (2d8144b78 2026-07-07),22.1.6,cargo 1.97.0 (c980f4866 2026-06-30),"release,lto=thin,debug=true",/home/bob/.cache/mess-bench,/dev/nvme0n1p3,ext4,/home,Samsung SSD 970 EVO Plus 2TB,[none] mq-deadline kyber bfq,249437646848,4096,1024,payload[i]=(i*131+17)&0xff,4.578125,accepted,,1024,1024,0,235,bytes,240640,240640,33689600,3760,0,0,64,0,0,16100794,16268647,66260,84170,96250,4.580,4.580
e000107,exploratory,pwritev_64_8m,candidate,1,3,ABBA,pwritev_64_8m,process,24,1,1024,4,domain,synthetic_sweep,1,54215100a825da9eb7cfbd8f045e54ef05fb29bd,false,1b36f48efea63210dfeeee7270dea968ab5ba58da27f90aa42845eb8a64a6649,12b1dafe765a77d1a17115b0ae12cff973f20ed7d6d770fbd790695fe081288e,0e4833553be7825885da5ea99bceab292cc8abee6414d58b31864afe8ca9f944,c89b17de3d4d36a4e106517b0737619bd65f0e2877d95adbf2f297762f71fb7b,6e938dfcd266a2b0eac811d7ea7eabbd5b217965f88efa81371465134dbcab11,2026-07-15T18:42:35.987673+00:00,8o8-arch,7.0.12-arch1-1,AMD Ryzen 9 3900X 12-Core Processor,"logical=24,cores=12,sockets=1,nodes=1",performance,rustc 1.97.0 (2d8144b78 2026-07-07),22.1.6,cargo 1.97.0 (c980f4866 2026-06-30),"release,lto=thin,debug=true",/home/bob/.cache/mess-bench,/dev/nvme0n1p3,ext4,/home,Samsung SSD 970 EVO Plus 2TB,[none] mq-deadline kyber bfq,249437646848,4096,1024,payload[i]=(i*131+17)&0xff,4.45166015625,accepted,,1024,1024,0,235,bytes,240640,240640,33689600,3760,0,0,64,0,0,15866094,15978918,66380,75289,78560,4.450,4.450
e000108,exploratory,pwritev_64_8m,baseline,1,4,ABBA,k_pwrite,process,24,1,1024,4,domain,synthetic_sweep,1,54215100a825da9eb7cfbd8f045e54ef05fb29bd,false,1b36f48efea63210dfeeee7270dea968ab5ba58da27f90aa42845eb8a64a6649,12b1dafe765a77d1a17115b0ae12cff973f20ed7d6d770fbd790695fe081288e,0e4833553be7825885da5ea99bceab292cc8abee6414d58b31864afe8ca9f944,c89b17de3d4d36a4e106517b0737619bd65f0e2877d95adbf2f297762f71fb7b,6e938dfcd266a2b0eac811d7ea7eabbd5b217965f88efa81371465134dbcab11,2026-07-15T18:42:37.015941+00:00,8o8-arch,7.0.12-arch1-1,AMD Ryzen 9 3900X 12-Core Processor,"logical=24,cores=12,sockets=1,nodes=1",performance,rustc 1.97.0 (2d8144b78 2026-07-07),22.1.6,cargo 1.97.0 (c980f4866 2026-06-30),"release,lto=thin,debug=true",/home/bob/.cache/mess-bench,/dev/nvme0n1p3,ext4,/home,Samsung SSD 970 EVO Plus 2TB,[none] mq-deadline kyber bfq,249437638656,4096,1024,payload[i]=(i*131+17)&0xff,4.45166015625,accepted,,1024,1024,0,235,bytes,240640,240640,33689600,240640,0,0,0,0,0,185870466,187569350,755850,947289,1742128,4.450,4.450
e000109,exploratory,copy_contiguous,candidate,1,1,BAAB,copy_contiguous,process,24,1,1024,4,domain,synthetic_sweep,1,54215100a825da9eb7cfbd8f045e54ef05fb29bd,false,1b36f48efea63210dfeeee7270dea968ab5ba58da27f90aa42845eb8a64a6649,12b1dafe765a77d1a17115b0ae12cff973f20ed7d6d770fbd790695fe081288e,0e4833553be7825885da5ea99bceab292cc8abee6414d58b31864afe8ca9f944,c89b17de3d4d36a4e106517b0737619bd65f0e2877d95adbf2f297762f71fb7b,6e938dfcd266a2b0eac811d7ea7eabbd5b217965f88efa81371465134dbcab11,2026-07-15T18:42:38.038755+00:00,8o8-arch,7.0.12-arch1-1,AMD Ryzen 9 3900X 12-Core Processor,"logical=24,cores=12,sockets=1,nodes=1",performance,rustc 1.97.0 (2d8144b78 2026-07-07),22.1.6,cargo 1.97.0 (c980f4866 2026-06-30),"release,lto=thin,debug=true",/home/bob/.cache/mess-bench,/dev/nvme0n1p3,ext4,/home,Samsung SSD 970 EVO Plus 2TB,[none] mq-deadline kyber bfq,249437638656,4096,1024,payload[i]=(i*131+17)&0xff,4.45166015625,accepted,,1024,1024,0,235,bytes,240640,240640,33689600,235,0,0,0,33689600,0,5604631,5635636,23180,29360,33380,4.450,4.450
e000110,exploratory,copy_contiguous,baseline,1,2,BAAB,k_pwrite,process,24,1,1024,4,domain,synthetic_sweep,1,54215100a825da9eb7cfbd8f045e54ef05fb29bd,false,1b36f48efea63210dfeeee7270dea968ab5ba58da27f90aa42845eb8a64a6649,12b1dafe765a77d1a17115b0ae12cff973f20ed7d6d770fbd790695fe081288e,0e4833553be7825885da5ea99bceab292cc8abee6414d58b31864afe8ca9f944,c89b17de3d4d36a4e106517b0737619bd65f0e2877d95adbf2f297762f71fb7b,6e938dfcd266a2b0eac811d7ea7eabbd5b217965f88efa81371465134dbcab11,2026-07-15T18:42:39.069136+00:00,8o8-arch,7.0.12-arch1-1,AMD Ryzen 9 3900X 12-Core Processor,"logical=24,cores=12,sockets=1,nodes=1",performance,rustc 1.97.0 (2d8144b78 2026-07-07),22.1.6,cargo 1.97.0 (c980f4866 2026-06-30),"release,lto=thin,debug=true",/home/bob/.cache/mess-bench,/dev/nvme0n1p3,ext4,/home,Samsung SSD 970 EVO Plus 2TB,[none] mq-deadline kyber bfq,249437634560,4096,1024,payload[i]=(i*131+17)&0xff,4.45166015625,accepted,,1024,1024,0,235,bytes,240640,240640,33689600,240640,0,0,0,0,0,183245126,187829210,756369,923119,1006280,4.450,4.450
e000111,exploratory,copy_contiguous,baseline,1,3,BAAB,k_pwrite,process,24,1,1024,4,domain,synthetic_sweep,1,54215100a825da9eb7cfbd8f045e54ef05fb29bd,false,1b36f48efea63210dfeeee7270dea968ab5ba58da27f90aa42845eb8a64a6649,12b1dafe765a77d1a17115b0ae12cff973f20ed7d6d770fbd790695fe081288e,0e4833553be7825885da5ea99bceab292cc8abee6414d58b31864afe8ca9f944,c89b17de3d4d36a4e106517b0737619bd65f0e2877d95adbf2f297762f71fb7b,6e938dfcd266a2b0eac811d7ea7eabbd5b217965f88efa81371465134dbcab11,2026-07-15T18:42:40.098382+00:00,8o8-arch,7.0.12-arch1-1,AMD Ryzen 9 3900X 12-Core Processor,"logical=24,cores=12,sockets=1,nodes=1",performance,rustc 1.97.0 (2d8144b78 2026-07-07),22.1.6,cargo 1.97.0 (c980f4866 2026-06-30),"release,lto=thin,debug=true",/home/bob/.cache/mess-bench,/dev/nvme0n1p3,ext4,/home,Samsung SSD 970 EVO Plus 2TB,[none] mq-deadline kyber bfq,249437634560,4096,1024,payload[i]=(i*131+17)&0xff,4.45166015625,accepted,,1024,1024,0,235,bytes,240640,240640,33689600,240640,0,0,0,0,0,178519464,180309195,754170,827449,1165709,4.450,4.450
e000112,exploratory,copy_contiguous,candidate,1,4,BAAB,copy_contiguous,process,24,1,1024,4,domain,synthetic_sweep,1,54215100a825da9eb7cfbd8f045e54ef05fb29bd,false,1b36f48efea63210dfeeee7270dea968ab5ba58da27f90aa42845eb8a64a6649,12b1dafe765a77d1a17115b0ae12cff973f20ed7d6d770fbd790695fe081288e,0e4833553be7825885da5ea99bceab292cc8abee6414d58b31864afe8ca9f944,c89b17de3d4d36a4e106517b0737619bd65f0e2877d95adbf2f297762f71fb7b,6e938dfcd266a2b0eac811d7ea7eabbd5b217965f88efa81371465134dbcab11,2026-07-15T18:42:41.127824+00:00,8o8-arch,7.0.12-arch1-1,AMD Ryzen 9 3900X 12-Core Processor,"logical=24,cores=12,sockets=1,nodes=1",performance,rustc 1.97.0 (2d8144b78 2026-07-07),22.1.6,cargo 1.97.0 (c980f4866 2026-06-30),"release,lto=thin,debug=true",/home/bob/.cache/mess-bench,/dev/nvme0n1p3,ext4,/home,Samsung SSD 970 EVO Plus 2TB,[none] mq-deadline kyber bfq,249437630464,4096,1024,payload[i]=(i*131+17)&0xff,4.2548828125,accepted,,1024,1024,0,235,bytes,240640,240640,33689600,235,0,0,0,33689600,0,5561081,5620926,23300,28110,33380,4.250,4.250
e000113,exploratory,pwritev_full_8m,baseline,1,1,ABBA,k_pwrite,process,24,1,1024,4,new_name,synthetic_sweep,1,54215100a825da9eb7cfbd8f045e54ef05fb29bd,false,1b36f48efea63210dfeeee7270dea968ab5ba58da27f90aa42845eb8a64a6649,12b1dafe765a77d1a17115b0ae12cff973f20ed7d6d770fbd790695fe081288e,0e4833553be7825885da5ea99bceab292cc8abee6414d58b31864afe8ca9f944,c89b17de3d4d36a4e106517b0737619bd65f0e2877d95adbf2f297762f71fb7b,6e938dfcd266a2b0eac811d7ea7eabbd5b217965f88efa81371465134dbcab11,2026-07-15T18:42:42.160183+00:00,8o8-arch,7.0.12-arch1-1,AMD Ryzen 9 3900X 12-Core Processor,"logical=24,cores=12,sockets=1,nodes=1",performance,rustc 1.97.0 (2d8144b78 2026-07-07),22.1.6,cargo 1.97.0 (c980f4866 2026-06-30),"release,lto=thin,debug=true",/home/bob/.cache/mess-bench,/dev/nvme0n1p3,ext4,/home,Samsung SSD 970 EVO Plus 2TB,[none] mq-deadline kyber bfq,249437626368,4096,1024,payload[i]=(i*131+17)&0xff,4.2548828125,accepted,,1024,2048,0,118,bytes,241664,120832,33832960,241664,0,0,0,0,0,187933728,189647159,1516789,1962278,3137868,4.250,4.250
e000114,exploratory,pwritev_full_8m,candidate,1,2,ABBA,pwritev_full_8m,process,24,1,1024,4,new_name,synthetic_sweep,1,54215100a825da9eb7cfbd8f045e54ef05fb29bd,false,1b36f48efea63210dfeeee7270dea968ab5ba58da27f90aa42845eb8a64a6649,12b1dafe765a77d1a17115b0ae12cff973f20ed7d6d770fbd790695fe081288e,0e4833553be7825885da5ea99bceab292cc8abee6414d58b31864afe8ca9f944,c89b17de3d4d36a4e106517b0737619bd65f0e2877d95adbf2f297762f71fb7b,6e938dfcd266a2b0eac811d7ea7eabbd5b217965f88efa81371465134dbcab11,2026-07-15T18:42:43.183866+00:00,8o8-arch,7.0.12-arch1-1,AMD Ryzen 9 3900X 12-Core Processor,"logical=24,cores=12,sockets=1,nodes=1",performance,rustc 1.97.0 (2d8144b78 2026-07-07),22.1.6,cargo 1.97.0 (c980f4866 2026-06-30),"release,lto=thin,debug=true",/home/bob/.cache/mess-bench,/dev/nvme0n1p3,ext4,/home,Samsung SSD 970 EVO Plus 2TB,[none] mq-deadline kyber bfq,249437618176,4096,1024,payload[i]=(i*131+17)&0xff,4.2548828125,accepted,,1024,2048,0,118,bytes,241664,120832,33832960,236,0,0,1024,0,0,10976283,11075632,89380,105000,125770,4.250,4.250
e000115,exploratory,pwritev_full_8m,candidate,1,3,ABBA,pwritev_full_8m,process,24,1,1024,4,new_name,synthetic_sweep,1,54215100a825da9eb7cfbd8f045e54ef05fb29bd,false,1b36f48efea63210dfeeee7270dea968ab5ba58da27f90aa42845eb8a64a6649,12b1dafe765a77d1a17115b0ae12cff973f20ed7d6d770fbd790695fe081288e,0e4833553be7825885da5ea99bceab292cc8abee6414d58b31864afe8ca9f944,c89b17de3d4d36a4e106517b0737619bd65f0e2877d95adbf2f297762f71fb7b,6e938dfcd266a2b0eac811d7ea7eabbd5b217965f88efa81371465134dbcab11,2026-07-15T18:42:44.212168+00:00,8o8-arch,7.0.12-arch1-1,AMD Ryzen 9 3900X 12-Core Processor,"logical=24,cores=12,sockets=1,nodes=1",performance,rustc 1.97.0 (2d8144b78 2026-07-07),22.1.6,cargo 1.97.0 (c980f4866 2026-06-30),"release,lto=thin,debug=true",/home/bob/.cache/mess-bench,/dev/nvme0n1p3,ext4,/home,Samsung SSD 970 EVO Plus 2TB,[none] mq-deadline kyber bfq,249437618176,4096,1024,payload[i]=(i*131+17)&0xff,4.2548828125,accepted,,1024,2048,0,118,bytes,241664,120832,33832960,236,0,0,1024,0,0,12519833,12787571,89760,107120,121390,4.250,4.250
e000116,exploratory,pwritev_full_8m,baseline,1,4,ABBA,k_pwrite,process,24,1,1024,4,new_name,synthetic_sweep,1,54215100a825da9eb7cfbd8f045e54ef05fb29bd,false,1b36f48efea63210dfeeee7270dea968ab5ba58da27f90aa42845eb8a64a6649,12b1dafe765a77d1a17115b0ae12cff973f20ed7d6d770fbd790695fe081288e,0e4833553be7825885da5ea99bceab292cc8abee6414d58b31864afe8ca9f944,c89b17de3d4d36a4e106517b0737619bd65f0e2877d95adbf2f297762f71fb7b,6e938dfcd266a2b0eac811d7ea7eabbd5b217965f88efa81371465134dbcab11,2026-07-15T18:42:45.251751+00:00,8o8-arch,7.0.12-arch1-1,AMD Ryzen 9 3900X 12-Core Processor,"logical=24,cores=12,sockets=1,nodes=1",performance,rustc 1.97.0 (2d8144b78 2026-07-07),22.1.6,cargo 1.97.0 (c980f4866 2026-06-30),"release,lto=thin,debug=true",/home/bob/.cache/mess-bench,/dev/nvme0n1p3,ext4,/home,Samsung SSD 970 EVO Plus 2TB,[none] mq-deadline kyber bfq,249437609984,4096,1024,payload[i]=(i*131+17)&0xff,4.2548828125,accepted,,1024,2048,0,118,bytes,241664,120832,33832960,241664,0,0,0,0,0,192797459,194611575,1517339,1915869,3688337,4.250,4.250
e000117,exploratory,pwritev_256_8m,candidate,1,1,BAAB,pwritev_256_8m,process,24,1,1024,4,new_name,synthetic_sweep,1,54215100a825da9eb7cfbd8f045e54ef05fb29bd,false,1b36f48efea63210dfeeee7270dea968ab5ba58da27f90aa42845eb8a64a6649,12b1dafe765a77d1a17115b0ae12cff973f20ed7d6d770fbd790695fe081288e,0e4833553be7825885da5ea99bceab292cc8abee6414d58b31864afe8ca9f944,c89b17de3d4d36a4e106517b0737619bd65f0e2877d95adbf2f297762f71fb7b,6e938dfcd266a2b0eac811d7ea7eabbd5b217965f88efa81371465134dbcab11,2026-07-15T18:42:46.282763+00:00,8o8-arch,7.0.12-arch1-1,AMD Ryzen 9 3900X 12-Core Processor,"logical=24,cores=12,sockets=1,nodes=1",performance,rustc 1.97.0 (2d8144b78 2026-07-07),22.1.6,cargo 1.97.0 (c980f4866 2026-06-30),"release,lto=thin,debug=true",/home/bob/.cache/mess-bench,/dev/nvme0n1p3,ext4,/home,Samsung SSD 970 EVO Plus 2TB,[none] mq-deadline kyber bfq,249437614080,4096,1024,payload[i]=(i*131+17)&0xff,4.234375,accepted,,1024,2048,0,118,bytes,241664,120832,33832960,944,0,0,256,0,0,12189493,12262141,102230,110090,111269,4.230,4.230
e000118,exploratory,pwritev_256_8m,baseline,1,2,BAAB,k_pwrite,process,24,1,1024,4,new_name,synthetic_sweep,1,54215100a825da9eb7cfbd8f045e54ef05fb29bd,false,1b36f48efea63210dfeeee7270dea968ab5ba58da27f90aa42845eb8a64a6649,12b1dafe765a77d1a17115b0ae12cff973f20ed7d6d770fbd790695fe081288e,0e4833553be7825885da5ea99bceab292cc8abee6414d58b31864afe8ca9f944,c89b17de3d4d36a4e106517b0737619bd65f0e2877d95adbf2f297762f71fb7b,6e938dfcd266a2b0eac811d7ea7eabbd5b217965f88efa81371465134dbcab11,2026-07-15T18:42:47.305762+00:00,8o8-arch,7.0.12-arch1-1,AMD Ryzen 9 3900X 12-Core Processor,"logical=24,cores=12,sockets=1,nodes=1",performance,rustc 1.97.0 (2d8144b78 2026-07-07),22.1.6,cargo 1.97.0 (c980f4866 2026-06-30),"release,lto=thin,debug=true",/home/bob/.cache/mess-bench,/dev/nvme0n1p3,ext4,/home,Samsung SSD 970 EVO Plus 2TB,[none] mq-deadline kyber bfq,249437614080,4096,1024,payload[i]=(i*131+17)&0xff,4.234375,accepted,,1024,2048,0,118,bytes,241664,120832,33832960,241664,0,0,0,0,0,184691017,187421830,1526779,1911708,2661349,4.230,4.230
e000119,exploratory,pwritev_256_8m,baseline,1,3,BAAB,k_pwrite,process,24,1,1024,4,new_name,synthetic_sweep,1,54215100a825da9eb7cfbd8f045e54ef05fb29bd,false,1b36f48efea63210dfeeee7270dea968ab5ba58da27f90aa42845eb8a64a6649,12b1dafe765a77d1a17115b0ae12cff973f20ed7d6d770fbd790695fe081288e,0e4833553be7825885da5ea99bceab292cc8abee6414d58b31864afe8ca9f944,c89b17de3d4d36a4e106517b0737619bd65f0e2877d95adbf2f297762f71fb7b,6e938dfcd266a2b0eac811d7ea7eabbd5b217965f88efa81371465134dbcab11,2026-07-15T18:42:48.335746+00:00,8o8-arch,7.0.12-arch1-1,AMD Ryzen 9 3900X 12-Core Processor,"logical=24,cores=12,sockets=1,nodes=1",performance,rustc 1.97.0 (2d8144b78 2026-07-07),22.1.6,cargo 1.97.0 (c980f4866 2026-06-30),"release,lto=thin,debug=true",/home/bob/.cache/mess-bench,/dev/nvme0n1p3,ext4,/home,Samsung SSD 970 EVO Plus 2TB,[none] mq-deadline kyber bfq,249437609984,4096,1024,payload[i]=(i*131+17)&0xff,4.234375,accepted,,1024,2048,0,118,bytes,241664,120832,33832960,241664,0,0,0,0,0,184261316,185825301,1512228,1828389,2635708,4.230,4.230
e000120,exploratory,pwritev_256_8m,candidate,1,4,BAAB,pwritev_256_8m,process,24,1,1024,4,new_name,synthetic_sweep,1,54215100a825da9eb7cfbd8f045e54ef05fb29bd,false,1b36f48efea63210dfeeee7270dea968ab5ba58da27f90aa42845eb8a64a6649,12b1dafe765a77d1a17115b0ae12cff973f20ed7d6d770fbd790695fe081288e,0e4833553be7825885da5ea99bceab292cc8abee6414d58b31864afe8ca9f944,c89b17de3d4d36a4e106517b0737619bd65f0e2877d95adbf2f297762f71fb7b,6e938dfcd266a2b0eac811d7ea7eabbd5b217965f88efa81371465134dbcab11,2026-07-15T18:42:49.365481+00:00,8o8-arch,7.0.12-arch1-1,AMD Ryzen 9 3900X 12-Core Processor,"logical=24,cores=12,sockets=1,nodes=1",performance,rustc 1.97.0 (2d8144b78 2026-07-07),22.1.6,cargo 1.97.0 (c980f4866 2026-06-30),"release,lto=thin,debug=true",/home/bob/.cache/mess-bench,/dev/nvme0n1p3,ext4,/home,Samsung SSD 970 EVO Plus 2TB,[none] mq-deadline kyber bfq,249437605888,4096,1024,payload[i]=(i*131+17)&0xff,4.234375,accepted,,1024,2048,0,118,bytes,241664,120832,33832960,944,0,0,256,0,0,12603733,12724680,102710,125630,136040,4.230,4.230
e000121,exploratory,pwritev_64_8m,baseline,1,1,ABBA,k_pwrite,process,24,1,1024,4,new_name,synthetic_sweep,1,54215100a825da9eb7cfbd8f045e54ef05fb29bd,false,1b36f48efea63210dfeeee7270dea968ab5ba58da27f90aa42845eb8a64a6649,12b1dafe765a77d1a17115b0ae12cff973f20ed7d6d770fbd790695fe081288e,0e4833553be7825885da5ea99bceab292cc8abee6414d58b31864afe8ca9f944,c89b17de3d4d36a4e106517b0737619bd65f0e2877d95adbf2f297762f71fb7b,6e938dfcd266a2b0eac811d7ea7eabbd5b217965f88efa81371465134dbcab11,2026-07-15T18:42:50.398452+00:00,8o8-arch,7.0.12-arch1-1,AMD Ryzen 9 3900X 12-Core Processor,"logical=24,cores=12,sockets=1,nodes=1",performance,rustc 1.97.0 (2d8144b78 2026-07-07),22.1.6,cargo 1.97.0 (c980f4866 2026-06-30),"release,lto=thin,debug=true",/home/bob/.cache/mess-bench,/dev/nvme0n1p3,ext4,/home,Samsung SSD 970 EVO Plus 2TB,[none] mq-deadline kyber bfq,249437601792,4096,1024,payload[i]=(i*131+17)&0xff,4.234375,accepted,,1024,2048,0,118,bytes,241664,120832,33832960,241664,0,0,0,0,0,191413818,192921816,1519029,2179569,3511487,4.230,4.230
e000122,exploratory,pwritev_64_8m,candidate,1,2,ABBA,pwritev_64_8m,process,24,1,1024,4,new_name,synthetic_sweep,1,54215100a825da9eb7cfbd8f045e54ef05fb29bd,false,1b36f48efea63210dfeeee7270dea968ab5ba58da27f90aa42845eb8a64a6649,12b1dafe765a77d1a17115b0ae12cff973f20ed7d6d770fbd790695fe081288e,0e4833553be7825885da5ea99bceab292cc8abee6414d58b31864afe8ca9f944,c89b17de3d4d36a4e106517b0737619bd65f0e2877d95adbf2f297762f71fb7b,6e938dfcd266a2b0eac811d7ea7eabbd5b217965f88efa81371465134dbcab11,2026-07-15T18:42:51.424108+00:00,8o8-arch,7.0.12-arch1-1,AMD Ryzen 9 3900X 12-Core Processor,"logical=24,cores=12,sockets=1,nodes=1",performance,rustc 1.97.0 (2d8144b78 2026-07-07),22.1.6,cargo 1.97.0 (c980f4866 2026-06-30),"release,lto=thin,debug=true",/home/bob/.cache/mess-bench,/dev/nvme0n1p3,ext4,/home,Samsung SSD 970 EVO Plus 2TB,[none] mq-deadline kyber bfq,249437597696,4096,1024,payload[i]=(i*131+17)&0xff,3.97509765625,accepted,,1024,2048,0,118,bytes,241664,120832,33832960,3776,0,0,64,0,0,16082834,16208188,133540,148829,171260,3.970,3.970
e000123,exploratory,pwritev_64_8m,candidate,1,3,ABBA,pwritev_64_8m,process,24,1,1024,4,new_name,synthetic_sweep,1,54215100a825da9eb7cfbd8f045e54ef05fb29bd,false,1b36f48efea63210dfeeee7270dea968ab5ba58da27f90aa42845eb8a64a6649,12b1dafe765a77d1a17115b0ae12cff973f20ed7d6d770fbd790695fe081288e,0e4833553be7825885da5ea99bceab292cc8abee6414d58b31864afe8ca9f944,c89b17de3d4d36a4e106517b0737619bd65f0e2877d95adbf2f297762f71fb7b,6e938dfcd266a2b0eac811d7ea7eabbd5b217965f88efa81371465134dbcab11,2026-07-15T18:42:52.453200+00:00,8o8-arch,7.0.12-arch1-1,AMD Ryzen 9 3900X 12-Core Processor,"logical=24,cores=12,sockets=1,nodes=1",performance,rustc 1.97.0 (2d8144b78 2026-07-07),22.1.6,cargo 1.97.0 (c980f4866 2026-06-30),"release,lto=thin,debug=true",/home/bob/.cache/mess-bench,/dev/nvme0n1p3,ext4,/home,Samsung SSD 970 EVO Plus 2TB,[none] mq-deadline kyber bfq,249437597696,4096,1024,payload[i]=(i*131+17)&0xff,3.97509765625,accepted,,1024,2048,0,118,bytes,241664,120832,33832960,3776,0,0,64,0,0,16112784,16233038,133460,151379,163370,3.970,3.970
e000124,exploratory,pwritev_64_8m,baseline,1,4,ABBA,k_pwrite,process,24,1,1024,4,new_name,synthetic_sweep,1,54215100a825da9eb7cfbd8f045e54ef05fb29bd,false,1b36f48efea63210dfeeee7270dea968ab5ba58da27f90aa42845eb8a64a6649,12b1dafe765a77d1a17115b0ae12cff973f20ed7d6d770fbd790695fe081288e,0e4833553be7825885da5ea99bceab292cc8abee6414d58b31864afe8ca9f944,c89b17de3d4d36a4e106517b0737619bd65f0e2877d95adbf2f297762f71fb7b,6e938dfcd266a2b0eac811d7ea7eabbd5b217965f88efa81371465134dbcab11,2026-07-15T18:42:53.481510+00:00,8o8-arch,7.0.12-arch1-1,AMD Ryzen 9 3900X 12-Core Processor,"logical=24,cores=12,sockets=1,nodes=1",performance,rustc 1.97.0 (2d8144b78 2026-07-07),22.1.6,cargo 1.97.0 (c980f4866 2026-06-30),"release,lto=thin,debug=true",/home/bob/.cache/mess-bench,/dev/nvme0n1p3,ext4,/home,Samsung SSD 970 EVO Plus 2TB,[none] mq-deadline kyber bfq,249458753536,4096,1024,payload[i]=(i*131+17)&0xff,3.97509765625,accepted,,1024,2048,0,118,bytes,241664,120832,33832960,241664,0,0,0,0,0,192106285,195594164,1516489,1835339,4771947,3.970,3.970
e000125,exploratory,copy_contiguous,candidate,1,1,BAAB,copy_contiguous,process,24,1,1024,4,new_name,synthetic_sweep,1,54215100a825da9eb7cfbd8f045e54ef05fb29bd,false,1b36f48efea63210dfeeee7270dea968ab5ba58da27f90aa42845eb8a64a6649,12b1dafe765a77d1a17115b0ae12cff973f20ed7d6d770fbd790695fe081288e,0e4833553be7825885da5ea99bceab292cc8abee6414d58b31864afe8ca9f944,c89b17de3d4d36a4e106517b0737619bd65f0e2877d95adbf2f297762f71fb7b,6e938dfcd266a2b0eac811d7ea7eabbd5b217965f88efa81371465134dbcab11,2026-07-15T18:42:54.510343+00:00,8o8-arch,7.0.12-arch1-1,AMD Ryzen 9 3900X 12-Core Processor,"logical=24,cores=12,sockets=1,nodes=1",performance,rustc 1.97.0 (2d8144b78 2026-07-07),22.1.6,cargo 1.97.0 (c980f4866 2026-06-30),"release,lto=thin,debug=true",/home/bob/.cache/mess-bench,/dev/nvme0n1p3,ext4,/home,Samsung SSD 970 EVO Plus 2TB,[none] mq-deadline kyber bfq,249458749440,4096,1024,payload[i]=(i*131+17)&0xff,3.97509765625,accepted,,1024,2048,0,118,bytes,241664,120832,33832960,118,0,0,0,33832960,0,6931991,6986165,56320,72560,96169,3.970,3.970
e000126,exploratory,copy_contiguous,baseline,1,2,BAAB,k_pwrite,process,24,1,1024,4,new_name,synthetic_sweep,1,54215100a825da9eb7cfbd8f045e54ef05fb29bd,false,1b36f48efea63210dfeeee7270dea968ab5ba58da27f90aa42845eb8a64a6649,12b1dafe765a77d1a17115b0ae12cff973f20ed7d6d770fbd790695fe081288e,0e4833553be7825885da5ea99bceab292cc8abee6414d58b31864afe8ca9f944,c89b17de3d4d36a4e106517b0737619bd65f0e2877d95adbf2f297762f71fb7b,6e938dfcd266a2b0eac811d7ea7eabbd5b217965f88efa81371465134dbcab11,2026-07-15T18:42:55.542392+00:00,8o8-arch,7.0.12-arch1-1,AMD Ryzen 9 3900X 12-Core Processor,"logical=24,cores=12,sockets=1,nodes=1",performance,rustc 1.97.0 (2d8144b78 2026-07-07),22.1.6,cargo 1.97.0 (c980f4866 2026-06-30),"release,lto=thin,debug=true",/home/bob/.cache/mess-bench,/dev/nvme0n1p3,ext4,/home,Samsung SSD 970 EVO Plus 2TB,[none] mq-deadline kyber bfq,249458745344,4096,1024,payload[i]=(i*131+17)&0xff,3.97509765625,accepted,,1024,2048,0,118,bytes,241664,120832,33832960,241664,0,0,0,0,0,183990236,185476942,1518949,1915719,2352269,3.970,3.970
e000127,exploratory,copy_contiguous,baseline,1,3,BAAB,k_pwrite,process,24,1,1024,4,new_name,synthetic_sweep,1,54215100a825da9eb7cfbd8f045e54ef05fb29bd,false,1b36f48efea63210dfeeee7270dea968ab5ba58da27f90aa42845eb8a64a6649,12b1dafe765a77d1a17115b0ae12cff973f20ed7d6d770fbd790695fe081288e,0e4833553be7825885da5ea99bceab292cc8abee6414d58b31864afe8ca9f944,c89b17de3d4d36a4e106517b0737619bd65f0e2877d95adbf2f297762f71fb7b,6e938dfcd266a2b0eac811d7ea7eabbd5b217965f88efa81371465134dbcab11,2026-07-15T18:42:56.565581+00:00,8o8-arch,7.0.12-arch1-1,AMD Ryzen 9 3900X 12-Core Processor,"logical=24,cores=12,sockets=1,nodes=1",performance,rustc 1.97.0 (2d8144b78 2026-07-07),22.1.6,cargo 1.97.0 (c980f4866 2026-06-30),"release,lto=thin,debug=true",/home/bob/.cache/mess-bench,/dev/nvme0n1p3,ext4,/home,Samsung SSD 970 EVO Plus 2TB,[none] mq-deadline kyber bfq,249458745344,4096,1024,payload[i]=(i*131+17)&0xff,3.65673828125,accepted,,1024,2048,0,118,bytes,241664,120832,33832960,241664,0,0,0,0,0,182612175,184170103,1517879,1780079,2668877,3.660,3.660
e000128,exploratory,copy_contiguous,candidate,1,4,BAAB,copy_contiguous,process,24,1,1024,4,new_name,synthetic_sweep,1,54215100a825da9eb7cfbd8f045e54ef05fb29bd,false,1b36f48efea63210dfeeee7270dea968ab5ba58da27f90aa42845eb8a64a6649,12b1dafe765a77d1a17115b0ae12cff973f20ed7d6d770fbd790695fe081288e,0e4833553be7825885da5ea99bceab292cc8abee6414d58b31864afe8ca9f944,c89b17de3d4d36a4e106517b0737619bd65f0e2877d95adbf2f297762f71fb7b,6e938dfcd266a2b0eac811d7ea7eabbd5b217965f88efa81371465134dbcab11,2026-07-15T18:42:57.598617+00:00,8o8-arch,7.0.12-arch1-1,AMD Ryzen 9 3900X 12-Core Processor,"logical=24,cores=12,sockets=1,nodes=1",performance,rustc 1.97.0 (2d8144b78 2026-07-07),22.1.6,cargo 1.97.0 (c980f4866 2026-06-30),"release,lto=thin,debug=true",/home/bob/.cache/mess-bench,/dev/nvme0n1p3,ext4,/home,Samsung SSD 970 EVO Plus 2TB,[none] mq-deadline kyber bfq,249458741248,4096,1024,payload[i]=(i*131+17)&0xff,3.65673828125,accepted,,1024,2048,0,118,bytes,241664,120832,33832960,118,0,0,0,33832960,0,6402422,6487016,51890,65080,101750,3.660,3.660
e000129,exploratory,pwritev_full_8m,baseline,1,1,ABBA,k_pwrite,process,24,1,1025,4,domain,synthetic_sweep,1,54215100a825da9eb7cfbd8f045e54ef05fb29bd,false,1b36f48efea63210dfeeee7270dea968ab5ba58da27f90aa42845eb8a64a6649,12b1dafe765a77d1a17115b0ae12cff973f20ed7d6d770fbd790695fe081288e,0e4833553be7825885da5ea99bceab292cc8abee6414d58b31864afe8ca9f944,c89b17de3d4d36a4e106517b0737619bd65f0e2877d95adbf2f297762f71fb7b,6e938dfcd266a2b0eac811d7ea7eabbd5b217965f88efa81371465134dbcab11,2026-07-15T18:42:58.624246+00:00,8o8-arch,7.0.12-arch1-1,AMD Ryzen 9 3900X 12-Core Processor,"logical=24,cores=12,sockets=1,nodes=1",performance,rustc 1.97.0 (2d8144b78 2026-07-07),22.1.6,cargo 1.97.0 (c980f4866 2026-06-30),"release,lto=thin,debug=true",/home/bob/.cache/mess-bench,/dev/nvme0n1p3,ext4,/home,Samsung SSD 970 EVO Plus 2TB,[none] mq-deadline kyber bfq,249458733056,4096,1024,payload[i]=(i*131+17)&0xff,3.65673828125,accepted,,1025,1025,0,234,bytes,239850,239850,33579000,239850,0,0,0,0,0,185257177,188187700,753579,942490,1882759,3.660,3.660
e000130,exploratory,pwritev_full_8m,candidate,1,2,ABBA,pwritev_full_8m,process,24,1,1025,4,domain,synthetic_sweep,1,54215100a825da9eb7cfbd8f045e54ef05fb29bd,false,1b36f48efea63210dfeeee7270dea968ab5ba58da27f90aa42845eb8a64a6649,12b1dafe765a77d1a17115b0ae12cff973f20ed7d6d770fbd790695fe081288e,0e4833553be7825885da5ea99bceab292cc8abee6414d58b31864afe8ca9f944,c89b17de3d4d36a4e106517b0737619bd65f0e2877d95adbf2f297762f71fb7b,6e938dfcd266a2b0eac811d7ea7eabbd5b217965f88efa81371465134dbcab11,2026-07-15T18:42:59.653724+00:00,8o8-arch,7.0.12-arch1-1,AMD Ryzen 9 3900X 12-Core Processor,"logical=24,cores=12,sockets=1,nodes=1",performance,rustc 1.97.0 (2d8144b78 2026-07-07),22.1.6,cargo 1.97.0 (c980f4866 2026-06-30),"release,lto=thin,debug=true",/home/bob/.cache/mess-bench,/dev/nvme0n1p3,ext4,/home,Samsung SSD 970 EVO Plus 2TB,[none] mq-deadline kyber bfq,249458733056,4096,1024,payload[i]=(i*131+17)&0xff,3.65673828125,accepted,,1025,1025,0,234,bytes,239850,239850,33579000,468,0,0,1024,0,0,10658353,10746112,44670,53360,61780,3.660,3.660
e000131,exploratory,pwritev_full_8m,candidate,1,3,ABBA,pwritev_full_8m,process,24,1,1025,4,domain,synthetic_sweep,1,54215100a825da9eb7cfbd8f045e54ef05fb29bd,false,1b36f48efea63210dfeeee7270dea968ab5ba58da27f90aa42845eb8a64a6649,12b1dafe765a77d1a17115b0ae12cff973f20ed7d6d770fbd790695fe081288e,0e4833553be7825885da5ea99bceab292cc8abee6414d58b31864afe8ca9f944,c89b17de3d4d36a4e106517b0737619bd65f0e2877d95adbf2f297762f71fb7b,6e938dfcd266a2b0eac811d7ea7eabbd5b217965f88efa81371465134dbcab11,2026-07-15T18:43:00.675362+00:00,8o8-arch,7.0.12-arch1-1,AMD Ryzen 9 3900X 12-Core Processor,"logical=24,cores=12,sockets=1,nodes=1",performance,rustc 1.97.0 (2d8144b78 2026-07-07),22.1.6,cargo 1.97.0 (c980f4866 2026-06-30),"release,lto=thin,debug=true",/home/bob/.cache/mess-bench,/dev/nvme0n1p3,ext4,/home,Samsung SSD 970 EVO Plus 2TB,[none] mq-deadline kyber bfq,249458733056,4096,1024,payload[i]=(i*131+17)&0xff,3.65673828125,accepted,,1025,1025,0,234,bytes,239850,239850,33579000,468,0,0,1024,0,0,10982633,11117452,44970,57920,74770,3.660,3.660
e000132,exploratory,pwritev_full_8m,baseline,1,4,ABBA,k_pwrite,process,24,1,1025,4,domain,synthetic_sweep,1,54215100a825da9eb7cfbd8f045e54ef05fb29bd,false,1b36f48efea63210dfeeee7270dea968ab5ba58da27f90aa42845eb8a64a6649,12b1dafe765a77d1a17115b0ae12cff973f20ed7d6d770fbd790695fe081288e,0e4833553be7825885da5ea99bceab292cc8abee6414d58b31864afe8ca9f944,c89b17de3d4d36a4e106517b0737619bd65f0e2877d95adbf2f297762f71fb7b,6e938dfcd266a2b0eac811d7ea7eabbd5b217965f88efa81371465134dbcab11,2026-07-15T18:43:01.705605+00:00,8o8-arch,7.0.12-arch1-1,AMD Ryzen 9 3900X 12-Core Processor,"logical=24,cores=12,sockets=1,nodes=1",performance,rustc 1.97.0 (2d8144b78 2026-07-07),22.1.6,cargo 1.97.0 (c980f4866 2026-06-30),"release,lto=thin,debug=true",/home/bob/.cache/mess-bench,/dev/nvme0n1p3,ext4,/home,Samsung SSD 970 EVO Plus 2TB,[none] mq-deadline kyber bfq,249458720768,4096,1024,payload[i]=(i*131+17)&0xff,3.36376953125,accepted,,1025,1025,0,234,bytes,239850,239850,33579000,239850,0,0,0,0,0,186451695,192663257,751980,823979,3152557,3.360,3.360
e000133,exploratory,pwritev_256_8m,candidate,1,1,BAAB,pwritev_256_8m,process,24,1,1025,4,domain,synthetic_sweep,1,54215100a825da9eb7cfbd8f045e54ef05fb29bd,false,1b36f48efea63210dfeeee7270dea968ab5ba58da27f90aa42845eb8a64a6649,12b1dafe765a77d1a17115b0ae12cff973f20ed7d6d770fbd790695fe081288e,0e4833553be7825885da5ea99bceab292cc8abee6414d58b31864afe8ca9f944,c89b17de3d4d36a4e106517b0737619bd65f0e2877d95adbf2f297762f71fb7b,6e938dfcd266a2b0eac811d7ea7eabbd5b217965f88efa81371465134dbcab11,2026-07-15T18:43:02.735358+00:00,8o8-arch,7.0.12-arch1-1,AMD Ryzen 9 3900X 12-Core Processor,"logical=24,cores=12,sockets=1,nodes=1",performance,rustc 1.97.0 (2d8144b78 2026-07-07),22.1.6,cargo 1.97.0 (c980f4866 2026-06-30),"release,lto=thin,debug=true",/home/bob/.cache/mess-bench,/dev/nvme0n1p3,ext4,/home,Samsung SSD 970 EVO Plus 2TB,[none] mq-deadline kyber bfq,249458720768,4096,1024,payload[i]=(i*131+17)&0xff,3.36376953125,accepted,,1025,1025,0,234,bytes,239850,239850,33579000,1170,0,0,256,0,0,12128073,12240581,50930,57460,70960,3.360,3.360
e000134,exploratory,pwritev_256_8m,baseline,1,2,BAAB,k_pwrite,process,24,1,1025,4,domain,synthetic_sweep,1,54215100a825da9eb7cfbd8f045e54ef05fb29bd,false,1b36f48efea63210dfeeee7270dea968ab5ba58da27f90aa42845eb8a64a6649,12b1dafe765a77d1a17115b0ae12cff973f20ed7d6d770fbd790695fe081288e,0e4833553be7825885da5ea99bceab292cc8abee6414d58b31864afe8ca9f944,c89b17de3d4d36a4e106517b0737619bd65f0e2877d95adbf2f297762f71fb7b,6e938dfcd266a2b0eac811d7ea7eabbd5b217965f88efa81371465134dbcab11,2026-07-15T18:43:03.766808+00:00,8o8-arch,7.0.12-arch1-1,AMD Ryzen 9 3900X 12-Core Processor,"logical=24,cores=12,sockets=1,nodes=1",performance,rustc 1.97.0 (2d8144b78 2026-07-07),22.1.6,cargo 1.97.0 (c980f4866 2026-06-30),"release,lto=thin,debug=true",/home/bob/.cache/mess-bench,/dev/nvme0n1p3,ext4,/home,Samsung SSD 970 EVO Plus 2TB,[none] mq-deadline kyber bfq,249458708480,4096,1024,payload[i]=(i*131+17)&0xff,3.36376953125,accepted,,1025,1025,0,234,bytes,239850,239850,33579000,239850,0,0,0,0,0,178141145,181523305,751179,865559,1131539,3.360,3.360
e000135,exploratory,pwritev_256_8m,baseline,1,3,BAAB,k_pwrite,process,24,1,1025,4,domain,synthetic_sweep,1,54215100a825da9eb7cfbd8f045e54ef05fb29bd,false,1b36f48efea63210dfeeee7270dea968ab5ba58da27f90aa42845eb8a64a6649,12b1dafe765a77d1a17115b0ae12cff973f20ed7d6d770fbd790695fe081288e,0e4833553be7825885da5ea99bceab292cc8abee6414d58b31864afe8ca9f944,c89b17de3d4d36a4e106517b0737619bd65f0e2877d95adbf2f297762f71fb7b,6e938dfcd266a2b0eac811d7ea7eabbd5b217965f88efa81371465134dbcab11,2026-07-15T18:43:04.796815+00:00,8o8-arch,7.0.12-arch1-1,AMD Ryzen 9 3900X 12-Core Processor,"logical=24,cores=12,sockets=1,nodes=1",performance,rustc 1.97.0 (2d8144b78 2026-07-07),22.1.6,cargo 1.97.0 (c980f4866 2026-06-30),"release,lto=thin,debug=true",/home/bob/.cache/mess-bench,/dev/nvme0n1p3,ext4,/home,Samsung SSD 970 EVO Plus 2TB,[none] mq-deadline kyber bfq,249458708480,4096,1024,payload[i]=(i*131+17)&0xff,3.36376953125,accepted,,1025,1025,0,234,bytes,239850,239850,33579000,239850,0,0,0,0,0,183729807,185595972,758430,857199,1958679,3.360,3.360
e000136,exploratory,pwritev_256_8m,candidate,1,4,BAAB,pwritev_256_8m,process,24,1,1025,4,domain,synthetic_sweep,1,54215100a825da9eb7cfbd8f045e54ef05fb29bd,false,1b36f48efea63210dfeeee7270dea968ab5ba58da27f90aa42845eb8a64a6649,12b1dafe765a77d1a17115b0ae12cff973f20ed7d6d770fbd790695fe081288e,0e4833553be7825885da5ea99bceab292cc8abee6414d58b31864afe8ca9f944,c89b17de3d4d36a4e106517b0737619bd65f0e2877d95adbf2f297762f71fb7b,6e938dfcd266a2b0eac811d7ea7eabbd5b217965f88efa81371465134dbcab11,2026-07-15T18:43:05.826533+00:00,8o8-arch,7.0.12-arch1-1,AMD Ryzen 9 3900X 12-Core Processor,"logical=24,cores=12,sockets=1,nodes=1",performance,rustc 1.97.0 (2d8144b78 2026-07-07),22.1.6,cargo 1.97.0 (c980f4866 2026-06-30),"release,lto=thin,debug=true",/home/bob/.cache/mess-bench,/dev/nvme0n1p3,ext4,/home,Samsung SSD 970 EVO Plus 2TB,[none] mq-deadline kyber bfq,249458704384,4096,1024,payload[i]=(i*131+17)&0xff,3.4150390625,accepted,,1025,1025,0,234,bytes,239850,239850,33579000,1170,0,0,256,0,0,14057534,14159629,63010,68310,74860,3.410,3.410
e000137,exploratory,pwritev_64_8m,baseline,1,1,ABBA,k_pwrite,process,24,1,1025,4,domain,synthetic_sweep,1,54215100a825da9eb7cfbd8f045e54ef05fb29bd,false,1b36f48efea63210dfeeee7270dea968ab5ba58da27f90aa42845eb8a64a6649,12b1dafe765a77d1a17115b0ae12cff973f20ed7d6d770fbd790695fe081288e,0e4833553be7825885da5ea99bceab292cc8abee6414d58b31864afe8ca9f944,c89b17de3d4d36a4e106517b0737619bd65f0e2877d95adbf2f297762f71fb7b,6e938dfcd266a2b0eac811d7ea7eabbd5b217965f88efa81371465134dbcab11,2026-07-15T18:43:06.854798+00:00,8o8-arch,7.0.12-arch1-1,AMD Ryzen 9 3900X 12-Core Processor,"logical=24,cores=12,sockets=1,nodes=1",performance,rustc 1.97.0 (2d8144b78 2026-07-07),22.1.6,cargo 1.97.0 (c980f4866 2026-06-30),"release,lto=thin,debug=true",/home/bob/.cache/mess-bench,/dev/nvme0n1p3,ext4,/home,Samsung SSD 970 EVO Plus 2TB,[none] mq-deadline kyber bfq,249458700288,4096,1024,payload[i]=(i*131+17)&0xff,3.4150390625,accepted,,1025,1025,0,234,bytes,239850,239850,33579000,239850,0,0,0,0,0,193977289,195945504,754689,919780,3573358,3.410,3.410
e000138,exploratory,pwritev_64_8m,candidate,1,2,ABBA,pwritev_64_8m,process,24,1,1025,4,domain,synthetic_sweep,1,54215100a825da9eb7cfbd8f045e54ef05fb29bd,false,1b36f48efea63210dfeeee7270dea968ab5ba58da27f90aa42845eb8a64a6649,12b1dafe765a77d1a17115b0ae12cff973f20ed7d6d770fbd790695fe081288e,0e4833553be7825885da5ea99bceab292cc8abee6414d58b31864afe8ca9f944,c89b17de3d4d36a4e106517b0737619bd65f0e2877d95adbf2f297762f71fb7b,6e938dfcd266a2b0eac811d7ea7eabbd5b217965f88efa81371465134dbcab11,2026-07-15T18:43:07.876544+00:00,8o8-arch,7.0.12-arch1-1,AMD Ryzen 9 3900X 12-Core Processor,"logical=24,cores=12,sockets=1,nodes=1",performance,rustc 1.97.0 (2d8144b78 2026-07-07),22.1.6,cargo 1.97.0 (c980f4866 2026-06-30),"release,lto=thin,debug=true",/home/bob/.cache/mess-bench,/dev/nvme0n1p3,ext4,/home,Samsung SSD 970 EVO Plus 2TB,[none] mq-deadline kyber bfq,249458700288,4096,1024,payload[i]=(i*131+17)&0xff,3.4150390625,accepted,,1025,1025,0,234,bytes,239850,239850,33579000,3978,0,0,64,0,0,17482785,18027237,67180,81110,116490,3.410,3.410
e000139,exploratory,pwritev_64_8m,candidate,1,3,ABBA,pwritev_64_8m,process,24,1,1025,4,domain,synthetic_sweep,1,54215100a825da9eb7cfbd8f045e54ef05fb29bd,false,1b36f48efea63210dfeeee7270dea968ab5ba58da27f90aa42845eb8a64a6649,12b1dafe765a77d1a17115b0ae12cff973f20ed7d6d770fbd790695fe081288e,0e4833553be7825885da5ea99bceab292cc8abee6414d58b31864afe8ca9f944,c89b17de3d4d36a4e106517b0737619bd65f0e2877d95adbf2f297762f71fb7b,6e938dfcd266a2b0eac811d7ea7eabbd5b217965f88efa81371465134dbcab11,2026-07-15T18:43:08.899490+00:00,8o8-arch,7.0.12-arch1-1,AMD Ryzen 9 3900X 12-Core Processor,"logical=24,cores=12,sockets=1,nodes=1",performance,rustc 1.97.0 (2d8144b78 2026-07-07),22.1.6,cargo 1.97.0 (c980f4866 2026-06-30),"release,lto=thin,debug=true",/home/bob/.cache/mess-bench,/dev/nvme0n1p3,ext4,/home,Samsung SSD 970 EVO Plus 2TB,[none] mq-deadline kyber bfq,249458700288,4096,1024,payload[i]=(i*131+17)&0xff,3.4150390625,accepted,,1025,1025,0,234,bytes,239850,239850,33579000,3978,0,0,64,0,0,16194534,16347358,66789,79460,100870,3.410,3.410
e000140,exploratory,pwritev_64_8m,baseline,1,4,ABBA,k_pwrite,process,24,1,1025,4,domain,synthetic_sweep,1,54215100a825da9eb7cfbd8f045e54ef05fb29bd,false,1b36f48efea63210dfeeee7270dea968ab5ba58da27f90aa42845eb8a64a6649,12b1dafe765a77d1a17115b0ae12cff973f20ed7d6d770fbd790695fe081288e,0e4833553be7825885da5ea99bceab292cc8abee6414d58b31864afe8ca9f944,c89b17de3d4d36a4e106517b0737619bd65f0e2877d95adbf2f297762f71fb7b,6e938dfcd266a2b0eac811d7ea7eabbd5b217965f88efa81371465134dbcab11,2026-07-15T18:43:09.929588+00:00,8o8-arch,7.0.12-arch1-1,AMD Ryzen 9 3900X 12-Core Processor,"logical=24,cores=12,sockets=1,nodes=1",performance,rustc 1.97.0 (2d8144b78 2026-07-07),22.1.6,cargo 1.97.0 (c980f4866 2026-06-30),"release,lto=thin,debug=true",/home/bob/.cache/mess-bench,/dev/nvme0n1p3,ext4,/home,Samsung SSD 970 EVO Plus 2TB,[none] mq-deadline kyber bfq,249458692096,4096,1024,payload[i]=(i*131+17)&0xff,3.4150390625,accepted,,1025,1025,0,234,bytes,239850,239850,33579000,239850,0,0,0,0,0,183462956,184918052,754399,924499,1499829,3.410,3.410
e000141,exploratory,copy_contiguous,candidate,1,1,BAAB,copy_contiguous,process,24,1,1025,4,domain,synthetic_sweep,1,54215100a825da9eb7cfbd8f045e54ef05fb29bd,false,1b36f48efea63210dfeeee7270dea968ab5ba58da27f90aa42845eb8a64a6649,12b1dafe765a77d1a17115b0ae12cff973f20ed7d6d770fbd790695fe081288e,0e4833553be7825885da5ea99bceab292cc8abee6414d58b31864afe8ca9f944,c89b17de3d4d36a4e106517b0737619bd65f0e2877d95adbf2f297762f71fb7b,6e938dfcd266a2b0eac811d7ea7eabbd5b217965f88efa81371465134dbcab11,2026-07-15T18:43:10.954625+00:00,8o8-arch,7.0.12-arch1-1,AMD Ryzen 9 3900X 12-Core Processor,"logical=24,cores=12,sockets=1,nodes=1",performance,rustc 1.97.0 (2d8144b78 2026-07-07),22.1.6,cargo 1.97.0 (c980f4866 2026-06-30),"release,lto=thin,debug=true",/home/bob/.cache/mess-bench,/dev/nvme0n1p3,ext4,/home,Samsung SSD 970 EVO Plus 2TB,[none] mq-deadline kyber bfq,249458692096,4096,1024,payload[i]=(i*131+17)&0xff,3.30126953125,accepted,,1025,1025,0,234,bytes,239850,239850,33579000,234,0,0,0,33579000,0,5515361,5559076,23020,28110,35520,3.300,3.300
e000142,exploratory,copy_contiguous,baseline,1,2,BAAB,k_pwrite,process,24,1,1025,4,domain,synthetic_sweep,1,54215100a825da9eb7cfbd8f045e54ef05fb29bd,false,1b36f48efea63210dfeeee7270dea968ab5ba58da27f90aa42845eb8a64a6649,12b1dafe765a77d1a17115b0ae12cff973f20ed7d6d770fbd790695fe081288e,0e4833553be7825885da5ea99bceab292cc8abee6414d58b31864afe8ca9f944,c89b17de3d4d36a4e106517b0737619bd65f0e2877d95adbf2f297762f71fb7b,6e938dfcd266a2b0eac811d7ea7eabbd5b217965f88efa81371465134dbcab11,2026-07-15T18:43:11.984328+00:00,8o8-arch,7.0.12-arch1-1,AMD Ryzen 9 3900X 12-Core Processor,"logical=24,cores=12,sockets=1,nodes=1",performance,rustc 1.97.0 (2d8144b78 2026-07-07),22.1.6,cargo 1.97.0 (c980f4866 2026-06-30),"release,lto=thin,debug=true",/home/bob/.cache/mess-bench,/dev/nvme0n1p3,ext4,/home,Samsung SSD 970 EVO Plus 2TB,[none] mq-deadline kyber bfq,249458683904,4096,1024,payload[i]=(i*131+17)&0xff,3.30126953125,accepted,,1025,1025,0,234,bytes,239850,239850,33579000,239850,0,0,0,0,0,178832164,180255747,756199,834780,1216919,3.300,3.300
e000143,exploratory,copy_contiguous,baseline,1,3,BAAB,k_pwrite,process,24,1,1025,4,domain,synthetic_sweep,1,54215100a825da9eb7cfbd8f045e54ef05fb29bd,false,1b36f48efea63210dfeeee7270dea968ab5ba58da27f90aa42845eb8a64a6649,12b1dafe765a77d1a17115b0ae12cff973f20ed7d6d770fbd790695fe081288e,0e4833553be7825885da5ea99bceab292cc8abee6414d58b31864afe8ca9f944,c89b17de3d4d36a4e106517b0737619bd65f0e2877d95adbf2f297762f71fb7b,6e938dfcd266a2b0eac811d7ea7eabbd5b217965f88efa81371465134dbcab11,2026-07-15T18:43:13.013553+00:00,8o8-arch,7.0.12-arch1-1,AMD Ryzen 9 3900X 12-Core Processor,"logical=24,cores=12,sockets=1,nodes=1",performance,rustc 1.97.0 (2d8144b78 2026-07-07),22.1.6,cargo 1.97.0 (c980f4866 2026-06-30),"release,lto=thin,debug=true",/home/bob/.cache/mess-bench,/dev/nvme0n1p3,ext4,/home,Samsung SSD 970 EVO Plus 2TB,[none] mq-deadline kyber bfq,249458683904,4096,1024,payload[i]=(i*131+17)&0xff,3.30126953125,accepted,,1025,1025,0,234,bytes,239850,239850,33579000,239850,0,0,0,0,0,184382366,186119122,757980,945189,1335478,3.300,3.300
e000144,exploratory,copy_contiguous,candidate,1,4,BAAB,copy_contiguous,process,24,1,1025,4,domain,synthetic_sweep,1,54215100a825da9eb7cfbd8f045e54ef05fb29bd,false,1b36f48efea63210dfeeee7270dea968ab5ba58da27f90aa42845eb8a64a6649,12b1dafe765a77d1a17115b0ae12cff973f20ed7d6d770fbd790695fe081288e,0e4833553be7825885da5ea99bceab292cc8abee6414d58b31864afe8ca9f944,c89b17de3d4d36a4e106517b0737619bd65f0e2877d95adbf2f297762f71fb7b,6e938dfcd266a2b0eac811d7ea7eabbd5b217965f88efa81371465134dbcab11,2026-07-15T18:43:14.041670+00:00,8o8-arch,7.0.12-arch1-1,AMD Ryzen 9 3900X 12-Core Processor,"logical=24,cores=12,sockets=1,nodes=1",performance,rustc 1.97.0 (2d8144b78 2026-07-07),22.1.6,cargo 1.97.0 (c980f4866 2026-06-30),"release,lto=thin,debug=true",/home/bob/.cache/mess-bench,/dev/nvme0n1p3,ext4,/home,Samsung SSD 970 EVO Plus 2TB,[none] mq-deadline kyber bfq,249458675712,4096,1024,payload[i]=(i*131+17)&0xff,3.30126953125,accepted,,1025,1025,0,234,bytes,239850,239850,33579000,234,0,0,0,33579000,0,5854771,5919496,22710,32810,37960,3.300,3.300
e000145,exploratory,pwritev_full_8m,baseline,1,1,ABBA,k_pwrite,process,24,1,1025,4,new_name,synthetic_sweep,1,54215100a825da9eb7cfbd8f045e54ef05fb29bd,false,1b36f48efea63210dfeeee7270dea968ab5ba58da27f90aa42845eb8a64a6649,12b1dafe765a77d1a17115b0ae12cff973f20ed7d6d770fbd790695fe081288e,0e4833553be7825885da5ea99bceab292cc8abee6414d58b31864afe8ca9f944,c89b17de3d4d36a4e106517b0737619bd65f0e2877d95adbf2f297762f71fb7b,6e938dfcd266a2b0eac811d7ea7eabbd5b217965f88efa81371465134dbcab11,2026-07-15T18:43:15.071928+00:00,8o8-arch,7.0.12-arch1-1,AMD Ryzen 9 3900X 12-Core Processor,"logical=24,cores=12,sockets=1,nodes=1",performance,rustc 1.97.0 (2d8144b78 2026-07-07),22.1.6,cargo 1.97.0 (c980f4866 2026-06-30),"release,lto=thin,debug=true",/home/bob/.cache/mess-bench,/dev/nvme0n1p3,ext4,/home,Samsung SSD 970 EVO Plus 2TB,[none] mq-deadline kyber bfq,249458675712,4096,1024,payload[i]=(i*131+17)&0xff,3.30126953125,accepted,,1025,2050,0,117,bytes,239850,119925,33579000,239850,0,0,0,0,0,183319294,185005552,1530199,1836578,1919959,3.300,3.300
e000146,exploratory,pwritev_full_8m,candidate,1,2,ABBA,pwritev_full_8m,process,24,1,1025,4,new_name,synthetic_sweep,1,54215100a825da9eb7cfbd8f045e54ef05fb29bd,false,1b36f48efea63210dfeeee7270dea968ab5ba58da27f90aa42845eb8a64a6649,12b1dafe765a77d1a17115b0ae12cff973f20ed7d6d770fbd790695fe081288e,0e4833553be7825885da5ea99bceab292cc8abee6414d58b31864afe8ca9f944,c89b17de3d4d36a4e106517b0737619bd65f0e2877d95adbf2f297762f71fb7b,6e938dfcd266a2b0eac811d7ea7eabbd5b217965f88efa81371465134dbcab11,2026-07-15T18:43:16.101765+00:00,8o8-arch,7.0.12-arch1-1,AMD Ryzen 9 3900X 12-Core Processor,"logical=24,cores=12,sockets=1,nodes=1",performance,rustc 1.97.0 (2d8144b78 2026-07-07),22.1.6,cargo 1.97.0 (c980f4866 2026-06-30),"release,lto=thin,debug=true",/home/bob/.cache/mess-bench,/dev/nvme0n1p3,ext4,/home,Samsung SSD 970 EVO Plus 2TB,[none] mq-deadline kyber bfq,249458679808,4096,1024,payload[i]=(i*131+17)&0xff,3.03662109375,accepted,,1025,2050,0,117,bytes,239850,119925,33579000,351,0,0,1024,0,0,10797483,10902172,90010,105590,117880,3.040,3.040
e000147,exploratory,pwritev_full_8m,candidate,1,3,ABBA,pwritev_full_8m,process,24,1,1025,4,new_name,synthetic_sweep,1,54215100a825da9eb7cfbd8f045e54ef05fb29bd,false,1b36f48efea63210dfeeee7270dea968ab5ba58da27f90aa42845eb8a64a6649,12b1dafe765a77d1a17115b0ae12cff973f20ed7d6d770fbd790695fe081288e,0e4833553be7825885da5ea99bceab292cc8abee6414d58b31864afe8ca9f944,c89b17de3d4d36a4e106517b0737619bd65f0e2877d95adbf2f297762f71fb7b,6e938dfcd266a2b0eac811d7ea7eabbd5b217965f88efa81371465134dbcab11,2026-07-15T18:43:17.130967+00:00,8o8-arch,7.0.12-arch1-1,AMD Ryzen 9 3900X 12-Core Processor,"logical=24,cores=12,sockets=1,nodes=1",performance,rustc 1.97.0 (2d8144b78 2026-07-07),22.1.6,cargo 1.97.0 (c980f4866 2026-06-30),"release,lto=thin,debug=true",/home/bob/.cache/mess-bench,/dev/nvme0n1p3,ext4,/home,Samsung SSD 970 EVO Plus 2TB,[none] mq-deadline kyber bfq,249458679808,4096,1024,payload[i]=(i*131+17)&0xff,3.03662109375,accepted,,1025,2050,0,117,bytes,239850,119925,33579000,351,0,0,1024,0,0,10963942,11099181,90410,115620,129080,3.040,3.040
e000148,exploratory,pwritev_full_8m,baseline,1,4,ABBA,k_pwrite,process,24,1,1025,4,new_name,synthetic_sweep,1,54215100a825da9eb7cfbd8f045e54ef05fb29bd,false,1b36f48efea63210dfeeee7270dea968ab5ba58da27f90aa42845eb8a64a6649,12b1dafe765a77d1a17115b0ae12cff973f20ed7d6d770fbd790695fe081288e,0e4833553be7825885da5ea99bceab292cc8abee6414d58b31864afe8ca9f944,c89b17de3d4d36a4e106517b0737619bd65f0e2877d95adbf2f297762f71fb7b,6e938dfcd266a2b0eac811d7ea7eabbd5b217965f88efa81371465134dbcab11,2026-07-15T18:43:18.156591+00:00,8o8-arch,7.0.12-arch1-1,AMD Ryzen 9 3900X 12-Core Processor,"logical=24,cores=12,sockets=1,nodes=1",performance,rustc 1.97.0 (2d8144b78 2026-07-07),22.1.6,cargo 1.97.0 (c980f4866 2026-06-30),"release,lto=thin,debug=true",/home/bob/.cache/mess-bench,/dev/nvme0n1p3,ext4,/home,Samsung SSD 970 EVO Plus 2TB,[none] mq-deadline kyber bfq,249458671616,4096,1024,payload[i]=(i*131+17)&0xff,3.03662109375,accepted,,1025,2050,0,117,bytes,239850,119925,33579000,239850,0,0,0,0,0,183455865,185166662,1517439,1894728,2805367,3.040,3.040
e000149,exploratory,pwritev_256_8m,candidate,1,1,BAAB,pwritev_256_8m,process,24,1,1025,4,new_name,synthetic_sweep,1,54215100a825da9eb7cfbd8f045e54ef05fb29bd,false,1b36f48efea63210dfeeee7270dea968ab5ba58da27f90aa42845eb8a64a6649,12b1dafe765a77d1a17115b0ae12cff973f20ed7d6d770fbd790695fe081288e,0e4833553be7825885da5ea99bceab292cc8abee6414d58b31864afe8ca9f944,c89b17de3d4d36a4e106517b0737619bd65f0e2877d95adbf2f297762f71fb7b,6e938dfcd266a2b0eac811d7ea7eabbd5b217965f88efa81371465134dbcab11,2026-07-15T18:43:19.178613+00:00,8o8-arch,7.0.12-arch1-1,AMD Ryzen 9 3900X 12-Core Processor,"logical=24,cores=12,sockets=1,nodes=1",performance,rustc 1.97.0 (2d8144b78 2026-07-07),22.1.6,cargo 1.97.0 (c980f4866 2026-06-30),"release,lto=thin,debug=true",/home/bob/.cache/mess-bench,/dev/nvme0n1p3,ext4,/home,Samsung SSD 970 EVO Plus 2TB,[none] mq-deadline kyber bfq,249458667520,4096,1024,payload[i]=(i*131+17)&0xff,3.03662109375,accepted,,1025,2050,0,117,bytes,239850,119925,33579000,1053,0,0,256,0,0,13723113,13952930,103020,117300,195960,3.040,3.040
e000150,exploratory,pwritev_256_8m,baseline,1,2,BAAB,k_pwrite,process,24,1,1025,4,new_name,synthetic_sweep,1,54215100a825da9eb7cfbd8f045e54ef05fb29bd,false,1b36f48efea63210dfeeee7270dea968ab5ba58da27f90aa42845eb8a64a6649,12b1dafe765a77d1a17115b0ae12cff973f20ed7d6d770fbd790695fe081288e,0e4833553be7825885da5ea99bceab292cc8abee6414d58b31864afe8ca9f944,c89b17de3d4d36a4e106517b0737619bd65f0e2877d95adbf2f297762f71fb7b,6e938dfcd266a2b0eac811d7ea7eabbd5b217965f88efa81371465134dbcab11,2026-07-15T18:43:20.210629+00:00,8o8-arch,7.0.12-arch1-1,AMD Ryzen 9 3900X 12-Core Processor,"logical=24,cores=12,sockets=1,nodes=1",performance,rustc 1.97.0 (2d8144b78 2026-07-07),22.1.6,cargo 1.97.0 (c980f4866 2026-06-30),"release,lto=thin,debug=true",/home/bob/.cache/mess-bench,/dev/nvme0n1p3,ext4,/home,Samsung SSD 970 EVO Plus 2TB,[none] mq-deadline kyber bfq,249458667520,4096,1024,payload[i]=(i*131+17)&0xff,3.03662109375,accepted,,1025,2050,0,117,bytes,239850,119925,33579000,239850,0,0,0,0,0,181357785,182830895,1514019,1854319,1960768,3.040,3.040
e000151,exploratory,pwritev_256_8m,baseline,1,3,BAAB,k_pwrite,process,24,1,1025,4,new_name,synthetic_sweep,1,54215100a825da9eb7cfbd8f045e54ef05fb29bd,false,1b36f48efea63210dfeeee7270dea968ab5ba58da27f90aa42845eb8a64a6649,12b1dafe765a77d1a17115b0ae12cff973f20ed7d6d770fbd790695fe081288e,0e4833553be7825885da5ea99bceab292cc8abee6414d58b31864afe8ca9f944,c89b17de3d4d36a4e106517b0737619bd65f0e2877d95adbf2f297762f71fb7b,6e938dfcd266a2b0eac811d7ea7eabbd5b217965f88efa81371465134dbcab11,2026-07-15T18:43:21.238980+00:00,8o8-arch,7.0.12-arch1-1,AMD Ryzen 9 3900X 12-Core Processor,"logical=24,cores=12,sockets=1,nodes=1",performance,rustc 1.97.0 (2d8144b78 2026-07-07),22.1.6,cargo 1.97.0 (c980f4866 2026-06-30),"release,lto=thin,debug=true",/home/bob/.cache/mess-bench,/dev/nvme0n1p3,ext4,/home,Samsung SSD 970 EVO Plus 2TB,[none] mq-deadline kyber bfq,249458663424,4096,1024,payload[i]=(i*131+17)&0xff,2.873046875,accepted,,1025,2050,0,117,bytes,239850,119925,33579000,239850,0,0,0,0,0,190725457,192338227,1518359,2096359,4355107,2.870,2.870
e000152,exploratory,pwritev_256_8m,candidate,1,4,BAAB,pwritev_256_8m,process,24,1,1025,4,new_name,synthetic_sweep,1,54215100a825da9eb7cfbd8f045e54ef05fb29bd,false,1b36f48efea63210dfeeee7270dea968ab5ba58da27f90aa42845eb8a64a6649,12b1dafe765a77d1a17115b0ae12cff973f20ed7d6d770fbd790695fe081288e,0e4833553be7825885da5ea99bceab292cc8abee6414d58b31864afe8ca9f944,c89b17de3d4d36a4e106517b0737619bd65f0e2877d95adbf2f297762f71fb7b,6e938dfcd266a2b0eac811d7ea7eabbd5b217965f88efa81371465134dbcab11,2026-07-15T18:43:22.269696+00:00,8o8-arch,7.0.12-arch1-1,AMD Ryzen 9 3900X 12-Core Processor,"logical=24,cores=12,sockets=1,nodes=1",performance,rustc 1.97.0 (2d8144b78 2026-07-07),22.1.6,cargo 1.97.0 (c980f4866 2026-06-30),"release,lto=thin,debug=true",/home/bob/.cache/mess-bench,/dev/nvme0n1p3,ext4,/home,Samsung SSD 970 EVO Plus 2TB,[none] mq-deadline kyber bfq,249458663424,4096,1024,payload[i]=(i*131+17)&0xff,2.873046875,accepted,,1025,2050,0,117,bytes,239850,119925,33579000,1053,0,0,256,0,0,14101674,14509159,102820,127330,434470,2.870,2.870
e000153,exploratory,pwritev_64_8m,baseline,1,1,ABBA,k_pwrite,process,24,1,1025,4,new_name,synthetic_sweep,1,54215100a825da9eb7cfbd8f045e54ef05fb29bd,false,1b36f48efea63210dfeeee7270dea968ab5ba58da27f90aa42845eb8a64a6649,12b1dafe765a77d1a17115b0ae12cff973f20ed7d6d770fbd790695fe081288e,0e4833553be7825885da5ea99bceab292cc8abee6414d58b31864afe8ca9f944,c89b17de3d4d36a4e106517b0737619bd65f0e2877d95adbf2f297762f71fb7b,6e938dfcd266a2b0eac811d7ea7eabbd5b217965f88efa81371465134dbcab11,2026-07-15T18:43:23.302244+00:00,8o8-arch,7.0.12-arch1-1,AMD Ryzen 9 3900X 12-Core Processor,"logical=24,cores=12,sockets=1,nodes=1",performance,rustc 1.97.0 (2d8144b78 2026-07-07),22.1.6,cargo 1.97.0 (c980f4866 2026-06-30),"release,lto=thin,debug=true",/home/bob/.cache/mess-bench,/dev/nvme0n1p3,ext4,/home,Samsung SSD 970 EVO Plus 2TB,[none] mq-deadline kyber bfq,249458659328,4096,1024,payload[i]=(i*131+17)&0xff,2.873046875,accepted,,1025,2050,0,117,bytes,239850,119925,33579000,239850,0,0,0,0,0,182478756,184522743,1523179,1800189,2584078,2.870,2.870
e000154,exploratory,pwritev_64_8m,candidate,1,2,ABBA,pwritev_64_8m,process,24,1,1025,4,new_name,synthetic_sweep,1,54215100a825da9eb7cfbd8f045e54ef05fb29bd,false,1b36f48efea63210dfeeee7270dea968ab5ba58da27f90aa42845eb8a64a6649,12b1dafe765a77d1a17115b0ae12cff973f20ed7d6d770fbd790695fe081288e,0e4833553be7825885da5ea99bceab292cc8abee6414d58b31864afe8ca9f944,c89b17de3d4d36a4e106517b0737619bd65f0e2877d95adbf2f297762f71fb7b,6e938dfcd266a2b0eac811d7ea7eabbd5b217965f88efa81371465134dbcab11,2026-07-15T18:43:24.332522+00:00,8o8-arch,7.0.12-arch1-1,AMD Ryzen 9 3900X 12-Core Processor,"logical=24,cores=12,sockets=1,nodes=1",performance,rustc 1.97.0 (2d8144b78 2026-07-07),22.1.6,cargo 1.97.0 (c980f4866 2026-06-30),"release,lto=thin,debug=true",/home/bob/.cache/mess-bench,/dev/nvme0n1p3,ext4,/home,Samsung SSD 970 EVO Plus 2TB,[none] mq-deadline kyber bfq,249458655232,4096,1024,payload[i]=(i*131+17)&0xff,2.873046875,accepted,,1025,2050,0,117,bytes,239850,119925,33579000,3861,0,0,64,0,0,17842375,18143517,136510,162850,179120,2.870,2.870
e000155,exploratory,pwritev_64_8m,candidate,1,3,ABBA,pwritev_64_8m,process,24,1,1025,4,new_name,synthetic_sweep,1,54215100a825da9eb7cfbd8f045e54ef05fb29bd,false,1b36f48efea63210dfeeee7270dea968ab5ba58da27f90aa42845eb8a64a6649,12b1dafe765a77d1a17115b0ae12cff973f20ed7d6d770fbd790695fe081288e,0e4833553be7825885da5ea99bceab292cc8abee6414d58b31864afe8ca9f944,c89b17de3d4d36a4e106517b0737619bd65f0e2877d95adbf2f297762f71fb7b,6e938dfcd266a2b0eac811d7ea7eabbd5b217965f88efa81371465134dbcab11,2026-07-15T18:43:25.358116+00:00,8o8-arch,7.0.12-arch1-1,AMD Ryzen 9 3900X 12-Core Processor,"logical=24,cores=12,sockets=1,nodes=1",performance,rustc 1.97.0 (2d8144b78 2026-07-07),22.1.6,cargo 1.97.0 (c980f4866 2026-06-30),"release,lto=thin,debug=true",/home/bob/.cache/mess-bench,/dev/nvme0n1p3,ext4,/home,Samsung SSD 970 EVO Plus 2TB,[none] mq-deadline kyber bfq,249458651136,4096,1024,payload[i]=(i*131+17)&0xff,2.873046875,accepted,,1025,2050,0,117,bytes,239850,119925,33579000,3861,0,0,64,0,0,15881074,16031138,134260,146170,172740,2.870,2.870
e000156,exploratory,pwritev_64_8m,baseline,1,4,ABBA,k_pwrite,process,24,1,1025,4,new_name,synthetic_sweep,1,54215100a825da9eb7cfbd8f045e54ef05fb29bd,false,1b36f48efea63210dfeeee7270dea968ab5ba58da27f90aa42845eb8a64a6649,12b1dafe765a77d1a17115b0ae12cff973f20ed7d6d770fbd790695fe081288e,0e4833553be7825885da5ea99bceab292cc8abee6414d58b31864afe8ca9f944,c89b17de3d4d36a4e106517b0737619bd65f0e2877d95adbf2f297762f71fb7b,6e938dfcd266a2b0eac811d7ea7eabbd5b217965f88efa81371465134dbcab11,2026-07-15T18:43:26.382168+00:00,8o8-arch,7.0.12-arch1-1,AMD Ryzen 9 3900X 12-Core Processor,"logical=24,cores=12,sockets=1,nodes=1",performance,rustc 1.97.0 (2d8144b78 2026-07-07),22.1.6,cargo 1.97.0 (c980f4866 2026-06-30),"release,lto=thin,debug=true",/home/bob/.cache/mess-bench,/dev/nvme0n1p3,ext4,/home,Samsung SSD 970 EVO Plus 2TB,[none] mq-deadline kyber bfq,249458651136,4096,1024,payload[i]=(i*131+17)&0xff,2.802734375,accepted,,1025,2050,0,117,bytes,239850,119925,33579000,239850,0,0,0,0,0,185585967,187296081,1521729,1951479,3046338,2.800,2.800
e000157,exploratory,copy_contiguous,candidate,1,1,BAAB,copy_contiguous,process,24,1,1025,4,new_name,synthetic_sweep,1,54215100a825da9eb7cfbd8f045e54ef05fb29bd,false,1b36f48efea63210dfeeee7270dea968ab5ba58da27f90aa42845eb8a64a6649,12b1dafe765a77d1a17115b0ae12cff973f20ed7d6d770fbd790695fe081288e,0e4833553be7825885da5ea99bceab292cc8abee6414d58b31864afe8ca9f944,c89b17de3d4d36a4e106517b0737619bd65f0e2877d95adbf2f297762f71fb7b,6e938dfcd266a2b0eac811d7ea7eabbd5b217965f88efa81371465134dbcab11,2026-07-15T18:43:27.403216+00:00,8o8-arch,7.0.12-arch1-1,AMD Ryzen 9 3900X 12-Core Processor,"logical=24,cores=12,sockets=1,nodes=1",performance,rustc 1.97.0 (2d8144b78 2026-07-07),22.1.6,cargo 1.97.0 (c980f4866 2026-06-30),"release,lto=thin,debug=true",/home/bob/.cache/mess-bench,/dev/nvme0n1p3,ext4,/home,Samsung SSD 970 EVO Plus 2TB,[none] mq-deadline kyber bfq,249458647040,4096,1024,payload[i]=(i*131+17)&0xff,2.802734375,accepted,,1025,2050,0,117,bytes,239850,119925,33579000,117,0,0,0,33579000,0,5888720,6358555,50520,71740,76820,2.800,2.800
e000158,exploratory,copy_contiguous,baseline,1,2,BAAB,k_pwrite,process,24,1,1025,4,new_name,synthetic_sweep,1,54215100a825da9eb7cfbd8f045e54ef05fb29bd,false,1b36f48efea63210dfeeee7270dea968ab5ba58da27f90aa42845eb8a64a6649,12b1dafe765a77d1a17115b0ae12cff973f20ed7d6d770fbd790695fe081288e,0e4833553be7825885da5ea99bceab292cc8abee6414d58b31864afe8ca9f944,c89b17de3d4d36a4e106517b0737619bd65f0e2877d95adbf2f297762f71fb7b,6e938dfcd266a2b0eac811d7ea7eabbd5b217965f88efa81371465134dbcab11,2026-07-15T18:43:28.425659+00:00,8o8-arch,7.0.12-arch1-1,AMD Ryzen 9 3900X 12-Core Processor,"logical=24,cores=12,sockets=1,nodes=1",performance,rustc 1.97.0 (2d8144b78 2026-07-07),22.1.6,cargo 1.97.0 (c980f4866 2026-06-30),"release,lto=thin,debug=true",/home/bob/.cache/mess-bench,/dev/nvme0n1p3,ext4,/home,Samsung SSD 970 EVO Plus 2TB,[none] mq-deadline kyber bfq,249458647040,4096,1024,payload[i]=(i*131+17)&0xff,2.802734375,accepted,,1025,2050,0,117,bytes,239850,119925,33579000,239850,0,0,0,0,0,182952286,184448823,1518399,1830229,2621018,2.800,2.800
e000159,exploratory,copy_contiguous,baseline,1,3,BAAB,k_pwrite,process,24,1,1025,4,new_name,synthetic_sweep,1,54215100a825da9eb7cfbd8f045e54ef05fb29bd,false,1b36f48efea63210dfeeee7270dea968ab5ba58da27f90aa42845eb8a64a6649,12b1dafe765a77d1a17115b0ae12cff973f20ed7d6d770fbd790695fe081288e,0e4833553be7825885da5ea99bceab292cc8abee6414d58b31864afe8ca9f944,c89b17de3d4d36a4e106517b0737619bd65f0e2877d95adbf2f297762f71fb7b,6e938dfcd266a2b0eac811d7ea7eabbd5b217965f88efa81371465134dbcab11,2026-07-15T18:43:29.453417+00:00,8o8-arch,7.0.12-arch1-1,AMD Ryzen 9 3900X 12-Core Processor,"logical=24,cores=12,sockets=1,nodes=1",performance,rustc 1.97.0 (2d8144b78 2026-07-07),22.1.6,cargo 1.97.0 (c980f4866 2026-06-30),"release,lto=thin,debug=true",/home/bob/.cache/mess-bench,/dev/nvme0n1p3,ext4,/home,Samsung SSD 970 EVO Plus 2TB,[none] mq-deadline kyber bfq,249458638848,4096,1024,payload[i]=(i*131+17)&0xff,2.802734375,accepted,,1025,2050,0,117,bytes,239850,119925,33579000,239850,0,0,0,0,0,186231386,188510230,1515669,1837118,2941417,2.800,2.800
e000160,exploratory,copy_contiguous,candidate,1,4,BAAB,copy_contiguous,process,24,1,1025,4,new_name,synthetic_sweep,1,54215100a825da9eb7cfbd8f045e54ef05fb29bd,false,1b36f48efea63210dfeeee7270dea968ab5ba58da27f90aa42845eb8a64a6649,12b1dafe765a77d1a17115b0ae12cff973f20ed7d6d770fbd790695fe081288e,0e4833553be7825885da5ea99bceab292cc8abee6414d58b31864afe8ca9f944,c89b17de3d4d36a4e106517b0737619bd65f0e2877d95adbf2f297762f71fb7b,6e938dfcd266a2b0eac811d7ea7eabbd5b217965f88efa81371465134dbcab11,2026-07-15T18:43:30.483060+00:00,8o8-arch,7.0.12-arch1-1,AMD Ryzen 9 3900X 12-Core Processor,"logical=24,cores=12,sockets=1,nodes=1",performance,rustc 1.97.0 (2d8144b78 2026-07-07),22.1.6,cargo 1.97.0 (c980f4866 2026-06-30),"release,lto=thin,debug=true",/home/bob/.cache/mess-bench,/dev/nvme0n1p3,ext4,/home,Samsung SSD 970 EVO Plus 2TB,[none] mq-deadline kyber bfq,249458638848,4096,1024,payload[i]=(i*131+17)&0xff,2.802734375,accepted,,1025,2050,0,117,bytes,239850,119925,33579000,117,0,0,0,33579000,0,7670781,8204324,48780,68970,984819,2.800,2.800
e000161,exploratory,pwritev_full_8m,baseline,1,1,ABBA,k_pwrite,process,24,10,2,2,domain,synthetic_sweep,1,54215100a825da9eb7cfbd8f045e54ef05fb29bd,false,1b36f48efea63210dfeeee7270dea968ab5ba58da27f90aa42845eb8a64a6649,12b1dafe765a77d1a17115b0ae12cff973f20ed7d6d770fbd790695fe081288e,0e4833553be7825885da5ea99bceab292cc8abee6414d58b31864afe8ca9f944,c89b17de3d4d36a4e106517b0737619bd65f0e2877d95adbf2f297762f71fb7b,6e938dfcd266a2b0eac811d7ea7eabbd5b217965f88efa81371465134dbcab11,2026-07-15T18:43:31.505370+00:00,8o8-arch,7.0.12-arch1-1,AMD Ryzen 9 3900X 12-Core Processor,"logical=24,cores=12,sockets=1,nodes=1",performance,rustc 1.97.0 (2d8144b78 2026-07-07),22.1.6,cargo 1.97.0 (c980f4866 2026-06-30),"release,lto=thin,debug=true",/home/bob/.cache/mess-bench,/dev/nvme0n1p3,ext4,/home,Samsung SSD 970 EVO Plus 2TB,[none] mq-deadline kyber bfq,249458634752,4096,1024,payload[i]=(i*131+17)&0xff,2.73828125,accepted,,2,2,0,27595,bytes,551900,551900,33555520,55190,0,0,0,0,0,45168551,45988805,1510,1820,2010,2.740,2.740
e000162,exploratory,pwritev_full_8m,candidate,1,2,ABBA,pwritev_full_8m,process,24,10,2,2,domain,synthetic_sweep,1,54215100a825da9eb7cfbd8f045e54ef05fb29bd,false,1b36f48efea63210dfeeee7270dea968ab5ba58da27f90aa42845eb8a64a6649,12b1dafe765a77d1a17115b0ae12cff973f20ed7d6d770fbd790695fe081288e,0e4833553be7825885da5ea99bceab292cc8abee6414d58b31864afe8ca9f944,c89b17de3d4d36a4e106517b0737619bd65f0e2877d95adbf2f297762f71fb7b,6e938dfcd266a2b0eac811d7ea7eabbd5b217965f88efa81371465134dbcab11,2026-07-15T18:43:32.530880+00:00,8o8-arch,7.0.12-arch1-1,AMD Ryzen 9 3900X 12-Core Processor,"logical=24,cores=12,sockets=1,nodes=1",performance,rustc 1.97.0 (2d8144b78 2026-07-07),22.1.6,cargo 1.97.0 (c980f4866 2026-06-30),"release,lto=thin,debug=true",/home/bob/.cache/mess-bench,/dev/nvme0n1p3,ext4,/home,Samsung SSD 970 EVO Plus 2TB,[none] mq-deadline kyber bfq,249458630656,4096,1024,payload[i]=(i*131+17)&0xff,2.73828125,accepted,,2,2,0,27595,bytes,551900,551900,33555520,27595,0,0,2,0,0,28098967,28380439,930,1070,1210,2.740,2.740
e000163,exploratory,pwritev_full_8m,candidate,1,3,ABBA,pwritev_full_8m,process,24,10,2,2,domain,synthetic_sweep,1,54215100a825da9eb7cfbd8f045e54ef05fb29bd,false,1b36f48efea63210dfeeee7270dea968ab5ba58da27f90aa42845eb8a64a6649,12b1dafe765a77d1a17115b0ae12cff973f20ed7d6d770fbd790695fe081288e,0e4833553be7825885da5ea99bceab292cc8abee6414d58b31864afe8ca9f944,c89b17de3d4d36a4e106517b0737619bd65f0e2877d95adbf2f297762f71fb7b,6e938dfcd266a2b0eac811d7ea7eabbd5b217965f88efa81371465134dbcab11,2026-07-15T18:43:33.560134+00:00,8o8-arch,7.0.12-arch1-1,AMD Ryzen 9 3900X 12-Core Processor,"logical=24,cores=12,sockets=1,nodes=1",performance,rustc 1.97.0 (2d8144b78 2026-07-07),22.1.6,cargo 1.97.0 (c980f4866 2026-06-30),"release,lto=thin,debug=true",/home/bob/.cache/mess-bench,/dev/nvme0n1p3,ext4,/home,Samsung SSD 970 EVO Plus 2TB,[none] mq-deadline kyber bfq,249458626560,4096,1024,payload[i]=(i*131+17)&0xff,2.73828125,accepted,,2,2,0,27595,bytes,551900,551900,33555520,27595,0,0,2,0,0,30735468,31409727,920,1130,1240,2.740,2.740
e000164,exploratory,pwritev_full_8m,baseline,1,4,ABBA,k_pwrite,process,24,10,2,2,domain,synthetic_sweep,1,54215100a825da9eb7cfbd8f045e54ef05fb29bd,false,1b36f48efea63210dfeeee7270dea968ab5ba58da27f90aa42845eb8a64a6649,12b1dafe765a77d1a17115b0ae12cff973f20ed7d6d770fbd790695fe081288e,0e4833553be7825885da5ea99bceab292cc8abee6414d58b31864afe8ca9f944,c89b17de3d4d36a4e106517b0737619bd65f0e2877d95adbf2f297762f71fb7b,6e938dfcd266a2b0eac811d7ea7eabbd5b217965f88efa81371465134dbcab11,2026-07-15T18:43:34.588314+00:00,8o8-arch,7.0.12-arch1-1,AMD Ryzen 9 3900X 12-Core Processor,"logical=24,cores=12,sockets=1,nodes=1",performance,rustc 1.97.0 (2d8144b78 2026-07-07),22.1.6,cargo 1.97.0 (c980f4866 2026-06-30),"release,lto=thin,debug=true",/home/bob/.cache/mess-bench,/dev/nvme0n1p3,ext4,/home,Samsung SSD 970 EVO Plus 2TB,[none] mq-deadline kyber bfq,249458626560,4096,1024,payload[i]=(i*131+17)&0xff,2.73828125,accepted,,2,2,0,27595,bytes,551900,551900,33555520,55190,0,0,0,0,0,43973241,44410727,1510,1670,1920,2.740,2.740
e000165,exploratory,copy_contiguous,candidate,1,1,BAAB,copy_contiguous,process,24,10,2,2,domain,synthetic_sweep,1,54215100a825da9eb7cfbd8f045e54ef05fb29bd,false,1b36f48efea63210dfeeee7270dea968ab5ba58da27f90aa42845eb8a64a6649,12b1dafe765a77d1a17115b0ae12cff973f20ed7d6d770fbd790695fe081288e,0e4833553be7825885da5ea99bceab292cc8abee6414d58b31864afe8ca9f944,c89b17de3d4d36a4e106517b0737619bd65f0e2877d95adbf2f297762f71fb7b,6e938dfcd266a2b0eac811d7ea7eabbd5b217965f88efa81371465134dbcab11,2026-07-15T18:43:35.609957+00:00,8o8-arch,7.0.12-arch1-1,AMD Ryzen 9 3900X 12-Core Processor,"logical=24,cores=12,sockets=1,nodes=1",performance,rustc 1.97.0 (2d8144b78 2026-07-07),22.1.6,cargo 1.97.0 (c980f4866 2026-06-30),"release,lto=thin,debug=true",/home/bob/.cache/mess-bench,/dev/nvme0n1p3,ext4,/home,Samsung SSD 970 EVO Plus 2TB,[none] mq-deadline kyber bfq,249458622464,4096,1024,payload[i]=(i*131+17)&0xff,2.73828125,accepted,,2,2,0,27595,bytes,551900,551900,33555520,27595,0,0,0,33555520,0,26230986,26480881,820,1090,1170,2.740,2.740
e000166,exploratory,copy_contiguous,baseline,1,2,BAAB,k_pwrite,process,24,10,2,2,domain,synthetic_sweep,1,54215100a825da9eb7cfbd8f045e54ef05fb29bd,false,1b36f48efea63210dfeeee7270dea968ab5ba58da27f90aa42845eb8a64a6649,12b1dafe765a77d1a17115b0ae12cff973f20ed7d6d770fbd790695fe081288e,0e4833553be7825885da5ea99bceab292cc8abee6414d58b31864afe8ca9f944,c89b17de3d4d36a4e106517b0737619bd65f0e2877d95adbf2f297762f71fb7b,6e938dfcd266a2b0eac811d7ea7eabbd5b217965f88efa81371465134dbcab11,2026-07-15T18:43:36.639434+00:00,8o8-arch,7.0.12-arch1-1,AMD Ryzen 9 3900X 12-Core Processor,"logical=24,cores=12,sockets=1,nodes=1",performance,rustc 1.97.0 (2d8144b78 2026-07-07),22.1.6,cargo 1.97.0 (c980f4866 2026-06-30),"release,lto=thin,debug=true",/home/bob/.cache/mess-bench,/dev/nvme0n1p3,ext4,/home,Samsung SSD 970 EVO Plus 2TB,[none] mq-deadline kyber bfq,249458622464,4096,1024,payload[i]=(i*131+17)&0xff,2.6787109375,accepted,,2,2,0,27595,bytes,551900,551900,33555520,55190,0,0,0,0,0,45105442,45430586,1500,1730,2060,2.680,2.680
e000167,exploratory,copy_contiguous,baseline,1,3,BAAB,k_pwrite,process,24,10,2,2,domain,synthetic_sweep,1,54215100a825da9eb7cfbd8f045e54ef05fb29bd,false,1b36f48efea63210dfeeee7270dea968ab5ba58da27f90aa42845eb8a64a6649,12b1dafe765a77d1a17115b0ae12cff973f20ed7d6d770fbd790695fe081288e,0e4833553be7825885da5ea99bceab292cc8abee6414d58b31864afe8ca9f944,c89b17de3d4d36a4e106517b0737619bd65f0e2877d95adbf2f297762f71fb7b,6e938dfcd266a2b0eac811d7ea7eabbd5b217965f88efa81371465134dbcab11,2026-07-15T18:43:37.662634+00:00,8o8-arch,7.0.12-arch1-1,AMD Ryzen 9 3900X 12-Core Processor,"logical=24,cores=12,sockets=1,nodes=1",performance,rustc 1.97.0 (2d8144b78 2026-07-07),22.1.6,cargo 1.97.0 (c980f4866 2026-06-30),"release,lto=thin,debug=true",/home/bob/.cache/mess-bench,/dev/nvme0n1p3,ext4,/home,Samsung SSD 970 EVO Plus 2TB,[none] mq-deadline kyber bfq,249458614272,4096,1024,payload[i]=(i*131+17)&0xff,2.6787109375,accepted,,2,2,0,27595,bytes,551900,551900,33555520,55190,0,0,0,0,0,45075251,45458036,1500,1790,1950,2.680,2.680
e000168,exploratory,copy_contiguous,candidate,1,4,BAAB,copy_contiguous,process,24,10,2,2,domain,synthetic_sweep,1,54215100a825da9eb7cfbd8f045e54ef05fb29bd,false,1b36f48efea63210dfeeee7270dea968ab5ba58da27f90aa42845eb8a64a6649,12b1dafe765a77d1a17115b0ae12cff973f20ed7d6d770fbd790695fe081288e,0e4833553be7825885da5ea99bceab292cc8abee6414d58b31864afe8ca9f944,c89b17de3d4d36a4e106517b0737619bd65f0e2877d95adbf2f297762f71fb7b,6e938dfcd266a2b0eac811d7ea7eabbd5b217965f88efa81371465134dbcab11,2026-07-15T18:43:38.685955+00:00,8o8-arch,7.0.12-arch1-1,AMD Ryzen 9 3900X 12-Core Processor,"logical=24,cores=12,sockets=1,nodes=1",performance,rustc 1.97.0 (2d8144b78 2026-07-07),22.1.6,cargo 1.97.0 (c980f4866 2026-06-30),"release,lto=thin,debug=true",/home/bob/.cache/mess-bench,/dev/nvme0n1p3,ext4,/home,Samsung SSD 970 EVO Plus 2TB,[none] mq-deadline kyber bfq,249458610176,4096,1024,payload[i]=(i*131+17)&0xff,2.6787109375,accepted,,2,2,0,27595,bytes,551900,551900,33555520,27595,0,0,0,33555520,0,26744807,27215980,820,980,1230,2.680,2.680
e000169,exploratory,pwritev_full_8m,baseline,1,1,ABBA,k_pwrite,process,24,10,2,2,new_name,synthetic_sweep,1,54215100a825da9eb7cfbd8f045e54ef05fb29bd,false,1b36f48efea63210dfeeee7270dea968ab5ba58da27f90aa42845eb8a64a6649,12b1dafe765a77d1a17115b0ae12cff973f20ed7d6d770fbd790695fe081288e,0e4833553be7825885da5ea99bceab292cc8abee6414d58b31864afe8ca9f944,c89b17de3d4d36a4e106517b0737619bd65f0e2877d95adbf2f297762f71fb7b,6e938dfcd266a2b0eac811d7ea7eabbd5b217965f88efa81371465134dbcab11,2026-07-15T18:43:39.714450+00:00,8o8-arch,7.0.12-arch1-1,AMD Ryzen 9 3900X 12-Core Processor,"logical=24,cores=12,sockets=1,nodes=1",performance,rustc 1.97.0 (2d8144b78 2026-07-07),22.1.6,cargo 1.97.0 (c980f4866 2026-06-30),"release,lto=thin,debug=true",/home/bob/.cache/mess-bench,/dev/nvme0n1p3,ext4,/home,Samsung SSD 970 EVO Plus 2TB,[none] mq-deadline kyber bfq,249458610176,4096,1024,payload[i]=(i*131+17)&0xff,2.6787109375,accepted,,2,4,0,22430,bytes,493460,448600,33555280,89720,0,0,0,0,0,69864207,70515858,2910,3470,6360,2.680,2.680
e000170,exploratory,pwritev_full_8m,candidate,1,2,ABBA,pwritev_full_8m,process,24,10,2,2,new_name,synthetic_sweep,1,54215100a825da9eb7cfbd8f045e54ef05fb29bd,false,1b36f48efea63210dfeeee7270dea968ab5ba58da27f90aa42845eb8a64a6649,12b1dafe765a77d1a17115b0ae12cff973f20ed7d6d770fbd790695fe081288e,0e4833553be7825885da5ea99bceab292cc8abee6414d58b31864afe8ca9f944,c89b17de3d4d36a4e106517b0737619bd65f0e2877d95adbf2f297762f71fb7b,6e938dfcd266a2b0eac811d7ea7eabbd5b217965f88efa81371465134dbcab11,2026-07-15T18:43:40.742140+00:00,8o8-arch,7.0.12-arch1-1,AMD Ryzen 9 3900X 12-Core Processor,"logical=24,cores=12,sockets=1,nodes=1",performance,rustc 1.97.0 (2d8144b78 2026-07-07),22.1.6,cargo 1.97.0 (c980f4866 2026-06-30),"release,lto=thin,debug=true",/home/bob/.cache/mess-bench,/dev/nvme0n1p3,ext4,/home,Samsung SSD 970 EVO Plus 2TB,[none] mq-deadline kyber bfq,249458610176,4096,1024,payload[i]=(i*131+17)&0xff,2.6787109375,accepted,,2,4,0,22430,bytes,493460,448600,33555280,22430,0,0,4,0,0,24767787,24964071,1000,1230,1430,2.680,2.680
e000171,exploratory,pwritev_full_8m,candidate,1,3,ABBA,pwritev_full_8m,process,24,10,2,2,new_name,synthetic_sweep,1,54215100a825da9eb7cfbd8f045e54ef05fb29bd,false,1b36f48efea63210dfeeee7270dea968ab5ba58da27f90aa42845eb8a64a6649,12b1dafe765a77d1a17115b0ae12cff973f20ed7d6d770fbd790695fe081288e,0e4833553be7825885da5ea99bceab292cc8abee6414d58b31864afe8ca9f944,c89b17de3d4d36a4e106517b0737619bd65f0e2877d95adbf2f297762f71fb7b,6e938dfcd266a2b0eac811d7ea7eabbd5b217965f88efa81371465134dbcab11,2026-07-15T18:43:41.772066+00:00,8o8-arch,7.0.12-arch1-1,AMD Ryzen 9 3900X 12-Core Processor,"logical=24,cores=12,sockets=1,nodes=1",performance,rustc 1.97.0 (2d8144b78 2026-07-07),22.1.6,cargo 1.97.0 (c980f4866 2026-06-30),"release,lto=thin,debug=true",/home/bob/.cache/mess-bench,/dev/nvme0n1p3,ext4,/home,Samsung SSD 970 EVO Plus 2TB,[none] mq-deadline kyber bfq,249458601984,4096,1024,payload[i]=(i*131+17)&0xff,2.4638671875,accepted,,2,4,0,22430,bytes,493460,448600,33555280,22430,0,0,4,0,0,25393776,25648351,990,1160,1280,2.460,2.460
e000172,exploratory,pwritev_full_8m,baseline,1,4,ABBA,k_pwrite,process,24,10,2,2,new_name,synthetic_sweep,1,54215100a825da9eb7cfbd8f045e54ef05fb29bd,false,1b36f48efea63210dfeeee7270dea968ab5ba58da27f90aa42845eb8a64a6649,12b1dafe765a77d1a17115b0ae12cff973f20ed7d6d770fbd790695fe081288e,0e4833553be7825885da5ea99bceab292cc8abee6414d58b31864afe8ca9f944,c89b17de3d4d36a4e106517b0737619bd65f0e2877d95adbf2f297762f71fb7b,6e938dfcd266a2b0eac811d7ea7eabbd5b217965f88efa81371465134dbcab11,2026-07-15T18:43:42.796567+00:00,8o8-arch,7.0.12-arch1-1,AMD Ryzen 9 3900X 12-Core Processor,"logical=24,cores=12,sockets=1,nodes=1",performance,rustc 1.97.0 (2d8144b78 2026-07-07),22.1.6,cargo 1.97.0 (c980f4866 2026-06-30),"release,lto=thin,debug=true",/home/bob/.cache/mess-bench,/dev/nvme0n1p3,ext4,/home,Samsung SSD 970 EVO Plus 2TB,[none] mq-deadline kyber bfq,249458601984,4096,1024,payload[i]=(i*131+17)&0xff,2.4638671875,accepted,,2,4,0,22430,bytes,493460,448600,33555280,89720,0,0,0,0,0,70936218,71597727,2920,3480,4180,2.460,2.460
e000173,exploratory,copy_contiguous,candidate,1,1,BAAB,copy_contiguous,process,24,10,2,2,new_name,synthetic_sweep,1,54215100a825da9eb7cfbd8f045e54ef05fb29bd,false,1b36f48efea63210dfeeee7270dea968ab5ba58da27f90aa42845eb8a64a6649,12b1dafe765a77d1a17115b0ae12cff973f20ed7d6d770fbd790695fe081288e,0e4833553be7825885da5ea99bceab292cc8abee6414d58b31864afe8ca9f944,c89b17de3d4d36a4e106517b0737619bd65f0e2877d95adbf2f297762f71fb7b,6e938dfcd266a2b0eac811d7ea7eabbd5b217965f88efa81371465134dbcab11,2026-07-15T18:43:43.830479+00:00,8o8-arch,7.0.12-arch1-1,AMD Ryzen 9 3900X 12-Core Processor,"logical=24,cores=12,sockets=1,nodes=1",performance,rustc 1.97.0 (2d8144b78 2026-07-07),22.1.6,cargo 1.97.0 (c980f4866 2026-06-30),"release,lto=thin,debug=true",/home/bob/.cache/mess-bench,/dev/nvme0n1p3,ext4,/home,Samsung SSD 970 EVO Plus 2TB,[none] mq-deadline kyber bfq,249458601984,4096,1024,payload[i]=(i*131+17)&0xff,2.4638671875,accepted,,2,4,0,22430,bytes,493460,448600,33555280,22430,0,0,0,33555280,0,20380375,20547995,830,960,1040,2.460,2.460
e000174,exploratory,copy_contiguous,baseline,1,2,BAAB,k_pwrite,process,24,10,2,2,new_name,synthetic_sweep,1,54215100a825da9eb7cfbd8f045e54ef05fb29bd,false,1b36f48efea63210dfeeee7270dea968ab5ba58da27f90aa42845eb8a64a6649,12b1dafe765a77d1a17115b0ae12cff973f20ed7d6d770fbd790695fe081288e,0e4833553be7825885da5ea99bceab292cc8abee6414d58b31864afe8ca9f944,c89b17de3d4d36a4e106517b0737619bd65f0e2877d95adbf2f297762f71fb7b,6e938dfcd266a2b0eac811d7ea7eabbd5b217965f88efa81371465134dbcab11,2026-07-15T18:43:44.853787+00:00,8o8-arch,7.0.12-arch1-1,AMD Ryzen 9 3900X 12-Core Processor,"logical=24,cores=12,sockets=1,nodes=1",performance,rustc 1.97.0 (2d8144b78 2026-07-07),22.1.6,cargo 1.97.0 (c980f4866 2026-06-30),"release,lto=thin,debug=true",/home/bob/.cache/mess-bench,/dev/nvme0n1p3,ext4,/home,Samsung SSD 970 EVO Plus 2TB,[none] mq-deadline kyber bfq,249458593792,4096,1024,payload[i]=(i*131+17)&0xff,2.4638671875,accepted,,2,4,0,22430,bytes,493460,448600,33555280,89720,0,0,0,0,0,68941028,69704918,2910,3610,3950,2.460,2.460
e000175,exploratory,copy_contiguous,baseline,1,3,BAAB,k_pwrite,process,24,10,2,2,new_name,synthetic_sweep,1,54215100a825da9eb7cfbd8f045e54ef05fb29bd,false,1b36f48efea63210dfeeee7270dea968ab5ba58da27f90aa42845eb8a64a6649,12b1dafe765a77d1a17115b0ae12cff973f20ed7d6d770fbd790695fe081288e,0e4833553be7825885da5ea99bceab292cc8abee6414d58b31864afe8ca9f944,c89b17de3d4d36a4e106517b0737619bd65f0e2877d95adbf2f297762f71fb7b,6e938dfcd266a2b0eac811d7ea7eabbd5b217965f88efa81371465134dbcab11,2026-07-15T18:43:45.875761+00:00,8o8-arch,7.0.12-arch1-1,AMD Ryzen 9 3900X 12-Core Processor,"logical=24,cores=12,sockets=1,nodes=1",performance,rustc 1.97.0 (2d8144b78 2026-07-07),22.1.6,cargo 1.97.0 (c980f4866 2026-06-30),"release,lto=thin,debug=true",/home/bob/.cache/mess-bench,/dev/nvme0n1p3,ext4,/home,Samsung SSD 970 EVO Plus 2TB,[none] mq-deadline kyber bfq,249458589696,4096,1024,payload[i]=(i*131+17)&0xff,2.6669921875,accepted,,2,4,0,22430,bytes,493460,448600,33555280,89720,0,0,0,0,0,69859628,70465498,2890,3440,5030,2.670,2.670
e000176,exploratory,copy_contiguous,candidate,1,4,BAAB,copy_contiguous,process,24,10,2,2,new_name,synthetic_sweep,1,54215100a825da9eb7cfbd8f045e54ef05fb29bd,false,1b36f48efea63210dfeeee7270dea968ab5ba58da27f90aa42845eb8a64a6649,12b1dafe765a77d1a17115b0ae12cff973f20ed7d6d770fbd790695fe081288e,0e4833553be7825885da5ea99bceab292cc8abee6414d58b31864afe8ca9f944,c89b17de3d4d36a4e106517b0737619bd65f0e2877d95adbf2f297762f71fb7b,6e938dfcd266a2b0eac811d7ea7eabbd5b217965f88efa81371465134dbcab11,2026-07-15T18:43:46.900584+00:00,8o8-arch,7.0.12-arch1-1,AMD Ryzen 9 3900X 12-Core Processor,"logical=24,cores=12,sockets=1,nodes=1",performance,rustc 1.97.0 (2d8144b78 2026-07-07),22.1.6,cargo 1.97.0 (c980f4866 2026-06-30),"release,lto=thin,debug=true",/home/bob/.cache/mess-bench,/dev/nvme0n1p3,ext4,/home,Samsung SSD 970 EVO Plus 2TB,[none] mq-deadline kyber bfq,249458589696,4096,1024,payload[i]=(i*131+17)&0xff,2.6669921875,accepted,,2,4,0,22430,bytes,493460,448600,33555280,22430,0,0,0,33555280,0,22343796,22516813,840,1080,1330,2.670,2.670
e000177,exploratory,pwritev_full_8m,baseline,1,1,ABBA,k_pwrite,process,24,10,4,4,domain,synthetic_sweep,1,54215100a825da9eb7cfbd8f045e54ef05fb29bd,false,1b36f48efea63210dfeeee7270dea968ab5ba58da27f90aa42845eb8a64a6649,12b1dafe765a77d1a17115b0ae12cff973f20ed7d6d770fbd790695fe081288e,0e4833553be7825885da5ea99bceab292cc8abee6414d58b31864afe8ca9f944,c89b17de3d4d36a4e106517b0737619bd65f0e2877d95adbf2f297762f71fb7b,6e938dfcd266a2b0eac811d7ea7eabbd5b217965f88efa81371465134dbcab11,2026-07-15T18:43:47.930125+00:00,8o8-arch,7.0.12-arch1-1,AMD Ryzen 9 3900X 12-Core Processor,"logical=24,cores=12,sockets=1,nodes=1",performance,rustc 1.97.0 (2d8144b78 2026-07-07),22.1.6,cargo 1.97.0 (c980f4866 2026-06-30),"release,lto=thin,debug=true",/home/bob/.cache/mess-bench,/dev/nvme0n1p3,ext4,/home,Samsung SSD 970 EVO Plus 2TB,[none] mq-deadline kyber bfq,249458589696,4096,1024,payload[i]=(i*131+17)&0xff,2.6669921875,accepted,,4,4,0,13798,bytes,551920,551920,33556736,55192,0,0,0,0,0,42450181,42813468,2970,3370,3770,2.670,2.670
e000178,exploratory,pwritev_full_8m,candidate,1,2,ABBA,pwritev_full_8m,process,24,10,4,4,domain,synthetic_sweep,1,54215100a825da9eb7cfbd8f045e54ef05fb29bd,false,1b36f48efea63210dfeeee7270dea968ab5ba58da27f90aa42845eb8a64a6649,12b1dafe765a77d1a17115b0ae12cff973f20ed7d6d770fbd790695fe081288e,0e4833553be7825885da5ea99bceab292cc8abee6414d58b31864afe8ca9f944,c89b17de3d4d36a4e106517b0737619bd65f0e2877d95adbf2f297762f71fb7b,6e938dfcd266a2b0eac811d7ea7eabbd5b217965f88efa81371465134dbcab11,2026-07-15T18:43:48.953426+00:00,8o8-arch,7.0.12-arch1-1,AMD Ryzen 9 3900X 12-Core Processor,"logical=24,cores=12,sockets=1,nodes=1",performance,rustc 1.97.0 (2d8144b78 2026-07-07),22.1.6,cargo 1.97.0 (c980f4866 2026-06-30),"release,lto=thin,debug=true",/home/bob/.cache/mess-bench,/dev/nvme0n1p3,ext4,/home,Samsung SSD 970 EVO Plus 2TB,[none] mq-deadline kyber bfq,249458589696,4096,1024,payload[i]=(i*131+17)&0xff,2.6669921875,accepted,,4,4,0,13798,bytes,551920,551920,33556736,13798,0,0,4,0,0,15898134,16050688,1030,1150,2290,2.670,2.670
e000179,exploratory,pwritev_full_8m,candidate,1,3,ABBA,pwritev_full_8m,process,24,10,4,4,domain,synthetic_sweep,1,54215100a825da9eb7cfbd8f045e54ef05fb29bd,false,1b36f48efea63210dfeeee7270dea968ab5ba58da27f90aa42845eb8a64a6649,12b1dafe765a77d1a17115b0ae12cff973f20ed7d6d770fbd790695fe081288e,0e4833553be7825885da5ea99bceab292cc8abee6414d58b31864afe8ca9f944,c89b17de3d4d36a4e106517b0737619bd65f0e2877d95adbf2f297762f71fb7b,6e938dfcd266a2b0eac811d7ea7eabbd5b217965f88efa81371465134dbcab11,2026-07-15T18:43:49.982125+00:00,8o8-arch,7.0.12-arch1-1,AMD Ryzen 9 3900X 12-Core Processor,"logical=24,cores=12,sockets=1,nodes=1",performance,rustc 1.97.0 (2d8144b78 2026-07-07),22.1.6,cargo 1.97.0 (c980f4866 2026-06-30),"release,lto=thin,debug=true",/home/bob/.cache/mess-bench,/dev/nvme0n1p3,ext4,/home,Samsung SSD 970 EVO Plus 2TB,[none] mq-deadline kyber bfq,249458585600,4096,1024,payload[i]=(i*131+17)&0xff,2.6669921875,accepted,,4,4,0,13798,bytes,551920,551920,33556736,13798,0,0,4,0,0,15997384,16130218,1030,1200,1360,2.670,2.670
e000180,exploratory,pwritev_full_8m,baseline,1,4,ABBA,k_pwrite,process,24,10,4,4,domain,synthetic_sweep,1,54215100a825da9eb7cfbd8f045e54ef05fb29bd,false,1b36f48efea63210dfeeee7270dea968ab5ba58da27f90aa42845eb8a64a6649,12b1dafe765a77d1a17115b0ae12cff973f20ed7d6d770fbd790695fe081288e,0e4833553be7825885da5ea99bceab292cc8abee6414d58b31864afe8ca9f944,c89b17de3d4d36a4e106517b0737619bd65f0e2877d95adbf2f297762f71fb7b,6e938dfcd266a2b0eac811d7ea7eabbd5b217965f88efa81371465134dbcab11,2026-07-15T18:43:51.009735+00:00,8o8-arch,7.0.12-arch1-1,AMD Ryzen 9 3900X 12-Core Processor,"logical=24,cores=12,sockets=1,nodes=1",performance,rustc 1.97.0 (2d8144b78 2026-07-07),22.1.6,cargo 1.97.0 (c980f4866 2026-06-30),"release,lto=thin,debug=true",/home/bob/.cache/mess-bench,/dev/nvme0n1p3,ext4,/home,Samsung SSD 970 EVO Plus 2TB,[none] mq-deadline kyber bfq,249458581504,4096,1024,payload[i]=(i*131+17)&0xff,2.69384765625,accepted,,4,4,0,13798,bytes,551920,551920,33556736,55192,0,0,0,0,0,43393871,43761237,2940,3640,4000,2.690,2.690
e000181,exploratory,copy_contiguous,candidate,1,1,BAAB,copy_contiguous,process,24,10,4,4,domain,synthetic_sweep,1,54215100a825da9eb7cfbd8f045e54ef05fb29bd,false,1b36f48efea63210dfeeee7270dea968ab5ba58da27f90aa42845eb8a64a6649,12b1dafe765a77d1a17115b0ae12cff973f20ed7d6d770fbd790695fe081288e,0e4833553be7825885da5ea99bceab292cc8abee6414d58b31864afe8ca9f944,c89b17de3d4d36a4e106517b0737619bd65f0e2877d95adbf2f297762f71fb7b,6e938dfcd266a2b0eac811d7ea7eabbd5b217965f88efa81371465134dbcab11,2026-07-15T18:43:52.035013+00:00,8o8-arch,7.0.12-arch1-1,AMD Ryzen 9 3900X 12-Core Processor,"logical=24,cores=12,sockets=1,nodes=1",performance,rustc 1.97.0 (2d8144b78 2026-07-07),22.1.6,cargo 1.97.0 (c980f4866 2026-06-30),"release,lto=thin,debug=true",/home/bob/.cache/mess-bench,/dev/nvme0n1p3,ext4,/home,Samsung SSD 970 EVO Plus 2TB,[none] mq-deadline kyber bfq,249458577408,4096,1024,payload[i]=(i*131+17)&0xff,2.69384765625,accepted,,4,4,0,13798,bytes,551920,551920,33556736,13798,0,0,0,33556736,0,13024533,13120411,850,1110,1120,2.690,2.690
e000182,exploratory,copy_contiguous,baseline,1,2,BAAB,k_pwrite,process,24,10,4,4,domain,synthetic_sweep,1,54215100a825da9eb7cfbd8f045e54ef05fb29bd,false,1b36f48efea63210dfeeee7270dea968ab5ba58da27f90aa42845eb8a64a6649,12b1dafe765a77d1a17115b0ae12cff973f20ed7d6d770fbd790695fe081288e,0e4833553be7825885da5ea99bceab292cc8abee6414d58b31864afe8ca9f944,c89b17de3d4d36a4e106517b0737619bd65f0e2877d95adbf2f297762f71fb7b,6e938dfcd266a2b0eac811d7ea7eabbd5b217965f88efa81371465134dbcab11,2026-07-15T18:43:53.057814+00:00,8o8-arch,7.0.12-arch1-1,AMD Ryzen 9 3900X 12-Core Processor,"logical=24,cores=12,sockets=1,nodes=1",performance,rustc 1.97.0 (2d8144b78 2026-07-07),22.1.6,cargo 1.97.0 (c980f4866 2026-06-30),"release,lto=thin,debug=true",/home/bob/.cache/mess-bench,/dev/nvme0n1p3,ext4,/home,Samsung SSD 970 EVO Plus 2TB,[none] mq-deadline kyber bfq,249458573312,4096,1024,payload[i]=(i*131+17)&0xff,2.69384765625,accepted,,4,4,0,13798,bytes,551920,551920,33556736,55192,0,0,0,0,0,43388911,43729198,2930,3450,4340,2.690,2.690
e000183,exploratory,copy_contiguous,baseline,1,3,BAAB,k_pwrite,process,24,10,4,4,domain,synthetic_sweep,1,54215100a825da9eb7cfbd8f045e54ef05fb29bd,false,1b36f48efea63210dfeeee7270dea968ab5ba58da27f90aa42845eb8a64a6649,12b1dafe765a77d1a17115b0ae12cff973f20ed7d6d770fbd790695fe081288e,0e4833553be7825885da5ea99bceab292cc8abee6414d58b31864afe8ca9f944,c89b17de3d4d36a4e106517b0737619bd65f0e2877d95adbf2f297762f71fb7b,6e938dfcd266a2b0eac811d7ea7eabbd5b217965f88efa81371465134dbcab11,2026-07-15T18:43:54.086441+00:00,8o8-arch,7.0.12-arch1-1,AMD Ryzen 9 3900X 12-Core Processor,"logical=24,cores=12,sockets=1,nodes=1",performance,rustc 1.97.0 (2d8144b78 2026-07-07),22.1.6,cargo 1.97.0 (c980f4866 2026-06-30),"release,lto=thin,debug=true",/home/bob/.cache/mess-bench,/dev/nvme0n1p3,ext4,/home,Samsung SSD 970 EVO Plus 2TB,[none] mq-deadline kyber bfq,249458569216,4096,1024,payload[i]=(i*131+17)&0xff,2.69384765625,accepted,,4,4,0,13798,bytes,551920,551920,33556736,55192,0,0,0,0,0,45026710,45653916,2960,3410,8840,2.690,2.690
e000184,exploratory,copy_contiguous,candidate,1,4,BAAB,copy_contiguous,process,24,10,4,4,domain,synthetic_sweep,1,54215100a825da9eb7cfbd8f045e54ef05fb29bd,false,1b36f48efea63210dfeeee7270dea968ab5ba58da27f90aa42845eb8a64a6649,12b1dafe765a77d1a17115b0ae12cff973f20ed7d6d770fbd790695fe081288e,0e4833553be7825885da5ea99bceab292cc8abee6414d58b31864afe8ca9f944,c89b17de3d4d36a4e106517b0737619bd65f0e2877d95adbf2f297762f71fb7b,6e938dfcd266a2b0eac811d7ea7eabbd5b217965f88efa81371465134dbcab11,2026-07-15T18:43:55.116484+00:00,8o8-arch,7.0.12-arch1-1,AMD Ryzen 9 3900X 12-Core Processor,"logical=24,cores=12,sockets=1,nodes=1",performance,rustc 1.97.0 (2d8144b78 2026-07-07),22.1.6,cargo 1.97.0 (c980f4866 2026-06-30),"release,lto=thin,debug=true",/home/bob/.cache/mess-bench,/dev/nvme0n1p3,ext4,/home,Samsung SSD 970 EVO Plus 2TB,[none] mq-deadline kyber bfq,249458569216,4096,1024,payload[i]=(i*131+17)&0xff,2.69384765625,accepted,,4,4,0,13798,bytes,551920,551920,33556736,13798,0,0,0,33556736,0,14015463,14132190,840,1060,1420,2.690,2.690
e000185,exploratory,pwritev_full_8m,baseline,1,1,ABBA,k_pwrite,process,24,10,4,4,new_name,synthetic_sweep,1,54215100a825da9eb7cfbd8f045e54ef05fb29bd,false,1b36f48efea63210dfeeee7270dea968ab5ba58da27f90aa42845eb8a64a6649,12b1dafe765a77d1a17115b0ae12cff973f20ed7d6d770fbd790695fe081288e,0e4833553be7825885da5ea99bceab292cc8abee6414d58b31864afe8ca9f944,c89b17de3d4d36a4e106517b0737619bd65f0e2877d95adbf2f297762f71fb7b,6e938dfcd266a2b0eac811d7ea7eabbd5b217965f88efa81371465134dbcab11,2026-07-15T18:43:56.144601+00:00,8o8-arch,7.0.12-arch1-1,AMD Ryzen 9 3900X 12-Core Processor,"logical=24,cores=12,sockets=1,nodes=1",performance,rustc 1.97.0 (2d8144b78 2026-07-07),22.1.6,cargo 1.97.0 (c980f4866 2026-06-30),"release,lto=thin,debug=true",/home/bob/.cache/mess-bench,/dev/nvme0n1p3,ext4,/home,Samsung SSD 970 EVO Plus 2TB,[none] mq-deadline kyber bfq,249458565120,4096,1024,payload[i]=(i*131+17)&0xff,2.55810546875,accepted,,4,8,0,11215,bytes,493460,448600,33555280,89720,0,0,0,0,0,66940727,67633580,5750,6890,8330,2.560,2.560
e000186,exploratory,pwritev_full_8m,candidate,1,2,ABBA,pwritev_full_8m,process,24,10,4,4,new_name,synthetic_sweep,1,54215100a825da9eb7cfbd8f045e54ef05fb29bd,false,1b36f48efea63210dfeeee7270dea968ab5ba58da27f90aa42845eb8a64a6649,12b1dafe765a77d1a17115b0ae12cff973f20ed7d6d770fbd790695fe081288e,0e4833553be7825885da5ea99bceab292cc8abee6414d58b31864afe8ca9f944,c89b17de3d4d36a4e106517b0737619bd65f0e2877d95adbf2f297762f71fb7b,6e938dfcd266a2b0eac811d7ea7eabbd5b217965f88efa81371465134dbcab11,2026-07-15T18:43:57.173578+00:00,8o8-arch,7.0.12-arch1-1,AMD Ryzen 9 3900X 12-Core Processor,"logical=24,cores=12,sockets=1,nodes=1",performance,rustc 1.97.0 (2d8144b78 2026-07-07),22.1.6,cargo 1.97.0 (c980f4866 2026-06-30),"release,lto=thin,debug=true",/home/bob/.cache/mess-bench,/dev/nvme0n1p3,ext4,/home,Samsung SSD 970 EVO Plus 2TB,[none] mq-deadline kyber bfq,249458565120,4096,1024,payload[i]=(i*131+17)&0xff,2.55810546875,accepted,,4,8,0,11215,bytes,493460,448600,33555280,11215,0,0,8,0,0,14248293,14459789,1160,1250,1580,2.560,2.560
e000187,exploratory,pwritev_full_8m,candidate,1,3,ABBA,pwritev_full_8m,process,24,10,4,4,new_name,synthetic_sweep,1,54215100a825da9eb7cfbd8f045e54ef05fb29bd,false,1b36f48efea63210dfeeee7270dea968ab5ba58da27f90aa42845eb8a64a6649,12b1dafe765a77d1a17115b0ae12cff973f20ed7d6d770fbd790695fe081288e,0e4833553be7825885da5ea99bceab292cc8abee6414d58b31864afe8ca9f944,c89b17de3d4d36a4e106517b0737619bd65f0e2877d95adbf2f297762f71fb7b,6e938dfcd266a2b0eac811d7ea7eabbd5b217965f88efa81371465134dbcab11,2026-07-15T18:43:58.201255+00:00,8o8-arch,7.0.12-arch1-1,AMD Ryzen 9 3900X 12-Core Processor,"logical=24,cores=12,sockets=1,nodes=1",performance,rustc 1.97.0 (2d8144b78 2026-07-07),22.1.6,cargo 1.97.0 (c980f4866 2026-06-30),"release,lto=thin,debug=true",/home/bob/.cache/mess-bench,/dev/nvme0n1p3,ext4,/home,Samsung SSD 970 EVO Plus 2TB,[none] mq-deadline kyber bfq,249458556928,4096,1024,payload[i]=(i*131+17)&0xff,2.55810546875,accepted,,4,8,0,11215,bytes,493460,448600,33555280,11215,0,0,8,0,0,13993904,14081709,1160,1370,1450,2.560,2.560
e000188,exploratory,pwritev_full_8m,baseline,1,4,ABBA,k_pwrite,process,24,10,4,4,new_name,synthetic_sweep,1,54215100a825da9eb7cfbd8f045e54ef05fb29bd,false,1b36f48efea63210dfeeee7270dea968ab5ba58da27f90aa42845eb8a64a6649,12b1dafe765a77d1a17115b0ae12cff973f20ed7d6d770fbd790695fe081288e,0e4833553be7825885da5ea99bceab292cc8abee6414d58b31864afe8ca9f944,c89b17de3d4d36a4e106517b0737619bd65f0e2877d95adbf2f297762f71fb7b,6e938dfcd266a2b0eac811d7ea7eabbd5b217965f88efa81371465134dbcab11,2026-07-15T18:43:59.226010+00:00,8o8-arch,7.0.12-arch1-1,AMD Ryzen 9 3900X 12-Core Processor,"logical=24,cores=12,sockets=1,nodes=1",performance,rustc 1.97.0 (2d8144b78 2026-07-07),22.1.6,cargo 1.97.0 (c980f4866 2026-06-30),"release,lto=thin,debug=true",/home/bob/.cache/mess-bench,/dev/nvme0n1p3,ext4,/home,Samsung SSD 970 EVO Plus 2TB,[none] mq-deadline kyber bfq,249458556928,4096,1024,payload[i]=(i*131+17)&0xff,2.55810546875,accepted,,4,8,0,11215,bytes,493460,448600,33555280,89720,0,0,0,0,0,68316707,69366359,5760,6790,12740,2.560,2.560
e000189,exploratory,copy_contiguous,candidate,1,1,BAAB,copy_contiguous,process,24,10,4,4,new_name,synthetic_sweep,1,54215100a825da9eb7cfbd8f045e54ef05fb29bd,false,1b36f48efea63210dfeeee7270dea968ab5ba58da27f90aa42845eb8a64a6649,12b1dafe765a77d1a17115b0ae12cff973f20ed7d6d770fbd790695fe081288e,0e4833553be7825885da5ea99bceab292cc8abee6414d58b31864afe8ca9f944,c89b17de3d4d36a4e106517b0737619bd65f0e2877d95adbf2f297762f71fb7b,6e938dfcd266a2b0eac811d7ea7eabbd5b217965f88efa81371465134dbcab11,2026-07-15T18:44:00.254226+00:00,8o8-arch,7.0.12-arch1-1,AMD Ryzen 9 3900X 12-Core Processor,"logical=24,cores=12,sockets=1,nodes=1",performance,rustc 1.97.0 (2d8144b78 2026-07-07),22.1.6,cargo 1.97.0 (c980f4866 2026-06-30),"release,lto=thin,debug=true",/home/bob/.cache/mess-bench,/dev/nvme0n1p3,ext4,/home,Samsung SSD 970 EVO Plus 2TB,[none] mq-deadline kyber bfq,249458556928,4096,1024,payload[i]=(i*131+17)&0xff,2.55810546875,accepted,,4,8,0,11215,bytes,493460,448600,33555280,11215,0,0,0,33555280,0,11021623,12141871,890,1110,1210,2.560,2.560
e000190,exploratory,copy_contiguous,baseline,1,2,BAAB,k_pwrite,process,24,10,4,4,new_name,synthetic_sweep,1,54215100a825da9eb7cfbd8f045e54ef05fb29bd,false,1b36f48efea63210dfeeee7270dea968ab5ba58da27f90aa42845eb8a64a6649,12b1dafe765a77d1a17115b0ae12cff973f20ed7d6d770fbd790695fe081288e,0e4833553be7825885da5ea99bceab292cc8abee6414d58b31864afe8ca9f944,c89b17de3d4d36a4e106517b0737619bd65f0e2877d95adbf2f297762f71fb7b,6e938dfcd266a2b0eac811d7ea7eabbd5b217965f88efa81371465134dbcab11,2026-07-15T18:44:01.285069+00:00,8o8-arch,7.0.12-arch1-1,AMD Ryzen 9 3900X 12-Core Processor,"logical=24,cores=12,sockets=1,nodes=1",performance,rustc 1.97.0 (2d8144b78 2026-07-07),22.1.6,cargo 1.97.0 (c980f4866 2026-06-30),"release,lto=thin,debug=true",/home/bob/.cache/mess-bench,/dev/nvme0n1p3,ext4,/home,Samsung SSD 970 EVO Plus 2TB,[none] mq-deadline kyber bfq,249458556928,4096,1024,payload[i]=(i*131+17)&0xff,2.43310546875,accepted,,4,8,0,11215,bytes,493460,448600,33555280,89720,0,0,0,0,0,69420718,69980918,5760,6760,14130,2.430,2.430
e000191,exploratory,copy_contiguous,baseline,1,3,BAAB,k_pwrite,process,24,10,4,4,new_name,synthetic_sweep,1,54215100a825da9eb7cfbd8f045e54ef05fb29bd,false,1b36f48efea63210dfeeee7270dea968ab5ba58da27f90aa42845eb8a64a6649,12b1dafe765a77d1a17115b0ae12cff973f20ed7d6d770fbd790695fe081288e,0e4833553be7825885da5ea99bceab292cc8abee6414d58b31864afe8ca9f944,c89b17de3d4d36a4e106517b0737619bd65f0e2877d95adbf2f297762f71fb7b,6e938dfcd266a2b0eac811d7ea7eabbd5b217965f88efa81371465134dbcab11,2026-07-15T18:44:02.316374+00:00,8o8-arch,7.0.12-arch1-1,AMD Ryzen 9 3900X 12-Core Processor,"logical=24,cores=12,sockets=1,nodes=1",performance,rustc 1.97.0 (2d8144b78 2026-07-07),22.1.6,cargo 1.97.0 (c980f4866 2026-06-30),"release,lto=thin,debug=true",/home/bob/.cache/mess-bench,/dev/nvme0n1p3,ext4,/home,Samsung SSD 970 EVO Plus 2TB,[none] mq-deadline kyber bfq,249458544640,4096,1024,payload[i]=(i*131+17)&0xff,2.43310546875,accepted,,4,8,0,11215,bytes,493460,448600,33555280,89720,0,0,0,0,0,67393946,70066358,5760,6790,7530,2.430,2.430
e000192,exploratory,copy_contiguous,candidate,1,4,BAAB,copy_contiguous,process,24,10,4,4,new_name,synthetic_sweep,1,54215100a825da9eb7cfbd8f045e54ef05fb29bd,false,1b36f48efea63210dfeeee7270dea968ab5ba58da27f90aa42845eb8a64a6649,12b1dafe765a77d1a17115b0ae12cff973f20ed7d6d770fbd790695fe081288e,0e4833553be7825885da5ea99bceab292cc8abee6414d58b31864afe8ca9f944,c89b17de3d4d36a4e106517b0737619bd65f0e2877d95adbf2f297762f71fb7b,6e938dfcd266a2b0eac811d7ea7eabbd5b217965f88efa81371465134dbcab11,2026-07-15T18:44:03.345213+00:00,8o8-arch,7.0.12-arch1-1,AMD Ryzen 9 3900X 12-Core Processor,"logical=24,cores=12,sockets=1,nodes=1",performance,rustc 1.97.0 (2d8144b78 2026-07-07),22.1.6,cargo 1.97.0 (c980f4866 2026-06-30),"release,lto=thin,debug=true",/home/bob/.cache/mess-bench,/dev/nvme0n1p3,ext4,/home,Samsung SSD 970 EVO Plus 2TB,[none] mq-deadline kyber bfq,249458540544,4096,1024,payload[i]=(i*131+17)&0xff,2.43310546875,accepted,,4,8,0,11215,bytes,493460,448600,33555280,11215,0,0,0,33555280,0,10805563,10897412,870,1010,1160,2.430,2.430
e000193,exploratory,pwritev_full_8m,baseline,1,1,ABBA,k_pwrite,process,24,10,16,4,domain,synthetic_sweep,1,54215100a825da9eb7cfbd8f045e54ef05fb29bd,false,1b36f48efea63210dfeeee7270dea968ab5ba58da27f90aa42845eb8a64a6649,12b1dafe765a77d1a17115b0ae12cff973f20ed7d6d770fbd790695fe081288e,0e4833553be7825885da5ea99bceab292cc8abee6414d58b31864afe8ca9f944,c89b17de3d4d36a4e106517b0737619bd65f0e2877d95adbf2f297762f71fb7b,6e938dfcd266a2b0eac811d7ea7eabbd5b217965f88efa81371465134dbcab11,2026-07-15T18:44:04.370265+00:00,8o8-arch,7.0.12-arch1-1,AMD Ryzen 9 3900X 12-Core Processor,"logical=24,cores=12,sockets=1,nodes=1",performance,rustc 1.97.0 (2d8144b78 2026-07-07),22.1.6,cargo 1.97.0 (c980f4866 2026-06-30),"release,lto=thin,debug=true",/home/bob/.cache/mess-bench,/dev/nvme0n1p3,ext4,/home,Samsung SSD 970 EVO Plus 2TB,[none] mq-deadline kyber bfq,249458540544,4096,1024,payload[i]=(i*131+17)&0xff,2.43310546875,accepted,,16,16,0,3450,bytes,552000,552000,33561600,55200,0,0,0,0,0,44917221,45256657,12340,15600,22110,2.430,2.430
e000194,exploratory,pwritev_full_8m,candidate,1,2,ABBA,pwritev_full_8m,process,24,10,16,4,domain,synthetic_sweep,1,54215100a825da9eb7cfbd8f045e54ef05fb29bd,false,1b36f48efea63210dfeeee7270dea968ab5ba58da27f90aa42845eb8a64a6649,12b1dafe765a77d1a17115b0ae12cff973f20ed7d6d770fbd790695fe081288e,0e4833553be7825885da5ea99bceab292cc8abee6414d58b31864afe8ca9f944,c89b17de3d4d36a4e106517b0737619bd65f0e2877d95adbf2f297762f71fb7b,6e938dfcd266a2b0eac811d7ea7eabbd5b217965f88efa81371465134dbcab11,2026-07-15T18:44:05.398556+00:00,8o8-arch,7.0.12-arch1-1,AMD Ryzen 9 3900X 12-Core Processor,"logical=24,cores=12,sockets=1,nodes=1",performance,rustc 1.97.0 (2d8144b78 2026-07-07),22.1.6,cargo 1.97.0 (c980f4866 2026-06-30),"release,lto=thin,debug=true",/home/bob/.cache/mess-bench,/dev/nvme0n1p3,ext4,/home,Samsung SSD 970 EVO Plus 2TB,[none] mq-deadline kyber bfq,249458532352,4096,1024,payload[i]=(i*131+17)&0xff,2.43310546875,accepted,,16,16,0,3450,bytes,552000,552000,33561600,3450,0,0,16,0,0,8875472,8957463,2460,2860,3190,2.430,2.430
e000195,exploratory,pwritev_full_8m,candidate,1,3,ABBA,pwritev_full_8m,process,24,10,16,4,domain,synthetic_sweep,1,54215100a825da9eb7cfbd8f045e54ef05fb29bd,false,1b36f48efea63210dfeeee7270dea968ab5ba58da27f90aa42845eb8a64a6649,12b1dafe765a77d1a17115b0ae12cff973f20ed7d6d770fbd790695fe081288e,0e4833553be7825885da5ea99bceab292cc8abee6414d58b31864afe8ca9f944,c89b17de3d4d36a4e106517b0737619bd65f0e2877d95adbf2f297762f71fb7b,6e938dfcd266a2b0eac811d7ea7eabbd5b217965f88efa81371465134dbcab11,2026-07-15T18:44:06.429282+00:00,8o8-arch,7.0.12-arch1-1,AMD Ryzen 9 3900X 12-Core Processor,"logical=24,cores=12,sockets=1,nodes=1",performance,rustc 1.97.0 (2d8144b78 2026-07-07),22.1.6,cargo 1.97.0 (c980f4866 2026-06-30),"release,lto=thin,debug=true",/home/bob/.cache/mess-bench,/dev/nvme0n1p3,ext4,/home,Samsung SSD 970 EVO Plus 2TB,[none] mq-deadline kyber bfq,249458524160,4096,1024,payload[i]=(i*131+17)&0xff,2.31787109375,accepted,,16,16,0,3450,bytes,552000,552000,33561600,3450,0,0,16,0,0,8942863,9002333,2450,3060,3300,2.320,2.320
e000196,exploratory,pwritev_full_8m,baseline,1,4,ABBA,k_pwrite,process,24,10,16,4,domain,synthetic_sweep,1,54215100a825da9eb7cfbd8f045e54ef05fb29bd,false,1b36f48efea63210dfeeee7270dea968ab5ba58da27f90aa42845eb8a64a6649,12b1dafe765a77d1a17115b0ae12cff973f20ed7d6d770fbd790695fe081288e,0e4833553be7825885da5ea99bceab292cc8abee6414d58b31864afe8ca9f944,c89b17de3d4d36a4e106517b0737619bd65f0e2877d95adbf2f297762f71fb7b,6e938dfcd266a2b0eac811d7ea7eabbd5b217965f88efa81371465134dbcab11,2026-07-15T18:44:07.463396+00:00,8o8-arch,7.0.12-arch1-1,AMD Ryzen 9 3900X 12-Core Processor,"logical=24,cores=12,sockets=1,nodes=1",performance,rustc 1.97.0 (2d8144b78 2026-07-07),22.1.6,cargo 1.97.0 (c980f4866 2026-06-30),"release,lto=thin,debug=true",/home/bob/.cache/mess-bench,/dev/nvme0n1p3,ext4,/home,Samsung SSD 970 EVO Plus 2TB,[none] mq-deadline kyber bfq,249458515968,4096,1024,payload[i]=(i*131+17)&0xff,2.31787109375,accepted,,16,16,0,3450,bytes,552000,552000,33561600,55200,0,0,0,0,0,45047181,45423266,12260,15520,23590,2.320,2.320
e000197,exploratory,copy_contiguous,candidate,1,1,BAAB,copy_contiguous,process,24,10,16,4,domain,synthetic_sweep,1,54215100a825da9eb7cfbd8f045e54ef05fb29bd,false,1b36f48efea63210dfeeee7270dea968ab5ba58da27f90aa42845eb8a64a6649,12b1dafe765a77d1a17115b0ae12cff973f20ed7d6d770fbd790695fe081288e,0e4833553be7825885da5ea99bceab292cc8abee6414d58b31864afe8ca9f944,c89b17de3d4d36a4e106517b0737619bd65f0e2877d95adbf2f297762f71fb7b,6e938dfcd266a2b0eac811d7ea7eabbd5b217965f88efa81371465134dbcab11,2026-07-15T18:44:08.484849+00:00,8o8-arch,7.0.12-arch1-1,AMD Ryzen 9 3900X 12-Core Processor,"logical=24,cores=12,sockets=1,nodes=1",performance,rustc 1.97.0 (2d8144b78 2026-07-07),22.1.6,cargo 1.97.0 (c980f4866 2026-06-30),"release,lto=thin,debug=true",/home/bob/.cache/mess-bench,/dev/nvme0n1p3,ext4,/home,Samsung SSD 970 EVO Plus 2TB,[none] mq-deadline kyber bfq,249458515968,4096,1024,payload[i]=(i*131+17)&0xff,2.31787109375,accepted,,16,16,0,3450,bytes,552000,552000,33561600,3450,0,0,0,33561600,0,6842892,6915005,1790,2330,2950,2.320,2.320
e000198,exploratory,copy_contiguous,baseline,1,2,BAAB,k_pwrite,process,24,10,16,4,domain,synthetic_sweep,1,54215100a825da9eb7cfbd8f045e54ef05fb29bd,false,1b36f48efea63210dfeeee7270dea968ab5ba58da27f90aa42845eb8a64a6649,12b1dafe765a77d1a17115b0ae12cff973f20ed7d6d770fbd790695fe081288e,0e4833553be7825885da5ea99bceab292cc8abee6414d58b31864afe8ca9f944,c89b17de3d4d36a4e106517b0737619bd65f0e2877d95adbf2f297762f71fb7b,6e938dfcd266a2b0eac811d7ea7eabbd5b217965f88efa81371465134dbcab11,2026-07-15T18:44:09.512241+00:00,8o8-arch,7.0.12-arch1-1,AMD Ryzen 9 3900X 12-Core Processor,"logical=24,cores=12,sockets=1,nodes=1",performance,rustc 1.97.0 (2d8144b78 2026-07-07),22.1.6,cargo 1.97.0 (c980f4866 2026-06-30),"release,lto=thin,debug=true",/home/bob/.cache/mess-bench,/dev/nvme0n1p3,ext4,/home,Samsung SSD 970 EVO Plus 2TB,[none] mq-deadline kyber bfq,249458515968,4096,1024,payload[i]=(i*131+17)&0xff,2.31787109375,accepted,,16,16,0,3450,bytes,552000,552000,33561600,55200,0,0,0,0,0,45136881,45562116,12260,15090,26770,2.320,2.320
e000199,exploratory,copy_contiguous,baseline,1,3,BAAB,k_pwrite,process,24,10,16,4,domain,synthetic_sweep,1,54215100a825da9eb7cfbd8f045e54ef05fb29bd,false,1b36f48efea63210dfeeee7270dea968ab5ba58da27f90aa42845eb8a64a6649,12b1dafe765a77d1a17115b0ae12cff973f20ed7d6d770fbd790695fe081288e,0e4833553be7825885da5ea99bceab292cc8abee6414d58b31864afe8ca9f944,c89b17de3d4d36a4e106517b0737619bd65f0e2877d95adbf2f297762f71fb7b,6e938dfcd266a2b0eac811d7ea7eabbd5b217965f88efa81371465134dbcab11,2026-07-15T18:44:10.538035+00:00,8o8-arch,7.0.12-arch1-1,AMD Ryzen 9 3900X 12-Core Processor,"logical=24,cores=12,sockets=1,nodes=1",performance,rustc 1.97.0 (2d8144b78 2026-07-07),22.1.6,cargo 1.97.0 (c980f4866 2026-06-30),"release,lto=thin,debug=true",/home/bob/.cache/mess-bench,/dev/nvme0n1p3,ext4,/home,Samsung SSD 970 EVO Plus 2TB,[none] mq-deadline kyber bfq,249458511872,4096,1024,payload[i]=(i*131+17)&0xff,2.31787109375,accepted,,16,16,0,3450,bytes,552000,552000,33561600,55200,0,0,0,0,0,44864711,45393076,12280,15330,23600,2.320,2.320
e000200,exploratory,copy_contiguous,candidate,1,4,BAAB,copy_contiguous,process,24,10,16,4,domain,synthetic_sweep,1,54215100a825da9eb7cfbd8f045e54ef05fb29bd,false,1b36f48efea63210dfeeee7270dea968ab5ba58da27f90aa42845eb8a64a6649,12b1dafe765a77d1a17115b0ae12cff973f20ed7d6d770fbd790695fe081288e,0e4833553be7825885da5ea99bceab292cc8abee6414d58b31864afe8ca9f944,c89b17de3d4d36a4e106517b0737619bd65f0e2877d95adbf2f297762f71fb7b,6e938dfcd266a2b0eac811d7ea7eabbd5b217965f88efa81371465134dbcab11,2026-07-15T18:44:11.569470+00:00,8o8-arch,7.0.12-arch1-1,AMD Ryzen 9 3900X 12-Core Processor,"logical=24,cores=12,sockets=1,nodes=1",performance,rustc 1.97.0 (2d8144b78 2026-07-07),22.1.6,cargo 1.97.0 (c980f4866 2026-06-30),"release,lto=thin,debug=true",/home/bob/.cache/mess-bench,/dev/nvme0n1p3,ext4,/home,Samsung SSD 970 EVO Plus 2TB,[none] mq-deadline kyber bfq,249458507776,4096,1024,payload[i]=(i*131+17)&0xff,2.53271484375,accepted,,16,16,0,3450,bytes,552000,552000,33561600,3450,0,0,0,33561600,0,6622361,6698895,1830,1870,2360,2.530,2.530
e000201,exploratory,pwritev_full_8m,baseline,1,1,ABBA,k_pwrite,process,24,10,16,4,new_name,synthetic_sweep,1,54215100a825da9eb7cfbd8f045e54ef05fb29bd,false,1b36f48efea63210dfeeee7270dea968ab5ba58da27f90aa42845eb8a64a6649,12b1dafe765a77d1a17115b0ae12cff973f20ed7d6d770fbd790695fe081288e,0e4833553be7825885da5ea99bceab292cc8abee6414d58b31864afe8ca9f944,c89b17de3d4d36a4e106517b0737619bd65f0e2877d95adbf2f297762f71fb7b,6e938dfcd266a2b0eac811d7ea7eabbd5b217965f88efa81371465134dbcab11,2026-07-15T18:44:12.598536+00:00,8o8-arch,7.0.12-arch1-1,AMD Ryzen 9 3900X 12-Core Processor,"logical=24,cores=12,sockets=1,nodes=1",performance,rustc 1.97.0 (2d8144b78 2026-07-07),22.1.6,cargo 1.97.0 (c980f4866 2026-06-30),"release,lto=thin,debug=true",/home/bob/.cache/mess-bench,/dev/nvme0n1p3,ext4,/home,Samsung SSD 970 EVO Plus 2TB,[none] mq-deadline kyber bfq,249458499584,4096,1024,payload[i]=(i*131+17)&0xff,2.53271484375,accepted,,16,32,0,2804,bytes,493504,448640,33558272,89728,0,0,0,0,0,68022128,68727939,23780,28040,37290,2.530,2.530
e000202,exploratory,pwritev_full_8m,candidate,1,2,ABBA,pwritev_full_8m,process,24,10,16,4,new_name,synthetic_sweep,1,54215100a825da9eb7cfbd8f045e54ef05fb29bd,false,1b36f48efea63210dfeeee7270dea968ab5ba58da27f90aa42845eb8a64a6649,12b1dafe765a77d1a17115b0ae12cff973f20ed7d6d770fbd790695fe081288e,0e4833553be7825885da5ea99bceab292cc8abee6414d58b31864afe8ca9f944,c89b17de3d4d36a4e106517b0737619bd65f0e2877d95adbf2f297762f71fb7b,6e938dfcd266a2b0eac811d7ea7eabbd5b217965f88efa81371465134dbcab11,2026-07-15T18:44:13.628130+00:00,8o8-arch,7.0.12-arch1-1,AMD Ryzen 9 3900X 12-Core Processor,"logical=24,cores=12,sockets=1,nodes=1",performance,rustc 1.97.0 (2d8144b78 2026-07-07),22.1.6,cargo 1.97.0 (c980f4866 2026-06-30),"release,lto=thin,debug=true",/home/bob/.cache/mess-bench,/dev/nvme0n1p3,ext4,/home,Samsung SSD 970 EVO Plus 2TB,[none] mq-deadline kyber bfq,249458499584,4096,1024,payload[i]=(i*131+17)&0xff,2.53271484375,accepted,,16,32,0,2804,bytes,493504,448640,33558272,2804,0,0,32,0,0,9237783,9321903,3060,4260,4640,2.530,2.530
e000203,exploratory,pwritev_full_8m,candidate,1,3,ABBA,pwritev_full_8m,process,24,10,16,4,new_name,synthetic_sweep,1,54215100a825da9eb7cfbd8f045e54ef05fb29bd,false,1b36f48efea63210dfeeee7270dea968ab5ba58da27f90aa42845eb8a64a6649,12b1dafe765a77d1a17115b0ae12cff973f20ed7d6d770fbd790695fe081288e,0e4833553be7825885da5ea99bceab292cc8abee6414d58b31864afe8ca9f944,c89b17de3d4d36a4e106517b0737619bd65f0e2877d95adbf2f297762f71fb7b,6e938dfcd266a2b0eac811d7ea7eabbd5b217965f88efa81371465134dbcab11,2026-07-15T18:44:14.655560+00:00,8o8-arch,7.0.12-arch1-1,AMD Ryzen 9 3900X 12-Core Processor,"logical=24,cores=12,sockets=1,nodes=1",performance,rustc 1.97.0 (2d8144b78 2026-07-07),22.1.6,cargo 1.97.0 (c980f4866 2026-06-30),"release,lto=thin,debug=true",/home/bob/.cache/mess-bench,/dev/nvme0n1p3,ext4,/home,Samsung SSD 970 EVO Plus 2TB,[none] mq-deadline kyber bfq,249458495488,4096,1024,payload[i]=(i*131+17)&0xff,2.53271484375,accepted,,16,32,0,2804,bytes,493504,448640,33558272,2804,0,0,32,0,0,8955062,9045633,3050,3630,4140,2.530,2.530
e000204,exploratory,pwritev_full_8m,baseline,1,4,ABBA,k_pwrite,process,24,10,16,4,new_name,synthetic_sweep,1,54215100a825da9eb7cfbd8f045e54ef05fb29bd,false,1b36f48efea63210dfeeee7270dea968ab5ba58da27f90aa42845eb8a64a6649,12b1dafe765a77d1a17115b0ae12cff973f20ed7d6d770fbd790695fe081288e,0e4833553be7825885da5ea99bceab292cc8abee6414d58b31864afe8ca9f944,c89b17de3d4d36a4e106517b0737619bd65f0e2877d95adbf2f297762f71fb7b,6e938dfcd266a2b0eac811d7ea7eabbd5b217965f88efa81371465134dbcab11,2026-07-15T18:44:15.679988+00:00,8o8-arch,7.0.12-arch1-1,AMD Ryzen 9 3900X 12-Core Processor,"logical=24,cores=12,sockets=1,nodes=1",performance,rustc 1.97.0 (2d8144b78 2026-07-07),22.1.6,cargo 1.97.0 (c980f4866 2026-06-30),"release,lto=thin,debug=true",/home/bob/.cache/mess-bench,/dev/nvme0n1p3,ext4,/home,Samsung SSD 970 EVO Plus 2TB,[none] mq-deadline kyber bfq,249458491392,4096,1024,payload[i]=(i*131+17)&0xff,2.53271484375,accepted,,16,32,0,2804,bytes,493504,448640,33558272,89728,0,0,0,0,0,72170268,76217593,24040,30960,46020,2.530,2.530
e000205,exploratory,copy_contiguous,candidate,1,1,BAAB,copy_contiguous,process,24,10,16,4,new_name,synthetic_sweep,1,54215100a825da9eb7cfbd8f045e54ef05fb29bd,false,1b36f48efea63210dfeeee7270dea968ab5ba58da27f90aa42845eb8a64a6649,12b1dafe765a77d1a17115b0ae12cff973f20ed7d6d770fbd790695fe081288e,0e4833553be7825885da5ea99bceab292cc8abee6414d58b31864afe8ca9f944,c89b17de3d4d36a4e106517b0737619bd65f0e2877d95adbf2f297762f71fb7b,6e938dfcd266a2b0eac811d7ea7eabbd5b217965f88efa81371465134dbcab11,2026-07-15T18:44:16.702558+00:00,8o8-arch,7.0.12-arch1-1,AMD Ryzen 9 3900X 12-Core Processor,"logical=24,cores=12,sockets=1,nodes=1",performance,rustc 1.97.0 (2d8144b78 2026-07-07),22.1.6,cargo 1.97.0 (c980f4866 2026-06-30),"release,lto=thin,debug=true",/home/bob/.cache/mess-bench,/dev/nvme0n1p3,ext4,/home,Samsung SSD 970 EVO Plus 2TB,[none] mq-deadline kyber bfq,249458491392,4096,1024,payload[i]=(i*131+17)&0xff,2.48974609375,accepted,,16,32,0,2804,bytes,493504,448640,33558272,2804,0,0,0,33558272,0,5888761,5935016,1980,2450,2610,2.490,2.490
e000206,exploratory,copy_contiguous,baseline,1,2,BAAB,k_pwrite,process,24,10,16,4,new_name,synthetic_sweep,1,54215100a825da9eb7cfbd8f045e54ef05fb29bd,false,1b36f48efea63210dfeeee7270dea968ab5ba58da27f90aa42845eb8a64a6649,12b1dafe765a77d1a17115b0ae12cff973f20ed7d6d770fbd790695fe081288e,0e4833553be7825885da5ea99bceab292cc8abee6414d58b31864afe8ca9f944,c89b17de3d4d36a4e106517b0737619bd65f0e2877d95adbf2f297762f71fb7b,6e938dfcd266a2b0eac811d7ea7eabbd5b217965f88efa81371465134dbcab11,2026-07-15T18:44:17.725907+00:00,8o8-arch,7.0.12-arch1-1,AMD Ryzen 9 3900X 12-Core Processor,"logical=24,cores=12,sockets=1,nodes=1",performance,rustc 1.97.0 (2d8144b78 2026-07-07),22.1.6,cargo 1.97.0 (c980f4866 2026-06-30),"release,lto=thin,debug=true",/home/bob/.cache/mess-bench,/dev/nvme0n1p3,ext4,/home,Samsung SSD 970 EVO Plus 2TB,[none] mq-deadline kyber bfq,249458487296,4096,1024,payload[i]=(i*131+17)&0xff,2.48974609375,accepted,,16,32,0,2804,bytes,493504,448640,33558272,89728,0,0,0,0,0,71287088,71767127,23870,30020,44050,2.490,2.490
e000207,exploratory,copy_contiguous,baseline,1,3,BAAB,k_pwrite,process,24,10,16,4,new_name,synthetic_sweep,1,54215100a825da9eb7cfbd8f045e54ef05fb29bd,false,1b36f48efea63210dfeeee7270dea968ab5ba58da27f90aa42845eb8a64a6649,12b1dafe765a77d1a17115b0ae12cff973f20ed7d6d770fbd790695fe081288e,0e4833553be7825885da5ea99bceab292cc8abee6414d58b31864afe8ca9f944,c89b17de3d4d36a4e106517b0737619bd65f0e2877d95adbf2f297762f71fb7b,6e938dfcd266a2b0eac811d7ea7eabbd5b217965f88efa81371465134dbcab11,2026-07-15T18:44:18.754195+00:00,8o8-arch,7.0.12-arch1-1,AMD Ryzen 9 3900X 12-Core Processor,"logical=24,cores=12,sockets=1,nodes=1",performance,rustc 1.97.0 (2d8144b78 2026-07-07),22.1.6,cargo 1.97.0 (c980f4866 2026-06-30),"release,lto=thin,debug=true",/home/bob/.cache/mess-bench,/dev/nvme0n1p3,ext4,/home,Samsung SSD 970 EVO Plus 2TB,[none] mq-deadline kyber bfq,249458479104,4096,1024,payload[i]=(i*131+17)&0xff,2.48974609375,accepted,,16,32,0,2804,bytes,493504,448640,33558272,89728,0,0,0,0,0,71018658,72025997,23690,28530,41520,2.490,2.490
e000208,exploratory,copy_contiguous,candidate,1,4,BAAB,copy_contiguous,process,24,10,16,4,new_name,synthetic_sweep,1,54215100a825da9eb7cfbd8f045e54ef05fb29bd,false,1b36f48efea63210dfeeee7270dea968ab5ba58da27f90aa42845eb8a64a6649,12b1dafe765a77d1a17115b0ae12cff973f20ed7d6d770fbd790695fe081288e,0e4833553be7825885da5ea99bceab292cc8abee6414d58b31864afe8ca9f944,c89b17de3d4d36a4e106517b0737619bd65f0e2877d95adbf2f297762f71fb7b,6e938dfcd266a2b0eac811d7ea7eabbd5b217965f88efa81371465134dbcab11,2026-07-15T18:44:19.777455+00:00,8o8-arch,7.0.12-arch1-1,AMD Ryzen 9 3900X 12-Core Processor,"logical=24,cores=12,sockets=1,nodes=1",performance,rustc 1.97.0 (2d8144b78 2026-07-07),22.1.6,cargo 1.97.0 (c980f4866 2026-06-30),"release,lto=thin,debug=true",/home/bob/.cache/mess-bench,/dev/nvme0n1p3,ext4,/home,Samsung SSD 970 EVO Plus 2TB,[none] mq-deadline kyber bfq,249458479104,4096,1024,payload[i]=(i*131+17)&0xff,2.48974609375,accepted,,16,32,0,2804,bytes,493504,448640,33558272,2804,0,0,0,33558272,0,6387472,6402426,2000,2580,6870,2.490,2.490
e000209,exploratory,pwritev_full_8m,baseline,1,1,ABBA,k_pwrite,process,24,10,64,4,domain,synthetic_sweep,1,54215100a825da9eb7cfbd8f045e54ef05fb29bd,false,1b36f48efea63210dfeeee7270dea968ab5ba58da27f90aa42845eb8a64a6649,12b1dafe765a77d1a17115b0ae12cff973f20ed7d6d770fbd790695fe081288e,0e4833553be7825885da5ea99bceab292cc8abee6414d58b31864afe8ca9f944,c89b17de3d4d36a4e106517b0737619bd65f0e2877d95adbf2f297762f71fb7b,6e938dfcd266a2b0eac811d7ea7eabbd5b217965f88efa81371465134dbcab11,2026-07-15T18:44:20.809385+00:00,8o8-arch,7.0.12-arch1-1,AMD Ryzen 9 3900X 12-Core Processor,"logical=24,cores=12,sockets=1,nodes=1",performance,rustc 1.97.0 (2d8144b78 2026-07-07),22.1.6,cargo 1.97.0 (c980f4866 2026-06-30),"release,lto=thin,debug=true",/home/bob/.cache/mess-bench,/dev/nvme0n1p3,ext4,/home,Samsung SSD 970 EVO Plus 2TB,[none] mq-deadline kyber bfq,249458479104,4096,1024,payload[i]=(i*131+17)&0xff,2.48974609375,accepted,,64,64,0,863,bytes,552320,552320,33581056,55232,0,0,0,0,0,46136802,47044686,49730,63480,106900,2.490,2.690
e000210,exploratory,pwritev_full_8m,candidate,1,2,ABBA,pwritev_full_8m,process,24,10,64,4,domain,synthetic_sweep,1,54215100a825da9eb7cfbd8f045e54ef05fb29bd,false,1b36f48efea63210dfeeee7270dea968ab5ba58da27f90aa42845eb8a64a6649,12b1dafe765a77d1a17115b0ae12cff973f20ed7d6d770fbd790695fe081288e,0e4833553be7825885da5ea99bceab292cc8abee6414d58b31864afe8ca9f944,c89b17de3d4d36a4e106517b0737619bd65f0e2877d95adbf2f297762f71fb7b,6e938dfcd266a2b0eac811d7ea7eabbd5b217965f88efa81371465134dbcab11,2026-07-15T18:44:21.839242+00:00,8o8-arch,7.0.12-arch1-1,AMD Ryzen 9 3900X 12-Core Processor,"logical=24,cores=12,sockets=1,nodes=1",performance,rustc 1.97.0 (2d8144b78 2026-07-07),22.1.6,cargo 1.97.0 (c980f4866 2026-06-30),"release,lto=thin,debug=true",/home/bob/.cache/mess-bench,/dev/nvme0n1p3,ext4,/home,Samsung SSD 970 EVO Plus 2TB,[none] mq-deadline kyber bfq,249458475008,4096,1024,payload[i]=(i*131+17)&0xff,2.69091796875,accepted,,64,64,0,863,bytes,552320,552320,33581056,863,0,0,64,0,0,5735892,5793345,6370,8050,9710,2.690,2.690
e000211,exploratory,pwritev_full_8m,candidate,1,3,ABBA,pwritev_full_8m,process,24,10,64,4,domain,synthetic_sweep,1,54215100a825da9eb7cfbd8f045e54ef05fb29bd,false,1b36f48efea63210dfeeee7270dea968ab5ba58da27f90aa42845eb8a64a6649,12b1dafe765a77d1a17115b0ae12cff973f20ed7d6d770fbd790695fe081288e,0e4833553be7825885da5ea99bceab292cc8abee6414d58b31864afe8ca9f944,c89b17de3d4d36a4e106517b0737619bd65f0e2877d95adbf2f297762f71fb7b,6e938dfcd266a2b0eac811d7ea7eabbd5b217965f88efa81371465134dbcab11,2026-07-15T18:44:22.870511+00:00,8o8-arch,7.0.12-arch1-1,AMD Ryzen 9 3900X 12-Core Processor,"logical=24,cores=12,sockets=1,nodes=1",performance,rustc 1.97.0 (2d8144b78 2026-07-07),22.1.6,cargo 1.97.0 (c980f4866 2026-06-30),"release,lto=thin,debug=true",/home/bob/.cache/mess-bench,/dev/nvme0n1p3,ext4,/home,Samsung SSD 970 EVO Plus 2TB,[none] mq-deadline kyber bfq,249458470912,4096,1024,payload[i]=(i*131+17)&0xff,2.69091796875,accepted,,64,64,0,863,bytes,552320,552320,33581056,863,0,0,64,0,0,5898971,5949386,6350,8880,10210,2.690,2.690
e000212,exploratory,pwritev_full_8m,baseline,1,4,ABBA,k_pwrite,process,24,10,64,4,domain,synthetic_sweep,1,54215100a825da9eb7cfbd8f045e54ef05fb29bd,false,1b36f48efea63210dfeeee7270dea968ab5ba58da27f90aa42845eb8a64a6649,12b1dafe765a77d1a17115b0ae12cff973f20ed7d6d770fbd790695fe081288e,0e4833553be7825885da5ea99bceab292cc8abee6414d58b31864afe8ca9f944,c89b17de3d4d36a4e106517b0737619bd65f0e2877d95adbf2f297762f71fb7b,6e938dfcd266a2b0eac811d7ea7eabbd5b217965f88efa81371465134dbcab11,2026-07-15T18:44:23.895019+00:00,8o8-arch,7.0.12-arch1-1,AMD Ryzen 9 3900X 12-Core Processor,"logical=24,cores=12,sockets=1,nodes=1",performance,rustc 1.97.0 (2d8144b78 2026-07-07),22.1.6,cargo 1.97.0 (c980f4866 2026-06-30),"release,lto=thin,debug=true",/home/bob/.cache/mess-bench,/dev/nvme0n1p3,ext4,/home,Samsung SSD 970 EVO Plus 2TB,[none] mq-deadline kyber bfq,249458470912,4096,1024,payload[i]=(i*131+17)&0xff,2.69091796875,accepted,,64,64,0,863,bytes,552320,552320,33581056,55232,0,0,0,0,0,43440301,43745358,49679,58490,63790,2.690,2.690
e000213,exploratory,copy_contiguous,candidate,1,1,BAAB,copy_contiguous,process,24,10,64,4,domain,synthetic_sweep,1,54215100a825da9eb7cfbd8f045e54ef05fb29bd,false,1b36f48efea63210dfeeee7270dea968ab5ba58da27f90aa42845eb8a64a6649,12b1dafe765a77d1a17115b0ae12cff973f20ed7d6d770fbd790695fe081288e,0e4833553be7825885da5ea99bceab292cc8abee6414d58b31864afe8ca9f944,c89b17de3d4d36a4e106517b0737619bd65f0e2877d95adbf2f297762f71fb7b,6e938dfcd266a2b0eac811d7ea7eabbd5b217965f88efa81371465134dbcab11,2026-07-15T18:44:24.917331+00:00,8o8-arch,7.0.12-arch1-1,AMD Ryzen 9 3900X 12-Core Processor,"logical=24,cores=12,sockets=1,nodes=1",performance,rustc 1.97.0 (2d8144b78 2026-07-07),22.1.6,cargo 1.97.0 (c980f4866 2026-06-30),"release,lto=thin,debug=true",/home/bob/.cache/mess-bench,/dev/nvme0n1p3,ext4,/home,Samsung SSD 970 EVO Plus 2TB,[none] mq-deadline kyber bfq,249458466816,4096,1024,payload[i]=(i*131+17)&0xff,2.69091796875,accepted,,64,64,0,863,bytes,552320,552320,33581056,863,0,0,0,33581056,0,3718850,3966337,4170,4470,16270,2.690,2.690
e000214,exploratory,copy_contiguous,baseline,1,2,BAAB,k_pwrite,process,24,10,64,4,domain,synthetic_sweep,1,54215100a825da9eb7cfbd8f045e54ef05fb29bd,false,1b36f48efea63210dfeeee7270dea968ab5ba58da27f90aa42845eb8a64a6649,12b1dafe765a77d1a17115b0ae12cff973f20ed7d6d770fbd790695fe081288e,0e4833553be7825885da5ea99bceab292cc8abee6414d58b31864afe8ca9f944,c89b17de3d4d36a4e106517b0737619bd65f0e2877d95adbf2f297762f71fb7b,6e938dfcd266a2b0eac811d7ea7eabbd5b217965f88efa81371465134dbcab11,2026-07-15T18:44:25.948839+00:00,8o8-arch,7.0.12-arch1-1,AMD Ryzen 9 3900X 12-Core Processor,"logical=24,cores=12,sockets=1,nodes=1",performance,rustc 1.97.0 (2d8144b78 2026-07-07),22.1.6,cargo 1.97.0 (c980f4866 2026-06-30),"release,lto=thin,debug=true",/home/bob/.cache/mess-bench,/dev/nvme0n1p3,ext4,/home,Samsung SSD 970 EVO Plus 2TB,[none] mq-deadline kyber bfq,249458458624,4096,1024,payload[i]=(i*131+17)&0xff,2.55517578125,accepted,,64,64,0,863,bytes,552320,552320,33581056,55232,0,0,0,0,0,49111583,49978223,49860,65440,100360,2.560,2.560
e000215,exploratory,copy_contiguous,baseline,1,3,BAAB,k_pwrite,process,24,10,64,4,domain,synthetic_sweep,1,54215100a825da9eb7cfbd8f045e54ef05fb29bd,false,1b36f48efea63210dfeeee7270dea968ab5ba58da27f90aa42845eb8a64a6649,12b1dafe765a77d1a17115b0ae12cff973f20ed7d6d770fbd790695fe081288e,0e4833553be7825885da5ea99bceab292cc8abee6414d58b31864afe8ca9f944,c89b17de3d4d36a4e106517b0737619bd65f0e2877d95adbf2f297762f71fb7b,6e938dfcd266a2b0eac811d7ea7eabbd5b217965f88efa81371465134dbcab11,2026-07-15T18:44:26.979041+00:00,8o8-arch,7.0.12-arch1-1,AMD Ryzen 9 3900X 12-Core Processor,"logical=24,cores=12,sockets=1,nodes=1",performance,rustc 1.97.0 (2d8144b78 2026-07-07),22.1.6,cargo 1.97.0 (c980f4866 2026-06-30),"release,lto=thin,debug=true",/home/bob/.cache/mess-bench,/dev/nvme0n1p3,ext4,/home,Samsung SSD 970 EVO Plus 2TB,[none] mq-deadline kyber bfq,249458454528,4096,1024,payload[i]=(i*131+17)&0xff,2.55517578125,accepted,,64,64,0,863,bytes,552320,552320,33581056,55232,0,0,0,0,0,49198102,49779704,49980,70350,145360,2.560,2.560
e000216,exploratory,copy_contiguous,candidate,1,4,BAAB,copy_contiguous,process,24,10,64,4,domain,synthetic_sweep,1,54215100a825da9eb7cfbd8f045e54ef05fb29bd,false,1b36f48efea63210dfeeee7270dea968ab5ba58da27f90aa42845eb8a64a6649,12b1dafe765a77d1a17115b0ae12cff973f20ed7d6d770fbd790695fe081288e,0e4833553be7825885da5ea99bceab292cc8abee6414d58b31864afe8ca9f944,c89b17de3d4d36a4e106517b0737619bd65f0e2877d95adbf2f297762f71fb7b,6e938dfcd266a2b0eac811d7ea7eabbd5b217965f88efa81371465134dbcab11,2026-07-15T18:44:28.003132+00:00,8o8-arch,7.0.12-arch1-1,AMD Ryzen 9 3900X 12-Core Processor,"logical=24,cores=12,sockets=1,nodes=1",performance,rustc 1.97.0 (2d8144b78 2026-07-07),22.1.6,cargo 1.97.0 (c980f4866 2026-06-30),"release,lto=thin,debug=true",/home/bob/.cache/mess-bench,/dev/nvme0n1p3,ext4,/home,Samsung SSD 970 EVO Plus 2TB,[none] mq-deadline kyber bfq,249458450432,4096,1024,payload[i]=(i*131+17)&0xff,2.55517578125,accepted,,64,64,0,863,bytes,552320,552320,33581056,863,0,0,0,33581056,0,3722681,3760958,4200,4320,5730,2.560,2.560
e000217,exploratory,pwritev_full_8m,baseline,1,1,ABBA,k_pwrite,process,24,10,64,4,new_name,synthetic_sweep,1,54215100a825da9eb7cfbd8f045e54ef05fb29bd,false,1b36f48efea63210dfeeee7270dea968ab5ba58da27f90aa42845eb8a64a6649,12b1dafe765a77d1a17115b0ae12cff973f20ed7d6d770fbd790695fe081288e,0e4833553be7825885da5ea99bceab292cc8abee6414d58b31864afe8ca9f944,c89b17de3d4d36a4e106517b0737619bd65f0e2877d95adbf2f297762f71fb7b,6e938dfcd266a2b0eac811d7ea7eabbd5b217965f88efa81371465134dbcab11,2026-07-15T18:44:29.032904+00:00,8o8-arch,7.0.12-arch1-1,AMD Ryzen 9 3900X 12-Core Processor,"logical=24,cores=12,sockets=1,nodes=1",performance,rustc 1.97.0 (2d8144b78 2026-07-07),22.1.6,cargo 1.97.0 (c980f4866 2026-06-30),"release,lto=thin,debug=true",/home/bob/.cache/mess-bench,/dev/nvme0n1p3,ext4,/home,Samsung SSD 970 EVO Plus 2TB,[none] mq-deadline kyber bfq,249458446336,4096,1024,payload[i]=(i*131+17)&0xff,2.55517578125,accepted,,64,128,0,701,bytes,493504,448640,33558272,89728,0,0,0,0,0,70821397,71499497,97230,124730,144209,2.560,2.560
e000218,exploratory,pwritev_full_8m,candidate,1,2,ABBA,pwritev_full_8m,process,24,10,64,4,new_name,synthetic_sweep,1,54215100a825da9eb7cfbd8f045e54ef05fb29bd,false,1b36f48efea63210dfeeee7270dea968ab5ba58da27f90aa42845eb8a64a6649,12b1dafe765a77d1a17115b0ae12cff973f20ed7d6d770fbd790695fe081288e,0e4833553be7825885da5ea99bceab292cc8abee6414d58b31864afe8ca9f944,c89b17de3d4d36a4e106517b0737619bd65f0e2877d95adbf2f297762f71fb7b,6e938dfcd266a2b0eac811d7ea7eabbd5b217965f88efa81371465134dbcab11,2026-07-15T18:44:30.062914+00:00,8o8-arch,7.0.12-arch1-1,AMD Ryzen 9 3900X 12-Core Processor,"logical=24,cores=12,sockets=1,nodes=1",performance,rustc 1.97.0 (2d8144b78 2026-07-07),22.1.6,cargo 1.97.0 (c980f4866 2026-06-30),"release,lto=thin,debug=true",/home/bob/.cache/mess-bench,/dev/nvme0n1p3,ext4,/home,Samsung SSD 970 EVO Plus 2TB,[none] mq-deadline kyber bfq,249458446336,4096,1024,payload[i]=(i*131+17)&0xff,2.55517578125,accepted,,64,128,0,701,bytes,493504,448640,33558272,701,0,0,128,0,0,6534811,6574915,9070,10700,12310,2.560,2.560
e000219,exploratory,pwritev_full_8m,candidate,1,3,ABBA,pwritev_full_8m,process,24,10,64,4,new_name,synthetic_sweep,1,54215100a825da9eb7cfbd8f045e54ef05fb29bd,false,1b36f48efea63210dfeeee7270dea968ab5ba58da27f90aa42845eb8a64a6649,12b1dafe765a77d1a17115b0ae12cff973f20ed7d6d770fbd790695fe081288e,0e4833553be7825885da5ea99bceab292cc8abee6414d58b31864afe8ca9f944,c89b17de3d4d36a4e106517b0737619bd65f0e2877d95adbf2f297762f71fb7b,6e938dfcd266a2b0eac811d7ea7eabbd5b217965f88efa81371465134dbcab11,2026-07-15T18:44:31.093117+00:00,8o8-arch,7.0.12-arch1-1,AMD Ryzen 9 3900X 12-Core Processor,"logical=24,cores=12,sockets=1,nodes=1",performance,rustc 1.97.0 (2d8144b78 2026-07-07),22.1.6,cargo 1.97.0 (c980f4866 2026-06-30),"release,lto=thin,debug=true",/home/bob/.cache/mess-bench,/dev/nvme0n1p3,ext4,/home,Samsung SSD 970 EVO Plus 2TB,[none] mq-deadline kyber bfq,249458442240,4096,1024,payload[i]=(i*131+17)&0xff,2.51025390625,accepted,,64,128,0,701,bytes,493504,448640,33558272,701,0,0,128,0,0,6929962,6983105,9600,11170,17070,2.510,2.510
e000220,exploratory,pwritev_full_8m,baseline,1,4,ABBA,k_pwrite,process,24,10,64,4,new_name,synthetic_sweep,1,54215100a825da9eb7cfbd8f045e54ef05fb29bd,false,1b36f48efea63210dfeeee7270dea968ab5ba58da27f90aa42845eb8a64a6649,12b1dafe765a77d1a17115b0ae12cff973f20ed7d6d770fbd790695fe081288e,0e4833553be7825885da5ea99bceab292cc8abee6414d58b31864afe8ca9f944,c89b17de3d4d36a4e106517b0737619bd65f0e2877d95adbf2f297762f71fb7b,6e938dfcd266a2b0eac811d7ea7eabbd5b217965f88efa81371465134dbcab11,2026-07-15T18:44:32.121145+00:00,8o8-arch,7.0.12-arch1-1,AMD Ryzen 9 3900X 12-Core Processor,"logical=24,cores=12,sockets=1,nodes=1",performance,rustc 1.97.0 (2d8144b78 2026-07-07),22.1.6,cargo 1.97.0 (c980f4866 2026-06-30),"release,lto=thin,debug=true",/home/bob/.cache/mess-bench,/dev/nvme0n1p3,ext4,/home,Samsung SSD 970 EVO Plus 2TB,[none] mq-deadline kyber bfq,249458434048,4096,1024,payload[i]=(i*131+17)&0xff,2.51025390625,accepted,,64,128,0,701,bytes,493504,448640,33558272,89728,0,0,0,0,0,69556118,70769658,96520,117330,147320,2.510,2.510
e000221,exploratory,pwritev_64_8m,candidate,1,1,BAAB,pwritev_64_8m,process,24,10,64,4,new_name,synthetic_sweep,1,54215100a825da9eb7cfbd8f045e54ef05fb29bd,false,1b36f48efea63210dfeeee7270dea968ab5ba58da27f90aa42845eb8a64a6649,12b1dafe765a77d1a17115b0ae12cff973f20ed7d6d770fbd790695fe081288e,0e4833553be7825885da5ea99bceab292cc8abee6414d58b31864afe8ca9f944,c89b17de3d4d36a4e106517b0737619bd65f0e2877d95adbf2f297762f71fb7b,6e938dfcd266a2b0eac811d7ea7eabbd5b217965f88efa81371465134dbcab11,2026-07-15T18:44:33.144677+00:00,8o8-arch,7.0.12-arch1-1,AMD Ryzen 9 3900X 12-Core Processor,"logical=24,cores=12,sockets=1,nodes=1",performance,rustc 1.97.0 (2d8144b78 2026-07-07),22.1.6,cargo 1.97.0 (c980f4866 2026-06-30),"release,lto=thin,debug=true",/home/bob/.cache/mess-bench,/dev/nvme0n1p3,ext4,/home,Samsung SSD 970 EVO Plus 2TB,[none] mq-deadline kyber bfq,249458434048,4096,1024,payload[i]=(i*131+17)&0xff,2.51025390625,accepted,,64,128,0,701,bytes,493504,448640,33558272,1402,0,0,64,0,0,9008822,9447403,10700,13070,31950,2.510,2.510
e000222,exploratory,pwritev_64_8m,baseline,1,2,BAAB,k_pwrite,process,24,10,64,4,new_name,synthetic_sweep,1,54215100a825da9eb7cfbd8f045e54ef05fb29bd,false,1b36f48efea63210dfeeee7270dea968ab5ba58da27f90aa42845eb8a64a6649,12b1dafe765a77d1a17115b0ae12cff973f20ed7d6d770fbd790695fe081288e,0e4833553be7825885da5ea99bceab292cc8abee6414d58b31864afe8ca9f944,c89b17de3d4d36a4e106517b0737619bd65f0e2877d95adbf2f297762f71fb7b,6e938dfcd266a2b0eac811d7ea7eabbd5b217965f88efa81371465134dbcab11,2026-07-15T18:44:34.173194+00:00,8o8-arch,7.0.12-arch1-1,AMD Ryzen 9 3900X 12-Core Processor,"logical=24,cores=12,sockets=1,nodes=1",performance,rustc 1.97.0 (2d8144b78 2026-07-07),22.1.6,cargo 1.97.0 (c980f4866 2026-06-30),"release,lto=thin,debug=true",/home/bob/.cache/mess-bench,/dev/nvme0n1p3,ext4,/home,Samsung SSD 970 EVO Plus 2TB,[none] mq-deadline kyber bfq,249458434048,4096,1024,payload[i]=(i*131+17)&0xff,2.51025390625,accepted,,64,128,0,701,bytes,493504,448640,33558272,89728,0,0,0,0,0,71419138,72308096,97220,124360,203210,2.510,2.510
e000223,exploratory,pwritev_64_8m,baseline,1,3,BAAB,k_pwrite,process,24,10,64,4,new_name,synthetic_sweep,1,54215100a825da9eb7cfbd8f045e54ef05fb29bd,false,1b36f48efea63210dfeeee7270dea968ab5ba58da27f90aa42845eb8a64a6649,12b1dafe765a77d1a17115b0ae12cff973f20ed7d6d770fbd790695fe081288e,0e4833553be7825885da5ea99bceab292cc8abee6414d58b31864afe8ca9f944,c89b17de3d4d36a4e106517b0737619bd65f0e2877d95adbf2f297762f71fb7b,6e938dfcd266a2b0eac811d7ea7eabbd5b217965f88efa81371465134dbcab11,2026-07-15T18:44:35.196695+00:00,8o8-arch,7.0.12-arch1-1,AMD Ryzen 9 3900X 12-Core Processor,"logical=24,cores=12,sockets=1,nodes=1",performance,rustc 1.97.0 (2d8144b78 2026-07-07),22.1.6,cargo 1.97.0 (c980f4866 2026-06-30),"release,lto=thin,debug=true",/home/bob/.cache/mess-bench,/dev/nvme0n1p3,ext4,/home,Samsung SSD 970 EVO Plus 2TB,[none] mq-deadline kyber bfq,249458429952,4096,1024,payload[i]=(i*131+17)&0xff,2.51025390625,accepted,,64,128,0,701,bytes,493504,448640,33558272,89728,0,0,0,0,0,70185338,70780818,97250,119830,129310,2.510,2.510
e000224,exploratory,pwritev_64_8m,candidate,1,4,BAAB,pwritev_64_8m,process,24,10,64,4,new_name,synthetic_sweep,1,54215100a825da9eb7cfbd8f045e54ef05fb29bd,false,1b36f48efea63210dfeeee7270dea968ab5ba58da27f90aa42845eb8a64a6649,12b1dafe765a77d1a17115b0ae12cff973f20ed7d6d770fbd790695fe081288e,0e4833553be7825885da5ea99bceab292cc8abee6414d58b31864afe8ca9f944,c89b17de3d4d36a4e106517b0737619bd65f0e2877d95adbf2f297762f71fb7b,6e938dfcd266a2b0eac811d7ea7eabbd5b217965f88efa81371465134dbcab11,2026-07-15T18:44:36.226865+00:00,8o8-arch,7.0.12-arch1-1,AMD Ryzen 9 3900X 12-Core Processor,"logical=24,cores=12,sockets=1,nodes=1",performance,rustc 1.97.0 (2d8144b78 2026-07-07),22.1.6,cargo 1.97.0 (c980f4866 2026-06-30),"release,lto=thin,debug=true",/home/bob/.cache/mess-bench,/dev/nvme0n1p3,ext4,/home,Samsung SSD 970 EVO Plus 2TB,[none] mq-deadline kyber bfq,249458421760,4096,1024,payload[i]=(i*131+17)&0xff,2.5498046875,accepted,,64,128,0,701,bytes,493504,448640,33558272,1402,0,0,64,0,0,7651592,7712984,10710,11070,16240,2.550,2.550
e000225,exploratory,copy_contiguous,baseline,1,1,ABBA,k_pwrite,process,24,10,64,4,new_name,synthetic_sweep,1,54215100a825da9eb7cfbd8f045e54ef05fb29bd,false,1b36f48efea63210dfeeee7270dea968ab5ba58da27f90aa42845eb8a64a6649,12b1dafe765a77d1a17115b0ae12cff973f20ed7d6d770fbd790695fe081288e,0e4833553be7825885da5ea99bceab292cc8abee6414d58b31864afe8ca9f944,c89b17de3d4d36a4e106517b0737619bd65f0e2877d95adbf2f297762f71fb7b,6e938dfcd266a2b0eac811d7ea7eabbd5b217965f88efa81371465134dbcab11,2026-07-15T18:44:37.255900+00:00,8o8-arch,7.0.12-arch1-1,AMD Ryzen 9 3900X 12-Core Processor,"logical=24,cores=12,sockets=1,nodes=1",performance,rustc 1.97.0 (2d8144b78 2026-07-07),22.1.6,cargo 1.97.0 (c980f4866 2026-06-30),"release,lto=thin,debug=true",/home/bob/.cache/mess-bench,/dev/nvme0n1p3,ext4,/home,Samsung SSD 970 EVO Plus 2TB,[none] mq-deadline kyber bfq,249458417664,4096,1024,payload[i]=(i*131+17)&0xff,2.5498046875,accepted,,64,128,0,701,bytes,493504,448640,33558272,89728,0,0,0,0,0,73012228,73585686,97150,114630,207359,2.550,2.550
e000226,exploratory,copy_contiguous,candidate,1,2,ABBA,copy_contiguous,process,24,10,64,4,new_name,synthetic_sweep,1,54215100a825da9eb7cfbd8f045e54ef05fb29bd,false,1b36f48efea63210dfeeee7270dea968ab5ba58da27f90aa42845eb8a64a6649,12b1dafe765a77d1a17115b0ae12cff973f20ed7d6d770fbd790695fe081288e,0e4833553be7825885da5ea99bceab292cc8abee6414d58b31864afe8ca9f944,c89b17de3d4d36a4e106517b0737619bd65f0e2877d95adbf2f297762f71fb7b,6e938dfcd266a2b0eac811d7ea7eabbd5b217965f88efa81371465134dbcab11,2026-07-15T18:44:38.287864+00:00,8o8-arch,7.0.12-arch1-1,AMD Ryzen 9 3900X 12-Core Processor,"logical=24,cores=12,sockets=1,nodes=1",performance,rustc 1.97.0 (2d8144b78 2026-07-07),22.1.6,cargo 1.97.0 (c980f4866 2026-06-30),"release,lto=thin,debug=true",/home/bob/.cache/mess-bench,/dev/nvme0n1p3,ext4,/home,Samsung SSD 970 EVO Plus 2TB,[none] mq-deadline kyber bfq,249458417664,4096,1024,payload[i]=(i*131+17)&0xff,2.5498046875,accepted,,64,128,0,701,bytes,493504,448640,33558272,701,0,0,0,33558272,0,3690921,3840267,5120,5710,7080,2.550,2.550
e000227,exploratory,copy_contiguous,candidate,1,3,ABBA,copy_contiguous,process,24,10,64,4,new_name,synthetic_sweep,1,54215100a825da9eb7cfbd8f045e54ef05fb29bd,false,1b36f48efea63210dfeeee7270dea968ab5ba58da27f90aa42845eb8a64a6649,12b1dafe765a77d1a17115b0ae12cff973f20ed7d6d770fbd790695fe081288e,0e4833553be7825885da5ea99bceab292cc8abee6414d58b31864afe8ca9f944,c89b17de3d4d36a4e106517b0737619bd65f0e2877d95adbf2f297762f71fb7b,6e938dfcd266a2b0eac811d7ea7eabbd5b217965f88efa81371465134dbcab11,2026-07-15T18:44:39.313362+00:00,8o8-arch,7.0.12-arch1-1,AMD Ryzen 9 3900X 12-Core Processor,"logical=24,cores=12,sockets=1,nodes=1",performance,rustc 1.97.0 (2d8144b78 2026-07-07),22.1.6,cargo 1.97.0 (c980f4866 2026-06-30),"release,lto=thin,debug=true",/home/bob/.cache/mess-bench,/dev/nvme0n1p3,ext4,/home,Samsung SSD 970 EVO Plus 2TB,[none] mq-deadline kyber bfq,249458409472,4096,1024,payload[i]=(i*131+17)&0xff,2.5498046875,accepted,,64,128,0,701,bytes,493504,448640,33558272,701,0,0,0,33558272,0,3818520,3882218,5090,7110,8190,2.550,2.550
e000228,exploratory,copy_contiguous,baseline,1,4,ABBA,k_pwrite,process,24,10,64,4,new_name,synthetic_sweep,1,54215100a825da9eb7cfbd8f045e54ef05fb29bd,false,1b36f48efea63210dfeeee7270dea968ab5ba58da27f90aa42845eb8a64a6649,12b1dafe765a77d1a17115b0ae12cff973f20ed7d6d770fbd790695fe081288e,0e4833553be7825885da5ea99bceab292cc8abee6414d58b31864afe8ca9f944,c89b17de3d4d36a4e106517b0737619bd65f0e2877d95adbf2f297762f71fb7b,6e938dfcd266a2b0eac811d7ea7eabbd5b217965f88efa81371465134dbcab11,2026-07-15T18:44:40.343844+00:00,8o8-arch,7.0.12-arch1-1,AMD Ryzen 9 3900X 12-Core Processor,"logical=24,cores=12,sockets=1,nodes=1",performance,rustc 1.97.0 (2d8144b78 2026-07-07),22.1.6,cargo 1.97.0 (c980f4866 2026-06-30),"release,lto=thin,debug=true",/home/bob/.cache/mess-bench,/dev/nvme0n1p3,ext4,/home,Samsung SSD 970 EVO Plus 2TB,[none] mq-deadline kyber bfq,249458409472,4096,1024,payload[i]=(i*131+17)&0xff,2.5498046875,accepted,,64,128,0,701,bytes,493504,448640,33558272,89728,0,0,0,0,0,72628338,73220896,97070,123880,136090,2.550,2.550
e000229,exploratory,pwritev_full_8m,candidate,1,1,BAAB,pwritev_full_8m,process,24,10,256,4,domain,synthetic_sweep,1,54215100a825da9eb7cfbd8f045e54ef05fb29bd,false,1b36f48efea63210dfeeee7270dea968ab5ba58da27f90aa42845eb8a64a6649,12b1dafe765a77d1a17115b0ae12cff973f20ed7d6d770fbd790695fe081288e,0e4833553be7825885da5ea99bceab292cc8abee6414d58b31864afe8ca9f944,c89b17de3d4d36a4e106517b0737619bd65f0e2877d95adbf2f297762f71fb7b,6e938dfcd266a2b0eac811d7ea7eabbd5b217965f88efa81371465134dbcab11,2026-07-15T18:44:41.373600+00:00,8o8-arch,7.0.12-arch1-1,AMD Ryzen 9 3900X 12-Core Processor,"logical=24,cores=12,sockets=1,nodes=1",performance,rustc 1.97.0 (2d8144b78 2026-07-07),22.1.6,cargo 1.97.0 (c980f4866 2026-06-30),"release,lto=thin,debug=true",/home/bob/.cache/mess-bench,/dev/nvme0n1p3,ext4,/home,Samsung SSD 970 EVO Plus 2TB,[none] mq-deadline kyber bfq,249458401280,4096,1024,payload[i]=(i*131+17)&0xff,2.34521484375,accepted,,256,256,0,216,bytes,552960,552960,33619968,216,0,0,256,0,0,4847872,4885766,21950,26240,32920,2.350,2.350
e000230,exploratory,pwritev_full_8m,baseline,1,2,BAAB,k_pwrite,process,24,10,256,4,domain,synthetic_sweep,1,54215100a825da9eb7cfbd8f045e54ef05fb29bd,false,1b36f48efea63210dfeeee7270dea968ab5ba58da27f90aa42845eb8a64a6649,12b1dafe765a77d1a17115b0ae12cff973f20ed7d6d770fbd790695fe081288e,0e4833553be7825885da5ea99bceab292cc8abee6414d58b31864afe8ca9f944,c89b17de3d4d36a4e106517b0737619bd65f0e2877d95adbf2f297762f71fb7b,6e938dfcd266a2b0eac811d7ea7eabbd5b217965f88efa81371465134dbcab11,2026-07-15T18:44:42.405639+00:00,8o8-arch,7.0.12-arch1-1,AMD Ryzen 9 3900X 12-Core Processor,"logical=24,cores=12,sockets=1,nodes=1",performance,rustc 1.97.0 (2d8144b78 2026-07-07),22.1.6,cargo 1.97.0 (c980f4866 2026-06-30),"release,lto=thin,debug=true",/home/bob/.cache/mess-bench,/dev/nvme0n1p3,ext4,/home,Samsung SSD 970 EVO Plus 2TB,[none] mq-deadline kyber bfq,249458401280,4096,1024,payload[i]=(i*131+17)&0xff,2.34521484375,accepted,,256,256,0,216,bytes,552960,552960,33619968,55296,0,0,0,0,0,49046542,49491304,206560,234649,930689,2.350,2.350
e000231,exploratory,pwritev_full_8m,baseline,1,3,BAAB,k_pwrite,process,24,10,256,4,domain,synthetic_sweep,1,54215100a825da9eb7cfbd8f045e54ef05fb29bd,false,1b36f48efea63210dfeeee7270dea968ab5ba58da27f90aa42845eb8a64a6649,12b1dafe765a77d1a17115b0ae12cff973f20ed7d6d770fbd790695fe081288e,0e4833553be7825885da5ea99bceab292cc8abee6414d58b31864afe8ca9f944,c89b17de3d4d36a4e106517b0737619bd65f0e2877d95adbf2f297762f71fb7b,6e938dfcd266a2b0eac811d7ea7eabbd5b217965f88efa81371465134dbcab11,2026-07-15T18:44:43.437437+00:00,8o8-arch,7.0.12-arch1-1,AMD Ryzen 9 3900X 12-Core Processor,"logical=24,cores=12,sockets=1,nodes=1",performance,rustc 1.97.0 (2d8144b78 2026-07-07),22.1.6,cargo 1.97.0 (c980f4866 2026-06-30),"release,lto=thin,debug=true",/home/bob/.cache/mess-bench,/dev/nvme0n1p3,ext4,/home,Samsung SSD 970 EVO Plus 2TB,[none] mq-deadline kyber bfq,249458397184,4096,1024,payload[i]=(i*131+17)&0xff,2.34521484375,accepted,,256,256,0,216,bytes,552960,552960,33619968,55296,0,0,0,0,0,45854492,46486505,207620,231650,256420,2.350,2.350
e000232,exploratory,pwritev_full_8m,candidate,1,4,BAAB,pwritev_full_8m,process,24,10,256,4,domain,synthetic_sweep,1,54215100a825da9eb7cfbd8f045e54ef05fb29bd,false,1b36f48efea63210dfeeee7270dea968ab5ba58da27f90aa42845eb8a64a6649,12b1dafe765a77d1a17115b0ae12cff973f20ed7d6d770fbd790695fe081288e,0e4833553be7825885da5ea99bceab292cc8abee6414d58b31864afe8ca9f944,c89b17de3d4d36a4e106517b0737619bd65f0e2877d95adbf2f297762f71fb7b,6e938dfcd266a2b0eac811d7ea7eabbd5b217965f88efa81371465134dbcab11,2026-07-15T18:44:44.466393+00:00,8o8-arch,7.0.12-arch1-1,AMD Ryzen 9 3900X 12-Core Processor,"logical=24,cores=12,sockets=1,nodes=1",performance,rustc 1.97.0 (2d8144b78 2026-07-07),22.1.6,cargo 1.97.0 (c980f4866 2026-06-30),"release,lto=thin,debug=true",/home/bob/.cache/mess-bench,/dev/nvme0n1p3,ext4,/home,Samsung SSD 970 EVO Plus 2TB,[none] mq-deadline kyber bfq,249458397184,4096,1024,payload[i]=(i*131+17)&0xff,2.34521484375,accepted,,256,256,0,216,bytes,552960,552960,33619968,216,0,0,256,0,0,4909231,5139966,21700,33960,46710,2.350,2.350
e000233,exploratory,pwritev_64_8m,baseline,1,1,ABBA,k_pwrite,process,24,10,256,4,domain,synthetic_sweep,1,54215100a825da9eb7cfbd8f045e54ef05fb29bd,false,1b36f48efea63210dfeeee7270dea968ab5ba58da27f90aa42845eb8a64a6649,12b1dafe765a77d1a17115b0ae12cff973f20ed7d6d770fbd790695fe081288e,0e4833553be7825885da5ea99bceab292cc8abee6414d58b31864afe8ca9f944,c89b17de3d4d36a4e106517b0737619bd65f0e2877d95adbf2f297762f71fb7b,6e938dfcd266a2b0eac811d7ea7eabbd5b217965f88efa81371465134dbcab11,2026-07-15T18:44:45.496198+00:00,8o8-arch,7.0.12-arch1-1,AMD Ryzen 9 3900X 12-Core Processor,"logical=24,cores=12,sockets=1,nodes=1",performance,rustc 1.97.0 (2d8144b78 2026-07-07),22.1.6,cargo 1.97.0 (c980f4866 2026-06-30),"release,lto=thin,debug=true",/home/bob/.cache/mess-bench,/dev/nvme0n1p3,ext4,/home,Samsung SSD 970 EVO Plus 2TB,[none] mq-deadline kyber bfq,249458388992,4096,1024,payload[i]=(i*131+17)&0xff,2.34521484375,accepted,,256,256,0,216,bytes,552960,552960,33619968,55296,0,0,0,0,0,48412792,48792564,207670,253389,952759,2.350,2.350
e000234,exploratory,pwritev_64_8m,candidate,1,2,ABBA,pwritev_64_8m,process,24,10,256,4,domain,synthetic_sweep,1,54215100a825da9eb7cfbd8f045e54ef05fb29bd,false,1b36f48efea63210dfeeee7270dea968ab5ba58da27f90aa42845eb8a64a6649,12b1dafe765a77d1a17115b0ae12cff973f20ed7d6d770fbd790695fe081288e,0e4833553be7825885da5ea99bceab292cc8abee6414d58b31864afe8ca9f944,c89b17de3d4d36a4e106517b0737619bd65f0e2877d95adbf2f297762f71fb7b,6e938dfcd266a2b0eac811d7ea7eabbd5b217965f88efa81371465134dbcab11,2026-07-15T18:44:46.529039+00:00,8o8-arch,7.0.12-arch1-1,AMD Ryzen 9 3900X 12-Core Processor,"logical=24,cores=12,sockets=1,nodes=1",performance,rustc 1.97.0 (2d8144b78 2026-07-07),22.1.6,cargo 1.97.0 (c980f4866 2026-06-30),"release,lto=thin,debug=true",/home/bob/.cache/mess-bench,/dev/nvme0n1p3,ext4,/home,Samsung SSD 970 EVO Plus 2TB,[none] mq-deadline kyber bfq,249458393088,4096,1024,payload[i]=(i*131+17)&0xff,3.19873046875,accepted,,256,256,0,216,bytes,552960,552960,33619968,864,0,0,64,0,0,6290402,6342096,28320,34160,41370,3.200,3.200
e000235,exploratory,pwritev_64_8m,candidate,1,3,ABBA,pwritev_64_8m,process,24,10,256,4,domain,synthetic_sweep,1,54215100a825da9eb7cfbd8f045e54ef05fb29bd,false,1b36f48efea63210dfeeee7270dea968ab5ba58da27f90aa42845eb8a64a6649,12b1dafe765a77d1a17115b0ae12cff973f20ed7d6d770fbd790695fe081288e,0e4833553be7825885da5ea99bceab292cc8abee6414d58b31864afe8ca9f944,c89b17de3d4d36a4e106517b0737619bd65f0e2877d95adbf2f297762f71fb7b,6e938dfcd266a2b0eac811d7ea7eabbd5b217965f88efa81371465134dbcab11,2026-07-15T18:44:47.559000+00:00,8o8-arch,7.0.12-arch1-1,AMD Ryzen 9 3900X 12-Core Processor,"logical=24,cores=12,sockets=1,nodes=1",performance,rustc 1.97.0 (2d8144b78 2026-07-07),22.1.6,cargo 1.97.0 (c980f4866 2026-06-30),"release,lto=thin,debug=true",/home/bob/.cache/mess-bench,/dev/nvme0n1p3,ext4,/home,Samsung SSD 970 EVO Plus 2TB,[none] mq-deadline kyber bfq,249458388992,4096,1024,payload[i]=(i*131+17)&0xff,3.19873046875,accepted,,256,256,0,216,bytes,552960,552960,33619968,864,0,0,64,0,0,6474791,6527825,28820,37490,41840,3.200,3.200
e000236,exploratory,pwritev_64_8m,baseline,1,4,ABBA,k_pwrite,process,24,10,256,4,domain,synthetic_sweep,1,54215100a825da9eb7cfbd8f045e54ef05fb29bd,false,1b36f48efea63210dfeeee7270dea968ab5ba58da27f90aa42845eb8a64a6649,12b1dafe765a77d1a17115b0ae12cff973f20ed7d6d770fbd790695fe081288e,0e4833553be7825885da5ea99bceab292cc8abee6414d58b31864afe8ca9f944,c89b17de3d4d36a4e106517b0737619bd65f0e2877d95adbf2f297762f71fb7b,6e938dfcd266a2b0eac811d7ea7eabbd5b217965f88efa81371465134dbcab11,2026-07-15T18:44:48.588109+00:00,8o8-arch,7.0.12-arch1-1,AMD Ryzen 9 3900X 12-Core Processor,"logical=24,cores=12,sockets=1,nodes=1",performance,rustc 1.97.0 (2d8144b78 2026-07-07),22.1.6,cargo 1.97.0 (c980f4866 2026-06-30),"release,lto=thin,debug=true",/home/bob/.cache/mess-bench,/dev/nvme0n1p3,ext4,/home,Samsung SSD 970 EVO Plus 2TB,[none] mq-deadline kyber bfq,249458388992,4096,1024,payload[i]=(i*131+17)&0xff,3.19873046875,accepted,,256,256,0,216,bytes,552960,552960,33619968,55296,0,0,0,0,0,47106952,47490615,207710,254160,279560,3.200,3.200
e000237,exploratory,copy_contiguous,candidate,1,1,BAAB,copy_contiguous,process,24,10,256,4,domain,synthetic_sweep,1,54215100a825da9eb7cfbd8f045e54ef05fb29bd,false,1b36f48efea63210dfeeee7270dea968ab5ba58da27f90aa42845eb8a64a6649,12b1dafe765a77d1a17115b0ae12cff973f20ed7d6d770fbd790695fe081288e,0e4833553be7825885da5ea99bceab292cc8abee6414d58b31864afe8ca9f944,c89b17de3d4d36a4e106517b0737619bd65f0e2877d95adbf2f297762f71fb7b,6e938dfcd266a2b0eac811d7ea7eabbd5b217965f88efa81371465134dbcab11,2026-07-15T18:44:49.617329+00:00,8o8-arch,7.0.12-arch1-1,AMD Ryzen 9 3900X 12-Core Processor,"logical=24,cores=12,sockets=1,nodes=1",performance,rustc 1.97.0 (2d8144b78 2026-07-07),22.1.6,cargo 1.97.0 (c980f4866 2026-06-30),"release,lto=thin,debug=true",/home/bob/.cache/mess-bench,/dev/nvme0n1p3,ext4,/home,Samsung SSD 970 EVO Plus 2TB,[none] mq-deadline kyber bfq,249458388992,4096,1024,payload[i]=(i*131+17)&0xff,3.19873046875,accepted,,256,256,0,216,bytes,552960,552960,33619968,216,0,0,0,33619968,0,8466343,8540714,22530,33410,639949,3.200,3.200
e000238,exploratory,copy_contiguous,baseline,1,2,BAAB,k_pwrite,process,24,10,256,4,domain,synthetic_sweep,1,54215100a825da9eb7cfbd8f045e54ef05fb29bd,false,1b36f48efea63210dfeeee7270dea968ab5ba58da27f90aa42845eb8a64a6649,12b1dafe765a77d1a17115b0ae12cff973f20ed7d6d770fbd790695fe081288e,0e4833553be7825885da5ea99bceab292cc8abee6414d58b31864afe8ca9f944,c89b17de3d4d36a4e106517b0737619bd65f0e2877d95adbf2f297762f71fb7b,6e938dfcd266a2b0eac811d7ea7eabbd5b217965f88efa81371465134dbcab11,2026-07-15T18:44:50.649853+00:00,8o8-arch,7.0.12-arch1-1,AMD Ryzen 9 3900X 12-Core Processor,"logical=24,cores=12,sockets=1,nodes=1",performance,rustc 1.97.0 (2d8144b78 2026-07-07),22.1.6,cargo 1.97.0 (c980f4866 2026-06-30),"release,lto=thin,debug=true",/home/bob/.cache/mess-bench,/dev/nvme0n1p3,ext4,/home,Samsung SSD 970 EVO Plus 2TB,[none] mq-deadline kyber bfq,249458388992,4096,1024,payload[i]=(i*131+17)&0xff,3.19873046875,accepted,,256,256,0,216,bytes,552960,552960,33619968,55296,0,0,0,0,0,50045433,51163802,209080,255490,1033759,3.200,3.200
e000239,exploratory,copy_contiguous,baseline,1,3,BAAB,k_pwrite,process,24,10,256,4,domain,synthetic_sweep,1,54215100a825da9eb7cfbd8f045e54ef05fb29bd,false,1b36f48efea63210dfeeee7270dea968ab5ba58da27f90aa42845eb8a64a6649,12b1dafe765a77d1a17115b0ae12cff973f20ed7d6d770fbd790695fe081288e,0e4833553be7825885da5ea99bceab292cc8abee6414d58b31864afe8ca9f944,c89b17de3d4d36a4e106517b0737619bd65f0e2877d95adbf2f297762f71fb7b,6e938dfcd266a2b0eac811d7ea7eabbd5b217965f88efa81371465134dbcab11,2026-07-15T18:44:51.680004+00:00,8o8-arch,7.0.12-arch1-1,AMD Ryzen 9 3900X 12-Core Processor,"logical=24,cores=12,sockets=1,nodes=1",performance,rustc 1.97.0 (2d8144b78 2026-07-07),22.1.6,cargo 1.97.0 (c980f4866 2026-06-30),"release,lto=thin,debug=true",/home/bob/.cache/mess-bench,/dev/nvme0n1p3,ext4,/home,Samsung SSD 970 EVO Plus 2TB,[none] mq-deadline kyber bfq,249458380800,4096,1024,payload[i]=(i*131+17)&0xff,4.86474609375,accepted,,256,256,0,216,bytes,552960,552960,33619968,55296,0,0,0,0,0,46875422,47621605,207319,230040,301779,4.860,4.860
e000240,exploratory,copy_contiguous,candidate,1,4,BAAB,copy_contiguous,process,24,10,256,4,domain,synthetic_sweep,1,54215100a825da9eb7cfbd8f045e54ef05fb29bd,false,1b36f48efea63210dfeeee7270dea968ab5ba58da27f90aa42845eb8a64a6649,12b1dafe765a77d1a17115b0ae12cff973f20ed7d6d770fbd790695fe081288e,0e4833553be7825885da5ea99bceab292cc8abee6414d58b31864afe8ca9f944,c89b17de3d4d36a4e106517b0737619bd65f0e2877d95adbf2f297762f71fb7b,6e938dfcd266a2b0eac811d7ea7eabbd5b217965f88efa81371465134dbcab11,2026-07-15T18:44:52.708752+00:00,8o8-arch,7.0.12-arch1-1,AMD Ryzen 9 3900X 12-Core Processor,"logical=24,cores=12,sockets=1,nodes=1",performance,rustc 1.97.0 (2d8144b78 2026-07-07),22.1.6,cargo 1.97.0 (c980f4866 2026-06-30),"release,lto=thin,debug=true",/home/bob/.cache/mess-bench,/dev/nvme0n1p3,ext4,/home,Samsung SSD 970 EVO Plus 2TB,[none] mq-deadline kyber bfq,249458376704,4096,1024,payload[i]=(i*131+17)&0xff,4.86474609375,accepted,,256,256,0,216,bytes,552960,552960,33619968,216,0,0,0,33619968,0,4843011,4874277,21730,27750,32620,4.860,4.860
e000241,exploratory,pwritev_full_8m,baseline,1,1,ABBA,k_pwrite,process,24,10,256,4,new_name,synthetic_sweep,1,54215100a825da9eb7cfbd8f045e54ef05fb29bd,false,1b36f48efea63210dfeeee7270dea968ab5ba58da27f90aa42845eb8a64a6649,12b1dafe765a77d1a17115b0ae12cff973f20ed7d6d770fbd790695fe081288e,0e4833553be7825885da5ea99bceab292cc8abee6414d58b31864afe8ca9f944,c89b17de3d4d36a4e106517b0737619bd65f0e2877d95adbf2f297762f71fb7b,6e938dfcd266a2b0eac811d7ea7eabbd5b217965f88efa81371465134dbcab11,2026-07-15T18:44:53.738114+00:00,8o8-arch,7.0.12-arch1-1,AMD Ryzen 9 3900X 12-Core Processor,"logical=24,cores=12,sockets=1,nodes=1",performance,rustc 1.97.0 (2d8144b78 2026-07-07),22.1.6,cargo 1.97.0 (c980f4866 2026-06-30),"release,lto=thin,debug=true",/home/bob/.cache/mess-bench,/dev/nvme0n1p3,ext4,/home,Samsung SSD 970 EVO Plus 2TB,[none] mq-deadline kyber bfq,249458376704,4096,1024,payload[i]=(i*131+17)&0xff,4.86474609375,accepted,,256,512,0,176,bytes,495616,450560,33701888,90112,0,0,0,0,0,73090368,73660135,398630,447190,763739,4.860,4.860
e000242,exploratory,pwritev_full_8m,candidate,1,2,ABBA,pwritev_full_8m,process,24,10,256,4,new_name,synthetic_sweep,1,54215100a825da9eb7cfbd8f045e54ef05fb29bd,false,1b36f48efea63210dfeeee7270dea968ab5ba58da27f90aa42845eb8a64a6649,12b1dafe765a77d1a17115b0ae12cff973f20ed7d6d770fbd790695fe081288e,0e4833553be7825885da5ea99bceab292cc8abee6414d58b31864afe8ca9f944,c89b17de3d4d36a4e106517b0737619bd65f0e2877d95adbf2f297762f71fb7b,6e938dfcd266a2b0eac811d7ea7eabbd5b217965f88efa81371465134dbcab11,2026-07-15T18:44:54.770042+00:00,8o8-arch,7.0.12-arch1-1,AMD Ryzen 9 3900X 12-Core Processor,"logical=24,cores=12,sockets=1,nodes=1",performance,rustc 1.97.0 (2d8144b78 2026-07-07),22.1.6,cargo 1.97.0 (c980f4866 2026-06-30),"release,lto=thin,debug=true",/home/bob/.cache/mess-bench,/dev/nvme0n1p3,ext4,/home,Samsung SSD 970 EVO Plus 2TB,[none] mq-deadline kyber bfq,249458376704,4096,1024,payload[i]=(i*131+17)&0xff,4.86474609375,accepted,,256,512,0,176,bytes,495616,450560,33701888,176,0,0,512,0,0,6199531,6259036,33960,42120,53360,4.860,4.860
e000243,exploratory,pwritev_full_8m,candidate,1,3,ABBA,pwritev_full_8m,process,24,10,256,4,new_name,synthetic_sweep,1,54215100a825da9eb7cfbd8f045e54ef05fb29bd,false,1b36f48efea63210dfeeee7270dea968ab5ba58da27f90aa42845eb8a64a6649,12b1dafe765a77d1a17115b0ae12cff973f20ed7d6d770fbd790695fe081288e,0e4833553be7825885da5ea99bceab292cc8abee6414d58b31864afe8ca9f944,c89b17de3d4d36a4e106517b0737619bd65f0e2877d95adbf2f297762f71fb7b,6e938dfcd266a2b0eac811d7ea7eabbd5b217965f88efa81371465134dbcab11,2026-07-15T18:44:55.800806+00:00,8o8-arch,7.0.12-arch1-1,AMD Ryzen 9 3900X 12-Core Processor,"logical=24,cores=12,sockets=1,nodes=1",performance,rustc 1.97.0 (2d8144b78 2026-07-07),22.1.6,cargo 1.97.0 (c980f4866 2026-06-30),"release,lto=thin,debug=true",/home/bob/.cache/mess-bench,/dev/nvme0n1p3,ext4,/home,Samsung SSD 970 EVO Plus 2TB,[none] mq-deadline kyber bfq,249458368512,4096,1024,payload[i]=(i*131+17)&0xff,4.86474609375,accepted,,256,512,0,176,bytes,495616,450560,33701888,176,0,0,512,0,0,6360592,6412545,35120,41390,48280,4.860,4.860
e000244,exploratory,pwritev_full_8m,baseline,1,4,ABBA,k_pwrite,process,24,10,256,4,new_name,synthetic_sweep,1,54215100a825da9eb7cfbd8f045e54ef05fb29bd,false,1b36f48efea63210dfeeee7270dea968ab5ba58da27f90aa42845eb8a64a6649,12b1dafe765a77d1a17115b0ae12cff973f20ed7d6d770fbd790695fe081288e,0e4833553be7825885da5ea99bceab292cc8abee6414d58b31864afe8ca9f944,c89b17de3d4d36a4e106517b0737619bd65f0e2877d95adbf2f297762f71fb7b,6e938dfcd266a2b0eac811d7ea7eabbd5b217965f88efa81371465134dbcab11,2026-07-15T18:44:56.830985+00:00,8o8-arch,7.0.12-arch1-1,AMD Ryzen 9 3900X 12-Core Processor,"logical=24,cores=12,sockets=1,nodes=1",performance,rustc 1.97.0 (2d8144b78 2026-07-07),22.1.6,cargo 1.97.0 (c980f4866 2026-06-30),"release,lto=thin,debug=true",/home/bob/.cache/mess-bench,/dev/nvme0n1p3,ext4,/home,Samsung SSD 970 EVO Plus 2TB,[none] mq-deadline kyber bfq,249458368512,4096,1024,payload[i]=(i*131+17)&0xff,4.8759765625,accepted,,256,512,0,176,bytes,495616,450560,33701888,90112,0,0,0,0,0,71936208,72520987,396890,417060,916299,4.880,4.880
e000245,exploratory,pwritev_256_8m,candidate,1,1,BAAB,pwritev_256_8m,process,24,10,256,4,new_name,synthetic_sweep,1,54215100a825da9eb7cfbd8f045e54ef05fb29bd,false,1b36f48efea63210dfeeee7270dea968ab5ba58da27f90aa42845eb8a64a6649,12b1dafe765a77d1a17115b0ae12cff973f20ed7d6d770fbd790695fe081288e,0e4833553be7825885da5ea99bceab292cc8abee6414d58b31864afe8ca9f944,c89b17de3d4d36a4e106517b0737619bd65f0e2877d95adbf2f297762f71fb7b,6e938dfcd266a2b0eac811d7ea7eabbd5b217965f88efa81371465134dbcab11,2026-07-15T18:44:57.861159+00:00,8o8-arch,7.0.12-arch1-1,AMD Ryzen 9 3900X 12-Core Processor,"logical=24,cores=12,sockets=1,nodes=1",performance,rustc 1.97.0 (2d8144b78 2026-07-07),22.1.6,cargo 1.97.0 (c980f4866 2026-06-30),"release,lto=thin,debug=true",/home/bob/.cache/mess-bench,/dev/nvme0n1p3,ext4,/home,Samsung SSD 970 EVO Plus 2TB,[none] mq-deadline kyber bfq,249458368512,4096,1024,payload[i]=(i*131+17)&0xff,4.8759765625,accepted,,256,512,0,176,bytes,495616,450560,33701888,352,0,0,256,0,0,6525041,6585955,36050,42640,49740,4.880,4.880
e000246,exploratory,pwritev_256_8m,baseline,1,2,BAAB,k_pwrite,process,24,10,256,4,new_name,synthetic_sweep,1,54215100a825da9eb7cfbd8f045e54ef05fb29bd,false,1b36f48efea63210dfeeee7270dea968ab5ba58da27f90aa42845eb8a64a6649,12b1dafe765a77d1a17115b0ae12cff973f20ed7d6d770fbd790695fe081288e,0e4833553be7825885da5ea99bceab292cc8abee6414d58b31864afe8ca9f944,c89b17de3d4d36a4e106517b0737619bd65f0e2877d95adbf2f297762f71fb7b,6e938dfcd266a2b0eac811d7ea7eabbd5b217965f88efa81371465134dbcab11,2026-07-15T18:44:58.893117+00:00,8o8-arch,7.0.12-arch1-1,AMD Ryzen 9 3900X 12-Core Processor,"logical=24,cores=12,sockets=1,nodes=1",performance,rustc 1.97.0 (2d8144b78 2026-07-07),22.1.6,cargo 1.97.0 (c980f4866 2026-06-30),"release,lto=thin,debug=true",/home/bob/.cache/mess-bench,/dev/nvme0n1p3,ext4,/home,Samsung SSD 970 EVO Plus 2TB,[none] mq-deadline kyber bfq,249458360320,4096,1024,payload[i]=(i*131+17)&0xff,4.8759765625,accepted,,256,512,0,176,bytes,495616,450560,33701888,90112,0,0,0,0,0,74751449,75850534,398200,480100,861909,4.880,4.880
e000247,exploratory,pwritev_256_8m,baseline,1,3,BAAB,k_pwrite,process,24,10,256,4,new_name,synthetic_sweep,1,54215100a825da9eb7cfbd8f045e54ef05fb29bd,false,1b36f48efea63210dfeeee7270dea968ab5ba58da27f90aa42845eb8a64a6649,12b1dafe765a77d1a17115b0ae12cff973f20ed7d6d770fbd790695fe081288e,0e4833553be7825885da5ea99bceab292cc8abee6414d58b31864afe8ca9f944,c89b17de3d4d36a4e106517b0737619bd65f0e2877d95adbf2f297762f71fb7b,6e938dfcd266a2b0eac811d7ea7eabbd5b217965f88efa81371465134dbcab11,2026-07-15T18:44:59.922576+00:00,8o8-arch,7.0.12-arch1-1,AMD Ryzen 9 3900X 12-Core Processor,"logical=24,cores=12,sockets=1,nodes=1",performance,rustc 1.97.0 (2d8144b78 2026-07-07),22.1.6,cargo 1.97.0 (c980f4866 2026-06-30),"release,lto=thin,debug=true",/home/bob/.cache/mess-bench,/dev/nvme0n1p3,ext4,/home,Samsung SSD 970 EVO Plus 2TB,[none] mq-deadline kyber bfq,249458356224,4096,1024,payload[i]=(i*131+17)&0xff,4.8759765625,accepted,,256,512,0,176,bytes,495616,450560,33701888,90112,0,0,0,0,0,70629247,71153377,395410,438020,628390,4.880,4.880
e000248,exploratory,pwritev_256_8m,candidate,1,4,BAAB,pwritev_256_8m,process,24,10,256,4,new_name,synthetic_sweep,1,54215100a825da9eb7cfbd8f045e54ef05fb29bd,false,1b36f48efea63210dfeeee7270dea968ab5ba58da27f90aa42845eb8a64a6649,12b1dafe765a77d1a17115b0ae12cff973f20ed7d6d770fbd790695fe081288e,0e4833553be7825885da5ea99bceab292cc8abee6414d58b31864afe8ca9f944,c89b17de3d4d36a4e106517b0737619bd65f0e2877d95adbf2f297762f71fb7b,6e938dfcd266a2b0eac811d7ea7eabbd5b217965f88efa81371465134dbcab11,2026-07-15T18:45:00.944326+00:00,8o8-arch,7.0.12-arch1-1,AMD Ryzen 9 3900X 12-Core Processor,"logical=24,cores=12,sockets=1,nodes=1",performance,rustc 1.97.0 (2d8144b78 2026-07-07),22.1.6,cargo 1.97.0 (c980f4866 2026-06-30),"release,lto=thin,debug=true",/home/bob/.cache/mess-bench,/dev/nvme0n1p3,ext4,/home,Samsung SSD 970 EVO Plus 2TB,[none] mq-deadline kyber bfq,249458348032,4096,1024,payload[i]=(i*131+17)&0xff,4.8056640625,accepted,,256,512,0,176,bytes,495616,450560,33701888,352,0,0,256,0,0,6576942,6615425,36630,43260,47300,4.810,4.810
e000249,exploratory,pwritev_64_8m,baseline,1,1,ABBA,k_pwrite,process,24,10,256,4,new_name,synthetic_sweep,1,54215100a825da9eb7cfbd8f045e54ef05fb29bd,false,1b36f48efea63210dfeeee7270dea968ab5ba58da27f90aa42845eb8a64a6649,12b1dafe765a77d1a17115b0ae12cff973f20ed7d6d770fbd790695fe081288e,0e4833553be7825885da5ea99bceab292cc8abee6414d58b31864afe8ca9f944,c89b17de3d4d36a4e106517b0737619bd65f0e2877d95adbf2f297762f71fb7b,6e938dfcd266a2b0eac811d7ea7eabbd5b217965f88efa81371465134dbcab11,2026-07-15T18:45:01.975668+00:00,8o8-arch,7.0.12-arch1-1,AMD Ryzen 9 3900X 12-Core Processor,"logical=24,cores=12,sockets=1,nodes=1",performance,rustc 1.97.0 (2d8144b78 2026-07-07),22.1.6,cargo 1.97.0 (c980f4866 2026-06-30),"release,lto=thin,debug=true",/home/bob/.cache/mess-bench,/dev/nvme0n1p3,ext4,/home,Samsung SSD 970 EVO Plus 2TB,[none] mq-deadline kyber bfq,249458348032,4096,1024,payload[i]=(i*131+17)&0xff,4.8056640625,accepted,,256,512,0,176,bytes,495616,450560,33701888,90112,0,0,0,0,0,77306129,78764832,396799,467430,1998989,4.810,4.810
e000250,exploratory,pwritev_64_8m,candidate,1,2,ABBA,pwritev_64_8m,process,24,10,256,4,new_name,synthetic_sweep,1,54215100a825da9eb7cfbd8f045e54ef05fb29bd,false,1b36f48efea63210dfeeee7270dea968ab5ba58da27f90aa42845eb8a64a6649,12b1dafe765a77d1a17115b0ae12cff973f20ed7d6d770fbd790695fe081288e,0e4833553be7825885da5ea99bceab292cc8abee6414d58b31864afe8ca9f944,c89b17de3d4d36a4e106517b0737619bd65f0e2877d95adbf2f297762f71fb7b,6e938dfcd266a2b0eac811d7ea7eabbd5b217965f88efa81371465134dbcab11,2026-07-15T18:45:03.000110+00:00,8o8-arch,7.0.12-arch1-1,AMD Ryzen 9 3900X 12-Core Processor,"logical=24,cores=12,sockets=1,nodes=1",performance,rustc 1.97.0 (2d8144b78 2026-07-07),22.1.6,cargo 1.97.0 (c980f4866 2026-06-30),"release,lto=thin,debug=true",/home/bob/.cache/mess-bench,/dev/nvme0n1p3,ext4,/home,Samsung SSD 970 EVO Plus 2TB,[none] mq-deadline kyber bfq,249458348032,4096,1024,payload[i]=(i*131+17)&0xff,4.8056640625,accepted,,256,512,0,176,bytes,495616,450560,33701888,1408,0,0,64,0,0,8490102,8578134,47270,57280,64580,4.810,4.810
e000251,exploratory,pwritev_64_8m,candidate,1,3,ABBA,pwritev_64_8m,process,24,10,256,4,new_name,synthetic_sweep,1,54215100a825da9eb7cfbd8f045e54ef05fb29bd,false,1b36f48efea63210dfeeee7270dea968ab5ba58da27f90aa42845eb8a64a6649,12b1dafe765a77d1a17115b0ae12cff973f20ed7d6d770fbd790695fe081288e,0e4833553be7825885da5ea99bceab292cc8abee6414d58b31864afe8ca9f944,c89b17de3d4d36a4e106517b0737619bd65f0e2877d95adbf2f297762f71fb7b,6e938dfcd266a2b0eac811d7ea7eabbd5b217965f88efa81371465134dbcab11,2026-07-15T18:45:04.029864+00:00,8o8-arch,7.0.12-arch1-1,AMD Ryzen 9 3900X 12-Core Processor,"logical=24,cores=12,sockets=1,nodes=1",performance,rustc 1.97.0 (2d8144b78 2026-07-07),22.1.6,cargo 1.97.0 (c980f4866 2026-06-30),"release,lto=thin,debug=true",/home/bob/.cache/mess-bench,/dev/nvme0n1p3,ext4,/home,Samsung SSD 970 EVO Plus 2TB,[none] mq-deadline kyber bfq,249458339840,4096,1024,payload[i]=(i*131+17)&0xff,4.8056640625,accepted,,256,512,0,176,bytes,495616,450560,33701888,1408,0,0,64,0,0,8545312,8604233,47650,55250,60790,4.810,4.810
e000252,exploratory,pwritev_64_8m,baseline,1,4,ABBA,k_pwrite,process,24,10,256,4,new_name,synthetic_sweep,1,54215100a825da9eb7cfbd8f045e54ef05fb29bd,false,1b36f48efea63210dfeeee7270dea968ab5ba58da27f90aa42845eb8a64a6649,12b1dafe765a77d1a17115b0ae12cff973f20ed7d6d770fbd790695fe081288e,0e4833553be7825885da5ea99bceab292cc8abee6414d58b31864afe8ca9f944,c89b17de3d4d36a4e106517b0737619bd65f0e2877d95adbf2f297762f71fb7b,6e938dfcd266a2b0eac811d7ea7eabbd5b217965f88efa81371465134dbcab11,2026-07-15T18:45:05.058543+00:00,8o8-arch,7.0.12-arch1-1,AMD Ryzen 9 3900X 12-Core Processor,"logical=24,cores=12,sockets=1,nodes=1",performance,rustc 1.97.0 (2d8144b78 2026-07-07),22.1.6,cargo 1.97.0 (c980f4866 2026-06-30),"release,lto=thin,debug=true",/home/bob/.cache/mess-bench,/dev/nvme0n1p3,ext4,/home,Samsung SSD 970 EVO Plus 2TB,[none] mq-deadline kyber bfq,249458339840,4096,1024,payload[i]=(i*131+17)&0xff,4.8056640625,accepted,,256,512,0,176,bytes,495616,450560,33701888,90112,0,0,0,0,0,73135618,73706085,397649,494480,774910,4.810,4.810
e000253,exploratory,copy_contiguous,candidate,1,1,BAAB,copy_contiguous,process,24,10,256,4,new_name,synthetic_sweep,1,54215100a825da9eb7cfbd8f045e54ef05fb29bd,false,1b36f48efea63210dfeeee7270dea968ab5ba58da27f90aa42845eb8a64a6649,12b1dafe765a77d1a17115b0ae12cff973f20ed7d6d770fbd790695fe081288e,0e4833553be7825885da5ea99bceab292cc8abee6414d58b31864afe8ca9f944,c89b17de3d4d36a4e106517b0737619bd65f0e2877d95adbf2f297762f71fb7b,6e938dfcd266a2b0eac811d7ea7eabbd5b217965f88efa81371465134dbcab11,2026-07-15T18:45:06.087190+00:00,8o8-arch,7.0.12-arch1-1,AMD Ryzen 9 3900X 12-Core Processor,"logical=24,cores=12,sockets=1,nodes=1",performance,rustc 1.97.0 (2d8144b78 2026-07-07),22.1.6,cargo 1.97.0 (c980f4866 2026-06-30),"release,lto=thin,debug=true",/home/bob/.cache/mess-bench,/dev/nvme0n1p3,ext4,/home,Samsung SSD 970 EVO Plus 2TB,[none] mq-deadline kyber bfq,249458302976,4096,1024,payload[i]=(i*131+17)&0xff,4.66064453125,accepted,,256,512,0,176,bytes,495616,450560,33701888,176,0,0,0,33701888,0,5348041,5383836,29690,35560,40240,4.660,4.660
e000254,exploratory,copy_contiguous,baseline,1,2,BAAB,k_pwrite,process,24,10,256,4,new_name,synthetic_sweep,1,54215100a825da9eb7cfbd8f045e54ef05fb29bd,false,1b36f48efea63210dfeeee7270dea968ab5ba58da27f90aa42845eb8a64a6649,12b1dafe765a77d1a17115b0ae12cff973f20ed7d6d770fbd790695fe081288e,0e4833553be7825885da5ea99bceab292cc8abee6414d58b31864afe8ca9f944,c89b17de3d4d36a4e106517b0737619bd65f0e2877d95adbf2f297762f71fb7b,6e938dfcd266a2b0eac811d7ea7eabbd5b217965f88efa81371465134dbcab11,2026-07-15T18:45:07.115712+00:00,8o8-arch,7.0.12-arch1-1,AMD Ryzen 9 3900X 12-Core Processor,"logical=24,cores=12,sockets=1,nodes=1",performance,rustc 1.97.0 (2d8144b78 2026-07-07),22.1.6,cargo 1.97.0 (c980f4866 2026-06-30),"release,lto=thin,debug=true",/home/bob/.cache/mess-bench,/dev/nvme0n1p3,ext4,/home,Samsung SSD 970 EVO Plus 2TB,[none] mq-deadline kyber bfq,249458335744,4096,1024,payload[i]=(i*131+17)&0xff,4.66064453125,accepted,,256,512,0,176,bytes,495616,450560,33701888,90112,0,0,0,0,0,72977208,73503835,399090,445429,844299,4.660,4.660
e000255,exploratory,copy_contiguous,baseline,1,3,BAAB,k_pwrite,process,24,10,256,4,new_name,synthetic_sweep,1,54215100a825da9eb7cfbd8f045e54ef05fb29bd,false,1b36f48efea63210dfeeee7270dea968ab5ba58da27f90aa42845eb8a64a6649,12b1dafe765a77d1a17115b0ae12cff973f20ed7d6d770fbd790695fe081288e,0e4833553be7825885da5ea99bceab292cc8abee6414d58b31864afe8ca9f944,c89b17de3d4d36a4e106517b0737619bd65f0e2877d95adbf2f297762f71fb7b,6e938dfcd266a2b0eac811d7ea7eabbd5b217965f88efa81371465134dbcab11,2026-07-15T18:45:08.144272+00:00,8o8-arch,7.0.12-arch1-1,AMD Ryzen 9 3900X 12-Core Processor,"logical=24,cores=12,sockets=1,nodes=1",performance,rustc 1.97.0 (2d8144b78 2026-07-07),22.1.6,cargo 1.97.0 (c980f4866 2026-06-30),"release,lto=thin,debug=true",/home/bob/.cache/mess-bench,/dev/nvme0n1p3,ext4,/home,Samsung SSD 970 EVO Plus 2TB,[none] mq-deadline kyber bfq,249458331648,4096,1024,payload[i]=(i*131+17)&0xff,4.66064453125,accepted,,256,512,0,176,bytes,495616,450560,33701888,90112,0,0,0,0,0,71068378,71616807,398480,423320,640859,4.660,4.660
e000256,exploratory,copy_contiguous,candidate,1,4,BAAB,copy_contiguous,process,24,10,256,4,new_name,synthetic_sweep,1,54215100a825da9eb7cfbd8f045e54ef05fb29bd,false,1b36f48efea63210dfeeee7270dea968ab5ba58da27f90aa42845eb8a64a6649,12b1dafe765a77d1a17115b0ae12cff973f20ed7d6d770fbd790695fe081288e,0e4833553be7825885da5ea99bceab292cc8abee6414d58b31864afe8ca9f944,c89b17de3d4d36a4e106517b0737619bd65f0e2877d95adbf2f297762f71fb7b,6e938dfcd266a2b0eac811d7ea7eabbd5b217965f88efa81371465134dbcab11,2026-07-15T18:45:09.167741+00:00,8o8-arch,7.0.12-arch1-1,AMD Ryzen 9 3900X 12-Core Processor,"logical=24,cores=12,sockets=1,nodes=1",performance,rustc 1.97.0 (2d8144b78 2026-07-07),22.1.6,cargo 1.97.0 (c980f4866 2026-06-30),"release,lto=thin,debug=true",/home/bob/.cache/mess-bench,/dev/nvme0n1p3,ext4,/home,Samsung SSD 970 EVO Plus 2TB,[none] mq-deadline kyber bfq,249458323456,4096,1024,payload[i]=(i*131+17)&0xff,4.66064453125,accepted,,256,512,0,176,bytes,495616,450560,33701888,176,0,0,0,33701888,0,5631392,5706046,33050,38970,46830,4.660,4.660
e000257,exploratory,pwritev_full_8m,baseline,1,1,ABBA,k_pwrite,process,24,10,1024,4,domain,synthetic_sweep,1,54215100a825da9eb7cfbd8f045e54ef05fb29bd,false,1b36f48efea63210dfeeee7270dea968ab5ba58da27f90aa42845eb8a64a6649,12b1dafe765a77d1a17115b0ae12cff973f20ed7d6d770fbd790695fe081288e,0e4833553be7825885da5ea99bceab292cc8abee6414d58b31864afe8ca9f944,c89b17de3d4d36a4e106517b0737619bd65f0e2877d95adbf2f297762f71fb7b,6e938dfcd266a2b0eac811d7ea7eabbd5b217965f88efa81371465134dbcab11,2026-07-15T18:45:10.190780+00:00,8o8-arch,7.0.12-arch1-1,AMD Ryzen 9 3900X 12-Core Processor,"logical=24,cores=12,sockets=1,nodes=1",performance,rustc 1.97.0 (2d8144b78 2026-07-07),22.1.6,cargo 1.97.0 (c980f4866 2026-06-30),"release,lto=thin,debug=true",/home/bob/.cache/mess-bench,/dev/nvme0n1p3,ext4,/home,Samsung SSD 970 EVO Plus 2TB,[none] mq-deadline kyber bfq,249458319360,4096,1024,payload[i]=(i*131+17)&0xff,4.66064453125,accepted,,1024,1024,0,54,bytes,552960,552960,33619968,55296,0,0,0,0,0,47199572,48890174,842259,879430,907989,4.660,4.660
e000258,exploratory,pwritev_full_8m,candidate,1,2,ABBA,pwritev_full_8m,process,24,10,1024,4,domain,synthetic_sweep,1,54215100a825da9eb7cfbd8f045e54ef05fb29bd,false,1b36f48efea63210dfeeee7270dea968ab5ba58da27f90aa42845eb8a64a6649,12b1dafe765a77d1a17115b0ae12cff973f20ed7d6d770fbd790695fe081288e,0e4833553be7825885da5ea99bceab292cc8abee6414d58b31864afe8ca9f944,c89b17de3d4d36a4e106517b0737619bd65f0e2877d95adbf2f297762f71fb7b,6e938dfcd266a2b0eac811d7ea7eabbd5b217965f88efa81371465134dbcab11,2026-07-15T18:45:11.219612+00:00,8o8-arch,7.0.12-arch1-1,AMD Ryzen 9 3900X 12-Core Processor,"logical=24,cores=12,sockets=1,nodes=1",performance,rustc 1.97.0 (2d8144b78 2026-07-07),22.1.6,cargo 1.97.0 (c980f4866 2026-06-30),"release,lto=thin,debug=true",/home/bob/.cache/mess-bench,/dev/nvme0n1p3,ext4,/home,Samsung SSD 970 EVO Plus 2TB,[none] mq-deadline kyber bfq,249458319360,4096,1024,payload[i]=(i*131+17)&0xff,4.68798828125,accepted,,1024,1024,0,54,bytes,552960,552960,33619968,54,0,0,1024,0,0,5740601,5772936,102180,131200,146670,4.690,4.690
e000259,exploratory,pwritev_full_8m,candidate,1,3,ABBA,pwritev_full_8m,process,24,10,1024,4,domain,synthetic_sweep,1,54215100a825da9eb7cfbd8f045e54ef05fb29bd,false,1b36f48efea63210dfeeee7270dea968ab5ba58da27f90aa42845eb8a64a6649,12b1dafe765a77d1a17115b0ae12cff973f20ed7d6d770fbd790695fe081288e,0e4833553be7825885da5ea99bceab292cc8abee6414d58b31864afe8ca9f944,c89b17de3d4d36a4e106517b0737619bd65f0e2877d95adbf2f297762f71fb7b,6e938dfcd266a2b0eac811d7ea7eabbd5b217965f88efa81371465134dbcab11,2026-07-15T18:45:12.247627+00:00,8o8-arch,7.0.12-arch1-1,AMD Ryzen 9 3900X 12-Core Processor,"logical=24,cores=12,sockets=1,nodes=1",performance,rustc 1.97.0 (2d8144b78 2026-07-07),22.1.6,cargo 1.97.0 (c980f4866 2026-06-30),"release,lto=thin,debug=true",/home/bob/.cache/mess-bench,/dev/nvme0n1p3,ext4,/home,Samsung SSD 970 EVO Plus 2TB,[none] mq-deadline kyber bfq,249458311168,4096,1024,payload[i]=(i*131+17)&0xff,4.68798828125,accepted,,1024,1024,0,54,bytes,552960,552960,33619968,54,0,0,1024,0,0,6397611,6789715,103060,124450,130490,4.690,4.690
e000260,exploratory,pwritev_full_8m,baseline,1,4,ABBA,k_pwrite,process,24,10,1024,4,domain,synthetic_sweep,1,54215100a825da9eb7cfbd8f045e54ef05fb29bd,false,1b36f48efea63210dfeeee7270dea968ab5ba58da27f90aa42845eb8a64a6649,12b1dafe765a77d1a17115b0ae12cff973f20ed7d6d770fbd790695fe081288e,0e4833553be7825885da5ea99bceab292cc8abee6414d58b31864afe8ca9f944,c89b17de3d4d36a4e106517b0737619bd65f0e2877d95adbf2f297762f71fb7b,6e938dfcd266a2b0eac811d7ea7eabbd5b217965f88efa81371465134dbcab11,2026-07-15T18:45:13.277599+00:00,8o8-arch,7.0.12-arch1-1,AMD Ryzen 9 3900X 12-Core Processor,"logical=24,cores=12,sockets=1,nodes=1",performance,rustc 1.97.0 (2d8144b78 2026-07-07),22.1.6,cargo 1.97.0 (c980f4866 2026-06-30),"release,lto=thin,debug=true",/home/bob/.cache/mess-bench,/dev/nvme0n1p3,ext4,/home,Samsung SSD 970 EVO Plus 2TB,[none] mq-deadline kyber bfq,249458311168,4096,1024,payload[i]=(i*131+17)&0xff,4.68798828125,accepted,,1024,1024,0,54,bytes,552960,552960,33619968,55296,0,0,0,0,0,51656763,51944192,832460,874499,3776157,4.690,4.690
e000261,exploratory,pwritev_256_8m,candidate,1,1,BAAB,pwritev_256_8m,process,24,10,1024,4,domain,synthetic_sweep,1,54215100a825da9eb7cfbd8f045e54ef05fb29bd,false,1b36f48efea63210dfeeee7270dea968ab5ba58da27f90aa42845eb8a64a6649,12b1dafe765a77d1a17115b0ae12cff973f20ed7d6d770fbd790695fe081288e,0e4833553be7825885da5ea99bceab292cc8abee6414d58b31864afe8ca9f944,c89b17de3d4d36a4e106517b0737619bd65f0e2877d95adbf2f297762f71fb7b,6e938dfcd266a2b0eac811d7ea7eabbd5b217965f88efa81371465134dbcab11,2026-07-15T18:45:14.308864+00:00,8o8-arch,7.0.12-arch1-1,AMD Ryzen 9 3900X 12-Core Processor,"logical=24,cores=12,sockets=1,nodes=1",performance,rustc 1.97.0 (2d8144b78 2026-07-07),22.1.6,cargo 1.97.0 (c980f4866 2026-06-30),"release,lto=thin,debug=true",/home/bob/.cache/mess-bench,/dev/nvme0n1p3,ext4,/home,Samsung SSD 970 EVO Plus 2TB,[none] mq-deadline kyber bfq,249458307072,4096,1024,payload[i]=(i*131+17)&0xff,4.68798828125,accepted,,1024,1024,0,54,bytes,552960,552960,33619968,216,0,0,256,0,0,5944002,5995116,110800,118950,123420,4.690,4.690
e000262,exploratory,pwritev_256_8m,baseline,1,2,BAAB,k_pwrite,process,24,10,1024,4,domain,synthetic_sweep,1,54215100a825da9eb7cfbd8f045e54ef05fb29bd,false,1b36f48efea63210dfeeee7270dea968ab5ba58da27f90aa42845eb8a64a6649,12b1dafe765a77d1a17115b0ae12cff973f20ed7d6d770fbd790695fe081288e,0e4833553be7825885da5ea99bceab292cc8abee6414d58b31864afe8ca9f944,c89b17de3d4d36a4e106517b0737619bd65f0e2877d95adbf2f297762f71fb7b,6e938dfcd266a2b0eac811d7ea7eabbd5b217965f88efa81371465134dbcab11,2026-07-15T18:45:15.339929+00:00,8o8-arch,7.0.12-arch1-1,AMD Ryzen 9 3900X 12-Core Processor,"logical=24,cores=12,sockets=1,nodes=1",performance,rustc 1.97.0 (2d8144b78 2026-07-07),22.1.6,cargo 1.97.0 (c980f4866 2026-06-30),"release,lto=thin,debug=true",/home/bob/.cache/mess-bench,/dev/nvme0n1p3,ext4,/home,Samsung SSD 970 EVO Plus 2TB,[none] mq-deadline kyber bfq,249458278400,4096,1024,payload[i]=(i*131+17)&0xff,4.68798828125,accepted,,1024,1024,0,54,bytes,552960,552960,33619968,55296,0,0,0,0,0,48101762,48459574,847439,948389,1606019,4.690,4.690
e000263,exploratory,pwritev_256_8m,baseline,1,3,BAAB,k_pwrite,process,24,10,1024,4,domain,synthetic_sweep,1,54215100a825da9eb7cfbd8f045e54ef05fb29bd,false,1b36f48efea63210dfeeee7270dea968ab5ba58da27f90aa42845eb8a64a6649,12b1dafe765a77d1a17115b0ae12cff973f20ed7d6d770fbd790695fe081288e,0e4833553be7825885da5ea99bceab292cc8abee6414d58b31864afe8ca9f944,c89b17de3d4d36a4e106517b0737619bd65f0e2877d95adbf2f297762f71fb7b,6e938dfcd266a2b0eac811d7ea7eabbd5b217965f88efa81371465134dbcab11,2026-07-15T18:45:16.369160+00:00,8o8-arch,7.0.12-arch1-1,AMD Ryzen 9 3900X 12-Core Processor,"logical=24,cores=12,sockets=1,nodes=1",performance,rustc 1.97.0 (2d8144b78 2026-07-07),22.1.6,cargo 1.97.0 (c980f4866 2026-06-30),"release,lto=thin,debug=true",/home/bob/.cache/mess-bench,/dev/nvme0n1p3,ext4,/home,Samsung SSD 970 EVO Plus 2TB,[none] mq-deadline kyber bfq,249458307072,4096,1024,payload[i]=(i*131+17)&0xff,4.79345703125,accepted,,1024,1024,0,54,bytes,552960,552960,33619968,55296,0,0,0,0,0,46558200,47597135,838559,884359,912669,4.790,4.790
e000264,exploratory,pwritev_256_8m,candidate,1,4,BAAB,pwritev_256_8m,process,24,10,1024,4,domain,synthetic_sweep,1,54215100a825da9eb7cfbd8f045e54ef05fb29bd,false,1b36f48efea63210dfeeee7270dea968ab5ba58da27f90aa42845eb8a64a6649,12b1dafe765a77d1a17115b0ae12cff973f20ed7d6d770fbd790695fe081288e,0e4833553be7825885da5ea99bceab292cc8abee6414d58b31864afe8ca9f944,c89b17de3d4d36a4e106517b0737619bd65f0e2877d95adbf2f297762f71fb7b,6e938dfcd266a2b0eac811d7ea7eabbd5b217965f88efa81371465134dbcab11,2026-07-15T18:45:17.399635+00:00,8o8-arch,7.0.12-arch1-1,AMD Ryzen 9 3900X 12-Core Processor,"logical=24,cores=12,sockets=1,nodes=1",performance,rustc 1.97.0 (2d8144b78 2026-07-07),22.1.6,cargo 1.97.0 (c980f4866 2026-06-30),"release,lto=thin,debug=true",/home/bob/.cache/mess-bench,/dev/nvme0n1p3,ext4,/home,Samsung SSD 970 EVO Plus 2TB,[none] mq-deadline kyber bfq,249458307072,4096,1024,payload[i]=(i*131+17)&0xff,4.79345703125,accepted,,1024,1024,0,54,bytes,552960,552960,33619968,216,0,0,256,0,0,5906581,5946756,108680,119420,122169,4.790,4.790
e000265,exploratory,pwritev_64_8m,baseline,1,1,ABBA,k_pwrite,process,24,10,1024,4,domain,synthetic_sweep,1,54215100a825da9eb7cfbd8f045e54ef05fb29bd,false,1b36f48efea63210dfeeee7270dea968ab5ba58da27f90aa42845eb8a64a6649,12b1dafe765a77d1a17115b0ae12cff973f20ed7d6d770fbd790695fe081288e,0e4833553be7825885da5ea99bceab292cc8abee6414d58b31864afe8ca9f944,c89b17de3d4d36a4e106517b0737619bd65f0e2877d95adbf2f297762f71fb7b,6e938dfcd266a2b0eac811d7ea7eabbd5b217965f88efa81371465134dbcab11,2026-07-15T18:45:18.430730+00:00,8o8-arch,7.0.12-arch1-1,AMD Ryzen 9 3900X 12-Core Processor,"logical=24,cores=12,sockets=1,nodes=1",performance,rustc 1.97.0 (2d8144b78 2026-07-07),22.1.6,cargo 1.97.0 (c980f4866 2026-06-30),"release,lto=thin,debug=true",/home/bob/.cache/mess-bench,/dev/nvme0n1p3,ext4,/home,Samsung SSD 970 EVO Plus 2TB,[none] mq-deadline kyber bfq,249458302976,4096,1024,payload[i]=(i*131+17)&0xff,4.79345703125,accepted,,1024,1024,0,54,bytes,552960,552960,33619968,55296,0,0,0,0,0,48729352,49179014,849409,896379,1027969,4.790,4.790
e000266,exploratory,pwritev_64_8m,candidate,1,2,ABBA,pwritev_64_8m,process,24,10,1024,4,domain,synthetic_sweep,1,54215100a825da9eb7cfbd8f045e54ef05fb29bd,false,1b36f48efea63210dfeeee7270dea968ab5ba58da27f90aa42845eb8a64a6649,12b1dafe765a77d1a17115b0ae12cff973f20ed7d6d770fbd790695fe081288e,0e4833553be7825885da5ea99bceab292cc8abee6414d58b31864afe8ca9f944,c89b17de3d4d36a4e106517b0737619bd65f0e2877d95adbf2f297762f71fb7b,6e938dfcd266a2b0eac811d7ea7eabbd5b217965f88efa81371465134dbcab11,2026-07-15T18:45:19.459096+00:00,8o8-arch,7.0.12-arch1-1,AMD Ryzen 9 3900X 12-Core Processor,"logical=24,cores=12,sockets=1,nodes=1",performance,rustc 1.97.0 (2d8144b78 2026-07-07),22.1.6,cargo 1.97.0 (c980f4866 2026-06-30),"release,lto=thin,debug=true",/home/bob/.cache/mess-bench,/dev/nvme0n1p3,ext4,/home,Samsung SSD 970 EVO Plus 2TB,[none] mq-deadline kyber bfq,249458298880,4096,1024,payload[i]=(i*131+17)&0xff,4.79345703125,accepted,,1024,1024,0,54,bytes,552960,552960,33619968,864,0,0,64,0,0,7947652,8029384,150350,167580,170770,4.790,4.790
e000267,exploratory,pwritev_64_8m,candidate,1,3,ABBA,pwritev_64_8m,process,24,10,1024,4,domain,synthetic_sweep,1,54215100a825da9eb7cfbd8f045e54ef05fb29bd,false,1b36f48efea63210dfeeee7270dea968ab5ba58da27f90aa42845eb8a64a6649,12b1dafe765a77d1a17115b0ae12cff973f20ed7d6d770fbd790695fe081288e,0e4833553be7825885da5ea99bceab292cc8abee6414d58b31864afe8ca9f944,c89b17de3d4d36a4e106517b0737619bd65f0e2877d95adbf2f297762f71fb7b,6e938dfcd266a2b0eac811d7ea7eabbd5b217965f88efa81371465134dbcab11,2026-07-15T18:45:20.487798+00:00,8o8-arch,7.0.12-arch1-1,AMD Ryzen 9 3900X 12-Core Processor,"logical=24,cores=12,sockets=1,nodes=1",performance,rustc 1.97.0 (2d8144b78 2026-07-07),22.1.6,cargo 1.97.0 (c980f4866 2026-06-30),"release,lto=thin,debug=true",/home/bob/.cache/mess-bench,/dev/nvme0n1p3,ext4,/home,Samsung SSD 970 EVO Plus 2TB,[none] mq-deadline kyber bfq,249458294784,4096,1024,payload[i]=(i*131+17)&0xff,4.79345703125,accepted,,1024,1024,0,54,bytes,552960,552960,33619968,864,0,0,64,0,0,7222682,7285205,132439,147740,150170,4.790,4.790
e000268,exploratory,pwritev_64_8m,baseline,1,4,ABBA,k_pwrite,process,24,10,1024,4,domain,synthetic_sweep,1,54215100a825da9eb7cfbd8f045e54ef05fb29bd,false,1b36f48efea63210dfeeee7270dea968ab5ba58da27f90aa42845eb8a64a6649,12b1dafe765a77d1a17115b0ae12cff973f20ed7d6d770fbd790695fe081288e,0e4833553be7825885da5ea99bceab292cc8abee6414d58b31864afe8ca9f944,c89b17de3d4d36a4e106517b0737619bd65f0e2877d95adbf2f297762f71fb7b,6e938dfcd266a2b0eac811d7ea7eabbd5b217965f88efa81371465134dbcab11,2026-07-15T18:45:21.518329+00:00,8o8-arch,7.0.12-arch1-1,AMD Ryzen 9 3900X 12-Core Processor,"logical=24,cores=12,sockets=1,nodes=1",performance,rustc 1.97.0 (2d8144b78 2026-07-07),22.1.6,cargo 1.97.0 (c980f4866 2026-06-30),"release,lto=thin,debug=true",/home/bob/.cache/mess-bench,/dev/nvme0n1p3,ext4,/home,Samsung SSD 970 EVO Plus 2TB,[none] mq-deadline kyber bfq,249458294784,4096,1024,payload[i]=(i*131+17)&0xff,5.69091796875,accepted,,1024,1024,0,54,bytes,552960,552960,33619968,55296,0,0,0,0,0,48228172,48837524,847229,1011529,1543058,5.690,5.690
e000269,exploratory,copy_contiguous,candidate,1,1,BAAB,copy_contiguous,process,24,10,1024,4,domain,synthetic_sweep,1,54215100a825da9eb7cfbd8f045e54ef05fb29bd,false,1b36f48efea63210dfeeee7270dea968ab5ba58da27f90aa42845eb8a64a6649,12b1dafe765a77d1a17115b0ae12cff973f20ed7d6d770fbd790695fe081288e,0e4833553be7825885da5ea99bceab292cc8abee6414d58b31864afe8ca9f944,c89b17de3d4d36a4e106517b0737619bd65f0e2877d95adbf2f297762f71fb7b,6e938dfcd266a2b0eac811d7ea7eabbd5b217965f88efa81371465134dbcab11,2026-07-15T18:45:22.548385+00:00,8o8-arch,7.0.12-arch1-1,AMD Ryzen 9 3900X 12-Core Processor,"logical=24,cores=12,sockets=1,nodes=1",performance,rustc 1.97.0 (2d8144b78 2026-07-07),22.1.6,cargo 1.97.0 (c980f4866 2026-06-30),"release,lto=thin,debug=true",/home/bob/.cache/mess-bench,/dev/nvme0n1p3,ext4,/home,Samsung SSD 970 EVO Plus 2TB,[none] mq-deadline kyber bfq,249458294784,4096,1024,payload[i]=(i*131+17)&0xff,5.69091796875,accepted,,1024,1024,0,54,bytes,552960,552960,33619968,54,0,0,0,33619968,0,7977492,8243074,98720,141070,1127689,5.690,5.690
e000270,exploratory,copy_contiguous,baseline,1,2,BAAB,k_pwrite,process,24,10,1024,4,domain,synthetic_sweep,1,54215100a825da9eb7cfbd8f045e54ef05fb29bd,false,1b36f48efea63210dfeeee7270dea968ab5ba58da27f90aa42845eb8a64a6649,12b1dafe765a77d1a17115b0ae12cff973f20ed7d6d770fbd790695fe081288e,0e4833553be7825885da5ea99bceab292cc8abee6414d58b31864afe8ca9f944,c89b17de3d4d36a4e106517b0737619bd65f0e2877d95adbf2f297762f71fb7b,6e938dfcd266a2b0eac811d7ea7eabbd5b217965f88efa81371465134dbcab11,2026-07-15T18:45:23.576670+00:00,8o8-arch,7.0.12-arch1-1,AMD Ryzen 9 3900X 12-Core Processor,"logical=24,cores=12,sockets=1,nodes=1",performance,rustc 1.97.0 (2d8144b78 2026-07-07),22.1.6,cargo 1.97.0 (c980f4866 2026-06-30),"release,lto=thin,debug=true",/home/bob/.cache/mess-bench,/dev/nvme0n1p3,ext4,/home,Samsung SSD 970 EVO Plus 2TB,[none] mq-deadline kyber bfq,249458290688,4096,1024,payload[i]=(i*131+17)&0xff,5.69091796875,accepted,,1024,1024,0,54,bytes,552960,552960,33619968,55296,0,0,0,0,0,47533311,47915895,844579,1004199,1509498,5.690,5.690
e000271,exploratory,copy_contiguous,baseline,1,3,BAAB,k_pwrite,process,24,10,1024,4,domain,synthetic_sweep,1,54215100a825da9eb7cfbd8f045e54ef05fb29bd,false,1b36f48efea63210dfeeee7270dea968ab5ba58da27f90aa42845eb8a64a6649,12b1dafe765a77d1a17115b0ae12cff973f20ed7d6d770fbd790695fe081288e,0e4833553be7825885da5ea99bceab292cc8abee6414d58b31864afe8ca9f944,c89b17de3d4d36a4e106517b0737619bd65f0e2877d95adbf2f297762f71fb7b,6e938dfcd266a2b0eac811d7ea7eabbd5b217965f88efa81371465134dbcab11,2026-07-15T18:45:24.607110+00:00,8o8-arch,7.0.12-arch1-1,AMD Ryzen 9 3900X 12-Core Processor,"logical=24,cores=12,sockets=1,nodes=1",performance,rustc 1.97.0 (2d8144b78 2026-07-07),22.1.6,cargo 1.97.0 (c980f4866 2026-06-30),"release,lto=thin,debug=true",/home/bob/.cache/mess-bench,/dev/nvme0n1p3,ext4,/home,Samsung SSD 970 EVO Plus 2TB,[none] mq-deadline kyber bfq,249458286592,4096,1024,payload[i]=(i*131+17)&0xff,5.69091796875,accepted,,1024,1024,0,54,bytes,552960,552960,33619968,55296,0,0,0,0,0,48553652,48942984,846090,944239,1779989,5.690,5.690
e000272,exploratory,copy_contiguous,candidate,1,4,BAAB,copy_contiguous,process,24,10,1024,4,domain,synthetic_sweep,1,54215100a825da9eb7cfbd8f045e54ef05fb29bd,false,1b36f48efea63210dfeeee7270dea968ab5ba58da27f90aa42845eb8a64a6649,12b1dafe765a77d1a17115b0ae12cff973f20ed7d6d770fbd790695fe081288e,0e4833553be7825885da5ea99bceab292cc8abee6414d58b31864afe8ca9f944,c89b17de3d4d36a4e106517b0737619bd65f0e2877d95adbf2f297762f71fb7b,6e938dfcd266a2b0eac811d7ea7eabbd5b217965f88efa81371465134dbcab11,2026-07-15T18:45:25.630802+00:00,8o8-arch,7.0.12-arch1-1,AMD Ryzen 9 3900X 12-Core Processor,"logical=24,cores=12,sockets=1,nodes=1",performance,rustc 1.97.0 (2d8144b78 2026-07-07),22.1.6,cargo 1.97.0 (c980f4866 2026-06-30),"release,lto=thin,debug=true",/home/bob/.cache/mess-bench,/dev/nvme0n1p3,ext4,/home,Samsung SSD 970 EVO Plus 2TB,[none] mq-deadline kyber bfq,249458286592,4096,1024,payload[i]=(i*131+17)&0xff,5.69091796875,accepted,,1024,1024,0,54,bytes,552960,552960,33619968,54,0,0,0,33619968,0,5218431,5276576,94690,108640,115849,5.690,5.690
e000273,exploratory,pwritev_full_8m,baseline,1,1,ABBA,k_pwrite,process,24,10,1024,4,new_name,synthetic_sweep,1,54215100a825da9eb7cfbd8f045e54ef05fb29bd,false,1b36f48efea63210dfeeee7270dea968ab5ba58da27f90aa42845eb8a64a6649,12b1dafe765a77d1a17115b0ae12cff973f20ed7d6d770fbd790695fe081288e,0e4833553be7825885da5ea99bceab292cc8abee6414d58b31864afe8ca9f944,c89b17de3d4d36a4e106517b0737619bd65f0e2877d95adbf2f297762f71fb7b,6e938dfcd266a2b0eac811d7ea7eabbd5b217965f88efa81371465134dbcab11,2026-07-15T18:45:26.660608+00:00,8o8-arch,7.0.12-arch1-1,AMD Ryzen 9 3900X 12-Core Processor,"logical=24,cores=12,sockets=1,nodes=1",performance,rustc 1.97.0 (2d8144b78 2026-07-07),22.1.6,cargo 1.97.0 (c980f4866 2026-06-30),"release,lto=thin,debug=true",/home/bob/.cache/mess-bench,/dev/nvme0n1p3,ext4,/home,Samsung SSD 970 EVO Plus 2TB,[none] mq-deadline kyber bfq,249458282496,4096,1024,payload[i]=(i*131+17)&0xff,5.23486328125,accepted,,1024,2048,0,44,bytes,495616,450560,33701888,90112,0,0,0,0,0,76458959,77054753,1598159,1936659,4912907,5.230,5.230
e000274,exploratory,pwritev_full_8m,candidate,1,2,ABBA,pwritev_full_8m,process,24,10,1024,4,new_name,synthetic_sweep,1,54215100a825da9eb7cfbd8f045e54ef05fb29bd,false,1b36f48efea63210dfeeee7270dea968ab5ba58da27f90aa42845eb8a64a6649,12b1dafe765a77d1a17115b0ae12cff973f20ed7d6d770fbd790695fe081288e,0e4833553be7825885da5ea99bceab292cc8abee6414d58b31864afe8ca9f944,c89b17de3d4d36a4e106517b0737619bd65f0e2877d95adbf2f297762f71fb7b,6e938dfcd266a2b0eac811d7ea7eabbd5b217965f88efa81371465134dbcab11,2026-07-15T18:45:27.688488+00:00,8o8-arch,7.0.12-arch1-1,AMD Ryzen 9 3900X 12-Core Processor,"logical=24,cores=12,sockets=1,nodes=1",performance,rustc 1.97.0 (2d8144b78 2026-07-07),22.1.6,cargo 1.97.0 (c980f4866 2026-06-30),"release,lto=thin,debug=true",/home/bob/.cache/mess-bench,/dev/nvme0n1p3,ext4,/home,Samsung SSD 970 EVO Plus 2TB,[none] mq-deadline kyber bfq,249458278400,4096,1024,payload[i]=(i*131+17)&0xff,5.23486328125,accepted,,1024,2048,0,44,bytes,495616,450560,33701888,88,0,0,1024,0,0,6536052,6598805,148280,162390,179210,5.230,5.230
e000275,exploratory,pwritev_full_8m,candidate,1,3,ABBA,pwritev_full_8m,process,24,10,1024,4,new_name,synthetic_sweep,1,54215100a825da9eb7cfbd8f045e54ef05fb29bd,false,1b36f48efea63210dfeeee7270dea968ab5ba58da27f90aa42845eb8a64a6649,12b1dafe765a77d1a17115b0ae12cff973f20ed7d6d770fbd790695fe081288e,0e4833553be7825885da5ea99bceab292cc8abee6414d58b31864afe8ca9f944,c89b17de3d4d36a4e106517b0737619bd65f0e2877d95adbf2f297762f71fb7b,6e938dfcd266a2b0eac811d7ea7eabbd5b217965f88efa81371465134dbcab11,2026-07-15T18:45:28.710750+00:00,8o8-arch,7.0.12-arch1-1,AMD Ryzen 9 3900X 12-Core Processor,"logical=24,cores=12,sockets=1,nodes=1",performance,rustc 1.97.0 (2d8144b78 2026-07-07),22.1.6,cargo 1.97.0 (c980f4866 2026-06-30),"release,lto=thin,debug=true",/home/bob/.cache/mess-bench,/dev/nvme0n1p3,ext4,/home,Samsung SSD 970 EVO Plus 2TB,[none] mq-deadline kyber bfq,249458270208,4096,1024,payload[i]=(i*131+17)&0xff,5.23486328125,accepted,,1024,2048,0,44,bytes,495616,450560,33701888,88,0,0,1024,0,0,8264742,8329944,148240,168450,1846349,5.230,5.230
e000276,exploratory,pwritev_full_8m,baseline,1,4,ABBA,k_pwrite,process,24,10,1024,4,new_name,synthetic_sweep,1,54215100a825da9eb7cfbd8f045e54ef05fb29bd,false,1b36f48efea63210dfeeee7270dea968ab5ba58da27f90aa42845eb8a64a6649,12b1dafe765a77d1a17115b0ae12cff973f20ed7d6d770fbd790695fe081288e,0e4833553be7825885da5ea99bceab292cc8abee6414d58b31864afe8ca9f944,c89b17de3d4d36a4e106517b0737619bd65f0e2877d95adbf2f297762f71fb7b,6e938dfcd266a2b0eac811d7ea7eabbd5b217965f88efa81371465134dbcab11,2026-07-15T18:45:29.739617+00:00,8o8-arch,7.0.12-arch1-1,AMD Ryzen 9 3900X 12-Core Processor,"logical=24,cores=12,sockets=1,nodes=1",performance,rustc 1.97.0 (2d8144b78 2026-07-07),22.1.6,cargo 1.97.0 (c980f4866 2026-06-30),"release,lto=thin,debug=true",/home/bob/.cache/mess-bench,/dev/nvme0n1p3,ext4,/home,Samsung SSD 970 EVO Plus 2TB,[none] mq-deadline kyber bfq,249458270208,4096,1024,payload[i]=(i*131+17)&0xff,5.23486328125,accepted,,1024,2048,0,44,bytes,495616,450560,33701888,90112,0,0,0,0,0,74110729,75440794,1601259,2900048,3515737,5.230,5.230
e000277,exploratory,pwritev_256_8m,candidate,1,1,BAAB,pwritev_256_8m,process,24,10,1024,4,new_name,synthetic_sweep,1,54215100a825da9eb7cfbd8f045e54ef05fb29bd,false,1b36f48efea63210dfeeee7270dea968ab5ba58da27f90aa42845eb8a64a6649,12b1dafe765a77d1a17115b0ae12cff973f20ed7d6d770fbd790695fe081288e,0e4833553be7825885da5ea99bceab292cc8abee6414d58b31864afe8ca9f944,c89b17de3d4d36a4e106517b0737619bd65f0e2877d95adbf2f297762f71fb7b,6e938dfcd266a2b0eac811d7ea7eabbd5b217965f88efa81371465134dbcab11,2026-07-15T18:45:30.763134+00:00,8o8-arch,7.0.12-arch1-1,AMD Ryzen 9 3900X 12-Core Processor,"logical=24,cores=12,sockets=1,nodes=1",performance,rustc 1.97.0 (2d8144b78 2026-07-07),22.1.6,cargo 1.97.0 (c980f4866 2026-06-30),"release,lto=thin,debug=true",/home/bob/.cache/mess-bench,/dev/nvme0n1p3,ext4,/home,Samsung SSD 970 EVO Plus 2TB,[none] mq-deadline kyber bfq,249458270208,4096,1024,payload[i]=(i*131+17)&0xff,5.23486328125,accepted,,1024,2048,0,44,bytes,495616,450560,33701888,352,0,0,256,0,0,7326531,7369575,166610,178539,183320,5.230,5.230
e000278,exploratory,pwritev_256_8m,baseline,1,2,BAAB,k_pwrite,process,24,10,1024,4,new_name,synthetic_sweep,1,54215100a825da9eb7cfbd8f045e54ef05fb29bd,false,1b36f48efea63210dfeeee7270dea968ab5ba58da27f90aa42845eb8a64a6649,12b1dafe765a77d1a17115b0ae12cff973f20ed7d6d770fbd790695fe081288e,0e4833553be7825885da5ea99bceab292cc8abee6414d58b31864afe8ca9f944,c89b17de3d4d36a4e106517b0737619bd65f0e2877d95adbf2f297762f71fb7b,6e938dfcd266a2b0eac811d7ea7eabbd5b217965f88efa81371465134dbcab11,2026-07-15T18:45:31.794776+00:00,8o8-arch,7.0.12-arch1-1,AMD Ryzen 9 3900X 12-Core Processor,"logical=24,cores=12,sockets=1,nodes=1",performance,rustc 1.97.0 (2d8144b78 2026-07-07),22.1.6,cargo 1.97.0 (c980f4866 2026-06-30),"release,lto=thin,debug=true",/home/bob/.cache/mess-bench,/dev/nvme0n1p3,ext4,/home,Samsung SSD 970 EVO Plus 2TB,[none] mq-deadline kyber bfq,249458266112,4096,1024,payload[i]=(i*131+17)&0xff,5.0556640625,accepted,,1024,2048,0,44,bytes,495616,450560,33701888,90112,0,0,0,0,0,71393888,72031777,1595719,1736909,2307228,5.060,5.060
e000279,exploratory,pwritev_256_8m,baseline,1,3,BAAB,k_pwrite,process,24,10,1024,4,new_name,synthetic_sweep,1,54215100a825da9eb7cfbd8f045e54ef05fb29bd,false,1b36f48efea63210dfeeee7270dea968ab5ba58da27f90aa42845eb8a64a6649,12b1dafe765a77d1a17115b0ae12cff973f20ed7d6d770fbd790695fe081288e,0e4833553be7825885da5ea99bceab292cc8abee6414d58b31864afe8ca9f944,c89b17de3d4d36a4e106517b0737619bd65f0e2877d95adbf2f297762f71fb7b,6e938dfcd266a2b0eac811d7ea7eabbd5b217965f88efa81371465134dbcab11,2026-07-15T18:45:32.823007+00:00,8o8-arch,7.0.12-arch1-1,AMD Ryzen 9 3900X 12-Core Processor,"logical=24,cores=12,sockets=1,nodes=1",performance,rustc 1.97.0 (2d8144b78 2026-07-07),22.1.6,cargo 1.97.0 (c980f4866 2026-06-30),"release,lto=thin,debug=true",/home/bob/.cache/mess-bench,/dev/nvme0n1p3,ext4,/home,Samsung SSD 970 EVO Plus 2TB,[none] mq-deadline kyber bfq,249458257920,4096,1024,payload[i]=(i*131+17)&0xff,5.0556640625,accepted,,1024,2048,0,44,bytes,495616,450560,33701888,90112,0,0,0,0,0,73095649,73712516,1630709,1934299,2312669,5.060,5.060
e000280,exploratory,pwritev_256_8m,candidate,1,4,BAAB,pwritev_256_8m,process,24,10,1024,4,new_name,synthetic_sweep,1,54215100a825da9eb7cfbd8f045e54ef05fb29bd,false,1b36f48efea63210dfeeee7270dea968ab5ba58da27f90aa42845eb8a64a6649,12b1dafe765a77d1a17115b0ae12cff973f20ed7d6d770fbd790695fe081288e,0e4833553be7825885da5ea99bceab292cc8abee6414d58b31864afe8ca9f944,c89b17de3d4d36a4e106517b0737619bd65f0e2877d95adbf2f297762f71fb7b,6e938dfcd266a2b0eac811d7ea7eabbd5b217965f88efa81371465134dbcab11,2026-07-15T18:45:33.852989+00:00,8o8-arch,7.0.12-arch1-1,AMD Ryzen 9 3900X 12-Core Processor,"logical=24,cores=12,sockets=1,nodes=1",performance,rustc 1.97.0 (2d8144b78 2026-07-07),22.1.6,cargo 1.97.0 (c980f4866 2026-06-30),"release,lto=thin,debug=true",/home/bob/.cache/mess-bench,/dev/nvme0n1p3,ext4,/home,Samsung SSD 970 EVO Plus 2TB,[none] mq-deadline kyber bfq,249458253824,4096,1024,payload[i]=(i*131+17)&0xff,5.0556640625,accepted,,1024,2048,0,44,bytes,495616,450560,33701888,352,0,0,256,0,0,7249582,7302835,162770,186010,199520,5.060,5.060
e000281,exploratory,pwritev_64_8m,baseline,1,1,ABBA,k_pwrite,process,24,10,1024,4,new_name,synthetic_sweep,1,54215100a825da9eb7cfbd8f045e54ef05fb29bd,false,1b36f48efea63210dfeeee7270dea968ab5ba58da27f90aa42845eb8a64a6649,12b1dafe765a77d1a17115b0ae12cff973f20ed7d6d770fbd790695fe081288e,0e4833553be7825885da5ea99bceab292cc8abee6414d58b31864afe8ca9f944,c89b17de3d4d36a4e106517b0737619bd65f0e2877d95adbf2f297762f71fb7b,6e938dfcd266a2b0eac811d7ea7eabbd5b217965f88efa81371465134dbcab11,2026-07-15T18:45:34.883807+00:00,8o8-arch,7.0.12-arch1-1,AMD Ryzen 9 3900X 12-Core Processor,"logical=24,cores=12,sockets=1,nodes=1",performance,rustc 1.97.0 (2d8144b78 2026-07-07),22.1.6,cargo 1.97.0 (c980f4866 2026-06-30),"release,lto=thin,debug=true",/home/bob/.cache/mess-bench,/dev/nvme0n1p3,ext4,/home,Samsung SSD 970 EVO Plus 2TB,[none] mq-deadline kyber bfq,249458253824,4096,1024,payload[i]=(i*131+17)&0xff,5.0556640625,accepted,,1024,2048,0,44,bytes,495616,450560,33701888,90112,0,0,0,0,0,75104498,75745114,1606449,2289728,3408637,5.060,5.060
e000282,exploratory,pwritev_64_8m,candidate,1,2,ABBA,pwritev_64_8m,process,24,10,1024,4,new_name,synthetic_sweep,1,54215100a825da9eb7cfbd8f045e54ef05fb29bd,false,1b36f48efea63210dfeeee7270dea968ab5ba58da27f90aa42845eb8a64a6649,12b1dafe765a77d1a17115b0ae12cff973f20ed7d6d770fbd790695fe081288e,0e4833553be7825885da5ea99bceab292cc8abee6414d58b31864afe8ca9f944,c89b17de3d4d36a4e106517b0737619bd65f0e2877d95adbf2f297762f71fb7b,6e938dfcd266a2b0eac811d7ea7eabbd5b217965f88efa81371465134dbcab11,2026-07-15T18:45:35.906753+00:00,8o8-arch,7.0.12-arch1-1,AMD Ryzen 9 3900X 12-Core Processor,"logical=24,cores=12,sockets=1,nodes=1",performance,rustc 1.97.0 (2d8144b78 2026-07-07),22.1.6,cargo 1.97.0 (c980f4866 2026-06-30),"release,lto=thin,debug=true",/home/bob/.cache/mess-bench,/dev/nvme0n1p3,ext4,/home,Samsung SSD 970 EVO Plus 2TB,[none] mq-deadline kyber bfq,249458249728,4096,1024,payload[i]=(i*131+17)&0xff,4.650390625,accepted,,1024,2048,0,44,bytes,495616,450560,33701888,1408,0,0,64,0,0,10180553,10257702,206400,288430,963260,4.650,4.650
e000283,exploratory,pwritev_64_8m,candidate,1,3,ABBA,pwritev_64_8m,process,24,10,1024,4,new_name,synthetic_sweep,1,54215100a825da9eb7cfbd8f045e54ef05fb29bd,false,1b36f48efea63210dfeeee7270dea968ab5ba58da27f90aa42845eb8a64a6649,12b1dafe765a77d1a17115b0ae12cff973f20ed7d6d770fbd790695fe081288e,0e4833553be7825885da5ea99bceab292cc8abee6414d58b31864afe8ca9f944,c89b17de3d4d36a4e106517b0737619bd65f0e2877d95adbf2f297762f71fb7b,6e938dfcd266a2b0eac811d7ea7eabbd5b217965f88efa81371465134dbcab11,2026-07-15T18:45:36.931627+00:00,8o8-arch,7.0.12-arch1-1,AMD Ryzen 9 3900X 12-Core Processor,"logical=24,cores=12,sockets=1,nodes=1",performance,rustc 1.97.0 (2d8144b78 2026-07-07),22.1.6,cargo 1.97.0 (c980f4866 2026-06-30),"release,lto=thin,debug=true",/home/bob/.cache/mess-bench,/dev/nvme0n1p3,ext4,/home,Samsung SSD 970 EVO Plus 2TB,[none] mq-deadline kyber bfq,249458241536,4096,1024,payload[i]=(i*131+17)&0xff,4.650390625,accepted,,1024,2048,0,44,bytes,495616,450560,33701888,1408,0,0,64,0,0,9014852,9091454,203160,217430,272269,4.650,4.650
e000284,exploratory,pwritev_64_8m,baseline,1,4,ABBA,k_pwrite,process,24,10,1024,4,new_name,synthetic_sweep,1,54215100a825da9eb7cfbd8f045e54ef05fb29bd,false,1b36f48efea63210dfeeee7270dea968ab5ba58da27f90aa42845eb8a64a6649,12b1dafe765a77d1a17115b0ae12cff973f20ed7d6d770fbd790695fe081288e,0e4833553be7825885da5ea99bceab292cc8abee6414d58b31864afe8ca9f944,c89b17de3d4d36a4e106517b0737619bd65f0e2877d95adbf2f297762f71fb7b,6e938dfcd266a2b0eac811d7ea7eabbd5b217965f88efa81371465134dbcab11,2026-07-15T18:45:37.957033+00:00,8o8-arch,7.0.12-arch1-1,AMD Ryzen 9 3900X 12-Core Processor,"logical=24,cores=12,sockets=1,nodes=1",performance,rustc 1.97.0 (2d8144b78 2026-07-07),22.1.6,cargo 1.97.0 (c980f4866 2026-06-30),"release,lto=thin,debug=true",/home/bob/.cache/mess-bench,/dev/nvme0n1p3,ext4,/home,Samsung SSD 970 EVO Plus 2TB,[none] mq-deadline kyber bfq,249458167808,4096,1024,payload[i]=(i*131+17)&0xff,4.650390625,accepted,,1024,2048,0,44,bytes,495616,450560,33701888,90112,0,0,0,0,0,74698599,75377024,1611709,2447778,3444558,4.650,4.650
e000285,exploratory,copy_contiguous,candidate,1,1,BAAB,copy_contiguous,process,24,10,1024,4,new_name,synthetic_sweep,1,54215100a825da9eb7cfbd8f045e54ef05fb29bd,false,1b36f48efea63210dfeeee7270dea968ab5ba58da27f90aa42845eb8a64a6649,12b1dafe765a77d1a17115b0ae12cff973f20ed7d6d770fbd790695fe081288e,0e4833553be7825885da5ea99bceab292cc8abee6414d58b31864afe8ca9f944,c89b17de3d4d36a4e106517b0737619bd65f0e2877d95adbf2f297762f71fb7b,6e938dfcd266a2b0eac811d7ea7eabbd5b217965f88efa81371465134dbcab11,2026-07-15T18:45:38.986386+00:00,8o8-arch,7.0.12-arch1-1,AMD Ryzen 9 3900X 12-Core Processor,"logical=24,cores=12,sockets=1,nodes=1",performance,rustc 1.97.0 (2d8144b78 2026-07-07),22.1.6,cargo 1.97.0 (c980f4866 2026-06-30),"release,lto=thin,debug=true",/home/bob/.cache/mess-bench,/dev/nvme0n1p3,ext4,/home,Samsung SSD 970 EVO Plus 2TB,[none] mq-deadline kyber bfq,249458163712,4096,1024,payload[i]=(i*131+17)&0xff,4.650390625,accepted,,1024,2048,0,44,bytes,495616,450560,33701888,44,0,0,0,33701888,0,5414212,5470696,120030,143480,206800,4.650,4.650
e000286,exploratory,copy_contiguous,baseline,1,2,BAAB,k_pwrite,process,24,10,1024,4,new_name,synthetic_sweep,1,54215100a825da9eb7cfbd8f045e54ef05fb29bd,false,1b36f48efea63210dfeeee7270dea968ab5ba58da27f90aa42845eb8a64a6649,12b1dafe765a77d1a17115b0ae12cff973f20ed7d6d770fbd790695fe081288e,0e4833553be7825885da5ea99bceab292cc8abee6414d58b31864afe8ca9f944,c89b17de3d4d36a4e106517b0737619bd65f0e2877d95adbf2f297762f71fb7b,6e938dfcd266a2b0eac811d7ea7eabbd5b217965f88efa81371465134dbcab11,2026-07-15T18:45:40.014584+00:00,8o8-arch,7.0.12-arch1-1,AMD Ryzen 9 3900X 12-Core Processor,"logical=24,cores=12,sockets=1,nodes=1",performance,rustc 1.97.0 (2d8144b78 2026-07-07),22.1.6,cargo 1.97.0 (c980f4866 2026-06-30),"release,lto=thin,debug=true",/home/bob/.cache/mess-bench,/dev/nvme0n1p3,ext4,/home,Samsung SSD 970 EVO Plus 2TB,[none] mq-deadline kyber bfq,249458159616,4096,1024,payload[i]=(i*131+17)&0xff,4.650390625,accepted,,1024,2048,0,44,bytes,495616,450560,33701888,90112,0,0,0,0,0,72098819,74144316,1603929,2148688,3305488,4.650,4.650
e000287,exploratory,copy_contiguous,baseline,1,3,BAAB,k_pwrite,process,24,10,1024,4,new_name,synthetic_sweep,1,54215100a825da9eb7cfbd8f045e54ef05fb29bd,false,1b36f48efea63210dfeeee7270dea968ab5ba58da27f90aa42845eb8a64a6649,12b1dafe765a77d1a17115b0ae12cff973f20ed7d6d770fbd790695fe081288e,0e4833553be7825885da5ea99bceab292cc8abee6414d58b31864afe8ca9f944,c89b17de3d4d36a4e106517b0737619bd65f0e2877d95adbf2f297762f71fb7b,6e938dfcd266a2b0eac811d7ea7eabbd5b217965f88efa81371465134dbcab11,2026-07-15T18:45:41.035982+00:00,8o8-arch,7.0.12-arch1-1,AMD Ryzen 9 3900X 12-Core Processor,"logical=24,cores=12,sockets=1,nodes=1",performance,rustc 1.97.0 (2d8144b78 2026-07-07),22.1.6,cargo 1.97.0 (c980f4866 2026-06-30),"release,lto=thin,debug=true",/home/bob/.cache/mess-bench,/dev/nvme0n1p3,ext4,/home,Samsung SSD 970 EVO Plus 2TB,[none] mq-deadline kyber bfq,249458159616,4096,1024,payload[i]=(i*131+17)&0xff,4.43798828125,accepted,,1024,2048,0,44,bytes,495616,450560,33701888,90112,0,0,0,0,0,71847768,72422917,1600949,1745509,2733407,4.440,4.440
e000288,exploratory,copy_contiguous,candidate,1,4,BAAB,copy_contiguous,process,24,10,1024,4,new_name,synthetic_sweep,1,54215100a825da9eb7cfbd8f045e54ef05fb29bd,false,1b36f48efea63210dfeeee7270dea968ab5ba58da27f90aa42845eb8a64a6649,12b1dafe765a77d1a17115b0ae12cff973f20ed7d6d770fbd790695fe081288e,0e4833553be7825885da5ea99bceab292cc8abee6414d58b31864afe8ca9f944,c89b17de3d4d36a4e106517b0737619bd65f0e2877d95adbf2f297762f71fb7b,6e938dfcd266a2b0eac811d7ea7eabbd5b217965f88efa81371465134dbcab11,2026-07-15T18:45:42.061210+00:00,8o8-arch,7.0.12-arch1-1,AMD Ryzen 9 3900X 12-Core Processor,"logical=24,cores=12,sockets=1,nodes=1",performance,rustc 1.97.0 (2d8144b78 2026-07-07),22.1.6,cargo 1.97.0 (c980f4866 2026-06-30),"release,lto=thin,debug=true",/home/bob/.cache/mess-bench,/dev/nvme0n1p3,ext4,/home,Samsung SSD 970 EVO Plus 2TB,[none] mq-deadline kyber bfq,249458155520,4096,1024,payload[i]=(i*131+17)&0xff,4.43798828125,accepted,,1024,2048,0,44,bytes,495616,450560,33701888,44,0,0,0,33701888,0,5258071,5314276,116800,136590,193820,4.440,4.440
e000289,exploratory,pwritev_full_8m,baseline,1,1,ABBA,k_pwrite,process,24,10,1025,4,domain,synthetic_sweep,1,54215100a825da9eb7cfbd8f045e54ef05fb29bd,false,1b36f48efea63210dfeeee7270dea968ab5ba58da27f90aa42845eb8a64a6649,12b1dafe765a77d1a17115b0ae12cff973f20ed7d6d770fbd790695fe081288e,0e4833553be7825885da5ea99bceab292cc8abee6414d58b31864afe8ca9f944,c89b17de3d4d36a4e106517b0737619bd65f0e2877d95adbf2f297762f71fb7b,6e938dfcd266a2b0eac811d7ea7eabbd5b217965f88efa81371465134dbcab11,2026-07-15T18:45:43.088529+00:00,8o8-arch,7.0.12-arch1-1,AMD Ryzen 9 3900X 12-Core Processor,"logical=24,cores=12,sockets=1,nodes=1",performance,rustc 1.97.0 (2d8144b78 2026-07-07),22.1.6,cargo 1.97.0 (c980f4866 2026-06-30),"release,lto=thin,debug=true",/home/bob/.cache/mess-bench,/dev/nvme0n1p3,ext4,/home,Samsung SSD 970 EVO Plus 2TB,[none] mq-deadline kyber bfq,249458098176,4096,1024,payload[i]=(i*131+17)&0xff,4.43798828125,accepted,,1025,1025,0,54,bytes,553500,553500,33652800,55350,0,0,0,0,0,47734532,48176175,847170,945039,1038289,4.440,4.440
e000290,exploratory,pwritev_full_8m,candidate,1,2,ABBA,pwritev_full_8m,process,24,10,1025,4,domain,synthetic_sweep,1,54215100a825da9eb7cfbd8f045e54ef05fb29bd,false,1b36f48efea63210dfeeee7270dea968ab5ba58da27f90aa42845eb8a64a6649,12b1dafe765a77d1a17115b0ae12cff973f20ed7d6d770fbd790695fe081288e,0e4833553be7825885da5ea99bceab292cc8abee6414d58b31864afe8ca9f944,c89b17de3d4d36a4e106517b0737619bd65f0e2877d95adbf2f297762f71fb7b,6e938dfcd266a2b0eac811d7ea7eabbd5b217965f88efa81371465134dbcab11,2026-07-15T18:45:44.111091+00:00,8o8-arch,7.0.12-arch1-1,AMD Ryzen 9 3900X 12-Core Processor,"logical=24,cores=12,sockets=1,nodes=1",performance,rustc 1.97.0 (2d8144b78 2026-07-07),22.1.6,cargo 1.97.0 (c980f4866 2026-06-30),"release,lto=thin,debug=true",/home/bob/.cache/mess-bench,/dev/nvme0n1p3,ext4,/home,Samsung SSD 970 EVO Plus 2TB,[none] mq-deadline kyber bfq,249458094080,4096,1024,payload[i]=(i*131+17)&0xff,4.43798828125,accepted,,1025,1025,0,54,bytes,553500,553500,33652800,108,0,0,1024,0,0,5589432,5654486,102890,117250,123120,4.440,4.440
e000291,exploratory,pwritev_full_8m,candidate,1,3,ABBA,pwritev_full_8m,process,24,10,1025,4,domain,synthetic_sweep,1,54215100a825da9eb7cfbd8f045e54ef05fb29bd,false,1b36f48efea63210dfeeee7270dea968ab5ba58da27f90aa42845eb8a64a6649,12b1dafe765a77d1a17115b0ae12cff973f20ed7d6d770fbd790695fe081288e,0e4833553be7825885da5ea99bceab292cc8abee6414d58b31864afe8ca9f944,c89b17de3d4d36a4e106517b0737619bd65f0e2877d95adbf2f297762f71fb7b,6e938dfcd266a2b0eac811d7ea7eabbd5b217965f88efa81371465134dbcab11,2026-07-15T18:45:45.139906+00:00,8o8-arch,7.0.12-arch1-1,AMD Ryzen 9 3900X 12-Core Processor,"logical=24,cores=12,sockets=1,nodes=1",performance,rustc 1.97.0 (2d8144b78 2026-07-07),22.1.6,cargo 1.97.0 (c980f4866 2026-06-30),"release,lto=thin,debug=true",/home/bob/.cache/mess-bench,/dev/nvme0n1p3,ext4,/home,Samsung SSD 970 EVO Plus 2TB,[none] mq-deadline kyber bfq,249458094080,4096,1024,payload[i]=(i*131+17)&0xff,4.43798828125,accepted,,1025,1025,0,54,bytes,553500,553500,33652800,108,0,0,1024,0,0,5481892,5621786,98650,135090,155290,4.440,4.440
e000292,exploratory,pwritev_full_8m,baseline,1,4,ABBA,k_pwrite,process,24,10,1025,4,domain,synthetic_sweep,1,54215100a825da9eb7cfbd8f045e54ef05fb29bd,false,1b36f48efea63210dfeeee7270dea968ab5ba58da27f90aa42845eb8a64a6649,12b1dafe765a77d1a17115b0ae12cff973f20ed7d6d770fbd790695fe081288e,0e4833553be7825885da5ea99bceab292cc8abee6414d58b31864afe8ca9f944,c89b17de3d4d36a4e106517b0737619bd65f0e2877d95adbf2f297762f71fb7b,6e938dfcd266a2b0eac811d7ea7eabbd5b217965f88efa81371465134dbcab11,2026-07-15T18:45:46.169708+00:00,8o8-arch,7.0.12-arch1-1,AMD Ryzen 9 3900X 12-Core Processor,"logical=24,cores=12,sockets=1,nodes=1",performance,rustc 1.97.0 (2d8144b78 2026-07-07),22.1.6,cargo 1.97.0 (c980f4866 2026-06-30),"release,lto=thin,debug=true",/home/bob/.cache/mess-bench,/dev/nvme0n1p3,ext4,/home,Samsung SSD 970 EVO Plus 2TB,[none] mq-deadline kyber bfq,249458085888,4096,1024,payload[i]=(i*131+17)&0xff,4.40283203125,accepted,,1025,1025,0,54,bytes,553500,553500,33652800,55350,0,0,0,0,0,47327412,47712675,841240,914229,1808549,4.400,4.400
e000293,exploratory,pwritev_256_8m,candidate,1,1,BAAB,pwritev_256_8m,process,24,10,1025,4,domain,synthetic_sweep,1,54215100a825da9eb7cfbd8f045e54ef05fb29bd,false,1b36f48efea63210dfeeee7270dea968ab5ba58da27f90aa42845eb8a64a6649,12b1dafe765a77d1a17115b0ae12cff973f20ed7d6d770fbd790695fe081288e,0e4833553be7825885da5ea99bceab292cc8abee6414d58b31864afe8ca9f944,c89b17de3d4d36a4e106517b0737619bd65f0e2877d95adbf2f297762f71fb7b,6e938dfcd266a2b0eac811d7ea7eabbd5b217965f88efa81371465134dbcab11,2026-07-15T18:45:47.200115+00:00,8o8-arch,7.0.12-arch1-1,AMD Ryzen 9 3900X 12-Core Processor,"logical=24,cores=12,sockets=1,nodes=1",performance,rustc 1.97.0 (2d8144b78 2026-07-07),22.1.6,cargo 1.97.0 (c980f4866 2026-06-30),"release,lto=thin,debug=true",/home/bob/.cache/mess-bench,/dev/nvme0n1p3,ext4,/home,Samsung SSD 970 EVO Plus 2TB,[none] mq-deadline kyber bfq,249458085888,4096,1024,payload[i]=(i*131+17)&0xff,4.40283203125,accepted,,1025,1025,0,54,bytes,553500,553500,33652800,270,0,0,256,0,0,6053992,6451775,120210,134590,136100,4.400,4.400
e000294,exploratory,pwritev_256_8m,baseline,1,2,BAAB,k_pwrite,process,24,10,1025,4,domain,synthetic_sweep,1,54215100a825da9eb7cfbd8f045e54ef05fb29bd,false,1b36f48efea63210dfeeee7270dea968ab5ba58da27f90aa42845eb8a64a6649,12b1dafe765a77d1a17115b0ae12cff973f20ed7d6d770fbd790695fe081288e,0e4833553be7825885da5ea99bceab292cc8abee6414d58b31864afe8ca9f944,c89b17de3d4d36a4e106517b0737619bd65f0e2877d95adbf2f297762f71fb7b,6e938dfcd266a2b0eac811d7ea7eabbd5b217965f88efa81371465134dbcab11,2026-07-15T18:45:48.229981+00:00,8o8-arch,7.0.12-arch1-1,AMD Ryzen 9 3900X 12-Core Processor,"logical=24,cores=12,sockets=1,nodes=1",performance,rustc 1.97.0 (2d8144b78 2026-07-07),22.1.6,cargo 1.97.0 (c980f4866 2026-06-30),"release,lto=thin,debug=true",/home/bob/.cache/mess-bench,/dev/nvme0n1p3,ext4,/home,Samsung SSD 970 EVO Plus 2TB,[none] mq-deadline kyber bfq,249458077696,4096,1024,payload[i]=(i*131+17)&0xff,4.40283203125,accepted,,1025,1025,0,54,bytes,553500,553500,33652800,55350,0,0,0,0,0,47260642,47582265,841629,930040,1015539,4.400,4.400
e000295,exploratory,pwritev_256_8m,baseline,1,3,BAAB,k_pwrite,process,24,10,1025,4,domain,synthetic_sweep,1,54215100a825da9eb7cfbd8f045e54ef05fb29bd,false,1b36f48efea63210dfeeee7270dea968ab5ba58da27f90aa42845eb8a64a6649,12b1dafe765a77d1a17115b0ae12cff973f20ed7d6d770fbd790695fe081288e,0e4833553be7825885da5ea99bceab292cc8abee6414d58b31864afe8ca9f944,c89b17de3d4d36a4e106517b0737619bd65f0e2877d95adbf2f297762f71fb7b,6e938dfcd266a2b0eac811d7ea7eabbd5b217965f88efa81371465134dbcab11,2026-07-15T18:45:49.257232+00:00,8o8-arch,7.0.12-arch1-1,AMD Ryzen 9 3900X 12-Core Processor,"logical=24,cores=12,sockets=1,nodes=1",performance,rustc 1.97.0 (2d8144b78 2026-07-07),22.1.6,cargo 1.97.0 (c980f4866 2026-06-30),"release,lto=thin,debug=true",/home/bob/.cache/mess-bench,/dev/nvme0n1p3,ext4,/home,Samsung SSD 970 EVO Plus 2TB,[none] mq-deadline kyber bfq,249458077696,4096,1024,payload[i]=(i*131+17)&0xff,4.40283203125,accepted,,1025,1025,0,54,bytes,553500,553500,33652800,55350,0,0,0,0,0,48472912,49179415,845049,893879,927960,4.400,4.400
e000296,exploratory,pwritev_256_8m,candidate,1,4,BAAB,pwritev_256_8m,process,24,10,1025,4,domain,synthetic_sweep,1,54215100a825da9eb7cfbd8f045e54ef05fb29bd,false,1b36f48efea63210dfeeee7270dea968ab5ba58da27f90aa42845eb8a64a6649,12b1dafe765a77d1a17115b0ae12cff973f20ed7d6d770fbd790695fe081288e,0e4833553be7825885da5ea99bceab292cc8abee6414d58b31864afe8ca9f944,c89b17de3d4d36a4e106517b0737619bd65f0e2877d95adbf2f297762f71fb7b,6e938dfcd266a2b0eac811d7ea7eabbd5b217965f88efa81371465134dbcab11,2026-07-15T18:45:50.287233+00:00,8o8-arch,7.0.12-arch1-1,AMD Ryzen 9 3900X 12-Core Processor,"logical=24,cores=12,sockets=1,nodes=1",performance,rustc 1.97.0 (2d8144b78 2026-07-07),22.1.6,cargo 1.97.0 (c980f4866 2026-06-30),"release,lto=thin,debug=true",/home/bob/.cache/mess-bench,/dev/nvme0n1p3,ext4,/home,Samsung SSD 970 EVO Plus 2TB,[none] mq-deadline kyber bfq,249458077696,4096,1024,payload[i]=(i*131+17)&0xff,4.40283203125,accepted,,1025,1025,0,54,bytes,553500,553500,33652800,270,0,0,256,0,0,6162261,6301955,112769,133920,163280,4.400,4.400
e000297,exploratory,pwritev_64_8m,baseline,1,1,ABBA,k_pwrite,process,24,10,1025,4,domain,synthetic_sweep,1,54215100a825da9eb7cfbd8f045e54ef05fb29bd,false,1b36f48efea63210dfeeee7270dea968ab5ba58da27f90aa42845eb8a64a6649,12b1dafe765a77d1a17115b0ae12cff973f20ed7d6d770fbd790695fe081288e,0e4833553be7825885da5ea99bceab292cc8abee6414d58b31864afe8ca9f944,c89b17de3d4d36a4e106517b0737619bd65f0e2877d95adbf2f297762f71fb7b,6e938dfcd266a2b0eac811d7ea7eabbd5b217965f88efa81371465134dbcab11,2026-07-15T18:45:51.316410+00:00,8o8-arch,7.0.12-arch1-1,AMD Ryzen 9 3900X 12-Core Processor,"logical=24,cores=12,sockets=1,nodes=1",performance,rustc 1.97.0 (2d8144b78 2026-07-07),22.1.6,cargo 1.97.0 (c980f4866 2026-06-30),"release,lto=thin,debug=true",/home/bob/.cache/mess-bench,/dev/nvme0n1p3,ext4,/home,Samsung SSD 970 EVO Plus 2TB,[none] mq-deadline kyber bfq,249458077696,4096,1024,payload[i]=(i*131+17)&0xff,4.3701171875,accepted,,1025,1025,0,54,bytes,553500,553500,33652800,55350,0,0,0,0,0,46473601,46940875,842180,891749,1478279,4.370,4.370
e000298,exploratory,pwritev_64_8m,candidate,1,2,ABBA,pwritev_64_8m,process,24,10,1025,4,domain,synthetic_sweep,1,54215100a825da9eb7cfbd8f045e54ef05fb29bd,false,1b36f48efea63210dfeeee7270dea968ab5ba58da27f90aa42845eb8a64a6649,12b1dafe765a77d1a17115b0ae12cff973f20ed7d6d770fbd790695fe081288e,0e4833553be7825885da5ea99bceab292cc8abee6414d58b31864afe8ca9f944,c89b17de3d4d36a4e106517b0737619bd65f0e2877d95adbf2f297762f71fb7b,6e938dfcd266a2b0eac811d7ea7eabbd5b217965f88efa81371465134dbcab11,2026-07-15T18:45:52.345166+00:00,8o8-arch,7.0.12-arch1-1,AMD Ryzen 9 3900X 12-Core Processor,"logical=24,cores=12,sockets=1,nodes=1",performance,rustc 1.97.0 (2d8144b78 2026-07-07),22.1.6,cargo 1.97.0 (c980f4866 2026-06-30),"release,lto=thin,debug=true",/home/bob/.cache/mess-bench,/dev/nvme0n1p3,ext4,/home,Samsung SSD 970 EVO Plus 2TB,[none] mq-deadline kyber bfq,249458065408,4096,1024,payload[i]=(i*131+17)&0xff,4.3701171875,accepted,,1025,1025,0,54,bytes,553500,553500,33652800,918,0,0,64,0,0,9102433,9153304,135560,150669,164780,4.370,4.370
e000299,exploratory,pwritev_64_8m,candidate,1,3,ABBA,pwritev_64_8m,process,24,10,1025,4,domain,synthetic_sweep,1,54215100a825da9eb7cfbd8f045e54ef05fb29bd,false,1b36f48efea63210dfeeee7270dea968ab5ba58da27f90aa42845eb8a64a6649,12b1dafe765a77d1a17115b0ae12cff973f20ed7d6d770fbd790695fe081288e,0e4833553be7825885da5ea99bceab292cc8abee6414d58b31864afe8ca9f944,c89b17de3d4d36a4e106517b0737619bd65f0e2877d95adbf2f297762f71fb7b,6e938dfcd266a2b0eac811d7ea7eabbd5b217965f88efa81371465134dbcab11,2026-07-15T18:45:53.373538+00:00,8o8-arch,7.0.12-arch1-1,AMD Ryzen 9 3900X 12-Core Processor,"logical=24,cores=12,sockets=1,nodes=1",performance,rustc 1.97.0 (2d8144b78 2026-07-07),22.1.6,cargo 1.97.0 (c980f4866 2026-06-30),"release,lto=thin,debug=true",/home/bob/.cache/mess-bench,/dev/nvme0n1p3,ext4,/home,Samsung SSD 970 EVO Plus 2TB,[none] mq-deadline kyber bfq,249458061312,4096,1024,payload[i]=(i*131+17)&0xff,4.3701171875,accepted,,1025,1025,0,54,bytes,553500,553500,33652800,918,0,0,64,0,0,7259832,7307485,132970,144829,151620,4.370,4.370
e000300,exploratory,pwritev_64_8m,baseline,1,4,ABBA,k_pwrite,process,24,10,1025,4,domain,synthetic_sweep,1,54215100a825da9eb7cfbd8f045e54ef05fb29bd,false,1b36f48efea63210dfeeee7270dea968ab5ba58da27f90aa42845eb8a64a6649,12b1dafe765a77d1a17115b0ae12cff973f20ed7d6d770fbd790695fe081288e,0e4833553be7825885da5ea99bceab292cc8abee6414d58b31864afe8ca9f944,c89b17de3d4d36a4e106517b0737619bd65f0e2877d95adbf2f297762f71fb7b,6e938dfcd266a2b0eac811d7ea7eabbd5b217965f88efa81371465134dbcab11,2026-07-15T18:45:54.397966+00:00,8o8-arch,7.0.12-arch1-1,AMD Ryzen 9 3900X 12-Core Processor,"logical=24,cores=12,sockets=1,nodes=1",performance,rustc 1.97.0 (2d8144b78 2026-07-07),22.1.6,cargo 1.97.0 (c980f4866 2026-06-30),"release,lto=thin,debug=true",/home/bob/.cache/mess-bench,/dev/nvme0n1p3,ext4,/home,Samsung SSD 970 EVO Plus 2TB,[none] mq-deadline kyber bfq,249458061312,4096,1024,payload[i]=(i*131+17)&0xff,4.3701171875,accepted,,1025,1025,0,54,bytes,553500,553500,33652800,55350,0,0,0,0,0,47337262,47853215,847589,872690,1045949,4.370,4.370
e000301,exploratory,copy_contiguous,candidate,1,1,BAAB,copy_contiguous,process,24,10,1025,4,domain,synthetic_sweep,1,54215100a825da9eb7cfbd8f045e54ef05fb29bd,false,1b36f48efea63210dfeeee7270dea968ab5ba58da27f90aa42845eb8a64a6649,12b1dafe765a77d1a17115b0ae12cff973f20ed7d6d770fbd790695fe081288e,0e4833553be7825885da5ea99bceab292cc8abee6414d58b31864afe8ca9f944,c89b17de3d4d36a4e106517b0737619bd65f0e2877d95adbf2f297762f71fb7b,6e938dfcd266a2b0eac811d7ea7eabbd5b217965f88efa81371465134dbcab11,2026-07-15T18:45:55.429064+00:00,8o8-arch,7.0.12-arch1-1,AMD Ryzen 9 3900X 12-Core Processor,"logical=24,cores=12,sockets=1,nodes=1",performance,rustc 1.97.0 (2d8144b78 2026-07-07),22.1.6,cargo 1.97.0 (c980f4866 2026-06-30),"release,lto=thin,debug=true",/home/bob/.cache/mess-bench,/dev/nvme0n1p3,ext4,/home,Samsung SSD 970 EVO Plus 2TB,[none] mq-deadline kyber bfq,249458061312,4096,1024,payload[i]=(i*131+17)&0xff,4.3701171875,accepted,,1025,1025,0,54,bytes,553500,553500,33652800,54,0,0,0,33652800,0,5547321,5795015,103849,121110,151260,4.370,4.370
e000302,exploratory,copy_contiguous,baseline,1,2,BAAB,k_pwrite,process,24,10,1025,4,domain,synthetic_sweep,1,54215100a825da9eb7cfbd8f045e54ef05fb29bd,false,1b36f48efea63210dfeeee7270dea968ab5ba58da27f90aa42845eb8a64a6649,12b1dafe765a77d1a17115b0ae12cff973f20ed7d6d770fbd790695fe081288e,0e4833553be7825885da5ea99bceab292cc8abee6414d58b31864afe8ca9f944,c89b17de3d4d36a4e106517b0737619bd65f0e2877d95adbf2f297762f71fb7b,6e938dfcd266a2b0eac811d7ea7eabbd5b217965f88efa81371465134dbcab11,2026-07-15T18:45:56.452710+00:00,8o8-arch,7.0.12-arch1-1,AMD Ryzen 9 3900X 12-Core Processor,"logical=24,cores=12,sockets=1,nodes=1",performance,rustc 1.97.0 (2d8144b78 2026-07-07),22.1.6,cargo 1.97.0 (c980f4866 2026-06-30),"release,lto=thin,debug=true",/home/bob/.cache/mess-bench,/dev/nvme0n1p3,ext4,/home,Samsung SSD 970 EVO Plus 2TB,[none] mq-deadline kyber bfq,249458053120,4096,1024,payload[i]=(i*131+17)&0xff,4.10009765625,accepted,,1025,1025,0,54,bytes,553500,553500,33652800,55350,0,0,0,0,0,47559771,48905804,847349,1048489,1504259,4.100,4.100
e000303,exploratory,copy_contiguous,baseline,1,3,BAAB,k_pwrite,process,24,10,1025,4,domain,synthetic_sweep,1,54215100a825da9eb7cfbd8f045e54ef05fb29bd,false,1b36f48efea63210dfeeee7270dea968ab5ba58da27f90aa42845eb8a64a6649,12b1dafe765a77d1a17115b0ae12cff973f20ed7d6d770fbd790695fe081288e,0e4833553be7825885da5ea99bceab292cc8abee6414d58b31864afe8ca9f944,c89b17de3d4d36a4e106517b0737619bd65f0e2877d95adbf2f297762f71fb7b,6e938dfcd266a2b0eac811d7ea7eabbd5b217965f88efa81371465134dbcab11,2026-07-15T18:45:57.484555+00:00,8o8-arch,7.0.12-arch1-1,AMD Ryzen 9 3900X 12-Core Processor,"logical=24,cores=12,sockets=1,nodes=1",performance,rustc 1.97.0 (2d8144b78 2026-07-07),22.1.6,cargo 1.97.0 (c980f4866 2026-06-30),"release,lto=thin,debug=true",/home/bob/.cache/mess-bench,/dev/nvme0n1p3,ext4,/home,Samsung SSD 970 EVO Plus 2TB,[none] mq-deadline kyber bfq,249458053120,4096,1024,payload[i]=(i*131+17)&0xff,4.10009765625,accepted,,1025,1025,0,54,bytes,553500,553500,33652800,55350,0,0,0,0,0,50103172,50752563,839959,1038009,2674608,4.100,4.100
e000304,exploratory,copy_contiguous,candidate,1,4,BAAB,copy_contiguous,process,24,10,1025,4,domain,synthetic_sweep,1,54215100a825da9eb7cfbd8f045e54ef05fb29bd,false,1b36f48efea63210dfeeee7270dea968ab5ba58da27f90aa42845eb8a64a6649,12b1dafe765a77d1a17115b0ae12cff973f20ed7d6d770fbd790695fe081288e,0e4833553be7825885da5ea99bceab292cc8abee6414d58b31864afe8ca9f944,c89b17de3d4d36a4e106517b0737619bd65f0e2877d95adbf2f297762f71fb7b,6e938dfcd266a2b0eac811d7ea7eabbd5b217965f88efa81371465134dbcab11,2026-07-15T18:45:58.505636+00:00,8o8-arch,7.0.12-arch1-1,AMD Ryzen 9 3900X 12-Core Processor,"logical=24,cores=12,sockets=1,nodes=1",performance,rustc 1.97.0 (2d8144b78 2026-07-07),22.1.6,cargo 1.97.0 (c980f4866 2026-06-30),"release,lto=thin,debug=true",/home/bob/.cache/mess-bench,/dev/nvme0n1p3,ext4,/home,Samsung SSD 970 EVO Plus 2TB,[none] mq-deadline kyber bfq,249458053120,4096,1024,payload[i]=(i*131+17)&0xff,4.10009765625,accepted,,1025,1025,0,54,bytes,553500,553500,33652800,54,0,0,0,33652800,0,5421381,5488576,97860,117650,128000,4.100,4.100
e000305,exploratory,pwritev_full_8m,baseline,1,1,ABBA,k_pwrite,process,24,10,1025,4,new_name,synthetic_sweep,1,54215100a825da9eb7cfbd8f045e54ef05fb29bd,false,1b36f48efea63210dfeeee7270dea968ab5ba58da27f90aa42845eb8a64a6649,12b1dafe765a77d1a17115b0ae12cff973f20ed7d6d770fbd790695fe081288e,0e4833553be7825885da5ea99bceab292cc8abee6414d58b31864afe8ca9f944,c89b17de3d4d36a4e106517b0737619bd65f0e2877d95adbf2f297762f71fb7b,6e938dfcd266a2b0eac811d7ea7eabbd5b217965f88efa81371465134dbcab11,2026-07-15T18:45:59.531357+00:00,8o8-arch,7.0.12-arch1-1,AMD Ryzen 9 3900X 12-Core Processor,"logical=24,cores=12,sockets=1,nodes=1",performance,rustc 1.97.0 (2d8144b78 2026-07-07),22.1.6,cargo 1.97.0 (c980f4866 2026-06-30),"release,lto=thin,debug=true",/home/bob/.cache/mess-bench,/dev/nvme0n1p3,ext4,/home,Samsung SSD 970 EVO Plus 2TB,[none] mq-deadline kyber bfq,249458049024,4096,1024,payload[i]=(i*131+17)&0xff,4.10009765625,accepted,,1025,2050,0,44,bytes,496100,451000,33734800,90200,0,0,0,0,0,73779849,74508145,1606379,2011468,2633378,4.100,4.100
e000306,exploratory,pwritev_full_8m,candidate,1,2,ABBA,pwritev_full_8m,process,24,10,1025,4,new_name,synthetic_sweep,1,54215100a825da9eb7cfbd8f045e54ef05fb29bd,false,1b36f48efea63210dfeeee7270dea968ab5ba58da27f90aa42845eb8a64a6649,12b1dafe765a77d1a17115b0ae12cff973f20ed7d6d770fbd790695fe081288e,0e4833553be7825885da5ea99bceab292cc8abee6414d58b31864afe8ca9f944,c89b17de3d4d36a4e106517b0737619bd65f0e2877d95adbf2f297762f71fb7b,6e938dfcd266a2b0eac811d7ea7eabbd5b217965f88efa81371465134dbcab11,2026-07-15T18:46:00.559411+00:00,8o8-arch,7.0.12-arch1-1,AMD Ryzen 9 3900X 12-Core Processor,"logical=24,cores=12,sockets=1,nodes=1",performance,rustc 1.97.0 (2d8144b78 2026-07-07),22.1.6,cargo 1.97.0 (c980f4866 2026-06-30),"release,lto=thin,debug=true",/home/bob/.cache/mess-bench,/dev/nvme0n1p3,ext4,/home,Samsung SSD 970 EVO Plus 2TB,[none] mq-deadline kyber bfq,249458040832,4096,1024,payload[i]=(i*131+17)&0xff,4.10009765625,accepted,,1025,2050,0,44,bytes,496100,451000,33734800,132,0,0,1024,0,0,6528712,6577845,147920,160830,175560,4.100,4.100
e000307,exploratory,pwritev_full_8m,candidate,1,3,ABBA,pwritev_full_8m,process,24,10,1025,4,new_name,synthetic_sweep,1,54215100a825da9eb7cfbd8f045e54ef05fb29bd,false,1b36f48efea63210dfeeee7270dea968ab5ba58da27f90aa42845eb8a64a6649,12b1dafe765a77d1a17115b0ae12cff973f20ed7d6d770fbd790695fe081288e,0e4833553be7825885da5ea99bceab292cc8abee6414d58b31864afe8ca9f944,c89b17de3d4d36a4e106517b0737619bd65f0e2877d95adbf2f297762f71fb7b,6e938dfcd266a2b0eac811d7ea7eabbd5b217965f88efa81371465134dbcab11,2026-07-15T18:46:01.587982+00:00,8o8-arch,7.0.12-arch1-1,AMD Ryzen 9 3900X 12-Core Processor,"logical=24,cores=12,sockets=1,nodes=1",performance,rustc 1.97.0 (2d8144b78 2026-07-07),22.1.6,cargo 1.97.0 (c980f4866 2026-06-30),"release,lto=thin,debug=true",/home/bob/.cache/mess-bench,/dev/nvme0n1p3,ext4,/home,Samsung SSD 970 EVO Plus 2TB,[none] mq-deadline kyber bfq,249458040832,4096,1024,payload[i]=(i*131+17)&0xff,3.931640625,accepted,,1025,2050,0,44,bytes,496100,451000,33734800,132,0,0,1024,0,0,6712982,6772195,148170,181709,188030,3.930,3.930
e000308,exploratory,pwritev_full_8m,baseline,1,4,ABBA,k_pwrite,process,24,10,1025,4,new_name,synthetic_sweep,1,54215100a825da9eb7cfbd8f045e54ef05fb29bd,false,1b36f48efea63210dfeeee7270dea968ab5ba58da27f90aa42845eb8a64a6649,12b1dafe765a77d1a17115b0ae12cff973f20ed7d6d770fbd790695fe081288e,0e4833553be7825885da5ea99bceab292cc8abee6414d58b31864afe8ca9f944,c89b17de3d4d36a4e106517b0737619bd65f0e2877d95adbf2f297762f71fb7b,6e938dfcd266a2b0eac811d7ea7eabbd5b217965f88efa81371465134dbcab11,2026-07-15T18:46:02.617222+00:00,8o8-arch,7.0.12-arch1-1,AMD Ryzen 9 3900X 12-Core Processor,"logical=24,cores=12,sockets=1,nodes=1",performance,rustc 1.97.0 (2d8144b78 2026-07-07),22.1.6,cargo 1.97.0 (c980f4866 2026-06-30),"release,lto=thin,debug=true",/home/bob/.cache/mess-bench,/dev/nvme0n1p3,ext4,/home,Samsung SSD 970 EVO Plus 2TB,[none] mq-deadline kyber bfq,249458036736,4096,1024,payload[i]=(i*131+17)&0xff,3.931640625,accepted,,1025,2050,0,44,bytes,496100,451000,33734800,90200,0,0,0,0,0,74335498,74895125,1605539,2027529,3288828,3.930,3.930
e000309,exploratory,pwritev_256_8m,candidate,1,1,BAAB,pwritev_256_8m,process,24,10,1025,4,new_name,synthetic_sweep,1,54215100a825da9eb7cfbd8f045e54ef05fb29bd,false,1b36f48efea63210dfeeee7270dea968ab5ba58da27f90aa42845eb8a64a6649,12b1dafe765a77d1a17115b0ae12cff973f20ed7d6d770fbd790695fe081288e,0e4833553be7825885da5ea99bceab292cc8abee6414d58b31864afe8ca9f944,c89b17de3d4d36a4e106517b0737619bd65f0e2877d95adbf2f297762f71fb7b,6e938dfcd266a2b0eac811d7ea7eabbd5b217965f88efa81371465134dbcab11,2026-07-15T18:46:03.640416+00:00,8o8-arch,7.0.12-arch1-1,AMD Ryzen 9 3900X 12-Core Processor,"logical=24,cores=12,sockets=1,nodes=1",performance,rustc 1.97.0 (2d8144b78 2026-07-07),22.1.6,cargo 1.97.0 (c980f4866 2026-06-30),"release,lto=thin,debug=true",/home/bob/.cache/mess-bench,/dev/nvme0n1p3,ext4,/home,Samsung SSD 970 EVO Plus 2TB,[none] mq-deadline kyber bfq,249458036736,4096,1024,payload[i]=(i*131+17)&0xff,3.931640625,accepted,,1025,2050,0,44,bytes,496100,451000,33734800,396,0,0,256,0,0,7697072,7761734,171980,195850,259409,3.930,3.930
e000310,exploratory,pwritev_256_8m,baseline,1,2,BAAB,k_pwrite,process,24,10,1025,4,new_name,synthetic_sweep,1,54215100a825da9eb7cfbd8f045e54ef05fb29bd,false,1b36f48efea63210dfeeee7270dea968ab5ba58da27f90aa42845eb8a64a6649,12b1dafe765a77d1a17115b0ae12cff973f20ed7d6d770fbd790695fe081288e,0e4833553be7825885da5ea99bceab292cc8abee6414d58b31864afe8ca9f944,c89b17de3d4d36a4e106517b0737619bd65f0e2877d95adbf2f297762f71fb7b,6e938dfcd266a2b0eac811d7ea7eabbd5b217965f88efa81371465134dbcab11,2026-07-15T18:46:04.665849+00:00,8o8-arch,7.0.12-arch1-1,AMD Ryzen 9 3900X 12-Core Processor,"logical=24,cores=12,sockets=1,nodes=1",performance,rustc 1.97.0 (2d8144b78 2026-07-07),22.1.6,cargo 1.97.0 (c980f4866 2026-06-30),"release,lto=thin,debug=true",/home/bob/.cache/mess-bench,/dev/nvme0n1p3,ext4,/home,Samsung SSD 970 EVO Plus 2TB,[none] mq-deadline kyber bfq,249458032640,4096,1024,payload[i]=(i*131+17)&0xff,3.931640625,accepted,,1025,2050,0,44,bytes,496100,451000,33734800,90200,0,0,0,0,0,72491448,73048606,1602389,1728039,2795629,3.930,3.930
e000311,exploratory,pwritev_256_8m,baseline,1,3,BAAB,k_pwrite,process,24,10,1025,4,new_name,synthetic_sweep,1,54215100a825da9eb7cfbd8f045e54ef05fb29bd,false,1b36f48efea63210dfeeee7270dea968ab5ba58da27f90aa42845eb8a64a6649,12b1dafe765a77d1a17115b0ae12cff973f20ed7d6d770fbd790695fe081288e,0e4833553be7825885da5ea99bceab292cc8abee6414d58b31864afe8ca9f944,c89b17de3d4d36a4e106517b0737619bd65f0e2877d95adbf2f297762f71fb7b,6e938dfcd266a2b0eac811d7ea7eabbd5b217965f88efa81371465134dbcab11,2026-07-15T18:46:05.697743+00:00,8o8-arch,7.0.12-arch1-1,AMD Ryzen 9 3900X 12-Core Processor,"logical=24,cores=12,sockets=1,nodes=1",performance,rustc 1.97.0 (2d8144b78 2026-07-07),22.1.6,cargo 1.97.0 (c980f4866 2026-06-30),"release,lto=thin,debug=true",/home/bob/.cache/mess-bench,/dev/nvme0n1p3,ext4,/home,Samsung SSD 970 EVO Plus 2TB,[none] mq-deadline kyber bfq,249458028544,4096,1024,payload[i]=(i*131+17)&0xff,3.931640625,accepted,,1025,2050,0,44,bytes,496100,451000,33734800,90200,0,0,0,0,0,77173120,77909063,1620189,1812249,4846277,3.930,3.930
e000312,exploratory,pwritev_256_8m,candidate,1,4,BAAB,pwritev_256_8m,process,24,10,1025,4,new_name,synthetic_sweep,1,54215100a825da9eb7cfbd8f045e54ef05fb29bd,false,1b36f48efea63210dfeeee7270dea968ab5ba58da27f90aa42845eb8a64a6649,12b1dafe765a77d1a17115b0ae12cff973f20ed7d6d770fbd790695fe081288e,0e4833553be7825885da5ea99bceab292cc8abee6414d58b31864afe8ca9f944,c89b17de3d4d36a4e106517b0737619bd65f0e2877d95adbf2f297762f71fb7b,6e938dfcd266a2b0eac811d7ea7eabbd5b217965f88efa81371465134dbcab11,2026-07-15T18:46:06.722739+00:00,8o8-arch,7.0.12-arch1-1,AMD Ryzen 9 3900X 12-Core Processor,"logical=24,cores=12,sockets=1,nodes=1",performance,rustc 1.97.0 (2d8144b78 2026-07-07),22.1.6,cargo 1.97.0 (c980f4866 2026-06-30),"release,lto=thin,debug=true",/home/bob/.cache/mess-bench,/dev/nvme0n1p3,ext4,/home,Samsung SSD 970 EVO Plus 2TB,[none] mq-deadline kyber bfq,249458020352,4096,1024,payload[i]=(i*131+17)&0xff,3.69677734375,accepted,,1025,2050,0,44,bytes,496100,451000,33734800,396,0,0,256,0,0,7376842,7443935,164310,189390,238920,3.700,3.700
e000313,exploratory,pwritev_64_8m,baseline,1,1,ABBA,k_pwrite,process,24,10,1025,4,new_name,synthetic_sweep,1,54215100a825da9eb7cfbd8f045e54ef05fb29bd,false,1b36f48efea63210dfeeee7270dea968ab5ba58da27f90aa42845eb8a64a6649,12b1dafe765a77d1a17115b0ae12cff973f20ed7d6d770fbd790695fe081288e,0e4833553be7825885da5ea99bceab292cc8abee6414d58b31864afe8ca9f944,c89b17de3d4d36a4e106517b0737619bd65f0e2877d95adbf2f297762f71fb7b,6e938dfcd266a2b0eac811d7ea7eabbd5b217965f88efa81371465134dbcab11,2026-07-15T18:46:07.750295+00:00,8o8-arch,7.0.12-arch1-1,AMD Ryzen 9 3900X 12-Core Processor,"logical=24,cores=12,sockets=1,nodes=1",performance,rustc 1.97.0 (2d8144b78 2026-07-07),22.1.6,cargo 1.97.0 (c980f4866 2026-06-30),"release,lto=thin,debug=true",/home/bob/.cache/mess-bench,/dev/nvme0n1p3,ext4,/home,Samsung SSD 970 EVO Plus 2TB,[none] mq-deadline kyber bfq,249458020352,4096,1024,payload[i]=(i*131+17)&0xff,3.69677734375,accepted,,1025,2050,0,44,bytes,496100,451000,33734800,90200,0,0,0,0,0,73215649,74254085,1611669,1963688,3066178,3.700,3.700
e000314,exploratory,pwritev_64_8m,candidate,1,2,ABBA,pwritev_64_8m,process,24,10,1025,4,new_name,synthetic_sweep,1,54215100a825da9eb7cfbd8f045e54ef05fb29bd,false,1b36f48efea63210dfeeee7270dea968ab5ba58da27f90aa42845eb8a64a6649,12b1dafe765a77d1a17115b0ae12cff973f20ed7d6d770fbd790695fe081288e,0e4833553be7825885da5ea99bceab292cc8abee6414d58b31864afe8ca9f944,c89b17de3d4d36a4e106517b0737619bd65f0e2877d95adbf2f297762f71fb7b,6e938dfcd266a2b0eac811d7ea7eabbd5b217965f88efa81371465134dbcab11,2026-07-15T18:46:08.772113+00:00,8o8-arch,7.0.12-arch1-1,AMD Ryzen 9 3900X 12-Core Processor,"logical=24,cores=12,sockets=1,nodes=1",performance,rustc 1.97.0 (2d8144b78 2026-07-07),22.1.6,cargo 1.97.0 (c980f4866 2026-06-30),"release,lto=thin,debug=true",/home/bob/.cache/mess-bench,/dev/nvme0n1p3,ext4,/home,Samsung SSD 970 EVO Plus 2TB,[none] mq-deadline kyber bfq,249458008064,4096,1024,payload[i]=(i*131+17)&0xff,3.69677734375,accepted,,1025,2050,0,44,bytes,496100,451000,33734800,1452,0,0,64,0,0,10137403,11348612,212839,250210,2014729,3.700,3.700
e000315,exploratory,pwritev_64_8m,candidate,1,3,ABBA,pwritev_64_8m,process,24,10,1025,4,new_name,synthetic_sweep,1,54215100a825da9eb7cfbd8f045e54ef05fb29bd,false,1b36f48efea63210dfeeee7270dea968ab5ba58da27f90aa42845eb8a64a6649,12b1dafe765a77d1a17115b0ae12cff973f20ed7d6d770fbd790695fe081288e,0e4833553be7825885da5ea99bceab292cc8abee6414d58b31864afe8ca9f944,c89b17de3d4d36a4e106517b0737619bd65f0e2877d95adbf2f297762f71fb7b,6e938dfcd266a2b0eac811d7ea7eabbd5b217965f88efa81371465134dbcab11,2026-07-15T18:46:09.803117+00:00,8o8-arch,7.0.12-arch1-1,AMD Ryzen 9 3900X 12-Core Processor,"logical=24,cores=12,sockets=1,nodes=1",performance,rustc 1.97.0 (2d8144b78 2026-07-07),22.1.6,cargo 1.97.0 (c980f4866 2026-06-30),"release,lto=thin,debug=true",/home/bob/.cache/mess-bench,/dev/nvme0n1p3,ext4,/home,Samsung SSD 970 EVO Plus 2TB,[none] mq-deadline kyber bfq,249458012160,4096,1024,payload[i]=(i*131+17)&0xff,3.69677734375,accepted,,1025,2050,0,44,bytes,496100,451000,33734800,1452,0,0,64,0,0,9140012,9235813,206720,238310,250800,3.700,3.700
e000316,exploratory,pwritev_64_8m,baseline,1,4,ABBA,k_pwrite,process,24,10,1025,4,new_name,synthetic_sweep,1,54215100a825da9eb7cfbd8f045e54ef05fb29bd,false,1b36f48efea63210dfeeee7270dea968ab5ba58da27f90aa42845eb8a64a6649,12b1dafe765a77d1a17115b0ae12cff973f20ed7d6d770fbd790695fe081288e,0e4833553be7825885da5ea99bceab292cc8abee6414d58b31864afe8ca9f944,c89b17de3d4d36a4e106517b0737619bd65f0e2877d95adbf2f297762f71fb7b,6e938dfcd266a2b0eac811d7ea7eabbd5b217965f88efa81371465134dbcab11,2026-07-15T18:46:10.828781+00:00,8o8-arch,7.0.12-arch1-1,AMD Ryzen 9 3900X 12-Core Processor,"logical=24,cores=12,sockets=1,nodes=1",performance,rustc 1.97.0 (2d8144b78 2026-07-07),22.1.6,cargo 1.97.0 (c980f4866 2026-06-30),"release,lto=thin,debug=true",/home/bob/.cache/mess-bench,/dev/nvme0n1p3,ext4,/home,Samsung SSD 970 EVO Plus 2TB,[none] mq-deadline kyber bfq,249458012160,4096,1024,payload[i]=(i*131+17)&0xff,3.69677734375,accepted,,1025,2050,0,44,bytes,496100,451000,33734800,90200,0,0,0,0,0,77513500,78095763,1610748,1809819,5233186,3.700,3.720
e000317,exploratory,copy_contiguous,candidate,1,1,BAAB,copy_contiguous,process,24,10,1025,4,new_name,synthetic_sweep,1,54215100a825da9eb7cfbd8f045e54ef05fb29bd,false,1b36f48efea63210dfeeee7270dea968ab5ba58da27f90aa42845eb8a64a6649,12b1dafe765a77d1a17115b0ae12cff973f20ed7d6d770fbd790695fe081288e,0e4833553be7825885da5ea99bceab292cc8abee6414d58b31864afe8ca9f944,c89b17de3d4d36a4e106517b0737619bd65f0e2877d95adbf2f297762f71fb7b,6e938dfcd266a2b0eac811d7ea7eabbd5b217965f88efa81371465134dbcab11,2026-07-15T18:46:11.852969+00:00,8o8-arch,7.0.12-arch1-1,AMD Ryzen 9 3900X 12-Core Processor,"logical=24,cores=12,sockets=1,nodes=1",performance,rustc 1.97.0 (2d8144b78 2026-07-07),22.1.6,cargo 1.97.0 (c980f4866 2026-06-30),"release,lto=thin,debug=true",/home/bob/.cache/mess-bench,/dev/nvme0n1p3,ext4,/home,Samsung SSD 970 EVO Plus 2TB,[none] mq-deadline kyber bfq,249458008064,4096,1024,payload[i]=(i*131+17)&0xff,3.72119140625,accepted,,1025,2050,0,44,bytes,496100,451000,33734800,44,0,0,0,33734800,0,5489481,5595586,121610,152160,236440,3.720,3.720
e000318,exploratory,copy_contiguous,baseline,1,2,BAAB,k_pwrite,process,24,10,1025,4,new_name,synthetic_sweep,1,54215100a825da9eb7cfbd8f045e54ef05fb29bd,false,1b36f48efea63210dfeeee7270dea968ab5ba58da27f90aa42845eb8a64a6649,12b1dafe765a77d1a17115b0ae12cff973f20ed7d6d770fbd790695fe081288e,0e4833553be7825885da5ea99bceab292cc8abee6414d58b31864afe8ca9f944,c89b17de3d4d36a4e106517b0737619bd65f0e2877d95adbf2f297762f71fb7b,6e938dfcd266a2b0eac811d7ea7eabbd5b217965f88efa81371465134dbcab11,2026-07-15T18:46:12.881299+00:00,8o8-arch,7.0.12-arch1-1,AMD Ryzen 9 3900X 12-Core Processor,"logical=24,cores=12,sockets=1,nodes=1",performance,rustc 1.97.0 (2d8144b78 2026-07-07),22.1.6,cargo 1.97.0 (c980f4866 2026-06-30),"release,lto=thin,debug=true",/home/bob/.cache/mess-bench,/dev/nvme0n1p3,ext4,/home,Samsung SSD 970 EVO Plus 2TB,[none] mq-deadline kyber bfq,249457999872,4096,1024,payload[i]=(i*131+17)&0xff,3.72119140625,accepted,,1025,2050,0,44,bytes,496100,451000,33734800,90200,0,0,0,0,0,74622309,75995124,1616919,2325949,2830038,3.720,3.720
e000319,exploratory,copy_contiguous,baseline,1,3,BAAB,k_pwrite,process,24,10,1025,4,new_name,synthetic_sweep,1,54215100a825da9eb7cfbd8f045e54ef05fb29bd,false,1b36f48efea63210dfeeee7270dea968ab5ba58da27f90aa42845eb8a64a6649,12b1dafe765a77d1a17115b0ae12cff973f20ed7d6d770fbd790695fe081288e,0e4833553be7825885da5ea99bceab292cc8abee6414d58b31864afe8ca9f944,c89b17de3d4d36a4e106517b0737619bd65f0e2877d95adbf2f297762f71fb7b,6e938dfcd266a2b0eac811d7ea7eabbd5b217965f88efa81371465134dbcab11,2026-07-15T18:46:13.909892+00:00,8o8-arch,7.0.12-arch1-1,AMD Ryzen 9 3900X 12-Core Processor,"logical=24,cores=12,sockets=1,nodes=1",performance,rustc 1.97.0 (2d8144b78 2026-07-07),22.1.6,cargo 1.97.0 (c980f4866 2026-06-30),"release,lto=thin,debug=true",/home/bob/.cache/mess-bench,/dev/nvme0n1p3,ext4,/home,Samsung SSD 970 EVO Plus 2TB,[none] mq-deadline kyber bfq,249457999872,4096,1024,payload[i]=(i*131+17)&0xff,3.72119140625,accepted,,1025,2050,0,44,bytes,496100,451000,33734800,90200,0,0,0,0,0,78446270,79108732,1640789,2481188,4077567,3.720,3.720
e000320,exploratory,copy_contiguous,candidate,1,4,BAAB,copy_contiguous,process,24,10,1025,4,new_name,synthetic_sweep,1,54215100a825da9eb7cfbd8f045e54ef05fb29bd,false,1b36f48efea63210dfeeee7270dea968ab5ba58da27f90aa42845eb8a64a6649,12b1dafe765a77d1a17115b0ae12cff973f20ed7d6d770fbd790695fe081288e,0e4833553be7825885da5ea99bceab292cc8abee6414d58b31864afe8ca9f944,c89b17de3d4d36a4e106517b0737619bd65f0e2877d95adbf2f297762f71fb7b,6e938dfcd266a2b0eac811d7ea7eabbd5b217965f88efa81371465134dbcab11,2026-07-15T18:46:14.934897+00:00,8o8-arch,7.0.12-arch1-1,AMD Ryzen 9 3900X 12-Core Processor,"logical=24,cores=12,sockets=1,nodes=1",performance,rustc 1.97.0 (2d8144b78 2026-07-07),22.1.6,cargo 1.97.0 (c980f4866 2026-06-30),"release,lto=thin,debug=true",/home/bob/.cache/mess-bench,/dev/nvme0n1p3,ext4,/home,Samsung SSD 970 EVO Plus 2TB,[none] mq-deadline kyber bfq,249457999872,4096,1024,payload[i]=(i*131+17)&0xff,3.72119140625,accepted,,1025,2050,0,44,bytes,496100,451000,33734800,44,0,0,0,33734800,0,5271342,5311166,119280,136359,136749,3.720,3.720
e000321,exploratory,pwritev_full_8m,baseline,1,1,ABBA,k_pwrite,process,24,100,2,2,domain,synthetic_sweep,1,54215100a825da9eb7cfbd8f045e54ef05fb29bd,false,1b36f48efea63210dfeeee7270dea968ab5ba58da27f90aa42845eb8a64a6649,12b1dafe765a77d1a17115b0ae12cff973f20ed7d6d770fbd790695fe081288e,0e4833553be7825885da5ea99bceab292cc8abee6414d58b31864afe8ca9f944,c89b17de3d4d36a4e106517b0737619bd65f0e2877d95adbf2f297762f71fb7b,6e938dfcd266a2b0eac811d7ea7eabbd5b217965f88efa81371465134dbcab11,2026-07-15T18:46:15.958919+00:00,8o8-arch,7.0.12-arch1-1,AMD Ryzen 9 3900X 12-Core Processor,"logical=24,cores=12,sockets=1,nodes=1",performance,rustc 1.97.0 (2d8144b78 2026-07-07),22.1.6,cargo 1.97.0 (c980f4866 2026-06-30),"release,lto=thin,debug=true",/home/bob/.cache/mess-bench,/dev/nvme0n1p3,ext4,/home,Samsung SSD 970 EVO Plus 2TB,[none] mq-deadline kyber bfq,249457999872,4096,1024,payload[i]=(i*131+17)&0xff,3.82373046875,accepted,,2,2,0,3173,bytes,634600,634600,33557648,6346,0,0,0,0,0,7659022,7717395,2340,2370,2960,3.820,3.820
e000322,exploratory,pwritev_full_8m,candidate,1,2,ABBA,pwritev_full_8m,process,24,100,2,2,domain,synthetic_sweep,1,54215100a825da9eb7cfbd8f045e54ef05fb29bd,false,1b36f48efea63210dfeeee7270dea968ab5ba58da27f90aa42845eb8a64a6649,12b1dafe765a77d1a17115b0ae12cff973f20ed7d6d770fbd790695fe081288e,0e4833553be7825885da5ea99bceab292cc8abee6414d58b31864afe8ca9f944,c89b17de3d4d36a4e106517b0737619bd65f0e2877d95adbf2f297762f71fb7b,6e938dfcd266a2b0eac811d7ea7eabbd5b217965f88efa81371465134dbcab11,2026-07-15T18:46:16.987225+00:00,8o8-arch,7.0.12-arch1-1,AMD Ryzen 9 3900X 12-Core Processor,"logical=24,cores=12,sockets=1,nodes=1",performance,rustc 1.97.0 (2d8144b78 2026-07-07),22.1.6,cargo 1.97.0 (c980f4866 2026-06-30),"release,lto=thin,debug=true",/home/bob/.cache/mess-bench,/dev/nvme0n1p3,ext4,/home,Samsung SSD 970 EVO Plus 2TB,[none] mq-deadline kyber bfq,249457995776,4096,1024,payload[i]=(i*131+17)&0xff,3.82373046875,accepted,,2,2,0,3173,bytes,634600,634600,33557648,3173,0,0,2,0,0,6256681,6746295,1790,2090,3190,3.820,3.820
e000323,exploratory,pwritev_full_8m,candidate,1,3,ABBA,pwritev_full_8m,process,24,100,2,2,domain,synthetic_sweep,1,54215100a825da9eb7cfbd8f045e54ef05fb29bd,false,1b36f48efea63210dfeeee7270dea968ab5ba58da27f90aa42845eb8a64a6649,12b1dafe765a77d1a17115b0ae12cff973f20ed7d6d770fbd790695fe081288e,0e4833553be7825885da5ea99bceab292cc8abee6414d58b31864afe8ca9f944,c89b17de3d4d36a4e106517b0737619bd65f0e2877d95adbf2f297762f71fb7b,6e938dfcd266a2b0eac811d7ea7eabbd5b217965f88efa81371465134dbcab11,2026-07-15T18:46:18.009385+00:00,8o8-arch,7.0.12-arch1-1,AMD Ryzen 9 3900X 12-Core Processor,"logical=24,cores=12,sockets=1,nodes=1",performance,rustc 1.97.0 (2d8144b78 2026-07-07),22.1.6,cargo 1.97.0 (c980f4866 2026-06-30),"release,lto=thin,debug=true",/home/bob/.cache/mess-bench,/dev/nvme0n1p3,ext4,/home,Samsung SSD 970 EVO Plus 2TB,[none] mq-deadline kyber bfq,249457995776,4096,1024,payload[i]=(i*131+17)&0xff,3.82373046875,accepted,,2,2,0,3173,bytes,634600,634600,33557648,3173,0,0,2,0,0,6608641,6673635,1800,2370,2390,3.820,3.820
e000324,exploratory,pwritev_full_8m,baseline,1,4,ABBA,k_pwrite,process,24,100,2,2,domain,synthetic_sweep,1,54215100a825da9eb7cfbd8f045e54ef05fb29bd,false,1b36f48efea63210dfeeee7270dea968ab5ba58da27f90aa42845eb8a64a6649,12b1dafe765a77d1a17115b0ae12cff973f20ed7d6d770fbd790695fe081288e,0e4833553be7825885da5ea99bceab292cc8abee6414d58b31864afe8ca9f944,c89b17de3d4d36a4e106517b0737619bd65f0e2877d95adbf2f297762f71fb7b,6e938dfcd266a2b0eac811d7ea7eabbd5b217965f88efa81371465134dbcab11,2026-07-15T18:46:19.039957+00:00,8o8-arch,7.0.12-arch1-1,AMD Ryzen 9 3900X 12-Core Processor,"logical=24,cores=12,sockets=1,nodes=1",performance,rustc 1.97.0 (2d8144b78 2026-07-07),22.1.6,cargo 1.97.0 (c980f4866 2026-06-30),"release,lto=thin,debug=true",/home/bob/.cache/mess-bench,/dev/nvme0n1p3,ext4,/home,Samsung SSD 970 EVO Plus 2TB,[none] mq-deadline kyber bfq,249457987584,4096,1024,payload[i]=(i*131+17)&0xff,3.82373046875,accepted,,2,2,0,3173,bytes,634600,634600,33557648,6346,0,0,0,0,0,7801312,7875274,2330,2900,3230,3.820,3.820
e000325,exploratory,copy_contiguous,candidate,1,1,BAAB,copy_contiguous,process,24,100,2,2,domain,synthetic_sweep,1,54215100a825da9eb7cfbd8f045e54ef05fb29bd,false,1b36f48efea63210dfeeee7270dea968ab5ba58da27f90aa42845eb8a64a6649,12b1dafe765a77d1a17115b0ae12cff973f20ed7d6d770fbd790695fe081288e,0e4833553be7825885da5ea99bceab292cc8abee6414d58b31864afe8ca9f944,c89b17de3d4d36a4e106517b0737619bd65f0e2877d95adbf2f297762f71fb7b,6e938dfcd266a2b0eac811d7ea7eabbd5b217965f88efa81371465134dbcab11,2026-07-15T18:46:20.070200+00:00,8o8-arch,7.0.12-arch1-1,AMD Ryzen 9 3900X 12-Core Processor,"logical=24,cores=12,sockets=1,nodes=1",performance,rustc 1.97.0 (2d8144b78 2026-07-07),22.1.6,cargo 1.97.0 (c980f4866 2026-06-30),"release,lto=thin,debug=true",/home/bob/.cache/mess-bench,/dev/nvme0n1p3,ext4,/home,Samsung SSD 970 EVO Plus 2TB,[none] mq-deadline kyber bfq,249457987584,4096,1024,payload[i]=(i*131+17)&0xff,3.82373046875,accepted,,2,2,0,3173,bytes,634600,634600,33557648,3173,0,0,0,33557648,0,5977891,6044706,1760,2320,2490,3.820,3.820
e000326,exploratory,copy_contiguous,baseline,1,2,BAAB,k_pwrite,process,24,100,2,2,domain,synthetic_sweep,1,54215100a825da9eb7cfbd8f045e54ef05fb29bd,false,1b36f48efea63210dfeeee7270dea968ab5ba58da27f90aa42845eb8a64a6649,12b1dafe765a77d1a17115b0ae12cff973f20ed7d6d770fbd790695fe081288e,0e4833553be7825885da5ea99bceab292cc8abee6414d58b31864afe8ca9f944,c89b17de3d4d36a4e106517b0737619bd65f0e2877d95adbf2f297762f71fb7b,6e938dfcd266a2b0eac811d7ea7eabbd5b217965f88efa81371465134dbcab11,2026-07-15T18:46:21.100481+00:00,8o8-arch,7.0.12-arch1-1,AMD Ryzen 9 3900X 12-Core Processor,"logical=24,cores=12,sockets=1,nodes=1",performance,rustc 1.97.0 (2d8144b78 2026-07-07),22.1.6,cargo 1.97.0 (c980f4866 2026-06-30),"release,lto=thin,debug=true",/home/bob/.cache/mess-bench,/dev/nvme0n1p3,ext4,/home,Samsung SSD 970 EVO Plus 2TB,[none] mq-deadline kyber bfq,249457983488,4096,1024,payload[i]=(i*131+17)&0xff,3.59716796875,accepted,,2,2,0,3173,bytes,634600,634600,33557648,6346,0,0,0,0,0,7724632,7779615,2330,2700,2960,3.600,3.600
e000327,exploratory,copy_contiguous,baseline,1,3,BAAB,k_pwrite,process,24,100,2,2,domain,synthetic_sweep,1,54215100a825da9eb7cfbd8f045e54ef05fb29bd,false,1b36f48efea63210dfeeee7270dea968ab5ba58da27f90aa42845eb8a64a6649,12b1dafe765a77d1a17115b0ae12cff973f20ed7d6d770fbd790695fe081288e,0e4833553be7825885da5ea99bceab292cc8abee6414d58b31864afe8ca9f944,c89b17de3d4d36a4e106517b0737619bd65f0e2877d95adbf2f297762f71fb7b,6e938dfcd266a2b0eac811d7ea7eabbd5b217965f88efa81371465134dbcab11,2026-07-15T18:46:22.132383+00:00,8o8-arch,7.0.12-arch1-1,AMD Ryzen 9 3900X 12-Core Processor,"logical=24,cores=12,sockets=1,nodes=1",performance,rustc 1.97.0 (2d8144b78 2026-07-07),22.1.6,cargo 1.97.0 (c980f4866 2026-06-30),"release,lto=thin,debug=true",/home/bob/.cache/mess-bench,/dev/nvme0n1p3,ext4,/home,Samsung SSD 970 EVO Plus 2TB,[none] mq-deadline kyber bfq,249457979392,4096,1024,payload[i]=(i*131+17)&0xff,3.59716796875,accepted,,2,2,0,3173,bytes,634600,634600,33557648,6346,0,0,0,0,0,7822462,7886444,2350,2780,3060,3.600,3.600
e000328,exploratory,copy_contiguous,candidate,1,4,BAAB,copy_contiguous,process,24,100,2,2,domain,synthetic_sweep,1,54215100a825da9eb7cfbd8f045e54ef05fb29bd,false,1b36f48efea63210dfeeee7270dea968ab5ba58da27f90aa42845eb8a64a6649,12b1dafe765a77d1a17115b0ae12cff973f20ed7d6d770fbd790695fe081288e,0e4833553be7825885da5ea99bceab292cc8abee6414d58b31864afe8ca9f944,c89b17de3d4d36a4e106517b0737619bd65f0e2877d95adbf2f297762f71fb7b,6e938dfcd266a2b0eac811d7ea7eabbd5b217965f88efa81371465134dbcab11,2026-07-15T18:46:23.165584+00:00,8o8-arch,7.0.12-arch1-1,AMD Ryzen 9 3900X 12-Core Processor,"logical=24,cores=12,sockets=1,nodes=1",performance,rustc 1.97.0 (2d8144b78 2026-07-07),22.1.6,cargo 1.97.0 (c980f4866 2026-06-30),"release,lto=thin,debug=true",/home/bob/.cache/mess-bench,/dev/nvme0n1p3,ext4,/home,Samsung SSD 970 EVO Plus 2TB,[none] mq-deadline kyber bfq,249457975296,4096,1024,payload[i]=(i*131+17)&0xff,3.59716796875,accepted,,2,2,0,3173,bytes,634600,634600,33557648,3173,0,0,0,33557648,0,6942921,7021305,2190,2330,2460,3.600,3.600
e000329,exploratory,pwritev_full_8m,baseline,1,1,ABBA,k_pwrite,process,24,100,2,2,new_name,synthetic_sweep,1,54215100a825da9eb7cfbd8f045e54ef05fb29bd,false,1b36f48efea63210dfeeee7270dea968ab5ba58da27f90aa42845eb8a64a6649,12b1dafe765a77d1a17115b0ae12cff973f20ed7d6d770fbd790695fe081288e,0e4833553be7825885da5ea99bceab292cc8abee6414d58b31864afe8ca9f944,c89b17de3d4d36a4e106517b0737619bd65f0e2877d95adbf2f297762f71fb7b,6e938dfcd266a2b0eac811d7ea7eabbd5b217965f88efa81371465134dbcab11,2026-07-15T18:46:24.195876+00:00,8o8-arch,7.0.12-arch1-1,AMD Ryzen 9 3900X 12-Core Processor,"logical=24,cores=12,sockets=1,nodes=1",performance,rustc 1.97.0 (2d8144b78 2026-07-07),22.1.6,cargo 1.97.0 (c980f4866 2026-06-30),"release,lto=thin,debug=true",/home/bob/.cache/mess-bench,/dev/nvme0n1p3,ext4,/home,Samsung SSD 970 EVO Plus 2TB,[none] mq-deadline kyber bfq,249457975296,4096,1024,payload[i]=(i*131+17)&0xff,3.59716796875,accepted,,2,4,0,3091,bytes,624382,618200,33555896,12364,0,0,0,0,0,11953953,12034351,3770,3830,4770,3.600,3.600
e000330,exploratory,pwritev_full_8m,candidate,1,2,ABBA,pwritev_full_8m,process,24,100,2,2,new_name,synthetic_sweep,1,54215100a825da9eb7cfbd8f045e54ef05fb29bd,false,1b36f48efea63210dfeeee7270dea968ab5ba58da27f90aa42845eb8a64a6649,12b1dafe765a77d1a17115b0ae12cff973f20ed7d6d770fbd790695fe081288e,0e4833553be7825885da5ea99bceab292cc8abee6414d58b31864afe8ca9f944,c89b17de3d4d36a4e106517b0737619bd65f0e2877d95adbf2f297762f71fb7b,6e938dfcd266a2b0eac811d7ea7eabbd5b217965f88efa81371465134dbcab11,2026-07-15T18:46:25.223388+00:00,8o8-arch,7.0.12-arch1-1,AMD Ryzen 9 3900X 12-Core Processor,"logical=24,cores=12,sockets=1,nodes=1",performance,rustc 1.97.0 (2d8144b78 2026-07-07),22.1.6,cargo 1.97.0 (c980f4866 2026-06-30),"release,lto=thin,debug=true",/home/bob/.cache/mess-bench,/dev/nvme0n1p3,ext4,/home,Samsung SSD 970 EVO Plus 2TB,[none] mq-deadline kyber bfq,249457967104,4096,1024,payload[i]=(i*131+17)&0xff,3.59716796875,accepted,,2,4,0,3091,bytes,624382,618200,33555896,3091,0,0,4,0,0,6374251,6433056,1850,2000,2470,3.600,3.600
e000331,exploratory,pwritev_full_8m,candidate,1,3,ABBA,pwritev_full_8m,process,24,100,2,2,new_name,synthetic_sweep,1,54215100a825da9eb7cfbd8f045e54ef05fb29bd,false,1b36f48efea63210dfeeee7270dea968ab5ba58da27f90aa42845eb8a64a6649,12b1dafe765a77d1a17115b0ae12cff973f20ed7d6d770fbd790695fe081288e,0e4833553be7825885da5ea99bceab292cc8abee6414d58b31864afe8ca9f944,c89b17de3d4d36a4e106517b0737619bd65f0e2877d95adbf2f297762f71fb7b,6e938dfcd266a2b0eac811d7ea7eabbd5b217965f88efa81371465134dbcab11,2026-07-15T18:46:26.250446+00:00,8o8-arch,7.0.12-arch1-1,AMD Ryzen 9 3900X 12-Core Processor,"logical=24,cores=12,sockets=1,nodes=1",performance,rustc 1.97.0 (2d8144b78 2026-07-07),22.1.6,cargo 1.97.0 (c980f4866 2026-06-30),"release,lto=thin,debug=true",/home/bob/.cache/mess-bench,/dev/nvme0n1p3,ext4,/home,Samsung SSD 970 EVO Plus 2TB,[none] mq-deadline kyber bfq,249457963008,4096,1024,payload[i]=(i*131+17)&0xff,3.46923828125,accepted,,2,4,0,3091,bytes,624382,618200,33555896,3091,0,0,4,0,0,6464762,6976225,1840,2130,2590,3.470,3.470
e000332,exploratory,pwritev_full_8m,baseline,1,4,ABBA,k_pwrite,process,24,100,2,2,new_name,synthetic_sweep,1,54215100a825da9eb7cfbd8f045e54ef05fb29bd,false,1b36f48efea63210dfeeee7270dea968ab5ba58da27f90aa42845eb8a64a6649,12b1dafe765a77d1a17115b0ae12cff973f20ed7d6d770fbd790695fe081288e,0e4833553be7825885da5ea99bceab292cc8abee6414d58b31864afe8ca9f944,c89b17de3d4d36a4e106517b0737619bd65f0e2877d95adbf2f297762f71fb7b,6e938dfcd266a2b0eac811d7ea7eabbd5b217965f88efa81371465134dbcab11,2026-07-15T18:46:27.273130+00:00,8o8-arch,7.0.12-arch1-1,AMD Ryzen 9 3900X 12-Core Processor,"logical=24,cores=12,sockets=1,nodes=1",performance,rustc 1.97.0 (2d8144b78 2026-07-07),22.1.6,cargo 1.97.0 (c980f4866 2026-06-30),"release,lto=thin,debug=true",/home/bob/.cache/mess-bench,/dev/nvme0n1p3,ext4,/home,Samsung SSD 970 EVO Plus 2TB,[none] mq-deadline kyber bfq,249457963008,4096,1024,payload[i]=(i*131+17)&0xff,3.46923828125,accepted,,2,4,0,3091,bytes,624382,618200,33555896,12364,0,0,0,0,0,15472074,15617699,4300,5640,19320,3.470,3.470
e000333,exploratory,copy_contiguous,candidate,1,1,BAAB,copy_contiguous,process,24,100,2,2,new_name,synthetic_sweep,1,54215100a825da9eb7cfbd8f045e54ef05fb29bd,false,1b36f48efea63210dfeeee7270dea968ab5ba58da27f90aa42845eb8a64a6649,12b1dafe765a77d1a17115b0ae12cff973f20ed7d6d770fbd790695fe081288e,0e4833553be7825885da5ea99bceab292cc8abee6414d58b31864afe8ca9f944,c89b17de3d4d36a4e106517b0737619bd65f0e2877d95adbf2f297762f71fb7b,6e938dfcd266a2b0eac811d7ea7eabbd5b217965f88efa81371465134dbcab11,2026-07-15T18:46:28.304115+00:00,8o8-arch,7.0.12-arch1-1,AMD Ryzen 9 3900X 12-Core Processor,"logical=24,cores=12,sockets=1,nodes=1",performance,rustc 1.97.0 (2d8144b78 2026-07-07),22.1.6,cargo 1.97.0 (c980f4866 2026-06-30),"release,lto=thin,debug=true",/home/bob/.cache/mess-bench,/dev/nvme0n1p3,ext4,/home,Samsung SSD 970 EVO Plus 2TB,[none] mq-deadline kyber bfq,249457963008,4096,1024,payload[i]=(i*131+17)&0xff,3.46923828125,accepted,,2,4,0,3091,bytes,624382,618200,33555896,3091,0,0,0,33555896,0,6114181,6179125,1790,2460,2780,3.470,3.470
e000334,exploratory,copy_contiguous,baseline,1,2,BAAB,k_pwrite,process,24,100,2,2,new_name,synthetic_sweep,1,54215100a825da9eb7cfbd8f045e54ef05fb29bd,false,1b36f48efea63210dfeeee7270dea968ab5ba58da27f90aa42845eb8a64a6649,12b1dafe765a77d1a17115b0ae12cff973f20ed7d6d770fbd790695fe081288e,0e4833553be7825885da5ea99bceab292cc8abee6414d58b31864afe8ca9f944,c89b17de3d4d36a4e106517b0737619bd65f0e2877d95adbf2f297762f71fb7b,6e938dfcd266a2b0eac811d7ea7eabbd5b217965f88efa81371465134dbcab11,2026-07-15T18:46:29.333544+00:00,8o8-arch,7.0.12-arch1-1,AMD Ryzen 9 3900X 12-Core Processor,"logical=24,cores=12,sockets=1,nodes=1",performance,rustc 1.97.0 (2d8144b78 2026-07-07),22.1.6,cargo 1.97.0 (c980f4866 2026-06-30),"release,lto=thin,debug=true",/home/bob/.cache/mess-bench,/dev/nvme0n1p3,ext4,/home,Samsung SSD 970 EVO Plus 2TB,[none] mq-deadline kyber bfq,249457954816,4096,1024,payload[i]=(i*131+17)&0xff,3.46923828125,accepted,,2,4,0,3091,bytes,624382,618200,33555896,12364,0,0,0,0,0,12060013,12171371,3760,4400,5690,3.470,3.470
e000335,exploratory,copy_contiguous,baseline,1,3,BAAB,k_pwrite,process,24,100,2,2,new_name,synthetic_sweep,1,54215100a825da9eb7cfbd8f045e54ef05fb29bd,false,1b36f48efea63210dfeeee7270dea968ab5ba58da27f90aa42845eb8a64a6649,12b1dafe765a77d1a17115b0ae12cff973f20ed7d6d770fbd790695fe081288e,0e4833553be7825885da5ea99bceab292cc8abee6414d58b31864afe8ca9f944,c89b17de3d4d36a4e106517b0737619bd65f0e2877d95adbf2f297762f71fb7b,6e938dfcd266a2b0eac811d7ea7eabbd5b217965f88efa81371465134dbcab11,2026-07-15T18:46:30.359066+00:00,8o8-arch,7.0.12-arch1-1,AMD Ryzen 9 3900X 12-Core Processor,"logical=24,cores=12,sockets=1,nodes=1",performance,rustc 1.97.0 (2d8144b78 2026-07-07),22.1.6,cargo 1.97.0 (c980f4866 2026-06-30),"release,lto=thin,debug=true",/home/bob/.cache/mess-bench,/dev/nvme0n1p3,ext4,/home,Samsung SSD 970 EVO Plus 2TB,[none] mq-deadline kyber bfq,249457950720,4096,1024,payload[i]=(i*131+17)&0xff,3.46923828125,accepted,,2,4,0,3091,bytes,624382,618200,33555896,12364,0,0,0,0,0,12175393,12267861,3790,4590,4830,3.470,3.470
e000336,exploratory,copy_contiguous,candidate,1,4,BAAB,copy_contiguous,process,24,100,2,2,new_name,synthetic_sweep,1,54215100a825da9eb7cfbd8f045e54ef05fb29bd,false,1b36f48efea63210dfeeee7270dea968ab5ba58da27f90aa42845eb8a64a6649,12b1dafe765a77d1a17115b0ae12cff973f20ed7d6d770fbd790695fe081288e,0e4833553be7825885da5ea99bceab292cc8abee6414d58b31864afe8ca9f944,c89b17de3d4d36a4e106517b0737619bd65f0e2877d95adbf2f297762f71fb7b,6e938dfcd266a2b0eac811d7ea7eabbd5b217965f88efa81371465134dbcab11,2026-07-15T18:46:31.386894+00:00,8o8-arch,7.0.12-arch1-1,AMD Ryzen 9 3900X 12-Core Processor,"logical=24,cores=12,sockets=1,nodes=1",performance,rustc 1.97.0 (2d8144b78 2026-07-07),22.1.6,cargo 1.97.0 (c980f4866 2026-06-30),"release,lto=thin,debug=true",/home/bob/.cache/mess-bench,/dev/nvme0n1p3,ext4,/home,Samsung SSD 970 EVO Plus 2TB,[none] mq-deadline kyber bfq,249457946624,4096,1024,payload[i]=(i*131+17)&0xff,3.51220703125,accepted,,2,4,0,3091,bytes,624382,618200,33555896,3091,0,0,0,33555896,0,6078092,6123666,1790,2300,2870,3.510,3.510
e000337,exploratory,pwritev_full_8m,baseline,1,1,ABBA,k_pwrite,process,24,100,4,4,domain,synthetic_sweep,1,54215100a825da9eb7cfbd8f045e54ef05fb29bd,false,1b36f48efea63210dfeeee7270dea968ab5ba58da27f90aa42845eb8a64a6649,12b1dafe765a77d1a17115b0ae12cff973f20ed7d6d770fbd790695fe081288e,0e4833553be7825885da5ea99bceab292cc8abee6414d58b31864afe8ca9f944,c89b17de3d4d36a4e106517b0737619bd65f0e2877d95adbf2f297762f71fb7b,6e938dfcd266a2b0eac811d7ea7eabbd5b217965f88efa81371465134dbcab11,2026-07-15T18:46:32.415809+00:00,8o8-arch,7.0.12-arch1-1,AMD Ryzen 9 3900X 12-Core Processor,"logical=24,cores=12,sockets=1,nodes=1",performance,rustc 1.97.0 (2d8144b78 2026-07-07),22.1.6,cargo 1.97.0 (c980f4866 2026-06-30),"release,lto=thin,debug=true",/home/bob/.cache/mess-bench,/dev/nvme0n1p3,ext4,/home,Samsung SSD 970 EVO Plus 2TB,[none] mq-deadline kyber bfq,249457946624,4096,1024,payload[i]=(i*131+17)&0xff,3.51220703125,accepted,,4,4,0,1587,bytes,634800,634800,33568224,6348,0,0,0,0,0,9661962,9910912,5100,6010,23310,3.510,3.510
e000338,exploratory,pwritev_full_8m,candidate,1,2,ABBA,pwritev_full_8m,process,24,100,4,4,domain,synthetic_sweep,1,54215100a825da9eb7cfbd8f045e54ef05fb29bd,false,1b36f48efea63210dfeeee7270dea968ab5ba58da27f90aa42845eb8a64a6649,12b1dafe765a77d1a17115b0ae12cff973f20ed7d6d770fbd790695fe081288e,0e4833553be7825885da5ea99bceab292cc8abee6414d58b31864afe8ca9f944,c89b17de3d4d36a4e106517b0737619bd65f0e2877d95adbf2f297762f71fb7b,6e938dfcd266a2b0eac811d7ea7eabbd5b217965f88efa81371465134dbcab11,2026-07-15T18:46:33.444468+00:00,8o8-arch,7.0.12-arch1-1,AMD Ryzen 9 3900X 12-Core Processor,"logical=24,cores=12,sockets=1,nodes=1",performance,rustc 1.97.0 (2d8144b78 2026-07-07),22.1.6,cargo 1.97.0 (c980f4866 2026-06-30),"release,lto=thin,debug=true",/home/bob/.cache/mess-bench,/dev/nvme0n1p3,ext4,/home,Samsung SSD 970 EVO Plus 2TB,[none] mq-deadline kyber bfq,249457938432,4096,1024,payload[i]=(i*131+17)&0xff,3.51220703125,accepted,,4,4,0,1587,bytes,634800,634800,33568224,1587,0,0,4,0,0,4683131,4722677,2840,3220,4000,3.510,3.510
e000339,exploratory,pwritev_full_8m,candidate,1,3,ABBA,pwritev_full_8m,process,24,100,4,4,domain,synthetic_sweep,1,54215100a825da9eb7cfbd8f045e54ef05fb29bd,false,1b36f48efea63210dfeeee7270dea968ab5ba58da27f90aa42845eb8a64a6649,12b1dafe765a77d1a17115b0ae12cff973f20ed7d6d770fbd790695fe081288e,0e4833553be7825885da5ea99bceab292cc8abee6414d58b31864afe8ca9f944,c89b17de3d4d36a4e106517b0737619bd65f0e2877d95adbf2f297762f71fb7b,6e938dfcd266a2b0eac811d7ea7eabbd5b217965f88efa81371465134dbcab11,2026-07-15T18:46:34.473915+00:00,8o8-arch,7.0.12-arch1-1,AMD Ryzen 9 3900X 12-Core Processor,"logical=24,cores=12,sockets=1,nodes=1",performance,rustc 1.97.0 (2d8144b78 2026-07-07),22.1.6,cargo 1.97.0 (c980f4866 2026-06-30),"release,lto=thin,debug=true",/home/bob/.cache/mess-bench,/dev/nvme0n1p3,ext4,/home,Samsung SSD 970 EVO Plus 2TB,[none] mq-deadline kyber bfq,249457938432,4096,1024,payload[i]=(i*131+17)&0xff,3.51220703125,accepted,,4,4,0,1587,bytes,634800,634800,33568224,1587,0,0,4,0,0,4752292,4797617,2830,3410,4250,3.510,3.510
e000340,exploratory,pwritev_full_8m,baseline,1,4,ABBA,k_pwrite,process,24,100,4,4,domain,synthetic_sweep,1,54215100a825da9eb7cfbd8f045e54ef05fb29bd,false,1b36f48efea63210dfeeee7270dea968ab5ba58da27f90aa42845eb8a64a6649,12b1dafe765a77d1a17115b0ae12cff973f20ed7d6d770fbd790695fe081288e,0e4833553be7825885da5ea99bceab292cc8abee6414d58b31864afe8ca9f944,c89b17de3d4d36a4e106517b0737619bd65f0e2877d95adbf2f297762f71fb7b,6e938dfcd266a2b0eac811d7ea7eabbd5b217965f88efa81371465134dbcab11,2026-07-15T18:46:35.498343+00:00,8o8-arch,7.0.12-arch1-1,AMD Ryzen 9 3900X 12-Core Processor,"logical=24,cores=12,sockets=1,nodes=1",performance,rustc 1.97.0 (2d8144b78 2026-07-07),22.1.6,cargo 1.97.0 (c980f4866 2026-06-30),"release,lto=thin,debug=true",/home/bob/.cache/mess-bench,/dev/nvme0n1p3,ext4,/home,Samsung SSD 970 EVO Plus 2TB,[none] mq-deadline kyber bfq,249457934336,4096,1024,payload[i]=(i*131+17)&0xff,3.51220703125,accepted,,4,4,0,1587,bytes,634800,634800,33568224,6348,0,0,0,0,0,8309992,8363204,5090,5990,6640,3.510,3.510
e000341,exploratory,copy_contiguous,candidate,1,1,BAAB,copy_contiguous,process,24,100,4,4,domain,synthetic_sweep,1,54215100a825da9eb7cfbd8f045e54ef05fb29bd,false,1b36f48efea63210dfeeee7270dea968ab5ba58da27f90aa42845eb8a64a6649,12b1dafe765a77d1a17115b0ae12cff973f20ed7d6d770fbd790695fe081288e,0e4833553be7825885da5ea99bceab292cc8abee6414d58b31864afe8ca9f944,c89b17de3d4d36a4e106517b0737619bd65f0e2877d95adbf2f297762f71fb7b,6e938dfcd266a2b0eac811d7ea7eabbd5b217965f88efa81371465134dbcab11,2026-07-15T18:46:36.527049+00:00,8o8-arch,7.0.12-arch1-1,AMD Ryzen 9 3900X 12-Core Processor,"logical=24,cores=12,sockets=1,nodes=1",performance,rustc 1.97.0 (2d8144b78 2026-07-07),22.1.6,cargo 1.97.0 (c980f4866 2026-06-30),"release,lto=thin,debug=true",/home/bob/.cache/mess-bench,/dev/nvme0n1p3,ext4,/home,Samsung SSD 970 EVO Plus 2TB,[none] mq-deadline kyber bfq,249457934336,4096,1024,payload[i]=(i*131+17)&0xff,3.63134765625,accepted,,4,4,0,1587,bytes,634800,634800,33568224,1587,0,0,0,33568224,0,5058331,5103536,3020,3740,4470,3.630,3.630
e000342,exploratory,copy_contiguous,baseline,1,2,BAAB,k_pwrite,process,24,100,4,4,domain,synthetic_sweep,1,54215100a825da9eb7cfbd8f045e54ef05fb29bd,false,1b36f48efea63210dfeeee7270dea968ab5ba58da27f90aa42845eb8a64a6649,12b1dafe765a77d1a17115b0ae12cff973f20ed7d6d770fbd790695fe081288e,0e4833553be7825885da5ea99bceab292cc8abee6414d58b31864afe8ca9f944,c89b17de3d4d36a4e106517b0737619bd65f0e2877d95adbf2f297762f71fb7b,6e938dfcd266a2b0eac811d7ea7eabbd5b217965f88efa81371465134dbcab11,2026-07-15T18:46:37.551424+00:00,8o8-arch,7.0.12-arch1-1,AMD Ryzen 9 3900X 12-Core Processor,"logical=24,cores=12,sockets=1,nodes=1",performance,rustc 1.97.0 (2d8144b78 2026-07-07),22.1.6,cargo 1.97.0 (c980f4866 2026-06-30),"release,lto=thin,debug=true",/home/bob/.cache/mess-bench,/dev/nvme0n1p3,ext4,/home,Samsung SSD 970 EVO Plus 2TB,[none] mq-deadline kyber bfq,249457926144,4096,1024,payload[i]=(i*131+17)&0xff,3.63134765625,accepted,,4,4,0,1587,bytes,634800,634800,33568224,6348,0,0,0,0,0,8572142,8623324,5090,5900,9840,3.630,3.630
e000343,exploratory,copy_contiguous,baseline,1,3,BAAB,k_pwrite,process,24,100,4,4,domain,synthetic_sweep,1,54215100a825da9eb7cfbd8f045e54ef05fb29bd,false,1b36f48efea63210dfeeee7270dea968ab5ba58da27f90aa42845eb8a64a6649,12b1dafe765a77d1a17115b0ae12cff973f20ed7d6d770fbd790695fe081288e,0e4833553be7825885da5ea99bceab292cc8abee6414d58b31864afe8ca9f944,c89b17de3d4d36a4e106517b0737619bd65f0e2877d95adbf2f297762f71fb7b,6e938dfcd266a2b0eac811d7ea7eabbd5b217965f88efa81371465134dbcab11,2026-07-15T18:46:38.582877+00:00,8o8-arch,7.0.12-arch1-1,AMD Ryzen 9 3900X 12-Core Processor,"logical=24,cores=12,sockets=1,nodes=1",performance,rustc 1.97.0 (2d8144b78 2026-07-07),22.1.6,cargo 1.97.0 (c980f4866 2026-06-30),"release,lto=thin,debug=true",/home/bob/.cache/mess-bench,/dev/nvme0n1p3,ext4,/home,Samsung SSD 970 EVO Plus 2TB,[none] mq-deadline kyber bfq,249457922048,4096,1024,payload[i]=(i*131+17)&0xff,3.63134765625,accepted,,4,4,0,1587,bytes,634800,634800,33568224,6348,0,0,0,0,0,9267703,9624603,5110,7480,20200,3.630,3.630
e000344,exploratory,copy_contiguous,candidate,1,4,BAAB,copy_contiguous,process,24,100,4,4,domain,synthetic_sweep,1,54215100a825da9eb7cfbd8f045e54ef05fb29bd,false,1b36f48efea63210dfeeee7270dea968ab5ba58da27f90aa42845eb8a64a6649,12b1dafe765a77d1a17115b0ae12cff973f20ed7d6d770fbd790695fe081288e,0e4833553be7825885da5ea99bceab292cc8abee6414d58b31864afe8ca9f944,c89b17de3d4d36a4e106517b0737619bd65f0e2877d95adbf2f297762f71fb7b,6e938dfcd266a2b0eac811d7ea7eabbd5b217965f88efa81371465134dbcab11,2026-07-15T18:46:39.611120+00:00,8o8-arch,7.0.12-arch1-1,AMD Ryzen 9 3900X 12-Core Processor,"logical=24,cores=12,sockets=1,nodes=1",performance,rustc 1.97.0 (2d8144b78 2026-07-07),22.1.6,cargo 1.97.0 (c980f4866 2026-06-30),"release,lto=thin,debug=true",/home/bob/.cache/mess-bench,/dev/nvme0n1p3,ext4,/home,Samsung SSD 970 EVO Plus 2TB,[none] mq-deadline kyber bfq,249457913856,4096,1024,payload[i]=(i*131+17)&0xff,3.63134765625,accepted,,4,4,0,1587,bytes,634800,634800,33568224,1587,0,0,0,33568224,0,5005831,5083786,3020,3560,4160,3.630,3.630
e000345,exploratory,pwritev_full_8m,baseline,1,1,ABBA,k_pwrite,process,24,100,4,4,new_name,synthetic_sweep,1,54215100a825da9eb7cfbd8f045e54ef05fb29bd,false,1b36f48efea63210dfeeee7270dea968ab5ba58da27f90aa42845eb8a64a6649,12b1dafe765a77d1a17115b0ae12cff973f20ed7d6d770fbd790695fe081288e,0e4833553be7825885da5ea99bceab292cc8abee6414d58b31864afe8ca9f944,c89b17de3d4d36a4e106517b0737619bd65f0e2877d95adbf2f297762f71fb7b,6e938dfcd266a2b0eac811d7ea7eabbd5b217965f88efa81371465134dbcab11,2026-07-15T18:46:40.634898+00:00,8o8-arch,7.0.12-arch1-1,AMD Ryzen 9 3900X 12-Core Processor,"logical=24,cores=12,sockets=1,nodes=1",performance,rustc 1.97.0 (2d8144b78 2026-07-07),22.1.6,cargo 1.97.0 (c980f4866 2026-06-30),"release,lto=thin,debug=true",/home/bob/.cache/mess-bench,/dev/nvme0n1p3,ext4,/home,Samsung SSD 970 EVO Plus 2TB,[none] mq-deadline kyber bfq,249457913856,4096,1024,payload[i]=(i*131+17)&0xff,3.63134765625,accepted,,4,8,0,1546,bytes,624584,618400,33566752,12368,0,0,0,0,0,13049503,13169680,7960,10360,13020,3.630,3.630
e000346,exploratory,pwritev_full_8m,candidate,1,2,ABBA,pwritev_full_8m,process,24,100,4,4,new_name,synthetic_sweep,1,54215100a825da9eb7cfbd8f045e54ef05fb29bd,false,1b36f48efea63210dfeeee7270dea968ab5ba58da27f90aa42845eb8a64a6649,12b1dafe765a77d1a17115b0ae12cff973f20ed7d6d770fbd790695fe081288e,0e4833553be7825885da5ea99bceab292cc8abee6414d58b31864afe8ca9f944,c89b17de3d4d36a4e106517b0737619bd65f0e2877d95adbf2f297762f71fb7b,6e938dfcd266a2b0eac811d7ea7eabbd5b217965f88efa81371465134dbcab11,2026-07-15T18:46:41.658765+00:00,8o8-arch,7.0.12-arch1-1,AMD Ryzen 9 3900X 12-Core Processor,"logical=24,cores=12,sockets=1,nodes=1",performance,rustc 1.97.0 (2d8144b78 2026-07-07),22.1.6,cargo 1.97.0 (c980f4866 2026-06-30),"release,lto=thin,debug=true",/home/bob/.cache/mess-bench,/dev/nvme0n1p3,ext4,/home,Samsung SSD 970 EVO Plus 2TB,[none] mq-deadline kyber bfq,249457909760,4096,1024,payload[i]=(i*131+17)&0xff,3.42041015625,accepted,,4,8,0,1546,bytes,624584,618400,33566752,1546,0,0,8,0,0,4869152,4929206,2970,3740,4580,3.420,3.420
e000347,exploratory,pwritev_full_8m,candidate,1,3,ABBA,pwritev_full_8m,process,24,100,4,4,new_name,synthetic_sweep,1,54215100a825da9eb7cfbd8f045e54ef05fb29bd,false,1b36f48efea63210dfeeee7270dea968ab5ba58da27f90aa42845eb8a64a6649,12b1dafe765a77d1a17115b0ae12cff973f20ed7d6d770fbd790695fe081288e,0e4833553be7825885da5ea99bceab292cc8abee6414d58b31864afe8ca9f944,c89b17de3d4d36a4e106517b0737619bd65f0e2877d95adbf2f297762f71fb7b,6e938dfcd266a2b0eac811d7ea7eabbd5b217965f88efa81371465134dbcab11,2026-07-15T18:46:42.683092+00:00,8o8-arch,7.0.12-arch1-1,AMD Ryzen 9 3900X 12-Core Processor,"logical=24,cores=12,sockets=1,nodes=1",performance,rustc 1.97.0 (2d8144b78 2026-07-07),22.1.6,cargo 1.97.0 (c980f4866 2026-06-30),"release,lto=thin,debug=true",/home/bob/.cache/mess-bench,/dev/nvme0n1p3,ext4,/home,Samsung SSD 970 EVO Plus 2TB,[none] mq-deadline kyber bfq,249457909760,4096,1024,payload[i]=(i*131+17)&0xff,3.42041015625,accepted,,4,8,0,1546,bytes,624584,618400,33566752,1546,0,0,8,0,0,5222511,5291856,2970,4460,5010,3.420,3.420
e000348,exploratory,pwritev_full_8m,baseline,1,4,ABBA,k_pwrite,process,24,100,4,4,new_name,synthetic_sweep,1,54215100a825da9eb7cfbd8f045e54ef05fb29bd,false,1b36f48efea63210dfeeee7270dea968ab5ba58da27f90aa42845eb8a64a6649,12b1dafe765a77d1a17115b0ae12cff973f20ed7d6d770fbd790695fe081288e,0e4833553be7825885da5ea99bceab292cc8abee6414d58b31864afe8ca9f944,c89b17de3d4d36a4e106517b0737619bd65f0e2877d95adbf2f297762f71fb7b,6e938dfcd266a2b0eac811d7ea7eabbd5b217965f88efa81371465134dbcab11,2026-07-15T18:46:43.711644+00:00,8o8-arch,7.0.12-arch1-1,AMD Ryzen 9 3900X 12-Core Processor,"logical=24,cores=12,sockets=1,nodes=1",performance,rustc 1.97.0 (2d8144b78 2026-07-07),22.1.6,cargo 1.97.0 (c980f4866 2026-06-30),"release,lto=thin,debug=true",/home/bob/.cache/mess-bench,/dev/nvme0n1p3,ext4,/home,Samsung SSD 970 EVO Plus 2TB,[none] mq-deadline kyber bfq,249457909760,4096,1024,payload[i]=(i*131+17)&0xff,3.42041015625,accepted,,4,8,0,1546,bytes,624584,618400,33566752,12368,0,0,0,0,0,13862154,13974150,7880,9780,34890,3.420,3.420
e000349,exploratory,copy_contiguous,candidate,1,1,BAAB,copy_contiguous,process,24,100,4,4,new_name,synthetic_sweep,1,54215100a825da9eb7cfbd8f045e54ef05fb29bd,false,1b36f48efea63210dfeeee7270dea968ab5ba58da27f90aa42845eb8a64a6649,12b1dafe765a77d1a17115b0ae12cff973f20ed7d6d770fbd790695fe081288e,0e4833553be7825885da5ea99bceab292cc8abee6414d58b31864afe8ca9f944,c89b17de3d4d36a4e106517b0737619bd65f0e2877d95adbf2f297762f71fb7b,6e938dfcd266a2b0eac811d7ea7eabbd5b217965f88efa81371465134dbcab11,2026-07-15T18:46:44.735225+00:00,8o8-arch,7.0.12-arch1-1,AMD Ryzen 9 3900X 12-Core Processor,"logical=24,cores=12,sockets=1,nodes=1",performance,rustc 1.97.0 (2d8144b78 2026-07-07),22.1.6,cargo 1.97.0 (c980f4866 2026-06-30),"release,lto=thin,debug=true",/home/bob/.cache/mess-bench,/dev/nvme0n1p3,ext4,/home,Samsung SSD 970 EVO Plus 2TB,[none] mq-deadline kyber bfq,249457909760,4096,1024,payload[i]=(i*131+17)&0xff,3.42041015625,accepted,,4,8,0,1546,bytes,624584,618400,33566752,1546,0,0,0,33566752,0,4857391,4886377,3030,3570,3930,3.420,3.420
e000350,exploratory,copy_contiguous,baseline,1,2,BAAB,k_pwrite,process,24,100,4,4,new_name,synthetic_sweep,1,54215100a825da9eb7cfbd8f045e54ef05fb29bd,false,1b36f48efea63210dfeeee7270dea968ab5ba58da27f90aa42845eb8a64a6649,12b1dafe765a77d1a17115b0ae12cff973f20ed7d6d770fbd790695fe081288e,0e4833553be7825885da5ea99bceab292cc8abee6414d58b31864afe8ca9f944,c89b17de3d4d36a4e106517b0737619bd65f0e2877d95adbf2f297762f71fb7b,6e938dfcd266a2b0eac811d7ea7eabbd5b217965f88efa81371465134dbcab11,2026-07-15T18:46:45.759845+00:00,8o8-arch,7.0.12-arch1-1,AMD Ryzen 9 3900X 12-Core Processor,"logical=24,cores=12,sockets=1,nodes=1",performance,rustc 1.97.0 (2d8144b78 2026-07-07),22.1.6,cargo 1.97.0 (c980f4866 2026-06-30),"release,lto=thin,debug=true",/home/bob/.cache/mess-bench,/dev/nvme0n1p3,ext4,/home,Samsung SSD 970 EVO Plus 2TB,[none] mq-deadline kyber bfq,249457901568,4096,1024,payload[i]=(i*131+17)&0xff,3.42041015625,accepted,,4,8,0,1546,bytes,624584,618400,33566752,12368,0,0,0,0,0,13126993,13242510,7910,10370,12770,3.420,3.420
e000351,exploratory,copy_contiguous,baseline,1,3,BAAB,k_pwrite,process,24,100,4,4,new_name,synthetic_sweep,1,54215100a825da9eb7cfbd8f045e54ef05fb29bd,false,1b36f48efea63210dfeeee7270dea968ab5ba58da27f90aa42845eb8a64a6649,12b1dafe765a77d1a17115b0ae12cff973f20ed7d6d770fbd790695fe081288e,0e4833553be7825885da5ea99bceab292cc8abee6414d58b31864afe8ca9f944,c89b17de3d4d36a4e106517b0737619bd65f0e2877d95adbf2f297762f71fb7b,6e938dfcd266a2b0eac811d7ea7eabbd5b217965f88efa81371465134dbcab11,2026-07-15T18:46:46.783039+00:00,8o8-arch,7.0.12-arch1-1,AMD Ryzen 9 3900X 12-Core Processor,"logical=24,cores=12,sockets=1,nodes=1",performance,rustc 1.97.0 (2d8144b78 2026-07-07),22.1.6,cargo 1.97.0 (c980f4866 2026-06-30),"release,lto=thin,debug=true",/home/bob/.cache/mess-bench,/dev/nvme0n1p3,ext4,/home,Samsung SSD 970 EVO Plus 2TB,[none] mq-deadline kyber bfq,249457897472,4096,1024,payload[i]=(i*131+17)&0xff,3.54736328125,accepted,,4,8,0,1546,bytes,624584,618400,33566752,12368,0,0,0,0,0,14867614,14995509,7970,11650,47700,3.550,3.550
e000352,exploratory,copy_contiguous,candidate,1,4,BAAB,copy_contiguous,process,24,100,4,4,new_name,synthetic_sweep,1,54215100a825da9eb7cfbd8f045e54ef05fb29bd,false,1b36f48efea63210dfeeee7270dea968ab5ba58da27f90aa42845eb8a64a6649,12b1dafe765a77d1a17115b0ae12cff973f20ed7d6d770fbd790695fe081288e,0e4833553be7825885da5ea99bceab292cc8abee6414d58b31864afe8ca9f944,c89b17de3d4d36a4e106517b0737619bd65f0e2877d95adbf2f297762f71fb7b,6e938dfcd266a2b0eac811d7ea7eabbd5b217965f88efa81371465134dbcab11,2026-07-15T18:46:47.806875+00:00,8o8-arch,7.0.12-arch1-1,AMD Ryzen 9 3900X 12-Core Processor,"logical=24,cores=12,sockets=1,nodes=1",performance,rustc 1.97.0 (2d8144b78 2026-07-07),22.1.6,cargo 1.97.0 (c980f4866 2026-06-30),"release,lto=thin,debug=true",/home/bob/.cache/mess-bench,/dev/nvme0n1p3,ext4,/home,Samsung SSD 970 EVO Plus 2TB,[none] mq-deadline kyber bfq,249457893376,4096,1024,payload[i]=(i*131+17)&0xff,3.54736328125,accepted,,4,8,0,1546,bytes,624584,618400,33566752,1546,0,0,0,33566752,0,4829331,4865016,3030,3090,3740,3.550,3.550
e000353,exploratory,pwritev_full_8m,baseline,1,1,ABBA,k_pwrite,process,24,1000,2,2,domain,synthetic_sweep,1,54215100a825da9eb7cfbd8f045e54ef05fb29bd,false,1b36f48efea63210dfeeee7270dea968ab5ba58da27f90aa42845eb8a64a6649,12b1dafe765a77d1a17115b0ae12cff973f20ed7d6d770fbd790695fe081288e,0e4833553be7825885da5ea99bceab292cc8abee6414d58b31864afe8ca9f944,c89b17de3d4d36a4e106517b0737619bd65f0e2877d95adbf2f297762f71fb7b,6e938dfcd266a2b0eac811d7ea7eabbd5b217965f88efa81371465134dbcab11,2026-07-15T18:46:48.836640+00:00,8o8-arch,7.0.12-arch1-1,AMD Ryzen 9 3900X 12-Core Processor,"logical=24,cores=12,sockets=1,nodes=1",performance,rustc 1.97.0 (2d8144b78 2026-07-07),22.1.6,cargo 1.97.0 (c980f4866 2026-06-30),"release,lto=thin,debug=true",/home/bob/.cache/mess-bench,/dev/nvme0n1p3,ext4,/home,Samsung SSD 970 EVO Plus 2TB,[none] mq-deadline kyber bfq,249457893376,4096,1024,payload[i]=(i*131+17)&0xff,3.54736328125,accepted,,2,2,0,323,bytes,646000,646000,33648848,646,0,0,0,0,0,2539990,2560308,7310,12180,15230,3.550,3.550
e000354,exploratory,pwritev_full_8m,candidate,1,2,ABBA,pwritev_full_8m,process,24,1000,2,2,domain,synthetic_sweep,1,54215100a825da9eb7cfbd8f045e54ef05fb29bd,false,1b36f48efea63210dfeeee7270dea968ab5ba58da27f90aa42845eb8a64a6649,12b1dafe765a77d1a17115b0ae12cff973f20ed7d6d770fbd790695fe081288e,0e4833553be7825885da5ea99bceab292cc8abee6414d58b31864afe8ca9f944,c89b17de3d4d36a4e106517b0737619bd65f0e2877d95adbf2f297762f71fb7b,6e938dfcd266a2b0eac811d7ea7eabbd5b217965f88efa81371465134dbcab11,2026-07-15T18:46:49.869609+00:00,8o8-arch,7.0.12-arch1-1,AMD Ryzen 9 3900X 12-Core Processor,"logical=24,cores=12,sockets=1,nodes=1",performance,rustc 1.97.0 (2d8144b78 2026-07-07),22.1.6,cargo 1.97.0 (c980f4866 2026-06-30),"release,lto=thin,debug=true",/home/bob/.cache/mess-bench,/dev/nvme0n1p3,ext4,/home,Samsung SSD 970 EVO Plus 2TB,[none] mq-deadline kyber bfq,249457852416,4096,1024,payload[i]=(i*131+17)&0xff,3.54736328125,accepted,,2,2,0,323,bytes,646000,646000,33648848,323,0,0,2,0,0,2082631,2101068,5890,9850,12760,3.550,3.550
e000355,exploratory,pwritev_full_8m,candidate,1,3,ABBA,pwritev_full_8m,process,24,1000,2,2,domain,synthetic_sweep,1,54215100a825da9eb7cfbd8f045e54ef05fb29bd,false,1b36f48efea63210dfeeee7270dea968ab5ba58da27f90aa42845eb8a64a6649,12b1dafe765a77d1a17115b0ae12cff973f20ed7d6d770fbd790695fe081288e,0e4833553be7825885da5ea99bceab292cc8abee6414d58b31864afe8ca9f944,c89b17de3d4d36a4e106517b0737619bd65f0e2877d95adbf2f297762f71fb7b,6e938dfcd266a2b0eac811d7ea7eabbd5b217965f88efa81371465134dbcab11,2026-07-15T18:46:50.896263+00:00,8o8-arch,7.0.12-arch1-1,AMD Ryzen 9 3900X 12-Core Processor,"logical=24,cores=12,sockets=1,nodes=1",performance,rustc 1.97.0 (2d8144b78 2026-07-07),22.1.6,cargo 1.97.0 (c980f4866 2026-06-30),"release,lto=thin,debug=true",/home/bob/.cache/mess-bench,/dev/nvme0n1p3,ext4,/home,Samsung SSD 970 EVO Plus 2TB,[none] mq-deadline kyber bfq,249457885184,4096,1024,payload[i]=(i*131+17)&0xff,3.42333984375,accepted,,2,2,0,323,bytes,646000,646000,33648848,323,0,0,2,0,0,2212300,2233598,6130,10050,12790,3.420,3.420
e000356,exploratory,pwritev_full_8m,baseline,1,4,ABBA,k_pwrite,process,24,1000,2,2,domain,synthetic_sweep,1,54215100a825da9eb7cfbd8f045e54ef05fb29bd,false,1b36f48efea63210dfeeee7270dea968ab5ba58da27f90aa42845eb8a64a6649,12b1dafe765a77d1a17115b0ae12cff973f20ed7d6d770fbd790695fe081288e,0e4833553be7825885da5ea99bceab292cc8abee6414d58b31864afe8ca9f944,c89b17de3d4d36a4e106517b0737619bd65f0e2877d95adbf2f297762f71fb7b,6e938dfcd266a2b0eac811d7ea7eabbd5b217965f88efa81371465134dbcab11,2026-07-15T18:46:51.924351+00:00,8o8-arch,7.0.12-arch1-1,AMD Ryzen 9 3900X 12-Core Processor,"logical=24,cores=12,sockets=1,nodes=1",performance,rustc 1.97.0 (2d8144b78 2026-07-07),22.1.6,cargo 1.97.0 (c980f4866 2026-06-30),"release,lto=thin,debug=true",/home/bob/.cache/mess-bench,/dev/nvme0n1p3,ext4,/home,Samsung SSD 970 EVO Plus 2TB,[none] mq-deadline kyber bfq,249457885184,4096,1024,payload[i]=(i*131+17)&0xff,3.42333984375,accepted,,2,2,0,323,bytes,646000,646000,33648848,646,0,0,0,0,0,2401321,2433098,7160,8730,14750,3.420,3.420
e000357,exploratory,copy_contiguous,candidate,1,1,BAAB,copy_contiguous,process,24,1000,2,2,domain,synthetic_sweep,1,54215100a825da9eb7cfbd8f045e54ef05fb29bd,false,1b36f48efea63210dfeeee7270dea968ab5ba58da27f90aa42845eb8a64a6649,12b1dafe765a77d1a17115b0ae12cff973f20ed7d6d770fbd790695fe081288e,0e4833553be7825885da5ea99bceab292cc8abee6414d58b31864afe8ca9f944,c89b17de3d4d36a4e106517b0737619bd65f0e2877d95adbf2f297762f71fb7b,6e938dfcd266a2b0eac811d7ea7eabbd5b217965f88efa81371465134dbcab11,2026-07-15T18:46:52.953285+00:00,8o8-arch,7.0.12-arch1-1,AMD Ryzen 9 3900X 12-Core Processor,"logical=24,cores=12,sockets=1,nodes=1",performance,rustc 1.97.0 (2d8144b78 2026-07-07),22.1.6,cargo 1.97.0 (c980f4866 2026-06-30),"release,lto=thin,debug=true",/home/bob/.cache/mess-bench,/dev/nvme0n1p3,ext4,/home,Samsung SSD 970 EVO Plus 2TB,[none] mq-deadline kyber bfq,249457881088,4096,1024,payload[i]=(i*131+17)&0xff,3.42333984375,accepted,,2,2,0,323,bytes,646000,646000,33648848,323,0,0,0,33648848,0,4900651,5265916,9150,17460,28290,3.420,3.420
e000358,exploratory,copy_contiguous,baseline,1,2,BAAB,k_pwrite,process,24,1000,2,2,domain,synthetic_sweep,1,54215100a825da9eb7cfbd8f045e54ef05fb29bd,false,1b36f48efea63210dfeeee7270dea968ab5ba58da27f90aa42845eb8a64a6649,12b1dafe765a77d1a17115b0ae12cff973f20ed7d6d770fbd790695fe081288e,0e4833553be7825885da5ea99bceab292cc8abee6414d58b31864afe8ca9f944,c89b17de3d4d36a4e106517b0737619bd65f0e2877d95adbf2f297762f71fb7b,6e938dfcd266a2b0eac811d7ea7eabbd5b217965f88efa81371465134dbcab11,2026-07-15T18:46:53.984104+00:00,8o8-arch,7.0.12-arch1-1,AMD Ryzen 9 3900X 12-Core Processor,"logical=24,cores=12,sockets=1,nodes=1",performance,rustc 1.97.0 (2d8144b78 2026-07-07),22.1.6,cargo 1.97.0 (c980f4866 2026-06-30),"release,lto=thin,debug=true",/home/bob/.cache/mess-bench,/dev/nvme0n1p3,ext4,/home,Samsung SSD 970 EVO Plus 2TB,[none] mq-deadline kyber bfq,249457868800,4096,1024,payload[i]=(i*131+17)&0xff,3.42333984375,accepted,,2,2,0,323,bytes,646000,646000,33648848,646,0,0,0,0,0,2429441,2445308,7210,9530,13580,3.420,3.420
e000359,exploratory,copy_contiguous,baseline,1,3,BAAB,k_pwrite,process,24,1000,2,2,domain,synthetic_sweep,1,54215100a825da9eb7cfbd8f045e54ef05fb29bd,false,1b36f48efea63210dfeeee7270dea968ab5ba58da27f90aa42845eb8a64a6649,12b1dafe765a77d1a17115b0ae12cff973f20ed7d6d770fbd790695fe081288e,0e4833553be7825885da5ea99bceab292cc8abee6414d58b31864afe8ca9f944,c89b17de3d4d36a4e106517b0737619bd65f0e2877d95adbf2f297762f71fb7b,6e938dfcd266a2b0eac811d7ea7eabbd5b217965f88efa81371465134dbcab11,2026-07-15T18:46:55.012385+00:00,8o8-arch,7.0.12-arch1-1,AMD Ryzen 9 3900X 12-Core Processor,"logical=24,cores=12,sockets=1,nodes=1",performance,rustc 1.97.0 (2d8144b78 2026-07-07),22.1.6,cargo 1.97.0 (c980f4866 2026-06-30),"release,lto=thin,debug=true",/home/bob/.cache/mess-bench,/dev/nvme0n1p3,ext4,/home,Samsung SSD 970 EVO Plus 2TB,[none] mq-deadline kyber bfq,249457803264,4096,1024,payload[i]=(i*131+17)&0xff,3.42333984375,accepted,,2,2,0,323,bytes,646000,646000,33648848,646,0,0,0,0,0,2834621,2859908,7820,12910,16210,3.420,3.420
e000360,exploratory,copy_contiguous,candidate,1,4,BAAB,copy_contiguous,process,24,1000,2,2,domain,synthetic_sweep,1,54215100a825da9eb7cfbd8f045e54ef05fb29bd,false,1b36f48efea63210dfeeee7270dea968ab5ba58da27f90aa42845eb8a64a6649,12b1dafe765a77d1a17115b0ae12cff973f20ed7d6d770fbd790695fe081288e,0e4833553be7825885da5ea99bceab292cc8abee6414d58b31864afe8ca9f944,c89b17de3d4d36a4e106517b0737619bd65f0e2877d95adbf2f297762f71fb7b,6e938dfcd266a2b0eac811d7ea7eabbd5b217965f88efa81371465134dbcab11,2026-07-15T18:46:56.045065+00:00,8o8-arch,7.0.12-arch1-1,AMD Ryzen 9 3900X 12-Core Processor,"logical=24,cores=12,sockets=1,nodes=1",performance,rustc 1.97.0 (2d8144b78 2026-07-07),22.1.6,cargo 1.97.0 (c980f4866 2026-06-30),"release,lto=thin,debug=true",/home/bob/.cache/mess-bench,/dev/nvme0n1p3,ext4,/home,Samsung SSD 970 EVO Plus 2TB,[none] mq-deadline kyber bfq,249457868800,4096,1024,payload[i]=(i*131+17)&0xff,3.5498046875,accepted,,2,2,0,323,bytes,646000,646000,33648848,323,0,0,0,33648848,0,2504591,2540358,7440,8320,15600,3.550,3.550
e000361,exploratory,pwritev_full_8m,baseline,1,1,ABBA,k_pwrite,process,24,1000,2,2,new_name,synthetic_sweep,1,54215100a825da9eb7cfbd8f045e54ef05fb29bd,false,1b36f48efea63210dfeeee7270dea968ab5ba58da27f90aa42845eb8a64a6649,12b1dafe765a77d1a17115b0ae12cff973f20ed7d6d770fbd790695fe081288e,0e4833553be7825885da5ea99bceab292cc8abee6414d58b31864afe8ca9f944,c89b17de3d4d36a4e106517b0737619bd65f0e2877d95adbf2f297762f71fb7b,6e938dfcd266a2b0eac811d7ea7eabbd5b217965f88efa81371465134dbcab11,2026-07-15T18:46:57.074239+00:00,8o8-arch,7.0.12-arch1-1,AMD Ryzen 9 3900X 12-Core Processor,"logical=24,cores=12,sockets=1,nodes=1",performance,rustc 1.97.0 (2d8144b78 2026-07-07),22.1.6,cargo 1.97.0 (c980f4866 2026-06-30),"release,lto=thin,debug=true",/home/bob/.cache/mess-bench,/dev/nvme0n1p3,ext4,/home,Samsung SSD 970 EVO Plus 2TB,[none] mq-deadline kyber bfq,249457831936,4096,1024,payload[i]=(i*131+17)&0xff,3.5498046875,accepted,,2,4,0,322,bytes,644644,644000,33634832,1288,0,0,0,0,0,2926360,2944728,8640,12210,17560,3.550,3.550
e000362,exploratory,pwritev_full_8m,candidate,1,2,ABBA,pwritev_full_8m,process,24,1000,2,2,new_name,synthetic_sweep,1,54215100a825da9eb7cfbd8f045e54ef05fb29bd,false,1b36f48efea63210dfeeee7270dea968ab5ba58da27f90aa42845eb8a64a6649,12b1dafe765a77d1a17115b0ae12cff973f20ed7d6d770fbd790695fe081288e,0e4833553be7825885da5ea99bceab292cc8abee6414d58b31864afe8ca9f944,c89b17de3d4d36a4e106517b0737619bd65f0e2877d95adbf2f297762f71fb7b,6e938dfcd266a2b0eac811d7ea7eabbd5b217965f88efa81371465134dbcab11,2026-07-15T18:46:58.103686+00:00,8o8-arch,7.0.12-arch1-1,AMD Ryzen 9 3900X 12-Core Processor,"logical=24,cores=12,sockets=1,nodes=1",performance,rustc 1.97.0 (2d8144b78 2026-07-07),22.1.6,cargo 1.97.0 (c980f4866 2026-06-30),"release,lto=thin,debug=true",/home/bob/.cache/mess-bench,/dev/nvme0n1p3,ext4,/home,Samsung SSD 970 EVO Plus 2TB,[none] mq-deadline kyber bfq,249457844224,4096,1024,payload[i]=(i*131+17)&0xff,3.5498046875,accepted,,2,4,0,322,bytes,644644,644000,33634832,322,0,0,4,0,0,3105251,3146377,9400,11450,16560,3.550,3.550
e000363,exploratory,pwritev_full_8m,candidate,1,3,ABBA,pwritev_full_8m,process,24,1000,2,2,new_name,synthetic_sweep,1,54215100a825da9eb7cfbd8f045e54ef05fb29bd,false,1b36f48efea63210dfeeee7270dea968ab5ba58da27f90aa42845eb8a64a6649,12b1dafe765a77d1a17115b0ae12cff973f20ed7d6d770fbd790695fe081288e,0e4833553be7825885da5ea99bceab292cc8abee6414d58b31864afe8ca9f944,c89b17de3d4d36a4e106517b0737619bd65f0e2877d95adbf2f297762f71fb7b,6e938dfcd266a2b0eac811d7ea7eabbd5b217965f88efa81371465134dbcab11,2026-07-15T18:46:59.129897+00:00,8o8-arch,7.0.12-arch1-1,AMD Ryzen 9 3900X 12-Core Processor,"logical=24,cores=12,sockets=1,nodes=1",performance,rustc 1.97.0 (2d8144b78 2026-07-07),22.1.6,cargo 1.97.0 (c980f4866 2026-06-30),"release,lto=thin,debug=true",/home/bob/.cache/mess-bench,/dev/nvme0n1p3,ext4,/home,Samsung SSD 970 EVO Plus 2TB,[none] mq-deadline kyber bfq,249457811456,4096,1024,payload[i]=(i*131+17)&0xff,3.5498046875,accepted,,2,4,0,322,bytes,644644,644000,33634832,322,0,0,4,0,0,2665770,2810278,6900,13550,22230,3.550,3.550
e000364,exploratory,pwritev_full_8m,baseline,1,4,ABBA,k_pwrite,process,24,1000,2,2,new_name,synthetic_sweep,1,54215100a825da9eb7cfbd8f045e54ef05fb29bd,false,1b36f48efea63210dfeeee7270dea968ab5ba58da27f90aa42845eb8a64a6649,12b1dafe765a77d1a17115b0ae12cff973f20ed7d6d770fbd790695fe081288e,0e4833553be7825885da5ea99bceab292cc8abee6414d58b31864afe8ca9f944,c89b17de3d4d36a4e106517b0737619bd65f0e2877d95adbf2f297762f71fb7b,6e938dfcd266a2b0eac811d7ea7eabbd5b217965f88efa81371465134dbcab11,2026-07-15T18:47:00.158513+00:00,8o8-arch,7.0.12-arch1-1,AMD Ryzen 9 3900X 12-Core Processor,"logical=24,cores=12,sockets=1,nodes=1",performance,rustc 1.97.0 (2d8144b78 2026-07-07),22.1.6,cargo 1.97.0 (c980f4866 2026-06-30),"release,lto=thin,debug=true",/home/bob/.cache/mess-bench,/dev/nvme0n1p3,ext4,/home,Samsung SSD 970 EVO Plus 2TB,[none] mq-deadline kyber bfq,249457840128,4096,1024,payload[i]=(i*131+17)&0xff,3.5498046875,accepted,,2,4,0,322,bytes,644644,644000,33634832,1288,0,0,0,0,0,3040911,3060598,8710,15270,19430,3.550,3.550
e000365,exploratory,copy_contiguous,candidate,1,1,BAAB,copy_contiguous,process,24,1000,2,2,new_name,synthetic_sweep,1,54215100a825da9eb7cfbd8f045e54ef05fb29bd,false,1b36f48efea63210dfeeee7270dea968ab5ba58da27f90aa42845eb8a64a6649,12b1dafe765a77d1a17115b0ae12cff973f20ed7d6d770fbd790695fe081288e,0e4833553be7825885da5ea99bceab292cc8abee6414d58b31864afe8ca9f944,c89b17de3d4d36a4e106517b0737619bd65f0e2877d95adbf2f297762f71fb7b,6e938dfcd266a2b0eac811d7ea7eabbd5b217965f88efa81371465134dbcab11,2026-07-15T18:47:01.188433+00:00,8o8-arch,7.0.12-arch1-1,AMD Ryzen 9 3900X 12-Core Processor,"logical=24,cores=12,sockets=1,nodes=1",performance,rustc 1.97.0 (2d8144b78 2026-07-07),22.1.6,cargo 1.97.0 (c980f4866 2026-06-30),"release,lto=thin,debug=true",/home/bob/.cache/mess-bench,/dev/nvme0n1p3,ext4,/home,Samsung SSD 970 EVO Plus 2TB,[none] mq-deadline kyber bfq,249457803264,4096,1024,payload[i]=(i*131+17)&0xff,3.42529296875,accepted,,2,4,0,322,bytes,644644,644000,33634832,322,0,0,0,33634832,0,5217481,5598886,9230,15860,262520,3.430,3.430
e000366,exploratory,copy_contiguous,baseline,1,2,BAAB,k_pwrite,process,24,1000,2,2,new_name,synthetic_sweep,1,54215100a825da9eb7cfbd8f045e54ef05fb29bd,false,1b36f48efea63210dfeeee7270dea968ab5ba58da27f90aa42845eb8a64a6649,12b1dafe765a77d1a17115b0ae12cff973f20ed7d6d770fbd790695fe081288e,0e4833553be7825885da5ea99bceab292cc8abee6414d58b31864afe8ca9f944,c89b17de3d4d36a4e106517b0737619bd65f0e2877d95adbf2f297762f71fb7b,6e938dfcd266a2b0eac811d7ea7eabbd5b217965f88efa81371465134dbcab11,2026-07-15T18:47:02.218503+00:00,8o8-arch,7.0.12-arch1-1,AMD Ryzen 9 3900X 12-Core Processor,"logical=24,cores=12,sockets=1,nodes=1",performance,rustc 1.97.0 (2d8144b78 2026-07-07),22.1.6,cargo 1.97.0 (c980f4866 2026-06-30),"release,lto=thin,debug=true",/home/bob/.cache/mess-bench,/dev/nvme0n1p3,ext4,/home,Samsung SSD 970 EVO Plus 2TB,[none] mq-deadline kyber bfq,249457819648,4096,1024,payload[i]=(i*131+17)&0xff,3.42529296875,accepted,,2,4,0,322,bytes,644644,644000,33634832,1288,0,0,0,0,0,2891290,2912438,8730,10120,14970,3.430,3.430
e000367,exploratory,copy_contiguous,baseline,1,3,BAAB,k_pwrite,process,24,1000,2,2,new_name,synthetic_sweep,1,54215100a825da9eb7cfbd8f045e54ef05fb29bd,false,1b36f48efea63210dfeeee7270dea968ab5ba58da27f90aa42845eb8a64a6649,12b1dafe765a77d1a17115b0ae12cff973f20ed7d6d770fbd790695fe081288e,0e4833553be7825885da5ea99bceab292cc8abee6414d58b31864afe8ca9f944,c89b17de3d4d36a4e106517b0737619bd65f0e2877d95adbf2f297762f71fb7b,6e938dfcd266a2b0eac811d7ea7eabbd5b217965f88efa81371465134dbcab11,2026-07-15T18:47:03.246885+00:00,8o8-arch,7.0.12-arch1-1,AMD Ryzen 9 3900X 12-Core Processor,"logical=24,cores=12,sockets=1,nodes=1",performance,rustc 1.97.0 (2d8144b78 2026-07-07),22.1.6,cargo 1.97.0 (c980f4866 2026-06-30),"release,lto=thin,debug=true",/home/bob/.cache/mess-bench,/dev/nvme0n1p3,ext4,/home,Samsung SSD 970 EVO Plus 2TB,[none] mq-deadline kyber bfq,249457786880,4096,1024,payload[i]=(i*131+17)&0xff,3.42529296875,accepted,,2,4,0,322,bytes,644644,644000,33634832,1288,0,0,0,0,0,3142661,3163358,9070,14480,18350,3.430,3.430
e000368,exploratory,copy_contiguous,candidate,1,4,BAAB,copy_contiguous,process,24,1000,2,2,new_name,synthetic_sweep,1,54215100a825da9eb7cfbd8f045e54ef05fb29bd,false,1b36f48efea63210dfeeee7270dea968ab5ba58da27f90aa42845eb8a64a6649,12b1dafe765a77d1a17115b0ae12cff973f20ed7d6d770fbd790695fe081288e,0e4833553be7825885da5ea99bceab292cc8abee6414d58b31864afe8ca9f944,c89b17de3d4d36a4e106517b0737619bd65f0e2877d95adbf2f297762f71fb7b,6e938dfcd266a2b0eac811d7ea7eabbd5b217965f88efa81371465134dbcab11,2026-07-15T18:47:04.276695+00:00,8o8-arch,7.0.12-arch1-1,AMD Ryzen 9 3900X 12-Core Processor,"logical=24,cores=12,sockets=1,nodes=1",performance,rustc 1.97.0 (2d8144b78 2026-07-07),22.1.6,cargo 1.97.0 (c980f4866 2026-06-30),"release,lto=thin,debug=true",/home/bob/.cache/mess-bench,/dev/nvme0n1p3,ext4,/home,Samsung SSD 970 EVO Plus 2TB,[none] mq-deadline kyber bfq,249457819648,4096,1024,payload[i]=(i*131+17)&0xff,3.42529296875,accepted,,2,4,0,322,bytes,644644,644000,33634832,322,0,0,0,33634832,0,2622100,2654448,7630,11160,17740,3.430,3.430
e000369,exploratory,pwritev_full_8m,baseline,1,1,ABBA,k_pwrite,process,24,1000,4,4,domain,synthetic_sweep,1,54215100a825da9eb7cfbd8f045e54ef05fb29bd,false,1b36f48efea63210dfeeee7270dea968ab5ba58da27f90aa42845eb8a64a6649,12b1dafe765a77d1a17115b0ae12cff973f20ed7d6d770fbd790695fe081288e,0e4833553be7825885da5ea99bceab292cc8abee6414d58b31864afe8ca9f944,c89b17de3d4d36a4e106517b0737619bd65f0e2877d95adbf2f297762f71fb7b,6e938dfcd266a2b0eac811d7ea7eabbd5b217965f88efa81371465134dbcab11,2026-07-15T18:47:05.306422+00:00,8o8-arch,7.0.12-arch1-1,AMD Ryzen 9 3900X 12-Core Processor,"logical=24,cores=12,sockets=1,nodes=1",performance,rustc 1.97.0 (2d8144b78 2026-07-07),22.1.6,cargo 1.97.0 (c980f4866 2026-06-30),"release,lto=thin,debug=true",/home/bob/.cache/mess-bench,/dev/nvme0n1p3,ext4,/home,Samsung SSD 970 EVO Plus 2TB,[none] mq-deadline kyber bfq,249457782784,4096,1024,payload[i]=(i*131+17)&0xff,3.42529296875,accepted,,4,4,0,162,bytes,648000,648000,33753024,648,0,0,0,0,0,3348791,3382788,19810,27510,30870,3.430,3.430
e000370,exploratory,pwritev_full_8m,candidate,1,2,ABBA,pwritev_full_8m,process,24,1000,4,4,domain,synthetic_sweep,1,54215100a825da9eb7cfbd8f045e54ef05fb29bd,false,1b36f48efea63210dfeeee7270dea968ab5ba58da27f90aa42845eb8a64a6649,12b1dafe765a77d1a17115b0ae12cff973f20ed7d6d770fbd790695fe081288e,0e4833553be7825885da5ea99bceab292cc8abee6414d58b31864afe8ca9f944,c89b17de3d4d36a4e106517b0737619bd65f0e2877d95adbf2f297762f71fb7b,6e938dfcd266a2b0eac811d7ea7eabbd5b217965f88efa81371465134dbcab11,2026-07-15T18:47:06.332372+00:00,8o8-arch,7.0.12-arch1-1,AMD Ryzen 9 3900X 12-Core Processor,"logical=24,cores=12,sockets=1,nodes=1",performance,rustc 1.97.0 (2d8144b78 2026-07-07),22.1.6,cargo 1.97.0 (c980f4866 2026-06-30),"release,lto=thin,debug=true",/home/bob/.cache/mess-bench,/dev/nvme0n1p3,ext4,/home,Samsung SSD 970 EVO Plus 2TB,[none] mq-deadline kyber bfq,249457803264,4096,1024,payload[i]=(i*131+17)&0xff,3.23095703125,accepted,,4,4,0,162,bytes,648000,648000,33753024,162,0,0,4,0,0,2434250,2460648,14200,20590,26440,3.230,3.230
e000371,exploratory,pwritev_full_8m,candidate,1,3,ABBA,pwritev_full_8m,process,24,1000,4,4,domain,synthetic_sweep,1,54215100a825da9eb7cfbd8f045e54ef05fb29bd,false,1b36f48efea63210dfeeee7270dea968ab5ba58da27f90aa42845eb8a64a6649,12b1dafe765a77d1a17115b0ae12cff973f20ed7d6d770fbd790695fe081288e,0e4833553be7825885da5ea99bceab292cc8abee6414d58b31864afe8ca9f944,c89b17de3d4d36a4e106517b0737619bd65f0e2877d95adbf2f297762f71fb7b,6e938dfcd266a2b0eac811d7ea7eabbd5b217965f88efa81371465134dbcab11,2026-07-15T18:47:07.360560+00:00,8o8-arch,7.0.12-arch1-1,AMD Ryzen 9 3900X 12-Core Processor,"logical=24,cores=12,sockets=1,nodes=1",performance,rustc 1.97.0 (2d8144b78 2026-07-07),22.1.6,cargo 1.97.0 (c980f4866 2026-06-30),"release,lto=thin,debug=true",/home/bob/.cache/mess-bench,/dev/nvme0n1p3,ext4,/home,Samsung SSD 970 EVO Plus 2TB,[none] mq-deadline kyber bfq,249457766400,4096,1024,payload[i]=(i*131+17)&0xff,3.23095703125,accepted,,4,4,0,162,bytes,648000,648000,33753024,162,0,0,4,0,0,2562220,2602548,14410,25420,27880,3.230,3.230
e000372,exploratory,pwritev_full_8m,baseline,1,4,ABBA,k_pwrite,process,24,1000,4,4,domain,synthetic_sweep,1,54215100a825da9eb7cfbd8f045e54ef05fb29bd,false,1b36f48efea63210dfeeee7270dea968ab5ba58da27f90aa42845eb8a64a6649,12b1dafe765a77d1a17115b0ae12cff973f20ed7d6d770fbd790695fe081288e,0e4833553be7825885da5ea99bceab292cc8abee6414d58b31864afe8ca9f944,c89b17de3d4d36a4e106517b0737619bd65f0e2877d95adbf2f297762f71fb7b,6e938dfcd266a2b0eac811d7ea7eabbd5b217965f88efa81371465134dbcab11,2026-07-15T18:47:08.389633+00:00,8o8-arch,7.0.12-arch1-1,AMD Ryzen 9 3900X 12-Core Processor,"logical=24,cores=12,sockets=1,nodes=1",performance,rustc 1.97.0 (2d8144b78 2026-07-07),22.1.6,cargo 1.97.0 (c980f4866 2026-06-30),"release,lto=thin,debug=true",/home/bob/.cache/mess-bench,/dev/nvme0n1p3,ext4,/home,Samsung SSD 970 EVO Plus 2TB,[none] mq-deadline kyber bfq,249457799168,4096,1024,payload[i]=(i*131+17)&0xff,3.23095703125,accepted,,4,4,0,162,bytes,648000,648000,33753024,648,0,0,0,0,0,5219501,5448936,27420,35190,203169,3.230,3.230
e000373,exploratory,copy_contiguous,candidate,1,1,BAAB,copy_contiguous,process,24,1000,4,4,domain,synthetic_sweep,1,54215100a825da9eb7cfbd8f045e54ef05fb29bd,false,1b36f48efea63210dfeeee7270dea968ab5ba58da27f90aa42845eb8a64a6649,12b1dafe765a77d1a17115b0ae12cff973f20ed7d6d770fbd790695fe081288e,0e4833553be7825885da5ea99bceab292cc8abee6414d58b31864afe8ca9f944,c89b17de3d4d36a4e106517b0737619bd65f0e2877d95adbf2f297762f71fb7b,6e938dfcd266a2b0eac811d7ea7eabbd5b217965f88efa81371465134dbcab11,2026-07-15T18:47:09.418521+00:00,8o8-arch,7.0.12-arch1-1,AMD Ryzen 9 3900X 12-Core Processor,"logical=24,cores=12,sockets=1,nodes=1",performance,rustc 1.97.0 (2d8144b78 2026-07-07),22.1.6,cargo 1.97.0 (c980f4866 2026-06-30),"release,lto=thin,debug=true",/home/bob/.cache/mess-bench,/dev/nvme0n1p3,ext4,/home,Samsung SSD 970 EVO Plus 2TB,[none] mq-deadline kyber bfq,249457799168,4096,1024,payload[i]=(i*131+17)&0xff,3.23095703125,accepted,,4,4,0,162,bytes,648000,648000,33753024,162,0,0,0,33753024,0,7522122,7948934,29220,37940,45360,3.230,3.230
e000374,exploratory,copy_contiguous,baseline,1,2,BAAB,k_pwrite,process,24,1000,4,4,domain,synthetic_sweep,1,54215100a825da9eb7cfbd8f045e54ef05fb29bd,false,1b36f48efea63210dfeeee7270dea968ab5ba58da27f90aa42845eb8a64a6649,12b1dafe765a77d1a17115b0ae12cff973f20ed7d6d770fbd790695fe081288e,0e4833553be7825885da5ea99bceab292cc8abee6414d58b31864afe8ca9f944,c89b17de3d4d36a4e106517b0737619bd65f0e2877d95adbf2f297762f71fb7b,6e938dfcd266a2b0eac811d7ea7eabbd5b217965f88efa81371465134dbcab11,2026-07-15T18:47:10.453938+00:00,8o8-arch,7.0.12-arch1-1,AMD Ryzen 9 3900X 12-Core Processor,"logical=24,cores=12,sockets=1,nodes=1",performance,rustc 1.97.0 (2d8144b78 2026-07-07),22.1.6,cargo 1.97.0 (c980f4866 2026-06-30),"release,lto=thin,debug=true",/home/bob/.cache/mess-bench,/dev/nvme0n1p3,ext4,/home,Samsung SSD 970 EVO Plus 2TB,[none] mq-deadline kyber bfq,249457795072,4096,1024,payload[i]=(i*131+17)&0xff,3.23095703125,accepted,,4,4,0,162,bytes,648000,648000,33753024,648,0,0,0,0,0,7360842,7417755,22130,36680,328120,3.230,3.230
e000375,exploratory,copy_contiguous,baseline,1,3,BAAB,k_pwrite,process,24,1000,4,4,domain,synthetic_sweep,1,54215100a825da9eb7cfbd8f045e54ef05fb29bd,false,1b36f48efea63210dfeeee7270dea968ab5ba58da27f90aa42845eb8a64a6649,12b1dafe765a77d1a17115b0ae12cff973f20ed7d6d770fbd790695fe081288e,0e4833553be7825885da5ea99bceab292cc8abee6414d58b31864afe8ca9f944,c89b17de3d4d36a4e106517b0737619bd65f0e2877d95adbf2f297762f71fb7b,6e938dfcd266a2b0eac811d7ea7eabbd5b217965f88efa81371465134dbcab11,2026-07-15T18:47:11.477279+00:00,8o8-arch,7.0.12-arch1-1,AMD Ryzen 9 3900X 12-Core Processor,"logical=24,cores=12,sockets=1,nodes=1",performance,rustc 1.97.0 (2d8144b78 2026-07-07),22.1.6,cargo 1.97.0 (c980f4866 2026-06-30),"release,lto=thin,debug=true",/home/bob/.cache/mess-bench,/dev/nvme0n1p3,ext4,/home,Samsung SSD 970 EVO Plus 2TB,[none] mq-deadline kyber bfq,249457790976,4096,1024,payload[i]=(i*131+17)&0xff,3.13232421875,accepted,,4,4,0,162,bytes,648000,648000,33753024,648,0,0,0,0,0,3469271,3530557,20930,26770,38170,3.130,3.130
e000376,exploratory,copy_contiguous,candidate,1,4,BAAB,copy_contiguous,process,24,1000,4,4,domain,synthetic_sweep,1,54215100a825da9eb7cfbd8f045e54ef05fb29bd,false,1b36f48efea63210dfeeee7270dea968ab5ba58da27f90aa42845eb8a64a6649,12b1dafe765a77d1a17115b0ae12cff973f20ed7d6d770fbd790695fe081288e,0e4833553be7825885da5ea99bceab292cc8abee6414d58b31864afe8ca9f944,c89b17de3d4d36a4e106517b0737619bd65f0e2877d95adbf2f297762f71fb7b,6e938dfcd266a2b0eac811d7ea7eabbd5b217965f88efa81371465134dbcab11,2026-07-15T18:47:12.508469+00:00,8o8-arch,7.0.12-arch1-1,AMD Ryzen 9 3900X 12-Core Processor,"logical=24,cores=12,sockets=1,nodes=1",performance,rustc 1.97.0 (2d8144b78 2026-07-07),22.1.6,cargo 1.97.0 (c980f4866 2026-06-30),"release,lto=thin,debug=true",/home/bob/.cache/mess-bench,/dev/nvme0n1p3,ext4,/home,Samsung SSD 970 EVO Plus 2TB,[none] mq-deadline kyber bfq,249457786880,4096,1024,payload[i]=(i*131+17)&0xff,3.13232421875,accepted,,4,4,0,162,bytes,648000,648000,33753024,162,0,0,0,33753024,0,4879561,4914036,29330,36460,40400,3.130,3.130
e000377,exploratory,pwritev_full_8m,baseline,1,1,ABBA,k_pwrite,process,24,1000,4,4,new_name,synthetic_sweep,1,54215100a825da9eb7cfbd8f045e54ef05fb29bd,false,1b36f48efea63210dfeeee7270dea968ab5ba58da27f90aa42845eb8a64a6649,12b1dafe765a77d1a17115b0ae12cff973f20ed7d6d770fbd790695fe081288e,0e4833553be7825885da5ea99bceab292cc8abee6414d58b31864afe8ca9f944,c89b17de3d4d36a4e106517b0737619bd65f0e2877d95adbf2f297762f71fb7b,6e938dfcd266a2b0eac811d7ea7eabbd5b217965f88efa81371465134dbcab11,2026-07-15T18:47:13.539841+00:00,8o8-arch,7.0.12-arch1-1,AMD Ryzen 9 3900X 12-Core Processor,"logical=24,cores=12,sockets=1,nodes=1",performance,rustc 1.97.0 (2d8144b78 2026-07-07),22.1.6,cargo 1.97.0 (c980f4866 2026-06-30),"release,lto=thin,debug=true",/home/bob/.cache/mess-bench,/dev/nvme0n1p3,ext4,/home,Samsung SSD 970 EVO Plus 2TB,[none] mq-deadline kyber bfq,249457782784,4096,1024,payload[i]=(i*131+17)&0xff,3.13232421875,accepted,,4,8,0,161,bytes,644644,644000,33634832,1288,0,0,0,0,0,3813751,3922327,22870,30230,33930,3.130,3.130
e000378,exploratory,pwritev_full_8m,candidate,1,2,ABBA,pwritev_full_8m,process,24,1000,4,4,new_name,synthetic_sweep,1,54215100a825da9eb7cfbd8f045e54ef05fb29bd,false,1b36f48efea63210dfeeee7270dea968ab5ba58da27f90aa42845eb8a64a6649,12b1dafe765a77d1a17115b0ae12cff973f20ed7d6d770fbd790695fe081288e,0e4833553be7825885da5ea99bceab292cc8abee6414d58b31864afe8ca9f944,c89b17de3d4d36a4e106517b0737619bd65f0e2877d95adbf2f297762f71fb7b,6e938dfcd266a2b0eac811d7ea7eabbd5b217965f88efa81371465134dbcab11,2026-07-15T18:47:14.565770+00:00,8o8-arch,7.0.12-arch1-1,AMD Ryzen 9 3900X 12-Core Processor,"logical=24,cores=12,sockets=1,nodes=1",performance,rustc 1.97.0 (2d8144b78 2026-07-07),22.1.6,cargo 1.97.0 (c980f4866 2026-06-30),"release,lto=thin,debug=true",/home/bob/.cache/mess-bench,/dev/nvme0n1p3,ext4,/home,Samsung SSD 970 EVO Plus 2TB,[none] mq-deadline kyber bfq,249458651136,4096,1024,payload[i]=(i*131+17)&0xff,3.13232421875,accepted,,4,8,0,161,bytes,644644,644000,33634832,161,0,0,8,0,0,2515831,2540658,14770,22060,24900,3.130,3.130
e000379,exploratory,pwritev_full_8m,candidate,1,3,ABBA,pwritev_full_8m,process,24,1000,4,4,new_name,synthetic_sweep,1,54215100a825da9eb7cfbd8f045e54ef05fb29bd,false,1b36f48efea63210dfeeee7270dea968ab5ba58da27f90aa42845eb8a64a6649,12b1dafe765a77d1a17115b0ae12cff973f20ed7d6d770fbd790695fe081288e,0e4833553be7825885da5ea99bceab292cc8abee6414d58b31864afe8ca9f944,c89b17de3d4d36a4e106517b0737619bd65f0e2877d95adbf2f297762f71fb7b,6e938dfcd266a2b0eac811d7ea7eabbd5b217965f88efa81371465134dbcab11,2026-07-15T18:47:15.593247+00:00,8o8-arch,7.0.12-arch1-1,AMD Ryzen 9 3900X 12-Core Processor,"logical=24,cores=12,sockets=1,nodes=1",performance,rustc 1.97.0 (2d8144b78 2026-07-07),22.1.6,cargo 1.97.0 (c980f4866 2026-06-30),"release,lto=thin,debug=true",/home/bob/.cache/mess-bench,/dev/nvme0n1p3,ext4,/home,Samsung SSD 970 EVO Plus 2TB,[none] mq-deadline kyber bfq,249458618368,4096,1024,payload[i]=(i*131+17)&0xff,3.13232421875,accepted,,4,8,0,161,bytes,644644,644000,33634832,161,0,0,8,0,0,2483420,2501508,14270,23540,25990,3.130,3.130
e000380,exploratory,pwritev_full_8m,baseline,1,4,ABBA,k_pwrite,process,24,1000,4,4,new_name,synthetic_sweep,1,54215100a825da9eb7cfbd8f045e54ef05fb29bd,false,1b36f48efea63210dfeeee7270dea968ab5ba58da27f90aa42845eb8a64a6649,12b1dafe765a77d1a17115b0ae12cff973f20ed7d6d770fbd790695fe081288e,0e4833553be7825885da5ea99bceab292cc8abee6414d58b31864afe8ca9f944,c89b17de3d4d36a4e106517b0737619bd65f0e2877d95adbf2f297762f71fb7b,6e938dfcd266a2b0eac811d7ea7eabbd5b217965f88efa81371465134dbcab11,2026-07-15T18:47:16.620797+00:00,8o8-arch,7.0.12-arch1-1,AMD Ryzen 9 3900X 12-Core Processor,"logical=24,cores=12,sockets=1,nodes=1",performance,rustc 1.97.0 (2d8144b78 2026-07-07),22.1.6,cargo 1.97.0 (c980f4866 2026-06-30),"release,lto=thin,debug=true",/home/bob/.cache/mess-bench,/dev/nvme0n1p3,ext4,/home,Samsung SSD 970 EVO Plus 2TB,[none] mq-deadline kyber bfq,249458651136,4096,1024,payload[i]=(i*131+17)&0xff,3.2822265625,accepted,,4,8,0,161,bytes,644644,644000,33634832,1288,0,0,0,0,0,4007150,4312027,23840,39670,46550,3.280,3.280
e000381,exploratory,copy_contiguous,candidate,1,1,BAAB,copy_contiguous,process,24,1000,4,4,new_name,synthetic_sweep,1,54215100a825da9eb7cfbd8f045e54ef05fb29bd,false,1b36f48efea63210dfeeee7270dea968ab5ba58da27f90aa42845eb8a64a6649,12b1dafe765a77d1a17115b0ae12cff973f20ed7d6d770fbd790695fe081288e,0e4833553be7825885da5ea99bceab292cc8abee6414d58b31864afe8ca9f944,c89b17de3d4d36a4e106517b0737619bd65f0e2877d95adbf2f297762f71fb7b,6e938dfcd266a2b0eac811d7ea7eabbd5b217965f88efa81371465134dbcab11,2026-07-15T18:47:17.650604+00:00,8o8-arch,7.0.12-arch1-1,AMD Ryzen 9 3900X 12-Core Processor,"logical=24,cores=12,sockets=1,nodes=1",performance,rustc 1.97.0 (2d8144b78 2026-07-07),22.1.6,cargo 1.97.0 (c980f4866 2026-06-30),"release,lto=thin,debug=true",/home/bob/.cache/mess-bench,/dev/nvme0n1p3,ext4,/home,Samsung SSD 970 EVO Plus 2TB,[none] mq-deadline kyber bfq,249458651136,4096,1024,payload[i]=(i*131+17)&0xff,3.2822265625,accepted,,4,8,0,161,bytes,644644,644000,33634832,161,0,0,0,33634832,0,7672592,7743754,30170,48390,605520,3.280,3.280
e000382,exploratory,copy_contiguous,baseline,1,2,BAAB,k_pwrite,process,24,1000,4,4,new_name,synthetic_sweep,1,54215100a825da9eb7cfbd8f045e54ef05fb29bd,false,1b36f48efea63210dfeeee7270dea968ab5ba58da27f90aa42845eb8a64a6649,12b1dafe765a77d1a17115b0ae12cff973f20ed7d6d770fbd790695fe081288e,0e4833553be7825885da5ea99bceab292cc8abee6414d58b31864afe8ca9f944,c89b17de3d4d36a4e106517b0737619bd65f0e2877d95adbf2f297762f71fb7b,6e938dfcd266a2b0eac811d7ea7eabbd5b217965f88efa81371465134dbcab11,2026-07-15T18:47:18.679607+00:00,8o8-arch,7.0.12-arch1-1,AMD Ryzen 9 3900X 12-Core Processor,"logical=24,cores=12,sockets=1,nodes=1",performance,rustc 1.97.0 (2d8144b78 2026-07-07),22.1.6,cargo 1.97.0 (c980f4866 2026-06-30),"release,lto=thin,debug=true",/home/bob/.cache/mess-bench,/dev/nvme0n1p3,ext4,/home,Samsung SSD 970 EVO Plus 2TB,[none] mq-deadline kyber bfq,249458647040,4096,1024,payload[i]=(i*131+17)&0xff,3.2822265625,accepted,,4,8,0,161,bytes,644644,644000,33634832,1288,0,0,0,0,0,3995391,4038647,23450,32000,43800,3.280,3.280
e000383,exploratory,copy_contiguous,baseline,1,3,BAAB,k_pwrite,process,24,1000,4,4,new_name,synthetic_sweep,1,54215100a825da9eb7cfbd8f045e54ef05fb29bd,false,1b36f48efea63210dfeeee7270dea968ab5ba58da27f90aa42845eb8a64a6649,12b1dafe765a77d1a17115b0ae12cff973f20ed7d6d770fbd790695fe081288e,0e4833553be7825885da5ea99bceab292cc8abee6414d58b31864afe8ca9f944,c89b17de3d4d36a4e106517b0737619bd65f0e2877d95adbf2f297762f71fb7b,6e938dfcd266a2b0eac811d7ea7eabbd5b217965f88efa81371465134dbcab11,2026-07-15T18:47:19.711284+00:00,8o8-arch,7.0.12-arch1-1,AMD Ryzen 9 3900X 12-Core Processor,"logical=24,cores=12,sockets=1,nodes=1",performance,rustc 1.97.0 (2d8144b78 2026-07-07),22.1.6,cargo 1.97.0 (c980f4866 2026-06-30),"release,lto=thin,debug=true",/home/bob/.cache/mess-bench,/dev/nvme0n1p3,ext4,/home,Samsung SSD 970 EVO Plus 2TB,[none] mq-deadline kyber bfq,249458642944,4096,1024,payload[i]=(i*131+17)&0xff,3.2822265625,accepted,,4,8,0,161,bytes,644644,644000,33634832,1288,0,0,0,0,0,3939611,3980617,23480,32100,35660,3.280,3.280
e000384,exploratory,copy_contiguous,candidate,1,4,BAAB,copy_contiguous,process,24,1000,4,4,new_name,synthetic_sweep,1,54215100a825da9eb7cfbd8f045e54ef05fb29bd,false,1b36f48efea63210dfeeee7270dea968ab5ba58da27f90aa42845eb8a64a6649,12b1dafe765a77d1a17115b0ae12cff973f20ed7d6d770fbd790695fe081288e,0e4833553be7825885da5ea99bceab292cc8abee6414d58b31864afe8ca9f944,c89b17de3d4d36a4e106517b0737619bd65f0e2877d95adbf2f297762f71fb7b,6e938dfcd266a2b0eac811d7ea7eabbd5b217965f88efa81371465134dbcab11,2026-07-15T18:47:20.741379+00:00,8o8-arch,7.0.12-arch1-1,AMD Ryzen 9 3900X 12-Core Processor,"logical=24,cores=12,sockets=1,nodes=1",performance,rustc 1.97.0 (2d8144b78 2026-07-07),22.1.6,cargo 1.97.0 (c980f4866 2026-06-30),"release,lto=thin,debug=true",/home/bob/.cache/mess-bench,/dev/nvme0n1p3,ext4,/home,Samsung SSD 970 EVO Plus 2TB,[none] mq-deadline kyber bfq,249458634752,4096,1024,payload[i]=(i*131+17)&0xff,3.2822265625,accepted,,4,8,0,161,bytes,644644,644000,33634832,161,0,0,0,33634832,0,5097360,5202476,30450,44460,54570,3.280,3.280
e000385,exploratory,pwritev_full_8m,baseline,1,1,ABBA,k_pwrite,process,250,1,2,2,domain,synthetic_sweep,1,54215100a825da9eb7cfbd8f045e54ef05fb29bd,false,1b36f48efea63210dfeeee7270dea968ab5ba58da27f90aa42845eb8a64a6649,12b1dafe765a77d1a17115b0ae12cff973f20ed7d6d770fbd790695fe081288e,0e4833553be7825885da5ea99bceab292cc8abee6414d58b31864afe8ca9f944,c89b17de3d4d36a4e106517b0737619bd65f0e2877d95adbf2f297762f71fb7b,6e938dfcd266a2b0eac811d7ea7eabbd5b217965f88efa81371465134dbcab11,2026-07-15T18:47:21.774844+00:00,8o8-arch,7.0.12-arch1-1,AMD Ryzen 9 3900X 12-Core Processor,"logical=24,cores=12,sockets=1,nodes=1",performance,rustc 1.97.0 (2d8144b78 2026-07-07),22.1.6,cargo 1.97.0 (c980f4866 2026-06-30),"release,lto=thin,debug=true",/home/bob/.cache/mess-bench,/dev/nvme0n1p3,ext4,/home,Samsung SSD 970 EVO Plus 2TB,[none] mq-deadline kyber bfq,249458634752,4096,1024,payload[i]=(i*131+17)&0xff,3.33984375,accepted,,2,2,0,45840,bytes,91680,91680,33554880,91680,0,0,0,0,0,75378869,75929864,1490,1750,2090,3.340,3.340
e000386,exploratory,pwritev_full_8m,candidate,1,2,ABBA,pwritev_full_8m,process,250,1,2,2,domain,synthetic_sweep,1,54215100a825da9eb7cfbd8f045e54ef05fb29bd,false,1b36f48efea63210dfeeee7270dea968ab5ba58da27f90aa42845eb8a64a6649,12b1dafe765a77d1a17115b0ae12cff973f20ed7d6d770fbd790695fe081288e,0e4833553be7825885da5ea99bceab292cc8abee6414d58b31864afe8ca9f944,c89b17de3d4d36a4e106517b0737619bd65f0e2877d95adbf2f297762f71fb7b,6e938dfcd266a2b0eac811d7ea7eabbd5b217965f88efa81371465134dbcab11,2026-07-15T18:47:22.799549+00:00,8o8-arch,7.0.12-arch1-1,AMD Ryzen 9 3900X 12-Core Processor,"logical=24,cores=12,sockets=1,nodes=1",performance,rustc 1.97.0 (2d8144b78 2026-07-07),22.1.6,cargo 1.97.0 (c980f4866 2026-06-30),"release,lto=thin,debug=true",/home/bob/.cache/mess-bench,/dev/nvme0n1p3,ext4,/home,Samsung SSD 970 EVO Plus 2TB,[none] mq-deadline kyber bfq,249458630656,4096,1024,payload[i]=(i*131+17)&0xff,3.33984375,accepted,,2,2,0,45840,bytes,91680,91680,33554880,45840,0,0,2,0,0,46165122,46524936,900,1110,1210,3.340,3.340
e000387,exploratory,pwritev_full_8m,candidate,1,3,ABBA,pwritev_full_8m,process,250,1,2,2,domain,synthetic_sweep,1,54215100a825da9eb7cfbd8f045e54ef05fb29bd,false,1b36f48efea63210dfeeee7270dea968ab5ba58da27f90aa42845eb8a64a6649,12b1dafe765a77d1a17115b0ae12cff973f20ed7d6d770fbd790695fe081288e,0e4833553be7825885da5ea99bceab292cc8abee6414d58b31864afe8ca9f944,c89b17de3d4d36a4e106517b0737619bd65f0e2877d95adbf2f297762f71fb7b,6e938dfcd266a2b0eac811d7ea7eabbd5b217965f88efa81371465134dbcab11,2026-07-15T18:47:23.830681+00:00,8o8-arch,7.0.12-arch1-1,AMD Ryzen 9 3900X 12-Core Processor,"logical=24,cores=12,sockets=1,nodes=1",performance,rustc 1.97.0 (2d8144b78 2026-07-07),22.1.6,cargo 1.97.0 (c980f4866 2026-06-30),"release,lto=thin,debug=true",/home/bob/.cache/mess-bench,/dev/nvme0n1p3,ext4,/home,Samsung SSD 970 EVO Plus 2TB,[none] mq-deadline kyber bfq,249458630656,4096,1024,payload[i]=(i*131+17)&0xff,3.33984375,accepted,,2,2,0,45840,bytes,91680,91680,33554880,45840,0,0,2,0,0,46787092,47122816,910,1090,1180,3.340,3.340
e000388,exploratory,pwritev_full_8m,baseline,1,4,ABBA,k_pwrite,process,250,1,2,2,domain,synthetic_sweep,1,54215100a825da9eb7cfbd8f045e54ef05fb29bd,false,1b36f48efea63210dfeeee7270dea968ab5ba58da27f90aa42845eb8a64a6649,12b1dafe765a77d1a17115b0ae12cff973f20ed7d6d770fbd790695fe081288e,0e4833553be7825885da5ea99bceab292cc8abee6414d58b31864afe8ca9f944,c89b17de3d4d36a4e106517b0737619bd65f0e2877d95adbf2f297762f71fb7b,6e938dfcd266a2b0eac811d7ea7eabbd5b217965f88efa81371465134dbcab11,2026-07-15T18:47:24.858640+00:00,8o8-arch,7.0.12-arch1-1,AMD Ryzen 9 3900X 12-Core Processor,"logical=24,cores=12,sockets=1,nodes=1",performance,rustc 1.97.0 (2d8144b78 2026-07-07),22.1.6,cargo 1.97.0 (c980f4866 2026-06-30),"release,lto=thin,debug=true",/home/bob/.cache/mess-bench,/dev/nvme0n1p3,ext4,/home,Samsung SSD 970 EVO Plus 2TB,[none] mq-deadline kyber bfq,249458626560,4096,1024,payload[i]=(i*131+17)&0xff,3.33984375,accepted,,2,2,0,45840,bytes,91680,91680,33554880,91680,0,0,0,0,0,75169519,75796834,1480,1780,3280,3.340,3.340
e000389,exploratory,copy_contiguous,candidate,1,1,BAAB,copy_contiguous,process,250,1,2,2,domain,synthetic_sweep,1,54215100a825da9eb7cfbd8f045e54ef05fb29bd,false,1b36f48efea63210dfeeee7270dea968ab5ba58da27f90aa42845eb8a64a6649,12b1dafe765a77d1a17115b0ae12cff973f20ed7d6d770fbd790695fe081288e,0e4833553be7825885da5ea99bceab292cc8abee6414d58b31864afe8ca9f944,c89b17de3d4d36a4e106517b0737619bd65f0e2877d95adbf2f297762f71fb7b,6e938dfcd266a2b0eac811d7ea7eabbd5b217965f88efa81371465134dbcab11,2026-07-15T18:47:25.888343+00:00,8o8-arch,7.0.12-arch1-1,AMD Ryzen 9 3900X 12-Core Processor,"logical=24,cores=12,sockets=1,nodes=1",performance,rustc 1.97.0 (2d8144b78 2026-07-07),22.1.6,cargo 1.97.0 (c980f4866 2026-06-30),"release,lto=thin,debug=true",/home/bob/.cache/mess-bench,/dev/nvme0n1p3,ext4,/home,Samsung SSD 970 EVO Plus 2TB,[none] mq-deadline kyber bfq,249458626560,4096,1024,payload[i]=(i*131+17)&0xff,3.232421875,accepted,,2,2,0,45840,bytes,91680,91680,33554880,45840,0,0,0,33554880,0,41774491,42154349,810,1000,1090,3.230,3.230
e000390,exploratory,copy_contiguous,baseline,1,2,BAAB,k_pwrite,process,250,1,2,2,domain,synthetic_sweep,1,54215100a825da9eb7cfbd8f045e54ef05fb29bd,false,1b36f48efea63210dfeeee7270dea968ab5ba58da27f90aa42845eb8a64a6649,12b1dafe765a77d1a17115b0ae12cff973f20ed7d6d770fbd790695fe081288e,0e4833553be7825885da5ea99bceab292cc8abee6414d58b31864afe8ca9f944,c89b17de3d4d36a4e106517b0737619bd65f0e2877d95adbf2f297762f71fb7b,6e938dfcd266a2b0eac811d7ea7eabbd5b217965f88efa81371465134dbcab11,2026-07-15T18:47:26.910515+00:00,8o8-arch,7.0.12-arch1-1,AMD Ryzen 9 3900X 12-Core Processor,"logical=24,cores=12,sockets=1,nodes=1",performance,rustc 1.97.0 (2d8144b78 2026-07-07),22.1.6,cargo 1.97.0 (c980f4866 2026-06-30),"release,lto=thin,debug=true",/home/bob/.cache/mess-bench,/dev/nvme0n1p3,ext4,/home,Samsung SSD 970 EVO Plus 2TB,[none] mq-deadline kyber bfq,249458618368,4096,1024,payload[i]=(i*131+17)&0xff,3.232421875,accepted,,2,2,0,45840,bytes,91680,91680,33554880,91680,0,0,0,0,0,73931259,74496276,1490,1810,1900,3.230,3.230
e000391,exploratory,copy_contiguous,baseline,1,3,BAAB,k_pwrite,process,250,1,2,2,domain,synthetic_sweep,1,54215100a825da9eb7cfbd8f045e54ef05fb29bd,false,1b36f48efea63210dfeeee7270dea968ab5ba58da27f90aa42845eb8a64a6649,12b1dafe765a77d1a17115b0ae12cff973f20ed7d6d770fbd790695fe081288e,0e4833553be7825885da5ea99bceab292cc8abee6414d58b31864afe8ca9f944,c89b17de3d4d36a4e106517b0737619bd65f0e2877d95adbf2f297762f71fb7b,6e938dfcd266a2b0eac811d7ea7eabbd5b217965f88efa81371465134dbcab11,2026-07-15T18:47:27.934387+00:00,8o8-arch,7.0.12-arch1-1,AMD Ryzen 9 3900X 12-Core Processor,"logical=24,cores=12,sockets=1,nodes=1",performance,rustc 1.97.0 (2d8144b78 2026-07-07),22.1.6,cargo 1.97.0 (c980f4866 2026-06-30),"release,lto=thin,debug=true",/home/bob/.cache/mess-bench,/dev/nvme0n1p3,ext4,/home,Samsung SSD 970 EVO Plus 2TB,[none] mq-deadline kyber bfq,249458618368,4096,1024,payload[i]=(i*131+17)&0xff,3.232421875,accepted,,2,2,0,45840,bytes,91680,91680,33554880,91680,0,0,0,0,0,74140769,75033775,1490,1830,1910,3.230,3.230
e000392,exploratory,copy_contiguous,candidate,1,4,BAAB,copy_contiguous,process,250,1,2,2,domain,synthetic_sweep,1,54215100a825da9eb7cfbd8f045e54ef05fb29bd,false,1b36f48efea63210dfeeee7270dea968ab5ba58da27f90aa42845eb8a64a6649,12b1dafe765a77d1a17115b0ae12cff973f20ed7d6d770fbd790695fe081288e,0e4833553be7825885da5ea99bceab292cc8abee6414d58b31864afe8ca9f944,c89b17de3d4d36a4e106517b0737619bd65f0e2877d95adbf2f297762f71fb7b,6e938dfcd266a2b0eac811d7ea7eabbd5b217965f88efa81371465134dbcab11,2026-07-15T18:47:28.963475+00:00,8o8-arch,7.0.12-arch1-1,AMD Ryzen 9 3900X 12-Core Processor,"logical=24,cores=12,sockets=1,nodes=1",performance,rustc 1.97.0 (2d8144b78 2026-07-07),22.1.6,cargo 1.97.0 (c980f4866 2026-06-30),"release,lto=thin,debug=true",/home/bob/.cache/mess-bench,/dev/nvme0n1p3,ext4,/home,Samsung SSD 970 EVO Plus 2TB,[none] mq-deadline kyber bfq,249458610176,4096,1024,payload[i]=(i*131+17)&0xff,3.232421875,accepted,,2,2,0,45840,bytes,91680,91680,33554880,45840,0,0,0,33554880,0,43312611,43671148,820,1050,1100,3.230,3.230
e000393,exploratory,pwritev_full_8m,baseline,1,1,ABBA,k_pwrite,process,250,1,2,2,new_name,synthetic_sweep,1,54215100a825da9eb7cfbd8f045e54ef05fb29bd,false,1b36f48efea63210dfeeee7270dea968ab5ba58da27f90aa42845eb8a64a6649,12b1dafe765a77d1a17115b0ae12cff973f20ed7d6d770fbd790695fe081288e,0e4833553be7825885da5ea99bceab292cc8abee6414d58b31864afe8ca9f944,c89b17de3d4d36a4e106517b0737619bd65f0e2877d95adbf2f297762f71fb7b,6e938dfcd266a2b0eac811d7ea7eabbd5b217965f88efa81371465134dbcab11,2026-07-15T18:47:29.992160+00:00,8o8-arch,7.0.12-arch1-1,AMD Ryzen 9 3900X 12-Core Processor,"logical=24,cores=12,sockets=1,nodes=1",performance,rustc 1.97.0 (2d8144b78 2026-07-07),22.1.6,cargo 1.97.0 (c980f4866 2026-06-30),"release,lto=thin,debug=true",/home/bob/.cache/mess-bench,/dev/nvme0n1p3,ext4,/home,Samsung SSD 970 EVO Plus 2TB,[none] mq-deadline kyber bfq,249458610176,4096,1024,payload[i]=(i*131+17)&0xff,3.232421875,accepted,,2,4,0,33157,bytes,132628,66314,33554884,132628,0,0,0,0,0,106261976,107293922,2900,3660,8620,3.230,3.230
e000394,exploratory,pwritev_full_8m,candidate,1,2,ABBA,pwritev_full_8m,process,250,1,2,2,new_name,synthetic_sweep,1,54215100a825da9eb7cfbd8f045e54ef05fb29bd,false,1b36f48efea63210dfeeee7270dea968ab5ba58da27f90aa42845eb8a64a6649,12b1dafe765a77d1a17115b0ae12cff973f20ed7d6d770fbd790695fe081288e,0e4833553be7825885da5ea99bceab292cc8abee6414d58b31864afe8ca9f944,c89b17de3d4d36a4e106517b0737619bd65f0e2877d95adbf2f297762f71fb7b,6e938dfcd266a2b0eac811d7ea7eabbd5b217965f88efa81371465134dbcab11,2026-07-15T18:47:31.021797+00:00,8o8-arch,7.0.12-arch1-1,AMD Ryzen 9 3900X 12-Core Processor,"logical=24,cores=12,sockets=1,nodes=1",performance,rustc 1.97.0 (2d8144b78 2026-07-07),22.1.6,cargo 1.97.0 (c980f4866 2026-06-30),"release,lto=thin,debug=true",/home/bob/.cache/mess-bench,/dev/nvme0n1p3,ext4,/home,Samsung SSD 970 EVO Plus 2TB,[none] mq-deadline kyber bfq,249458606080,4096,1024,payload[i]=(i*131+17)&0xff,3.21337890625,accepted,,2,4,0,33157,bytes,132628,66314,33554884,33157,0,0,4,0,0,36179608,38691152,990,1220,1320,3.210,3.210
e000395,exploratory,pwritev_full_8m,candidate,1,3,ABBA,pwritev_full_8m,process,250,1,2,2,new_name,synthetic_sweep,1,54215100a825da9eb7cfbd8f045e54ef05fb29bd,false,1b36f48efea63210dfeeee7270dea968ab5ba58da27f90aa42845eb8a64a6649,12b1dafe765a77d1a17115b0ae12cff973f20ed7d6d770fbd790695fe081288e,0e4833553be7825885da5ea99bceab292cc8abee6414d58b31864afe8ca9f944,c89b17de3d4d36a4e106517b0737619bd65f0e2877d95adbf2f297762f71fb7b,6e938dfcd266a2b0eac811d7ea7eabbd5b217965f88efa81371465134dbcab11,2026-07-15T18:47:32.045184+00:00,8o8-arch,7.0.12-arch1-1,AMD Ryzen 9 3900X 12-Core Processor,"logical=24,cores=12,sockets=1,nodes=1",performance,rustc 1.97.0 (2d8144b78 2026-07-07),22.1.6,cargo 1.97.0 (c980f4866 2026-06-30),"release,lto=thin,debug=true",/home/bob/.cache/mess-bench,/dev/nvme0n1p3,ext4,/home,Samsung SSD 970 EVO Plus 2TB,[none] mq-deadline kyber bfq,249458601984,4096,1024,payload[i]=(i*131+17)&0xff,3.21337890625,accepted,,2,4,0,33157,bytes,132628,66314,33554884,33157,0,0,4,0,0,36534310,36781433,980,1260,1340,3.210,3.210
e000396,exploratory,pwritev_full_8m,baseline,1,4,ABBA,k_pwrite,process,250,1,2,2,new_name,synthetic_sweep,1,54215100a825da9eb7cfbd8f045e54ef05fb29bd,false,1b36f48efea63210dfeeee7270dea968ab5ba58da27f90aa42845eb8a64a6649,12b1dafe765a77d1a17115b0ae12cff973f20ed7d6d770fbd790695fe081288e,0e4833553be7825885da5ea99bceab292cc8abee6414d58b31864afe8ca9f944,c89b17de3d4d36a4e106517b0737619bd65f0e2877d95adbf2f297762f71fb7b,6e938dfcd266a2b0eac811d7ea7eabbd5b217965f88efa81371465134dbcab11,2026-07-15T18:47:33.074912+00:00,8o8-arch,7.0.12-arch1-1,AMD Ryzen 9 3900X 12-Core Processor,"logical=24,cores=12,sockets=1,nodes=1",performance,rustc 1.97.0 (2d8144b78 2026-07-07),22.1.6,cargo 1.97.0 (c980f4866 2026-06-30),"release,lto=thin,debug=true",/home/bob/.cache/mess-bench,/dev/nvme0n1p3,ext4,/home,Samsung SSD 970 EVO Plus 2TB,[none] mq-deadline kyber bfq,249458601984,4096,1024,payload[i]=(i*131+17)&0xff,3.21337890625,accepted,,2,4,0,33157,bytes,132628,66314,33554884,132628,0,0,0,0,0,101572346,102411565,2930,3550,3810,3.210,3.210
e000397,exploratory,copy_contiguous,candidate,1,1,BAAB,copy_contiguous,process,250,1,2,2,new_name,synthetic_sweep,1,54215100a825da9eb7cfbd8f045e54ef05fb29bd,false,1b36f48efea63210dfeeee7270dea968ab5ba58da27f90aa42845eb8a64a6649,12b1dafe765a77d1a17115b0ae12cff973f20ed7d6d770fbd790695fe081288e,0e4833553be7825885da5ea99bceab292cc8abee6414d58b31864afe8ca9f944,c89b17de3d4d36a4e106517b0737619bd65f0e2877d95adbf2f297762f71fb7b,6e938dfcd266a2b0eac811d7ea7eabbd5b217965f88efa81371465134dbcab11,2026-07-15T18:47:34.104783+00:00,8o8-arch,7.0.12-arch1-1,AMD Ryzen 9 3900X 12-Core Processor,"logical=24,cores=12,sockets=1,nodes=1",performance,rustc 1.97.0 (2d8144b78 2026-07-07),22.1.6,cargo 1.97.0 (c980f4866 2026-06-30),"release,lto=thin,debug=true",/home/bob/.cache/mess-bench,/dev/nvme0n1p3,ext4,/home,Samsung SSD 970 EVO Plus 2TB,[none] mq-deadline kyber bfq,249458597888,4096,1024,payload[i]=(i*131+17)&0xff,3.21337890625,accepted,,2,4,0,33157,bytes,132628,66314,33554884,33157,0,0,0,33554884,0,31342368,31589317,840,1060,1120,3.210,3.210
e000398,exploratory,copy_contiguous,baseline,1,2,BAAB,k_pwrite,process,250,1,2,2,new_name,synthetic_sweep,1,54215100a825da9eb7cfbd8f045e54ef05fb29bd,false,1b36f48efea63210dfeeee7270dea968ab5ba58da27f90aa42845eb8a64a6649,12b1dafe765a77d1a17115b0ae12cff973f20ed7d6d770fbd790695fe081288e,0e4833553be7825885da5ea99bceab292cc8abee6414d58b31864afe8ca9f944,c89b17de3d4d36a4e106517b0737619bd65f0e2877d95adbf2f297762f71fb7b,6e938dfcd266a2b0eac811d7ea7eabbd5b217965f88efa81371465134dbcab11,2026-07-15T18:47:35.136009+00:00,8o8-arch,7.0.12-arch1-1,AMD Ryzen 9 3900X 12-Core Processor,"logical=24,cores=12,sockets=1,nodes=1",performance,rustc 1.97.0 (2d8144b78 2026-07-07),22.1.6,cargo 1.97.0 (c980f4866 2026-06-30),"release,lto=thin,debug=true",/home/bob/.cache/mess-bench,/dev/nvme0n1p3,ext4,/home,Samsung SSD 970 EVO Plus 2TB,[none] mq-deadline kyber bfq,249458593792,4096,1024,payload[i]=(i*131+17)&0xff,3.21337890625,accepted,,2,4,0,33157,bytes,132628,66314,33554884,132628,0,0,0,0,0,103561036,104497154,2930,3540,3960,3.210,3.210
e000399,exploratory,copy_contiguous,baseline,1,3,BAAB,k_pwrite,process,250,1,2,2,new_name,synthetic_sweep,1,54215100a825da9eb7cfbd8f045e54ef05fb29bd,false,1b36f48efea63210dfeeee7270dea968ab5ba58da27f90aa42845eb8a64a6649,12b1dafe765a77d1a17115b0ae12cff973f20ed7d6d770fbd790695fe081288e,0e4833553be7825885da5ea99bceab292cc8abee6414d58b31864afe8ca9f944,c89b17de3d4d36a4e106517b0737619bd65f0e2877d95adbf2f297762f71fb7b,6e938dfcd266a2b0eac811d7ea7eabbd5b217965f88efa81371465134dbcab11,2026-07-15T18:47:36.167207+00:00,8o8-arch,7.0.12-arch1-1,AMD Ryzen 9 3900X 12-Core Processor,"logical=24,cores=12,sockets=1,nodes=1",performance,rustc 1.97.0 (2d8144b78 2026-07-07),22.1.6,cargo 1.97.0 (c980f4866 2026-06-30),"release,lto=thin,debug=true",/home/bob/.cache/mess-bench,/dev/nvme0n1p3,ext4,/home,Samsung SSD 970 EVO Plus 2TB,[none] mq-deadline kyber bfq,249458589696,4096,1024,payload[i]=(i*131+17)&0xff,3.35693359375,accepted,,2,4,0,33157,bytes,132628,66314,33554884,132628,0,0,0,0,0,103016246,104103434,2920,3510,4720,3.360,3.360
e000400,exploratory,copy_contiguous,candidate,1,4,BAAB,copy_contiguous,process,250,1,2,2,new_name,synthetic_sweep,1,54215100a825da9eb7cfbd8f045e54ef05fb29bd,false,1b36f48efea63210dfeeee7270dea968ab5ba58da27f90aa42845eb8a64a6649,12b1dafe765a77d1a17115b0ae12cff973f20ed7d6d770fbd790695fe081288e,0e4833553be7825885da5ea99bceab292cc8abee6414d58b31864afe8ca9f944,c89b17de3d4d36a4e106517b0737619bd65f0e2877d95adbf2f297762f71fb7b,6e938dfcd266a2b0eac811d7ea7eabbd5b217965f88efa81371465134dbcab11,2026-07-15T18:47:37.195625+00:00,8o8-arch,7.0.12-arch1-1,AMD Ryzen 9 3900X 12-Core Processor,"logical=24,cores=12,sockets=1,nodes=1",performance,rustc 1.97.0 (2d8144b78 2026-07-07),22.1.6,cargo 1.97.0 (c980f4866 2026-06-30),"release,lto=thin,debug=true",/home/bob/.cache/mess-bench,/dev/nvme0n1p3,ext4,/home,Samsung SSD 970 EVO Plus 2TB,[none] mq-deadline kyber bfq,249458589696,4096,1024,payload[i]=(i*131+17)&0xff,3.35693359375,accepted,,2,4,0,33157,bytes,132628,66314,33554884,33157,0,0,0,33554884,0,32684258,32987096,830,990,1100,3.360,3.360
e000401,exploratory,pwritev_full_8m,baseline,1,1,ABBA,k_pwrite,process,250,1,4,4,domain,synthetic_sweep,1,54215100a825da9eb7cfbd8f045e54ef05fb29bd,false,1b36f48efea63210dfeeee7270dea968ab5ba58da27f90aa42845eb8a64a6649,12b1dafe765a77d1a17115b0ae12cff973f20ed7d6d770fbd790695fe081288e,0e4833553be7825885da5ea99bceab292cc8abee6414d58b31864afe8ca9f944,c89b17de3d4d36a4e106517b0737619bd65f0e2877d95adbf2f297762f71fb7b,6e938dfcd266a2b0eac811d7ea7eabbd5b217965f88efa81371465134dbcab11,2026-07-15T18:47:38.223750+00:00,8o8-arch,7.0.12-arch1-1,AMD Ryzen 9 3900X 12-Core Processor,"logical=24,cores=12,sockets=1,nodes=1",performance,rustc 1.97.0 (2d8144b78 2026-07-07),22.1.6,cargo 1.97.0 (c980f4866 2026-06-30),"release,lto=thin,debug=true",/home/bob/.cache/mess-bench,/dev/nvme0n1p3,ext4,/home,Samsung SSD 970 EVO Plus 2TB,[none] mq-deadline kyber bfq,249458585600,4096,1024,payload[i]=(i*131+17)&0xff,3.35693359375,accepted,,4,4,0,22920,bytes,91680,91680,33554880,91680,0,0,0,0,0,72838948,73815117,2930,3740,4180,3.360,3.360
e000402,exploratory,pwritev_full_8m,candidate,1,2,ABBA,pwritev_full_8m,process,250,1,4,4,domain,synthetic_sweep,1,54215100a825da9eb7cfbd8f045e54ef05fb29bd,false,1b36f48efea63210dfeeee7270dea968ab5ba58da27f90aa42845eb8a64a6649,12b1dafe765a77d1a17115b0ae12cff973f20ed7d6d770fbd790695fe081288e,0e4833553be7825885da5ea99bceab292cc8abee6414d58b31864afe8ca9f944,c89b17de3d4d36a4e106517b0737619bd65f0e2877d95adbf2f297762f71fb7b,6e938dfcd266a2b0eac811d7ea7eabbd5b217965f88efa81371465134dbcab11,2026-07-15T18:47:39.245300+00:00,8o8-arch,7.0.12-arch1-1,AMD Ryzen 9 3900X 12-Core Processor,"logical=24,cores=12,sockets=1,nodes=1",performance,rustc 1.97.0 (2d8144b78 2026-07-07),22.1.6,cargo 1.97.0 (c980f4866 2026-06-30),"release,lto=thin,debug=true",/home/bob/.cache/mess-bench,/dev/nvme0n1p3,ext4,/home,Samsung SSD 970 EVO Plus 2TB,[none] mq-deadline kyber bfq,249458577408,4096,1024,payload[i]=(i*131+17)&0xff,3.35693359375,accepted,,4,4,0,22920,bytes,91680,91680,33554880,22920,0,0,4,0,0,25286366,25527511,1000,1220,1260,3.360,3.360
e000403,exploratory,pwritev_full_8m,candidate,1,3,ABBA,pwritev_full_8m,process,250,1,4,4,domain,synthetic_sweep,1,54215100a825da9eb7cfbd8f045e54ef05fb29bd,false,1b36f48efea63210dfeeee7270dea968ab5ba58da27f90aa42845eb8a64a6649,12b1dafe765a77d1a17115b0ae12cff973f20ed7d6d770fbd790695fe081288e,0e4833553be7825885da5ea99bceab292cc8abee6414d58b31864afe8ca9f944,c89b17de3d4d36a4e106517b0737619bd65f0e2877d95adbf2f297762f71fb7b,6e938dfcd266a2b0eac811d7ea7eabbd5b217965f88efa81371465134dbcab11,2026-07-15T18:47:40.270024+00:00,8o8-arch,7.0.12-arch1-1,AMD Ryzen 9 3900X 12-Core Processor,"logical=24,cores=12,sockets=1,nodes=1",performance,rustc 1.97.0 (2d8144b78 2026-07-07),22.1.6,cargo 1.97.0 (c980f4866 2026-06-30),"release,lto=thin,debug=true",/home/bob/.cache/mess-bench,/dev/nvme0n1p3,ext4,/home,Samsung SSD 970 EVO Plus 2TB,[none] mq-deadline kyber bfq,249458577408,4096,1024,payload[i]=(i*131+17)&0xff,3.35693359375,accepted,,4,4,0,22920,bytes,91680,91680,33554880,22920,0,0,4,0,0,26068817,26410361,1000,1210,1720,3.360,3.360
e000404,exploratory,pwritev_full_8m,baseline,1,4,ABBA,k_pwrite,process,250,1,4,4,domain,synthetic_sweep,1,54215100a825da9eb7cfbd8f045e54ef05fb29bd,false,1b36f48efea63210dfeeee7270dea968ab5ba58da27f90aa42845eb8a64a6649,12b1dafe765a77d1a17115b0ae12cff973f20ed7d6d770fbd790695fe081288e,0e4833553be7825885da5ea99bceab292cc8abee6414d58b31864afe8ca9f944,c89b17de3d4d36a4e106517b0737619bd65f0e2877d95adbf2f297762f71fb7b,6e938dfcd266a2b0eac811d7ea7eabbd5b217965f88efa81371465134dbcab11,2026-07-15T18:47:41.293733+00:00,8o8-arch,7.0.12-arch1-1,AMD Ryzen 9 3900X 12-Core Processor,"logical=24,cores=12,sockets=1,nodes=1",performance,rustc 1.97.0 (2d8144b78 2026-07-07),22.1.6,cargo 1.97.0 (c980f4866 2026-06-30),"release,lto=thin,debug=true",/home/bob/.cache/mess-bench,/dev/nvme0n1p3,ext4,/home,Samsung SSD 970 EVO Plus 2TB,[none] mq-deadline kyber bfq,249458573312,4096,1024,payload[i]=(i*131+17)&0xff,4.68994140625,accepted,,4,4,0,22920,bytes,91680,91680,33554880,91680,0,0,0,0,0,71808247,74759115,2910,3670,3860,4.690,4.690
e000405,exploratory,copy_contiguous,candidate,1,1,BAAB,copy_contiguous,process,250,1,4,4,domain,synthetic_sweep,1,54215100a825da9eb7cfbd8f045e54ef05fb29bd,false,1b36f48efea63210dfeeee7270dea968ab5ba58da27f90aa42845eb8a64a6649,12b1dafe765a77d1a17115b0ae12cff973f20ed7d6d770fbd790695fe081288e,0e4833553be7825885da5ea99bceab292cc8abee6414d58b31864afe8ca9f944,c89b17de3d4d36a4e106517b0737619bd65f0e2877d95adbf2f297762f71fb7b,6e938dfcd266a2b0eac811d7ea7eabbd5b217965f88efa81371465134dbcab11,2026-07-15T18:47:42.316188+00:00,8o8-arch,7.0.12-arch1-1,AMD Ryzen 9 3900X 12-Core Processor,"logical=24,cores=12,sockets=1,nodes=1",performance,rustc 1.97.0 (2d8144b78 2026-07-07),22.1.6,cargo 1.97.0 (c980f4866 2026-06-30),"release,lto=thin,debug=true",/home/bob/.cache/mess-bench,/dev/nvme0n1p3,ext4,/home,Samsung SSD 970 EVO Plus 2TB,[none] mq-deadline kyber bfq,249458552832,4096,1024,payload[i]=(i*131+17)&0xff,4.68994140625,accepted,,4,4,0,22920,bytes,91680,91680,33554880,22920,0,0,0,33554880,0,21693505,21870164,830,1030,1130,4.690,4.690
e000406,exploratory,copy_contiguous,baseline,1,2,BAAB,k_pwrite,process,250,1,4,4,domain,synthetic_sweep,1,54215100a825da9eb7cfbd8f045e54ef05fb29bd,false,1b36f48efea63210dfeeee7270dea968ab5ba58da27f90aa42845eb8a64a6649,12b1dafe765a77d1a17115b0ae12cff973f20ed7d6d770fbd790695fe081288e,0e4833553be7825885da5ea99bceab292cc8abee6414d58b31864afe8ca9f944,c89b17de3d4d36a4e106517b0737619bd65f0e2877d95adbf2f297762f71fb7b,6e938dfcd266a2b0eac811d7ea7eabbd5b217965f88efa81371465134dbcab11,2026-07-15T18:47:43.338400+00:00,8o8-arch,7.0.12-arch1-1,AMD Ryzen 9 3900X 12-Core Processor,"logical=24,cores=12,sockets=1,nodes=1",performance,rustc 1.97.0 (2d8144b78 2026-07-07),22.1.6,cargo 1.97.0 (c980f4866 2026-06-30),"release,lto=thin,debug=true",/home/bob/.cache/mess-bench,/dev/nvme0n1p3,ext4,/home,Samsung SSD 970 EVO Plus 2TB,[none] mq-deadline kyber bfq,249458548736,4096,1024,payload[i]=(i*131+17)&0xff,4.68994140625,accepted,,4,4,0,22920,bytes,91680,91680,33554880,91680,0,0,0,0,0,71367468,72041037,2950,3550,3880,4.690,4.690
e000407,exploratory,copy_contiguous,baseline,1,3,BAAB,k_pwrite,process,250,1,4,4,domain,synthetic_sweep,1,54215100a825da9eb7cfbd8f045e54ef05fb29bd,false,1b36f48efea63210dfeeee7270dea968ab5ba58da27f90aa42845eb8a64a6649,12b1dafe765a77d1a17115b0ae12cff973f20ed7d6d770fbd790695fe081288e,0e4833553be7825885da5ea99bceab292cc8abee6414d58b31864afe8ca9f944,c89b17de3d4d36a4e106517b0737619bd65f0e2877d95adbf2f297762f71fb7b,6e938dfcd266a2b0eac811d7ea7eabbd5b217965f88efa81371465134dbcab11,2026-07-15T18:47:44.368743+00:00,8o8-arch,7.0.12-arch1-1,AMD Ryzen 9 3900X 12-Core Processor,"logical=24,cores=12,sockets=1,nodes=1",performance,rustc 1.97.0 (2d8144b78 2026-07-07),22.1.6,cargo 1.97.0 (c980f4866 2026-06-30),"release,lto=thin,debug=true",/home/bob/.cache/mess-bench,/dev/nvme0n1p3,ext4,/home,Samsung SSD 970 EVO Plus 2TB,[none] mq-deadline kyber bfq,249458548736,4096,1024,payload[i]=(i*131+17)&0xff,4.68994140625,accepted,,4,4,0,22920,bytes,91680,91680,33554880,91680,0,0,0,0,0,71180828,72116188,2920,3500,4200,4.690,4.690
e000408,exploratory,copy_contiguous,candidate,1,4,BAAB,copy_contiguous,process,250,1,4,4,domain,synthetic_sweep,1,54215100a825da9eb7cfbd8f045e54ef05fb29bd,false,1b36f48efea63210dfeeee7270dea968ab5ba58da27f90aa42845eb8a64a6649,12b1dafe765a77d1a17115b0ae12cff973f20ed7d6d770fbd790695fe081288e,0e4833553be7825885da5ea99bceab292cc8abee6414d58b31864afe8ca9f944,c89b17de3d4d36a4e106517b0737619bd65f0e2877d95adbf2f297762f71fb7b,6e938dfcd266a2b0eac811d7ea7eabbd5b217965f88efa81371465134dbcab11,2026-07-15T18:47:45.397306+00:00,8o8-arch,7.0.12-arch1-1,AMD Ryzen 9 3900X 12-Core Processor,"logical=24,cores=12,sockets=1,nodes=1",performance,rustc 1.97.0 (2d8144b78 2026-07-07),22.1.6,cargo 1.97.0 (c980f4866 2026-06-30),"release,lto=thin,debug=true",/home/bob/.cache/mess-bench,/dev/nvme0n1p3,ext4,/home,Samsung SSD 970 EVO Plus 2TB,[none] mq-deadline kyber bfq,249458544640,4096,1024,payload[i]=(i*131+17)&0xff,4.68994140625,accepted,,4,4,0,22920,bytes,91680,91680,33554880,22920,0,0,0,33554880,0,21111585,21303845,830,1020,1100,4.690,4.690
e000409,exploratory,pwritev_full_8m,baseline,1,1,ABBA,k_pwrite,process,250,1,4,4,new_name,synthetic_sweep,1,54215100a825da9eb7cfbd8f045e54ef05fb29bd,false,1b36f48efea63210dfeeee7270dea968ab5ba58da27f90aa42845eb8a64a6649,12b1dafe765a77d1a17115b0ae12cff973f20ed7d6d770fbd790695fe081288e,0e4833553be7825885da5ea99bceab292cc8abee6414d58b31864afe8ca9f944,c89b17de3d4d36a4e106517b0737619bd65f0e2877d95adbf2f297762f71fb7b,6e938dfcd266a2b0eac811d7ea7eabbd5b217965f88efa81371465134dbcab11,2026-07-15T18:47:46.421363+00:00,8o8-arch,7.0.12-arch1-1,AMD Ryzen 9 3900X 12-Core Processor,"logical=24,cores=12,sockets=1,nodes=1",performance,rustc 1.97.0 (2d8144b78 2026-07-07),22.1.6,cargo 1.97.0 (c980f4866 2026-06-30),"release,lto=thin,debug=true",/home/bob/.cache/mess-bench,/dev/nvme0n1p3,ext4,/home,Samsung SSD 970 EVO Plus 2TB,[none] mq-deadline kyber bfq,249458360320,4096,1024,payload[i]=(i*131+17)&0xff,5.66650390625,accepted,,4,8,0,16579,bytes,132632,66316,33555896,132632,0,0,0,0,0,101865325,104009285,5780,6890,12290,5.670,5.670
e000410,exploratory,pwritev_full_8m,candidate,1,2,ABBA,pwritev_full_8m,process,250,1,4,4,new_name,synthetic_sweep,1,54215100a825da9eb7cfbd8f045e54ef05fb29bd,false,1b36f48efea63210dfeeee7270dea968ab5ba58da27f90aa42845eb8a64a6649,12b1dafe765a77d1a17115b0ae12cff973f20ed7d6d770fbd790695fe081288e,0e4833553be7825885da5ea99bceab292cc8abee6414d58b31864afe8ca9f944,c89b17de3d4d36a4e106517b0737619bd65f0e2877d95adbf2f297762f71fb7b,6e938dfcd266a2b0eac811d7ea7eabbd5b217965f88efa81371465134dbcab11,2026-07-15T18:49:07.454504+00:00,8o8-arch,7.0.12-arch1-1,AMD Ryzen 9 3900X 12-Core Processor,"logical=24,cores=12,sockets=1,nodes=1",performance,rustc 1.97.0 (2d8144b78 2026-07-07),22.1.6,cargo 1.97.0 (c980f4866 2026-06-30),"release,lto=thin,debug=true",/home/bob/.cache/mess-bench,/dev/nvme0n1p3,ext4,/home,Samsung SSD 970 EVO Plus 2TB,[none] mq-deadline kyber bfq,249458352128,4096,1024,payload[i]=(i*131+17)&0xff,5.66650390625,accepted,,4,8,0,16579,bytes,132632,66316,33555896,16579,0,0,8,0,0,21428655,21616364,1150,1420,1490,5.670,5.670
e000411,exploratory,pwritev_full_8m,candidate,1,3,ABBA,pwritev_full_8m,process,250,1,4,4,new_name,synthetic_sweep,1,54215100a825da9eb7cfbd8f045e54ef05fb29bd,false,1b36f48efea63210dfeeee7270dea968ab5ba58da27f90aa42845eb8a64a6649,12b1dafe765a77d1a17115b0ae12cff973f20ed7d6d770fbd790695fe081288e,0e4833553be7825885da5ea99bceab292cc8abee6414d58b31864afe8ca9f944,c89b17de3d4d36a4e106517b0737619bd65f0e2877d95adbf2f297762f71fb7b,6e938dfcd266a2b0eac811d7ea7eabbd5b217965f88efa81371465134dbcab11,2026-07-15T18:49:08.476886+00:00,8o8-arch,7.0.12-arch1-1,AMD Ryzen 9 3900X 12-Core Processor,"logical=24,cores=12,sockets=1,nodes=1",performance,rustc 1.97.0 (2d8144b78 2026-07-07),22.1.6,cargo 1.97.0 (c980f4866 2026-06-30),"release,lto=thin,debug=true",/home/bob/.cache/mess-bench,/dev/nvme0n1p3,ext4,/home,Samsung SSD 970 EVO Plus 2TB,[none] mq-deadline kyber bfq,249458352128,4096,1024,payload[i]=(i*131+17)&0xff,5.66650390625,accepted,,4,8,0,16579,bytes,132632,66316,33555896,16579,0,0,8,0,0,21362466,21588124,1160,1460,1570,5.670,5.670
e000412,exploratory,pwritev_full_8m,baseline,1,4,ABBA,k_pwrite,process,250,1,4,4,new_name,synthetic_sweep,1,54215100a825da9eb7cfbd8f045e54ef05fb29bd,false,1b36f48efea63210dfeeee7270dea968ab5ba58da27f90aa42845eb8a64a6649,12b1dafe765a77d1a17115b0ae12cff973f20ed7d6d770fbd790695fe081288e,0e4833553be7825885da5ea99bceab292cc8abee6414d58b31864afe8ca9f944,c89b17de3d4d36a4e106517b0737619bd65f0e2877d95adbf2f297762f71fb7b,6e938dfcd266a2b0eac811d7ea7eabbd5b217965f88efa81371465134dbcab11,2026-07-15T18:49:09.507185+00:00,8o8-arch,7.0.12-arch1-1,AMD Ryzen 9 3900X 12-Core Processor,"logical=24,cores=12,sockets=1,nodes=1",performance,rustc 1.97.0 (2d8144b78 2026-07-07),22.1.6,cargo 1.97.0 (c980f4866 2026-06-30),"release,lto=thin,debug=true",/home/bob/.cache/mess-bench,/dev/nvme0n1p3,ext4,/home,Samsung SSD 970 EVO Plus 2TB,[none] mq-deadline kyber bfq,249458352128,4096,1024,payload[i]=(i*131+17)&0xff,5.66650390625,accepted,,4,8,0,16579,bytes,132632,66316,33555896,132632,0,0,0,0,0,100661796,101453807,5760,7030,10420,5.670,5.670
e000413,exploratory,copy_contiguous,candidate,1,1,BAAB,copy_contiguous,process,250,1,4,4,new_name,synthetic_sweep,1,54215100a825da9eb7cfbd8f045e54ef05fb29bd,false,1b36f48efea63210dfeeee7270dea968ab5ba58da27f90aa42845eb8a64a6649,12b1dafe765a77d1a17115b0ae12cff973f20ed7d6d770fbd790695fe081288e,0e4833553be7825885da5ea99bceab292cc8abee6414d58b31864afe8ca9f944,c89b17de3d4d36a4e106517b0737619bd65f0e2877d95adbf2f297762f71fb7b,6e938dfcd266a2b0eac811d7ea7eabbd5b217965f88efa81371465134dbcab11,2026-07-15T18:49:10.531327+00:00,8o8-arch,7.0.12-arch1-1,AMD Ryzen 9 3900X 12-Core Processor,"logical=24,cores=12,sockets=1,nodes=1",performance,rustc 1.97.0 (2d8144b78 2026-07-07),22.1.6,cargo 1.97.0 (c980f4866 2026-06-30),"release,lto=thin,debug=true",/home/bob/.cache/mess-bench,/dev/nvme0n1p3,ext4,/home,Samsung SSD 970 EVO Plus 2TB,[none] mq-deadline kyber bfq,249458352128,4096,1024,payload[i]=(i*131+17)&0xff,5.66650390625,accepted,,4,8,0,16579,bytes,132632,66316,33555896,16579,0,0,0,33555896,0,15645693,15769619,870,890,1090,5.670,5.670
e000414,exploratory,copy_contiguous,baseline,1,2,BAAB,k_pwrite,process,250,1,4,4,new_name,synthetic_sweep,1,54215100a825da9eb7cfbd8f045e54ef05fb29bd,false,1b36f48efea63210dfeeee7270dea968ab5ba58da27f90aa42845eb8a64a6649,12b1dafe765a77d1a17115b0ae12cff973f20ed7d6d770fbd790695fe081288e,0e4833553be7825885da5ea99bceab292cc8abee6414d58b31864afe8ca9f944,c89b17de3d4d36a4e106517b0737619bd65f0e2877d95adbf2f297762f71fb7b,6e938dfcd266a2b0eac811d7ea7eabbd5b217965f88efa81371465134dbcab11,2026-07-15T18:49:11.556211+00:00,8o8-arch,7.0.12-arch1-1,AMD Ryzen 9 3900X 12-Core Processor,"logical=24,cores=12,sockets=1,nodes=1",performance,rustc 1.97.0 (2d8144b78 2026-07-07),22.1.6,cargo 1.97.0 (c980f4866 2026-06-30),"release,lto=thin,debug=true",/home/bob/.cache/mess-bench,/dev/nvme0n1p3,ext4,/home,Samsung SSD 970 EVO Plus 2TB,[none] mq-deadline kyber bfq,249458343936,4096,1024,payload[i]=(i*131+17)&0xff,5.693359375,accepted,,4,8,0,16579,bytes,132632,66316,33555896,132632,0,0,0,0,0,104739637,106516933,5760,6840,14430,5.690,5.690
e000415,exploratory,copy_contiguous,baseline,1,3,BAAB,k_pwrite,process,250,1,4,4,new_name,synthetic_sweep,1,54215100a825da9eb7cfbd8f045e54ef05fb29bd,false,1b36f48efea63210dfeeee7270dea968ab5ba58da27f90aa42845eb8a64a6649,12b1dafe765a77d1a17115b0ae12cff973f20ed7d6d770fbd790695fe081288e,0e4833553be7825885da5ea99bceab292cc8abee6414d58b31864afe8ca9f944,c89b17de3d4d36a4e106517b0737619bd65f0e2877d95adbf2f297762f71fb7b,6e938dfcd266a2b0eac811d7ea7eabbd5b217965f88efa81371465134dbcab11,2026-07-15T18:49:12.578919+00:00,8o8-arch,7.0.12-arch1-1,AMD Ryzen 9 3900X 12-Core Processor,"logical=24,cores=12,sockets=1,nodes=1",performance,rustc 1.97.0 (2d8144b78 2026-07-07),22.1.6,cargo 1.97.0 (c980f4866 2026-06-30),"release,lto=thin,debug=true",/home/bob/.cache/mess-bench,/dev/nvme0n1p3,ext4,/home,Samsung SSD 970 EVO Plus 2TB,[none] mq-deadline kyber bfq,249458339840,4096,1024,payload[i]=(i*131+17)&0xff,5.693359375,accepted,,4,8,0,16579,bytes,132632,66316,33555896,132632,0,0,0,0,0,102801185,103784275,5730,7180,15820,5.690,5.690
e000416,exploratory,copy_contiguous,candidate,1,4,BAAB,copy_contiguous,process,250,1,4,4,new_name,synthetic_sweep,1,54215100a825da9eb7cfbd8f045e54ef05fb29bd,false,1b36f48efea63210dfeeee7270dea968ab5ba58da27f90aa42845eb8a64a6649,12b1dafe765a77d1a17115b0ae12cff973f20ed7d6d770fbd790695fe081288e,0e4833553be7825885da5ea99bceab292cc8abee6414d58b31864afe8ca9f944,c89b17de3d4d36a4e106517b0737619bd65f0e2877d95adbf2f297762f71fb7b,6e938dfcd266a2b0eac811d7ea7eabbd5b217965f88efa81371465134dbcab11,2026-07-15T18:49:13.610679+00:00,8o8-arch,7.0.12-arch1-1,AMD Ryzen 9 3900X 12-Core Processor,"logical=24,cores=12,sockets=1,nodes=1",performance,rustc 1.97.0 (2d8144b78 2026-07-07),22.1.6,cargo 1.97.0 (c980f4866 2026-06-30),"release,lto=thin,debug=true",/home/bob/.cache/mess-bench,/dev/nvme0n1p3,ext4,/home,Samsung SSD 970 EVO Plus 2TB,[none] mq-deadline kyber bfq,249458335744,4096,1024,payload[i]=(i*131+17)&0xff,5.693359375,accepted,,4,8,0,16579,bytes,132632,66316,33555896,16579,0,0,0,33555896,0,16403414,16582418,880,1140,1200,5.690,5.690
e000417,exploratory,pwritev_full_8m,baseline,1,1,ABBA,k_pwrite,process,250,10,2,2,domain,synthetic_sweep,1,54215100a825da9eb7cfbd8f045e54ef05fb29bd,false,1b36f48efea63210dfeeee7270dea968ab5ba58da27f90aa42845eb8a64a6649,12b1dafe765a77d1a17115b0ae12cff973f20ed7d6d770fbd790695fe081288e,0e4833553be7825885da5ea99bceab292cc8abee6414d58b31864afe8ca9f944,c89b17de3d4d36a4e106517b0737619bd65f0e2877d95adbf2f297762f71fb7b,6e938dfcd266a2b0eac811d7ea7eabbd5b217965f88efa81371465134dbcab11,2026-07-15T18:49:14.635597+00:00,8o8-arch,7.0.12-arch1-1,AMD Ryzen 9 3900X 12-Core Processor,"logical=24,cores=12,sockets=1,nodes=1",performance,rustc 1.97.0 (2d8144b78 2026-07-07),22.1.6,cargo 1.97.0 (c980f4866 2026-06-30),"release,lto=thin,debug=true",/home/bob/.cache/mess-bench,/dev/nvme0n1p3,ext4,/home,Samsung SSD 970 EVO Plus 2TB,[none] mq-deadline kyber bfq,249458327552,4096,1024,payload[i]=(i*131+17)&0xff,5.693359375,accepted,,2,2,0,5850,bytes,117000,117000,33555600,11700,0,0,0,0,0,11853713,11953561,1920,2320,2470,5.690,5.690
e000418,exploratory,pwritev_full_8m,candidate,1,2,ABBA,pwritev_full_8m,process,250,10,2,2,domain,synthetic_sweep,1,54215100a825da9eb7cfbd8f045e54ef05fb29bd,false,1b36f48efea63210dfeeee7270dea968ab5ba58da27f90aa42845eb8a64a6649,12b1dafe765a77d1a17115b0ae12cff973f20ed7d6d770fbd790695fe081288e,0e4833553be7825885da5ea99bceab292cc8abee6414d58b31864afe8ca9f944,c89b17de3d4d36a4e106517b0737619bd65f0e2877d95adbf2f297762f71fb7b,6e938dfcd266a2b0eac811d7ea7eabbd5b217965f88efa81371465134dbcab11,2026-07-15T18:49:15.667089+00:00,8o8-arch,7.0.12-arch1-1,AMD Ryzen 9 3900X 12-Core Processor,"logical=24,cores=12,sockets=1,nodes=1",performance,rustc 1.97.0 (2d8144b78 2026-07-07),22.1.6,cargo 1.97.0 (c980f4866 2026-06-30),"release,lto=thin,debug=true",/home/bob/.cache/mess-bench,/dev/nvme0n1p3,ext4,/home,Samsung SSD 970 EVO Plus 2TB,[none] mq-deadline kyber bfq,249458323456,4096,1024,payload[i]=(i*131+17)&0xff,5.693359375,accepted,,2,2,0,5850,bytes,117000,117000,33555600,5850,0,0,2,0,0,8425632,8476924,1340,1630,1740,5.690,5.690
e000419,exploratory,pwritev_full_8m,candidate,1,3,ABBA,pwritev_full_8m,process,250,10,2,2,domain,synthetic_sweep,1,54215100a825da9eb7cfbd8f045e54ef05fb29bd,false,1b36f48efea63210dfeeee7270dea968ab5ba58da27f90aa42845eb8a64a6649,12b1dafe765a77d1a17115b0ae12cff973f20ed7d6d770fbd790695fe081288e,0e4833553be7825885da5ea99bceab292cc8abee6414d58b31864afe8ca9f944,c89b17de3d4d36a4e106517b0737619bd65f0e2877d95adbf2f297762f71fb7b,6e938dfcd266a2b0eac811d7ea7eabbd5b217965f88efa81371465134dbcab11,2026-07-15T18:49:16.692140+00:00,8o8-arch,7.0.12-arch1-1,AMD Ryzen 9 3900X 12-Core Processor,"logical=24,cores=12,sockets=1,nodes=1",performance,rustc 1.97.0 (2d8144b78 2026-07-07),22.1.6,cargo 1.97.0 (c980f4866 2026-06-30),"release,lto=thin,debug=true",/home/bob/.cache/mess-bench,/dev/nvme0n1p3,ext4,/home,Samsung SSD 970 EVO Plus 2TB,[none] mq-deadline kyber bfq,249458319360,4096,1024,payload[i]=(i*131+17)&0xff,5.3173828125,accepted,,2,2,0,5850,bytes,117000,117000,33555600,5850,0,0,2,0,0,9008812,9074613,1360,1770,1790,5.320,5.320
e000420,exploratory,pwritev_full_8m,baseline,1,4,ABBA,k_pwrite,process,250,10,2,2,domain,synthetic_sweep,1,54215100a825da9eb7cfbd8f045e54ef05fb29bd,false,1b36f48efea63210dfeeee7270dea968ab5ba58da27f90aa42845eb8a64a6649,12b1dafe765a77d1a17115b0ae12cff973f20ed7d6d770fbd790695fe081288e,0e4833553be7825885da5ea99bceab292cc8abee6414d58b31864afe8ca9f944,c89b17de3d4d36a4e106517b0737619bd65f0e2877d95adbf2f297762f71fb7b,6e938dfcd266a2b0eac811d7ea7eabbd5b217965f88efa81371465134dbcab11,2026-07-15T18:49:17.721600+00:00,8o8-arch,7.0.12-arch1-1,AMD Ryzen 9 3900X 12-Core Processor,"logical=24,cores=12,sockets=1,nodes=1",performance,rustc 1.97.0 (2d8144b78 2026-07-07),22.1.6,cargo 1.97.0 (c980f4866 2026-06-30),"release,lto=thin,debug=true",/home/bob/.cache/mess-bench,/dev/nvme0n1p3,ext4,/home,Samsung SSD 970 EVO Plus 2TB,[none] mq-deadline kyber bfq,249458319360,4096,1024,payload[i]=(i*131+17)&0xff,5.3173828125,accepted,,2,2,0,5850,bytes,117000,117000,33555600,11700,0,0,0,0,0,12313913,12611511,1950,2310,3940,5.320,5.320
e000421,exploratory,copy_contiguous,candidate,1,1,BAAB,copy_contiguous,process,250,10,2,2,domain,synthetic_sweep,1,54215100a825da9eb7cfbd8f045e54ef05fb29bd,false,1b36f48efea63210dfeeee7270dea968ab5ba58da27f90aa42845eb8a64a6649,12b1dafe765a77d1a17115b0ae12cff973f20ed7d6d770fbd790695fe081288e,0e4833553be7825885da5ea99bceab292cc8abee6414d58b31864afe8ca9f944,c89b17de3d4d36a4e106517b0737619bd65f0e2877d95adbf2f297762f71fb7b,6e938dfcd266a2b0eac811d7ea7eabbd5b217965f88efa81371465134dbcab11,2026-07-15T18:49:18.743202+00:00,8o8-arch,7.0.12-arch1-1,AMD Ryzen 9 3900X 12-Core Processor,"logical=24,cores=12,sockets=1,nodes=1",performance,rustc 1.97.0 (2d8144b78 2026-07-07),22.1.6,cargo 1.97.0 (c980f4866 2026-06-30),"release,lto=thin,debug=true",/home/bob/.cache/mess-bench,/dev/nvme0n1p3,ext4,/home,Samsung SSD 970 EVO Plus 2TB,[none] mq-deadline kyber bfq,249458319360,4096,1024,payload[i]=(i*131+17)&0xff,5.3173828125,accepted,,2,2,0,5850,bytes,117000,117000,33555600,5850,0,0,0,33555600,0,8025622,8096664,1270,1580,1680,5.320,5.320
e000422,exploratory,copy_contiguous,baseline,1,2,BAAB,k_pwrite,process,250,10,2,2,domain,synthetic_sweep,1,54215100a825da9eb7cfbd8f045e54ef05fb29bd,false,1b36f48efea63210dfeeee7270dea968ab5ba58da27f90aa42845eb8a64a6649,12b1dafe765a77d1a17115b0ae12cff973f20ed7d6d770fbd790695fe081288e,0e4833553be7825885da5ea99bceab292cc8abee6414d58b31864afe8ca9f944,c89b17de3d4d36a4e106517b0737619bd65f0e2877d95adbf2f297762f71fb7b,6e938dfcd266a2b0eac811d7ea7eabbd5b217965f88efa81371465134dbcab11,2026-07-15T18:49:19.774635+00:00,8o8-arch,7.0.12-arch1-1,AMD Ryzen 9 3900X 12-Core Processor,"logical=24,cores=12,sockets=1,nodes=1",performance,rustc 1.97.0 (2d8144b78 2026-07-07),22.1.6,cargo 1.97.0 (c980f4866 2026-06-30),"release,lto=thin,debug=true",/home/bob/.cache/mess-bench,/dev/nvme0n1p3,ext4,/home,Samsung SSD 970 EVO Plus 2TB,[none] mq-deadline kyber bfq,249458315264,4096,1024,payload[i]=(i*131+17)&0xff,5.3173828125,accepted,,2,2,0,5850,bytes,117000,117000,33555600,11700,0,0,0,0,0,11958143,12048171,1920,2400,2500,5.320,5.320
e000423,exploratory,copy_contiguous,baseline,1,3,BAAB,k_pwrite,process,250,10,2,2,domain,synthetic_sweep,1,54215100a825da9eb7cfbd8f045e54ef05fb29bd,false,1b36f48efea63210dfeeee7270dea968ab5ba58da27f90aa42845eb8a64a6649,12b1dafe765a77d1a17115b0ae12cff973f20ed7d6d770fbd790695fe081288e,0e4833553be7825885da5ea99bceab292cc8abee6414d58b31864afe8ca9f944,c89b17de3d4d36a4e106517b0737619bd65f0e2877d95adbf2f297762f71fb7b,6e938dfcd266a2b0eac811d7ea7eabbd5b217965f88efa81371465134dbcab11,2026-07-15T18:49:20.797622+00:00,8o8-arch,7.0.12-arch1-1,AMD Ryzen 9 3900X 12-Core Processor,"logical=24,cores=12,sockets=1,nodes=1",performance,rustc 1.97.0 (2d8144b78 2026-07-07),22.1.6,cargo 1.97.0 (c980f4866 2026-06-30),"release,lto=thin,debug=true",/home/bob/.cache/mess-bench,/dev/nvme0n1p3,ext4,/home,Samsung SSD 970 EVO Plus 2TB,[none] mq-deadline kyber bfq,249458311168,4096,1024,payload[i]=(i*131+17)&0xff,5.3173828125,accepted,,2,2,0,5850,bytes,117000,117000,33555600,11700,0,0,0,0,0,11758423,11840981,1920,1960,2410,5.320,5.320
e000424,exploratory,copy_contiguous,candidate,1,4,BAAB,copy_contiguous,process,250,10,2,2,domain,synthetic_sweep,1,54215100a825da9eb7cfbd8f045e54ef05fb29bd,false,1b36f48efea63210dfeeee7270dea968ab5ba58da27f90aa42845eb8a64a6649,12b1dafe765a77d1a17115b0ae12cff973f20ed7d6d770fbd790695fe081288e,0e4833553be7825885da5ea99bceab292cc8abee6414d58b31864afe8ca9f944,c89b17de3d4d36a4e106517b0737619bd65f0e2877d95adbf2f297762f71fb7b,6e938dfcd266a2b0eac811d7ea7eabbd5b217965f88efa81371465134dbcab11,2026-07-15T18:49:21.822063+00:00,8o8-arch,7.0.12-arch1-1,AMD Ryzen 9 3900X 12-Core Processor,"logical=24,cores=12,sockets=1,nodes=1",performance,rustc 1.97.0 (2d8144b78 2026-07-07),22.1.6,cargo 1.97.0 (c980f4866 2026-06-30),"release,lto=thin,debug=true",/home/bob/.cache/mess-bench,/dev/nvme0n1p3,ext4,/home,Samsung SSD 970 EVO Plus 2TB,[none] mq-deadline kyber bfq,249458302976,4096,1024,payload[i]=(i*131+17)&0xff,5.13134765625,accepted,,2,2,0,5850,bytes,117000,117000,33555600,5850,0,0,0,33555600,0,10500062,10573402,1270,1710,8470,5.130,5.130
e000425,exploratory,pwritev_full_8m,baseline,1,1,ABBA,k_pwrite,process,250,10,2,2,new_name,synthetic_sweep,1,54215100a825da9eb7cfbd8f045e54ef05fb29bd,false,1b36f48efea63210dfeeee7270dea968ab5ba58da27f90aa42845eb8a64a6649,12b1dafe765a77d1a17115b0ae12cff973f20ed7d6d770fbd790695fe081288e,0e4833553be7825885da5ea99bceab292cc8abee6414d58b31864afe8ca9f944,c89b17de3d4d36a4e106517b0737619bd65f0e2877d95adbf2f297762f71fb7b,6e938dfcd266a2b0eac811d7ea7eabbd5b217965f88efa81371465134dbcab11,2026-07-15T18:49:22.843892+00:00,8o8-arch,7.0.12-arch1-1,AMD Ryzen 9 3900X 12-Core Processor,"logical=24,cores=12,sockets=1,nodes=1",performance,rustc 1.97.0 (2d8144b78 2026-07-07),22.1.6,cargo 1.97.0 (c980f4866 2026-06-30),"release,lto=thin,debug=true",/home/bob/.cache/mess-bench,/dev/nvme0n1p3,ext4,/home,Samsung SSD 970 EVO Plus 2TB,[none] mq-deadline kyber bfq,249458302976,4096,1024,payload[i]=(i*131+17)&0xff,5.13134765625,accepted,,2,4,0,5578,bytes,122716,111560,33557248,22312,0,0,0,0,0,19692385,19831075,3340,3880,4530,5.130,5.130
e000426,exploratory,pwritev_full_8m,candidate,1,2,ABBA,pwritev_full_8m,process,250,10,2,2,new_name,synthetic_sweep,1,54215100a825da9eb7cfbd8f045e54ef05fb29bd,false,1b36f48efea63210dfeeee7270dea968ab5ba58da27f90aa42845eb8a64a6649,12b1dafe765a77d1a17115b0ae12cff973f20ed7d6d770fbd790695fe081288e,0e4833553be7825885da5ea99bceab292cc8abee6414d58b31864afe8ca9f944,c89b17de3d4d36a4e106517b0737619bd65f0e2877d95adbf2f297762f71fb7b,6e938dfcd266a2b0eac811d7ea7eabbd5b217965f88efa81371465134dbcab11,2026-07-15T18:49:23.874830+00:00,8o8-arch,7.0.12-arch1-1,AMD Ryzen 9 3900X 12-Core Processor,"logical=24,cores=12,sockets=1,nodes=1",performance,rustc 1.97.0 (2d8144b78 2026-07-07),22.1.6,cargo 1.97.0 (c980f4866 2026-06-30),"release,lto=thin,debug=true",/home/bob/.cache/mess-bench,/dev/nvme0n1p3,ext4,/home,Samsung SSD 970 EVO Plus 2TB,[none] mq-deadline kyber bfq,249458298880,4096,1024,payload[i]=(i*131+17)&0xff,5.13134765625,accepted,,2,4,0,5578,bytes,122716,111560,33557248,5578,0,0,4,0,0,8456282,8523974,1420,1700,1800,5.130,5.130
e000427,exploratory,pwritev_full_8m,candidate,1,3,ABBA,pwritev_full_8m,process,250,10,2,2,new_name,synthetic_sweep,1,54215100a825da9eb7cfbd8f045e54ef05fb29bd,false,1b36f48efea63210dfeeee7270dea968ab5ba58da27f90aa42845eb8a64a6649,12b1dafe765a77d1a17115b0ae12cff973f20ed7d6d770fbd790695fe081288e,0e4833553be7825885da5ea99bceab292cc8abee6414d58b31864afe8ca9f944,c89b17de3d4d36a4e106517b0737619bd65f0e2877d95adbf2f297762f71fb7b,6e938dfcd266a2b0eac811d7ea7eabbd5b217965f88efa81371465134dbcab11,2026-07-15T18:49:24.900776+00:00,8o8-arch,7.0.12-arch1-1,AMD Ryzen 9 3900X 12-Core Processor,"logical=24,cores=12,sockets=1,nodes=1",performance,rustc 1.97.0 (2d8144b78 2026-07-07),22.1.6,cargo 1.97.0 (c980f4866 2026-06-30),"release,lto=thin,debug=true",/home/bob/.cache/mess-bench,/dev/nvme0n1p3,ext4,/home,Samsung SSD 970 EVO Plus 2TB,[none] mq-deadline kyber bfq,249458294784,4096,1024,payload[i]=(i*131+17)&0xff,5.13134765625,accepted,,2,4,0,5578,bytes,122716,111560,33557248,5578,0,0,4,0,0,8495172,8581734,1430,1700,1840,5.130,5.130
e000428,exploratory,pwritev_full_8m,baseline,1,4,ABBA,k_pwrite,process,250,10,2,2,new_name,synthetic_sweep,1,54215100a825da9eb7cfbd8f045e54ef05fb29bd,false,1b36f48efea63210dfeeee7270dea968ab5ba58da27f90aa42845eb8a64a6649,12b1dafe765a77d1a17115b0ae12cff973f20ed7d6d770fbd790695fe081288e,0e4833553be7825885da5ea99bceab292cc8abee6414d58b31864afe8ca9f944,c89b17de3d4d36a4e106517b0737619bd65f0e2877d95adbf2f297762f71fb7b,6e938dfcd266a2b0eac811d7ea7eabbd5b217965f88efa81371465134dbcab11,2026-07-15T18:49:25.925436+00:00,8o8-arch,7.0.12-arch1-1,AMD Ryzen 9 3900X 12-Core Processor,"logical=24,cores=12,sockets=1,nodes=1",performance,rustc 1.97.0 (2d8144b78 2026-07-07),22.1.6,cargo 1.97.0 (c980f4866 2026-06-30),"release,lto=thin,debug=true",/home/bob/.cache/mess-bench,/dev/nvme0n1p3,ext4,/home,Samsung SSD 970 EVO Plus 2TB,[none] mq-deadline kyber bfq,249458294784,4096,1024,payload[i]=(i*131+17)&0xff,4.80029296875,accepted,,2,4,0,5578,bytes,122716,111560,33557248,22312,0,0,0,0,0,19208875,19365616,3330,3790,4140,4.800,4.800
e000429,exploratory,copy_contiguous,candidate,1,1,BAAB,copy_contiguous,process,250,10,2,2,new_name,synthetic_sweep,1,54215100a825da9eb7cfbd8f045e54ef05fb29bd,false,1b36f48efea63210dfeeee7270dea968ab5ba58da27f90aa42845eb8a64a6649,12b1dafe765a77d1a17115b0ae12cff973f20ed7d6d770fbd790695fe081288e,0e4833553be7825885da5ea99bceab292cc8abee6414d58b31864afe8ca9f944,c89b17de3d4d36a4e106517b0737619bd65f0e2877d95adbf2f297762f71fb7b,6e938dfcd266a2b0eac811d7ea7eabbd5b217965f88efa81371465134dbcab11,2026-07-15T18:49:26.947312+00:00,8o8-arch,7.0.12-arch1-1,AMD Ryzen 9 3900X 12-Core Processor,"logical=24,cores=12,sockets=1,nodes=1",performance,rustc 1.97.0 (2d8144b78 2026-07-07),22.1.6,cargo 1.97.0 (c980f4866 2026-06-30),"release,lto=thin,debug=true",/home/bob/.cache/mess-bench,/dev/nvme0n1p3,ext4,/home,Samsung SSD 970 EVO Plus 2TB,[none] mq-deadline kyber bfq,249458286592,4096,1024,payload[i]=(i*131+17)&0xff,4.80029296875,accepted,,2,4,0,5578,bytes,122716,111560,33557248,5578,0,0,0,33557248,0,8538262,8433384,1300,1430,5770,4.800,4.800
e000430,exploratory,copy_contiguous,baseline,1,2,BAAB,k_pwrite,process,250,10,2,2,new_name,synthetic_sweep,1,54215100a825da9eb7cfbd8f045e54ef05fb29bd,false,1b36f48efea63210dfeeee7270dea968ab5ba58da27f90aa42845eb8a64a6649,12b1dafe765a77d1a17115b0ae12cff973f20ed7d6d770fbd790695fe081288e,0e4833553be7825885da5ea99bceab292cc8abee6414d58b31864afe8ca9f944,c89b17de3d4d36a4e106517b0737619bd65f0e2877d95adbf2f297762f71fb7b,6e938dfcd266a2b0eac811d7ea7eabbd5b217965f88efa81371465134dbcab11,2026-07-15T18:49:27.979549+00:00,8o8-arch,7.0.12-arch1-1,AMD Ryzen 9 3900X 12-Core Processor,"logical=24,cores=12,sockets=1,nodes=1",performance,rustc 1.97.0 (2d8144b78 2026-07-07),22.1.6,cargo 1.97.0 (c980f4866 2026-06-30),"release,lto=thin,debug=true",/home/bob/.cache/mess-bench,/dev/nvme0n1p3,ext4,/home,Samsung SSD 970 EVO Plus 2TB,[none] mq-deadline kyber bfq,249458278400,4096,1024,payload[i]=(i*131+17)&0xff,4.80029296875,accepted,,2,4,0,5578,bytes,122716,111560,33557248,22312,0,0,0,0,0,19676375,21554534,3360,4180,4360,4.800,4.800
e000431,exploratory,copy_contiguous,baseline,1,3,BAAB,k_pwrite,process,250,10,2,2,new_name,synthetic_sweep,1,54215100a825da9eb7cfbd8f045e54ef05fb29bd,false,1b36f48efea63210dfeeee7270dea968ab5ba58da27f90aa42845eb8a64a6649,12b1dafe765a77d1a17115b0ae12cff973f20ed7d6d770fbd790695fe081288e,0e4833553be7825885da5ea99bceab292cc8abee6414d58b31864afe8ca9f944,c89b17de3d4d36a4e106517b0737619bd65f0e2877d95adbf2f297762f71fb7b,6e938dfcd266a2b0eac811d7ea7eabbd5b217965f88efa81371465134dbcab11,2026-07-15T18:49:29.012215+00:00,8o8-arch,7.0.12-arch1-1,AMD Ryzen 9 3900X 12-Core Processor,"logical=24,cores=12,sockets=1,nodes=1",performance,rustc 1.97.0 (2d8144b78 2026-07-07),22.1.6,cargo 1.97.0 (c980f4866 2026-06-30),"release,lto=thin,debug=true",/home/bob/.cache/mess-bench,/dev/nvme0n1p3,ext4,/home,Samsung SSD 970 EVO Plus 2TB,[none] mq-deadline kyber bfq,249458274304,4096,1024,payload[i]=(i*131+17)&0xff,4.80029296875,accepted,,2,4,0,5578,bytes,122716,111560,33557248,22312,0,0,0,0,0,19719505,19899296,3340,4130,4430,4.800,4.800
e000432,exploratory,copy_contiguous,candidate,1,4,BAAB,copy_contiguous,process,250,10,2,2,new_name,synthetic_sweep,1,54215100a825da9eb7cfbd8f045e54ef05fb29bd,false,1b36f48efea63210dfeeee7270dea968ab5ba58da27f90aa42845eb8a64a6649,12b1dafe765a77d1a17115b0ae12cff973f20ed7d6d770fbd790695fe081288e,0e4833553be7825885da5ea99bceab292cc8abee6414d58b31864afe8ca9f944,c89b17de3d4d36a4e106517b0737619bd65f0e2877d95adbf2f297762f71fb7b,6e938dfcd266a2b0eac811d7ea7eabbd5b217965f88efa81371465134dbcab11,2026-07-15T18:49:30.044416+00:00,8o8-arch,7.0.12-arch1-1,AMD Ryzen 9 3900X 12-Core Processor,"logical=24,cores=12,sockets=1,nodes=1",performance,rustc 1.97.0 (2d8144b78 2026-07-07),22.1.6,cargo 1.97.0 (c980f4866 2026-06-30),"release,lto=thin,debug=true",/home/bob/.cache/mess-bench,/dev/nvme0n1p3,ext4,/home,Samsung SSD 970 EVO Plus 2TB,[none] mq-deadline kyber bfq,249458270208,4096,1024,payload[i]=(i*131+17)&0xff,4.80029296875,accepted,,2,4,0,5578,bytes,122716,111560,33557248,5578,0,0,0,33557248,0,7715762,7782794,1290,1610,1720,4.800,4.800
e000433,exploratory,pwritev_full_8m,baseline,1,1,ABBA,k_pwrite,process,250,10,4,4,domain,synthetic_sweep,1,54215100a825da9eb7cfbd8f045e54ef05fb29bd,false,1b36f48efea63210dfeeee7270dea968ab5ba58da27f90aa42845eb8a64a6649,12b1dafe765a77d1a17115b0ae12cff973f20ed7d6d770fbd790695fe081288e,0e4833553be7825885da5ea99bceab292cc8abee6414d58b31864afe8ca9f944,c89b17de3d4d36a4e106517b0737619bd65f0e2877d95adbf2f297762f71fb7b,6e938dfcd266a2b0eac811d7ea7eabbd5b217965f88efa81371465134dbcab11,2026-07-15T18:49:31.075631+00:00,8o8-arch,7.0.12-arch1-1,AMD Ryzen 9 3900X 12-Core Processor,"logical=24,cores=12,sockets=1,nodes=1",performance,rustc 1.97.0 (2d8144b78 2026-07-07),22.1.6,cargo 1.97.0 (c980f4866 2026-06-30),"release,lto=thin,debug=true",/home/bob/.cache/mess-bench,/dev/nvme0n1p3,ext4,/home,Samsung SSD 970 EVO Plus 2TB,[none] mq-deadline kyber bfq,249458270208,4096,1024,payload[i]=(i*131+17)&0xff,4.81640625,accepted,,4,4,0,2925,bytes,117000,117000,33555600,11700,0,0,0,0,0,11679733,11833812,3830,4870,5090,4.820,4.820
e000434,exploratory,pwritev_full_8m,candidate,1,2,ABBA,pwritev_full_8m,process,250,10,4,4,domain,synthetic_sweep,1,54215100a825da9eb7cfbd8f045e54ef05fb29bd,false,1b36f48efea63210dfeeee7270dea968ab5ba58da27f90aa42845eb8a64a6649,12b1dafe765a77d1a17115b0ae12cff973f20ed7d6d770fbd790695fe081288e,0e4833553be7825885da5ea99bceab292cc8abee6414d58b31864afe8ca9f944,c89b17de3d4d36a4e106517b0737619bd65f0e2877d95adbf2f297762f71fb7b,6e938dfcd266a2b0eac811d7ea7eabbd5b217965f88efa81371465134dbcab11,2026-07-15T18:49:32.099676+00:00,8o8-arch,7.0.12-arch1-1,AMD Ryzen 9 3900X 12-Core Processor,"logical=24,cores=12,sockets=1,nodes=1",performance,rustc 1.97.0 (2d8144b78 2026-07-07),22.1.6,cargo 1.97.0 (c980f4866 2026-06-30),"release,lto=thin,debug=true",/home/bob/.cache/mess-bench,/dev/nvme0n1p3,ext4,/home,Samsung SSD 970 EVO Plus 2TB,[none] mq-deadline kyber bfq,249458266112,4096,1024,payload[i]=(i*131+17)&0xff,4.81640625,accepted,,4,4,0,2925,bytes,117000,117000,33555600,2925,0,0,4,0,0,5751501,5873136,1850,2250,2490,4.820,4.820
e000435,exploratory,pwritev_full_8m,candidate,1,3,ABBA,pwritev_full_8m,process,250,10,4,4,domain,synthetic_sweep,1,54215100a825da9eb7cfbd8f045e54ef05fb29bd,false,1b36f48efea63210dfeeee7270dea968ab5ba58da27f90aa42845eb8a64a6649,12b1dafe765a77d1a17115b0ae12cff973f20ed7d6d770fbd790695fe081288e,0e4833553be7825885da5ea99bceab292cc8abee6414d58b31864afe8ca9f944,c89b17de3d4d36a4e106517b0737619bd65f0e2877d95adbf2f297762f71fb7b,6e938dfcd266a2b0eac811d7ea7eabbd5b217965f88efa81371465134dbcab11,2026-07-15T18:49:33.131188+00:00,8o8-arch,7.0.12-arch1-1,AMD Ryzen 9 3900X 12-Core Processor,"logical=24,cores=12,sockets=1,nodes=1",performance,rustc 1.97.0 (2d8144b78 2026-07-07),22.1.6,cargo 1.97.0 (c980f4866 2026-06-30),"release,lto=thin,debug=true",/home/bob/.cache/mess-bench,/dev/nvme0n1p3,ext4,/home,Samsung SSD 970 EVO Plus 2TB,[none] mq-deadline kyber bfq,249458262016,4096,1024,payload[i]=(i*131+17)&0xff,4.81640625,accepted,,4,4,0,2925,bytes,117000,117000,33555600,2925,0,0,4,0,0,5701071,5736556,1880,1890,2230,4.820,4.820
e000436,exploratory,pwritev_full_8m,baseline,1,4,ABBA,k_pwrite,process,250,10,4,4,domain,synthetic_sweep,1,54215100a825da9eb7cfbd8f045e54ef05fb29bd,false,1b36f48efea63210dfeeee7270dea968ab5ba58da27f90aa42845eb8a64a6649,12b1dafe765a77d1a17115b0ae12cff973f20ed7d6d770fbd790695fe081288e,0e4833553be7825885da5ea99bceab292cc8abee6414d58b31864afe8ca9f944,c89b17de3d4d36a4e106517b0737619bd65f0e2877d95adbf2f297762f71fb7b,6e938dfcd266a2b0eac811d7ea7eabbd5b217965f88efa81371465134dbcab11,2026-07-15T18:49:34.153435+00:00,8o8-arch,7.0.12-arch1-1,AMD Ryzen 9 3900X 12-Core Processor,"logical=24,cores=12,sockets=1,nodes=1",performance,rustc 1.97.0 (2d8144b78 2026-07-07),22.1.6,cargo 1.97.0 (c980f4866 2026-06-30),"release,lto=thin,debug=true",/home/bob/.cache/mess-bench,/dev/nvme0n1p3,ext4,/home,Samsung SSD 970 EVO Plus 2TB,[none] mq-deadline kyber bfq,249458262016,4096,1024,payload[i]=(i*131+17)&0xff,4.81640625,accepted,,4,4,0,2925,bytes,117000,117000,33555600,11700,0,0,0,0,0,11986222,12907451,3820,4520,8900,4.820,4.820
e000437,exploratory,copy_contiguous,candidate,1,1,BAAB,copy_contiguous,process,250,10,4,4,domain,synthetic_sweep,1,54215100a825da9eb7cfbd8f045e54ef05fb29bd,false,1b36f48efea63210dfeeee7270dea968ab5ba58da27f90aa42845eb8a64a6649,12b1dafe765a77d1a17115b0ae12cff973f20ed7d6d770fbd790695fe081288e,0e4833553be7825885da5ea99bceab292cc8abee6414d58b31864afe8ca9f944,c89b17de3d4d36a4e106517b0737619bd65f0e2877d95adbf2f297762f71fb7b,6e938dfcd266a2b0eac811d7ea7eabbd5b217965f88efa81371465134dbcab11,2026-07-15T18:49:35.181692+00:00,8o8-arch,7.0.12-arch1-1,AMD Ryzen 9 3900X 12-Core Processor,"logical=24,cores=12,sockets=1,nodes=1",performance,rustc 1.97.0 (2d8144b78 2026-07-07),22.1.6,cargo 1.97.0 (c980f4866 2026-06-30),"release,lto=thin,debug=true",/home/bob/.cache/mess-bench,/dev/nvme0n1p3,ext4,/home,Samsung SSD 970 EVO Plus 2TB,[none] mq-deadline kyber bfq,249458253824,4096,1024,payload[i]=(i*131+17)&0xff,4.81640625,accepted,,4,4,0,2925,bytes,117000,117000,33555600,2925,0,0,0,33555600,0,5765582,5773776,1830,2310,2460,4.820,4.820
e000438,exploratory,copy_contiguous,baseline,1,2,BAAB,k_pwrite,process,250,10,4,4,domain,synthetic_sweep,1,54215100a825da9eb7cfbd8f045e54ef05fb29bd,false,1b36f48efea63210dfeeee7270dea968ab5ba58da27f90aa42845eb8a64a6649,12b1dafe765a77d1a17115b0ae12cff973f20ed7d6d770fbd790695fe081288e,0e4833553be7825885da5ea99bceab292cc8abee6414d58b31864afe8ca9f944,c89b17de3d4d36a4e106517b0737619bd65f0e2877d95adbf2f297762f71fb7b,6e938dfcd266a2b0eac811d7ea7eabbd5b217965f88efa81371465134dbcab11,2026-07-15T18:49:36.213433+00:00,8o8-arch,7.0.12-arch1-1,AMD Ryzen 9 3900X 12-Core Processor,"logical=24,cores=12,sockets=1,nodes=1",performance,rustc 1.97.0 (2d8144b78 2026-07-07),22.1.6,cargo 1.97.0 (c980f4866 2026-06-30),"release,lto=thin,debug=true",/home/bob/.cache/mess-bench,/dev/nvme0n1p3,ext4,/home,Samsung SSD 970 EVO Plus 2TB,[none] mq-deadline kyber bfq,249458249728,4096,1024,payload[i]=(i*131+17)&0xff,4.4306640625,accepted,,4,4,0,2925,bytes,117000,117000,33555600,11700,0,0,0,0,0,14017014,14138479,3800,4770,29980,4.430,4.430
e000439,exploratory,copy_contiguous,baseline,1,3,BAAB,k_pwrite,process,250,10,4,4,domain,synthetic_sweep,1,54215100a825da9eb7cfbd8f045e54ef05fb29bd,false,1b36f48efea63210dfeeee7270dea968ab5ba58da27f90aa42845eb8a64a6649,12b1dafe765a77d1a17115b0ae12cff973f20ed7d6d770fbd790695fe081288e,0e4833553be7825885da5ea99bceab292cc8abee6414d58b31864afe8ca9f944,c89b17de3d4d36a4e106517b0737619bd65f0e2877d95adbf2f297762f71fb7b,6e938dfcd266a2b0eac811d7ea7eabbd5b217965f88efa81371465134dbcab11,2026-07-15T18:49:37.243966+00:00,8o8-arch,7.0.12-arch1-1,AMD Ryzen 9 3900X 12-Core Processor,"logical=24,cores=12,sockets=1,nodes=1",performance,rustc 1.97.0 (2d8144b78 2026-07-07),22.1.6,cargo 1.97.0 (c980f4866 2026-06-30),"release,lto=thin,debug=true",/home/bob/.cache/mess-bench,/dev/nvme0n1p3,ext4,/home,Samsung SSD 970 EVO Plus 2TB,[none] mq-deadline kyber bfq,249458245632,4096,1024,payload[i]=(i*131+17)&0xff,4.4306640625,accepted,,4,4,0,2925,bytes,117000,117000,33555600,11700,0,0,0,0,0,11413803,11511112,3770,4550,4840,4.430,4.430
e000440,exploratory,copy_contiguous,candidate,1,4,BAAB,copy_contiguous,process,250,10,4,4,domain,synthetic_sweep,1,54215100a825da9eb7cfbd8f045e54ef05fb29bd,false,1b36f48efea63210dfeeee7270dea968ab5ba58da27f90aa42845eb8a64a6649,12b1dafe765a77d1a17115b0ae12cff973f20ed7d6d770fbd790695fe081288e,0e4833553be7825885da5ea99bceab292cc8abee6414d58b31864afe8ca9f944,c89b17de3d4d36a4e106517b0737619bd65f0e2877d95adbf2f297762f71fb7b,6e938dfcd266a2b0eac811d7ea7eabbd5b217965f88efa81371465134dbcab11,2026-07-15T18:49:38.273356+00:00,8o8-arch,7.0.12-arch1-1,AMD Ryzen 9 3900X 12-Core Processor,"logical=24,cores=12,sockets=1,nodes=1",performance,rustc 1.97.0 (2d8144b78 2026-07-07),22.1.6,cargo 1.97.0 (c980f4866 2026-06-30),"release,lto=thin,debug=true",/home/bob/.cache/mess-bench,/dev/nvme0n1p3,ext4,/home,Samsung SSD 970 EVO Plus 2TB,[none] mq-deadline kyber bfq,249458245632,4096,1024,payload[i]=(i*131+17)&0xff,4.4306640625,accepted,,4,4,0,2925,bytes,117000,117000,33555600,2925,0,0,0,33555600,0,5570512,5631466,1840,1860,1870,4.430,4.430
e000441,exploratory,pwritev_full_8m,baseline,1,1,ABBA,k_pwrite,process,250,10,4,4,new_name,synthetic_sweep,1,54215100a825da9eb7cfbd8f045e54ef05fb29bd,false,1b36f48efea63210dfeeee7270dea968ab5ba58da27f90aa42845eb8a64a6649,12b1dafe765a77d1a17115b0ae12cff973f20ed7d6d770fbd790695fe081288e,0e4833553be7825885da5ea99bceab292cc8abee6414d58b31864afe8ca9f944,c89b17de3d4d36a4e106517b0737619bd65f0e2877d95adbf2f297762f71fb7b,6e938dfcd266a2b0eac811d7ea7eabbd5b217965f88efa81371465134dbcab11,2026-07-15T18:49:39.304169+00:00,8o8-arch,7.0.12-arch1-1,AMD Ryzen 9 3900X 12-Core Processor,"logical=24,cores=12,sockets=1,nodes=1",performance,rustc 1.97.0 (2d8144b78 2026-07-07),22.1.6,cargo 1.97.0 (c980f4866 2026-06-30),"release,lto=thin,debug=true",/home/bob/.cache/mess-bench,/dev/nvme0n1p3,ext4,/home,Samsung SSD 970 EVO Plus 2TB,[none] mq-deadline kyber bfq,249458241536,4096,1024,payload[i]=(i*131+17)&0xff,4.4306640625,accepted,,4,8,0,2789,bytes,122716,111560,33557248,22312,0,0,0,0,0,19575705,19674386,6730,7240,14000,4.430,4.430
e000442,exploratory,pwritev_full_8m,candidate,1,2,ABBA,pwritev_full_8m,process,250,10,4,4,new_name,synthetic_sweep,1,54215100a825da9eb7cfbd8f045e54ef05fb29bd,false,1b36f48efea63210dfeeee7270dea968ab5ba58da27f90aa42845eb8a64a6649,12b1dafe765a77d1a17115b0ae12cff973f20ed7d6d770fbd790695fe081288e,0e4833553be7825885da5ea99bceab292cc8abee6414d58b31864afe8ca9f944,c89b17de3d4d36a4e106517b0737619bd65f0e2877d95adbf2f297762f71fb7b,6e938dfcd266a2b0eac811d7ea7eabbd5b217965f88efa81371465134dbcab11,2026-07-15T18:49:40.335938+00:00,8o8-arch,7.0.12-arch1-1,AMD Ryzen 9 3900X 12-Core Processor,"logical=24,cores=12,sockets=1,nodes=1",performance,rustc 1.97.0 (2d8144b78 2026-07-07),22.1.6,cargo 1.97.0 (c980f4866 2026-06-30),"release,lto=thin,debug=true",/home/bob/.cache/mess-bench,/dev/nvme0n1p3,ext4,/home,Samsung SSD 970 EVO Plus 2TB,[none] mq-deadline kyber bfq,249458237440,4096,1024,payload[i]=(i*131+17)&0xff,4.4306640625,accepted,,4,8,0,2789,bytes,122716,111560,33557248,2789,0,0,8,0,0,6020741,6100546,2040,2300,2680,4.430,4.430
e000443,exploratory,pwritev_full_8m,candidate,1,3,ABBA,pwritev_full_8m,process,250,10,4,4,new_name,synthetic_sweep,1,54215100a825da9eb7cfbd8f045e54ef05fb29bd,false,1b36f48efea63210dfeeee7270dea968ab5ba58da27f90aa42845eb8a64a6649,12b1dafe765a77d1a17115b0ae12cff973f20ed7d6d770fbd790695fe081288e,0e4833553be7825885da5ea99bceab292cc8abee6414d58b31864afe8ca9f944,c89b17de3d4d36a4e106517b0737619bd65f0e2877d95adbf2f297762f71fb7b,6e938dfcd266a2b0eac811d7ea7eabbd5b217965f88efa81371465134dbcab11,2026-07-15T18:49:41.362555+00:00,8o8-arch,7.0.12-arch1-1,AMD Ryzen 9 3900X 12-Core Processor,"logical=24,cores=12,sockets=1,nodes=1",performance,rustc 1.97.0 (2d8144b78 2026-07-07),22.1.6,cargo 1.97.0 (c980f4866 2026-06-30),"release,lto=thin,debug=true",/home/bob/.cache/mess-bench,/dev/nvme0n1p3,ext4,/home,Samsung SSD 970 EVO Plus 2TB,[none] mq-deadline kyber bfq,249458233344,4096,1024,payload[i]=(i*131+17)&0xff,4.07568359375,accepted,,4,8,0,2789,bytes,122716,111560,33557248,2789,0,0,8,0,0,6578372,6779184,2050,2690,2860,4.080,4.080
e000444,exploratory,pwritev_full_8m,baseline,1,4,ABBA,k_pwrite,process,250,10,4,4,new_name,synthetic_sweep,1,54215100a825da9eb7cfbd8f045e54ef05fb29bd,false,1b36f48efea63210dfeeee7270dea968ab5ba58da27f90aa42845eb8a64a6649,12b1dafe765a77d1a17115b0ae12cff973f20ed7d6d770fbd790695fe081288e,0e4833553be7825885da5ea99bceab292cc8abee6414d58b31864afe8ca9f944,c89b17de3d4d36a4e106517b0737619bd65f0e2877d95adbf2f297762f71fb7b,6e938dfcd266a2b0eac811d7ea7eabbd5b217965f88efa81371465134dbcab11,2026-07-15T18:49:42.391199+00:00,8o8-arch,7.0.12-arch1-1,AMD Ryzen 9 3900X 12-Core Processor,"logical=24,cores=12,sockets=1,nodes=1",performance,rustc 1.97.0 (2d8144b78 2026-07-07),22.1.6,cargo 1.97.0 (c980f4866 2026-06-30),"release,lto=thin,debug=true",/home/bob/.cache/mess-bench,/dev/nvme0n1p3,ext4,/home,Samsung SSD 970 EVO Plus 2TB,[none] mq-deadline kyber bfq,249458229248,4096,1024,payload[i]=(i*131+17)&0xff,4.07568359375,accepted,,4,8,0,2789,bytes,122716,111560,33557248,22312,0,0,0,0,0,19735555,20171655,6720,8470,13080,4.080,4.080
e000445,exploratory,copy_contiguous,candidate,1,1,BAAB,copy_contiguous,process,250,10,4,4,new_name,synthetic_sweep,1,54215100a825da9eb7cfbd8f045e54ef05fb29bd,false,1b36f48efea63210dfeeee7270dea968ab5ba58da27f90aa42845eb8a64a6649,12b1dafe765a77d1a17115b0ae12cff973f20ed7d6d770fbd790695fe081288e,0e4833553be7825885da5ea99bceab292cc8abee6414d58b31864afe8ca9f944,c89b17de3d4d36a4e106517b0737619bd65f0e2877d95adbf2f297762f71fb7b,6e938dfcd266a2b0eac811d7ea7eabbd5b217965f88efa81371465134dbcab11,2026-07-15T18:49:43.420202+00:00,8o8-arch,7.0.12-arch1-1,AMD Ryzen 9 3900X 12-Core Processor,"logical=24,cores=12,sockets=1,nodes=1",performance,rustc 1.97.0 (2d8144b78 2026-07-07),22.1.6,cargo 1.97.0 (c980f4866 2026-06-30),"release,lto=thin,debug=true",/home/bob/.cache/mess-bench,/dev/nvme0n1p3,ext4,/home,Samsung SSD 970 EVO Plus 2TB,[none] mq-deadline kyber bfq,249458229248,4096,1024,payload[i]=(i*131+17)&0xff,4.07568359375,accepted,,4,8,0,2789,bytes,122716,111560,33557248,2789,0,0,0,33557248,0,5497681,5508276,1880,1920,2400,4.080,4.080
e000446,exploratory,copy_contiguous,baseline,1,2,BAAB,k_pwrite,process,250,10,4,4,new_name,synthetic_sweep,1,54215100a825da9eb7cfbd8f045e54ef05fb29bd,false,1b36f48efea63210dfeeee7270dea968ab5ba58da27f90aa42845eb8a64a6649,12b1dafe765a77d1a17115b0ae12cff973f20ed7d6d770fbd790695fe081288e,0e4833553be7825885da5ea99bceab292cc8abee6414d58b31864afe8ca9f944,c89b17de3d4d36a4e106517b0737619bd65f0e2877d95adbf2f297762f71fb7b,6e938dfcd266a2b0eac811d7ea7eabbd5b217965f88efa81371465134dbcab11,2026-07-15T18:49:44.443090+00:00,8o8-arch,7.0.12-arch1-1,AMD Ryzen 9 3900X 12-Core Processor,"logical=24,cores=12,sockets=1,nodes=1",performance,rustc 1.97.0 (2d8144b78 2026-07-07),22.1.6,cargo 1.97.0 (c980f4866 2026-06-30),"release,lto=thin,debug=true",/home/bob/.cache/mess-bench,/dev/nvme0n1p3,ext4,/home,Samsung SSD 970 EVO Plus 2TB,[none] mq-deadline kyber bfq,249458225152,4096,1024,payload[i]=(i*131+17)&0xff,4.07568359375,accepted,,4,8,0,2789,bytes,122716,111560,33557248,22312,0,0,0,0,0,19849005,20044256,6660,8040,15050,4.080,4.080
e000447,exploratory,copy_contiguous,baseline,1,3,BAAB,k_pwrite,process,250,10,4,4,new_name,synthetic_sweep,1,54215100a825da9eb7cfbd8f045e54ef05fb29bd,false,1b36f48efea63210dfeeee7270dea968ab5ba58da27f90aa42845eb8a64a6649,12b1dafe765a77d1a17115b0ae12cff973f20ed7d6d770fbd790695fe081288e,0e4833553be7825885da5ea99bceab292cc8abee6414d58b31864afe8ca9f944,c89b17de3d4d36a4e106517b0737619bd65f0e2877d95adbf2f297762f71fb7b,6e938dfcd266a2b0eac811d7ea7eabbd5b217965f88efa81371465134dbcab11,2026-07-15T18:49:45.474360+00:00,8o8-arch,7.0.12-arch1-1,AMD Ryzen 9 3900X 12-Core Processor,"logical=24,cores=12,sockets=1,nodes=1",performance,rustc 1.97.0 (2d8144b78 2026-07-07),22.1.6,cargo 1.97.0 (c980f4866 2026-06-30),"release,lto=thin,debug=true",/home/bob/.cache/mess-bench,/dev/nvme0n1p3,ext4,/home,Samsung SSD 970 EVO Plus 2TB,[none] mq-deadline kyber bfq,249458225152,4096,1024,payload[i]=(i*131+17)&0xff,4.07568359375,accepted,,4,8,0,2789,bytes,122716,111560,33557248,22312,0,0,0,0,0,19345335,19570076,6680,7700,12770,4.080,4.080
e000448,exploratory,copy_contiguous,candidate,1,4,BAAB,copy_contiguous,process,250,10,4,4,new_name,synthetic_sweep,1,54215100a825da9eb7cfbd8f045e54ef05fb29bd,false,1b36f48efea63210dfeeee7270dea968ab5ba58da27f90aa42845eb8a64a6649,12b1dafe765a77d1a17115b0ae12cff973f20ed7d6d770fbd790695fe081288e,0e4833553be7825885da5ea99bceab292cc8abee6414d58b31864afe8ca9f944,c89b17de3d4d36a4e106517b0737619bd65f0e2877d95adbf2f297762f71fb7b,6e938dfcd266a2b0eac811d7ea7eabbd5b217965f88efa81371465134dbcab11,2026-07-15T18:49:46.498787+00:00,8o8-arch,7.0.12-arch1-1,AMD Ryzen 9 3900X 12-Core Processor,"logical=24,cores=12,sockets=1,nodes=1",performance,rustc 1.97.0 (2d8144b78 2026-07-07),22.1.6,cargo 1.97.0 (c980f4866 2026-06-30),"release,lto=thin,debug=true",/home/bob/.cache/mess-bench,/dev/nvme0n1p3,ext4,/home,Samsung SSD 970 EVO Plus 2TB,[none] mq-deadline kyber bfq,249458221056,4096,1024,payload[i]=(i*131+17)&0xff,3.8291015625,accepted,,4,8,0,2789,bytes,122716,111560,33557248,2789,0,0,0,33557248,0,5521662,5633956,1890,1950,2480,3.830,3.830
e000449,exploratory,pwritev_full_8m,baseline,1,1,ABBA,k_pwrite,process,250,10,16,4,domain,synthetic_sweep,1,54215100a825da9eb7cfbd8f045e54ef05fb29bd,false,1b36f48efea63210dfeeee7270dea968ab5ba58da27f90aa42845eb8a64a6649,12b1dafe765a77d1a17115b0ae12cff973f20ed7d6d770fbd790695fe081288e,0e4833553be7825885da5ea99bceab292cc8abee6414d58b31864afe8ca9f944,c89b17de3d4d36a4e106517b0737619bd65f0e2877d95adbf2f297762f71fb7b,6e938dfcd266a2b0eac811d7ea7eabbd5b217965f88efa81371465134dbcab11,2026-07-15T18:49:47.522873+00:00,8o8-arch,7.0.12-arch1-1,AMD Ryzen 9 3900X 12-Core Processor,"logical=24,cores=12,sockets=1,nodes=1",performance,rustc 1.97.0 (2d8144b78 2026-07-07),22.1.6,cargo 1.97.0 (c980f4866 2026-06-30),"release,lto=thin,debug=true",/home/bob/.cache/mess-bench,/dev/nvme0n1p3,ext4,/home,Samsung SSD 970 EVO Plus 2TB,[none] mq-deadline kyber bfq,249458221056,4096,1024,payload[i]=(i*131+17)&0xff,3.8291015625,accepted,,16,16,0,732,bytes,117120,117120,33590016,11712,0,0,0,0,0,13680223,14537270,16390,21760,42140,3.830,3.830
e000450,exploratory,pwritev_full_8m,candidate,1,2,ABBA,pwritev_full_8m,process,250,10,16,4,domain,synthetic_sweep,1,54215100a825da9eb7cfbd8f045e54ef05fb29bd,false,1b36f48efea63210dfeeee7270dea968ab5ba58da27f90aa42845eb8a64a6649,12b1dafe765a77d1a17115b0ae12cff973f20ed7d6d770fbd790695fe081288e,0e4833553be7825885da5ea99bceab292cc8abee6414d58b31864afe8ca9f944,c89b17de3d4d36a4e106517b0737619bd65f0e2877d95adbf2f297762f71fb7b,6e938dfcd266a2b0eac811d7ea7eabbd5b217965f88efa81371465134dbcab11,2026-07-15T18:49:48.552910+00:00,8o8-arch,7.0.12-arch1-1,AMD Ryzen 9 3900X 12-Core Processor,"logical=24,cores=12,sockets=1,nodes=1",performance,rustc 1.97.0 (2d8144b78 2026-07-07),22.1.6,cargo 1.97.0 (c980f4866 2026-06-30),"release,lto=thin,debug=true",/home/bob/.cache/mess-bench,/dev/nvme0n1p3,ext4,/home,Samsung SSD 970 EVO Plus 2TB,[none] mq-deadline kyber bfq,249458212864,4096,1024,payload[i]=(i*131+17)&0xff,3.8291015625,accepted,,16,16,0,732,bytes,117120,117120,33590016,732,0,0,16,0,0,3478121,3495198,4580,5580,6690,3.830,3.830
e000451,exploratory,pwritev_full_8m,candidate,1,3,ABBA,pwritev_full_8m,process,250,10,16,4,domain,synthetic_sweep,1,54215100a825da9eb7cfbd8f045e54ef05fb29bd,false,1b36f48efea63210dfeeee7270dea968ab5ba58da27f90aa42845eb8a64a6649,12b1dafe765a77d1a17115b0ae12cff973f20ed7d6d770fbd790695fe081288e,0e4833553be7825885da5ea99bceab292cc8abee6414d58b31864afe8ca9f944,c89b17de3d4d36a4e106517b0737619bd65f0e2877d95adbf2f297762f71fb7b,6e938dfcd266a2b0eac811d7ea7eabbd5b217965f88efa81371465134dbcab11,2026-07-15T18:49:49.574791+00:00,8o8-arch,7.0.12-arch1-1,AMD Ryzen 9 3900X 12-Core Processor,"logical=24,cores=12,sockets=1,nodes=1",performance,rustc 1.97.0 (2d8144b78 2026-07-07),22.1.6,cargo 1.97.0 (c980f4866 2026-06-30),"release,lto=thin,debug=true",/home/bob/.cache/mess-bench,/dev/nvme0n1p3,ext4,/home,Samsung SSD 970 EVO Plus 2TB,[none] mq-deadline kyber bfq,249458212864,4096,1024,payload[i]=(i*131+17)&0xff,3.8291015625,accepted,,16,16,0,732,bytes,117120,117120,33590016,732,0,0,16,0,0,3409601,3435078,4560,4600,6520,3.830,3.830
e000452,exploratory,pwritev_full_8m,baseline,1,4,ABBA,k_pwrite,process,250,10,16,4,domain,synthetic_sweep,1,54215100a825da9eb7cfbd8f045e54ef05fb29bd,false,1b36f48efea63210dfeeee7270dea968ab5ba58da27f90aa42845eb8a64a6649,12b1dafe765a77d1a17115b0ae12cff973f20ed7d6d770fbd790695fe081288e,0e4833553be7825885da5ea99bceab292cc8abee6414d58b31864afe8ca9f944,c89b17de3d4d36a4e106517b0737619bd65f0e2877d95adbf2f297762f71fb7b,6e938dfcd266a2b0eac811d7ea7eabbd5b217965f88efa81371465134dbcab11,2026-07-15T18:49:50.604974+00:00,8o8-arch,7.0.12-arch1-1,AMD Ryzen 9 3900X 12-Core Processor,"logical=24,cores=12,sockets=1,nodes=1",performance,rustc 1.97.0 (2d8144b78 2026-07-07),22.1.6,cargo 1.97.0 (c980f4866 2026-06-30),"release,lto=thin,debug=true",/home/bob/.cache/mess-bench,/dev/nvme0n1p3,ext4,/home,Samsung SSD 970 EVO Plus 2TB,[none] mq-deadline kyber bfq,249458208768,4096,1024,payload[i]=(i*131+17)&0xff,3.8291015625,accepted,,16,16,0,732,bytes,117120,117120,33590016,11712,0,0,0,0,0,12154273,12258811,16150,19180,25370,3.830,3.830
e000453,exploratory,copy_contiguous,candidate,1,1,BAAB,copy_contiguous,process,250,10,16,4,domain,synthetic_sweep,1,54215100a825da9eb7cfbd8f045e54ef05fb29bd,false,1b36f48efea63210dfeeee7270dea968ab5ba58da27f90aa42845eb8a64a6649,12b1dafe765a77d1a17115b0ae12cff973f20ed7d6d770fbd790695fe081288e,0e4833553be7825885da5ea99bceab292cc8abee6414d58b31864afe8ca9f944,c89b17de3d4d36a4e106517b0737619bd65f0e2877d95adbf2f297762f71fb7b,6e938dfcd266a2b0eac811d7ea7eabbd5b217965f88efa81371465134dbcab11,2026-07-15T18:49:51.631025+00:00,8o8-arch,7.0.12-arch1-1,AMD Ryzen 9 3900X 12-Core Processor,"logical=24,cores=12,sockets=1,nodes=1",performance,rustc 1.97.0 (2d8144b78 2026-07-07),22.1.6,cargo 1.97.0 (c980f4866 2026-06-30),"release,lto=thin,debug=true",/home/bob/.cache/mess-bench,/dev/nvme0n1p3,ext4,/home,Samsung SSD 970 EVO Plus 2TB,[none] mq-deadline kyber bfq,249458204672,4096,1024,payload[i]=(i*131+17)&0xff,3.5224609375,accepted,,16,16,0,732,bytes,117120,117120,33590016,732,0,0,0,33590016,0,3510721,3552628,4680,4810,6740,3.520,3.520
e000454,exploratory,copy_contiguous,baseline,1,2,BAAB,k_pwrite,process,250,10,16,4,domain,synthetic_sweep,1,54215100a825da9eb7cfbd8f045e54ef05fb29bd,false,1b36f48efea63210dfeeee7270dea968ab5ba58da27f90aa42845eb8a64a6649,12b1dafe765a77d1a17115b0ae12cff973f20ed7d6d770fbd790695fe081288e,0e4833553be7825885da5ea99bceab292cc8abee6414d58b31864afe8ca9f944,c89b17de3d4d36a4e106517b0737619bd65f0e2877d95adbf2f297762f71fb7b,6e938dfcd266a2b0eac811d7ea7eabbd5b217965f88efa81371465134dbcab11,2026-07-15T18:49:52.656127+00:00,8o8-arch,7.0.12-arch1-1,AMD Ryzen 9 3900X 12-Core Processor,"logical=24,cores=12,sockets=1,nodes=1",performance,rustc 1.97.0 (2d8144b78 2026-07-07),22.1.6,cargo 1.97.0 (c980f4866 2026-06-30),"release,lto=thin,debug=true",/home/bob/.cache/mess-bench,/dev/nvme0n1p3,ext4,/home,Samsung SSD 970 EVO Plus 2TB,[none] mq-deadline kyber bfq,249458200576,4096,1024,payload[i]=(i*131+17)&0xff,3.5224609375,accepted,,16,16,0,732,bytes,117120,117120,33590016,11712,0,0,0,0,0,14034083,14447869,16120,19580,31590,3.520,3.520
e000455,exploratory,copy_contiguous,baseline,1,3,BAAB,k_pwrite,process,250,10,16,4,domain,synthetic_sweep,1,54215100a825da9eb7cfbd8f045e54ef05fb29bd,false,1b36f48efea63210dfeeee7270dea968ab5ba58da27f90aa42845eb8a64a6649,12b1dafe765a77d1a17115b0ae12cff973f20ed7d6d770fbd790695fe081288e,0e4833553be7825885da5ea99bceab292cc8abee6414d58b31864afe8ca9f944,c89b17de3d4d36a4e106517b0737619bd65f0e2877d95adbf2f297762f71fb7b,6e938dfcd266a2b0eac811d7ea7eabbd5b217965f88efa81371465134dbcab11,2026-07-15T18:49:53.684806+00:00,8o8-arch,7.0.12-arch1-1,AMD Ryzen 9 3900X 12-Core Processor,"logical=24,cores=12,sockets=1,nodes=1",performance,rustc 1.97.0 (2d8144b78 2026-07-07),22.1.6,cargo 1.97.0 (c980f4866 2026-06-30),"release,lto=thin,debug=true",/home/bob/.cache/mess-bench,/dev/nvme0n1p3,ext4,/home,Samsung SSD 970 EVO Plus 2TB,[none] mq-deadline kyber bfq,249458196480,4096,1024,payload[i]=(i*131+17)&0xff,3.5224609375,accepted,,16,16,0,732,bytes,117120,117120,33590016,11712,0,0,0,0,0,14154753,14737529,16190,24080,45100,3.520,3.520
e000456,exploratory,copy_contiguous,candidate,1,4,BAAB,copy_contiguous,process,250,10,16,4,domain,synthetic_sweep,1,54215100a825da9eb7cfbd8f045e54ef05fb29bd,false,1b36f48efea63210dfeeee7270dea968ab5ba58da27f90aa42845eb8a64a6649,12b1dafe765a77d1a17115b0ae12cff973f20ed7d6d770fbd790695fe081288e,0e4833553be7825885da5ea99bceab292cc8abee6414d58b31864afe8ca9f944,c89b17de3d4d36a4e106517b0737619bd65f0e2877d95adbf2f297762f71fb7b,6e938dfcd266a2b0eac811d7ea7eabbd5b217965f88efa81371465134dbcab11,2026-07-15T18:49:54.713897+00:00,8o8-arch,7.0.12-arch1-1,AMD Ryzen 9 3900X 12-Core Processor,"logical=24,cores=12,sockets=1,nodes=1",performance,rustc 1.97.0 (2d8144b78 2026-07-07),22.1.6,cargo 1.97.0 (c980f4866 2026-06-30),"release,lto=thin,debug=true",/home/bob/.cache/mess-bench,/dev/nvme0n1p3,ext4,/home,Samsung SSD 970 EVO Plus 2TB,[none] mq-deadline kyber bfq,249458192384,4096,1024,payload[i]=(i*131+17)&0xff,3.5224609375,accepted,,16,16,0,732,bytes,117120,117120,33590016,732,0,0,0,33590016,0,3528831,3551187,4680,4740,6770,3.520,3.520
e000457,exploratory,pwritev_full_8m,baseline,1,1,ABBA,k_pwrite,process,250,10,16,4,new_name,synthetic_sweep,1,54215100a825da9eb7cfbd8f045e54ef05fb29bd,false,1b36f48efea63210dfeeee7270dea968ab5ba58da27f90aa42845eb8a64a6649,12b1dafe765a77d1a17115b0ae12cff973f20ed7d6d770fbd790695fe081288e,0e4833553be7825885da5ea99bceab292cc8abee6414d58b31864afe8ca9f944,c89b17de3d4d36a4e106517b0737619bd65f0e2877d95adbf2f297762f71fb7b,6e938dfcd266a2b0eac811d7ea7eabbd5b217965f88efa81371465134dbcab11,2026-07-15T18:49:55.739091+00:00,8o8-arch,7.0.12-arch1-1,AMD Ryzen 9 3900X 12-Core Processor,"logical=24,cores=12,sockets=1,nodes=1",performance,rustc 1.97.0 (2d8144b78 2026-07-07),22.1.6,cargo 1.97.0 (c980f4866 2026-06-30),"release,lto=thin,debug=true",/home/bob/.cache/mess-bench,/dev/nvme0n1p3,ext4,/home,Samsung SSD 970 EVO Plus 2TB,[none] mq-deadline kyber bfq,249458184192,4096,1024,payload[i]=(i*131+17)&0xff,3.5224609375,accepted,,16,32,0,698,bytes,122848,111680,33593344,22336,0,0,0,0,0,20074494,20386885,27830,35330,43720,3.520,3.520
e000458,exploratory,pwritev_full_8m,candidate,1,2,ABBA,pwritev_full_8m,process,250,10,16,4,new_name,synthetic_sweep,1,54215100a825da9eb7cfbd8f045e54ef05fb29bd,false,1b36f48efea63210dfeeee7270dea968ab5ba58da27f90aa42845eb8a64a6649,12b1dafe765a77d1a17115b0ae12cff973f20ed7d6d770fbd790695fe081288e,0e4833553be7825885da5ea99bceab292cc8abee6414d58b31864afe8ca9f944,c89b17de3d4d36a4e106517b0737619bd65f0e2877d95adbf2f297762f71fb7b,6e938dfcd266a2b0eac811d7ea7eabbd5b217965f88efa81371465134dbcab11,2026-07-15T18:49:56.762419+00:00,8o8-arch,7.0.12-arch1-1,AMD Ryzen 9 3900X 12-Core Processor,"logical=24,cores=12,sockets=1,nodes=1",performance,rustc 1.97.0 (2d8144b78 2026-07-07),22.1.6,cargo 1.97.0 (c980f4866 2026-06-30),"release,lto=thin,debug=true",/home/bob/.cache/mess-bench,/dev/nvme0n1p3,ext4,/home,Samsung SSD 970 EVO Plus 2TB,[none] mq-deadline kyber bfq,249458180096,4096,1024,payload[i]=(i*131+17)&0xff,3.240234375,accepted,,16,32,0,698,bytes,122848,111680,33593344,698,0,0,32,0,0,4283401,4338687,5550,8430,12059,3.240,3.240
e000459,exploratory,pwritev_full_8m,candidate,1,3,ABBA,pwritev_full_8m,process,250,10,16,4,new_name,synthetic_sweep,1,54215100a825da9eb7cfbd8f045e54ef05fb29bd,false,1b36f48efea63210dfeeee7270dea968ab5ba58da27f90aa42845eb8a64a6649,12b1dafe765a77d1a17115b0ae12cff973f20ed7d6d770fbd790695fe081288e,0e4833553be7825885da5ea99bceab292cc8abee6414d58b31864afe8ca9f944,c89b17de3d4d36a4e106517b0737619bd65f0e2877d95adbf2f297762f71fb7b,6e938dfcd266a2b0eac811d7ea7eabbd5b217965f88efa81371465134dbcab11,2026-07-15T18:49:57.787626+00:00,8o8-arch,7.0.12-arch1-1,AMD Ryzen 9 3900X 12-Core Processor,"logical=24,cores=12,sockets=1,nodes=1",performance,rustc 1.97.0 (2d8144b78 2026-07-07),22.1.6,cargo 1.97.0 (c980f4866 2026-06-30),"release,lto=thin,debug=true",/home/bob/.cache/mess-bench,/dev/nvme0n1p3,ext4,/home,Samsung SSD 970 EVO Plus 2TB,[none] mq-deadline kyber bfq,249458171904,4096,1024,payload[i]=(i*131+17)&0xff,3.240234375,accepted,,16,32,0,698,bytes,122848,111680,33593344,698,0,0,32,0,0,7168682,7325785,5460,8170,35060,3.240,3.240
e000460,exploratory,pwritev_full_8m,baseline,1,4,ABBA,k_pwrite,process,250,10,16,4,new_name,synthetic_sweep,1,54215100a825da9eb7cfbd8f045e54ef05fb29bd,false,1b36f48efea63210dfeeee7270dea968ab5ba58da27f90aa42845eb8a64a6649,12b1dafe765a77d1a17115b0ae12cff973f20ed7d6d770fbd790695fe081288e,0e4833553be7825885da5ea99bceab292cc8abee6414d58b31864afe8ca9f944,c89b17de3d4d36a4e106517b0737619bd65f0e2877d95adbf2f297762f71fb7b,6e938dfcd266a2b0eac811d7ea7eabbd5b217965f88efa81371465134dbcab11,2026-07-15T18:49:58.817293+00:00,8o8-arch,7.0.12-arch1-1,AMD Ryzen 9 3900X 12-Core Processor,"logical=24,cores=12,sockets=1,nodes=1",performance,rustc 1.97.0 (2d8144b78 2026-07-07),22.1.6,cargo 1.97.0 (c980f4866 2026-06-30),"release,lto=thin,debug=true",/home/bob/.cache/mess-bench,/dev/nvme0n1p3,ext4,/home,Samsung SSD 970 EVO Plus 2TB,[none] mq-deadline kyber bfq,249458167808,4096,1024,payload[i]=(i*131+17)&0xff,3.240234375,accepted,,16,32,0,698,bytes,122848,111680,33593344,22336,0,0,0,0,0,22521986,22938723,27690,35830,51680,3.240,3.240
e000461,exploratory,copy_contiguous,candidate,1,1,BAAB,copy_contiguous,process,250,10,16,4,new_name,synthetic_sweep,1,54215100a825da9eb7cfbd8f045e54ef05fb29bd,false,1b36f48efea63210dfeeee7270dea968ab5ba58da27f90aa42845eb8a64a6649,12b1dafe765a77d1a17115b0ae12cff973f20ed7d6d770fbd790695fe081288e,0e4833553be7825885da5ea99bceab292cc8abee6414d58b31864afe8ca9f944,c89b17de3d4d36a4e106517b0737619bd65f0e2877d95adbf2f297762f71fb7b,6e938dfcd266a2b0eac811d7ea7eabbd5b217965f88efa81371465134dbcab11,2026-07-15T18:49:59.845241+00:00,8o8-arch,7.0.12-arch1-1,AMD Ryzen 9 3900X 12-Core Processor,"logical=24,cores=12,sockets=1,nodes=1",performance,rustc 1.97.0 (2d8144b78 2026-07-07),22.1.6,cargo 1.97.0 (c980f4866 2026-06-30),"release,lto=thin,debug=true",/home/bob/.cache/mess-bench,/dev/nvme0n1p3,ext4,/home,Samsung SSD 970 EVO Plus 2TB,[none] mq-deadline kyber bfq,249458167808,4096,1024,payload[i]=(i*131+17)&0xff,3.240234375,accepted,,16,32,0,698,bytes,122848,111680,33593344,698,0,0,0,33593344,0,3445501,3481667,4800,5350,6970,3.240,3.240
e000462,exploratory,copy_contiguous,baseline,1,2,BAAB,k_pwrite,process,250,10,16,4,new_name,synthetic_sweep,1,54215100a825da9eb7cfbd8f045e54ef05fb29bd,false,1b36f48efea63210dfeeee7270dea968ab5ba58da27f90aa42845eb8a64a6649,12b1dafe765a77d1a17115b0ae12cff973f20ed7d6d770fbd790695fe081288e,0e4833553be7825885da5ea99bceab292cc8abee6414d58b31864afe8ca9f944,c89b17de3d4d36a4e106517b0737619bd65f0e2877d95adbf2f297762f71fb7b,6e938dfcd266a2b0eac811d7ea7eabbd5b217965f88efa81371465134dbcab11,2026-07-15T18:50:00.874377+00:00,8o8-arch,7.0.12-arch1-1,AMD Ryzen 9 3900X 12-Core Processor,"logical=24,cores=12,sockets=1,nodes=1",performance,rustc 1.97.0 (2d8144b78 2026-07-07),22.1.6,cargo 1.97.0 (c980f4866 2026-06-30),"release,lto=thin,debug=true",/home/bob/.cache/mess-bench,/dev/nvme0n1p3,ext4,/home,Samsung SSD 970 EVO Plus 2TB,[none] mq-deadline kyber bfq,249458163712,4096,1024,payload[i]=(i*131+17)&0xff,3.240234375,accepted,,16,32,0,698,bytes,122848,111680,33593344,22336,0,0,0,0,0,20857685,21018034,27800,38900,62780,3.240,3.220
e000463,exploratory,copy_contiguous,baseline,1,3,BAAB,k_pwrite,process,250,10,16,4,new_name,synthetic_sweep,1,54215100a825da9eb7cfbd8f045e54ef05fb29bd,false,1b36f48efea63210dfeeee7270dea968ab5ba58da27f90aa42845eb8a64a6649,12b1dafe765a77d1a17115b0ae12cff973f20ed7d6d770fbd790695fe081288e,0e4833553be7825885da5ea99bceab292cc8abee6414d58b31864afe8ca9f944,c89b17de3d4d36a4e106517b0737619bd65f0e2877d95adbf2f297762f71fb7b,6e938dfcd266a2b0eac811d7ea7eabbd5b217965f88efa81371465134dbcab11,2026-07-15T18:50:01.904729+00:00,8o8-arch,7.0.12-arch1-1,AMD Ryzen 9 3900X 12-Core Processor,"logical=24,cores=12,sockets=1,nodes=1",performance,rustc 1.97.0 (2d8144b78 2026-07-07),22.1.6,cargo 1.97.0 (c980f4866 2026-06-30),"release,lto=thin,debug=true",/home/bob/.cache/mess-bench,/dev/nvme0n1p3,ext4,/home,Samsung SSD 970 EVO Plus 2TB,[none] mq-deadline kyber bfq,249458159616,4096,1024,payload[i]=(i*131+17)&0xff,3.220703125,accepted,,16,32,0,698,bytes,122848,111680,33593344,22336,0,0,0,0,0,20454135,20623885,27820,35990,52540,3.220,3.220
e000464,exploratory,copy_contiguous,candidate,1,4,BAAB,copy_contiguous,process,250,10,16,4,new_name,synthetic_sweep,1,54215100a825da9eb7cfbd8f045e54ef05fb29bd,false,1b36f48efea63210dfeeee7270dea968ab5ba58da27f90aa42845eb8a64a6649,12b1dafe765a77d1a17115b0ae12cff973f20ed7d6d770fbd790695fe081288e,0e4833553be7825885da5ea99bceab292cc8abee6414d58b31864afe8ca9f944,c89b17de3d4d36a4e106517b0737619bd65f0e2877d95adbf2f297762f71fb7b,6e938dfcd266a2b0eac811d7ea7eabbd5b217965f88efa81371465134dbcab11,2026-07-15T18:50:02.935309+00:00,8o8-arch,7.0.12-arch1-1,AMD Ryzen 9 3900X 12-Core Processor,"logical=24,cores=12,sockets=1,nodes=1",performance,rustc 1.97.0 (2d8144b78 2026-07-07),22.1.6,cargo 1.97.0 (c980f4866 2026-06-30),"release,lto=thin,debug=true",/home/bob/.cache/mess-bench,/dev/nvme0n1p3,ext4,/home,Samsung SSD 970 EVO Plus 2TB,[none] mq-deadline kyber bfq,249458155520,4096,1024,payload[i]=(i*131+17)&0xff,3.220703125,accepted,,16,32,0,698,bytes,122848,111680,33593344,698,0,0,0,33593344,0,4119091,4172907,6160,6500,8060,3.220,3.220
e000465,exploratory,pwritev_full_8m,baseline,1,1,ABBA,k_pwrite,process,250,10,64,4,domain,synthetic_sweep,1,54215100a825da9eb7cfbd8f045e54ef05fb29bd,false,1b36f48efea63210dfeeee7270dea968ab5ba58da27f90aa42845eb8a64a6649,12b1dafe765a77d1a17115b0ae12cff973f20ed7d6d770fbd790695fe081288e,0e4833553be7825885da5ea99bceab292cc8abee6414d58b31864afe8ca9f944,c89b17de3d4d36a4e106517b0737619bd65f0e2877d95adbf2f297762f71fb7b,6e938dfcd266a2b0eac811d7ea7eabbd5b217965f88efa81371465134dbcab11,2026-07-15T18:50:03.968496+00:00,8o8-arch,7.0.12-arch1-1,AMD Ryzen 9 3900X 12-Core Processor,"logical=24,cores=12,sockets=1,nodes=1",performance,rustc 1.97.0 (2d8144b78 2026-07-07),22.1.6,cargo 1.97.0 (c980f4866 2026-06-30),"release,lto=thin,debug=true",/home/bob/.cache/mess-bench,/dev/nvme0n1p3,ext4,/home,Samsung SSD 970 EVO Plus 2TB,[none] mq-deadline kyber bfq,249458155520,4096,1024,payload[i]=(i*131+17)&0xff,3.220703125,accepted,,64,64,0,183,bytes,117120,117120,33590016,11712,0,0,0,0,0,13113873,13227771,70960,80600,88270,3.220,3.220
e000466,exploratory,pwritev_full_8m,candidate,1,2,ABBA,pwritev_full_8m,process,250,10,64,4,domain,synthetic_sweep,1,54215100a825da9eb7cfbd8f045e54ef05fb29bd,false,1b36f48efea63210dfeeee7270dea968ab5ba58da27f90aa42845eb8a64a6649,12b1dafe765a77d1a17115b0ae12cff973f20ed7d6d770fbd790695fe081288e,0e4833553be7825885da5ea99bceab292cc8abee6414d58b31864afe8ca9f944,c89b17de3d4d36a4e106517b0737619bd65f0e2877d95adbf2f297762f71fb7b,6e938dfcd266a2b0eac811d7ea7eabbd5b217965f88efa81371465134dbcab11,2026-07-15T18:50:04.990044+00:00,8o8-arch,7.0.12-arch1-1,AMD Ryzen 9 3900X 12-Core Processor,"logical=24,cores=12,sockets=1,nodes=1",performance,rustc 1.97.0 (2d8144b78 2026-07-07),22.1.6,cargo 1.97.0 (c980f4866 2026-06-30),"release,lto=thin,debug=true",/home/bob/.cache/mess-bench,/dev/nvme0n1p3,ext4,/home,Samsung SSD 970 EVO Plus 2TB,[none] mq-deadline kyber bfq,249458147328,4096,1024,payload[i]=(i*131+17)&0xff,3.220703125,accepted,,64,64,0,183,bytes,117120,117120,33590016,183,0,0,64,0,0,2611821,2624609,13850,18420,20930,3.220,3.220
e000467,exploratory,pwritev_full_8m,candidate,1,3,ABBA,pwritev_full_8m,process,250,10,64,4,domain,synthetic_sweep,1,54215100a825da9eb7cfbd8f045e54ef05fb29bd,false,1b36f48efea63210dfeeee7270dea968ab5ba58da27f90aa42845eb8a64a6649,12b1dafe765a77d1a17115b0ae12cff973f20ed7d6d770fbd790695fe081288e,0e4833553be7825885da5ea99bceab292cc8abee6414d58b31864afe8ca9f944,c89b17de3d4d36a4e106517b0737619bd65f0e2877d95adbf2f297762f71fb7b,6e938dfcd266a2b0eac811d7ea7eabbd5b217965f88efa81371465134dbcab11,2026-07-15T18:50:06.019297+00:00,8o8-arch,7.0.12-arch1-1,AMD Ryzen 9 3900X 12-Core Processor,"logical=24,cores=12,sockets=1,nodes=1",performance,rustc 1.97.0 (2d8144b78 2026-07-07),22.1.6,cargo 1.97.0 (c980f4866 2026-06-30),"release,lto=thin,debug=true",/home/bob/.cache/mess-bench,/dev/nvme0n1p3,ext4,/home,Samsung SSD 970 EVO Plus 2TB,[none] mq-deadline kyber bfq,249458298880,4096,1024,payload[i]=(i*131+17)&0xff,3.443359375,accepted,,64,64,0,183,bytes,117120,117120,33590016,183,0,0,64,0,0,2834331,2868028,14620,22160,24610,3.440,3.440
e000468,exploratory,pwritev_full_8m,baseline,1,4,ABBA,k_pwrite,process,250,10,64,4,domain,synthetic_sweep,1,54215100a825da9eb7cfbd8f045e54ef05fb29bd,false,1b36f48efea63210dfeeee7270dea968ab5ba58da27f90aa42845eb8a64a6649,12b1dafe765a77d1a17115b0ae12cff973f20ed7d6d770fbd790695fe081288e,0e4833553be7825885da5ea99bceab292cc8abee6414d58b31864afe8ca9f944,c89b17de3d4d36a4e106517b0737619bd65f0e2877d95adbf2f297762f71fb7b,6e938dfcd266a2b0eac811d7ea7eabbd5b217965f88efa81371465134dbcab11,2026-07-15T18:50:07.041322+00:00,8o8-arch,7.0.12-arch1-1,AMD Ryzen 9 3900X 12-Core Processor,"logical=24,cores=12,sockets=1,nodes=1",performance,rustc 1.97.0 (2d8144b78 2026-07-07),22.1.6,cargo 1.97.0 (c980f4866 2026-06-30),"release,lto=thin,debug=true",/home/bob/.cache/mess-bench,/dev/nvme0n1p3,ext4,/home,Samsung SSD 970 EVO Plus 2TB,[none] mq-deadline kyber bfq,249458298880,4096,1024,payload[i]=(i*131+17)&0xff,3.443359375,accepted,,64,64,0,183,bytes,117120,117120,33590016,11712,0,0,0,0,0,13721304,13840010,72820,88220,97120,3.440,3.440
e000469,exploratory,copy_contiguous,candidate,1,1,BAAB,copy_contiguous,process,250,10,64,4,domain,synthetic_sweep,1,54215100a825da9eb7cfbd8f045e54ef05fb29bd,false,1b36f48efea63210dfeeee7270dea968ab5ba58da27f90aa42845eb8a64a6649,12b1dafe765a77d1a17115b0ae12cff973f20ed7d6d770fbd790695fe081288e,0e4833553be7825885da5ea99bceab292cc8abee6414d58b31864afe8ca9f944,c89b17de3d4d36a4e106517b0737619bd65f0e2877d95adbf2f297762f71fb7b,6e938dfcd266a2b0eac811d7ea7eabbd5b217965f88efa81371465134dbcab11,2026-07-15T18:50:08.072549+00:00,8o8-arch,7.0.12-arch1-1,AMD Ryzen 9 3900X 12-Core Processor,"logical=24,cores=12,sockets=1,nodes=1",performance,rustc 1.97.0 (2d8144b78 2026-07-07),22.1.6,cargo 1.97.0 (c980f4866 2026-06-30),"release,lto=thin,debug=true",/home/bob/.cache/mess-bench,/dev/nvme0n1p3,ext4,/home,Samsung SSD 970 EVO Plus 2TB,[none] mq-deadline kyber bfq,249458298880,4096,1024,payload[i]=(i*131+17)&0xff,3.443359375,accepted,,64,64,0,183,bytes,117120,117120,33590016,183,0,0,0,33590016,0,4687141,4735167,25040,29950,38759,3.440,3.440
e000470,exploratory,copy_contiguous,baseline,1,2,BAAB,k_pwrite,process,250,10,64,4,domain,synthetic_sweep,1,54215100a825da9eb7cfbd8f045e54ef05fb29bd,false,1b36f48efea63210dfeeee7270dea968ab5ba58da27f90aa42845eb8a64a6649,12b1dafe765a77d1a17115b0ae12cff973f20ed7d6d770fbd790695fe081288e,0e4833553be7825885da5ea99bceab292cc8abee6414d58b31864afe8ca9f944,c89b17de3d4d36a4e106517b0737619bd65f0e2877d95adbf2f297762f71fb7b,6e938dfcd266a2b0eac811d7ea7eabbd5b217965f88efa81371465134dbcab11,2026-07-15T18:50:09.098847+00:00,8o8-arch,7.0.12-arch1-1,AMD Ryzen 9 3900X 12-Core Processor,"logical=24,cores=12,sockets=1,nodes=1",performance,rustc 1.97.0 (2d8144b78 2026-07-07),22.1.6,cargo 1.97.0 (c980f4866 2026-06-30),"release,lto=thin,debug=true",/home/bob/.cache/mess-bench,/dev/nvme0n1p3,ext4,/home,Samsung SSD 970 EVO Plus 2TB,[none] mq-deadline kyber bfq,249458286592,4096,1024,payload[i]=(i*131+17)&0xff,3.443359375,accepted,,64,64,0,183,bytes,117120,117120,33590016,11712,0,0,0,0,0,13880493,14157730,71639,96380,107540,3.440,3.440
e000471,exploratory,copy_contiguous,baseline,1,3,BAAB,k_pwrite,process,250,10,64,4,domain,synthetic_sweep,1,54215100a825da9eb7cfbd8f045e54ef05fb29bd,false,1b36f48efea63210dfeeee7270dea968ab5ba58da27f90aa42845eb8a64a6649,12b1dafe765a77d1a17115b0ae12cff973f20ed7d6d770fbd790695fe081288e,0e4833553be7825885da5ea99bceab292cc8abee6414d58b31864afe8ca9f944,c89b17de3d4d36a4e106517b0737619bd65f0e2877d95adbf2f297762f71fb7b,6e938dfcd266a2b0eac811d7ea7eabbd5b217965f88efa81371465134dbcab11,2026-07-15T18:50:10.126795+00:00,8o8-arch,7.0.12-arch1-1,AMD Ryzen 9 3900X 12-Core Processor,"logical=24,cores=12,sockets=1,nodes=1",performance,rustc 1.97.0 (2d8144b78 2026-07-07),22.1.6,cargo 1.97.0 (c980f4866 2026-06-30),"release,lto=thin,debug=true",/home/bob/.cache/mess-bench,/dev/nvme0n1p3,ext4,/home,Samsung SSD 970 EVO Plus 2TB,[none] mq-deadline kyber bfq,249458282496,4096,1024,payload[i]=(i*131+17)&0xff,3.443359375,accepted,,64,64,0,183,bytes,117120,117120,33590016,11712,0,0,0,0,0,13231453,13360041,71200,80520,100710,3.440,3.440
e000472,exploratory,copy_contiguous,candidate,1,4,BAAB,copy_contiguous,process,250,10,64,4,domain,synthetic_sweep,1,54215100a825da9eb7cfbd8f045e54ef05fb29bd,false,1b36f48efea63210dfeeee7270dea968ab5ba58da27f90aa42845eb8a64a6649,12b1dafe765a77d1a17115b0ae12cff973f20ed7d6d770fbd790695fe081288e,0e4833553be7825885da5ea99bceab292cc8abee6414d58b31864afe8ca9f944,c89b17de3d4d36a4e106517b0737619bd65f0e2877d95adbf2f297762f71fb7b,6e938dfcd266a2b0eac811d7ea7eabbd5b217965f88efa81371465134dbcab11,2026-07-15T18:50:11.155760+00:00,8o8-arch,7.0.12-arch1-1,AMD Ryzen 9 3900X 12-Core Processor,"logical=24,cores=12,sockets=1,nodes=1",performance,rustc 1.97.0 (2d8144b78 2026-07-07),22.1.6,cargo 1.97.0 (c980f4866 2026-06-30),"release,lto=thin,debug=true",/home/bob/.cache/mess-bench,/dev/nvme0n1p3,ext4,/home,Samsung SSD 970 EVO Plus 2TB,[none] mq-deadline kyber bfq,249458274304,4096,1024,payload[i]=(i*131+17)&0xff,3.48828125,accepted,,64,64,0,183,bytes,117120,117120,33590016,183,0,0,0,33590016,0,8058182,8271664,26630,40990,511120,3.490,3.490
e000473,exploratory,pwritev_full_8m,baseline,1,1,ABBA,k_pwrite,process,250,10,64,4,new_name,synthetic_sweep,1,54215100a825da9eb7cfbd8f045e54ef05fb29bd,false,1b36f48efea63210dfeeee7270dea968ab5ba58da27f90aa42845eb8a64a6649,12b1dafe765a77d1a17115b0ae12cff973f20ed7d6d770fbd790695fe081288e,0e4833553be7825885da5ea99bceab292cc8abee6414d58b31864afe8ca9f944,c89b17de3d4d36a4e106517b0737619bd65f0e2877d95adbf2f297762f71fb7b,6e938dfcd266a2b0eac811d7ea7eabbd5b217965f88efa81371465134dbcab11,2026-07-15T18:50:12.186744+00:00,8o8-arch,7.0.12-arch1-1,AMD Ryzen 9 3900X 12-Core Processor,"logical=24,cores=12,sockets=1,nodes=1",performance,rustc 1.97.0 (2d8144b78 2026-07-07),22.1.6,cargo 1.97.0 (c980f4866 2026-06-30),"release,lto=thin,debug=true",/home/bob/.cache/mess-bench,/dev/nvme0n1p3,ext4,/home,Samsung SSD 970 EVO Plus 2TB,[none] mq-deadline kyber bfq,249458274304,4096,1024,payload[i]=(i*131+17)&0xff,3.48828125,accepted,,64,128,0,175,bytes,123200,112000,33689600,22400,0,0,0,0,0,22841086,23017943,118620,132940,165980,3.490,3.490
e000474,exploratory,pwritev_full_8m,candidate,1,2,ABBA,pwritev_full_8m,process,250,10,64,4,new_name,synthetic_sweep,1,54215100a825da9eb7cfbd8f045e54ef05fb29bd,false,1b36f48efea63210dfeeee7270dea968ab5ba58da27f90aa42845eb8a64a6649,12b1dafe765a77d1a17115b0ae12cff973f20ed7d6d770fbd790695fe081288e,0e4833553be7825885da5ea99bceab292cc8abee6414d58b31864afe8ca9f944,c89b17de3d4d36a4e106517b0737619bd65f0e2877d95adbf2f297762f71fb7b,6e938dfcd266a2b0eac811d7ea7eabbd5b217965f88efa81371465134dbcab11,2026-07-15T18:50:13.215171+00:00,8o8-arch,7.0.12-arch1-1,AMD Ryzen 9 3900X 12-Core Processor,"logical=24,cores=12,sockets=1,nodes=1",performance,rustc 1.97.0 (2d8144b78 2026-07-07),22.1.6,cargo 1.97.0 (c980f4866 2026-06-30),"release,lto=thin,debug=true",/home/bob/.cache/mess-bench,/dev/nvme0n1p3,ext4,/home,Samsung SSD 970 EVO Plus 2TB,[none] mq-deadline kyber bfq,249458266112,4096,1024,payload[i]=(i*131+17)&0xff,3.48828125,accepted,,64,128,0,175,bytes,123200,112000,33689600,175,0,0,128,0,0,3439231,3472667,18990,23910,28540,3.490,3.490
e000475,exploratory,pwritev_full_8m,candidate,1,3,ABBA,pwritev_full_8m,process,250,10,64,4,new_name,synthetic_sweep,1,54215100a825da9eb7cfbd8f045e54ef05fb29bd,false,1b36f48efea63210dfeeee7270dea968ab5ba58da27f90aa42845eb8a64a6649,12b1dafe765a77d1a17115b0ae12cff973f20ed7d6d770fbd790695fe081288e,0e4833553be7825885da5ea99bceab292cc8abee6414d58b31864afe8ca9f944,c89b17de3d4d36a4e106517b0737619bd65f0e2877d95adbf2f297762f71fb7b,6e938dfcd266a2b0eac811d7ea7eabbd5b217965f88efa81371465134dbcab11,2026-07-15T18:50:14.246277+00:00,8o8-arch,7.0.12-arch1-1,AMD Ryzen 9 3900X 12-Core Processor,"logical=24,cores=12,sockets=1,nodes=1",performance,rustc 1.97.0 (2d8144b78 2026-07-07),22.1.6,cargo 1.97.0 (c980f4866 2026-06-30),"release,lto=thin,debug=true",/home/bob/.cache/mess-bench,/dev/nvme0n1p3,ext4,/home,Samsung SSD 970 EVO Plus 2TB,[none] mq-deadline kyber bfq,249458266112,4096,1024,payload[i]=(i*131+17)&0xff,3.48828125,accepted,,64,128,0,175,bytes,123200,112000,33689600,175,0,0,128,0,0,3343241,3381128,18460,23250,27570,3.490,3.490
e000476,exploratory,pwritev_full_8m,baseline,1,4,ABBA,k_pwrite,process,250,10,64,4,new_name,synthetic_sweep,1,54215100a825da9eb7cfbd8f045e54ef05fb29bd,false,1b36f48efea63210dfeeee7270dea968ab5ba58da27f90aa42845eb8a64a6649,12b1dafe765a77d1a17115b0ae12cff973f20ed7d6d770fbd790695fe081288e,0e4833553be7825885da5ea99bceab292cc8abee6414d58b31864afe8ca9f944,c89b17de3d4d36a4e106517b0737619bd65f0e2877d95adbf2f297762f71fb7b,6e938dfcd266a2b0eac811d7ea7eabbd5b217965f88efa81371465134dbcab11,2026-07-15T18:50:15.276166+00:00,8o8-arch,7.0.12-arch1-1,AMD Ryzen 9 3900X 12-Core Processor,"logical=24,cores=12,sockets=1,nodes=1",performance,rustc 1.97.0 (2d8144b78 2026-07-07),22.1.6,cargo 1.97.0 (c980f4866 2026-06-30),"release,lto=thin,debug=true",/home/bob/.cache/mess-bench,/dev/nvme0n1p3,ext4,/home,Samsung SSD 970 EVO Plus 2TB,[none] mq-deadline kyber bfq,249458262016,4096,1024,payload[i]=(i*131+17)&0xff,3.48828125,accepted,,64,128,0,175,bytes,123200,112000,33689600,22400,0,0,0,0,0,24326286,24679762,119400,147750,923310,3.490,3.490
e000477,exploratory,pwritev_64_8m,candidate,1,1,BAAB,pwritev_64_8m,process,250,10,64,4,new_name,synthetic_sweep,1,54215100a825da9eb7cfbd8f045e54ef05fb29bd,false,1b36f48efea63210dfeeee7270dea968ab5ba58da27f90aa42845eb8a64a6649,12b1dafe765a77d1a17115b0ae12cff973f20ed7d6d770fbd790695fe081288e,0e4833553be7825885da5ea99bceab292cc8abee6414d58b31864afe8ca9f944,c89b17de3d4d36a4e106517b0737619bd65f0e2877d95adbf2f297762f71fb7b,6e938dfcd266a2b0eac811d7ea7eabbd5b217965f88efa81371465134dbcab11,2026-07-15T18:50:16.302901+00:00,8o8-arch,7.0.12-arch1-1,AMD Ryzen 9 3900X 12-Core Processor,"logical=24,cores=12,sockets=1,nodes=1",performance,rustc 1.97.0 (2d8144b78 2026-07-07),22.1.6,cargo 1.97.0 (c980f4866 2026-06-30),"release,lto=thin,debug=true",/home/bob/.cache/mess-bench,/dev/nvme0n1p3,ext4,/home,Samsung SSD 970 EVO Plus 2TB,[none] mq-deadline kyber bfq,249458262016,4096,1024,payload[i]=(i*131+17)&0xff,3.36865234375,accepted,,64,128,0,175,bytes,123200,112000,33689600,350,0,0,64,0,0,3587491,3623947,19730,25880,30970,3.370,3.370
e000478,exploratory,pwritev_64_8m,baseline,1,2,BAAB,k_pwrite,process,250,10,64,4,new_name,synthetic_sweep,1,54215100a825da9eb7cfbd8f045e54ef05fb29bd,false,1b36f48efea63210dfeeee7270dea968ab5ba58da27f90aa42845eb8a64a6649,12b1dafe765a77d1a17115b0ae12cff973f20ed7d6d770fbd790695fe081288e,0e4833553be7825885da5ea99bceab292cc8abee6414d58b31864afe8ca9f944,c89b17de3d4d36a4e106517b0737619bd65f0e2877d95adbf2f297762f71fb7b,6e938dfcd266a2b0eac811d7ea7eabbd5b217965f88efa81371465134dbcab11,2026-07-15T18:50:17.335683+00:00,8o8-arch,7.0.12-arch1-1,AMD Ryzen 9 3900X 12-Core Processor,"logical=24,cores=12,sockets=1,nodes=1",performance,rustc 1.97.0 (2d8144b78 2026-07-07),22.1.6,cargo 1.97.0 (c980f4866 2026-06-30),"release,lto=thin,debug=true",/home/bob/.cache/mess-bench,/dev/nvme0n1p3,ext4,/home,Samsung SSD 970 EVO Plus 2TB,[none] mq-deadline kyber bfq,249458253824,4096,1024,payload[i]=(i*131+17)&0xff,3.36865234375,accepted,,64,128,0,175,bytes,123200,112000,33689600,22400,0,0,0,0,0,21157325,21341154,118210,143330,158640,3.370,3.370
e000479,exploratory,pwritev_64_8m,baseline,1,3,BAAB,k_pwrite,process,250,10,64,4,new_name,synthetic_sweep,1,54215100a825da9eb7cfbd8f045e54ef05fb29bd,false,1b36f48efea63210dfeeee7270dea968ab5ba58da27f90aa42845eb8a64a6649,12b1dafe765a77d1a17115b0ae12cff973f20ed7d6d770fbd790695fe081288e,0e4833553be7825885da5ea99bceab292cc8abee6414d58b31864afe8ca9f944,c89b17de3d4d36a4e106517b0737619bd65f0e2877d95adbf2f297762f71fb7b,6e938dfcd266a2b0eac811d7ea7eabbd5b217965f88efa81371465134dbcab11,2026-07-15T18:50:18.363865+00:00,8o8-arch,7.0.12-arch1-1,AMD Ryzen 9 3900X 12-Core Processor,"logical=24,cores=12,sockets=1,nodes=1",performance,rustc 1.97.0 (2d8144b78 2026-07-07),22.1.6,cargo 1.97.0 (c980f4866 2026-06-30),"release,lto=thin,debug=true",/home/bob/.cache/mess-bench,/dev/nvme0n1p3,ext4,/home,Samsung SSD 970 EVO Plus 2TB,[none] mq-deadline kyber bfq,249458253824,4096,1024,payload[i]=(i*131+17)&0xff,3.36865234375,accepted,,64,128,0,175,bytes,123200,112000,33689600,22400,0,0,0,0,0,21535906,21739464,120390,142100,149270,3.370,3.370
e000480,exploratory,pwritev_64_8m,candidate,1,4,BAAB,pwritev_64_8m,process,250,10,64,4,new_name,synthetic_sweep,1,54215100a825da9eb7cfbd8f045e54ef05fb29bd,false,1b36f48efea63210dfeeee7270dea968ab5ba58da27f90aa42845eb8a64a6649,12b1dafe765a77d1a17115b0ae12cff973f20ed7d6d770fbd790695fe081288e,0e4833553be7825885da5ea99bceab292cc8abee6414d58b31864afe8ca9f944,c89b17de3d4d36a4e106517b0737619bd65f0e2877d95adbf2f297762f71fb7b,6e938dfcd266a2b0eac811d7ea7eabbd5b217965f88efa81371465134dbcab11,2026-07-15T18:50:19.393357+00:00,8o8-arch,7.0.12-arch1-1,AMD Ryzen 9 3900X 12-Core Processor,"logical=24,cores=12,sockets=1,nodes=1",performance,rustc 1.97.0 (2d8144b78 2026-07-07),22.1.6,cargo 1.97.0 (c980f4866 2026-06-30),"release,lto=thin,debug=true",/home/bob/.cache/mess-bench,/dev/nvme0n1p3,ext4,/home,Samsung SSD 970 EVO Plus 2TB,[none] mq-deadline kyber bfq,249458253824,4096,1024,payload[i]=(i*131+17)&0xff,3.36865234375,accepted,,64,128,0,175,bytes,123200,112000,33689600,350,0,0,64,0,0,6132562,6198905,22320,34180,425060,3.370,3.370
e000481,exploratory,copy_contiguous,baseline,1,1,ABBA,k_pwrite,process,250,10,64,4,new_name,synthetic_sweep,1,54215100a825da9eb7cfbd8f045e54ef05fb29bd,false,1b36f48efea63210dfeeee7270dea968ab5ba58da27f90aa42845eb8a64a6649,12b1dafe765a77d1a17115b0ae12cff973f20ed7d6d770fbd790695fe081288e,0e4833553be7825885da5ea99bceab292cc8abee6414d58b31864afe8ca9f944,c89b17de3d4d36a4e106517b0737619bd65f0e2877d95adbf2f297762f71fb7b,6e938dfcd266a2b0eac811d7ea7eabbd5b217965f88efa81371465134dbcab11,2026-07-15T18:50:20.423711+00:00,8o8-arch,7.0.12-arch1-1,AMD Ryzen 9 3900X 12-Core Processor,"logical=24,cores=12,sockets=1,nodes=1",performance,rustc 1.97.0 (2d8144b78 2026-07-07),22.1.6,cargo 1.97.0 (c980f4866 2026-06-30),"release,lto=thin,debug=true",/home/bob/.cache/mess-bench,/dev/nvme0n1p3,ext4,/home,Samsung SSD 970 EVO Plus 2TB,[none] mq-deadline kyber bfq,249458249728,4096,1024,payload[i]=(i*131+17)&0xff,3.36865234375,accepted,,64,128,0,175,bytes,123200,112000,33689600,22400,0,0,0,0,0,24053277,24847782,119630,140490,220730,3.370,3.370
e000482,exploratory,copy_contiguous,candidate,1,2,ABBA,copy_contiguous,process,250,10,64,4,new_name,synthetic_sweep,1,54215100a825da9eb7cfbd8f045e54ef05fb29bd,false,1b36f48efea63210dfeeee7270dea968ab5ba58da27f90aa42845eb8a64a6649,12b1dafe765a77d1a17115b0ae12cff973f20ed7d6d770fbd790695fe081288e,0e4833553be7825885da5ea99bceab292cc8abee6414d58b31864afe8ca9f944,c89b17de3d4d36a4e106517b0737619bd65f0e2877d95adbf2f297762f71fb7b,6e938dfcd266a2b0eac811d7ea7eabbd5b217965f88efa81371465134dbcab11,2026-07-15T18:50:21.451897+00:00,8o8-arch,7.0.12-arch1-1,AMD Ryzen 9 3900X 12-Core Processor,"logical=24,cores=12,sockets=1,nodes=1",performance,rustc 1.97.0 (2d8144b78 2026-07-07),22.1.6,cargo 1.97.0 (c980f4866 2026-06-30),"release,lto=thin,debug=true",/home/bob/.cache/mess-bench,/dev/nvme0n1p3,ext4,/home,Samsung SSD 970 EVO Plus 2TB,[none] mq-deadline kyber bfq,249458241536,4096,1024,payload[i]=(i*131+17)&0xff,4.86083984375,accepted,,64,128,0,175,bytes,123200,112000,33689600,175,0,0,0,33689600,0,5066251,5122666,27910,36029,42340,4.860,4.860
e000483,exploratory,copy_contiguous,candidate,1,3,ABBA,copy_contiguous,process,250,10,64,4,new_name,synthetic_sweep,1,54215100a825da9eb7cfbd8f045e54ef05fb29bd,false,1b36f48efea63210dfeeee7270dea968ab5ba58da27f90aa42845eb8a64a6649,12b1dafe765a77d1a17115b0ae12cff973f20ed7d6d770fbd790695fe081288e,0e4833553be7825885da5ea99bceab292cc8abee6414d58b31864afe8ca9f944,c89b17de3d4d36a4e106517b0737619bd65f0e2877d95adbf2f297762f71fb7b,6e938dfcd266a2b0eac811d7ea7eabbd5b217965f88efa81371465134dbcab11,2026-07-15T18:50:22.481336+00:00,8o8-arch,7.0.12-arch1-1,AMD Ryzen 9 3900X 12-Core Processor,"logical=24,cores=12,sockets=1,nodes=1",performance,rustc 1.97.0 (2d8144b78 2026-07-07),22.1.6,cargo 1.97.0 (c980f4866 2026-06-30),"release,lto=thin,debug=true",/home/bob/.cache/mess-bench,/dev/nvme0n1p3,ext4,/home,Samsung SSD 970 EVO Plus 2TB,[none] mq-deadline kyber bfq,249458237440,4096,1024,payload[i]=(i*131+17)&0xff,4.86083984375,accepted,,64,128,0,175,bytes,123200,112000,33689600,175,0,0,0,33689600,0,4947991,5146627,27130,40520,55300,4.860,4.860
e000484,exploratory,copy_contiguous,baseline,1,4,ABBA,k_pwrite,process,250,10,64,4,new_name,synthetic_sweep,1,54215100a825da9eb7cfbd8f045e54ef05fb29bd,false,1b36f48efea63210dfeeee7270dea968ab5ba58da27f90aa42845eb8a64a6649,12b1dafe765a77d1a17115b0ae12cff973f20ed7d6d770fbd790695fe081288e,0e4833553be7825885da5ea99bceab292cc8abee6414d58b31864afe8ca9f944,c89b17de3d4d36a4e106517b0737619bd65f0e2877d95adbf2f297762f71fb7b,6e938dfcd266a2b0eac811d7ea7eabbd5b217965f88efa81371465134dbcab11,2026-07-15T18:50:23.512230+00:00,8o8-arch,7.0.12-arch1-1,AMD Ryzen 9 3900X 12-Core Processor,"logical=24,cores=12,sockets=1,nodes=1",performance,rustc 1.97.0 (2d8144b78 2026-07-07),22.1.6,cargo 1.97.0 (c980f4866 2026-06-30),"release,lto=thin,debug=true",/home/bob/.cache/mess-bench,/dev/nvme0n1p3,ext4,/home,Samsung SSD 970 EVO Plus 2TB,[none] mq-deadline kyber bfq,249458204672,4096,1024,payload[i]=(i*131+17)&0xff,4.86083984375,accepted,,64,128,0,175,bytes,123200,112000,33689600,22400,0,0,0,0,0,23890626,24093263,120840,152040,162320,4.860,4.860
e000485,exploratory,pwritev_full_8m,candidate,1,1,BAAB,pwritev_full_8m,process,250,10,256,4,domain,synthetic_sweep,1,54215100a825da9eb7cfbd8f045e54ef05fb29bd,false,1b36f48efea63210dfeeee7270dea968ab5ba58da27f90aa42845eb8a64a6649,12b1dafe765a77d1a17115b0ae12cff973f20ed7d6d770fbd790695fe081288e,0e4833553be7825885da5ea99bceab292cc8abee6414d58b31864afe8ca9f944,c89b17de3d4d36a4e106517b0737619bd65f0e2877d95adbf2f297762f71fb7b,6e938dfcd266a2b0eac811d7ea7eabbd5b217965f88efa81371465134dbcab11,2026-07-15T18:50:24.543258+00:00,8o8-arch,7.0.12-arch1-1,AMD Ryzen 9 3900X 12-Core Processor,"logical=24,cores=12,sockets=1,nodes=1",performance,rustc 1.97.0 (2d8144b78 2026-07-07),22.1.6,cargo 1.97.0 (c980f4866 2026-06-30),"release,lto=thin,debug=true",/home/bob/.cache/mess-bench,/dev/nvme0n1p3,ext4,/home,Samsung SSD 970 EVO Plus 2TB,[none] mq-deadline kyber bfq,249458233344,4096,1024,payload[i]=(i*131+17)&0xff,4.86083984375,accepted,,256,256,0,46,bytes,117760,117760,33773568,46,0,0,256,0,0,3011721,3040658,63700,74560,108670,4.860,4.860
e000486,exploratory,pwritev_full_8m,baseline,1,2,BAAB,k_pwrite,process,250,10,256,4,domain,synthetic_sweep,1,54215100a825da9eb7cfbd8f045e54ef05fb29bd,false,1b36f48efea63210dfeeee7270dea968ab5ba58da27f90aa42845eb8a64a6649,12b1dafe765a77d1a17115b0ae12cff973f20ed7d6d770fbd790695fe081288e,0e4833553be7825885da5ea99bceab292cc8abee6414d58b31864afe8ca9f944,c89b17de3d4d36a4e106517b0737619bd65f0e2877d95adbf2f297762f71fb7b,6e938dfcd266a2b0eac811d7ea7eabbd5b217965f88efa81371465134dbcab11,2026-07-15T18:50:25.577697+00:00,8o8-arch,7.0.12-arch1-1,AMD Ryzen 9 3900X 12-Core Processor,"logical=24,cores=12,sockets=1,nodes=1",performance,rustc 1.97.0 (2d8144b78 2026-07-07),22.1.6,cargo 1.97.0 (c980f4866 2026-06-30),"release,lto=thin,debug=true",/home/bob/.cache/mess-bench,/dev/nvme0n1p3,ext4,/home,Samsung SSD 970 EVO Plus 2TB,[none] mq-deadline kyber bfq,249458229248,4096,1024,payload[i]=(i*131+17)&0xff,4.86083984375,accepted,,256,256,0,46,bytes,117760,117760,33773568,11776,0,0,0,0,0,13870413,13968790,301260,331550,340970,4.860,4.860
e000487,exploratory,pwritev_full_8m,baseline,1,3,BAAB,k_pwrite,process,250,10,256,4,domain,synthetic_sweep,1,54215100a825da9eb7cfbd8f045e54ef05fb29bd,false,1b36f48efea63210dfeeee7270dea968ab5ba58da27f90aa42845eb8a64a6649,12b1dafe765a77d1a17115b0ae12cff973f20ed7d6d770fbd790695fe081288e,0e4833553be7825885da5ea99bceab292cc8abee6414d58b31864afe8ca9f944,c89b17de3d4d36a4e106517b0737619bd65f0e2877d95adbf2f297762f71fb7b,6e938dfcd266a2b0eac811d7ea7eabbd5b217965f88efa81371465134dbcab11,2026-07-15T18:50:26.607889+00:00,8o8-arch,7.0.12-arch1-1,AMD Ryzen 9 3900X 12-Core Processor,"logical=24,cores=12,sockets=1,nodes=1",performance,rustc 1.97.0 (2d8144b78 2026-07-07),22.1.6,cargo 1.97.0 (c980f4866 2026-06-30),"release,lto=thin,debug=true",/home/bob/.cache/mess-bench,/dev/nvme0n1p3,ext4,/home,Samsung SSD 970 EVO Plus 2TB,[none] mq-deadline kyber bfq,249458229248,4096,1024,payload[i]=(i*131+17)&0xff,4.63134765625,accepted,,256,256,0,46,bytes,117760,117760,33773568,11776,0,0,0,0,0,15958934,16074918,304049,376520,1965708,4.630,4.630
e000488,exploratory,pwritev_full_8m,candidate,1,4,BAAB,pwritev_full_8m,process,250,10,256,4,domain,synthetic_sweep,1,54215100a825da9eb7cfbd8f045e54ef05fb29bd,false,1b36f48efea63210dfeeee7270dea968ab5ba58da27f90aa42845eb8a64a6649,12b1dafe765a77d1a17115b0ae12cff973f20ed7d6d770fbd790695fe081288e,0e4833553be7825885da5ea99bceab292cc8abee6414d58b31864afe8ca9f944,c89b17de3d4d36a4e106517b0737619bd65f0e2877d95adbf2f297762f71fb7b,6e938dfcd266a2b0eac811d7ea7eabbd5b217965f88efa81371465134dbcab11,2026-07-15T18:50:27.640301+00:00,8o8-arch,7.0.12-arch1-1,AMD Ryzen 9 3900X 12-Core Processor,"logical=24,cores=12,sockets=1,nodes=1",performance,rustc 1.97.0 (2d8144b78 2026-07-07),22.1.6,cargo 1.97.0 (c980f4866 2026-06-30),"release,lto=thin,debug=true",/home/bob/.cache/mess-bench,/dev/nvme0n1p3,ext4,/home,Samsung SSD 970 EVO Plus 2TB,[none] mq-deadline kyber bfq,249458229248,4096,1024,payload[i]=(i*131+17)&0xff,4.63134765625,accepted,,256,256,0,46,bytes,117760,117760,33773568,46,0,0,256,0,0,2995901,3020378,63100,72600,107060,4.630,4.630
e000489,exploratory,pwritev_64_8m,baseline,1,1,ABBA,k_pwrite,process,250,10,256,4,domain,synthetic_sweep,1,54215100a825da9eb7cfbd8f045e54ef05fb29bd,false,1b36f48efea63210dfeeee7270dea968ab5ba58da27f90aa42845eb8a64a6649,12b1dafe765a77d1a17115b0ae12cff973f20ed7d6d770fbd790695fe081288e,0e4833553be7825885da5ea99bceab292cc8abee6414d58b31864afe8ca9f944,c89b17de3d4d36a4e106517b0737619bd65f0e2877d95adbf2f297762f71fb7b,6e938dfcd266a2b0eac811d7ea7eabbd5b217965f88efa81371465134dbcab11,2026-07-15T18:50:28.661381+00:00,8o8-arch,7.0.12-arch1-1,AMD Ryzen 9 3900X 12-Core Processor,"logical=24,cores=12,sockets=1,nodes=1",performance,rustc 1.97.0 (2d8144b78 2026-07-07),22.1.6,cargo 1.97.0 (c980f4866 2026-06-30),"release,lto=thin,debug=true",/home/bob/.cache/mess-bench,/dev/nvme0n1p3,ext4,/home,Samsung SSD 970 EVO Plus 2TB,[none] mq-deadline kyber bfq,249458216960,4096,1024,payload[i]=(i*131+17)&0xff,4.63134765625,accepted,,256,256,0,46,bytes,117760,117760,33773568,11776,0,0,0,0,0,13759083,13890560,299589,335160,357060,4.630,4.630
e000490,exploratory,pwritev_64_8m,candidate,1,2,ABBA,pwritev_64_8m,process,250,10,256,4,domain,synthetic_sweep,1,54215100a825da9eb7cfbd8f045e54ef05fb29bd,false,1b36f48efea63210dfeeee7270dea968ab5ba58da27f90aa42845eb8a64a6649,12b1dafe765a77d1a17115b0ae12cff973f20ed7d6d770fbd790695fe081288e,0e4833553be7825885da5ea99bceab292cc8abee6414d58b31864afe8ca9f944,c89b17de3d4d36a4e106517b0737619bd65f0e2877d95adbf2f297762f71fb7b,6e938dfcd266a2b0eac811d7ea7eabbd5b217965f88efa81371465134dbcab11,2026-07-15T18:50:29.690794+00:00,8o8-arch,7.0.12-arch1-1,AMD Ryzen 9 3900X 12-Core Processor,"logical=24,cores=12,sockets=1,nodes=1",performance,rustc 1.97.0 (2d8144b78 2026-07-07),22.1.6,cargo 1.97.0 (c980f4866 2026-06-30),"release,lto=thin,debug=true",/home/bob/.cache/mess-bench,/dev/nvme0n1p3,ext4,/home,Samsung SSD 970 EVO Plus 2TB,[none] mq-deadline kyber bfq,249458208768,4096,1024,payload[i]=(i*131+17)&0xff,4.63134765625,accepted,,256,256,0,46,bytes,117760,117760,33773568,184,0,0,64,0,0,3340451,3372038,72330,80920,90270,4.630,4.630
e000491,exploratory,pwritev_64_8m,candidate,1,3,ABBA,pwritev_64_8m,process,250,10,256,4,domain,synthetic_sweep,1,54215100a825da9eb7cfbd8f045e54ef05fb29bd,false,1b36f48efea63210dfeeee7270dea968ab5ba58da27f90aa42845eb8a64a6649,12b1dafe765a77d1a17115b0ae12cff973f20ed7d6d770fbd790695fe081288e,0e4833553be7825885da5ea99bceab292cc8abee6414d58b31864afe8ca9f944,c89b17de3d4d36a4e106517b0737619bd65f0e2877d95adbf2f297762f71fb7b,6e938dfcd266a2b0eac811d7ea7eabbd5b217965f88efa81371465134dbcab11,2026-07-15T18:50:30.711868+00:00,8o8-arch,7.0.12-arch1-1,AMD Ryzen 9 3900X 12-Core Processor,"logical=24,cores=12,sockets=1,nodes=1",performance,rustc 1.97.0 (2d8144b78 2026-07-07),22.1.6,cargo 1.97.0 (c980f4866 2026-06-30),"release,lto=thin,debug=true",/home/bob/.cache/mess-bench,/dev/nvme0n1p3,ext4,/home,Samsung SSD 970 EVO Plus 2TB,[none] mq-deadline kyber bfq,249458204672,4096,1024,payload[i]=(i*131+17)&0xff,4.63134765625,accepted,,256,256,0,46,bytes,117760,117760,33773568,184,0,0,64,0,0,3492800,3516788,73970,87160,96890,4.630,4.630
e000492,exploratory,pwritev_64_8m,baseline,1,4,ABBA,k_pwrite,process,250,10,256,4,domain,synthetic_sweep,1,54215100a825da9eb7cfbd8f045e54ef05fb29bd,false,1b36f48efea63210dfeeee7270dea968ab5ba58da27f90aa42845eb8a64a6649,12b1dafe765a77d1a17115b0ae12cff973f20ed7d6d770fbd790695fe081288e,0e4833553be7825885da5ea99bceab292cc8abee6414d58b31864afe8ca9f944,c89b17de3d4d36a4e106517b0737619bd65f0e2877d95adbf2f297762f71fb7b,6e938dfcd266a2b0eac811d7ea7eabbd5b217965f88efa81371465134dbcab11,2026-07-15T18:50:31.741219+00:00,8o8-arch,7.0.12-arch1-1,AMD Ryzen 9 3900X 12-Core Processor,"logical=24,cores=12,sockets=1,nodes=1",performance,rustc 1.97.0 (2d8144b78 2026-07-07),22.1.6,cargo 1.97.0 (c980f4866 2026-06-30),"release,lto=thin,debug=true",/home/bob/.cache/mess-bench,/dev/nvme0n1p3,ext4,/home,Samsung SSD 970 EVO Plus 2TB,[none] mq-deadline kyber bfq,249458204672,4096,1024,payload[i]=(i*131+17)&0xff,4.34033203125,accepted,,256,256,0,46,bytes,117760,117760,33773568,11776,0,0,0,0,0,13802314,13900780,299149,321200,354599,4.340,4.340
e000493,exploratory,copy_contiguous,candidate,1,1,BAAB,copy_contiguous,process,250,10,256,4,domain,synthetic_sweep,1,54215100a825da9eb7cfbd8f045e54ef05fb29bd,false,1b36f48efea63210dfeeee7270dea968ab5ba58da27f90aa42845eb8a64a6649,12b1dafe765a77d1a17115b0ae12cff973f20ed7d6d770fbd790695fe081288e,0e4833553be7825885da5ea99bceab292cc8abee6414d58b31864afe8ca9f944,c89b17de3d4d36a4e106517b0737619bd65f0e2877d95adbf2f297762f71fb7b,6e938dfcd266a2b0eac811d7ea7eabbd5b217965f88efa81371465134dbcab11,2026-07-15T18:50:32.770754+00:00,8o8-arch,7.0.12-arch1-1,AMD Ryzen 9 3900X 12-Core Processor,"logical=24,cores=12,sockets=1,nodes=1",performance,rustc 1.97.0 (2d8144b78 2026-07-07),22.1.6,cargo 1.97.0 (c980f4866 2026-06-30),"release,lto=thin,debug=true",/home/bob/.cache/mess-bench,/dev/nvme0n1p3,ext4,/home,Samsung SSD 970 EVO Plus 2TB,[none] mq-deadline kyber bfq,249458200576,4096,1024,payload[i]=(i*131+17)&0xff,4.34033203125,accepted,,256,256,0,46,bytes,117760,117760,33773568,46,0,0,0,33773568,0,5173801,5219966,110239,119330,159880,4.340,4.340
e000494,exploratory,copy_contiguous,baseline,1,2,BAAB,k_pwrite,process,250,10,256,4,domain,synthetic_sweep,1,54215100a825da9eb7cfbd8f045e54ef05fb29bd,false,1b36f48efea63210dfeeee7270dea968ab5ba58da27f90aa42845eb8a64a6649,12b1dafe765a77d1a17115b0ae12cff973f20ed7d6d770fbd790695fe081288e,0e4833553be7825885da5ea99bceab292cc8abee6414d58b31864afe8ca9f944,c89b17de3d4d36a4e106517b0737619bd65f0e2877d95adbf2f297762f71fb7b,6e938dfcd266a2b0eac811d7ea7eabbd5b217965f88efa81371465134dbcab11,2026-07-15T18:50:33.798858+00:00,8o8-arch,7.0.12-arch1-1,AMD Ryzen 9 3900X 12-Core Processor,"logical=24,cores=12,sockets=1,nodes=1",performance,rustc 1.97.0 (2d8144b78 2026-07-07),22.1.6,cargo 1.97.0 (c980f4866 2026-06-30),"release,lto=thin,debug=true",/home/bob/.cache/mess-bench,/dev/nvme0n1p3,ext4,/home,Samsung SSD 970 EVO Plus 2TB,[none] mq-deadline kyber bfq,249458196480,4096,1024,payload[i]=(i*131+17)&0xff,4.34033203125,accepted,,256,256,0,46,bytes,117760,117760,33773568,11776,0,0,0,0,0,13666184,13735800,296750,306420,315990,4.340,4.340
e000495,exploratory,copy_contiguous,baseline,1,3,BAAB,k_pwrite,process,250,10,256,4,domain,synthetic_sweep,1,54215100a825da9eb7cfbd8f045e54ef05fb29bd,false,1b36f48efea63210dfeeee7270dea968ab5ba58da27f90aa42845eb8a64a6649,12b1dafe765a77d1a17115b0ae12cff973f20ed7d6d770fbd790695fe081288e,0e4833553be7825885da5ea99bceab292cc8abee6414d58b31864afe8ca9f944,c89b17de3d4d36a4e106517b0737619bd65f0e2877d95adbf2f297762f71fb7b,6e938dfcd266a2b0eac811d7ea7eabbd5b217965f88efa81371465134dbcab11,2026-07-15T18:50:34.826235+00:00,8o8-arch,7.0.12-arch1-1,AMD Ryzen 9 3900X 12-Core Processor,"logical=24,cores=12,sockets=1,nodes=1",performance,rustc 1.97.0 (2d8144b78 2026-07-07),22.1.6,cargo 1.97.0 (c980f4866 2026-06-30),"release,lto=thin,debug=true",/home/bob/.cache/mess-bench,/dev/nvme0n1p3,ext4,/home,Samsung SSD 970 EVO Plus 2TB,[none] mq-deadline kyber bfq,249458196480,4096,1024,payload[i]=(i*131+17)&0xff,4.34033203125,accepted,,256,256,0,46,bytes,117760,117760,33773568,11776,0,0,0,0,0,13932683,14042610,299410,354590,367699,4.340,4.340
e000496,exploratory,copy_contiguous,candidate,1,4,BAAB,copy_contiguous,process,250,10,256,4,domain,synthetic_sweep,1,54215100a825da9eb7cfbd8f045e54ef05fb29bd,false,1b36f48efea63210dfeeee7270dea968ab5ba58da27f90aa42845eb8a64a6649,12b1dafe765a77d1a17115b0ae12cff973f20ed7d6d770fbd790695fe081288e,0e4833553be7825885da5ea99bceab292cc8abee6414d58b31864afe8ca9f944,c89b17de3d4d36a4e106517b0737619bd65f0e2877d95adbf2f297762f71fb7b,6e938dfcd266a2b0eac811d7ea7eabbd5b217965f88efa81371465134dbcab11,2026-07-15T18:50:35.854453+00:00,8o8-arch,7.0.12-arch1-1,AMD Ryzen 9 3900X 12-Core Processor,"logical=24,cores=12,sockets=1,nodes=1",performance,rustc 1.97.0 (2d8144b78 2026-07-07),22.1.6,cargo 1.97.0 (c980f4866 2026-06-30),"release,lto=thin,debug=true",/home/bob/.cache/mess-bench,/dev/nvme0n1p3,ext4,/home,Samsung SSD 970 EVO Plus 2TB,[none] mq-deadline kyber bfq,249458204672,4096,1024,payload[i]=(i*131+17)&0xff,4.34033203125,accepted,,256,256,0,46,bytes,117760,117760,33773568,46,0,0,0,33773568,0,5158531,5189017,111480,122730,131010,4.340,4.340
e000497,exploratory,pwritev_full_8m,baseline,1,1,ABBA,k_pwrite,process,250,10,256,4,new_name,synthetic_sweep,1,54215100a825da9eb7cfbd8f045e54ef05fb29bd,false,1b36f48efea63210dfeeee7270dea968ab5ba58da27f90aa42845eb8a64a6649,12b1dafe765a77d1a17115b0ae12cff973f20ed7d6d770fbd790695fe081288e,0e4833553be7825885da5ea99bceab292cc8abee6414d58b31864afe8ca9f944,c89b17de3d4d36a4e106517b0737619bd65f0e2877d95adbf2f297762f71fb7b,6e938dfcd266a2b0eac811d7ea7eabbd5b217965f88efa81371465134dbcab11,2026-07-15T18:50:36.882463+00:00,8o8-arch,7.0.12-arch1-1,AMD Ryzen 9 3900X 12-Core Processor,"logical=24,cores=12,sockets=1,nodes=1",performance,rustc 1.97.0 (2d8144b78 2026-07-07),22.1.6,cargo 1.97.0 (c980f4866 2026-06-30),"release,lto=thin,debug=true",/home/bob/.cache/mess-bench,/dev/nvme0n1p3,ext4,/home,Samsung SSD 970 EVO Plus 2TB,[none] mq-deadline kyber bfq,249458196480,4096,1024,payload[i]=(i*131+17)&0xff,3.99267578125,accepted,,256,512,0,44,bytes,123904,112640,33882112,22528,0,0,0,0,0,22535096,22701693,493379,619869,628040,3.990,3.990
e000498,exploratory,pwritev_full_8m,candidate,1,2,ABBA,pwritev_full_8m,process,250,10,256,4,new_name,synthetic_sweep,1,54215100a825da9eb7cfbd8f045e54ef05fb29bd,false,1b36f48efea63210dfeeee7270dea968ab5ba58da27f90aa42845eb8a64a6649,12b1dafe765a77d1a17115b0ae12cff973f20ed7d6d770fbd790695fe081288e,0e4833553be7825885da5ea99bceab292cc8abee6414d58b31864afe8ca9f944,c89b17de3d4d36a4e106517b0737619bd65f0e2877d95adbf2f297762f71fb7b,6e938dfcd266a2b0eac811d7ea7eabbd5b217965f88efa81371465134dbcab11,2026-07-15T18:50:37.910830+00:00,8o8-arch,7.0.12-arch1-1,AMD Ryzen 9 3900X 12-Core Processor,"logical=24,cores=12,sockets=1,nodes=1",performance,rustc 1.97.0 (2d8144b78 2026-07-07),22.1.6,cargo 1.97.0 (c980f4866 2026-06-30),"release,lto=thin,debug=true",/home/bob/.cache/mess-bench,/dev/nvme0n1p3,ext4,/home,Samsung SSD 970 EVO Plus 2TB,[none] mq-deadline kyber bfq,249458147328,4096,1024,payload[i]=(i*131+17)&0xff,3.99267578125,accepted,,256,512,0,44,bytes,123904,112640,33882112,44,0,0,512,0,0,3337901,3367677,75360,84880,88950,3.990,3.990
e000499,exploratory,pwritev_full_8m,candidate,1,3,ABBA,pwritev_full_8m,process,250,10,256,4,new_name,synthetic_sweep,1,54215100a825da9eb7cfbd8f045e54ef05fb29bd,false,1b36f48efea63210dfeeee7270dea968ab5ba58da27f90aa42845eb8a64a6649,12b1dafe765a77d1a17115b0ae12cff973f20ed7d6d770fbd790695fe081288e,0e4833553be7825885da5ea99bceab292cc8abee6414d58b31864afe8ca9f944,c89b17de3d4d36a4e106517b0737619bd65f0e2877d95adbf2f297762f71fb7b,6e938dfcd266a2b0eac811d7ea7eabbd5b217965f88efa81371465134dbcab11,2026-07-15T18:50:38.940467+00:00,8o8-arch,7.0.12-arch1-1,AMD Ryzen 9 3900X 12-Core Processor,"logical=24,cores=12,sockets=1,nodes=1",performance,rustc 1.97.0 (2d8144b78 2026-07-07),22.1.6,cargo 1.97.0 (c980f4866 2026-06-30),"release,lto=thin,debug=true",/home/bob/.cache/mess-bench,/dev/nvme0n1p3,ext4,/home,Samsung SSD 970 EVO Plus 2TB,[none] mq-deadline kyber bfq,249458122752,4096,1024,payload[i]=(i*131+17)&0xff,3.99267578125,accepted,,256,512,0,44,bytes,123904,112640,33882112,44,0,0,512,0,0,3382491,3401827,76200,83070,86590,3.990,3.990
e000500,exploratory,pwritev_full_8m,baseline,1,4,ABBA,k_pwrite,process,250,10,256,4,new_name,synthetic_sweep,1,54215100a825da9eb7cfbd8f045e54ef05fb29bd,false,1b36f48efea63210dfeeee7270dea968ab5ba58da27f90aa42845eb8a64a6649,12b1dafe765a77d1a17115b0ae12cff973f20ed7d6d770fbd790695fe081288e,0e4833553be7825885da5ea99bceab292cc8abee6414d58b31864afe8ca9f944,c89b17de3d4d36a4e106517b0737619bd65f0e2877d95adbf2f297762f71fb7b,6e938dfcd266a2b0eac811d7ea7eabbd5b217965f88efa81371465134dbcab11,2026-07-15T18:50:39.973290+00:00,8o8-arch,7.0.12-arch1-1,AMD Ryzen 9 3900X 12-Core Processor,"logical=24,cores=12,sockets=1,nodes=1",performance,rustc 1.97.0 (2d8144b78 2026-07-07),22.1.6,cargo 1.97.0 (c980f4866 2026-06-30),"release,lto=thin,debug=true",/home/bob/.cache/mess-bench,/dev/nvme0n1p3,ext4,/home,Samsung SSD 970 EVO Plus 2TB,[none] mq-deadline kyber bfq,249458122752,4096,1024,payload[i]=(i*131+17)&0xff,3.99267578125,accepted,,256,512,0,44,bytes,123904,112640,33882112,22528,0,0,0,0,0,24327096,24522642,493749,549330,2568828,3.990,3.990
e000501,exploratory,pwritev_256_8m,candidate,1,1,BAAB,pwritev_256_8m,process,250,10,256,4,new_name,synthetic_sweep,1,54215100a825da9eb7cfbd8f045e54ef05fb29bd,false,1b36f48efea63210dfeeee7270dea968ab5ba58da27f90aa42845eb8a64a6649,12b1dafe765a77d1a17115b0ae12cff973f20ed7d6d770fbd790695fe081288e,0e4833553be7825885da5ea99bceab292cc8abee6414d58b31864afe8ca9f944,c89b17de3d4d36a4e106517b0737619bd65f0e2877d95adbf2f297762f71fb7b,6e938dfcd266a2b0eac811d7ea7eabbd5b217965f88efa81371465134dbcab11,2026-07-15T18:50:41.004686+00:00,8o8-arch,7.0.12-arch1-1,AMD Ryzen 9 3900X 12-Core Processor,"logical=24,cores=12,sockets=1,nodes=1",performance,rustc 1.97.0 (2d8144b78 2026-07-07),22.1.6,cargo 1.97.0 (c980f4866 2026-06-30),"release,lto=thin,debug=true",/home/bob/.cache/mess-bench,/dev/nvme0n1p3,ext4,/home,Samsung SSD 970 EVO Plus 2TB,[none] mq-deadline kyber bfq,249458114560,4096,1024,payload[i]=(i*131+17)&0xff,3.99365234375,accepted,,256,512,0,44,bytes,123904,112640,33882112,88,0,0,256,0,0,3617621,3652077,80590,93780,95920,3.990,3.990
e000502,exploratory,pwritev_256_8m,baseline,1,2,BAAB,k_pwrite,process,250,10,256,4,new_name,synthetic_sweep,1,54215100a825da9eb7cfbd8f045e54ef05fb29bd,false,1b36f48efea63210dfeeee7270dea968ab5ba58da27f90aa42845eb8a64a6649,12b1dafe765a77d1a17115b0ae12cff973f20ed7d6d770fbd790695fe081288e,0e4833553be7825885da5ea99bceab292cc8abee6414d58b31864afe8ca9f944,c89b17de3d4d36a4e106517b0737619bd65f0e2877d95adbf2f297762f71fb7b,6e938dfcd266a2b0eac811d7ea7eabbd5b217965f88efa81371465134dbcab11,2026-07-15T18:50:42.036601+00:00,8o8-arch,7.0.12-arch1-1,AMD Ryzen 9 3900X 12-Core Processor,"logical=24,cores=12,sockets=1,nodes=1",performance,rustc 1.97.0 (2d8144b78 2026-07-07),22.1.6,cargo 1.97.0 (c980f4866 2026-06-30),"release,lto=thin,debug=true",/home/bob/.cache/mess-bench,/dev/nvme0n1p3,ext4,/home,Samsung SSD 970 EVO Plus 2TB,[none] mq-deadline kyber bfq,249458110464,4096,1024,payload[i]=(i*131+17)&0xff,3.99365234375,accepted,,256,512,0,44,bytes,123904,112640,33882112,22528,0,0,0,0,0,21663396,21854835,493209,527409,557049,3.990,3.990
e000503,exploratory,pwritev_256_8m,baseline,1,3,BAAB,k_pwrite,process,250,10,256,4,new_name,synthetic_sweep,1,54215100a825da9eb7cfbd8f045e54ef05fb29bd,false,1b36f48efea63210dfeeee7270dea968ab5ba58da27f90aa42845eb8a64a6649,12b1dafe765a77d1a17115b0ae12cff973f20ed7d6d770fbd790695fe081288e,0e4833553be7825885da5ea99bceab292cc8abee6414d58b31864afe8ca9f944,c89b17de3d4d36a4e106517b0737619bd65f0e2877d95adbf2f297762f71fb7b,6e938dfcd266a2b0eac811d7ea7eabbd5b217965f88efa81371465134dbcab11,2026-07-15T18:50:43.060610+00:00,8o8-arch,7.0.12-arch1-1,AMD Ryzen 9 3900X 12-Core Processor,"logical=24,cores=12,sockets=1,nodes=1",performance,rustc 1.97.0 (2d8144b78 2026-07-07),22.1.6,cargo 1.97.0 (c980f4866 2026-06-30),"release,lto=thin,debug=true",/home/bob/.cache/mess-bench,/dev/nvme0n1p3,ext4,/home,Samsung SSD 970 EVO Plus 2TB,[none] mq-deadline kyber bfq,249458044928,4096,1024,payload[i]=(i*131+17)&0xff,3.99365234375,accepted,,256,512,0,44,bytes,123904,112640,33882112,22528,0,0,0,0,0,29994818,30189718,497049,2413428,3713057,3.990,3.990
e000504,exploratory,pwritev_256_8m,candidate,1,4,BAAB,pwritev_256_8m,process,250,10,256,4,new_name,synthetic_sweep,1,54215100a825da9eb7cfbd8f045e54ef05fb29bd,false,1b36f48efea63210dfeeee7270dea968ab5ba58da27f90aa42845eb8a64a6649,12b1dafe765a77d1a17115b0ae12cff973f20ed7d6d770fbd790695fe081288e,0e4833553be7825885da5ea99bceab292cc8abee6414d58b31864afe8ca9f944,c89b17de3d4d36a4e106517b0737619bd65f0e2877d95adbf2f297762f71fb7b,6e938dfcd266a2b0eac811d7ea7eabbd5b217965f88efa81371465134dbcab11,2026-07-15T18:50:44.089974+00:00,8o8-arch,7.0.12-arch1-1,AMD Ryzen 9 3900X 12-Core Processor,"logical=24,cores=12,sockets=1,nodes=1",performance,rustc 1.97.0 (2d8144b78 2026-07-07),22.1.6,cargo 1.97.0 (c980f4866 2026-06-30),"release,lto=thin,debug=true",/home/bob/.cache/mess-bench,/dev/nvme0n1p3,ext4,/home,Samsung SSD 970 EVO Plus 2TB,[none] mq-deadline kyber bfq,249458044928,4096,1024,payload[i]=(i*131+17)&0xff,3.99365234375,accepted,,256,512,0,44,bytes,123904,112640,33882112,88,0,0,256,0,0,3587651,3626367,81240,90460,99740,3.990,3.990
e000505,exploratory,pwritev_64_8m,baseline,1,1,ABBA,k_pwrite,process,250,10,256,4,new_name,synthetic_sweep,1,54215100a825da9eb7cfbd8f045e54ef05fb29bd,false,1b36f48efea63210dfeeee7270dea968ab5ba58da27f90aa42845eb8a64a6649,12b1dafe765a77d1a17115b0ae12cff973f20ed7d6d770fbd790695fe081288e,0e4833553be7825885da5ea99bceab292cc8abee6414d58b31864afe8ca9f944,c89b17de3d4d36a4e106517b0737619bd65f0e2877d95adbf2f297762f71fb7b,6e938dfcd266a2b0eac811d7ea7eabbd5b217965f88efa81371465134dbcab11,2026-07-15T18:50:45.121361+00:00,8o8-arch,7.0.12-arch1-1,AMD Ryzen 9 3900X 12-Core Processor,"logical=24,cores=12,sockets=1,nodes=1",performance,rustc 1.97.0 (2d8144b78 2026-07-07),22.1.6,cargo 1.97.0 (c980f4866 2026-06-30),"release,lto=thin,debug=true",/home/bob/.cache/mess-bench,/dev/nvme0n1p3,ext4,/home,Samsung SSD 970 EVO Plus 2TB,[none] mq-deadline kyber bfq,249458040832,4096,1024,payload[i]=(i*131+17)&0xff,3.99365234375,accepted,,256,512,0,44,bytes,123904,112640,33882112,22528,0,0,0,0,0,25139086,25340892,500630,559539,3115657,3.990,3.990
e000506,exploratory,pwritev_64_8m,candidate,1,2,ABBA,pwritev_64_8m,process,250,10,256,4,new_name,synthetic_sweep,1,54215100a825da9eb7cfbd8f045e54ef05fb29bd,false,1b36f48efea63210dfeeee7270dea968ab5ba58da27f90aa42845eb8a64a6649,12b1dafe765a77d1a17115b0ae12cff973f20ed7d6d770fbd790695fe081288e,0e4833553be7825885da5ea99bceab292cc8abee6414d58b31864afe8ca9f944,c89b17de3d4d36a4e106517b0737619bd65f0e2877d95adbf2f297762f71fb7b,6e938dfcd266a2b0eac811d7ea7eabbd5b217965f88efa81371465134dbcab11,2026-07-15T18:50:46.149322+00:00,8o8-arch,7.0.12-arch1-1,AMD Ryzen 9 3900X 12-Core Processor,"logical=24,cores=12,sockets=1,nodes=1",performance,rustc 1.97.0 (2d8144b78 2026-07-07),22.1.6,cargo 1.97.0 (c980f4866 2026-06-30),"release,lto=thin,debug=true",/home/bob/.cache/mess-bench,/dev/nvme0n1p3,ext4,/home,Samsung SSD 970 EVO Plus 2TB,[none] mq-deadline kyber bfq,249458036736,4096,1024,payload[i]=(i*131+17)&0xff,3.9140625,accepted,,256,512,0,44,bytes,123904,112640,33882112,352,0,0,64,0,0,7224921,8265824,99040,132990,3720137,3.910,3.910
e000507,exploratory,pwritev_64_8m,candidate,1,3,ABBA,pwritev_64_8m,process,250,10,256,4,new_name,synthetic_sweep,1,54215100a825da9eb7cfbd8f045e54ef05fb29bd,false,1b36f48efea63210dfeeee7270dea968ab5ba58da27f90aa42845eb8a64a6649,12b1dafe765a77d1a17115b0ae12cff973f20ed7d6d770fbd790695fe081288e,0e4833553be7825885da5ea99bceab292cc8abee6414d58b31864afe8ca9f944,c89b17de3d4d36a4e106517b0737619bd65f0e2877d95adbf2f297762f71fb7b,6e938dfcd266a2b0eac811d7ea7eabbd5b217965f88efa81371465134dbcab11,2026-07-15T18:50:47.180799+00:00,8o8-arch,7.0.12-arch1-1,AMD Ryzen 9 3900X 12-Core Processor,"logical=24,cores=12,sockets=1,nodes=1",performance,rustc 1.97.0 (2d8144b78 2026-07-07),22.1.6,cargo 1.97.0 (c980f4866 2026-06-30),"release,lto=thin,debug=true",/home/bob/.cache/mess-bench,/dev/nvme0n1p3,ext4,/home,Samsung SSD 970 EVO Plus 2TB,[none] mq-deadline kyber bfq,249458032640,4096,1024,payload[i]=(i*131+17)&0xff,3.9140625,accepted,,256,512,0,44,bytes,123904,112640,33882112,352,0,0,64,0,0,4277871,4306837,95740,109169,114629,3.910,3.910
e000508,exploratory,pwritev_64_8m,baseline,1,4,ABBA,k_pwrite,process,250,10,256,4,new_name,synthetic_sweep,1,54215100a825da9eb7cfbd8f045e54ef05fb29bd,false,1b36f48efea63210dfeeee7270dea968ab5ba58da27f90aa42845eb8a64a6649,12b1dafe765a77d1a17115b0ae12cff973f20ed7d6d770fbd790695fe081288e,0e4833553be7825885da5ea99bceab292cc8abee6414d58b31864afe8ca9f944,c89b17de3d4d36a4e106517b0737619bd65f0e2877d95adbf2f297762f71fb7b,6e938dfcd266a2b0eac811d7ea7eabbd5b217965f88efa81371465134dbcab11,2026-07-15T18:50:48.209577+00:00,8o8-arch,7.0.12-arch1-1,AMD Ryzen 9 3900X 12-Core Processor,"logical=24,cores=12,sockets=1,nodes=1",performance,rustc 1.97.0 (2d8144b78 2026-07-07),22.1.6,cargo 1.97.0 (c980f4866 2026-06-30),"release,lto=thin,debug=true",/home/bob/.cache/mess-bench,/dev/nvme0n1p3,ext4,/home,Samsung SSD 970 EVO Plus 2TB,[none] mq-deadline kyber bfq,249458028544,4096,1024,payload[i]=(i*131+17)&0xff,3.9140625,accepted,,256,512,0,44,bytes,123904,112640,33882112,22528,0,0,0,0,0,23413246,23733713,499190,572429,1882028,3.910,3.910
e000509,exploratory,copy_contiguous,candidate,1,1,BAAB,copy_contiguous,process,250,10,256,4,new_name,synthetic_sweep,1,54215100a825da9eb7cfbd8f045e54ef05fb29bd,false,1b36f48efea63210dfeeee7270dea968ab5ba58da27f90aa42845eb8a64a6649,12b1dafe765a77d1a17115b0ae12cff973f20ed7d6d770fbd790695fe081288e,0e4833553be7825885da5ea99bceab292cc8abee6414d58b31864afe8ca9f944,c89b17de3d4d36a4e106517b0737619bd65f0e2877d95adbf2f297762f71fb7b,6e938dfcd266a2b0eac811d7ea7eabbd5b217965f88efa81371465134dbcab11,2026-07-15T18:50:49.241124+00:00,8o8-arch,7.0.12-arch1-1,AMD Ryzen 9 3900X 12-Core Processor,"logical=24,cores=12,sockets=1,nodes=1",performance,rustc 1.97.0 (2d8144b78 2026-07-07),22.1.6,cargo 1.97.0 (c980f4866 2026-06-30),"release,lto=thin,debug=true",/home/bob/.cache/mess-bench,/dev/nvme0n1p3,ext4,/home,Samsung SSD 970 EVO Plus 2TB,[none] mq-deadline kyber bfq,249458020352,4096,1024,payload[i]=(i*131+17)&0xff,3.9140625,accepted,,256,512,0,44,bytes,123904,112640,33882112,44,0,0,0,33882112,0,5217311,5248836,118610,126359,135420,3.910,3.910
e000510,exploratory,copy_contiguous,baseline,1,2,BAAB,k_pwrite,process,250,10,256,4,new_name,synthetic_sweep,1,54215100a825da9eb7cfbd8f045e54ef05fb29bd,false,1b36f48efea63210dfeeee7270dea968ab5ba58da27f90aa42845eb8a64a6649,12b1dafe765a77d1a17115b0ae12cff973f20ed7d6d770fbd790695fe081288e,0e4833553be7825885da5ea99bceab292cc8abee6414d58b31864afe8ca9f944,c89b17de3d4d36a4e106517b0737619bd65f0e2877d95adbf2f297762f71fb7b,6e938dfcd266a2b0eac811d7ea7eabbd5b217965f88efa81371465134dbcab11,2026-07-15T18:50:50.269895+00:00,8o8-arch,7.0.12-arch1-1,AMD Ryzen 9 3900X 12-Core Processor,"logical=24,cores=12,sockets=1,nodes=1",performance,rustc 1.97.0 (2d8144b78 2026-07-07),22.1.6,cargo 1.97.0 (c980f4866 2026-06-30),"release,lto=thin,debug=true",/home/bob/.cache/mess-bench,/dev/nvme0n1p3,ext4,/home,Samsung SSD 970 EVO Plus 2TB,[none] mq-deadline kyber bfq,249458020352,4096,1024,payload[i]=(i*131+17)&0xff,3.9140625,accepted,,256,512,0,44,bytes,123904,112640,33882112,22528,0,0,0,0,0,23737935,25407191,496880,543479,3900827,3.910,3.910
e000511,exploratory,copy_contiguous,baseline,1,3,BAAB,k_pwrite,process,250,10,256,4,new_name,synthetic_sweep,1,54215100a825da9eb7cfbd8f045e54ef05fb29bd,false,1b36f48efea63210dfeeee7270dea968ab5ba58da27f90aa42845eb8a64a6649,12b1dafe765a77d1a17115b0ae12cff973f20ed7d6d770fbd790695fe081288e,0e4833553be7825885da5ea99bceab292cc8abee6414d58b31864afe8ca9f944,c89b17de3d4d36a4e106517b0737619bd65f0e2877d95adbf2f297762f71fb7b,6e938dfcd266a2b0eac811d7ea7eabbd5b217965f88efa81371465134dbcab11,2026-07-15T18:50:51.302234+00:00,8o8-arch,7.0.12-arch1-1,AMD Ryzen 9 3900X 12-Core Processor,"logical=24,cores=12,sockets=1,nodes=1",performance,rustc 1.97.0 (2d8144b78 2026-07-07),22.1.6,cargo 1.97.0 (c980f4866 2026-06-30),"release,lto=thin,debug=true",/home/bob/.cache/mess-bench,/dev/nvme0n1p3,ext4,/home,Samsung SSD 970 EVO Plus 2TB,[none] mq-deadline kyber bfq,249458020352,4096,1024,payload[i]=(i*131+17)&0xff,3.6005859375,accepted,,256,512,0,44,bytes,123904,112640,33882112,22528,0,0,0,0,0,24738856,24930332,496159,543149,3473278,3.600,3.600
e000512,exploratory,copy_contiguous,candidate,1,4,BAAB,copy_contiguous,process,250,10,256,4,new_name,synthetic_sweep,1,54215100a825da9eb7cfbd8f045e54ef05fb29bd,false,1b36f48efea63210dfeeee7270dea968ab5ba58da27f90aa42845eb8a64a6649,12b1dafe765a77d1a17115b0ae12cff973f20ed7d6d770fbd790695fe081288e,0e4833553be7825885da5ea99bceab292cc8abee6414d58b31864afe8ca9f944,c89b17de3d4d36a4e106517b0737619bd65f0e2877d95adbf2f297762f71fb7b,6e938dfcd266a2b0eac811d7ea7eabbd5b217965f88efa81371465134dbcab11,2026-07-15T18:50:52.326649+00:00,8o8-arch,7.0.12-arch1-1,AMD Ryzen 9 3900X 12-Core Processor,"logical=24,cores=12,sockets=1,nodes=1",performance,rustc 1.97.0 (2d8144b78 2026-07-07),22.1.6,cargo 1.97.0 (c980f4866 2026-06-30),"release,lto=thin,debug=true",/home/bob/.cache/mess-bench,/dev/nvme0n1p3,ext4,/home,Samsung SSD 970 EVO Plus 2TB,[none] mq-deadline kyber bfq,249458020352,4096,1024,payload[i]=(i*131+17)&0xff,3.6005859375,accepted,,256,512,0,44,bytes,123904,112640,33882112,44,0,0,0,33882112,0,5188111,5223806,116080,129260,133860,3.600,3.600
e000513,exploratory,pwritev_full_8m,baseline,1,1,ABBA,k_pwrite,process,250,10,1024,4,domain,synthetic_sweep,1,54215100a825da9eb7cfbd8f045e54ef05fb29bd,false,1b36f48efea63210dfeeee7270dea968ab5ba58da27f90aa42845eb8a64a6649,12b1dafe765a77d1a17115b0ae12cff973f20ed7d6d770fbd790695fe081288e,0e4833553be7825885da5ea99bceab292cc8abee6414d58b31864afe8ca9f944,c89b17de3d4d36a4e106517b0737619bd65f0e2877d95adbf2f297762f71fb7b,6e938dfcd266a2b0eac811d7ea7eabbd5b217965f88efa81371465134dbcab11,2026-07-15T18:50:53.351727+00:00,8o8-arch,7.0.12-arch1-1,AMD Ryzen 9 3900X 12-Core Processor,"logical=24,cores=12,sockets=1,nodes=1",performance,rustc 1.97.0 (2d8144b78 2026-07-07),22.1.6,cargo 1.97.0 (c980f4866 2026-06-30),"release,lto=thin,debug=true",/home/bob/.cache/mess-bench,/dev/nvme0n1p3,ext4,/home,Samsung SSD 970 EVO Plus 2TB,[none] mq-deadline kyber bfq,249458008064,4096,1024,payload[i]=(i*131+17)&0xff,3.6005859375,accepted,,1024,1024,0,12,bytes,122880,122880,35241984,12288,0,0,0,0,0,14850764,14985449,1239989,1279959,1378829,3.600,3.600
e000514,exploratory,pwritev_full_8m,candidate,1,2,ABBA,pwritev_full_8m,process,250,10,1024,4,domain,synthetic_sweep,1,54215100a825da9eb7cfbd8f045e54ef05fb29bd,false,1b36f48efea63210dfeeee7270dea968ab5ba58da27f90aa42845eb8a64a6649,12b1dafe765a77d1a17115b0ae12cff973f20ed7d6d770fbd790695fe081288e,0e4833553be7825885da5ea99bceab292cc8abee6414d58b31864afe8ca9f944,c89b17de3d4d36a4e106517b0737619bd65f0e2877d95adbf2f297762f71fb7b,6e938dfcd266a2b0eac811d7ea7eabbd5b217965f88efa81371465134dbcab11,2026-07-15T18:50:54.379498+00:00,8o8-arch,7.0.12-arch1-1,AMD Ryzen 9 3900X 12-Core Processor,"logical=24,cores=12,sockets=1,nodes=1",performance,rustc 1.97.0 (2d8144b78 2026-07-07),22.1.6,cargo 1.97.0 (c980f4866 2026-06-30),"release,lto=thin,debug=true",/home/bob/.cache/mess-bench,/dev/nvme0n1p3,ext4,/home,Samsung SSD 970 EVO Plus 2TB,[none] mq-deadline kyber bfq,249458008064,4096,1024,payload[i]=(i*131+17)&0xff,3.6005859375,accepted,,1024,1024,0,12,bytes,122880,122880,35241984,12,0,0,1024,0,0,2794460,2812688,235640,243819,252640,3.600,3.600
e000515,exploratory,pwritev_full_8m,candidate,1,3,ABBA,pwritev_full_8m,process,250,10,1024,4,domain,synthetic_sweep,1,54215100a825da9eb7cfbd8f045e54ef05fb29bd,false,1b36f48efea63210dfeeee7270dea968ab5ba58da27f90aa42845eb8a64a6649,12b1dafe765a77d1a17115b0ae12cff973f20ed7d6d770fbd790695fe081288e,0e4833553be7825885da5ea99bceab292cc8abee6414d58b31864afe8ca9f944,c89b17de3d4d36a4e106517b0737619bd65f0e2877d95adbf2f297762f71fb7b,6e938dfcd266a2b0eac811d7ea7eabbd5b217965f88efa81371465134dbcab11,2026-07-15T18:50:55.414563+00:00,8o8-arch,7.0.12-arch1-1,AMD Ryzen 9 3900X 12-Core Processor,"logical=24,cores=12,sockets=1,nodes=1",performance,rustc 1.97.0 (2d8144b78 2026-07-07),22.1.6,cargo 1.97.0 (c980f4866 2026-06-30),"release,lto=thin,debug=true",/home/bob/.cache/mess-bench,/dev/nvme0n1p3,ext4,/home,Samsung SSD 970 EVO Plus 2TB,[none] mq-deadline kyber bfq,249458003968,4096,1024,payload[i]=(i*131+17)&0xff,3.6005859375,accepted,,1024,1024,0,12,bytes,122880,122880,35241984,12,0,0,1024,0,0,2859711,2882408,240560,246669,251410,3.600,3.600
e000516,exploratory,pwritev_full_8m,baseline,1,4,ABBA,k_pwrite,process,250,10,1024,4,domain,synthetic_sweep,1,54215100a825da9eb7cfbd8f045e54ef05fb29bd,false,1b36f48efea63210dfeeee7270dea968ab5ba58da27f90aa42845eb8a64a6649,12b1dafe765a77d1a17115b0ae12cff973f20ed7d6d770fbd790695fe081288e,0e4833553be7825885da5ea99bceab292cc8abee6414d58b31864afe8ca9f944,c89b17de3d4d36a4e106517b0737619bd65f0e2877d95adbf2f297762f71fb7b,6e938dfcd266a2b0eac811d7ea7eabbd5b217965f88efa81371465134dbcab11,2026-07-15T18:50:56.442984+00:00,8o8-arch,7.0.12-arch1-1,AMD Ryzen 9 3900X 12-Core Processor,"logical=24,cores=12,sockets=1,nodes=1",performance,rustc 1.97.0 (2d8144b78 2026-07-07),22.1.6,cargo 1.97.0 (c980f4866 2026-06-30),"release,lto=thin,debug=true",/home/bob/.cache/mess-bench,/dev/nvme0n1p3,ext4,/home,Samsung SSD 970 EVO Plus 2TB,[none] mq-deadline kyber bfq,249458003968,4096,1024,payload[i]=(i*131+17)&0xff,3.55224609375,accepted,,1024,1024,0,12,bytes,122880,122880,35241984,12288,0,0,0,0,0,14921293,15045959,1233699,1359199,1387618,3.550,3.550
e000517,exploratory,pwritev_256_8m,candidate,1,1,BAAB,pwritev_256_8m,process,250,10,1024,4,domain,synthetic_sweep,1,54215100a825da9eb7cfbd8f045e54ef05fb29bd,false,1b36f48efea63210dfeeee7270dea968ab5ba58da27f90aa42845eb8a64a6649,12b1dafe765a77d1a17115b0ae12cff973f20ed7d6d770fbd790695fe081288e,0e4833553be7825885da5ea99bceab292cc8abee6414d58b31864afe8ca9f944,c89b17de3d4d36a4e106517b0737619bd65f0e2877d95adbf2f297762f71fb7b,6e938dfcd266a2b0eac811d7ea7eabbd5b217965f88efa81371465134dbcab11,2026-07-15T18:50:57.475697+00:00,8o8-arch,7.0.12-arch1-1,AMD Ryzen 9 3900X 12-Core Processor,"logical=24,cores=12,sockets=1,nodes=1",performance,rustc 1.97.0 (2d8144b78 2026-07-07),22.1.6,cargo 1.97.0 (c980f4866 2026-06-30),"release,lto=thin,debug=true",/home/bob/.cache/mess-bench,/dev/nvme0n1p3,ext4,/home,Samsung SSD 970 EVO Plus 2TB,[none] mq-deadline kyber bfq,249457999872,4096,1024,payload[i]=(i*131+17)&0xff,3.55224609375,accepted,,1024,1024,0,12,bytes,122880,122880,35241984,48,0,0,256,0,0,3010151,3040297,250970,268460,270210,3.550,3.550
e000518,exploratory,pwritev_256_8m,baseline,1,2,BAAB,k_pwrite,process,250,10,1024,4,domain,synthetic_sweep,1,54215100a825da9eb7cfbd8f045e54ef05fb29bd,false,1b36f48efea63210dfeeee7270dea968ab5ba58da27f90aa42845eb8a64a6649,12b1dafe765a77d1a17115b0ae12cff973f20ed7d6d770fbd790695fe081288e,0e4833553be7825885da5ea99bceab292cc8abee6414d58b31864afe8ca9f944,c89b17de3d4d36a4e106517b0737619bd65f0e2877d95adbf2f297762f71fb7b,6e938dfcd266a2b0eac811d7ea7eabbd5b217965f88efa81371465134dbcab11,2026-07-15T18:50:58.499696+00:00,8o8-arch,7.0.12-arch1-1,AMD Ryzen 9 3900X 12-Core Processor,"logical=24,cores=12,sockets=1,nodes=1",performance,rustc 1.97.0 (2d8144b78 2026-07-07),22.1.6,cargo 1.97.0 (c980f4866 2026-06-30),"release,lto=thin,debug=true",/home/bob/.cache/mess-bench,/dev/nvme0n1p3,ext4,/home,Samsung SSD 970 EVO Plus 2TB,[none] mq-deadline kyber bfq,249457995776,4096,1024,payload[i]=(i*131+17)&0xff,3.55224609375,accepted,,1024,1024,0,12,bytes,122880,122880,35241984,12288,0,0,0,0,0,14380314,14470150,1205590,1225589,1258649,3.550,3.550
e000519,exploratory,pwritev_256_8m,baseline,1,3,BAAB,k_pwrite,process,250,10,1024,4,domain,synthetic_sweep,1,54215100a825da9eb7cfbd8f045e54ef05fb29bd,false,1b36f48efea63210dfeeee7270dea968ab5ba58da27f90aa42845eb8a64a6649,12b1dafe765a77d1a17115b0ae12cff973f20ed7d6d770fbd790695fe081288e,0e4833553be7825885da5ea99bceab292cc8abee6414d58b31864afe8ca9f944,c89b17de3d4d36a4e106517b0737619bd65f0e2877d95adbf2f297762f71fb7b,6e938dfcd266a2b0eac811d7ea7eabbd5b217965f88efa81371465134dbcab11,2026-07-15T18:50:59.530533+00:00,8o8-arch,7.0.12-arch1-1,AMD Ryzen 9 3900X 12-Core Processor,"logical=24,cores=12,sockets=1,nodes=1",performance,rustc 1.97.0 (2d8144b78 2026-07-07),22.1.6,cargo 1.97.0 (c980f4866 2026-06-30),"release,lto=thin,debug=true",/home/bob/.cache/mess-bench,/dev/nvme0n1p3,ext4,/home,Samsung SSD 970 EVO Plus 2TB,[none] mq-deadline kyber bfq,249457995776,4096,1024,payload[i]=(i*131+17)&0xff,3.55224609375,accepted,,1024,1024,0,12,bytes,122880,122880,35241984,12288,0,0,0,0,0,14439843,14544059,1211270,1244279,1268629,3.550,3.550
e000520,exploratory,pwritev_256_8m,candidate,1,4,BAAB,pwritev_256_8m,process,250,10,1024,4,domain,synthetic_sweep,1,54215100a825da9eb7cfbd8f045e54ef05fb29bd,false,1b36f48efea63210dfeeee7270dea968ab5ba58da27f90aa42845eb8a64a6649,12b1dafe765a77d1a17115b0ae12cff973f20ed7d6d770fbd790695fe081288e,0e4833553be7825885da5ea99bceab292cc8abee6414d58b31864afe8ca9f944,c89b17de3d4d36a4e106517b0737619bd65f0e2877d95adbf2f297762f71fb7b,6e938dfcd266a2b0eac811d7ea7eabbd5b217965f88efa81371465134dbcab11,2026-07-15T18:51:00.551888+00:00,8o8-arch,7.0.12-arch1-1,AMD Ryzen 9 3900X 12-Core Processor,"logical=24,cores=12,sockets=1,nodes=1",performance,rustc 1.97.0 (2d8144b78 2026-07-07),22.1.6,cargo 1.97.0 (c980f4866 2026-06-30),"release,lto=thin,debug=true",/home/bob/.cache/mess-bench,/dev/nvme0n1p3,ext4,/home,Samsung SSD 970 EVO Plus 2TB,[none] mq-deadline kyber bfq,249457991680,4096,1024,payload[i]=(i*131+17)&0xff,3.55224609375,accepted,,1024,1024,0,12,bytes,122880,122880,35241984,48,0,0,256,0,0,3138511,3155358,246080,300049,307630,3.550,3.550
e000521,exploratory,pwritev_64_8m,baseline,1,1,ABBA,k_pwrite,process,250,10,1024,4,domain,synthetic_sweep,1,54215100a825da9eb7cfbd8f045e54ef05fb29bd,false,1b36f48efea63210dfeeee7270dea968ab5ba58da27f90aa42845eb8a64a6649,12b1dafe765a77d1a17115b0ae12cff973f20ed7d6d770fbd790695fe081288e,0e4833553be7825885da5ea99bceab292cc8abee6414d58b31864afe8ca9f944,c89b17de3d4d36a4e106517b0737619bd65f0e2877d95adbf2f297762f71fb7b,6e938dfcd266a2b0eac811d7ea7eabbd5b217965f88efa81371465134dbcab11,2026-07-15T18:51:01.574605+00:00,8o8-arch,7.0.12-arch1-1,AMD Ryzen 9 3900X 12-Core Processor,"logical=24,cores=12,sockets=1,nodes=1",performance,rustc 1.97.0 (2d8144b78 2026-07-07),22.1.6,cargo 1.97.0 (c980f4866 2026-06-30),"release,lto=thin,debug=true",/home/bob/.cache/mess-bench,/dev/nvme0n1p3,ext4,/home,Samsung SSD 970 EVO Plus 2TB,[none] mq-deadline kyber bfq,249457975296,4096,1024,payload[i]=(i*131+17)&0xff,3.34765625,accepted,,1024,1024,0,12,bytes,122880,122880,35241984,12288,0,0,0,0,0,14418284,14500250,1189859,1282379,1321019,3.350,3.350
e000522,exploratory,pwritev_64_8m,candidate,1,2,ABBA,pwritev_64_8m,process,250,10,1024,4,domain,synthetic_sweep,1,54215100a825da9eb7cfbd8f045e54ef05fb29bd,false,1b36f48efea63210dfeeee7270dea968ab5ba58da27f90aa42845eb8a64a6649,12b1dafe765a77d1a17115b0ae12cff973f20ed7d6d770fbd790695fe081288e,0e4833553be7825885da5ea99bceab292cc8abee6414d58b31864afe8ca9f944,c89b17de3d4d36a4e106517b0737619bd65f0e2877d95adbf2f297762f71fb7b,6e938dfcd266a2b0eac811d7ea7eabbd5b217965f88efa81371465134dbcab11,2026-07-15T18:51:02.603696+00:00,8o8-arch,7.0.12-arch1-1,AMD Ryzen 9 3900X 12-Core Processor,"logical=24,cores=12,sockets=1,nodes=1",performance,rustc 1.97.0 (2d8144b78 2026-07-07),22.1.6,cargo 1.97.0 (c980f4866 2026-06-30),"release,lto=thin,debug=true",/home/bob/.cache/mess-bench,/dev/nvme0n1p3,ext4,/home,Samsung SSD 970 EVO Plus 2TB,[none] mq-deadline kyber bfq,249457958912,4096,1024,payload[i]=(i*131+17)&0xff,3.34765625,accepted,,1024,1024,0,12,bytes,122880,122880,35241984,192,0,0,64,0,0,3742611,3796617,295090,386049,396319,3.350,3.350
e000523,exploratory,pwritev_64_8m,candidate,1,3,ABBA,pwritev_64_8m,process,250,10,1024,4,domain,synthetic_sweep,1,54215100a825da9eb7cfbd8f045e54ef05fb29bd,false,1b36f48efea63210dfeeee7270dea968ab5ba58da27f90aa42845eb8a64a6649,12b1dafe765a77d1a17115b0ae12cff973f20ed7d6d770fbd790695fe081288e,0e4833553be7825885da5ea99bceab292cc8abee6414d58b31864afe8ca9f944,c89b17de3d4d36a4e106517b0737619bd65f0e2877d95adbf2f297762f71fb7b,6e938dfcd266a2b0eac811d7ea7eabbd5b217965f88efa81371465134dbcab11,2026-07-15T18:51:03.627824+00:00,8o8-arch,7.0.12-arch1-1,AMD Ryzen 9 3900X 12-Core Processor,"logical=24,cores=12,sockets=1,nodes=1",performance,rustc 1.97.0 (2d8144b78 2026-07-07),22.1.6,cargo 1.97.0 (c980f4866 2026-06-30),"release,lto=thin,debug=true",/home/bob/.cache/mess-bench,/dev/nvme0n1p3,ext4,/home,Samsung SSD 970 EVO Plus 2TB,[none] mq-deadline kyber bfq,249457954816,4096,1024,payload[i]=(i*131+17)&0xff,3.34765625,accepted,,1024,1024,0,12,bytes,122880,122880,35241984,192,0,0,64,0,0,3640841,3674557,293640,327360,403740,3.350,3.350
e000524,exploratory,pwritev_64_8m,baseline,1,4,ABBA,k_pwrite,process,250,10,1024,4,domain,synthetic_sweep,1,54215100a825da9eb7cfbd8f045e54ef05fb29bd,false,1b36f48efea63210dfeeee7270dea968ab5ba58da27f90aa42845eb8a64a6649,12b1dafe765a77d1a17115b0ae12cff973f20ed7d6d770fbd790695fe081288e,0e4833553be7825885da5ea99bceab292cc8abee6414d58b31864afe8ca9f944,c89b17de3d4d36a4e106517b0737619bd65f0e2877d95adbf2f297762f71fb7b,6e938dfcd266a2b0eac811d7ea7eabbd5b217965f88efa81371465134dbcab11,2026-07-15T18:51:04.658952+00:00,8o8-arch,7.0.12-arch1-1,AMD Ryzen 9 3900X 12-Core Processor,"logical=24,cores=12,sockets=1,nodes=1",performance,rustc 1.97.0 (2d8144b78 2026-07-07),22.1.6,cargo 1.97.0 (c980f4866 2026-06-30),"release,lto=thin,debug=true",/home/bob/.cache/mess-bench,/dev/nvme0n1p3,ext4,/home,Samsung SSD 970 EVO Plus 2TB,[none] mq-deadline kyber bfq,249457954816,4096,1024,payload[i]=(i*131+17)&0xff,3.34765625,accepted,,1024,1024,0,12,bytes,122880,122880,35241984,12288,0,0,0,0,0,14800384,14864449,1221319,1228449,1481319,3.350,3.350
e000525,exploratory,copy_contiguous,candidate,1,1,BAAB,copy_contiguous,process,250,10,1024,4,domain,synthetic_sweep,1,54215100a825da9eb7cfbd8f045e54ef05fb29bd,false,1b36f48efea63210dfeeee7270dea968ab5ba58da27f90aa42845eb8a64a6649,12b1dafe765a77d1a17115b0ae12cff973f20ed7d6d770fbd790695fe081288e,0e4833553be7825885da5ea99bceab292cc8abee6414d58b31864afe8ca9f944,c89b17de3d4d36a4e106517b0737619bd65f0e2877d95adbf2f297762f71fb7b,6e938dfcd266a2b0eac811d7ea7eabbd5b217965f88efa81371465134dbcab11,2026-07-15T18:51:05.691292+00:00,8o8-arch,7.0.12-arch1-1,AMD Ryzen 9 3900X 12-Core Processor,"logical=24,cores=12,sockets=1,nodes=1",performance,rustc 1.97.0 (2d8144b78 2026-07-07),22.1.6,cargo 1.97.0 (c980f4866 2026-06-30),"release,lto=thin,debug=true",/home/bob/.cache/mess-bench,/dev/nvme0n1p3,ext4,/home,Samsung SSD 970 EVO Plus 2TB,[none] mq-deadline kyber bfq,249457950720,4096,1024,payload[i]=(i*131+17)&0xff,3.34765625,accepted,,1024,1024,0,12,bytes,122880,122880,35241984,12,0,0,0,35241984,0,5228771,5265646,439850,450039,458470,3.350,3.350
e000526,exploratory,copy_contiguous,baseline,1,2,BAAB,k_pwrite,process,250,10,1024,4,domain,synthetic_sweep,1,54215100a825da9eb7cfbd8f045e54ef05fb29bd,false,1b36f48efea63210dfeeee7270dea968ab5ba58da27f90aa42845eb8a64a6649,12b1dafe765a77d1a17115b0ae12cff973f20ed7d6d770fbd790695fe081288e,0e4833553be7825885da5ea99bceab292cc8abee6414d58b31864afe8ca9f944,c89b17de3d4d36a4e106517b0737619bd65f0e2877d95adbf2f297762f71fb7b,6e938dfcd266a2b0eac811d7ea7eabbd5b217965f88efa81371465134dbcab11,2026-07-15T18:51:06.713763+00:00,8o8-arch,7.0.12-arch1-1,AMD Ryzen 9 3900X 12-Core Processor,"logical=24,cores=12,sockets=1,nodes=1",performance,rustc 1.97.0 (2d8144b78 2026-07-07),22.1.6,cargo 1.97.0 (c980f4866 2026-06-30),"release,lto=thin,debug=true",/home/bob/.cache/mess-bench,/dev/nvme0n1p3,ext4,/home,Samsung SSD 970 EVO Plus 2TB,[none] mq-deadline kyber bfq,249457946624,4096,1024,payload[i]=(i*131+17)&0xff,3.3193359375,accepted,,1024,1024,0,12,bytes,122880,122880,35241984,12288,0,0,0,0,0,17818664,17927357,1216339,1233269,4652597,3.320,3.320
e000527,exploratory,copy_contiguous,baseline,1,3,BAAB,k_pwrite,process,250,10,1024,4,domain,synthetic_sweep,1,54215100a825da9eb7cfbd8f045e54ef05fb29bd,false,1b36f48efea63210dfeeee7270dea968ab5ba58da27f90aa42845eb8a64a6649,12b1dafe765a77d1a17115b0ae12cff973f20ed7d6d770fbd790695fe081288e,0e4833553be7825885da5ea99bceab292cc8abee6414d58b31864afe8ca9f944,c89b17de3d4d36a4e106517b0737619bd65f0e2877d95adbf2f297762f71fb7b,6e938dfcd266a2b0eac811d7ea7eabbd5b217965f88efa81371465134dbcab11,2026-07-15T18:51:07.741350+00:00,8o8-arch,7.0.12-arch1-1,AMD Ryzen 9 3900X 12-Core Processor,"logical=24,cores=12,sockets=1,nodes=1",performance,rustc 1.97.0 (2d8144b78 2026-07-07),22.1.6,cargo 1.97.0 (c980f4866 2026-06-30),"release,lto=thin,debug=true",/home/bob/.cache/mess-bench,/dev/nvme0n1p3,ext4,/home,Samsung SSD 970 EVO Plus 2TB,[none] mq-deadline kyber bfq,249457942528,4096,1024,payload[i]=(i*131+17)&0xff,3.3193359375,accepted,,1024,1024,0,12,bytes,122880,122880,35241984,12288,0,0,0,0,0,14569924,14710009,1212679,1248749,1321318,3.320,3.320
e000528,exploratory,copy_contiguous,candidate,1,4,BAAB,copy_contiguous,process,250,10,1024,4,domain,synthetic_sweep,1,54215100a825da9eb7cfbd8f045e54ef05fb29bd,false,1b36f48efea63210dfeeee7270dea968ab5ba58da27f90aa42845eb8a64a6649,12b1dafe765a77d1a17115b0ae12cff973f20ed7d6d770fbd790695fe081288e,0e4833553be7825885da5ea99bceab292cc8abee6414d58b31864afe8ca9f944,c89b17de3d4d36a4e106517b0737619bd65f0e2877d95adbf2f297762f71fb7b,6e938dfcd266a2b0eac811d7ea7eabbd5b217965f88efa81371465134dbcab11,2026-07-15T18:51:08.766116+00:00,8o8-arch,7.0.12-arch1-1,AMD Ryzen 9 3900X 12-Core Processor,"logical=24,cores=12,sockets=1,nodes=1",performance,rustc 1.97.0 (2d8144b78 2026-07-07),22.1.6,cargo 1.97.0 (c980f4866 2026-06-30),"release,lto=thin,debug=true",/home/bob/.cache/mess-bench,/dev/nvme0n1p3,ext4,/home,Samsung SSD 970 EVO Plus 2TB,[none] mq-deadline kyber bfq,249457930240,4096,1024,payload[i]=(i*131+17)&0xff,3.3193359375,accepted,,1024,1024,0,12,bytes,122880,122880,35241984,12,0,0,0,35241984,0,5416631,5463547,438380,488590,586269,3.320,3.320
e000529,exploratory,pwritev_full_8m,baseline,1,1,ABBA,k_pwrite,process,250,10,1024,4,new_name,synthetic_sweep,1,54215100a825da9eb7cfbd8f045e54ef05fb29bd,false,1b36f48efea63210dfeeee7270dea968ab5ba58da27f90aa42845eb8a64a6649,12b1dafe765a77d1a17115b0ae12cff973f20ed7d6d770fbd790695fe081288e,0e4833553be7825885da5ea99bceab292cc8abee6414d58b31864afe8ca9f944,c89b17de3d4d36a4e106517b0737619bd65f0e2877d95adbf2f297762f71fb7b,6e938dfcd266a2b0eac811d7ea7eabbd5b217965f88efa81371465134dbcab11,2026-07-15T18:51:09.794434+00:00,8o8-arch,7.0.12-arch1-1,AMD Ryzen 9 3900X 12-Core Processor,"logical=24,cores=12,sockets=1,nodes=1",performance,rustc 1.97.0 (2d8144b78 2026-07-07),22.1.6,cargo 1.97.0 (c980f4866 2026-06-30),"release,lto=thin,debug=true",/home/bob/.cache/mess-bench,/dev/nvme0n1p3,ext4,/home,Samsung SSD 970 EVO Plus 2TB,[none] mq-deadline kyber bfq,249457926144,4096,1024,payload[i]=(i*131+17)&0xff,3.3193359375,accepted,,1024,2048,0,11,bytes,123904,112640,33882112,22528,0,0,0,0,0,25247586,25434061,2000798,5288696,5288696,3.320,3.320
e000530,exploratory,pwritev_full_8m,candidate,1,2,ABBA,pwritev_full_8m,process,250,10,1024,4,new_name,synthetic_sweep,1,54215100a825da9eb7cfbd8f045e54ef05fb29bd,false,1b36f48efea63210dfeeee7270dea968ab5ba58da27f90aa42845eb8a64a6649,12b1dafe765a77d1a17115b0ae12cff973f20ed7d6d770fbd790695fe081288e,0e4833553be7825885da5ea99bceab292cc8abee6414d58b31864afe8ca9f944,c89b17de3d4d36a4e106517b0737619bd65f0e2877d95adbf2f297762f71fb7b,6e938dfcd266a2b0eac811d7ea7eabbd5b217965f88efa81371465134dbcab11,2026-07-15T18:51:10.820740+00:00,8o8-arch,7.0.12-arch1-1,AMD Ryzen 9 3900X 12-Core Processor,"logical=24,cores=12,sockets=1,nodes=1",performance,rustc 1.97.0 (2d8144b78 2026-07-07),22.1.6,cargo 1.97.0 (c980f4866 2026-06-30),"release,lto=thin,debug=true",/home/bob/.cache/mess-bench,/dev/nvme0n1p3,ext4,/home,Samsung SSD 970 EVO Plus 2TB,[none] mq-deadline kyber bfq,249457926144,4096,1024,payload[i]=(i*131+17)&0xff,3.3193359375,accepted,,1024,2048,0,11,bytes,123904,112640,33882112,22,0,0,1024,0,0,3251591,3302098,298740,325959,325959,3.320,3.320
e000531,exploratory,pwritev_full_8m,candidate,1,3,ABBA,pwritev_full_8m,process,250,10,1024,4,new_name,synthetic_sweep,1,54215100a825da9eb7cfbd8f045e54ef05fb29bd,false,1b36f48efea63210dfeeee7270dea968ab5ba58da27f90aa42845eb8a64a6649,12b1dafe765a77d1a17115b0ae12cff973f20ed7d6d770fbd790695fe081288e,0e4833553be7825885da5ea99bceab292cc8abee6414d58b31864afe8ca9f944,c89b17de3d4d36a4e106517b0737619bd65f0e2877d95adbf2f297762f71fb7b,6e938dfcd266a2b0eac811d7ea7eabbd5b217965f88efa81371465134dbcab11,2026-07-15T18:51:11.855522+00:00,8o8-arch,7.0.12-arch1-1,AMD Ryzen 9 3900X 12-Core Processor,"logical=24,cores=12,sockets=1,nodes=1",performance,rustc 1.97.0 (2d8144b78 2026-07-07),22.1.6,cargo 1.97.0 (c980f4866 2026-06-30),"release,lto=thin,debug=true",/home/bob/.cache/mess-bench,/dev/nvme0n1p3,ext4,/home,Samsung SSD 970 EVO Plus 2TB,[none] mq-deadline kyber bfq,249457926144,4096,1024,payload[i]=(i*131+17)&0xff,3.29345703125,accepted,,1024,2048,0,11,bytes,123904,112640,33882112,22,0,0,1024,0,0,3169161,3186447,288430,313400,313400,3.290,3.290
e000532,exploratory,pwritev_full_8m,baseline,1,4,ABBA,k_pwrite,process,250,10,1024,4,new_name,synthetic_sweep,1,54215100a825da9eb7cfbd8f045e54ef05fb29bd,false,1b36f48efea63210dfeeee7270dea968ab5ba58da27f90aa42845eb8a64a6649,12b1dafe765a77d1a17115b0ae12cff973f20ed7d6d770fbd790695fe081288e,0e4833553be7825885da5ea99bceab292cc8abee6414d58b31864afe8ca9f944,c89b17de3d4d36a4e106517b0737619bd65f0e2877d95adbf2f297762f71fb7b,6e938dfcd266a2b0eac811d7ea7eabbd5b217965f88efa81371465134dbcab11,2026-07-15T18:51:12.885867+00:00,8o8-arch,7.0.12-arch1-1,AMD Ryzen 9 3900X 12-Core Processor,"logical=24,cores=12,sockets=1,nodes=1",performance,rustc 1.97.0 (2d8144b78 2026-07-07),22.1.6,cargo 1.97.0 (c980f4866 2026-06-30),"release,lto=thin,debug=true",/home/bob/.cache/mess-bench,/dev/nvme0n1p3,ext4,/home,Samsung SSD 970 EVO Plus 2TB,[none] mq-deadline kyber bfq,249457909760,4096,1024,payload[i]=(i*131+17)&0xff,3.29345703125,accepted,,1024,2048,0,11,bytes,123904,112640,33882112,22528,0,0,0,0,0,26084366,26331781,2112769,5364637,5364637,3.290,3.290
e000533,exploratory,pwritev_256_8m,candidate,1,1,BAAB,pwritev_256_8m,process,250,10,1024,4,new_name,synthetic_sweep,1,54215100a825da9eb7cfbd8f045e54ef05fb29bd,false,1b36f48efea63210dfeeee7270dea968ab5ba58da27f90aa42845eb8a64a6649,12b1dafe765a77d1a17115b0ae12cff973f20ed7d6d770fbd790695fe081288e,0e4833553be7825885da5ea99bceab292cc8abee6414d58b31864afe8ca9f944,c89b17de3d4d36a4e106517b0737619bd65f0e2877d95adbf2f297762f71fb7b,6e938dfcd266a2b0eac811d7ea7eabbd5b217965f88efa81371465134dbcab11,2026-07-15T18:51:13.914868+00:00,8o8-arch,7.0.12-arch1-1,AMD Ryzen 9 3900X 12-Core Processor,"logical=24,cores=12,sockets=1,nodes=1",performance,rustc 1.97.0 (2d8144b78 2026-07-07),22.1.6,cargo 1.97.0 (c980f4866 2026-06-30),"release,lto=thin,debug=true",/home/bob/.cache/mess-bench,/dev/nvme0n1p3,ext4,/home,Samsung SSD 970 EVO Plus 2TB,[none] mq-deadline kyber bfq,249457901568,4096,1024,payload[i]=(i*131+17)&0xff,3.29345703125,accepted,,1024,2048,0,11,bytes,123904,112640,33882112,88,0,0,256,0,0,3352741,3369198,303560,317430,317430,3.290,3.290
e000534,exploratory,pwritev_256_8m,baseline,1,2,BAAB,k_pwrite,process,250,10,1024,4,new_name,synthetic_sweep,1,54215100a825da9eb7cfbd8f045e54ef05fb29bd,false,1b36f48efea63210dfeeee7270dea968ab5ba58da27f90aa42845eb8a64a6649,12b1dafe765a77d1a17115b0ae12cff973f20ed7d6d770fbd790695fe081288e,0e4833553be7825885da5ea99bceab292cc8abee6414d58b31864afe8ca9f944,c89b17de3d4d36a4e106517b0737619bd65f0e2877d95adbf2f297762f71fb7b,6e938dfcd266a2b0eac811d7ea7eabbd5b217965f88efa81371465134dbcab11,2026-07-15T18:51:14.948699+00:00,8o8-arch,7.0.12-arch1-1,AMD Ryzen 9 3900X 12-Core Processor,"logical=24,cores=12,sockets=1,nodes=1",performance,rustc 1.97.0 (2d8144b78 2026-07-07),22.1.6,cargo 1.97.0 (c980f4866 2026-06-30),"release,lto=thin,debug=true",/home/bob/.cache/mess-bench,/dev/nvme0n1p3,ext4,/home,Samsung SSD 970 EVO Plus 2TB,[none] mq-deadline kyber bfq,249457901568,4096,1024,payload[i]=(i*131+17)&0xff,3.29345703125,accepted,,1024,2048,0,11,bytes,123904,112640,33882112,22528,0,0,0,0,0,24404546,24602402,2025998,4075817,4075817,3.290,3.290
e000535,exploratory,pwritev_256_8m,baseline,1,3,BAAB,k_pwrite,process,250,10,1024,4,new_name,synthetic_sweep,1,54215100a825da9eb7cfbd8f045e54ef05fb29bd,false,1b36f48efea63210dfeeee7270dea968ab5ba58da27f90aa42845eb8a64a6649,12b1dafe765a77d1a17115b0ae12cff973f20ed7d6d770fbd790695fe081288e,0e4833553be7825885da5ea99bceab292cc8abee6414d58b31864afe8ca9f944,c89b17de3d4d36a4e106517b0737619bd65f0e2877d95adbf2f297762f71fb7b,6e938dfcd266a2b0eac811d7ea7eabbd5b217965f88efa81371465134dbcab11,2026-07-15T18:51:15.984387+00:00,8o8-arch,7.0.12-arch1-1,AMD Ryzen 9 3900X 12-Core Processor,"logical=24,cores=12,sockets=1,nodes=1",performance,rustc 1.97.0 (2d8144b78 2026-07-07),22.1.6,cargo 1.97.0 (c980f4866 2026-06-30),"release,lto=thin,debug=true",/home/bob/.cache/mess-bench,/dev/nvme0n1p3,ext4,/home,Samsung SSD 970 EVO Plus 2TB,[none] mq-deadline kyber bfq,249457897472,4096,1024,payload[i]=(i*131+17)&0xff,3.109375,accepted,,1024,2048,0,11,bytes,123904,112640,33882112,22528,0,0,0,0,0,23643796,23804643,1976869,3966427,3966427,3.110,3.110
e000536,exploratory,pwritev_256_8m,candidate,1,4,BAAB,pwritev_256_8m,process,250,10,1024,4,new_name,synthetic_sweep,1,54215100a825da9eb7cfbd8f045e54ef05fb29bd,false,1b36f48efea63210dfeeee7270dea968ab5ba58da27f90aa42845eb8a64a6649,12b1dafe765a77d1a17115b0ae12cff973f20ed7d6d770fbd790695fe081288e,0e4833553be7825885da5ea99bceab292cc8abee6414d58b31864afe8ca9f944,c89b17de3d4d36a4e106517b0737619bd65f0e2877d95adbf2f297762f71fb7b,6e938dfcd266a2b0eac811d7ea7eabbd5b217965f88efa81371465134dbcab11,2026-07-15T18:51:17.007998+00:00,8o8-arch,7.0.12-arch1-1,AMD Ryzen 9 3900X 12-Core Processor,"logical=24,cores=12,sockets=1,nodes=1",performance,rustc 1.97.0 (2d8144b78 2026-07-07),22.1.6,cargo 1.97.0 (c980f4866 2026-06-30),"release,lto=thin,debug=true",/home/bob/.cache/mess-bench,/dev/nvme0n1p3,ext4,/home,Samsung SSD 970 EVO Plus 2TB,[none] mq-deadline kyber bfq,249457897472,4096,1024,payload[i]=(i*131+17)&0xff,3.109375,accepted,,1024,2048,0,11,bytes,123904,112640,33882112,88,0,0,256,0,0,3560181,3581208,314119,426330,426330,3.110,3.110
e000537,exploratory,pwritev_64_8m,baseline,1,1,ABBA,k_pwrite,process,250,10,1024,4,new_name,synthetic_sweep,1,54215100a825da9eb7cfbd8f045e54ef05fb29bd,false,1b36f48efea63210dfeeee7270dea968ab5ba58da27f90aa42845eb8a64a6649,12b1dafe765a77d1a17115b0ae12cff973f20ed7d6d770fbd790695fe081288e,0e4833553be7825885da5ea99bceab292cc8abee6414d58b31864afe8ca9f944,c89b17de3d4d36a4e106517b0737619bd65f0e2877d95adbf2f297762f71fb7b,6e938dfcd266a2b0eac811d7ea7eabbd5b217965f88efa81371465134dbcab11,2026-07-15T18:51:18.040662+00:00,8o8-arch,7.0.12-arch1-1,AMD Ryzen 9 3900X 12-Core Processor,"logical=24,cores=12,sockets=1,nodes=1",performance,rustc 1.97.0 (2d8144b78 2026-07-07),22.1.6,cargo 1.97.0 (c980f4866 2026-06-30),"release,lto=thin,debug=true",/home/bob/.cache/mess-bench,/dev/nvme0n1p3,ext4,/home,Samsung SSD 970 EVO Plus 2TB,[none] mq-deadline kyber bfq,249457893376,4096,1024,payload[i]=(i*131+17)&0xff,3.109375,accepted,,1024,2048,0,11,bytes,123904,112640,33882112,22528,0,0,0,0,0,23096926,23288303,2063358,2447438,2447438,3.110,3.110
e000538,exploratory,pwritev_64_8m,candidate,1,2,ABBA,pwritev_64_8m,process,250,10,1024,4,new_name,synthetic_sweep,1,54215100a825da9eb7cfbd8f045e54ef05fb29bd,false,1b36f48efea63210dfeeee7270dea968ab5ba58da27f90aa42845eb8a64a6649,12b1dafe765a77d1a17115b0ae12cff973f20ed7d6d770fbd790695fe081288e,0e4833553be7825885da5ea99bceab292cc8abee6414d58b31864afe8ca9f944,c89b17de3d4d36a4e106517b0737619bd65f0e2877d95adbf2f297762f71fb7b,6e938dfcd266a2b0eac811d7ea7eabbd5b217965f88efa81371465134dbcab11,2026-07-15T18:51:19.074606+00:00,8o8-arch,7.0.12-arch1-1,AMD Ryzen 9 3900X 12-Core Processor,"logical=24,cores=12,sockets=1,nodes=1",performance,rustc 1.97.0 (2d8144b78 2026-07-07),22.1.6,cargo 1.97.0 (c980f4866 2026-06-30),"release,lto=thin,debug=true",/home/bob/.cache/mess-bench,/dev/nvme0n1p3,ext4,/home,Samsung SSD 970 EVO Plus 2TB,[none] mq-deadline kyber bfq,249457893376,4096,1024,payload[i]=(i*131+17)&0xff,3.109375,accepted,,1024,2048,0,11,bytes,123904,112640,33882112,352,0,0,64,0,0,7616482,7671635,377060,2765728,2765728,3.110,3.110
e000539,exploratory,pwritev_64_8m,candidate,1,3,ABBA,pwritev_64_8m,process,250,10,1024,4,new_name,synthetic_sweep,1,54215100a825da9eb7cfbd8f045e54ef05fb29bd,false,1b36f48efea63210dfeeee7270dea968ab5ba58da27f90aa42845eb8a64a6649,12b1dafe765a77d1a17115b0ae12cff973f20ed7d6d770fbd790695fe081288e,0e4833553be7825885da5ea99bceab292cc8abee6414d58b31864afe8ca9f944,c89b17de3d4d36a4e106517b0737619bd65f0e2877d95adbf2f297762f71fb7b,6e938dfcd266a2b0eac811d7ea7eabbd5b217965f88efa81371465134dbcab11,2026-07-15T18:51:20.099639+00:00,8o8-arch,7.0.12-arch1-1,AMD Ryzen 9 3900X 12-Core Processor,"logical=24,cores=12,sockets=1,nodes=1",performance,rustc 1.97.0 (2d8144b78 2026-07-07),22.1.6,cargo 1.97.0 (c980f4866 2026-06-30),"release,lto=thin,debug=true",/home/bob/.cache/mess-bench,/dev/nvme0n1p3,ext4,/home,Samsung SSD 970 EVO Plus 2TB,[none] mq-deadline kyber bfq,249457893376,4096,1024,payload[i]=(i*131+17)&0xff,3.109375,accepted,,1024,2048,0,11,bytes,123904,112640,33882112,352,0,0,64,0,0,4513991,4576896,383810,510020,510020,3.110,3.110
e000540,exploratory,pwritev_64_8m,baseline,1,4,ABBA,k_pwrite,process,250,10,1024,4,new_name,synthetic_sweep,1,54215100a825da9eb7cfbd8f045e54ef05fb29bd,false,1b36f48efea63210dfeeee7270dea968ab5ba58da27f90aa42845eb8a64a6649,12b1dafe765a77d1a17115b0ae12cff973f20ed7d6d770fbd790695fe081288e,0e4833553be7825885da5ea99bceab292cc8abee6414d58b31864afe8ca9f944,c89b17de3d4d36a4e106517b0737619bd65f0e2877d95adbf2f297762f71fb7b,6e938dfcd266a2b0eac811d7ea7eabbd5b217965f88efa81371465134dbcab11,2026-07-15T18:51:21.128177+00:00,8o8-arch,7.0.12-arch1-1,AMD Ryzen 9 3900X 12-Core Processor,"logical=24,cores=12,sockets=1,nodes=1",performance,rustc 1.97.0 (2d8144b78 2026-07-07),22.1.6,cargo 1.97.0 (c980f4866 2026-06-30),"release,lto=thin,debug=true",/home/bob/.cache/mess-bench,/dev/nvme0n1p3,ext4,/home,Samsung SSD 970 EVO Plus 2TB,[none] mq-deadline kyber bfq,249457893376,4096,1024,payload[i]=(i*131+17)&0xff,3.82177734375,accepted,,1024,2048,0,11,bytes,123904,112640,33882112,22528,0,0,0,0,0,26226426,26436401,2055739,5579836,5579836,3.820,3.820
e000541,exploratory,copy_contiguous,candidate,1,1,BAAB,copy_contiguous,process,250,10,1024,4,new_name,synthetic_sweep,1,54215100a825da9eb7cfbd8f045e54ef05fb29bd,false,1b36f48efea63210dfeeee7270dea968ab5ba58da27f90aa42845eb8a64a6649,12b1dafe765a77d1a17115b0ae12cff973f20ed7d6d770fbd790695fe081288e,0e4833553be7825885da5ea99bceab292cc8abee6414d58b31864afe8ca9f944,c89b17de3d4d36a4e106517b0737619bd65f0e2877d95adbf2f297762f71fb7b,6e938dfcd266a2b0eac811d7ea7eabbd5b217965f88efa81371465134dbcab11,2026-07-15T18:51:22.160805+00:00,8o8-arch,7.0.12-arch1-1,AMD Ryzen 9 3900X 12-Core Processor,"logical=24,cores=12,sockets=1,nodes=1",performance,rustc 1.97.0 (2d8144b78 2026-07-07),22.1.6,cargo 1.97.0 (c980f4866 2026-06-30),"release,lto=thin,debug=true",/home/bob/.cache/mess-bench,/dev/nvme0n1p3,ext4,/home,Samsung SSD 970 EVO Plus 2TB,[none] mq-deadline kyber bfq,249457881088,4096,1024,payload[i]=(i*131+17)&0xff,3.82177734375,accepted,,1024,2048,0,11,bytes,123904,112640,33882112,11,0,0,0,33882112,0,4995722,5030356,457539,472799,472799,3.820,3.820
e000542,exploratory,copy_contiguous,baseline,1,2,BAAB,k_pwrite,process,250,10,1024,4,new_name,synthetic_sweep,1,54215100a825da9eb7cfbd8f045e54ef05fb29bd,false,1b36f48efea63210dfeeee7270dea968ab5ba58da27f90aa42845eb8a64a6649,12b1dafe765a77d1a17115b0ae12cff973f20ed7d6d770fbd790695fe081288e,0e4833553be7825885da5ea99bceab292cc8abee6414d58b31864afe8ca9f944,c89b17de3d4d36a4e106517b0737619bd65f0e2877d95adbf2f297762f71fb7b,6e938dfcd266a2b0eac811d7ea7eabbd5b217965f88efa81371465134dbcab11,2026-07-15T18:51:23.191632+00:00,8o8-arch,7.0.12-arch1-1,AMD Ryzen 9 3900X 12-Core Processor,"logical=24,cores=12,sockets=1,nodes=1",performance,rustc 1.97.0 (2d8144b78 2026-07-07),22.1.6,cargo 1.97.0 (c980f4866 2026-06-30),"release,lto=thin,debug=true",/home/bob/.cache/mess-bench,/dev/nvme0n1p3,ext4,/home,Samsung SSD 970 EVO Plus 2TB,[none] mq-deadline kyber bfq,249457881088,4096,1024,payload[i]=(i*131+17)&0xff,3.82177734375,accepted,,1024,2048,0,11,bytes,123904,112640,33882112,22528,0,0,0,0,0,26528746,26868251,2106008,5634146,5634146,3.820,3.820
e000543,exploratory,copy_contiguous,baseline,1,3,BAAB,k_pwrite,process,250,10,1024,4,new_name,synthetic_sweep,1,54215100a825da9eb7cfbd8f045e54ef05fb29bd,false,1b36f48efea63210dfeeee7270dea968ab5ba58da27f90aa42845eb8a64a6649,12b1dafe765a77d1a17115b0ae12cff973f20ed7d6d770fbd790695fe081288e,0e4833553be7825885da5ea99bceab292cc8abee6414d58b31864afe8ca9f944,c89b17de3d4d36a4e106517b0737619bd65f0e2877d95adbf2f297762f71fb7b,6e938dfcd266a2b0eac811d7ea7eabbd5b217965f88efa81371465134dbcab11,2026-07-15T18:51:24.217720+00:00,8o8-arch,7.0.12-arch1-1,AMD Ryzen 9 3900X 12-Core Processor,"logical=24,cores=12,sockets=1,nodes=1",performance,rustc 1.97.0 (2d8144b78 2026-07-07),22.1.6,cargo 1.97.0 (c980f4866 2026-06-30),"release,lto=thin,debug=true",/home/bob/.cache/mess-bench,/dev/nvme0n1p3,ext4,/home,Samsung SSD 970 EVO Plus 2TB,[none] mq-deadline kyber bfq,249457860608,4096,1024,payload[i]=(i*131+17)&0xff,3.82177734375,accepted,,1024,2048,0,11,bytes,123904,112640,33882112,22528,0,0,0,0,0,22456276,22668934,2059569,2119889,2119889,3.820,3.820
e000544,exploratory,copy_contiguous,candidate,1,4,BAAB,copy_contiguous,process,250,10,1024,4,new_name,synthetic_sweep,1,54215100a825da9eb7cfbd8f045e54ef05fb29bd,false,1b36f48efea63210dfeeee7270dea968ab5ba58da27f90aa42845eb8a64a6649,12b1dafe765a77d1a17115b0ae12cff973f20ed7d6d770fbd790695fe081288e,0e4833553be7825885da5ea99bceab292cc8abee6414d58b31864afe8ca9f944,c89b17de3d4d36a4e106517b0737619bd65f0e2877d95adbf2f297762f71fb7b,6e938dfcd266a2b0eac811d7ea7eabbd5b217965f88efa81371465134dbcab11,2026-07-15T18:51:25.248729+00:00,8o8-arch,7.0.12-arch1-1,AMD Ryzen 9 3900X 12-Core Processor,"logical=24,cores=12,sockets=1,nodes=1",performance,rustc 1.97.0 (2d8144b78 2026-07-07),22.1.6,cargo 1.97.0 (c980f4866 2026-06-30),"release,lto=thin,debug=true",/home/bob/.cache/mess-bench,/dev/nvme0n1p3,ext4,/home,Samsung SSD 970 EVO Plus 2TB,[none] mq-deadline kyber bfq,249457860608,4096,1024,payload[i]=(i*131+17)&0xff,3.82177734375,accepted,,1024,2048,0,11,bytes,123904,112640,33882112,11,0,0,0,33882112,0,7000072,7047055,503530,1938199,1938199,3.820,3.820
e000545,exploratory,pwritev_full_8m,baseline,1,1,ABBA,k_pwrite,process,250,10,1025,4,domain,synthetic_sweep,1,54215100a825da9eb7cfbd8f045e54ef05fb29bd,false,1b36f48efea63210dfeeee7270dea968ab5ba58da27f90aa42845eb8a64a6649,12b1dafe765a77d1a17115b0ae12cff973f20ed7d6d770fbd790695fe081288e,0e4833553be7825885da5ea99bceab292cc8abee6414d58b31864afe8ca9f944,c89b17de3d4d36a4e106517b0737619bd65f0e2877d95adbf2f297762f71fb7b,6e938dfcd266a2b0eac811d7ea7eabbd5b217965f88efa81371465134dbcab11,2026-07-15T18:51:26.272611+00:00,8o8-arch,7.0.12-arch1-1,AMD Ryzen 9 3900X 12-Core Processor,"logical=24,cores=12,sockets=1,nodes=1",performance,rustc 1.97.0 (2d8144b78 2026-07-07),22.1.6,cargo 1.97.0 (c980f4866 2026-06-30),"release,lto=thin,debug=true",/home/bob/.cache/mess-bench,/dev/nvme0n1p3,ext4,/home,Samsung SSD 970 EVO Plus 2TB,[none] mq-deadline kyber bfq,249457856512,4096,1024,payload[i]=(i*131+17)&0xff,3.67578125,accepted,,1025,1025,0,12,bytes,123000,123000,35276400,12300,0,0,0,0,0,14832184,14947679,1233049,1308789,1335279,3.680,3.680
e000546,exploratory,pwritev_full_8m,candidate,1,2,ABBA,pwritev_full_8m,process,250,10,1025,4,domain,synthetic_sweep,1,54215100a825da9eb7cfbd8f045e54ef05fb29bd,false,1b36f48efea63210dfeeee7270dea968ab5ba58da27f90aa42845eb8a64a6649,12b1dafe765a77d1a17115b0ae12cff973f20ed7d6d770fbd790695fe081288e,0e4833553be7825885da5ea99bceab292cc8abee6414d58b31864afe8ca9f944,c89b17de3d4d36a4e106517b0737619bd65f0e2877d95adbf2f297762f71fb7b,6e938dfcd266a2b0eac811d7ea7eabbd5b217965f88efa81371465134dbcab11,2026-07-15T18:51:27.301313+00:00,8o8-arch,7.0.12-arch1-1,AMD Ryzen 9 3900X 12-Core Processor,"logical=24,cores=12,sockets=1,nodes=1",performance,rustc 1.97.0 (2d8144b78 2026-07-07),22.1.6,cargo 1.97.0 (c980f4866 2026-06-30),"release,lto=thin,debug=true",/home/bob/.cache/mess-bench,/dev/nvme0n1p3,ext4,/home,Samsung SSD 970 EVO Plus 2TB,[none] mq-deadline kyber bfq,249457856512,4096,1024,payload[i]=(i*131+17)&0xff,3.67578125,accepted,,1025,1025,0,12,bytes,123000,123000,35276400,24,0,0,1024,0,0,5004852,5051396,412330,565499,574280,3.680,3.680
e000547,exploratory,pwritev_full_8m,candidate,1,3,ABBA,pwritev_full_8m,process,250,10,1025,4,domain,synthetic_sweep,1,54215100a825da9eb7cfbd8f045e54ef05fb29bd,false,1b36f48efea63210dfeeee7270dea968ab5ba58da27f90aa42845eb8a64a6649,12b1dafe765a77d1a17115b0ae12cff973f20ed7d6d770fbd790695fe081288e,0e4833553be7825885da5ea99bceab292cc8abee6414d58b31864afe8ca9f944,c89b17de3d4d36a4e106517b0737619bd65f0e2877d95adbf2f297762f71fb7b,6e938dfcd266a2b0eac811d7ea7eabbd5b217965f88efa81371465134dbcab11,2026-07-15T18:51:28.336186+00:00,8o8-arch,7.0.12-arch1-1,AMD Ryzen 9 3900X 12-Core Processor,"logical=24,cores=12,sockets=1,nodes=1",performance,rustc 1.97.0 (2d8144b78 2026-07-07),22.1.6,cargo 1.97.0 (c980f4866 2026-06-30),"release,lto=thin,debug=true",/home/bob/.cache/mess-bench,/dev/nvme0n1p3,ext4,/home,Samsung SSD 970 EVO Plus 2TB,[none] mq-deadline kyber bfq,249457856512,4096,1024,payload[i]=(i*131+17)&0xff,3.67578125,accepted,,1025,1025,0,12,bytes,123000,123000,35276400,24,0,0,1024,0,0,4065431,4138757,359190,391749,397220,3.680,3.680
e000548,exploratory,pwritev_full_8m,baseline,1,4,ABBA,k_pwrite,process,250,10,1025,4,domain,synthetic_sweep,1,54215100a825da9eb7cfbd8f045e54ef05fb29bd,false,1b36f48efea63210dfeeee7270dea968ab5ba58da27f90aa42845eb8a64a6649,12b1dafe765a77d1a17115b0ae12cff973f20ed7d6d770fbd790695fe081288e,0e4833553be7825885da5ea99bceab292cc8abee6414d58b31864afe8ca9f944,c89b17de3d4d36a4e106517b0737619bd65f0e2877d95adbf2f297762f71fb7b,6e938dfcd266a2b0eac811d7ea7eabbd5b217965f88efa81371465134dbcab11,2026-07-15T18:51:29.367392+00:00,8o8-arch,7.0.12-arch1-1,AMD Ryzen 9 3900X 12-Core Processor,"logical=24,cores=12,sockets=1,nodes=1",performance,rustc 1.97.0 (2d8144b78 2026-07-07),22.1.6,cargo 1.97.0 (c980f4866 2026-06-30),"release,lto=thin,debug=true",/home/bob/.cache/mess-bench,/dev/nvme0n1p3,ext4,/home,Samsung SSD 970 EVO Plus 2TB,[none] mq-deadline kyber bfq,249457844224,4096,1024,payload[i]=(i*131+17)&0xff,3.67578125,accepted,,1025,1025,0,12,bytes,123000,123000,35276400,12300,0,0,0,0,0,15362584,15570628,1257880,1453878,1473669,3.680,3.680
e000549,exploratory,pwritev_256_8m,candidate,1,1,BAAB,pwritev_256_8m,process,250,10,1025,4,domain,synthetic_sweep,1,54215100a825da9eb7cfbd8f045e54ef05fb29bd,false,1b36f48efea63210dfeeee7270dea968ab5ba58da27f90aa42845eb8a64a6649,12b1dafe765a77d1a17115b0ae12cff973f20ed7d6d770fbd790695fe081288e,0e4833553be7825885da5ea99bceab292cc8abee6414d58b31864afe8ca9f944,c89b17de3d4d36a4e106517b0737619bd65f0e2877d95adbf2f297762f71fb7b,6e938dfcd266a2b0eac811d7ea7eabbd5b217965f88efa81371465134dbcab11,2026-07-15T18:51:30.399861+00:00,8o8-arch,7.0.12-arch1-1,AMD Ryzen 9 3900X 12-Core Processor,"logical=24,cores=12,sockets=1,nodes=1",performance,rustc 1.97.0 (2d8144b78 2026-07-07),22.1.6,cargo 1.97.0 (c980f4866 2026-06-30),"release,lto=thin,debug=true",/home/bob/.cache/mess-bench,/dev/nvme0n1p3,ext4,/home,Samsung SSD 970 EVO Plus 2TB,[none] mq-deadline kyber bfq,249457836032,4096,1024,payload[i]=(i*131+17)&0xff,3.67578125,accepted,,1025,1025,0,12,bytes,123000,123000,35276400,60,0,0,256,0,0,3446621,4485567,275350,363940,1358629,3.680,3.680
e000550,exploratory,pwritev_256_8m,baseline,1,2,BAAB,k_pwrite,process,250,10,1025,4,domain,synthetic_sweep,1,54215100a825da9eb7cfbd8f045e54ef05fb29bd,false,1b36f48efea63210dfeeee7270dea968ab5ba58da27f90aa42845eb8a64a6649,12b1dafe765a77d1a17115b0ae12cff973f20ed7d6d770fbd790695fe081288e,0e4833553be7825885da5ea99bceab292cc8abee6414d58b31864afe8ca9f944,c89b17de3d4d36a4e106517b0737619bd65f0e2877d95adbf2f297762f71fb7b,6e938dfcd266a2b0eac811d7ea7eabbd5b217965f88efa81371465134dbcab11,2026-07-15T18:51:31.433105+00:00,8o8-arch,7.0.12-arch1-1,AMD Ryzen 9 3900X 12-Core Processor,"logical=24,cores=12,sockets=1,nodes=1",performance,rustc 1.97.0 (2d8144b78 2026-07-07),22.1.6,cargo 1.97.0 (c980f4866 2026-06-30),"release,lto=thin,debug=true",/home/bob/.cache/mess-bench,/dev/nvme0n1p3,ext4,/home,Samsung SSD 970 EVO Plus 2TB,[none] mq-deadline kyber bfq,249457803264,4096,1024,payload[i]=(i*131+17)&0xff,3.46142578125,accepted,,1025,1025,0,12,bytes,123000,123000,35276400,12300,0,0,0,0,0,14618843,14729829,1213129,1235800,1422289,3.460,3.460
e000551,exploratory,pwritev_256_8m,baseline,1,3,BAAB,k_pwrite,process,250,10,1025,4,domain,synthetic_sweep,1,54215100a825da9eb7cfbd8f045e54ef05fb29bd,false,1b36f48efea63210dfeeee7270dea968ab5ba58da27f90aa42845eb8a64a6649,12b1dafe765a77d1a17115b0ae12cff973f20ed7d6d770fbd790695fe081288e,0e4833553be7825885da5ea99bceab292cc8abee6414d58b31864afe8ca9f944,c89b17de3d4d36a4e106517b0737619bd65f0e2877d95adbf2f297762f71fb7b,6e938dfcd266a2b0eac811d7ea7eabbd5b217965f88efa81371465134dbcab11,2026-07-15T18:51:32.464829+00:00,8o8-arch,7.0.12-arch1-1,AMD Ryzen 9 3900X 12-Core Processor,"logical=24,cores=12,sockets=1,nodes=1",performance,rustc 1.97.0 (2d8144b78 2026-07-07),22.1.6,cargo 1.97.0 (c980f4866 2026-06-30),"release,lto=thin,debug=true",/home/bob/.cache/mess-bench,/dev/nvme0n1p3,ext4,/home,Samsung SSD 970 EVO Plus 2TB,[none] mq-deadline kyber bfq,249457836032,4096,1024,payload[i]=(i*131+17)&0xff,3.46142578125,accepted,,1025,1025,0,12,bytes,123000,123000,35276400,12300,0,0,0,0,0,15136844,15338239,1225139,1438709,1584169,3.460,3.460
e000552,exploratory,pwritev_256_8m,candidate,1,4,BAAB,pwritev_256_8m,process,250,10,1025,4,domain,synthetic_sweep,1,54215100a825da9eb7cfbd8f045e54ef05fb29bd,false,1b36f48efea63210dfeeee7270dea968ab5ba58da27f90aa42845eb8a64a6649,12b1dafe765a77d1a17115b0ae12cff973f20ed7d6d770fbd790695fe081288e,0e4833553be7825885da5ea99bceab292cc8abee6414d58b31864afe8ca9f944,c89b17de3d4d36a4e106517b0737619bd65f0e2877d95adbf2f297762f71fb7b,6e938dfcd266a2b0eac811d7ea7eabbd5b217965f88efa81371465134dbcab11,2026-07-15T18:51:33.497265+00:00,8o8-arch,7.0.12-arch1-1,AMD Ryzen 9 3900X 12-Core Processor,"logical=24,cores=12,sockets=1,nodes=1",performance,rustc 1.97.0 (2d8144b78 2026-07-07),22.1.6,cargo 1.97.0 (c980f4866 2026-06-30),"release,lto=thin,debug=true",/home/bob/.cache/mess-bench,/dev/nvme0n1p3,ext4,/home,Samsung SSD 970 EVO Plus 2TB,[none] mq-deadline kyber bfq,249457831936,4096,1024,payload[i]=(i*131+17)&0xff,3.46142578125,accepted,,1025,1025,0,12,bytes,123000,123000,35276400,60,0,0,256,0,0,3110511,3125518,262940,278150,285299,3.460,3.460
e000553,exploratory,pwritev_64_8m,baseline,1,1,ABBA,k_pwrite,process,250,10,1025,4,domain,synthetic_sweep,1,54215100a825da9eb7cfbd8f045e54ef05fb29bd,false,1b36f48efea63210dfeeee7270dea968ab5ba58da27f90aa42845eb8a64a6649,12b1dafe765a77d1a17115b0ae12cff973f20ed7d6d770fbd790695fe081288e,0e4833553be7825885da5ea99bceab292cc8abee6414d58b31864afe8ca9f944,c89b17de3d4d36a4e106517b0737619bd65f0e2877d95adbf2f297762f71fb7b,6e938dfcd266a2b0eac811d7ea7eabbd5b217965f88efa81371465134dbcab11,2026-07-15T18:51:34.529914+00:00,8o8-arch,7.0.12-arch1-1,AMD Ryzen 9 3900X 12-Core Processor,"logical=24,cores=12,sockets=1,nodes=1",performance,rustc 1.97.0 (2d8144b78 2026-07-07),22.1.6,cargo 1.97.0 (c980f4866 2026-06-30),"release,lto=thin,debug=true",/home/bob/.cache/mess-bench,/dev/nvme0n1p3,ext4,/home,Samsung SSD 970 EVO Plus 2TB,[none] mq-deadline kyber bfq,249457827840,4096,1024,payload[i]=(i*131+17)&0xff,3.46142578125,accepted,,1025,1025,0,12,bytes,123000,123000,35276400,12300,0,0,0,0,0,21280635,21575005,1494279,1813329,4801467,3.460,3.460
e000554,exploratory,pwritev_64_8m,candidate,1,2,ABBA,pwritev_64_8m,process,250,10,1025,4,domain,synthetic_sweep,1,54215100a825da9eb7cfbd8f045e54ef05fb29bd,false,1b36f48efea63210dfeeee7270dea968ab5ba58da27f90aa42845eb8a64a6649,12b1dafe765a77d1a17115b0ae12cff973f20ed7d6d770fbd790695fe081288e,0e4833553be7825885da5ea99bceab292cc8abee6414d58b31864afe8ca9f944,c89b17de3d4d36a4e106517b0737619bd65f0e2877d95adbf2f297762f71fb7b,6e938dfcd266a2b0eac811d7ea7eabbd5b217965f88efa81371465134dbcab11,2026-07-15T18:51:35.555468+00:00,8o8-arch,7.0.12-arch1-1,AMD Ryzen 9 3900X 12-Core Processor,"logical=24,cores=12,sockets=1,nodes=1",performance,rustc 1.97.0 (2d8144b78 2026-07-07),22.1.6,cargo 1.97.0 (c980f4866 2026-06-30),"release,lto=thin,debug=true",/home/bob/.cache/mess-bench,/dev/nvme0n1p3,ext4,/home,Samsung SSD 970 EVO Plus 2TB,[none] mq-deadline kyber bfq,249457819648,4096,1024,payload[i]=(i*131+17)&0xff,3.46142578125,accepted,,1025,1025,0,12,bytes,123000,123000,35276400,204,0,0,64,0,0,3521201,3578988,301730,316010,320280,3.460,3.460
e000555,exploratory,pwritev_64_8m,candidate,1,3,ABBA,pwritev_64_8m,process,250,10,1025,4,domain,synthetic_sweep,1,54215100a825da9eb7cfbd8f045e54ef05fb29bd,false,1b36f48efea63210dfeeee7270dea968ab5ba58da27f90aa42845eb8a64a6649,12b1dafe765a77d1a17115b0ae12cff973f20ed7d6d770fbd790695fe081288e,0e4833553be7825885da5ea99bceab292cc8abee6414d58b31864afe8ca9f944,c89b17de3d4d36a4e106517b0737619bd65f0e2877d95adbf2f297762f71fb7b,6e938dfcd266a2b0eac811d7ea7eabbd5b217965f88efa81371465134dbcab11,2026-07-15T18:51:36.580454+00:00,8o8-arch,7.0.12-arch1-1,AMD Ryzen 9 3900X 12-Core Processor,"logical=24,cores=12,sockets=1,nodes=1",performance,rustc 1.97.0 (2d8144b78 2026-07-07),22.1.6,cargo 1.97.0 (c980f4866 2026-06-30),"release,lto=thin,debug=true",/home/bob/.cache/mess-bench,/dev/nvme0n1p3,ext4,/home,Samsung SSD 970 EVO Plus 2TB,[none] mq-deadline kyber bfq,249457815552,4096,1024,payload[i]=(i*131+17)&0xff,3.18408203125,accepted,,1025,1025,0,12,bytes,123000,123000,35276400,204,0,0,64,0,0,3478881,3501617,292549,297600,303409,3.180,3.180
e000556,exploratory,pwritev_64_8m,baseline,1,4,ABBA,k_pwrite,process,250,10,1025,4,domain,synthetic_sweep,1,54215100a825da9eb7cfbd8f045e54ef05fb29bd,false,1b36f48efea63210dfeeee7270dea968ab5ba58da27f90aa42845eb8a64a6649,12b1dafe765a77d1a17115b0ae12cff973f20ed7d6d770fbd790695fe081288e,0e4833553be7825885da5ea99bceab292cc8abee6414d58b31864afe8ca9f944,c89b17de3d4d36a4e106517b0737619bd65f0e2877d95adbf2f297762f71fb7b,6e938dfcd266a2b0eac811d7ea7eabbd5b217965f88efa81371465134dbcab11,2026-07-15T18:51:37.610225+00:00,8o8-arch,7.0.12-arch1-1,AMD Ryzen 9 3900X 12-Core Processor,"logical=24,cores=12,sockets=1,nodes=1",performance,rustc 1.97.0 (2d8144b78 2026-07-07),22.1.6,cargo 1.97.0 (c980f4866 2026-06-30),"release,lto=thin,debug=true",/home/bob/.cache/mess-bench,/dev/nvme0n1p3,ext4,/home,Samsung SSD 970 EVO Plus 2TB,[none] mq-deadline kyber bfq,249457815552,4096,1024,payload[i]=(i*131+17)&0xff,3.18408203125,accepted,,1025,1025,0,12,bytes,123000,123000,35276400,12300,0,0,0,0,0,14448044,14559009,1217059,1226279,1231889,3.180,3.180
e000557,exploratory,copy_contiguous,candidate,1,1,BAAB,copy_contiguous,process,250,10,1025,4,domain,synthetic_sweep,1,54215100a825da9eb7cfbd8f045e54ef05fb29bd,false,1b36f48efea63210dfeeee7270dea968ab5ba58da27f90aa42845eb8a64a6649,12b1dafe765a77d1a17115b0ae12cff973f20ed7d6d770fbd790695fe081288e,0e4833553be7825885da5ea99bceab292cc8abee6414d58b31864afe8ca9f944,c89b17de3d4d36a4e106517b0737619bd65f0e2877d95adbf2f297762f71fb7b,6e938dfcd266a2b0eac811d7ea7eabbd5b217965f88efa81371465134dbcab11,2026-07-15T18:51:38.640685+00:00,8o8-arch,7.0.12-arch1-1,AMD Ryzen 9 3900X 12-Core Processor,"logical=24,cores=12,sockets=1,nodes=1",performance,rustc 1.97.0 (2d8144b78 2026-07-07),22.1.6,cargo 1.97.0 (c980f4866 2026-06-30),"release,lto=thin,debug=true",/home/bob/.cache/mess-bench,/dev/nvme0n1p3,ext4,/home,Samsung SSD 970 EVO Plus 2TB,[none] mq-deadline kyber bfq,249457807360,4096,1024,payload[i]=(i*131+17)&0xff,3.18408203125,accepted,,1025,1025,0,12,bytes,123000,123000,35276400,12,0,0,0,35276400,0,5853661,5922506,462369,595389,655310,3.180,3.180
e000558,exploratory,copy_contiguous,baseline,1,2,BAAB,k_pwrite,process,250,10,1025,4,domain,synthetic_sweep,1,54215100a825da9eb7cfbd8f045e54ef05fb29bd,false,1b36f48efea63210dfeeee7270dea968ab5ba58da27f90aa42845eb8a64a6649,12b1dafe765a77d1a17115b0ae12cff973f20ed7d6d770fbd790695fe081288e,0e4833553be7825885da5ea99bceab292cc8abee6414d58b31864afe8ca9f944,c89b17de3d4d36a4e106517b0737619bd65f0e2877d95adbf2f297762f71fb7b,6e938dfcd266a2b0eac811d7ea7eabbd5b217965f88efa81371465134dbcab11,2026-07-15T18:51:39.669600+00:00,8o8-arch,7.0.12-arch1-1,AMD Ryzen 9 3900X 12-Core Processor,"logical=24,cores=12,sockets=1,nodes=1",performance,rustc 1.97.0 (2d8144b78 2026-07-07),22.1.6,cargo 1.97.0 (c980f4866 2026-06-30),"release,lto=thin,debug=true",/home/bob/.cache/mess-bench,/dev/nvme0n1p3,ext4,/home,Samsung SSD 970 EVO Plus 2TB,[none] mq-deadline kyber bfq,249457803264,4096,1024,payload[i]=(i*131+17)&0xff,3.18408203125,accepted,,1025,1025,0,12,bytes,123000,123000,35276400,12300,0,0,0,0,0,16714534,16853128,1261399,1593199,2682278,3.180,3.180
e000559,exploratory,copy_contiguous,baseline,1,3,BAAB,k_pwrite,process,250,10,1025,4,domain,synthetic_sweep,1,54215100a825da9eb7cfbd8f045e54ef05fb29bd,false,1b36f48efea63210dfeeee7270dea968ab5ba58da27f90aa42845eb8a64a6649,12b1dafe765a77d1a17115b0ae12cff973f20ed7d6d770fbd790695fe081288e,0e4833553be7825885da5ea99bceab292cc8abee6414d58b31864afe8ca9f944,c89b17de3d4d36a4e106517b0737619bd65f0e2877d95adbf2f297762f71fb7b,6e938dfcd266a2b0eac811d7ea7eabbd5b217965f88efa81371465134dbcab11,2026-07-15T18:51:40.703108+00:00,8o8-arch,7.0.12-arch1-1,AMD Ryzen 9 3900X 12-Core Processor,"logical=24,cores=12,sockets=1,nodes=1",performance,rustc 1.97.0 (2d8144b78 2026-07-07),22.1.6,cargo 1.97.0 (c980f4866 2026-06-30),"release,lto=thin,debug=true",/home/bob/.cache/mess-bench,/dev/nvme0n1p3,ext4,/home,Samsung SSD 970 EVO Plus 2TB,[none] mq-deadline kyber bfq,249457803264,4096,1024,payload[i]=(i*131+17)&0xff,3.18408203125,accepted,,1025,1025,0,12,bytes,123000,123000,35276400,12300,0,0,0,0,0,17829734,17990337,1413929,1657728,3165728,3.180,3.180
e000560,exploratory,copy_contiguous,candidate,1,4,BAAB,copy_contiguous,process,250,10,1025,4,domain,synthetic_sweep,1,54215100a825da9eb7cfbd8f045e54ef05fb29bd,false,1b36f48efea63210dfeeee7270dea968ab5ba58da27f90aa42845eb8a64a6649,12b1dafe765a77d1a17115b0ae12cff973f20ed7d6d770fbd790695fe081288e,0e4833553be7825885da5ea99bceab292cc8abee6414d58b31864afe8ca9f944,c89b17de3d4d36a4e106517b0737619bd65f0e2877d95adbf2f297762f71fb7b,6e938dfcd266a2b0eac811d7ea7eabbd5b217965f88efa81371465134dbcab11,2026-07-15T18:51:41.733073+00:00,8o8-arch,7.0.12-arch1-1,AMD Ryzen 9 3900X 12-Core Processor,"logical=24,cores=12,sockets=1,nodes=1",performance,rustc 1.97.0 (2d8144b78 2026-07-07),22.1.6,cargo 1.97.0 (c980f4866 2026-06-30),"release,lto=thin,debug=true",/home/bob/.cache/mess-bench,/dev/nvme0n1p3,ext4,/home,Samsung SSD 970 EVO Plus 2TB,[none] mq-deadline kyber bfq,249457803264,4096,1024,payload[i]=(i*131+17)&0xff,3.0087890625,accepted,,1025,1025,0,12,bytes,123000,123000,35276400,12,0,0,0,35276400,0,5220932,5253236,438050,450219,457530,3.010,3.010
e000561,exploratory,pwritev_full_8m,baseline,1,1,ABBA,k_pwrite,process,250,10,1025,4,new_name,synthetic_sweep,1,54215100a825da9eb7cfbd8f045e54ef05fb29bd,false,1b36f48efea63210dfeeee7270dea968ab5ba58da27f90aa42845eb8a64a6649,12b1dafe765a77d1a17115b0ae12cff973f20ed7d6d770fbd790695fe081288e,0e4833553be7825885da5ea99bceab292cc8abee6414d58b31864afe8ca9f944,c89b17de3d4d36a4e106517b0737619bd65f0e2877d95adbf2f297762f71fb7b,6e938dfcd266a2b0eac811d7ea7eabbd5b217965f88efa81371465134dbcab11,2026-07-15T18:51:42.762791+00:00,8o8-arch,7.0.12-arch1-1,AMD Ryzen 9 3900X 12-Core Processor,"logical=24,cores=12,sockets=1,nodes=1",performance,rustc 1.97.0 (2d8144b78 2026-07-07),22.1.6,cargo 1.97.0 (c980f4866 2026-06-30),"release,lto=thin,debug=true",/home/bob/.cache/mess-bench,/dev/nvme0n1p3,ext4,/home,Samsung SSD 970 EVO Plus 2TB,[none] mq-deadline kyber bfq,249457790976,4096,1024,payload[i]=(i*131+17)&0xff,3.0087890625,accepted,,1025,2050,0,11,bytes,124025,112750,33915200,22550,0,0,0,0,0,25492396,25665342,1987368,5635666,5635666,3.010,3.010
e000562,exploratory,pwritev_full_8m,candidate,1,2,ABBA,pwritev_full_8m,process,250,10,1025,4,new_name,synthetic_sweep,1,54215100a825da9eb7cfbd8f045e54ef05fb29bd,false,1b36f48efea63210dfeeee7270dea968ab5ba58da27f90aa42845eb8a64a6649,12b1dafe765a77d1a17115b0ae12cff973f20ed7d6d770fbd790695fe081288e,0e4833553be7825885da5ea99bceab292cc8abee6414d58b31864afe8ca9f944,c89b17de3d4d36a4e106517b0737619bd65f0e2877d95adbf2f297762f71fb7b,6e938dfcd266a2b0eac811d7ea7eabbd5b217965f88efa81371465134dbcab11,2026-07-15T18:51:43.791224+00:00,8o8-arch,7.0.12-arch1-1,AMD Ryzen 9 3900X 12-Core Processor,"logical=24,cores=12,sockets=1,nodes=1",performance,rustc 1.97.0 (2d8144b78 2026-07-07),22.1.6,cargo 1.97.0 (c980f4866 2026-06-30),"release,lto=thin,debug=true",/home/bob/.cache/mess-bench,/dev/nvme0n1p3,ext4,/home,Samsung SSD 970 EVO Plus 2TB,[none] mq-deadline kyber bfq,249457790976,4096,1024,payload[i]=(i*131+17)&0xff,3.0087890625,accepted,,1025,2050,0,11,bytes,124025,112750,33915200,33,0,0,1024,0,0,3124141,3147578,283940,296000,296000,3.010,3.010
e000563,exploratory,pwritev_full_8m,candidate,1,3,ABBA,pwritev_full_8m,process,250,10,1025,4,new_name,synthetic_sweep,1,54215100a825da9eb7cfbd8f045e54ef05fb29bd,false,1b36f48efea63210dfeeee7270dea968ab5ba58da27f90aa42845eb8a64a6649,12b1dafe765a77d1a17115b0ae12cff973f20ed7d6d770fbd790695fe081288e,0e4833553be7825885da5ea99bceab292cc8abee6414d58b31864afe8ca9f944,c89b17de3d4d36a4e106517b0737619bd65f0e2877d95adbf2f297762f71fb7b,6e938dfcd266a2b0eac811d7ea7eabbd5b217965f88efa81371465134dbcab11,2026-07-15T18:51:44.821107+00:00,8o8-arch,7.0.12-arch1-1,AMD Ryzen 9 3900X 12-Core Processor,"logical=24,cores=12,sockets=1,nodes=1",performance,rustc 1.97.0 (2d8144b78 2026-07-07),22.1.6,cargo 1.97.0 (c980f4866 2026-06-30),"release,lto=thin,debug=true",/home/bob/.cache/mess-bench,/dev/nvme0n1p3,ext4,/home,Samsung SSD 970 EVO Plus 2TB,[none] mq-deadline kyber bfq,249457790976,4096,1024,payload[i]=(i*131+17)&0xff,3.0087890625,accepted,,1025,2050,0,11,bytes,124025,112750,33915200,33,0,0,1024,0,0,3157170,3182478,284750,321660,321660,3.010,3.010
e000564,exploratory,pwritev_full_8m,baseline,1,4,ABBA,k_pwrite,process,250,10,1025,4,new_name,synthetic_sweep,1,54215100a825da9eb7cfbd8f045e54ef05fb29bd,false,1b36f48efea63210dfeeee7270dea968ab5ba58da27f90aa42845eb8a64a6649,12b1dafe765a77d1a17115b0ae12cff973f20ed7d6d770fbd790695fe081288e,0e4833553be7825885da5ea99bceab292cc8abee6414d58b31864afe8ca9f944,c89b17de3d4d36a4e106517b0737619bd65f0e2877d95adbf2f297762f71fb7b,6e938dfcd266a2b0eac811d7ea7eabbd5b217965f88efa81371465134dbcab11,2026-07-15T18:51:45.854088+00:00,8o8-arch,7.0.12-arch1-1,AMD Ryzen 9 3900X 12-Core Processor,"logical=24,cores=12,sockets=1,nodes=1",performance,rustc 1.97.0 (2d8144b78 2026-07-07),22.1.6,cargo 1.97.0 (c980f4866 2026-06-30),"release,lto=thin,debug=true",/home/bob/.cache/mess-bench,/dev/nvme0n1p3,ext4,/home,Samsung SSD 970 EVO Plus 2TB,[none] mq-deadline kyber bfq,249457790976,4096,1024,payload[i]=(i*131+17)&0xff,3.0087890625,accepted,,1025,2050,0,11,bytes,124025,112750,33915200,22550,0,0,0,0,0,25608256,25882852,2039359,5346456,5346456,3.010,3.010
e000565,exploratory,pwritev_256_8m,candidate,1,1,BAAB,pwritev_256_8m,process,250,10,1025,4,new_name,synthetic_sweep,1,54215100a825da9eb7cfbd8f045e54ef05fb29bd,false,1b36f48efea63210dfeeee7270dea968ab5ba58da27f90aa42845eb8a64a6649,12b1dafe765a77d1a17115b0ae12cff973f20ed7d6d770fbd790695fe081288e,0e4833553be7825885da5ea99bceab292cc8abee6414d58b31864afe8ca9f944,c89b17de3d4d36a4e106517b0737619bd65f0e2877d95adbf2f297762f71fb7b,6e938dfcd266a2b0eac811d7ea7eabbd5b217965f88efa81371465134dbcab11,2026-07-15T18:51:46.881783+00:00,8o8-arch,7.0.12-arch1-1,AMD Ryzen 9 3900X 12-Core Processor,"logical=24,cores=12,sockets=1,nodes=1",performance,rustc 1.97.0 (2d8144b78 2026-07-07),22.1.6,cargo 1.97.0 (c980f4866 2026-06-30),"release,lto=thin,debug=true",/home/bob/.cache/mess-bench,/dev/nvme0n1p3,ext4,/home,Samsung SSD 970 EVO Plus 2TB,[none] mq-deadline kyber bfq,249457786880,4096,1024,payload[i]=(i*131+17)&0xff,3.08837890625,accepted,,1025,2050,0,11,bytes,124025,112750,33915200,99,0,0,256,0,0,3535990,3561798,323810,338920,338920,3.090,3.090
e000566,exploratory,pwritev_256_8m,baseline,1,2,BAAB,k_pwrite,process,250,10,1025,4,new_name,synthetic_sweep,1,54215100a825da9eb7cfbd8f045e54ef05fb29bd,false,1b36f48efea63210dfeeee7270dea968ab5ba58da27f90aa42845eb8a64a6649,12b1dafe765a77d1a17115b0ae12cff973f20ed7d6d770fbd790695fe081288e,0e4833553be7825885da5ea99bceab292cc8abee6414d58b31864afe8ca9f944,c89b17de3d4d36a4e106517b0737619bd65f0e2877d95adbf2f297762f71fb7b,6e938dfcd266a2b0eac811d7ea7eabbd5b217965f88efa81371465134dbcab11,2026-07-15T18:51:47.906672+00:00,8o8-arch,7.0.12-arch1-1,AMD Ryzen 9 3900X 12-Core Processor,"logical=24,cores=12,sockets=1,nodes=1",performance,rustc 1.97.0 (2d8144b78 2026-07-07),22.1.6,cargo 1.97.0 (c980f4866 2026-06-30),"release,lto=thin,debug=true",/home/bob/.cache/mess-bench,/dev/nvme0n1p3,ext4,/home,Samsung SSD 970 EVO Plus 2TB,[none] mq-deadline kyber bfq,249457782784,4096,1024,payload[i]=(i*131+17)&0xff,3.08837890625,accepted,,1025,2050,0,11,bytes,124025,112750,33915200,22550,0,0,0,0,0,21850275,22097674,1998119,2104069,2104069,3.090,3.090
e000567,exploratory,pwritev_256_8m,baseline,1,3,BAAB,k_pwrite,process,250,10,1025,4,new_name,synthetic_sweep,1,54215100a825da9eb7cfbd8f045e54ef05fb29bd,false,1b36f48efea63210dfeeee7270dea968ab5ba58da27f90aa42845eb8a64a6649,12b1dafe765a77d1a17115b0ae12cff973f20ed7d6d770fbd790695fe081288e,0e4833553be7825885da5ea99bceab292cc8abee6414d58b31864afe8ca9f944,c89b17de3d4d36a4e106517b0737619bd65f0e2877d95adbf2f297762f71fb7b,6e938dfcd266a2b0eac811d7ea7eabbd5b217965f88efa81371465134dbcab11,2026-07-15T18:51:48.938992+00:00,8o8-arch,7.0.12-arch1-1,AMD Ryzen 9 3900X 12-Core Processor,"logical=24,cores=12,sockets=1,nodes=1",performance,rustc 1.97.0 (2d8144b78 2026-07-07),22.1.6,cargo 1.97.0 (c980f4866 2026-06-30),"release,lto=thin,debug=true",/home/bob/.cache/mess-bench,/dev/nvme0n1p3,ext4,/home,Samsung SSD 970 EVO Plus 2TB,[none] mq-deadline kyber bfq,249457774592,4096,1024,payload[i]=(i*131+17)&0xff,3.08837890625,accepted,,1025,2050,0,11,bytes,124025,112750,33915200,22550,0,0,0,0,0,24745275,24955712,2001609,4853717,4853717,3.090,3.090
e000568,exploratory,pwritev_256_8m,candidate,1,4,BAAB,pwritev_256_8m,process,250,10,1025,4,new_name,synthetic_sweep,1,54215100a825da9eb7cfbd8f045e54ef05fb29bd,false,1b36f48efea63210dfeeee7270dea968ab5ba58da27f90aa42845eb8a64a6649,12b1dafe765a77d1a17115b0ae12cff973f20ed7d6d770fbd790695fe081288e,0e4833553be7825885da5ea99bceab292cc8abee6414d58b31864afe8ca9f944,c89b17de3d4d36a4e106517b0737619bd65f0e2877d95adbf2f297762f71fb7b,6e938dfcd266a2b0eac811d7ea7eabbd5b217965f88efa81371465134dbcab11,2026-07-15T18:51:49.962471+00:00,8o8-arch,7.0.12-arch1-1,AMD Ryzen 9 3900X 12-Core Processor,"logical=24,cores=12,sockets=1,nodes=1",performance,rustc 1.97.0 (2d8144b78 2026-07-07),22.1.6,cargo 1.97.0 (c980f4866 2026-06-30),"release,lto=thin,debug=true",/home/bob/.cache/mess-bench,/dev/nvme0n1p3,ext4,/home,Samsung SSD 970 EVO Plus 2TB,[none] mq-deadline kyber bfq,249457774592,4096,1024,payload[i]=(i*131+17)&0xff,3.08837890625,accepted,,1025,2050,0,11,bytes,124025,112750,33915200,99,0,0,256,0,0,3604791,3634998,317470,390800,390800,3.090,3.090
e000569,exploratory,pwritev_64_8m,baseline,1,1,ABBA,k_pwrite,process,250,10,1025,4,new_name,synthetic_sweep,1,54215100a825da9eb7cfbd8f045e54ef05fb29bd,false,1b36f48efea63210dfeeee7270dea968ab5ba58da27f90aa42845eb8a64a6649,12b1dafe765a77d1a17115b0ae12cff973f20ed7d6d770fbd790695fe081288e,0e4833553be7825885da5ea99bceab292cc8abee6414d58b31864afe8ca9f944,c89b17de3d4d36a4e106517b0737619bd65f0e2877d95adbf2f297762f71fb7b,6e938dfcd266a2b0eac811d7ea7eabbd5b217965f88efa81371465134dbcab11,2026-07-15T18:51:50.992997+00:00,8o8-arch,7.0.12-arch1-1,AMD Ryzen 9 3900X 12-Core Processor,"logical=24,cores=12,sockets=1,nodes=1",performance,rustc 1.97.0 (2d8144b78 2026-07-07),22.1.6,cargo 1.97.0 (c980f4866 2026-06-30),"release,lto=thin,debug=true",/home/bob/.cache/mess-bench,/dev/nvme0n1p3,ext4,/home,Samsung SSD 970 EVO Plus 2TB,[none] mq-deadline kyber bfq,249457770496,4096,1024,payload[i]=(i*131+17)&0xff,3.24169921875,accepted,,1025,2050,0,11,bytes,124025,112750,33915200,22550,0,0,0,0,0,24950826,25518842,2000949,5341607,5341607,3.240,3.240
e000570,exploratory,pwritev_64_8m,candidate,1,2,ABBA,pwritev_64_8m,process,250,10,1025,4,new_name,synthetic_sweep,1,54215100a825da9eb7cfbd8f045e54ef05fb29bd,false,1b36f48efea63210dfeeee7270dea968ab5ba58da27f90aa42845eb8a64a6649,12b1dafe765a77d1a17115b0ae12cff973f20ed7d6d770fbd790695fe081288e,0e4833553be7825885da5ea99bceab292cc8abee6414d58b31864afe8ca9f944,c89b17de3d4d36a4e106517b0737619bd65f0e2877d95adbf2f297762f71fb7b,6e938dfcd266a2b0eac811d7ea7eabbd5b217965f88efa81371465134dbcab11,2026-07-15T18:51:52.024349+00:00,8o8-arch,7.0.12-arch1-1,AMD Ryzen 9 3900X 12-Core Processor,"logical=24,cores=12,sockets=1,nodes=1",performance,rustc 1.97.0 (2d8144b78 2026-07-07),22.1.6,cargo 1.97.0 (c980f4866 2026-06-30),"release,lto=thin,debug=true",/home/bob/.cache/mess-bench,/dev/nvme0n1p3,ext4,/home,Samsung SSD 970 EVO Plus 2TB,[none] mq-deadline kyber bfq,249457766400,4096,1024,payload[i]=(i*131+17)&0xff,3.24169921875,accepted,,1025,2050,0,11,bytes,124025,112750,33915200,363,0,0,64,0,0,4299500,4326967,389639,414399,414399,3.240,3.240
e000571,exploratory,pwritev_64_8m,candidate,1,3,ABBA,pwritev_64_8m,process,250,10,1025,4,new_name,synthetic_sweep,1,54215100a825da9eb7cfbd8f045e54ef05fb29bd,false,1b36f48efea63210dfeeee7270dea968ab5ba58da27f90aa42845eb8a64a6649,12b1dafe765a77d1a17115b0ae12cff973f20ed7d6d770fbd790695fe081288e,0e4833553be7825885da5ea99bceab292cc8abee6414d58b31864afe8ca9f944,c89b17de3d4d36a4e106517b0737619bd65f0e2877d95adbf2f297762f71fb7b,6e938dfcd266a2b0eac811d7ea7eabbd5b217965f88efa81371465134dbcab11,2026-07-15T18:51:53.053052+00:00,8o8-arch,7.0.12-arch1-1,AMD Ryzen 9 3900X 12-Core Processor,"logical=24,cores=12,sockets=1,nodes=1",performance,rustc 1.97.0 (2d8144b78 2026-07-07),22.1.6,cargo 1.97.0 (c980f4866 2026-06-30),"release,lto=thin,debug=true",/home/bob/.cache/mess-bench,/dev/nvme0n1p3,ext4,/home,Samsung SSD 970 EVO Plus 2TB,[none] mq-deadline kyber bfq,249457750016,4096,1024,payload[i]=(i*131+17)&0xff,3.24169921875,accepted,,1025,2050,0,11,bytes,124025,112750,33915200,363,0,0,64,0,0,4245481,4281676,390170,414769,414769,3.240,3.240
e000572,exploratory,pwritev_64_8m,baseline,1,4,ABBA,k_pwrite,process,250,10,1025,4,new_name,synthetic_sweep,1,54215100a825da9eb7cfbd8f045e54ef05fb29bd,false,1b36f48efea63210dfeeee7270dea968ab5ba58da27f90aa42845eb8a64a6649,12b1dafe765a77d1a17115b0ae12cff973f20ed7d6d770fbd790695fe081288e,0e4833553be7825885da5ea99bceab292cc8abee6414d58b31864afe8ca9f944,c89b17de3d4d36a4e106517b0737619bd65f0e2877d95adbf2f297762f71fb7b,6e938dfcd266a2b0eac811d7ea7eabbd5b217965f88efa81371465134dbcab11,2026-07-15T18:51:54.086640+00:00,8o8-arch,7.0.12-arch1-1,AMD Ryzen 9 3900X 12-Core Processor,"logical=24,cores=12,sockets=1,nodes=1",performance,rustc 1.97.0 (2d8144b78 2026-07-07),22.1.6,cargo 1.97.0 (c980f4866 2026-06-30),"release,lto=thin,debug=true",/home/bob/.cache/mess-bench,/dev/nvme0n1p3,ext4,/home,Samsung SSD 970 EVO Plus 2TB,[none] mq-deadline kyber bfq,249457750016,4096,1024,payload[i]=(i*131+17)&0xff,3.24169921875,accepted,,1025,2050,0,11,bytes,124025,112750,33915200,22550,0,0,0,0,0,21877265,22041214,1996659,2083909,2083909,3.240,3.240
e000573,exploratory,copy_contiguous,candidate,1,1,BAAB,copy_contiguous,process,250,10,1025,4,new_name,synthetic_sweep,1,54215100a825da9eb7cfbd8f045e54ef05fb29bd,false,1b36f48efea63210dfeeee7270dea968ab5ba58da27f90aa42845eb8a64a6649,12b1dafe765a77d1a17115b0ae12cff973f20ed7d6d770fbd790695fe081288e,0e4833553be7825885da5ea99bceab292cc8abee6414d58b31864afe8ca9f944,c89b17de3d4d36a4e106517b0737619bd65f0e2877d95adbf2f297762f71fb7b,6e938dfcd266a2b0eac811d7ea7eabbd5b217965f88efa81371465134dbcab11,2026-07-15T18:51:55.121035+00:00,8o8-arch,7.0.12-arch1-1,AMD Ryzen 9 3900X 12-Core Processor,"logical=24,cores=12,sockets=1,nodes=1",performance,rustc 1.97.0 (2d8144b78 2026-07-07),22.1.6,cargo 1.97.0 (c980f4866 2026-06-30),"release,lto=thin,debug=true",/home/bob/.cache/mess-bench,/dev/nvme0n1p3,ext4,/home,Samsung SSD 970 EVO Plus 2TB,[none] mq-deadline kyber bfq,249457745920,4096,1024,payload[i]=(i*131+17)&0xff,3.24169921875,accepted,,1025,2050,0,11,bytes,124025,112750,33915200,11,0,0,0,33915200,0,5119051,5157126,460510,506650,506650,3.240,3.240
e000574,exploratory,copy_contiguous,baseline,1,2,BAAB,k_pwrite,process,250,10,1025,4,new_name,synthetic_sweep,1,54215100a825da9eb7cfbd8f045e54ef05fb29bd,false,1b36f48efea63210dfeeee7270dea968ab5ba58da27f90aa42845eb8a64a6649,12b1dafe765a77d1a17115b0ae12cff973f20ed7d6d770fbd790695fe081288e,0e4833553be7825885da5ea99bceab292cc8abee6414d58b31864afe8ca9f944,c89b17de3d4d36a4e106517b0737619bd65f0e2877d95adbf2f297762f71fb7b,6e938dfcd266a2b0eac811d7ea7eabbd5b217965f88efa81371465134dbcab11,2026-07-15T18:51:56.154579+00:00,8o8-arch,7.0.12-arch1-1,AMD Ryzen 9 3900X 12-Core Processor,"logical=24,cores=12,sockets=1,nodes=1",performance,rustc 1.97.0 (2d8144b78 2026-07-07),22.1.6,cargo 1.97.0 (c980f4866 2026-06-30),"release,lto=thin,debug=true",/home/bob/.cache/mess-bench,/dev/nvme0n1p3,ext4,/home,Samsung SSD 970 EVO Plus 2TB,[none] mq-deadline kyber bfq,249457737728,4096,1024,payload[i]=(i*131+17)&0xff,3.783203125,accepted,,1025,2050,0,11,bytes,124025,112750,33915200,22550,0,0,0,0,0,21735595,21908484,1983319,2054118,2054118,3.780,3.780
e000575,exploratory,copy_contiguous,baseline,1,3,BAAB,k_pwrite,process,250,10,1025,4,new_name,synthetic_sweep,1,54215100a825da9eb7cfbd8f045e54ef05fb29bd,false,1b36f48efea63210dfeeee7270dea968ab5ba58da27f90aa42845eb8a64a6649,12b1dafe765a77d1a17115b0ae12cff973f20ed7d6d770fbd790695fe081288e,0e4833553be7825885da5ea99bceab292cc8abee6414d58b31864afe8ca9f944,c89b17de3d4d36a4e106517b0737619bd65f0e2877d95adbf2f297762f71fb7b,6e938dfcd266a2b0eac811d7ea7eabbd5b217965f88efa81371465134dbcab11,2026-07-15T18:51:57.181726+00:00,8o8-arch,7.0.12-arch1-1,AMD Ryzen 9 3900X 12-Core Processor,"logical=24,cores=12,sockets=1,nodes=1",performance,rustc 1.97.0 (2d8144b78 2026-07-07),22.1.6,cargo 1.97.0 (c980f4866 2026-06-30),"release,lto=thin,debug=true",/home/bob/.cache/mess-bench,/dev/nvme0n1p3,ext4,/home,Samsung SSD 970 EVO Plus 2TB,[none] mq-deadline kyber bfq,249457737728,4096,1024,payload[i]=(i*131+17)&0xff,3.783203125,accepted,,1025,2050,0,11,bytes,124025,112750,33915200,22550,0,0,0,0,0,22045566,22215974,1989209,2329899,2329899,3.780,3.780
e000576,exploratory,copy_contiguous,candidate,1,4,BAAB,copy_contiguous,process,250,10,1025,4,new_name,synthetic_sweep,1,54215100a825da9eb7cfbd8f045e54ef05fb29bd,false,1b36f48efea63210dfeeee7270dea968ab5ba58da27f90aa42845eb8a64a6649,12b1dafe765a77d1a17115b0ae12cff973f20ed7d6d770fbd790695fe081288e,0e4833553be7825885da5ea99bceab292cc8abee6414d58b31864afe8ca9f944,c89b17de3d4d36a4e106517b0737619bd65f0e2877d95adbf2f297762f71fb7b,6e938dfcd266a2b0eac811d7ea7eabbd5b217965f88efa81371465134dbcab11,2026-07-15T18:51:58.206314+00:00,8o8-arch,7.0.12-arch1-1,AMD Ryzen 9 3900X 12-Core Processor,"logical=24,cores=12,sockets=1,nodes=1",performance,rustc 1.97.0 (2d8144b78 2026-07-07),22.1.6,cargo 1.97.0 (c980f4866 2026-06-30),"release,lto=thin,debug=true",/home/bob/.cache/mess-bench,/dev/nvme0n1p3,ext4,/home,Samsung SSD 970 EVO Plus 2TB,[none] mq-deadline kyber bfq,249457737728,4096,1024,payload[i]=(i*131+17)&0xff,3.783203125,accepted,,1025,2050,0,11,bytes,124025,112750,33915200,11,0,0,0,33915200,0,8203242,8256944,481320,3470067,3470067,3.780,3.780
e000577,exploratory,pwritev_full_8m,baseline,1,1,ABBA,k_pwrite,process,250,100,2,2,domain,synthetic_sweep,1,54215100a825da9eb7cfbd8f045e54ef05fb29bd,false,1b36f48efea63210dfeeee7270dea968ab5ba58da27f90aa42845eb8a64a6649,12b1dafe765a77d1a17115b0ae12cff973f20ed7d6d770fbd790695fe081288e,0e4833553be7825885da5ea99bceab292cc8abee6414d58b31864afe8ca9f944,c89b17de3d4d36a4e106517b0737619bd65f0e2877d95adbf2f297762f71fb7b,6e938dfcd266a2b0eac811d7ea7eabbd5b217965f88efa81371465134dbcab11,2026-07-15T18:51:59.239163+00:00,8o8-arch,7.0.12-arch1-1,AMD Ryzen 9 3900X 12-Core Processor,"logical=24,cores=12,sockets=1,nodes=1",performance,rustc 1.97.0 (2d8144b78 2026-07-07),22.1.6,cargo 1.97.0 (c980f4866 2026-06-30),"release,lto=thin,debug=true",/home/bob/.cache/mess-bench,/dev/nvme0n1p3,ext4,/home,Samsung SSD 970 EVO Plus 2TB,[none] mq-deadline kyber bfq,249457729536,4096,1024,payload[i]=(i*131+17)&0xff,3.783203125,accepted,,2,2,0,602,bytes,120400,120400,33577152,1204,0,0,0,0,0,3396651,3431998,5440,5940,11330,3.780,3.780
e000578,exploratory,pwritev_full_8m,candidate,1,2,ABBA,pwritev_full_8m,process,250,100,2,2,domain,synthetic_sweep,1,54215100a825da9eb7cfbd8f045e54ef05fb29bd,false,1b36f48efea63210dfeeee7270dea968ab5ba58da27f90aa42845eb8a64a6649,12b1dafe765a77d1a17115b0ae12cff973f20ed7d6d770fbd790695fe081288e,0e4833553be7825885da5ea99bceab292cc8abee6414d58b31864afe8ca9f944,c89b17de3d4d36a4e106517b0737619bd65f0e2877d95adbf2f297762f71fb7b,6e938dfcd266a2b0eac811d7ea7eabbd5b217965f88efa81371465134dbcab11,2026-07-15T18:52:00.266084+00:00,8o8-arch,7.0.12-arch1-1,AMD Ryzen 9 3900X 12-Core Processor,"logical=24,cores=12,sockets=1,nodes=1",performance,rustc 1.97.0 (2d8144b78 2026-07-07),22.1.6,cargo 1.97.0 (c980f4866 2026-06-30),"release,lto=thin,debug=true",/home/bob/.cache/mess-bench,/dev/nvme0n1p3,ext4,/home,Samsung SSD 970 EVO Plus 2TB,[none] mq-deadline kyber bfq,249457725440,4096,1024,payload[i]=(i*131+17)&0xff,3.783203125,accepted,,2,2,0,602,bytes,120400,120400,33577152,602,0,0,2,0,0,4958012,5207567,4550,12170,70750,3.780,3.780
e000579,exploratory,pwritev_full_8m,candidate,1,3,ABBA,pwritev_full_8m,process,250,100,2,2,domain,synthetic_sweep,1,54215100a825da9eb7cfbd8f045e54ef05fb29bd,false,1b36f48efea63210dfeeee7270dea968ab5ba58da27f90aa42845eb8a64a6649,12b1dafe765a77d1a17115b0ae12cff973f20ed7d6d770fbd790695fe081288e,0e4833553be7825885da5ea99bceab292cc8abee6414d58b31864afe8ca9f944,c89b17de3d4d36a4e106517b0737619bd65f0e2877d95adbf2f297762f71fb7b,6e938dfcd266a2b0eac811d7ea7eabbd5b217965f88efa81371465134dbcab11,2026-07-15T18:52:01.295519+00:00,8o8-arch,7.0.12-arch1-1,AMD Ryzen 9 3900X 12-Core Processor,"logical=24,cores=12,sockets=1,nodes=1",performance,rustc 1.97.0 (2d8144b78 2026-07-07),22.1.6,cargo 1.97.0 (c980f4866 2026-06-30),"release,lto=thin,debug=true",/home/bob/.cache/mess-bench,/dev/nvme0n1p3,ext4,/home,Samsung SSD 970 EVO Plus 2TB,[none] mq-deadline kyber bfq,249457725440,4096,1024,payload[i]=(i*131+17)&0xff,3.72021484375,accepted,,2,2,0,602,bytes,120400,120400,33577152,602,0,0,2,0,0,2661490,2688568,4180,5460,6690,3.720,3.720
e000580,exploratory,pwritev_full_8m,baseline,1,4,ABBA,k_pwrite,process,250,100,2,2,domain,synthetic_sweep,1,54215100a825da9eb7cfbd8f045e54ef05fb29bd,false,1b36f48efea63210dfeeee7270dea968ab5ba58da27f90aa42845eb8a64a6649,12b1dafe765a77d1a17115b0ae12cff973f20ed7d6d770fbd790695fe081288e,0e4833553be7825885da5ea99bceab292cc8abee6414d58b31864afe8ca9f944,c89b17de3d4d36a4e106517b0737619bd65f0e2877d95adbf2f297762f71fb7b,6e938dfcd266a2b0eac811d7ea7eabbd5b217965f88efa81371465134dbcab11,2026-07-15T18:52:02.321842+00:00,8o8-arch,7.0.12-arch1-1,AMD Ryzen 9 3900X 12-Core Processor,"logical=24,cores=12,sockets=1,nodes=1",performance,rustc 1.97.0 (2d8144b78 2026-07-07),22.1.6,cargo 1.97.0 (c980f4866 2026-06-30),"release,lto=thin,debug=true",/home/bob/.cache/mess-bench,/dev/nvme0n1p3,ext4,/home,Samsung SSD 970 EVO Plus 2TB,[none] mq-deadline kyber bfq,249457709056,4096,1024,payload[i]=(i*131+17)&0xff,3.72021484375,accepted,,2,2,0,602,bytes,120400,120400,33577152,1204,0,0,0,0,0,3409261,3443147,5480,6240,8300,3.720,3.720
e000581,exploratory,copy_contiguous,candidate,1,1,BAAB,copy_contiguous,process,250,100,2,2,domain,synthetic_sweep,1,54215100a825da9eb7cfbd8f045e54ef05fb29bd,false,1b36f48efea63210dfeeee7270dea968ab5ba58da27f90aa42845eb8a64a6649,12b1dafe765a77d1a17115b0ae12cff973f20ed7d6d770fbd790695fe081288e,0e4833553be7825885da5ea99bceab292cc8abee6414d58b31864afe8ca9f944,c89b17de3d4d36a4e106517b0737619bd65f0e2877d95adbf2f297762f71fb7b,6e938dfcd266a2b0eac811d7ea7eabbd5b217965f88efa81371465134dbcab11,2026-07-15T18:52:03.352732+00:00,8o8-arch,7.0.12-arch1-1,AMD Ryzen 9 3900X 12-Core Processor,"logical=24,cores=12,sockets=1,nodes=1",performance,rustc 1.97.0 (2d8144b78 2026-07-07),22.1.6,cargo 1.97.0 (c980f4866 2026-06-30),"release,lto=thin,debug=true",/home/bob/.cache/mess-bench,/dev/nvme0n1p3,ext4,/home,Samsung SSD 970 EVO Plus 2TB,[none] mq-deadline kyber bfq,249457709056,4096,1024,payload[i]=(i*131+17)&0xff,3.72021484375,accepted,,2,2,0,602,bytes,120400,120400,33577152,602,0,0,0,33577152,0,3179131,3206328,5170,5350,6970,3.720,3.720
e000582,exploratory,copy_contiguous,baseline,1,2,BAAB,k_pwrite,process,250,100,2,2,domain,synthetic_sweep,1,54215100a825da9eb7cfbd8f045e54ef05fb29bd,false,1b36f48efea63210dfeeee7270dea968ab5ba58da27f90aa42845eb8a64a6649,12b1dafe765a77d1a17115b0ae12cff973f20ed7d6d770fbd790695fe081288e,0e4833553be7825885da5ea99bceab292cc8abee6414d58b31864afe8ca9f944,c89b17de3d4d36a4e106517b0737619bd65f0e2877d95adbf2f297762f71fb7b,6e938dfcd266a2b0eac811d7ea7eabbd5b217965f88efa81371465134dbcab11,2026-07-15T18:52:04.387526+00:00,8o8-arch,7.0.12-arch1-1,AMD Ryzen 9 3900X 12-Core Processor,"logical=24,cores=12,sockets=1,nodes=1",performance,rustc 1.97.0 (2d8144b78 2026-07-07),22.1.6,cargo 1.97.0 (c980f4866 2026-06-30),"release,lto=thin,debug=true",/home/bob/.cache/mess-bench,/dev/nvme0n1p3,ext4,/home,Samsung SSD 970 EVO Plus 2TB,[none] mq-deadline kyber bfq,249457704960,4096,1024,payload[i]=(i*131+17)&0xff,3.72021484375,accepted,,2,2,0,602,bytes,120400,120400,33577152,1204,0,0,0,0,0,3451101,3496088,5450,7020,13130,3.720,3.720
e000583,exploratory,copy_contiguous,baseline,1,3,BAAB,k_pwrite,process,250,100,2,2,domain,synthetic_sweep,1,54215100a825da9eb7cfbd8f045e54ef05fb29bd,false,1b36f48efea63210dfeeee7270dea968ab5ba58da27f90aa42845eb8a64a6649,12b1dafe765a77d1a17115b0ae12cff973f20ed7d6d770fbd790695fe081288e,0e4833553be7825885da5ea99bceab292cc8abee6414d58b31864afe8ca9f944,c89b17de3d4d36a4e106517b0737619bd65f0e2877d95adbf2f297762f71fb7b,6e938dfcd266a2b0eac811d7ea7eabbd5b217965f88efa81371465134dbcab11,2026-07-15T18:52:05.421576+00:00,8o8-arch,7.0.12-arch1-1,AMD Ryzen 9 3900X 12-Core Processor,"logical=24,cores=12,sockets=1,nodes=1",performance,rustc 1.97.0 (2d8144b78 2026-07-07),22.1.6,cargo 1.97.0 (c980f4866 2026-06-30),"release,lto=thin,debug=true",/home/bob/.cache/mess-bench,/dev/nvme0n1p3,ext4,/home,Samsung SSD 970 EVO Plus 2TB,[none] mq-deadline kyber bfq,249457704960,4096,1024,payload[i]=(i*131+17)&0xff,3.72021484375,accepted,,2,2,0,602,bytes,120400,120400,33577152,1204,0,0,0,0,0,3417091,3457758,5440,6440,9070,3.720,3.720
e000584,exploratory,copy_contiguous,candidate,1,4,BAAB,copy_contiguous,process,250,100,2,2,domain,synthetic_sweep,1,54215100a825da9eb7cfbd8f045e54ef05fb29bd,false,1b36f48efea63210dfeeee7270dea968ab5ba58da27f90aa42845eb8a64a6649,12b1dafe765a77d1a17115b0ae12cff973f20ed7d6d770fbd790695fe081288e,0e4833553be7825885da5ea99bceab292cc8abee6414d58b31864afe8ca9f944,c89b17de3d4d36a4e106517b0737619bd65f0e2877d95adbf2f297762f71fb7b,6e938dfcd266a2b0eac811d7ea7eabbd5b217965f88efa81371465134dbcab11,2026-07-15T18:52:06.454117+00:00,8o8-arch,7.0.12-arch1-1,AMD Ryzen 9 3900X 12-Core Processor,"logical=24,cores=12,sockets=1,nodes=1",performance,rustc 1.97.0 (2d8144b78 2026-07-07),22.1.6,cargo 1.97.0 (c980f4866 2026-06-30),"release,lto=thin,debug=true",/home/bob/.cache/mess-bench,/dev/nvme0n1p3,ext4,/home,Samsung SSD 970 EVO Plus 2TB,[none] mq-deadline kyber bfq,249457700864,4096,1024,payload[i]=(i*131+17)&0xff,3.58203125,accepted,,2,2,0,602,bytes,120400,120400,33577152,602,0,0,0,33577152,0,3172841,3233958,4980,6600,9770,3.580,3.580
e000585,exploratory,pwritev_full_8m,baseline,1,1,ABBA,k_pwrite,process,250,100,2,2,new_name,synthetic_sweep,1,54215100a825da9eb7cfbd8f045e54ef05fb29bd,false,1b36f48efea63210dfeeee7270dea968ab5ba58da27f90aa42845eb8a64a6649,12b1dafe765a77d1a17115b0ae12cff973f20ed7d6d770fbd790695fe081288e,0e4833553be7825885da5ea99bceab292cc8abee6414d58b31864afe8ca9f944,c89b17de3d4d36a4e106517b0737619bd65f0e2877d95adbf2f297762f71fb7b,6e938dfcd266a2b0eac811d7ea7eabbd5b217965f88efa81371465134dbcab11,2026-07-15T18:52:07.483302+00:00,8o8-arch,7.0.12-arch1-1,AMD Ryzen 9 3900X 12-Core Processor,"logical=24,cores=12,sockets=1,nodes=1",performance,rustc 1.97.0 (2d8144b78 2026-07-07),22.1.6,cargo 1.97.0 (c980f4866 2026-06-30),"release,lto=thin,debug=true",/home/bob/.cache/mess-bench,/dev/nvme0n1p3,ext4,/home,Samsung SSD 970 EVO Plus 2TB,[none] mq-deadline kyber bfq,249457696768,4096,1024,payload[i]=(i*131+17)&0xff,3.58203125,accepted,,2,4,0,599,bytes,120998,119800,33577544,2396,0,0,0,0,0,4340321,4380487,6880,9520,11410,3.580,3.580
e000586,exploratory,pwritev_full_8m,candidate,1,2,ABBA,pwritev_full_8m,process,250,100,2,2,new_name,synthetic_sweep,1,54215100a825da9eb7cfbd8f045e54ef05fb29bd,false,1b36f48efea63210dfeeee7270dea968ab5ba58da27f90aa42845eb8a64a6649,12b1dafe765a77d1a17115b0ae12cff973f20ed7d6d770fbd790695fe081288e,0e4833553be7825885da5ea99bceab292cc8abee6414d58b31864afe8ca9f944,c89b17de3d4d36a4e106517b0737619bd65f0e2877d95adbf2f297762f71fb7b,6e938dfcd266a2b0eac811d7ea7eabbd5b217965f88efa81371465134dbcab11,2026-07-15T18:52:08.522060+00:00,8o8-arch,7.0.12-arch1-1,AMD Ryzen 9 3900X 12-Core Processor,"logical=24,cores=12,sockets=1,nodes=1",performance,rustc 1.97.0 (2d8144b78 2026-07-07),22.1.6,cargo 1.97.0 (c980f4866 2026-06-30),"release,lto=thin,debug=true",/home/bob/.cache/mess-bench,/dev/nvme0n1p3,ext4,/home,Samsung SSD 970 EVO Plus 2TB,[none] mq-deadline kyber bfq,249457688576,4096,1024,payload[i]=(i*131+17)&0xff,3.58203125,accepted,,2,4,0,599,bytes,120998,119800,33577544,599,0,0,4,0,0,5353351,5729795,4260,7070,137670,3.580,3.580
e000587,exploratory,pwritev_full_8m,candidate,1,3,ABBA,pwritev_full_8m,process,250,100,2,2,new_name,synthetic_sweep,1,54215100a825da9eb7cfbd8f045e54ef05fb29bd,false,1b36f48efea63210dfeeee7270dea968ab5ba58da27f90aa42845eb8a64a6649,12b1dafe765a77d1a17115b0ae12cff973f20ed7d6d770fbd790695fe081288e,0e4833553be7825885da5ea99bceab292cc8abee6414d58b31864afe8ca9f944,c89b17de3d4d36a4e106517b0737619bd65f0e2877d95adbf2f297762f71fb7b,6e938dfcd266a2b0eac811d7ea7eabbd5b217965f88efa81371465134dbcab11,2026-07-15T18:52:09.550288+00:00,8o8-arch,7.0.12-arch1-1,AMD Ryzen 9 3900X 12-Core Processor,"logical=24,cores=12,sockets=1,nodes=1",performance,rustc 1.97.0 (2d8144b78 2026-07-07),22.1.6,cargo 1.97.0 (c980f4866 2026-06-30),"release,lto=thin,debug=true",/home/bob/.cache/mess-bench,/dev/nvme0n1p3,ext4,/home,Samsung SSD 970 EVO Plus 2TB,[none] mq-deadline kyber bfq,249457684480,4096,1024,payload[i]=(i*131+17)&0xff,3.58203125,accepted,,2,4,0,599,bytes,120998,119800,33577544,599,0,0,4,0,0,2677931,2723068,4260,5600,6930,3.580,3.580
e000588,exploratory,pwritev_full_8m,baseline,1,4,ABBA,k_pwrite,process,250,100,2,2,new_name,synthetic_sweep,1,54215100a825da9eb7cfbd8f045e54ef05fb29bd,false,1b36f48efea63210dfeeee7270dea968ab5ba58da27f90aa42845eb8a64a6649,12b1dafe765a77d1a17115b0ae12cff973f20ed7d6d770fbd790695fe081288e,0e4833553be7825885da5ea99bceab292cc8abee6414d58b31864afe8ca9f944,c89b17de3d4d36a4e106517b0737619bd65f0e2877d95adbf2f297762f71fb7b,6e938dfcd266a2b0eac811d7ea7eabbd5b217965f88efa81371465134dbcab11,2026-07-15T18:52:10.579839+00:00,8o8-arch,7.0.12-arch1-1,AMD Ryzen 9 3900X 12-Core Processor,"logical=24,cores=12,sockets=1,nodes=1",performance,rustc 1.97.0 (2d8144b78 2026-07-07),22.1.6,cargo 1.97.0 (c980f4866 2026-06-30),"release,lto=thin,debug=true",/home/bob/.cache/mess-bench,/dev/nvme0n1p3,ext4,/home,Samsung SSD 970 EVO Plus 2TB,[none] mq-deadline kyber bfq,249457680384,4096,1024,payload[i]=(i*131+17)&0xff,3.58203125,accepted,,2,4,0,599,bytes,120998,119800,33577544,2396,0,0,0,0,0,4278201,4319746,6900,8320,13300,3.580,3.580
e000589,exploratory,copy_contiguous,candidate,1,1,BAAB,copy_contiguous,process,250,100,2,2,new_name,synthetic_sweep,1,54215100a825da9eb7cfbd8f045e54ef05fb29bd,false,1b36f48efea63210dfeeee7270dea968ab5ba58da27f90aa42845eb8a64a6649,12b1dafe765a77d1a17115b0ae12cff973f20ed7d6d770fbd790695fe081288e,0e4833553be7825885da5ea99bceab292cc8abee6414d58b31864afe8ca9f944,c89b17de3d4d36a4e106517b0737619bd65f0e2877d95adbf2f297762f71fb7b,6e938dfcd266a2b0eac811d7ea7eabbd5b217965f88efa81371465134dbcab11,2026-07-15T18:52:11.611306+00:00,8o8-arch,7.0.12-arch1-1,AMD Ryzen 9 3900X 12-Core Processor,"logical=24,cores=12,sockets=1,nodes=1",performance,rustc 1.97.0 (2d8144b78 2026-07-07),22.1.6,cargo 1.97.0 (c980f4866 2026-06-30),"release,lto=thin,debug=true",/home/bob/.cache/mess-bench,/dev/nvme0n1p3,ext4,/home,Samsung SSD 970 EVO Plus 2TB,[none] mq-deadline kyber bfq,249457676288,4096,1024,payload[i]=(i*131+17)&0xff,3.375,accepted,,2,4,0,599,bytes,120998,119800,33577544,599,0,0,0,33577544,0,3989801,4036378,6290,8650,11650,3.370,3.370
e000590,exploratory,copy_contiguous,baseline,1,2,BAAB,k_pwrite,process,250,100,2,2,new_name,synthetic_sweep,1,54215100a825da9eb7cfbd8f045e54ef05fb29bd,false,1b36f48efea63210dfeeee7270dea968ab5ba58da27f90aa42845eb8a64a6649,12b1dafe765a77d1a17115b0ae12cff973f20ed7d6d770fbd790695fe081288e,0e4833553be7825885da5ea99bceab292cc8abee6414d58b31864afe8ca9f944,c89b17de3d4d36a4e106517b0737619bd65f0e2877d95adbf2f297762f71fb7b,6e938dfcd266a2b0eac811d7ea7eabbd5b217965f88efa81371465134dbcab11,2026-07-15T18:52:12.641978+00:00,8o8-arch,7.0.12-arch1-1,AMD Ryzen 9 3900X 12-Core Processor,"logical=24,cores=12,sockets=1,nodes=1",performance,rustc 1.97.0 (2d8144b78 2026-07-07),22.1.6,cargo 1.97.0 (c980f4866 2026-06-30),"release,lto=thin,debug=true",/home/bob/.cache/mess-bench,/dev/nvme0n1p3,ext4,/home,Samsung SSD 970 EVO Plus 2TB,[none] mq-deadline kyber bfq,249457672192,4096,1024,payload[i]=(i*131+17)&0xff,3.375,accepted,,2,4,0,599,bytes,120998,119800,33577544,2396,0,0,0,0,0,4305471,4348717,6940,7430,11750,3.370,3.370
e000591,exploratory,copy_contiguous,baseline,1,3,BAAB,k_pwrite,process,250,100,2,2,new_name,synthetic_sweep,1,54215100a825da9eb7cfbd8f045e54ef05fb29bd,false,1b36f48efea63210dfeeee7270dea968ab5ba58da27f90aa42845eb8a64a6649,12b1dafe765a77d1a17115b0ae12cff973f20ed7d6d770fbd790695fe081288e,0e4833553be7825885da5ea99bceab292cc8abee6414d58b31864afe8ca9f944,c89b17de3d4d36a4e106517b0737619bd65f0e2877d95adbf2f297762f71fb7b,6e938dfcd266a2b0eac811d7ea7eabbd5b217965f88efa81371465134dbcab11,2026-07-15T18:52:13.669397+00:00,8o8-arch,7.0.12-arch1-1,AMD Ryzen 9 3900X 12-Core Processor,"logical=24,cores=12,sockets=1,nodes=1",performance,rustc 1.97.0 (2d8144b78 2026-07-07),22.1.6,cargo 1.97.0 (c980f4866 2026-06-30),"release,lto=thin,debug=true",/home/bob/.cache/mess-bench,/dev/nvme0n1p3,ext4,/home,Samsung SSD 970 EVO Plus 2TB,[none] mq-deadline kyber bfq,249457672192,4096,1024,payload[i]=(i*131+17)&0xff,3.375,accepted,,2,4,0,599,bytes,120998,119800,33577544,2396,0,0,0,0,0,4491211,4692196,6910,10530,21380,3.370,3.370
e000592,exploratory,copy_contiguous,candidate,1,4,BAAB,copy_contiguous,process,250,100,2,2,new_name,synthetic_sweep,1,54215100a825da9eb7cfbd8f045e54ef05fb29bd,false,1b36f48efea63210dfeeee7270dea968ab5ba58da27f90aa42845eb8a64a6649,12b1dafe765a77d1a17115b0ae12cff973f20ed7d6d770fbd790695fe081288e,0e4833553be7825885da5ea99bceab292cc8abee6414d58b31864afe8ca9f944,c89b17de3d4d36a4e106517b0737619bd65f0e2877d95adbf2f297762f71fb7b,6e938dfcd266a2b0eac811d7ea7eabbd5b217965f88efa81371465134dbcab11,2026-07-15T18:52:14.697648+00:00,8o8-arch,7.0.12-arch1-1,AMD Ryzen 9 3900X 12-Core Processor,"logical=24,cores=12,sockets=1,nodes=1",performance,rustc 1.97.0 (2d8144b78 2026-07-07),22.1.6,cargo 1.97.0 (c980f4866 2026-06-30),"release,lto=thin,debug=true",/home/bob/.cache/mess-bench,/dev/nvme0n1p3,ext4,/home,Samsung SSD 970 EVO Plus 2TB,[none] mq-deadline kyber bfq,249457672192,4096,1024,payload[i]=(i*131+17)&0xff,3.375,accepted,,2,4,0,599,bytes,120998,119800,33577544,599,0,0,0,33577544,0,3500111,3550588,5270,6990,13660,3.370,3.370
e000593,exploratory,pwritev_full_8m,baseline,1,1,ABBA,k_pwrite,process,250,100,4,4,domain,synthetic_sweep,1,54215100a825da9eb7cfbd8f045e54ef05fb29bd,false,1b36f48efea63210dfeeee7270dea968ab5ba58da27f90aa42845eb8a64a6649,12b1dafe765a77d1a17115b0ae12cff973f20ed7d6d770fbd790695fe081288e,0e4833553be7825885da5ea99bceab292cc8abee6414d58b31864afe8ca9f944,c89b17de3d4d36a4e106517b0737619bd65f0e2877d95adbf2f297762f71fb7b,6e938dfcd266a2b0eac811d7ea7eabbd5b217965f88efa81371465134dbcab11,2026-07-15T18:52:15.722255+00:00,8o8-arch,7.0.12-arch1-1,AMD Ryzen 9 3900X 12-Core Processor,"logical=24,cores=12,sockets=1,nodes=1",performance,rustc 1.97.0 (2d8144b78 2026-07-07),22.1.6,cargo 1.97.0 (c980f4866 2026-06-30),"release,lto=thin,debug=true",/home/bob/.cache/mess-bench,/dev/nvme0n1p3,ext4,/home,Samsung SSD 970 EVO Plus 2TB,[none] mq-deadline kyber bfq,249457659904,4096,1024,payload[i]=(i*131+17)&0xff,3.375,accepted,,4,4,0,301,bytes,120400,120400,33577152,1204,0,0,0,0,0,4188591,4244417,12270,19680,21620,3.370,3.370
e000594,exploratory,pwritev_full_8m,candidate,1,2,ABBA,pwritev_full_8m,process,250,100,4,4,domain,synthetic_sweep,1,54215100a825da9eb7cfbd8f045e54ef05fb29bd,false,1b36f48efea63210dfeeee7270dea968ab5ba58da27f90aa42845eb8a64a6649,12b1dafe765a77d1a17115b0ae12cff973f20ed7d6d770fbd790695fe081288e,0e4833553be7825885da5ea99bceab292cc8abee6414d58b31864afe8ca9f944,c89b17de3d4d36a4e106517b0737619bd65f0e2877d95adbf2f297762f71fb7b,6e938dfcd266a2b0eac811d7ea7eabbd5b217965f88efa81371465134dbcab11,2026-07-15T18:52:16.749228+00:00,8o8-arch,7.0.12-arch1-1,AMD Ryzen 9 3900X 12-Core Processor,"logical=24,cores=12,sockets=1,nodes=1",performance,rustc 1.97.0 (2d8144b78 2026-07-07),22.1.6,cargo 1.97.0 (c980f4866 2026-06-30),"release,lto=thin,debug=true",/home/bob/.cache/mess-bench,/dev/nvme0n1p3,ext4,/home,Samsung SSD 970 EVO Plus 2TB,[none] mq-deadline kyber bfq,249457676288,4096,1024,payload[i]=(i*131+17)&0xff,3.3447265625,accepted,,4,4,0,301,bytes,120400,120400,33577152,301,0,0,4,0,0,2197911,2238539,6830,10100,14460,3.340,3.340
e000595,exploratory,pwritev_full_8m,candidate,1,3,ABBA,pwritev_full_8m,process,250,100,4,4,domain,synthetic_sweep,1,54215100a825da9eb7cfbd8f045e54ef05fb29bd,false,1b36f48efea63210dfeeee7270dea968ab5ba58da27f90aa42845eb8a64a6649,12b1dafe765a77d1a17115b0ae12cff973f20ed7d6d770fbd790695fe081288e,0e4833553be7825885da5ea99bceab292cc8abee6414d58b31864afe8ca9f944,c89b17de3d4d36a4e106517b0737619bd65f0e2877d95adbf2f297762f71fb7b,6e938dfcd266a2b0eac811d7ea7eabbd5b217965f88efa81371465134dbcab11,2026-07-15T18:52:17.781410+00:00,8o8-arch,7.0.12-arch1-1,AMD Ryzen 9 3900X 12-Core Processor,"logical=24,cores=12,sockets=1,nodes=1",performance,rustc 1.97.0 (2d8144b78 2026-07-07),22.1.6,cargo 1.97.0 (c980f4866 2026-06-30),"release,lto=thin,debug=true",/home/bob/.cache/mess-bench,/dev/nvme0n1p3,ext4,/home,Samsung SSD 970 EVO Plus 2TB,[none] mq-deadline kyber bfq,249457659904,4096,1024,payload[i]=(i*131+17)&0xff,3.3447265625,accepted,,4,4,0,301,bytes,120400,120400,33577152,301,0,0,4,0,0,2309680,2355359,7100,10790,21810,3.340,3.340
e000596,exploratory,pwritev_full_8m,baseline,1,4,ABBA,k_pwrite,process,250,100,4,4,domain,synthetic_sweep,1,54215100a825da9eb7cfbd8f045e54ef05fb29bd,false,1b36f48efea63210dfeeee7270dea968ab5ba58da27f90aa42845eb8a64a6649,12b1dafe765a77d1a17115b0ae12cff973f20ed7d6d770fbd790695fe081288e,0e4833553be7825885da5ea99bceab292cc8abee6414d58b31864afe8ca9f944,c89b17de3d4d36a4e106517b0737619bd65f0e2877d95adbf2f297762f71fb7b,6e938dfcd266a2b0eac811d7ea7eabbd5b217965f88efa81371465134dbcab11,2026-07-15T18:52:18.812972+00:00,8o8-arch,7.0.12-arch1-1,AMD Ryzen 9 3900X 12-Core Processor,"logical=24,cores=12,sockets=1,nodes=1",performance,rustc 1.97.0 (2d8144b78 2026-07-07),22.1.6,cargo 1.97.0 (c980f4866 2026-06-30),"release,lto=thin,debug=true",/home/bob/.cache/mess-bench,/dev/nvme0n1p3,ext4,/home,Samsung SSD 970 EVO Plus 2TB,[none] mq-deadline kyber bfq,249457655808,4096,1024,payload[i]=(i*131+17)&0xff,3.3447265625,accepted,,4,4,0,301,bytes,120400,120400,33577152,1204,0,0,0,0,0,3635281,3673697,11580,14840,23550,3.340,3.340
e000597,exploratory,copy_contiguous,candidate,1,1,BAAB,copy_contiguous,process,250,100,4,4,domain,synthetic_sweep,1,54215100a825da9eb7cfbd8f045e54ef05fb29bd,false,1b36f48efea63210dfeeee7270dea968ab5ba58da27f90aa42845eb8a64a6649,12b1dafe765a77d1a17115b0ae12cff973f20ed7d6d770fbd790695fe081288e,0e4833553be7825885da5ea99bceab292cc8abee6414d58b31864afe8ca9f944,c89b17de3d4d36a4e106517b0737619bd65f0e2877d95adbf2f297762f71fb7b,6e938dfcd266a2b0eac811d7ea7eabbd5b217965f88efa81371465134dbcab11,2026-07-15T18:52:19.845457+00:00,8o8-arch,7.0.12-arch1-1,AMD Ryzen 9 3900X 12-Core Processor,"logical=24,cores=12,sockets=1,nodes=1",performance,rustc 1.97.0 (2d8144b78 2026-07-07),22.1.6,cargo 1.97.0 (c980f4866 2026-06-30),"release,lto=thin,debug=true",/home/bob/.cache/mess-bench,/dev/nvme0n1p3,ext4,/home,Samsung SSD 970 EVO Plus 2TB,[none] mq-deadline kyber bfq,249457651712,4096,1024,payload[i]=(i*131+17)&0xff,3.3447265625,accepted,,4,4,0,301,bytes,120400,120400,33577152,301,0,0,0,33577152,0,2945691,2966088,8930,14440,16810,3.340,3.340
e000598,exploratory,copy_contiguous,baseline,1,2,BAAB,k_pwrite,process,250,100,4,4,domain,synthetic_sweep,1,54215100a825da9eb7cfbd8f045e54ef05fb29bd,false,1b36f48efea63210dfeeee7270dea968ab5ba58da27f90aa42845eb8a64a6649,12b1dafe765a77d1a17115b0ae12cff973f20ed7d6d770fbd790695fe081288e,0e4833553be7825885da5ea99bceab292cc8abee6414d58b31864afe8ca9f944,c89b17de3d4d36a4e106517b0737619bd65f0e2877d95adbf2f297762f71fb7b,6e938dfcd266a2b0eac811d7ea7eabbd5b217965f88efa81371465134dbcab11,2026-07-15T18:52:20.870015+00:00,8o8-arch,7.0.12-arch1-1,AMD Ryzen 9 3900X 12-Core Processor,"logical=24,cores=12,sockets=1,nodes=1",performance,rustc 1.97.0 (2d8144b78 2026-07-07),22.1.6,cargo 1.97.0 (c980f4866 2026-06-30),"release,lto=thin,debug=true",/home/bob/.cache/mess-bench,/dev/nvme0n1p3,ext4,/home,Samsung SSD 970 EVO Plus 2TB,[none] mq-deadline kyber bfq,249457651712,4096,1024,payload[i]=(i*131+17)&0xff,3.3447265625,accepted,,4,4,0,301,bytes,120400,120400,33577152,1204,0,0,0,0,0,3587481,3607337,11160,16860,20960,3.340,3.340
e000599,exploratory,copy_contiguous,baseline,1,3,BAAB,k_pwrite,process,250,100,4,4,domain,synthetic_sweep,1,54215100a825da9eb7cfbd8f045e54ef05fb29bd,false,1b36f48efea63210dfeeee7270dea968ab5ba58da27f90aa42845eb8a64a6649,12b1dafe765a77d1a17115b0ae12cff973f20ed7d6d770fbd790695fe081288e,0e4833553be7825885da5ea99bceab292cc8abee6414d58b31864afe8ca9f944,c89b17de3d4d36a4e106517b0737619bd65f0e2877d95adbf2f297762f71fb7b,6e938dfcd266a2b0eac811d7ea7eabbd5b217965f88efa81371465134dbcab11,2026-07-15T18:52:21.898074+00:00,8o8-arch,7.0.12-arch1-1,AMD Ryzen 9 3900X 12-Core Processor,"logical=24,cores=12,sockets=1,nodes=1",performance,rustc 1.97.0 (2d8144b78 2026-07-07),22.1.6,cargo 1.97.0 (c980f4866 2026-06-30),"release,lto=thin,debug=true",/home/bob/.cache/mess-bench,/dev/nvme0n1p3,ext4,/home,Samsung SSD 970 EVO Plus 2TB,[none] mq-deadline kyber bfq,249457651712,4096,1024,payload[i]=(i*131+17)&0xff,3.23681640625,accepted,,4,4,0,301,bytes,120400,120400,33577152,1204,0,0,0,0,0,3776531,3810818,11750,17160,22280,3.240,3.240
e000600,exploratory,copy_contiguous,candidate,1,4,BAAB,copy_contiguous,process,250,100,4,4,domain,synthetic_sweep,1,54215100a825da9eb7cfbd8f045e54ef05fb29bd,false,1b36f48efea63210dfeeee7270dea968ab5ba58da27f90aa42845eb8a64a6649,12b1dafe765a77d1a17115b0ae12cff973f20ed7d6d770fbd790695fe081288e,0e4833553be7825885da5ea99bceab292cc8abee6414d58b31864afe8ca9f944,c89b17de3d4d36a4e106517b0737619bd65f0e2877d95adbf2f297762f71fb7b,6e938dfcd266a2b0eac811d7ea7eabbd5b217965f88efa81371465134dbcab11,2026-07-15T18:52:22.931817+00:00,8o8-arch,7.0.12-arch1-1,AMD Ryzen 9 3900X 12-Core Processor,"logical=24,cores=12,sockets=1,nodes=1",performance,rustc 1.97.0 (2d8144b78 2026-07-07),22.1.6,cargo 1.97.0 (c980f4866 2026-06-30),"release,lto=thin,debug=true",/home/bob/.cache/mess-bench,/dev/nvme0n1p3,ext4,/home,Samsung SSD 970 EVO Plus 2TB,[none] mq-deadline kyber bfq,249457643520,4096,1024,payload[i]=(i*131+17)&0xff,3.23681640625,accepted,,4,4,0,301,bytes,120400,120400,33577152,301,0,0,0,33577152,0,5577972,5807846,11050,18370,233289,3.240,3.240
e000601,exploratory,pwritev_full_8m,baseline,1,1,ABBA,k_pwrite,process,250,100,4,4,new_name,synthetic_sweep,1,54215100a825da9eb7cfbd8f045e54ef05fb29bd,false,1b36f48efea63210dfeeee7270dea968ab5ba58da27f90aa42845eb8a64a6649,12b1dafe765a77d1a17115b0ae12cff973f20ed7d6d770fbd790695fe081288e,0e4833553be7825885da5ea99bceab292cc8abee6414d58b31864afe8ca9f944,c89b17de3d4d36a4e106517b0737619bd65f0e2877d95adbf2f297762f71fb7b,6e938dfcd266a2b0eac811d7ea7eabbd5b217965f88efa81371465134dbcab11,2026-07-15T18:52:23.965364+00:00,8o8-arch,7.0.12-arch1-1,AMD Ryzen 9 3900X 12-Core Processor,"logical=24,cores=12,sockets=1,nodes=1",performance,rustc 1.97.0 (2d8144b78 2026-07-07),22.1.6,cargo 1.97.0 (c980f4866 2026-06-30),"release,lto=thin,debug=true",/home/bob/.cache/mess-bench,/dev/nvme0n1p3,ext4,/home,Samsung SSD 970 EVO Plus 2TB,[none] mq-deadline kyber bfq,249457635328,4096,1024,payload[i]=(i*131+17)&0xff,3.23681640625,accepted,,4,8,0,300,bytes,121200,120000,33633600,2400,0,0,0,0,0,6765702,6833895,15580,31840,173060,3.240,3.240
e000602,exploratory,pwritev_full_8m,candidate,1,2,ABBA,pwritev_full_8m,process,250,100,4,4,new_name,synthetic_sweep,1,54215100a825da9eb7cfbd8f045e54ef05fb29bd,false,1b36f48efea63210dfeeee7270dea968ab5ba58da27f90aa42845eb8a64a6649,12b1dafe765a77d1a17115b0ae12cff973f20ed7d6d770fbd790695fe081288e,0e4833553be7825885da5ea99bceab292cc8abee6414d58b31864afe8ca9f944,c89b17de3d4d36a4e106517b0737619bd65f0e2877d95adbf2f297762f71fb7b,6e938dfcd266a2b0eac811d7ea7eabbd5b217965f88efa81371465134dbcab11,2026-07-15T18:52:24.997522+00:00,8o8-arch,7.0.12-arch1-1,AMD Ryzen 9 3900X 12-Core Processor,"logical=24,cores=12,sockets=1,nodes=1",performance,rustc 1.97.0 (2d8144b78 2026-07-07),22.1.6,cargo 1.97.0 (c980f4866 2026-06-30),"release,lto=thin,debug=true",/home/bob/.cache/mess-bench,/dev/nvme0n1p3,ext4,/home,Samsung SSD 970 EVO Plus 2TB,[none] mq-deadline kyber bfq,249457631232,4096,1024,payload[i]=(i*131+17)&0xff,3.23681640625,accepted,,4,8,0,300,bytes,121200,120000,33633600,300,0,0,8,0,0,2234550,2254868,7040,10520,13850,3.240,3.240
e000603,exploratory,pwritev_full_8m,candidate,1,3,ABBA,pwritev_full_8m,process,250,100,4,4,new_name,synthetic_sweep,1,54215100a825da9eb7cfbd8f045e54ef05fb29bd,false,1b36f48efea63210dfeeee7270dea968ab5ba58da27f90aa42845eb8a64a6649,12b1dafe765a77d1a17115b0ae12cff973f20ed7d6d770fbd790695fe081288e,0e4833553be7825885da5ea99bceab292cc8abee6414d58b31864afe8ca9f944,c89b17de3d4d36a4e106517b0737619bd65f0e2877d95adbf2f297762f71fb7b,6e938dfcd266a2b0eac811d7ea7eabbd5b217965f88efa81371465134dbcab11,2026-07-15T18:52:26.022768+00:00,8o8-arch,7.0.12-arch1-1,AMD Ryzen 9 3900X 12-Core Processor,"logical=24,cores=12,sockets=1,nodes=1",performance,rustc 1.97.0 (2d8144b78 2026-07-07),22.1.6,cargo 1.97.0 (c980f4866 2026-06-30),"release,lto=thin,debug=true",/home/bob/.cache/mess-bench,/dev/nvme0n1p3,ext4,/home,Samsung SSD 970 EVO Plus 2TB,[none] mq-deadline kyber bfq,249457631232,4096,1024,payload[i]=(i*131+17)&0xff,3.0576171875,accepted,,4,8,0,300,bytes,121200,120000,33633600,300,0,0,8,0,0,2295121,2324168,7390,9440,13270,3.060,3.060
e000604,exploratory,pwritev_full_8m,baseline,1,4,ABBA,k_pwrite,process,250,100,4,4,new_name,synthetic_sweep,1,54215100a825da9eb7cfbd8f045e54ef05fb29bd,false,1b36f48efea63210dfeeee7270dea968ab5ba58da27f90aa42845eb8a64a6649,12b1dafe765a77d1a17115b0ae12cff973f20ed7d6d770fbd790695fe081288e,0e4833553be7825885da5ea99bceab292cc8abee6414d58b31864afe8ca9f944,c89b17de3d4d36a4e106517b0737619bd65f0e2877d95adbf2f297762f71fb7b,6e938dfcd266a2b0eac811d7ea7eabbd5b217965f88efa81371465134dbcab11,2026-07-15T18:52:27.047844+00:00,8o8-arch,7.0.12-arch1-1,AMD Ryzen 9 3900X 12-Core Processor,"logical=24,cores=12,sockets=1,nodes=1",performance,rustc 1.97.0 (2d8144b78 2026-07-07),22.1.6,cargo 1.97.0 (c980f4866 2026-06-30),"release,lto=thin,debug=true",/home/bob/.cache/mess-bench,/dev/nvme0n1p3,ext4,/home,Samsung SSD 970 EVO Plus 2TB,[none] mq-deadline kyber bfq,249457627136,4096,1024,payload[i]=(i*131+17)&0xff,3.0576171875,accepted,,4,8,0,300,bytes,121200,120000,33633600,2400,0,0,0,0,0,4863291,4892647,15640,20050,23360,3.060,3.060
e000605,exploratory,copy_contiguous,candidate,1,1,BAAB,copy_contiguous,process,250,100,4,4,new_name,synthetic_sweep,1,54215100a825da9eb7cfbd8f045e54ef05fb29bd,false,1b36f48efea63210dfeeee7270dea968ab5ba58da27f90aa42845eb8a64a6649,12b1dafe765a77d1a17115b0ae12cff973f20ed7d6d770fbd790695fe081288e,0e4833553be7825885da5ea99bceab292cc8abee6414d58b31864afe8ca9f944,c89b17de3d4d36a4e106517b0737619bd65f0e2877d95adbf2f297762f71fb7b,6e938dfcd266a2b0eac811d7ea7eabbd5b217965f88efa81371465134dbcab11,2026-07-15T18:52:28.081559+00:00,8o8-arch,7.0.12-arch1-1,AMD Ryzen 9 3900X 12-Core Processor,"logical=24,cores=12,sockets=1,nodes=1",performance,rustc 1.97.0 (2d8144b78 2026-07-07),22.1.6,cargo 1.97.0 (c980f4866 2026-06-30),"release,lto=thin,debug=true",/home/bob/.cache/mess-bench,/dev/nvme0n1p3,ext4,/home,Samsung SSD 970 EVO Plus 2TB,[none] mq-deadline kyber bfq,249457623040,4096,1024,payload[i]=(i*131+17)&0xff,3.0576171875,accepted,,4,8,0,300,bytes,121200,120000,33633600,300,0,0,0,33633600,0,2844371,2860408,9310,9880,14000,3.060,3.060
e000606,exploratory,copy_contiguous,baseline,1,2,BAAB,k_pwrite,process,250,100,4,4,new_name,synthetic_sweep,1,54215100a825da9eb7cfbd8f045e54ef05fb29bd,false,1b36f48efea63210dfeeee7270dea968ab5ba58da27f90aa42845eb8a64a6649,12b1dafe765a77d1a17115b0ae12cff973f20ed7d6d770fbd790695fe081288e,0e4833553be7825885da5ea99bceab292cc8abee6414d58b31864afe8ca9f944,c89b17de3d4d36a4e106517b0737619bd65f0e2877d95adbf2f297762f71fb7b,6e938dfcd266a2b0eac811d7ea7eabbd5b217965f88efa81371465134dbcab11,2026-07-15T18:52:29.109792+00:00,8o8-arch,7.0.12-arch1-1,AMD Ryzen 9 3900X 12-Core Processor,"logical=24,cores=12,sockets=1,nodes=1",performance,rustc 1.97.0 (2d8144b78 2026-07-07),22.1.6,cargo 1.97.0 (c980f4866 2026-06-30),"release,lto=thin,debug=true",/home/bob/.cache/mess-bench,/dev/nvme0n1p3,ext4,/home,Samsung SSD 970 EVO Plus 2TB,[none] mq-deadline kyber bfq,249457610752,4096,1024,payload[i]=(i*131+17)&0xff,3.0576171875,accepted,,4,8,0,300,bytes,121200,120000,33633600,2400,0,0,0,0,0,4837171,4875136,15560,19250,29230,3.060,3.060
e000607,exploratory,copy_contiguous,baseline,1,3,BAAB,k_pwrite,process,250,100,4,4,new_name,synthetic_sweep,1,54215100a825da9eb7cfbd8f045e54ef05fb29bd,false,1b36f48efea63210dfeeee7270dea968ab5ba58da27f90aa42845eb8a64a6649,12b1dafe765a77d1a17115b0ae12cff973f20ed7d6d770fbd790695fe081288e,0e4833553be7825885da5ea99bceab292cc8abee6414d58b31864afe8ca9f944,c89b17de3d4d36a4e106517b0737619bd65f0e2877d95adbf2f297762f71fb7b,6e938dfcd266a2b0eac811d7ea7eabbd5b217965f88efa81371465134dbcab11,2026-07-15T18:52:30.138524+00:00,8o8-arch,7.0.12-arch1-1,AMD Ryzen 9 3900X 12-Core Processor,"logical=24,cores=12,sockets=1,nodes=1",performance,rustc 1.97.0 (2d8144b78 2026-07-07),22.1.6,cargo 1.97.0 (c980f4866 2026-06-30),"release,lto=thin,debug=true",/home/bob/.cache/mess-bench,/dev/nvme0n1p3,ext4,/home,Samsung SSD 970 EVO Plus 2TB,[none] mq-deadline kyber bfq,249457610752,4096,1024,payload[i]=(i*131+17)&0xff,3.0576171875,accepted,,4,8,0,300,bytes,121200,120000,33633600,2400,0,0,0,0,0,5076111,5125556,14660,23390,32790,3.060,3.060
e000608,exploratory,copy_contiguous,candidate,1,4,BAAB,copy_contiguous,process,250,100,4,4,new_name,synthetic_sweep,1,54215100a825da9eb7cfbd8f045e54ef05fb29bd,false,1b36f48efea63210dfeeee7270dea968ab5ba58da27f90aa42845eb8a64a6649,12b1dafe765a77d1a17115b0ae12cff973f20ed7d6d770fbd790695fe081288e,0e4833553be7825885da5ea99bceab292cc8abee6414d58b31864afe8ca9f944,c89b17de3d4d36a4e106517b0737619bd65f0e2877d95adbf2f297762f71fb7b,6e938dfcd266a2b0eac811d7ea7eabbd5b217965f88efa81371465134dbcab11,2026-07-15T18:52:31.163622+00:00,8o8-arch,7.0.12-arch1-1,AMD Ryzen 9 3900X 12-Core Processor,"logical=24,cores=12,sockets=1,nodes=1",performance,rustc 1.97.0 (2d8144b78 2026-07-07),22.1.6,cargo 1.97.0 (c980f4866 2026-06-30),"release,lto=thin,debug=true",/home/bob/.cache/mess-bench,/dev/nvme0n1p3,ext4,/home,Samsung SSD 970 EVO Plus 2TB,[none] mq-deadline kyber bfq,249457606656,4096,1024,payload[i]=(i*131+17)&0xff,4.89501953125,accepted,,4,8,0,300,bytes,121200,120000,33633600,300,0,0,0,33633600,0,6182192,6230705,9290,16220,272689,4.890,4.890
e000609,exploratory,pwritev_full_8m,baseline,1,1,ABBA,k_pwrite,process,250,1000,2,2,domain,synthetic_sweep,1,54215100a825da9eb7cfbd8f045e54ef05fb29bd,false,1b36f48efea63210dfeeee7270dea968ab5ba58da27f90aa42845eb8a64a6649,12b1dafe765a77d1a17115b0ae12cff973f20ed7d6d770fbd790695fe081288e,0e4833553be7825885da5ea99bceab292cc8abee6414d58b31864afe8ca9f944,c89b17de3d4d36a4e106517b0737619bd65f0e2877d95adbf2f297762f71fb7b,6e938dfcd266a2b0eac811d7ea7eabbd5b217965f88efa81371465134dbcab11,2026-07-15T18:52:32.193271+00:00,8o8-arch,7.0.12-arch1-1,AMD Ryzen 9 3900X 12-Core Processor,"logical=24,cores=12,sockets=1,nodes=1",performance,rustc 1.97.0 (2d8144b78 2026-07-07),22.1.6,cargo 1.97.0 (c980f4866 2026-06-30),"release,lto=thin,debug=true",/home/bob/.cache/mess-bench,/dev/nvme0n1p3,ext4,/home,Samsung SSD 970 EVO Plus 2TB,[none] mq-deadline kyber bfq,249457606656,4096,1024,payload[i]=(i*131+17)&0xff,4.89501953125,accepted,,2,2,0,61,bytes,122000,122000,33926736,122,0,0,0,0,0,3119381,3166938,49960,64950,68100,4.890,4.890
e000610,exploratory,pwritev_full_8m,candidate,1,2,ABBA,pwritev_full_8m,process,250,1000,2,2,domain,synthetic_sweep,1,54215100a825da9eb7cfbd8f045e54ef05fb29bd,false,1b36f48efea63210dfeeee7270dea968ab5ba58da27f90aa42845eb8a64a6649,12b1dafe765a77d1a17115b0ae12cff973f20ed7d6d770fbd790695fe081288e,0e4833553be7825885da5ea99bceab292cc8abee6414d58b31864afe8ca9f944,c89b17de3d4d36a4e106517b0737619bd65f0e2877d95adbf2f297762f71fb7b,6e938dfcd266a2b0eac811d7ea7eabbd5b217965f88efa81371465134dbcab11,2026-07-15T18:52:33.227585+00:00,8o8-arch,7.0.12-arch1-1,AMD Ryzen 9 3900X 12-Core Processor,"logical=24,cores=12,sockets=1,nodes=1",performance,rustc 1.97.0 (2d8144b78 2026-07-07),22.1.6,cargo 1.97.0 (c980f4866 2026-06-30),"release,lto=thin,debug=true",/home/bob/.cache/mess-bench,/dev/nvme0n1p3,ext4,/home,Samsung SSD 970 EVO Plus 2TB,[none] mq-deadline kyber bfq,249457602560,4096,1024,payload[i]=(i*131+17)&0xff,4.89501953125,accepted,,2,2,0,61,bytes,122000,122000,33926736,61,0,0,2,0,0,6563801,6605795,49160,60030,1076289,4.890,4.890
e000611,exploratory,pwritev_full_8m,candidate,1,3,ABBA,pwritev_full_8m,process,250,1000,2,2,domain,synthetic_sweep,1,54215100a825da9eb7cfbd8f045e54ef05fb29bd,false,1b36f48efea63210dfeeee7270dea968ab5ba58da27f90aa42845eb8a64a6649,12b1dafe765a77d1a17115b0ae12cff973f20ed7d6d770fbd790695fe081288e,0e4833553be7825885da5ea99bceab292cc8abee6414d58b31864afe8ca9f944,c89b17de3d4d36a4e106517b0737619bd65f0e2877d95adbf2f297762f71fb7b,6e938dfcd266a2b0eac811d7ea7eabbd5b217965f88efa81371465134dbcab11,2026-07-15T18:52:34.259774+00:00,8o8-arch,7.0.12-arch1-1,AMD Ryzen 9 3900X 12-Core Processor,"logical=24,cores=12,sockets=1,nodes=1",performance,rustc 1.97.0 (2d8144b78 2026-07-07),22.1.6,cargo 1.97.0 (c980f4866 2026-06-30),"release,lto=thin,debug=true",/home/bob/.cache/mess-bench,/dev/nvme0n1p3,ext4,/home,Samsung SSD 970 EVO Plus 2TB,[none] mq-deadline kyber bfq,249457602560,4096,1024,payload[i]=(i*131+17)&0xff,4.89501953125,accepted,,2,2,0,61,bytes,122000,122000,33926736,61,0,0,2,0,0,5614571,5647475,50930,94470,868550,4.890,4.890
e000612,exploratory,pwritev_full_8m,baseline,1,4,ABBA,k_pwrite,process,250,1000,2,2,domain,synthetic_sweep,1,54215100a825da9eb7cfbd8f045e54ef05fb29bd,false,1b36f48efea63210dfeeee7270dea968ab5ba58da27f90aa42845eb8a64a6649,12b1dafe765a77d1a17115b0ae12cff973f20ed7d6d770fbd790695fe081288e,0e4833553be7825885da5ea99bceab292cc8abee6414d58b31864afe8ca9f944,c89b17de3d4d36a4e106517b0737619bd65f0e2877d95adbf2f297762f71fb7b,6e938dfcd266a2b0eac811d7ea7eabbd5b217965f88efa81371465134dbcab11,2026-07-15T18:52:35.284449+00:00,8o8-arch,7.0.12-arch1-1,AMD Ryzen 9 3900X 12-Core Processor,"logical=24,cores=12,sockets=1,nodes=1",performance,rustc 1.97.0 (2d8144b78 2026-07-07),22.1.6,cargo 1.97.0 (c980f4866 2026-06-30),"release,lto=thin,debug=true",/home/bob/.cache/mess-bench,/dev/nvme0n1p3,ext4,/home,Samsung SSD 970 EVO Plus 2TB,[none] mq-deadline kyber bfq,249457594368,4096,1024,payload[i]=(i*131+17)&0xff,4.89501953125,accepted,,2,2,0,61,bytes,122000,122000,33926736,122,0,0,0,0,0,2964020,2984778,47980,56490,58050,4.890,4.890
e000613,exploratory,copy_contiguous,candidate,1,1,BAAB,copy_contiguous,process,250,1000,2,2,domain,synthetic_sweep,1,54215100a825da9eb7cfbd8f045e54ef05fb29bd,false,1b36f48efea63210dfeeee7270dea968ab5ba58da27f90aa42845eb8a64a6649,12b1dafe765a77d1a17115b0ae12cff973f20ed7d6d770fbd790695fe081288e,0e4833553be7825885da5ea99bceab292cc8abee6414d58b31864afe8ca9f944,c89b17de3d4d36a4e106517b0737619bd65f0e2877d95adbf2f297762f71fb7b,6e938dfcd266a2b0eac811d7ea7eabbd5b217965f88efa81371465134dbcab11,2026-07-15T18:52:36.310327+00:00,8o8-arch,7.0.12-arch1-1,AMD Ryzen 9 3900X 12-Core Processor,"logical=24,cores=12,sockets=1,nodes=1",performance,rustc 1.97.0 (2d8144b78 2026-07-07),22.1.6,cargo 1.97.0 (c980f4866 2026-06-30),"release,lto=thin,debug=true",/home/bob/.cache/mess-bench,/dev/nvme0n1p3,ext4,/home,Samsung SSD 970 EVO Plus 2TB,[none] mq-deadline kyber bfq,249457590272,4096,1024,payload[i]=(i*131+17)&0xff,4.6630859375,accepted,,2,2,0,61,bytes,122000,122000,33926736,61,0,0,0,33926736,0,5267981,5308616,85250,93350,95730,4.660,4.660
e000614,exploratory,copy_contiguous,baseline,1,2,BAAB,k_pwrite,process,250,1000,2,2,domain,synthetic_sweep,1,54215100a825da9eb7cfbd8f045e54ef05fb29bd,false,1b36f48efea63210dfeeee7270dea968ab5ba58da27f90aa42845eb8a64a6649,12b1dafe765a77d1a17115b0ae12cff973f20ed7d6d770fbd790695fe081288e,0e4833553be7825885da5ea99bceab292cc8abee6414d58b31864afe8ca9f944,c89b17de3d4d36a4e106517b0737619bd65f0e2877d95adbf2f297762f71fb7b,6e938dfcd266a2b0eac811d7ea7eabbd5b217965f88efa81371465134dbcab11,2026-07-15T18:52:37.335905+00:00,8o8-arch,7.0.12-arch1-1,AMD Ryzen 9 3900X 12-Core Processor,"logical=24,cores=12,sockets=1,nodes=1",performance,rustc 1.97.0 (2d8144b78 2026-07-07),22.1.6,cargo 1.97.0 (c980f4866 2026-06-30),"release,lto=thin,debug=true",/home/bob/.cache/mess-bench,/dev/nvme0n1p3,ext4,/home,Samsung SSD 970 EVO Plus 2TB,[none] mq-deadline kyber bfq,249457577984,4096,1024,payload[i]=(i*131+17)&0xff,4.6630859375,accepted,,2,2,0,61,bytes,122000,122000,33926736,122,0,0,0,0,0,3143911,3174297,50470,63750,67320,4.660,4.660
e000615,exploratory,copy_contiguous,baseline,1,3,BAAB,k_pwrite,process,250,1000,2,2,domain,synthetic_sweep,1,54215100a825da9eb7cfbd8f045e54ef05fb29bd,false,1b36f48efea63210dfeeee7270dea968ab5ba58da27f90aa42845eb8a64a6649,12b1dafe765a77d1a17115b0ae12cff973f20ed7d6d770fbd790695fe081288e,0e4833553be7825885da5ea99bceab292cc8abee6414d58b31864afe8ca9f944,c89b17de3d4d36a4e106517b0737619bd65f0e2877d95adbf2f297762f71fb7b,6e938dfcd266a2b0eac811d7ea7eabbd5b217965f88efa81371465134dbcab11,2026-07-15T18:52:38.368467+00:00,8o8-arch,7.0.12-arch1-1,AMD Ryzen 9 3900X 12-Core Processor,"logical=24,cores=12,sockets=1,nodes=1",performance,rustc 1.97.0 (2d8144b78 2026-07-07),22.1.6,cargo 1.97.0 (c980f4866 2026-06-30),"release,lto=thin,debug=true",/home/bob/.cache/mess-bench,/dev/nvme0n1p3,ext4,/home,Samsung SSD 970 EVO Plus 2TB,[none] mq-deadline kyber bfq,249457504256,4096,1024,payload[i]=(i*131+17)&0xff,4.6630859375,accepted,,2,2,0,61,bytes,122000,122000,33926736,122,0,0,0,0,0,3166461,3195308,50790,60100,61130,4.660,4.660
e000616,exploratory,copy_contiguous,candidate,1,4,BAAB,copy_contiguous,process,250,1000,2,2,domain,synthetic_sweep,1,54215100a825da9eb7cfbd8f045e54ef05fb29bd,false,1b36f48efea63210dfeeee7270dea968ab5ba58da27f90aa42845eb8a64a6649,12b1dafe765a77d1a17115b0ae12cff973f20ed7d6d770fbd790695fe081288e,0e4833553be7825885da5ea99bceab292cc8abee6414d58b31864afe8ca9f944,c89b17de3d4d36a4e106517b0737619bd65f0e2877d95adbf2f297762f71fb7b,6e938dfcd266a2b0eac811d7ea7eabbd5b217965f88efa81371465134dbcab11,2026-07-15T18:52:39.400205+00:00,8o8-arch,7.0.12-arch1-1,AMD Ryzen 9 3900X 12-Core Processor,"logical=24,cores=12,sockets=1,nodes=1",performance,rustc 1.97.0 (2d8144b78 2026-07-07),22.1.6,cargo 1.97.0 (c980f4866 2026-06-30),"release,lto=thin,debug=true",/home/bob/.cache/mess-bench,/dev/nvme0n1p3,ext4,/home,Samsung SSD 970 EVO Plus 2TB,[none] mq-deadline kyber bfq,249457500160,4096,1024,payload[i]=(i*131+17)&0xff,4.6630859375,accepted,,2,2,0,61,bytes,122000,122000,33926736,61,0,0,0,33926736,0,5236971,5263896,85149,91669,95030,4.660,4.660
e000617,exploratory,pwritev_full_8m,baseline,1,1,ABBA,k_pwrite,process,250,1000,2,2,new_name,synthetic_sweep,1,54215100a825da9eb7cfbd8f045e54ef05fb29bd,false,1b36f48efea63210dfeeee7270dea968ab5ba58da27f90aa42845eb8a64a6649,12b1dafe765a77d1a17115b0ae12cff973f20ed7d6d770fbd790695fe081288e,0e4833553be7825885da5ea99bceab292cc8abee6414d58b31864afe8ca9f944,c89b17de3d4d36a4e106517b0737619bd65f0e2877d95adbf2f297762f71fb7b,6e938dfcd266a2b0eac811d7ea7eabbd5b217965f88efa81371465134dbcab11,2026-07-15T18:52:40.431228+00:00,8o8-arch,7.0.12-arch1-1,AMD Ryzen 9 3900X 12-Core Processor,"logical=24,cores=12,sockets=1,nodes=1",performance,rustc 1.97.0 (2d8144b78 2026-07-07),22.1.6,cargo 1.97.0 (c980f4866 2026-06-30),"release,lto=thin,debug=true",/home/bob/.cache/mess-bench,/dev/nvme0n1p3,ext4,/home,Samsung SSD 970 EVO Plus 2TB,[none] mq-deadline kyber bfq,249457496064,4096,1024,payload[i]=(i*131+17)&0xff,4.6630859375,accepted,,2,4,0,61,bytes,122122,122000,33943816,244,0,0,0,0,0,4588361,4657477,51030,66450,159190,4.660,4.660
e000618,exploratory,pwritev_full_8m,candidate,1,2,ABBA,pwritev_full_8m,process,250,1000,2,2,new_name,synthetic_sweep,1,54215100a825da9eb7cfbd8f045e54ef05fb29bd,false,1b36f48efea63210dfeeee7270dea968ab5ba58da27f90aa42845eb8a64a6649,12b1dafe765a77d1a17115b0ae12cff973f20ed7d6d770fbd790695fe081288e,0e4833553be7825885da5ea99bceab292cc8abee6414d58b31864afe8ca9f944,c89b17de3d4d36a4e106517b0737619bd65f0e2877d95adbf2f297762f71fb7b,6e938dfcd266a2b0eac811d7ea7eabbd5b217965f88efa81371465134dbcab11,2026-07-15T18:52:41.452772+00:00,8o8-arch,7.0.12-arch1-1,AMD Ryzen 9 3900X 12-Core Processor,"logical=24,cores=12,sockets=1,nodes=1",performance,rustc 1.97.0 (2d8144b78 2026-07-07),22.1.6,cargo 1.97.0 (c980f4866 2026-06-30),"release,lto=thin,debug=true",/home/bob/.cache/mess-bench,/dev/nvme0n1p3,ext4,/home,Samsung SSD 970 EVO Plus 2TB,[none] mq-deadline kyber bfq,249457496064,4096,1024,payload[i]=(i*131+17)&0xff,4.44970703125,accepted,,2,4,0,61,bytes,122122,122000,33943816,61,0,0,4,0,0,2830980,2863398,45240,54130,64060,4.450,4.450
e000619,exploratory,pwritev_full_8m,candidate,1,3,ABBA,pwritev_full_8m,process,250,1000,2,2,new_name,synthetic_sweep,1,54215100a825da9eb7cfbd8f045e54ef05fb29bd,false,1b36f48efea63210dfeeee7270dea968ab5ba58da27f90aa42845eb8a64a6649,12b1dafe765a77d1a17115b0ae12cff973f20ed7d6d770fbd790695fe081288e,0e4833553be7825885da5ea99bceab292cc8abee6414d58b31864afe8ca9f944,c89b17de3d4d36a4e106517b0737619bd65f0e2877d95adbf2f297762f71fb7b,6e938dfcd266a2b0eac811d7ea7eabbd5b217965f88efa81371465134dbcab11,2026-07-15T18:52:42.488637+00:00,8o8-arch,7.0.12-arch1-1,AMD Ryzen 9 3900X 12-Core Processor,"logical=24,cores=12,sockets=1,nodes=1",performance,rustc 1.97.0 (2d8144b78 2026-07-07),22.1.6,cargo 1.97.0 (c980f4866 2026-06-30),"release,lto=thin,debug=true",/home/bob/.cache/mess-bench,/dev/nvme0n1p3,ext4,/home,Samsung SSD 970 EVO Plus 2TB,[none] mq-deadline kyber bfq,249457491968,4096,1024,payload[i]=(i*131+17)&0xff,4.44970703125,accepted,,2,4,0,61,bytes,122122,122000,33943816,61,0,0,4,0,0,3061121,3084977,49420,57030,61910,4.450,4.450
e000620,exploratory,pwritev_full_8m,baseline,1,4,ABBA,k_pwrite,process,250,1000,2,2,new_name,synthetic_sweep,1,54215100a825da9eb7cfbd8f045e54ef05fb29bd,false,1b36f48efea63210dfeeee7270dea968ab5ba58da27f90aa42845eb8a64a6649,12b1dafe765a77d1a17115b0ae12cff973f20ed7d6d770fbd790695fe081288e,0e4833553be7825885da5ea99bceab292cc8abee6414d58b31864afe8ca9f944,c89b17de3d4d36a4e106517b0737619bd65f0e2877d95adbf2f297762f71fb7b,6e938dfcd266a2b0eac811d7ea7eabbd5b217965f88efa81371465134dbcab11,2026-07-15T18:52:43.516370+00:00,8o8-arch,7.0.12-arch1-1,AMD Ryzen 9 3900X 12-Core Processor,"logical=24,cores=12,sockets=1,nodes=1",performance,rustc 1.97.0 (2d8144b78 2026-07-07),22.1.6,cargo 1.97.0 (c980f4866 2026-06-30),"release,lto=thin,debug=true",/home/bob/.cache/mess-bench,/dev/nvme0n1p3,ext4,/home,Samsung SSD 970 EVO Plus 2TB,[none] mq-deadline kyber bfq,249457479680,4096,1024,payload[i]=(i*131+17)&0xff,4.44970703125,accepted,,2,4,0,61,bytes,122122,122000,33943816,244,0,0,0,0,0,3151331,3176548,50580,58990,65450,4.450,4.450
e000621,exploratory,copy_contiguous,candidate,1,1,BAAB,copy_contiguous,process,250,1000,2,2,new_name,synthetic_sweep,1,54215100a825da9eb7cfbd8f045e54ef05fb29bd,false,1b36f48efea63210dfeeee7270dea968ab5ba58da27f90aa42845eb8a64a6649,12b1dafe765a77d1a17115b0ae12cff973f20ed7d6d770fbd790695fe081288e,0e4833553be7825885da5ea99bceab292cc8abee6414d58b31864afe8ca9f944,c89b17de3d4d36a4e106517b0737619bd65f0e2877d95adbf2f297762f71fb7b,6e938dfcd266a2b0eac811d7ea7eabbd5b217965f88efa81371465134dbcab11,2026-07-15T18:52:44.540764+00:00,8o8-arch,7.0.12-arch1-1,AMD Ryzen 9 3900X 12-Core Processor,"logical=24,cores=12,sockets=1,nodes=1",performance,rustc 1.97.0 (2d8144b78 2026-07-07),22.1.6,cargo 1.97.0 (c980f4866 2026-06-30),"release,lto=thin,debug=true",/home/bob/.cache/mess-bench,/dev/nvme0n1p3,ext4,/home,Samsung SSD 970 EVO Plus 2TB,[none] mq-deadline kyber bfq,249457442816,4096,1024,payload[i]=(i*131+17)&0xff,4.44970703125,accepted,,2,4,0,61,bytes,122122,122000,33943816,61,0,0,0,33943816,0,5217321,5275277,83460,101090,107020,4.450,4.450
e000622,exploratory,copy_contiguous,baseline,1,2,BAAB,k_pwrite,process,250,1000,2,2,new_name,synthetic_sweep,1,54215100a825da9eb7cfbd8f045e54ef05fb29bd,false,1b36f48efea63210dfeeee7270dea968ab5ba58da27f90aa42845eb8a64a6649,12b1dafe765a77d1a17115b0ae12cff973f20ed7d6d770fbd790695fe081288e,0e4833553be7825885da5ea99bceab292cc8abee6414d58b31864afe8ca9f944,c89b17de3d4d36a4e106517b0737619bd65f0e2877d95adbf2f297762f71fb7b,6e938dfcd266a2b0eac811d7ea7eabbd5b217965f88efa81371465134dbcab11,2026-07-15T18:52:45.569060+00:00,8o8-arch,7.0.12-arch1-1,AMD Ryzen 9 3900X 12-Core Processor,"logical=24,cores=12,sockets=1,nodes=1",performance,rustc 1.97.0 (2d8144b78 2026-07-07),22.1.6,cargo 1.97.0 (c980f4866 2026-06-30),"release,lto=thin,debug=true",/home/bob/.cache/mess-bench,/dev/nvme0n1p3,ext4,/home,Samsung SSD 970 EVO Plus 2TB,[none] mq-deadline kyber bfq,249457475584,4096,1024,payload[i]=(i*131+17)&0xff,4.44970703125,accepted,,2,4,0,61,bytes,122122,122000,33943816,244,0,0,0,0,0,3215131,3385248,51770,63990,127080,4.450,4.450
e000623,exploratory,copy_contiguous,baseline,1,3,BAAB,k_pwrite,process,250,1000,2,2,new_name,synthetic_sweep,1,54215100a825da9eb7cfbd8f045e54ef05fb29bd,false,1b36f48efea63210dfeeee7270dea968ab5ba58da27f90aa42845eb8a64a6649,12b1dafe765a77d1a17115b0ae12cff973f20ed7d6d770fbd790695fe081288e,0e4833553be7825885da5ea99bceab292cc8abee6414d58b31864afe8ca9f944,c89b17de3d4d36a4e106517b0737619bd65f0e2877d95adbf2f297762f71fb7b,6e938dfcd266a2b0eac811d7ea7eabbd5b217965f88efa81371465134dbcab11,2026-07-15T18:52:46.592757+00:00,8o8-arch,7.0.12-arch1-1,AMD Ryzen 9 3900X 12-Core Processor,"logical=24,cores=12,sockets=1,nodes=1",performance,rustc 1.97.0 (2d8144b78 2026-07-07),22.1.6,cargo 1.97.0 (c980f4866 2026-06-30),"release,lto=thin,debug=true",/home/bob/.cache/mess-bench,/dev/nvme0n1p3,ext4,/home,Samsung SSD 970 EVO Plus 2TB,[none] mq-deadline kyber bfq,249457463296,4096,1024,payload[i]=(i*131+17)&0xff,5.68115234375,accepted,,2,4,0,61,bytes,122122,122000,33943816,244,0,0,0,0,0,3568191,3595867,55600,77970,80100,5.680,5.680
e000624,exploratory,copy_contiguous,candidate,1,4,BAAB,copy_contiguous,process,250,1000,2,2,new_name,synthetic_sweep,1,54215100a825da9eb7cfbd8f045e54ef05fb29bd,false,1b36f48efea63210dfeeee7270dea968ab5ba58da27f90aa42845eb8a64a6649,12b1dafe765a77d1a17115b0ae12cff973f20ed7d6d770fbd790695fe081288e,0e4833553be7825885da5ea99bceab292cc8abee6414d58b31864afe8ca9f944,c89b17de3d4d36a4e106517b0737619bd65f0e2877d95adbf2f297762f71fb7b,6e938dfcd266a2b0eac811d7ea7eabbd5b217965f88efa81371465134dbcab11,2026-07-15T18:52:53.625937+00:00,8o8-arch,7.0.12-arch1-1,AMD Ryzen 9 3900X 12-Core Processor,"logical=24,cores=12,sockets=1,nodes=1",performance,rustc 1.97.0 (2d8144b78 2026-07-07),22.1.6,cargo 1.97.0 (c980f4866 2026-06-30),"release,lto=thin,debug=true",/home/bob/.cache/mess-bench,/dev/nvme0n1p3,ext4,/home,Samsung SSD 970 EVO Plus 2TB,[none] mq-deadline kyber bfq,249457442816,4096,1024,payload[i]=(i*131+17)&0xff,5.68115234375,accepted,,2,4,0,61,bytes,122122,122000,33943816,61,0,0,0,33943816,0,7793062,8022184,87220,136730,752859,5.680,5.680
e000625,exploratory,pwritev_full_8m,baseline,1,1,ABBA,k_pwrite,process,250,1000,4,4,domain,synthetic_sweep,1,54215100a825da9eb7cfbd8f045e54ef05fb29bd,false,1b36f48efea63210dfeeee7270dea968ab5ba58da27f90aa42845eb8a64a6649,12b1dafe765a77d1a17115b0ae12cff973f20ed7d6d770fbd790695fe081288e,0e4833553be7825885da5ea99bceab292cc8abee6414d58b31864afe8ca9f944,c89b17de3d4d36a4e106517b0737619bd65f0e2877d95adbf2f297762f71fb7b,6e938dfcd266a2b0eac811d7ea7eabbd5b217965f88efa81371465134dbcab11,2026-07-15T18:52:54.652039+00:00,8o8-arch,7.0.12-arch1-1,AMD Ryzen 9 3900X 12-Core Processor,"logical=24,cores=12,sockets=1,nodes=1",performance,rustc 1.97.0 (2d8144b78 2026-07-07),22.1.6,cargo 1.97.0 (c980f4866 2026-06-30),"release,lto=thin,debug=true",/home/bob/.cache/mess-bench,/dev/nvme0n1p3,ext4,/home,Samsung SSD 970 EVO Plus 2TB,[none] mq-deadline kyber bfq,249457442816,4096,1024,payload[i]=(i*131+17)&0xff,5.68115234375,accepted,,4,4,0,31,bytes,124000,124000,34482912,124,0,0,0,0,0,3027520,3053828,96370,108000,115690,5.680,5.680
e000626,exploratory,pwritev_full_8m,candidate,1,2,ABBA,pwritev_full_8m,process,250,1000,4,4,domain,synthetic_sweep,1,54215100a825da9eb7cfbd8f045e54ef05fb29bd,false,1b36f48efea63210dfeeee7270dea968ab5ba58da27f90aa42845eb8a64a6649,12b1dafe765a77d1a17115b0ae12cff973f20ed7d6d770fbd790695fe081288e,0e4833553be7825885da5ea99bceab292cc8abee6414d58b31864afe8ca9f944,c89b17de3d4d36a4e106517b0737619bd65f0e2877d95adbf2f297762f71fb7b,6e938dfcd266a2b0eac811d7ea7eabbd5b217965f88efa81371465134dbcab11,2026-07-15T18:52:55.685022+00:00,8o8-arch,7.0.12-arch1-1,AMD Ryzen 9 3900X 12-Core Processor,"logical=24,cores=12,sockets=1,nodes=1",performance,rustc 1.97.0 (2d8144b78 2026-07-07),22.1.6,cargo 1.97.0 (c980f4866 2026-06-30),"release,lto=thin,debug=true",/home/bob/.cache/mess-bench,/dev/nvme0n1p3,ext4,/home,Samsung SSD 970 EVO Plus 2TB,[none] mq-deadline kyber bfq,249457438720,4096,1024,payload[i]=(i*131+17)&0xff,5.68115234375,accepted,,4,4,0,31,bytes,124000,124000,34482912,31,0,0,4,0,0,2904660,2928158,93540,107380,111020,5.680,5.680
e000627,exploratory,pwritev_full_8m,candidate,1,3,ABBA,pwritev_full_8m,process,250,1000,4,4,domain,synthetic_sweep,1,54215100a825da9eb7cfbd8f045e54ef05fb29bd,false,1b36f48efea63210dfeeee7270dea968ab5ba58da27f90aa42845eb8a64a6649,12b1dafe765a77d1a17115b0ae12cff973f20ed7d6d770fbd790695fe081288e,0e4833553be7825885da5ea99bceab292cc8abee6414d58b31864afe8ca9f944,c89b17de3d4d36a4e106517b0737619bd65f0e2877d95adbf2f297762f71fb7b,6e938dfcd266a2b0eac811d7ea7eabbd5b217965f88efa81371465134dbcab11,2026-07-15T18:52:56.712766+00:00,8o8-arch,7.0.12-arch1-1,AMD Ryzen 9 3900X 12-Core Processor,"logical=24,cores=12,sockets=1,nodes=1",performance,rustc 1.97.0 (2d8144b78 2026-07-07),22.1.6,cargo 1.97.0 (c980f4866 2026-06-30),"release,lto=thin,debug=true",/home/bob/.cache/mess-bench,/dev/nvme0n1p3,ext4,/home,Samsung SSD 970 EVO Plus 2TB,[none] mq-deadline kyber bfq,249457410048,4096,1024,payload[i]=(i*131+17)&0xff,5.30615234375,accepted,,4,4,0,31,bytes,124000,124000,34482912,31,0,0,4,0,0,2859601,2877678,91240,109580,114180,5.310,5.310
e000628,exploratory,pwritev_full_8m,baseline,1,4,ABBA,k_pwrite,process,250,1000,4,4,domain,synthetic_sweep,1,54215100a825da9eb7cfbd8f045e54ef05fb29bd,false,1b36f48efea63210dfeeee7270dea968ab5ba58da27f90aa42845eb8a64a6649,12b1dafe765a77d1a17115b0ae12cff973f20ed7d6d770fbd790695fe081288e,0e4833553be7825885da5ea99bceab292cc8abee6414d58b31864afe8ca9f944,c89b17de3d4d36a4e106517b0737619bd65f0e2877d95adbf2f297762f71fb7b,6e938dfcd266a2b0eac811d7ea7eabbd5b217965f88efa81371465134dbcab11,2026-07-15T18:52:57.740657+00:00,8o8-arch,7.0.12-arch1-1,AMD Ryzen 9 3900X 12-Core Processor,"logical=24,cores=12,sockets=1,nodes=1",performance,rustc 1.97.0 (2d8144b78 2026-07-07),22.1.6,cargo 1.97.0 (c980f4866 2026-06-30),"release,lto=thin,debug=true",/home/bob/.cache/mess-bench,/dev/nvme0n1p3,ext4,/home,Samsung SSD 970 EVO Plus 2TB,[none] mq-deadline kyber bfq,249457434624,4096,1024,payload[i]=(i*131+17)&0xff,5.30615234375,accepted,,4,4,0,31,bytes,124000,124000,34482912,124,0,0,0,0,0,3050691,3071688,97240,109620,110590,5.310,5.310
e000629,exploratory,copy_contiguous,candidate,1,1,BAAB,copy_contiguous,process,250,1000,4,4,domain,synthetic_sweep,1,54215100a825da9eb7cfbd8f045e54ef05fb29bd,false,1b36f48efea63210dfeeee7270dea968ab5ba58da27f90aa42845eb8a64a6649,12b1dafe765a77d1a17115b0ae12cff973f20ed7d6d770fbd790695fe081288e,0e4833553be7825885da5ea99bceab292cc8abee6414d58b31864afe8ca9f944,c89b17de3d4d36a4e106517b0737619bd65f0e2877d95adbf2f297762f71fb7b,6e938dfcd266a2b0eac811d7ea7eabbd5b217965f88efa81371465134dbcab11,2026-07-15T18:52:58.772405+00:00,8o8-arch,7.0.12-arch1-1,AMD Ryzen 9 3900X 12-Core Processor,"logical=24,cores=12,sockets=1,nodes=1",performance,rustc 1.97.0 (2d8144b78 2026-07-07),22.1.6,cargo 1.97.0 (c980f4866 2026-06-30),"release,lto=thin,debug=true",/home/bob/.cache/mess-bench,/dev/nvme0n1p3,ext4,/home,Samsung SSD 970 EVO Plus 2TB,[none] mq-deadline kyber bfq,249457434624,4096,1024,payload[i]=(i*131+17)&0xff,5.30615234375,accepted,,4,4,0,31,bytes,124000,124000,34482912,31,0,0,0,34482912,0,5264152,5313406,167120,200460,231250,5.310,5.310
e000630,exploratory,copy_contiguous,baseline,1,2,BAAB,k_pwrite,process,250,1000,4,4,domain,synthetic_sweep,1,54215100a825da9eb7cfbd8f045e54ef05fb29bd,false,1b36f48efea63210dfeeee7270dea968ab5ba58da27f90aa42845eb8a64a6649,12b1dafe765a77d1a17115b0ae12cff973f20ed7d6d770fbd790695fe081288e,0e4833553be7825885da5ea99bceab292cc8abee6414d58b31864afe8ca9f944,c89b17de3d4d36a4e106517b0737619bd65f0e2877d95adbf2f297762f71fb7b,6e938dfcd266a2b0eac811d7ea7eabbd5b217965f88efa81371465134dbcab11,2026-07-15T18:52:59.803015+00:00,8o8-arch,7.0.12-arch1-1,AMD Ryzen 9 3900X 12-Core Processor,"logical=24,cores=12,sockets=1,nodes=1",performance,rustc 1.97.0 (2d8144b78 2026-07-07),22.1.6,cargo 1.97.0 (c980f4866 2026-06-30),"release,lto=thin,debug=true",/home/bob/.cache/mess-bench,/dev/nvme0n1p3,ext4,/home,Samsung SSD 970 EVO Plus 2TB,[none] mq-deadline kyber bfq,249457434624,4096,1024,payload[i]=(i*131+17)&0xff,5.30615234375,accepted,,4,4,0,31,bytes,124000,124000,34482912,124,0,0,0,0,0,3484321,3508838,112820,129050,133630,5.310,5.310
e000631,exploratory,copy_contiguous,baseline,1,3,BAAB,k_pwrite,process,250,1000,4,4,domain,synthetic_sweep,1,54215100a825da9eb7cfbd8f045e54ef05fb29bd,false,1b36f48efea63210dfeeee7270dea968ab5ba58da27f90aa42845eb8a64a6649,12b1dafe765a77d1a17115b0ae12cff973f20ed7d6d770fbd790695fe081288e,0e4833553be7825885da5ea99bceab292cc8abee6414d58b31864afe8ca9f944,c89b17de3d4d36a4e106517b0737619bd65f0e2877d95adbf2f297762f71fb7b,6e938dfcd266a2b0eac811d7ea7eabbd5b217965f88efa81371465134dbcab11,2026-07-15T18:53:00.834818+00:00,8o8-arch,7.0.12-arch1-1,AMD Ryzen 9 3900X 12-Core Processor,"logical=24,cores=12,sockets=1,nodes=1",performance,rustc 1.97.0 (2d8144b78 2026-07-07),22.1.6,cargo 1.97.0 (c980f4866 2026-06-30),"release,lto=thin,debug=true",/home/bob/.cache/mess-bench,/dev/nvme0n1p3,ext4,/home,Samsung SSD 970 EVO Plus 2TB,[none] mq-deadline kyber bfq,249457430528,4096,1024,payload[i]=(i*131+17)&0xff,5.30615234375,accepted,,4,4,0,31,bytes,124000,124000,34482912,124,0,0,0,0,0,3301201,3327327,105220,128000,130619,5.310,5.310
e000632,exploratory,copy_contiguous,candidate,1,4,BAAB,copy_contiguous,process,250,1000,4,4,domain,synthetic_sweep,1,54215100a825da9eb7cfbd8f045e54ef05fb29bd,false,1b36f48efea63210dfeeee7270dea968ab5ba58da27f90aa42845eb8a64a6649,12b1dafe765a77d1a17115b0ae12cff973f20ed7d6d770fbd790695fe081288e,0e4833553be7825885da5ea99bceab292cc8abee6414d58b31864afe8ca9f944,c89b17de3d4d36a4e106517b0737619bd65f0e2877d95adbf2f297762f71fb7b,6e938dfcd266a2b0eac811d7ea7eabbd5b217965f88efa81371465134dbcab11,2026-07-15T18:53:01.860280+00:00,8o8-arch,7.0.12-arch1-1,AMD Ryzen 9 3900X 12-Core Processor,"logical=24,cores=12,sockets=1,nodes=1",performance,rustc 1.97.0 (2d8144b78 2026-07-07),22.1.6,cargo 1.97.0 (c980f4866 2026-06-30),"release,lto=thin,debug=true",/home/bob/.cache/mess-bench,/dev/nvme0n1p3,ext4,/home,Samsung SSD 970 EVO Plus 2TB,[none] mq-deadline kyber bfq,249457422336,4096,1024,payload[i]=(i*131+17)&0xff,4.9609375,accepted,,4,4,0,31,bytes,124000,124000,34482912,31,0,0,0,34482912,0,5584882,5637406,179580,232060,235870,4.960,4.960
e000633,exploratory,pwritev_full_8m,baseline,1,1,ABBA,k_pwrite,process,250,1000,4,4,new_name,synthetic_sweep,1,54215100a825da9eb7cfbd8f045e54ef05fb29bd,false,1b36f48efea63210dfeeee7270dea968ab5ba58da27f90aa42845eb8a64a6649,12b1dafe765a77d1a17115b0ae12cff973f20ed7d6d770fbd790695fe081288e,0e4833553be7825885da5ea99bceab292cc8abee6414d58b31864afe8ca9f944,c89b17de3d4d36a4e106517b0737619bd65f0e2877d95adbf2f297762f71fb7b,6e938dfcd266a2b0eac811d7ea7eabbd5b217965f88efa81371465134dbcab11,2026-07-15T18:53:02.890015+00:00,8o8-arch,7.0.12-arch1-1,AMD Ryzen 9 3900X 12-Core Processor,"logical=24,cores=12,sockets=1,nodes=1",performance,rustc 1.97.0 (2d8144b78 2026-07-07),22.1.6,cargo 1.97.0 (c980f4866 2026-06-30),"release,lto=thin,debug=true",/home/bob/.cache/mess-bench,/dev/nvme0n1p3,ext4,/home,Samsung SSD 970 EVO Plus 2TB,[none] mq-deadline kyber bfq,249457410048,4096,1024,payload[i]=(i*131+17)&0xff,4.9609375,accepted,,4,8,0,31,bytes,124124,124000,34500272,248,0,0,0,0,0,5907751,5945146,107180,516829,1926759,4.960,4.960
e000634,exploratory,pwritev_full_8m,candidate,1,2,ABBA,pwritev_full_8m,process,250,1000,4,4,new_name,synthetic_sweep,1,54215100a825da9eb7cfbd8f045e54ef05fb29bd,false,1b36f48efea63210dfeeee7270dea968ab5ba58da27f90aa42845eb8a64a6649,12b1dafe765a77d1a17115b0ae12cff973f20ed7d6d770fbd790695fe081288e,0e4833553be7825885da5ea99bceab292cc8abee6414d58b31864afe8ca9f944,c89b17de3d4d36a4e106517b0737619bd65f0e2877d95adbf2f297762f71fb7b,6e938dfcd266a2b0eac811d7ea7eabbd5b217965f88efa81371465134dbcab11,2026-07-15T18:53:03.921384+00:00,8o8-arch,7.0.12-arch1-1,AMD Ryzen 9 3900X 12-Core Processor,"logical=24,cores=12,sockets=1,nodes=1",performance,rustc 1.97.0 (2d8144b78 2026-07-07),22.1.6,cargo 1.97.0 (c980f4866 2026-06-30),"release,lto=thin,debug=true",/home/bob/.cache/mess-bench,/dev/nvme0n1p3,ext4,/home,Samsung SSD 970 EVO Plus 2TB,[none] mq-deadline kyber bfq,249457405952,4096,1024,payload[i]=(i*131+17)&0xff,4.9609375,accepted,,4,8,0,31,bytes,124124,124000,34500272,31,0,0,8,0,0,2911541,2943468,87550,131250,151520,4.960,4.960
e000635,exploratory,pwritev_full_8m,candidate,1,3,ABBA,pwritev_full_8m,process,250,1000,4,4,new_name,synthetic_sweep,1,54215100a825da9eb7cfbd8f045e54ef05fb29bd,false,1b36f48efea63210dfeeee7270dea968ab5ba58da27f90aa42845eb8a64a6649,12b1dafe765a77d1a17115b0ae12cff973f20ed7d6d770fbd790695fe081288e,0e4833553be7825885da5ea99bceab292cc8abee6414d58b31864afe8ca9f944,c89b17de3d4d36a4e106517b0737619bd65f0e2877d95adbf2f297762f71fb7b,6e938dfcd266a2b0eac811d7ea7eabbd5b217965f88efa81371465134dbcab11,2026-07-15T18:53:04.944125+00:00,8o8-arch,7.0.12-arch1-1,AMD Ryzen 9 3900X 12-Core Processor,"logical=24,cores=12,sockets=1,nodes=1",performance,rustc 1.97.0 (2d8144b78 2026-07-07),22.1.6,cargo 1.97.0 (c980f4866 2026-06-30),"release,lto=thin,debug=true",/home/bob/.cache/mess-bench,/dev/nvme0n1p3,ext4,/home,Samsung SSD 970 EVO Plus 2TB,[none] mq-deadline kyber bfq,249457401856,4096,1024,payload[i]=(i*131+17)&0xff,4.9609375,accepted,,4,8,0,31,bytes,124124,124000,34500272,31,0,0,8,0,0,2682580,2696978,85620,99570,102250,4.960,4.960
e000636,exploratory,pwritev_full_8m,baseline,1,4,ABBA,k_pwrite,process,250,1000,4,4,new_name,synthetic_sweep,1,54215100a825da9eb7cfbd8f045e54ef05fb29bd,false,1b36f48efea63210dfeeee7270dea968ab5ba58da27f90aa42845eb8a64a6649,12b1dafe765a77d1a17115b0ae12cff973f20ed7d6d770fbd790695fe081288e,0e4833553be7825885da5ea99bceab292cc8abee6414d58b31864afe8ca9f944,c89b17de3d4d36a4e106517b0737619bd65f0e2877d95adbf2f297762f71fb7b,6e938dfcd266a2b0eac811d7ea7eabbd5b217965f88efa81371465134dbcab11,2026-07-15T18:53:05.974073+00:00,8o8-arch,7.0.12-arch1-1,AMD Ryzen 9 3900X 12-Core Processor,"logical=24,cores=12,sockets=1,nodes=1",performance,rustc 1.97.0 (2d8144b78 2026-07-07),22.1.6,cargo 1.97.0 (c980f4866 2026-06-30),"release,lto=thin,debug=true",/home/bob/.cache/mess-bench,/dev/nvme0n1p3,ext4,/home,Samsung SSD 970 EVO Plus 2TB,[none] mq-deadline kyber bfq,249457389568,4096,1024,payload[i]=(i*131+17)&0xff,4.8837890625,accepted,,4,8,0,31,bytes,124124,124000,34500272,248,0,0,0,0,0,3196870,3223637,98740,142170,144979,4.880,4.880
e000637,exploratory,copy_contiguous,candidate,1,1,BAAB,copy_contiguous,process,250,1000,4,4,new_name,synthetic_sweep,1,54215100a825da9eb7cfbd8f045e54ef05fb29bd,false,1b36f48efea63210dfeeee7270dea968ab5ba58da27f90aa42845eb8a64a6649,12b1dafe765a77d1a17115b0ae12cff973f20ed7d6d770fbd790695fe081288e,0e4833553be7825885da5ea99bceab292cc8abee6414d58b31864afe8ca9f944,c89b17de3d4d36a4e106517b0737619bd65f0e2877d95adbf2f297762f71fb7b,6e938dfcd266a2b0eac811d7ea7eabbd5b217965f88efa81371465134dbcab11,2026-07-15T18:53:07.006450+00:00,8o8-arch,7.0.12-arch1-1,AMD Ryzen 9 3900X 12-Core Processor,"logical=24,cores=12,sockets=1,nodes=1",performance,rustc 1.97.0 (2d8144b78 2026-07-07),22.1.6,cargo 1.97.0 (c980f4866 2026-06-30),"release,lto=thin,debug=true",/home/bob/.cache/mess-bench,/dev/nvme0n1p3,ext4,/home,Samsung SSD 970 EVO Plus 2TB,[none] mq-deadline kyber bfq,249457389568,4096,1024,payload[i]=(i*131+17)&0xff,4.8837890625,accepted,,4,8,0,31,bytes,124124,124000,34500272,31,0,0,0,34500272,0,5211621,5247296,168500,181030,185540,4.880,4.880
e000638,exploratory,copy_contiguous,baseline,1,2,BAAB,k_pwrite,process,250,1000,4,4,new_name,synthetic_sweep,1,54215100a825da9eb7cfbd8f045e54ef05fb29bd,false,1b36f48efea63210dfeeee7270dea968ab5ba58da27f90aa42845eb8a64a6649,12b1dafe765a77d1a17115b0ae12cff973f20ed7d6d770fbd790695fe081288e,0e4833553be7825885da5ea99bceab292cc8abee6414d58b31864afe8ca9f944,c89b17de3d4d36a4e106517b0737619bd65f0e2877d95adbf2f297762f71fb7b,6e938dfcd266a2b0eac811d7ea7eabbd5b217965f88efa81371465134dbcab11,2026-07-15T18:53:08.037546+00:00,8o8-arch,7.0.12-arch1-1,AMD Ryzen 9 3900X 12-Core Processor,"logical=24,cores=12,sockets=1,nodes=1",performance,rustc 1.97.0 (2d8144b78 2026-07-07),22.1.6,cargo 1.97.0 (c980f4866 2026-06-30),"release,lto=thin,debug=true",/home/bob/.cache/mess-bench,/dev/nvme0n1p3,ext4,/home,Samsung SSD 970 EVO Plus 2TB,[none] mq-deadline kyber bfq,249457389568,4096,1024,payload[i]=(i*131+17)&0xff,4.8837890625,accepted,,4,8,0,31,bytes,124124,124000,34500272,248,0,0,0,0,0,3279941,3297478,103880,126890,135350,4.880,4.880
e000639,exploratory,copy_contiguous,baseline,1,3,BAAB,k_pwrite,process,250,1000,4,4,new_name,synthetic_sweep,1,54215100a825da9eb7cfbd8f045e54ef05fb29bd,false,1b36f48efea63210dfeeee7270dea968ab5ba58da27f90aa42845eb8a64a6649,12b1dafe765a77d1a17115b0ae12cff973f20ed7d6d770fbd790695fe081288e,0e4833553be7825885da5ea99bceab292cc8abee6414d58b31864afe8ca9f944,c89b17de3d4d36a4e106517b0737619bd65f0e2877d95adbf2f297762f71fb7b,6e938dfcd266a2b0eac811d7ea7eabbd5b217965f88efa81371465134dbcab11,2026-07-15T18:53:09.064223+00:00,8o8-arch,7.0.12-arch1-1,AMD Ryzen 9 3900X 12-Core Processor,"logical=24,cores=12,sockets=1,nodes=1",performance,rustc 1.97.0 (2d8144b78 2026-07-07),22.1.6,cargo 1.97.0 (c980f4866 2026-06-30),"release,lto=thin,debug=true",/home/bob/.cache/mess-bench,/dev/nvme0n1p3,ext4,/home,Samsung SSD 970 EVO Plus 2TB,[none] mq-deadline kyber bfq,249457377280,4096,1024,payload[i]=(i*131+17)&0xff,4.8837890625,accepted,,4,8,0,31,bytes,124124,124000,34500272,248,0,0,0,0,0,3308471,4375117,105180,135020,1199169,4.880,4.880
e000640,exploratory,copy_contiguous,candidate,1,4,BAAB,copy_contiguous,process,250,1000,4,4,new_name,synthetic_sweep,1,54215100a825da9eb7cfbd8f045e54ef05fb29bd,false,1b36f48efea63210dfeeee7270dea968ab5ba58da27f90aa42845eb8a64a6649,12b1dafe765a77d1a17115b0ae12cff973f20ed7d6d770fbd790695fe081288e,0e4833553be7825885da5ea99bceab292cc8abee6414d58b31864afe8ca9f944,c89b17de3d4d36a4e106517b0737619bd65f0e2877d95adbf2f297762f71fb7b,6e938dfcd266a2b0eac811d7ea7eabbd5b217965f88efa81371465134dbcab11,2026-07-15T18:53:10.099917+00:00,8o8-arch,7.0.12-arch1-1,AMD Ryzen 9 3900X 12-Core Processor,"logical=24,cores=12,sockets=1,nodes=1",performance,rustc 1.97.0 (2d8144b78 2026-07-07),22.1.6,cargo 1.97.0 (c980f4866 2026-06-30),"release,lto=thin,debug=true",/home/bob/.cache/mess-bench,/dev/nvme0n1p3,ext4,/home,Samsung SSD 970 EVO Plus 2TB,[none] mq-deadline kyber bfq,249457352704,4096,1024,payload[i]=(i*131+17)&0xff,4.8837890625,accepted,,4,8,0,31,bytes,124124,124000,34500272,31,0,0,0,34500272,0,5326681,5378276,169280,213160,241150,4.880,4.880
e000641,exploratory,pwritev_full_8m,baseline,1,1,ABBA,k_pwrite,process,4096,1,2,2,domain,synthetic_sweep,1,54215100a825da9eb7cfbd8f045e54ef05fb29bd,false,1b36f48efea63210dfeeee7270dea968ab5ba58da27f90aa42845eb8a64a6649,12b1dafe765a77d1a17115b0ae12cff973f20ed7d6d770fbd790695fe081288e,0e4833553be7825885da5ea99bceab292cc8abee6414d58b31864afe8ca9f944,c89b17de3d4d36a4e106517b0737619bd65f0e2877d95adbf2f297762f71fb7b,6e938dfcd266a2b0eac811d7ea7eabbd5b217965f88efa81371465134dbcab11,2026-07-15T18:53:11.129623+00:00,8o8-arch,7.0.12-arch1-1,AMD Ryzen 9 3900X 12-Core Processor,"logical=24,cores=12,sockets=1,nodes=1",performance,rustc 1.97.0 (2d8144b78 2026-07-07),22.1.6,cargo 1.97.0 (c980f4866 2026-06-30),"release,lto=thin,debug=true",/home/bob/.cache/mess-bench,/dev/nvme0n1p3,ext4,/home,Samsung SSD 970 EVO Plus 2TB,[none] mq-deadline kyber bfq,249457352704,4096,1024,payload[i]=(i*131+17)&0xff,4.73291015625,accepted,,2,2,0,3984,bytes,7968,7968,33561216,7968,0,0,0,0,0,9614623,9693223,2300,2740,3020,4.730,4.730
e000642,exploratory,pwritev_full_8m,candidate,1,2,ABBA,pwritev_full_8m,process,4096,1,2,2,domain,synthetic_sweep,1,54215100a825da9eb7cfbd8f045e54ef05fb29bd,false,1b36f48efea63210dfeeee7270dea968ab5ba58da27f90aa42845eb8a64a6649,12b1dafe765a77d1a17115b0ae12cff973f20ed7d6d770fbd790695fe081288e,0e4833553be7825885da5ea99bceab292cc8abee6414d58b31864afe8ca9f944,c89b17de3d4d36a4e106517b0737619bd65f0e2877d95adbf2f297762f71fb7b,6e938dfcd266a2b0eac811d7ea7eabbd5b217965f88efa81371465134dbcab11,2026-07-15T18:53:12.156331+00:00,8o8-arch,7.0.12-arch1-1,AMD Ryzen 9 3900X 12-Core Processor,"logical=24,cores=12,sockets=1,nodes=1",performance,rustc 1.97.0 (2d8144b78 2026-07-07),22.1.6,cargo 1.97.0 (c980f4866 2026-06-30),"release,lto=thin,debug=true",/home/bob/.cache/mess-bench,/dev/nvme0n1p3,ext4,/home,Samsung SSD 970 EVO Plus 2TB,[none] mq-deadline kyber bfq,249457352704,4096,1024,payload[i]=(i*131+17)&0xff,4.73291015625,accepted,,2,2,0,3984,bytes,7968,7968,33561216,3984,0,0,2,0,0,7414642,7485184,1740,2170,2370,4.730,4.730
e000643,exploratory,pwritev_full_8m,candidate,1,3,ABBA,pwritev_full_8m,process,4096,1,2,2,domain,synthetic_sweep,1,54215100a825da9eb7cfbd8f045e54ef05fb29bd,false,1b36f48efea63210dfeeee7270dea968ab5ba58da27f90aa42845eb8a64a6649,12b1dafe765a77d1a17115b0ae12cff973f20ed7d6d770fbd790695fe081288e,0e4833553be7825885da5ea99bceab292cc8abee6414d58b31864afe8ca9f944,c89b17de3d4d36a4e106517b0737619bd65f0e2877d95adbf2f297762f71fb7b,6e938dfcd266a2b0eac811d7ea7eabbd5b217965f88efa81371465134dbcab11,2026-07-15T18:53:13.188104+00:00,8o8-arch,7.0.12-arch1-1,AMD Ryzen 9 3900X 12-Core Processor,"logical=24,cores=12,sockets=1,nodes=1",performance,rustc 1.97.0 (2d8144b78 2026-07-07),22.1.6,cargo 1.97.0 (c980f4866 2026-06-30),"release,lto=thin,debug=true",/home/bob/.cache/mess-bench,/dev/nvme0n1p3,ext4,/home,Samsung SSD 970 EVO Plus 2TB,[none] mq-deadline kyber bfq,249457295360,4096,1024,payload[i]=(i*131+17)&0xff,4.73291015625,accepted,,2,2,0,3984,bytes,7968,7968,33561216,3984,0,0,2,0,0,7406972,7505244,1740,2040,2360,4.730,4.730
e000644,exploratory,pwritev_full_8m,baseline,1,4,ABBA,k_pwrite,process,4096,1,2,2,domain,synthetic_sweep,1,54215100a825da9eb7cfbd8f045e54ef05fb29bd,false,1b36f48efea63210dfeeee7270dea968ab5ba58da27f90aa42845eb8a64a6649,12b1dafe765a77d1a17115b0ae12cff973f20ed7d6d770fbd790695fe081288e,0e4833553be7825885da5ea99bceab292cc8abee6414d58b31864afe8ca9f944,c89b17de3d4d36a4e106517b0737619bd65f0e2877d95adbf2f297762f71fb7b,6e938dfcd266a2b0eac811d7ea7eabbd5b217965f88efa81371465134dbcab11,2026-07-15T18:53:14.221106+00:00,8o8-arch,7.0.12-arch1-1,AMD Ryzen 9 3900X 12-Core Processor,"logical=24,cores=12,sockets=1,nodes=1",performance,rustc 1.97.0 (2d8144b78 2026-07-07),22.1.6,cargo 1.97.0 (c980f4866 2026-06-30),"release,lto=thin,debug=true",/home/bob/.cache/mess-bench,/dev/nvme0n1p3,ext4,/home,Samsung SSD 970 EVO Plus 2TB,[none] mq-deadline kyber bfq,249457291264,4096,1024,payload[i]=(i*131+17)&0xff,4.73291015625,accepted,,2,2,0,3984,bytes,7968,7968,33561216,7968,0,0,0,0,0,9834423,9915343,2320,2850,4020,4.730,4.730
e000645,exploratory,copy_contiguous,candidate,1,1,BAAB,copy_contiguous,process,4096,1,2,2,domain,synthetic_sweep,1,54215100a825da9eb7cfbd8f045e54ef05fb29bd,false,1b36f48efea63210dfeeee7270dea968ab5ba58da27f90aa42845eb8a64a6649,12b1dafe765a77d1a17115b0ae12cff973f20ed7d6d770fbd790695fe081288e,0e4833553be7825885da5ea99bceab292cc8abee6414d58b31864afe8ca9f944,c89b17de3d4d36a4e106517b0737619bd65f0e2877d95adbf2f297762f71fb7b,6e938dfcd266a2b0eac811d7ea7eabbd5b217965f88efa81371465134dbcab11,2026-07-15T18:53:15.257063+00:00,8o8-arch,7.0.12-arch1-1,AMD Ryzen 9 3900X 12-Core Processor,"logical=24,cores=12,sockets=1,nodes=1",performance,rustc 1.97.0 (2d8144b78 2026-07-07),22.1.6,cargo 1.97.0 (c980f4866 2026-06-30),"release,lto=thin,debug=true",/home/bob/.cache/mess-bench,/dev/nvme0n1p3,ext4,/home,Samsung SSD 970 EVO Plus 2TB,[none] mq-deadline kyber bfq,249457291264,4096,1024,payload[i]=(i*131+17)&0xff,4.73291015625,accepted,,2,2,0,3984,bytes,7968,7968,33561216,3984,0,0,0,33561216,0,7210932,7291354,1700,2150,2300,4.730,4.730
e000646,exploratory,copy_contiguous,baseline,1,2,BAAB,k_pwrite,process,4096,1,2,2,domain,synthetic_sweep,1,54215100a825da9eb7cfbd8f045e54ef05fb29bd,false,1b36f48efea63210dfeeee7270dea968ab5ba58da27f90aa42845eb8a64a6649,12b1dafe765a77d1a17115b0ae12cff973f20ed7d6d770fbd790695fe081288e,0e4833553be7825885da5ea99bceab292cc8abee6414d58b31864afe8ca9f944,c89b17de3d4d36a4e106517b0737619bd65f0e2877d95adbf2f297762f71fb7b,6e938dfcd266a2b0eac811d7ea7eabbd5b217965f88efa81371465134dbcab11,2026-07-15T18:53:16.287658+00:00,8o8-arch,7.0.12-arch1-1,AMD Ryzen 9 3900X 12-Core Processor,"logical=24,cores=12,sockets=1,nodes=1",performance,rustc 1.97.0 (2d8144b78 2026-07-07),22.1.6,cargo 1.97.0 (c980f4866 2026-06-30),"release,lto=thin,debug=true",/home/bob/.cache/mess-bench,/dev/nvme0n1p3,ext4,/home,Samsung SSD 970 EVO Plus 2TB,[none] mq-deadline kyber bfq,249457287168,4096,1024,payload[i]=(i*131+17)&0xff,4.353515625,accepted,,2,2,0,3984,bytes,7968,7968,33561216,7968,0,0,0,0,0,9693583,9827313,2300,2820,3070,4.350,4.350
e000647,exploratory,copy_contiguous,baseline,1,3,BAAB,k_pwrite,process,4096,1,2,2,domain,synthetic_sweep,1,54215100a825da9eb7cfbd8f045e54ef05fb29bd,false,1b36f48efea63210dfeeee7270dea968ab5ba58da27f90aa42845eb8a64a6649,12b1dafe765a77d1a17115b0ae12cff973f20ed7d6d770fbd790695fe081288e,0e4833553be7825885da5ea99bceab292cc8abee6414d58b31864afe8ca9f944,c89b17de3d4d36a4e106517b0737619bd65f0e2877d95adbf2f297762f71fb7b,6e938dfcd266a2b0eac811d7ea7eabbd5b217965f88efa81371465134dbcab11,2026-07-15T18:53:17.312046+00:00,8o8-arch,7.0.12-arch1-1,AMD Ryzen 9 3900X 12-Core Processor,"logical=24,cores=12,sockets=1,nodes=1",performance,rustc 1.97.0 (2d8144b78 2026-07-07),22.1.6,cargo 1.97.0 (c980f4866 2026-06-30),"release,lto=thin,debug=true",/home/bob/.cache/mess-bench,/dev/nvme0n1p3,ext4,/home,Samsung SSD 970 EVO Plus 2TB,[none] mq-deadline kyber bfq,249457291264,4096,1024,payload[i]=(i*131+17)&0xff,4.353515625,accepted,,2,2,0,3984,bytes,7968,7968,33561216,7968,0,0,0,0,0,9929193,10044412,2330,2900,3410,4.350,4.350
e000648,exploratory,copy_contiguous,candidate,1,4,BAAB,copy_contiguous,process,4096,1,2,2,domain,synthetic_sweep,1,54215100a825da9eb7cfbd8f045e54ef05fb29bd,false,1b36f48efea63210dfeeee7270dea968ab5ba58da27f90aa42845eb8a64a6649,12b1dafe765a77d1a17115b0ae12cff973f20ed7d6d770fbd790695fe081288e,0e4833553be7825885da5ea99bceab292cc8abee6414d58b31864afe8ca9f944,c89b17de3d4d36a4e106517b0737619bd65f0e2877d95adbf2f297762f71fb7b,6e938dfcd266a2b0eac811d7ea7eabbd5b217965f88efa81371465134dbcab11,2026-07-15T18:53:18.339309+00:00,8o8-arch,7.0.12-arch1-1,AMD Ryzen 9 3900X 12-Core Processor,"logical=24,cores=12,sockets=1,nodes=1",performance,rustc 1.97.0 (2d8144b78 2026-07-07),22.1.6,cargo 1.97.0 (c980f4866 2026-06-30),"release,lto=thin,debug=true",/home/bob/.cache/mess-bench,/dev/nvme0n1p3,ext4,/home,Samsung SSD 970 EVO Plus 2TB,[none] mq-deadline kyber bfq,249457283072,4096,1024,payload[i]=(i*131+17)&0xff,4.353515625,accepted,,2,2,0,3984,bytes,7968,7968,33561216,3984,0,0,0,33561216,0,8328753,8949123,1700,2170,13640,4.350,4.350
e000649,exploratory,pwritev_full_8m,baseline,1,1,ABBA,k_pwrite,process,4096,1,2,2,new_name,synthetic_sweep,1,54215100a825da9eb7cfbd8f045e54ef05fb29bd,false,1b36f48efea63210dfeeee7270dea968ab5ba58da27f90aa42845eb8a64a6649,12b1dafe765a77d1a17115b0ae12cff973f20ed7d6d770fbd790695fe081288e,0e4833553be7825885da5ea99bceab292cc8abee6414d58b31864afe8ca9f944,c89b17de3d4d36a4e106517b0737619bd65f0e2877d95adbf2f297762f71fb7b,6e938dfcd266a2b0eac811d7ea7eabbd5b217965f88efa81371465134dbcab11,2026-07-15T18:53:19.367844+00:00,8o8-arch,7.0.12-arch1-1,AMD Ryzen 9 3900X 12-Core Processor,"logical=24,cores=12,sockets=1,nodes=1",performance,rustc 1.97.0 (2d8144b78 2026-07-07),22.1.6,cargo 1.97.0 (c980f4866 2026-06-30),"release,lto=thin,debug=true",/home/bob/.cache/mess-bench,/dev/nvme0n1p3,ext4,/home,Samsung SSD 970 EVO Plus 2TB,[none] mq-deadline kyber bfq,249457283072,4096,1024,payload[i]=(i*131+17)&0xff,4.353515625,accepted,,2,4,0,3856,bytes,15424,7712,33562624,15424,0,0,0,0,0,15487574,15678749,3730,4320,6070,4.350,4.350
e000650,exploratory,pwritev_full_8m,candidate,1,2,ABBA,pwritev_full_8m,process,4096,1,2,2,new_name,synthetic_sweep,1,54215100a825da9eb7cfbd8f045e54ef05fb29bd,false,1b36f48efea63210dfeeee7270dea968ab5ba58da27f90aa42845eb8a64a6649,12b1dafe765a77d1a17115b0ae12cff973f20ed7d6d770fbd790695fe081288e,0e4833553be7825885da5ea99bceab292cc8abee6414d58b31864afe8ca9f944,c89b17de3d4d36a4e106517b0737619bd65f0e2877d95adbf2f297762f71fb7b,6e938dfcd266a2b0eac811d7ea7eabbd5b217965f88efa81371465134dbcab11,2026-07-15T18:53:20.395165+00:00,8o8-arch,7.0.12-arch1-1,AMD Ryzen 9 3900X 12-Core Processor,"logical=24,cores=12,sockets=1,nodes=1",performance,rustc 1.97.0 (2d8144b78 2026-07-07),22.1.6,cargo 1.97.0 (c980f4866 2026-06-30),"release,lto=thin,debug=true",/home/bob/.cache/mess-bench,/dev/nvme0n1p3,ext4,/home,Samsung SSD 970 EVO Plus 2TB,[none] mq-deadline kyber bfq,249457278976,4096,1024,payload[i]=(i*131+17)&0xff,4.353515625,accepted,,2,4,0,3856,bytes,15424,7712,33562624,3856,0,0,4,0,0,7329412,7376675,1810,2060,2330,4.350,4.350
e000651,exploratory,pwritev_full_8m,candidate,1,3,ABBA,pwritev_full_8m,process,4096,1,2,2,new_name,synthetic_sweep,1,54215100a825da9eb7cfbd8f045e54ef05fb29bd,false,1b36f48efea63210dfeeee7270dea968ab5ba58da27f90aa42845eb8a64a6649,12b1dafe765a77d1a17115b0ae12cff973f20ed7d6d770fbd790695fe081288e,0e4833553be7825885da5ea99bceab292cc8abee6414d58b31864afe8ca9f944,c89b17de3d4d36a4e106517b0737619bd65f0e2877d95adbf2f297762f71fb7b,6e938dfcd266a2b0eac811d7ea7eabbd5b217965f88efa81371465134dbcab11,2026-07-15T18:53:21.428467+00:00,8o8-arch,7.0.12-arch1-1,AMD Ryzen 9 3900X 12-Core Processor,"logical=24,cores=12,sockets=1,nodes=1",performance,rustc 1.97.0 (2d8144b78 2026-07-07),22.1.6,cargo 1.97.0 (c980f4866 2026-06-30),"release,lto=thin,debug=true",/home/bob/.cache/mess-bench,/dev/nvme0n1p3,ext4,/home,Samsung SSD 970 EVO Plus 2TB,[none] mq-deadline kyber bfq,249457278976,4096,1024,payload[i]=(i*131+17)&0xff,4.40576171875,accepted,,2,4,0,3856,bytes,15424,7712,33562624,3856,0,0,4,0,0,7322892,7381085,1810,2050,2420,4.410,4.410
e000652,exploratory,pwritev_full_8m,baseline,1,4,ABBA,k_pwrite,process,4096,1,2,2,new_name,synthetic_sweep,1,54215100a825da9eb7cfbd8f045e54ef05fb29bd,false,1b36f48efea63210dfeeee7270dea968ab5ba58da27f90aa42845eb8a64a6649,12b1dafe765a77d1a17115b0ae12cff973f20ed7d6d770fbd790695fe081288e,0e4833553be7825885da5ea99bceab292cc8abee6414d58b31864afe8ca9f944,c89b17de3d4d36a4e106517b0737619bd65f0e2877d95adbf2f297762f71fb7b,6e938dfcd266a2b0eac811d7ea7eabbd5b217965f88efa81371465134dbcab11,2026-07-15T18:53:22.455478+00:00,8o8-arch,7.0.12-arch1-1,AMD Ryzen 9 3900X 12-Core Processor,"logical=24,cores=12,sockets=1,nodes=1",performance,rustc 1.97.0 (2d8144b78 2026-07-07),22.1.6,cargo 1.97.0 (c980f4866 2026-06-30),"release,lto=thin,debug=true",/home/bob/.cache/mess-bench,/dev/nvme0n1p3,ext4,/home,Samsung SSD 970 EVO Plus 2TB,[none] mq-deadline kyber bfq,249457270784,4096,1024,payload[i]=(i*131+17)&0xff,4.40576171875,accepted,,2,4,0,3856,bytes,15424,7712,33562624,15424,0,0,0,0,0,14989984,15111569,3750,4840,5010,4.410,4.410
e000653,exploratory,copy_contiguous,candidate,1,1,BAAB,copy_contiguous,process,4096,1,2,2,new_name,synthetic_sweep,1,54215100a825da9eb7cfbd8f045e54ef05fb29bd,false,1b36f48efea63210dfeeee7270dea968ab5ba58da27f90aa42845eb8a64a6649,12b1dafe765a77d1a17115b0ae12cff973f20ed7d6d770fbd790695fe081288e,0e4833553be7825885da5ea99bceab292cc8abee6414d58b31864afe8ca9f944,c89b17de3d4d36a4e106517b0737619bd65f0e2877d95adbf2f297762f71fb7b,6e938dfcd266a2b0eac811d7ea7eabbd5b217965f88efa81371465134dbcab11,2026-07-15T18:53:23.490319+00:00,8o8-arch,7.0.12-arch1-1,AMD Ryzen 9 3900X 12-Core Processor,"logical=24,cores=12,sockets=1,nodes=1",performance,rustc 1.97.0 (2d8144b78 2026-07-07),22.1.6,cargo 1.97.0 (c980f4866 2026-06-30),"release,lto=thin,debug=true",/home/bob/.cache/mess-bench,/dev/nvme0n1p3,ext4,/home,Samsung SSD 970 EVO Plus 2TB,[none] mq-deadline kyber bfq,249457266688,4096,1024,payload[i]=(i*131+17)&0xff,4.40576171875,accepted,,2,4,0,3856,bytes,15424,7712,33562624,3856,0,0,0,33562624,0,7181872,7280155,1730,2260,2350,4.410,4.410
e000654,exploratory,copy_contiguous,baseline,1,2,BAAB,k_pwrite,process,4096,1,2,2,new_name,synthetic_sweep,1,54215100a825da9eb7cfbd8f045e54ef05fb29bd,false,1b36f48efea63210dfeeee7270dea968ab5ba58da27f90aa42845eb8a64a6649,12b1dafe765a77d1a17115b0ae12cff973f20ed7d6d770fbd790695fe081288e,0e4833553be7825885da5ea99bceab292cc8abee6414d58b31864afe8ca9f944,c89b17de3d4d36a4e106517b0737619bd65f0e2877d95adbf2f297762f71fb7b,6e938dfcd266a2b0eac811d7ea7eabbd5b217965f88efa81371465134dbcab11,2026-07-15T18:53:24.517545+00:00,8o8-arch,7.0.12-arch1-1,AMD Ryzen 9 3900X 12-Core Processor,"logical=24,cores=12,sockets=1,nodes=1",performance,rustc 1.97.0 (2d8144b78 2026-07-07),22.1.6,cargo 1.97.0 (c980f4866 2026-06-30),"release,lto=thin,debug=true",/home/bob/.cache/mess-bench,/dev/nvme0n1p3,ext4,/home,Samsung SSD 970 EVO Plus 2TB,[none] mq-deadline kyber bfq,249457266688,4096,1024,payload[i]=(i*131+17)&0xff,4.40576171875,accepted,,2,4,0,3856,bytes,15424,7712,33562624,15424,0,0,0,0,0,14802054,14979710,3720,4330,7100,4.410,4.410
e000655,exploratory,copy_contiguous,baseline,1,3,BAAB,k_pwrite,process,4096,1,2,2,new_name,synthetic_sweep,1,54215100a825da9eb7cfbd8f045e54ef05fb29bd,false,1b36f48efea63210dfeeee7270dea968ab5ba58da27f90aa42845eb8a64a6649,12b1dafe765a77d1a17115b0ae12cff973f20ed7d6d770fbd790695fe081288e,0e4833553be7825885da5ea99bceab292cc8abee6414d58b31864afe8ca9f944,c89b17de3d4d36a4e106517b0737619bd65f0e2877d95adbf2f297762f71fb7b,6e938dfcd266a2b0eac811d7ea7eabbd5b217965f88efa81371465134dbcab11,2026-07-15T18:53:25.548917+00:00,8o8-arch,7.0.12-arch1-1,AMD Ryzen 9 3900X 12-Core Processor,"logical=24,cores=12,sockets=1,nodes=1",performance,rustc 1.97.0 (2d8144b78 2026-07-07),22.1.6,cargo 1.97.0 (c980f4866 2026-06-30),"release,lto=thin,debug=true",/home/bob/.cache/mess-bench,/dev/nvme0n1p3,ext4,/home,Samsung SSD 970 EVO Plus 2TB,[none] mq-deadline kyber bfq,249457266688,4096,1024,payload[i]=(i*131+17)&0xff,4.40576171875,accepted,,2,4,0,3856,bytes,15424,7712,33562624,15424,0,0,0,0,0,15511534,15661988,3720,4820,4890,4.410,4.410
e000656,exploratory,copy_contiguous,candidate,1,4,BAAB,copy_contiguous,process,4096,1,2,2,new_name,synthetic_sweep,1,54215100a825da9eb7cfbd8f045e54ef05fb29bd,false,1b36f48efea63210dfeeee7270dea968ab5ba58da27f90aa42845eb8a64a6649,12b1dafe765a77d1a17115b0ae12cff973f20ed7d6d770fbd790695fe081288e,0e4833553be7825885da5ea99bceab292cc8abee6414d58b31864afe8ca9f944,c89b17de3d4d36a4e106517b0737619bd65f0e2877d95adbf2f297762f71fb7b,6e938dfcd266a2b0eac811d7ea7eabbd5b217965f88efa81371465134dbcab11,2026-07-15T18:53:26.578523+00:00,8o8-arch,7.0.12-arch1-1,AMD Ryzen 9 3900X 12-Core Processor,"logical=24,cores=12,sockets=1,nodes=1",performance,rustc 1.97.0 (2d8144b78 2026-07-07),22.1.6,cargo 1.97.0 (c980f4866 2026-06-30),"release,lto=thin,debug=true",/home/bob/.cache/mess-bench,/dev/nvme0n1p3,ext4,/home,Samsung SSD 970 EVO Plus 2TB,[none] mq-deadline kyber bfq,249457258496,4096,1024,payload[i]=(i*131+17)&0xff,4.1328125,accepted,,2,4,0,3856,bytes,15424,7712,33562624,3856,0,0,0,33562624,0,7090102,7131915,1730,2180,2310,4.130,4.130
e000657,exploratory,pwritev_full_8m,baseline,1,1,ABBA,k_pwrite,process,4096,1,4,4,domain,synthetic_sweep,1,54215100a825da9eb7cfbd8f045e54ef05fb29bd,false,1b36f48efea63210dfeeee7270dea968ab5ba58da27f90aa42845eb8a64a6649,12b1dafe765a77d1a17115b0ae12cff973f20ed7d6d770fbd790695fe081288e,0e4833553be7825885da5ea99bceab292cc8abee6414d58b31864afe8ca9f944,c89b17de3d4d36a4e106517b0737619bd65f0e2877d95adbf2f297762f71fb7b,6e938dfcd266a2b0eac811d7ea7eabbd5b217965f88efa81371465134dbcab11,2026-07-15T18:53:27.602927+00:00,8o8-arch,7.0.12-arch1-1,AMD Ryzen 9 3900X 12-Core Processor,"logical=24,cores=12,sockets=1,nodes=1",performance,rustc 1.97.0 (2d8144b78 2026-07-07),22.1.6,cargo 1.97.0 (c980f4866 2026-06-30),"release,lto=thin,debug=true",/home/bob/.cache/mess-bench,/dev/nvme0n1p3,ext4,/home,Samsung SSD 970 EVO Plus 2TB,[none] mq-deadline kyber bfq,249457258496,4096,1024,payload[i]=(i*131+17)&0xff,4.1328125,accepted,,4,4,0,1992,bytes,7968,7968,33561216,7968,0,0,0,0,0,10005443,10091053,4640,5930,10600,4.130,4.130
e000658,exploratory,pwritev_full_8m,candidate,1,2,ABBA,pwritev_full_8m,process,4096,1,4,4,domain,synthetic_sweep,1,54215100a825da9eb7cfbd8f045e54ef05fb29bd,false,1b36f48efea63210dfeeee7270dea968ab5ba58da27f90aa42845eb8a64a6649,12b1dafe765a77d1a17115b0ae12cff973f20ed7d6d770fbd790695fe081288e,0e4833553be7825885da5ea99bceab292cc8abee6414d58b31864afe8ca9f944,c89b17de3d4d36a4e106517b0737619bd65f0e2877d95adbf2f297762f71fb7b,6e938dfcd266a2b0eac811d7ea7eabbd5b217965f88efa81371465134dbcab11,2026-07-15T18:53:28.630519+00:00,8o8-arch,7.0.12-arch1-1,AMD Ryzen 9 3900X 12-Core Processor,"logical=24,cores=12,sockets=1,nodes=1",performance,rustc 1.97.0 (2d8144b78 2026-07-07),22.1.6,cargo 1.97.0 (c980f4866 2026-06-30),"release,lto=thin,debug=true",/home/bob/.cache/mess-bench,/dev/nvme0n1p3,ext4,/home,Samsung SSD 970 EVO Plus 2TB,[none] mq-deadline kyber bfq,249457254400,4096,1024,payload[i]=(i*131+17)&0xff,4.1328125,accepted,,4,4,0,1992,bytes,7968,7968,33561216,1992,0,0,4,0,0,5535071,5677146,2400,2980,7280,4.130,4.130
e000659,exploratory,pwritev_full_8m,candidate,1,3,ABBA,pwritev_full_8m,process,4096,1,4,4,domain,synthetic_sweep,1,54215100a825da9eb7cfbd8f045e54ef05fb29bd,false,1b36f48efea63210dfeeee7270dea968ab5ba58da27f90aa42845eb8a64a6649,12b1dafe765a77d1a17115b0ae12cff973f20ed7d6d770fbd790695fe081288e,0e4833553be7825885da5ea99bceab292cc8abee6414d58b31864afe8ca9f944,c89b17de3d4d36a4e106517b0737619bd65f0e2877d95adbf2f297762f71fb7b,6e938dfcd266a2b0eac811d7ea7eabbd5b217965f88efa81371465134dbcab11,2026-07-15T18:53:29.652977+00:00,8o8-arch,7.0.12-arch1-1,AMD Ryzen 9 3900X 12-Core Processor,"logical=24,cores=12,sockets=1,nodes=1",performance,rustc 1.97.0 (2d8144b78 2026-07-07),22.1.6,cargo 1.97.0 (c980f4866 2026-06-30),"release,lto=thin,debug=true",/home/bob/.cache/mess-bench,/dev/nvme0n1p3,ext4,/home,Samsung SSD 970 EVO Plus 2TB,[none] mq-deadline kyber bfq,249457246208,4096,1024,payload[i]=(i*131+17)&0xff,4.1328125,accepted,,4,4,0,1992,bytes,7968,7968,33561216,1992,0,0,4,0,0,4939911,4968847,2370,2880,3080,4.130,4.130
e000660,exploratory,pwritev_full_8m,baseline,1,4,ABBA,k_pwrite,process,4096,1,4,4,domain,synthetic_sweep,1,54215100a825da9eb7cfbd8f045e54ef05fb29bd,false,1b36f48efea63210dfeeee7270dea968ab5ba58da27f90aa42845eb8a64a6649,12b1dafe765a77d1a17115b0ae12cff973f20ed7d6d770fbd790695fe081288e,0e4833553be7825885da5ea99bceab292cc8abee6414d58b31864afe8ca9f944,c89b17de3d4d36a4e106517b0737619bd65f0e2877d95adbf2f297762f71fb7b,6e938dfcd266a2b0eac811d7ea7eabbd5b217965f88efa81371465134dbcab11,2026-07-15T18:53:30.683424+00:00,8o8-arch,7.0.12-arch1-1,AMD Ryzen 9 3900X 12-Core Processor,"logical=24,cores=12,sockets=1,nodes=1",performance,rustc 1.97.0 (2d8144b78 2026-07-07),22.1.6,cargo 1.97.0 (c980f4866 2026-06-30),"release,lto=thin,debug=true",/home/bob/.cache/mess-bench,/dev/nvme0n1p3,ext4,/home,Samsung SSD 970 EVO Plus 2TB,[none] mq-deadline kyber bfq,249457242112,4096,1024,payload[i]=(i*131+17)&0xff,4.1328125,accepted,,4,4,0,1992,bytes,7968,7968,33561216,7968,0,0,0,0,0,9696362,9901013,4630,5650,8030,4.130,4.130
e000661,exploratory,copy_contiguous,candidate,1,1,BAAB,copy_contiguous,process,4096,1,4,4,domain,synthetic_sweep,1,54215100a825da9eb7cfbd8f045e54ef05fb29bd,false,1b36f48efea63210dfeeee7270dea968ab5ba58da27f90aa42845eb8a64a6649,12b1dafe765a77d1a17115b0ae12cff973f20ed7d6d770fbd790695fe081288e,0e4833553be7825885da5ea99bceab292cc8abee6414d58b31864afe8ca9f944,c89b17de3d4d36a4e106517b0737619bd65f0e2877d95adbf2f297762f71fb7b,6e938dfcd266a2b0eac811d7ea7eabbd5b217965f88efa81371465134dbcab11,2026-07-15T18:53:31.712133+00:00,8o8-arch,7.0.12-arch1-1,AMD Ryzen 9 3900X 12-Core Processor,"logical=24,cores=12,sockets=1,nodes=1",performance,rustc 1.97.0 (2d8144b78 2026-07-07),22.1.6,cargo 1.97.0 (c980f4866 2026-06-30),"release,lto=thin,debug=true",/home/bob/.cache/mess-bench,/dev/nvme0n1p3,ext4,/home,Samsung SSD 970 EVO Plus 2TB,[none] mq-deadline kyber bfq,249457242112,4096,1024,payload[i]=(i*131+17)&0xff,3.8818359375,accepted,,4,4,0,1992,bytes,7968,7968,33561216,1992,0,0,0,33561216,0,5211362,5254806,2490,3060,3260,3.880,3.880
e000662,exploratory,copy_contiguous,baseline,1,2,BAAB,k_pwrite,process,4096,1,4,4,domain,synthetic_sweep,1,54215100a825da9eb7cfbd8f045e54ef05fb29bd,false,1b36f48efea63210dfeeee7270dea968ab5ba58da27f90aa42845eb8a64a6649,12b1dafe765a77d1a17115b0ae12cff973f20ed7d6d770fbd790695fe081288e,0e4833553be7825885da5ea99bceab292cc8abee6414d58b31864afe8ca9f944,c89b17de3d4d36a4e106517b0737619bd65f0e2877d95adbf2f297762f71fb7b,6e938dfcd266a2b0eac811d7ea7eabbd5b217965f88efa81371465134dbcab11,2026-07-15T18:53:32.734003+00:00,8o8-arch,7.0.12-arch1-1,AMD Ryzen 9 3900X 12-Core Processor,"logical=24,cores=12,sockets=1,nodes=1",performance,rustc 1.97.0 (2d8144b78 2026-07-07),22.1.6,cargo 1.97.0 (c980f4866 2026-06-30),"release,lto=thin,debug=true",/home/bob/.cache/mess-bench,/dev/nvme0n1p3,ext4,/home,Samsung SSD 970 EVO Plus 2TB,[none] mq-deadline kyber bfq,249457283072,4096,1024,payload[i]=(i*131+17)&0xff,3.8818359375,accepted,,4,4,0,1992,bytes,7968,7968,33561216,7968,0,0,0,0,0,9530703,9619033,4630,5270,6310,3.880,3.880
e000663,exploratory,copy_contiguous,baseline,1,3,BAAB,k_pwrite,process,4096,1,4,4,domain,synthetic_sweep,1,54215100a825da9eb7cfbd8f045e54ef05fb29bd,false,1b36f48efea63210dfeeee7270dea968ab5ba58da27f90aa42845eb8a64a6649,12b1dafe765a77d1a17115b0ae12cff973f20ed7d6d770fbd790695fe081288e,0e4833553be7825885da5ea99bceab292cc8abee6414d58b31864afe8ca9f944,c89b17de3d4d36a4e106517b0737619bd65f0e2877d95adbf2f297762f71fb7b,6e938dfcd266a2b0eac811d7ea7eabbd5b217965f88efa81371465134dbcab11,2026-07-15T18:53:33.762353+00:00,8o8-arch,7.0.12-arch1-1,AMD Ryzen 9 3900X 12-Core Processor,"logical=24,cores=12,sockets=1,nodes=1",performance,rustc 1.97.0 (2d8144b78 2026-07-07),22.1.6,cargo 1.97.0 (c980f4866 2026-06-30),"release,lto=thin,debug=true",/home/bob/.cache/mess-bench,/dev/nvme0n1p3,ext4,/home,Samsung SSD 970 EVO Plus 2TB,[none] mq-deadline kyber bfq,249457278976,4096,1024,payload[i]=(i*131+17)&0xff,3.8818359375,accepted,,4,4,0,1992,bytes,7968,7968,33561216,7968,0,0,0,0,0,9585822,9657413,4660,5290,5980,3.880,3.880
e000664,exploratory,copy_contiguous,candidate,1,4,BAAB,copy_contiguous,process,4096,1,4,4,domain,synthetic_sweep,1,54215100a825da9eb7cfbd8f045e54ef05fb29bd,false,1b36f48efea63210dfeeee7270dea968ab5ba58da27f90aa42845eb8a64a6649,12b1dafe765a77d1a17115b0ae12cff973f20ed7d6d770fbd790695fe081288e,0e4833553be7825885da5ea99bceab292cc8abee6414d58b31864afe8ca9f944,c89b17de3d4d36a4e106517b0737619bd65f0e2877d95adbf2f297762f71fb7b,6e938dfcd266a2b0eac811d7ea7eabbd5b217965f88efa81371465134dbcab11,2026-07-15T18:53:34.791361+00:00,8o8-arch,7.0.12-arch1-1,AMD Ryzen 9 3900X 12-Core Processor,"logical=24,cores=12,sockets=1,nodes=1",performance,rustc 1.97.0 (2d8144b78 2026-07-07),22.1.6,cargo 1.97.0 (c980f4866 2026-06-30),"release,lto=thin,debug=true",/home/bob/.cache/mess-bench,/dev/nvme0n1p3,ext4,/home,Samsung SSD 970 EVO Plus 2TB,[none] mq-deadline kyber bfq,249457274880,4096,1024,payload[i]=(i*131+17)&0xff,3.8818359375,accepted,,4,4,0,1992,bytes,7968,7968,33561216,1992,0,0,0,33561216,0,5144992,5193856,2470,2530,3420,3.880,3.880
e000665,exploratory,pwritev_full_8m,baseline,1,1,ABBA,k_pwrite,process,4096,1,4,4,new_name,synthetic_sweep,1,54215100a825da9eb7cfbd8f045e54ef05fb29bd,false,1b36f48efea63210dfeeee7270dea968ab5ba58da27f90aa42845eb8a64a6649,12b1dafe765a77d1a17115b0ae12cff973f20ed7d6d770fbd790695fe081288e,0e4833553be7825885da5ea99bceab292cc8abee6414d58b31864afe8ca9f944,c89b17de3d4d36a4e106517b0737619bd65f0e2877d95adbf2f297762f71fb7b,6e938dfcd266a2b0eac811d7ea7eabbd5b217965f88efa81371465134dbcab11,2026-07-15T18:53:35.823898+00:00,8o8-arch,7.0.12-arch1-1,AMD Ryzen 9 3900X 12-Core Processor,"logical=24,cores=12,sockets=1,nodes=1",performance,rustc 1.97.0 (2d8144b78 2026-07-07),22.1.6,cargo 1.97.0 (c980f4866 2026-06-30),"release,lto=thin,debug=true",/home/bob/.cache/mess-bench,/dev/nvme0n1p3,ext4,/home,Samsung SSD 970 EVO Plus 2TB,[none] mq-deadline kyber bfq,249457274880,4096,1024,payload[i]=(i*131+17)&0xff,3.8818359375,accepted,,4,8,0,1928,bytes,15424,7712,33562624,15424,0,0,0,0,0,14821074,14965059,7450,8900,10530,3.880,3.880
e000666,exploratory,pwritev_full_8m,candidate,1,2,ABBA,pwritev_full_8m,process,4096,1,4,4,new_name,synthetic_sweep,1,54215100a825da9eb7cfbd8f045e54ef05fb29bd,false,1b36f48efea63210dfeeee7270dea968ab5ba58da27f90aa42845eb8a64a6649,12b1dafe765a77d1a17115b0ae12cff973f20ed7d6d770fbd790695fe081288e,0e4833553be7825885da5ea99bceab292cc8abee6414d58b31864afe8ca9f944,c89b17de3d4d36a4e106517b0737619bd65f0e2877d95adbf2f297762f71fb7b,6e938dfcd266a2b0eac811d7ea7eabbd5b217965f88efa81371465134dbcab11,2026-07-15T18:53:36.849826+00:00,8o8-arch,7.0.12-arch1-1,AMD Ryzen 9 3900X 12-Core Processor,"logical=24,cores=12,sockets=1,nodes=1",performance,rustc 1.97.0 (2d8144b78 2026-07-07),22.1.6,cargo 1.97.0 (c980f4866 2026-06-30),"release,lto=thin,debug=true",/home/bob/.cache/mess-bench,/dev/nvme0n1p3,ext4,/home,Samsung SSD 970 EVO Plus 2TB,[none] mq-deadline kyber bfq,249457266688,4096,1024,payload[i]=(i*131+17)&0xff,3.81103515625,accepted,,4,8,0,1928,bytes,15424,7712,33562624,1928,0,0,8,0,0,6098422,6415915,2530,3020,8530,3.810,3.810
e000667,exploratory,pwritev_full_8m,candidate,1,3,ABBA,pwritev_full_8m,process,4096,1,4,4,new_name,synthetic_sweep,1,54215100a825da9eb7cfbd8f045e54ef05fb29bd,false,1b36f48efea63210dfeeee7270dea968ab5ba58da27f90aa42845eb8a64a6649,12b1dafe765a77d1a17115b0ae12cff973f20ed7d6d770fbd790695fe081288e,0e4833553be7825885da5ea99bceab292cc8abee6414d58b31864afe8ca9f944,c89b17de3d4d36a4e106517b0737619bd65f0e2877d95adbf2f297762f71fb7b,6e938dfcd266a2b0eac811d7ea7eabbd5b217965f88efa81371465134dbcab11,2026-07-15T18:53:37.874168+00:00,8o8-arch,7.0.12-arch1-1,AMD Ryzen 9 3900X 12-Core Processor,"logical=24,cores=12,sockets=1,nodes=1",performance,rustc 1.97.0 (2d8144b78 2026-07-07),22.1.6,cargo 1.97.0 (c980f4866 2026-06-30),"release,lto=thin,debug=true",/home/bob/.cache/mess-bench,/dev/nvme0n1p3,ext4,/home,Samsung SSD 970 EVO Plus 2TB,[none] mq-deadline kyber bfq,249457262592,4096,1024,payload[i]=(i*131+17)&0xff,3.81103515625,accepted,,4,8,0,1928,bytes,15424,7712,33562624,1928,0,0,8,0,0,5081721,5123206,2510,2980,3230,3.810,3.810
e000668,exploratory,pwritev_full_8m,baseline,1,4,ABBA,k_pwrite,process,4096,1,4,4,new_name,synthetic_sweep,1,54215100a825da9eb7cfbd8f045e54ef05fb29bd,false,1b36f48efea63210dfeeee7270dea968ab5ba58da27f90aa42845eb8a64a6649,12b1dafe765a77d1a17115b0ae12cff973f20ed7d6d770fbd790695fe081288e,0e4833553be7825885da5ea99bceab292cc8abee6414d58b31864afe8ca9f944,c89b17de3d4d36a4e106517b0737619bd65f0e2877d95adbf2f297762f71fb7b,6e938dfcd266a2b0eac811d7ea7eabbd5b217965f88efa81371465134dbcab11,2026-07-15T18:53:38.898142+00:00,8o8-arch,7.0.12-arch1-1,AMD Ryzen 9 3900X 12-Core Processor,"logical=24,cores=12,sockets=1,nodes=1",performance,rustc 1.97.0 (2d8144b78 2026-07-07),22.1.6,cargo 1.97.0 (c980f4866 2026-06-30),"release,lto=thin,debug=true",/home/bob/.cache/mess-bench,/dev/nvme0n1p3,ext4,/home,Samsung SSD 970 EVO Plus 2TB,[none] mq-deadline kyber bfq,249457250304,4096,1024,payload[i]=(i*131+17)&0xff,3.81103515625,accepted,,4,8,0,1928,bytes,15424,7712,33562624,15424,0,0,0,0,0,14794484,14915029,7450,8580,10720,3.810,3.810
e000669,exploratory,copy_contiguous,candidate,1,1,BAAB,copy_contiguous,process,4096,1,4,4,new_name,synthetic_sweep,1,54215100a825da9eb7cfbd8f045e54ef05fb29bd,false,1b36f48efea63210dfeeee7270dea968ab5ba58da27f90aa42845eb8a64a6649,12b1dafe765a77d1a17115b0ae12cff973f20ed7d6d770fbd790695fe081288e,0e4833553be7825885da5ea99bceab292cc8abee6414d58b31864afe8ca9f944,c89b17de3d4d36a4e106517b0737619bd65f0e2877d95adbf2f297762f71fb7b,6e938dfcd266a2b0eac811d7ea7eabbd5b217965f88efa81371465134dbcab11,2026-07-15T18:53:39.927472+00:00,8o8-arch,7.0.12-arch1-1,AMD Ryzen 9 3900X 12-Core Processor,"logical=24,cores=12,sockets=1,nodes=1",performance,rustc 1.97.0 (2d8144b78 2026-07-07),22.1.6,cargo 1.97.0 (c980f4866 2026-06-30),"release,lto=thin,debug=true",/home/bob/.cache/mess-bench,/dev/nvme0n1p3,ext4,/home,Samsung SSD 970 EVO Plus 2TB,[none] mq-deadline kyber bfq,249457250304,4096,1024,payload[i]=(i*131+17)&0xff,3.81103515625,accepted,,4,8,0,1928,bytes,15424,7712,33562624,1928,0,0,0,33562624,0,5007371,5055377,2510,2550,3140,3.810,3.810
e000670,exploratory,copy_contiguous,baseline,1,2,BAAB,k_pwrite,process,4096,1,4,4,new_name,synthetic_sweep,1,54215100a825da9eb7cfbd8f045e54ef05fb29bd,false,1b36f48efea63210dfeeee7270dea968ab5ba58da27f90aa42845eb8a64a6649,12b1dafe765a77d1a17115b0ae12cff973f20ed7d6d770fbd790695fe081288e,0e4833553be7825885da5ea99bceab292cc8abee6414d58b31864afe8ca9f944,c89b17de3d4d36a4e106517b0737619bd65f0e2877d95adbf2f297762f71fb7b,6e938dfcd266a2b0eac811d7ea7eabbd5b217965f88efa81371465134dbcab11,2026-07-15T18:53:40.962318+00:00,8o8-arch,7.0.12-arch1-1,AMD Ryzen 9 3900X 12-Core Processor,"logical=24,cores=12,sockets=1,nodes=1",performance,rustc 1.97.0 (2d8144b78 2026-07-07),22.1.6,cargo 1.97.0 (c980f4866 2026-06-30),"release,lto=thin,debug=true",/home/bob/.cache/mess-bench,/dev/nvme0n1p3,ext4,/home,Samsung SSD 970 EVO Plus 2TB,[none] mq-deadline kyber bfq,249457262592,4096,1024,payload[i]=(i*131+17)&0xff,3.74560546875,accepted,,4,8,0,1928,bytes,15424,7712,33562624,15424,0,0,0,0,0,14889624,14986009,7480,9040,10730,3.750,3.750
e000671,exploratory,copy_contiguous,baseline,1,3,BAAB,k_pwrite,process,4096,1,4,4,new_name,synthetic_sweep,1,54215100a825da9eb7cfbd8f045e54ef05fb29bd,false,1b36f48efea63210dfeeee7270dea968ab5ba58da27f90aa42845eb8a64a6649,12b1dafe765a77d1a17115b0ae12cff973f20ed7d6d770fbd790695fe081288e,0e4833553be7825885da5ea99bceab292cc8abee6414d58b31864afe8ca9f944,c89b17de3d4d36a4e106517b0737619bd65f0e2877d95adbf2f297762f71fb7b,6e938dfcd266a2b0eac811d7ea7eabbd5b217965f88efa81371465134dbcab11,2026-07-15T18:53:41.990816+00:00,8o8-arch,7.0.12-arch1-1,AMD Ryzen 9 3900X 12-Core Processor,"logical=24,cores=12,sockets=1,nodes=1",performance,rustc 1.97.0 (2d8144b78 2026-07-07),22.1.6,cargo 1.97.0 (c980f4866 2026-06-30),"release,lto=thin,debug=true",/home/bob/.cache/mess-bench,/dev/nvme0n1p3,ext4,/home,Samsung SSD 970 EVO Plus 2TB,[none] mq-deadline kyber bfq,249457262592,4096,1024,payload[i]=(i*131+17)&0xff,3.74560546875,accepted,,4,8,0,1928,bytes,15424,7712,33562624,15424,0,0,0,0,0,14883463,15036759,7470,8940,11380,3.750,3.750
e000672,exploratory,copy_contiguous,candidate,1,4,BAAB,copy_contiguous,process,4096,1,4,4,new_name,synthetic_sweep,1,54215100a825da9eb7cfbd8f045e54ef05fb29bd,false,1b36f48efea63210dfeeee7270dea968ab5ba58da27f90aa42845eb8a64a6649,12b1dafe765a77d1a17115b0ae12cff973f20ed7d6d770fbd790695fe081288e,0e4833553be7825885da5ea99bceab292cc8abee6414d58b31864afe8ca9f944,c89b17de3d4d36a4e106517b0737619bd65f0e2877d95adbf2f297762f71fb7b,6e938dfcd266a2b0eac811d7ea7eabbd5b217965f88efa81371465134dbcab11,2026-07-15T18:53:43.013925+00:00,8o8-arch,7.0.12-arch1-1,AMD Ryzen 9 3900X 12-Core Processor,"logical=24,cores=12,sockets=1,nodes=1",performance,rustc 1.97.0 (2d8144b78 2026-07-07),22.1.6,cargo 1.97.0 (c980f4866 2026-06-30),"release,lto=thin,debug=true",/home/bob/.cache/mess-bench,/dev/nvme0n1p3,ext4,/home,Samsung SSD 970 EVO Plus 2TB,[none] mq-deadline kyber bfq,249457242112,4096,1024,payload[i]=(i*131+17)&0xff,3.74560546875,accepted,,4,8,0,1928,bytes,15424,7712,33562624,1928,0,0,0,33562624,0,5110791,5182066,2500,3060,3360,3.750,3.750
e000673,exploratory,pwritev_full_8m,baseline,1,1,ABBA,k_pwrite,process,4096,10,2,2,domain,synthetic_sweep,1,54215100a825da9eb7cfbd8f045e54ef05fb29bd,false,1b36f48efea63210dfeeee7270dea968ab5ba58da27f90aa42845eb8a64a6649,12b1dafe765a77d1a17115b0ae12cff973f20ed7d6d770fbd790695fe081288e,0e4833553be7825885da5ea99bceab292cc8abee6414d58b31864afe8ca9f944,c89b17de3d4d36a4e106517b0737619bd65f0e2877d95adbf2f297762f71fb7b,6e938dfcd266a2b0eac811d7ea7eabbd5b217965f88efa81371465134dbcab11,2026-07-15T18:53:44.040622+00:00,8o8-arch,7.0.12-arch1-1,AMD Ryzen 9 3900X 12-Core Processor,"logical=24,cores=12,sockets=1,nodes=1",performance,rustc 1.97.0 (2d8144b78 2026-07-07),22.1.6,cargo 1.97.0 (c980f4866 2026-06-30),"release,lto=thin,debug=true",/home/bob/.cache/mess-bench,/dev/nvme0n1p3,ext4,/home,Samsung SSD 970 EVO Plus 2TB,[none] mq-deadline kyber bfq,249457238016,4096,1024,payload[i]=(i*131+17)&0xff,3.74560546875,accepted,,2,2,0,406,bytes,8120,8120,33558336,812,0,0,0,0,0,2739201,2756538,6440,9000,11080,3.750,3.750
e000674,exploratory,pwritev_full_8m,candidate,1,2,ABBA,pwritev_full_8m,process,4096,10,2,2,domain,synthetic_sweep,1,54215100a825da9eb7cfbd8f045e54ef05fb29bd,false,1b36f48efea63210dfeeee7270dea968ab5ba58da27f90aa42845eb8a64a6649,12b1dafe765a77d1a17115b0ae12cff973f20ed7d6d770fbd790695fe081288e,0e4833553be7825885da5ea99bceab292cc8abee6414d58b31864afe8ca9f944,c89b17de3d4d36a4e106517b0737619bd65f0e2877d95adbf2f297762f71fb7b,6e938dfcd266a2b0eac811d7ea7eabbd5b217965f88efa81371465134dbcab11,2026-07-15T18:53:45.069619+00:00,8o8-arch,7.0.12-arch1-1,AMD Ryzen 9 3900X 12-Core Processor,"logical=24,cores=12,sockets=1,nodes=1",performance,rustc 1.97.0 (2d8144b78 2026-07-07),22.1.6,cargo 1.97.0 (c980f4866 2026-06-30),"release,lto=thin,debug=true",/home/bob/.cache/mess-bench,/dev/nvme0n1p3,ext4,/home,Samsung SSD 970 EVO Plus 2TB,[none] mq-deadline kyber bfq,249457233920,4096,1024,payload[i]=(i*131+17)&0xff,3.74560546875,accepted,,2,2,0,406,bytes,8120,8120,33558336,406,0,0,2,0,0,2134650,2156648,4860,7350,9110,3.750,3.750
e000675,exploratory,pwritev_full_8m,candidate,1,3,ABBA,pwritev_full_8m,process,4096,10,2,2,domain,synthetic_sweep,1,54215100a825da9eb7cfbd8f045e54ef05fb29bd,false,1b36f48efea63210dfeeee7270dea968ab5ba58da27f90aa42845eb8a64a6649,12b1dafe765a77d1a17115b0ae12cff973f20ed7d6d770fbd790695fe081288e,0e4833553be7825885da5ea99bceab292cc8abee6414d58b31864afe8ca9f944,c89b17de3d4d36a4e106517b0737619bd65f0e2877d95adbf2f297762f71fb7b,6e938dfcd266a2b0eac811d7ea7eabbd5b217965f88efa81371465134dbcab11,2026-07-15T18:53:46.101286+00:00,8o8-arch,7.0.12-arch1-1,AMD Ryzen 9 3900X 12-Core Processor,"logical=24,cores=12,sockets=1,nodes=1",performance,rustc 1.97.0 (2d8144b78 2026-07-07),22.1.6,cargo 1.97.0 (c980f4866 2026-06-30),"release,lto=thin,debug=true",/home/bob/.cache/mess-bench,/dev/nvme0n1p3,ext4,/home,Samsung SSD 970 EVO Plus 2TB,[none] mq-deadline kyber bfq,249457233920,4096,1024,payload[i]=(i*131+17)&0xff,3.84619140625,accepted,,2,2,0,406,bytes,8120,8120,33558336,406,0,0,2,0,0,2008161,2041209,4720,5480,10420,3.850,3.850
e000676,exploratory,pwritev_full_8m,baseline,1,4,ABBA,k_pwrite,process,4096,10,2,2,domain,synthetic_sweep,1,54215100a825da9eb7cfbd8f045e54ef05fb29bd,false,1b36f48efea63210dfeeee7270dea968ab5ba58da27f90aa42845eb8a64a6649,12b1dafe765a77d1a17115b0ae12cff973f20ed7d6d770fbd790695fe081288e,0e4833553be7825885da5ea99bceab292cc8abee6414d58b31864afe8ca9f944,c89b17de3d4d36a4e106517b0737619bd65f0e2877d95adbf2f297762f71fb7b,6e938dfcd266a2b0eac811d7ea7eabbd5b217965f88efa81371465134dbcab11,2026-07-15T18:53:47.126308+00:00,8o8-arch,7.0.12-arch1-1,AMD Ryzen 9 3900X 12-Core Processor,"logical=24,cores=12,sockets=1,nodes=1",performance,rustc 1.97.0 (2d8144b78 2026-07-07),22.1.6,cargo 1.97.0 (c980f4866 2026-06-30),"release,lto=thin,debug=true",/home/bob/.cache/mess-bench,/dev/nvme0n1p3,ext4,/home,Samsung SSD 970 EVO Plus 2TB,[none] mq-deadline kyber bfq,249457229824,4096,1024,payload[i]=(i*131+17)&0xff,3.84619140625,accepted,,2,2,0,406,bytes,8120,8120,33558336,812,0,0,0,0,0,2705120,2719148,6340,8340,10800,3.850,3.850
e000677,exploratory,copy_contiguous,candidate,1,1,BAAB,copy_contiguous,process,4096,10,2,2,domain,synthetic_sweep,1,54215100a825da9eb7cfbd8f045e54ef05fb29bd,false,1b36f48efea63210dfeeee7270dea968ab5ba58da27f90aa42845eb8a64a6649,12b1dafe765a77d1a17115b0ae12cff973f20ed7d6d770fbd790695fe081288e,0e4833553be7825885da5ea99bceab292cc8abee6414d58b31864afe8ca9f944,c89b17de3d4d36a4e106517b0737619bd65f0e2877d95adbf2f297762f71fb7b,6e938dfcd266a2b0eac811d7ea7eabbd5b217965f88efa81371465134dbcab11,2026-07-15T18:53:48.154337+00:00,8o8-arch,7.0.12-arch1-1,AMD Ryzen 9 3900X 12-Core Processor,"logical=24,cores=12,sockets=1,nodes=1",performance,rustc 1.97.0 (2d8144b78 2026-07-07),22.1.6,cargo 1.97.0 (c980f4866 2026-06-30),"release,lto=thin,debug=true",/home/bob/.cache/mess-bench,/dev/nvme0n1p3,ext4,/home,Samsung SSD 970 EVO Plus 2TB,[none] mq-deadline kyber bfq,249457233920,4096,1024,payload[i]=(i*131+17)&0xff,3.84619140625,accepted,,2,2,0,406,bytes,8120,8120,33558336,406,0,0,0,33558336,0,3188481,3205027,7880,8650,11850,3.850,3.850
e000678,exploratory,copy_contiguous,baseline,1,2,BAAB,k_pwrite,process,4096,10,2,2,domain,synthetic_sweep,1,54215100a825da9eb7cfbd8f045e54ef05fb29bd,false,1b36f48efea63210dfeeee7270dea968ab5ba58da27f90aa42845eb8a64a6649,12b1dafe765a77d1a17115b0ae12cff973f20ed7d6d770fbd790695fe081288e,0e4833553be7825885da5ea99bceab292cc8abee6414d58b31864afe8ca9f944,c89b17de3d4d36a4e106517b0737619bd65f0e2877d95adbf2f297762f71fb7b,6e938dfcd266a2b0eac811d7ea7eabbd5b217965f88efa81371465134dbcab11,2026-07-15T18:53:49.186234+00:00,8o8-arch,7.0.12-arch1-1,AMD Ryzen 9 3900X 12-Core Processor,"logical=24,cores=12,sockets=1,nodes=1",performance,rustc 1.97.0 (2d8144b78 2026-07-07),22.1.6,cargo 1.97.0 (c980f4866 2026-06-30),"release,lto=thin,debug=true",/home/bob/.cache/mess-bench,/dev/nvme0n1p3,ext4,/home,Samsung SSD 970 EVO Plus 2TB,[none] mq-deadline kyber bfq,249457229824,4096,1024,payload[i]=(i*131+17)&0xff,3.84619140625,accepted,,2,2,0,406,bytes,8120,8120,33558336,812,0,0,0,0,0,2727820,2740057,6380,7950,10560,3.850,3.850
e000679,exploratory,copy_contiguous,baseline,1,3,BAAB,k_pwrite,process,4096,10,2,2,domain,synthetic_sweep,1,54215100a825da9eb7cfbd8f045e54ef05fb29bd,false,1b36f48efea63210dfeeee7270dea968ab5ba58da27f90aa42845eb8a64a6649,12b1dafe765a77d1a17115b0ae12cff973f20ed7d6d770fbd790695fe081288e,0e4833553be7825885da5ea99bceab292cc8abee6414d58b31864afe8ca9f944,c89b17de3d4d36a4e106517b0737619bd65f0e2877d95adbf2f297762f71fb7b,6e938dfcd266a2b0eac811d7ea7eabbd5b217965f88efa81371465134dbcab11,2026-07-15T18:53:50.210047+00:00,8o8-arch,7.0.12-arch1-1,AMD Ryzen 9 3900X 12-Core Processor,"logical=24,cores=12,sockets=1,nodes=1",performance,rustc 1.97.0 (2d8144b78 2026-07-07),22.1.6,cargo 1.97.0 (c980f4866 2026-06-30),"release,lto=thin,debug=true",/home/bob/.cache/mess-bench,/dev/nvme0n1p3,ext4,/home,Samsung SSD 970 EVO Plus 2TB,[none] mq-deadline kyber bfq,249457225728,4096,1024,payload[i]=(i*131+17)&0xff,3.84619140625,accepted,,2,2,0,406,bytes,8120,8120,33558336,812,0,0,0,0,0,2742811,2755888,6370,9880,12110,3.850,3.850
e000680,exploratory,copy_contiguous,candidate,1,4,BAAB,copy_contiguous,process,4096,10,2,2,domain,synthetic_sweep,1,54215100a825da9eb7cfbd8f045e54ef05fb29bd,false,1b36f48efea63210dfeeee7270dea968ab5ba58da27f90aa42845eb8a64a6649,12b1dafe765a77d1a17115b0ae12cff973f20ed7d6d770fbd790695fe081288e,0e4833553be7825885da5ea99bceab292cc8abee6414d58b31864afe8ca9f944,c89b17de3d4d36a4e106517b0737619bd65f0e2877d95adbf2f297762f71fb7b,6e938dfcd266a2b0eac811d7ea7eabbd5b217965f88efa81371465134dbcab11,2026-07-15T18:53:51.239931+00:00,8o8-arch,7.0.12-arch1-1,AMD Ryzen 9 3900X 12-Core Processor,"logical=24,cores=12,sockets=1,nodes=1",performance,rustc 1.97.0 (2d8144b78 2026-07-07),22.1.6,cargo 1.97.0 (c980f4866 2026-06-30),"release,lto=thin,debug=true",/home/bob/.cache/mess-bench,/dev/nvme0n1p3,ext4,/home,Samsung SSD 970 EVO Plus 2TB,[none] mq-deadline kyber bfq,249457225728,4096,1024,payload[i]=(i*131+17)&0xff,3.6982421875,accepted,,2,2,0,406,bytes,8120,8120,33558336,406,0,0,0,33558336,0,2545671,2567348,5950,8280,10150,3.700,3.700
e000681,exploratory,pwritev_full_8m,baseline,1,1,ABBA,k_pwrite,process,4096,10,2,2,new_name,synthetic_sweep,1,54215100a825da9eb7cfbd8f045e54ef05fb29bd,false,1b36f48efea63210dfeeee7270dea968ab5ba58da27f90aa42845eb8a64a6649,12b1dafe765a77d1a17115b0ae12cff973f20ed7d6d770fbd790695fe081288e,0e4833553be7825885da5ea99bceab292cc8abee6414d58b31864afe8ca9f944,c89b17de3d4d36a4e106517b0737619bd65f0e2877d95adbf2f297762f71fb7b,6e938dfcd266a2b0eac811d7ea7eabbd5b217965f88efa81371465134dbcab11,2026-07-15T18:53:52.272097+00:00,8o8-arch,7.0.12-arch1-1,AMD Ryzen 9 3900X 12-Core Processor,"logical=24,cores=12,sockets=1,nodes=1",performance,rustc 1.97.0 (2d8144b78 2026-07-07),22.1.6,cargo 1.97.0 (c980f4866 2026-06-30),"release,lto=thin,debug=true",/home/bob/.cache/mess-bench,/dev/nvme0n1p3,ext4,/home,Samsung SSD 970 EVO Plus 2TB,[none] mq-deadline kyber bfq,249457217536,4096,1024,payload[i]=(i*131+17)&0xff,3.6982421875,accepted,,2,4,0,405,bytes,8910,8100,33589080,1620,0,0,0,0,0,3284570,3302108,7770,10479,11750,3.700,3.700
e000682,exploratory,pwritev_full_8m,candidate,1,2,ABBA,pwritev_full_8m,process,4096,10,2,2,new_name,synthetic_sweep,1,54215100a825da9eb7cfbd8f045e54ef05fb29bd,false,1b36f48efea63210dfeeee7270dea968ab5ba58da27f90aa42845eb8a64a6649,12b1dafe765a77d1a17115b0ae12cff973f20ed7d6d770fbd790695fe081288e,0e4833553be7825885da5ea99bceab292cc8abee6414d58b31864afe8ca9f944,c89b17de3d4d36a4e106517b0737619bd65f0e2877d95adbf2f297762f71fb7b,6e938dfcd266a2b0eac811d7ea7eabbd5b217965f88efa81371465134dbcab11,2026-07-15T18:53:53.300038+00:00,8o8-arch,7.0.12-arch1-1,AMD Ryzen 9 3900X 12-Core Processor,"logical=24,cores=12,sockets=1,nodes=1",performance,rustc 1.97.0 (2d8144b78 2026-07-07),22.1.6,cargo 1.97.0 (c980f4866 2026-06-30),"release,lto=thin,debug=true",/home/bob/.cache/mess-bench,/dev/nvme0n1p3,ext4,/home,Samsung SSD 970 EVO Plus 2TB,[none] mq-deadline kyber bfq,249457205248,4096,1024,payload[i]=(i*131+17)&0xff,3.6982421875,accepted,,2,4,0,405,bytes,8910,8100,33589080,405,0,0,4,0,0,1971230,1983569,4730,4880,7480,3.700,3.700
e000683,exploratory,pwritev_full_8m,candidate,1,3,ABBA,pwritev_full_8m,process,4096,10,2,2,new_name,synthetic_sweep,1,54215100a825da9eb7cfbd8f045e54ef05fb29bd,false,1b36f48efea63210dfeeee7270dea968ab5ba58da27f90aa42845eb8a64a6649,12b1dafe765a77d1a17115b0ae12cff973f20ed7d6d770fbd790695fe081288e,0e4833553be7825885da5ea99bceab292cc8abee6414d58b31864afe8ca9f944,c89b17de3d4d36a4e106517b0737619bd65f0e2877d95adbf2f297762f71fb7b,6e938dfcd266a2b0eac811d7ea7eabbd5b217965f88efa81371465134dbcab11,2026-07-15T18:53:54.331416+00:00,8o8-arch,7.0.12-arch1-1,AMD Ryzen 9 3900X 12-Core Processor,"logical=24,cores=12,sockets=1,nodes=1",performance,rustc 1.97.0 (2d8144b78 2026-07-07),22.1.6,cargo 1.97.0 (c980f4866 2026-06-30),"release,lto=thin,debug=true",/home/bob/.cache/mess-bench,/dev/nvme0n1p3,ext4,/home,Samsung SSD 970 EVO Plus 2TB,[none] mq-deadline kyber bfq,249457205248,4096,1024,payload[i]=(i*131+17)&0xff,3.6982421875,accepted,,2,4,0,405,bytes,8910,8100,33589080,405,0,0,4,0,0,2019581,2031318,4750,6320,8510,3.700,3.700
e000684,exploratory,pwritev_full_8m,baseline,1,4,ABBA,k_pwrite,process,4096,10,2,2,new_name,synthetic_sweep,1,54215100a825da9eb7cfbd8f045e54ef05fb29bd,false,1b36f48efea63210dfeeee7270dea968ab5ba58da27f90aa42845eb8a64a6649,12b1dafe765a77d1a17115b0ae12cff973f20ed7d6d770fbd790695fe081288e,0e4833553be7825885da5ea99bceab292cc8abee6414d58b31864afe8ca9f944,c89b17de3d4d36a4e106517b0737619bd65f0e2877d95adbf2f297762f71fb7b,6e938dfcd266a2b0eac811d7ea7eabbd5b217965f88efa81371465134dbcab11,2026-07-15T18:53:55.362542+00:00,8o8-arch,7.0.12-arch1-1,AMD Ryzen 9 3900X 12-Core Processor,"logical=24,cores=12,sockets=1,nodes=1",performance,rustc 1.97.0 (2d8144b78 2026-07-07),22.1.6,cargo 1.97.0 (c980f4866 2026-06-30),"release,lto=thin,debug=true",/home/bob/.cache/mess-bench,/dev/nvme0n1p3,ext4,/home,Samsung SSD 970 EVO Plus 2TB,[none] mq-deadline kyber bfq,249457205248,4096,1024,payload[i]=(i*131+17)&0xff,3.6982421875,accepted,,2,4,0,405,bytes,8910,8100,33589080,1620,0,0,0,0,0,3439391,3470008,7760,12070,21380,3.700,3.700
e000685,exploratory,copy_contiguous,candidate,1,1,BAAB,copy_contiguous,process,4096,10,2,2,new_name,synthetic_sweep,1,54215100a825da9eb7cfbd8f045e54ef05fb29bd,false,1b36f48efea63210dfeeee7270dea968ab5ba58da27f90aa42845eb8a64a6649,12b1dafe765a77d1a17115b0ae12cff973f20ed7d6d770fbd790695fe081288e,0e4833553be7825885da5ea99bceab292cc8abee6414d58b31864afe8ca9f944,c89b17de3d4d36a4e106517b0737619bd65f0e2877d95adbf2f297762f71fb7b,6e938dfcd266a2b0eac811d7ea7eabbd5b217965f88efa81371465134dbcab11,2026-07-15T18:53:56.391895+00:00,8o8-arch,7.0.12-arch1-1,AMD Ryzen 9 3900X 12-Core Processor,"logical=24,cores=12,sockets=1,nodes=1",performance,rustc 1.97.0 (2d8144b78 2026-07-07),22.1.6,cargo 1.97.0 (c980f4866 2026-06-30),"release,lto=thin,debug=true",/home/bob/.cache/mess-bench,/dev/nvme0n1p3,ext4,/home,Samsung SSD 970 EVO Plus 2TB,[none] mq-deadline kyber bfq,249457201152,4096,1024,payload[i]=(i*131+17)&0xff,3.48193359375,accepted,,2,4,0,405,bytes,8910,8100,33589080,405,0,0,0,33589080,0,3251001,3283057,7960,11540,12830,3.480,3.480
e000686,exploratory,copy_contiguous,baseline,1,2,BAAB,k_pwrite,process,4096,10,2,2,new_name,synthetic_sweep,1,54215100a825da9eb7cfbd8f045e54ef05fb29bd,false,1b36f48efea63210dfeeee7270dea968ab5ba58da27f90aa42845eb8a64a6649,12b1dafe765a77d1a17115b0ae12cff973f20ed7d6d770fbd790695fe081288e,0e4833553be7825885da5ea99bceab292cc8abee6414d58b31864afe8ca9f944,c89b17de3d4d36a4e106517b0737619bd65f0e2877d95adbf2f297762f71fb7b,6e938dfcd266a2b0eac811d7ea7eabbd5b217965f88efa81371465134dbcab11,2026-07-15T18:53:57.424202+00:00,8o8-arch,7.0.12-arch1-1,AMD Ryzen 9 3900X 12-Core Processor,"logical=24,cores=12,sockets=1,nodes=1",performance,rustc 1.97.0 (2d8144b78 2026-07-07),22.1.6,cargo 1.97.0 (c980f4866 2026-06-30),"release,lto=thin,debug=true",/home/bob/.cache/mess-bench,/dev/nvme0n1p3,ext4,/home,Samsung SSD 970 EVO Plus 2TB,[none] mq-deadline kyber bfq,249457188864,4096,1024,payload[i]=(i*131+17)&0xff,3.48193359375,accepted,,2,4,0,405,bytes,8910,8100,33589080,1620,0,0,0,0,0,3707031,3732487,8180,9300,17970,3.480,3.480
e000687,exploratory,copy_contiguous,baseline,1,3,BAAB,k_pwrite,process,4096,10,2,2,new_name,synthetic_sweep,1,54215100a825da9eb7cfbd8f045e54ef05fb29bd,false,1b36f48efea63210dfeeee7270dea968ab5ba58da27f90aa42845eb8a64a6649,12b1dafe765a77d1a17115b0ae12cff973f20ed7d6d770fbd790695fe081288e,0e4833553be7825885da5ea99bceab292cc8abee6414d58b31864afe8ca9f944,c89b17de3d4d36a4e106517b0737619bd65f0e2877d95adbf2f297762f71fb7b,6e938dfcd266a2b0eac811d7ea7eabbd5b217965f88efa81371465134dbcab11,2026-07-15T18:53:58.446008+00:00,8o8-arch,7.0.12-arch1-1,AMD Ryzen 9 3900X 12-Core Processor,"logical=24,cores=12,sockets=1,nodes=1",performance,rustc 1.97.0 (2d8144b78 2026-07-07),22.1.6,cargo 1.97.0 (c980f4866 2026-06-30),"release,lto=thin,debug=true",/home/bob/.cache/mess-bench,/dev/nvme0n1p3,ext4,/home,Samsung SSD 970 EVO Plus 2TB,[none] mq-deadline kyber bfq,249457188864,4096,1024,payload[i]=(i*131+17)&0xff,3.48193359375,accepted,,2,4,0,405,bytes,8910,8100,33589080,1620,0,0,0,0,0,3435291,3471238,7800,13750,17380,3.480,3.480
e000688,exploratory,copy_contiguous,candidate,1,4,BAAB,copy_contiguous,process,4096,10,2,2,new_name,synthetic_sweep,1,54215100a825da9eb7cfbd8f045e54ef05fb29bd,false,1b36f48efea63210dfeeee7270dea968ab5ba58da27f90aa42845eb8a64a6649,12b1dafe765a77d1a17115b0ae12cff973f20ed7d6d770fbd790695fe081288e,0e4833553be7825885da5ea99bceab292cc8abee6414d58b31864afe8ca9f944,c89b17de3d4d36a4e106517b0737619bd65f0e2877d95adbf2f297762f71fb7b,6e938dfcd266a2b0eac811d7ea7eabbd5b217965f88efa81371465134dbcab11,2026-07-15T18:53:59.475488+00:00,8o8-arch,7.0.12-arch1-1,AMD Ryzen 9 3900X 12-Core Processor,"logical=24,cores=12,sockets=1,nodes=1",performance,rustc 1.97.0 (2d8144b78 2026-07-07),22.1.6,cargo 1.97.0 (c980f4866 2026-06-30),"release,lto=thin,debug=true",/home/bob/.cache/mess-bench,/dev/nvme0n1p3,ext4,/home,Samsung SSD 970 EVO Plus 2TB,[none] mq-deadline kyber bfq,249457184768,4096,1024,payload[i]=(i*131+17)&0xff,3.48193359375,accepted,,2,4,0,405,bytes,8910,8100,33589080,405,0,0,0,33589080,0,2857851,2880948,6530,10940,14110,3.480,3.480
e000689,exploratory,pwritev_full_8m,baseline,1,1,ABBA,k_pwrite,process,4096,10,4,4,domain,synthetic_sweep,1,54215100a825da9eb7cfbd8f045e54ef05fb29bd,false,1b36f48efea63210dfeeee7270dea968ab5ba58da27f90aa42845eb8a64a6649,12b1dafe765a77d1a17115b0ae12cff973f20ed7d6d770fbd790695fe081288e,0e4833553be7825885da5ea99bceab292cc8abee6414d58b31864afe8ca9f944,c89b17de3d4d36a4e106517b0737619bd65f0e2877d95adbf2f297762f71fb7b,6e938dfcd266a2b0eac811d7ea7eabbd5b217965f88efa81371465134dbcab11,2026-07-15T18:54:00.507363+00:00,8o8-arch,7.0.12-arch1-1,AMD Ryzen 9 3900X 12-Core Processor,"logical=24,cores=12,sockets=1,nodes=1",performance,rustc 1.97.0 (2d8144b78 2026-07-07),22.1.6,cargo 1.97.0 (c980f4866 2026-06-30),"release,lto=thin,debug=true",/home/bob/.cache/mess-bench,/dev/nvme0n1p3,ext4,/home,Samsung SSD 970 EVO Plus 2TB,[none] mq-deadline kyber bfq,249457180672,4096,1024,payload[i]=(i*131+17)&0xff,3.48193359375,accepted,,4,4,0,203,bytes,8120,8120,33558336,812,0,0,0,0,0,3331641,3362988,15800,21460,25300,3.480,3.480
e000690,exploratory,pwritev_full_8m,candidate,1,2,ABBA,pwritev_full_8m,process,4096,10,4,4,domain,synthetic_sweep,1,54215100a825da9eb7cfbd8f045e54ef05fb29bd,false,1b36f48efea63210dfeeee7270dea968ab5ba58da27f90aa42845eb8a64a6649,12b1dafe765a77d1a17115b0ae12cff973f20ed7d6d770fbd790695fe081288e,0e4833553be7825885da5ea99bceab292cc8abee6414d58b31864afe8ca9f944,c89b17de3d4d36a4e106517b0737619bd65f0e2877d95adbf2f297762f71fb7b,6e938dfcd266a2b0eac811d7ea7eabbd5b217965f88efa81371465134dbcab11,2026-07-15T18:54:01.538339+00:00,8o8-arch,7.0.12-arch1-1,AMD Ryzen 9 3900X 12-Core Processor,"logical=24,cores=12,sockets=1,nodes=1",performance,rustc 1.97.0 (2d8144b78 2026-07-07),22.1.6,cargo 1.97.0 (c980f4866 2026-06-30),"release,lto=thin,debug=true",/home/bob/.cache/mess-bench,/dev/nvme0n1p3,ext4,/home,Samsung SSD 970 EVO Plus 2TB,[none] mq-deadline kyber bfq,249457180672,4096,1024,payload[i]=(i*131+17)&0xff,3.28271484375,accepted,,4,4,0,203,bytes,8120,8120,33558336,203,0,0,4,0,0,2013030,2035679,9560,10310,22200,3.280,3.280
e000691,exploratory,pwritev_full_8m,candidate,1,3,ABBA,pwritev_full_8m,process,4096,10,4,4,domain,synthetic_sweep,1,54215100a825da9eb7cfbd8f045e54ef05fb29bd,false,1b36f48efea63210dfeeee7270dea968ab5ba58da27f90aa42845eb8a64a6649,12b1dafe765a77d1a17115b0ae12cff973f20ed7d6d770fbd790695fe081288e,0e4833553be7825885da5ea99bceab292cc8abee6414d58b31864afe8ca9f944,c89b17de3d4d36a4e106517b0737619bd65f0e2877d95adbf2f297762f71fb7b,6e938dfcd266a2b0eac811d7ea7eabbd5b217965f88efa81371465134dbcab11,2026-07-15T18:54:02.562657+00:00,8o8-arch,7.0.12-arch1-1,AMD Ryzen 9 3900X 12-Core Processor,"logical=24,cores=12,sockets=1,nodes=1",performance,rustc 1.97.0 (2d8144b78 2026-07-07),22.1.6,cargo 1.97.0 (c980f4866 2026-06-30),"release,lto=thin,debug=true",/home/bob/.cache/mess-bench,/dev/nvme0n1p3,ext4,/home,Samsung SSD 970 EVO Plus 2TB,[none] mq-deadline kyber bfq,249457176576,4096,1024,payload[i]=(i*131+17)&0xff,3.28271484375,accepted,,4,4,0,203,bytes,8120,8120,33558336,203,0,0,4,0,0,1981950,2007718,8910,15410,19680,3.280,3.280
e000692,exploratory,pwritev_full_8m,baseline,1,4,ABBA,k_pwrite,process,4096,10,4,4,domain,synthetic_sweep,1,54215100a825da9eb7cfbd8f045e54ef05fb29bd,false,1b36f48efea63210dfeeee7270dea968ab5ba58da27f90aa42845eb8a64a6649,12b1dafe765a77d1a17115b0ae12cff973f20ed7d6d770fbd790695fe081288e,0e4833553be7825885da5ea99bceab292cc8abee6414d58b31864afe8ca9f944,c89b17de3d4d36a4e106517b0737619bd65f0e2877d95adbf2f297762f71fb7b,6e938dfcd266a2b0eac811d7ea7eabbd5b217965f88efa81371465134dbcab11,2026-07-15T18:54:03.591471+00:00,8o8-arch,7.0.12-arch1-1,AMD Ryzen 9 3900X 12-Core Processor,"logical=24,cores=12,sockets=1,nodes=1",performance,rustc 1.97.0 (2d8144b78 2026-07-07),22.1.6,cargo 1.97.0 (c980f4866 2026-06-30),"release,lto=thin,debug=true",/home/bob/.cache/mess-bench,/dev/nvme0n1p3,ext4,/home,Samsung SSD 970 EVO Plus 2TB,[none] mq-deadline kyber bfq,249457172480,4096,1024,payload[i]=(i*131+17)&0xff,3.28271484375,accepted,,4,4,0,203,bytes,8120,8120,33558336,812,0,0,0,0,0,3300330,3332888,15480,21210,28180,3.280,3.280
e000693,exploratory,copy_contiguous,candidate,1,1,BAAB,copy_contiguous,process,4096,10,4,4,domain,synthetic_sweep,1,54215100a825da9eb7cfbd8f045e54ef05fb29bd,false,1b36f48efea63210dfeeee7270dea968ab5ba58da27f90aa42845eb8a64a6649,12b1dafe765a77d1a17115b0ae12cff973f20ed7d6d770fbd790695fe081288e,0e4833553be7825885da5ea99bceab292cc8abee6414d58b31864afe8ca9f944,c89b17de3d4d36a4e106517b0737619bd65f0e2877d95adbf2f297762f71fb7b,6e938dfcd266a2b0eac811d7ea7eabbd5b217965f88efa81371465134dbcab11,2026-07-15T18:54:04.612740+00:00,8o8-arch,7.0.12-arch1-1,AMD Ryzen 9 3900X 12-Core Processor,"logical=24,cores=12,sockets=1,nodes=1",performance,rustc 1.97.0 (2d8144b78 2026-07-07),22.1.6,cargo 1.97.0 (c980f4866 2026-06-30),"release,lto=thin,debug=true",/home/bob/.cache/mess-bench,/dev/nvme0n1p3,ext4,/home,Samsung SSD 970 EVO Plus 2TB,[none] mq-deadline kyber bfq,249457164288,4096,1024,payload[i]=(i*131+17)&0xff,3.28271484375,accepted,,4,4,0,203,bytes,8120,8120,33558336,203,0,0,0,33558336,0,4633141,4686426,22080,29060,39260,3.280,3.280
e000694,exploratory,copy_contiguous,baseline,1,2,BAAB,k_pwrite,process,4096,10,4,4,domain,synthetic_sweep,1,54215100a825da9eb7cfbd8f045e54ef05fb29bd,false,1b36f48efea63210dfeeee7270dea968ab5ba58da27f90aa42845eb8a64a6649,12b1dafe765a77d1a17115b0ae12cff973f20ed7d6d770fbd790695fe081288e,0e4833553be7825885da5ea99bceab292cc8abee6414d58b31864afe8ca9f944,c89b17de3d4d36a4e106517b0737619bd65f0e2877d95adbf2f297762f71fb7b,6e938dfcd266a2b0eac811d7ea7eabbd5b217965f88efa81371465134dbcab11,2026-07-15T18:54:05.638949+00:00,8o8-arch,7.0.12-arch1-1,AMD Ryzen 9 3900X 12-Core Processor,"logical=24,cores=12,sockets=1,nodes=1",performance,rustc 1.97.0 (2d8144b78 2026-07-07),22.1.6,cargo 1.97.0 (c980f4866 2026-06-30),"release,lto=thin,debug=true",/home/bob/.cache/mess-bench,/dev/nvme0n1p3,ext4,/home,Samsung SSD 970 EVO Plus 2TB,[none] mq-deadline kyber bfq,249457160192,4096,1024,payload[i]=(i*131+17)&0xff,3.28271484375,accepted,,4,4,0,203,bytes,8120,8120,33558336,812,0,0,0,0,0,3158401,3185048,14650,20940,26860,3.280,3.280
e000695,exploratory,copy_contiguous,baseline,1,3,BAAB,k_pwrite,process,4096,10,4,4,domain,synthetic_sweep,1,54215100a825da9eb7cfbd8f045e54ef05fb29bd,false,1b36f48efea63210dfeeee7270dea968ab5ba58da27f90aa42845eb8a64a6649,12b1dafe765a77d1a17115b0ae12cff973f20ed7d6d770fbd790695fe081288e,0e4833553be7825885da5ea99bceab292cc8abee6414d58b31864afe8ca9f944,c89b17de3d4d36a4e106517b0737619bd65f0e2877d95adbf2f297762f71fb7b,6e938dfcd266a2b0eac811d7ea7eabbd5b217965f88efa81371465134dbcab11,2026-07-15T18:54:06.671251+00:00,8o8-arch,7.0.12-arch1-1,AMD Ryzen 9 3900X 12-Core Processor,"logical=24,cores=12,sockets=1,nodes=1",performance,rustc 1.97.0 (2d8144b78 2026-07-07),22.1.6,cargo 1.97.0 (c980f4866 2026-06-30),"release,lto=thin,debug=true",/home/bob/.cache/mess-bench,/dev/nvme0n1p3,ext4,/home,Samsung SSD 970 EVO Plus 2TB,[none] mq-deadline kyber bfq,249457160192,4096,1024,payload[i]=(i*131+17)&0xff,3.1796875,accepted,,4,4,0,203,bytes,8120,8120,33558336,812,0,0,0,0,0,3337901,3390288,15550,21350,39050,3.180,3.180
e000696,exploratory,copy_contiguous,candidate,1,4,BAAB,copy_contiguous,process,4096,10,4,4,domain,synthetic_sweep,1,54215100a825da9eb7cfbd8f045e54ef05fb29bd,false,1b36f48efea63210dfeeee7270dea968ab5ba58da27f90aa42845eb8a64a6649,12b1dafe765a77d1a17115b0ae12cff973f20ed7d6d770fbd790695fe081288e,0e4833553be7825885da5ea99bceab292cc8abee6414d58b31864afe8ca9f944,c89b17de3d4d36a4e106517b0737619bd65f0e2877d95adbf2f297762f71fb7b,6e938dfcd266a2b0eac811d7ea7eabbd5b217965f88efa81371465134dbcab11,2026-07-15T18:54:07.701443+00:00,8o8-arch,7.0.12-arch1-1,AMD Ryzen 9 3900X 12-Core Processor,"logical=24,cores=12,sockets=1,nodes=1",performance,rustc 1.97.0 (2d8144b78 2026-07-07),22.1.6,cargo 1.97.0 (c980f4866 2026-06-30),"release,lto=thin,debug=true",/home/bob/.cache/mess-bench,/dev/nvme0n1p3,ext4,/home,Samsung SSD 970 EVO Plus 2TB,[none] mq-deadline kyber bfq,249457152000,4096,1024,payload[i]=(i*131+17)&0xff,3.1796875,accepted,,4,4,0,203,bytes,8120,8120,33558336,203,0,0,0,33558336,0,4574011,4620567,21720,27550,32870,3.180,3.180
e000697,exploratory,pwritev_full_8m,baseline,1,1,ABBA,k_pwrite,process,4096,10,4,4,new_name,synthetic_sweep,1,54215100a825da9eb7cfbd8f045e54ef05fb29bd,false,1b36f48efea63210dfeeee7270dea968ab5ba58da27f90aa42845eb8a64a6649,12b1dafe765a77d1a17115b0ae12cff973f20ed7d6d770fbd790695fe081288e,0e4833553be7825885da5ea99bceab292cc8abee6414d58b31864afe8ca9f944,c89b17de3d4d36a4e106517b0737619bd65f0e2877d95adbf2f297762f71fb7b,6e938dfcd266a2b0eac811d7ea7eabbd5b217965f88efa81371465134dbcab11,2026-07-15T18:54:08.731548+00:00,8o8-arch,7.0.12-arch1-1,AMD Ryzen 9 3900X 12-Core Processor,"logical=24,cores=12,sockets=1,nodes=1",performance,rustc 1.97.0 (2d8144b78 2026-07-07),22.1.6,cargo 1.97.0 (c980f4866 2026-06-30),"release,lto=thin,debug=true",/home/bob/.cache/mess-bench,/dev/nvme0n1p3,ext4,/home,Samsung SSD 970 EVO Plus 2TB,[none] mq-deadline kyber bfq,249457147904,4096,1024,payload[i]=(i*131+17)&0xff,3.1796875,accepted,,4,8,0,203,bytes,8932,8120,33672016,1624,0,0,0,0,0,4145271,4177037,19740,24440,28820,3.180,3.180
e000698,exploratory,pwritev_full_8m,candidate,1,2,ABBA,pwritev_full_8m,process,4096,10,4,4,new_name,synthetic_sweep,1,54215100a825da9eb7cfbd8f045e54ef05fb29bd,false,1b36f48efea63210dfeeee7270dea968ab5ba58da27f90aa42845eb8a64a6649,12b1dafe765a77d1a17115b0ae12cff973f20ed7d6d770fbd790695fe081288e,0e4833553be7825885da5ea99bceab292cc8abee6414d58b31864afe8ca9f944,c89b17de3d4d36a4e106517b0737619bd65f0e2877d95adbf2f297762f71fb7b,6e938dfcd266a2b0eac811d7ea7eabbd5b217965f88efa81371465134dbcab11,2026-07-15T18:54:09.759606+00:00,8o8-arch,7.0.12-arch1-1,AMD Ryzen 9 3900X 12-Core Processor,"logical=24,cores=12,sockets=1,nodes=1",performance,rustc 1.97.0 (2d8144b78 2026-07-07),22.1.6,cargo 1.97.0 (c980f4866 2026-06-30),"release,lto=thin,debug=true",/home/bob/.cache/mess-bench,/dev/nvme0n1p3,ext4,/home,Samsung SSD 970 EVO Plus 2TB,[none] mq-deadline kyber bfq,249457147904,4096,1024,payload[i]=(i*131+17)&0xff,3.1796875,accepted,,4,8,0,203,bytes,8932,8120,33672016,203,0,0,8,0,0,2179881,2204579,10320,15020,18260,3.180,3.180
e000699,exploratory,pwritev_full_8m,candidate,1,3,ABBA,pwritev_full_8m,process,4096,10,4,4,new_name,synthetic_sweep,1,54215100a825da9eb7cfbd8f045e54ef05fb29bd,false,1b36f48efea63210dfeeee7270dea968ab5ba58da27f90aa42845eb8a64a6649,12b1dafe765a77d1a17115b0ae12cff973f20ed7d6d770fbd790695fe081288e,0e4833553be7825885da5ea99bceab292cc8abee6414d58b31864afe8ca9f944,c89b17de3d4d36a4e106517b0737619bd65f0e2877d95adbf2f297762f71fb7b,6e938dfcd266a2b0eac811d7ea7eabbd5b217965f88efa81371465134dbcab11,2026-07-15T18:54:10.784892+00:00,8o8-arch,7.0.12-arch1-1,AMD Ryzen 9 3900X 12-Core Processor,"logical=24,cores=12,sockets=1,nodes=1",performance,rustc 1.97.0 (2d8144b78 2026-07-07),22.1.6,cargo 1.97.0 (c980f4866 2026-06-30),"release,lto=thin,debug=true",/home/bob/.cache/mess-bench,/dev/nvme0n1p3,ext4,/home,Samsung SSD 970 EVO Plus 2TB,[none] mq-deadline kyber bfq,249457139712,4096,1024,payload[i]=(i*131+17)&0xff,3.1796875,accepted,,4,8,0,203,bytes,8932,8120,33672016,203,0,0,8,0,0,2112020,2126819,9810,12540,26400,3.180,3.180
e000700,exploratory,pwritev_full_8m,baseline,1,4,ABBA,k_pwrite,process,4096,10,4,4,new_name,synthetic_sweep,1,54215100a825da9eb7cfbd8f045e54ef05fb29bd,false,1b36f48efea63210dfeeee7270dea968ab5ba58da27f90aa42845eb8a64a6649,12b1dafe765a77d1a17115b0ae12cff973f20ed7d6d770fbd790695fe081288e,0e4833553be7825885da5ea99bceab292cc8abee6414d58b31864afe8ca9f944,c89b17de3d4d36a4e106517b0737619bd65f0e2877d95adbf2f297762f71fb7b,6e938dfcd266a2b0eac811d7ea7eabbd5b217965f88efa81371465134dbcab11,2026-07-15T18:54:11.813543+00:00,8o8-arch,7.0.12-arch1-1,AMD Ryzen 9 3900X 12-Core Processor,"logical=24,cores=12,sockets=1,nodes=1",performance,rustc 1.97.0 (2d8144b78 2026-07-07),22.1.6,cargo 1.97.0 (c980f4866 2026-06-30),"release,lto=thin,debug=true",/home/bob/.cache/mess-bench,/dev/nvme0n1p3,ext4,/home,Samsung SSD 970 EVO Plus 2TB,[none] mq-deadline kyber bfq,249457139712,4096,1024,payload[i]=(i*131+17)&0xff,3.24560546875,accepted,,4,8,0,203,bytes,8932,8120,33672016,1624,0,0,0,0,0,3829691,3869757,17980,24580,33210,3.250,3.250
e000701,exploratory,copy_contiguous,candidate,1,1,BAAB,copy_contiguous,process,4096,10,4,4,new_name,synthetic_sweep,1,54215100a825da9eb7cfbd8f045e54ef05fb29bd,false,1b36f48efea63210dfeeee7270dea968ab5ba58da27f90aa42845eb8a64a6649,12b1dafe765a77d1a17115b0ae12cff973f20ed7d6d770fbd790695fe081288e,0e4833553be7825885da5ea99bceab292cc8abee6414d58b31864afe8ca9f944,c89b17de3d4d36a4e106517b0737619bd65f0e2877d95adbf2f297762f71fb7b,6e938dfcd266a2b0eac811d7ea7eabbd5b217965f88efa81371465134dbcab11,2026-07-15T18:54:12.844780+00:00,8o8-arch,7.0.12-arch1-1,AMD Ryzen 9 3900X 12-Core Processor,"logical=24,cores=12,sockets=1,nodes=1",performance,rustc 1.97.0 (2d8144b78 2026-07-07),22.1.6,cargo 1.97.0 (c980f4866 2026-06-30),"release,lto=thin,debug=true",/home/bob/.cache/mess-bench,/dev/nvme0n1p3,ext4,/home,Samsung SSD 970 EVO Plus 2TB,[none] mq-deadline kyber bfq,249457131520,4096,1024,payload[i]=(i*131+17)&0xff,3.24560546875,accepted,,4,8,0,203,bytes,8932,8120,33672016,203,0,0,0,33672016,0,4425891,4467157,21639,23340,29360,3.250,3.250
e000702,exploratory,copy_contiguous,baseline,1,2,BAAB,k_pwrite,process,4096,10,4,4,new_name,synthetic_sweep,1,54215100a825da9eb7cfbd8f045e54ef05fb29bd,false,1b36f48efea63210dfeeee7270dea968ab5ba58da27f90aa42845eb8a64a6649,12b1dafe765a77d1a17115b0ae12cff973f20ed7d6d770fbd790695fe081288e,0e4833553be7825885da5ea99bceab292cc8abee6414d58b31864afe8ca9f944,c89b17de3d4d36a4e106517b0737619bd65f0e2877d95adbf2f297762f71fb7b,6e938dfcd266a2b0eac811d7ea7eabbd5b217965f88efa81371465134dbcab11,2026-07-15T18:54:13.875872+00:00,8o8-arch,7.0.12-arch1-1,AMD Ryzen 9 3900X 12-Core Processor,"logical=24,cores=12,sockets=1,nodes=1",performance,rustc 1.97.0 (2d8144b78 2026-07-07),22.1.6,cargo 1.97.0 (c980f4866 2026-06-30),"release,lto=thin,debug=true",/home/bob/.cache/mess-bench,/dev/nvme0n1p3,ext4,/home,Samsung SSD 970 EVO Plus 2TB,[none] mq-deadline kyber bfq,249457094656,4096,1024,payload[i]=(i*131+17)&0xff,3.24560546875,accepted,,4,8,0,203,bytes,8932,8120,33672016,1624,0,0,0,0,0,3950241,3971027,18360,27910,34600,3.250,3.250
e000703,exploratory,copy_contiguous,baseline,1,3,BAAB,k_pwrite,process,4096,10,4,4,new_name,synthetic_sweep,1,54215100a825da9eb7cfbd8f045e54ef05fb29bd,false,1b36f48efea63210dfeeee7270dea968ab5ba58da27f90aa42845eb8a64a6649,12b1dafe765a77d1a17115b0ae12cff973f20ed7d6d770fbd790695fe081288e,0e4833553be7825885da5ea99bceab292cc8abee6414d58b31864afe8ca9f944,c89b17de3d4d36a4e106517b0737619bd65f0e2877d95adbf2f297762f71fb7b,6e938dfcd266a2b0eac811d7ea7eabbd5b217965f88efa81371465134dbcab11,2026-07-15T18:54:14.903787+00:00,8o8-arch,7.0.12-arch1-1,AMD Ryzen 9 3900X 12-Core Processor,"logical=24,cores=12,sockets=1,nodes=1",performance,rustc 1.97.0 (2d8144b78 2026-07-07),22.1.6,cargo 1.97.0 (c980f4866 2026-06-30),"release,lto=thin,debug=true",/home/bob/.cache/mess-bench,/dev/nvme0n1p3,ext4,/home,Samsung SSD 970 EVO Plus 2TB,[none] mq-deadline kyber bfq,249457127424,4096,1024,payload[i]=(i*131+17)&0xff,3.24560546875,accepted,,4,8,0,203,bytes,8932,8120,33672016,1624,0,0,0,0,0,4049501,4096197,19240,24990,36080,3.250,3.250
e000704,exploratory,copy_contiguous,candidate,1,4,BAAB,copy_contiguous,process,4096,10,4,4,new_name,synthetic_sweep,1,54215100a825da9eb7cfbd8f045e54ef05fb29bd,false,1b36f48efea63210dfeeee7270dea968ab5ba58da27f90aa42845eb8a64a6649,12b1dafe765a77d1a17115b0ae12cff973f20ed7d6d770fbd790695fe081288e,0e4833553be7825885da5ea99bceab292cc8abee6414d58b31864afe8ca9f944,c89b17de3d4d36a4e106517b0737619bd65f0e2877d95adbf2f297762f71fb7b,6e938dfcd266a2b0eac811d7ea7eabbd5b217965f88efa81371465134dbcab11,2026-07-15T18:54:15.934990+00:00,8o8-arch,7.0.12-arch1-1,AMD Ryzen 9 3900X 12-Core Processor,"logical=24,cores=12,sockets=1,nodes=1",performance,rustc 1.97.0 (2d8144b78 2026-07-07),22.1.6,cargo 1.97.0 (c980f4866 2026-06-30),"release,lto=thin,debug=true",/home/bob/.cache/mess-bench,/dev/nvme0n1p3,ext4,/home,Samsung SSD 970 EVO Plus 2TB,[none] mq-deadline kyber bfq,249457127424,4096,1024,payload[i]=(i*131+17)&0xff,3.24560546875,accepted,,4,8,0,203,bytes,8932,8120,33672016,203,0,0,0,33672016,0,4416981,4456977,21350,25080,28850,3.250,3.250
e000705,exploratory,pwritev_full_8m,baseline,1,1,ABBA,k_pwrite,process,4096,10,16,4,domain,synthetic_sweep,1,54215100a825da9eb7cfbd8f045e54ef05fb29bd,false,1b36f48efea63210dfeeee7270dea968ab5ba58da27f90aa42845eb8a64a6649,12b1dafe765a77d1a17115b0ae12cff973f20ed7d6d770fbd790695fe081288e,0e4833553be7825885da5ea99bceab292cc8abee6414d58b31864afe8ca9f944,c89b17de3d4d36a4e106517b0737619bd65f0e2877d95adbf2f297762f71fb7b,6e938dfcd266a2b0eac811d7ea7eabbd5b217965f88efa81371465134dbcab11,2026-07-15T18:54:16.966232+00:00,8o8-arch,7.0.12-arch1-1,AMD Ryzen 9 3900X 12-Core Processor,"logical=24,cores=12,sockets=1,nodes=1",performance,rustc 1.97.0 (2d8144b78 2026-07-07),22.1.6,cargo 1.97.0 (c980f4866 2026-06-30),"release,lto=thin,debug=true",/home/bob/.cache/mess-bench,/dev/nvme0n1p3,ext4,/home,Samsung SSD 970 EVO Plus 2TB,[none] mq-deadline kyber bfq,249457123328,4096,1024,payload[i]=(i*131+17)&0xff,3.30615234375,accepted,,16,16,0,51,bytes,8160,8160,33723648,816,0,0,0,0,0,3965001,4010957,76590,90500,99230,3.310,3.310
e000706,exploratory,pwritev_full_8m,candidate,1,2,ABBA,pwritev_full_8m,process,4096,10,16,4,domain,synthetic_sweep,1,54215100a825da9eb7cfbd8f045e54ef05fb29bd,false,1b36f48efea63210dfeeee7270dea968ab5ba58da27f90aa42845eb8a64a6649,12b1dafe765a77d1a17115b0ae12cff973f20ed7d6d770fbd790695fe081288e,0e4833553be7825885da5ea99bceab292cc8abee6414d58b31864afe8ca9f944,c89b17de3d4d36a4e106517b0737619bd65f0e2877d95adbf2f297762f71fb7b,6e938dfcd266a2b0eac811d7ea7eabbd5b217965f88efa81371465134dbcab11,2026-07-15T18:54:17.990699+00:00,8o8-arch,7.0.12-arch1-1,AMD Ryzen 9 3900X 12-Core Processor,"logical=24,cores=12,sockets=1,nodes=1",performance,rustc 1.97.0 (2d8144b78 2026-07-07),22.1.6,cargo 1.97.0 (c980f4866 2026-06-30),"release,lto=thin,debug=true",/home/bob/.cache/mess-bench,/dev/nvme0n1p3,ext4,/home,Samsung SSD 970 EVO Plus 2TB,[none] mq-deadline kyber bfq,249457102848,4096,1024,payload[i]=(i*131+17)&0xff,3.30615234375,accepted,,16,16,0,51,bytes,8160,8160,33723648,51,0,0,16,0,0,5095231,5538026,47370,66600,1768819,3.310,3.310
e000707,exploratory,pwritev_full_8m,candidate,1,3,ABBA,pwritev_full_8m,process,4096,10,16,4,domain,synthetic_sweep,1,54215100a825da9eb7cfbd8f045e54ef05fb29bd,false,1b36f48efea63210dfeeee7270dea968ab5ba58da27f90aa42845eb8a64a6649,12b1dafe765a77d1a17115b0ae12cff973f20ed7d6d770fbd790695fe081288e,0e4833553be7825885da5ea99bceab292cc8abee6414d58b31864afe8ca9f944,c89b17de3d4d36a4e106517b0737619bd65f0e2877d95adbf2f297762f71fb7b,6e938dfcd266a2b0eac811d7ea7eabbd5b217965f88efa81371465134dbcab11,2026-07-15T18:54:19.019236+00:00,8o8-arch,7.0.12-arch1-1,AMD Ryzen 9 3900X 12-Core Processor,"logical=24,cores=12,sockets=1,nodes=1",performance,rustc 1.97.0 (2d8144b78 2026-07-07),22.1.6,cargo 1.97.0 (c980f4866 2026-06-30),"release,lto=thin,debug=true",/home/bob/.cache/mess-bench,/dev/nvme0n1p3,ext4,/home,Samsung SSD 970 EVO Plus 2TB,[none] mq-deadline kyber bfq,249457102848,4096,1024,payload[i]=(i*131+17)&0xff,3.30615234375,accepted,,16,16,0,51,bytes,8160,8160,33723648,51,0,0,16,0,0,2630300,2650268,51050,57700,59759,3.310,3.310
e000708,exploratory,pwritev_full_8m,baseline,1,4,ABBA,k_pwrite,process,4096,10,16,4,domain,synthetic_sweep,1,54215100a825da9eb7cfbd8f045e54ef05fb29bd,false,1b36f48efea63210dfeeee7270dea968ab5ba58da27f90aa42845eb8a64a6649,12b1dafe765a77d1a17115b0ae12cff973f20ed7d6d770fbd790695fe081288e,0e4833553be7825885da5ea99bceab292cc8abee6414d58b31864afe8ca9f944,c89b17de3d4d36a4e106517b0737619bd65f0e2877d95adbf2f297762f71fb7b,6e938dfcd266a2b0eac811d7ea7eabbd5b217965f88efa81371465134dbcab11,2026-07-15T18:54:20.046705+00:00,8o8-arch,7.0.12-arch1-1,AMD Ryzen 9 3900X 12-Core Processor,"logical=24,cores=12,sockets=1,nodes=1",performance,rustc 1.97.0 (2d8144b78 2026-07-07),22.1.6,cargo 1.97.0 (c980f4866 2026-06-30),"release,lto=thin,debug=true",/home/bob/.cache/mess-bench,/dev/nvme0n1p3,ext4,/home,Samsung SSD 970 EVO Plus 2TB,[none] mq-deadline kyber bfq,249457102848,4096,1024,payload[i]=(i*131+17)&0xff,3.30615234375,accepted,,16,16,0,51,bytes,8160,8160,33723648,816,0,0,0,0,0,4397861,4441387,85720,102710,124990,3.310,3.310
e000709,exploratory,copy_contiguous,candidate,1,1,BAAB,copy_contiguous,process,4096,10,16,4,domain,synthetic_sweep,1,54215100a825da9eb7cfbd8f045e54ef05fb29bd,false,1b36f48efea63210dfeeee7270dea968ab5ba58da27f90aa42845eb8a64a6649,12b1dafe765a77d1a17115b0ae12cff973f20ed7d6d770fbd790695fe081288e,0e4833553be7825885da5ea99bceab292cc8abee6414d58b31864afe8ca9f944,c89b17de3d4d36a4e106517b0737619bd65f0e2877d95adbf2f297762f71fb7b,6e938dfcd266a2b0eac811d7ea7eabbd5b217965f88efa81371465134dbcab11,2026-07-15T18:54:21.074913+00:00,8o8-arch,7.0.12-arch1-1,AMD Ryzen 9 3900X 12-Core Processor,"logical=24,cores=12,sockets=1,nodes=1",performance,rustc 1.97.0 (2d8144b78 2026-07-07),22.1.6,cargo 1.97.0 (c980f4866 2026-06-30),"release,lto=thin,debug=true",/home/bob/.cache/mess-bench,/dev/nvme0n1p3,ext4,/home,Samsung SSD 970 EVO Plus 2TB,[none] mq-deadline kyber bfq,249457094656,4096,1024,payload[i]=(i*131+17)&0xff,3.201171875,accepted,,16,16,0,51,bytes,8160,8160,33723648,51,0,0,0,33723648,0,5335242,5372996,104470,114720,118240,3.200,3.200
e000710,exploratory,copy_contiguous,baseline,1,2,BAAB,k_pwrite,process,4096,10,16,4,domain,synthetic_sweep,1,54215100a825da9eb7cfbd8f045e54ef05fb29bd,false,1b36f48efea63210dfeeee7270dea968ab5ba58da27f90aa42845eb8a64a6649,12b1dafe765a77d1a17115b0ae12cff973f20ed7d6d770fbd790695fe081288e,0e4833553be7825885da5ea99bceab292cc8abee6414d58b31864afe8ca9f944,c89b17de3d4d36a4e106517b0737619bd65f0e2877d95adbf2f297762f71fb7b,6e938dfcd266a2b0eac811d7ea7eabbd5b217965f88efa81371465134dbcab11,2026-07-15T18:54:22.107616+00:00,8o8-arch,7.0.12-arch1-1,AMD Ryzen 9 3900X 12-Core Processor,"logical=24,cores=12,sockets=1,nodes=1",performance,rustc 1.97.0 (2d8144b78 2026-07-07),22.1.6,cargo 1.97.0 (c980f4866 2026-06-30),"release,lto=thin,debug=true",/home/bob/.cache/mess-bench,/dev/nvme0n1p3,ext4,/home,Samsung SSD 970 EVO Plus 2TB,[none] mq-deadline kyber bfq,249457094656,4096,1024,payload[i]=(i*131+17)&0xff,3.201171875,accepted,,16,16,0,51,bytes,8160,8160,33723648,816,0,0,0,0,0,4057981,4104137,79050,91630,101640,3.200,3.200
e000711,exploratory,copy_contiguous,baseline,1,3,BAAB,k_pwrite,process,4096,10,16,4,domain,synthetic_sweep,1,54215100a825da9eb7cfbd8f045e54ef05fb29bd,false,1b36f48efea63210dfeeee7270dea968ab5ba58da27f90aa42845eb8a64a6649,12b1dafe765a77d1a17115b0ae12cff973f20ed7d6d770fbd790695fe081288e,0e4833553be7825885da5ea99bceab292cc8abee6414d58b31864afe8ca9f944,c89b17de3d4d36a4e106517b0737619bd65f0e2877d95adbf2f297762f71fb7b,6e938dfcd266a2b0eac811d7ea7eabbd5b217965f88efa81371465134dbcab11,2026-07-15T18:54:23.139269+00:00,8o8-arch,7.0.12-arch1-1,AMD Ryzen 9 3900X 12-Core Processor,"logical=24,cores=12,sockets=1,nodes=1",performance,rustc 1.97.0 (2d8144b78 2026-07-07),22.1.6,cargo 1.97.0 (c980f4866 2026-06-30),"release,lto=thin,debug=true",/home/bob/.cache/mess-bench,/dev/nvme0n1p3,ext4,/home,Samsung SSD 970 EVO Plus 2TB,[none] mq-deadline kyber bfq,249457094656,4096,1024,payload[i]=(i*131+17)&0xff,3.201171875,accepted,,16,16,0,51,bytes,8160,8160,33723648,816,0,0,0,0,0,4017711,4050337,77170,92639,96540,3.200,3.200
e000712,exploratory,copy_contiguous,candidate,1,4,BAAB,copy_contiguous,process,4096,10,16,4,domain,synthetic_sweep,1,54215100a825da9eb7cfbd8f045e54ef05fb29bd,false,1b36f48efea63210dfeeee7270dea968ab5ba58da27f90aa42845eb8a64a6649,12b1dafe765a77d1a17115b0ae12cff973f20ed7d6d770fbd790695fe081288e,0e4833553be7825885da5ea99bceab292cc8abee6414d58b31864afe8ca9f944,c89b17de3d4d36a4e106517b0737619bd65f0e2877d95adbf2f297762f71fb7b,6e938dfcd266a2b0eac811d7ea7eabbd5b217965f88efa81371465134dbcab11,2026-07-15T18:54:24.170922+00:00,8o8-arch,7.0.12-arch1-1,AMD Ryzen 9 3900X 12-Core Processor,"logical=24,cores=12,sockets=1,nodes=1",performance,rustc 1.97.0 (2d8144b78 2026-07-07),22.1.6,cargo 1.97.0 (c980f4866 2026-06-30),"release,lto=thin,debug=true",/home/bob/.cache/mess-bench,/dev/nvme0n1p3,ext4,/home,Samsung SSD 970 EVO Plus 2TB,[none] mq-deadline kyber bfq,249457086464,4096,1024,payload[i]=(i*131+17)&0xff,3.201171875,accepted,,16,16,0,51,bytes,8160,8160,33723648,51,0,0,0,33723648,0,5096792,5141997,99240,111320,125240,3.200,3.200
e000713,exploratory,pwritev_full_8m,baseline,1,1,ABBA,k_pwrite,process,4096,10,16,4,new_name,synthetic_sweep,1,54215100a825da9eb7cfbd8f045e54ef05fb29bd,false,1b36f48efea63210dfeeee7270dea968ab5ba58da27f90aa42845eb8a64a6649,12b1dafe765a77d1a17115b0ae12cff973f20ed7d6d770fbd790695fe081288e,0e4833553be7825885da5ea99bceab292cc8abee6414d58b31864afe8ca9f944,c89b17de3d4d36a4e106517b0737619bd65f0e2877d95adbf2f297762f71fb7b,6e938dfcd266a2b0eac811d7ea7eabbd5b217965f88efa81371465134dbcab11,2026-07-15T18:54:25.195880+00:00,8o8-arch,7.0.12-arch1-1,AMD Ryzen 9 3900X 12-Core Processor,"logical=24,cores=12,sockets=1,nodes=1",performance,rustc 1.97.0 (2d8144b78 2026-07-07),22.1.6,cargo 1.97.0 (c980f4866 2026-06-30),"release,lto=thin,debug=true",/home/bob/.cache/mess-bench,/dev/nvme0n1p3,ext4,/home,Samsung SSD 970 EVO Plus 2TB,[none] mq-deadline kyber bfq,249457082368,4096,1024,payload[i]=(i*131+17)&0xff,3.201171875,accepted,,16,32,0,51,bytes,8976,8160,33837888,1632,0,0,0,0,0,4750241,4794477,91620,109330,116580,3.200,3.200
e000714,exploratory,pwritev_full_8m,candidate,1,2,ABBA,pwritev_full_8m,process,4096,10,16,4,new_name,synthetic_sweep,1,54215100a825da9eb7cfbd8f045e54ef05fb29bd,false,1b36f48efea63210dfeeee7270dea968ab5ba58da27f90aa42845eb8a64a6649,12b1dafe765a77d1a17115b0ae12cff973f20ed7d6d770fbd790695fe081288e,0e4833553be7825885da5ea99bceab292cc8abee6414d58b31864afe8ca9f944,c89b17de3d4d36a4e106517b0737619bd65f0e2877d95adbf2f297762f71fb7b,6e938dfcd266a2b0eac811d7ea7eabbd5b217965f88efa81371465134dbcab11,2026-07-15T18:54:26.220117+00:00,8o8-arch,7.0.12-arch1-1,AMD Ryzen 9 3900X 12-Core Processor,"logical=24,cores=12,sockets=1,nodes=1",performance,rustc 1.97.0 (2d8144b78 2026-07-07),22.1.6,cargo 1.97.0 (c980f4866 2026-06-30),"release,lto=thin,debug=true",/home/bob/.cache/mess-bench,/dev/nvme0n1p3,ext4,/home,Samsung SSD 970 EVO Plus 2TB,[none] mq-deadline kyber bfq,249457082368,4096,1024,payload[i]=(i*131+17)&0xff,3.18505859375,accepted,,16,32,0,51,bytes,8976,8160,33837888,51,0,0,32,0,0,3282600,3328588,57420,101760,102970,3.180,3.180
e000715,exploratory,pwritev_full_8m,candidate,1,3,ABBA,pwritev_full_8m,process,4096,10,16,4,new_name,synthetic_sweep,1,54215100a825da9eb7cfbd8f045e54ef05fb29bd,false,1b36f48efea63210dfeeee7270dea968ab5ba58da27f90aa42845eb8a64a6649,12b1dafe765a77d1a17115b0ae12cff973f20ed7d6d770fbd790695fe081288e,0e4833553be7825885da5ea99bceab292cc8abee6414d58b31864afe8ca9f944,c89b17de3d4d36a4e106517b0737619bd65f0e2877d95adbf2f297762f71fb7b,6e938dfcd266a2b0eac811d7ea7eabbd5b217965f88efa81371465134dbcab11,2026-07-15T18:54:27.248744+00:00,8o8-arch,7.0.12-arch1-1,AMD Ryzen 9 3900X 12-Core Processor,"logical=24,cores=12,sockets=1,nodes=1",performance,rustc 1.97.0 (2d8144b78 2026-07-07),22.1.6,cargo 1.97.0 (c980f4866 2026-06-30),"release,lto=thin,debug=true",/home/bob/.cache/mess-bench,/dev/nvme0n1p3,ext4,/home,Samsung SSD 970 EVO Plus 2TB,[none] mq-deadline kyber bfq,249457078272,4096,1024,payload[i]=(i*131+17)&0xff,3.18505859375,accepted,,16,32,0,51,bytes,8976,8160,33837888,51,0,0,32,0,0,2840501,2878528,54410,66380,88130,3.180,3.180
e000716,exploratory,pwritev_full_8m,baseline,1,4,ABBA,k_pwrite,process,4096,10,16,4,new_name,synthetic_sweep,1,54215100a825da9eb7cfbd8f045e54ef05fb29bd,false,1b36f48efea63210dfeeee7270dea968ab5ba58da27f90aa42845eb8a64a6649,12b1dafe765a77d1a17115b0ae12cff973f20ed7d6d770fbd790695fe081288e,0e4833553be7825885da5ea99bceab292cc8abee6414d58b31864afe8ca9f944,c89b17de3d4d36a4e106517b0737619bd65f0e2877d95adbf2f297762f71fb7b,6e938dfcd266a2b0eac811d7ea7eabbd5b217965f88efa81371465134dbcab11,2026-07-15T18:54:28.276767+00:00,8o8-arch,7.0.12-arch1-1,AMD Ryzen 9 3900X 12-Core Processor,"logical=24,cores=12,sockets=1,nodes=1",performance,rustc 1.97.0 (2d8144b78 2026-07-07),22.1.6,cargo 1.97.0 (c980f4866 2026-06-30),"release,lto=thin,debug=true",/home/bob/.cache/mess-bench,/dev/nvme0n1p3,ext4,/home,Samsung SSD 970 EVO Plus 2TB,[none] mq-deadline kyber bfq,249457078272,4096,1024,payload[i]=(i*131+17)&0xff,3.18505859375,accepted,,16,32,0,51,bytes,8976,8160,33837888,1632,0,0,0,0,0,4908522,5035247,93570,124140,159210,3.180,3.180
e000717,exploratory,copy_contiguous,candidate,1,1,BAAB,copy_contiguous,process,4096,10,16,4,new_name,synthetic_sweep,1,54215100a825da9eb7cfbd8f045e54ef05fb29bd,false,1b36f48efea63210dfeeee7270dea968ab5ba58da27f90aa42845eb8a64a6649,12b1dafe765a77d1a17115b0ae12cff973f20ed7d6d770fbd790695fe081288e,0e4833553be7825885da5ea99bceab292cc8abee6414d58b31864afe8ca9f944,c89b17de3d4d36a4e106517b0737619bd65f0e2877d95adbf2f297762f71fb7b,6e938dfcd266a2b0eac811d7ea7eabbd5b217965f88efa81371465134dbcab11,2026-07-15T18:54:29.308040+00:00,8o8-arch,7.0.12-arch1-1,AMD Ryzen 9 3900X 12-Core Processor,"logical=24,cores=12,sockets=1,nodes=1",performance,rustc 1.97.0 (2d8144b78 2026-07-07),22.1.6,cargo 1.97.0 (c980f4866 2026-06-30),"release,lto=thin,debug=true",/home/bob/.cache/mess-bench,/dev/nvme0n1p3,ext4,/home,Samsung SSD 970 EVO Plus 2TB,[none] mq-deadline kyber bfq,249457065984,4096,1024,payload[i]=(i*131+17)&0xff,3.18505859375,accepted,,16,32,0,51,bytes,8976,8160,33837888,51,0,0,0,33837888,0,5284801,5352066,101840,121630,161110,3.180,3.180
e000718,exploratory,copy_contiguous,baseline,1,2,BAAB,k_pwrite,process,4096,10,16,4,new_name,synthetic_sweep,1,54215100a825da9eb7cfbd8f045e54ef05fb29bd,false,1b36f48efea63210dfeeee7270dea968ab5ba58da27f90aa42845eb8a64a6649,12b1dafe765a77d1a17115b0ae12cff973f20ed7d6d770fbd790695fe081288e,0e4833553be7825885da5ea99bceab292cc8abee6414d58b31864afe8ca9f944,c89b17de3d4d36a4e106517b0737619bd65f0e2877d95adbf2f297762f71fb7b,6e938dfcd266a2b0eac811d7ea7eabbd5b217965f88efa81371465134dbcab11,2026-07-15T18:54:30.340537+00:00,8o8-arch,7.0.12-arch1-1,AMD Ryzen 9 3900X 12-Core Processor,"logical=24,cores=12,sockets=1,nodes=1",performance,rustc 1.97.0 (2d8144b78 2026-07-07),22.1.6,cargo 1.97.0 (c980f4866 2026-06-30),"release,lto=thin,debug=true",/home/bob/.cache/mess-bench,/dev/nvme0n1p3,ext4,/home,Samsung SSD 970 EVO Plus 2TB,[none] mq-deadline kyber bfq,249457065984,4096,1024,payload[i]=(i*131+17)&0xff,3.18505859375,accepted,,16,32,0,51,bytes,8976,8160,33837888,1632,0,0,0,0,0,4722431,4770867,91440,109170,115109,3.180,3.180
e000719,exploratory,copy_contiguous,baseline,1,3,BAAB,k_pwrite,process,4096,10,16,4,new_name,synthetic_sweep,1,54215100a825da9eb7cfbd8f045e54ef05fb29bd,false,1b36f48efea63210dfeeee7270dea968ab5ba58da27f90aa42845eb8a64a6649,12b1dafe765a77d1a17115b0ae12cff973f20ed7d6d770fbd790695fe081288e,0e4833553be7825885da5ea99bceab292cc8abee6414d58b31864afe8ca9f944,c89b17de3d4d36a4e106517b0737619bd65f0e2877d95adbf2f297762f71fb7b,6e938dfcd266a2b0eac811d7ea7eabbd5b217965f88efa81371465134dbcab11,2026-07-15T18:54:31.371840+00:00,8o8-arch,7.0.12-arch1-1,AMD Ryzen 9 3900X 12-Core Processor,"logical=24,cores=12,sockets=1,nodes=1",performance,rustc 1.97.0 (2d8144b78 2026-07-07),22.1.6,cargo 1.97.0 (c980f4866 2026-06-30),"release,lto=thin,debug=true",/home/bob/.cache/mess-bench,/dev/nvme0n1p3,ext4,/home,Samsung SSD 970 EVO Plus 2TB,[none] mq-deadline kyber bfq,249457061888,4096,1024,payload[i]=(i*131+17)&0xff,3.169921875,accepted,,16,32,0,51,bytes,8976,8160,33837888,1632,0,0,0,0,0,4717551,4758227,91070,103160,109500,3.170,3.170
e000720,exploratory,copy_contiguous,candidate,1,4,BAAB,copy_contiguous,process,4096,10,16,4,new_name,synthetic_sweep,1,54215100a825da9eb7cfbd8f045e54ef05fb29bd,false,1b36f48efea63210dfeeee7270dea968ab5ba58da27f90aa42845eb8a64a6649,12b1dafe765a77d1a17115b0ae12cff973f20ed7d6d770fbd790695fe081288e,0e4833553be7825885da5ea99bceab292cc8abee6414d58b31864afe8ca9f944,c89b17de3d4d36a4e106517b0737619bd65f0e2877d95adbf2f297762f71fb7b,6e938dfcd266a2b0eac811d7ea7eabbd5b217965f88efa81371465134dbcab11,2026-07-15T18:54:32.403225+00:00,8o8-arch,7.0.12-arch1-1,AMD Ryzen 9 3900X 12-Core Processor,"logical=24,cores=12,sockets=1,nodes=1",performance,rustc 1.97.0 (2d8144b78 2026-07-07),22.1.6,cargo 1.97.0 (c980f4866 2026-06-30),"release,lto=thin,debug=true",/home/bob/.cache/mess-bench,/dev/nvme0n1p3,ext4,/home,Samsung SSD 970 EVO Plus 2TB,[none] mq-deadline kyber bfq,249457061888,4096,1024,payload[i]=(i*131+17)&0xff,3.169921875,accepted,,16,32,0,51,bytes,8976,8160,33837888,51,0,0,0,33837888,0,5069181,5125406,99220,107760,135259,3.170,3.170
e000721,exploratory,pwritev_full_8m,baseline,1,1,ABBA,k_pwrite,process,4096,10,64,4,domain,synthetic_sweep,1,54215100a825da9eb7cfbd8f045e54ef05fb29bd,false,1b36f48efea63210dfeeee7270dea968ab5ba58da27f90aa42845eb8a64a6649,12b1dafe765a77d1a17115b0ae12cff973f20ed7d6d770fbd790695fe081288e,0e4833553be7825885da5ea99bceab292cc8abee6414d58b31864afe8ca9f944,c89b17de3d4d36a4e106517b0737619bd65f0e2877d95adbf2f297762f71fb7b,6e938dfcd266a2b0eac811d7ea7eabbd5b217965f88efa81371465134dbcab11,2026-07-15T18:54:33.433515+00:00,8o8-arch,7.0.12-arch1-1,AMD Ryzen 9 3900X 12-Core Processor,"logical=24,cores=12,sockets=1,nodes=1",performance,rustc 1.97.0 (2d8144b78 2026-07-07),22.1.6,cargo 1.97.0 (c980f4866 2026-06-30),"release,lto=thin,debug=true",/home/bob/.cache/mess-bench,/dev/nvme0n1p3,ext4,/home,Samsung SSD 970 EVO Plus 2TB,[none] mq-deadline kyber bfq,249457053696,4096,1024,payload[i]=(i*131+17)&0xff,3.169921875,accepted,,64,64,0,13,bytes,8320,8320,34384896,832,0,0,0,0,0,4310071,4335587,331650,338830,341030,3.170,3.170
e000722,exploratory,pwritev_full_8m,candidate,1,2,ABBA,pwritev_full_8m,process,4096,10,64,4,domain,synthetic_sweep,1,54215100a825da9eb7cfbd8f045e54ef05fb29bd,false,1b36f48efea63210dfeeee7270dea968ab5ba58da27f90aa42845eb8a64a6649,12b1dafe765a77d1a17115b0ae12cff973f20ed7d6d770fbd790695fe081288e,0e4833553be7825885da5ea99bceab292cc8abee6414d58b31864afe8ca9f944,c89b17de3d4d36a4e106517b0737619bd65f0e2877d95adbf2f297762f71fb7b,6e938dfcd266a2b0eac811d7ea7eabbd5b217965f88efa81371465134dbcab11,2026-07-15T18:54:34.464547+00:00,8o8-arch,7.0.12-arch1-1,AMD Ryzen 9 3900X 12-Core Processor,"logical=24,cores=12,sockets=1,nodes=1",performance,rustc 1.97.0 (2d8144b78 2026-07-07),22.1.6,cargo 1.97.0 (c980f4866 2026-06-30),"release,lto=thin,debug=true",/home/bob/.cache/mess-bench,/dev/nvme0n1p3,ext4,/home,Samsung SSD 970 EVO Plus 2TB,[none] mq-deadline kyber bfq,249457053696,4096,1024,payload[i]=(i*131+17)&0xff,3.169921875,accepted,,64,64,0,13,bytes,8320,8320,34384896,13,0,0,64,0,0,2595610,2638908,198260,225760,305789,3.170,3.170
e000723,exploratory,pwritev_full_8m,candidate,1,3,ABBA,pwritev_full_8m,process,4096,10,64,4,domain,synthetic_sweep,1,54215100a825da9eb7cfbd8f045e54ef05fb29bd,false,1b36f48efea63210dfeeee7270dea968ab5ba58da27f90aa42845eb8a64a6649,12b1dafe765a77d1a17115b0ae12cff973f20ed7d6d770fbd790695fe081288e,0e4833553be7825885da5ea99bceab292cc8abee6414d58b31864afe8ca9f944,c89b17de3d4d36a4e106517b0737619bd65f0e2877d95adbf2f297762f71fb7b,6e938dfcd266a2b0eac811d7ea7eabbd5b217965f88efa81371465134dbcab11,2026-07-15T18:54:35.493550+00:00,8o8-arch,7.0.12-arch1-1,AMD Ryzen 9 3900X 12-Core Processor,"logical=24,cores=12,sockets=1,nodes=1",performance,rustc 1.97.0 (2d8144b78 2026-07-07),22.1.6,cargo 1.97.0 (c980f4866 2026-06-30),"release,lto=thin,debug=true",/home/bob/.cache/mess-bench,/dev/nvme0n1p3,ext4,/home,Samsung SSD 970 EVO Plus 2TB,[none] mq-deadline kyber bfq,249457053696,4096,1024,payload[i]=(i*131+17)&0xff,3.169921875,accepted,,64,64,0,13,bytes,8320,8320,34384896,13,0,0,64,0,0,2401690,2411088,183040,196259,202830,3.170,3.170
e000724,exploratory,pwritev_full_8m,baseline,1,4,ABBA,k_pwrite,process,4096,10,64,4,domain,synthetic_sweep,1,54215100a825da9eb7cfbd8f045e54ef05fb29bd,false,1b36f48efea63210dfeeee7270dea968ab5ba58da27f90aa42845eb8a64a6649,12b1dafe765a77d1a17115b0ae12cff973f20ed7d6d770fbd790695fe081288e,0e4833553be7825885da5ea99bceab292cc8abee6414d58b31864afe8ca9f944,c89b17de3d4d36a4e106517b0737619bd65f0e2877d95adbf2f297762f71fb7b,6e938dfcd266a2b0eac811d7ea7eabbd5b217965f88efa81371465134dbcab11,2026-07-15T18:54:36.515581+00:00,8o8-arch,7.0.12-arch1-1,AMD Ryzen 9 3900X 12-Core Processor,"logical=24,cores=12,sockets=1,nodes=1",performance,rustc 1.97.0 (2d8144b78 2026-07-07),22.1.6,cargo 1.97.0 (c980f4866 2026-06-30),"release,lto=thin,debug=true",/home/bob/.cache/mess-bench,/dev/nvme0n1p3,ext4,/home,Samsung SSD 970 EVO Plus 2TB,[none] mq-deadline kyber bfq,249457053696,4096,1024,payload[i]=(i*131+17)&0xff,2.99609375,accepted,,64,64,0,13,bytes,8320,8320,34384896,832,0,0,0,0,0,4346231,4373007,329810,349969,353190,3.000,3.000
e000725,exploratory,copy_contiguous,candidate,1,1,BAAB,copy_contiguous,process,4096,10,64,4,domain,synthetic_sweep,1,54215100a825da9eb7cfbd8f045e54ef05fb29bd,false,1b36f48efea63210dfeeee7270dea968ab5ba58da27f90aa42845eb8a64a6649,12b1dafe765a77d1a17115b0ae12cff973f20ed7d6d770fbd790695fe081288e,0e4833553be7825885da5ea99bceab292cc8abee6414d58b31864afe8ca9f944,c89b17de3d4d36a4e106517b0737619bd65f0e2877d95adbf2f297762f71fb7b,6e938dfcd266a2b0eac811d7ea7eabbd5b217965f88efa81371465134dbcab11,2026-07-15T18:54:37.538310+00:00,8o8-arch,7.0.12-arch1-1,AMD Ryzen 9 3900X 12-Core Processor,"logical=24,cores=12,sockets=1,nodes=1",performance,rustc 1.97.0 (2d8144b78 2026-07-07),22.1.6,cargo 1.97.0 (c980f4866 2026-06-30),"release,lto=thin,debug=true",/home/bob/.cache/mess-bench,/dev/nvme0n1p3,ext4,/home,Samsung SSD 970 EVO Plus 2TB,[none] mq-deadline kyber bfq,249457041408,4096,1024,payload[i]=(i*131+17)&0xff,2.99609375,accepted,,64,64,0,13,bytes,8320,8320,34384896,13,0,0,0,34384896,0,5395042,5459266,404520,477859,585920,3.000,3.000
e000726,exploratory,copy_contiguous,baseline,1,2,BAAB,k_pwrite,process,4096,10,64,4,domain,synthetic_sweep,1,54215100a825da9eb7cfbd8f045e54ef05fb29bd,false,1b36f48efea63210dfeeee7270dea968ab5ba58da27f90aa42845eb8a64a6649,12b1dafe765a77d1a17115b0ae12cff973f20ed7d6d770fbd790695fe081288e,0e4833553be7825885da5ea99bceab292cc8abee6414d58b31864afe8ca9f944,c89b17de3d4d36a4e106517b0737619bd65f0e2877d95adbf2f297762f71fb7b,6e938dfcd266a2b0eac811d7ea7eabbd5b217965f88efa81371465134dbcab11,2026-07-15T18:54:38.563544+00:00,8o8-arch,7.0.12-arch1-1,AMD Ryzen 9 3900X 12-Core Processor,"logical=24,cores=12,sockets=1,nodes=1",performance,rustc 1.97.0 (2d8144b78 2026-07-07),22.1.6,cargo 1.97.0 (c980f4866 2026-06-30),"release,lto=thin,debug=true",/home/bob/.cache/mess-bench,/dev/nvme0n1p3,ext4,/home,Samsung SSD 970 EVO Plus 2TB,[none] mq-deadline kyber bfq,249457041408,4096,1024,payload[i]=(i*131+17)&0xff,2.99609375,accepted,,64,64,0,13,bytes,8320,8320,34384896,832,0,0,0,0,0,4433531,4474256,341850,354820,367979,3.000,3.000
e000727,exploratory,copy_contiguous,baseline,1,3,BAAB,k_pwrite,process,4096,10,64,4,domain,synthetic_sweep,1,54215100a825da9eb7cfbd8f045e54ef05fb29bd,false,1b36f48efea63210dfeeee7270dea968ab5ba58da27f90aa42845eb8a64a6649,12b1dafe765a77d1a17115b0ae12cff973f20ed7d6d770fbd790695fe081288e,0e4833553be7825885da5ea99bceab292cc8abee6414d58b31864afe8ca9f944,c89b17de3d4d36a4e106517b0737619bd65f0e2877d95adbf2f297762f71fb7b,6e938dfcd266a2b0eac811d7ea7eabbd5b217965f88efa81371465134dbcab11,2026-07-15T18:54:39.594744+00:00,8o8-arch,7.0.12-arch1-1,AMD Ryzen 9 3900X 12-Core Processor,"logical=24,cores=12,sockets=1,nodes=1",performance,rustc 1.97.0 (2d8144b78 2026-07-07),22.1.6,cargo 1.97.0 (c980f4866 2026-06-30),"release,lto=thin,debug=true",/home/bob/.cache/mess-bench,/dev/nvme0n1p3,ext4,/home,Samsung SSD 970 EVO Plus 2TB,[none] mq-deadline kyber bfq,249457041408,4096,1024,payload[i]=(i*131+17)&0xff,2.99609375,accepted,,64,64,0,13,bytes,8320,8320,34384896,832,0,0,0,0,0,4345461,4370116,330879,354930,359330,3.000,3.000
e000728,exploratory,copy_contiguous,candidate,1,4,BAAB,copy_contiguous,process,4096,10,64,4,domain,synthetic_sweep,1,54215100a825da9eb7cfbd8f045e54ef05fb29bd,false,1b36f48efea63210dfeeee7270dea968ab5ba58da27f90aa42845eb8a64a6649,12b1dafe765a77d1a17115b0ae12cff973f20ed7d6d770fbd790695fe081288e,0e4833553be7825885da5ea99bceab292cc8abee6414d58b31864afe8ca9f944,c89b17de3d4d36a4e106517b0737619bd65f0e2877d95adbf2f297762f71fb7b,6e938dfcd266a2b0eac811d7ea7eabbd5b217965f88efa81371465134dbcab11,2026-07-15T18:54:40.618767+00:00,8o8-arch,7.0.12-arch1-1,AMD Ryzen 9 3900X 12-Core Processor,"logical=24,cores=12,sockets=1,nodes=1",performance,rustc 1.97.0 (2d8144b78 2026-07-07),22.1.6,cargo 1.97.0 (c980f4866 2026-06-30),"release,lto=thin,debug=true",/home/bob/.cache/mess-bench,/dev/nvme0n1p3,ext4,/home,Samsung SSD 970 EVO Plus 2TB,[none] mq-deadline kyber bfq,249457037312,4096,1024,payload[i]=(i*131+17)&0xff,2.99609375,accepted,,64,64,0,13,bytes,8320,8320,34384896,13,0,0,0,34384896,0,5262032,5304096,391720,500080,526930,3.000,3.000
e000729,exploratory,pwritev_full_8m,baseline,1,1,ABBA,k_pwrite,process,4096,10,64,4,new_name,synthetic_sweep,1,54215100a825da9eb7cfbd8f045e54ef05fb29bd,false,1b36f48efea63210dfeeee7270dea968ab5ba58da27f90aa42845eb8a64a6649,12b1dafe765a77d1a17115b0ae12cff973f20ed7d6d770fbd790695fe081288e,0e4833553be7825885da5ea99bceab292cc8abee6414d58b31864afe8ca9f944,c89b17de3d4d36a4e106517b0737619bd65f0e2877d95adbf2f297762f71fb7b,6e938dfcd266a2b0eac811d7ea7eabbd5b217965f88efa81371465134dbcab11,2026-07-15T18:54:41.650111+00:00,8o8-arch,7.0.12-arch1-1,AMD Ryzen 9 3900X 12-Core Processor,"logical=24,cores=12,sockets=1,nodes=1",performance,rustc 1.97.0 (2d8144b78 2026-07-07),22.1.6,cargo 1.97.0 (c980f4866 2026-06-30),"release,lto=thin,debug=true",/home/bob/.cache/mess-bench,/dev/nvme0n1p3,ext4,/home,Samsung SSD 970 EVO Plus 2TB,[none] mq-deadline kyber bfq,249457033216,4096,1024,payload[i]=(i*131+17)&0xff,2.755859375,accepted,,64,128,0,13,bytes,9152,8320,34501376,1664,0,0,0,0,0,4977982,5212216,384350,457680,469969,2.760,2.760
e000730,exploratory,pwritev_full_8m,candidate,1,2,ABBA,pwritev_full_8m,process,4096,10,64,4,new_name,synthetic_sweep,1,54215100a825da9eb7cfbd8f045e54ef05fb29bd,false,1b36f48efea63210dfeeee7270dea968ab5ba58da27f90aa42845eb8a64a6649,12b1dafe765a77d1a17115b0ae12cff973f20ed7d6d770fbd790695fe081288e,0e4833553be7825885da5ea99bceab292cc8abee6414d58b31864afe8ca9f944,c89b17de3d4d36a4e106517b0737619bd65f0e2877d95adbf2f297762f71fb7b,6e938dfcd266a2b0eac811d7ea7eabbd5b217965f88efa81371465134dbcab11,2026-07-15T18:54:42.678559+00:00,8o8-arch,7.0.12-arch1-1,AMD Ryzen 9 3900X 12-Core Processor,"logical=24,cores=12,sockets=1,nodes=1",performance,rustc 1.97.0 (2d8144b78 2026-07-07),22.1.6,cargo 1.97.0 (c980f4866 2026-06-30),"release,lto=thin,debug=true",/home/bob/.cache/mess-bench,/dev/nvme0n1p3,ext4,/home,Samsung SSD 970 EVO Plus 2TB,[none] mq-deadline kyber bfq,249457029120,4096,1024,payload[i]=(i*131+17)&0xff,2.755859375,accepted,,64,128,0,13,bytes,9152,8320,34501376,13,0,0,128,0,0,5012361,5053826,201319,368669,2297538,2.760,2.760
e000731,exploratory,pwritev_full_8m,candidate,1,3,ABBA,pwritev_full_8m,process,4096,10,64,4,new_name,synthetic_sweep,1,54215100a825da9eb7cfbd8f045e54ef05fb29bd,false,1b36f48efea63210dfeeee7270dea968ab5ba58da27f90aa42845eb8a64a6649,12b1dafe765a77d1a17115b0ae12cff973f20ed7d6d770fbd790695fe081288e,0e4833553be7825885da5ea99bceab292cc8abee6414d58b31864afe8ca9f944,c89b17de3d4d36a4e106517b0737619bd65f0e2877d95adbf2f297762f71fb7b,6e938dfcd266a2b0eac811d7ea7eabbd5b217965f88efa81371465134dbcab11,2026-07-15T18:54:43.709649+00:00,8o8-arch,7.0.12-arch1-1,AMD Ryzen 9 3900X 12-Core Processor,"logical=24,cores=12,sockets=1,nodes=1",performance,rustc 1.97.0 (2d8144b78 2026-07-07),22.1.6,cargo 1.97.0 (c980f4866 2026-06-30),"release,lto=thin,debug=true",/home/bob/.cache/mess-bench,/dev/nvme0n1p3,ext4,/home,Samsung SSD 970 EVO Plus 2TB,[none] mq-deadline kyber bfq,249457029120,4096,1024,payload[i]=(i*131+17)&0xff,2.755859375,accepted,,64,128,0,13,bytes,9152,8320,34501376,13,0,0,128,0,0,2495521,2523279,184250,215640,273220,2.760,2.760
e000732,exploratory,pwritev_full_8m,baseline,1,4,ABBA,k_pwrite,process,4096,10,64,4,new_name,synthetic_sweep,1,54215100a825da9eb7cfbd8f045e54ef05fb29bd,false,1b36f48efea63210dfeeee7270dea968ab5ba58da27f90aa42845eb8a64a6649,12b1dafe765a77d1a17115b0ae12cff973f20ed7d6d770fbd790695fe081288e,0e4833553be7825885da5ea99bceab292cc8abee6414d58b31864afe8ca9f944,c89b17de3d4d36a4e106517b0737619bd65f0e2877d95adbf2f297762f71fb7b,6e938dfcd266a2b0eac811d7ea7eabbd5b217965f88efa81371465134dbcab11,2026-07-15T18:54:44.739534+00:00,8o8-arch,7.0.12-arch1-1,AMD Ryzen 9 3900X 12-Core Processor,"logical=24,cores=12,sockets=1,nodes=1",performance,rustc 1.97.0 (2d8144b78 2026-07-07),22.1.6,cargo 1.97.0 (c980f4866 2026-06-30),"release,lto=thin,debug=true",/home/bob/.cache/mess-bench,/dev/nvme0n1p3,ext4,/home,Samsung SSD 970 EVO Plus 2TB,[none] mq-deadline kyber bfq,249457025024,4096,1024,payload[i]=(i*131+17)&0xff,2.755859375,accepted,,64,128,0,13,bytes,9152,8320,34501376,1664,0,0,0,0,0,4851281,4877567,374490,387710,390520,2.760,2.760
e000733,exploratory,pwritev_64_8m,candidate,1,1,BAAB,pwritev_64_8m,process,4096,10,64,4,new_name,synthetic_sweep,1,54215100a825da9eb7cfbd8f045e54ef05fb29bd,false,1b36f48efea63210dfeeee7270dea968ab5ba58da27f90aa42845eb8a64a6649,12b1dafe765a77d1a17115b0ae12cff973f20ed7d6d770fbd790695fe081288e,0e4833553be7825885da5ea99bceab292cc8abee6414d58b31864afe8ca9f944,c89b17de3d4d36a4e106517b0737619bd65f0e2877d95adbf2f297762f71fb7b,6e938dfcd266a2b0eac811d7ea7eabbd5b217965f88efa81371465134dbcab11,2026-07-15T18:54:45.767390+00:00,8o8-arch,7.0.12-arch1-1,AMD Ryzen 9 3900X 12-Core Processor,"logical=24,cores=12,sockets=1,nodes=1",performance,rustc 1.97.0 (2d8144b78 2026-07-07),22.1.6,cargo 1.97.0 (c980f4866 2026-06-30),"release,lto=thin,debug=true",/home/bob/.cache/mess-bench,/dev/nvme0n1p3,ext4,/home,Samsung SSD 970 EVO Plus 2TB,[none] mq-deadline kyber bfq,249457016832,4096,1024,payload[i]=(i*131+17)&0xff,2.755859375,accepted,,64,128,0,13,bytes,9152,8320,34501376,26,0,0,64,0,0,2493271,2509008,189980,205470,208800,2.760,2.760
e000734,exploratory,pwritev_64_8m,baseline,1,2,BAAB,k_pwrite,process,4096,10,64,4,new_name,synthetic_sweep,1,54215100a825da9eb7cfbd8f045e54ef05fb29bd,false,1b36f48efea63210dfeeee7270dea968ab5ba58da27f90aa42845eb8a64a6649,12b1dafe765a77d1a17115b0ae12cff973f20ed7d6d770fbd790695fe081288e,0e4833553be7825885da5ea99bceab292cc8abee6414d58b31864afe8ca9f944,c89b17de3d4d36a4e106517b0737619bd65f0e2877d95adbf2f297762f71fb7b,6e938dfcd266a2b0eac811d7ea7eabbd5b217965f88efa81371465134dbcab11,2026-07-15T18:54:46.792719+00:00,8o8-arch,7.0.12-arch1-1,AMD Ryzen 9 3900X 12-Core Processor,"logical=24,cores=12,sockets=1,nodes=1",performance,rustc 1.97.0 (2d8144b78 2026-07-07),22.1.6,cargo 1.97.0 (c980f4866 2026-06-30),"release,lto=thin,debug=true",/home/bob/.cache/mess-bench,/dev/nvme0n1p3,ext4,/home,Samsung SSD 970 EVO Plus 2TB,[none] mq-deadline kyber bfq,249457016832,4096,1024,payload[i]=(i*131+17)&0xff,2.53515625,accepted,,64,128,0,13,bytes,9152,8320,34501376,1664,0,0,0,0,0,4888411,4922947,378740,391140,401869,2.540,2.540
e000735,exploratory,pwritev_64_8m,baseline,1,3,BAAB,k_pwrite,process,4096,10,64,4,new_name,synthetic_sweep,1,54215100a825da9eb7cfbd8f045e54ef05fb29bd,false,1b36f48efea63210dfeeee7270dea968ab5ba58da27f90aa42845eb8a64a6649,12b1dafe765a77d1a17115b0ae12cff973f20ed7d6d770fbd790695fe081288e,0e4833553be7825885da5ea99bceab292cc8abee6414d58b31864afe8ca9f944,c89b17de3d4d36a4e106517b0737619bd65f0e2877d95adbf2f297762f71fb7b,6e938dfcd266a2b0eac811d7ea7eabbd5b217965f88efa81371465134dbcab11,2026-07-15T18:54:47.820418+00:00,8o8-arch,7.0.12-arch1-1,AMD Ryzen 9 3900X 12-Core Processor,"logical=24,cores=12,sockets=1,nodes=1",performance,rustc 1.97.0 (2d8144b78 2026-07-07),22.1.6,cargo 1.97.0 (c980f4866 2026-06-30),"release,lto=thin,debug=true",/home/bob/.cache/mess-bench,/dev/nvme0n1p3,ext4,/home,Samsung SSD 970 EVO Plus 2TB,[none] mq-deadline kyber bfq,249457012736,4096,1024,payload[i]=(i*131+17)&0xff,2.53515625,accepted,,64,128,0,13,bytes,9152,8320,34501376,1664,0,0,0,0,0,4859312,5056766,377280,432640,480940,2.540,2.540
e000736,exploratory,pwritev_64_8m,candidate,1,4,BAAB,pwritev_64_8m,process,4096,10,64,4,new_name,synthetic_sweep,1,54215100a825da9eb7cfbd8f045e54ef05fb29bd,false,1b36f48efea63210dfeeee7270dea968ab5ba58da27f90aa42845eb8a64a6649,12b1dafe765a77d1a17115b0ae12cff973f20ed7d6d770fbd790695fe081288e,0e4833553be7825885da5ea99bceab292cc8abee6414d58b31864afe8ca9f944,c89b17de3d4d36a4e106517b0737619bd65f0e2877d95adbf2f297762f71fb7b,6e938dfcd266a2b0eac811d7ea7eabbd5b217965f88efa81371465134dbcab11,2026-07-15T18:54:48.850300+00:00,8o8-arch,7.0.12-arch1-1,AMD Ryzen 9 3900X 12-Core Processor,"logical=24,cores=12,sockets=1,nodes=1",performance,rustc 1.97.0 (2d8144b78 2026-07-07),22.1.6,cargo 1.97.0 (c980f4866 2026-06-30),"release,lto=thin,debug=true",/home/bob/.cache/mess-bench,/dev/nvme0n1p3,ext4,/home,Samsung SSD 970 EVO Plus 2TB,[none] mq-deadline kyber bfq,249457012736,4096,1024,payload[i]=(i*131+17)&0xff,2.53515625,accepted,,64,128,0,13,bytes,9152,8320,34501376,26,0,0,64,0,0,2689851,2719898,199830,241439,303150,2.540,2.540
e000737,exploratory,copy_contiguous,baseline,1,1,ABBA,k_pwrite,process,4096,10,64,4,new_name,synthetic_sweep,1,54215100a825da9eb7cfbd8f045e54ef05fb29bd,false,1b36f48efea63210dfeeee7270dea968ab5ba58da27f90aa42845eb8a64a6649,12b1dafe765a77d1a17115b0ae12cff973f20ed7d6d770fbd790695fe081288e,0e4833553be7825885da5ea99bceab292cc8abee6414d58b31864afe8ca9f944,c89b17de3d4d36a4e106517b0737619bd65f0e2877d95adbf2f297762f71fb7b,6e938dfcd266a2b0eac811d7ea7eabbd5b217965f88efa81371465134dbcab11,2026-07-15T18:54:49.881465+00:00,8o8-arch,7.0.12-arch1-1,AMD Ryzen 9 3900X 12-Core Processor,"logical=24,cores=12,sockets=1,nodes=1",performance,rustc 1.97.0 (2d8144b78 2026-07-07),22.1.6,cargo 1.97.0 (c980f4866 2026-06-30),"release,lto=thin,debug=true",/home/bob/.cache/mess-bench,/dev/nvme0n1p3,ext4,/home,Samsung SSD 970 EVO Plus 2TB,[none] mq-deadline kyber bfq,249457004544,4096,1024,payload[i]=(i*131+17)&0xff,2.53515625,accepted,,64,128,0,13,bytes,9152,8320,34501376,1664,0,0,0,0,0,8079312,8126734,384980,515129,3381678,2.540,2.540
e000738,exploratory,copy_contiguous,candidate,1,2,ABBA,copy_contiguous,process,4096,10,64,4,new_name,synthetic_sweep,1,54215100a825da9eb7cfbd8f045e54ef05fb29bd,false,1b36f48efea63210dfeeee7270dea968ab5ba58da27f90aa42845eb8a64a6649,12b1dafe765a77d1a17115b0ae12cff973f20ed7d6d770fbd790695fe081288e,0e4833553be7825885da5ea99bceab292cc8abee6414d58b31864afe8ca9f944,c89b17de3d4d36a4e106517b0737619bd65f0e2877d95adbf2f297762f71fb7b,6e938dfcd266a2b0eac811d7ea7eabbd5b217965f88efa81371465134dbcab11,2026-07-15T18:54:50.909439+00:00,8o8-arch,7.0.12-arch1-1,AMD Ryzen 9 3900X 12-Core Processor,"logical=24,cores=12,sockets=1,nodes=1",performance,rustc 1.97.0 (2d8144b78 2026-07-07),22.1.6,cargo 1.97.0 (c980f4866 2026-06-30),"release,lto=thin,debug=true",/home/bob/.cache/mess-bench,/dev/nvme0n1p3,ext4,/home,Samsung SSD 970 EVO Plus 2TB,[none] mq-deadline kyber bfq,249457000448,4096,1024,payload[i]=(i*131+17)&0xff,2.53515625,accepted,,64,128,0,13,bytes,9152,8320,34501376,13,0,0,0,34501376,0,5096911,5137507,390510,404400,452320,2.540,2.540
e000739,exploratory,copy_contiguous,candidate,1,3,ABBA,copy_contiguous,process,4096,10,64,4,new_name,synthetic_sweep,1,54215100a825da9eb7cfbd8f045e54ef05fb29bd,false,1b36f48efea63210dfeeee7270dea968ab5ba58da27f90aa42845eb8a64a6649,12b1dafe765a77d1a17115b0ae12cff973f20ed7d6d770fbd790695fe081288e,0e4833553be7825885da5ea99bceab292cc8abee6414d58b31864afe8ca9f944,c89b17de3d4d36a4e106517b0737619bd65f0e2877d95adbf2f297762f71fb7b,6e938dfcd266a2b0eac811d7ea7eabbd5b217965f88efa81371465134dbcab11,2026-07-15T18:54:51.933913+00:00,8o8-arch,7.0.12-arch1-1,AMD Ryzen 9 3900X 12-Core Processor,"logical=24,cores=12,sockets=1,nodes=1",performance,rustc 1.97.0 (2d8144b78 2026-07-07),22.1.6,cargo 1.97.0 (c980f4866 2026-06-30),"release,lto=thin,debug=true",/home/bob/.cache/mess-bench,/dev/nvme0n1p3,ext4,/home,Samsung SSD 970 EVO Plus 2TB,[none] mq-deadline kyber bfq,249456992256,4096,1024,payload[i]=(i*131+17)&0xff,2.412109375,accepted,,64,128,0,13,bytes,9152,8320,34501376,13,0,0,0,34501376,0,5135012,5180946,391280,415329,416909,2.410,2.410
e000740,exploratory,copy_contiguous,baseline,1,4,ABBA,k_pwrite,process,4096,10,64,4,new_name,synthetic_sweep,1,54215100a825da9eb7cfbd8f045e54ef05fb29bd,false,1b36f48efea63210dfeeee7270dea968ab5ba58da27f90aa42845eb8a64a6649,12b1dafe765a77d1a17115b0ae12cff973f20ed7d6d770fbd790695fe081288e,0e4833553be7825885da5ea99bceab292cc8abee6414d58b31864afe8ca9f944,c89b17de3d4d36a4e106517b0737619bd65f0e2877d95adbf2f297762f71fb7b,6e938dfcd266a2b0eac811d7ea7eabbd5b217965f88efa81371465134dbcab11,2026-07-15T18:54:52.959332+00:00,8o8-arch,7.0.12-arch1-1,AMD Ryzen 9 3900X 12-Core Processor,"logical=24,cores=12,sockets=1,nodes=1",performance,rustc 1.97.0 (2d8144b78 2026-07-07),22.1.6,cargo 1.97.0 (c980f4866 2026-06-30),"release,lto=thin,debug=true",/home/bob/.cache/mess-bench,/dev/nvme0n1p3,ext4,/home,Samsung SSD 970 EVO Plus 2TB,[none] mq-deadline kyber bfq,249457020928,4096,1024,payload[i]=(i*131+17)&0xff,2.412109375,accepted,,64,128,0,13,bytes,9152,8320,34501376,1664,0,0,0,0,0,5096011,5129606,377630,451109,467420,2.410,2.410
e000741,exploratory,pwritev_full_8m,candidate,1,1,BAAB,pwritev_full_8m,process,4096,10,256,4,domain,synthetic_sweep,1,54215100a825da9eb7cfbd8f045e54ef05fb29bd,false,1b36f48efea63210dfeeee7270dea968ab5ba58da27f90aa42845eb8a64a6649,12b1dafe765a77d1a17115b0ae12cff973f20ed7d6d770fbd790695fe081288e,0e4833553be7825885da5ea99bceab292cc8abee6414d58b31864afe8ca9f944,c89b17de3d4d36a4e106517b0737619bd65f0e2877d95adbf2f297762f71fb7b,6e938dfcd266a2b0eac811d7ea7eabbd5b217965f88efa81371465134dbcab11,2026-07-15T18:54:53.989416+00:00,8o8-arch,7.0.12-arch1-1,AMD Ryzen 9 3900X 12-Core Processor,"logical=24,cores=12,sockets=1,nodes=1",performance,rustc 1.97.0 (2d8144b78 2026-07-07),22.1.6,cargo 1.97.0 (c980f4866 2026-06-30),"release,lto=thin,debug=true",/home/bob/.cache/mess-bench,/dev/nvme0n1p3,ext4,/home,Samsung SSD 970 EVO Plus 2TB,[none] mq-deadline kyber bfq,249457012736,4096,1024,payload[i]=(i*131+17)&0xff,2.412109375,accepted,,256,256,0,4,bytes,10240,10240,42319872,8,0,0,203,0,0,3085261,3106188,790269,797239,797239,2.410,2.410
e000742,exploratory,pwritev_full_8m,baseline,1,2,BAAB,k_pwrite,process,4096,10,256,4,domain,synthetic_sweep,1,54215100a825da9eb7cfbd8f045e54ef05fb29bd,false,1b36f48efea63210dfeeee7270dea968ab5ba58da27f90aa42845eb8a64a6649,12b1dafe765a77d1a17115b0ae12cff973f20ed7d6d770fbd790695fe081288e,0e4833553be7825885da5ea99bceab292cc8abee6414d58b31864afe8ca9f944,c89b17de3d4d36a4e106517b0737619bd65f0e2877d95adbf2f297762f71fb7b,6e938dfcd266a2b0eac811d7ea7eabbd5b217965f88efa81371465134dbcab11,2026-07-15T18:54:55.017949+00:00,8o8-arch,7.0.12-arch1-1,AMD Ryzen 9 3900X 12-Core Processor,"logical=24,cores=12,sockets=1,nodes=1",performance,rustc 1.97.0 (2d8144b78 2026-07-07),22.1.6,cargo 1.97.0 (c980f4866 2026-06-30),"release,lto=thin,debug=true",/home/bob/.cache/mess-bench,/dev/nvme0n1p3,ext4,/home,Samsung SSD 970 EVO Plus 2TB,[none] mq-deadline kyber bfq,249457012736,4096,1024,payload[i]=(i*131+17)&0xff,2.412109375,accepted,,256,256,0,4,bytes,10240,10240,42319872,1024,0,0,0,0,0,6421601,6486115,1650599,1714128,1714128,2.410,2.410
e000743,exploratory,pwritev_full_8m,baseline,1,3,BAAB,k_pwrite,process,4096,10,256,4,domain,synthetic_sweep,1,54215100a825da9eb7cfbd8f045e54ef05fb29bd,false,1b36f48efea63210dfeeee7270dea968ab5ba58da27f90aa42845eb8a64a6649,12b1dafe765a77d1a17115b0ae12cff973f20ed7d6d770fbd790695fe081288e,0e4833553be7825885da5ea99bceab292cc8abee6414d58b31864afe8ca9f944,c89b17de3d4d36a4e106517b0737619bd65f0e2877d95adbf2f297762f71fb7b,6e938dfcd266a2b0eac811d7ea7eabbd5b217965f88efa81371465134dbcab11,2026-07-15T18:54:56.046503+00:00,8o8-arch,7.0.12-arch1-1,AMD Ryzen 9 3900X 12-Core Processor,"logical=24,cores=12,sockets=1,nodes=1",performance,rustc 1.97.0 (2d8144b78 2026-07-07),22.1.6,cargo 1.97.0 (c980f4866 2026-06-30),"release,lto=thin,debug=true",/home/bob/.cache/mess-bench,/dev/nvme0n1p3,ext4,/home,Samsung SSD 970 EVO Plus 2TB,[none] mq-deadline kyber bfq,249457008640,4096,1024,payload[i]=(i*131+17)&0xff,2.21875,accepted,,256,256,0,4,bytes,10240,10240,42319872,1024,0,0,0,0,0,6079492,6129845,1529118,1670549,1670549,2.220,2.220
e000744,exploratory,pwritev_full_8m,candidate,1,4,BAAB,pwritev_full_8m,process,4096,10,256,4,domain,synthetic_sweep,1,54215100a825da9eb7cfbd8f045e54ef05fb29bd,false,1b36f48efea63210dfeeee7270dea968ab5ba58da27f90aa42845eb8a64a6649,12b1dafe765a77d1a17115b0ae12cff973f20ed7d6d770fbd790695fe081288e,0e4833553be7825885da5ea99bceab292cc8abee6414d58b31864afe8ca9f944,c89b17de3d4d36a4e106517b0737619bd65f0e2877d95adbf2f297762f71fb7b,6e938dfcd266a2b0eac811d7ea7eabbd5b217965f88efa81371465134dbcab11,2026-07-15T18:54:57.068878+00:00,8o8-arch,7.0.12-arch1-1,AMD Ryzen 9 3900X 12-Core Processor,"logical=24,cores=12,sockets=1,nodes=1",performance,rustc 1.97.0 (2d8144b78 2026-07-07),22.1.6,cargo 1.97.0 (c980f4866 2026-06-30),"release,lto=thin,debug=true",/home/bob/.cache/mess-bench,/dev/nvme0n1p3,ext4,/home,Samsung SSD 970 EVO Plus 2TB,[none] mq-deadline kyber bfq,249457008640,4096,1024,payload[i]=(i*131+17)&0xff,2.21875,accepted,,256,256,0,4,bytes,10240,10240,42319872,8,0,0,203,0,0,3208500,3227598,769609,951000,951000,2.220,2.220
e000745,exploratory,pwritev_64_8m,baseline,1,1,ABBA,k_pwrite,process,4096,10,256,4,domain,synthetic_sweep,1,54215100a825da9eb7cfbd8f045e54ef05fb29bd,false,1b36f48efea63210dfeeee7270dea968ab5ba58da27f90aa42845eb8a64a6649,12b1dafe765a77d1a17115b0ae12cff973f20ed7d6d770fbd790695fe081288e,0e4833553be7825885da5ea99bceab292cc8abee6414d58b31864afe8ca9f944,c89b17de3d4d36a4e106517b0737619bd65f0e2877d95adbf2f297762f71fb7b,6e938dfcd266a2b0eac811d7ea7eabbd5b217965f88efa81371465134dbcab11,2026-07-15T18:54:58.094017+00:00,8o8-arch,7.0.12-arch1-1,AMD Ryzen 9 3900X 12-Core Processor,"logical=24,cores=12,sockets=1,nodes=1",performance,rustc 1.97.0 (2d8144b78 2026-07-07),22.1.6,cargo 1.97.0 (c980f4866 2026-06-30),"release,lto=thin,debug=true",/home/bob/.cache/mess-bench,/dev/nvme0n1p3,ext4,/home,Samsung SSD 970 EVO Plus 2TB,[none] mq-deadline kyber bfq,249456996352,4096,1024,payload[i]=(i*131+17)&0xff,2.21875,accepted,,256,256,0,4,bytes,10240,10240,42319872,1024,0,0,0,0,0,9672193,9936033,2138068,4683307,4683307,2.220,2.220
e000746,exploratory,pwritev_64_8m,candidate,1,2,ABBA,pwritev_64_8m,process,4096,10,256,4,domain,synthetic_sweep,1,54215100a825da9eb7cfbd8f045e54ef05fb29bd,false,1b36f48efea63210dfeeee7270dea968ab5ba58da27f90aa42845eb8a64a6649,12b1dafe765a77d1a17115b0ae12cff973f20ed7d6d770fbd790695fe081288e,0e4833553be7825885da5ea99bceab292cc8abee6414d58b31864afe8ca9f944,c89b17de3d4d36a4e106517b0737619bd65f0e2877d95adbf2f297762f71fb7b,6e938dfcd266a2b0eac811d7ea7eabbd5b217965f88efa81371465134dbcab11,2026-07-15T18:54:59.115734+00:00,8o8-arch,7.0.12-arch1-1,AMD Ryzen 9 3900X 12-Core Processor,"logical=24,cores=12,sockets=1,nodes=1",performance,rustc 1.97.0 (2d8144b78 2026-07-07),22.1.6,cargo 1.97.0 (c980f4866 2026-06-30),"release,lto=thin,debug=true",/home/bob/.cache/mess-bench,/dev/nvme0n1p3,ext4,/home,Samsung SSD 970 EVO Plus 2TB,[none] mq-deadline kyber bfq,249456992256,4096,1024,payload[i]=(i*131+17)&0xff,2.21875,accepted,,256,256,0,4,bytes,10240,10240,42319872,16,0,0,64,0,0,3150500,3178428,806199,830229,830229,2.220,2.220
e000747,exploratory,pwritev_64_8m,candidate,1,3,ABBA,pwritev_64_8m,process,4096,10,256,4,domain,synthetic_sweep,1,54215100a825da9eb7cfbd8f045e54ef05fb29bd,false,1b36f48efea63210dfeeee7270dea968ab5ba58da27f90aa42845eb8a64a6649,12b1dafe765a77d1a17115b0ae12cff973f20ed7d6d770fbd790695fe081288e,0e4833553be7825885da5ea99bceab292cc8abee6414d58b31864afe8ca9f944,c89b17de3d4d36a4e106517b0737619bd65f0e2877d95adbf2f297762f71fb7b,6e938dfcd266a2b0eac811d7ea7eabbd5b217965f88efa81371465134dbcab11,2026-07-15T18:55:00.146092+00:00,8o8-arch,7.0.12-arch1-1,AMD Ryzen 9 3900X 12-Core Processor,"logical=24,cores=12,sockets=1,nodes=1",performance,rustc 1.97.0 (2d8144b78 2026-07-07),22.1.6,cargo 1.97.0 (c980f4866 2026-06-30),"release,lto=thin,debug=true",/home/bob/.cache/mess-bench,/dev/nvme0n1p3,ext4,/home,Samsung SSD 970 EVO Plus 2TB,[none] mq-deadline kyber bfq,249456988160,4096,1024,payload[i]=(i*131+17)&0xff,2.21875,accepted,,256,256,0,4,bytes,10240,10240,42319872,16,0,0,64,0,0,3040100,3074788,746250,856119,856119,2.220,2.220
e000748,exploratory,pwritev_64_8m,baseline,1,4,ABBA,k_pwrite,process,4096,10,256,4,domain,synthetic_sweep,1,54215100a825da9eb7cfbd8f045e54ef05fb29bd,false,1b36f48efea63210dfeeee7270dea968ab5ba58da27f90aa42845eb8a64a6649,12b1dafe765a77d1a17115b0ae12cff973f20ed7d6d770fbd790695fe081288e,0e4833553be7825885da5ea99bceab292cc8abee6414d58b31864afe8ca9f944,c89b17de3d4d36a4e106517b0737619bd65f0e2877d95adbf2f297762f71fb7b,6e938dfcd266a2b0eac811d7ea7eabbd5b217965f88efa81371465134dbcab11,2026-07-15T18:55:01.180485+00:00,8o8-arch,7.0.12-arch1-1,AMD Ryzen 9 3900X 12-Core Processor,"logical=24,cores=12,sockets=1,nodes=1",performance,rustc 1.97.0 (2d8144b78 2026-07-07),22.1.6,cargo 1.97.0 (c980f4866 2026-06-30),"release,lto=thin,debug=true",/home/bob/.cache/mess-bench,/dev/nvme0n1p3,ext4,/home,Samsung SSD 970 EVO Plus 2TB,[none] mq-deadline kyber bfq,249456988160,4096,1024,payload[i]=(i*131+17)&0xff,2.201171875,accepted,,256,256,0,4,bytes,10240,10240,42319872,1024,0,0,0,0,0,9925133,9991803,1725669,5185006,5185006,2.200,2.200
e000749,exploratory,pwritev_full_8m,candidate,1,1,BAAB,pwritev_full_8m,process,4096,10,256,4,new_name,synthetic_sweep,1,54215100a825da9eb7cfbd8f045e54ef05fb29bd,false,1b36f48efea63210dfeeee7270dea968ab5ba58da27f90aa42845eb8a64a6649,12b1dafe765a77d1a17115b0ae12cff973f20ed7d6d770fbd790695fe081288e,0e4833553be7825885da5ea99bceab292cc8abee6414d58b31864afe8ca9f944,c89b17de3d4d36a4e106517b0737619bd65f0e2877d95adbf2f297762f71fb7b,6e938dfcd266a2b0eac811d7ea7eabbd5b217965f88efa81371465134dbcab11,2026-07-15T18:55:02.203098+00:00,8o8-arch,7.0.12-arch1-1,AMD Ryzen 9 3900X 12-Core Processor,"logical=24,cores=12,sockets=1,nodes=1",performance,rustc 1.97.0 (2d8144b78 2026-07-07),22.1.6,cargo 1.97.0 (c980f4866 2026-06-30),"release,lto=thin,debug=true",/home/bob/.cache/mess-bench,/dev/nvme0n1p3,ext4,/home,Samsung SSD 970 EVO Plus 2TB,[none] mq-deadline kyber bfq,249456979968,4096,1024,payload[i]=(i*131+17)&0xff,2.201171875,accepted,,256,512,0,4,bytes,11264,10240,42463232,8,0,0,406,0,0,3460391,4501486,823519,2161428,2161428,2.200,2.200
e000750,exploratory,pwritev_full_8m,baseline,1,2,BAAB,k_pwrite,process,4096,10,256,4,new_name,synthetic_sweep,1,54215100a825da9eb7cfbd8f045e54ef05fb29bd,false,1b36f48efea63210dfeeee7270dea968ab5ba58da27f90aa42845eb8a64a6649,12b1dafe765a77d1a17115b0ae12cff973f20ed7d6d770fbd790695fe081288e,0e4833553be7825885da5ea99bceab292cc8abee6414d58b31864afe8ca9f944,c89b17de3d4d36a4e106517b0737619bd65f0e2877d95adbf2f297762f71fb7b,6e938dfcd266a2b0eac811d7ea7eabbd5b217965f88efa81371465134dbcab11,2026-07-15T18:55:03.232968+00:00,8o8-arch,7.0.12-arch1-1,AMD Ryzen 9 3900X 12-Core Processor,"logical=24,cores=12,sockets=1,nodes=1",performance,rustc 1.97.0 (2d8144b78 2026-07-07),22.1.6,cargo 1.97.0 (c980f4866 2026-06-30),"release,lto=thin,debug=true",/home/bob/.cache/mess-bench,/dev/nvme0n1p3,ext4,/home,Samsung SSD 970 EVO Plus 2TB,[none] mq-deadline kyber bfq,249456979968,4096,1024,payload[i]=(i*131+17)&0xff,2.201171875,accepted,,256,512,0,4,bytes,11264,10240,42463232,2048,0,0,0,0,0,7004072,7047645,1762489,1822119,1822119,2.200,2.200
e000751,exploratory,pwritev_full_8m,baseline,1,3,BAAB,k_pwrite,process,4096,10,256,4,new_name,synthetic_sweep,1,54215100a825da9eb7cfbd8f045e54ef05fb29bd,false,1b36f48efea63210dfeeee7270dea968ab5ba58da27f90aa42845eb8a64a6649,12b1dafe765a77d1a17115b0ae12cff973f20ed7d6d770fbd790695fe081288e,0e4833553be7825885da5ea99bceab292cc8abee6414d58b31864afe8ca9f944,c89b17de3d4d36a4e106517b0737619bd65f0e2877d95adbf2f297762f71fb7b,6e938dfcd266a2b0eac811d7ea7eabbd5b217965f88efa81371465134dbcab11,2026-07-15T18:55:04.260674+00:00,8o8-arch,7.0.12-arch1-1,AMD Ryzen 9 3900X 12-Core Processor,"logical=24,cores=12,sockets=1,nodes=1",performance,rustc 1.97.0 (2d8144b78 2026-07-07),22.1.6,cargo 1.97.0 (c980f4866 2026-06-30),"release,lto=thin,debug=true",/home/bob/.cache/mess-bench,/dev/nvme0n1p3,ext4,/home,Samsung SSD 970 EVO Plus 2TB,[none] mq-deadline kyber bfq,249456975872,4096,1024,payload[i]=(i*131+17)&0xff,2.201171875,accepted,,256,512,0,4,bytes,11264,10240,42463232,2048,0,0,0,0,0,7753752,8285194,2160328,2234888,2234888,2.200,2.200
e000752,exploratory,pwritev_full_8m,candidate,1,4,BAAB,pwritev_full_8m,process,4096,10,256,4,new_name,synthetic_sweep,1,54215100a825da9eb7cfbd8f045e54ef05fb29bd,false,1b36f48efea63210dfeeee7270dea968ab5ba58da27f90aa42845eb8a64a6649,12b1dafe765a77d1a17115b0ae12cff973f20ed7d6d770fbd790695fe081288e,0e4833553be7825885da5ea99bceab292cc8abee6414d58b31864afe8ca9f944,c89b17de3d4d36a4e106517b0737619bd65f0e2877d95adbf2f297762f71fb7b,6e938dfcd266a2b0eac811d7ea7eabbd5b217965f88efa81371465134dbcab11,2026-07-15T18:55:05.292368+00:00,8o8-arch,7.0.12-arch1-1,AMD Ryzen 9 3900X 12-Core Processor,"logical=24,cores=12,sockets=1,nodes=1",performance,rustc 1.97.0 (2d8144b78 2026-07-07),22.1.6,cargo 1.97.0 (c980f4866 2026-06-30),"release,lto=thin,debug=true",/home/bob/.cache/mess-bench,/dev/nvme0n1p3,ext4,/home,Samsung SSD 970 EVO Plus 2TB,[none] mq-deadline kyber bfq,249456967680,4096,1024,payload[i]=(i*131+17)&0xff,2.201171875,accepted,,256,512,0,4,bytes,11264,10240,42463232,8,0,0,406,0,0,3142211,3177818,843320,857179,857179,2.200,2.200
e000753,exploratory,pwritev_256_8m,baseline,1,1,ABBA,k_pwrite,process,4096,10,256,4,new_name,synthetic_sweep,1,54215100a825da9eb7cfbd8f045e54ef05fb29bd,false,1b36f48efea63210dfeeee7270dea968ab5ba58da27f90aa42845eb8a64a6649,12b1dafe765a77d1a17115b0ae12cff973f20ed7d6d770fbd790695fe081288e,0e4833553be7825885da5ea99bceab292cc8abee6414d58b31864afe8ca9f944,c89b17de3d4d36a4e106517b0737619bd65f0e2877d95adbf2f297762f71fb7b,6e938dfcd266a2b0eac811d7ea7eabbd5b217965f88efa81371465134dbcab11,2026-07-15T18:55:06.315479+00:00,8o8-arch,7.0.12-arch1-1,AMD Ryzen 9 3900X 12-Core Processor,"logical=24,cores=12,sockets=1,nodes=1",performance,rustc 1.97.0 (2d8144b78 2026-07-07),22.1.6,cargo 1.97.0 (c980f4866 2026-06-30),"release,lto=thin,debug=true",/home/bob/.cache/mess-bench,/dev/nvme0n1p3,ext4,/home,Samsung SSD 970 EVO Plus 2TB,[none] mq-deadline kyber bfq,249456963584,4096,1024,payload[i]=(i*131+17)&0xff,2.18505859375,accepted,,256,512,0,4,bytes,11264,10240,42463232,2048,0,0,0,0,0,7271382,7330744,1867908,1979418,1979418,2.180,2.180
e000754,exploratory,pwritev_256_8m,candidate,1,2,ABBA,pwritev_256_8m,process,4096,10,256,4,new_name,synthetic_sweep,1,54215100a825da9eb7cfbd8f045e54ef05fb29bd,false,1b36f48efea63210dfeeee7270dea968ab5ba58da27f90aa42845eb8a64a6649,12b1dafe765a77d1a17115b0ae12cff973f20ed7d6d770fbd790695fe081288e,0e4833553be7825885da5ea99bceab292cc8abee6414d58b31864afe8ca9f944,c89b17de3d4d36a4e106517b0737619bd65f0e2877d95adbf2f297762f71fb7b,6e938dfcd266a2b0eac811d7ea7eabbd5b217965f88efa81371465134dbcab11,2026-07-15T18:55:07.338889+00:00,8o8-arch,7.0.12-arch1-1,AMD Ryzen 9 3900X 12-Core Processor,"logical=24,cores=12,sockets=1,nodes=1",performance,rustc 1.97.0 (2d8144b78 2026-07-07),22.1.6,cargo 1.97.0 (c980f4866 2026-06-30),"release,lto=thin,debug=true",/home/bob/.cache/mess-bench,/dev/nvme0n1p3,ext4,/home,Samsung SSD 970 EVO Plus 2TB,[none] mq-deadline kyber bfq,249456963584,4096,1024,payload[i]=(i*131+17)&0xff,2.18505859375,accepted,,256,512,0,4,bytes,11264,10240,42463232,8,0,0,256,0,0,3103871,3123887,808329,820949,820949,2.180,2.180
e000755,exploratory,pwritev_256_8m,candidate,1,3,ABBA,pwritev_256_8m,process,4096,10,256,4,new_name,synthetic_sweep,1,54215100a825da9eb7cfbd8f045e54ef05fb29bd,false,1b36f48efea63210dfeeee7270dea968ab5ba58da27f90aa42845eb8a64a6649,12b1dafe765a77d1a17115b0ae12cff973f20ed7d6d770fbd790695fe081288e,0e4833553be7825885da5ea99bceab292cc8abee6414d58b31864afe8ca9f944,c89b17de3d4d36a4e106517b0737619bd65f0e2877d95adbf2f297762f71fb7b,6e938dfcd266a2b0eac811d7ea7eabbd5b217965f88efa81371465134dbcab11,2026-07-15T18:55:08.369712+00:00,8o8-arch,7.0.12-arch1-1,AMD Ryzen 9 3900X 12-Core Processor,"logical=24,cores=12,sockets=1,nodes=1",performance,rustc 1.97.0 (2d8144b78 2026-07-07),22.1.6,cargo 1.97.0 (c980f4866 2026-06-30),"release,lto=thin,debug=true",/home/bob/.cache/mess-bench,/dev/nvme0n1p3,ext4,/home,Samsung SSD 970 EVO Plus 2TB,[none] mq-deadline kyber bfq,249456963584,4096,1024,payload[i]=(i*131+17)&0xff,2.18505859375,accepted,,256,512,0,4,bytes,11264,10240,42463232,8,0,0,256,0,0,3362241,3393687,815199,1110389,1110389,2.180,2.180
e000756,exploratory,pwritev_256_8m,baseline,1,4,ABBA,k_pwrite,process,4096,10,256,4,new_name,synthetic_sweep,1,54215100a825da9eb7cfbd8f045e54ef05fb29bd,false,1b36f48efea63210dfeeee7270dea968ab5ba58da27f90aa42845eb8a64a6649,12b1dafe765a77d1a17115b0ae12cff973f20ed7d6d770fbd790695fe081288e,0e4833553be7825885da5ea99bceab292cc8abee6414d58b31864afe8ca9f944,c89b17de3d4d36a4e106517b0737619bd65f0e2877d95adbf2f297762f71fb7b,6e938dfcd266a2b0eac811d7ea7eabbd5b217965f88efa81371465134dbcab11,2026-07-15T18:55:09.394383+00:00,8o8-arch,7.0.12-arch1-1,AMD Ryzen 9 3900X 12-Core Processor,"logical=24,cores=12,sockets=1,nodes=1",performance,rustc 1.97.0 (2d8144b78 2026-07-07),22.1.6,cargo 1.97.0 (c980f4866 2026-06-30),"release,lto=thin,debug=true",/home/bob/.cache/mess-bench,/dev/nvme0n1p3,ext4,/home,Samsung SSD 970 EVO Plus 2TB,[none] mq-deadline kyber bfq,249456955392,4096,1024,payload[i]=(i*131+17)&0xff,2.18505859375,accepted,,256,512,0,4,bytes,11264,10240,42463232,2048,0,0,0,0,0,7329631,7410865,1814269,2023208,2023208,2.180,2.180
e000757,exploratory,pwritev_64_8m,candidate,1,1,BAAB,pwritev_64_8m,process,4096,10,256,4,new_name,synthetic_sweep,1,54215100a825da9eb7cfbd8f045e54ef05fb29bd,false,1b36f48efea63210dfeeee7270dea968ab5ba58da27f90aa42845eb8a64a6649,12b1dafe765a77d1a17115b0ae12cff973f20ed7d6d770fbd790695fe081288e,0e4833553be7825885da5ea99bceab292cc8abee6414d58b31864afe8ca9f944,c89b17de3d4d36a4e106517b0737619bd65f0e2877d95adbf2f297762f71fb7b,6e938dfcd266a2b0eac811d7ea7eabbd5b217965f88efa81371465134dbcab11,2026-07-15T18:55:10.419733+00:00,8o8-arch,7.0.12-arch1-1,AMD Ryzen 9 3900X 12-Core Processor,"logical=24,cores=12,sockets=1,nodes=1",performance,rustc 1.97.0 (2d8144b78 2026-07-07),22.1.6,cargo 1.97.0 (c980f4866 2026-06-30),"release,lto=thin,debug=true",/home/bob/.cache/mess-bench,/dev/nvme0n1p3,ext4,/home,Samsung SSD 970 EVO Plus 2TB,[none] mq-deadline kyber bfq,249456955392,4096,1024,payload[i]=(i*131+17)&0xff,2.18505859375,accepted,,256,512,0,4,bytes,11264,10240,42463232,32,0,0,64,0,0,3931211,3972217,1036410,1200999,1200999,2.180,2.180
e000758,exploratory,pwritev_64_8m,baseline,1,2,BAAB,k_pwrite,process,4096,10,256,4,new_name,synthetic_sweep,1,54215100a825da9eb7cfbd8f045e54ef05fb29bd,false,1b36f48efea63210dfeeee7270dea968ab5ba58da27f90aa42845eb8a64a6649,12b1dafe765a77d1a17115b0ae12cff973f20ed7d6d770fbd790695fe081288e,0e4833553be7825885da5ea99bceab292cc8abee6414d58b31864afe8ca9f944,c89b17de3d4d36a4e106517b0737619bd65f0e2877d95adbf2f297762f71fb7b,6e938dfcd266a2b0eac811d7ea7eabbd5b217965f88efa81371465134dbcab11,2026-07-15T18:55:11.450627+00:00,8o8-arch,7.0.12-arch1-1,AMD Ryzen 9 3900X 12-Core Processor,"logical=24,cores=12,sockets=1,nodes=1",performance,rustc 1.97.0 (2d8144b78 2026-07-07),22.1.6,cargo 1.97.0 (c980f4866 2026-06-30),"release,lto=thin,debug=true",/home/bob/.cache/mess-bench,/dev/nvme0n1p3,ext4,/home,Samsung SSD 970 EVO Plus 2TB,[none] mq-deadline kyber bfq,249456947200,4096,1024,payload[i]=(i*131+17)&0xff,2.33056640625,accepted,,256,512,0,4,bytes,11264,10240,42463232,2048,0,0,0,0,0,7347072,7419175,1886728,2059489,2059489,2.330,2.330
e000759,exploratory,pwritev_64_8m,baseline,1,3,BAAB,k_pwrite,process,4096,10,256,4,new_name,synthetic_sweep,1,54215100a825da9eb7cfbd8f045e54ef05fb29bd,false,1b36f48efea63210dfeeee7270dea968ab5ba58da27f90aa42845eb8a64a6649,12b1dafe765a77d1a17115b0ae12cff973f20ed7d6d770fbd790695fe081288e,0e4833553be7825885da5ea99bceab292cc8abee6414d58b31864afe8ca9f944,c89b17de3d4d36a4e106517b0737619bd65f0e2877d95adbf2f297762f71fb7b,6e938dfcd266a2b0eac811d7ea7eabbd5b217965f88efa81371465134dbcab11,2026-07-15T18:55:12.479524+00:00,8o8-arch,7.0.12-arch1-1,AMD Ryzen 9 3900X 12-Core Processor,"logical=24,cores=12,sockets=1,nodes=1",performance,rustc 1.97.0 (2d8144b78 2026-07-07),22.1.6,cargo 1.97.0 (c980f4866 2026-06-30),"release,lto=thin,debug=true",/home/bob/.cache/mess-bench,/dev/nvme0n1p3,ext4,/home,Samsung SSD 970 EVO Plus 2TB,[none] mq-deadline kyber bfq,249456943104,4096,1024,payload[i]=(i*131+17)&0xff,2.33056640625,accepted,,256,512,0,4,bytes,11264,10240,42463232,2048,0,0,0,0,0,10566883,10658792,1888058,5353656,5353656,2.330,2.330
e000760,exploratory,pwritev_64_8m,candidate,1,4,BAAB,pwritev_64_8m,process,4096,10,256,4,new_name,synthetic_sweep,1,54215100a825da9eb7cfbd8f045e54ef05fb29bd,false,1b36f48efea63210dfeeee7270dea968ab5ba58da27f90aa42845eb8a64a6649,12b1dafe765a77d1a17115b0ae12cff973f20ed7d6d770fbd790695fe081288e,0e4833553be7825885da5ea99bceab292cc8abee6414d58b31864afe8ca9f944,c89b17de3d4d36a4e106517b0737619bd65f0e2877d95adbf2f297762f71fb7b,6e938dfcd266a2b0eac811d7ea7eabbd5b217965f88efa81371465134dbcab11,2026-07-15T18:55:13.504288+00:00,8o8-arch,7.0.12-arch1-1,AMD Ryzen 9 3900X 12-Core Processor,"logical=24,cores=12,sockets=1,nodes=1",performance,rustc 1.97.0 (2d8144b78 2026-07-07),22.1.6,cargo 1.97.0 (c980f4866 2026-06-30),"release,lto=thin,debug=true",/home/bob/.cache/mess-bench,/dev/nvme0n1p3,ext4,/home,Samsung SSD 970 EVO Plus 2TB,[none] mq-deadline kyber bfq,249456939008,4096,1024,payload[i]=(i*131+17)&0xff,2.33056640625,accepted,,256,512,0,4,bytes,11264,10240,42463232,32,0,0,64,0,0,4633221,4679637,1253768,1257140,1257140,2.330,2.330
e000761,exploratory,pwritev_full_8m,baseline,1,1,ABBA,k_pwrite,process,4096,10,1024,4,domain,synthetic_sweep,1,54215100a825da9eb7cfbd8f045e54ef05fb29bd,false,1b36f48efea63210dfeeee7270dea968ab5ba58da27f90aa42845eb8a64a6649,12b1dafe765a77d1a17115b0ae12cff973f20ed7d6d770fbd790695fe081288e,0e4833553be7825885da5ea99bceab292cc8abee6414d58b31864afe8ca9f944,c89b17de3d4d36a4e106517b0737619bd65f0e2877d95adbf2f297762f71fb7b,6e938dfcd266a2b0eac811d7ea7eabbd5b217965f88efa81371465134dbcab11,2026-07-15T18:55:14.535984+00:00,8o8-arch,7.0.12-arch1-1,AMD Ryzen 9 3900X 12-Core Processor,"logical=24,cores=12,sockets=1,nodes=1",performance,rustc 1.97.0 (2d8144b78 2026-07-07),22.1.6,cargo 1.97.0 (c980f4866 2026-06-30),"release,lto=thin,debug=true",/home/bob/.cache/mess-bench,/dev/nvme0n1p3,ext4,/home,Samsung SSD 970 EVO Plus 2TB,[none] mq-deadline kyber bfq,249456943104,4096,1024,payload[i]=(i*131+17)&0xff,2.33056640625,accepted,,1024,1024,0,1,bytes,10240,10240,42319872,1024,0,0,0,0,0,7562812,7621745,7621365,7621365,7621365,2.330,2.330
e000762,exploratory,pwritev_full_8m,candidate,1,2,ABBA,pwritev_full_8m,process,4096,10,1024,4,domain,synthetic_sweep,1,54215100a825da9eb7cfbd8f045e54ef05fb29bd,false,1b36f48efea63210dfeeee7270dea968ab5ba58da27f90aa42845eb8a64a6649,12b1dafe765a77d1a17115b0ae12cff973f20ed7d6d770fbd790695fe081288e,0e4833553be7825885da5ea99bceab292cc8abee6414d58b31864afe8ca9f944,c89b17de3d4d36a4e106517b0737619bd65f0e2877d95adbf2f297762f71fb7b,6e938dfcd266a2b0eac811d7ea7eabbd5b217965f88efa81371465134dbcab11,2026-07-15T18:55:15.565632+00:00,8o8-arch,7.0.12-arch1-1,AMD Ryzen 9 3900X 12-Core Processor,"logical=24,cores=12,sockets=1,nodes=1",performance,rustc 1.97.0 (2d8144b78 2026-07-07),22.1.6,cargo 1.97.0 (c980f4866 2026-06-30),"release,lto=thin,debug=true",/home/bob/.cache/mess-bench,/dev/nvme0n1p3,ext4,/home,Samsung SSD 970 EVO Plus 2TB,[none] mq-deadline kyber bfq,249456943104,4096,1024,payload[i]=(i*131+17)&0xff,2.33056640625,accepted,,1024,1024,0,1,bytes,10240,10240,42319872,6,0,0,204,0,0,5344011,5400057,5399567,5399567,5399567,2.330,2.330
e000763,exploratory,pwritev_full_8m,candidate,1,3,ABBA,pwritev_full_8m,process,4096,10,1024,4,domain,synthetic_sweep,1,54215100a825da9eb7cfbd8f045e54ef05fb29bd,false,1b36f48efea63210dfeeee7270dea968ab5ba58da27f90aa42845eb8a64a6649,12b1dafe765a77d1a17115b0ae12cff973f20ed7d6d770fbd790695fe081288e,0e4833553be7825885da5ea99bceab292cc8abee6414d58b31864afe8ca9f944,c89b17de3d4d36a4e106517b0737619bd65f0e2877d95adbf2f297762f71fb7b,6e938dfcd266a2b0eac811d7ea7eabbd5b217965f88efa81371465134dbcab11,2026-07-15T18:55:16.598054+00:00,8o8-arch,7.0.12-arch1-1,AMD Ryzen 9 3900X 12-Core Processor,"logical=24,cores=12,sockets=1,nodes=1",performance,rustc 1.97.0 (2d8144b78 2026-07-07),22.1.6,cargo 1.97.0 (c980f4866 2026-06-30),"release,lto=thin,debug=true",/home/bob/.cache/mess-bench,/dev/nvme0n1p3,ext4,/home,Samsung SSD 970 EVO Plus 2TB,[none] mq-deadline kyber bfq,249456939008,4096,1024,payload[i]=(i*131+17)&0xff,2.3037109375,accepted,,1024,1024,0,1,bytes,10240,10240,42319872,6,0,0,204,0,0,4964161,5095316,5094196,5094196,5094196,2.300,2.300
e000764,exploratory,pwritev_full_8m,baseline,1,4,ABBA,k_pwrite,process,4096,10,1024,4,domain,synthetic_sweep,1,54215100a825da9eb7cfbd8f045e54ef05fb29bd,false,1b36f48efea63210dfeeee7270dea968ab5ba58da27f90aa42845eb8a64a6649,12b1dafe765a77d1a17115b0ae12cff973f20ed7d6d770fbd790695fe081288e,0e4833553be7825885da5ea99bceab292cc8abee6414d58b31864afe8ca9f944,c89b17de3d4d36a4e106517b0737619bd65f0e2877d95adbf2f297762f71fb7b,6e938dfcd266a2b0eac811d7ea7eabbd5b217965f88efa81371465134dbcab11,2026-07-15T18:55:17.630510+00:00,8o8-arch,7.0.12-arch1-1,AMD Ryzen 9 3900X 12-Core Processor,"logical=24,cores=12,sockets=1,nodes=1",performance,rustc 1.97.0 (2d8144b78 2026-07-07),22.1.6,cargo 1.97.0 (c980f4866 2026-06-30),"release,lto=thin,debug=true",/home/bob/.cache/mess-bench,/dev/nvme0n1p3,ext4,/home,Samsung SSD 970 EVO Plus 2TB,[none] mq-deadline kyber bfq,249456934912,4096,1024,payload[i]=(i*131+17)&0xff,2.3037109375,accepted,,1024,1024,0,1,bytes,10240,10240,42319872,1024,0,0,0,0,0,7842772,7908824,7908374,7908374,7908374,2.300,2.300
e000765,exploratory,pwritev_64_8m,candidate,1,1,BAAB,pwritev_64_8m,process,4096,10,1024,4,domain,synthetic_sweep,1,54215100a825da9eb7cfbd8f045e54ef05fb29bd,false,1b36f48efea63210dfeeee7270dea968ab5ba58da27f90aa42845eb8a64a6649,12b1dafe765a77d1a17115b0ae12cff973f20ed7d6d770fbd790695fe081288e,0e4833553be7825885da5ea99bceab292cc8abee6414d58b31864afe8ca9f944,c89b17de3d4d36a4e106517b0737619bd65f0e2877d95adbf2f297762f71fb7b,6e938dfcd266a2b0eac811d7ea7eabbd5b217965f88efa81371465134dbcab11,2026-07-15T18:55:18.655912+00:00,8o8-arch,7.0.12-arch1-1,AMD Ryzen 9 3900X 12-Core Processor,"logical=24,cores=12,sockets=1,nodes=1",performance,rustc 1.97.0 (2d8144b78 2026-07-07),22.1.6,cargo 1.97.0 (c980f4866 2026-06-30),"release,lto=thin,debug=true",/home/bob/.cache/mess-bench,/dev/nvme0n1p3,ext4,/home,Samsung SSD 970 EVO Plus 2TB,[none] mq-deadline kyber bfq,249456930816,4096,1024,payload[i]=(i*131+17)&0xff,2.3037109375,accepted,,1024,1024,0,1,bytes,10240,10240,42319872,16,0,0,64,0,0,8612612,8690414,8690104,8690104,8690104,2.300,2.300
e000766,exploratory,pwritev_64_8m,baseline,1,2,BAAB,k_pwrite,process,4096,10,1024,4,domain,synthetic_sweep,1,54215100a825da9eb7cfbd8f045e54ef05fb29bd,false,1b36f48efea63210dfeeee7270dea968ab5ba58da27f90aa42845eb8a64a6649,12b1dafe765a77d1a17115b0ae12cff973f20ed7d6d770fbd790695fe081288e,0e4833553be7825885da5ea99bceab292cc8abee6414d58b31864afe8ca9f944,c89b17de3d4d36a4e106517b0737619bd65f0e2877d95adbf2f297762f71fb7b,6e938dfcd266a2b0eac811d7ea7eabbd5b217965f88efa81371465134dbcab11,2026-07-15T18:55:19.679739+00:00,8o8-arch,7.0.12-arch1-1,AMD Ryzen 9 3900X 12-Core Processor,"logical=24,cores=12,sockets=1,nodes=1",performance,rustc 1.97.0 (2d8144b78 2026-07-07),22.1.6,cargo 1.97.0 (c980f4866 2026-06-30),"release,lto=thin,debug=true",/home/bob/.cache/mess-bench,/dev/nvme0n1p3,ext4,/home,Samsung SSD 970 EVO Plus 2TB,[none] mq-deadline kyber bfq,249456926720,4096,1024,payload[i]=(i*131+17)&0xff,2.3037109375,accepted,,1024,1024,0,1,bytes,10240,10240,42319872,1024,0,0,0,0,0,11110853,11546462,11546172,11546172,11546172,2.300,2.300
e000767,exploratory,pwritev_64_8m,baseline,1,3,BAAB,k_pwrite,process,4096,10,1024,4,domain,synthetic_sweep,1,54215100a825da9eb7cfbd8f045e54ef05fb29bd,false,1b36f48efea63210dfeeee7270dea968ab5ba58da27f90aa42845eb8a64a6649,12b1dafe765a77d1a17115b0ae12cff973f20ed7d6d770fbd790695fe081288e,0e4833553be7825885da5ea99bceab292cc8abee6414d58b31864afe8ca9f944,c89b17de3d4d36a4e106517b0737619bd65f0e2877d95adbf2f297762f71fb7b,6e938dfcd266a2b0eac811d7ea7eabbd5b217965f88efa81371465134dbcab11,2026-07-15T18:55:20.706446+00:00,8o8-arch,7.0.12-arch1-1,AMD Ryzen 9 3900X 12-Core Processor,"logical=24,cores=12,sockets=1,nodes=1",performance,rustc 1.97.0 (2d8144b78 2026-07-07),22.1.6,cargo 1.97.0 (c980f4866 2026-06-30),"release,lto=thin,debug=true",/home/bob/.cache/mess-bench,/dev/nvme0n1p3,ext4,/home,Samsung SSD 970 EVO Plus 2TB,[none] mq-deadline kyber bfq,249456926720,4096,1024,payload[i]=(i*131+17)&0xff,2.3037109375,accepted,,1024,1024,0,1,bytes,10240,10240,42319872,1024,0,0,0,0,0,7702992,7751464,7751184,7751184,7751184,2.300,2.300
e000768,exploratory,pwritev_64_8m,candidate,1,4,BAAB,pwritev_64_8m,process,4096,10,1024,4,domain,synthetic_sweep,1,54215100a825da9eb7cfbd8f045e54ef05fb29bd,false,1b36f48efea63210dfeeee7270dea968ab5ba58da27f90aa42845eb8a64a6649,12b1dafe765a77d1a17115b0ae12cff973f20ed7d6d770fbd790695fe081288e,0e4833553be7825885da5ea99bceab292cc8abee6414d58b31864afe8ca9f944,c89b17de3d4d36a4e106517b0737619bd65f0e2877d95adbf2f297762f71fb7b,6e938dfcd266a2b0eac811d7ea7eabbd5b217965f88efa81371465134dbcab11,2026-07-15T18:55:21.740604+00:00,8o8-arch,7.0.12-arch1-1,AMD Ryzen 9 3900X 12-Core Processor,"logical=24,cores=12,sockets=1,nodes=1",performance,rustc 1.97.0 (2d8144b78 2026-07-07),22.1.6,cargo 1.97.0 (c980f4866 2026-06-30),"release,lto=thin,debug=true",/home/bob/.cache/mess-bench,/dev/nvme0n1p3,ext4,/home,Samsung SSD 970 EVO Plus 2TB,[none] mq-deadline kyber bfq,249456922624,4096,1024,payload[i]=(i*131+17)&0xff,3.16064453125,accepted,,1024,1024,0,1,bytes,10240,10240,42319872,16,0,0,64,0,0,4852721,4891457,4891037,4891037,4891037,3.160,3.160
e000769,exploratory,pwritev_full_8m,baseline,1,1,ABBA,k_pwrite,process,4096,10,1024,4,new_name,synthetic_sweep,1,54215100a825da9eb7cfbd8f045e54ef05fb29bd,false,1b36f48efea63210dfeeee7270dea968ab5ba58da27f90aa42845eb8a64a6649,12b1dafe765a77d1a17115b0ae12cff973f20ed7d6d770fbd790695fe081288e,0e4833553be7825885da5ea99bceab292cc8abee6414d58b31864afe8ca9f944,c89b17de3d4d36a4e106517b0737619bd65f0e2877d95adbf2f297762f71fb7b,6e938dfcd266a2b0eac811d7ea7eabbd5b217965f88efa81371465134dbcab11,2026-07-15T18:55:22.764605+00:00,8o8-arch,7.0.12-arch1-1,AMD Ryzen 9 3900X 12-Core Processor,"logical=24,cores=12,sockets=1,nodes=1",performance,rustc 1.97.0 (2d8144b78 2026-07-07),22.1.6,cargo 1.97.0 (c980f4866 2026-06-30),"release,lto=thin,debug=true",/home/bob/.cache/mess-bench,/dev/nvme0n1p3,ext4,/home,Samsung SSD 970 EVO Plus 2TB,[none] mq-deadline kyber bfq,249456922624,4096,1024,payload[i]=(i*131+17)&0xff,3.16064453125,accepted,,1024,2048,0,1,bytes,11264,10240,42463232,2048,0,0,0,0,0,8975003,9078784,9078414,9078414,9078414,3.160,3.160
e000770,exploratory,pwritev_full_8m,candidate,1,2,ABBA,pwritev_full_8m,process,4096,10,1024,4,new_name,synthetic_sweep,1,54215100a825da9eb7cfbd8f045e54ef05fb29bd,false,1b36f48efea63210dfeeee7270dea968ab5ba58da27f90aa42845eb8a64a6649,12b1dafe765a77d1a17115b0ae12cff973f20ed7d6d770fbd790695fe081288e,0e4833553be7825885da5ea99bceab292cc8abee6414d58b31864afe8ca9f944,c89b17de3d4d36a4e106517b0737619bd65f0e2877d95adbf2f297762f71fb7b,6e938dfcd266a2b0eac811d7ea7eabbd5b217965f88efa81371465134dbcab11,2026-07-15T18:55:23.794114+00:00,8o8-arch,7.0.12-arch1-1,AMD Ryzen 9 3900X 12-Core Processor,"logical=24,cores=12,sockets=1,nodes=1",performance,rustc 1.97.0 (2d8144b78 2026-07-07),22.1.6,cargo 1.97.0 (c980f4866 2026-06-30),"release,lto=thin,debug=true",/home/bob/.cache/mess-bench,/dev/nvme0n1p3,ext4,/home,Samsung SSD 970 EVO Plus 2TB,[none] mq-deadline kyber bfq,249456918528,4096,1024,payload[i]=(i*131+17)&0xff,3.16064453125,accepted,,1024,2048,0,1,bytes,11264,10240,42463232,6,0,0,407,0,0,4912411,4991137,4990947,4990947,4990947,3.160,3.160
e000771,exploratory,pwritev_full_8m,candidate,1,3,ABBA,pwritev_full_8m,process,4096,10,1024,4,new_name,synthetic_sweep,1,54215100a825da9eb7cfbd8f045e54ef05fb29bd,false,1b36f48efea63210dfeeee7270dea968ab5ba58da27f90aa42845eb8a64a6649,12b1dafe765a77d1a17115b0ae12cff973f20ed7d6d770fbd790695fe081288e,0e4833553be7825885da5ea99bceab292cc8abee6414d58b31864afe8ca9f944,c89b17de3d4d36a4e106517b0737619bd65f0e2877d95adbf2f297762f71fb7b,6e938dfcd266a2b0eac811d7ea7eabbd5b217965f88efa81371465134dbcab11,2026-07-15T18:55:24.817564+00:00,8o8-arch,7.0.12-arch1-1,AMD Ryzen 9 3900X 12-Core Processor,"logical=24,cores=12,sockets=1,nodes=1",performance,rustc 1.97.0 (2d8144b78 2026-07-07),22.1.6,cargo 1.97.0 (c980f4866 2026-06-30),"release,lto=thin,debug=true",/home/bob/.cache/mess-bench,/dev/nvme0n1p3,ext4,/home,Samsung SSD 970 EVO Plus 2TB,[none] mq-deadline kyber bfq,249456914432,4096,1024,payload[i]=(i*131+17)&0xff,3.16064453125,accepted,,1024,2048,0,1,bytes,11264,10240,42463232,6,0,0,407,0,0,5343702,5386576,5386136,5386136,5386136,3.160,3.160
e000772,exploratory,pwritev_full_8m,baseline,1,4,ABBA,k_pwrite,process,4096,10,1024,4,new_name,synthetic_sweep,1,54215100a825da9eb7cfbd8f045e54ef05fb29bd,false,1b36f48efea63210dfeeee7270dea968ab5ba58da27f90aa42845eb8a64a6649,12b1dafe765a77d1a17115b0ae12cff973f20ed7d6d770fbd790695fe081288e,0e4833553be7825885da5ea99bceab292cc8abee6414d58b31864afe8ca9f944,c89b17de3d4d36a4e106517b0737619bd65f0e2877d95adbf2f297762f71fb7b,6e938dfcd266a2b0eac811d7ea7eabbd5b217965f88efa81371465134dbcab11,2026-07-15T18:55:25.845782+00:00,8o8-arch,7.0.12-arch1-1,AMD Ryzen 9 3900X 12-Core Processor,"logical=24,cores=12,sockets=1,nodes=1",performance,rustc 1.97.0 (2d8144b78 2026-07-07),22.1.6,cargo 1.97.0 (c980f4866 2026-06-30),"release,lto=thin,debug=true",/home/bob/.cache/mess-bench,/dev/nvme0n1p3,ext4,/home,Samsung SSD 970 EVO Plus 2TB,[none] mq-deadline kyber bfq,249456910336,4096,1024,payload[i]=(i*131+17)&0xff,3.16064453125,accepted,,1024,2048,0,1,bytes,11264,10240,42463232,2048,0,0,0,0,0,11544012,11658751,11658061,11658061,11658061,3.230,3.230
e000773,exploratory,pwritev_256_8m,candidate,1,1,BAAB,pwritev_256_8m,process,4096,10,1024,4,new_name,synthetic_sweep,1,54215100a825da9eb7cfbd8f045e54ef05fb29bd,false,1b36f48efea63210dfeeee7270dea968ab5ba58da27f90aa42845eb8a64a6649,12b1dafe765a77d1a17115b0ae12cff973f20ed7d6d770fbd790695fe081288e,0e4833553be7825885da5ea99bceab292cc8abee6414d58b31864afe8ca9f944,c89b17de3d4d36a4e106517b0737619bd65f0e2877d95adbf2f297762f71fb7b,6e938dfcd266a2b0eac811d7ea7eabbd5b217965f88efa81371465134dbcab11,2026-07-15T18:55:26.873952+00:00,8o8-arch,7.0.12-arch1-1,AMD Ryzen 9 3900X 12-Core Processor,"logical=24,cores=12,sockets=1,nodes=1",performance,rustc 1.97.0 (2d8144b78 2026-07-07),22.1.6,cargo 1.97.0 (c980f4866 2026-06-30),"release,lto=thin,debug=true",/home/bob/.cache/mess-bench,/dev/nvme0n1p3,ext4,/home,Samsung SSD 970 EVO Plus 2TB,[none] mq-deadline kyber bfq,249456902144,4096,1024,payload[i]=(i*131+17)&0xff,3.22802734375,accepted,,1024,2048,0,1,bytes,11264,10240,42463232,8,0,0,256,0,0,5312562,5363056,5362696,5362696,5362696,3.230,3.230
e000774,exploratory,pwritev_256_8m,baseline,1,2,BAAB,k_pwrite,process,4096,10,1024,4,new_name,synthetic_sweep,1,54215100a825da9eb7cfbd8f045e54ef05fb29bd,false,1b36f48efea63210dfeeee7270dea968ab5ba58da27f90aa42845eb8a64a6649,12b1dafe765a77d1a17115b0ae12cff973f20ed7d6d770fbd790695fe081288e,0e4833553be7825885da5ea99bceab292cc8abee6414d58b31864afe8ca9f944,c89b17de3d4d36a4e106517b0737619bd65f0e2877d95adbf2f297762f71fb7b,6e938dfcd266a2b0eac811d7ea7eabbd5b217965f88efa81371465134dbcab11,2026-07-15T18:55:27.897207+00:00,8o8-arch,7.0.12-arch1-1,AMD Ryzen 9 3900X 12-Core Processor,"logical=24,cores=12,sockets=1,nodes=1",performance,rustc 1.97.0 (2d8144b78 2026-07-07),22.1.6,cargo 1.97.0 (c980f4866 2026-06-30),"release,lto=thin,debug=true",/home/bob/.cache/mess-bench,/dev/nvme0n1p3,ext4,/home,Samsung SSD 970 EVO Plus 2TB,[none] mq-deadline kyber bfq,249456898048,4096,1024,payload[i]=(i*131+17)&0xff,3.22802734375,accepted,,1024,2048,0,1,bytes,11264,10240,42463232,2048,0,0,0,0,0,8279872,8360075,8359695,8359695,8359695,3.230,3.230
e000775,exploratory,pwritev_256_8m,baseline,1,3,BAAB,k_pwrite,process,4096,10,1024,4,new_name,synthetic_sweep,1,54215100a825da9eb7cfbd8f045e54ef05fb29bd,false,1b36f48efea63210dfeeee7270dea968ab5ba58da27f90aa42845eb8a64a6649,12b1dafe765a77d1a17115b0ae12cff973f20ed7d6d770fbd790695fe081288e,0e4833553be7825885da5ea99bceab292cc8abee6414d58b31864afe8ca9f944,c89b17de3d4d36a4e106517b0737619bd65f0e2877d95adbf2f297762f71fb7b,6e938dfcd266a2b0eac811d7ea7eabbd5b217965f88efa81371465134dbcab11,2026-07-15T18:55:28.922799+00:00,8o8-arch,7.0.12-arch1-1,AMD Ryzen 9 3900X 12-Core Processor,"logical=24,cores=12,sockets=1,nodes=1",performance,rustc 1.97.0 (2d8144b78 2026-07-07),22.1.6,cargo 1.97.0 (c980f4866 2026-06-30),"release,lto=thin,debug=true",/home/bob/.cache/mess-bench,/dev/nvme0n1p3,ext4,/home,Samsung SSD 970 EVO Plus 2TB,[none] mq-deadline kyber bfq,249456893952,4096,1024,payload[i]=(i*131+17)&0xff,3.22802734375,accepted,,1024,2048,0,1,bytes,11264,10240,42463232,2048,0,0,0,0,0,10888751,11918802,11918252,11918252,11918252,3.230,3.230
e000776,exploratory,pwritev_256_8m,candidate,1,4,BAAB,pwritev_256_8m,process,4096,10,1024,4,new_name,synthetic_sweep,1,54215100a825da9eb7cfbd8f045e54ef05fb29bd,false,1b36f48efea63210dfeeee7270dea968ab5ba58da27f90aa42845eb8a64a6649,12b1dafe765a77d1a17115b0ae12cff973f20ed7d6d770fbd790695fe081288e,0e4833553be7825885da5ea99bceab292cc8abee6414d58b31864afe8ca9f944,c89b17de3d4d36a4e106517b0737619bd65f0e2877d95adbf2f297762f71fb7b,6e938dfcd266a2b0eac811d7ea7eabbd5b217965f88efa81371465134dbcab11,2026-07-15T18:55:29.945604+00:00,8o8-arch,7.0.12-arch1-1,AMD Ryzen 9 3900X 12-Core Processor,"logical=24,cores=12,sockets=1,nodes=1",performance,rustc 1.97.0 (2d8144b78 2026-07-07),22.1.6,cargo 1.97.0 (c980f4866 2026-06-30),"release,lto=thin,debug=true",/home/bob/.cache/mess-bench,/dev/nvme0n1p3,ext4,/home,Samsung SSD 970 EVO Plus 2TB,[none] mq-deadline kyber bfq,249456885760,4096,1024,payload[i]=(i*131+17)&0xff,3.22802734375,accepted,,1024,2048,0,1,bytes,11264,10240,42463232,8,0,0,256,0,0,4828272,4879676,4879416,4879416,4879416,3.230,3.230
e000777,exploratory,pwritev_64_8m,baseline,1,1,ABBA,k_pwrite,process,4096,10,1024,4,new_name,synthetic_sweep,1,54215100a825da9eb7cfbd8f045e54ef05fb29bd,false,1b36f48efea63210dfeeee7270dea968ab5ba58da27f90aa42845eb8a64a6649,12b1dafe765a77d1a17115b0ae12cff973f20ed7d6d770fbd790695fe081288e,0e4833553be7825885da5ea99bceab292cc8abee6414d58b31864afe8ca9f944,c89b17de3d4d36a4e106517b0737619bd65f0e2877d95adbf2f297762f71fb7b,6e938dfcd266a2b0eac811d7ea7eabbd5b217965f88efa81371465134dbcab11,2026-07-15T18:55:30.968027+00:00,8o8-arch,7.0.12-arch1-1,AMD Ryzen 9 3900X 12-Core Processor,"logical=24,cores=12,sockets=1,nodes=1",performance,rustc 1.97.0 (2d8144b78 2026-07-07),22.1.6,cargo 1.97.0 (c980f4866 2026-06-30),"release,lto=thin,debug=true",/home/bob/.cache/mess-bench,/dev/nvme0n1p3,ext4,/home,Samsung SSD 970 EVO Plus 2TB,[none] mq-deadline kyber bfq,249456885760,4096,1024,payload[i]=(i*131+17)&0xff,3.22802734375,accepted,,1024,2048,0,1,bytes,11264,10240,42463232,2048,0,0,0,0,0,13580444,13693420,13692970,13692970,13692970,4.890,4.890
e000778,exploratory,pwritev_64_8m,candidate,1,2,ABBA,pwritev_64_8m,process,4096,10,1024,4,new_name,synthetic_sweep,1,54215100a825da9eb7cfbd8f045e54ef05fb29bd,false,1b36f48efea63210dfeeee7270dea968ab5ba58da27f90aa42845eb8a64a6649,12b1dafe765a77d1a17115b0ae12cff973f20ed7d6d770fbd790695fe081288e,0e4833553be7825885da5ea99bceab292cc8abee6414d58b31864afe8ca9f944,c89b17de3d4d36a4e106517b0737619bd65f0e2877d95adbf2f297762f71fb7b,6e938dfcd266a2b0eac811d7ea7eabbd5b217965f88efa81371465134dbcab11,2026-07-15T18:55:31.999460+00:00,8o8-arch,7.0.12-arch1-1,AMD Ryzen 9 3900X 12-Core Processor,"logical=24,cores=12,sockets=1,nodes=1",performance,rustc 1.97.0 (2d8144b78 2026-07-07),22.1.6,cargo 1.97.0 (c980f4866 2026-06-30),"release,lto=thin,debug=true",/home/bob/.cache/mess-bench,/dev/nvme0n1p3,ext4,/home,Samsung SSD 970 EVO Plus 2TB,[none] mq-deadline kyber bfq,249456881664,4096,1024,payload[i]=(i*131+17)&0xff,4.8916015625,accepted,,1024,2048,0,1,bytes,11264,10240,42463232,32,0,0,64,0,0,5254331,5286716,5286376,5286376,5286376,4.890,4.890
e000779,exploratory,pwritev_64_8m,candidate,1,3,ABBA,pwritev_64_8m,process,4096,10,1024,4,new_name,synthetic_sweep,1,54215100a825da9eb7cfbd8f045e54ef05fb29bd,false,1b36f48efea63210dfeeee7270dea968ab5ba58da27f90aa42845eb8a64a6649,12b1dafe765a77d1a17115b0ae12cff973f20ed7d6d770fbd790695fe081288e,0e4833553be7825885da5ea99bceab292cc8abee6414d58b31864afe8ca9f944,c89b17de3d4d36a4e106517b0737619bd65f0e2877d95adbf2f297762f71fb7b,6e938dfcd266a2b0eac811d7ea7eabbd5b217965f88efa81371465134dbcab11,2026-07-15T18:55:33.025367+00:00,8o8-arch,7.0.12-arch1-1,AMD Ryzen 9 3900X 12-Core Processor,"logical=24,cores=12,sockets=1,nodes=1",performance,rustc 1.97.0 (2d8144b78 2026-07-07),22.1.6,cargo 1.97.0 (c980f4866 2026-06-30),"release,lto=thin,debug=true",/home/bob/.cache/mess-bench,/dev/nvme0n1p3,ext4,/home,Samsung SSD 970 EVO Plus 2TB,[none] mq-deadline kyber bfq,249456881664,4096,1024,payload[i]=(i*131+17)&0xff,4.8916015625,accepted,,1024,2048,0,1,bytes,11264,10240,42463232,32,0,0,64,0,0,5429531,5484886,5484386,5484386,5484386,4.890,4.890
e000780,exploratory,pwritev_64_8m,baseline,1,4,ABBA,k_pwrite,process,4096,10,1024,4,new_name,synthetic_sweep,1,54215100a825da9eb7cfbd8f045e54ef05fb29bd,false,1b36f48efea63210dfeeee7270dea968ab5ba58da27f90aa42845eb8a64a6649,12b1dafe765a77d1a17115b0ae12cff973f20ed7d6d770fbd790695fe081288e,0e4833553be7825885da5ea99bceab292cc8abee6414d58b31864afe8ca9f944,c89b17de3d4d36a4e106517b0737619bd65f0e2877d95adbf2f297762f71fb7b,6e938dfcd266a2b0eac811d7ea7eabbd5b217965f88efa81371465134dbcab11,2026-07-15T18:55:34.053462+00:00,8o8-arch,7.0.12-arch1-1,AMD Ryzen 9 3900X 12-Core Processor,"logical=24,cores=12,sockets=1,nodes=1",performance,rustc 1.97.0 (2d8144b78 2026-07-07),22.1.6,cargo 1.97.0 (c980f4866 2026-06-30),"release,lto=thin,debug=true",/home/bob/.cache/mess-bench,/dev/nvme0n1p3,ext4,/home,Samsung SSD 970 EVO Plus 2TB,[none] mq-deadline kyber bfq,249456877568,4096,1024,payload[i]=(i*131+17)&0xff,4.8916015625,accepted,,1024,2048,0,1,bytes,11264,10240,42463232,2048,0,0,0,0,0,11991393,12074772,12074412,12074412,12074412,4.890,4.890
e000781,exploratory,pwritev_full_8m,candidate,1,1,BAAB,pwritev_full_8m,process,4096,10,1025,4,domain,synthetic_sweep,1,54215100a825da9eb7cfbd8f045e54ef05fb29bd,false,1b36f48efea63210dfeeee7270dea968ab5ba58da27f90aa42845eb8a64a6649,12b1dafe765a77d1a17115b0ae12cff973f20ed7d6d770fbd790695fe081288e,0e4833553be7825885da5ea99bceab292cc8abee6414d58b31864afe8ca9f944,c89b17de3d4d36a4e106517b0737619bd65f0e2877d95adbf2f297762f71fb7b,6e938dfcd266a2b0eac811d7ea7eabbd5b217965f88efa81371465134dbcab11,2026-07-15T18:55:35.075674+00:00,8o8-arch,7.0.12-arch1-1,AMD Ryzen 9 3900X 12-Core Processor,"logical=24,cores=12,sockets=1,nodes=1",performance,rustc 1.97.0 (2d8144b78 2026-07-07),22.1.6,cargo 1.97.0 (c980f4866 2026-06-30),"release,lto=thin,debug=true",/home/bob/.cache/mess-bench,/dev/nvme0n1p3,ext4,/home,Samsung SSD 970 EVO Plus 2TB,[none] mq-deadline kyber bfq,249456869376,4096,1024,payload[i]=(i*131+17)&0xff,4.8916015625,accepted,,1025,1025,0,1,bytes,10250,10250,42361200,6,0,0,204,0,0,4836911,4887166,4886986,4886986,4886986,4.890,4.890
e000782,exploratory,pwritev_full_8m,baseline,1,2,BAAB,k_pwrite,process,4096,10,1025,4,domain,synthetic_sweep,1,54215100a825da9eb7cfbd8f045e54ef05fb29bd,false,1b36f48efea63210dfeeee7270dea968ab5ba58da27f90aa42845eb8a64a6649,12b1dafe765a77d1a17115b0ae12cff973f20ed7d6d770fbd790695fe081288e,0e4833553be7825885da5ea99bceab292cc8abee6414d58b31864afe8ca9f944,c89b17de3d4d36a4e106517b0737619bd65f0e2877d95adbf2f297762f71fb7b,6e938dfcd266a2b0eac811d7ea7eabbd5b217965f88efa81371465134dbcab11,2026-07-15T18:55:36.107918+00:00,8o8-arch,7.0.12-arch1-1,AMD Ryzen 9 3900X 12-Core Processor,"logical=24,cores=12,sockets=1,nodes=1",performance,rustc 1.97.0 (2d8144b78 2026-07-07),22.1.6,cargo 1.97.0 (c980f4866 2026-06-30),"release,lto=thin,debug=true",/home/bob/.cache/mess-bench,/dev/nvme0n1p3,ext4,/home,Samsung SSD 970 EVO Plus 2TB,[none] mq-deadline kyber bfq,249456869376,4096,1024,payload[i]=(i*131+17)&0xff,5.060546875,accepted,,1025,1025,0,1,bytes,10250,10250,42361200,1025,0,0,0,0,0,7421701,7487724,7487444,7487444,7487444,5.060,5.060
e000783,exploratory,pwritev_full_8m,baseline,1,3,BAAB,k_pwrite,process,4096,10,1025,4,domain,synthetic_sweep,1,54215100a825da9eb7cfbd8f045e54ef05fb29bd,false,1b36f48efea63210dfeeee7270dea968ab5ba58da27f90aa42845eb8a64a6649,12b1dafe765a77d1a17115b0ae12cff973f20ed7d6d770fbd790695fe081288e,0e4833553be7825885da5ea99bceab292cc8abee6414d58b31864afe8ca9f944,c89b17de3d4d36a4e106517b0737619bd65f0e2877d95adbf2f297762f71fb7b,6e938dfcd266a2b0eac811d7ea7eabbd5b217965f88efa81371465134dbcab11,2026-07-15T18:55:37.138970+00:00,8o8-arch,7.0.12-arch1-1,AMD Ryzen 9 3900X 12-Core Processor,"logical=24,cores=12,sockets=1,nodes=1",performance,rustc 1.97.0 (2d8144b78 2026-07-07),22.1.6,cargo 1.97.0 (c980f4866 2026-06-30),"release,lto=thin,debug=true",/home/bob/.cache/mess-bench,/dev/nvme0n1p3,ext4,/home,Samsung SSD 970 EVO Plus 2TB,[none] mq-deadline kyber bfq,249456869376,4096,1024,payload[i]=(i*131+17)&0xff,5.060546875,accepted,,1025,1025,0,1,bytes,10250,10250,42361200,1025,0,0,0,0,0,7461022,7545404,7545224,7545224,7545224,5.060,5.060
e000784,exploratory,pwritev_full_8m,candidate,1,4,BAAB,pwritev_full_8m,process,4096,10,1025,4,domain,synthetic_sweep,1,54215100a825da9eb7cfbd8f045e54ef05fb29bd,false,1b36f48efea63210dfeeee7270dea968ab5ba58da27f90aa42845eb8a64a6649,12b1dafe765a77d1a17115b0ae12cff973f20ed7d6d770fbd790695fe081288e,0e4833553be7825885da5ea99bceab292cc8abee6414d58b31864afe8ca9f944,c89b17de3d4d36a4e106517b0737619bd65f0e2877d95adbf2f297762f71fb7b,6e938dfcd266a2b0eac811d7ea7eabbd5b217965f88efa81371465134dbcab11,2026-07-15T18:55:38.163919+00:00,8o8-arch,7.0.12-arch1-1,AMD Ryzen 9 3900X 12-Core Processor,"logical=24,cores=12,sockets=1,nodes=1",performance,rustc 1.97.0 (2d8144b78 2026-07-07),22.1.6,cargo 1.97.0 (c980f4866 2026-06-30),"release,lto=thin,debug=true",/home/bob/.cache/mess-bench,/dev/nvme0n1p3,ext4,/home,Samsung SSD 970 EVO Plus 2TB,[none] mq-deadline kyber bfq,249456857088,4096,1024,payload[i]=(i*131+17)&0xff,5.060546875,accepted,,1025,1025,0,1,bytes,10250,10250,42361200,6,0,0,204,0,0,5276391,5343947,5343527,5343527,5343527,5.060,5.060
e000785,exploratory,pwritev_64_8m,baseline,1,1,ABBA,k_pwrite,process,4096,10,1025,4,domain,synthetic_sweep,1,54215100a825da9eb7cfbd8f045e54ef05fb29bd,false,1b36f48efea63210dfeeee7270dea968ab5ba58da27f90aa42845eb8a64a6649,12b1dafe765a77d1a17115b0ae12cff973f20ed7d6d770fbd790695fe081288e,0e4833553be7825885da5ea99bceab292cc8abee6414d58b31864afe8ca9f944,c89b17de3d4d36a4e106517b0737619bd65f0e2877d95adbf2f297762f71fb7b,6e938dfcd266a2b0eac811d7ea7eabbd5b217965f88efa81371465134dbcab11,2026-07-15T18:55:39.191948+00:00,8o8-arch,7.0.12-arch1-1,AMD Ryzen 9 3900X 12-Core Processor,"logical=24,cores=12,sockets=1,nodes=1",performance,rustc 1.97.0 (2d8144b78 2026-07-07),22.1.6,cargo 1.97.0 (c980f4866 2026-06-30),"release,lto=thin,debug=true",/home/bob/.cache/mess-bench,/dev/nvme0n1p3,ext4,/home,Samsung SSD 970 EVO Plus 2TB,[none] mq-deadline kyber bfq,249456791552,4096,1024,payload[i]=(i*131+17)&0xff,5.060546875,accepted,,1025,1025,0,1,bytes,10250,10250,42361200,1025,0,0,0,0,0,9320093,9428933,9428743,9428743,9428743,5.060,5.060
e000786,exploratory,pwritev_64_8m,candidate,1,2,ABBA,pwritev_64_8m,process,4096,10,1025,4,domain,synthetic_sweep,1,54215100a825da9eb7cfbd8f045e54ef05fb29bd,false,1b36f48efea63210dfeeee7270dea968ab5ba58da27f90aa42845eb8a64a6649,12b1dafe765a77d1a17115b0ae12cff973f20ed7d6d770fbd790695fe081288e,0e4833553be7825885da5ea99bceab292cc8abee6414d58b31864afe8ca9f944,c89b17de3d4d36a4e106517b0737619bd65f0e2877d95adbf2f297762f71fb7b,6e938dfcd266a2b0eac811d7ea7eabbd5b217965f88efa81371465134dbcab11,2026-07-15T18:55:40.220226+00:00,8o8-arch,7.0.12-arch1-1,AMD Ryzen 9 3900X 12-Core Processor,"logical=24,cores=12,sockets=1,nodes=1",performance,rustc 1.97.0 (2d8144b78 2026-07-07),22.1.6,cargo 1.97.0 (c980f4866 2026-06-30),"release,lto=thin,debug=true",/home/bob/.cache/mess-bench,/dev/nvme0n1p3,ext4,/home,Samsung SSD 970 EVO Plus 2TB,[none] mq-deadline kyber bfq,249456779264,4096,1024,payload[i]=(i*131+17)&0xff,5.060546875,accepted,,1025,1025,0,1,bytes,10250,10250,42361200,17,0,0,64,0,0,5033601,5082667,5082367,5082367,5082367,5.060,5.060
e000787,exploratory,pwritev_64_8m,candidate,1,3,ABBA,pwritev_64_8m,process,4096,10,1025,4,domain,synthetic_sweep,1,54215100a825da9eb7cfbd8f045e54ef05fb29bd,false,1b36f48efea63210dfeeee7270dea968ab5ba58da27f90aa42845eb8a64a6649,12b1dafe765a77d1a17115b0ae12cff973f20ed7d6d770fbd790695fe081288e,0e4833553be7825885da5ea99bceab292cc8abee6414d58b31864afe8ca9f944,c89b17de3d4d36a4e106517b0737619bd65f0e2877d95adbf2f297762f71fb7b,6e938dfcd266a2b0eac811d7ea7eabbd5b217965f88efa81371465134dbcab11,2026-07-15T18:55:41.242118+00:00,8o8-arch,7.0.12-arch1-1,AMD Ryzen 9 3900X 12-Core Processor,"logical=24,cores=12,sockets=1,nodes=1",performance,rustc 1.97.0 (2d8144b78 2026-07-07),22.1.6,cargo 1.97.0 (c980f4866 2026-06-30),"release,lto=thin,debug=true",/home/bob/.cache/mess-bench,/dev/nvme0n1p3,ext4,/home,Samsung SSD 970 EVO Plus 2TB,[none] mq-deadline kyber bfq,249456779264,4096,1024,payload[i]=(i*131+17)&0xff,5.53662109375,accepted,,1025,1025,0,1,bytes,10250,10250,42361200,17,0,0,64,0,0,5225761,5291307,5290937,5290937,5290937,5.540,5.540
e000788,exploratory,pwritev_64_8m,baseline,1,4,ABBA,k_pwrite,process,4096,10,1025,4,domain,synthetic_sweep,1,54215100a825da9eb7cfbd8f045e54ef05fb29bd,false,1b36f48efea63210dfeeee7270dea968ab5ba58da27f90aa42845eb8a64a6649,12b1dafe765a77d1a17115b0ae12cff973f20ed7d6d770fbd790695fe081288e,0e4833553be7825885da5ea99bceab292cc8abee6414d58b31864afe8ca9f944,c89b17de3d4d36a4e106517b0737619bd65f0e2877d95adbf2f297762f71fb7b,6e938dfcd266a2b0eac811d7ea7eabbd5b217965f88efa81371465134dbcab11,2026-07-15T18:55:42.271539+00:00,8o8-arch,7.0.12-arch1-1,AMD Ryzen 9 3900X 12-Core Processor,"logical=24,cores=12,sockets=1,nodes=1",performance,rustc 1.97.0 (2d8144b78 2026-07-07),22.1.6,cargo 1.97.0 (c980f4866 2026-06-30),"release,lto=thin,debug=true",/home/bob/.cache/mess-bench,/dev/nvme0n1p3,ext4,/home,Samsung SSD 970 EVO Plus 2TB,[none] mq-deadline kyber bfq,249456775168,4096,1024,payload[i]=(i*131+17)&0xff,5.53662109375,accepted,,1025,1025,0,1,bytes,10250,10250,42361200,1025,0,0,0,0,0,7665012,7718504,7718234,7718234,7718234,5.540,5.540
e000789,exploratory,pwritev_full_8m,candidate,1,1,BAAB,pwritev_full_8m,process,4096,10,1025,4,new_name,synthetic_sweep,1,54215100a825da9eb7cfbd8f045e54ef05fb29bd,false,1b36f48efea63210dfeeee7270dea968ab5ba58da27f90aa42845eb8a64a6649,12b1dafe765a77d1a17115b0ae12cff973f20ed7d6d770fbd790695fe081288e,0e4833553be7825885da5ea99bceab292cc8abee6414d58b31864afe8ca9f944,c89b17de3d4d36a4e106517b0737619bd65f0e2877d95adbf2f297762f71fb7b,6e938dfcd266a2b0eac811d7ea7eabbd5b217965f88efa81371465134dbcab11,2026-07-15T18:55:43.302247+00:00,8o8-arch,7.0.12-arch1-1,AMD Ryzen 9 3900X 12-Core Processor,"logical=24,cores=12,sockets=1,nodes=1",performance,rustc 1.97.0 (2d8144b78 2026-07-07),22.1.6,cargo 1.97.0 (c980f4866 2026-06-30),"release,lto=thin,debug=true",/home/bob/.cache/mess-bench,/dev/nvme0n1p3,ext4,/home,Samsung SSD 970 EVO Plus 2TB,[none] mq-deadline kyber bfq,249456771072,4096,1024,payload[i]=(i*131+17)&0xff,5.53662109375,accepted,,1025,2050,0,1,bytes,11275,10250,42504700,6,0,0,407,0,0,5301771,5342846,5342236,5342236,5342236,5.540,5.540
e000790,exploratory,pwritev_full_8m,baseline,1,2,BAAB,k_pwrite,process,4096,10,1025,4,new_name,synthetic_sweep,1,54215100a825da9eb7cfbd8f045e54ef05fb29bd,false,1b36f48efea63210dfeeee7270dea968ab5ba58da27f90aa42845eb8a64a6649,12b1dafe765a77d1a17115b0ae12cff973f20ed7d6d770fbd790695fe081288e,0e4833553be7825885da5ea99bceab292cc8abee6414d58b31864afe8ca9f944,c89b17de3d4d36a4e106517b0737619bd65f0e2877d95adbf2f297762f71fb7b,6e938dfcd266a2b0eac811d7ea7eabbd5b217965f88efa81371465134dbcab11,2026-07-15T18:55:44.333617+00:00,8o8-arch,7.0.12-arch1-1,AMD Ryzen 9 3900X 12-Core Processor,"logical=24,cores=12,sockets=1,nodes=1",performance,rustc 1.97.0 (2d8144b78 2026-07-07),22.1.6,cargo 1.97.0 (c980f4866 2026-06-30),"release,lto=thin,debug=true",/home/bob/.cache/mess-bench,/dev/nvme0n1p3,ext4,/home,Samsung SSD 970 EVO Plus 2TB,[none] mq-deadline kyber bfq,249456713728,4096,1024,payload[i]=(i*131+17)&0xff,5.53662109375,accepted,,1025,2050,0,1,bytes,11275,10250,42504700,2050,0,0,0,0,0,8408863,8487493,8486823,8486823,8486823,5.540,5.540
e000791,exploratory,pwritev_full_8m,baseline,1,3,BAAB,k_pwrite,process,4096,10,1025,4,new_name,synthetic_sweep,1,54215100a825da9eb7cfbd8f045e54ef05fb29bd,false,1b36f48efea63210dfeeee7270dea968ab5ba58da27f90aa42845eb8a64a6649,12b1dafe765a77d1a17115b0ae12cff973f20ed7d6d770fbd790695fe081288e,0e4833553be7825885da5ea99bceab292cc8abee6414d58b31864afe8ca9f944,c89b17de3d4d36a4e106517b0737619bd65f0e2877d95adbf2f297762f71fb7b,6e938dfcd266a2b0eac811d7ea7eabbd5b217965f88efa81371465134dbcab11,2026-07-15T18:55:45.359761+00:00,8o8-arch,7.0.12-arch1-1,AMD Ryzen 9 3900X 12-Core Processor,"logical=24,cores=12,sockets=1,nodes=1",performance,rustc 1.97.0 (2d8144b78 2026-07-07),22.1.6,cargo 1.97.0 (c980f4866 2026-06-30),"release,lto=thin,debug=true",/home/bob/.cache/mess-bench,/dev/nvme0n1p3,ext4,/home,Samsung SSD 970 EVO Plus 2TB,[none] mq-deadline kyber bfq,249456709632,4096,1024,payload[i]=(i*131+17)&0xff,5.53662109375,accepted,,1025,2050,0,1,bytes,11275,10250,42504700,2050,0,0,0,0,0,8533362,8614644,8614214,8614214,8614214,5.540,5.540
e000792,exploratory,pwritev_full_8m,candidate,1,4,BAAB,pwritev_full_8m,process,4096,10,1025,4,new_name,synthetic_sweep,1,54215100a825da9eb7cfbd8f045e54ef05fb29bd,false,1b36f48efea63210dfeeee7270dea968ab5ba58da27f90aa42845eb8a64a6649,12b1dafe765a77d1a17115b0ae12cff973f20ed7d6d770fbd790695fe081288e,0e4833553be7825885da5ea99bceab292cc8abee6414d58b31864afe8ca9f944,c89b17de3d4d36a4e106517b0737619bd65f0e2877d95adbf2f297762f71fb7b,6e938dfcd266a2b0eac811d7ea7eabbd5b217965f88efa81371465134dbcab11,2026-07-15T18:55:46.390288+00:00,8o8-arch,7.0.12-arch1-1,AMD Ryzen 9 3900X 12-Core Processor,"logical=24,cores=12,sockets=1,nodes=1",performance,rustc 1.97.0 (2d8144b78 2026-07-07),22.1.6,cargo 1.97.0 (c980f4866 2026-06-30),"release,lto=thin,debug=true",/home/bob/.cache/mess-bench,/dev/nvme0n1p3,ext4,/home,Samsung SSD 970 EVO Plus 2TB,[none] mq-deadline kyber bfq,249456685056,4096,1024,payload[i]=(i*131+17)&0xff,5.72265625,accepted,,1025,2050,0,1,bytes,11275,10250,42504700,6,0,0,407,0,0,5266441,5309786,5309446,5309446,5309446,5.720,5.720
e000793,exploratory,pwritev_256_8m,baseline,1,1,ABBA,k_pwrite,process,4096,10,1025,4,new_name,synthetic_sweep,1,54215100a825da9eb7cfbd8f045e54ef05fb29bd,false,1b36f48efea63210dfeeee7270dea968ab5ba58da27f90aa42845eb8a64a6649,12b1dafe765a77d1a17115b0ae12cff973f20ed7d6d770fbd790695fe081288e,0e4833553be7825885da5ea99bceab292cc8abee6414d58b31864afe8ca9f944,c89b17de3d4d36a4e106517b0737619bd65f0e2877d95adbf2f297762f71fb7b,6e938dfcd266a2b0eac811d7ea7eabbd5b217965f88efa81371465134dbcab11,2026-07-15T18:55:53.418963+00:00,8o8-arch,7.0.12-arch1-1,AMD Ryzen 9 3900X 12-Core Processor,"logical=24,cores=12,sockets=1,nodes=1",performance,rustc 1.97.0 (2d8144b78 2026-07-07),22.1.6,cargo 1.97.0 (c980f4866 2026-06-30),"release,lto=thin,debug=true",/home/bob/.cache/mess-bench,/dev/nvme0n1p3,ext4,/home,Samsung SSD 970 EVO Plus 2TB,[none] mq-deadline kyber bfq,249456676864,4096,1024,payload[i]=(i*131+17)&0xff,5.72265625,accepted,,1025,2050,0,1,bytes,11275,10250,42504700,2050,0,0,0,0,0,8590042,8662473,8662123,8662123,8662123,5.720,5.720
e000794,exploratory,pwritev_256_8m,candidate,1,2,ABBA,pwritev_256_8m,process,4096,10,1025,4,new_name,synthetic_sweep,1,54215100a825da9eb7cfbd8f045e54ef05fb29bd,false,1b36f48efea63210dfeeee7270dea968ab5ba58da27f90aa42845eb8a64a6649,12b1dafe765a77d1a17115b0ae12cff973f20ed7d6d770fbd790695fe081288e,0e4833553be7825885da5ea99bceab292cc8abee6414d58b31864afe8ca9f944,c89b17de3d4d36a4e106517b0737619bd65f0e2877d95adbf2f297762f71fb7b,6e938dfcd266a2b0eac811d7ea7eabbd5b217965f88efa81371465134dbcab11,2026-07-15T18:55:54.456995+00:00,8o8-arch,7.0.12-arch1-1,AMD Ryzen 9 3900X 12-Core Processor,"logical=24,cores=12,sockets=1,nodes=1",performance,rustc 1.97.0 (2d8144b78 2026-07-07),22.1.6,cargo 1.97.0 (c980f4866 2026-06-30),"release,lto=thin,debug=true",/home/bob/.cache/mess-bench,/dev/nvme0n1p3,ext4,/home,Samsung SSD 970 EVO Plus 2TB,[none] mq-deadline kyber bfq,249456668672,4096,1024,payload[i]=(i*131+17)&0xff,5.72265625,accepted,,1025,2050,0,1,bytes,11275,10250,42504700,9,0,0,256,0,0,5902272,5951996,5951586,5951586,5951586,5.720,5.720
e000795,exploratory,pwritev_256_8m,candidate,1,3,ABBA,pwritev_256_8m,process,4096,10,1025,4,new_name,synthetic_sweep,1,54215100a825da9eb7cfbd8f045e54ef05fb29bd,false,1b36f48efea63210dfeeee7270dea968ab5ba58da27f90aa42845eb8a64a6649,12b1dafe765a77d1a17115b0ae12cff973f20ed7d6d770fbd790695fe081288e,0e4833553be7825885da5ea99bceab292cc8abee6414d58b31864afe8ca9f944,c89b17de3d4d36a4e106517b0737619bd65f0e2877d95adbf2f297762f71fb7b,6e938dfcd266a2b0eac811d7ea7eabbd5b217965f88efa81371465134dbcab11,2026-07-15T18:55:55.482320+00:00,8o8-arch,7.0.12-arch1-1,AMD Ryzen 9 3900X 12-Core Processor,"logical=24,cores=12,sockets=1,nodes=1",performance,rustc 1.97.0 (2d8144b78 2026-07-07),22.1.6,cargo 1.97.0 (c980f4866 2026-06-30),"release,lto=thin,debug=true",/home/bob/.cache/mess-bench,/dev/nvme0n1p3,ext4,/home,Samsung SSD 970 EVO Plus 2TB,[none] mq-deadline kyber bfq,249456672768,4096,1024,payload[i]=(i*131+17)&0xff,5.72265625,accepted,,1025,2050,0,1,bytes,11275,10250,42504700,9,0,0,256,0,0,4944212,4978927,4978637,4978637,4978637,5.720,5.720
e000796,exploratory,pwritev_256_8m,baseline,1,4,ABBA,k_pwrite,process,4096,10,1025,4,new_name,synthetic_sweep,1,54215100a825da9eb7cfbd8f045e54ef05fb29bd,false,1b36f48efea63210dfeeee7270dea968ab5ba58da27f90aa42845eb8a64a6649,12b1dafe765a77d1a17115b0ae12cff973f20ed7d6d770fbd790695fe081288e,0e4833553be7825885da5ea99bceab292cc8abee6414d58b31864afe8ca9f944,c89b17de3d4d36a4e106517b0737619bd65f0e2877d95adbf2f297762f71fb7b,6e938dfcd266a2b0eac811d7ea7eabbd5b217965f88efa81371465134dbcab11,2026-07-15T18:55:56.513452+00:00,8o8-arch,7.0.12-arch1-1,AMD Ryzen 9 3900X 12-Core Processor,"logical=24,cores=12,sockets=1,nodes=1",performance,rustc 1.97.0 (2d8144b78 2026-07-07),22.1.6,cargo 1.97.0 (c980f4866 2026-06-30),"release,lto=thin,debug=true",/home/bob/.cache/mess-bench,/dev/nvme0n1p3,ext4,/home,Samsung SSD 970 EVO Plus 2TB,[none] mq-deadline kyber bfq,249456668672,4096,1024,payload[i]=(i*131+17)&0xff,5.42431640625,accepted,,1025,2050,0,1,bytes,11275,10250,42504700,2050,0,0,0,0,0,8412552,8474634,8474274,8474274,8474274,5.420,5.420
e000797,exploratory,pwritev_64_8m,candidate,1,1,BAAB,pwritev_64_8m,process,4096,10,1025,4,new_name,synthetic_sweep,1,54215100a825da9eb7cfbd8f045e54ef05fb29bd,false,1b36f48efea63210dfeeee7270dea968ab5ba58da27f90aa42845eb8a64a6649,12b1dafe765a77d1a17115b0ae12cff973f20ed7d6d770fbd790695fe081288e,0e4833553be7825885da5ea99bceab292cc8abee6414d58b31864afe8ca9f944,c89b17de3d4d36a4e106517b0737619bd65f0e2877d95adbf2f297762f71fb7b,6e938dfcd266a2b0eac811d7ea7eabbd5b217965f88efa81371465134dbcab11,2026-07-15T18:55:57.541100+00:00,8o8-arch,7.0.12-arch1-1,AMD Ryzen 9 3900X 12-Core Processor,"logical=24,cores=12,sockets=1,nodes=1",performance,rustc 1.97.0 (2d8144b78 2026-07-07),22.1.6,cargo 1.97.0 (c980f4866 2026-06-30),"release,lto=thin,debug=true",/home/bob/.cache/mess-bench,/dev/nvme0n1p3,ext4,/home,Samsung SSD 970 EVO Plus 2TB,[none] mq-deadline kyber bfq,249456660480,4096,1024,payload[i]=(i*131+17)&0xff,5.42431640625,accepted,,1025,2050,0,1,bytes,11275,10250,42504700,33,0,0,64,0,0,6095361,6146876,6146276,6146276,6146276,5.420,5.420
e000798,exploratory,pwritev_64_8m,baseline,1,2,BAAB,k_pwrite,process,4096,10,1025,4,new_name,synthetic_sweep,1,54215100a825da9eb7cfbd8f045e54ef05fb29bd,false,1b36f48efea63210dfeeee7270dea968ab5ba58da27f90aa42845eb8a64a6649,12b1dafe765a77d1a17115b0ae12cff973f20ed7d6d770fbd790695fe081288e,0e4833553be7825885da5ea99bceab292cc8abee6414d58b31864afe8ca9f944,c89b17de3d4d36a4e106517b0737619bd65f0e2877d95adbf2f297762f71fb7b,6e938dfcd266a2b0eac811d7ea7eabbd5b217965f88efa81371465134dbcab11,2026-07-15T18:55:58.564867+00:00,8o8-arch,7.0.12-arch1-1,AMD Ryzen 9 3900X 12-Core Processor,"logical=24,cores=12,sockets=1,nodes=1",performance,rustc 1.97.0 (2d8144b78 2026-07-07),22.1.6,cargo 1.97.0 (c980f4866 2026-06-30),"release,lto=thin,debug=true",/home/bob/.cache/mess-bench,/dev/nvme0n1p3,ext4,/home,Samsung SSD 970 EVO Plus 2TB,[none] mq-deadline kyber bfq,249456660480,4096,1024,payload[i]=(i*131+17)&0xff,5.42431640625,accepted,,1025,2050,0,1,bytes,11275,10250,42504700,2050,0,0,0,0,0,8387472,8464784,8464404,8464404,8464404,5.420,5.420
e000799,exploratory,pwritev_64_8m,baseline,1,3,BAAB,k_pwrite,process,4096,10,1025,4,new_name,synthetic_sweep,1,54215100a825da9eb7cfbd8f045e54ef05fb29bd,false,1b36f48efea63210dfeeee7270dea968ab5ba58da27f90aa42845eb8a64a6649,12b1dafe765a77d1a17115b0ae12cff973f20ed7d6d770fbd790695fe081288e,0e4833553be7825885da5ea99bceab292cc8abee6414d58b31864afe8ca9f944,c89b17de3d4d36a4e106517b0737619bd65f0e2877d95adbf2f297762f71fb7b,6e938dfcd266a2b0eac811d7ea7eabbd5b217965f88efa81371465134dbcab11,2026-07-15T18:55:59.587187+00:00,8o8-arch,7.0.12-arch1-1,AMD Ryzen 9 3900X 12-Core Processor,"logical=24,cores=12,sockets=1,nodes=1",performance,rustc 1.97.0 (2d8144b78 2026-07-07),22.1.6,cargo 1.97.0 (c980f4866 2026-06-30),"release,lto=thin,debug=true",/home/bob/.cache/mess-bench,/dev/nvme0n1p3,ext4,/home,Samsung SSD 970 EVO Plus 2TB,[none] mq-deadline kyber bfq,249456660480,4096,1024,payload[i]=(i*131+17)&0xff,5.42431640625,accepted,,1025,2050,0,1,bytes,11275,10250,42504700,2050,0,0,0,0,0,12710093,12908731,12908361,12908361,12908361,5.420,5.420
e000800,exploratory,pwritev_64_8m,candidate,1,4,BAAB,pwritev_64_8m,process,4096,10,1025,4,new_name,synthetic_sweep,1,54215100a825da9eb7cfbd8f045e54ef05fb29bd,false,1b36f48efea63210dfeeee7270dea968ab5ba58da27f90aa42845eb8a64a6649,12b1dafe765a77d1a17115b0ae12cff973f20ed7d6d770fbd790695fe081288e,0e4833553be7825885da5ea99bceab292cc8abee6414d58b31864afe8ca9f944,c89b17de3d4d36a4e106517b0737619bd65f0e2877d95adbf2f297762f71fb7b,6e938dfcd266a2b0eac811d7ea7eabbd5b217965f88efa81371465134dbcab11,2026-07-15T18:56:00.611931+00:00,8o8-arch,7.0.12-arch1-1,AMD Ryzen 9 3900X 12-Core Processor,"logical=24,cores=12,sockets=1,nodes=1",performance,rustc 1.97.0 (2d8144b78 2026-07-07),22.1.6,cargo 1.97.0 (c980f4866 2026-06-30),"release,lto=thin,debug=true",/home/bob/.cache/mess-bench,/dev/nvme0n1p3,ext4,/home,Samsung SSD 970 EVO Plus 2TB,[none] mq-deadline kyber bfq,249456652288,4096,1024,payload[i]=(i*131+17)&0xff,5.42431640625,accepted,,1025,2050,0,1,bytes,11275,10250,42504700,33,0,0,64,0,0,5096491,5128116,5127666,5127666,5127666,5.420,5.420
e000801,exploratory,pwritev_full_8m,baseline,1,1,ABBA,k_pwrite,process,4096,100,2,2,domain,synthetic_sweep,1,54215100a825da9eb7cfbd8f045e54ef05fb29bd,false,1b36f48efea63210dfeeee7270dea968ab5ba58da27f90aa42845eb8a64a6649,12b1dafe765a77d1a17115b0ae12cff973f20ed7d6d770fbd790695fe081288e,0e4833553be7825885da5ea99bceab292cc8abee6414d58b31864afe8ca9f944,c89b17de3d4d36a4e106517b0737619bd65f0e2877d95adbf2f297762f71fb7b,6e938dfcd266a2b0eac811d7ea7eabbd5b217965f88efa81371465134dbcab11,2026-07-15T18:56:01.634396+00:00,8o8-arch,7.0.12-arch1-1,AMD Ryzen 9 3900X 12-Core Processor,"logical=24,cores=12,sockets=1,nodes=1",performance,rustc 1.97.0 (2d8144b78 2026-07-07),22.1.6,cargo 1.97.0 (c980f4866 2026-06-30),"release,lto=thin,debug=true",/home/bob/.cache/mess-bench,/dev/nvme0n1p3,ext4,/home,Samsung SSD 970 EVO Plus 2TB,[none] mq-deadline kyber bfq,249456652288,4096,1024,payload[i]=(i*131+17)&0xff,5.14990234375,accepted,,2,2,0,41,bytes,8200,8200,33824016,82,0,0,0,0,0,2887131,2928258,69430,80770,91690,5.150,5.150
e000802,exploratory,pwritev_full_8m,candidate,1,2,ABBA,pwritev_full_8m,process,4096,100,2,2,domain,synthetic_sweep,1,54215100a825da9eb7cfbd8f045e54ef05fb29bd,false,1b36f48efea63210dfeeee7270dea968ab5ba58da27f90aa42845eb8a64a6649,12b1dafe765a77d1a17115b0ae12cff973f20ed7d6d770fbd790695fe081288e,0e4833553be7825885da5ea99bceab292cc8abee6414d58b31864afe8ca9f944,c89b17de3d4d36a4e106517b0737619bd65f0e2877d95adbf2f297762f71fb7b,6e938dfcd266a2b0eac811d7ea7eabbd5b217965f88efa81371465134dbcab11,2026-07-15T18:56:02.665825+00:00,8o8-arch,7.0.12-arch1-1,AMD Ryzen 9 3900X 12-Core Processor,"logical=24,cores=12,sockets=1,nodes=1",performance,rustc 1.97.0 (2d8144b78 2026-07-07),22.1.6,cargo 1.97.0 (c980f4866 2026-06-30),"release,lto=thin,debug=true",/home/bob/.cache/mess-bench,/dev/nvme0n1p3,ext4,/home,Samsung SSD 970 EVO Plus 2TB,[none] mq-deadline kyber bfq,249456648192,4096,1024,payload[i]=(i*131+17)&0xff,5.14990234375,accepted,,2,2,0,41,bytes,8200,8200,33824016,41,0,0,2,0,0,2791591,2933299,68270,85740,101780,5.150,5.150
e000803,exploratory,pwritev_full_8m,candidate,1,3,ABBA,pwritev_full_8m,process,4096,100,2,2,domain,synthetic_sweep,1,54215100a825da9eb7cfbd8f045e54ef05fb29bd,false,1b36f48efea63210dfeeee7270dea968ab5ba58da27f90aa42845eb8a64a6649,12b1dafe765a77d1a17115b0ae12cff973f20ed7d6d770fbd790695fe081288e,0e4833553be7825885da5ea99bceab292cc8abee6414d58b31864afe8ca9f944,c89b17de3d4d36a4e106517b0737619bd65f0e2877d95adbf2f297762f71fb7b,6e938dfcd266a2b0eac811d7ea7eabbd5b217965f88efa81371465134dbcab11,2026-07-15T18:56:03.696225+00:00,8o8-arch,7.0.12-arch1-1,AMD Ryzen 9 3900X 12-Core Processor,"logical=24,cores=12,sockets=1,nodes=1",performance,rustc 1.97.0 (2d8144b78 2026-07-07),22.1.6,cargo 1.97.0 (c980f4866 2026-06-30),"release,lto=thin,debug=true",/home/bob/.cache/mess-bench,/dev/nvme0n1p3,ext4,/home,Samsung SSD 970 EVO Plus 2TB,[none] mq-deadline kyber bfq,249456648192,4096,1024,payload[i]=(i*131+17)&0xff,5.14990234375,accepted,,2,2,0,41,bytes,8200,8200,33824016,41,0,0,2,0,0,2905511,2961008,69980,95270,104750,5.150,5.150
e000804,exploratory,pwritev_full_8m,baseline,1,4,ABBA,k_pwrite,process,4096,100,2,2,domain,synthetic_sweep,1,54215100a825da9eb7cfbd8f045e54ef05fb29bd,false,1b36f48efea63210dfeeee7270dea968ab5ba58da27f90aa42845eb8a64a6649,12b1dafe765a77d1a17115b0ae12cff973f20ed7d6d770fbd790695fe081288e,0e4833553be7825885da5ea99bceab292cc8abee6414d58b31864afe8ca9f944,c89b17de3d4d36a4e106517b0737619bd65f0e2877d95adbf2f297762f71fb7b,6e938dfcd266a2b0eac811d7ea7eabbd5b217965f88efa81371465134dbcab11,2026-07-15T18:56:04.724755+00:00,8o8-arch,7.0.12-arch1-1,AMD Ryzen 9 3900X 12-Core Processor,"logical=24,cores=12,sockets=1,nodes=1",performance,rustc 1.97.0 (2d8144b78 2026-07-07),22.1.6,cargo 1.97.0 (c980f4866 2026-06-30),"release,lto=thin,debug=true",/home/bob/.cache/mess-bench,/dev/nvme0n1p3,ext4,/home,Samsung SSD 970 EVO Plus 2TB,[none] mq-deadline kyber bfq,249456640000,4096,1024,payload[i]=(i*131+17)&0xff,5.14990234375,accepted,,2,2,0,41,bytes,8200,8200,33824016,82,0,0,0,0,0,2917671,2952528,69740,80960,87840,5.150,5.150
e000805,exploratory,copy_contiguous,candidate,1,1,BAAB,copy_contiguous,process,4096,100,2,2,domain,synthetic_sweep,1,54215100a825da9eb7cfbd8f045e54ef05fb29bd,false,1b36f48efea63210dfeeee7270dea968ab5ba58da27f90aa42845eb8a64a6649,12b1dafe765a77d1a17115b0ae12cff973f20ed7d6d770fbd790695fe081288e,0e4833553be7825885da5ea99bceab292cc8abee6414d58b31864afe8ca9f944,c89b17de3d4d36a4e106517b0737619bd65f0e2877d95adbf2f297762f71fb7b,6e938dfcd266a2b0eac811d7ea7eabbd5b217965f88efa81371465134dbcab11,2026-07-15T18:56:05.754879+00:00,8o8-arch,7.0.12-arch1-1,AMD Ryzen 9 3900X 12-Core Processor,"logical=24,cores=12,sockets=1,nodes=1",performance,rustc 1.97.0 (2d8144b78 2026-07-07),22.1.6,cargo 1.97.0 (c980f4866 2026-06-30),"release,lto=thin,debug=true",/home/bob/.cache/mess-bench,/dev/nvme0n1p3,ext4,/home,Samsung SSD 970 EVO Plus 2TB,[none] mq-deadline kyber bfq,249456640000,4096,1024,payload[i]=(i*131+17)&0xff,5.14990234375,accepted,,2,2,0,41,bytes,8200,8200,33824016,41,0,0,0,33824016,0,5217252,5251106,127200,134420,137130,5.150,5.150
e000806,exploratory,copy_contiguous,baseline,1,2,BAAB,k_pwrite,process,4096,100,2,2,domain,synthetic_sweep,1,54215100a825da9eb7cfbd8f045e54ef05fb29bd,false,1b36f48efea63210dfeeee7270dea968ab5ba58da27f90aa42845eb8a64a6649,12b1dafe765a77d1a17115b0ae12cff973f20ed7d6d770fbd790695fe081288e,0e4833553be7825885da5ea99bceab292cc8abee6414d58b31864afe8ca9f944,c89b17de3d4d36a4e106517b0737619bd65f0e2877d95adbf2f297762f71fb7b,6e938dfcd266a2b0eac811d7ea7eabbd5b217965f88efa81371465134dbcab11,2026-07-15T18:56:06.782387+00:00,8o8-arch,7.0.12-arch1-1,AMD Ryzen 9 3900X 12-Core Processor,"logical=24,cores=12,sockets=1,nodes=1",performance,rustc 1.97.0 (2d8144b78 2026-07-07),22.1.6,cargo 1.97.0 (c980f4866 2026-06-30),"release,lto=thin,debug=true",/home/bob/.cache/mess-bench,/dev/nvme0n1p3,ext4,/home,Samsung SSD 970 EVO Plus 2TB,[none] mq-deadline kyber bfq,249456631808,4096,1024,payload[i]=(i*131+17)&0xff,5.29833984375,accepted,,2,2,0,41,bytes,8200,8200,33824016,82,0,0,0,0,0,3265220,3510547,70170,136720,154360,5.300,5.300
e000807,exploratory,copy_contiguous,baseline,1,3,BAAB,k_pwrite,process,4096,100,2,2,domain,synthetic_sweep,1,54215100a825da9eb7cfbd8f045e54ef05fb29bd,false,1b36f48efea63210dfeeee7270dea968ab5ba58da27f90aa42845eb8a64a6649,12b1dafe765a77d1a17115b0ae12cff973f20ed7d6d770fbd790695fe081288e,0e4833553be7825885da5ea99bceab292cc8abee6414d58b31864afe8ca9f944,c89b17de3d4d36a4e106517b0737619bd65f0e2877d95adbf2f297762f71fb7b,6e938dfcd266a2b0eac811d7ea7eabbd5b217965f88efa81371465134dbcab11,2026-07-15T18:56:07.804657+00:00,8o8-arch,7.0.12-arch1-1,AMD Ryzen 9 3900X 12-Core Processor,"logical=24,cores=12,sockets=1,nodes=1",performance,rustc 1.97.0 (2d8144b78 2026-07-07),22.1.6,cargo 1.97.0 (c980f4866 2026-06-30),"release,lto=thin,debug=true",/home/bob/.cache/mess-bench,/dev/nvme0n1p3,ext4,/home,Samsung SSD 970 EVO Plus 2TB,[none] mq-deadline kyber bfq,249456627712,4096,1024,payload[i]=(i*131+17)&0xff,5.29833984375,accepted,,2,2,0,41,bytes,8200,8200,33824016,82,0,0,0,0,0,2872481,2902768,68020,81320,141009,5.300,5.300
e000808,exploratory,copy_contiguous,candidate,1,4,BAAB,copy_contiguous,process,4096,100,2,2,domain,synthetic_sweep,1,54215100a825da9eb7cfbd8f045e54ef05fb29bd,false,1b36f48efea63210dfeeee7270dea968ab5ba58da27f90aa42845eb8a64a6649,12b1dafe765a77d1a17115b0ae12cff973f20ed7d6d770fbd790695fe081288e,0e4833553be7825885da5ea99bceab292cc8abee6414d58b31864afe8ca9f944,c89b17de3d4d36a4e106517b0737619bd65f0e2877d95adbf2f297762f71fb7b,6e938dfcd266a2b0eac811d7ea7eabbd5b217965f88efa81371465134dbcab11,2026-07-15T18:56:08.826374+00:00,8o8-arch,7.0.12-arch1-1,AMD Ryzen 9 3900X 12-Core Processor,"logical=24,cores=12,sockets=1,nodes=1",performance,rustc 1.97.0 (2d8144b78 2026-07-07),22.1.6,cargo 1.97.0 (c980f4866 2026-06-30),"release,lto=thin,debug=true",/home/bob/.cache/mess-bench,/dev/nvme0n1p3,ext4,/home,Samsung SSD 970 EVO Plus 2TB,[none] mq-deadline kyber bfq,249456623616,4096,1024,payload[i]=(i*131+17)&0xff,5.29833984375,accepted,,2,2,0,41,bytes,8200,8200,33824016,41,0,0,0,33824016,0,5080001,5133896,123949,134010,142570,5.300,5.300
e000809,exploratory,pwritev_full_8m,baseline,1,1,ABBA,k_pwrite,process,4096,100,2,2,new_name,synthetic_sweep,1,54215100a825da9eb7cfbd8f045e54ef05fb29bd,false,1b36f48efea63210dfeeee7270dea968ab5ba58da27f90aa42845eb8a64a6649,12b1dafe765a77d1a17115b0ae12cff973f20ed7d6d770fbd790695fe081288e,0e4833553be7825885da5ea99bceab292cc8abee6414d58b31864afe8ca9f944,c89b17de3d4d36a4e106517b0737619bd65f0e2877d95adbf2f297762f71fb7b,6e938dfcd266a2b0eac811d7ea7eabbd5b217965f88efa81371465134dbcab11,2026-07-15T18:56:09.856418+00:00,8o8-arch,7.0.12-arch1-1,AMD Ryzen 9 3900X 12-Core Processor,"logical=24,cores=12,sockets=1,nodes=1",performance,rustc 1.97.0 (2d8144b78 2026-07-07),22.1.6,cargo 1.97.0 (c980f4866 2026-06-30),"release,lto=thin,debug=true",/home/bob/.cache/mess-bench,/dev/nvme0n1p3,ext4,/home,Samsung SSD 970 EVO Plus 2TB,[none] mq-deadline kyber bfq,249456631808,4096,1024,payload[i]=(i*131+17)&0xff,5.29833984375,accepted,,2,4,0,41,bytes,8282,8200,33835496,164,0,0,0,0,0,2956341,2975009,71740,79310,81970,5.300,5.300
e000810,exploratory,pwritev_full_8m,candidate,1,2,ABBA,pwritev_full_8m,process,4096,100,2,2,new_name,synthetic_sweep,1,54215100a825da9eb7cfbd8f045e54ef05fb29bd,false,1b36f48efea63210dfeeee7270dea968ab5ba58da27f90aa42845eb8a64a6649,12b1dafe765a77d1a17115b0ae12cff973f20ed7d6d770fbd790695fe081288e,0e4833553be7825885da5ea99bceab292cc8abee6414d58b31864afe8ca9f944,c89b17de3d4d36a4e106517b0737619bd65f0e2877d95adbf2f297762f71fb7b,6e938dfcd266a2b0eac811d7ea7eabbd5b217965f88efa81371465134dbcab11,2026-07-15T18:56:10.880241+00:00,8o8-arch,7.0.12-arch1-1,AMD Ryzen 9 3900X 12-Core Processor,"logical=24,cores=12,sockets=1,nodes=1",performance,rustc 1.97.0 (2d8144b78 2026-07-07),22.1.6,cargo 1.97.0 (c980f4866 2026-06-30),"release,lto=thin,debug=true",/home/bob/.cache/mess-bench,/dev/nvme0n1p3,ext4,/home,Samsung SSD 970 EVO Plus 2TB,[none] mq-deadline kyber bfq,249456627712,4096,1024,payload[i]=(i*131+17)&0xff,5.29833984375,accepted,,2,4,0,41,bytes,8282,8200,33835496,41,0,0,4,0,0,5363701,5461476,66520,119810,1991509,5.300,5.300
e000811,exploratory,pwritev_full_8m,candidate,1,3,ABBA,pwritev_full_8m,process,4096,100,2,2,new_name,synthetic_sweep,1,54215100a825da9eb7cfbd8f045e54ef05fb29bd,false,1b36f48efea63210dfeeee7270dea968ab5ba58da27f90aa42845eb8a64a6649,12b1dafe765a77d1a17115b0ae12cff973f20ed7d6d770fbd790695fe081288e,0e4833553be7825885da5ea99bceab292cc8abee6414d58b31864afe8ca9f944,c89b17de3d4d36a4e106517b0737619bd65f0e2877d95adbf2f297762f71fb7b,6e938dfcd266a2b0eac811d7ea7eabbd5b217965f88efa81371465134dbcab11,2026-07-15T18:56:11.908882+00:00,8o8-arch,7.0.12-arch1-1,AMD Ryzen 9 3900X 12-Core Processor,"logical=24,cores=12,sockets=1,nodes=1",performance,rustc 1.97.0 (2d8144b78 2026-07-07),22.1.6,cargo 1.97.0 (c980f4866 2026-06-30),"release,lto=thin,debug=true",/home/bob/.cache/mess-bench,/dev/nvme0n1p3,ext4,/home,Samsung SSD 970 EVO Plus 2TB,[none] mq-deadline kyber bfq,249456627712,4096,1024,payload[i]=(i*131+17)&0xff,5.0341796875,accepted,,2,4,0,41,bytes,8282,8200,33835496,41,0,0,4,0,0,2988920,3007038,68860,94710,102849,5.030,5.030
e000812,exploratory,pwritev_full_8m,baseline,1,4,ABBA,k_pwrite,process,4096,100,2,2,new_name,synthetic_sweep,1,54215100a825da9eb7cfbd8f045e54ef05fb29bd,false,1b36f48efea63210dfeeee7270dea968ab5ba58da27f90aa42845eb8a64a6649,12b1dafe765a77d1a17115b0ae12cff973f20ed7d6d770fbd790695fe081288e,0e4833553be7825885da5ea99bceab292cc8abee6414d58b31864afe8ca9f944,c89b17de3d4d36a4e106517b0737619bd65f0e2877d95adbf2f297762f71fb7b,6e938dfcd266a2b0eac811d7ea7eabbd5b217965f88efa81371465134dbcab11,2026-07-15T18:56:12.937276+00:00,8o8-arch,7.0.12-arch1-1,AMD Ryzen 9 3900X 12-Core Processor,"logical=24,cores=12,sockets=1,nodes=1",performance,rustc 1.97.0 (2d8144b78 2026-07-07),22.1.6,cargo 1.97.0 (c980f4866 2026-06-30),"release,lto=thin,debug=true",/home/bob/.cache/mess-bench,/dev/nvme0n1p3,ext4,/home,Samsung SSD 970 EVO Plus 2TB,[none] mq-deadline kyber bfq,249456623616,4096,1024,payload[i]=(i*131+17)&0xff,5.0341796875,accepted,,2,4,0,41,bytes,8282,8200,33835496,164,0,0,0,0,0,3428241,3459227,83630,99959,110210,5.030,5.030
e000813,exploratory,copy_contiguous,candidate,1,1,BAAB,copy_contiguous,process,4096,100,2,2,new_name,synthetic_sweep,1,54215100a825da9eb7cfbd8f045e54ef05fb29bd,false,1b36f48efea63210dfeeee7270dea968ab5ba58da27f90aa42845eb8a64a6649,12b1dafe765a77d1a17115b0ae12cff973f20ed7d6d770fbd790695fe081288e,0e4833553be7825885da5ea99bceab292cc8abee6414d58b31864afe8ca9f944,c89b17de3d4d36a4e106517b0737619bd65f0e2877d95adbf2f297762f71fb7b,6e938dfcd266a2b0eac811d7ea7eabbd5b217965f88efa81371465134dbcab11,2026-07-15T18:56:13.968697+00:00,8o8-arch,7.0.12-arch1-1,AMD Ryzen 9 3900X 12-Core Processor,"logical=24,cores=12,sockets=1,nodes=1",performance,rustc 1.97.0 (2d8144b78 2026-07-07),22.1.6,cargo 1.97.0 (c980f4866 2026-06-30),"release,lto=thin,debug=true",/home/bob/.cache/mess-bench,/dev/nvme0n1p3,ext4,/home,Samsung SSD 970 EVO Plus 2TB,[none] mq-deadline kyber bfq,249456619520,4096,1024,payload[i]=(i*131+17)&0xff,5.0341796875,accepted,,2,4,0,41,bytes,8282,8200,33835496,41,0,0,0,33835496,0,7902332,7947994,124480,199250,2640048,5.030,5.030
e000814,exploratory,copy_contiguous,baseline,1,2,BAAB,k_pwrite,process,4096,100,2,2,new_name,synthetic_sweep,1,54215100a825da9eb7cfbd8f045e54ef05fb29bd,false,1b36f48efea63210dfeeee7270dea968ab5ba58da27f90aa42845eb8a64a6649,12b1dafe765a77d1a17115b0ae12cff973f20ed7d6d770fbd790695fe081288e,0e4833553be7825885da5ea99bceab292cc8abee6414d58b31864afe8ca9f944,c89b17de3d4d36a4e106517b0737619bd65f0e2877d95adbf2f297762f71fb7b,6e938dfcd266a2b0eac811d7ea7eabbd5b217965f88efa81371465134dbcab11,2026-07-15T18:56:15.000385+00:00,8o8-arch,7.0.12-arch1-1,AMD Ryzen 9 3900X 12-Core Processor,"logical=24,cores=12,sockets=1,nodes=1",performance,rustc 1.97.0 (2d8144b78 2026-07-07),22.1.6,cargo 1.97.0 (c980f4866 2026-06-30),"release,lto=thin,debug=true",/home/bob/.cache/mess-bench,/dev/nvme0n1p3,ext4,/home,Samsung SSD 970 EVO Plus 2TB,[none] mq-deadline kyber bfq,249456619520,4096,1024,payload[i]=(i*131+17)&0xff,5.0341796875,accepted,,2,4,0,41,bytes,8282,8200,33835496,164,0,0,0,0,0,2951320,2981388,71940,79250,97110,5.030,5.030
e000815,exploratory,copy_contiguous,baseline,1,3,BAAB,k_pwrite,process,4096,100,2,2,new_name,synthetic_sweep,1,54215100a825da9eb7cfbd8f045e54ef05fb29bd,false,1b36f48efea63210dfeeee7270dea968ab5ba58da27f90aa42845eb8a64a6649,12b1dafe765a77d1a17115b0ae12cff973f20ed7d6d770fbd790695fe081288e,0e4833553be7825885da5ea99bceab292cc8abee6414d58b31864afe8ca9f944,c89b17de3d4d36a4e106517b0737619bd65f0e2877d95adbf2f297762f71fb7b,6e938dfcd266a2b0eac811d7ea7eabbd5b217965f88efa81371465134dbcab11,2026-07-15T18:56:16.030229+00:00,8o8-arch,7.0.12-arch1-1,AMD Ryzen 9 3900X 12-Core Processor,"logical=24,cores=12,sockets=1,nodes=1",performance,rustc 1.97.0 (2d8144b78 2026-07-07),22.1.6,cargo 1.97.0 (c980f4866 2026-06-30),"release,lto=thin,debug=true",/home/bob/.cache/mess-bench,/dev/nvme0n1p3,ext4,/home,Samsung SSD 970 EVO Plus 2TB,[none] mq-deadline kyber bfq,249456619520,4096,1024,payload[i]=(i*131+17)&0xff,4.87109375,accepted,,2,4,0,41,bytes,8282,8200,33835496,164,0,0,0,0,0,3075851,3100088,72370,85690,115070,4.870,4.870
e000816,exploratory,copy_contiguous,candidate,1,4,BAAB,copy_contiguous,process,4096,100,2,2,new_name,synthetic_sweep,1,54215100a825da9eb7cfbd8f045e54ef05fb29bd,false,1b36f48efea63210dfeeee7270dea968ab5ba58da27f90aa42845eb8a64a6649,12b1dafe765a77d1a17115b0ae12cff973f20ed7d6d770fbd790695fe081288e,0e4833553be7825885da5ea99bceab292cc8abee6414d58b31864afe8ca9f944,c89b17de3d4d36a4e106517b0737619bd65f0e2877d95adbf2f297762f71fb7b,6e938dfcd266a2b0eac811d7ea7eabbd5b217965f88efa81371465134dbcab11,2026-07-15T18:56:17.061315+00:00,8o8-arch,7.0.12-arch1-1,AMD Ryzen 9 3900X 12-Core Processor,"logical=24,cores=12,sockets=1,nodes=1",performance,rustc 1.97.0 (2d8144b78 2026-07-07),22.1.6,cargo 1.97.0 (c980f4866 2026-06-30),"release,lto=thin,debug=true",/home/bob/.cache/mess-bench,/dev/nvme0n1p3,ext4,/home,Samsung SSD 970 EVO Plus 2TB,[none] mq-deadline kyber bfq,249456615424,4096,1024,payload[i]=(i*131+17)&0xff,4.87109375,accepted,,2,4,0,41,bytes,8282,8200,33835496,41,0,0,0,33835496,0,5094121,5146166,124660,133550,143080,4.870,4.870
e000817,exploratory,pwritev_full_8m,baseline,1,1,ABBA,k_pwrite,process,4096,100,4,4,domain,synthetic_sweep,1,54215100a825da9eb7cfbd8f045e54ef05fb29bd,false,1b36f48efea63210dfeeee7270dea968ab5ba58da27f90aa42845eb8a64a6649,12b1dafe765a77d1a17115b0ae12cff973f20ed7d6d770fbd790695fe081288e,0e4833553be7825885da5ea99bceab292cc8abee6414d58b31864afe8ca9f944,c89b17de3d4d36a4e106517b0737619bd65f0e2877d95adbf2f297762f71fb7b,6e938dfcd266a2b0eac811d7ea7eabbd5b217965f88efa81371465134dbcab11,2026-07-15T18:56:18.086810+00:00,8o8-arch,7.0.12-arch1-1,AMD Ryzen 9 3900X 12-Core Processor,"logical=24,cores=12,sockets=1,nodes=1",performance,rustc 1.97.0 (2d8144b78 2026-07-07),22.1.6,cargo 1.97.0 (c980f4866 2026-06-30),"release,lto=thin,debug=true",/home/bob/.cache/mess-bench,/dev/nvme0n1p3,ext4,/home,Samsung SSD 970 EVO Plus 2TB,[none] mq-deadline kyber bfq,249456607232,4096,1024,payload[i]=(i*131+17)&0xff,4.87109375,accepted,,4,4,0,21,bytes,8400,8400,34648992,84,0,0,0,0,0,2965131,2989078,140710,153970,172430,4.870,4.870
e000818,exploratory,pwritev_full_8m,candidate,1,2,ABBA,pwritev_full_8m,process,4096,100,4,4,domain,synthetic_sweep,1,54215100a825da9eb7cfbd8f045e54ef05fb29bd,false,1b36f48efea63210dfeeee7270dea968ab5ba58da27f90aa42845eb8a64a6649,12b1dafe765a77d1a17115b0ae12cff973f20ed7d6d770fbd790695fe081288e,0e4833553be7825885da5ea99bceab292cc8abee6414d58b31864afe8ca9f944,c89b17de3d4d36a4e106517b0737619bd65f0e2877d95adbf2f297762f71fb7b,6e938dfcd266a2b0eac811d7ea7eabbd5b217965f88efa81371465134dbcab11,2026-07-15T18:56:19.110807+00:00,8o8-arch,7.0.12-arch1-1,AMD Ryzen 9 3900X 12-Core Processor,"logical=24,cores=12,sockets=1,nodes=1",performance,rustc 1.97.0 (2d8144b78 2026-07-07),22.1.6,cargo 1.97.0 (c980f4866 2026-06-30),"release,lto=thin,debug=true",/home/bob/.cache/mess-bench,/dev/nvme0n1p3,ext4,/home,Samsung SSD 970 EVO Plus 2TB,[none] mq-deadline kyber bfq,249456607232,4096,1024,payload[i]=(i*131+17)&0xff,4.87109375,accepted,,4,4,0,21,bytes,8400,8400,34648992,21,0,0,4,0,0,6770501,6831235,154279,311810,3520787,4.870,4.870
e000819,exploratory,pwritev_full_8m,candidate,1,3,ABBA,pwritev_full_8m,process,4096,100,4,4,domain,synthetic_sweep,1,54215100a825da9eb7cfbd8f045e54ef05fb29bd,false,1b36f48efea63210dfeeee7270dea968ab5ba58da27f90aa42845eb8a64a6649,12b1dafe765a77d1a17115b0ae12cff973f20ed7d6d770fbd790695fe081288e,0e4833553be7825885da5ea99bceab292cc8abee6414d58b31864afe8ca9f944,c89b17de3d4d36a4e106517b0737619bd65f0e2877d95adbf2f297762f71fb7b,6e938dfcd266a2b0eac811d7ea7eabbd5b217965f88efa81371465134dbcab11,2026-07-15T18:56:20.138414+00:00,8o8-arch,7.0.12-arch1-1,AMD Ryzen 9 3900X 12-Core Processor,"logical=24,cores=12,sockets=1,nodes=1",performance,rustc 1.97.0 (2d8144b78 2026-07-07),22.1.6,cargo 1.97.0 (c980f4866 2026-06-30),"release,lto=thin,debug=true",/home/bob/.cache/mess-bench,/dev/nvme0n1p3,ext4,/home,Samsung SSD 970 EVO Plus 2TB,[none] mq-deadline kyber bfq,249456607232,4096,1024,payload[i]=(i*131+17)&0xff,4.87109375,accepted,,4,4,0,21,bytes,8400,8400,34648992,21,0,0,4,0,0,2884320,2929498,137540,155750,156090,4.870,4.870
e000820,exploratory,pwritev_full_8m,baseline,1,4,ABBA,k_pwrite,process,4096,100,4,4,domain,synthetic_sweep,1,54215100a825da9eb7cfbd8f045e54ef05fb29bd,false,1b36f48efea63210dfeeee7270dea968ab5ba58da27f90aa42845eb8a64a6649,12b1dafe765a77d1a17115b0ae12cff973f20ed7d6d770fbd790695fe081288e,0e4833553be7825885da5ea99bceab292cc8abee6414d58b31864afe8ca9f944,c89b17de3d4d36a4e106517b0737619bd65f0e2877d95adbf2f297762f71fb7b,6e938dfcd266a2b0eac811d7ea7eabbd5b217965f88efa81371465134dbcab11,2026-07-15T18:56:21.162245+00:00,8o8-arch,7.0.12-arch1-1,AMD Ryzen 9 3900X 12-Core Processor,"logical=24,cores=12,sockets=1,nodes=1",performance,rustc 1.97.0 (2d8144b78 2026-07-07),22.1.6,cargo 1.97.0 (c980f4866 2026-06-30),"release,lto=thin,debug=true",/home/bob/.cache/mess-bench,/dev/nvme0n1p3,ext4,/home,Samsung SSD 970 EVO Plus 2TB,[none] mq-deadline kyber bfq,249456603136,4096,1024,payload[i]=(i*131+17)&0xff,4.56103515625,accepted,,4,4,0,21,bytes,8400,8400,34648992,84,0,0,0,0,0,3048321,3073648,142479,164480,198880,4.560,4.560
e000821,exploratory,copy_contiguous,candidate,1,1,BAAB,copy_contiguous,process,4096,100,4,4,domain,synthetic_sweep,1,54215100a825da9eb7cfbd8f045e54ef05fb29bd,false,1b36f48efea63210dfeeee7270dea968ab5ba58da27f90aa42845eb8a64a6649,12b1dafe765a77d1a17115b0ae12cff973f20ed7d6d770fbd790695fe081288e,0e4833553be7825885da5ea99bceab292cc8abee6414d58b31864afe8ca9f944,c89b17de3d4d36a4e106517b0737619bd65f0e2877d95adbf2f297762f71fb7b,6e938dfcd266a2b0eac811d7ea7eabbd5b217965f88efa81371465134dbcab11,2026-07-15T18:56:22.193020+00:00,8o8-arch,7.0.12-arch1-1,AMD Ryzen 9 3900X 12-Core Processor,"logical=24,cores=12,sockets=1,nodes=1",performance,rustc 1.97.0 (2d8144b78 2026-07-07),22.1.6,cargo 1.97.0 (c980f4866 2026-06-30),"release,lto=thin,debug=true",/home/bob/.cache/mess-bench,/dev/nvme0n1p3,ext4,/home,Samsung SSD 970 EVO Plus 2TB,[none] mq-deadline kyber bfq,249456603136,4096,1024,payload[i]=(i*131+17)&0xff,4.56103515625,accepted,,4,4,0,21,bytes,8400,8400,34648992,21,0,0,0,34648992,0,5226471,5678606,244880,286729,753140,4.560,4.560
e000822,exploratory,copy_contiguous,baseline,1,2,BAAB,k_pwrite,process,4096,100,4,4,domain,synthetic_sweep,1,54215100a825da9eb7cfbd8f045e54ef05fb29bd,false,1b36f48efea63210dfeeee7270dea968ab5ba58da27f90aa42845eb8a64a6649,12b1dafe765a77d1a17115b0ae12cff973f20ed7d6d770fbd790695fe081288e,0e4833553be7825885da5ea99bceab292cc8abee6414d58b31864afe8ca9f944,c89b17de3d4d36a4e106517b0737619bd65f0e2877d95adbf2f297762f71fb7b,6e938dfcd266a2b0eac811d7ea7eabbd5b217965f88efa81371465134dbcab11,2026-07-15T18:56:23.224835+00:00,8o8-arch,7.0.12-arch1-1,AMD Ryzen 9 3900X 12-Core Processor,"logical=24,cores=12,sockets=1,nodes=1",performance,rustc 1.97.0 (2d8144b78 2026-07-07),22.1.6,cargo 1.97.0 (c980f4866 2026-06-30),"release,lto=thin,debug=true",/home/bob/.cache/mess-bench,/dev/nvme0n1p3,ext4,/home,Samsung SSD 970 EVO Plus 2TB,[none] mq-deadline kyber bfq,249456599040,4096,1024,payload[i]=(i*131+17)&0xff,4.56103515625,accepted,,4,4,0,21,bytes,8400,8400,34648992,84,0,0,0,0,0,2901761,2931128,137410,158410,161180,4.560,4.560
e000823,exploratory,copy_contiguous,baseline,1,3,BAAB,k_pwrite,process,4096,100,4,4,domain,synthetic_sweep,1,54215100a825da9eb7cfbd8f045e54ef05fb29bd,false,1b36f48efea63210dfeeee7270dea968ab5ba58da27f90aa42845eb8a64a6649,12b1dafe765a77d1a17115b0ae12cff973f20ed7d6d770fbd790695fe081288e,0e4833553be7825885da5ea99bceab292cc8abee6414d58b31864afe8ca9f944,c89b17de3d4d36a4e106517b0737619bd65f0e2877d95adbf2f297762f71fb7b,6e938dfcd266a2b0eac811d7ea7eabbd5b217965f88efa81371465134dbcab11,2026-07-15T18:56:24.253596+00:00,8o8-arch,7.0.12-arch1-1,AMD Ryzen 9 3900X 12-Core Processor,"logical=24,cores=12,sockets=1,nodes=1",performance,rustc 1.97.0 (2d8144b78 2026-07-07),22.1.6,cargo 1.97.0 (c980f4866 2026-06-30),"release,lto=thin,debug=true",/home/bob/.cache/mess-bench,/dev/nvme0n1p3,ext4,/home,Samsung SSD 970 EVO Plus 2TB,[none] mq-deadline kyber bfq,249456594944,4096,1024,payload[i]=(i*131+17)&0xff,4.56103515625,accepted,,4,4,0,21,bytes,8400,8400,34648992,84,0,0,0,0,0,3169411,3189658,151780,162310,169230,4.560,4.560
e000824,exploratory,copy_contiguous,candidate,1,4,BAAB,copy_contiguous,process,4096,100,4,4,domain,synthetic_sweep,1,54215100a825da9eb7cfbd8f045e54ef05fb29bd,false,1b36f48efea63210dfeeee7270dea968ab5ba58da27f90aa42845eb8a64a6649,12b1dafe765a77d1a17115b0ae12cff973f20ed7d6d770fbd790695fe081288e,0e4833553be7825885da5ea99bceab292cc8abee6414d58b31864afe8ca9f944,c89b17de3d4d36a4e106517b0737619bd65f0e2877d95adbf2f297762f71fb7b,6e938dfcd266a2b0eac811d7ea7eabbd5b217965f88efa81371465134dbcab11,2026-07-15T18:56:25.286160+00:00,8o8-arch,7.0.12-arch1-1,AMD Ryzen 9 3900X 12-Core Processor,"logical=24,cores=12,sockets=1,nodes=1",performance,rustc 1.97.0 (2d8144b78 2026-07-07),22.1.6,cargo 1.97.0 (c980f4866 2026-06-30),"release,lto=thin,debug=true",/home/bob/.cache/mess-bench,/dev/nvme0n1p3,ext4,/home,Samsung SSD 970 EVO Plus 2TB,[none] mq-deadline kyber bfq,249456590848,4096,1024,payload[i]=(i*131+17)&0xff,4.56103515625,accepted,,4,4,0,21,bytes,8400,8400,34648992,21,0,0,0,34648992,0,5375212,5431166,255690,275730,279710,4.560,4.560
e000825,exploratory,pwritev_full_8m,baseline,1,1,ABBA,k_pwrite,process,4096,100,4,4,new_name,synthetic_sweep,1,54215100a825da9eb7cfbd8f045e54ef05fb29bd,false,1b36f48efea63210dfeeee7270dea968ab5ba58da27f90aa42845eb8a64a6649,12b1dafe765a77d1a17115b0ae12cff973f20ed7d6d770fbd790695fe081288e,0e4833553be7825885da5ea99bceab292cc8abee6414d58b31864afe8ca9f944,c89b17de3d4d36a4e106517b0737619bd65f0e2877d95adbf2f297762f71fb7b,6e938dfcd266a2b0eac811d7ea7eabbd5b217965f88efa81371465134dbcab11,2026-07-15T18:56:26.309559+00:00,8o8-arch,7.0.12-arch1-1,AMD Ryzen 9 3900X 12-Core Processor,"logical=24,cores=12,sockets=1,nodes=1",performance,rustc 1.97.0 (2d8144b78 2026-07-07),22.1.6,cargo 1.97.0 (c980f4866 2026-06-30),"release,lto=thin,debug=true",/home/bob/.cache/mess-bench,/dev/nvme0n1p3,ext4,/home,Samsung SSD 970 EVO Plus 2TB,[none] mq-deadline kyber bfq,249456586752,4096,1024,payload[i]=(i*131+17)&0xff,4.275390625,accepted,,4,8,0,21,bytes,8484,8400,34660752,168,0,0,0,0,0,2976371,2997917,141480,154610,157180,4.280,4.280
e000826,exploratory,pwritev_full_8m,candidate,1,2,ABBA,pwritev_full_8m,process,4096,100,4,4,new_name,synthetic_sweep,1,54215100a825da9eb7cfbd8f045e54ef05fb29bd,false,1b36f48efea63210dfeeee7270dea968ab5ba58da27f90aa42845eb8a64a6649,12b1dafe765a77d1a17115b0ae12cff973f20ed7d6d770fbd790695fe081288e,0e4833553be7825885da5ea99bceab292cc8abee6414d58b31864afe8ca9f944,c89b17de3d4d36a4e106517b0737619bd65f0e2877d95adbf2f297762f71fb7b,6e938dfcd266a2b0eac811d7ea7eabbd5b217965f88efa81371465134dbcab11,2026-07-15T18:56:27.348065+00:00,8o8-arch,7.0.12-arch1-1,AMD Ryzen 9 3900X 12-Core Processor,"logical=24,cores=12,sockets=1,nodes=1",performance,rustc 1.97.0 (2d8144b78 2026-07-07),22.1.6,cargo 1.97.0 (c980f4866 2026-06-30),"release,lto=thin,debug=true",/home/bob/.cache/mess-bench,/dev/nvme0n1p3,ext4,/home,Samsung SSD 970 EVO Plus 2TB,[none] mq-deadline kyber bfq,249456586752,4096,1024,payload[i]=(i*131+17)&0xff,4.275390625,accepted,,4,8,0,21,bytes,8484,8400,34660752,21,0,0,8,0,0,2853770,2879378,133670,152940,157039,4.280,4.280
e000827,exploratory,pwritev_full_8m,candidate,1,3,ABBA,pwritev_full_8m,process,4096,100,4,4,new_name,synthetic_sweep,1,54215100a825da9eb7cfbd8f045e54ef05fb29bd,false,1b36f48efea63210dfeeee7270dea968ab5ba58da27f90aa42845eb8a64a6649,12b1dafe765a77d1a17115b0ae12cff973f20ed7d6d770fbd790695fe081288e,0e4833553be7825885da5ea99bceab292cc8abee6414d58b31864afe8ca9f944,c89b17de3d4d36a4e106517b0737619bd65f0e2877d95adbf2f297762f71fb7b,6e938dfcd266a2b0eac811d7ea7eabbd5b217965f88efa81371465134dbcab11,2026-07-15T18:56:28.370795+00:00,8o8-arch,7.0.12-arch1-1,AMD Ryzen 9 3900X 12-Core Processor,"logical=24,cores=12,sockets=1,nodes=1",performance,rustc 1.97.0 (2d8144b78 2026-07-07),22.1.6,cargo 1.97.0 (c980f4866 2026-06-30),"release,lto=thin,debug=true",/home/bob/.cache/mess-bench,/dev/nvme0n1p3,ext4,/home,Samsung SSD 970 EVO Plus 2TB,[none] mq-deadline kyber bfq,249456586752,4096,1024,payload[i]=(i*131+17)&0xff,4.275390625,accepted,,4,8,0,21,bytes,8484,8400,34660752,21,0,0,8,0,0,3574661,3580227,147440,187759,560140,4.280,4.280
e000828,exploratory,pwritev_full_8m,baseline,1,4,ABBA,k_pwrite,process,4096,100,4,4,new_name,synthetic_sweep,1,54215100a825da9eb7cfbd8f045e54ef05fb29bd,false,1b36f48efea63210dfeeee7270dea968ab5ba58da27f90aa42845eb8a64a6649,12b1dafe765a77d1a17115b0ae12cff973f20ed7d6d770fbd790695fe081288e,0e4833553be7825885da5ea99bceab292cc8abee6414d58b31864afe8ca9f944,c89b17de3d4d36a4e106517b0737619bd65f0e2877d95adbf2f297762f71fb7b,6e938dfcd266a2b0eac811d7ea7eabbd5b217965f88efa81371465134dbcab11,2026-07-15T18:56:29.396467+00:00,8o8-arch,7.0.12-arch1-1,AMD Ryzen 9 3900X 12-Core Processor,"logical=24,cores=12,sockets=1,nodes=1",performance,rustc 1.97.0 (2d8144b78 2026-07-07),22.1.6,cargo 1.97.0 (c980f4866 2026-06-30),"release,lto=thin,debug=true",/home/bob/.cache/mess-bench,/dev/nvme0n1p3,ext4,/home,Samsung SSD 970 EVO Plus 2TB,[none] mq-deadline kyber bfq,249456574464,4096,1024,payload[i]=(i*131+17)&0xff,4.275390625,accepted,,4,8,0,21,bytes,8484,8400,34660752,168,0,0,0,0,0,3044140,3063788,143970,158360,158810,4.280,4.280
e000829,exploratory,copy_contiguous,candidate,1,1,BAAB,copy_contiguous,process,4096,100,4,4,new_name,synthetic_sweep,1,54215100a825da9eb7cfbd8f045e54ef05fb29bd,false,1b36f48efea63210dfeeee7270dea968ab5ba58da27f90aa42845eb8a64a6649,12b1dafe765a77d1a17115b0ae12cff973f20ed7d6d770fbd790695fe081288e,0e4833553be7825885da5ea99bceab292cc8abee6414d58b31864afe8ca9f944,c89b17de3d4d36a4e106517b0737619bd65f0e2877d95adbf2f297762f71fb7b,6e938dfcd266a2b0eac811d7ea7eabbd5b217965f88efa81371465134dbcab11,2026-07-15T18:56:30.421170+00:00,8o8-arch,7.0.12-arch1-1,AMD Ryzen 9 3900X 12-Core Processor,"logical=24,cores=12,sockets=1,nodes=1",performance,rustc 1.97.0 (2d8144b78 2026-07-07),22.1.6,cargo 1.97.0 (c980f4866 2026-06-30),"release,lto=thin,debug=true",/home/bob/.cache/mess-bench,/dev/nvme0n1p3,ext4,/home,Samsung SSD 970 EVO Plus 2TB,[none] mq-deadline kyber bfq,249456566272,4096,1024,payload[i]=(i*131+17)&0xff,4.275390625,accepted,,4,8,0,21,bytes,8484,8400,34660752,21,0,0,0,34660752,0,5138761,5178207,245759,255829,267520,4.280,4.280
e000830,exploratory,copy_contiguous,baseline,1,2,BAAB,k_pwrite,process,4096,100,4,4,new_name,synthetic_sweep,1,54215100a825da9eb7cfbd8f045e54ef05fb29bd,false,1b36f48efea63210dfeeee7270dea968ab5ba58da27f90aa42845eb8a64a6649,12b1dafe765a77d1a17115b0ae12cff973f20ed7d6d770fbd790695fe081288e,0e4833553be7825885da5ea99bceab292cc8abee6414d58b31864afe8ca9f944,c89b17de3d4d36a4e106517b0737619bd65f0e2877d95adbf2f297762f71fb7b,6e938dfcd266a2b0eac811d7ea7eabbd5b217965f88efa81371465134dbcab11,2026-07-15T18:56:31.443392+00:00,8o8-arch,7.0.12-arch1-1,AMD Ryzen 9 3900X 12-Core Processor,"logical=24,cores=12,sockets=1,nodes=1",performance,rustc 1.97.0 (2d8144b78 2026-07-07),22.1.6,cargo 1.97.0 (c980f4866 2026-06-30),"release,lto=thin,debug=true",/home/bob/.cache/mess-bench,/dev/nvme0n1p3,ext4,/home,Samsung SSD 970 EVO Plus 2TB,[none] mq-deadline kyber bfq,249456562176,4096,1024,payload[i]=(i*131+17)&0xff,3.9326171875,accepted,,4,8,0,21,bytes,8484,8400,34660752,168,0,0,0,0,0,4536290,6780085,155200,217589,3611828,3.930,3.930
e000831,exploratory,copy_contiguous,baseline,1,3,BAAB,k_pwrite,process,4096,100,4,4,new_name,synthetic_sweep,1,54215100a825da9eb7cfbd8f045e54ef05fb29bd,false,1b36f48efea63210dfeeee7270dea968ab5ba58da27f90aa42845eb8a64a6649,12b1dafe765a77d1a17115b0ae12cff973f20ed7d6d770fbd790695fe081288e,0e4833553be7825885da5ea99bceab292cc8abee6414d58b31864afe8ca9f944,c89b17de3d4d36a4e106517b0737619bd65f0e2877d95adbf2f297762f71fb7b,6e938dfcd266a2b0eac811d7ea7eabbd5b217965f88efa81371465134dbcab11,2026-07-15T18:56:32.463767+00:00,8o8-arch,7.0.12-arch1-1,AMD Ryzen 9 3900X 12-Core Processor,"logical=24,cores=12,sockets=1,nodes=1",performance,rustc 1.97.0 (2d8144b78 2026-07-07),22.1.6,cargo 1.97.0 (c980f4866 2026-06-30),"release,lto=thin,debug=true",/home/bob/.cache/mess-bench,/dev/nvme0n1p3,ext4,/home,Samsung SSD 970 EVO Plus 2TB,[none] mq-deadline kyber bfq,249456562176,4096,1024,payload[i]=(i*131+17)&0xff,3.9326171875,accepted,,4,8,0,21,bytes,8484,8400,34660752,168,0,0,0,0,0,2971511,3009708,140510,160430,166600,3.930,3.930
e000832,exploratory,copy_contiguous,candidate,1,4,BAAB,copy_contiguous,process,4096,100,4,4,new_name,synthetic_sweep,1,54215100a825da9eb7cfbd8f045e54ef05fb29bd,false,1b36f48efea63210dfeeee7270dea968ab5ba58da27f90aa42845eb8a64a6649,12b1dafe765a77d1a17115b0ae12cff973f20ed7d6d770fbd790695fe081288e,0e4833553be7825885da5ea99bceab292cc8abee6414d58b31864afe8ca9f944,c89b17de3d4d36a4e106517b0737619bd65f0e2877d95adbf2f297762f71fb7b,6e938dfcd266a2b0eac811d7ea7eabbd5b217965f88efa81371465134dbcab11,2026-07-15T18:56:33.488903+00:00,8o8-arch,7.0.12-arch1-1,AMD Ryzen 9 3900X 12-Core Processor,"logical=24,cores=12,sockets=1,nodes=1",performance,rustc 1.97.0 (2d8144b78 2026-07-07),22.1.6,cargo 1.97.0 (c980f4866 2026-06-30),"release,lto=thin,debug=true",/home/bob/.cache/mess-bench,/dev/nvme0n1p3,ext4,/home,Samsung SSD 970 EVO Plus 2TB,[none] mq-deadline kyber bfq,249456549888,4096,1024,payload[i]=(i*131+17)&0xff,3.9326171875,accepted,,4,8,0,21,bytes,8484,8400,34660752,21,0,0,0,34660752,0,5086061,5118266,241930,255040,256750,3.930,3.930
e000833,exploratory,pwritev_full_8m,baseline,1,1,ABBA,k_pwrite,process,4096,1000,2,2,domain,synthetic_sweep,1,54215100a825da9eb7cfbd8f045e54ef05fb29bd,false,1b36f48efea63210dfeeee7270dea968ab5ba58da27f90aa42845eb8a64a6649,12b1dafe765a77d1a17115b0ae12cff973f20ed7d6d770fbd790695fe081288e,0e4833553be7825885da5ea99bceab292cc8abee6414d58b31864afe8ca9f944,c89b17de3d4d36a4e106517b0737619bd65f0e2877d95adbf2f297762f71fb7b,6e938dfcd266a2b0eac811d7ea7eabbd5b217965f88efa81371465134dbcab11,2026-07-15T18:56:34.512313+00:00,8o8-arch,7.0.12-arch1-1,AMD Ryzen 9 3900X 12-Core Processor,"logical=24,cores=12,sockets=1,nodes=1",performance,rustc 1.97.0 (2d8144b78 2026-07-07),22.1.6,cargo 1.97.0 (c980f4866 2026-06-30),"release,lto=thin,debug=true",/home/bob/.cache/mess-bench,/dev/nvme0n1p3,ext4,/home,Samsung SSD 970 EVO Plus 2TB,[none] mq-deadline kyber bfq,249456549888,4096,1024,payload[i]=(i*131+17)&0xff,3.9326171875,accepted,,2,2,0,5,bytes,10000,10000,41240880,10,0,0,0,0,0,3084151,3109538,635080,643279,643279,3.930,3.930
e000834,exploratory,pwritev_full_8m,candidate,1,2,ABBA,pwritev_full_8m,process,4096,1000,2,2,domain,synthetic_sweep,1,54215100a825da9eb7cfbd8f045e54ef05fb29bd,false,1b36f48efea63210dfeeee7270dea968ab5ba58da27f90aa42845eb8a64a6649,12b1dafe765a77d1a17115b0ae12cff973f20ed7d6d770fbd790695fe081288e,0e4833553be7825885da5ea99bceab292cc8abee6414d58b31864afe8ca9f944,c89b17de3d4d36a4e106517b0737619bd65f0e2877d95adbf2f297762f71fb7b,6e938dfcd266a2b0eac811d7ea7eabbd5b217965f88efa81371465134dbcab11,2026-07-15T18:56:35.539940+00:00,8o8-arch,7.0.12-arch1-1,AMD Ryzen 9 3900X 12-Core Processor,"logical=24,cores=12,sockets=1,nodes=1",performance,rustc 1.97.0 (2d8144b78 2026-07-07),22.1.6,cargo 1.97.0 (c980f4866 2026-06-30),"release,lto=thin,debug=true",/home/bob/.cache/mess-bench,/dev/nvme0n1p3,ext4,/home,Samsung SSD 970 EVO Plus 2TB,[none] mq-deadline kyber bfq,249456545792,4096,1024,payload[i]=(i*131+17)&0xff,3.9326171875,accepted,,2,2,0,5,bytes,10000,10000,41240880,5,0,0,2,0,0,3880321,3917477,726199,1129129,1129129,3.930,3.930
e000835,exploratory,pwritev_full_8m,candidate,1,3,ABBA,pwritev_full_8m,process,4096,1000,2,2,domain,synthetic_sweep,1,54215100a825da9eb7cfbd8f045e54ef05fb29bd,false,1b36f48efea63210dfeeee7270dea968ab5ba58da27f90aa42845eb8a64a6649,12b1dafe765a77d1a17115b0ae12cff973f20ed7d6d770fbd790695fe081288e,0e4833553be7825885da5ea99bceab292cc8abee6414d58b31864afe8ca9f944,c89b17de3d4d36a4e106517b0737619bd65f0e2877d95adbf2f297762f71fb7b,6e938dfcd266a2b0eac811d7ea7eabbd5b217965f88efa81371465134dbcab11,2026-07-15T18:56:36.572541+00:00,8o8-arch,7.0.12-arch1-1,AMD Ryzen 9 3900X 12-Core Processor,"logical=24,cores=12,sockets=1,nodes=1",performance,rustc 1.97.0 (2d8144b78 2026-07-07),22.1.6,cargo 1.97.0 (c980f4866 2026-06-30),"release,lto=thin,debug=true",/home/bob/.cache/mess-bench,/dev/nvme0n1p3,ext4,/home,Samsung SSD 970 EVO Plus 2TB,[none] mq-deadline kyber bfq,249456541696,4096,1024,payload[i]=(i*131+17)&0xff,3.61767578125,accepted,,2,2,0,5,bytes,10000,10000,41240880,5,0,0,2,0,0,3327521,3360508,708640,772229,772229,3.620,3.620
e000836,exploratory,pwritev_full_8m,baseline,1,4,ABBA,k_pwrite,process,4096,1000,2,2,domain,synthetic_sweep,1,54215100a825da9eb7cfbd8f045e54ef05fb29bd,false,1b36f48efea63210dfeeee7270dea968ab5ba58da27f90aa42845eb8a64a6649,12b1dafe765a77d1a17115b0ae12cff973f20ed7d6d770fbd790695fe081288e,0e4833553be7825885da5ea99bceab292cc8abee6414d58b31864afe8ca9f944,c89b17de3d4d36a4e106517b0737619bd65f0e2877d95adbf2f297762f71fb7b,6e938dfcd266a2b0eac811d7ea7eabbd5b217965f88efa81371465134dbcab11,2026-07-15T18:56:37.597620+00:00,8o8-arch,7.0.12-arch1-1,AMD Ryzen 9 3900X 12-Core Processor,"logical=24,cores=12,sockets=1,nodes=1",performance,rustc 1.97.0 (2d8144b78 2026-07-07),22.1.6,cargo 1.97.0 (c980f4866 2026-06-30),"release,lto=thin,debug=true",/home/bob/.cache/mess-bench,/dev/nvme0n1p3,ext4,/home,Samsung SSD 970 EVO Plus 2TB,[none] mq-deadline kyber bfq,249456537600,4096,1024,payload[i]=(i*131+17)&0xff,3.61767578125,accepted,,2,2,0,5,bytes,10000,10000,41240880,10,0,0,0,0,0,4502881,4526787,623169,2011249,2011249,3.620,3.620
e000837,exploratory,copy_contiguous,candidate,1,1,BAAB,copy_contiguous,process,4096,1000,2,2,domain,synthetic_sweep,1,54215100a825da9eb7cfbd8f045e54ef05fb29bd,false,1b36f48efea63210dfeeee7270dea968ab5ba58da27f90aa42845eb8a64a6649,12b1dafe765a77d1a17115b0ae12cff973f20ed7d6d770fbd790695fe081288e,0e4833553be7825885da5ea99bceab292cc8abee6414d58b31864afe8ca9f944,c89b17de3d4d36a4e106517b0737619bd65f0e2877d95adbf2f297762f71fb7b,6e938dfcd266a2b0eac811d7ea7eabbd5b217965f88efa81371465134dbcab11,2026-07-15T18:56:38.623083+00:00,8o8-arch,7.0.12-arch1-1,AMD Ryzen 9 3900X 12-Core Processor,"logical=24,cores=12,sockets=1,nodes=1",performance,rustc 1.97.0 (2d8144b78 2026-07-07),22.1.6,cargo 1.97.0 (c980f4866 2026-06-30),"release,lto=thin,debug=true",/home/bob/.cache/mess-bench,/dev/nvme0n1p3,ext4,/home,Samsung SSD 970 EVO Plus 2TB,[none] mq-deadline kyber bfq,249456529408,4096,1024,payload[i]=(i*131+17)&0xff,3.61767578125,accepted,,2,2,0,5,bytes,10000,10000,41240880,5,0,0,0,41240880,0,10588882,10673953,2017868,2569728,2569728,3.620,3.620
e000838,exploratory,copy_contiguous,baseline,1,2,BAAB,k_pwrite,process,4096,1000,2,2,domain,synthetic_sweep,1,54215100a825da9eb7cfbd8f045e54ef05fb29bd,false,1b36f48efea63210dfeeee7270dea968ab5ba58da27f90aa42845eb8a64a6649,12b1dafe765a77d1a17115b0ae12cff973f20ed7d6d770fbd790695fe081288e,0e4833553be7825885da5ea99bceab292cc8abee6414d58b31864afe8ca9f944,c89b17de3d4d36a4e106517b0737619bd65f0e2877d95adbf2f297762f71fb7b,6e938dfcd266a2b0eac811d7ea7eabbd5b217965f88efa81371465134dbcab11,2026-07-15T18:56:39.647576+00:00,8o8-arch,7.0.12-arch1-1,AMD Ryzen 9 3900X 12-Core Processor,"logical=24,cores=12,sockets=1,nodes=1",performance,rustc 1.97.0 (2d8144b78 2026-07-07),22.1.6,cargo 1.97.0 (c980f4866 2026-06-30),"release,lto=thin,debug=true",/home/bob/.cache/mess-bench,/dev/nvme0n1p3,ext4,/home,Samsung SSD 970 EVO Plus 2TB,[none] mq-deadline kyber bfq,249456525312,4096,1024,payload[i]=(i*131+17)&0xff,3.61767578125,accepted,,2,2,0,5,bytes,10000,10000,41240880,10,0,0,0,0,0,3026861,3052868,554330,840639,840639,3.620,3.620
e000839,exploratory,copy_contiguous,baseline,1,3,BAAB,k_pwrite,process,4096,1000,2,2,domain,synthetic_sweep,1,54215100a825da9eb7cfbd8f045e54ef05fb29bd,false,1b36f48efea63210dfeeee7270dea968ab5ba58da27f90aa42845eb8a64a6649,12b1dafe765a77d1a17115b0ae12cff973f20ed7d6d770fbd790695fe081288e,0e4833553be7825885da5ea99bceab292cc8abee6414d58b31864afe8ca9f944,c89b17de3d4d36a4e106517b0737619bd65f0e2877d95adbf2f297762f71fb7b,6e938dfcd266a2b0eac811d7ea7eabbd5b217965f88efa81371465134dbcab11,2026-07-15T18:56:40.678054+00:00,8o8-arch,7.0.12-arch1-1,AMD Ryzen 9 3900X 12-Core Processor,"logical=24,cores=12,sockets=1,nodes=1",performance,rustc 1.97.0 (2d8144b78 2026-07-07),22.1.6,cargo 1.97.0 (c980f4866 2026-06-30),"release,lto=thin,debug=true",/home/bob/.cache/mess-bench,/dev/nvme0n1p3,ext4,/home,Samsung SSD 970 EVO Plus 2TB,[none] mq-deadline kyber bfq,249456492544,4096,1024,payload[i]=(i*131+17)&0xff,3.61767578125,accepted,,2,2,0,5,bytes,10000,10000,41240880,10,0,0,0,0,0,3034571,3073848,562610,766980,766980,3.620,3.620
e000840,exploratory,copy_contiguous,candidate,1,4,BAAB,copy_contiguous,process,4096,1000,2,2,domain,synthetic_sweep,1,54215100a825da9eb7cfbd8f045e54ef05fb29bd,false,1b36f48efea63210dfeeee7270dea968ab5ba58da27f90aa42845eb8a64a6649,12b1dafe765a77d1a17115b0ae12cff973f20ed7d6d770fbd790695fe081288e,0e4833553be7825885da5ea99bceab292cc8abee6414d58b31864afe8ca9f944,c89b17de3d4d36a4e106517b0737619bd65f0e2877d95adbf2f297762f71fb7b,6e938dfcd266a2b0eac811d7ea7eabbd5b217965f88efa81371465134dbcab11,2026-07-15T18:56:41.700499+00:00,8o8-arch,7.0.12-arch1-1,AMD Ryzen 9 3900X 12-Core Processor,"logical=24,cores=12,sockets=1,nodes=1",performance,rustc 1.97.0 (2d8144b78 2026-07-07),22.1.6,cargo 1.97.0 (c980f4866 2026-06-30),"release,lto=thin,debug=true",/home/bob/.cache/mess-bench,/dev/nvme0n1p3,ext4,/home,Samsung SSD 970 EVO Plus 2TB,[none] mq-deadline kyber bfq,249456521216,4096,1024,payload[i]=(i*131+17)&0xff,3.40771484375,accepted,,2,2,0,5,bytes,10000,10000,41240880,5,0,0,0,41240880,0,7958322,8036174,1547369,1917398,1917398,3.410,3.410
e000841,exploratory,pwritev_full_8m,baseline,1,1,ABBA,k_pwrite,process,4096,1000,2,2,new_name,synthetic_sweep,1,54215100a825da9eb7cfbd8f045e54ef05fb29bd,false,1b36f48efea63210dfeeee7270dea968ab5ba58da27f90aa42845eb8a64a6649,12b1dafe765a77d1a17115b0ae12cff973f20ed7d6d770fbd790695fe081288e,0e4833553be7825885da5ea99bceab292cc8abee6414d58b31864afe8ca9f944,c89b17de3d4d36a4e106517b0737619bd65f0e2877d95adbf2f297762f71fb7b,6e938dfcd266a2b0eac811d7ea7eabbd5b217965f88efa81371465134dbcab11,2026-07-15T18:56:42.731928+00:00,8o8-arch,7.0.12-arch1-1,AMD Ryzen 9 3900X 12-Core Processor,"logical=24,cores=12,sockets=1,nodes=1",performance,rustc 1.97.0 (2d8144b78 2026-07-07),22.1.6,cargo 1.97.0 (c980f4866 2026-06-30),"release,lto=thin,debug=true",/home/bob/.cache/mess-bench,/dev/nvme0n1p3,ext4,/home,Samsung SSD 970 EVO Plus 2TB,[none] mq-deadline kyber bfq,249456517120,4096,1024,payload[i]=(i*131+17)&0xff,3.40771484375,accepted,,2,4,0,5,bytes,10010,10000,41242280,20,0,0,0,0,0,6021512,6611975,612070,4227867,4227867,3.410,3.410
e000842,exploratory,pwritev_full_8m,candidate,1,2,ABBA,pwritev_full_8m,process,4096,1000,2,2,new_name,synthetic_sweep,1,54215100a825da9eb7cfbd8f045e54ef05fb29bd,false,1b36f48efea63210dfeeee7270dea968ab5ba58da27f90aa42845eb8a64a6649,12b1dafe765a77d1a17115b0ae12cff973f20ed7d6d770fbd790695fe081288e,0e4833553be7825885da5ea99bceab292cc8abee6414d58b31864afe8ca9f944,c89b17de3d4d36a4e106517b0737619bd65f0e2877d95adbf2f297762f71fb7b,6e938dfcd266a2b0eac811d7ea7eabbd5b217965f88efa81371465134dbcab11,2026-07-15T18:56:43.762048+00:00,8o8-arch,7.0.12-arch1-1,AMD Ryzen 9 3900X 12-Core Processor,"logical=24,cores=12,sockets=1,nodes=1",performance,rustc 1.97.0 (2d8144b78 2026-07-07),22.1.6,cargo 1.97.0 (c980f4866 2026-06-30),"release,lto=thin,debug=true",/home/bob/.cache/mess-bench,/dev/nvme0n1p3,ext4,/home,Samsung SSD 970 EVO Plus 2TB,[none] mq-deadline kyber bfq,249456517120,4096,1024,payload[i]=(i*131+17)&0xff,3.40771484375,accepted,,2,4,0,5,bytes,10010,10000,41242280,5,0,0,4,0,0,6880742,6940905,626300,4447647,4447647,3.410,3.410
e000843,exploratory,pwritev_full_8m,candidate,1,3,ABBA,pwritev_full_8m,process,4096,1000,2,2,new_name,synthetic_sweep,1,54215100a825da9eb7cfbd8f045e54ef05fb29bd,false,1b36f48efea63210dfeeee7270dea968ab5ba58da27f90aa42845eb8a64a6649,12b1dafe765a77d1a17115b0ae12cff973f20ed7d6d770fbd790695fe081288e,0e4833553be7825885da5ea99bceab292cc8abee6414d58b31864afe8ca9f944,c89b17de3d4d36a4e106517b0737619bd65f0e2877d95adbf2f297762f71fb7b,6e938dfcd266a2b0eac811d7ea7eabbd5b217965f88efa81371465134dbcab11,2026-07-15T18:56:44.793964+00:00,8o8-arch,7.0.12-arch1-1,AMD Ryzen 9 3900X 12-Core Processor,"logical=24,cores=12,sockets=1,nodes=1",performance,rustc 1.97.0 (2d8144b78 2026-07-07),22.1.6,cargo 1.97.0 (c980f4866 2026-06-30),"release,lto=thin,debug=true",/home/bob/.cache/mess-bench,/dev/nvme0n1p3,ext4,/home,Samsung SSD 970 EVO Plus 2TB,[none] mq-deadline kyber bfq,249456508928,4096,1024,payload[i]=(i*131+17)&0xff,3.40771484375,accepted,,2,4,0,5,bytes,10010,10000,41242280,5,0,0,4,0,0,3092711,3122258,613019,650870,650870,3.410,3.410
e000844,exploratory,pwritev_full_8m,baseline,1,4,ABBA,k_pwrite,process,4096,1000,2,2,new_name,synthetic_sweep,1,54215100a825da9eb7cfbd8f045e54ef05fb29bd,false,1b36f48efea63210dfeeee7270dea968ab5ba58da27f90aa42845eb8a64a6649,12b1dafe765a77d1a17115b0ae12cff973f20ed7d6d770fbd790695fe081288e,0e4833553be7825885da5ea99bceab292cc8abee6414d58b31864afe8ca9f944,c89b17de3d4d36a4e106517b0737619bd65f0e2877d95adbf2f297762f71fb7b,6e938dfcd266a2b0eac811d7ea7eabbd5b217965f88efa81371465134dbcab11,2026-07-15T18:56:45.824839+00:00,8o8-arch,7.0.12-arch1-1,AMD Ryzen 9 3900X 12-Core Processor,"logical=24,cores=12,sockets=1,nodes=1",performance,rustc 1.97.0 (2d8144b78 2026-07-07),22.1.6,cargo 1.97.0 (c980f4866 2026-06-30),"release,lto=thin,debug=true",/home/bob/.cache/mess-bench,/dev/nvme0n1p3,ext4,/home,Samsung SSD 970 EVO Plus 2TB,[none] mq-deadline kyber bfq,249456500736,4096,1024,payload[i]=(i*131+17)&0xff,3.40771484375,accepted,,2,4,0,5,bytes,10010,10000,41242280,20,0,0,0,0,0,2732880,2749638,548499,558170,558170,3.410,3.410
e000845,exploratory,copy_contiguous,candidate,1,1,BAAB,copy_contiguous,process,4096,1000,2,2,new_name,synthetic_sweep,1,54215100a825da9eb7cfbd8f045e54ef05fb29bd,false,1b36f48efea63210dfeeee7270dea968ab5ba58da27f90aa42845eb8a64a6649,12b1dafe765a77d1a17115b0ae12cff973f20ed7d6d770fbd790695fe081288e,0e4833553be7825885da5ea99bceab292cc8abee6414d58b31864afe8ca9f944,c89b17de3d4d36a4e106517b0737619bd65f0e2877d95adbf2f297762f71fb7b,6e938dfcd266a2b0eac811d7ea7eabbd5b217965f88efa81371465134dbcab11,2026-07-15T18:56:46.856412+00:00,8o8-arch,7.0.12-arch1-1,AMD Ryzen 9 3900X 12-Core Processor,"logical=24,cores=12,sockets=1,nodes=1",performance,rustc 1.97.0 (2d8144b78 2026-07-07),22.1.6,cargo 1.97.0 (c980f4866 2026-06-30),"release,lto=thin,debug=true",/home/bob/.cache/mess-bench,/dev/nvme0n1p3,ext4,/home,Samsung SSD 970 EVO Plus 2TB,[none] mq-deadline kyber bfq,249456500736,4096,1024,payload[i]=(i*131+17)&0xff,3.21484375,accepted,,2,4,0,5,bytes,10010,10000,41242280,5,0,0,0,41242280,0,7876362,7940984,1590268,1601899,1601899,3.210,3.210
e000846,exploratory,copy_contiguous,baseline,1,2,BAAB,k_pwrite,process,4096,1000,2,2,new_name,synthetic_sweep,1,54215100a825da9eb7cfbd8f045e54ef05fb29bd,false,1b36f48efea63210dfeeee7270dea968ab5ba58da27f90aa42845eb8a64a6649,12b1dafe765a77d1a17115b0ae12cff973f20ed7d6d770fbd790695fe081288e,0e4833553be7825885da5ea99bceab292cc8abee6414d58b31864afe8ca9f944,c89b17de3d4d36a4e106517b0737619bd65f0e2877d95adbf2f297762f71fb7b,6e938dfcd266a2b0eac811d7ea7eabbd5b217965f88efa81371465134dbcab11,2026-07-15T18:56:47.884168+00:00,8o8-arch,7.0.12-arch1-1,AMD Ryzen 9 3900X 12-Core Processor,"logical=24,cores=12,sockets=1,nodes=1",performance,rustc 1.97.0 (2d8144b78 2026-07-07),22.1.6,cargo 1.97.0 (c980f4866 2026-06-30),"release,lto=thin,debug=true",/home/bob/.cache/mess-bench,/dev/nvme0n1p3,ext4,/home,Samsung SSD 970 EVO Plus 2TB,[none] mq-deadline kyber bfq,249456513024,4096,1024,payload[i]=(i*131+17)&0xff,3.21484375,accepted,,2,4,0,5,bytes,10010,10000,41242280,20,0,0,0,0,0,2869931,2889918,569610,613829,613829,3.210,3.210
e000847,exploratory,copy_contiguous,baseline,1,3,BAAB,k_pwrite,process,4096,1000,2,2,new_name,synthetic_sweep,1,54215100a825da9eb7cfbd8f045e54ef05fb29bd,false,1b36f48efea63210dfeeee7270dea968ab5ba58da27f90aa42845eb8a64a6649,12b1dafe765a77d1a17115b0ae12cff973f20ed7d6d770fbd790695fe081288e,0e4833553be7825885da5ea99bceab292cc8abee6414d58b31864afe8ca9f944,c89b17de3d4d36a4e106517b0737619bd65f0e2877d95adbf2f297762f71fb7b,6e938dfcd266a2b0eac811d7ea7eabbd5b217965f88efa81371465134dbcab11,2026-07-15T18:56:48.912793+00:00,8o8-arch,7.0.12-arch1-1,AMD Ryzen 9 3900X 12-Core Processor,"logical=24,cores=12,sockets=1,nodes=1",performance,rustc 1.97.0 (2d8144b78 2026-07-07),22.1.6,cargo 1.97.0 (c980f4866 2026-06-30),"release,lto=thin,debug=true",/home/bob/.cache/mess-bench,/dev/nvme0n1p3,ext4,/home,Samsung SSD 970 EVO Plus 2TB,[none] mq-deadline kyber bfq,249456508928,4096,1024,payload[i]=(i*131+17)&0xff,3.21484375,accepted,,2,4,0,5,bytes,10010,10000,41242280,20,0,0,0,0,0,2802251,2823158,560909,598059,598059,3.210,3.210
e000848,exploratory,copy_contiguous,candidate,1,4,BAAB,copy_contiguous,process,4096,1000,2,2,new_name,synthetic_sweep,1,54215100a825da9eb7cfbd8f045e54ef05fb29bd,false,1b36f48efea63210dfeeee7270dea968ab5ba58da27f90aa42845eb8a64a6649,12b1dafe765a77d1a17115b0ae12cff973f20ed7d6d770fbd790695fe081288e,0e4833553be7825885da5ea99bceab292cc8abee6414d58b31864afe8ca9f944,c89b17de3d4d36a4e106517b0737619bd65f0e2877d95adbf2f297762f71fb7b,6e938dfcd266a2b0eac811d7ea7eabbd5b217965f88efa81371465134dbcab11,2026-07-15T18:56:49.933837+00:00,8o8-arch,7.0.12-arch1-1,AMD Ryzen 9 3900X 12-Core Processor,"logical=24,cores=12,sockets=1,nodes=1",performance,rustc 1.97.0 (2d8144b78 2026-07-07),22.1.6,cargo 1.97.0 (c980f4866 2026-06-30),"release,lto=thin,debug=true",/home/bob/.cache/mess-bench,/dev/nvme0n1p3,ext4,/home,Samsung SSD 970 EVO Plus 2TB,[none] mq-deadline kyber bfq,249456504832,4096,1024,payload[i]=(i*131+17)&0xff,3.21484375,accepted,,2,4,0,5,bytes,10010,10000,41242280,5,0,0,0,41242280,0,7671852,7746695,1568689,1632349,1632349,3.210,3.210
e000849,exploratory,pwritev_full_8m,baseline,1,1,ABBA,k_pwrite,process,4096,1000,4,4,domain,synthetic_sweep,1,54215100a825da9eb7cfbd8f045e54ef05fb29bd,false,1b36f48efea63210dfeeee7270dea968ab5ba58da27f90aa42845eb8a64a6649,12b1dafe765a77d1a17115b0ae12cff973f20ed7d6d770fbd790695fe081288e,0e4833553be7825885da5ea99bceab292cc8abee6414d58b31864afe8ca9f944,c89b17de3d4d36a4e106517b0737619bd65f0e2877d95adbf2f297762f71fb7b,6e938dfcd266a2b0eac811d7ea7eabbd5b217965f88efa81371465134dbcab11,2026-07-15T18:56:50.964883+00:00,8o8-arch,7.0.12-arch1-1,AMD Ryzen 9 3900X 12-Core Processor,"logical=24,cores=12,sockets=1,nodes=1",performance,rustc 1.97.0 (2d8144b78 2026-07-07),22.1.6,cargo 1.97.0 (c980f4866 2026-06-30),"release,lto=thin,debug=true",/home/bob/.cache/mess-bench,/dev/nvme0n1p3,ext4,/home,Samsung SSD 970 EVO Plus 2TB,[none] mq-deadline kyber bfq,249456508928,4096,1024,payload[i]=(i*131+17)&0xff,3.21484375,accepted,,4,4,0,3,bytes,12000,12000,49489056,12,0,0,0,0,0,4796441,4826306,1586879,1720739,1720739,3.200,3.200
e000850,exploratory,pwritev_full_8m,candidate,1,2,ABBA,pwritev_full_8m,process,4096,1000,4,4,domain,synthetic_sweep,1,54215100a825da9eb7cfbd8f045e54ef05fb29bd,false,1b36f48efea63210dfeeee7270dea968ab5ba58da27f90aa42845eb8a64a6649,12b1dafe765a77d1a17115b0ae12cff973f20ed7d6d770fbd790695fe081288e,0e4833553be7825885da5ea99bceab292cc8abee6414d58b31864afe8ca9f944,c89b17de3d4d36a4e106517b0737619bd65f0e2877d95adbf2f297762f71fb7b,6e938dfcd266a2b0eac811d7ea7eabbd5b217965f88efa81371465134dbcab11,2026-07-15T18:56:51.994775+00:00,8o8-arch,7.0.12-arch1-1,AMD Ryzen 9 3900X 12-Core Processor,"logical=24,cores=12,sockets=1,nodes=1",performance,rustc 1.97.0 (2d8144b78 2026-07-07),22.1.6,cargo 1.97.0 (c980f4866 2026-06-30),"release,lto=thin,debug=true",/home/bob/.cache/mess-bench,/dev/nvme0n1p3,ext4,/home,Samsung SSD 970 EVO Plus 2TB,[none] mq-deadline kyber bfq,249456500736,4096,1024,payload[i]=(i*131+17)&0xff,3.197265625,accepted,,4,4,0,3,bytes,12000,12000,49489056,6,0,0,3,0,0,5215602,5263266,1788168,1919259,1919259,3.200,3.200
e000851,exploratory,pwritev_full_8m,candidate,1,3,ABBA,pwritev_full_8m,process,4096,1000,4,4,domain,synthetic_sweep,1,54215100a825da9eb7cfbd8f045e54ef05fb29bd,false,1b36f48efea63210dfeeee7270dea968ab5ba58da27f90aa42845eb8a64a6649,12b1dafe765a77d1a17115b0ae12cff973f20ed7d6d770fbd790695fe081288e,0e4833553be7825885da5ea99bceab292cc8abee6414d58b31864afe8ca9f944,c89b17de3d4d36a4e106517b0737619bd65f0e2877d95adbf2f297762f71fb7b,6e938dfcd266a2b0eac811d7ea7eabbd5b217965f88efa81371465134dbcab11,2026-07-15T18:56:53.031232+00:00,8o8-arch,7.0.12-arch1-1,AMD Ryzen 9 3900X 12-Core Processor,"logical=24,cores=12,sockets=1,nodes=1",performance,rustc 1.97.0 (2d8144b78 2026-07-07),22.1.6,cargo 1.97.0 (c980f4866 2026-06-30),"release,lto=thin,debug=true",/home/bob/.cache/mess-bench,/dev/nvme0n1p3,ext4,/home,Samsung SSD 970 EVO Plus 2TB,[none] mq-deadline kyber bfq,249456459776,4096,1024,payload[i]=(i*131+17)&0xff,3.197265625,accepted,,4,4,0,3,bytes,12000,12000,49489056,6,0,0,3,0,0,5171951,5226456,1757848,1783829,1783829,3.200,3.200
e000852,exploratory,pwritev_full_8m,baseline,1,4,ABBA,k_pwrite,process,4096,1000,4,4,domain,synthetic_sweep,1,54215100a825da9eb7cfbd8f045e54ef05fb29bd,false,1b36f48efea63210dfeeee7270dea968ab5ba58da27f90aa42845eb8a64a6649,12b1dafe765a77d1a17115b0ae12cff973f20ed7d6d770fbd790695fe081288e,0e4833553be7825885da5ea99bceab292cc8abee6414d58b31864afe8ca9f944,c89b17de3d4d36a4e106517b0737619bd65f0e2877d95adbf2f297762f71fb7b,6e938dfcd266a2b0eac811d7ea7eabbd5b217965f88efa81371465134dbcab11,2026-07-15T18:56:54.062348+00:00,8o8-arch,7.0.12-arch1-1,AMD Ryzen 9 3900X 12-Core Processor,"logical=24,cores=12,sockets=1,nodes=1",performance,rustc 1.97.0 (2d8144b78 2026-07-07),22.1.6,cargo 1.97.0 (c980f4866 2026-06-30),"release,lto=thin,debug=true",/home/bob/.cache/mess-bench,/dev/nvme0n1p3,ext4,/home,Samsung SSD 970 EVO Plus 2TB,[none] mq-deadline kyber bfq,249456451584,4096,1024,payload[i]=(i*131+17)&0xff,3.197265625,accepted,,4,4,0,3,bytes,12000,12000,49489056,12,0,0,0,0,0,5601152,5650496,1771579,2198178,2198178,3.200,3.200
e000853,exploratory,pwritev_full_8m,candidate,1,1,BAAB,pwritev_full_8m,process,4096,1000,4,4,new_name,synthetic_sweep,1,54215100a825da9eb7cfbd8f045e54ef05fb29bd,false,1b36f48efea63210dfeeee7270dea968ab5ba58da27f90aa42845eb8a64a6649,12b1dafe765a77d1a17115b0ae12cff973f20ed7d6d770fbd790695fe081288e,0e4833553be7825885da5ea99bceab292cc8abee6414d58b31864afe8ca9f944,c89b17de3d4d36a4e106517b0737619bd65f0e2877d95adbf2f297762f71fb7b,6e938dfcd266a2b0eac811d7ea7eabbd5b217965f88efa81371465134dbcab11,2026-07-15T18:56:55.093445+00:00,8o8-arch,7.0.12-arch1-1,AMD Ryzen 9 3900X 12-Core Processor,"logical=24,cores=12,sockets=1,nodes=1",performance,rustc 1.97.0 (2d8144b78 2026-07-07),22.1.6,cargo 1.97.0 (c980f4866 2026-06-30),"release,lto=thin,debug=true",/home/bob/.cache/mess-bench,/dev/nvme0n1p3,ext4,/home,Samsung SSD 970 EVO Plus 2TB,[none] mq-deadline kyber bfq,249456451584,4096,1024,payload[i]=(i*131+17)&0xff,3.197265625,accepted,,4,8,0,3,bytes,12012,12000,49490736,6,0,0,6,0,0,4511791,4557856,1500699,1619888,1619888,3.200,3.200
e000854,exploratory,pwritev_full_8m,baseline,1,2,BAAB,k_pwrite,process,4096,1000,4,4,new_name,synthetic_sweep,1,54215100a825da9eb7cfbd8f045e54ef05fb29bd,false,1b36f48efea63210dfeeee7270dea968ab5ba58da27f90aa42845eb8a64a6649,12b1dafe765a77d1a17115b0ae12cff973f20ed7d6d770fbd790695fe081288e,0e4833553be7825885da5ea99bceab292cc8abee6414d58b31864afe8ca9f944,c89b17de3d4d36a4e106517b0737619bd65f0e2877d95adbf2f297762f71fb7b,6e938dfcd266a2b0eac811d7ea7eabbd5b217965f88efa81371465134dbcab11,2026-07-15T18:56:56.117048+00:00,8o8-arch,7.0.12-arch1-1,AMD Ryzen 9 3900X 12-Core Processor,"logical=24,cores=12,sockets=1,nodes=1",performance,rustc 1.97.0 (2d8144b78 2026-07-07),22.1.6,cargo 1.97.0 (c980f4866 2026-06-30),"release,lto=thin,debug=true",/home/bob/.cache/mess-bench,/dev/nvme0n1p3,ext4,/home,Samsung SSD 970 EVO Plus 2TB,[none] mq-deadline kyber bfq,249456451584,4096,1024,payload[i]=(i*131+17)&0xff,3.02099609375,accepted,,4,8,0,3,bytes,12012,12000,49490736,24,0,0,0,0,0,5718061,5771906,1920179,2194818,2194818,3.020,3.020
e000855,exploratory,pwritev_full_8m,baseline,1,3,BAAB,k_pwrite,process,4096,1000,4,4,new_name,synthetic_sweep,1,54215100a825da9eb7cfbd8f045e54ef05fb29bd,false,1b36f48efea63210dfeeee7270dea968ab5ba58da27f90aa42845eb8a64a6649,12b1dafe765a77d1a17115b0ae12cff973f20ed7d6d770fbd790695fe081288e,0e4833553be7825885da5ea99bceab292cc8abee6414d58b31864afe8ca9f944,c89b17de3d4d36a4e106517b0737619bd65f0e2877d95adbf2f297762f71fb7b,6e938dfcd266a2b0eac811d7ea7eabbd5b217965f88efa81371465134dbcab11,2026-07-15T18:56:57.145883+00:00,8o8-arch,7.0.12-arch1-1,AMD Ryzen 9 3900X 12-Core Processor,"logical=24,cores=12,sockets=1,nodes=1",performance,rustc 1.97.0 (2d8144b78 2026-07-07),22.1.6,cargo 1.97.0 (c980f4866 2026-06-30),"release,lto=thin,debug=true",/home/bob/.cache/mess-bench,/dev/nvme0n1p3,ext4,/home,Samsung SSD 970 EVO Plus 2TB,[none] mq-deadline kyber bfq,249456451584,4096,1024,payload[i]=(i*131+17)&0xff,3.02099609375,accepted,,4,8,0,3,bytes,12012,12000,49490736,24,0,0,0,0,0,6209872,6281295,2173089,2177408,2177408,3.020,3.020
e000856,exploratory,pwritev_full_8m,candidate,1,4,BAAB,pwritev_full_8m,process,4096,1000,4,4,new_name,synthetic_sweep,1,54215100a825da9eb7cfbd8f045e54ef05fb29bd,false,1b36f48efea63210dfeeee7270dea968ab5ba58da27f90aa42845eb8a64a6649,12b1dafe765a77d1a17115b0ae12cff973f20ed7d6d770fbd790695fe081288e,0e4833553be7825885da5ea99bceab292cc8abee6414d58b31864afe8ca9f944,c89b17de3d4d36a4e106517b0737619bd65f0e2877d95adbf2f297762f71fb7b,6e938dfcd266a2b0eac811d7ea7eabbd5b217965f88efa81371465134dbcab11,2026-07-15T18:56:58.175188+00:00,8o8-arch,7.0.12-arch1-1,AMD Ryzen 9 3900X 12-Core Processor,"logical=24,cores=12,sockets=1,nodes=1",performance,rustc 1.97.0 (2d8144b78 2026-07-07),22.1.6,cargo 1.97.0 (c980f4866 2026-06-30),"release,lto=thin,debug=true",/home/bob/.cache/mess-bench,/dev/nvme0n1p3,ext4,/home,Samsung SSD 970 EVO Plus 2TB,[none] mq-deadline kyber bfq,249456439296,4096,1024,payload[i]=(i*131+17)&0xff,3.02099609375,accepted,,4,8,0,3,bytes,12012,12000,49490736,6,0,0,6,0,0,5244251,5313146,1773119,1865559,1865559,3.020,3.020
e000857,exploratory,pwritev_full_8m,baseline,1,1,ABBA,k_pwrite,process,65536,1,2,2,domain,synthetic_sweep,1,54215100a825da9eb7cfbd8f045e54ef05fb29bd,false,1b36f48efea63210dfeeee7270dea968ab5ba58da27f90aa42845eb8a64a6649,12b1dafe765a77d1a17115b0ae12cff973f20ed7d6d770fbd790695fe081288e,0e4833553be7825885da5ea99bceab292cc8abee6414d58b31864afe8ca9f944,c89b17de3d4d36a4e106517b0737619bd65f0e2877d95adbf2f297762f71fb7b,6e938dfcd266a2b0eac811d7ea7eabbd5b217965f88efa81371465134dbcab11,2026-07-15T18:56:59.203264+00:00,8o8-arch,7.0.12-arch1-1,AMD Ryzen 9 3900X 12-Core Processor,"logical=24,cores=12,sockets=1,nodes=1",performance,rustc 1.97.0 (2d8144b78 2026-07-07),22.1.6,cargo 1.97.0 (c980f4866 2026-06-30),"release,lto=thin,debug=true",/home/bob/.cache/mess-bench,/dev/nvme0n1p3,ext4,/home,Samsung SSD 970 EVO Plus 2TB,[none] mq-deadline kyber bfq,249456427008,4096,1024,payload[i]=(i*131+17)&0xff,3.02099609375,accepted,,2,2,0,256,bytes,512,512,33613824,512,0,0,0,0,0,2405611,2425518,9050,12170,15660,3.020,3.020
e000858,exploratory,pwritev_full_8m,candidate,1,2,ABBA,pwritev_full_8m,process,65536,1,2,2,domain,synthetic_sweep,1,54215100a825da9eb7cfbd8f045e54ef05fb29bd,false,1b36f48efea63210dfeeee7270dea968ab5ba58da27f90aa42845eb8a64a6649,12b1dafe765a77d1a17115b0ae12cff973f20ed7d6d770fbd790695fe081288e,0e4833553be7825885da5ea99bceab292cc8abee6414d58b31864afe8ca9f944,c89b17de3d4d36a4e106517b0737619bd65f0e2877d95adbf2f297762f71fb7b,6e938dfcd266a2b0eac811d7ea7eabbd5b217965f88efa81371465134dbcab11,2026-07-15T18:57:00.234504+00:00,8o8-arch,7.0.12-arch1-1,AMD Ryzen 9 3900X 12-Core Processor,"logical=24,cores=12,sockets=1,nodes=1",performance,rustc 1.97.0 (2d8144b78 2026-07-07),22.1.6,cargo 1.97.0 (c980f4866 2026-06-30),"release,lto=thin,debug=true",/home/bob/.cache/mess-bench,/dev/nvme0n1p3,ext4,/home,Samsung SSD 970 EVO Plus 2TB,[none] mq-deadline kyber bfq,249456418816,4096,1024,payload[i]=(i*131+17)&0xff,3.02099609375,accepted,,2,2,0,256,bytes,512,512,33613824,256,0,0,2,0,0,1723450,1738118,6200,10180,13250,3.020,3.020
e000859,exploratory,pwritev_full_8m,candidate,1,3,ABBA,pwritev_full_8m,process,65536,1,2,2,domain,synthetic_sweep,1,54215100a825da9eb7cfbd8f045e54ef05fb29bd,false,1b36f48efea63210dfeeee7270dea968ab5ba58da27f90aa42845eb8a64a6649,12b1dafe765a77d1a17115b0ae12cff973f20ed7d6d770fbd790695fe081288e,0e4833553be7825885da5ea99bceab292cc8abee6414d58b31864afe8ca9f944,c89b17de3d4d36a4e106517b0737619bd65f0e2877d95adbf2f297762f71fb7b,6e938dfcd266a2b0eac811d7ea7eabbd5b217965f88efa81371465134dbcab11,2026-07-15T18:57:01.264982+00:00,8o8-arch,7.0.12-arch1-1,AMD Ryzen 9 3900X 12-Core Processor,"logical=24,cores=12,sockets=1,nodes=1",performance,rustc 1.97.0 (2d8144b78 2026-07-07),22.1.6,cargo 1.97.0 (c980f4866 2026-06-30),"release,lto=thin,debug=true",/home/bob/.cache/mess-bench,/dev/nvme0n1p3,ext4,/home,Samsung SSD 970 EVO Plus 2TB,[none] mq-deadline kyber bfq,249456418816,4096,1024,payload[i]=(i*131+17)&0xff,2.85888671875,accepted,,2,2,0,256,bytes,512,512,33613824,256,0,0,2,0,0,1854110,1875519,6840,10280,13560,2.860,2.860
e000860,exploratory,pwritev_full_8m,baseline,1,4,ABBA,k_pwrite,process,65536,1,2,2,domain,synthetic_sweep,1,54215100a825da9eb7cfbd8f045e54ef05fb29bd,false,1b36f48efea63210dfeeee7270dea968ab5ba58da27f90aa42845eb8a64a6649,12b1dafe765a77d1a17115b0ae12cff973f20ed7d6d770fbd790695fe081288e,0e4833553be7825885da5ea99bceab292cc8abee6414d58b31864afe8ca9f944,c89b17de3d4d36a4e106517b0737619bd65f0e2877d95adbf2f297762f71fb7b,6e938dfcd266a2b0eac811d7ea7eabbd5b217965f88efa81371465134dbcab11,2026-07-15T18:57:02.295312+00:00,8o8-arch,7.0.12-arch1-1,AMD Ryzen 9 3900X 12-Core Processor,"logical=24,cores=12,sockets=1,nodes=1",performance,rustc 1.97.0 (2d8144b78 2026-07-07),22.1.6,cargo 1.97.0 (c980f4866 2026-06-30),"release,lto=thin,debug=true",/home/bob/.cache/mess-bench,/dev/nvme0n1p3,ext4,/home,Samsung SSD 970 EVO Plus 2TB,[none] mq-deadline kyber bfq,249456414720,4096,1024,payload[i]=(i*131+17)&0xff,2.85888671875,accepted,,2,2,0,256,bytes,512,512,33613824,512,0,0,0,0,0,2282021,2305429,8530,10180,17090,2.860,2.860
e000861,exploratory,copy_contiguous,candidate,1,1,BAAB,copy_contiguous,process,65536,1,2,2,domain,synthetic_sweep,1,54215100a825da9eb7cfbd8f045e54ef05fb29bd,false,1b36f48efea63210dfeeee7270dea968ab5ba58da27f90aa42845eb8a64a6649,12b1dafe765a77d1a17115b0ae12cff973f20ed7d6d770fbd790695fe081288e,0e4833553be7825885da5ea99bceab292cc8abee6414d58b31864afe8ca9f944,c89b17de3d4d36a4e106517b0737619bd65f0e2877d95adbf2f297762f71fb7b,6e938dfcd266a2b0eac811d7ea7eabbd5b217965f88efa81371465134dbcab11,2026-07-15T18:57:03.326187+00:00,8o8-arch,7.0.12-arch1-1,AMD Ryzen 9 3900X 12-Core Processor,"logical=24,cores=12,sockets=1,nodes=1",performance,rustc 1.97.0 (2d8144b78 2026-07-07),22.1.6,cargo 1.97.0 (c980f4866 2026-06-30),"release,lto=thin,debug=true",/home/bob/.cache/mess-bench,/dev/nvme0n1p3,ext4,/home,Samsung SSD 970 EVO Plus 2TB,[none] mq-deadline kyber bfq,249456414720,4096,1024,payload[i]=(i*131+17)&0xff,2.85888671875,accepted,,2,2,0,256,bytes,512,512,33613824,256,0,0,0,33613824,0,2961671,2992118,11300,12610,19270,2.860,2.860
e000862,exploratory,copy_contiguous,baseline,1,2,BAAB,k_pwrite,process,65536,1,2,2,domain,synthetic_sweep,1,54215100a825da9eb7cfbd8f045e54ef05fb29bd,false,1b36f48efea63210dfeeee7270dea968ab5ba58da27f90aa42845eb8a64a6649,12b1dafe765a77d1a17115b0ae12cff973f20ed7d6d770fbd790695fe081288e,0e4833553be7825885da5ea99bceab292cc8abee6414d58b31864afe8ca9f944,c89b17de3d4d36a4e106517b0737619bd65f0e2877d95adbf2f297762f71fb7b,6e938dfcd266a2b0eac811d7ea7eabbd5b217965f88efa81371465134dbcab11,2026-07-15T18:57:04.348925+00:00,8o8-arch,7.0.12-arch1-1,AMD Ryzen 9 3900X 12-Core Processor,"logical=24,cores=12,sockets=1,nodes=1",performance,rustc 1.97.0 (2d8144b78 2026-07-07),22.1.6,cargo 1.97.0 (c980f4866 2026-06-30),"release,lto=thin,debug=true",/home/bob/.cache/mess-bench,/dev/nvme0n1p3,ext4,/home,Samsung SSD 970 EVO Plus 2TB,[none] mq-deadline kyber bfq,249456406528,4096,1024,payload[i]=(i*131+17)&0xff,2.85888671875,accepted,,2,2,0,256,bytes,512,512,33613824,512,0,0,0,0,0,2169051,2199309,8270,8900,12330,2.860,2.860
e000863,exploratory,copy_contiguous,baseline,1,3,BAAB,k_pwrite,process,65536,1,2,2,domain,synthetic_sweep,1,54215100a825da9eb7cfbd8f045e54ef05fb29bd,false,1b36f48efea63210dfeeee7270dea968ab5ba58da27f90aa42845eb8a64a6649,12b1dafe765a77d1a17115b0ae12cff973f20ed7d6d770fbd790695fe081288e,0e4833553be7825885da5ea99bceab292cc8abee6414d58b31864afe8ca9f944,c89b17de3d4d36a4e106517b0737619bd65f0e2877d95adbf2f297762f71fb7b,6e938dfcd266a2b0eac811d7ea7eabbd5b217965f88efa81371465134dbcab11,2026-07-15T18:57:05.380667+00:00,8o8-arch,7.0.12-arch1-1,AMD Ryzen 9 3900X 12-Core Processor,"logical=24,cores=12,sockets=1,nodes=1",performance,rustc 1.97.0 (2d8144b78 2026-07-07),22.1.6,cargo 1.97.0 (c980f4866 2026-06-30),"release,lto=thin,debug=true",/home/bob/.cache/mess-bench,/dev/nvme0n1p3,ext4,/home,Samsung SSD 970 EVO Plus 2TB,[none] mq-deadline kyber bfq,249456402432,4096,1024,payload[i]=(i*131+17)&0xff,2.85888671875,accepted,,2,2,0,256,bytes,512,512,33613824,512,0,0,0,0,0,6046492,6163005,9240,16280,343309,2.860,2.860
e000864,exploratory,copy_contiguous,candidate,1,4,BAAB,copy_contiguous,process,65536,1,2,2,domain,synthetic_sweep,1,54215100a825da9eb7cfbd8f045e54ef05fb29bd,false,1b36f48efea63210dfeeee7270dea968ab5ba58da27f90aa42845eb8a64a6649,12b1dafe765a77d1a17115b0ae12cff973f20ed7d6d770fbd790695fe081288e,0e4833553be7825885da5ea99bceab292cc8abee6414d58b31864afe8ca9f944,c89b17de3d4d36a4e106517b0737619bd65f0e2877d95adbf2f297762f71fb7b,6e938dfcd266a2b0eac811d7ea7eabbd5b217965f88efa81371465134dbcab11,2026-07-15T18:57:06.411168+00:00,8o8-arch,7.0.12-arch1-1,AMD Ryzen 9 3900X 12-Core Processor,"logical=24,cores=12,sockets=1,nodes=1",performance,rustc 1.97.0 (2d8144b78 2026-07-07),22.1.6,cargo 1.97.0 (c980f4866 2026-06-30),"release,lto=thin,debug=true",/home/bob/.cache/mess-bench,/dev/nvme0n1p3,ext4,/home,Samsung SSD 970 EVO Plus 2TB,[none] mq-deadline kyber bfq,249456398336,4096,1024,payload[i]=(i*131+17)&0xff,2.7099609375,accepted,,2,2,0,256,bytes,512,512,33613824,256,0,0,0,33613824,0,2763810,2783208,10530,12510,18180,2.710,2.710
e000865,exploratory,pwritev_full_8m,baseline,1,1,ABBA,k_pwrite,process,65536,1,2,2,new_name,synthetic_sweep,1,54215100a825da9eb7cfbd8f045e54ef05fb29bd,false,1b36f48efea63210dfeeee7270dea968ab5ba58da27f90aa42845eb8a64a6649,12b1dafe765a77d1a17115b0ae12cff973f20ed7d6d770fbd790695fe081288e,0e4833553be7825885da5ea99bceab292cc8abee6414d58b31864afe8ca9f944,c89b17de3d4d36a4e106517b0737619bd65f0e2877d95adbf2f297762f71fb7b,6e938dfcd266a2b0eac811d7ea7eabbd5b217965f88efa81371465134dbcab11,2026-07-15T18:57:07.441368+00:00,8o8-arch,7.0.12-arch1-1,AMD Ryzen 9 3900X 12-Core Processor,"logical=24,cores=12,sockets=1,nodes=1",performance,rustc 1.97.0 (2d8144b78 2026-07-07),22.1.6,cargo 1.97.0 (c980f4866 2026-06-30),"release,lto=thin,debug=true",/home/bob/.cache/mess-bench,/dev/nvme0n1p3,ext4,/home,Samsung SSD 970 EVO Plus 2TB,[none] mq-deadline kyber bfq,249456398336,4096,1024,payload[i]=(i*131+17)&0xff,2.7099609375,accepted,,2,4,0,256,bytes,1024,512,33685504,1024,0,0,0,0,0,2730901,2757949,9960,17240,18300,2.710,2.710
e000866,exploratory,pwritev_full_8m,candidate,1,2,ABBA,pwritev_full_8m,process,65536,1,2,2,new_name,synthetic_sweep,1,54215100a825da9eb7cfbd8f045e54ef05fb29bd,false,1b36f48efea63210dfeeee7270dea968ab5ba58da27f90aa42845eb8a64a6649,12b1dafe765a77d1a17115b0ae12cff973f20ed7d6d770fbd790695fe081288e,0e4833553be7825885da5ea99bceab292cc8abee6414d58b31864afe8ca9f944,c89b17de3d4d36a4e106517b0737619bd65f0e2877d95adbf2f297762f71fb7b,6e938dfcd266a2b0eac811d7ea7eabbd5b217965f88efa81371465134dbcab11,2026-07-15T18:57:08.469241+00:00,8o8-arch,7.0.12-arch1-1,AMD Ryzen 9 3900X 12-Core Processor,"logical=24,cores=12,sockets=1,nodes=1",performance,rustc 1.97.0 (2d8144b78 2026-07-07),22.1.6,cargo 1.97.0 (c980f4866 2026-06-30),"release,lto=thin,debug=true",/home/bob/.cache/mess-bench,/dev/nvme0n1p3,ext4,/home,Samsung SSD 970 EVO Plus 2TB,[none] mq-deadline kyber bfq,249456394240,4096,1024,payload[i]=(i*131+17)&0xff,2.7099609375,accepted,,2,4,0,256,bytes,1024,512,33685504,256,0,0,4,0,0,1844371,1855458,6730,9810,14300,2.710,2.710
e000867,exploratory,pwritev_full_8m,candidate,1,3,ABBA,pwritev_full_8m,process,65536,1,2,2,new_name,synthetic_sweep,1,54215100a825da9eb7cfbd8f045e54ef05fb29bd,false,1b36f48efea63210dfeeee7270dea968ab5ba58da27f90aa42845eb8a64a6649,12b1dafe765a77d1a17115b0ae12cff973f20ed7d6d770fbd790695fe081288e,0e4833553be7825885da5ea99bceab292cc8abee6414d58b31864afe8ca9f944,c89b17de3d4d36a4e106517b0737619bd65f0e2877d95adbf2f297762f71fb7b,6e938dfcd266a2b0eac811d7ea7eabbd5b217965f88efa81371465134dbcab11,2026-07-15T18:57:09.495487+00:00,8o8-arch,7.0.12-arch1-1,AMD Ryzen 9 3900X 12-Core Processor,"logical=24,cores=12,sockets=1,nodes=1",performance,rustc 1.97.0 (2d8144b78 2026-07-07),22.1.6,cargo 1.97.0 (c980f4866 2026-06-30),"release,lto=thin,debug=true",/home/bob/.cache/mess-bench,/dev/nvme0n1p3,ext4,/home,Samsung SSD 970 EVO Plus 2TB,[none] mq-deadline kyber bfq,249456386048,4096,1024,payload[i]=(i*131+17)&0xff,2.7099609375,accepted,,2,4,0,256,bytes,1024,512,33685504,256,0,0,4,0,0,1867561,1880968,6940,9210,13220,2.710,2.710
e000868,exploratory,pwritev_full_8m,baseline,1,4,ABBA,k_pwrite,process,65536,1,2,2,new_name,synthetic_sweep,1,54215100a825da9eb7cfbd8f045e54ef05fb29bd,false,1b36f48efea63210dfeeee7270dea968ab5ba58da27f90aa42845eb8a64a6649,12b1dafe765a77d1a17115b0ae12cff973f20ed7d6d770fbd790695fe081288e,0e4833553be7825885da5ea99bceab292cc8abee6414d58b31864afe8ca9f944,c89b17de3d4d36a4e106517b0737619bd65f0e2877d95adbf2f297762f71fb7b,6e938dfcd266a2b0eac811d7ea7eabbd5b217965f88efa81371465134dbcab11,2026-07-15T18:57:10.519906+00:00,8o8-arch,7.0.12-arch1-1,AMD Ryzen 9 3900X 12-Core Processor,"logical=24,cores=12,sockets=1,nodes=1",performance,rustc 1.97.0 (2d8144b78 2026-07-07),22.1.6,cargo 1.97.0 (c980f4866 2026-06-30),"release,lto=thin,debug=true",/home/bob/.cache/mess-bench,/dev/nvme0n1p3,ext4,/home,Samsung SSD 970 EVO Plus 2TB,[none] mq-deadline kyber bfq,249456381952,4096,1024,payload[i]=(i*131+17)&0xff,2.7099609375,accepted,,2,4,0,256,bytes,1024,512,33685504,1024,0,0,0,0,0,2800381,2830468,10340,15180,21030,2.710,2.710
e000869,exploratory,copy_contiguous,candidate,1,1,BAAB,copy_contiguous,process,65536,1,2,2,new_name,synthetic_sweep,1,54215100a825da9eb7cfbd8f045e54ef05fb29bd,false,1b36f48efea63210dfeeee7270dea968ab5ba58da27f90aa42845eb8a64a6649,12b1dafe765a77d1a17115b0ae12cff973f20ed7d6d770fbd790695fe081288e,0e4833553be7825885da5ea99bceab292cc8abee6414d58b31864afe8ca9f944,c89b17de3d4d36a4e106517b0737619bd65f0e2877d95adbf2f297762f71fb7b,6e938dfcd266a2b0eac811d7ea7eabbd5b217965f88efa81371465134dbcab11,2026-07-15T18:57:11.548085+00:00,8o8-arch,7.0.12-arch1-1,AMD Ryzen 9 3900X 12-Core Processor,"logical=24,cores=12,sockets=1,nodes=1",performance,rustc 1.97.0 (2d8144b78 2026-07-07),22.1.6,cargo 1.97.0 (c980f4866 2026-06-30),"release,lto=thin,debug=true",/home/bob/.cache/mess-bench,/dev/nvme0n1p3,ext4,/home,Samsung SSD 970 EVO Plus 2TB,[none] mq-deadline kyber bfq,249456381952,4096,1024,payload[i]=(i*131+17)&0xff,2.65283203125,accepted,,2,4,0,256,bytes,1024,512,33685504,256,0,0,0,33685504,0,4357121,4393937,16640,20210,23390,2.650,2.650
e000870,exploratory,copy_contiguous,baseline,1,2,BAAB,k_pwrite,process,65536,1,2,2,new_name,synthetic_sweep,1,54215100a825da9eb7cfbd8f045e54ef05fb29bd,false,1b36f48efea63210dfeeee7270dea968ab5ba58da27f90aa42845eb8a64a6649,12b1dafe765a77d1a17115b0ae12cff973f20ed7d6d770fbd790695fe081288e,0e4833553be7825885da5ea99bceab292cc8abee6414d58b31864afe8ca9f944,c89b17de3d4d36a4e106517b0737619bd65f0e2877d95adbf2f297762f71fb7b,6e938dfcd266a2b0eac811d7ea7eabbd5b217965f88efa81371465134dbcab11,2026-07-15T18:57:12.580240+00:00,8o8-arch,7.0.12-arch1-1,AMD Ryzen 9 3900X 12-Core Processor,"logical=24,cores=12,sockets=1,nodes=1",performance,rustc 1.97.0 (2d8144b78 2026-07-07),22.1.6,cargo 1.97.0 (c980f4866 2026-06-30),"release,lto=thin,debug=true",/home/bob/.cache/mess-bench,/dev/nvme0n1p3,ext4,/home,Samsung SSD 970 EVO Plus 2TB,[none] mq-deadline kyber bfq,249456345088,4096,1024,payload[i]=(i*131+17)&0xff,2.65283203125,accepted,,2,4,0,256,bytes,1024,512,33685504,1024,0,0,0,0,0,6414191,6525245,10900,41339,272180,2.650,2.650
e000871,exploratory,copy_contiguous,baseline,1,3,BAAB,k_pwrite,process,65536,1,2,2,new_name,synthetic_sweep,1,54215100a825da9eb7cfbd8f045e54ef05fb29bd,false,1b36f48efea63210dfeeee7270dea968ab5ba58da27f90aa42845eb8a64a6649,12b1dafe765a77d1a17115b0ae12cff973f20ed7d6d770fbd790695fe081288e,0e4833553be7825885da5ea99bceab292cc8abee6414d58b31864afe8ca9f944,c89b17de3d4d36a4e106517b0737619bd65f0e2877d95adbf2f297762f71fb7b,6e938dfcd266a2b0eac811d7ea7eabbd5b217965f88efa81371465134dbcab11,2026-07-15T18:57:13.608916+00:00,8o8-arch,7.0.12-arch1-1,AMD Ryzen 9 3900X 12-Core Processor,"logical=24,cores=12,sockets=1,nodes=1",performance,rustc 1.97.0 (2d8144b78 2026-07-07),22.1.6,cargo 1.97.0 (c980f4866 2026-06-30),"release,lto=thin,debug=true",/home/bob/.cache/mess-bench,/dev/nvme0n1p3,ext4,/home,Samsung SSD 970 EVO Plus 2TB,[none] mq-deadline kyber bfq,249456377856,4096,1024,payload[i]=(i*131+17)&0xff,2.65283203125,accepted,,2,4,0,256,bytes,1024,512,33685504,1024,0,0,0,0,0,2880580,2905188,10670,15090,18600,2.650,2.650
e000872,exploratory,copy_contiguous,candidate,1,4,BAAB,copy_contiguous,process,65536,1,2,2,new_name,synthetic_sweep,1,54215100a825da9eb7cfbd8f045e54ef05fb29bd,false,1b36f48efea63210dfeeee7270dea968ab5ba58da27f90aa42845eb8a64a6649,12b1dafe765a77d1a17115b0ae12cff973f20ed7d6d770fbd790695fe081288e,0e4833553be7825885da5ea99bceab292cc8abee6414d58b31864afe8ca9f944,c89b17de3d4d36a4e106517b0737619bd65f0e2877d95adbf2f297762f71fb7b,6e938dfcd266a2b0eac811d7ea7eabbd5b217965f88efa81371465134dbcab11,2026-07-15T18:57:14.638776+00:00,8o8-arch,7.0.12-arch1-1,AMD Ryzen 9 3900X 12-Core Processor,"logical=24,cores=12,sockets=1,nodes=1",performance,rustc 1.97.0 (2d8144b78 2026-07-07),22.1.6,cargo 1.97.0 (c980f4866 2026-06-30),"release,lto=thin,debug=true",/home/bob/.cache/mess-bench,/dev/nvme0n1p3,ext4,/home,Samsung SSD 970 EVO Plus 2TB,[none] mq-deadline kyber bfq,249456369664,4096,1024,payload[i]=(i*131+17)&0xff,2.65283203125,accepted,,2,4,0,256,bytes,1024,512,33685504,256,0,0,0,33685504,0,4174651,4219417,15610,21810,26480,2.650,2.650
e000873,exploratory,pwritev_full_8m,baseline,1,1,ABBA,k_pwrite,process,65536,1,4,4,domain,synthetic_sweep,1,54215100a825da9eb7cfbd8f045e54ef05fb29bd,false,1b36f48efea63210dfeeee7270dea968ab5ba58da27f90aa42845eb8a64a6649,12b1dafe765a77d1a17115b0ae12cff973f20ed7d6d770fbd790695fe081288e,0e4833553be7825885da5ea99bceab292cc8abee6414d58b31864afe8ca9f944,c89b17de3d4d36a4e106517b0737619bd65f0e2877d95adbf2f297762f71fb7b,6e938dfcd266a2b0eac811d7ea7eabbd5b217965f88efa81371465134dbcab11,2026-07-15T18:57:15.669666+00:00,8o8-arch,7.0.12-arch1-1,AMD Ryzen 9 3900X 12-Core Processor,"logical=24,cores=12,sockets=1,nodes=1",performance,rustc 1.97.0 (2d8144b78 2026-07-07),22.1.6,cargo 1.97.0 (c980f4866 2026-06-30),"release,lto=thin,debug=true",/home/bob/.cache/mess-bench,/dev/nvme0n1p3,ext4,/home,Samsung SSD 970 EVO Plus 2TB,[none] mq-deadline kyber bfq,249456369664,4096,1024,payload[i]=(i*131+17)&0xff,2.65283203125,accepted,,4,4,0,128,bytes,512,512,33613824,512,0,0,0,0,0,3440631,3574537,25780,35760,64270,2.650,2.650
e000874,exploratory,pwritev_full_8m,candidate,1,2,ABBA,pwritev_full_8m,process,65536,1,4,4,domain,synthetic_sweep,1,54215100a825da9eb7cfbd8f045e54ef05fb29bd,false,1b36f48efea63210dfeeee7270dea968ab5ba58da27f90aa42845eb8a64a6649,12b1dafe765a77d1a17115b0ae12cff973f20ed7d6d770fbd790695fe081288e,0e4833553be7825885da5ea99bceab292cc8abee6414d58b31864afe8ca9f944,c89b17de3d4d36a4e106517b0737619bd65f0e2877d95adbf2f297762f71fb7b,6e938dfcd266a2b0eac811d7ea7eabbd5b217965f88efa81371465134dbcab11,2026-07-15T18:57:16.695226+00:00,8o8-arch,7.0.12-arch1-1,AMD Ryzen 9 3900X 12-Core Processor,"logical=24,cores=12,sockets=1,nodes=1",performance,rustc 1.97.0 (2d8144b78 2026-07-07),22.1.6,cargo 1.97.0 (c980f4866 2026-06-30),"release,lto=thin,debug=true",/home/bob/.cache/mess-bench,/dev/nvme0n1p3,ext4,/home,Samsung SSD 970 EVO Plus 2TB,[none] mq-deadline kyber bfq,249456369664,4096,1024,payload[i]=(i*131+17)&0xff,2.60009765625,accepted,,4,4,0,128,bytes,512,512,33613824,128,0,0,4,0,0,2630620,2653568,19710,27330,31320,2.600,2.600
e000875,exploratory,pwritev_full_8m,candidate,1,3,ABBA,pwritev_full_8m,process,65536,1,4,4,domain,synthetic_sweep,1,54215100a825da9eb7cfbd8f045e54ef05fb29bd,false,1b36f48efea63210dfeeee7270dea968ab5ba58da27f90aa42845eb8a64a6649,12b1dafe765a77d1a17115b0ae12cff973f20ed7d6d770fbd790695fe081288e,0e4833553be7825885da5ea99bceab292cc8abee6414d58b31864afe8ca9f944,c89b17de3d4d36a4e106517b0737619bd65f0e2877d95adbf2f297762f71fb7b,6e938dfcd266a2b0eac811d7ea7eabbd5b217965f88efa81371465134dbcab11,2026-07-15T18:57:17.727046+00:00,8o8-arch,7.0.12-arch1-1,AMD Ryzen 9 3900X 12-Core Processor,"logical=24,cores=12,sockets=1,nodes=1",performance,rustc 1.97.0 (2d8144b78 2026-07-07),22.1.6,cargo 1.97.0 (c980f4866 2026-06-30),"release,lto=thin,debug=true",/home/bob/.cache/mess-bench,/dev/nvme0n1p3,ext4,/home,Samsung SSD 970 EVO Plus 2TB,[none] mq-deadline kyber bfq,249456365568,4096,1024,payload[i]=(i*131+17)&0xff,2.60009765625,accepted,,4,4,0,128,bytes,512,512,33613824,128,0,0,4,0,0,2587551,2605258,19330,26670,30680,2.600,2.600
e000876,exploratory,pwritev_full_8m,baseline,1,4,ABBA,k_pwrite,process,65536,1,4,4,domain,synthetic_sweep,1,54215100a825da9eb7cfbd8f045e54ef05fb29bd,false,1b36f48efea63210dfeeee7270dea968ab5ba58da27f90aa42845eb8a64a6649,12b1dafe765a77d1a17115b0ae12cff973f20ed7d6d770fbd790695fe081288e,0e4833553be7825885da5ea99bceab292cc8abee6414d58b31864afe8ca9f944,c89b17de3d4d36a4e106517b0737619bd65f0e2877d95adbf2f297762f71fb7b,6e938dfcd266a2b0eac811d7ea7eabbd5b217965f88efa81371465134dbcab11,2026-07-15T18:57:18.757594+00:00,8o8-arch,7.0.12-arch1-1,AMD Ryzen 9 3900X 12-Core Processor,"logical=24,cores=12,sockets=1,nodes=1",performance,rustc 1.97.0 (2d8144b78 2026-07-07),22.1.6,cargo 1.97.0 (c980f4866 2026-06-30),"release,lto=thin,debug=true",/home/bob/.cache/mess-bench,/dev/nvme0n1p3,ext4,/home,Samsung SSD 970 EVO Plus 2TB,[none] mq-deadline kyber bfq,249456353280,4096,1024,payload[i]=(i*131+17)&0xff,2.60009765625,accepted,,4,4,0,128,bytes,512,512,33613824,512,0,0,0,0,0,3264621,3297427,24970,32670,41160,2.600,2.600
e000877,exploratory,copy_contiguous,candidate,1,1,BAAB,copy_contiguous,process,65536,1,4,4,domain,synthetic_sweep,1,54215100a825da9eb7cfbd8f045e54ef05fb29bd,false,1b36f48efea63210dfeeee7270dea968ab5ba58da27f90aa42845eb8a64a6649,12b1dafe765a77d1a17115b0ae12cff973f20ed7d6d770fbd790695fe081288e,0e4833553be7825885da5ea99bceab292cc8abee6414d58b31864afe8ca9f944,c89b17de3d4d36a4e106517b0737619bd65f0e2877d95adbf2f297762f71fb7b,6e938dfcd266a2b0eac811d7ea7eabbd5b217965f88efa81371465134dbcab11,2026-07-15T18:57:19.785771+00:00,8o8-arch,7.0.12-arch1-1,AMD Ryzen 9 3900X 12-Core Processor,"logical=24,cores=12,sockets=1,nodes=1",performance,rustc 1.97.0 (2d8144b78 2026-07-07),22.1.6,cargo 1.97.0 (c980f4866 2026-06-30),"release,lto=thin,debug=true",/home/bob/.cache/mess-bench,/dev/nvme0n1p3,ext4,/home,Samsung SSD 970 EVO Plus 2TB,[none] mq-deadline kyber bfq,249456353280,4096,1024,payload[i]=(i*131+17)&0xff,2.60009765625,accepted,,4,4,0,128,bytes,512,512,33613824,128,0,0,0,33613824,0,4958971,5006686,37469,48630,54840,2.600,2.600
e000878,exploratory,copy_contiguous,baseline,1,2,BAAB,k_pwrite,process,65536,1,4,4,domain,synthetic_sweep,1,54215100a825da9eb7cfbd8f045e54ef05fb29bd,false,1b36f48efea63210dfeeee7270dea968ab5ba58da27f90aa42845eb8a64a6649,12b1dafe765a77d1a17115b0ae12cff973f20ed7d6d770fbd790695fe081288e,0e4833553be7825885da5ea99bceab292cc8abee6414d58b31864afe8ca9f944,c89b17de3d4d36a4e106517b0737619bd65f0e2877d95adbf2f297762f71fb7b,6e938dfcd266a2b0eac811d7ea7eabbd5b217965f88efa81371465134dbcab11,2026-07-15T18:57:20.814110+00:00,8o8-arch,7.0.12-arch1-1,AMD Ryzen 9 3900X 12-Core Processor,"logical=24,cores=12,sockets=1,nodes=1",performance,rustc 1.97.0 (2d8144b78 2026-07-07),22.1.6,cargo 1.97.0 (c980f4866 2026-06-30),"release,lto=thin,debug=true",/home/bob/.cache/mess-bench,/dev/nvme0n1p3,ext4,/home,Samsung SSD 970 EVO Plus 2TB,[none] mq-deadline kyber bfq,249456353280,4096,1024,payload[i]=(i*131+17)&0xff,2.60009765625,accepted,,4,4,0,128,bytes,512,512,33613824,512,0,0,0,0,0,6738450,7004215,28610,50060,839659,2.600,2.600
e000879,exploratory,copy_contiguous,baseline,1,3,BAAB,k_pwrite,process,65536,1,4,4,domain,synthetic_sweep,1,54215100a825da9eb7cfbd8f045e54ef05fb29bd,false,1b36f48efea63210dfeeee7270dea968ab5ba58da27f90aa42845eb8a64a6649,12b1dafe765a77d1a17115b0ae12cff973f20ed7d6d770fbd790695fe081288e,0e4833553be7825885da5ea99bceab292cc8abee6414d58b31864afe8ca9f944,c89b17de3d4d36a4e106517b0737619bd65f0e2877d95adbf2f297762f71fb7b,6e938dfcd266a2b0eac811d7ea7eabbd5b217965f88efa81371465134dbcab11,2026-07-15T18:57:21.844629+00:00,8o8-arch,7.0.12-arch1-1,AMD Ryzen 9 3900X 12-Core Processor,"logical=24,cores=12,sockets=1,nodes=1",performance,rustc 1.97.0 (2d8144b78 2026-07-07),22.1.6,cargo 1.97.0 (c980f4866 2026-06-30),"release,lto=thin,debug=true",/home/bob/.cache/mess-bench,/dev/nvme0n1p3,ext4,/home,Samsung SSD 970 EVO Plus 2TB,[none] mq-deadline kyber bfq,249456353280,4096,1024,payload[i]=(i*131+17)&0xff,2.5517578125,accepted,,4,4,0,128,bytes,512,512,33613824,512,0,0,0,0,0,3532991,3563468,26190,35230,41230,2.550,2.550
e000880,exploratory,copy_contiguous,candidate,1,4,BAAB,copy_contiguous,process,65536,1,4,4,domain,synthetic_sweep,1,54215100a825da9eb7cfbd8f045e54ef05fb29bd,false,1b36f48efea63210dfeeee7270dea968ab5ba58da27f90aa42845eb8a64a6649,12b1dafe765a77d1a17115b0ae12cff973f20ed7d6d770fbd790695fe081288e,0e4833553be7825885da5ea99bceab292cc8abee6414d58b31864afe8ca9f944,c89b17de3d4d36a4e106517b0737619bd65f0e2877d95adbf2f297762f71fb7b,6e938dfcd266a2b0eac811d7ea7eabbd5b217965f88efa81371465134dbcab11,2026-07-15T18:57:22.873552+00:00,8o8-arch,7.0.12-arch1-1,AMD Ryzen 9 3900X 12-Core Processor,"logical=24,cores=12,sockets=1,nodes=1",performance,rustc 1.97.0 (2d8144b78 2026-07-07),22.1.6,cargo 1.97.0 (c980f4866 2026-06-30),"release,lto=thin,debug=true",/home/bob/.cache/mess-bench,/dev/nvme0n1p3,ext4,/home,Samsung SSD 970 EVO Plus 2TB,[none] mq-deadline kyber bfq,249456345088,4096,1024,payload[i]=(i*131+17)&0xff,2.5517578125,accepted,,4,4,0,128,bytes,512,512,33613824,128,0,0,0,33613824,0,5087131,5163437,38900,46610,62820,2.550,2.550
e000881,exploratory,pwritev_full_8m,baseline,1,1,ABBA,k_pwrite,process,65536,1,4,4,new_name,synthetic_sweep,1,54215100a825da9eb7cfbd8f045e54ef05fb29bd,false,1b36f48efea63210dfeeee7270dea968ab5ba58da27f90aa42845eb8a64a6649,12b1dafe765a77d1a17115b0ae12cff973f20ed7d6d770fbd790695fe081288e,0e4833553be7825885da5ea99bceab292cc8abee6414d58b31864afe8ca9f944,c89b17de3d4d36a4e106517b0737619bd65f0e2877d95adbf2f297762f71fb7b,6e938dfcd266a2b0eac811d7ea7eabbd5b217965f88efa81371465134dbcab11,2026-07-15T18:57:23.899050+00:00,8o8-arch,7.0.12-arch1-1,AMD Ryzen 9 3900X 12-Core Processor,"logical=24,cores=12,sockets=1,nodes=1",performance,rustc 1.97.0 (2d8144b78 2026-07-07),22.1.6,cargo 1.97.0 (c980f4866 2026-06-30),"release,lto=thin,debug=true",/home/bob/.cache/mess-bench,/dev/nvme0n1p3,ext4,/home,Samsung SSD 970 EVO Plus 2TB,[none] mq-deadline kyber bfq,249456345088,4096,1024,payload[i]=(i*131+17)&0xff,2.5517578125,accepted,,4,8,0,128,bytes,1024,512,33685504,1024,0,0,0,0,0,3807221,3823397,28990,36860,38110,2.550,2.550
e000882,exploratory,pwritev_full_8m,candidate,1,2,ABBA,pwritev_full_8m,process,65536,1,4,4,new_name,synthetic_sweep,1,54215100a825da9eb7cfbd8f045e54ef05fb29bd,false,1b36f48efea63210dfeeee7270dea968ab5ba58da27f90aa42845eb8a64a6649,12b1dafe765a77d1a17115b0ae12cff973f20ed7d6d770fbd790695fe081288e,0e4833553be7825885da5ea99bceab292cc8abee6414d58b31864afe8ca9f944,c89b17de3d4d36a4e106517b0737619bd65f0e2877d95adbf2f297762f71fb7b,6e938dfcd266a2b0eac811d7ea7eabbd5b217965f88efa81371465134dbcab11,2026-07-15T18:57:24.929304+00:00,8o8-arch,7.0.12-arch1-1,AMD Ryzen 9 3900X 12-Core Processor,"logical=24,cores=12,sockets=1,nodes=1",performance,rustc 1.97.0 (2d8144b78 2026-07-07),22.1.6,cargo 1.97.0 (c980f4866 2026-06-30),"release,lto=thin,debug=true",/home/bob/.cache/mess-bench,/dev/nvme0n1p3,ext4,/home,Samsung SSD 970 EVO Plus 2TB,[none] mq-deadline kyber bfq,249456345088,4096,1024,payload[i]=(i*131+17)&0xff,2.5517578125,accepted,,4,8,0,128,bytes,1024,512,33685504,128,0,0,8,0,0,2601760,2617228,19620,26020,28680,2.550,2.550
e000883,exploratory,pwritev_full_8m,candidate,1,3,ABBA,pwritev_full_8m,process,65536,1,4,4,new_name,synthetic_sweep,1,54215100a825da9eb7cfbd8f045e54ef05fb29bd,false,1b36f48efea63210dfeeee7270dea968ab5ba58da27f90aa42845eb8a64a6649,12b1dafe765a77d1a17115b0ae12cff973f20ed7d6d770fbd790695fe081288e,0e4833553be7825885da5ea99bceab292cc8abee6414d58b31864afe8ca9f944,c89b17de3d4d36a4e106517b0737619bd65f0e2877d95adbf2f297762f71fb7b,6e938dfcd266a2b0eac811d7ea7eabbd5b217965f88efa81371465134dbcab11,2026-07-15T18:57:25.961306+00:00,8o8-arch,7.0.12-arch1-1,AMD Ryzen 9 3900X 12-Core Processor,"logical=24,cores=12,sockets=1,nodes=1",performance,rustc 1.97.0 (2d8144b78 2026-07-07),22.1.6,cargo 1.97.0 (c980f4866 2026-06-30),"release,lto=thin,debug=true",/home/bob/.cache/mess-bench,/dev/nvme0n1p3,ext4,/home,Samsung SSD 970 EVO Plus 2TB,[none] mq-deadline kyber bfq,249456340992,4096,1024,payload[i]=(i*131+17)&0xff,2.5517578125,accepted,,4,8,0,128,bytes,1024,512,33685504,128,0,0,8,0,0,2809891,2829978,20970,28650,33480,2.550,2.550
e000884,exploratory,pwritev_full_8m,baseline,1,4,ABBA,k_pwrite,process,65536,1,4,4,new_name,synthetic_sweep,1,54215100a825da9eb7cfbd8f045e54ef05fb29bd,false,1b36f48efea63210dfeeee7270dea968ab5ba58da27f90aa42845eb8a64a6649,12b1dafe765a77d1a17115b0ae12cff973f20ed7d6d770fbd790695fe081288e,0e4833553be7825885da5ea99bceab292cc8abee6414d58b31864afe8ca9f944,c89b17de3d4d36a4e106517b0737619bd65f0e2877d95adbf2f297762f71fb7b,6e938dfcd266a2b0eac811d7ea7eabbd5b217965f88efa81371465134dbcab11,2026-07-15T18:57:26.992504+00:00,8o8-arch,7.0.12-arch1-1,AMD Ryzen 9 3900X 12-Core Processor,"logical=24,cores=12,sockets=1,nodes=1",performance,rustc 1.97.0 (2d8144b78 2026-07-07),22.1.6,cargo 1.97.0 (c980f4866 2026-06-30),"release,lto=thin,debug=true",/home/bob/.cache/mess-bench,/dev/nvme0n1p3,ext4,/home,Samsung SSD 970 EVO Plus 2TB,[none] mq-deadline kyber bfq,249456336896,4096,1024,payload[i]=(i*131+17)&0xff,2.42724609375,accepted,,4,8,0,128,bytes,1024,512,33685504,1024,0,0,0,0,0,3847851,3887567,28780,37630,58690,2.430,2.430
e000885,exploratory,copy_contiguous,candidate,1,1,BAAB,copy_contiguous,process,65536,1,4,4,new_name,synthetic_sweep,1,54215100a825da9eb7cfbd8f045e54ef05fb29bd,false,1b36f48efea63210dfeeee7270dea968ab5ba58da27f90aa42845eb8a64a6649,12b1dafe765a77d1a17115b0ae12cff973f20ed7d6d770fbd790695fe081288e,0e4833553be7825885da5ea99bceab292cc8abee6414d58b31864afe8ca9f944,c89b17de3d4d36a4e106517b0737619bd65f0e2877d95adbf2f297762f71fb7b,6e938dfcd266a2b0eac811d7ea7eabbd5b217965f88efa81371465134dbcab11,2026-07-15T18:57:28.023764+00:00,8o8-arch,7.0.12-arch1-1,AMD Ryzen 9 3900X 12-Core Processor,"logical=24,cores=12,sockets=1,nodes=1",performance,rustc 1.97.0 (2d8144b78 2026-07-07),22.1.6,cargo 1.97.0 (c980f4866 2026-06-30),"release,lto=thin,debug=true",/home/bob/.cache/mess-bench,/dev/nvme0n1p3,ext4,/home,Samsung SSD 970 EVO Plus 2TB,[none] mq-deadline kyber bfq,249456332800,4096,1024,payload[i]=(i*131+17)&0xff,2.42724609375,accepted,,4,8,0,128,bytes,1024,512,33685504,128,0,0,0,33685504,0,4993461,5024567,38540,45060,48050,2.430,2.430
e000886,exploratory,copy_contiguous,baseline,1,2,BAAB,k_pwrite,process,65536,1,4,4,new_name,synthetic_sweep,1,54215100a825da9eb7cfbd8f045e54ef05fb29bd,false,1b36f48efea63210dfeeee7270dea968ab5ba58da27f90aa42845eb8a64a6649,12b1dafe765a77d1a17115b0ae12cff973f20ed7d6d770fbd790695fe081288e,0e4833553be7825885da5ea99bceab292cc8abee6414d58b31864afe8ca9f944,c89b17de3d4d36a4e106517b0737619bd65f0e2877d95adbf2f297762f71fb7b,6e938dfcd266a2b0eac811d7ea7eabbd5b217965f88efa81371465134dbcab11,2026-07-15T18:57:29.051676+00:00,8o8-arch,7.0.12-arch1-1,AMD Ryzen 9 3900X 12-Core Processor,"logical=24,cores=12,sockets=1,nodes=1",performance,rustc 1.97.0 (2d8144b78 2026-07-07),22.1.6,cargo 1.97.0 (c980f4866 2026-06-30),"release,lto=thin,debug=true",/home/bob/.cache/mess-bench,/dev/nvme0n1p3,ext4,/home,Samsung SSD 970 EVO Plus 2TB,[none] mq-deadline kyber bfq,249456332800,4096,1024,payload[i]=(i*131+17)&0xff,2.42724609375,accepted,,4,8,0,128,bytes,1024,512,33685504,1024,0,0,0,0,0,3767301,3877587,27680,41990,77480,2.430,2.430
e000887,exploratory,copy_contiguous,baseline,1,3,BAAB,k_pwrite,process,65536,1,4,4,new_name,synthetic_sweep,1,54215100a825da9eb7cfbd8f045e54ef05fb29bd,false,1b36f48efea63210dfeeee7270dea968ab5ba58da27f90aa42845eb8a64a6649,12b1dafe765a77d1a17115b0ae12cff973f20ed7d6d770fbd790695fe081288e,0e4833553be7825885da5ea99bceab292cc8abee6414d58b31864afe8ca9f944,c89b17de3d4d36a4e106517b0737619bd65f0e2877d95adbf2f297762f71fb7b,6e938dfcd266a2b0eac811d7ea7eabbd5b217965f88efa81371465134dbcab11,2026-07-15T18:57:30.082237+00:00,8o8-arch,7.0.12-arch1-1,AMD Ryzen 9 3900X 12-Core Processor,"logical=24,cores=12,sockets=1,nodes=1",performance,rustc 1.97.0 (2d8144b78 2026-07-07),22.1.6,cargo 1.97.0 (c980f4866 2026-06-30),"release,lto=thin,debug=true",/home/bob/.cache/mess-bench,/dev/nvme0n1p3,ext4,/home,Samsung SSD 970 EVO Plus 2TB,[none] mq-deadline kyber bfq,249456332800,4096,1024,payload[i]=(i*131+17)&0xff,2.42724609375,accepted,,4,8,0,128,bytes,1024,512,33685504,1024,0,0,0,0,0,6258352,6344746,29400,49000,634190,2.430,2.430
e000888,exploratory,copy_contiguous,candidate,1,4,BAAB,copy_contiguous,process,65536,1,4,4,new_name,synthetic_sweep,1,54215100a825da9eb7cfbd8f045e54ef05fb29bd,false,1b36f48efea63210dfeeee7270dea968ab5ba58da27f90aa42845eb8a64a6649,12b1dafe765a77d1a17115b0ae12cff973f20ed7d6d770fbd790695fe081288e,0e4833553be7825885da5ea99bceab292cc8abee6414d58b31864afe8ca9f944,c89b17de3d4d36a4e106517b0737619bd65f0e2877d95adbf2f297762f71fb7b,6e938dfcd266a2b0eac811d7ea7eabbd5b217965f88efa81371465134dbcab11,2026-07-15T18:57:31.103427+00:00,8o8-arch,7.0.12-arch1-1,AMD Ryzen 9 3900X 12-Core Processor,"logical=24,cores=12,sockets=1,nodes=1",performance,rustc 1.97.0 (2d8144b78 2026-07-07),22.1.6,cargo 1.97.0 (c980f4866 2026-06-30),"release,lto=thin,debug=true",/home/bob/.cache/mess-bench,/dev/nvme0n1p3,ext4,/home,Samsung SSD 970 EVO Plus 2TB,[none] mq-deadline kyber bfq,249456328704,4096,1024,payload[i]=(i*131+17)&0xff,4.15478515625,accepted,,4,8,0,128,bytes,1024,512,33685504,128,0,0,0,33685504,0,4894221,4938427,37380,46820,53650,4.150,4.150
e000889,exploratory,pwritev_full_8m,baseline,1,1,ABBA,k_pwrite,process,65536,10,2,2,domain,synthetic_sweep,1,54215100a825da9eb7cfbd8f045e54ef05fb29bd,false,1b36f48efea63210dfeeee7270dea968ab5ba58da27f90aa42845eb8a64a6649,12b1dafe765a77d1a17115b0ae12cff973f20ed7d6d770fbd790695fe081288e,0e4833553be7825885da5ea99bceab292cc8abee6414d58b31864afe8ca9f944,c89b17de3d4d36a4e106517b0737619bd65f0e2877d95adbf2f297762f71fb7b,6e938dfcd266a2b0eac811d7ea7eabbd5b217965f88efa81371465134dbcab11,2026-07-15T18:57:32.135003+00:00,8o8-arch,7.0.12-arch1-1,AMD Ryzen 9 3900X 12-Core Processor,"logical=24,cores=12,sockets=1,nodes=1",performance,rustc 1.97.0 (2d8144b78 2026-07-07),22.1.6,cargo 1.97.0 (c980f4866 2026-06-30),"release,lto=thin,debug=true",/home/bob/.cache/mess-bench,/dev/nvme0n1p3,ext4,/home,Samsung SSD 970 EVO Plus 2TB,[none] mq-deadline kyber bfq,249456320512,4096,1024,payload[i]=(i*131+17)&0xff,4.15478515625,accepted,,2,2,0,26,bytes,520,520,34097856,52,0,0,0,0,0,2910020,2939638,110670,129150,137990,4.150,4.150
e000890,exploratory,pwritev_full_8m,candidate,1,2,ABBA,pwritev_full_8m,process,65536,10,2,2,domain,synthetic_sweep,1,54215100a825da9eb7cfbd8f045e54ef05fb29bd,false,1b36f48efea63210dfeeee7270dea968ab5ba58da27f90aa42845eb8a64a6649,12b1dafe765a77d1a17115b0ae12cff973f20ed7d6d770fbd790695fe081288e,0e4833553be7825885da5ea99bceab292cc8abee6414d58b31864afe8ca9f944,c89b17de3d4d36a4e106517b0737619bd65f0e2877d95adbf2f297762f71fb7b,6e938dfcd266a2b0eac811d7ea7eabbd5b217965f88efa81371465134dbcab11,2026-07-15T18:57:33.159389+00:00,8o8-arch,7.0.12-arch1-1,AMD Ryzen 9 3900X 12-Core Processor,"logical=24,cores=12,sockets=1,nodes=1",performance,rustc 1.97.0 (2d8144b78 2026-07-07),22.1.6,cargo 1.97.0 (c980f4866 2026-06-30),"release,lto=thin,debug=true",/home/bob/.cache/mess-bench,/dev/nvme0n1p3,ext4,/home,Samsung SSD 970 EVO Plus 2TB,[none] mq-deadline kyber bfq,249456312320,4096,1024,payload[i]=(i*131+17)&0xff,4.15478515625,accepted,,2,2,0,26,bytes,520,520,34097856,26,0,0,2,0,0,2900831,2931778,109660,138210,153640,4.150,4.150
e000891,exploratory,pwritev_full_8m,candidate,1,3,ABBA,pwritev_full_8m,process,65536,10,2,2,domain,synthetic_sweep,1,54215100a825da9eb7cfbd8f045e54ef05fb29bd,false,1b36f48efea63210dfeeee7270dea968ab5ba58da27f90aa42845eb8a64a6649,12b1dafe765a77d1a17115b0ae12cff973f20ed7d6d770fbd790695fe081288e,0e4833553be7825885da5ea99bceab292cc8abee6414d58b31864afe8ca9f944,c89b17de3d4d36a4e106517b0737619bd65f0e2877d95adbf2f297762f71fb7b,6e938dfcd266a2b0eac811d7ea7eabbd5b217965f88efa81371465134dbcab11,2026-07-15T18:57:34.191434+00:00,8o8-arch,7.0.12-arch1-1,AMD Ryzen 9 3900X 12-Core Processor,"logical=24,cores=12,sockets=1,nodes=1",performance,rustc 1.97.0 (2d8144b78 2026-07-07),22.1.6,cargo 1.97.0 (c980f4866 2026-06-30),"release,lto=thin,debug=true",/home/bob/.cache/mess-bench,/dev/nvme0n1p3,ext4,/home,Samsung SSD 970 EVO Plus 2TB,[none] mq-deadline kyber bfq,249456308224,4096,1024,payload[i]=(i*131+17)&0xff,4.15478515625,accepted,,2,2,0,26,bytes,520,520,34097856,26,0,0,2,0,0,2687731,2710918,102420,119340,119780,4.150,4.150
e000892,exploratory,pwritev_full_8m,baseline,1,4,ABBA,k_pwrite,process,65536,10,2,2,domain,synthetic_sweep,1,54215100a825da9eb7cfbd8f045e54ef05fb29bd,false,1b36f48efea63210dfeeee7270dea968ab5ba58da27f90aa42845eb8a64a6649,12b1dafe765a77d1a17115b0ae12cff973f20ed7d6d770fbd790695fe081288e,0e4833553be7825885da5ea99bceab292cc8abee6414d58b31864afe8ca9f944,c89b17de3d4d36a4e106517b0737619bd65f0e2877d95adbf2f297762f71fb7b,6e938dfcd266a2b0eac811d7ea7eabbd5b217965f88efa81371465134dbcab11,2026-07-15T18:57:35.219653+00:00,8o8-arch,7.0.12-arch1-1,AMD Ryzen 9 3900X 12-Core Processor,"logical=24,cores=12,sockets=1,nodes=1",performance,rustc 1.97.0 (2d8144b78 2026-07-07),22.1.6,cargo 1.97.0 (c980f4866 2026-06-30),"release,lto=thin,debug=true",/home/bob/.cache/mess-bench,/dev/nvme0n1p3,ext4,/home,Samsung SSD 970 EVO Plus 2TB,[none] mq-deadline kyber bfq,249456304128,4096,1024,payload[i]=(i*131+17)&0xff,4.15478515625,accepted,,2,2,0,26,bytes,520,520,34097856,52,0,0,0,0,0,3052820,3071827,113170,140410,156120,4.150,4.150
e000893,exploratory,copy_contiguous,candidate,1,1,BAAB,copy_contiguous,process,65536,10,2,2,domain,synthetic_sweep,1,54215100a825da9eb7cfbd8f045e54ef05fb29bd,false,1b36f48efea63210dfeeee7270dea968ab5ba58da27f90aa42845eb8a64a6649,12b1dafe765a77d1a17115b0ae12cff973f20ed7d6d770fbd790695fe081288e,0e4833553be7825885da5ea99bceab292cc8abee6414d58b31864afe8ca9f944,c89b17de3d4d36a4e106517b0737619bd65f0e2877d95adbf2f297762f71fb7b,6e938dfcd266a2b0eac811d7ea7eabbd5b217965f88efa81371465134dbcab11,2026-07-15T18:57:36.250394+00:00,8o8-arch,7.0.12-arch1-1,AMD Ryzen 9 3900X 12-Core Processor,"logical=24,cores=12,sockets=1,nodes=1",performance,rustc 1.97.0 (2d8144b78 2026-07-07),22.1.6,cargo 1.97.0 (c980f4866 2026-06-30),"release,lto=thin,debug=true",/home/bob/.cache/mess-bench,/dev/nvme0n1p3,ext4,/home,Samsung SSD 970 EVO Plus 2TB,[none] mq-deadline kyber bfq,249456295936,4096,1024,payload[i]=(i*131+17)&0xff,3.98193359375,accepted,,2,2,0,26,bytes,520,520,34097856,26,0,0,0,34097856,0,5310032,5437436,197970,263570,310129,3.980,3.980
e000894,exploratory,copy_contiguous,baseline,1,2,BAAB,k_pwrite,process,65536,10,2,2,domain,synthetic_sweep,1,54215100a825da9eb7cfbd8f045e54ef05fb29bd,false,1b36f48efea63210dfeeee7270dea968ab5ba58da27f90aa42845eb8a64a6649,12b1dafe765a77d1a17115b0ae12cff973f20ed7d6d770fbd790695fe081288e,0e4833553be7825885da5ea99bceab292cc8abee6414d58b31864afe8ca9f944,c89b17de3d4d36a4e106517b0737619bd65f0e2877d95adbf2f297762f71fb7b,6e938dfcd266a2b0eac811d7ea7eabbd5b217965f88efa81371465134dbcab11,2026-07-15T18:57:37.281224+00:00,8o8-arch,7.0.12-arch1-1,AMD Ryzen 9 3900X 12-Core Processor,"logical=24,cores=12,sockets=1,nodes=1",performance,rustc 1.97.0 (2d8144b78 2026-07-07),22.1.6,cargo 1.97.0 (c980f4866 2026-06-30),"release,lto=thin,debug=true",/home/bob/.cache/mess-bench,/dev/nvme0n1p3,ext4,/home,Samsung SSD 970 EVO Plus 2TB,[none] mq-deadline kyber bfq,249456291840,4096,1024,payload[i]=(i*131+17)&0xff,3.98193359375,accepted,,2,2,0,26,bytes,520,520,34097856,52,0,0,0,0,0,2954201,2974578,111640,128310,161060,3.980,3.980
e000895,exploratory,copy_contiguous,baseline,1,3,BAAB,k_pwrite,process,65536,10,2,2,domain,synthetic_sweep,1,54215100a825da9eb7cfbd8f045e54ef05fb29bd,false,1b36f48efea63210dfeeee7270dea968ab5ba58da27f90aa42845eb8a64a6649,12b1dafe765a77d1a17115b0ae12cff973f20ed7d6d770fbd790695fe081288e,0e4833553be7825885da5ea99bceab292cc8abee6414d58b31864afe8ca9f944,c89b17de3d4d36a4e106517b0737619bd65f0e2877d95adbf2f297762f71fb7b,6e938dfcd266a2b0eac811d7ea7eabbd5b217965f88efa81371465134dbcab11,2026-07-15T18:57:38.302290+00:00,8o8-arch,7.0.12-arch1-1,AMD Ryzen 9 3900X 12-Core Processor,"logical=24,cores=12,sockets=1,nodes=1",performance,rustc 1.97.0 (2d8144b78 2026-07-07),22.1.6,cargo 1.97.0 (c980f4866 2026-06-30),"release,lto=thin,debug=true",/home/bob/.cache/mess-bench,/dev/nvme0n1p3,ext4,/home,Samsung SSD 970 EVO Plus 2TB,[none] mq-deadline kyber bfq,249456291840,4096,1024,payload[i]=(i*131+17)&0xff,3.98193359375,accepted,,2,2,0,26,bytes,520,520,34097856,52,0,0,0,0,0,3361121,3402187,134020,153180,158740,3.980,3.980
e000896,exploratory,copy_contiguous,candidate,1,4,BAAB,copy_contiguous,process,65536,10,2,2,domain,synthetic_sweep,1,54215100a825da9eb7cfbd8f045e54ef05fb29bd,false,1b36f48efea63210dfeeee7270dea968ab5ba58da27f90aa42845eb8a64a6649,12b1dafe765a77d1a17115b0ae12cff973f20ed7d6d770fbd790695fe081288e,0e4833553be7825885da5ea99bceab292cc8abee6414d58b31864afe8ca9f944,c89b17de3d4d36a4e106517b0737619bd65f0e2877d95adbf2f297762f71fb7b,6e938dfcd266a2b0eac811d7ea7eabbd5b217965f88efa81371465134dbcab11,2026-07-15T18:57:39.335014+00:00,8o8-arch,7.0.12-arch1-1,AMD Ryzen 9 3900X 12-Core Processor,"logical=24,cores=12,sockets=1,nodes=1",performance,rustc 1.97.0 (2d8144b78 2026-07-07),22.1.6,cargo 1.97.0 (c980f4866 2026-06-30),"release,lto=thin,debug=true",/home/bob/.cache/mess-bench,/dev/nvme0n1p3,ext4,/home,Samsung SSD 970 EVO Plus 2TB,[none] mq-deadline kyber bfq,249456279552,4096,1024,payload[i]=(i*131+17)&0xff,3.98193359375,accepted,,2,2,0,26,bytes,520,520,34097856,26,0,0,0,34097856,0,5304362,5348417,205549,218700,253020,3.980,3.980
e000897,exploratory,pwritev_full_8m,baseline,1,1,ABBA,k_pwrite,process,65536,10,2,2,new_name,synthetic_sweep,1,54215100a825da9eb7cfbd8f045e54ef05fb29bd,false,1b36f48efea63210dfeeee7270dea968ab5ba58da27f90aa42845eb8a64a6649,12b1dafe765a77d1a17115b0ae12cff973f20ed7d6d770fbd790695fe081288e,0e4833553be7825885da5ea99bceab292cc8abee6414d58b31864afe8ca9f944,c89b17de3d4d36a4e106517b0737619bd65f0e2877d95adbf2f297762f71fb7b,6e938dfcd266a2b0eac811d7ea7eabbd5b217965f88efa81371465134dbcab11,2026-07-15T18:57:40.367120+00:00,8o8-arch,7.0.12-arch1-1,AMD Ryzen 9 3900X 12-Core Processor,"logical=24,cores=12,sockets=1,nodes=1",performance,rustc 1.97.0 (2d8144b78 2026-07-07),22.1.6,cargo 1.97.0 (c980f4866 2026-06-30),"release,lto=thin,debug=true",/home/bob/.cache/mess-bench,/dev/nvme0n1p3,ext4,/home,Samsung SSD 970 EVO Plus 2TB,[none] mq-deadline kyber bfq,249456279552,4096,1024,payload[i]=(i*131+17)&0xff,3.98193359375,accepted,,2,4,0,26,bytes,572,520,34105136,104,0,0,0,0,0,2858411,2901808,107220,120850,195809,3.980,3.980
e000898,exploratory,pwritev_full_8m,candidate,1,2,ABBA,pwritev_full_8m,process,65536,10,2,2,new_name,synthetic_sweep,1,54215100a825da9eb7cfbd8f045e54ef05fb29bd,false,1b36f48efea63210dfeeee7270dea968ab5ba58da27f90aa42845eb8a64a6649,12b1dafe765a77d1a17115b0ae12cff973f20ed7d6d770fbd790695fe081288e,0e4833553be7825885da5ea99bceab292cc8abee6414d58b31864afe8ca9f944,c89b17de3d4d36a4e106517b0737619bd65f0e2877d95adbf2f297762f71fb7b,6e938dfcd266a2b0eac811d7ea7eabbd5b217965f88efa81371465134dbcab11,2026-07-15T18:57:41.398578+00:00,8o8-arch,7.0.12-arch1-1,AMD Ryzen 9 3900X 12-Core Processor,"logical=24,cores=12,sockets=1,nodes=1",performance,rustc 1.97.0 (2d8144b78 2026-07-07),22.1.6,cargo 1.97.0 (c980f4866 2026-06-30),"release,lto=thin,debug=true",/home/bob/.cache/mess-bench,/dev/nvme0n1p3,ext4,/home,Samsung SSD 970 EVO Plus 2TB,[none] mq-deadline kyber bfq,249456279552,4096,1024,payload[i]=(i*131+17)&0xff,3.90283203125,accepted,,2,4,0,26,bytes,572,520,34105136,26,0,0,4,0,0,2808791,2825398,108050,118440,121800,3.900,3.900
e000899,exploratory,pwritev_full_8m,candidate,1,3,ABBA,pwritev_full_8m,process,65536,10,2,2,new_name,synthetic_sweep,1,54215100a825da9eb7cfbd8f045e54ef05fb29bd,false,1b36f48efea63210dfeeee7270dea968ab5ba58da27f90aa42845eb8a64a6649,12b1dafe765a77d1a17115b0ae12cff973f20ed7d6d770fbd790695fe081288e,0e4833553be7825885da5ea99bceab292cc8abee6414d58b31864afe8ca9f944,c89b17de3d4d36a4e106517b0737619bd65f0e2877d95adbf2f297762f71fb7b,6e938dfcd266a2b0eac811d7ea7eabbd5b217965f88efa81371465134dbcab11,2026-07-15T18:57:42.429679+00:00,8o8-arch,7.0.12-arch1-1,AMD Ryzen 9 3900X 12-Core Processor,"logical=24,cores=12,sockets=1,nodes=1",performance,rustc 1.97.0 (2d8144b78 2026-07-07),22.1.6,cargo 1.97.0 (c980f4866 2026-06-30),"release,lto=thin,debug=true",/home/bob/.cache/mess-bench,/dev/nvme0n1p3,ext4,/home,Samsung SSD 970 EVO Plus 2TB,[none] mq-deadline kyber bfq,249456275456,4096,1024,payload[i]=(i*131+17)&0xff,3.90283203125,accepted,,2,4,0,26,bytes,572,520,34105136,26,0,0,4,0,0,2911291,2930638,110120,130700,143020,3.900,3.900
e000900,exploratory,pwritev_full_8m,baseline,1,4,ABBA,k_pwrite,process,65536,10,2,2,new_name,synthetic_sweep,1,54215100a825da9eb7cfbd8f045e54ef05fb29bd,false,1b36f48efea63210dfeeee7270dea968ab5ba58da27f90aa42845eb8a64a6649,12b1dafe765a77d1a17115b0ae12cff973f20ed7d6d770fbd790695fe081288e,0e4833553be7825885da5ea99bceab292cc8abee6414d58b31864afe8ca9f944,c89b17de3d4d36a4e106517b0737619bd65f0e2877d95adbf2f297762f71fb7b,6e938dfcd266a2b0eac811d7ea7eabbd5b217965f88efa81371465134dbcab11,2026-07-15T18:57:43.454027+00:00,8o8-arch,7.0.12-arch1-1,AMD Ryzen 9 3900X 12-Core Processor,"logical=24,cores=12,sockets=1,nodes=1",performance,rustc 1.97.0 (2d8144b78 2026-07-07),22.1.6,cargo 1.97.0 (c980f4866 2026-06-30),"release,lto=thin,debug=true",/home/bob/.cache/mess-bench,/dev/nvme0n1p3,ext4,/home,Samsung SSD 970 EVO Plus 2TB,[none] mq-deadline kyber bfq,249456271360,4096,1024,payload[i]=(i*131+17)&0xff,3.90283203125,accepted,,2,4,0,26,bytes,572,520,34105136,104,0,0,0,0,0,2841091,2929138,108970,118390,179569,3.900,3.900
e000901,exploratory,copy_contiguous,candidate,1,1,BAAB,copy_contiguous,process,65536,10,2,2,new_name,synthetic_sweep,1,54215100a825da9eb7cfbd8f045e54ef05fb29bd,false,1b36f48efea63210dfeeee7270dea968ab5ba58da27f90aa42845eb8a64a6649,12b1dafe765a77d1a17115b0ae12cff973f20ed7d6d770fbd790695fe081288e,0e4833553be7825885da5ea99bceab292cc8abee6414d58b31864afe8ca9f944,c89b17de3d4d36a4e106517b0737619bd65f0e2877d95adbf2f297762f71fb7b,6e938dfcd266a2b0eac811d7ea7eabbd5b217965f88efa81371465134dbcab11,2026-07-15T18:57:44.475764+00:00,8o8-arch,7.0.12-arch1-1,AMD Ryzen 9 3900X 12-Core Processor,"logical=24,cores=12,sockets=1,nodes=1",performance,rustc 1.97.0 (2d8144b78 2026-07-07),22.1.6,cargo 1.97.0 (c980f4866 2026-06-30),"release,lto=thin,debug=true",/home/bob/.cache/mess-bench,/dev/nvme0n1p3,ext4,/home,Samsung SSD 970 EVO Plus 2TB,[none] mq-deadline kyber bfq,249456259072,4096,1024,payload[i]=(i*131+17)&0xff,3.90283203125,accepted,,2,4,0,26,bytes,572,520,34105136,26,0,0,0,34105136,0,8310892,9408553,202580,1291848,3252668,3.900,3.900
e000902,exploratory,copy_contiguous,baseline,1,2,BAAB,k_pwrite,process,65536,10,2,2,new_name,synthetic_sweep,1,54215100a825da9eb7cfbd8f045e54ef05fb29bd,false,1b36f48efea63210dfeeee7270dea968ab5ba58da27f90aa42845eb8a64a6649,12b1dafe765a77d1a17115b0ae12cff973f20ed7d6d770fbd790695fe081288e,0e4833553be7825885da5ea99bceab292cc8abee6414d58b31864afe8ca9f944,c89b17de3d4d36a4e106517b0737619bd65f0e2877d95adbf2f297762f71fb7b,6e938dfcd266a2b0eac811d7ea7eabbd5b217965f88efa81371465134dbcab11,2026-07-15T18:57:45.500089+00:00,8o8-arch,7.0.12-arch1-1,AMD Ryzen 9 3900X 12-Core Processor,"logical=24,cores=12,sockets=1,nodes=1",performance,rustc 1.97.0 (2d8144b78 2026-07-07),22.1.6,cargo 1.97.0 (c980f4866 2026-06-30),"release,lto=thin,debug=true",/home/bob/.cache/mess-bench,/dev/nvme0n1p3,ext4,/home,Samsung SSD 970 EVO Plus 2TB,[none] mq-deadline kyber bfq,249456259072,4096,1024,payload[i]=(i*131+17)&0xff,3.90283203125,accepted,,2,4,0,26,bytes,572,520,34105136,104,0,0,0,0,0,2905920,2926858,112770,118480,130790,3.900,3.900
e000903,exploratory,copy_contiguous,baseline,1,3,BAAB,k_pwrite,process,65536,10,2,2,new_name,synthetic_sweep,1,54215100a825da9eb7cfbd8f045e54ef05fb29bd,false,1b36f48efea63210dfeeee7270dea968ab5ba58da27f90aa42845eb8a64a6649,12b1dafe765a77d1a17115b0ae12cff973f20ed7d6d770fbd790695fe081288e,0e4833553be7825885da5ea99bceab292cc8abee6414d58b31864afe8ca9f944,c89b17de3d4d36a4e106517b0737619bd65f0e2877d95adbf2f297762f71fb7b,6e938dfcd266a2b0eac811d7ea7eabbd5b217965f88efa81371465134dbcab11,2026-07-15T18:57:46.524449+00:00,8o8-arch,7.0.12-arch1-1,AMD Ryzen 9 3900X 12-Core Processor,"logical=24,cores=12,sockets=1,nodes=1",performance,rustc 1.97.0 (2d8144b78 2026-07-07),22.1.6,cargo 1.97.0 (c980f4866 2026-06-30),"release,lto=thin,debug=true",/home/bob/.cache/mess-bench,/dev/nvme0n1p3,ext4,/home,Samsung SSD 970 EVO Plus 2TB,[none] mq-deadline kyber bfq,249456254976,4096,1024,payload[i]=(i*131+17)&0xff,3.830078125,accepted,,2,4,0,26,bytes,572,520,34105136,104,0,0,0,0,0,2900210,2925468,112980,124510,125250,3.830,3.830
e000904,exploratory,copy_contiguous,candidate,1,4,BAAB,copy_contiguous,process,65536,10,2,2,new_name,synthetic_sweep,1,54215100a825da9eb7cfbd8f045e54ef05fb29bd,false,1b36f48efea63210dfeeee7270dea968ab5ba58da27f90aa42845eb8a64a6649,12b1dafe765a77d1a17115b0ae12cff973f20ed7d6d770fbd790695fe081288e,0e4833553be7825885da5ea99bceab292cc8abee6414d58b31864afe8ca9f944,c89b17de3d4d36a4e106517b0737619bd65f0e2877d95adbf2f297762f71fb7b,6e938dfcd266a2b0eac811d7ea7eabbd5b217965f88efa81371465134dbcab11,2026-07-15T18:57:47.553164+00:00,8o8-arch,7.0.12-arch1-1,AMD Ryzen 9 3900X 12-Core Processor,"logical=24,cores=12,sockets=1,nodes=1",performance,rustc 1.97.0 (2d8144b78 2026-07-07),22.1.6,cargo 1.97.0 (c980f4866 2026-06-30),"release,lto=thin,debug=true",/home/bob/.cache/mess-bench,/dev/nvme0n1p3,ext4,/home,Samsung SSD 970 EVO Plus 2TB,[none] mq-deadline kyber bfq,249456250880,4096,1024,payload[i]=(i*131+17)&0xff,3.830078125,accepted,,2,4,0,26,bytes,572,520,34105136,26,0,0,0,34105136,0,5177161,5230477,195990,225349,286580,3.830,3.830
e000905,exploratory,pwritev_full_8m,baseline,1,1,ABBA,k_pwrite,process,65536,10,4,4,domain,synthetic_sweep,1,54215100a825da9eb7cfbd8f045e54ef05fb29bd,false,1b36f48efea63210dfeeee7270dea968ab5ba58da27f90aa42845eb8a64a6649,12b1dafe765a77d1a17115b0ae12cff973f20ed7d6d770fbd790695fe081288e,0e4833553be7825885da5ea99bceab292cc8abee6414d58b31864afe8ca9f944,c89b17de3d4d36a4e106517b0737619bd65f0e2877d95adbf2f297762f71fb7b,6e938dfcd266a2b0eac811d7ea7eabbd5b217965f88efa81371465134dbcab11,2026-07-15T18:57:48.574217+00:00,8o8-arch,7.0.12-arch1-1,AMD Ryzen 9 3900X 12-Core Processor,"logical=24,cores=12,sockets=1,nodes=1",performance,rustc 1.97.0 (2d8144b78 2026-07-07),22.1.6,cargo 1.97.0 (c980f4866 2026-06-30),"release,lto=thin,debug=true",/home/bob/.cache/mess-bench,/dev/nvme0n1p3,ext4,/home,Samsung SSD 970 EVO Plus 2TB,[none] mq-deadline kyber bfq,249456250880,4096,1024,payload[i]=(i*131+17)&0xff,3.830078125,accepted,,4,4,0,13,bytes,520,520,34097856,52,0,0,0,0,0,3064620,3088098,234749,252830,277780,3.830,3.830
e000906,exploratory,pwritev_full_8m,candidate,1,2,ABBA,pwritev_full_8m,process,65536,10,4,4,domain,synthetic_sweep,1,54215100a825da9eb7cfbd8f045e54ef05fb29bd,false,1b36f48efea63210dfeeee7270dea968ab5ba58da27f90aa42845eb8a64a6649,12b1dafe765a77d1a17115b0ae12cff973f20ed7d6d770fbd790695fe081288e,0e4833553be7825885da5ea99bceab292cc8abee6414d58b31864afe8ca9f944,c89b17de3d4d36a4e106517b0737619bd65f0e2877d95adbf2f297762f71fb7b,6e938dfcd266a2b0eac811d7ea7eabbd5b217965f88efa81371465134dbcab11,2026-07-15T18:57:49.600224+00:00,8o8-arch,7.0.12-arch1-1,AMD Ryzen 9 3900X 12-Core Processor,"logical=24,cores=12,sockets=1,nodes=1",performance,rustc 1.97.0 (2d8144b78 2026-07-07),22.1.6,cargo 1.97.0 (c980f4866 2026-06-30),"release,lto=thin,debug=true",/home/bob/.cache/mess-bench,/dev/nvme0n1p3,ext4,/home,Samsung SSD 970 EVO Plus 2TB,[none] mq-deadline kyber bfq,249456246784,4096,1024,payload[i]=(i*131+17)&0xff,3.830078125,accepted,,4,4,0,13,bytes,520,520,34097856,13,0,0,4,0,0,2845580,2867508,209749,263990,267449,3.830,3.830
e000907,exploratory,pwritev_full_8m,candidate,1,3,ABBA,pwritev_full_8m,process,65536,10,4,4,domain,synthetic_sweep,1,54215100a825da9eb7cfbd8f045e54ef05fb29bd,false,1b36f48efea63210dfeeee7270dea968ab5ba58da27f90aa42845eb8a64a6649,12b1dafe765a77d1a17115b0ae12cff973f20ed7d6d770fbd790695fe081288e,0e4833553be7825885da5ea99bceab292cc8abee6414d58b31864afe8ca9f944,c89b17de3d4d36a4e106517b0737619bd65f0e2877d95adbf2f297762f71fb7b,6e938dfcd266a2b0eac811d7ea7eabbd5b217965f88efa81371465134dbcab11,2026-07-15T18:57:50.625518+00:00,8o8-arch,7.0.12-arch1-1,AMD Ryzen 9 3900X 12-Core Processor,"logical=24,cores=12,sockets=1,nodes=1",performance,rustc 1.97.0 (2d8144b78 2026-07-07),22.1.6,cargo 1.97.0 (c980f4866 2026-06-30),"release,lto=thin,debug=true",/home/bob/.cache/mess-bench,/dev/nvme0n1p3,ext4,/home,Samsung SSD 970 EVO Plus 2TB,[none] mq-deadline kyber bfq,249456246784,4096,1024,payload[i]=(i*131+17)&0xff,3.830078125,accepted,,4,4,0,13,bytes,520,520,34097856,13,0,0,4,0,0,2812881,2837228,216070,238530,241280,3.830,3.830
e000908,exploratory,pwritev_full_8m,baseline,1,4,ABBA,k_pwrite,process,65536,10,4,4,domain,synthetic_sweep,1,54215100a825da9eb7cfbd8f045e54ef05fb29bd,false,1b36f48efea63210dfeeee7270dea968ab5ba58da27f90aa42845eb8a64a6649,12b1dafe765a77d1a17115b0ae12cff973f20ed7d6d770fbd790695fe081288e,0e4833553be7825885da5ea99bceab292cc8abee6414d58b31864afe8ca9f944,c89b17de3d4d36a4e106517b0737619bd65f0e2877d95adbf2f297762f71fb7b,6e938dfcd266a2b0eac811d7ea7eabbd5b217965f88efa81371465134dbcab11,2026-07-15T18:57:51.653738+00:00,8o8-arch,7.0.12-arch1-1,AMD Ryzen 9 3900X 12-Core Processor,"logical=24,cores=12,sockets=1,nodes=1",performance,rustc 1.97.0 (2d8144b78 2026-07-07),22.1.6,cargo 1.97.0 (c980f4866 2026-06-30),"release,lto=thin,debug=true",/home/bob/.cache/mess-bench,/dev/nvme0n1p3,ext4,/home,Samsung SSD 970 EVO Plus 2TB,[none] mq-deadline kyber bfq,249456214016,4096,1024,payload[i]=(i*131+17)&0xff,3.60302734375,accepted,,4,4,0,13,bytes,520,520,34097856,52,0,0,0,0,0,3180121,3229858,241430,289490,312099,3.600,3.600
e000909,exploratory,copy_contiguous,candidate,1,1,BAAB,copy_contiguous,process,65536,10,4,4,domain,synthetic_sweep,1,54215100a825da9eb7cfbd8f045e54ef05fb29bd,false,1b36f48efea63210dfeeee7270dea968ab5ba58da27f90aa42845eb8a64a6649,12b1dafe765a77d1a17115b0ae12cff973f20ed7d6d770fbd790695fe081288e,0e4833553be7825885da5ea99bceab292cc8abee6414d58b31864afe8ca9f944,c89b17de3d4d36a4e106517b0737619bd65f0e2877d95adbf2f297762f71fb7b,6e938dfcd266a2b0eac811d7ea7eabbd5b217965f88efa81371465134dbcab11,2026-07-15T18:57:52.683236+00:00,8o8-arch,7.0.12-arch1-1,AMD Ryzen 9 3900X 12-Core Processor,"logical=24,cores=12,sockets=1,nodes=1",performance,rustc 1.97.0 (2d8144b78 2026-07-07),22.1.6,cargo 1.97.0 (c980f4866 2026-06-30),"release,lto=thin,debug=true",/home/bob/.cache/mess-bench,/dev/nvme0n1p3,ext4,/home,Samsung SSD 970 EVO Plus 2TB,[none] mq-deadline kyber bfq,249456242688,4096,1024,payload[i]=(i*131+17)&0xff,3.60302734375,accepted,,4,4,0,13,bytes,520,520,34097856,13,0,0,0,34097856,0,5010382,5077096,381430,411999,449009,3.600,3.600
e000910,exploratory,copy_contiguous,baseline,1,2,BAAB,k_pwrite,process,65536,10,4,4,domain,synthetic_sweep,1,54215100a825da9eb7cfbd8f045e54ef05fb29bd,false,1b36f48efea63210dfeeee7270dea968ab5ba58da27f90aa42845eb8a64a6649,12b1dafe765a77d1a17115b0ae12cff973f20ed7d6d770fbd790695fe081288e,0e4833553be7825885da5ea99bceab292cc8abee6414d58b31864afe8ca9f944,c89b17de3d4d36a4e106517b0737619bd65f0e2877d95adbf2f297762f71fb7b,6e938dfcd266a2b0eac811d7ea7eabbd5b217965f88efa81371465134dbcab11,2026-07-15T18:57:53.714809+00:00,8o8-arch,7.0.12-arch1-1,AMD Ryzen 9 3900X 12-Core Processor,"logical=24,cores=12,sockets=1,nodes=1",performance,rustc 1.97.0 (2d8144b78 2026-07-07),22.1.6,cargo 1.97.0 (c980f4866 2026-06-30),"release,lto=thin,debug=true",/home/bob/.cache/mess-bench,/dev/nvme0n1p3,ext4,/home,Samsung SSD 970 EVO Plus 2TB,[none] mq-deadline kyber bfq,249456234496,4096,1024,payload[i]=(i*131+17)&0xff,3.60302734375,accepted,,4,4,0,13,bytes,520,520,34097856,52,0,0,0,0,0,3011800,3039258,221830,263220,333610,3.600,3.600
e000911,exploratory,copy_contiguous,baseline,1,3,BAAB,k_pwrite,process,65536,10,4,4,domain,synthetic_sweep,1,54215100a825da9eb7cfbd8f045e54ef05fb29bd,false,1b36f48efea63210dfeeee7270dea968ab5ba58da27f90aa42845eb8a64a6649,12b1dafe765a77d1a17115b0ae12cff973f20ed7d6d770fbd790695fe081288e,0e4833553be7825885da5ea99bceab292cc8abee6414d58b31864afe8ca9f944,c89b17de3d4d36a4e106517b0737619bd65f0e2877d95adbf2f297762f71fb7b,6e938dfcd266a2b0eac811d7ea7eabbd5b217965f88efa81371465134dbcab11,2026-07-15T18:57:54.745709+00:00,8o8-arch,7.0.12-arch1-1,AMD Ryzen 9 3900X 12-Core Processor,"logical=24,cores=12,sockets=1,nodes=1",performance,rustc 1.97.0 (2d8144b78 2026-07-07),22.1.6,cargo 1.97.0 (c980f4866 2026-06-30),"release,lto=thin,debug=true",/home/bob/.cache/mess-bench,/dev/nvme0n1p3,ext4,/home,Samsung SSD 970 EVO Plus 2TB,[none] mq-deadline kyber bfq,249456226304,4096,1024,payload[i]=(i*131+17)&0xff,3.60302734375,accepted,,4,4,0,13,bytes,520,520,34097856,52,0,0,0,0,0,4855251,4897346,397710,487390,814329,3.600,3.600
e000912,exploratory,copy_contiguous,candidate,1,4,BAAB,copy_contiguous,process,65536,10,4,4,domain,synthetic_sweep,1,54215100a825da9eb7cfbd8f045e54ef05fb29bd,false,1b36f48efea63210dfeeee7270dea968ab5ba58da27f90aa42845eb8a64a6649,12b1dafe765a77d1a17115b0ae12cff973f20ed7d6d770fbd790695fe081288e,0e4833553be7825885da5ea99bceab292cc8abee6414d58b31864afe8ca9f944,c89b17de3d4d36a4e106517b0737619bd65f0e2877d95adbf2f297762f71fb7b,6e938dfcd266a2b0eac811d7ea7eabbd5b217965f88efa81371465134dbcab11,2026-07-15T18:57:55.773768+00:00,8o8-arch,7.0.12-arch1-1,AMD Ryzen 9 3900X 12-Core Processor,"logical=24,cores=12,sockets=1,nodes=1",performance,rustc 1.97.0 (2d8144b78 2026-07-07),22.1.6,cargo 1.97.0 (c980f4866 2026-06-30),"release,lto=thin,debug=true",/home/bob/.cache/mess-bench,/dev/nvme0n1p3,ext4,/home,Samsung SSD 970 EVO Plus 2TB,[none] mq-deadline kyber bfq,249456222208,4096,1024,payload[i]=(i*131+17)&0xff,3.60302734375,accepted,,4,4,0,13,bytes,520,520,34097856,13,0,0,0,34097856,0,8852412,8918854,414940,511049,3886558,3.600,3.600
e000913,exploratory,pwritev_full_8m,baseline,1,1,ABBA,k_pwrite,process,65536,10,4,4,new_name,synthetic_sweep,1,54215100a825da9eb7cfbd8f045e54ef05fb29bd,false,1b36f48efea63210dfeeee7270dea968ab5ba58da27f90aa42845eb8a64a6649,12b1dafe765a77d1a17115b0ae12cff973f20ed7d6d770fbd790695fe081288e,0e4833553be7825885da5ea99bceab292cc8abee6414d58b31864afe8ca9f944,c89b17de3d4d36a4e106517b0737619bd65f0e2877d95adbf2f297762f71fb7b,6e938dfcd266a2b0eac811d7ea7eabbd5b217965f88efa81371465134dbcab11,2026-07-15T18:57:56.805027+00:00,8o8-arch,7.0.12-arch1-1,AMD Ryzen 9 3900X 12-Core Processor,"logical=24,cores=12,sockets=1,nodes=1",performance,rustc 1.97.0 (2d8144b78 2026-07-07),22.1.6,cargo 1.97.0 (c980f4866 2026-06-30),"release,lto=thin,debug=true",/home/bob/.cache/mess-bench,/dev/nvme0n1p3,ext4,/home,Samsung SSD 970 EVO Plus 2TB,[none] mq-deadline kyber bfq,249456222208,4096,1024,payload[i]=(i*131+17)&0xff,3.39453125,accepted,,4,8,0,13,bytes,572,520,34105136,104,0,0,0,0,0,3134831,3163368,233520,266310,329559,3.390,3.390
e000914,exploratory,pwritev_full_8m,candidate,1,2,ABBA,pwritev_full_8m,process,65536,10,4,4,new_name,synthetic_sweep,1,54215100a825da9eb7cfbd8f045e54ef05fb29bd,false,1b36f48efea63210dfeeee7270dea968ab5ba58da27f90aa42845eb8a64a6649,12b1dafe765a77d1a17115b0ae12cff973f20ed7d6d770fbd790695fe081288e,0e4833553be7825885da5ea99bceab292cc8abee6414d58b31864afe8ca9f944,c89b17de3d4d36a4e106517b0737619bd65f0e2877d95adbf2f297762f71fb7b,6e938dfcd266a2b0eac811d7ea7eabbd5b217965f88efa81371465134dbcab11,2026-07-15T18:57:57.836660+00:00,8o8-arch,7.0.12-arch1-1,AMD Ryzen 9 3900X 12-Core Processor,"logical=24,cores=12,sockets=1,nodes=1",performance,rustc 1.97.0 (2d8144b78 2026-07-07),22.1.6,cargo 1.97.0 (c980f4866 2026-06-30),"release,lto=thin,debug=true",/home/bob/.cache/mess-bench,/dev/nvme0n1p3,ext4,/home,Samsung SSD 970 EVO Plus 2TB,[none] mq-deadline kyber bfq,249456222208,4096,1024,payload[i]=(i*131+17)&0xff,3.39453125,accepted,,4,8,0,13,bytes,572,520,34105136,13,0,0,8,0,0,2866071,2877558,222470,230190,236690,3.390,3.390
e000915,exploratory,pwritev_full_8m,candidate,1,3,ABBA,pwritev_full_8m,process,65536,10,4,4,new_name,synthetic_sweep,1,54215100a825da9eb7cfbd8f045e54ef05fb29bd,false,1b36f48efea63210dfeeee7270dea968ab5ba58da27f90aa42845eb8a64a6649,12b1dafe765a77d1a17115b0ae12cff973f20ed7d6d770fbd790695fe081288e,0e4833553be7825885da5ea99bceab292cc8abee6414d58b31864afe8ca9f944,c89b17de3d4d36a4e106517b0737619bd65f0e2877d95adbf2f297762f71fb7b,6e938dfcd266a2b0eac811d7ea7eabbd5b217965f88efa81371465134dbcab11,2026-07-15T18:57:58.868086+00:00,8o8-arch,7.0.12-arch1-1,AMD Ryzen 9 3900X 12-Core Processor,"logical=24,cores=12,sockets=1,nodes=1",performance,rustc 1.97.0 (2d8144b78 2026-07-07),22.1.6,cargo 1.97.0 (c980f4866 2026-06-30),"release,lto=thin,debug=true",/home/bob/.cache/mess-bench,/dev/nvme0n1p3,ext4,/home,Samsung SSD 970 EVO Plus 2TB,[none] mq-deadline kyber bfq,249456222208,4096,1024,payload[i]=(i*131+17)&0xff,3.39453125,accepted,,4,8,0,13,bytes,572,520,34105136,13,0,0,8,0,0,2726600,2736348,209480,218210,226210,3.390,3.390
e000916,exploratory,pwritev_full_8m,baseline,1,4,ABBA,k_pwrite,process,65536,10,4,4,new_name,synthetic_sweep,1,54215100a825da9eb7cfbd8f045e54ef05fb29bd,false,1b36f48efea63210dfeeee7270dea968ab5ba58da27f90aa42845eb8a64a6649,12b1dafe765a77d1a17115b0ae12cff973f20ed7d6d770fbd790695fe081288e,0e4833553be7825885da5ea99bceab292cc8abee6414d58b31864afe8ca9f944,c89b17de3d4d36a4e106517b0737619bd65f0e2877d95adbf2f297762f71fb7b,6e938dfcd266a2b0eac811d7ea7eabbd5b217965f88efa81371465134dbcab11,2026-07-15T18:57:59.899046+00:00,8o8-arch,7.0.12-arch1-1,AMD Ryzen 9 3900X 12-Core Processor,"logical=24,cores=12,sockets=1,nodes=1",performance,rustc 1.97.0 (2d8144b78 2026-07-07),22.1.6,cargo 1.97.0 (c980f4866 2026-06-30),"release,lto=thin,debug=true",/home/bob/.cache/mess-bench,/dev/nvme0n1p3,ext4,/home,Samsung SSD 970 EVO Plus 2TB,[none] mq-deadline kyber bfq,249456214016,4096,1024,payload[i]=(i*131+17)&0xff,3.39453125,accepted,,4,8,0,13,bytes,572,520,34105136,104,0,0,0,0,0,2969551,2997918,226960,251930,254530,3.390,3.390
e000917,exploratory,copy_contiguous,candidate,1,1,BAAB,copy_contiguous,process,65536,10,4,4,new_name,synthetic_sweep,1,54215100a825da9eb7cfbd8f045e54ef05fb29bd,false,1b36f48efea63210dfeeee7270dea968ab5ba58da27f90aa42845eb8a64a6649,12b1dafe765a77d1a17115b0ae12cff973f20ed7d6d770fbd790695fe081288e,0e4833553be7825885da5ea99bceab292cc8abee6414d58b31864afe8ca9f944,c89b17de3d4d36a4e106517b0737619bd65f0e2877d95adbf2f297762f71fb7b,6e938dfcd266a2b0eac811d7ea7eabbd5b217965f88efa81371465134dbcab11,2026-07-15T18:58:00.930633+00:00,8o8-arch,7.0.12-arch1-1,AMD Ryzen 9 3900X 12-Core Processor,"logical=24,cores=12,sockets=1,nodes=1",performance,rustc 1.97.0 (2d8144b78 2026-07-07),22.1.6,cargo 1.97.0 (c980f4866 2026-06-30),"release,lto=thin,debug=true",/home/bob/.cache/mess-bench,/dev/nvme0n1p3,ext4,/home,Samsung SSD 970 EVO Plus 2TB,[none] mq-deadline kyber bfq,249456209920,4096,1024,payload[i]=(i*131+17)&0xff,3.39453125,accepted,,4,8,0,13,bytes,572,520,34105136,13,0,0,0,34105136,0,4915501,4957547,380750,392060,416190,3.390,3.390
e000918,exploratory,copy_contiguous,baseline,1,2,BAAB,k_pwrite,process,65536,10,4,4,new_name,synthetic_sweep,1,54215100a825da9eb7cfbd8f045e54ef05fb29bd,false,1b36f48efea63210dfeeee7270dea968ab5ba58da27f90aa42845eb8a64a6649,12b1dafe765a77d1a17115b0ae12cff973f20ed7d6d770fbd790695fe081288e,0e4833553be7825885da5ea99bceab292cc8abee6414d58b31864afe8ca9f944,c89b17de3d4d36a4e106517b0737619bd65f0e2877d95adbf2f297762f71fb7b,6e938dfcd266a2b0eac811d7ea7eabbd5b217965f88efa81371465134dbcab11,2026-07-15T18:58:01.960926+00:00,8o8-arch,7.0.12-arch1-1,AMD Ryzen 9 3900X 12-Core Processor,"logical=24,cores=12,sockets=1,nodes=1",performance,rustc 1.97.0 (2d8144b78 2026-07-07),22.1.6,cargo 1.97.0 (c980f4866 2026-06-30),"release,lto=thin,debug=true",/home/bob/.cache/mess-bench,/dev/nvme0n1p3,ext4,/home,Samsung SSD 970 EVO Plus 2TB,[none] mq-deadline kyber bfq,249456209920,4096,1024,payload[i]=(i*131+17)&0xff,3.28271484375,accepted,,4,8,0,13,bytes,572,520,34105136,104,0,0,0,0,0,2927940,2955078,216700,233580,333610,3.280,3.280
e000919,exploratory,copy_contiguous,baseline,1,3,BAAB,k_pwrite,process,65536,10,4,4,new_name,synthetic_sweep,1,54215100a825da9eb7cfbd8f045e54ef05fb29bd,false,1b36f48efea63210dfeeee7270dea968ab5ba58da27f90aa42845eb8a64a6649,12b1dafe765a77d1a17115b0ae12cff973f20ed7d6d770fbd790695fe081288e,0e4833553be7825885da5ea99bceab292cc8abee6414d58b31864afe8ca9f944,c89b17de3d4d36a4e106517b0737619bd65f0e2877d95adbf2f297762f71fb7b,6e938dfcd266a2b0eac811d7ea7eabbd5b217965f88efa81371465134dbcab11,2026-07-15T18:58:02.992067+00:00,8o8-arch,7.0.12-arch1-1,AMD Ryzen 9 3900X 12-Core Processor,"logical=24,cores=12,sockets=1,nodes=1",performance,rustc 1.97.0 (2d8144b78 2026-07-07),22.1.6,cargo 1.97.0 (c980f4866 2026-06-30),"release,lto=thin,debug=true",/home/bob/.cache/mess-bench,/dev/nvme0n1p3,ext4,/home,Samsung SSD 970 EVO Plus 2TB,[none] mq-deadline kyber bfq,249456205824,4096,1024,payload[i]=(i*131+17)&0xff,3.28271484375,accepted,,4,8,0,13,bytes,572,520,34105136,104,0,0,0,0,0,3142061,3180087,243880,253689,257320,3.280,3.280
e000920,exploratory,copy_contiguous,candidate,1,4,BAAB,copy_contiguous,process,65536,10,4,4,new_name,synthetic_sweep,1,54215100a825da9eb7cfbd8f045e54ef05fb29bd,false,1b36f48efea63210dfeeee7270dea968ab5ba58da27f90aa42845eb8a64a6649,12b1dafe765a77d1a17115b0ae12cff973f20ed7d6d770fbd790695fe081288e,0e4833553be7825885da5ea99bceab292cc8abee6414d58b31864afe8ca9f944,c89b17de3d4d36a4e106517b0737619bd65f0e2877d95adbf2f297762f71fb7b,6e938dfcd266a2b0eac811d7ea7eabbd5b217965f88efa81371465134dbcab11,2026-07-15T18:58:04.025119+00:00,8o8-arch,7.0.12-arch1-1,AMD Ryzen 9 3900X 12-Core Processor,"logical=24,cores=12,sockets=1,nodes=1",performance,rustc 1.97.0 (2d8144b78 2026-07-07),22.1.6,cargo 1.97.0 (c980f4866 2026-06-30),"release,lto=thin,debug=true",/home/bob/.cache/mess-bench,/dev/nvme0n1p3,ext4,/home,Samsung SSD 970 EVO Plus 2TB,[none] mq-deadline kyber bfq,249456164864,4096,1024,payload[i]=(i*131+17)&0xff,3.28271484375,accepted,,4,8,0,13,bytes,572,520,34105136,13,0,0,0,34105136,0,4987462,5023206,379999,413570,418810,3.280,3.280
e000921,exploratory,pwritev_full_8m,baseline,1,1,ABBA,k_pwrite,process,65536,100,2,2,domain,synthetic_sweep,1,54215100a825da9eb7cfbd8f045e54ef05fb29bd,false,1b36f48efea63210dfeeee7270dea968ab5ba58da27f90aa42845eb8a64a6649,12b1dafe765a77d1a17115b0ae12cff973f20ed7d6d770fbd790695fe081288e,0e4833553be7825885da5ea99bceab292cc8abee6414d58b31864afe8ca9f944,c89b17de3d4d36a4e106517b0737619bd65f0e2877d95adbf2f297762f71fb7b,6e938dfcd266a2b0eac811d7ea7eabbd5b217965f88efa81371465134dbcab11,2026-07-15T18:58:05.056399+00:00,8o8-arch,7.0.12-arch1-1,AMD Ryzen 9 3900X 12-Core Processor,"logical=24,cores=12,sockets=1,nodes=1",performance,rustc 1.97.0 (2d8144b78 2026-07-07),22.1.6,cargo 1.97.0 (c980f4866 2026-06-30),"release,lto=thin,debug=true",/home/bob/.cache/mess-bench,/dev/nvme0n1p3,ext4,/home,Samsung SSD 970 EVO Plus 2TB,[none] mq-deadline kyber bfq,249456197632,4096,1024,payload[i]=(i*131+17)&0xff,3.28271484375,accepted,,2,2,0,3,bytes,600,600,39338928,6,0,0,0,0,0,3058181,3083248,967400,1310689,1310689,3.280,3.280
e000922,exploratory,pwritev_full_8m,candidate,1,2,ABBA,pwritev_full_8m,process,65536,100,2,2,domain,synthetic_sweep,1,54215100a825da9eb7cfbd8f045e54ef05fb29bd,false,1b36f48efea63210dfeeee7270dea968ab5ba58da27f90aa42845eb8a64a6649,12b1dafe765a77d1a17115b0ae12cff973f20ed7d6d770fbd790695fe081288e,0e4833553be7825885da5ea99bceab292cc8abee6414d58b31864afe8ca9f944,c89b17de3d4d36a4e106517b0737619bd65f0e2877d95adbf2f297762f71fb7b,6e938dfcd266a2b0eac811d7ea7eabbd5b217965f88efa81371465134dbcab11,2026-07-15T18:58:06.080935+00:00,8o8-arch,7.0.12-arch1-1,AMD Ryzen 9 3900X 12-Core Processor,"logical=24,cores=12,sockets=1,nodes=1",performance,rustc 1.97.0 (2d8144b78 2026-07-07),22.1.6,cargo 1.97.0 (c980f4866 2026-06-30),"release,lto=thin,debug=true",/home/bob/.cache/mess-bench,/dev/nvme0n1p3,ext4,/home,Samsung SSD 970 EVO Plus 2TB,[none] mq-deadline kyber bfq,249456160768,4096,1024,payload[i]=(i*131+17)&0xff,3.1796875,accepted,,2,2,0,3,bytes,600,600,39338928,6,0,0,2,0,0,2702591,2718898,837420,1048799,1048799,3.180,3.180
e000923,exploratory,pwritev_full_8m,candidate,1,3,ABBA,pwritev_full_8m,process,65536,100,2,2,domain,synthetic_sweep,1,54215100a825da9eb7cfbd8f045e54ef05fb29bd,false,1b36f48efea63210dfeeee7270dea968ab5ba58da27f90aa42845eb8a64a6649,12b1dafe765a77d1a17115b0ae12cff973f20ed7d6d770fbd790695fe081288e,0e4833553be7825885da5ea99bceab292cc8abee6414d58b31864afe8ca9f944,c89b17de3d4d36a4e106517b0737619bd65f0e2877d95adbf2f297762f71fb7b,6e938dfcd266a2b0eac811d7ea7eabbd5b217965f88efa81371465134dbcab11,2026-07-15T18:58:07.103340+00:00,8o8-arch,7.0.12-arch1-1,AMD Ryzen 9 3900X 12-Core Processor,"logical=24,cores=12,sockets=1,nodes=1",performance,rustc 1.97.0 (2d8144b78 2026-07-07),22.1.6,cargo 1.97.0 (c980f4866 2026-06-30),"release,lto=thin,debug=true",/home/bob/.cache/mess-bench,/dev/nvme0n1p3,ext4,/home,Samsung SSD 970 EVO Plus 2TB,[none] mq-deadline kyber bfq,249456181248,4096,1024,payload[i]=(i*131+17)&0xff,3.1796875,accepted,,2,2,0,3,bytes,600,600,39338928,6,0,0,2,0,0,2943200,3082247,973709,1224549,1224549,3.180,3.180
e000924,exploratory,pwritev_full_8m,baseline,1,4,ABBA,k_pwrite,process,65536,100,2,2,domain,synthetic_sweep,1,54215100a825da9eb7cfbd8f045e54ef05fb29bd,false,1b36f48efea63210dfeeee7270dea968ab5ba58da27f90aa42845eb8a64a6649,12b1dafe765a77d1a17115b0ae12cff973f20ed7d6d770fbd790695fe081288e,0e4833553be7825885da5ea99bceab292cc8abee6414d58b31864afe8ca9f944,c89b17de3d4d36a4e106517b0737619bd65f0e2877d95adbf2f297762f71fb7b,6e938dfcd266a2b0eac811d7ea7eabbd5b217965f88efa81371465134dbcab11,2026-07-15T18:58:08.138791+00:00,8o8-arch,7.0.12-arch1-1,AMD Ryzen 9 3900X 12-Core Processor,"logical=24,cores=12,sockets=1,nodes=1",performance,rustc 1.97.0 (2d8144b78 2026-07-07),22.1.6,cargo 1.97.0 (c980f4866 2026-06-30),"release,lto=thin,debug=true",/home/bob/.cache/mess-bench,/dev/nvme0n1p3,ext4,/home,Samsung SSD 970 EVO Plus 2TB,[none] mq-deadline kyber bfq,249456140288,4096,1024,payload[i]=(i*131+17)&0xff,3.1796875,accepted,,2,2,0,3,bytes,600,600,39338928,6,0,0,0,0,0,3686910,3748877,1280589,1418989,1418989,3.180,3.180
e000925,exploratory,pwritev_full_8m,candidate,1,1,BAAB,pwritev_full_8m,process,65536,100,2,2,new_name,synthetic_sweep,1,54215100a825da9eb7cfbd8f045e54ef05fb29bd,false,1b36f48efea63210dfeeee7270dea968ab5ba58da27f90aa42845eb8a64a6649,12b1dafe765a77d1a17115b0ae12cff973f20ed7d6d770fbd790695fe081288e,0e4833553be7825885da5ea99bceab292cc8abee6414d58b31864afe8ca9f944,c89b17de3d4d36a4e106517b0737619bd65f0e2877d95adbf2f297762f71fb7b,6e938dfcd266a2b0eac811d7ea7eabbd5b217965f88efa81371465134dbcab11,2026-07-15T18:58:09.165382+00:00,8o8-arch,7.0.12-arch1-1,AMD Ryzen 9 3900X 12-Core Processor,"logical=24,cores=12,sockets=1,nodes=1",performance,rustc 1.97.0 (2d8144b78 2026-07-07),22.1.6,cargo 1.97.0 (c980f4866 2026-06-30),"release,lto=thin,debug=true",/home/bob/.cache/mess-bench,/dev/nvme0n1p3,ext4,/home,Samsung SSD 970 EVO Plus 2TB,[none] mq-deadline kyber bfq,249456152576,4096,1024,payload[i]=(i*131+17)&0xff,3.1796875,accepted,,2,4,0,3,bytes,606,600,39339768,6,0,0,4,0,0,3922661,3970417,1298759,1394739,1394739,3.180,3.180
e000926,exploratory,pwritev_full_8m,baseline,1,2,BAAB,k_pwrite,process,65536,100,2,2,new_name,synthetic_sweep,1,54215100a825da9eb7cfbd8f045e54ef05fb29bd,false,1b36f48efea63210dfeeee7270dea968ab5ba58da27f90aa42845eb8a64a6649,12b1dafe765a77d1a17115b0ae12cff973f20ed7d6d770fbd790695fe081288e,0e4833553be7825885da5ea99bceab292cc8abee6414d58b31864afe8ca9f944,c89b17de3d4d36a4e106517b0737619bd65f0e2877d95adbf2f297762f71fb7b,6e938dfcd266a2b0eac811d7ea7eabbd5b217965f88efa81371465134dbcab11,2026-07-15T18:58:10.198210+00:00,8o8-arch,7.0.12-arch1-1,AMD Ryzen 9 3900X 12-Core Processor,"logical=24,cores=12,sockets=1,nodes=1",performance,rustc 1.97.0 (2d8144b78 2026-07-07),22.1.6,cargo 1.97.0 (c980f4866 2026-06-30),"release,lto=thin,debug=true",/home/bob/.cache/mess-bench,/dev/nvme0n1p3,ext4,/home,Samsung SSD 970 EVO Plus 2TB,[none] mq-deadline kyber bfq,249456119808,4096,1024,payload[i]=(i*131+17)&0xff,3.1796875,accepted,,2,4,0,3,bytes,606,600,39339768,12,0,0,0,0,0,3804871,3838587,1224939,1397499,1397499,3.180,3.180
e000927,exploratory,pwritev_full_8m,baseline,1,3,BAAB,k_pwrite,process,65536,100,2,2,new_name,synthetic_sweep,1,54215100a825da9eb7cfbd8f045e54ef05fb29bd,false,1b36f48efea63210dfeeee7270dea968ab5ba58da27f90aa42845eb8a64a6649,12b1dafe765a77d1a17115b0ae12cff973f20ed7d6d770fbd790695fe081288e,0e4833553be7825885da5ea99bceab292cc8abee6414d58b31864afe8ca9f944,c89b17de3d4d36a4e106517b0737619bd65f0e2877d95adbf2f297762f71fb7b,6e938dfcd266a2b0eac811d7ea7eabbd5b217965f88efa81371465134dbcab11,2026-07-15T18:58:11.230836+00:00,8o8-arch,7.0.12-arch1-1,AMD Ryzen 9 3900X 12-Core Processor,"logical=24,cores=12,sockets=1,nodes=1",performance,rustc 1.97.0 (2d8144b78 2026-07-07),22.1.6,cargo 1.97.0 (c980f4866 2026-06-30),"release,lto=thin,debug=true",/home/bob/.cache/mess-bench,/dev/nvme0n1p3,ext4,/home,Samsung SSD 970 EVO Plus 2TB,[none] mq-deadline kyber bfq,249456152576,4096,1024,payload[i]=(i*131+17)&0xff,5.72802734375,accepted,,2,4,0,3,bytes,606,600,39339768,12,0,0,0,0,0,3306261,3335857,1050579,1355169,1355169,5.730,5.730
e000928,exploratory,pwritev_full_8m,candidate,1,4,BAAB,pwritev_full_8m,process,65536,100,2,2,new_name,synthetic_sweep,1,54215100a825da9eb7cfbd8f045e54ef05fb29bd,false,1b36f48efea63210dfeeee7270dea968ab5ba58da27f90aa42845eb8a64a6649,12b1dafe765a77d1a17115b0ae12cff973f20ed7d6d770fbd790695fe081288e,0e4833553be7825885da5ea99bceab292cc8abee6414d58b31864afe8ca9f944,c89b17de3d4d36a4e106517b0737619bd65f0e2877d95adbf2f297762f71fb7b,6e938dfcd266a2b0eac811d7ea7eabbd5b217965f88efa81371465134dbcab11,2026-07-15T18:58:12.260890+00:00,8o8-arch,7.0.12-arch1-1,AMD Ryzen 9 3900X 12-Core Processor,"logical=24,cores=12,sockets=1,nodes=1",performance,rustc 1.97.0 (2d8144b78 2026-07-07),22.1.6,cargo 1.97.0 (c980f4866 2026-06-30),"release,lto=thin,debug=true",/home/bob/.cache/mess-bench,/dev/nvme0n1p3,ext4,/home,Samsung SSD 970 EVO Plus 2TB,[none] mq-deadline kyber bfq,249456115712,4096,1024,payload[i]=(i*131+17)&0xff,5.72802734375,accepted,,2,4,0,3,bytes,606,600,39339768,6,0,0,4,0,0,6550122,7084375,1305759,4731977,4731977,5.730,5.730
e000929,exploratory,pwritev_full_8m,baseline,1,1,ABBA,k_pwrite,process,65536,100,4,4,domain,synthetic_sweep,1,54215100a825da9eb7cfbd8f045e54ef05fb29bd,false,1b36f48efea63210dfeeee7270dea968ab5ba58da27f90aa42845eb8a64a6649,12b1dafe765a77d1a17115b0ae12cff973f20ed7d6d770fbd790695fe081288e,0e4833553be7825885da5ea99bceab292cc8abee6414d58b31864afe8ca9f944,c89b17de3d4d36a4e106517b0737619bd65f0e2877d95adbf2f297762f71fb7b,6e938dfcd266a2b0eac811d7ea7eabbd5b217965f88efa81371465134dbcab11,2026-07-15T18:58:13.291400+00:00,8o8-arch,7.0.12-arch1-1,AMD Ryzen 9 3900X 12-Core Processor,"logical=24,cores=12,sockets=1,nodes=1",performance,rustc 1.97.0 (2d8144b78 2026-07-07),22.1.6,cargo 1.97.0 (c980f4866 2026-06-30),"release,lto=thin,debug=true",/home/bob/.cache/mess-bench,/dev/nvme0n1p3,ext4,/home,Samsung SSD 970 EVO Plus 2TB,[none] mq-deadline kyber bfq,249456140288,4096,1024,payload[i]=(i*131+17)&0xff,5.72802734375,accepted,,4,4,0,2,bytes,800,800,52451904,8,0,0,0,0,0,6197222,6259996,3161688,3161688,3161688,5.730,5.730
e000930,exploratory,pwritev_full_8m,candidate,1,2,ABBA,pwritev_full_8m,process,65536,100,4,4,domain,synthetic_sweep,1,54215100a825da9eb7cfbd8f045e54ef05fb29bd,false,1b36f48efea63210dfeeee7270dea968ab5ba58da27f90aa42845eb8a64a6649,12b1dafe765a77d1a17115b0ae12cff973f20ed7d6d770fbd790695fe081288e,0e4833553be7825885da5ea99bceab292cc8abee6414d58b31864afe8ca9f944,c89b17de3d4d36a4e106517b0737619bd65f0e2877d95adbf2f297762f71fb7b,6e938dfcd266a2b0eac811d7ea7eabbd5b217965f88efa81371465134dbcab11,2026-07-15T18:58:14.319943+00:00,8o8-arch,7.0.12-arch1-1,AMD Ryzen 9 3900X 12-Core Processor,"logical=24,cores=12,sockets=1,nodes=1",performance,rustc 1.97.0 (2d8144b78 2026-07-07),22.1.6,cargo 1.97.0 (c980f4866 2026-06-30),"release,lto=thin,debug=true",/home/bob/.cache/mess-bench,/dev/nvme0n1p3,ext4,/home,Samsung SSD 970 EVO Plus 2TB,[none] mq-deadline kyber bfq,249456107520,4096,1024,payload[i]=(i*131+17)&0xff,5.72802734375,accepted,,4,4,0,2,bytes,800,800,52451904,8,0,0,2,0,0,5974992,6045716,3132568,3132568,3132568,5.730,5.730
e000931,exploratory,pwritev_full_8m,candidate,1,3,ABBA,pwritev_full_8m,process,65536,100,4,4,domain,synthetic_sweep,1,54215100a825da9eb7cfbd8f045e54ef05fb29bd,false,1b36f48efea63210dfeeee7270dea968ab5ba58da27f90aa42845eb8a64a6649,12b1dafe765a77d1a17115b0ae12cff973f20ed7d6d770fbd790695fe081288e,0e4833553be7825885da5ea99bceab292cc8abee6414d58b31864afe8ca9f944,c89b17de3d4d36a4e106517b0737619bd65f0e2877d95adbf2f297762f71fb7b,6e938dfcd266a2b0eac811d7ea7eabbd5b217965f88efa81371465134dbcab11,2026-07-15T18:58:15.349416+00:00,8o8-arch,7.0.12-arch1-1,AMD Ryzen 9 3900X 12-Core Processor,"logical=24,cores=12,sockets=1,nodes=1",performance,rustc 1.97.0 (2d8144b78 2026-07-07),22.1.6,cargo 1.97.0 (c980f4866 2026-06-30),"release,lto=thin,debug=true",/home/bob/.cache/mess-bench,/dev/nvme0n1p3,ext4,/home,Samsung SSD 970 EVO Plus 2TB,[none] mq-deadline kyber bfq,249456140288,4096,1024,payload[i]=(i*131+17)&0xff,5.72802734375,accepted,,4,4,0,2,bytes,800,800,52451904,8,0,0,2,0,0,6195221,6240396,3322468,3322468,3322468,5.730,5.730
e000932,exploratory,pwritev_full_8m,baseline,1,4,ABBA,k_pwrite,process,65536,100,4,4,domain,synthetic_sweep,1,54215100a825da9eb7cfbd8f045e54ef05fb29bd,false,1b36f48efea63210dfeeee7270dea968ab5ba58da27f90aa42845eb8a64a6649,12b1dafe765a77d1a17115b0ae12cff973f20ed7d6d770fbd790695fe081288e,0e4833553be7825885da5ea99bceab292cc8abee6414d58b31864afe8ca9f944,c89b17de3d4d36a4e106517b0737619bd65f0e2877d95adbf2f297762f71fb7b,6e938dfcd266a2b0eac811d7ea7eabbd5b217965f88efa81371465134dbcab11,2026-07-15T18:58:16.381199+00:00,8o8-arch,7.0.12-arch1-1,AMD Ryzen 9 3900X 12-Core Processor,"logical=24,cores=12,sockets=1,nodes=1",performance,rustc 1.97.0 (2d8144b78 2026-07-07),22.1.6,cargo 1.97.0 (c980f4866 2026-06-30),"release,lto=thin,debug=true",/home/bob/.cache/mess-bench,/dev/nvme0n1p3,ext4,/home,Samsung SSD 970 EVO Plus 2TB,[none] mq-deadline kyber bfq,249459552256,4096,1024,payload[i]=(i*131+17)&0xff,5.65869140625,accepted,,4,4,0,2,bytes,800,800,52451904,8,0,0,0,0,0,6277881,6324345,3469827,3469827,3469827,5.660,5.660
e000933,exploratory,pwritev_full_8m,candidate,1,1,BAAB,pwritev_full_8m,process,65536,100,4,4,new_name,synthetic_sweep,1,54215100a825da9eb7cfbd8f045e54ef05fb29bd,false,1b36f48efea63210dfeeee7270dea968ab5ba58da27f90aa42845eb8a64a6649,12b1dafe765a77d1a17115b0ae12cff973f20ed7d6d770fbd790695fe081288e,0e4833553be7825885da5ea99bceab292cc8abee6414d58b31864afe8ca9f944,c89b17de3d4d36a4e106517b0737619bd65f0e2877d95adbf2f297762f71fb7b,6e938dfcd266a2b0eac811d7ea7eabbd5b217965f88efa81371465134dbcab11,2026-07-15T18:59:27.412914+00:00,8o8-arch,7.0.12-arch1-1,AMD Ryzen 9 3900X 12-Core Processor,"logical=24,cores=12,sockets=1,nodes=1",performance,rustc 1.97.0 (2d8144b78 2026-07-07),22.1.6,cargo 1.97.0 (c980f4866 2026-06-30),"release,lto=thin,debug=true",/home/bob/.cache/mess-bench,/dev/nvme0n1p3,ext4,/home,Samsung SSD 970 EVO Plus 2TB,[none] mq-deadline kyber bfq,249459548160,4096,1024,payload[i]=(i*131+17)&0xff,5.65869140625,accepted,,4,8,0,2,bytes,808,800,52453024,8,0,0,4,0,0,6279392,6358045,3380888,3380888,3380888,5.660,5.660
e000934,exploratory,pwritev_full_8m,baseline,1,2,BAAB,k_pwrite,process,65536,100,4,4,new_name,synthetic_sweep,1,54215100a825da9eb7cfbd8f045e54ef05fb29bd,false,1b36f48efea63210dfeeee7270dea968ab5ba58da27f90aa42845eb8a64a6649,12b1dafe765a77d1a17115b0ae12cff973f20ed7d6d770fbd790695fe081288e,0e4833553be7825885da5ea99bceab292cc8abee6414d58b31864afe8ca9f944,c89b17de3d4d36a4e106517b0737619bd65f0e2877d95adbf2f297762f71fb7b,6e938dfcd266a2b0eac811d7ea7eabbd5b217965f88efa81371465134dbcab11,2026-07-15T18:59:28.441800+00:00,8o8-arch,7.0.12-arch1-1,AMD Ryzen 9 3900X 12-Core Processor,"logical=24,cores=12,sockets=1,nodes=1",performance,rustc 1.97.0 (2d8144b78 2026-07-07),22.1.6,cargo 1.97.0 (c980f4866 2026-06-30),"release,lto=thin,debug=true",/home/bob/.cache/mess-bench,/dev/nvme0n1p3,ext4,/home,Samsung SSD 970 EVO Plus 2TB,[none] mq-deadline kyber bfq,249459548160,4096,1024,payload[i]=(i*131+17)&0xff,5.65869140625,accepted,,4,8,0,2,bytes,808,800,52453024,16,0,0,0,0,0,6245821,6310125,3220638,3220638,3220638,5.660,5.660
e000935,exploratory,pwritev_full_8m,baseline,1,3,BAAB,k_pwrite,process,65536,100,4,4,new_name,synthetic_sweep,1,54215100a825da9eb7cfbd8f045e54ef05fb29bd,false,1b36f48efea63210dfeeee7270dea968ab5ba58da27f90aa42845eb8a64a6649,12b1dafe765a77d1a17115b0ae12cff973f20ed7d6d770fbd790695fe081288e,0e4833553be7825885da5ea99bceab292cc8abee6414d58b31864afe8ca9f944,c89b17de3d4d36a4e106517b0737619bd65f0e2877d95adbf2f297762f71fb7b,6e938dfcd266a2b0eac811d7ea7eabbd5b217965f88efa81371465134dbcab11,2026-07-15T18:59:29.469540+00:00,8o8-arch,7.0.12-arch1-1,AMD Ryzen 9 3900X 12-Core Processor,"logical=24,cores=12,sockets=1,nodes=1",performance,rustc 1.97.0 (2d8144b78 2026-07-07),22.1.6,cargo 1.97.0 (c980f4866 2026-06-30),"release,lto=thin,debug=true",/home/bob/.cache/mess-bench,/dev/nvme0n1p3,ext4,/home,Samsung SSD 970 EVO Plus 2TB,[none] mq-deadline kyber bfq,249459544064,4096,1024,payload[i]=(i*131+17)&0xff,5.65869140625,accepted,,4,8,0,2,bytes,808,800,52453024,16,0,0,0,0,0,6585012,6678785,3638337,3638337,3638337,5.660,5.660
e000936,exploratory,pwritev_full_8m,candidate,1,4,BAAB,pwritev_full_8m,process,65536,100,4,4,new_name,synthetic_sweep,1,54215100a825da9eb7cfbd8f045e54ef05fb29bd,false,1b36f48efea63210dfeeee7270dea968ab5ba58da27f90aa42845eb8a64a6649,12b1dafe765a77d1a17115b0ae12cff973f20ed7d6d770fbd790695fe081288e,0e4833553be7825885da5ea99bceab292cc8abee6414d58b31864afe8ca9f944,c89b17de3d4d36a4e106517b0737619bd65f0e2877d95adbf2f297762f71fb7b,6e938dfcd266a2b0eac811d7ea7eabbd5b217965f88efa81371465134dbcab11,2026-07-15T18:59:30.498476+00:00,8o8-arch,7.0.12-arch1-1,AMD Ryzen 9 3900X 12-Core Processor,"logical=24,cores=12,sockets=1,nodes=1",performance,rustc 1.97.0 (2d8144b78 2026-07-07),22.1.6,cargo 1.97.0 (c980f4866 2026-06-30),"release,lto=thin,debug=true",/home/bob/.cache/mess-bench,/dev/nvme0n1p3,ext4,/home,Samsung SSD 970 EVO Plus 2TB,[none] mq-deadline kyber bfq,249459535872,4096,1024,payload[i]=(i*131+17)&0xff,5.65869140625,accepted,,4,8,0,2,bytes,808,800,52453024,8,0,0,4,0,0,6366202,6422045,3355088,3355088,3355088,5.660,5.660
e000937,exploratory,pwritev_full_8m,baseline,1,1,ABBA,k_pwrite,process,65536,1000,2,2,domain,synthetic_sweep,1,54215100a825da9eb7cfbd8f045e54ef05fb29bd,false,1b36f48efea63210dfeeee7270dea968ab5ba58da27f90aa42845eb8a64a6649,12b1dafe765a77d1a17115b0ae12cff973f20ed7d6d770fbd790695fe081288e,0e4833553be7825885da5ea99bceab292cc8abee6414d58b31864afe8ca9f944,c89b17de3d4d36a4e106517b0737619bd65f0e2877d95adbf2f297762f71fb7b,6e938dfcd266a2b0eac811d7ea7eabbd5b217965f88efa81371465134dbcab11,2026-07-15T18:59:31.528944+00:00,8o8-arch,7.0.12-arch1-1,AMD Ryzen 9 3900X 12-Core Processor,"logical=24,cores=12,sockets=1,nodes=1",performance,rustc 1.97.0 (2d8144b78 2026-07-07),22.1.6,cargo 1.97.0 (c980f4866 2026-06-30),"release,lto=thin,debug=true",/home/bob/.cache/mess-bench,/dev/nvme0n1p3,ext4,/home,Samsung SSD 970 EVO Plus 2TB,[none] mq-deadline kyber bfq,249459535872,4096,1024,payload[i]=(i*131+17)&0xff,5.205078125,accepted,,2,2,0,1,bytes,2000,2000,131128176,2,0,0,0,0,0,14532912,14676390,14676160,14676160,14676160,5.200,5.200
e000938,exploratory,pwritev_full_8m,candidate,1,2,ABBA,pwritev_full_8m,process,65536,1000,2,2,domain,synthetic_sweep,1,54215100a825da9eb7cfbd8f045e54ef05fb29bd,false,1b36f48efea63210dfeeee7270dea968ab5ba58da27f90aa42845eb8a64a6649,12b1dafe765a77d1a17115b0ae12cff973f20ed7d6d770fbd790695fe081288e,0e4833553be7825885da5ea99bceab292cc8abee6414d58b31864afe8ca9f944,c89b17de3d4d36a4e106517b0737619bd65f0e2877d95adbf2f297762f71fb7b,6e938dfcd266a2b0eac811d7ea7eabbd5b217965f88efa81371465134dbcab11,2026-07-15T18:59:32.557253+00:00,8o8-arch,7.0.12-arch1-1,AMD Ryzen 9 3900X 12-Core Processor,"logical=24,cores=12,sockets=1,nodes=1",performance,rustc 1.97.0 (2d8144b78 2026-07-07),22.1.6,cargo 1.97.0 (c980f4866 2026-06-30),"release,lto=thin,debug=true",/home/bob/.cache/mess-bench,/dev/nvme0n1p3,ext4,/home,Samsung SSD 970 EVO Plus 2TB,[none] mq-deadline kyber bfq,249459535872,4096,1024,payload[i]=(i*131+17)&0xff,5.205078125,accepted,,2,2,0,1,bytes,2000,2000,131128176,16,0,0,2,0,0,15031034,15161109,15160909,15160909,15160909,5.200,5.200
e000939,exploratory,pwritev_full_8m,candidate,1,3,ABBA,pwritev_full_8m,process,65536,1000,2,2,domain,synthetic_sweep,1,54215100a825da9eb7cfbd8f045e54ef05fb29bd,false,1b36f48efea63210dfeeee7270dea968ab5ba58da27f90aa42845eb8a64a6649,12b1dafe765a77d1a17115b0ae12cff973f20ed7d6d770fbd790695fe081288e,0e4833553be7825885da5ea99bceab292cc8abee6414d58b31864afe8ca9f944,c89b17de3d4d36a4e106517b0737619bd65f0e2877d95adbf2f297762f71fb7b,6e938dfcd266a2b0eac811d7ea7eabbd5b217965f88efa81371465134dbcab11,2026-07-15T18:59:33.586492+00:00,8o8-arch,7.0.12-arch1-1,AMD Ryzen 9 3900X 12-Core Processor,"logical=24,cores=12,sockets=1,nodes=1",performance,rustc 1.97.0 (2d8144b78 2026-07-07),22.1.6,cargo 1.97.0 (c980f4866 2026-06-30),"release,lto=thin,debug=true",/home/bob/.cache/mess-bench,/dev/nvme0n1p3,ext4,/home,Samsung SSD 970 EVO Plus 2TB,[none] mq-deadline kyber bfq,249459552256,4096,1024,payload[i]=(i*131+17)&0xff,5.205078125,accepted,,2,2,0,1,bytes,2000,2000,131128176,16,0,0,2,0,0,14891424,15008199,15007929,15007929,15007929,5.200,5.200
e000940,exploratory,pwritev_full_8m,baseline,1,4,ABBA,k_pwrite,process,65536,1000,2,2,domain,synthetic_sweep,1,54215100a825da9eb7cfbd8f045e54ef05fb29bd,false,1b36f48efea63210dfeeee7270dea968ab5ba58da27f90aa42845eb8a64a6649,12b1dafe765a77d1a17115b0ae12cff973f20ed7d6d770fbd790695fe081288e,0e4833553be7825885da5ea99bceab292cc8abee6414d58b31864afe8ca9f944,c89b17de3d4d36a4e106517b0737619bd65f0e2877d95adbf2f297762f71fb7b,6e938dfcd266a2b0eac811d7ea7eabbd5b217965f88efa81371465134dbcab11,2026-07-15T18:59:34.612028+00:00,8o8-arch,7.0.12-arch1-1,AMD Ryzen 9 3900X 12-Core Processor,"logical=24,cores=12,sockets=1,nodes=1",performance,rustc 1.97.0 (2d8144b78 2026-07-07),22.1.6,cargo 1.97.0 (c980f4866 2026-06-30),"release,lto=thin,debug=true",/home/bob/.cache/mess-bench,/dev/nvme0n1p3,ext4,/home,Samsung SSD 970 EVO Plus 2TB,[none] mq-deadline kyber bfq,249459548160,4096,1024,payload[i]=(i*131+17)&0xff,5.205078125,accepted,,2,2,0,1,bytes,2000,2000,131128176,2,0,0,0,0,0,15432864,15694999,15694779,15694779,15694779,5.200,5.200
e000941,exploratory,pwritev_full_8m,candidate,1,1,BAAB,pwritev_full_8m,process,65536,1000,2,2,new_name,synthetic_sweep,1,54215100a825da9eb7cfbd8f045e54ef05fb29bd,false,1b36f48efea63210dfeeee7270dea968ab5ba58da27f90aa42845eb8a64a6649,12b1dafe765a77d1a17115b0ae12cff973f20ed7d6d770fbd790695fe081288e,0e4833553be7825885da5ea99bceab292cc8abee6414d58b31864afe8ca9f944,c89b17de3d4d36a4e106517b0737619bd65f0e2877d95adbf2f297762f71fb7b,6e938dfcd266a2b0eac811d7ea7eabbd5b217965f88efa81371465134dbcab11,2026-07-15T18:59:35.632302+00:00,8o8-arch,7.0.12-arch1-1,AMD Ryzen 9 3900X 12-Core Processor,"logical=24,cores=12,sockets=1,nodes=1",performance,rustc 1.97.0 (2d8144b78 2026-07-07),22.1.6,cargo 1.97.0 (c980f4866 2026-06-30),"release,lto=thin,debug=true",/home/bob/.cache/mess-bench,/dev/nvme0n1p3,ext4,/home,Samsung SSD 970 EVO Plus 2TB,[none] mq-deadline kyber bfq,249459548160,4096,1024,payload[i]=(i*131+17)&0xff,5.205078125,accepted,,2,4,0,1,bytes,2002,2000,131128456,16,0,0,3,0,0,15486644,15617558,15617348,15617348,15617348,4.950,4.950
e000942,exploratory,pwritev_full_8m,baseline,1,2,BAAB,k_pwrite,process,65536,1000,2,2,new_name,synthetic_sweep,1,54215100a825da9eb7cfbd8f045e54ef05fb29bd,false,1b36f48efea63210dfeeee7270dea968ab5ba58da27f90aa42845eb8a64a6649,12b1dafe765a77d1a17115b0ae12cff973f20ed7d6d770fbd790695fe081288e,0e4833553be7825885da5ea99bceab292cc8abee6414d58b31864afe8ca9f944,c89b17de3d4d36a4e106517b0737619bd65f0e2877d95adbf2f297762f71fb7b,6e938dfcd266a2b0eac811d7ea7eabbd5b217965f88efa81371465134dbcab11,2026-07-15T18:59:36.654636+00:00,8o8-arch,7.0.12-arch1-1,AMD Ryzen 9 3900X 12-Core Processor,"logical=24,cores=12,sockets=1,nodes=1",performance,rustc 1.97.0 (2d8144b78 2026-07-07),22.1.6,cargo 1.97.0 (c980f4866 2026-06-30),"release,lto=thin,debug=true",/home/bob/.cache/mess-bench,/dev/nvme0n1p3,ext4,/home,Samsung SSD 970 EVO Plus 2TB,[none] mq-deadline kyber bfq,249459531776,4096,1024,payload[i]=(i*131+17)&0xff,4.9482421875,accepted,,2,4,0,1,bytes,2002,2000,131128456,4,0,0,0,0,0,16231044,16388388,16388168,16388168,16388168,4.950,4.950
e000943,exploratory,pwritev_full_8m,baseline,1,3,BAAB,k_pwrite,process,65536,1000,2,2,new_name,synthetic_sweep,1,54215100a825da9eb7cfbd8f045e54ef05fb29bd,false,1b36f48efea63210dfeeee7270dea968ab5ba58da27f90aa42845eb8a64a6649,12b1dafe765a77d1a17115b0ae12cff973f20ed7d6d770fbd790695fe081288e,0e4833553be7825885da5ea99bceab292cc8abee6414d58b31864afe8ca9f944,c89b17de3d4d36a4e106517b0737619bd65f0e2877d95adbf2f297762f71fb7b,6e938dfcd266a2b0eac811d7ea7eabbd5b217965f88efa81371465134dbcab11,2026-07-15T18:59:37.686946+00:00,8o8-arch,7.0.12-arch1-1,AMD Ryzen 9 3900X 12-Core Processor,"logical=24,cores=12,sockets=1,nodes=1",performance,rustc 1.97.0 (2d8144b78 2026-07-07),22.1.6,cargo 1.97.0 (c980f4866 2026-06-30),"release,lto=thin,debug=true",/home/bob/.cache/mess-bench,/dev/nvme0n1p3,ext4,/home,Samsung SSD 970 EVO Plus 2TB,[none] mq-deadline kyber bfq,249459531776,4096,1024,payload[i]=(i*131+17)&0xff,4.9482421875,accepted,,2,4,0,1,bytes,2002,2000,131128456,4,0,0,0,0,0,14975214,15105359,15105149,15105149,15105149,4.950,4.950
e000944,exploratory,pwritev_full_8m,candidate,1,4,BAAB,pwritev_full_8m,process,65536,1000,2,2,new_name,synthetic_sweep,1,54215100a825da9eb7cfbd8f045e54ef05fb29bd,false,1b36f48efea63210dfeeee7270dea968ab5ba58da27f90aa42845eb8a64a6649,12b1dafe765a77d1a17115b0ae12cff973f20ed7d6d770fbd790695fe081288e,0e4833553be7825885da5ea99bceab292cc8abee6414d58b31864afe8ca9f944,c89b17de3d4d36a4e106517b0737619bd65f0e2877d95adbf2f297762f71fb7b,6e938dfcd266a2b0eac811d7ea7eabbd5b217965f88efa81371465134dbcab11,2026-07-15T18:59:38.710018+00:00,8o8-arch,7.0.12-arch1-1,AMD Ryzen 9 3900X 12-Core Processor,"logical=24,cores=12,sockets=1,nodes=1",performance,rustc 1.97.0 (2d8144b78 2026-07-07),22.1.6,cargo 1.97.0 (c980f4866 2026-06-30),"release,lto=thin,debug=true",/home/bob/.cache/mess-bench,/dev/nvme0n1p3,ext4,/home,Samsung SSD 970 EVO Plus 2TB,[none] mq-deadline kyber bfq,249459523584,4096,1024,payload[i]=(i*131+17)&0xff,4.9482421875,accepted,,2,4,0,1,bytes,2002,2000,131128456,16,0,0,3,0,0,15496804,15657069,15656679,15656679,15656679,4.950,4.950
e000945,exploratory,pwritev_full_8m,baseline,1,1,ABBA,k_pwrite,process,65536,1000,4,4,domain,synthetic_sweep,1,54215100a825da9eb7cfbd8f045e54ef05fb29bd,false,1b36f48efea63210dfeeee7270dea968ab5ba58da27f90aa42845eb8a64a6649,12b1dafe765a77d1a17115b0ae12cff973f20ed7d6d770fbd790695fe081288e,0e4833553be7825885da5ea99bceab292cc8abee6414d58b31864afe8ca9f944,c89b17de3d4d36a4e106517b0737619bd65f0e2877d95adbf2f297762f71fb7b,6e938dfcd266a2b0eac811d7ea7eabbd5b217965f88efa81371465134dbcab11,2026-07-15T18:59:39.736424+00:00,8o8-arch,7.0.12-arch1-1,AMD Ryzen 9 3900X 12-Core Processor,"logical=24,cores=12,sockets=1,nodes=1",performance,rustc 1.97.0 (2d8144b78 2026-07-07),22.1.6,cargo 1.97.0 (c980f4866 2026-06-30),"release,lto=thin,debug=true",/home/bob/.cache/mess-bench,/dev/nvme0n1p3,ext4,/home,Samsung SSD 970 EVO Plus 2TB,[none] mq-deadline kyber bfq,249459523584,4096,1024,payload[i]=(i*131+17)&0xff,4.9482421875,accepted,,4,4,0,1,bytes,4000,4000,262256352,4,0,0,0,0,0,29011058,29296599,29296339,29296339,29296339,4.950,4.950
e000946,exploratory,pwritev_full_8m,candidate,1,2,ABBA,pwritev_full_8m,process,65536,1000,4,4,domain,synthetic_sweep,1,54215100a825da9eb7cfbd8f045e54ef05fb29bd,false,1b36f48efea63210dfeeee7270dea968ab5ba58da27f90aa42845eb8a64a6649,12b1dafe765a77d1a17115b0ae12cff973f20ed7d6d770fbd790695fe081288e,0e4833553be7825885da5ea99bceab292cc8abee6414d58b31864afe8ca9f944,c89b17de3d4d36a4e106517b0737619bd65f0e2877d95adbf2f297762f71fb7b,6e938dfcd266a2b0eac811d7ea7eabbd5b217965f88efa81371465134dbcab11,2026-07-15T18:59:41.761247+00:00,8o8-arch,7.0.12-arch1-1,AMD Ryzen 9 3900X 12-Core Processor,"logical=24,cores=12,sockets=1,nodes=1",performance,rustc 1.97.0 (2d8144b78 2026-07-07),22.1.6,cargo 1.97.0 (c980f4866 2026-06-30),"release,lto=thin,debug=true",/home/bob/.cache/mess-bench,/dev/nvme0n1p3,ext4,/home,Samsung SSD 970 EVO Plus 2TB,[none] mq-deadline kyber bfq,249459523584,4096,1024,payload[i]=(i*131+17)&0xff,4.6318359375,accepted,,4,4,0,1,bytes,4000,4000,262256352,32,0,0,2,0,0,28819587,29026440,29026210,29026210,29026210,4.630,4.630
e000947,exploratory,pwritev_full_8m,candidate,1,3,ABBA,pwritev_full_8m,process,65536,1000,4,4,domain,synthetic_sweep,1,54215100a825da9eb7cfbd8f045e54ef05fb29bd,false,1b36f48efea63210dfeeee7270dea968ab5ba58da27f90aa42845eb8a64a6649,12b1dafe765a77d1a17115b0ae12cff973f20ed7d6d770fbd790695fe081288e,0e4833553be7825885da5ea99bceab292cc8abee6414d58b31864afe8ca9f944,c89b17de3d4d36a4e106517b0737619bd65f0e2877d95adbf2f297762f71fb7b,6e938dfcd266a2b0eac811d7ea7eabbd5b217965f88efa81371465134dbcab11,2026-07-15T18:59:43.782877+00:00,8o8-arch,7.0.12-arch1-1,AMD Ryzen 9 3900X 12-Core Processor,"logical=24,cores=12,sockets=1,nodes=1",performance,rustc 1.97.0 (2d8144b78 2026-07-07),22.1.6,cargo 1.97.0 (c980f4866 2026-06-30),"release,lto=thin,debug=true",/home/bob/.cache/mess-bench,/dev/nvme0n1p3,ext4,/home,Samsung SSD 970 EVO Plus 2TB,[none] mq-deadline kyber bfq,249459523584,4096,1024,payload[i]=(i*131+17)&0xff,4.6318359375,accepted,,4,4,0,1,bytes,4000,4000,262256352,32,0,0,2,0,0,29288807,29539399,29539209,29539209,29539209,4.630,4.630
e000948,exploratory,pwritev_full_8m,baseline,1,4,ABBA,k_pwrite,process,65536,1000,4,4,domain,synthetic_sweep,1,54215100a825da9eb7cfbd8f045e54ef05fb29bd,false,1b36f48efea63210dfeeee7270dea968ab5ba58da27f90aa42845eb8a64a6649,12b1dafe765a77d1a17115b0ae12cff973f20ed7d6d770fbd790695fe081288e,0e4833553be7825885da5ea99bceab292cc8abee6414d58b31864afe8ca9f944,c89b17de3d4d36a4e106517b0737619bd65f0e2877d95adbf2f297762f71fb7b,6e938dfcd266a2b0eac811d7ea7eabbd5b217965f88efa81371465134dbcab11,2026-07-15T18:59:45.805538+00:00,8o8-arch,7.0.12-arch1-1,AMD Ryzen 9 3900X 12-Core Processor,"logical=24,cores=12,sockets=1,nodes=1",performance,rustc 1.97.0 (2d8144b78 2026-07-07),22.1.6,cargo 1.97.0 (c980f4866 2026-06-30),"release,lto=thin,debug=true",/home/bob/.cache/mess-bench,/dev/nvme0n1p3,ext4,/home,Samsung SSD 970 EVO Plus 2TB,[none] mq-deadline kyber bfq,249459519488,4096,1024,payload[i]=(i*131+17)&0xff,4.6318359375,accepted,,4,4,0,1,bytes,4000,4000,262256352,4,0,0,0,0,0,36518250,36812754,36812544,36812544,36812544,4.500,4.500
e000949,exploratory,pwritev_full_8m,candidate,1,1,BAAB,pwritev_full_8m,process,65536,1000,4,4,new_name,synthetic_sweep,1,54215100a825da9eb7cfbd8f045e54ef05fb29bd,false,1b36f48efea63210dfeeee7270dea968ab5ba58da27f90aa42845eb8a64a6649,12b1dafe765a77d1a17115b0ae12cff973f20ed7d6d770fbd790695fe081288e,0e4833553be7825885da5ea99bceab292cc8abee6414d58b31864afe8ca9f944,c89b17de3d4d36a4e106517b0737619bd65f0e2877d95adbf2f297762f71fb7b,6e938dfcd266a2b0eac811d7ea7eabbd5b217965f88efa81371465134dbcab11,2026-07-15T18:59:47.826304+00:00,8o8-arch,7.0.12-arch1-1,AMD Ryzen 9 3900X 12-Core Processor,"logical=24,cores=12,sockets=1,nodes=1",performance,rustc 1.97.0 (2d8144b78 2026-07-07),22.1.6,cargo 1.97.0 (c980f4866 2026-06-30),"release,lto=thin,debug=true",/home/bob/.cache/mess-bench,/dev/nvme0n1p3,ext4,/home,Samsung SSD 970 EVO Plus 2TB,[none] mq-deadline kyber bfq,249459511296,4096,1024,payload[i]=(i*131+17)&0xff,4.5009765625,accepted,,4,8,0,1,bytes,4004,4000,262256912,32,0,0,3,0,0,30416838,30736978,30736718,30736718,30736718,4.500,4.500
e000950,exploratory,pwritev_full_8m,baseline,1,2,BAAB,k_pwrite,process,65536,1000,4,4,new_name,synthetic_sweep,1,54215100a825da9eb7cfbd8f045e54ef05fb29bd,false,1b36f48efea63210dfeeee7270dea968ab5ba58da27f90aa42845eb8a64a6649,12b1dafe765a77d1a17115b0ae12cff973f20ed7d6d770fbd790695fe081288e,0e4833553be7825885da5ea99bceab292cc8abee6414d58b31864afe8ca9f944,c89b17de3d4d36a4e106517b0737619bd65f0e2877d95adbf2f297762f71fb7b,6e938dfcd266a2b0eac811d7ea7eabbd5b217965f88efa81371465134dbcab11,2026-07-15T18:59:49.858016+00:00,8o8-arch,7.0.12-arch1-1,AMD Ryzen 9 3900X 12-Core Processor,"logical=24,cores=12,sockets=1,nodes=1",performance,rustc 1.97.0 (2d8144b78 2026-07-07),22.1.6,cargo 1.97.0 (c980f4866 2026-06-30),"release,lto=thin,debug=true",/home/bob/.cache/mess-bench,/dev/nvme0n1p3,ext4,/home,Samsung SSD 970 EVO Plus 2TB,[none] mq-deadline kyber bfq,249459511296,4096,1024,payload[i]=(i*131+17)&0xff,4.5009765625,accepted,,4,8,0,1,bytes,4004,4000,262256912,8,0,0,0,0,0,28746588,29051860,29051560,29051560,29051560,4.300,4.300
e000951,exploratory,pwritev_full_8m,baseline,1,3,BAAB,k_pwrite,process,65536,1000,4,4,new_name,synthetic_sweep,1,54215100a825da9eb7cfbd8f045e54ef05fb29bd,false,1b36f48efea63210dfeeee7270dea968ab5ba58da27f90aa42845eb8a64a6649,12b1dafe765a77d1a17115b0ae12cff973f20ed7d6d770fbd790695fe081288e,0e4833553be7825885da5ea99bceab292cc8abee6414d58b31864afe8ca9f944,c89b17de3d4d36a4e106517b0737619bd65f0e2877d95adbf2f297762f71fb7b,6e938dfcd266a2b0eac811d7ea7eabbd5b217965f88efa81371465134dbcab11,2026-07-15T18:59:51.885023+00:00,8o8-arch,7.0.12-arch1-1,AMD Ryzen 9 3900X 12-Core Processor,"logical=24,cores=12,sockets=1,nodes=1",performance,rustc 1.97.0 (2d8144b78 2026-07-07),22.1.6,cargo 1.97.0 (c980f4866 2026-06-30),"release,lto=thin,debug=true",/home/bob/.cache/mess-bench,/dev/nvme0n1p3,ext4,/home,Samsung SSD 970 EVO Plus 2TB,[none] mq-deadline kyber bfq,249459511296,4096,1024,payload[i]=(i*131+17)&0xff,4.30029296875,accepted,,4,8,0,1,bytes,4004,4000,262256912,8,0,0,0,0,0,29047147,29389699,29389429,29389429,29389429,4.300,4.300
e000952,exploratory,pwritev_full_8m,candidate,1,4,BAAB,pwritev_full_8m,process,65536,1000,4,4,new_name,synthetic_sweep,1,54215100a825da9eb7cfbd8f045e54ef05fb29bd,false,1b36f48efea63210dfeeee7270dea968ab5ba58da27f90aa42845eb8a64a6649,12b1dafe765a77d1a17115b0ae12cff973f20ed7d6d770fbd790695fe081288e,0e4833553be7825885da5ea99bceab292cc8abee6414d58b31864afe8ca9f944,c89b17de3d4d36a4e106517b0737619bd65f0e2877d95adbf2f297762f71fb7b,6e938dfcd266a2b0eac811d7ea7eabbd5b217965f88efa81371465134dbcab11,2026-07-15T18:59:53.915312+00:00,8o8-arch,7.0.12-arch1-1,AMD Ryzen 9 3900X 12-Core Processor,"logical=24,cores=12,sockets=1,nodes=1",performance,rustc 1.97.0 (2d8144b78 2026-07-07),22.1.6,cargo 1.97.0 (c980f4866 2026-06-30),"release,lto=thin,debug=true",/home/bob/.cache/mess-bench,/dev/nvme0n1p3,ext4,/home,Samsung SSD 970 EVO Plus 2TB,[none] mq-deadline kyber bfq,249459490816,4096,1024,payload[i]=(i*131+17)&0xff,4.30029296875,accepted,,4,8,0,1,bytes,4004,4000,262256912,32,0,0,3,0,0,28781737,29025919,29025659,29025659,29025659,4.300,4.300
