shape_id,source_commit,source_dirty,harness_sha256,binary_sha256,runner_sha256,evaluator_sha256,correctness_sha256,captured_at_utc,hostname,kernel,cpu_model,cpu_topology,governor,rustc,llvm,cargo,build_profile,scratch_root,mount_source,mount_fstype,mount_target,device_model,scheduler,free_bytes,page_size,iov_max,corpus_seed,guard_load1,status,error,payload,events_per_batch,owner_units,physical_batches,writers,chain,unit_shape,iterations,stop_reason,events,domain_events,bytes,cpu_ns,wall_ns,p50_ns,p95_ns,p99_ns,prepared_batches,load1_before,load1_after
s0001,54215100a825da9eb7cfbd8f045e54ef05fb29bd,false,1b36f48efea63210dfeeee7270dea968ab5ba58da27f90aa42845eb8a64a6649,12b1dafe765a77d1a17115b0ae12cff973f20ed7d6d770fbd790695fe081288e,0e4833553be7825885da5ea99bceab292cc8abee6414d58b31864afe8ca9f944,c89b17de3d4d36a4e106517b0737619bd65f0e2877d95adbf2f297762f71fb7b,6e938dfcd266a2b0eac811d7ea7eabbd5b217965f88efa81371465134dbcab11,2026-07-15T18:38:11.197751+00:00,8o8-arch,7.0.12-arch1-1,AMD Ryzen 9 3900X 12-Core Processor,"logical=24,cores=12,sockets=1,nodes=1",performance,rustc 1.97.0 (2d8144b78 2026-07-07),22.1.6,cargo 1.97.0 (c980f4866 2026-06-30),"release,lto=thin,debug=true",/home/bob/.cache/mess-bench,/dev/nvme0n1p3,ext4,/home,Samsung SSD 970 EVO Plus 2TB,[none] mq-deadline kyber bfq,249459920896,4096,1024,payload[i]=(i*131+17)&0xff,3.18505859375,accepted,,24,1,1,1,1,0,domain,239675,bytes,239675,239675,33554500,74221559,75172482,230,300,340,239675,3.180,3.180
s0002,54215100a825da9eb7cfbd8f045e54ef05fb29bd,false,1b36f48efea63210dfeeee7270dea968ab5ba58da27f90aa42845eb8a64a6649,12b1dafe765a77d1a17115b0ae12cff973f20ed7d6d770fbd790695fe081288e,0e4833553be7825885da5ea99bceab292cc8abee6414d58b31864afe8ca9f944,c89b17de3d4d36a4e106517b0737619bd65f0e2877d95adbf2f297762f71fb7b,6e938dfcd266a2b0eac811d7ea7eabbd5b217965f88efa81371465134dbcab11,2026-07-15T18:38:12.226071+00:00,8o8-arch,7.0.12-arch1-1,AMD Ryzen 9 3900X 12-Core Processor,"logical=24,cores=12,sockets=1,nodes=1",performance,rustc 1.97.0 (2d8144b78 2026-07-07),22.1.6,cargo 1.97.0 (c980f4866 2026-06-30),"release,lto=thin,debug=true",/home/bob/.cache/mess-bench,/dev/nvme0n1p3,ext4,/home,Samsung SSD 970 EVO Plus 2TB,[none] mq-deadline kyber bfq,249459912704,4096,1024,payload[i]=(i*131+17)&0xff,3.18505859375,accepted,,24,1,1,1,4,0,domain,239675,bytes,239675,239675,33554500,73423109,74503293,230,280,320,239675,3.180,3.180
s0003,54215100a825da9eb7cfbd8f045e54ef05fb29bd,false,1b36f48efea63210dfeeee7270dea968ab5ba58da27f90aa42845eb8a64a6649,12b1dafe765a77d1a17115b0ae12cff973f20ed7d6d770fbd790695fe081288e,0e4833553be7825885da5ea99bceab292cc8abee6414d58b31864afe8ca9f944,c89b17de3d4d36a4e106517b0737619bd65f0e2877d95adbf2f297762f71fb7b,6e938dfcd266a2b0eac811d7ea7eabbd5b217965f88efa81371465134dbcab11,2026-07-15T18:38:13.254785+00:00,8o8-arch,7.0.12-arch1-1,AMD Ryzen 9 3900X 12-Core Processor,"logical=24,cores=12,sockets=1,nodes=1",performance,rustc 1.97.0 (2d8144b78 2026-07-07),22.1.6,cargo 1.97.0 (c980f4866 2026-06-30),"release,lto=thin,debug=true",/home/bob/.cache/mess-bench,/dev/nvme0n1p3,ext4,/home,Samsung SSD 970 EVO Plus 2TB,[none] mq-deadline kyber bfq,249459912704,4096,1024,payload[i]=(i*131+17)&0xff,3.18505859375,accepted,,24,1,2,2,2,0,domain,119838,bytes,239676,239676,33554640,63935236,64439920,440,570,630,239676,3.180,3.180
s0004,54215100a825da9eb7cfbd8f045e54ef05fb29bd,false,1b36f48efea63210dfeeee7270dea968ab5ba58da27f90aa42845eb8a64a6649,12b1dafe765a77d1a17115b0ae12cff973f20ed7d6d770fbd790695fe081288e,0e4833553be7825885da5ea99bceab292cc8abee6414d58b31864afe8ca9f944,c89b17de3d4d36a4e106517b0737619bd65f0e2877d95adbf2f297762f71fb7b,6e938dfcd266a2b0eac811d7ea7eabbd5b217965f88efa81371465134dbcab11,2026-07-15T18:38:14.275731+00:00,8o8-arch,7.0.12-arch1-1,AMD Ryzen 9 3900X 12-Core Processor,"logical=24,cores=12,sockets=1,nodes=1",performance,rustc 1.97.0 (2d8144b78 2026-07-07),22.1.6,cargo 1.97.0 (c980f4866 2026-06-30),"release,lto=thin,debug=true",/home/bob/.cache/mess-bench,/dev/nvme0n1p3,ext4,/home,Samsung SSD 970 EVO Plus 2TB,[none] mq-deadline kyber bfq,249459904512,4096,1024,payload[i]=(i*131+17)&0xff,3.18505859375,accepted,,24,1,2,4,2,0,new_name,59919,bytes,239676,119838,33554640,58647384,60471253,850,1100,1280,239676,3.180,3.180
s0005,54215100a825da9eb7cfbd8f045e54ef05fb29bd,false,1b36f48efea63210dfeeee7270dea968ab5ba58da27f90aa42845eb8a64a6649,12b1dafe765a77d1a17115b0ae12cff973f20ed7d6d770fbd790695fe081288e,0e4833553be7825885da5ea99bceab292cc8abee6414d58b31864afe8ca9f944,c89b17de3d4d36a4e106517b0737619bd65f0e2877d95adbf2f297762f71fb7b,6e938dfcd266a2b0eac811d7ea7eabbd5b217965f88efa81371465134dbcab11,2026-07-15T18:38:15.299553+00:00,8o8-arch,7.0.12-arch1-1,AMD Ryzen 9 3900X 12-Core Processor,"logical=24,cores=12,sockets=1,nodes=1",performance,rustc 1.97.0 (2d8144b78 2026-07-07),22.1.6,cargo 1.97.0 (c980f4866 2026-06-30),"release,lto=thin,debug=true",/home/bob/.cache/mess-bench,/dev/nvme0n1p3,ext4,/home,Samsung SSD 970 EVO Plus 2TB,[none] mq-deadline kyber bfq,249459912704,4096,1024,payload[i]=(i*131+17)&0xff,3.18505859375,accepted,,24,1,2,2,4,0,domain,119838,bytes,239676,239676,33554640,63477706,64107301,440,540,610,239676,3.180,3.180
s0006,54215100a825da9eb7cfbd8f045e54ef05fb29bd,false,1b36f48efea63210dfeeee7270dea968ab5ba58da27f90aa42845eb8a64a6649,12b1dafe765a77d1a17115b0ae12cff973f20ed7d6d770fbd790695fe081288e,0e4833553be7825885da5ea99bceab292cc8abee6414d58b31864afe8ca9f944,c89b17de3d4d36a4e106517b0737619bd65f0e2877d95adbf2f297762f71fb7b,6e938dfcd266a2b0eac811d7ea7eabbd5b217965f88efa81371465134dbcab11,2026-07-15T18:38:16.323056+00:00,8o8-arch,7.0.12-arch1-1,AMD Ryzen 9 3900X 12-Core Processor,"logical=24,cores=12,sockets=1,nodes=1",performance,rustc 1.97.0 (2d8144b78 2026-07-07),22.1.6,cargo 1.97.0 (c980f4866 2026-06-30),"release,lto=thin,debug=true",/home/bob/.cache/mess-bench,/dev/nvme0n1p3,ext4,/home,Samsung SSD 970 EVO Plus 2TB,[none] mq-deadline kyber bfq,249459916800,4096,1024,payload[i]=(i*131+17)&0xff,2.9296875,accepted,,24,1,3,3,4,0,domain,79892,bytes,239676,239676,33554640,61795425,62315342,640,960,1010,239676,2.930,2.930
s0007,54215100a825da9eb7cfbd8f045e54ef05fb29bd,false,1b36f48efea63210dfeeee7270dea968ab5ba58da27f90aa42845eb8a64a6649,12b1dafe765a77d1a17115b0ae12cff973f20ed7d6d770fbd790695fe081288e,0e4833553be7825885da5ea99bceab292cc8abee6414d58b31864afe8ca9f944,c89b17de3d4d36a4e106517b0737619bd65f0e2877d95adbf2f297762f71fb7b,6e938dfcd266a2b0eac811d7ea7eabbd5b217965f88efa81371465134dbcab11,2026-07-15T18:38:17.350363+00:00,8o8-arch,7.0.12-arch1-1,AMD Ryzen 9 3900X 12-Core Processor,"logical=24,cores=12,sockets=1,nodes=1",performance,rustc 1.97.0 (2d8144b78 2026-07-07),22.1.6,cargo 1.97.0 (c980f4866 2026-06-30),"release,lto=thin,debug=true",/home/bob/.cache/mess-bench,/dev/nvme0n1p3,ext4,/home,Samsung SSD 970 EVO Plus 2TB,[none] mq-deadline kyber bfq,249459916800,4096,1024,payload[i]=(i*131+17)&0xff,2.9296875,accepted,,24,1,4,4,4,0,domain,59919,bytes,239676,239676,33554640,59363394,60039703,850,1150,1300,239676,2.930,2.930
s0008,54215100a825da9eb7cfbd8f045e54ef05fb29bd,false,1b36f48efea63210dfeeee7270dea968ab5ba58da27f90aa42845eb8a64a6649,12b1dafe765a77d1a17115b0ae12cff973f20ed7d6d770fbd790695fe081288e,0e4833553be7825885da5ea99bceab292cc8abee6414d58b31864afe8ca9f944,c89b17de3d4d36a4e106517b0737619bd65f0e2877d95adbf2f297762f71fb7b,6e938dfcd266a2b0eac811d7ea7eabbd5b217965f88efa81371465134dbcab11,2026-07-15T18:38:18.380398+00:00,8o8-arch,7.0.12-arch1-1,AMD Ryzen 9 3900X 12-Core Processor,"logical=24,cores=12,sockets=1,nodes=1",performance,rustc 1.97.0 (2d8144b78 2026-07-07),22.1.6,cargo 1.97.0 (c980f4866 2026-06-30),"release,lto=thin,debug=true",/home/bob/.cache/mess-bench,/dev/nvme0n1p3,ext4,/home,Samsung SSD 970 EVO Plus 2TB,[none] mq-deadline kyber bfq,249459912704,4096,1024,payload[i]=(i*131+17)&0xff,2.9296875,accepted,,24,1,4,8,4,0,new_name,29960,bytes,239680,119840,33555200,55022344,55505717,1680,2250,2620,239680,2.930,2.930
s0009,54215100a825da9eb7cfbd8f045e54ef05fb29bd,false,1b36f48efea63210dfeeee7270dea968ab5ba58da27f90aa42845eb8a64a6649,12b1dafe765a77d1a17115b0ae12cff973f20ed7d6d770fbd790695fe081288e,0e4833553be7825885da5ea99bceab292cc8abee6414d58b31864afe8ca9f944,c89b17de3d4d36a4e106517b0737619bd65f0e2877d95adbf2f297762f71fb7b,6e938dfcd266a2b0eac811d7ea7eabbd5b217965f88efa81371465134dbcab11,2026-07-15T18:38:19.404047+00:00,8o8-arch,7.0.12-arch1-1,AMD Ryzen 9 3900X 12-Core Processor,"logical=24,cores=12,sockets=1,nodes=1",performance,rustc 1.97.0 (2d8144b78 2026-07-07),22.1.6,cargo 1.97.0 (c980f4866 2026-06-30),"release,lto=thin,debug=true",/home/bob/.cache/mess-bench,/dev/nvme0n1p3,ext4,/home,Samsung SSD 970 EVO Plus 2TB,[none] mq-deadline kyber bfq,249459896320,4096,1024,payload[i]=(i*131+17)&0xff,2.9296875,accepted,,24,1,16,16,4,0,domain,14980,bytes,239680,239680,33555200,52800843,53261109,3310,4360,5090,239680,2.930,2.930
s0010,54215100a825da9eb7cfbd8f045e54ef05fb29bd,false,1b36f48efea63210dfeeee7270dea968ab5ba58da27f90aa42845eb8a64a6649,12b1dafe765a77d1a17115b0ae12cff973f20ed7d6d770fbd790695fe081288e,0e4833553be7825885da5ea99bceab292cc8abee6414d58b31864afe8ca9f944,c89b17de3d4d36a4e106517b0737619bd65f0e2877d95adbf2f297762f71fb7b,6e938dfcd266a2b0eac811d7ea7eabbd5b217965f88efa81371465134dbcab11,2026-07-15T18:38:20.437443+00:00,8o8-arch,7.0.12-arch1-1,AMD Ryzen 9 3900X 12-Core Processor,"logical=24,cores=12,sockets=1,nodes=1",performance,rustc 1.97.0 (2d8144b78 2026-07-07),22.1.6,cargo 1.97.0 (c980f4866 2026-06-30),"release,lto=thin,debug=true",/home/bob/.cache/mess-bench,/dev/nvme0n1p3,ext4,/home,Samsung SSD 970 EVO Plus 2TB,[none] mq-deadline kyber bfq,249459888128,4096,1024,payload[i]=(i*131+17)&0xff,2.9296875,accepted,,24,1,16,32,4,0,new_name,7490,bytes,239680,119840,33555200,52230673,52699529,6550,9790,11520,239680,2.930,2.930
s0011,54215100a825da9eb7cfbd8f045e54ef05fb29bd,false,1b36f48efea63210dfeeee7270dea968ab5ba58da27f90aa42845eb8a64a6649,12b1dafe765a77d1a17115b0ae12cff973f20ed7d6d770fbd790695fe081288e,0e4833553be7825885da5ea99bceab292cc8abee6414d58b31864afe8ca9f944,c89b17de3d4d36a4e106517b0737619bd65f0e2877d95adbf2f297762f71fb7b,6e938dfcd266a2b0eac811d7ea7eabbd5b217965f88efa81371465134dbcab11,2026-07-15T18:38:21.468257+00:00,8o8-arch,7.0.12-arch1-1,AMD Ryzen 9 3900X 12-Core Processor,"logical=24,cores=12,sockets=1,nodes=1",performance,rustc 1.97.0 (2d8144b78 2026-07-07),22.1.6,cargo 1.97.0 (c980f4866 2026-06-30),"release,lto=thin,debug=true",/home/bob/.cache/mess-bench,/dev/nvme0n1p3,ext4,/home,Samsung SSD 970 EVO Plus 2TB,[none] mq-deadline kyber bfq,249459884032,4096,1024,payload[i]=(i*131+17)&0xff,2.77490234375,accepted,,24,1,64,64,4,0,domain,3745,bytes,239680,239680,33555200,51600643,51971590,13160,16900,21260,239680,2.770,2.770
s0012,54215100a825da9eb7cfbd8f045e54ef05fb29bd,false,1b36f48efea63210dfeeee7270dea968ab5ba58da27f90aa42845eb8a64a6649,12b1dafe765a77d1a17115b0ae12cff973f20ed7d6d770fbd790695fe081288e,0e4833553be7825885da5ea99bceab292cc8abee6414d58b31864afe8ca9f944,c89b17de3d4d36a4e106517b0737619bd65f0e2877d95adbf2f297762f71fb7b,6e938dfcd266a2b0eac811d7ea7eabbd5b217965f88efa81371465134dbcab11,2026-07-15T18:38:22.496437+00:00,8o8-arch,7.0.12-arch1-1,AMD Ryzen 9 3900X 12-Core Processor,"logical=24,cores=12,sockets=1,nodes=1",performance,rustc 1.97.0 (2d8144b78 2026-07-07),22.1.6,cargo 1.97.0 (c980f4866 2026-06-30),"release,lto=thin,debug=true",/home/bob/.cache/mess-bench,/dev/nvme0n1p3,ext4,/home,Samsung SSD 970 EVO Plus 2TB,[none] mq-deadline kyber bfq,249459888128,4096,1024,payload[i]=(i*131+17)&0xff,2.77490234375,accepted,,24,1,64,128,4,0,new_name,1873,bytes,239744,119872,33564160,52780703,53339679,26200,38880,44660,239744,2.770,2.770
s0013,54215100a825da9eb7cfbd8f045e54ef05fb29bd,false,1b36f48efea63210dfeeee7270dea968ab5ba58da27f90aa42845eb8a64a6649,12b1dafe765a77d1a17115b0ae12cff973f20ed7d6d770fbd790695fe081288e,0e4833553be7825885da5ea99bceab292cc8abee6414d58b31864afe8ca9f944,c89b17de3d4d36a4e106517b0737619bd65f0e2877d95adbf2f297762f71fb7b,6e938dfcd266a2b0eac811d7ea7eabbd5b217965f88efa81371465134dbcab11,2026-07-15T18:38:23.526267+00:00,8o8-arch,7.0.12-arch1-1,AMD Ryzen 9 3900X 12-Core Processor,"logical=24,cores=12,sockets=1,nodes=1",performance,rustc 1.97.0 (2d8144b78 2026-07-07),22.1.6,cargo 1.97.0 (c980f4866 2026-06-30),"release,lto=thin,debug=true",/home/bob/.cache/mess-bench,/dev/nvme0n1p3,ext4,/home,Samsung SSD 970 EVO Plus 2TB,[none] mq-deadline kyber bfq,249459888128,4096,1024,payload[i]=(i*131+17)&0xff,2.77490234375,accepted,,24,1,256,256,4,0,domain,937,bytes,239872,239872,33582080,52698513,53304359,52930,76059,85130,239872,2.770,2.770
s0014,54215100a825da9eb7cfbd8f045e54ef05fb29bd,false,1b36f48efea63210dfeeee7270dea968ab5ba58da27f90aa42845eb8a64a6649,12b1dafe765a77d1a17115b0ae12cff973f20ed7d6d770fbd790695fe081288e,0e4833553be7825885da5ea99bceab292cc8abee6414d58b31864afe8ca9f944,c89b17de3d4d36a4e106517b0737619bd65f0e2877d95adbf2f297762f71fb7b,6e938dfcd266a2b0eac811d7ea7eabbd5b217965f88efa81371465134dbcab11,2026-07-15T18:38:24.556245+00:00,8o8-arch,7.0.12-arch1-1,AMD Ryzen 9 3900X 12-Core Processor,"logical=24,cores=12,sockets=1,nodes=1",performance,rustc 1.97.0 (2d8144b78 2026-07-07),22.1.6,cargo 1.97.0 (c980f4866 2026-06-30),"release,lto=thin,debug=true",/home/bob/.cache/mess-bench,/dev/nvme0n1p3,ext4,/home,Samsung SSD 970 EVO Plus 2TB,[none] mq-deadline kyber bfq,249459879936,4096,1024,payload[i]=(i*131+17)&0xff,2.77490234375,accepted,,24,1,256,512,4,0,new_name,469,bytes,240128,120064,33617920,52506473,53012639,104830,152400,173590,240128,2.770,2.770
s0015,54215100a825da9eb7cfbd8f045e54ef05fb29bd,false,1b36f48efea63210dfeeee7270dea968ab5ba58da27f90aa42845eb8a64a6649,12b1dafe765a77d1a17115b0ae12cff973f20ed7d6d770fbd790695fe081288e,0e4833553be7825885da5ea99bceab292cc8abee6414d58b31864afe8ca9f944,c89b17de3d4d36a4e106517b0737619bd65f0e2877d95adbf2f297762f71fb7b,6e938dfcd266a2b0eac811d7ea7eabbd5b217965f88efa81371465134dbcab11,2026-07-15T18:38:25.584455+00:00,8o8-arch,7.0.12-arch1-1,AMD Ryzen 9 3900X 12-Core Processor,"logical=24,cores=12,sockets=1,nodes=1",performance,rustc 1.97.0 (2d8144b78 2026-07-07),22.1.6,cargo 1.97.0 (c980f4866 2026-06-30),"release,lto=thin,debug=true",/home/bob/.cache/mess-bench,/dev/nvme0n1p3,ext4,/home,Samsung SSD 970 EVO Plus 2TB,[none] mq-deadline kyber bfq,249459879936,4096,1024,payload[i]=(i*131+17)&0xff,2.77490234375,accepted,,24,1,1024,1024,4,0,domain,235,bytes,240640,240640,33689600,51839943,52310760,211580,314250,335960,240640,2.770,2.770
s0016,54215100a825da9eb7cfbd8f045e54ef05fb29bd,false,1b36f48efea63210dfeeee7270dea968ab5ba58da27f90aa42845eb8a64a6649,12b1dafe765a77d1a17115b0ae12cff973f20ed7d6d770fbd790695fe081288e,0e4833553be7825885da5ea99bceab292cc8abee6414d58b31864afe8ca9f944,c89b17de3d4d36a4e106517b0737619bd65f0e2877d95adbf2f297762f71fb7b,6e938dfcd266a2b0eac811d7ea7eabbd5b217965f88efa81371465134dbcab11,2026-07-15T18:38:26.615118+00:00,8o8-arch,7.0.12-arch1-1,AMD Ryzen 9 3900X 12-Core Processor,"logical=24,cores=12,sockets=1,nodes=1",performance,rustc 1.97.0 (2d8144b78 2026-07-07),22.1.6,cargo 1.97.0 (c980f4866 2026-06-30),"release,lto=thin,debug=true",/home/bob/.cache/mess-bench,/dev/nvme0n1p3,ext4,/home,Samsung SSD 970 EVO Plus 2TB,[none] mq-deadline kyber bfq,249459879936,4096,1024,payload[i]=(i*131+17)&0xff,2.63232421875,accepted,,24,1,1024,2048,4,0,new_name,118,bytes,241664,120832,33832960,53404034,53924759,431680,598899,684679,241664,2.630,2.630
s0017,54215100a825da9eb7cfbd8f045e54ef05fb29bd,false,1b36f48efea63210dfeeee7270dea968ab5ba58da27f90aa42845eb8a64a6649,12b1dafe765a77d1a17115b0ae12cff973f20ed7d6d770fbd790695fe081288e,0e4833553be7825885da5ea99bceab292cc8abee6414d58b31864afe8ca9f944,c89b17de3d4d36a4e106517b0737619bd65f0e2877d95adbf2f297762f71fb7b,6e938dfcd266a2b0eac811d7ea7eabbd5b217965f88efa81371465134dbcab11,2026-07-15T18:38:27.645488+00:00,8o8-arch,7.0.12-arch1-1,AMD Ryzen 9 3900X 12-Core Processor,"logical=24,cores=12,sockets=1,nodes=1",performance,rustc 1.97.0 (2d8144b78 2026-07-07),22.1.6,cargo 1.97.0 (c980f4866 2026-06-30),"release,lto=thin,debug=true",/home/bob/.cache/mess-bench,/dev/nvme0n1p3,ext4,/home,Samsung SSD 970 EVO Plus 2TB,[none] mq-deadline kyber bfq,249459879936,4096,1024,payload[i]=(i*131+17)&0xff,2.63232421875,accepted,,24,1,1025,1025,4,0,domain,234,bytes,239850,239850,33579000,50923932,51325741,214360,240970,312390,239850,2.630,2.630
s0018,54215100a825da9eb7cfbd8f045e54ef05fb29bd,false,1b36f48efea63210dfeeee7270dea968ab5ba58da27f90aa42845eb8a64a6649,12b1dafe765a77d1a17115b0ae12cff973f20ed7d6d770fbd790695fe081288e,0e4833553be7825885da5ea99bceab292cc8abee6414d58b31864afe8ca9f944,c89b17de3d4d36a4e106517b0737619bd65f0e2877d95adbf2f297762f71fb7b,6e938dfcd266a2b0eac811d7ea7eabbd5b217965f88efa81371465134dbcab11,2026-07-15T18:38:28.671085+00:00,8o8-arch,7.0.12-arch1-1,AMD Ryzen 9 3900X 12-Core Processor,"logical=24,cores=12,sockets=1,nodes=1",performance,rustc 1.97.0 (2d8144b78 2026-07-07),22.1.6,cargo 1.97.0 (c980f4866 2026-06-30),"release,lto=thin,debug=true",/home/bob/.cache/mess-bench,/dev/nvme0n1p3,ext4,/home,Samsung SSD 970 EVO Plus 2TB,[none] mq-deadline kyber bfq,249459867648,4096,1024,payload[i]=(i*131+17)&0xff,2.63232421875,accepted,,24,1,1025,2050,4,0,new_name,117,bytes,239850,119925,33579000,50283623,50805551,423790,506050,660189,239850,2.630,2.630
s0019,54215100a825da9eb7cfbd8f045e54ef05fb29bd,false,1b36f48efea63210dfeeee7270dea968ab5ba58da27f90aa42845eb8a64a6649,12b1dafe765a77d1a17115b0ae12cff973f20ed7d6d770fbd790695fe081288e,0e4833553be7825885da5ea99bceab292cc8abee6414d58b31864afe8ca9f944,c89b17de3d4d36a4e106517b0737619bd65f0e2877d95adbf2f297762f71fb7b,6e938dfcd266a2b0eac811d7ea7eabbd5b217965f88efa81371465134dbcab11,2026-07-15T18:38:29.703584+00:00,8o8-arch,7.0.12-arch1-1,AMD Ryzen 9 3900X 12-Core Processor,"logical=24,cores=12,sockets=1,nodes=1",performance,rustc 1.97.0 (2d8144b78 2026-07-07),22.1.6,cargo 1.97.0 (c980f4866 2026-06-30),"release,lto=thin,debug=true",/home/bob/.cache/mess-bench,/dev/nvme0n1p3,ext4,/home,Samsung SSD 970 EVO Plus 2TB,[none] mq-deadline kyber bfq,249459859456,4096,1024,payload[i]=(i*131+17)&0xff,2.63232421875,accepted,,24,10,1,1,1,0,domain,55189,bytes,551890,551890,33554912,36874909,37182661,550,750,1060,55189,2.630,2.630
s0020,54215100a825da9eb7cfbd8f045e54ef05fb29bd,false,1b36f48efea63210dfeeee7270dea968ab5ba58da27f90aa42845eb8a64a6649,12b1dafe765a77d1a17115b0ae12cff973f20ed7d6d770fbd790695fe081288e,0e4833553be7825885da5ea99bceab292cc8abee6414d58b31864afe8ca9f944,c89b17de3d4d36a4e106517b0737619bd65f0e2877d95adbf2f297762f71fb7b,6e938dfcd266a2b0eac811d7ea7eabbd5b217965f88efa81371465134dbcab11,2026-07-15T18:38:30.733508+00:00,8o8-arch,7.0.12-arch1-1,AMD Ryzen 9 3900X 12-Core Processor,"logical=24,cores=12,sockets=1,nodes=1",performance,rustc 1.97.0 (2d8144b78 2026-07-07),22.1.6,cargo 1.97.0 (c980f4866 2026-06-30),"release,lto=thin,debug=true",/home/bob/.cache/mess-bench,/dev/nvme0n1p3,ext4,/home,Samsung SSD 970 EVO Plus 2TB,[none] mq-deadline kyber bfq,249459855360,4096,1024,payload[i]=(i*131+17)&0xff,2.63232421875,accepted,,24,10,1,1,4,0,domain,55189,bytes,551890,551890,33554912,35505069,35817503,550,670,780,55189,2.630,2.740
s0021,54215100a825da9eb7cfbd8f045e54ef05fb29bd,false,1b36f48efea63210dfeeee7270dea968ab5ba58da27f90aa42845eb8a64a6649,12b1dafe765a77d1a17115b0ae12cff973f20ed7d6d770fbd790695fe081288e,0e4833553be7825885da5ea99bceab292cc8abee6414d58b31864afe8ca9f944,c89b17de3d4d36a4e106517b0737619bd65f0e2877d95adbf2f297762f71fb7b,6e938dfcd266a2b0eac811d7ea7eabbd5b217965f88efa81371465134dbcab11,2026-07-15T18:38:31.762142+00:00,8o8-arch,7.0.12-arch1-1,AMD Ryzen 9 3900X 12-Core Processor,"logical=24,cores=12,sockets=1,nodes=1",performance,rustc 1.97.0 (2d8144b78 2026-07-07),22.1.6,cargo 1.97.0 (c980f4866 2026-06-30),"release,lto=thin,debug=true",/home/bob/.cache/mess-bench,/dev/nvme0n1p3,ext4,/home,Samsung SSD 970 EVO Plus 2TB,[none] mq-deadline kyber bfq,249459855360,4096,1024,payload[i]=(i*131+17)&0xff,2.7421875,accepted,,24,10,2,2,2,0,domain,27595,bytes,551900,551900,33555520,33433899,33731534,1080,1410,1580,55190,2.740,2.740
s0022,54215100a825da9eb7cfbd8f045e54ef05fb29bd,false,1b36f48efea63210dfeeee7270dea968ab5ba58da27f90aa42845eb8a64a6649,12b1dafe765a77d1a17115b0ae12cff973f20ed7d6d770fbd790695fe081288e,0e4833553be7825885da5ea99bceab292cc8abee6414d58b31864afe8ca9f944,c89b17de3d4d36a4e106517b0737619bd65f0e2877d95adbf2f297762f71fb7b,6e938dfcd266a2b0eac811d7ea7eabbd5b217965f88efa81371465134dbcab11,2026-07-15T18:38:32.792003+00:00,8o8-arch,7.0.12-arch1-1,AMD Ryzen 9 3900X 12-Core Processor,"logical=24,cores=12,sockets=1,nodes=1",performance,rustc 1.97.0 (2d8144b78 2026-07-07),22.1.6,cargo 1.97.0 (c980f4866 2026-06-30),"release,lto=thin,debug=true",/home/bob/.cache/mess-bench,/dev/nvme0n1p3,ext4,/home,Samsung SSD 970 EVO Plus 2TB,[none] mq-deadline kyber bfq,249459822592,4096,1024,payload[i]=(i*131+17)&0xff,2.7421875,accepted,,24,10,2,4,2,0,new_name,22430,bytes,493460,448600,33555280,35763009,36055682,1500,1700,2010,89720,2.740,2.740
s0023,54215100a825da9eb7cfbd8f045e54ef05fb29bd,false,1b36f48efea63210dfeeee7270dea968ab5ba58da27f90aa42845eb8a64a6649,12b1dafe765a77d1a17115b0ae12cff973f20ed7d6d770fbd790695fe081288e,0e4833553be7825885da5ea99bceab292cc8abee6414d58b31864afe8ca9f944,c89b17de3d4d36a4e106517b0737619bd65f0e2877d95adbf2f297762f71fb7b,6e938dfcd266a2b0eac811d7ea7eabbd5b217965f88efa81371465134dbcab11,2026-07-15T18:38:33.823432+00:00,8o8-arch,7.0.12-arch1-1,AMD Ryzen 9 3900X 12-Core Processor,"logical=24,cores=12,sockets=1,nodes=1",performance,rustc 1.97.0 (2d8144b78 2026-07-07),22.1.6,cargo 1.97.0 (c980f4866 2026-06-30),"release,lto=thin,debug=true",/home/bob/.cache/mess-bench,/dev/nvme0n1p3,ext4,/home,Samsung SSD 970 EVO Plus 2TB,[none] mq-deadline kyber bfq,249459851264,4096,1024,payload[i]=(i*131+17)&0xff,2.7421875,accepted,,24,10,2,2,4,0,domain,27595,bytes,551900,551900,33555520,33321738,33564094,1080,1340,1460,55190,2.740,2.740
s0024,54215100a825da9eb7cfbd8f045e54ef05fb29bd,false,1b36f48efea63210dfeeee7270dea968ab5ba58da27f90aa42845eb8a64a6649,12b1dafe765a77d1a17115b0ae12cff973f20ed7d6d770fbd790695fe081288e,0e4833553be7825885da5ea99bceab292cc8abee6414d58b31864afe8ca9f944,c89b17de3d4d36a4e106517b0737619bd65f0e2877d95adbf2f297762f71fb7b,6e938dfcd266a2b0eac811d7ea7eabbd5b217965f88efa81371465134dbcab11,2026-07-15T18:38:34.850801+00:00,8o8-arch,7.0.12-arch1-1,AMD Ryzen 9 3900X 12-Core Processor,"logical=24,cores=12,sockets=1,nodes=1",performance,rustc 1.97.0 (2d8144b78 2026-07-07),22.1.6,cargo 1.97.0 (c980f4866 2026-06-30),"release,lto=thin,debug=true",/home/bob/.cache/mess-bench,/dev/nvme0n1p3,ext4,/home,Samsung SSD 970 EVO Plus 2TB,[none] mq-deadline kyber bfq,249459847168,4096,1024,payload[i]=(i*131+17)&0xff,2.7421875,accepted,,24,10,3,3,4,0,domain,18397,bytes,551910,551910,33556128,33054748,33292204,1600,2300,2330,55191,2.740,2.740
s0025,54215100a825da9eb7cfbd8f045e54ef05fb29bd,false,1b36f48efea63210dfeeee7270dea968ab5ba58da27f90aa42845eb8a64a6649,12b1dafe765a77d1a17115b0ae12cff973f20ed7d6d770fbd790695fe081288e,0e4833553be7825885da5ea99bceab292cc8abee6414d58b31864afe8ca9f944,c89b17de3d4d36a4e106517b0737619bd65f0e2877d95adbf2f297762f71fb7b,6e938dfcd266a2b0eac811d7ea7eabbd5b217965f88efa81371465134dbcab11,2026-07-15T18:38:35.876725+00:00,8o8-arch,7.0.12-arch1-1,AMD Ryzen 9 3900X 12-Core Processor,"logical=24,cores=12,sockets=1,nodes=1",performance,rustc 1.97.0 (2d8144b78 2026-07-07),22.1.6,cargo 1.97.0 (c980f4866 2026-06-30),"release,lto=thin,debug=true",/home/bob/.cache/mess-bench,/dev/nvme0n1p3,ext4,/home,Samsung SSD 970 EVO Plus 2TB,[none] mq-deadline kyber bfq,249459847168,4096,1024,payload[i]=(i*131+17)&0xff,2.6025390625,accepted,,24,10,4,4,4,0,domain,13798,bytes,551920,551920,33556736,31540608,32890135,2130,2760,3160,55192,2.600,2.600
s0026,54215100a825da9eb7cfbd8f045e54ef05fb29bd,false,1b36f48efea63210dfeeee7270dea968ab5ba58da27f90aa42845eb8a64a6649,12b1dafe765a77d1a17115b0ae12cff973f20ed7d6d770fbd790695fe081288e,0e4833553be7825885da5ea99bceab292cc8abee6414d58b31864afe8ca9f944,c89b17de3d4d36a4e106517b0737619bd65f0e2877d95adbf2f297762f71fb7b,6e938dfcd266a2b0eac811d7ea7eabbd5b217965f88efa81371465134dbcab11,2026-07-15T18:38:36.908991+00:00,8o8-arch,7.0.12-arch1-1,AMD Ryzen 9 3900X 12-Core Processor,"logical=24,cores=12,sockets=1,nodes=1",performance,rustc 1.97.0 (2d8144b78 2026-07-07),22.1.6,cargo 1.97.0 (c980f4866 2026-06-30),"release,lto=thin,debug=true",/home/bob/.cache/mess-bench,/dev/nvme0n1p3,ext4,/home,Samsung SSD 970 EVO Plus 2TB,[none] mq-deadline kyber bfq,249459838976,4096,1024,payload[i]=(i*131+17)&0xff,2.6025390625,accepted,,24,10,4,8,4,0,new_name,11215,bytes,493460,448600,33555280,37039389,37311451,2960,4390,4610,89720,2.600,2.600
s0027,54215100a825da9eb7cfbd8f045e54ef05fb29bd,false,1b36f48efea63210dfeeee7270dea968ab5ba58da27f90aa42845eb8a64a6649,12b1dafe765a77d1a17115b0ae12cff973f20ed7d6d770fbd790695fe081288e,0e4833553be7825885da5ea99bceab292cc8abee6414d58b31864afe8ca9f944,c89b17de3d4d36a4e106517b0737619bd65f0e2877d95adbf2f297762f71fb7b,6e938dfcd266a2b0eac811d7ea7eabbd5b217965f88efa81371465134dbcab11,2026-07-15T18:38:37.939721+00:00,8o8-arch,7.0.12-arch1-1,AMD Ryzen 9 3900X 12-Core Processor,"logical=24,cores=12,sockets=1,nodes=1",performance,rustc 1.97.0 (2d8144b78 2026-07-07),22.1.6,cargo 1.97.0 (c980f4866 2026-06-30),"release,lto=thin,debug=true",/home/bob/.cache/mess-bench,/dev/nvme0n1p3,ext4,/home,Samsung SSD 970 EVO Plus 2TB,[none] mq-deadline kyber bfq,249459834880,4096,1024,payload[i]=(i*131+17)&0xff,2.6025390625,accepted,,24,10,16,16,4,0,domain,3450,bytes,552000,552000,33561600,30528618,30775476,8420,10890,14910,55200,2.600,2.600
s0028,54215100a825da9eb7cfbd8f045e54ef05fb29bd,false,1b36f48efea63210dfeeee7270dea968ab5ba58da27f90aa42845eb8a64a6649,12b1dafe765a77d1a17115b0ae12cff973f20ed7d6d770fbd790695fe081288e,0e4833553be7825885da5ea99bceab292cc8abee6414d58b31864afe8ca9f944,c89b17de3d4d36a4e106517b0737619bd65f0e2877d95adbf2f297762f71fb7b,6e938dfcd266a2b0eac811d7ea7eabbd5b217965f88efa81371465134dbcab11,2026-07-15T18:38:38.972631+00:00,8o8-arch,7.0.12-arch1-1,AMD Ryzen 9 3900X 12-Core Processor,"logical=24,cores=12,sockets=1,nodes=1",performance,rustc 1.97.0 (2d8144b78 2026-07-07),22.1.6,cargo 1.97.0 (c980f4866 2026-06-30),"release,lto=thin,debug=true",/home/bob/.cache/mess-bench,/dev/nvme0n1p3,ext4,/home,Samsung SSD 970 EVO Plus 2TB,[none] mq-deadline kyber bfq,249459830784,4096,1024,payload[i]=(i*131+17)&0xff,2.6025390625,accepted,,24,10,16,32,4,0,new_name,2804,bytes,493504,448640,33558272,34530548,34888033,11720,15150,20910,89728,2.600,2.600
s0029,54215100a825da9eb7cfbd8f045e54ef05fb29bd,false,1b36f48efea63210dfeeee7270dea968ab5ba58da27f90aa42845eb8a64a6649,12b1dafe765a77d1a17115b0ae12cff973f20ed7d6d770fbd790695fe081288e,0e4833553be7825885da5ea99bceab292cc8abee6414d58b31864afe8ca9f944,c89b17de3d4d36a4e106517b0737619bd65f0e2877d95adbf2f297762f71fb7b,6e938dfcd266a2b0eac811d7ea7eabbd5b217965f88efa81371465134dbcab11,2026-07-15T18:38:40.003692+00:00,8o8-arch,7.0.12-arch1-1,AMD Ryzen 9 3900X 12-Core Processor,"logical=24,cores=12,sockets=1,nodes=1",performance,rustc 1.97.0 (2d8144b78 2026-07-07),22.1.6,cargo 1.97.0 (c980f4866 2026-06-30),"release,lto=thin,debug=true",/home/bob/.cache/mess-bench,/dev/nvme0n1p3,ext4,/home,Samsung SSD 970 EVO Plus 2TB,[none] mq-deadline kyber bfq,249459830784,4096,1024,payload[i]=(i*131+17)&0xff,2.6025390625,accepted,,24,10,64,64,4,0,domain,863,bytes,552320,552320,33581056,31162518,31400486,34060,50210,52650,55232,2.600,2.600
s0030,54215100a825da9eb7cfbd8f045e54ef05fb29bd,false,1b36f48efea63210dfeeee7270dea968ab5ba58da27f90aa42845eb8a64a6649,12b1dafe765a77d1a17115b0ae12cff973f20ed7d6d770fbd790695fe081288e,0e4833553be7825885da5ea99bceab292cc8abee6414d58b31864afe8ca9f944,c89b17de3d4d36a4e106517b0737619bd65f0e2877d95adbf2f297762f71fb7b,6e938dfcd266a2b0eac811d7ea7eabbd5b217965f88efa81371465134dbcab11,2026-07-15T18:38:41.030723+00:00,8o8-arch,7.0.12-arch1-1,AMD Ryzen 9 3900X 12-Core Processor,"logical=24,cores=12,sockets=1,nodes=1",performance,rustc 1.97.0 (2d8144b78 2026-07-07),22.1.6,cargo 1.97.0 (c980f4866 2026-06-30),"release,lto=thin,debug=true",/home/bob/.cache/mess-bench,/dev/nvme0n1p3,ext4,/home,Samsung SSD 970 EVO Plus 2TB,[none] mq-deadline kyber bfq,249459830784,4096,1024,payload[i]=(i*131+17)&0xff,2.47412109375,accepted,,24,10,64,128,4,0,new_name,701,bytes,493504,448640,33558272,35201139,35464472,47320,67960,72810,89728,2.470,2.470
s0031,54215100a825da9eb7cfbd8f045e54ef05fb29bd,false,1b36f48efea63210dfeeee7270dea968ab5ba58da27f90aa42845eb8a64a6649,12b1dafe765a77d1a17115b0ae12cff973f20ed7d6d770fbd790695fe081288e,0e4833553be7825885da5ea99bceab292cc8abee6414d58b31864afe8ca9f944,c89b17de3d4d36a4e106517b0737619bd65f0e2877d95adbf2f297762f71fb7b,6e938dfcd266a2b0eac811d7ea7eabbd5b217965f88efa81371465134dbcab11,2026-07-15T18:38:42.058871+00:00,8o8-arch,7.0.12-arch1-1,AMD Ryzen 9 3900X 12-Core Processor,"logical=24,cores=12,sockets=1,nodes=1",performance,rustc 1.97.0 (2d8144b78 2026-07-07),22.1.6,cargo 1.97.0 (c980f4866 2026-06-30),"release,lto=thin,debug=true",/home/bob/.cache/mess-bench,/dev/nvme0n1p3,ext4,/home,Samsung SSD 970 EVO Plus 2TB,[none] mq-deadline kyber bfq,249459826688,4096,1024,payload[i]=(i*131+17)&0xff,2.47412109375,accepted,,24,10,256,256,4,0,domain,216,bytes,552960,552960,33619968,30206327,30500907,134609,169510,201130,55296,2.470,2.470
s0032,54215100a825da9eb7cfbd8f045e54ef05fb29bd,false,1b36f48efea63210dfeeee7270dea968ab5ba58da27f90aa42845eb8a64a6649,12b1dafe765a77d1a17115b0ae12cff973f20ed7d6d770fbd790695fe081288e,0e4833553be7825885da5ea99bceab292cc8abee6414d58b31864afe8ca9f944,c89b17de3d4d36a4e106517b0737619bd65f0e2877d95adbf2f297762f71fb7b,6e938dfcd266a2b0eac811d7ea7eabbd5b217965f88efa81371465134dbcab11,2026-07-15T18:38:43.092137+00:00,8o8-arch,7.0.12-arch1-1,AMD Ryzen 9 3900X 12-Core Processor,"logical=24,cores=12,sockets=1,nodes=1",performance,rustc 1.97.0 (2d8144b78 2026-07-07),22.1.6,cargo 1.97.0 (c980f4866 2026-06-30),"release,lto=thin,debug=true",/home/bob/.cache/mess-bench,/dev/nvme0n1p3,ext4,/home,Samsung SSD 970 EVO Plus 2TB,[none] mq-deadline kyber bfq,249459822592,4096,1024,payload[i]=(i*131+17)&0xff,2.47412109375,accepted,,24,10,256,512,4,0,new_name,176,bytes,495616,450560,33701888,34428729,34711453,188440,232740,279769,90112,2.470,2.470
s0033,54215100a825da9eb7cfbd8f045e54ef05fb29bd,false,1b36f48efea63210dfeeee7270dea968ab5ba58da27f90aa42845eb8a64a6649,12b1dafe765a77d1a17115b0ae12cff973f20ed7d6d770fbd790695fe081288e,0e4833553be7825885da5ea99bceab292cc8abee6414d58b31864afe8ca9f944,c89b17de3d4d36a4e106517b0737619bd65f0e2877d95adbf2f297762f71fb7b,6e938dfcd266a2b0eac811d7ea7eabbd5b217965f88efa81371465134dbcab11,2026-07-15T18:38:44.121546+00:00,8o8-arch,7.0.12-arch1-1,AMD Ryzen 9 3900X 12-Core Processor,"logical=24,cores=12,sockets=1,nodes=1",performance,rustc 1.97.0 (2d8144b78 2026-07-07),22.1.6,cargo 1.97.0 (c980f4866 2026-06-30),"release,lto=thin,debug=true",/home/bob/.cache/mess-bench,/dev/nvme0n1p3,ext4,/home,Samsung SSD 970 EVO Plus 2TB,[none] mq-deadline kyber bfq,249459822592,4096,1024,payload[i]=(i*131+17)&0xff,2.47412109375,accepted,,24,10,1024,1024,4,0,domain,54,bytes,552960,552960,33619968,29721217,29988127,550179,591829,599149,55296,2.470,2.470
s0034,54215100a825da9eb7cfbd8f045e54ef05fb29bd,false,1b36f48efea63210dfeeee7270dea968ab5ba58da27f90aa42845eb8a64a6649,12b1dafe765a77d1a17115b0ae12cff973f20ed7d6d770fbd790695fe081288e,0e4833553be7825885da5ea99bceab292cc8abee6414d58b31864afe8ca9f944,c89b17de3d4d36a4e106517b0737619bd65f0e2877d95adbf2f297762f71fb7b,6e938dfcd266a2b0eac811d7ea7eabbd5b217965f88efa81371465134dbcab11,2026-07-15T18:38:45.151069+00:00,8o8-arch,7.0.12-arch1-1,AMD Ryzen 9 3900X 12-Core Processor,"logical=24,cores=12,sockets=1,nodes=1",performance,rustc 1.97.0 (2d8144b78 2026-07-07),22.1.6,cargo 1.97.0 (c980f4866 2026-06-30),"release,lto=thin,debug=true",/home/bob/.cache/mess-bench,/dev/nvme0n1p3,ext4,/home,Samsung SSD 970 EVO Plus 2TB,[none] mq-deadline kyber bfq,249459814400,4096,1024,payload[i]=(i*131+17)&0xff,2.47412109375,accepted,,24,10,1024,2048,4,0,new_name,44,bytes,495616,450560,33701888,35260048,35681452,772039,1042499,1105049,90112,2.470,2.470
s0035,54215100a825da9eb7cfbd8f045e54ef05fb29bd,false,1b36f48efea63210dfeeee7270dea968ab5ba58da27f90aa42845eb8a64a6649,12b1dafe765a77d1a17115b0ae12cff973f20ed7d6d770fbd790695fe081288e,0e4833553be7825885da5ea99bceab292cc8abee6414d58b31864afe8ca9f944,c89b17de3d4d36a4e106517b0737619bd65f0e2877d95adbf2f297762f71fb7b,6e938dfcd266a2b0eac811d7ea7eabbd5b217965f88efa81371465134dbcab11,2026-07-15T18:38:46.180950+00:00,8o8-arch,7.0.12-arch1-1,AMD Ryzen 9 3900X 12-Core Processor,"logical=24,cores=12,sockets=1,nodes=1",performance,rustc 1.97.0 (2d8144b78 2026-07-07),22.1.6,cargo 1.97.0 (c980f4866 2026-06-30),"release,lto=thin,debug=true",/home/bob/.cache/mess-bench,/dev/nvme0n1p3,ext4,/home,Samsung SSD 970 EVO Plus 2TB,[none] mq-deadline kyber bfq,249459818496,4096,1024,payload[i]=(i*131+17)&0xff,2.27587890625,accepted,,24,10,1025,1025,4,0,domain,54,bytes,553500,553500,33652800,30127808,30408007,554519,600059,677369,55350,2.280,2.280
s0036,54215100a825da9eb7cfbd8f045e54ef05fb29bd,false,1b36f48efea63210dfeeee7270dea968ab5ba58da27f90aa42845eb8a64a6649,12b1dafe765a77d1a17115b0ae12cff973f20ed7d6d770fbd790695fe081288e,0e4833553be7825885da5ea99bceab292cc8abee6414d58b31864afe8ca9f944,c89b17de3d4d36a4e106517b0737619bd65f0e2877d95adbf2f297762f71fb7b,6e938dfcd266a2b0eac811d7ea7eabbd5b217965f88efa81371465134dbcab11,2026-07-15T18:38:47.212620+00:00,8o8-arch,7.0.12-arch1-1,AMD Ryzen 9 3900X 12-Core Processor,"logical=24,cores=12,sockets=1,nodes=1",performance,rustc 1.97.0 (2d8144b78 2026-07-07),22.1.6,cargo 1.97.0 (c980f4866 2026-06-30),"release,lto=thin,debug=true",/home/bob/.cache/mess-bench,/dev/nvme0n1p3,ext4,/home,Samsung SSD 970 EVO Plus 2TB,[none] mq-deadline kyber bfq,249459814400,4096,1024,payload[i]=(i*131+17)&0xff,2.27587890625,accepted,,24,10,1025,2050,4,0,new_name,44,bytes,496100,451000,33734800,35414799,35972863,789779,1050229,1062739,90200,2.280,2.280
s0037,54215100a825da9eb7cfbd8f045e54ef05fb29bd,false,1b36f48efea63210dfeeee7270dea968ab5ba58da27f90aa42845eb8a64a6649,12b1dafe765a77d1a17115b0ae12cff973f20ed7d6d770fbd790695fe081288e,0e4833553be7825885da5ea99bceab292cc8abee6414d58b31864afe8ca9f944,c89b17de3d4d36a4e106517b0737619bd65f0e2877d95adbf2f297762f71fb7b,6e938dfcd266a2b0eac811d7ea7eabbd5b217965f88efa81371465134dbcab11,2026-07-15T18:38:48.243769+00:00,8o8-arch,7.0.12-arch1-1,AMD Ryzen 9 3900X 12-Core Processor,"logical=24,cores=12,sockets=1,nodes=1",performance,rustc 1.97.0 (2d8144b78 2026-07-07),22.1.6,cargo 1.97.0 (c980f4866 2026-06-30),"release,lto=thin,debug=true",/home/bob/.cache/mess-bench,/dev/nvme0n1p3,ext4,/home,Samsung SSD 970 EVO Plus 2TB,[none] mq-deadline kyber bfq,249459810304,4096,1024,payload[i]=(i*131+17)&0xff,2.27587890625,accepted,,24,100,1,1,1,0,domain,6346,bytes,634600,634600,33557648,22216436,22683972,3390,3420,4440,6346,2.280,2.280
s0038,54215100a825da9eb7cfbd8f045e54ef05fb29bd,false,1b36f48efea63210dfeeee7270dea968ab5ba58da27f90aa42845eb8a64a6649,12b1dafe765a77d1a17115b0ae12cff973f20ed7d6d770fbd790695fe081288e,0e4833553be7825885da5ea99bceab292cc8abee6414d58b31864afe8ca9f944,c89b17de3d4d36a4e106517b0737619bd65f0e2877d95adbf2f297762f71fb7b,6e938dfcd266a2b0eac811d7ea7eabbd5b217965f88efa81371465134dbcab11,2026-07-15T18:38:49.272522+00:00,8o8-arch,7.0.12-arch1-1,AMD Ryzen 9 3900X 12-Core Processor,"logical=24,cores=12,sockets=1,nodes=1",performance,rustc 1.97.0 (2d8144b78 2026-07-07),22.1.6,cargo 1.97.0 (c980f4866 2026-06-30),"release,lto=thin,debug=true",/home/bob/.cache/mess-bench,/dev/nvme0n1p3,ext4,/home,Samsung SSD 970 EVO Plus 2TB,[none] mq-deadline kyber bfq,249459814400,4096,1024,payload[i]=(i*131+17)&0xff,2.27587890625,accepted,,24,100,1,1,4,0,domain,6346,bytes,634600,634600,33557648,22148515,22320763,3370,3960,4580,6346,2.280,2.280
s0039,54215100a825da9eb7cfbd8f045e54ef05fb29bd,false,1b36f48efea63210dfeeee7270dea968ab5ba58da27f90aa42845eb8a64a6649,12b1dafe765a77d1a17115b0ae12cff973f20ed7d6d770fbd790695fe081288e,0e4833553be7825885da5ea99bceab292cc8abee6414d58b31864afe8ca9f944,c89b17de3d4d36a4e106517b0737619bd65f0e2877d95adbf2f297762f71fb7b,6e938dfcd266a2b0eac811d7ea7eabbd5b217965f88efa81371465134dbcab11,2026-07-15T18:38:50.302258+00:00,8o8-arch,7.0.12-arch1-1,AMD Ryzen 9 3900X 12-Core Processor,"logical=24,cores=12,sockets=1,nodes=1",performance,rustc 1.97.0 (2d8144b78 2026-07-07),22.1.6,cargo 1.97.0 (c980f4866 2026-06-30),"release,lto=thin,debug=true",/home/bob/.cache/mess-bench,/dev/nvme0n1p3,ext4,/home,Samsung SSD 970 EVO Plus 2TB,[none] mq-deadline kyber bfq,249459806208,4096,1024,payload[i]=(i*131+17)&0xff,2.27587890625,accepted,,24,100,2,2,2,0,domain,3173,bytes,634600,634600,33557648,22695726,22877592,6750,7600,12690,6346,2.280,2.280
s0040,54215100a825da9eb7cfbd8f045e54ef05fb29bd,false,1b36f48efea63210dfeeee7270dea968ab5ba58da27f90aa42845eb8a64a6649,12b1dafe765a77d1a17115b0ae12cff973f20ed7d6d770fbd790695fe081288e,0e4833553be7825885da5ea99bceab292cc8abee6414d58b31864afe8ca9f944,c89b17de3d4d36a4e106517b0737619bd65f0e2877d95adbf2f297762f71fb7b,6e938dfcd266a2b0eac811d7ea7eabbd5b217965f88efa81371465134dbcab11,2026-07-15T18:38:51.330403+00:00,8o8-arch,7.0.12-arch1-1,AMD Ryzen 9 3900X 12-Core Processor,"logical=24,cores=12,sockets=1,nodes=1",performance,rustc 1.97.0 (2d8144b78 2026-07-07),22.1.6,cargo 1.97.0 (c980f4866 2026-06-30),"release,lto=thin,debug=true",/home/bob/.cache/mess-bench,/dev/nvme0n1p3,ext4,/home,Samsung SSD 970 EVO Plus 2TB,[none] mq-deadline kyber bfq,249459777536,4096,1024,payload[i]=(i*131+17)&0xff,2.25341796875,accepted,,24,100,2,4,2,0,new_name,3091,bytes,624382,618200,33555896,25192506,25406731,7170,8970,35310,12364,2.250,2.250
s0041,54215100a825da9eb7cfbd8f045e54ef05fb29bd,false,1b36f48efea63210dfeeee7270dea968ab5ba58da27f90aa42845eb8a64a6649,12b1dafe765a77d1a17115b0ae12cff973f20ed7d6d770fbd790695fe081288e,0e4833553be7825885da5ea99bceab292cc8abee6414d58b31864afe8ca9f944,c89b17de3d4d36a4e106517b0737619bd65f0e2877d95adbf2f297762f71fb7b,6e938dfcd266a2b0eac811d7ea7eabbd5b217965f88efa81371465134dbcab11,2026-07-15T18:38:52.361155+00:00,8o8-arch,7.0.12-arch1-1,AMD Ryzen 9 3900X 12-Core Processor,"logical=24,cores=12,sockets=1,nodes=1",performance,rustc 1.97.0 (2d8144b78 2026-07-07),22.1.6,cargo 1.97.0 (c980f4866 2026-06-30),"release,lto=thin,debug=true",/home/bob/.cache/mess-bench,/dev/nvme0n1p3,ext4,/home,Samsung SSD 970 EVO Plus 2TB,[none] mq-deadline kyber bfq,249459789824,4096,1024,payload[i]=(i*131+17)&0xff,2.25341796875,accepted,,24,100,2,2,4,0,domain,3173,bytes,634600,634600,33557648,24093775,25242650,7030,9210,19950,6346,2.250,2.250
s0042,54215100a825da9eb7cfbd8f045e54ef05fb29bd,false,1b36f48efea63210dfeeee7270dea968ab5ba58da27f90aa42845eb8a64a6649,12b1dafe765a77d1a17115b0ae12cff973f20ed7d6d770fbd790695fe081288e,0e4833553be7825885da5ea99bceab292cc8abee6414d58b31864afe8ca9f944,c89b17de3d4d36a4e106517b0737619bd65f0e2877d95adbf2f297762f71fb7b,6e938dfcd266a2b0eac811d7ea7eabbd5b217965f88efa81371465134dbcab11,2026-07-15T18:38:53.391959+00:00,8o8-arch,7.0.12-arch1-1,AMD Ryzen 9 3900X 12-Core Processor,"logical=24,cores=12,sockets=1,nodes=1",performance,rustc 1.97.0 (2d8144b78 2026-07-07),22.1.6,cargo 1.97.0 (c980f4866 2026-06-30),"release,lto=thin,debug=true",/home/bob/.cache/mess-bench,/dev/nvme0n1p3,ext4,/home,Samsung SSD 970 EVO Plus 2TB,[none] mq-deadline kyber bfq,249459773440,4096,1024,payload[i]=(i*131+17)&0xff,2.25341796875,accepted,,24,100,3,3,4,0,domain,2116,bytes,634800,634800,33568224,22748796,22990973,10110,14390,17820,6348,2.250,2.250
s0043,54215100a825da9eb7cfbd8f045e54ef05fb29bd,false,1b36f48efea63210dfeeee7270dea968ab5ba58da27f90aa42845eb8a64a6649,12b1dafe765a77d1a17115b0ae12cff973f20ed7d6d770fbd790695fe081288e,0e4833553be7825885da5ea99bceab292cc8abee6414d58b31864afe8ca9f944,c89b17de3d4d36a4e106517b0737619bd65f0e2877d95adbf2f297762f71fb7b,6e938dfcd266a2b0eac811d7ea7eabbd5b217965f88efa81371465134dbcab11,2026-07-15T18:38:54.421103+00:00,8o8-arch,7.0.12-arch1-1,AMD Ryzen 9 3900X 12-Core Processor,"logical=24,cores=12,sockets=1,nodes=1",performance,rustc 1.97.0 (2d8144b78 2026-07-07),22.1.6,cargo 1.97.0 (c980f4866 2026-06-30),"release,lto=thin,debug=true",/home/bob/.cache/mess-bench,/dev/nvme0n1p3,ext4,/home,Samsung SSD 970 EVO Plus 2TB,[none] mq-deadline kyber bfq,249459769344,4096,1024,payload[i]=(i*131+17)&0xff,2.25341796875,accepted,,24,100,4,4,4,0,domain,1587,bytes,634800,634800,33568224,22574026,22744023,13450,16480,21760,6348,2.250,2.250
s0044,54215100a825da9eb7cfbd8f045e54ef05fb29bd,false,1b36f48efea63210dfeeee7270dea968ab5ba58da27f90aa42845eb8a64a6649,12b1dafe765a77d1a17115b0ae12cff973f20ed7d6d770fbd790695fe081288e,0e4833553be7825885da5ea99bceab292cc8abee6414d58b31864afe8ca9f944,c89b17de3d4d36a4e106517b0737619bd65f0e2877d95adbf2f297762f71fb7b,6e938dfcd266a2b0eac811d7ea7eabbd5b217965f88efa81371465134dbcab11,2026-07-15T18:38:55.449894+00:00,8o8-arch,7.0.12-arch1-1,AMD Ryzen 9 3900X 12-Core Processor,"logical=24,cores=12,sockets=1,nodes=1",performance,rustc 1.97.0 (2d8144b78 2026-07-07),22.1.6,cargo 1.97.0 (c980f4866 2026-06-30),"release,lto=thin,debug=true",/home/bob/.cache/mess-bench,/dev/nvme0n1p3,ext4,/home,Samsung SSD 970 EVO Plus 2TB,[none] mq-deadline kyber bfq,249459769344,4096,1024,payload[i]=(i*131+17)&0xff,2.25341796875,accepted,,24,100,4,8,4,0,new_name,1546,bytes,624584,618400,33566752,22536356,22721002,14310,16940,21930,12368,2.250,2.250
s0045,54215100a825da9eb7cfbd8f045e54ef05fb29bd,false,1b36f48efea63210dfeeee7270dea968ab5ba58da27f90aa42845eb8a64a6649,12b1dafe765a77d1a17115b0ae12cff973f20ed7d6d770fbd790695fe081288e,0e4833553be7825885da5ea99bceab292cc8abee6414d58b31864afe8ca9f944,c89b17de3d4d36a4e106517b0737619bd65f0e2877d95adbf2f297762f71fb7b,6e938dfcd266a2b0eac811d7ea7eabbd5b217965f88efa81371465134dbcab11,2026-07-15T18:38:56.479963+00:00,8o8-arch,7.0.12-arch1-1,AMD Ryzen 9 3900X 12-Core Processor,"logical=24,cores=12,sockets=1,nodes=1",performance,rustc 1.97.0 (2d8144b78 2026-07-07),22.1.6,cargo 1.97.0 (c980f4866 2026-06-30),"release,lto=thin,debug=true",/home/bob/.cache/mess-bench,/dev/nvme0n1p3,ext4,/home,Samsung SSD 970 EVO Plus 2TB,[none] mq-deadline kyber bfq,249459765248,4096,1024,payload[i]=(i*131+17)&0xff,2.07275390625,accepted,,24,1000,1,1,1,0,domain,645,bytes,645000,645000,33596760,21732356,21943404,30260,43820,59430,645,2.070,2.070
s0046,54215100a825da9eb7cfbd8f045e54ef05fb29bd,false,1b36f48efea63210dfeeee7270dea968ab5ba58da27f90aa42845eb8a64a6649,12b1dafe765a77d1a17115b0ae12cff973f20ed7d6d770fbd790695fe081288e,0e4833553be7825885da5ea99bceab292cc8abee6414d58b31864afe8ca9f944,c89b17de3d4d36a4e106517b0737619bd65f0e2877d95adbf2f297762f71fb7b,6e938dfcd266a2b0eac811d7ea7eabbd5b217965f88efa81371465134dbcab11,2026-07-15T18:38:57.510503+00:00,8o8-arch,7.0.12-arch1-1,AMD Ryzen 9 3900X 12-Core Processor,"logical=24,cores=12,sockets=1,nodes=1",performance,rustc 1.97.0 (2d8144b78 2026-07-07),22.1.6,cargo 1.97.0 (c980f4866 2026-06-30),"release,lto=thin,debug=true",/home/bob/.cache/mess-bench,/dev/nvme0n1p3,ext4,/home,Samsung SSD 970 EVO Plus 2TB,[none] mq-deadline kyber bfq,249459765248,4096,1024,payload[i]=(i*131+17)&0xff,2.07275390625,accepted,,24,1000,1,1,4,0,domain,645,bytes,645000,645000,33596760,19928265,20077455,30260,35360,38610,645,2.070,2.070
s0047,54215100a825da9eb7cfbd8f045e54ef05fb29bd,false,1b36f48efea63210dfeeee7270dea968ab5ba58da27f90aa42845eb8a64a6649,12b1dafe765a77d1a17115b0ae12cff973f20ed7d6d770fbd790695fe081288e,0e4833553be7825885da5ea99bceab292cc8abee6414d58b31864afe8ca9f944,c89b17de3d4d36a4e106517b0737619bd65f0e2877d95adbf2f297762f71fb7b,6e938dfcd266a2b0eac811d7ea7eabbd5b217965f88efa81371465134dbcab11,2026-07-15T18:38:58.532601+00:00,8o8-arch,7.0.12-arch1-1,AMD Ryzen 9 3900X 12-Core Processor,"logical=24,cores=12,sockets=1,nodes=1",performance,rustc 1.97.0 (2d8144b78 2026-07-07),22.1.6,cargo 1.97.0 (c980f4866 2026-06-30),"release,lto=thin,debug=true",/home/bob/.cache/mess-bench,/dev/nvme0n1p3,ext4,/home,Samsung SSD 970 EVO Plus 2TB,[none] mq-deadline kyber bfq,249459765248,4096,1024,payload[i]=(i*131+17)&0xff,2.07275390625,accepted,,24,1000,2,2,2,0,domain,323,bytes,646000,646000,33648848,20531495,20718004,60490,79969,108580,646,2.070,2.070
s0048,54215100a825da9eb7cfbd8f045e54ef05fb29bd,false,1b36f48efea63210dfeeee7270dea968ab5ba58da27f90aa42845eb8a64a6649,12b1dafe765a77d1a17115b0ae12cff973f20ed7d6d770fbd790695fe081288e,0e4833553be7825885da5ea99bceab292cc8abee6414d58b31864afe8ca9f944,c89b17de3d4d36a4e106517b0737619bd65f0e2877d95adbf2f297762f71fb7b,6e938dfcd266a2b0eac811d7ea7eabbd5b217965f88efa81371465134dbcab11,2026-07-15T18:38:59.562313+00:00,8o8-arch,7.0.12-arch1-1,AMD Ryzen 9 3900X 12-Core Processor,"logical=24,cores=12,sockets=1,nodes=1",performance,rustc 1.97.0 (2d8144b78 2026-07-07),22.1.6,cargo 1.97.0 (c980f4866 2026-06-30),"release,lto=thin,debug=true",/home/bob/.cache/mess-bench,/dev/nvme0n1p3,ext4,/home,Samsung SSD 970 EVO Plus 2TB,[none] mq-deadline kyber bfq,249459757056,4096,1024,payload[i]=(i*131+17)&0xff,2.07275390625,accepted,,24,1000,2,4,2,0,new_name,322,bytes,644644,644000,33634832,20571506,20949564,60950,71460,113349,1288,2.070,2.070
s0049,54215100a825da9eb7cfbd8f045e54ef05fb29bd,false,1b36f48efea63210dfeeee7270dea968ab5ba58da27f90aa42845eb8a64a6649,12b1dafe765a77d1a17115b0ae12cff973f20ed7d6d770fbd790695fe081288e,0e4833553be7825885da5ea99bceab292cc8abee6414d58b31864afe8ca9f944,c89b17de3d4d36a4e106517b0737619bd65f0e2877d95adbf2f297762f71fb7b,6e938dfcd266a2b0eac811d7ea7eabbd5b217965f88efa81371465134dbcab11,2026-07-15T18:39:00.585567+00:00,8o8-arch,7.0.12-arch1-1,AMD Ryzen 9 3900X 12-Core Processor,"logical=24,cores=12,sockets=1,nodes=1",performance,rustc 1.97.0 (2d8144b78 2026-07-07),22.1.6,cargo 1.97.0 (c980f4866 2026-06-30),"release,lto=thin,debug=true",/home/bob/.cache/mess-bench,/dev/nvme0n1p3,ext4,/home,Samsung SSD 970 EVO Plus 2TB,[none] mq-deadline kyber bfq,249459748864,4096,1024,payload[i]=(i*131+17)&0xff,2.07275390625,accepted,,24,1000,2,2,4,0,domain,323,bytes,646000,646000,33648848,20739585,21088644,60540,82990,110490,646,2.070,2.070
s0050,54215100a825da9eb7cfbd8f045e54ef05fb29bd,false,1b36f48efea63210dfeeee7270dea968ab5ba58da27f90aa42845eb8a64a6649,12b1dafe765a77d1a17115b0ae12cff973f20ed7d6d770fbd790695fe081288e,0e4833553be7825885da5ea99bceab292cc8abee6414d58b31864afe8ca9f944,c89b17de3d4d36a4e106517b0737619bd65f0e2877d95adbf2f297762f71fb7b,6e938dfcd266a2b0eac811d7ea7eabbd5b217965f88efa81371465134dbcab11,2026-07-15T18:39:01.616342+00:00,8o8-arch,7.0.12-arch1-1,AMD Ryzen 9 3900X 12-Core Processor,"logical=24,cores=12,sockets=1,nodes=1",performance,rustc 1.97.0 (2d8144b78 2026-07-07),22.1.6,cargo 1.97.0 (c980f4866 2026-06-30),"release,lto=thin,debug=true",/home/bob/.cache/mess-bench,/dev/nvme0n1p3,ext4,/home,Samsung SSD 970 EVO Plus 2TB,[none] mq-deadline kyber bfq,249459744768,4096,1024,payload[i]=(i*131+17)&0xff,2.06689453125,accepted,,24,1000,3,3,4,0,domain,215,bytes,645000,645000,33596760,20923476,21113175,90740,125160,162650,645,2.070,2.070
s0051,54215100a825da9eb7cfbd8f045e54ef05fb29bd,false,1b36f48efea63210dfeeee7270dea968ab5ba58da27f90aa42845eb8a64a6649,12b1dafe765a77d1a17115b0ae12cff973f20ed7d6d770fbd790695fe081288e,0e4833553be7825885da5ea99bceab292cc8abee6414d58b31864afe8ca9f944,c89b17de3d4d36a4e106517b0737619bd65f0e2877d95adbf2f297762f71fb7b,6e938dfcd266a2b0eac811d7ea7eabbd5b217965f88efa81371465134dbcab11,2026-07-15T18:39:02.646362+00:00,8o8-arch,7.0.12-arch1-1,AMD Ryzen 9 3900X 12-Core Processor,"logical=24,cores=12,sockets=1,nodes=1",performance,rustc 1.97.0 (2d8144b78 2026-07-07),22.1.6,cargo 1.97.0 (c980f4866 2026-06-30),"release,lto=thin,debug=true",/home/bob/.cache/mess-bench,/dev/nvme0n1p3,ext4,/home,Samsung SSD 970 EVO Plus 2TB,[none] mq-deadline kyber bfq,249459732480,4096,1024,payload[i]=(i*131+17)&0xff,2.06689453125,accepted,,24,1000,4,4,4,0,domain,162,bytes,648000,648000,33753024,19907495,20097235,121040,135630,149610,648,2.070,2.070
s0052,54215100a825da9eb7cfbd8f045e54ef05fb29bd,false,1b36f48efea63210dfeeee7270dea968ab5ba58da27f90aa42845eb8a64a6649,12b1dafe765a77d1a17115b0ae12cff973f20ed7d6d770fbd790695fe081288e,0e4833553be7825885da5ea99bceab292cc8abee6414d58b31864afe8ca9f944,c89b17de3d4d36a4e106517b0737619bd65f0e2877d95adbf2f297762f71fb7b,6e938dfcd266a2b0eac811d7ea7eabbd5b217965f88efa81371465134dbcab11,2026-07-15T18:39:03.674469+00:00,8o8-arch,7.0.12-arch1-1,AMD Ryzen 9 3900X 12-Core Processor,"logical=24,cores=12,sockets=1,nodes=1",performance,rustc 1.97.0 (2d8144b78 2026-07-07),22.1.6,cargo 1.97.0 (c980f4866 2026-06-30),"release,lto=thin,debug=true",/home/bob/.cache/mess-bench,/dev/nvme0n1p3,ext4,/home,Samsung SSD 970 EVO Plus 2TB,[none] mq-deadline kyber bfq,249459728384,4096,1024,payload[i]=(i*131+17)&0xff,2.06689453125,accepted,,24,1000,4,8,4,0,new_name,161,bytes,644644,644000,33634832,19878535,20123025,121769,137560,157940,1288,2.070,2.070
s0053,54215100a825da9eb7cfbd8f045e54ef05fb29bd,false,1b36f48efea63210dfeeee7270dea968ab5ba58da27f90aa42845eb8a64a6649,12b1dafe765a77d1a17115b0ae12cff973f20ed7d6d770fbd790695fe081288e,0e4833553be7825885da5ea99bceab292cc8abee6414d58b31864afe8ca9f944,c89b17de3d4d36a4e106517b0737619bd65f0e2877d95adbf2f297762f71fb7b,6e938dfcd266a2b0eac811d7ea7eabbd5b217965f88efa81371465134dbcab11,2026-07-15T18:39:04.706288+00:00,8o8-arch,7.0.12-arch1-1,AMD Ryzen 9 3900X 12-Core Processor,"logical=24,cores=12,sockets=1,nodes=1",performance,rustc 1.97.0 (2d8144b78 2026-07-07),22.1.6,cargo 1.97.0 (c980f4866 2026-06-30),"release,lto=thin,debug=true",/home/bob/.cache/mess-bench,/dev/nvme0n1p3,ext4,/home,Samsung SSD 970 EVO Plus 2TB,[none] mq-deadline kyber bfq,249459728384,4096,1024,payload[i]=(i*131+17)&0xff,2.06689453125,accepted,,250,1,1,1,1,0,domain,91679,bytes,91679,91679,33554514,38035119,38307471,330,470,500,91679,2.070,2.070
s0054,54215100a825da9eb7cfbd8f045e54ef05fb29bd,false,1b36f48efea63210dfeeee7270dea968ab5ba58da27f90aa42845eb8a64a6649,12b1dafe765a77d1a17115b0ae12cff973f20ed7d6d770fbd790695fe081288e,0e4833553be7825885da5ea99bceab292cc8abee6414d58b31864afe8ca9f944,c89b17de3d4d36a4e106517b0737619bd65f0e2877d95adbf2f297762f71fb7b,6e938dfcd266a2b0eac811d7ea7eabbd5b217965f88efa81371465134dbcab11,2026-07-15T18:39:05.730994+00:00,8o8-arch,7.0.12-arch1-1,AMD Ryzen 9 3900X 12-Core Processor,"logical=24,cores=12,sockets=1,nodes=1",performance,rustc 1.97.0 (2d8144b78 2026-07-07),22.1.6,cargo 1.97.0 (c980f4866 2026-06-30),"release,lto=thin,debug=true",/home/bob/.cache/mess-bench,/dev/nvme0n1p3,ext4,/home,Samsung SSD 970 EVO Plus 2TB,[none] mq-deadline kyber bfq,249459716096,4096,1024,payload[i]=(i*131+17)&0xff,2.06689453125,accepted,,250,1,1,1,4,0,domain,91679,bytes,91679,91679,33554514,37063879,37332051,330,390,450,91679,2.070,2.070
s0055,54215100a825da9eb7cfbd8f045e54ef05fb29bd,false,1b36f48efea63210dfeeee7270dea968ab5ba58da27f90aa42845eb8a64a6649,12b1dafe765a77d1a17115b0ae12cff973f20ed7d6d770fbd790695fe081288e,0e4833553be7825885da5ea99bceab292cc8abee6414d58b31864afe8ca9f944,c89b17de3d4d36a4e106517b0737619bd65f0e2877d95adbf2f297762f71fb7b,6e938dfcd266a2b0eac811d7ea7eabbd5b217965f88efa81371465134dbcab11,2026-07-15T18:39:06.761359+00:00,8o8-arch,7.0.12-arch1-1,AMD Ryzen 9 3900X 12-Core Processor,"logical=24,cores=12,sockets=1,nodes=1",performance,rustc 1.97.0 (2d8144b78 2026-07-07),22.1.6,cargo 1.97.0 (c980f4866 2026-06-30),"release,lto=thin,debug=true",/home/bob/.cache/mess-bench,/dev/nvme0n1p3,ext4,/home,Samsung SSD 970 EVO Plus 2TB,[none] mq-deadline kyber bfq,249459716096,4096,1024,payload[i]=(i*131+17)&0xff,2.38232421875,accepted,,250,1,2,2,2,0,domain,45840,bytes,91680,91680,33554880,35056609,35347753,640,880,970,91680,2.380,2.380
s0056,54215100a825da9eb7cfbd8f045e54ef05fb29bd,false,1b36f48efea63210dfeeee7270dea968ab5ba58da27f90aa42845eb8a64a6649,12b1dafe765a77d1a17115b0ae12cff973f20ed7d6d770fbd790695fe081288e,0e4833553be7825885da5ea99bceab292cc8abee6414d58b31864afe8ca9f944,c89b17de3d4d36a4e106517b0737619bd65f0e2877d95adbf2f297762f71fb7b,6e938dfcd266a2b0eac811d7ea7eabbd5b217965f88efa81371465134dbcab11,2026-07-15T18:39:07.792514+00:00,8o8-arch,7.0.12-arch1-1,AMD Ryzen 9 3900X 12-Core Processor,"logical=24,cores=12,sockets=1,nodes=1",performance,rustc 1.97.0 (2d8144b78 2026-07-07),22.1.6,cargo 1.97.0 (c980f4866 2026-06-30),"release,lto=thin,debug=true",/home/bob/.cache/mess-bench,/dev/nvme0n1p3,ext4,/home,Samsung SSD 970 EVO Plus 2TB,[none] mq-deadline kyber bfq,249459712000,4096,1024,payload[i]=(i*131+17)&0xff,2.38232421875,accepted,,250,1,2,4,2,0,new_name,33157,bytes,132628,66314,33554884,39110669,40751999,1080,1420,1600,132628,2.380,2.380
s0057,54215100a825da9eb7cfbd8f045e54ef05fb29bd,false,1b36f48efea63210dfeeee7270dea968ab5ba58da27f90aa42845eb8a64a6649,12b1dafe765a77d1a17115b0ae12cff973f20ed7d6d770fbd790695fe081288e,0e4833553be7825885da5ea99bceab292cc8abee6414d58b31864afe8ca9f944,c89b17de3d4d36a4e106517b0737619bd65f0e2877d95adbf2f297762f71fb7b,6e938dfcd266a2b0eac811d7ea7eabbd5b217965f88efa81371465134dbcab11,2026-07-15T18:39:08.821034+00:00,8o8-arch,7.0.12-arch1-1,AMD Ryzen 9 3900X 12-Core Processor,"logical=24,cores=12,sockets=1,nodes=1",performance,rustc 1.97.0 (2d8144b78 2026-07-07),22.1.6,cargo 1.97.0 (c980f4866 2026-06-30),"release,lto=thin,debug=true",/home/bob/.cache/mess-bench,/dev/nvme0n1p3,ext4,/home,Samsung SSD 970 EVO Plus 2TB,[none] mq-deadline kyber bfq,249459707904,4096,1024,payload[i]=(i*131+17)&0xff,2.38232421875,accepted,,250,1,2,2,4,0,domain,45840,bytes,91680,91680,33554880,36650669,36951612,650,950,990,91680,2.380,2.380
s0058,54215100a825da9eb7cfbd8f045e54ef05fb29bd,false,1b36f48efea63210dfeeee7270dea968ab5ba58da27f90aa42845eb8a64a6649,12b1dafe765a77d1a17115b0ae12cff973f20ed7d6d770fbd790695fe081288e,0e4833553be7825885da5ea99bceab292cc8abee6414d58b31864afe8ca9f944,c89b17de3d4d36a4e106517b0737619bd65f0e2877d95adbf2f297762f71fb7b,6e938dfcd266a2b0eac811d7ea7eabbd5b217965f88efa81371465134dbcab11,2026-07-15T18:39:09.849200+00:00,8o8-arch,7.0.12-arch1-1,AMD Ryzen 9 3900X 12-Core Processor,"logical=24,cores=12,sockets=1,nodes=1",performance,rustc 1.97.0 (2d8144b78 2026-07-07),22.1.6,cargo 1.97.0 (c980f4866 2026-06-30),"release,lto=thin,debug=true",/home/bob/.cache/mess-bench,/dev/nvme0n1p3,ext4,/home,Samsung SSD 970 EVO Plus 2TB,[none] mq-deadline kyber bfq,249459621888,4096,1024,payload[i]=(i*131+17)&0xff,2.38232421875,accepted,,250,1,3,3,4,0,domain,30560,bytes,91680,91680,33554880,35102319,35891943,950,1380,1460,91680,2.380,2.380
s0059,54215100a825da9eb7cfbd8f045e54ef05fb29bd,false,1b36f48efea63210dfeeee7270dea968ab5ba58da27f90aa42845eb8a64a6649,12b1dafe765a77d1a17115b0ae12cff973f20ed7d6d770fbd790695fe081288e,0e4833553be7825885da5ea99bceab292cc8abee6414d58b31864afe8ca9f944,c89b17de3d4d36a4e106517b0737619bd65f0e2877d95adbf2f297762f71fb7b,6e938dfcd266a2b0eac811d7ea7eabbd5b217965f88efa81371465134dbcab11,2026-07-15T18:39:10.880666+00:00,8o8-arch,7.0.12-arch1-1,AMD Ryzen 9 3900X 12-Core Processor,"logical=24,cores=12,sockets=1,nodes=1",performance,rustc 1.97.0 (2d8144b78 2026-07-07),22.1.6,cargo 1.97.0 (c980f4866 2026-06-30),"release,lto=thin,debug=true",/home/bob/.cache/mess-bench,/dev/nvme0n1p3,ext4,/home,Samsung SSD 970 EVO Plus 2TB,[none] mq-deadline kyber bfq,249459548160,4096,1024,payload[i]=(i*131+17)&0xff,2.271484375,accepted,,250,1,4,4,4,0,domain,22920,bytes,91680,91680,33554880,30811768,32086785,1250,1590,1740,91680,2.270,2.270
s0060,54215100a825da9eb7cfbd8f045e54ef05fb29bd,false,1b36f48efea63210dfeeee7270dea968ab5ba58da27f90aa42845eb8a64a6649,12b1dafe765a77d1a17115b0ae12cff973f20ed7d6d770fbd790695fe081288e,0e4833553be7825885da5ea99bceab292cc8abee6414d58b31864afe8ca9f944,c89b17de3d4d36a4e106517b0737619bd65f0e2877d95adbf2f297762f71fb7b,6e938dfcd266a2b0eac811d7ea7eabbd5b217965f88efa81371465134dbcab11,2026-07-15T18:39:11.907379+00:00,8o8-arch,7.0.12-arch1-1,AMD Ryzen 9 3900X 12-Core Processor,"logical=24,cores=12,sockets=1,nodes=1",performance,rustc 1.97.0 (2d8144b78 2026-07-07),22.1.6,cargo 1.97.0 (c980f4866 2026-06-30),"release,lto=thin,debug=true",/home/bob/.cache/mess-bench,/dev/nvme0n1p3,ext4,/home,Samsung SSD 970 EVO Plus 2TB,[none] mq-deadline kyber bfq,249459527680,4096,1024,payload[i]=(i*131+17)&0xff,2.271484375,accepted,,250,1,4,8,4,0,new_name,16579,bytes,132632,66316,33555896,37741560,38027411,2120,2620,2870,132632,2.270,2.270
s0061,54215100a825da9eb7cfbd8f045e54ef05fb29bd,false,1b36f48efea63210dfeeee7270dea968ab5ba58da27f90aa42845eb8a64a6649,12b1dafe765a77d1a17115b0ae12cff973f20ed7d6d770fbd790695fe081288e,0e4833553be7825885da5ea99bceab292cc8abee6414d58b31864afe8ca9f944,c89b17de3d4d36a4e106517b0737619bd65f0e2877d95adbf2f297762f71fb7b,6e938dfcd266a2b0eac811d7ea7eabbd5b217965f88efa81371465134dbcab11,2026-07-15T18:39:12.938837+00:00,8o8-arch,7.0.12-arch1-1,AMD Ryzen 9 3900X 12-Core Processor,"logical=24,cores=12,sockets=1,nodes=1",performance,rustc 1.97.0 (2d8144b78 2026-07-07),22.1.6,cargo 1.97.0 (c980f4866 2026-06-30),"release,lto=thin,debug=true",/home/bob/.cache/mess-bench,/dev/nvme0n1p3,ext4,/home,Samsung SSD 970 EVO Plus 2TB,[none] mq-deadline kyber bfq,249459527680,4096,1024,payload[i]=(i*131+17)&0xff,2.271484375,accepted,,250,10,1,1,1,0,domain,11700,bytes,117000,117000,33555600,16611414,16749807,1340,1350,1710,11700,2.270,2.270
s0062,54215100a825da9eb7cfbd8f045e54ef05fb29bd,false,1b36f48efea63210dfeeee7270dea968ab5ba58da27f90aa42845eb8a64a6649,12b1dafe765a77d1a17115b0ae12cff973f20ed7d6d770fbd790695fe081288e,0e4833553be7825885da5ea99bceab292cc8abee6414d58b31864afe8ca9f944,c89b17de3d4d36a4e106517b0737619bd65f0e2877d95adbf2f297762f71fb7b,6e938dfcd266a2b0eac811d7ea7eabbd5b217965f88efa81371465134dbcab11,2026-07-15T18:39:13.970914+00:00,8o8-arch,7.0.12-arch1-1,AMD Ryzen 9 3900X 12-Core Processor,"logical=24,cores=12,sockets=1,nodes=1",performance,rustc 1.97.0 (2d8144b78 2026-07-07),22.1.6,cargo 1.97.0 (c980f4866 2026-06-30),"release,lto=thin,debug=true",/home/bob/.cache/mess-bench,/dev/nvme0n1p3,ext4,/home,Samsung SSD 970 EVO Plus 2TB,[none] mq-deadline kyber bfq,249459527680,4096,1024,payload[i]=(i*131+17)&0xff,2.271484375,accepted,,250,10,1,1,4,0,domain,11700,bytes,117000,117000,33555600,16797904,16909118,1340,1650,1730,11700,2.270,2.270
s0063,54215100a825da9eb7cfbd8f045e54ef05fb29bd,false,1b36f48efea63210dfeeee7270dea968ab5ba58da27f90aa42845eb8a64a6649,12b1dafe765a77d1a17115b0ae12cff973f20ed7d6d770fbd790695fe081288e,0e4833553be7825885da5ea99bceab292cc8abee6414d58b31864afe8ca9f944,c89b17de3d4d36a4e106517b0737619bd65f0e2877d95adbf2f297762f71fb7b,6e938dfcd266a2b0eac811d7ea7eabbd5b217965f88efa81371465134dbcab11,2026-07-15T18:39:15.002565+00:00,8o8-arch,7.0.12-arch1-1,AMD Ryzen 9 3900X 12-Core Processor,"logical=24,cores=12,sockets=1,nodes=1",performance,rustc 1.97.0 (2d8144b78 2026-07-07),22.1.6,cargo 1.97.0 (c980f4866 2026-06-30),"release,lto=thin,debug=true",/home/bob/.cache/mess-bench,/dev/nvme0n1p3,ext4,/home,Samsung SSD 970 EVO Plus 2TB,[none] mq-deadline kyber bfq,249459519488,4096,1024,payload[i]=(i*131+17)&0xff,2.271484375,accepted,,250,10,2,2,2,0,domain,5850,bytes,117000,117000,33555600,16279784,16398967,2680,2930,3490,11700,2.270,2.270
s0064,54215100a825da9eb7cfbd8f045e54ef05fb29bd,false,1b36f48efea63210dfeeee7270dea968ab5ba58da27f90aa42845eb8a64a6649,12b1dafe765a77d1a17115b0ae12cff973f20ed7d6d770fbd790695fe081288e,0e4833553be7825885da5ea99bceab292cc8abee6414d58b31864afe8ca9f944,c89b17de3d4d36a4e106517b0737619bd65f0e2877d95adbf2f297762f71fb7b,6e938dfcd266a2b0eac811d7ea7eabbd5b217965f88efa81371465134dbcab11,2026-07-15T18:39:16.033565+00:00,8o8-arch,7.0.12-arch1-1,AMD Ryzen 9 3900X 12-Core Processor,"logical=24,cores=12,sockets=1,nodes=1",performance,rustc 1.97.0 (2d8144b78 2026-07-07),22.1.6,cargo 1.97.0 (c980f4866 2026-06-30),"release,lto=thin,debug=true",/home/bob/.cache/mess-bench,/dev/nvme0n1p3,ext4,/home,Samsung SSD 970 EVO Plus 2TB,[none] mq-deadline kyber bfq,249459523584,4096,1024,payload[i]=(i*131+17)&0xff,2.24951171875,accepted,,250,10,2,4,2,0,new_name,5578,bytes,122716,111560,33557248,18246055,18521356,3080,3600,4650,22312,2.250,2.250
s0065,54215100a825da9eb7cfbd8f045e54ef05fb29bd,false,1b36f48efea63210dfeeee7270dea968ab5ba58da27f90aa42845eb8a64a6649,12b1dafe765a77d1a17115b0ae12cff973f20ed7d6d770fbd790695fe081288e,0e4833553be7825885da5ea99bceab292cc8abee6414d58b31864afe8ca9f944,c89b17de3d4d36a4e106517b0737619bd65f0e2877d95adbf2f297762f71fb7b,6e938dfcd266a2b0eac811d7ea7eabbd5b217965f88efa81371465134dbcab11,2026-07-15T18:39:17.057201+00:00,8o8-arch,7.0.12-arch1-1,AMD Ryzen 9 3900X 12-Core Processor,"logical=24,cores=12,sockets=1,nodes=1",performance,rustc 1.97.0 (2d8144b78 2026-07-07),22.1.6,cargo 1.97.0 (c980f4866 2026-06-30),"release,lto=thin,debug=true",/home/bob/.cache/mess-bench,/dev/nvme0n1p3,ext4,/home,Samsung SSD 970 EVO Plus 2TB,[none] mq-deadline kyber bfq,249459523584,4096,1024,payload[i]=(i*131+17)&0xff,2.24951171875,accepted,,250,10,2,2,4,0,domain,5850,bytes,117000,117000,33555600,17203064,20816954,2680,3470,3520,11700,2.250,2.250
s0066,54215100a825da9eb7cfbd8f045e54ef05fb29bd,false,1b36f48efea63210dfeeee7270dea968ab5ba58da27f90aa42845eb8a64a6649,12b1dafe765a77d1a17115b0ae12cff973f20ed7d6d770fbd790695fe081288e,0e4833553be7825885da5ea99bceab292cc8abee6414d58b31864afe8ca9f944,c89b17de3d4d36a4e106517b0737619bd65f0e2877d95adbf2f297762f71fb7b,6e938dfcd266a2b0eac811d7ea7eabbd5b217965f88efa81371465134dbcab11,2026-07-15T18:39:18.078612+00:00,8o8-arch,7.0.12-arch1-1,AMD Ryzen 9 3900X 12-Core Processor,"logical=24,cores=12,sockets=1,nodes=1",performance,rustc 1.97.0 (2d8144b78 2026-07-07),22.1.6,cargo 1.97.0 (c980f4866 2026-06-30),"release,lto=thin,debug=true",/home/bob/.cache/mess-bench,/dev/nvme0n1p3,ext4,/home,Samsung SSD 970 EVO Plus 2TB,[none] mq-deadline kyber bfq,249459523584,4096,1024,payload[i]=(i*131+17)&0xff,2.24951171875,accepted,,250,10,3,3,4,0,domain,3900,bytes,117000,117000,33555600,16201634,16309458,3990,5030,5360,11700,2.250,2.250
s0067,54215100a825da9eb7cfbd8f045e54ef05fb29bd,false,1b36f48efea63210dfeeee7270dea968ab5ba58da27f90aa42845eb8a64a6649,12b1dafe765a77d1a17115b0ae12cff973f20ed7d6d770fbd790695fe081288e,0e4833553be7825885da5ea99bceab292cc8abee6414d58b31864afe8ca9f944,c89b17de3d4d36a4e106517b0737619bd65f0e2877d95adbf2f297762f71fb7b,6e938dfcd266a2b0eac811d7ea7eabbd5b217965f88efa81371465134dbcab11,2026-07-15T18:39:19.109774+00:00,8o8-arch,7.0.12-arch1-1,AMD Ryzen 9 3900X 12-Core Processor,"logical=24,cores=12,sockets=1,nodes=1",performance,rustc 1.97.0 (2d8144b78 2026-07-07),22.1.6,cargo 1.97.0 (c980f4866 2026-06-30),"release,lto=thin,debug=true",/home/bob/.cache/mess-bench,/dev/nvme0n1p3,ext4,/home,Samsung SSD 970 EVO Plus 2TB,[none] mq-deadline kyber bfq,249459515392,4096,1024,payload[i]=(i*131+17)&0xff,2.24951171875,accepted,,250,10,4,4,4,0,domain,2925,bytes,117000,117000,33555600,16201054,16335447,5330,7120,7380,11700,2.250,2.250
s0068,54215100a825da9eb7cfbd8f045e54ef05fb29bd,false,1b36f48efea63210dfeeee7270dea968ab5ba58da27f90aa42845eb8a64a6649,12b1dafe765a77d1a17115b0ae12cff973f20ed7d6d770fbd790695fe081288e,0e4833553be7825885da5ea99bceab292cc8abee6414d58b31864afe8ca9f944,c89b17de3d4d36a4e106517b0737619bd65f0e2877d95adbf2f297762f71fb7b,6e938dfcd266a2b0eac811d7ea7eabbd5b217965f88efa81371465134dbcab11,2026-07-15T18:39:20.130997+00:00,8o8-arch,7.0.12-arch1-1,AMD Ryzen 9 3900X 12-Core Processor,"logical=24,cores=12,sockets=1,nodes=1",performance,rustc 1.97.0 (2d8144b78 2026-07-07),22.1.6,cargo 1.97.0 (c980f4866 2026-06-30),"release,lto=thin,debug=true",/home/bob/.cache/mess-bench,/dev/nvme0n1p3,ext4,/home,Samsung SSD 970 EVO Plus 2TB,[none] mq-deadline kyber bfq,249459511296,4096,1024,payload[i]=(i*131+17)&0xff,2.24951171875,accepted,,250,10,4,8,4,0,new_name,2789,bytes,122716,111560,33557248,17970805,18193976,6150,7510,11440,22312,2.250,2.250
s0069,54215100a825da9eb7cfbd8f045e54ef05fb29bd,false,1b36f48efea63210dfeeee7270dea968ab5ba58da27f90aa42845eb8a64a6649,12b1dafe765a77d1a17115b0ae12cff973f20ed7d6d770fbd790695fe081288e,0e4833553be7825885da5ea99bceab292cc8abee6414d58b31864afe8ca9f944,c89b17de3d4d36a4e106517b0737619bd65f0e2877d95adbf2f297762f71fb7b,6e938dfcd266a2b0eac811d7ea7eabbd5b217965f88efa81371465134dbcab11,2026-07-15T18:39:21.159101+00:00,8o8-arch,7.0.12-arch1-1,AMD Ryzen 9 3900X 12-Core Processor,"logical=24,cores=12,sockets=1,nodes=1",performance,rustc 1.97.0 (2d8144b78 2026-07-07),22.1.6,cargo 1.97.0 (c980f4866 2026-06-30),"release,lto=thin,debug=true",/home/bob/.cache/mess-bench,/dev/nvme0n1p3,ext4,/home,Samsung SSD 970 EVO Plus 2TB,[none] mq-deadline kyber bfq,249459511296,4096,1024,payload[i]=(i*131+17)&0xff,2.1494140625,accepted,,250,10,16,16,4,0,domain,732,bytes,117120,117120,33590016,16350274,16581147,21290,27500,39629,11712,2.150,2.150
s0070,54215100a825da9eb7cfbd8f045e54ef05fb29bd,false,1b36f48efea63210dfeeee7270dea968ab5ba58da27f90aa42845eb8a64a6649,12b1dafe765a77d1a17115b0ae12cff973f20ed7d6d770fbd790695fe081288e,0e4833553be7825885da5ea99bceab292cc8abee6414d58b31864afe8ca9f944,c89b17de3d4d36a4e106517b0737619bd65f0e2877d95adbf2f297762f71fb7b,6e938dfcd266a2b0eac811d7ea7eabbd5b217965f88efa81371465134dbcab11,2026-07-15T18:39:22.186394+00:00,8o8-arch,7.0.12-arch1-1,AMD Ryzen 9 3900X 12-Core Processor,"logical=24,cores=12,sockets=1,nodes=1",performance,rustc 1.97.0 (2d8144b78 2026-07-07),22.1.6,cargo 1.97.0 (c980f4866 2026-06-30),"release,lto=thin,debug=true",/home/bob/.cache/mess-bench,/dev/nvme0n1p3,ext4,/home,Samsung SSD 970 EVO Plus 2TB,[none] mq-deadline kyber bfq,249459511296,4096,1024,payload[i]=(i*131+17)&0xff,2.1494140625,accepted,,250,10,16,32,4,0,new_name,698,bytes,122848,111680,33593344,17325184,17407937,24550,27689,30010,22336,2.150,2.150
s0071,54215100a825da9eb7cfbd8f045e54ef05fb29bd,false,1b36f48efea63210dfeeee7270dea968ab5ba58da27f90aa42845eb8a64a6649,12b1dafe765a77d1a17115b0ae12cff973f20ed7d6d770fbd790695fe081288e,0e4833553be7825885da5ea99bceab292cc8abee6414d58b31864afe8ca9f944,c89b17de3d4d36a4e106517b0737619bd65f0e2877d95adbf2f297762f71fb7b,6e938dfcd266a2b0eac811d7ea7eabbd5b217965f88efa81371465134dbcab11,2026-07-15T18:39:23.215902+00:00,8o8-arch,7.0.12-arch1-1,AMD Ryzen 9 3900X 12-Core Processor,"logical=24,cores=12,sockets=1,nodes=1",performance,rustc 1.97.0 (2d8144b78 2026-07-07),22.1.6,cargo 1.97.0 (c980f4866 2026-06-30),"release,lto=thin,debug=true",/home/bob/.cache/mess-bench,/dev/nvme0n1p3,ext4,/home,Samsung SSD 970 EVO Plus 2TB,[none] mq-deadline kyber bfq,249459507200,4096,1024,payload[i]=(i*131+17)&0xff,2.1494140625,accepted,,250,10,64,64,4,0,domain,183,bytes,117120,117120,33590016,15878964,16617998,85180,127090,166720,11712,2.150,2.150
s0072,54215100a825da9eb7cfbd8f045e54ef05fb29bd,false,1b36f48efea63210dfeeee7270dea968ab5ba58da27f90aa42845eb8a64a6649,12b1dafe765a77d1a17115b0ae12cff973f20ed7d6d770fbd790695fe081288e,0e4833553be7825885da5ea99bceab292cc8abee6414d58b31864afe8ca9f944,c89b17de3d4d36a4e106517b0737619bd65f0e2877d95adbf2f297762f71fb7b,6e938dfcd266a2b0eac811d7ea7eabbd5b217965f88efa81371465134dbcab11,2026-07-15T18:39:24.241017+00:00,8o8-arch,7.0.12-arch1-1,AMD Ryzen 9 3900X 12-Core Processor,"logical=24,cores=12,sockets=1,nodes=1",performance,rustc 1.97.0 (2d8144b78 2026-07-07),22.1.6,cargo 1.97.0 (c980f4866 2026-06-30),"release,lto=thin,debug=true",/home/bob/.cache/mess-bench,/dev/nvme0n1p3,ext4,/home,Samsung SSD 970 EVO Plus 2TB,[none] mq-deadline kyber bfq,249459503104,4096,1024,payload[i]=(i*131+17)&0xff,2.1494140625,accepted,,250,10,64,128,4,0,new_name,175,bytes,123200,112000,33689600,17701564,18034056,98150,120000,152540,22400,2.150,2.150
s0073,54215100a825da9eb7cfbd8f045e54ef05fb29bd,false,1b36f48efea63210dfeeee7270dea968ab5ba58da27f90aa42845eb8a64a6649,12b1dafe765a77d1a17115b0ae12cff973f20ed7d6d770fbd790695fe081288e,0e4833553be7825885da5ea99bceab292cc8abee6414d58b31864afe8ca9f944,c89b17de3d4d36a4e106517b0737619bd65f0e2877d95adbf2f297762f71fb7b,6e938dfcd266a2b0eac811d7ea7eabbd5b217965f88efa81371465134dbcab11,2026-07-15T18:39:25.263128+00:00,8o8-arch,7.0.12-arch1-1,AMD Ryzen 9 3900X 12-Core Processor,"logical=24,cores=12,sockets=1,nodes=1",performance,rustc 1.97.0 (2d8144b78 2026-07-07),22.1.6,cargo 1.97.0 (c980f4866 2026-06-30),"release,lto=thin,debug=true",/home/bob/.cache/mess-bench,/dev/nvme0n1p3,ext4,/home,Samsung SSD 970 EVO Plus 2TB,[none] mq-deadline kyber bfq,249459499008,4096,1024,payload[i]=(i*131+17)&0xff,2.1494140625,accepted,,250,10,256,256,4,0,domain,46,bytes,117760,117760,33773568,15779244,15873678,345340,353810,356109,11776,2.150,2.150
s0074,54215100a825da9eb7cfbd8f045e54ef05fb29bd,false,1b36f48efea63210dfeeee7270dea968ab5ba58da27f90aa42845eb8a64a6649,12b1dafe765a77d1a17115b0ae12cff973f20ed7d6d770fbd790695fe081288e,0e4833553be7825885da5ea99bceab292cc8abee6414d58b31864afe8ca9f944,c89b17de3d4d36a4e106517b0737619bd65f0e2877d95adbf2f297762f71fb7b,6e938dfcd266a2b0eac811d7ea7eabbd5b217965f88efa81371465134dbcab11,2026-07-15T18:39:26.286977+00:00,8o8-arch,7.0.12-arch1-1,AMD Ryzen 9 3900X 12-Core Processor,"logical=24,cores=12,sockets=1,nodes=1",performance,rustc 1.97.0 (2d8144b78 2026-07-07),22.1.6,cargo 1.97.0 (c980f4866 2026-06-30),"release,lto=thin,debug=true",/home/bob/.cache/mess-bench,/dev/nvme0n1p3,ext4,/home,Samsung SSD 970 EVO Plus 2TB,[none] mq-deadline kyber bfq,249459499008,4096,1024,payload[i]=(i*131+17)&0xff,2.05712890625,accepted,,250,10,256,512,4,0,new_name,44,bytes,123904,112640,33882112,17678085,17801186,400979,437740,441860,22528,2.060,2.060
s0075,54215100a825da9eb7cfbd8f045e54ef05fb29bd,false,1b36f48efea63210dfeeee7270dea968ab5ba58da27f90aa42845eb8a64a6649,12b1dafe765a77d1a17115b0ae12cff973f20ed7d6d770fbd790695fe081288e,0e4833553be7825885da5ea99bceab292cc8abee6414d58b31864afe8ca9f944,c89b17de3d4d36a4e106517b0737619bd65f0e2877d95adbf2f297762f71fb7b,6e938dfcd266a2b0eac811d7ea7eabbd5b217965f88efa81371465134dbcab11,2026-07-15T18:39:27.312773+00:00,8o8-arch,7.0.12-arch1-1,AMD Ryzen 9 3900X 12-Core Processor,"logical=24,cores=12,sockets=1,nodes=1",performance,rustc 1.97.0 (2d8144b78 2026-07-07),22.1.6,cargo 1.97.0 (c980f4866 2026-06-30),"release,lto=thin,debug=true",/home/bob/.cache/mess-bench,/dev/nvme0n1p3,ext4,/home,Samsung SSD 970 EVO Plus 2TB,[none] mq-deadline kyber bfq,249459494912,4096,1024,payload[i]=(i*131+17)&0xff,2.05712890625,accepted,,250,10,1024,1024,4,0,domain,12,bytes,122880,122880,35241984,16941355,17175307,1416369,1491959,1591769,12288,2.060,2.060
s0076,54215100a825da9eb7cfbd8f045e54ef05fb29bd,false,1b36f48efea63210dfeeee7270dea968ab5ba58da27f90aa42845eb8a64a6649,12b1dafe765a77d1a17115b0ae12cff973f20ed7d6d770fbd790695fe081288e,0e4833553be7825885da5ea99bceab292cc8abee6414d58b31864afe8ca9f944,c89b17de3d4d36a4e106517b0737619bd65f0e2877d95adbf2f297762f71fb7b,6e938dfcd266a2b0eac811d7ea7eabbd5b217965f88efa81371465134dbcab11,2026-07-15T18:39:28.334950+00:00,8o8-arch,7.0.12-arch1-1,AMD Ryzen 9 3900X 12-Core Processor,"logical=24,cores=12,sockets=1,nodes=1",performance,rustc 1.97.0 (2d8144b78 2026-07-07),22.1.6,cargo 1.97.0 (c980f4866 2026-06-30),"release,lto=thin,debug=true",/home/bob/.cache/mess-bench,/dev/nvme0n1p3,ext4,/home,Samsung SSD 970 EVO Plus 2TB,[none] mq-deadline kyber bfq,249459490816,4096,1024,payload[i]=(i*131+17)&0xff,2.05712890625,accepted,,250,10,1024,2048,4,0,new_name,11,bytes,123904,112640,33882112,18031555,18166136,1656789,1708859,1708859,22528,2.060,2.060
s0077,54215100a825da9eb7cfbd8f045e54ef05fb29bd,false,1b36f48efea63210dfeeee7270dea968ab5ba58da27f90aa42845eb8a64a6649,12b1dafe765a77d1a17115b0ae12cff973f20ed7d6d770fbd790695fe081288e,0e4833553be7825885da5ea99bceab292cc8abee6414d58b31864afe8ca9f944,c89b17de3d4d36a4e106517b0737619bd65f0e2877d95adbf2f297762f71fb7b,6e938dfcd266a2b0eac811d7ea7eabbd5b217965f88efa81371465134dbcab11,2026-07-15T18:39:29.365766+00:00,8o8-arch,7.0.12-arch1-1,AMD Ryzen 9 3900X 12-Core Processor,"logical=24,cores=12,sockets=1,nodes=1",performance,rustc 1.97.0 (2d8144b78 2026-07-07),22.1.6,cargo 1.97.0 (c980f4866 2026-06-30),"release,lto=thin,debug=true",/home/bob/.cache/mess-bench,/dev/nvme0n1p3,ext4,/home,Samsung SSD 970 EVO Plus 2TB,[none] mq-deadline kyber bfq,249459486720,4096,1024,payload[i]=(i*131+17)&0xff,2.05712890625,accepted,,250,10,1025,1025,4,0,domain,12,bytes,123000,123000,35276400,16580604,16814187,1392479,1436909,1450688,12300,2.060,2.060
s0078,54215100a825da9eb7cfbd8f045e54ef05fb29bd,false,1b36f48efea63210dfeeee7270dea968ab5ba58da27f90aa42845eb8a64a6649,12b1dafe765a77d1a17115b0ae12cff973f20ed7d6d770fbd790695fe081288e,0e4833553be7825885da5ea99bceab292cc8abee6414d58b31864afe8ca9f944,c89b17de3d4d36a4e106517b0737619bd65f0e2877d95adbf2f297762f71fb7b,6e938dfcd266a2b0eac811d7ea7eabbd5b217965f88efa81371465134dbcab11,2026-07-15T18:39:30.393192+00:00,8o8-arch,7.0.12-arch1-1,AMD Ryzen 9 3900X 12-Core Processor,"logical=24,cores=12,sockets=1,nodes=1",performance,rustc 1.97.0 (2d8144b78 2026-07-07),22.1.6,cargo 1.97.0 (c980f4866 2026-06-30),"release,lto=thin,debug=true",/home/bob/.cache/mess-bench,/dev/nvme0n1p3,ext4,/home,Samsung SSD 970 EVO Plus 2TB,[none] mq-deadline kyber bfq,249459486720,4096,1024,payload[i]=(i*131+17)&0xff,2.05712890625,accepted,,250,10,1025,2050,4,0,new_name,11,bytes,124025,112750,33915200,17642955,17780716,1610969,1663298,1663298,22550,2.060,2.060
s0079,54215100a825da9eb7cfbd8f045e54ef05fb29bd,false,1b36f48efea63210dfeeee7270dea968ab5ba58da27f90aa42845eb8a64a6649,12b1dafe765a77d1a17115b0ae12cff973f20ed7d6d770fbd790695fe081288e,0e4833553be7825885da5ea99bceab292cc8abee6414d58b31864afe8ca9f944,c89b17de3d4d36a4e106517b0737619bd65f0e2877d95adbf2f297762f71fb7b,6e938dfcd266a2b0eac811d7ea7eabbd5b217965f88efa81371465134dbcab11,2026-07-15T18:39:31.422724+00:00,8o8-arch,7.0.12-arch1-1,AMD Ryzen 9 3900X 12-Core Processor,"logical=24,cores=12,sockets=1,nodes=1",performance,rustc 1.97.0 (2d8144b78 2026-07-07),22.1.6,cargo 1.97.0 (c980f4866 2026-06-30),"release,lto=thin,debug=true",/home/bob/.cache/mess-bench,/dev/nvme0n1p3,ext4,/home,Samsung SSD 970 EVO Plus 2TB,[none] mq-deadline kyber bfq,249459486720,4096,1024,payload[i]=(i*131+17)&0xff,1.97216796875,accepted,,250,100,1,1,1,0,domain,1204,bytes,120400,120400,33577152,15985244,16085958,10620,12710,91680,1204,1.970,1.970
s0080,54215100a825da9eb7cfbd8f045e54ef05fb29bd,false,1b36f48efea63210dfeeee7270dea968ab5ba58da27f90aa42845eb8a64a6649,12b1dafe765a77d1a17115b0ae12cff973f20ed7d6d770fbd790695fe081288e,0e4833553be7825885da5ea99bceab292cc8abee6414d58b31864afe8ca9f944,c89b17de3d4d36a4e106517b0737619bd65f0e2877d95adbf2f297762f71fb7b,6e938dfcd266a2b0eac811d7ea7eabbd5b217965f88efa81371465134dbcab11,2026-07-15T18:39:32.450351+00:00,8o8-arch,7.0.12-arch1-1,AMD Ryzen 9 3900X 12-Core Processor,"logical=24,cores=12,sockets=1,nodes=1",performance,rustc 1.97.0 (2d8144b78 2026-07-07),22.1.6,cargo 1.97.0 (c980f4866 2026-06-30),"release,lto=thin,debug=true",/home/bob/.cache/mess-bench,/dev/nvme0n1p3,ext4,/home,Samsung SSD 970 EVO Plus 2TB,[none] mq-deadline kyber bfq,249459482624,4096,1024,payload[i]=(i*131+17)&0xff,1.97216796875,accepted,,250,100,1,1,4,0,domain,1204,bytes,120400,120400,33577152,15211944,15987358,10610,12950,26100,1204,1.970,1.970
s0081,54215100a825da9eb7cfbd8f045e54ef05fb29bd,false,1b36f48efea63210dfeeee7270dea968ab5ba58da27f90aa42845eb8a64a6649,12b1dafe765a77d1a17115b0ae12cff973f20ed7d6d770fbd790695fe081288e,0e4833553be7825885da5ea99bceab292cc8abee6414d58b31864afe8ca9f944,c89b17de3d4d36a4e106517b0737619bd65f0e2877d95adbf2f297762f71fb7b,6e938dfcd266a2b0eac811d7ea7eabbd5b217965f88efa81371465134dbcab11,2026-07-15T18:39:33.480795+00:00,8o8-arch,7.0.12-arch1-1,AMD Ryzen 9 3900X 12-Core Processor,"logical=24,cores=12,sockets=1,nodes=1",performance,rustc 1.97.0 (2d8144b78 2026-07-07),22.1.6,cargo 1.97.0 (c980f4866 2026-06-30),"release,lto=thin,debug=true",/home/bob/.cache/mess-bench,/dev/nvme0n1p3,ext4,/home,Samsung SSD 970 EVO Plus 2TB,[none] mq-deadline kyber bfq,249459482624,4096,1024,payload[i]=(i*131+17)&0xff,1.97216796875,accepted,,250,100,2,2,2,0,domain,602,bytes,120400,120400,33577152,14624124,14734249,21240,33110,74200,1204,1.970,1.970
s0082,54215100a825da9eb7cfbd8f045e54ef05fb29bd,false,1b36f48efea63210dfeeee7270dea968ab5ba58da27f90aa42845eb8a64a6649,12b1dafe765a77d1a17115b0ae12cff973f20ed7d6d770fbd790695fe081288e,0e4833553be7825885da5ea99bceab292cc8abee6414d58b31864afe8ca9f944,c89b17de3d4d36a4e106517b0737619bd65f0e2877d95adbf2f297762f71fb7b,6e938dfcd266a2b0eac811d7ea7eabbd5b217965f88efa81371465134dbcab11,2026-07-15T18:39:34.510674+00:00,8o8-arch,7.0.12-arch1-1,AMD Ryzen 9 3900X 12-Core Processor,"logical=24,cores=12,sockets=1,nodes=1",performance,rustc 1.97.0 (2d8144b78 2026-07-07),22.1.6,cargo 1.97.0 (c980f4866 2026-06-30),"release,lto=thin,debug=true",/home/bob/.cache/mess-bench,/dev/nvme0n1p3,ext4,/home,Samsung SSD 970 EVO Plus 2TB,[none] mq-deadline kyber bfq,249459482624,4096,1024,payload[i]=(i*131+17)&0xff,1.97216796875,accepted,,250,100,2,4,2,0,new_name,599,bytes,120998,119800,33577544,13450474,13575269,21660,25800,31600,2396,1.970,1.970
s0083,54215100a825da9eb7cfbd8f045e54ef05fb29bd,false,1b36f48efea63210dfeeee7270dea968ab5ba58da27f90aa42845eb8a64a6649,12b1dafe765a77d1a17115b0ae12cff973f20ed7d6d770fbd790695fe081288e,0e4833553be7825885da5ea99bceab292cc8abee6414d58b31864afe8ca9f944,c89b17de3d4d36a4e106517b0737619bd65f0e2877d95adbf2f297762f71fb7b,6e938dfcd266a2b0eac811d7ea7eabbd5b217965f88efa81371465134dbcab11,2026-07-15T18:39:35.532384+00:00,8o8-arch,7.0.12-arch1-1,AMD Ryzen 9 3900X 12-Core Processor,"logical=24,cores=12,sockets=1,nodes=1",performance,rustc 1.97.0 (2d8144b78 2026-07-07),22.1.6,cargo 1.97.0 (c980f4866 2026-06-30),"release,lto=thin,debug=true",/home/bob/.cache/mess-bench,/dev/nvme0n1p3,ext4,/home,Samsung SSD 970 EVO Plus 2TB,[none] mq-deadline kyber bfq,249459478528,4096,1024,payload[i]=(i*131+17)&0xff,1.97216796875,accepted,,250,100,2,2,4,0,domain,602,bytes,120400,120400,33577152,13214173,13323480,21230,26150,33700,1204,1.970,1.970
s0084,54215100a825da9eb7cfbd8f045e54ef05fb29bd,false,1b36f48efea63210dfeeee7270dea968ab5ba58da27f90aa42845eb8a64a6649,12b1dafe765a77d1a17115b0ae12cff973f20ed7d6d770fbd790695fe081288e,0e4833553be7825885da5ea99bceab292cc8abee6414d58b31864afe8ca9f944,c89b17de3d4d36a4e106517b0737619bd65f0e2877d95adbf2f297762f71fb7b,6e938dfcd266a2b0eac811d7ea7eabbd5b217965f88efa81371465134dbcab11,2026-07-15T18:39:36.556053+00:00,8o8-arch,7.0.12-arch1-1,AMD Ryzen 9 3900X 12-Core Processor,"logical=24,cores=12,sockets=1,nodes=1",performance,rustc 1.97.0 (2d8144b78 2026-07-07),22.1.6,cargo 1.97.0 (c980f4866 2026-06-30),"release,lto=thin,debug=true",/home/bob/.cache/mess-bench,/dev/nvme0n1p3,ext4,/home,Samsung SSD 970 EVO Plus 2TB,[none] mq-deadline kyber bfq,249459466240,4096,1024,payload[i]=(i*131+17)&0xff,2.21484375,accepted,,250,100,3,3,4,0,domain,402,bytes,120600,120600,33632928,15809455,16184258,31800,39070,213500,1206,2.210,2.210
s0085,54215100a825da9eb7cfbd8f045e54ef05fb29bd,false,1b36f48efea63210dfeeee7270dea968ab5ba58da27f90aa42845eb8a64a6649,12b1dafe765a77d1a17115b0ae12cff973f20ed7d6d770fbd790695fe081288e,0e4833553be7825885da5ea99bceab292cc8abee6414d58b31864afe8ca9f944,c89b17de3d4d36a4e106517b0737619bd65f0e2877d95adbf2f297762f71fb7b,6e938dfcd266a2b0eac811d7ea7eabbd5b217965f88efa81371465134dbcab11,2026-07-15T18:39:37.583844+00:00,8o8-arch,7.0.12-arch1-1,AMD Ryzen 9 3900X 12-Core Processor,"logical=24,cores=12,sockets=1,nodes=1",performance,rustc 1.97.0 (2d8144b78 2026-07-07),22.1.6,cargo 1.97.0 (c980f4866 2026-06-30),"release,lto=thin,debug=true",/home/bob/.cache/mess-bench,/dev/nvme0n1p3,ext4,/home,Samsung SSD 970 EVO Plus 2TB,[none] mq-deadline kyber bfq,249459462144,4096,1024,payload[i]=(i*131+17)&0xff,2.21484375,accepted,,250,100,4,4,4,0,domain,301,bytes,120400,120400,33577152,14056213,15597159,44380,56980,75530,1204,2.210,2.210
s0086,54215100a825da9eb7cfbd8f045e54ef05fb29bd,false,1b36f48efea63210dfeeee7270dea968ab5ba58da27f90aa42845eb8a64a6649,12b1dafe765a77d1a17115b0ae12cff973f20ed7d6d770fbd790695fe081288e,0e4833553be7825885da5ea99bceab292cc8abee6414d58b31864afe8ca9f944,c89b17de3d4d36a4e106517b0737619bd65f0e2877d95adbf2f297762f71fb7b,6e938dfcd266a2b0eac811d7ea7eabbd5b217965f88efa81371465134dbcab11,2026-07-15T18:39:38.605342+00:00,8o8-arch,7.0.12-arch1-1,AMD Ryzen 9 3900X 12-Core Processor,"logical=24,cores=12,sockets=1,nodes=1",performance,rustc 1.97.0 (2d8144b78 2026-07-07),22.1.6,cargo 1.97.0 (c980f4866 2026-06-30),"release,lto=thin,debug=true",/home/bob/.cache/mess-bench,/dev/nvme0n1p3,ext4,/home,Samsung SSD 970 EVO Plus 2TB,[none] mq-deadline kyber bfq,249459458048,4096,1024,payload[i]=(i*131+17)&0xff,2.21484375,accepted,,250,100,4,8,4,0,new_name,300,bytes,121200,120000,33633600,13140213,13252340,43290,49930,62300,2400,2.210,2.210
s0087,54215100a825da9eb7cfbd8f045e54ef05fb29bd,false,1b36f48efea63210dfeeee7270dea968ab5ba58da27f90aa42845eb8a64a6649,12b1dafe765a77d1a17115b0ae12cff973f20ed7d6d770fbd790695fe081288e,0e4833553be7825885da5ea99bceab292cc8abee6414d58b31864afe8ca9f944,c89b17de3d4d36a4e106517b0737619bd65f0e2877d95adbf2f297762f71fb7b,6e938dfcd266a2b0eac811d7ea7eabbd5b217965f88efa81371465134dbcab11,2026-07-15T18:39:39.633054+00:00,8o8-arch,7.0.12-arch1-1,AMD Ryzen 9 3900X 12-Core Processor,"logical=24,cores=12,sockets=1,nodes=1",performance,rustc 1.97.0 (2d8144b78 2026-07-07),22.1.6,cargo 1.97.0 (c980f4866 2026-06-30),"release,lto=thin,debug=true",/home/bob/.cache/mess-bench,/dev/nvme0n1p3,ext4,/home,Samsung SSD 970 EVO Plus 2TB,[none] mq-deadline kyber bfq,249459458048,4096,1024,payload[i]=(i*131+17)&0xff,2.21484375,accepted,,250,1000,1,1,1,0,domain,121,bytes,121000,121000,33648648,12912433,13099020,103570,115340,196719,121,2.210,2.210
s0088,54215100a825da9eb7cfbd8f045e54ef05fb29bd,false,1b36f48efea63210dfeeee7270dea968ab5ba58da27f90aa42845eb8a64a6649,12b1dafe765a77d1a17115b0ae12cff973f20ed7d6d770fbd790695fe081288e,0e4833553be7825885da5ea99bceab292cc8abee6414d58b31864afe8ca9f944,c89b17de3d4d36a4e106517b0737619bd65f0e2877d95adbf2f297762f71fb7b,6e938dfcd266a2b0eac811d7ea7eabbd5b217965f88efa81371465134dbcab11,2026-07-15T18:39:40.657510+00:00,8o8-arch,7.0.12-arch1-1,AMD Ryzen 9 3900X 12-Core Processor,"logical=24,cores=12,sockets=1,nodes=1",performance,rustc 1.97.0 (2d8144b78 2026-07-07),22.1.6,cargo 1.97.0 (c980f4866 2026-06-30),"release,lto=thin,debug=true",/home/bob/.cache/mess-bench,/dev/nvme0n1p3,ext4,/home,Samsung SSD 970 EVO Plus 2TB,[none] mq-deadline kyber bfq,249459453952,4096,1024,payload[i]=(i*131+17)&0xff,2.21484375,accepted,,250,1000,1,1,4,0,domain,121,bytes,121000,121000,33648648,13138753,13243700,105200,122860,195860,121,2.210,2.210
s0089,54215100a825da9eb7cfbd8f045e54ef05fb29bd,false,1b36f48efea63210dfeeee7270dea968ab5ba58da27f90aa42845eb8a64a6649,12b1dafe765a77d1a17115b0ae12cff973f20ed7d6d770fbd790695fe081288e,0e4833553be7825885da5ea99bceab292cc8abee6414d58b31864afe8ca9f944,c89b17de3d4d36a4e106517b0737619bd65f0e2877d95adbf2f297762f71fb7b,6e938dfcd266a2b0eac811d7ea7eabbd5b217965f88efa81371465134dbcab11,2026-07-15T18:39:41.680786+00:00,8o8-arch,7.0.12-arch1-1,AMD Ryzen 9 3900X 12-Core Processor,"logical=24,cores=12,sockets=1,nodes=1",performance,rustc 1.97.0 (2d8144b78 2026-07-07),22.1.6,cargo 1.97.0 (c980f4866 2026-06-30),"release,lto=thin,debug=true",/home/bob/.cache/mess-bench,/dev/nvme0n1p3,ext4,/home,Samsung SSD 970 EVO Plus 2TB,[none] mq-deadline kyber bfq,249459449856,4096,1024,payload[i]=(i*131+17)&0xff,2.27783203125,accepted,,250,1000,2,2,2,0,domain,61,bytes,122000,122000,33926736,16182694,16422538,213850,270369,982349,122,2.280,2.280
s0090,54215100a825da9eb7cfbd8f045e54ef05fb29bd,false,1b36f48efea63210dfeeee7270dea968ab5ba58da27f90aa42845eb8a64a6649,12b1dafe765a77d1a17115b0ae12cff973f20ed7d6d770fbd790695fe081288e,0e4833553be7825885da5ea99bceab292cc8abee6414d58b31864afe8ca9f944,c89b17de3d4d36a4e106517b0737619bd65f0e2877d95adbf2f297762f71fb7b,6e938dfcd266a2b0eac811d7ea7eabbd5b217965f88efa81371465134dbcab11,2026-07-15T18:39:42.709895+00:00,8o8-arch,7.0.12-arch1-1,AMD Ryzen 9 3900X 12-Core Processor,"logical=24,cores=12,sockets=1,nodes=1",performance,rustc 1.97.0 (2d8144b78 2026-07-07),22.1.6,cargo 1.97.0 (c980f4866 2026-06-30),"release,lto=thin,debug=true",/home/bob/.cache/mess-bench,/dev/nvme0n1p3,ext4,/home,Samsung SSD 970 EVO Plus 2TB,[none] mq-deadline kyber bfq,249459445760,4096,1024,payload[i]=(i*131+17)&0xff,2.27783203125,accepted,,250,1000,2,4,2,0,new_name,61,bytes,122122,122000,33943816,16504214,16642347,211900,227189,491690,244,2.280,2.280
s0091,54215100a825da9eb7cfbd8f045e54ef05fb29bd,false,1b36f48efea63210dfeeee7270dea968ab5ba58da27f90aa42845eb8a64a6649,12b1dafe765a77d1a17115b0ae12cff973f20ed7d6d770fbd790695fe081288e,0e4833553be7825885da5ea99bceab292cc8abee6414d58b31864afe8ca9f944,c89b17de3d4d36a4e106517b0737619bd65f0e2877d95adbf2f297762f71fb7b,6e938dfcd266a2b0eac811d7ea7eabbd5b217965f88efa81371465134dbcab11,2026-07-15T18:39:43.739583+00:00,8o8-arch,7.0.12-arch1-1,AMD Ryzen 9 3900X 12-Core Processor,"logical=24,cores=12,sockets=1,nodes=1",performance,rustc 1.97.0 (2d8144b78 2026-07-07),22.1.6,cargo 1.97.0 (c980f4866 2026-06-30),"release,lto=thin,debug=true",/home/bob/.cache/mess-bench,/dev/nvme0n1p3,ext4,/home,Samsung SSD 970 EVO Plus 2TB,[none] mq-deadline kyber bfq,249459441664,4096,1024,payload[i]=(i*131+17)&0xff,2.27783203125,accepted,,250,1000,2,2,4,0,domain,61,bytes,122000,122000,33926736,13151294,13257140,210699,236180,243420,122,2.280,2.280
s0092,54215100a825da9eb7cfbd8f045e54ef05fb29bd,false,1b36f48efea63210dfeeee7270dea968ab5ba58da27f90aa42845eb8a64a6649,12b1dafe765a77d1a17115b0ae12cff973f20ed7d6d770fbd790695fe081288e,0e4833553be7825885da5ea99bceab292cc8abee6414d58b31864afe8ca9f944,c89b17de3d4d36a4e106517b0737619bd65f0e2877d95adbf2f297762f71fb7b,6e938dfcd266a2b0eac811d7ea7eabbd5b217965f88efa81371465134dbcab11,2026-07-15T18:39:44.771161+00:00,8o8-arch,7.0.12-arch1-1,AMD Ryzen 9 3900X 12-Core Processor,"logical=24,cores=12,sockets=1,nodes=1",performance,rustc 1.97.0 (2d8144b78 2026-07-07),22.1.6,cargo 1.97.0 (c980f4866 2026-06-30),"release,lto=thin,debug=true",/home/bob/.cache/mess-bench,/dev/nvme0n1p3,ext4,/home,Samsung SSD 970 EVO Plus 2TB,[none] mq-deadline kyber bfq,249459433472,4096,1024,payload[i]=(i*131+17)&0xff,2.27783203125,accepted,,250,1000,3,3,4,0,domain,41,bytes,123000,123000,34204824,13253463,13350539,317210,338940,576529,123,2.280,2.280
s0093,54215100a825da9eb7cfbd8f045e54ef05fb29bd,false,1b36f48efea63210dfeeee7270dea968ab5ba58da27f90aa42845eb8a64a6649,12b1dafe765a77d1a17115b0ae12cff973f20ed7d6d770fbd790695fe081288e,0e4833553be7825885da5ea99bceab292cc8abee6414d58b31864afe8ca9f944,c89b17de3d4d36a4e106517b0737619bd65f0e2877d95adbf2f297762f71fb7b,6e938dfcd266a2b0eac811d7ea7eabbd5b217965f88efa81371465134dbcab11,2026-07-15T18:39:45.796665+00:00,8o8-arch,7.0.12-arch1-1,AMD Ryzen 9 3900X 12-Core Processor,"logical=24,cores=12,sockets=1,nodes=1",performance,rustc 1.97.0 (2d8144b78 2026-07-07),22.1.6,cargo 1.97.0 (c980f4866 2026-06-30),"release,lto=thin,debug=true",/home/bob/.cache/mess-bench,/dev/nvme0n1p3,ext4,/home,Samsung SSD 970 EVO Plus 2TB,[none] mq-deadline kyber bfq,249459433472,4096,1024,payload[i]=(i*131+17)&0xff,2.3359375,accepted,,250,1000,4,4,4,0,domain,31,bytes,124000,124000,34482912,13311363,13425890,421200,484100,695280,124,2.340,2.340
s0094,54215100a825da9eb7cfbd8f045e54ef05fb29bd,false,1b36f48efea63210dfeeee7270dea968ab5ba58da27f90aa42845eb8a64a6649,12b1dafe765a77d1a17115b0ae12cff973f20ed7d6d770fbd790695fe081288e,0e4833553be7825885da5ea99bceab292cc8abee6414d58b31864afe8ca9f944,c89b17de3d4d36a4e106517b0737619bd65f0e2877d95adbf2f297762f71fb7b,6e938dfcd266a2b0eac811d7ea7eabbd5b217965f88efa81371465134dbcab11,2026-07-15T18:39:46.821294+00:00,8o8-arch,7.0.12-arch1-1,AMD Ryzen 9 3900X 12-Core Processor,"logical=24,cores=12,sockets=1,nodes=1",performance,rustc 1.97.0 (2d8144b78 2026-07-07),22.1.6,cargo 1.97.0 (c980f4866 2026-06-30),"release,lto=thin,debug=true",/home/bob/.cache/mess-bench,/dev/nvme0n1p3,ext4,/home,Samsung SSD 970 EVO Plus 2TB,[none] mq-deadline kyber bfq,249459429376,4096,1024,payload[i]=(i*131+17)&0xff,2.3359375,accepted,,250,1000,4,8,4,0,new_name,31,bytes,124124,124000,34500272,15911864,16126838,425680,1116969,2198948,248,2.340,2.340
s0095,54215100a825da9eb7cfbd8f045e54ef05fb29bd,false,1b36f48efea63210dfeeee7270dea968ab5ba58da27f90aa42845eb8a64a6649,12b1dafe765a77d1a17115b0ae12cff973f20ed7d6d770fbd790695fe081288e,0e4833553be7825885da5ea99bceab292cc8abee6414d58b31864afe8ca9f944,c89b17de3d4d36a4e106517b0737619bd65f0e2877d95adbf2f297762f71fb7b,6e938dfcd266a2b0eac811d7ea7eabbd5b217965f88efa81371465134dbcab11,2026-07-15T18:39:47.842761+00:00,8o8-arch,7.0.12-arch1-1,AMD Ryzen 9 3900X 12-Core Processor,"logical=24,cores=12,sockets=1,nodes=1",performance,rustc 1.97.0 (2d8144b78 2026-07-07),22.1.6,cargo 1.97.0 (c980f4866 2026-06-30),"release,lto=thin,debug=true",/home/bob/.cache/mess-bench,/dev/nvme0n1p3,ext4,/home,Samsung SSD 970 EVO Plus 2TB,[none] mq-deadline kyber bfq,249459429376,4096,1024,payload[i]=(i*131+17)&0xff,2.3359375,accepted,,4096,1,2,2,2,0,domain,3984,bytes,7968,7968,33561216,13279353,13388750,3150,4000,4230,7968,2.340,2.340
s0096,54215100a825da9eb7cfbd8f045e54ef05fb29bd,false,1b36f48efea63210dfeeee7270dea968ab5ba58da27f90aa42845eb8a64a6649,12b1dafe765a77d1a17115b0ae12cff973f20ed7d6d770fbd790695fe081288e,0e4833553be7825885da5ea99bceab292cc8abee6414d58b31864afe8ca9f944,c89b17de3d4d36a4e106517b0737619bd65f0e2877d95adbf2f297762f71fb7b,6e938dfcd266a2b0eac811d7ea7eabbd5b217965f88efa81371465134dbcab11,2026-07-15T18:39:48.871179+00:00,8o8-arch,7.0.12-arch1-1,AMD Ryzen 9 3900X 12-Core Processor,"logical=24,cores=12,sockets=1,nodes=1",performance,rustc 1.97.0 (2d8144b78 2026-07-07),22.1.6,cargo 1.97.0 (c980f4866 2026-06-30),"release,lto=thin,debug=true",/home/bob/.cache/mess-bench,/dev/nvme0n1p3,ext4,/home,Samsung SSD 970 EVO Plus 2TB,[none] mq-deadline kyber bfq,249459429376,4096,1024,payload[i]=(i*131+17)&0xff,2.3359375,accepted,,4096,1,2,4,2,0,new_name,3856,bytes,15424,7712,33562624,14633154,14714349,3610,3920,4520,15424,2.340,2.340
s0097,54215100a825da9eb7cfbd8f045e54ef05fb29bd,false,1b36f48efea63210dfeeee7270dea968ab5ba58da27f90aa42845eb8a64a6649,12b1dafe765a77d1a17115b0ae12cff973f20ed7d6d770fbd790695fe081288e,0e4833553be7825885da5ea99bceab292cc8abee6414d58b31864afe8ca9f944,c89b17de3d4d36a4e106517b0737619bd65f0e2877d95adbf2f297762f71fb7b,6e938dfcd266a2b0eac811d7ea7eabbd5b217965f88efa81371465134dbcab11,2026-07-15T18:39:49.902282+00:00,8o8-arch,7.0.12-arch1-1,AMD Ryzen 9 3900X 12-Core Processor,"logical=24,cores=12,sockets=1,nodes=1",performance,rustc 1.97.0 (2d8144b78 2026-07-07),22.1.6,cargo 1.97.0 (c980f4866 2026-06-30),"release,lto=thin,debug=true",/home/bob/.cache/mess-bench,/dev/nvme0n1p3,ext4,/home,Samsung SSD 970 EVO Plus 2TB,[none] mq-deadline kyber bfq,249459429376,4096,1024,payload[i]=(i*131+17)&0xff,2.3359375,accepted,,4096,1,4,4,4,0,domain,1992,bytes,7968,7968,33561216,12795124,12901850,6230,7620,8130,7968,2.340,2.340
s0098,54215100a825da9eb7cfbd8f045e54ef05fb29bd,false,1b36f48efea63210dfeeee7270dea968ab5ba58da27f90aa42845eb8a64a6649,12b1dafe765a77d1a17115b0ae12cff973f20ed7d6d770fbd790695fe081288e,0e4833553be7825885da5ea99bceab292cc8abee6414d58b31864afe8ca9f944,c89b17de3d4d36a4e106517b0737619bd65f0e2877d95adbf2f297762f71fb7b,6e938dfcd266a2b0eac811d7ea7eabbd5b217965f88efa81371465134dbcab11,2026-07-15T18:39:50.927777+00:00,8o8-arch,7.0.12-arch1-1,AMD Ryzen 9 3900X 12-Core Processor,"logical=24,cores=12,sockets=1,nodes=1",performance,rustc 1.97.0 (2d8144b78 2026-07-07),22.1.6,cargo 1.97.0 (c980f4866 2026-06-30),"release,lto=thin,debug=true",/home/bob/.cache/mess-bench,/dev/nvme0n1p3,ext4,/home,Samsung SSD 970 EVO Plus 2TB,[none] mq-deadline kyber bfq,249459425280,4096,1024,payload[i]=(i*131+17)&0xff,2.30859375,accepted,,4096,1,4,8,4,0,new_name,1928,bytes,15424,7712,33562624,14269893,14568199,7180,8810,15170,15424,2.310,2.310
s0099,54215100a825da9eb7cfbd8f045e54ef05fb29bd,false,1b36f48efea63210dfeeee7270dea968ab5ba58da27f90aa42845eb8a64a6649,12b1dafe765a77d1a17115b0ae12cff973f20ed7d6d770fbd790695fe081288e,0e4833553be7825885da5ea99bceab292cc8abee6414d58b31864afe8ca9f944,c89b17de3d4d36a4e106517b0737619bd65f0e2877d95adbf2f297762f71fb7b,6e938dfcd266a2b0eac811d7ea7eabbd5b217965f88efa81371465134dbcab11,2026-07-15T18:39:51.960103+00:00,8o8-arch,7.0.12-arch1-1,AMD Ryzen 9 3900X 12-Core Processor,"logical=24,cores=12,sockets=1,nodes=1",performance,rustc 1.97.0 (2d8144b78 2026-07-07),22.1.6,cargo 1.97.0 (c980f4866 2026-06-30),"release,lto=thin,debug=true",/home/bob/.cache/mess-bench,/dev/nvme0n1p3,ext4,/home,Samsung SSD 970 EVO Plus 2TB,[none] mq-deadline kyber bfq,249459421184,4096,1024,payload[i]=(i*131+17)&0xff,2.30859375,accepted,,4096,10,2,2,2,0,domain,406,bytes,8120,8120,33558336,11032273,11270221,26560,31130,47390,812,2.310,2.310
s0100,54215100a825da9eb7cfbd8f045e54ef05fb29bd,false,1b36f48efea63210dfeeee7270dea968ab5ba58da27f90aa42845eb8a64a6649,12b1dafe765a77d1a17115b0ae12cff973f20ed7d6d770fbd790695fe081288e,0e4833553be7825885da5ea99bceab292cc8abee6414d58b31864afe8ca9f944,c89b17de3d4d36a4e106517b0737619bd65f0e2877d95adbf2f297762f71fb7b,6e938dfcd266a2b0eac811d7ea7eabbd5b217965f88efa81371465134dbcab11,2026-07-15T18:39:52.983649+00:00,8o8-arch,7.0.12-arch1-1,AMD Ryzen 9 3900X 12-Core Processor,"logical=24,cores=12,sockets=1,nodes=1",performance,rustc 1.97.0 (2d8144b78 2026-07-07),22.1.6,cargo 1.97.0 (c980f4866 2026-06-30),"release,lto=thin,debug=true",/home/bob/.cache/mess-bench,/dev/nvme0n1p3,ext4,/home,Samsung SSD 970 EVO Plus 2TB,[none] mq-deadline kyber bfq,249459408896,4096,1024,payload[i]=(i*131+17)&0xff,2.30859375,accepted,,4096,10,2,4,2,0,new_name,405,bytes,8910,8100,33589080,12354723,12443591,26980,46010,84440,1620,2.310,2.310
s0101,54215100a825da9eb7cfbd8f045e54ef05fb29bd,false,1b36f48efea63210dfeeee7270dea968ab5ba58da27f90aa42845eb8a64a6649,12b1dafe765a77d1a17115b0ae12cff973f20ed7d6d770fbd790695fe081288e,0e4833553be7825885da5ea99bceab292cc8abee6414d58b31864afe8ca9f944,c89b17de3d4d36a4e106517b0737619bd65f0e2877d95adbf2f297762f71fb7b,6e938dfcd266a2b0eac811d7ea7eabbd5b217965f88efa81371465134dbcab11,2026-07-15T18:39:54.013685+00:00,8o8-arch,7.0.12-arch1-1,AMD Ryzen 9 3900X 12-Core Processor,"logical=24,cores=12,sockets=1,nodes=1",performance,rustc 1.97.0 (2d8144b78 2026-07-07),22.1.6,cargo 1.97.0 (c980f4866 2026-06-30),"release,lto=thin,debug=true",/home/bob/.cache/mess-bench,/dev/nvme0n1p3,ext4,/home,Samsung SSD 970 EVO Plus 2TB,[none] mq-deadline kyber bfq,249459408896,4096,1024,payload[i]=(i*131+17)&0xff,2.30859375,accepted,,4096,10,4,4,4,0,domain,203,bytes,8120,8120,33558336,11868233,11960181,53370,67560,75680,812,2.310,2.310
s0102,54215100a825da9eb7cfbd8f045e54ef05fb29bd,false,1b36f48efea63210dfeeee7270dea968ab5ba58da27f90aa42845eb8a64a6649,12b1dafe765a77d1a17115b0ae12cff973f20ed7d6d770fbd790695fe081288e,0e4833553be7825885da5ea99bceab292cc8abee6414d58b31864afe8ca9f944,c89b17de3d4d36a4e106517b0737619bd65f0e2877d95adbf2f297762f71fb7b,6e938dfcd266a2b0eac811d7ea7eabbd5b217965f88efa81371465134dbcab11,2026-07-15T18:39:55.041852+00:00,8o8-arch,7.0.12-arch1-1,AMD Ryzen 9 3900X 12-Core Processor,"logical=24,cores=12,sockets=1,nodes=1",performance,rustc 1.97.0 (2d8144b78 2026-07-07),22.1.6,cargo 1.97.0 (c980f4866 2026-06-30),"release,lto=thin,debug=true",/home/bob/.cache/mess-bench,/dev/nvme0n1p3,ext4,/home,Samsung SSD 970 EVO Plus 2TB,[none] mq-deadline kyber bfq,249459396608,4096,1024,payload[i]=(i*131+17)&0xff,2.30859375,accepted,,4096,10,4,8,4,0,new_name,203,bytes,8932,8120,33672016,11536932,11633991,53920,69560,74410,1624,2.310,2.310
s0103,54215100a825da9eb7cfbd8f045e54ef05fb29bd,false,1b36f48efea63210dfeeee7270dea968ab5ba58da27f90aa42845eb8a64a6649,12b1dafe765a77d1a17115b0ae12cff973f20ed7d6d770fbd790695fe081288e,0e4833553be7825885da5ea99bceab292cc8abee6414d58b31864afe8ca9f944,c89b17de3d4d36a4e106517b0737619bd65f0e2877d95adbf2f297762f71fb7b,6e938dfcd266a2b0eac811d7ea7eabbd5b217965f88efa81371465134dbcab11,2026-07-15T18:39:56.064280+00:00,8o8-arch,7.0.12-arch1-1,AMD Ryzen 9 3900X 12-Core Processor,"logical=24,cores=12,sockets=1,nodes=1",performance,rustc 1.97.0 (2d8144b78 2026-07-07),22.1.6,cargo 1.97.0 (c980f4866 2026-06-30),"release,lto=thin,debug=true",/home/bob/.cache/mess-bench,/dev/nvme0n1p3,ext4,/home,Samsung SSD 970 EVO Plus 2TB,[none] mq-deadline kyber bfq,249459388416,4096,1024,payload[i]=(i*131+17)&0xff,2.28369140625,accepted,,4096,10,16,16,4,0,domain,51,bytes,8160,8160,33723648,10996732,11101112,212570,233550,241980,816,2.280,2.280
s0104,54215100a825da9eb7cfbd8f045e54ef05fb29bd,false,1b36f48efea63210dfeeee7270dea968ab5ba58da27f90aa42845eb8a64a6649,12b1dafe765a77d1a17115b0ae12cff973f20ed7d6d770fbd790695fe081288e,0e4833553be7825885da5ea99bceab292cc8abee6414d58b31864afe8ca9f944,c89b17de3d4d36a4e106517b0737619bd65f0e2877d95adbf2f297762f71fb7b,6e938dfcd266a2b0eac811d7ea7eabbd5b217965f88efa81371465134dbcab11,2026-07-15T18:39:57.095958+00:00,8o8-arch,7.0.12-arch1-1,AMD Ryzen 9 3900X 12-Core Processor,"logical=24,cores=12,sockets=1,nodes=1",performance,rustc 1.97.0 (2d8144b78 2026-07-07),22.1.6,cargo 1.97.0 (c980f4866 2026-06-30),"release,lto=thin,debug=true",/home/bob/.cache/mess-bench,/dev/nvme0n1p3,ext4,/home,Samsung SSD 970 EVO Plus 2TB,[none] mq-deadline kyber bfq,249459388416,4096,1024,payload[i]=(i*131+17)&0xff,2.28369140625,accepted,,4096,10,16,32,4,0,new_name,51,bytes,8976,8160,33837888,11190562,11254151,219259,237389,243600,1632,2.280,2.280
s0105,54215100a825da9eb7cfbd8f045e54ef05fb29bd,false,1b36f48efea63210dfeeee7270dea968ab5ba58da27f90aa42845eb8a64a6649,12b1dafe765a77d1a17115b0ae12cff973f20ed7d6d770fbd790695fe081288e,0e4833553be7825885da5ea99bceab292cc8abee6414d58b31864afe8ca9f944,c89b17de3d4d36a4e106517b0737619bd65f0e2877d95adbf2f297762f71fb7b,6e938dfcd266a2b0eac811d7ea7eabbd5b217965f88efa81371465134dbcab11,2026-07-15T18:39:58.120018+00:00,8o8-arch,7.0.12-arch1-1,AMD Ryzen 9 3900X 12-Core Processor,"logical=24,cores=12,sockets=1,nodes=1",performance,rustc 1.97.0 (2d8144b78 2026-07-07),22.1.6,cargo 1.97.0 (c980f4866 2026-06-30),"release,lto=thin,debug=true",/home/bob/.cache/mess-bench,/dev/nvme0n1p3,ext4,/home,Samsung SSD 970 EVO Plus 2TB,[none] mq-deadline kyber bfq,249459388416,4096,1024,payload[i]=(i*131+17)&0xff,2.28369140625,accepted,,4096,10,64,64,4,0,domain,13,bytes,8320,8320,34384896,11846103,11935271,875399,881320,1483709,832,2.280,2.280
s0106,54215100a825da9eb7cfbd8f045e54ef05fb29bd,false,1b36f48efea63210dfeeee7270dea968ab5ba58da27f90aa42845eb8a64a6649,12b1dafe765a77d1a17115b0ae12cff973f20ed7d6d770fbd790695fe081288e,0e4833553be7825885da5ea99bceab292cc8abee6414d58b31864afe8ca9f944,c89b17de3d4d36a4e106517b0737619bd65f0e2877d95adbf2f297762f71fb7b,6e938dfcd266a2b0eac811d7ea7eabbd5b217965f88efa81371465134dbcab11,2026-07-15T18:39:59.142108+00:00,8o8-arch,7.0.12-arch1-1,AMD Ryzen 9 3900X 12-Core Processor,"logical=24,cores=12,sockets=1,nodes=1",performance,rustc 1.97.0 (2d8144b78 2026-07-07),22.1.6,cargo 1.97.0 (c980f4866 2026-06-30),"release,lto=thin,debug=true",/home/bob/.cache/mess-bench,/dev/nvme0n1p3,ext4,/home,Samsung SSD 970 EVO Plus 2TB,[none] mq-deadline kyber bfq,249459384320,4096,1024,payload[i]=(i*131+17)&0xff,2.28369140625,accepted,,4096,10,64,128,4,0,new_name,13,bytes,9152,8320,34501376,11331393,11400261,875479,891729,899619,1664,2.280,2.280
s0107,54215100a825da9eb7cfbd8f045e54ef05fb29bd,false,1b36f48efea63210dfeeee7270dea968ab5ba58da27f90aa42845eb8a64a6649,12b1dafe765a77d1a17115b0ae12cff973f20ed7d6d770fbd790695fe081288e,0e4833553be7825885da5ea99bceab292cc8abee6414d58b31864afe8ca9f944,c89b17de3d4d36a4e106517b0737619bd65f0e2877d95adbf2f297762f71fb7b,6e938dfcd266a2b0eac811d7ea7eabbd5b217965f88efa81371465134dbcab11,2026-07-15T18:40:00.163913+00:00,8o8-arch,7.0.12-arch1-1,AMD Ryzen 9 3900X 12-Core Processor,"logical=24,cores=12,sockets=1,nodes=1",performance,rustc 1.97.0 (2d8144b78 2026-07-07),22.1.6,cargo 1.97.0 (c980f4866 2026-06-30),"release,lto=thin,debug=true",/home/bob/.cache/mess-bench,/dev/nvme0n1p3,ext4,/home,Samsung SSD 970 EVO Plus 2TB,[none] mq-deadline kyber bfq,249459376128,4096,1024,payload[i]=(i*131+17)&0xff,2.28369140625,accepted,,4096,10,256,256,4,0,domain,4,bytes,10240,10240,42319872,13827313,13923100,3495107,3504797,3504797,1024,2.280,2.280
s0108,54215100a825da9eb7cfbd8f045e54ef05fb29bd,false,1b36f48efea63210dfeeee7270dea968ab5ba58da27f90aa42845eb8a64a6649,12b1dafe765a77d1a17115b0ae12cff973f20ed7d6d770fbd790695fe081288e,0e4833553be7825885da5ea99bceab292cc8abee6414d58b31864afe8ca9f944,c89b17de3d4d36a4e106517b0737619bd65f0e2877d95adbf2f297762f71fb7b,6e938dfcd266a2b0eac811d7ea7eabbd5b217965f88efa81371465134dbcab11,2026-07-15T18:40:01.194471+00:00,8o8-arch,7.0.12-arch1-1,AMD Ryzen 9 3900X 12-Core Processor,"logical=24,cores=12,sockets=1,nodes=1",performance,rustc 1.97.0 (2d8144b78 2026-07-07),22.1.6,cargo 1.97.0 (c980f4866 2026-06-30),"release,lto=thin,debug=true",/home/bob/.cache/mess-bench,/dev/nvme0n1p3,ext4,/home,Samsung SSD 970 EVO Plus 2TB,[none] mq-deadline kyber bfq,249459372032,4096,1024,payload[i]=(i*131+17)&0xff,2.1005859375,accepted,,4096,10,256,512,4,0,new_name,4,bytes,11264,10240,42463232,14031364,14160479,3505227,3656477,3656477,2048,2.100,2.100
s0109,54215100a825da9eb7cfbd8f045e54ef05fb29bd,false,1b36f48efea63210dfeeee7270dea968ab5ba58da27f90aa42845eb8a64a6649,12b1dafe765a77d1a17115b0ae12cff973f20ed7d6d770fbd790695fe081288e,0e4833553be7825885da5ea99bceab292cc8abee6414d58b31864afe8ca9f944,c89b17de3d4d36a4e106517b0737619bd65f0e2877d95adbf2f297762f71fb7b,6e938dfcd266a2b0eac811d7ea7eabbd5b217965f88efa81371465134dbcab11,2026-07-15T18:40:02.225821+00:00,8o8-arch,7.0.12-arch1-1,AMD Ryzen 9 3900X 12-Core Processor,"logical=24,cores=12,sockets=1,nodes=1",performance,rustc 1.97.0 (2d8144b78 2026-07-07),22.1.6,cargo 1.97.0 (c980f4866 2026-06-30),"release,lto=thin,debug=true",/home/bob/.cache/mess-bench,/dev/nvme0n1p3,ext4,/home,Samsung SSD 970 EVO Plus 2TB,[none] mq-deadline kyber bfq,249459372032,4096,1024,payload[i]=(i*131+17)&0xff,2.1005859375,accepted,,4096,10,1024,1024,4,0,domain,1,bytes,10240,10240,42319872,14313094,14437189,14436919,14436919,14436919,1024,2.100,2.100
s0110,54215100a825da9eb7cfbd8f045e54ef05fb29bd,false,1b36f48efea63210dfeeee7270dea968ab5ba58da27f90aa42845eb8a64a6649,12b1dafe765a77d1a17115b0ae12cff973f20ed7d6d770fbd790695fe081288e,0e4833553be7825885da5ea99bceab292cc8abee6414d58b31864afe8ca9f944,c89b17de3d4d36a4e106517b0737619bd65f0e2877d95adbf2f297762f71fb7b,6e938dfcd266a2b0eac811d7ea7eabbd5b217965f88efa81371465134dbcab11,2026-07-15T18:40:03.257519+00:00,8o8-arch,7.0.12-arch1-1,AMD Ryzen 9 3900X 12-Core Processor,"logical=24,cores=12,sockets=1,nodes=1",performance,rustc 1.97.0 (2d8144b78 2026-07-07),22.1.6,cargo 1.97.0 (c980f4866 2026-06-30),"release,lto=thin,debug=true",/home/bob/.cache/mess-bench,/dev/nvme0n1p3,ext4,/home,Samsung SSD 970 EVO Plus 2TB,[none] mq-deadline kyber bfq,249459367936,4096,1024,payload[i]=(i*131+17)&0xff,2.1005859375,accepted,,4096,10,1024,2048,4,0,new_name,1,bytes,11264,10240,42463232,14107353,14212349,14211869,14211869,14211869,2048,2.100,2.100
s0111,54215100a825da9eb7cfbd8f045e54ef05fb29bd,false,1b36f48efea63210dfeeee7270dea968ab5ba58da27f90aa42845eb8a64a6649,12b1dafe765a77d1a17115b0ae12cff973f20ed7d6d770fbd790695fe081288e,0e4833553be7825885da5ea99bceab292cc8abee6414d58b31864afe8ca9f944,c89b17de3d4d36a4e106517b0737619bd65f0e2877d95adbf2f297762f71fb7b,6e938dfcd266a2b0eac811d7ea7eabbd5b217965f88efa81371465134dbcab11,2026-07-15T18:40:04.279436+00:00,8o8-arch,7.0.12-arch1-1,AMD Ryzen 9 3900X 12-Core Processor,"logical=24,cores=12,sockets=1,nodes=1",performance,rustc 1.97.0 (2d8144b78 2026-07-07),22.1.6,cargo 1.97.0 (c980f4866 2026-06-30),"release,lto=thin,debug=true",/home/bob/.cache/mess-bench,/dev/nvme0n1p3,ext4,/home,Samsung SSD 970 EVO Plus 2TB,[none] mq-deadline kyber bfq,249459363840,4096,1024,payload[i]=(i*131+17)&0xff,2.1005859375,accepted,,4096,10,1025,1025,4,0,domain,1,bytes,10250,10250,42361200,14384514,14580159,14579749,14579749,14579749,1025,2.100,2.100
s0112,54215100a825da9eb7cfbd8f045e54ef05fb29bd,false,1b36f48efea63210dfeeee7270dea968ab5ba58da27f90aa42845eb8a64a6649,12b1dafe765a77d1a17115b0ae12cff973f20ed7d6d770fbd790695fe081288e,0e4833553be7825885da5ea99bceab292cc8abee6414d58b31864afe8ca9f944,c89b17de3d4d36a4e106517b0737619bd65f0e2877d95adbf2f297762f71fb7b,6e938dfcd266a2b0eac811d7ea7eabbd5b217965f88efa81371465134dbcab11,2026-07-15T18:40:05.301207+00:00,8o8-arch,7.0.12-arch1-1,AMD Ryzen 9 3900X 12-Core Processor,"logical=24,cores=12,sockets=1,nodes=1",performance,rustc 1.97.0 (2d8144b78 2026-07-07),22.1.6,cargo 1.97.0 (c980f4866 2026-06-30),"release,lto=thin,debug=true",/home/bob/.cache/mess-bench,/dev/nvme0n1p3,ext4,/home,Samsung SSD 970 EVO Plus 2TB,[none] mq-deadline kyber bfq,249459363840,4096,1024,payload[i]=(i*131+17)&0xff,2.1005859375,accepted,,4096,10,1025,2050,4,0,new_name,1,bytes,11275,10250,42504700,13932433,14008000,14007710,14007710,14007710,2050,2.100,2.100
s0113,54215100a825da9eb7cfbd8f045e54ef05fb29bd,false,1b36f48efea63210dfeeee7270dea968ab5ba58da27f90aa42845eb8a64a6649,12b1dafe765a77d1a17115b0ae12cff973f20ed7d6d770fbd790695fe081288e,0e4833553be7825885da5ea99bceab292cc8abee6414d58b31864afe8ca9f944,c89b17de3d4d36a4e106517b0737619bd65f0e2877d95adbf2f297762f71fb7b,6e938dfcd266a2b0eac811d7ea7eabbd5b217965f88efa81371465134dbcab11,2026-07-15T18:40:06.331332+00:00,8o8-arch,7.0.12-arch1-1,AMD Ryzen 9 3900X 12-Core Processor,"logical=24,cores=12,sockets=1,nodes=1",performance,rustc 1.97.0 (2d8144b78 2026-07-07),22.1.6,cargo 1.97.0 (c980f4866 2026-06-30),"release,lto=thin,debug=true",/home/bob/.cache/mess-bench,/dev/nvme0n1p3,ext4,/home,Samsung SSD 970 EVO Plus 2TB,[none] mq-deadline kyber bfq,249459359744,4096,1024,payload[i]=(i*131+17)&0xff,2.2529296875,accepted,,4096,100,2,2,2,0,domain,41,bytes,8200,8200,33824016,11061443,11136651,260150,275239,644970,82,2.250,2.250
s0114,54215100a825da9eb7cfbd8f045e54ef05fb29bd,false,1b36f48efea63210dfeeee7270dea968ab5ba58da27f90aa42845eb8a64a6649,12b1dafe765a77d1a17115b0ae12cff973f20ed7d6d770fbd790695fe081288e,0e4833553be7825885da5ea99bceab292cc8abee6414d58b31864afe8ca9f944,c89b17de3d4d36a4e106517b0737619bd65f0e2877d95adbf2f297762f71fb7b,6e938dfcd266a2b0eac811d7ea7eabbd5b217965f88efa81371465134dbcab11,2026-07-15T18:40:07.362494+00:00,8o8-arch,7.0.12-arch1-1,AMD Ryzen 9 3900X 12-Core Processor,"logical=24,cores=12,sockets=1,nodes=1",performance,rustc 1.97.0 (2d8144b78 2026-07-07),22.1.6,cargo 1.97.0 (c980f4866 2026-06-30),"release,lto=thin,debug=true",/home/bob/.cache/mess-bench,/dev/nvme0n1p3,ext4,/home,Samsung SSD 970 EVO Plus 2TB,[none] mq-deadline kyber bfq,249459359744,4096,1024,payload[i]=(i*131+17)&0xff,2.2529296875,accepted,,4096,100,2,4,2,0,new_name,41,bytes,8282,8200,33835496,11429783,11599111,266770,331240,640699,164,2.250,2.250
s0115,54215100a825da9eb7cfbd8f045e54ef05fb29bd,false,1b36f48efea63210dfeeee7270dea968ab5ba58da27f90aa42845eb8a64a6649,12b1dafe765a77d1a17115b0ae12cff973f20ed7d6d770fbd790695fe081288e,0e4833553be7825885da5ea99bceab292cc8abee6414d58b31864afe8ca9f944,c89b17de3d4d36a4e106517b0737619bd65f0e2877d95adbf2f297762f71fb7b,6e938dfcd266a2b0eac811d7ea7eabbd5b217965f88efa81371465134dbcab11,2026-07-15T18:40:08.392597+00:00,8o8-arch,7.0.12-arch1-1,AMD Ryzen 9 3900X 12-Core Processor,"logical=24,cores=12,sockets=1,nodes=1",performance,rustc 1.97.0 (2d8144b78 2026-07-07),22.1.6,cargo 1.97.0 (c980f4866 2026-06-30),"release,lto=thin,debug=true",/home/bob/.cache/mess-bench,/dev/nvme0n1p3,ext4,/home,Samsung SSD 970 EVO Plus 2TB,[none] mq-deadline kyber bfq,249459351552,4096,1024,payload[i]=(i*131+17)&0xff,2.2529296875,accepted,,4096,100,4,4,4,0,domain,21,bytes,8400,8400,34648992,13227333,13240140,539150,631030,2227108,84,2.250,2.250
s0116,54215100a825da9eb7cfbd8f045e54ef05fb29bd,false,1b36f48efea63210dfeeee7270dea968ab5ba58da27f90aa42845eb8a64a6649,12b1dafe765a77d1a17115b0ae12cff973f20ed7d6d770fbd790695fe081288e,0e4833553be7825885da5ea99bceab292cc8abee6414d58b31864afe8ca9f944,c89b17de3d4d36a4e106517b0737619bd65f0e2877d95adbf2f297762f71fb7b,6e938dfcd266a2b0eac811d7ea7eabbd5b217965f88efa81371465134dbcab11,2026-07-15T18:40:09.420322+00:00,8o8-arch,7.0.12-arch1-1,AMD Ryzen 9 3900X 12-Core Processor,"logical=24,cores=12,sockets=1,nodes=1",performance,rustc 1.97.0 (2d8144b78 2026-07-07),22.1.6,cargo 1.97.0 (c980f4866 2026-06-30),"release,lto=thin,debug=true",/home/bob/.cache/mess-bench,/dev/nvme0n1p3,ext4,/home,Samsung SSD 970 EVO Plus 2TB,[none] mq-deadline kyber bfq,249459343360,4096,1024,payload[i]=(i*131+17)&0xff,2.2529296875,accepted,,4096,100,4,8,4,0,new_name,21,bytes,8484,8400,34660752,14302134,14537319,525439,866319,3557517,168,2.250,2.250
s0117,54215100a825da9eb7cfbd8f045e54ef05fb29bd,false,1b36f48efea63210dfeeee7270dea968ab5ba58da27f90aa42845eb8a64a6649,12b1dafe765a77d1a17115b0ae12cff973f20ed7d6d770fbd790695fe081288e,0e4833553be7825885da5ea99bceab292cc8abee6414d58b31864afe8ca9f944,c89b17de3d4d36a4e106517b0737619bd65f0e2877d95adbf2f297762f71fb7b,6e938dfcd266a2b0eac811d7ea7eabbd5b217965f88efa81371465134dbcab11,2026-07-15T18:40:10.450197+00:00,8o8-arch,7.0.12-arch1-1,AMD Ryzen 9 3900X 12-Core Processor,"logical=24,cores=12,sockets=1,nodes=1",performance,rustc 1.97.0 (2d8144b78 2026-07-07),22.1.6,cargo 1.97.0 (c980f4866 2026-06-30),"release,lto=thin,debug=true",/home/bob/.cache/mess-bench,/dev/nvme0n1p3,ext4,/home,Samsung SSD 970 EVO Plus 2TB,[none] mq-deadline kyber bfq,249459343360,4096,1024,payload[i]=(i*131+17)&0xff,2.2529296875,accepted,,4096,1000,2,2,2,0,domain,5,bytes,10000,10000,41240880,17849634,19628065,2675028,6458725,6458725,10,2.250,2.250
s0118,54215100a825da9eb7cfbd8f045e54ef05fb29bd,false,1b36f48efea63210dfeeee7270dea968ab5ba58da27f90aa42845eb8a64a6649,12b1dafe765a77d1a17115b0ae12cff973f20ed7d6d770fbd790695fe081288e,0e4833553be7825885da5ea99bceab292cc8abee6414d58b31864afe8ca9f944,c89b17de3d4d36a4e106517b0737619bd65f0e2877d95adbf2f297762f71fb7b,6e938dfcd266a2b0eac811d7ea7eabbd5b217965f88efa81371465134dbcab11,2026-07-15T18:40:11.481118+00:00,8o8-arch,7.0.12-arch1-1,AMD Ryzen 9 3900X 12-Core Processor,"logical=24,cores=12,sockets=1,nodes=1",performance,rustc 1.97.0 (2d8144b78 2026-07-07),22.1.6,cargo 1.97.0 (c980f4866 2026-06-30),"release,lto=thin,debug=true",/home/bob/.cache/mess-bench,/dev/nvme0n1p3,ext4,/home,Samsung SSD 970 EVO Plus 2TB,[none] mq-deadline kyber bfq,249459343360,4096,1024,payload[i]=(i*131+17)&0xff,2.31298828125,accepted,,4096,1000,2,4,2,0,new_name,5,bytes,10010,10000,41242280,16394434,16529787,2647378,4359027,4359027,20,2.310,2.310
s0119,54215100a825da9eb7cfbd8f045e54ef05fb29bd,false,1b36f48efea63210dfeeee7270dea968ab5ba58da27f90aa42845eb8a64a6649,12b1dafe765a77d1a17115b0ae12cff973f20ed7d6d770fbd790695fe081288e,0e4833553be7825885da5ea99bceab292cc8abee6414d58b31864afe8ca9f944,c89b17de3d4d36a4e106517b0737619bd65f0e2877d95adbf2f297762f71fb7b,6e938dfcd266a2b0eac811d7ea7eabbd5b217965f88efa81371465134dbcab11,2026-07-15T18:40:12.509703+00:00,8o8-arch,7.0.12-arch1-1,AMD Ryzen 9 3900X 12-Core Processor,"logical=24,cores=12,sockets=1,nodes=1",performance,rustc 1.97.0 (2d8144b78 2026-07-07),22.1.6,cargo 1.97.0 (c980f4866 2026-06-30),"release,lto=thin,debug=true",/home/bob/.cache/mess-bench,/dev/nvme0n1p3,ext4,/home,Samsung SSD 970 EVO Plus 2TB,[none] mq-deadline kyber bfq,249459343360,4096,1024,payload[i]=(i*131+17)&0xff,2.31298828125,accepted,,4096,1000,4,4,4,0,domain,3,bytes,12000,12000,49489056,19006255,19141675,6609665,7332314,7332314,12,2.310,2.310
s0120,54215100a825da9eb7cfbd8f045e54ef05fb29bd,false,1b36f48efea63210dfeeee7270dea968ab5ba58da27f90aa42845eb8a64a6649,12b1dafe765a77d1a17115b0ae12cff973f20ed7d6d770fbd790695fe081288e,0e4833553be7825885da5ea99bceab292cc8abee6414d58b31864afe8ca9f944,c89b17de3d4d36a4e106517b0737619bd65f0e2877d95adbf2f297762f71fb7b,6e938dfcd266a2b0eac811d7ea7eabbd5b217965f88efa81371465134dbcab11,2026-07-15T18:40:13.531149+00:00,8o8-arch,7.0.12-arch1-1,AMD Ryzen 9 3900X 12-Core Processor,"logical=24,cores=12,sockets=1,nodes=1",performance,rustc 1.97.0 (2d8144b78 2026-07-07),22.1.6,cargo 1.97.0 (c980f4866 2026-06-30),"release,lto=thin,debug=true",/home/bob/.cache/mess-bench,/dev/nvme0n1p3,ext4,/home,Samsung SSD 970 EVO Plus 2TB,[none] mq-deadline kyber bfq,249459335168,4096,1024,payload[i]=(i*131+17)&0xff,2.31298828125,accepted,,4096,1000,4,8,4,0,new_name,3,bytes,12012,12000,49490736,17477795,17607436,5263606,7127284,7127284,24,2.310,2.310
s0121,54215100a825da9eb7cfbd8f045e54ef05fb29bd,false,1b36f48efea63210dfeeee7270dea968ab5ba58da27f90aa42845eb8a64a6649,12b1dafe765a77d1a17115b0ae12cff973f20ed7d6d770fbd790695fe081288e,0e4833553be7825885da5ea99bceab292cc8abee6414d58b31864afe8ca9f944,c89b17de3d4d36a4e106517b0737619bd65f0e2877d95adbf2f297762f71fb7b,6e938dfcd266a2b0eac811d7ea7eabbd5b217965f88efa81371465134dbcab11,2026-07-15T18:40:14.556726+00:00,8o8-arch,7.0.12-arch1-1,AMD Ryzen 9 3900X 12-Core Processor,"logical=24,cores=12,sockets=1,nodes=1",performance,rustc 1.97.0 (2d8144b78 2026-07-07),22.1.6,cargo 1.97.0 (c980f4866 2026-06-30),"release,lto=thin,debug=true",/home/bob/.cache/mess-bench,/dev/nvme0n1p3,ext4,/home,Samsung SSD 970 EVO Plus 2TB,[none] mq-deadline kyber bfq,249459322880,4096,1024,payload[i]=(i*131+17)&0xff,2.31298828125,accepted,,65536,1,2,2,2,0,domain,256,bytes,512,512,33613824,11676673,11753811,41860,55290,59900,512,2.310,2.310
s0122,54215100a825da9eb7cfbd8f045e54ef05fb29bd,false,1b36f48efea63210dfeeee7270dea968ab5ba58da27f90aa42845eb8a64a6649,12b1dafe765a77d1a17115b0ae12cff973f20ed7d6d770fbd790695fe081288e,0e4833553be7825885da5ea99bceab292cc8abee6414d58b31864afe8ca9f944,c89b17de3d4d36a4e106517b0737619bd65f0e2877d95adbf2f297762f71fb7b,6e938dfcd266a2b0eac811d7ea7eabbd5b217965f88efa81371465134dbcab11,2026-07-15T18:40:15.578398+00:00,8o8-arch,7.0.12-arch1-1,AMD Ryzen 9 3900X 12-Core Processor,"logical=24,cores=12,sockets=1,nodes=1",performance,rustc 1.97.0 (2d8144b78 2026-07-07),22.1.6,cargo 1.97.0 (c980f4866 2026-06-30),"release,lto=thin,debug=true",/home/bob/.cache/mess-bench,/dev/nvme0n1p3,ext4,/home,Samsung SSD 970 EVO Plus 2TB,[none] mq-deadline kyber bfq,249459322880,4096,1024,payload[i]=(i*131+17)&0xff,2.31298828125,accepted,,65536,1,2,4,2,0,new_name,256,bytes,1024,512,33685504,11307343,11420042,42180,50580,58650,1024,2.310,2.310
s0123,54215100a825da9eb7cfbd8f045e54ef05fb29bd,false,1b36f48efea63210dfeeee7270dea968ab5ba58da27f90aa42845eb8a64a6649,12b1dafe765a77d1a17115b0ae12cff973f20ed7d6d770fbd790695fe081288e,0e4833553be7825885da5ea99bceab292cc8abee6414d58b31864afe8ca9f944,c89b17de3d4d36a4e106517b0737619bd65f0e2877d95adbf2f297762f71fb7b,6e938dfcd266a2b0eac811d7ea7eabbd5b217965f88efa81371465134dbcab11,2026-07-15T18:40:16.600027+00:00,8o8-arch,7.0.12-arch1-1,AMD Ryzen 9 3900X 12-Core Processor,"logical=24,cores=12,sockets=1,nodes=1",performance,rustc 1.97.0 (2d8144b78 2026-07-07),22.1.6,cargo 1.97.0 (c980f4866 2026-06-30),"release,lto=thin,debug=true",/home/bob/.cache/mess-bench,/dev/nvme0n1p3,ext4,/home,Samsung SSD 970 EVO Plus 2TB,[none] mq-deadline kyber bfq,249459322880,4096,1024,payload[i]=(i*131+17)&0xff,2.6083984375,accepted,,65536,1,4,4,4,0,domain,128,bytes,512,512,33613824,11772853,11884791,94560,102260,118910,512,2.610,2.610
s0124,54215100a825da9eb7cfbd8f045e54ef05fb29bd,false,1b36f48efea63210dfeeee7270dea968ab5ba58da27f90aa42845eb8a64a6649,12b1dafe765a77d1a17115b0ae12cff973f20ed7d6d770fbd790695fe081288e,0e4833553be7825885da5ea99bceab292cc8abee6414d58b31864afe8ca9f944,c89b17de3d4d36a4e106517b0737619bd65f0e2877d95adbf2f297762f71fb7b,6e938dfcd266a2b0eac811d7ea7eabbd5b217965f88efa81371465134dbcab11,2026-07-15T18:40:17.623009+00:00,8o8-arch,7.0.12-arch1-1,AMD Ryzen 9 3900X 12-Core Processor,"logical=24,cores=12,sockets=1,nodes=1",performance,rustc 1.97.0 (2d8144b78 2026-07-07),22.1.6,cargo 1.97.0 (c980f4866 2026-06-30),"release,lto=thin,debug=true",/home/bob/.cache/mess-bench,/dev/nvme0n1p3,ext4,/home,Samsung SSD 970 EVO Plus 2TB,[none] mq-deadline kyber bfq,249459314688,4096,1024,payload[i]=(i*131+17)&0xff,2.6083984375,accepted,,65536,1,4,8,4,0,new_name,128,bytes,1024,512,33685504,12046132,12125581,85230,128510,237970,1024,2.610,2.610
s0125,54215100a825da9eb7cfbd8f045e54ef05fb29bd,false,1b36f48efea63210dfeeee7270dea968ab5ba58da27f90aa42845eb8a64a6649,12b1dafe765a77d1a17115b0ae12cff973f20ed7d6d770fbd790695fe081288e,0e4833553be7825885da5ea99bceab292cc8abee6414d58b31864afe8ca9f944,c89b17de3d4d36a4e106517b0737619bd65f0e2877d95adbf2f297762f71fb7b,6e938dfcd266a2b0eac811d7ea7eabbd5b217965f88efa81371465134dbcab11,2026-07-15T18:40:18.651255+00:00,8o8-arch,7.0.12-arch1-1,AMD Ryzen 9 3900X 12-Core Processor,"logical=24,cores=12,sockets=1,nodes=1",performance,rustc 1.97.0 (2d8144b78 2026-07-07),22.1.6,cargo 1.97.0 (c980f4866 2026-06-30),"release,lto=thin,debug=true",/home/bob/.cache/mess-bench,/dev/nvme0n1p3,ext4,/home,Samsung SSD 970 EVO Plus 2TB,[none] mq-deadline kyber bfq,249459310592,4096,1024,payload[i]=(i*131+17)&0xff,2.6083984375,accepted,,65536,10,2,2,2,0,domain,26,bytes,520,520,34097856,15422714,15550818,419260,999709,4270687,52,2.610,2.610
s0126,54215100a825da9eb7cfbd8f045e54ef05fb29bd,false,1b36f48efea63210dfeeee7270dea968ab5ba58da27f90aa42845eb8a64a6649,12b1dafe765a77d1a17115b0ae12cff973f20ed7d6d770fbd790695fe081288e,0e4833553be7825885da5ea99bceab292cc8abee6414d58b31864afe8ca9f944,c89b17de3d4d36a4e106517b0737619bd65f0e2877d95adbf2f297762f71fb7b,6e938dfcd266a2b0eac811d7ea7eabbd5b217965f88efa81371465134dbcab11,2026-07-15T18:40:19.682949+00:00,8o8-arch,7.0.12-arch1-1,AMD Ryzen 9 3900X 12-Core Processor,"logical=24,cores=12,sockets=1,nodes=1",performance,rustc 1.97.0 (2d8144b78 2026-07-07),22.1.6,cargo 1.97.0 (c980f4866 2026-06-30),"release,lto=thin,debug=true",/home/bob/.cache/mess-bench,/dev/nvme0n1p3,ext4,/home,Samsung SSD 970 EVO Plus 2TB,[none] mq-deadline kyber bfq,249459310592,4096,1024,payload[i]=(i*131+17)&0xff,2.6083984375,accepted,,65536,10,2,4,2,0,new_name,26,bytes,572,520,34105136,12643593,12758790,474909,702700,947539,104,2.610,2.610
s0127,54215100a825da9eb7cfbd8f045e54ef05fb29bd,false,1b36f48efea63210dfeeee7270dea968ab5ba58da27f90aa42845eb8a64a6649,12b1dafe765a77d1a17115b0ae12cff973f20ed7d6d770fbd790695fe081288e,0e4833553be7825885da5ea99bceab292cc8abee6414d58b31864afe8ca9f944,c89b17de3d4d36a4e106517b0737619bd65f0e2877d95adbf2f297762f71fb7b,6e938dfcd266a2b0eac811d7ea7eabbd5b217965f88efa81371465134dbcab11,2026-07-15T18:40:20.712212+00:00,8o8-arch,7.0.12-arch1-1,AMD Ryzen 9 3900X 12-Core Processor,"logical=24,cores=12,sockets=1,nodes=1",performance,rustc 1.97.0 (2d8144b78 2026-07-07),22.1.6,cargo 1.97.0 (c980f4866 2026-06-30),"release,lto=thin,debug=true",/home/bob/.cache/mess-bench,/dev/nvme0n1p3,ext4,/home,Samsung SSD 970 EVO Plus 2TB,[none] mq-deadline kyber bfq,249459302400,4096,1024,payload[i]=(i*131+17)&0xff,2.6083984375,accepted,,65536,10,4,4,4,0,domain,13,bytes,520,520,34097856,11629983,11710731,841970,1092759,1362059,52,2.610,2.610
s0128,54215100a825da9eb7cfbd8f045e54ef05fb29bd,false,1b36f48efea63210dfeeee7270dea968ab5ba58da27f90aa42845eb8a64a6649,12b1dafe765a77d1a17115b0ae12cff973f20ed7d6d770fbd790695fe081288e,0e4833553be7825885da5ea99bceab292cc8abee6414d58b31864afe8ca9f944,c89b17de3d4d36a4e106517b0737619bd65f0e2877d95adbf2f297762f71fb7b,6e938dfcd266a2b0eac811d7ea7eabbd5b217965f88efa81371465134dbcab11,2026-07-15T18:40:21.735116+00:00,8o8-arch,7.0.12-arch1-1,AMD Ryzen 9 3900X 12-Core Processor,"logical=24,cores=12,sockets=1,nodes=1",performance,rustc 1.97.0 (2d8144b78 2026-07-07),22.1.6,cargo 1.97.0 (c980f4866 2026-06-30),"release,lto=thin,debug=true",/home/bob/.cache/mess-bench,/dev/nvme0n1p3,ext4,/home,Samsung SSD 970 EVO Plus 2TB,[none] mq-deadline kyber bfq,249459298304,4096,1024,payload[i]=(i*131+17)&0xff,2.80029296875,accepted,,65536,10,4,8,4,0,new_name,13,bytes,572,520,34105136,12333453,12438270,948939,1087499,1382258,104,2.800,2.800
s0129,54215100a825da9eb7cfbd8f045e54ef05fb29bd,false,1b36f48efea63210dfeeee7270dea968ab5ba58da27f90aa42845eb8a64a6649,12b1dafe765a77d1a17115b0ae12cff973f20ed7d6d770fbd790695fe081288e,0e4833553be7825885da5ea99bceab292cc8abee6414d58b31864afe8ca9f944,c89b17de3d4d36a4e106517b0737619bd65f0e2877d95adbf2f297762f71fb7b,6e938dfcd266a2b0eac811d7ea7eabbd5b217965f88efa81371465134dbcab11,2026-07-15T18:40:22.768175+00:00,8o8-arch,7.0.12-arch1-1,AMD Ryzen 9 3900X 12-Core Processor,"logical=24,cores=12,sockets=1,nodes=1",performance,rustc 1.97.0 (2d8144b78 2026-07-07),22.1.6,cargo 1.97.0 (c980f4866 2026-06-30),"release,lto=thin,debug=true",/home/bob/.cache/mess-bench,/dev/nvme0n1p3,ext4,/home,Samsung SSD 970 EVO Plus 2TB,[none] mq-deadline kyber bfq,249459294208,4096,1024,payload[i]=(i*131+17)&0xff,2.80029296875,accepted,,65536,100,2,2,2,0,domain,3,bytes,600,600,39338928,14029664,14116039,4181377,5786205,5786205,6,2.800,2.800
s0130,54215100a825da9eb7cfbd8f045e54ef05fb29bd,false,1b36f48efea63210dfeeee7270dea968ab5ba58da27f90aa42845eb8a64a6649,12b1dafe765a77d1a17115b0ae12cff973f20ed7d6d770fbd790695fe081288e,0e4833553be7825885da5ea99bceab292cc8abee6414d58b31864afe8ca9f944,c89b17de3d4d36a4e106517b0737619bd65f0e2877d95adbf2f297762f71fb7b,6e938dfcd266a2b0eac811d7ea7eabbd5b217965f88efa81371465134dbcab11,2026-07-15T18:40:23.791389+00:00,8o8-arch,7.0.12-arch1-1,AMD Ryzen 9 3900X 12-Core Processor,"logical=24,cores=12,sockets=1,nodes=1",performance,rustc 1.97.0 (2d8144b78 2026-07-07),22.1.6,cargo 1.97.0 (c980f4866 2026-06-30),"release,lto=thin,debug=true",/home/bob/.cache/mess-bench,/dev/nvme0n1p3,ext4,/home,Samsung SSD 970 EVO Plus 2TB,[none] mq-deadline kyber bfq,249459290112,4096,1024,payload[i]=(i*131+17)&0xff,2.80029296875,accepted,,65536,100,2,4,2,0,new_name,3,bytes,606,600,39339768,14423852,14539479,4562727,5798736,5798736,12,2.800,2.800
s0131,54215100a825da9eb7cfbd8f045e54ef05fb29bd,false,1b36f48efea63210dfeeee7270dea968ab5ba58da27f90aa42845eb8a64a6649,12b1dafe765a77d1a17115b0ae12cff973f20ed7d6d770fbd790695fe081288e,0e4833553be7825885da5ea99bceab292cc8abee6414d58b31864afe8ca9f944,c89b17de3d4d36a4e106517b0737619bd65f0e2877d95adbf2f297762f71fb7b,6e938dfcd266a2b0eac811d7ea7eabbd5b217965f88efa81371465134dbcab11,2026-07-15T18:40:24.828179+00:00,8o8-arch,7.0.12-arch1-1,AMD Ryzen 9 3900X 12-Core Processor,"logical=24,cores=12,sockets=1,nodes=1",performance,rustc 1.97.0 (2d8144b78 2026-07-07),22.1.6,cargo 1.97.0 (c980f4866 2026-06-30),"release,lto=thin,debug=true",/home/bob/.cache/mess-bench,/dev/nvme0n1p3,ext4,/home,Samsung SSD 970 EVO Plus 2TB,[none] mq-deadline kyber bfq,249459290112,4096,1024,payload[i]=(i*131+17)&0xff,2.80029296875,accepted,,65536,100,4,4,4,0,domain,2,bytes,800,800,52451904,18224115,18416006,10018443,10018443,10018443,8,2.800,2.800
s0132,54215100a825da9eb7cfbd8f045e54ef05fb29bd,false,1b36f48efea63210dfeeee7270dea968ab5ba58da27f90aa42845eb8a64a6649,12b1dafe765a77d1a17115b0ae12cff973f20ed7d6d770fbd790695fe081288e,0e4833553be7825885da5ea99bceab292cc8abee6414d58b31864afe8ca9f944,c89b17de3d4d36a4e106517b0737619bd65f0e2877d95adbf2f297762f71fb7b,6e938dfcd266a2b0eac811d7ea7eabbd5b217965f88efa81371465134dbcab11,2026-07-15T18:40:25.855236+00:00,8o8-arch,7.0.12-arch1-1,AMD Ryzen 9 3900X 12-Core Processor,"logical=24,cores=12,sockets=1,nodes=1",performance,rustc 1.97.0 (2d8144b78 2026-07-07),22.1.6,cargo 1.97.0 (c980f4866 2026-06-30),"release,lto=thin,debug=true",/home/bob/.cache/mess-bench,/dev/nvme0n1p3,ext4,/home,Samsung SSD 970 EVO Plus 2TB,[none] mq-deadline kyber bfq,249459286016,4096,1024,payload[i]=(i*131+17)&0xff,2.57568359375,accepted,,65536,100,4,8,4,0,new_name,2,bytes,808,800,52453024,20010065,20142735,11516702,11516702,11516702,16,2.580,2.580
s0133,54215100a825da9eb7cfbd8f045e54ef05fb29bd,false,1b36f48efea63210dfeeee7270dea968ab5ba58da27f90aa42845eb8a64a6649,12b1dafe765a77d1a17115b0ae12cff973f20ed7d6d770fbd790695fe081288e,0e4833553be7825885da5ea99bceab292cc8abee6414d58b31864afe8ca9f944,c89b17de3d4d36a4e106517b0737619bd65f0e2877d95adbf2f297762f71fb7b,6e938dfcd266a2b0eac811d7ea7eabbd5b217965f88efa81371465134dbcab11,2026-07-15T18:40:26.879516+00:00,8o8-arch,7.0.12-arch1-1,AMD Ryzen 9 3900X 12-Core Processor,"logical=24,cores=12,sockets=1,nodes=1",performance,rustc 1.97.0 (2d8144b78 2026-07-07),22.1.6,cargo 1.97.0 (c980f4866 2026-06-30),"release,lto=thin,debug=true",/home/bob/.cache/mess-bench,/dev/nvme0n1p3,ext4,/home,Samsung SSD 970 EVO Plus 2TB,[none] mq-deadline kyber bfq,249459277824,4096,1024,payload[i]=(i*131+17)&0xff,2.57568359375,accepted,,65536,1000,2,2,2,0,domain,1,bytes,2000,2000,131128176,56571584,57243456,57242446,57242446,57242446,2,2.580,2.580
s0134,54215100a825da9eb7cfbd8f045e54ef05fb29bd,false,1b36f48efea63210dfeeee7270dea968ab5ba58da27f90aa42845eb8a64a6649,12b1dafe765a77d1a17115b0ae12cff973f20ed7d6d770fbd790695fe081288e,0e4833553be7825885da5ea99bceab292cc8abee6414d58b31864afe8ca9f944,c89b17de3d4d36a4e106517b0737619bd65f0e2877d95adbf2f297762f71fb7b,6e938dfcd266a2b0eac811d7ea7eabbd5b217965f88efa81371465134dbcab11,2026-07-15T18:40:27.909127+00:00,8o8-arch,7.0.12-arch1-1,AMD Ryzen 9 3900X 12-Core Processor,"logical=24,cores=12,sockets=1,nodes=1",performance,rustc 1.97.0 (2d8144b78 2026-07-07),22.1.6,cargo 1.97.0 (c980f4866 2026-06-30),"release,lto=thin,debug=true",/home/bob/.cache/mess-bench,/dev/nvme0n1p3,ext4,/home,Samsung SSD 970 EVO Plus 2TB,[none] mq-deadline kyber bfq,249459277824,4096,1024,payload[i]=(i*131+17)&0xff,2.57568359375,accepted,,65536,1000,2,4,2,0,new_name,1,bytes,2002,2000,131128456,54972784,55405888,55405148,55405148,55405148,4,2.580,2.580
s0135,54215100a825da9eb7cfbd8f045e54ef05fb29bd,false,1b36f48efea63210dfeeee7270dea968ab5ba58da27f90aa42845eb8a64a6649,12b1dafe765a77d1a17115b0ae12cff973f20ed7d6d770fbd790695fe081288e,0e4833553be7825885da5ea99bceab292cc8abee6414d58b31864afe8ca9f944,c89b17de3d4d36a4e106517b0737619bd65f0e2877d95adbf2f297762f71fb7b,6e938dfcd266a2b0eac811d7ea7eabbd5b217965f88efa81371465134dbcab11,2026-07-15T18:40:28.934070+00:00,8o8-arch,7.0.12-arch1-1,AMD Ryzen 9 3900X 12-Core Processor,"logical=24,cores=12,sockets=1,nodes=1",performance,rustc 1.97.0 (2d8144b78 2026-07-07),22.1.6,cargo 1.97.0 (c980f4866 2026-06-30),"release,lto=thin,debug=true",/home/bob/.cache/mess-bench,/dev/nvme0n1p3,ext4,/home,Samsung SSD 970 EVO Plus 2TB,[none] mq-deadline kyber bfq,249459273728,4096,1024,payload[i]=(i*131+17)&0xff,2.57568359375,accepted,,65536,1000,4,4,4,0,domain,1,bytes,4000,4000,262256352,109629718,111183996,111183226,111183226,111183226,4,2.580,2.580
s0136,54215100a825da9eb7cfbd8f045e54ef05fb29bd,false,1b36f48efea63210dfeeee7270dea968ab5ba58da27f90aa42845eb8a64a6649,12b1dafe765a77d1a17115b0ae12cff973f20ed7d6d770fbd790695fe081288e,0e4833553be7825885da5ea99bceab292cc8abee6414d58b31864afe8ca9f944,c89b17de3d4d36a4e106517b0737619bd65f0e2877d95adbf2f297762f71fb7b,6e938dfcd266a2b0eac811d7ea7eabbd5b217965f88efa81371465134dbcab11,2026-07-15T18:40:29.958054+00:00,8o8-arch,7.0.12-arch1-1,AMD Ryzen 9 3900X 12-Core Processor,"logical=24,cores=12,sockets=1,nodes=1",performance,rustc 1.97.0 (2d8144b78 2026-07-07),22.1.6,cargo 1.97.0 (c980f4866 2026-06-30),"release,lto=thin,debug=true",/home/bob/.cache/mess-bench,/dev/nvme0n1p3,ext4,/home,Samsung SSD 970 EVO Plus 2TB,[none] mq-deadline kyber bfq,249459273728,4096,1024,payload[i]=(i*131+17)&0xff,2.57568359375,accepted,,65536,1000,4,8,4,0,new_name,1,bytes,4004,4000,262256912,114843238,115990292,115989372,115989372,115989372,8,2.580,2.580
