[2026-07-15T18:38:12.212979+00:00] s0001 /home/bob/src/mess/.maw/workspaces/bn-1zv6/spikes/pwritev_group/target/release/pwritev_group prep-auto 24 1 1 1 domain 0
stdout:
payload,events_per_batch,owner_units,physical_batches,writers,chain,unit_shape,iterations,stop_reason,events,domain_events,bytes,cpu_ns,wall_ns,p50_ns,p95_ns,p99_ns,prepared_batches,load1_before,load1_after
24,1,1,1,1,0,domain,239675,bytes,239675,239675,33554500,74221559,75172482,230,300,340,239675,3.180,3.180
stderr:

[2026-07-15T18:38:13.242099+00:00] s0002 /home/bob/src/mess/.maw/workspaces/bn-1zv6/spikes/pwritev_group/target/release/pwritev_group prep-auto 24 1 1 4 domain 0
stdout:
payload,events_per_batch,owner_units,physical_batches,writers,chain,unit_shape,iterations,stop_reason,events,domain_events,bytes,cpu_ns,wall_ns,p50_ns,p95_ns,p99_ns,prepared_batches,load1_before,load1_after
24,1,1,1,4,0,domain,239675,bytes,239675,239675,33554500,73423109,74503293,230,280,320,239675,3.180,3.180
stderr:

[2026-07-15T18:38:14.270713+00:00] s0003 /home/bob/src/mess/.maw/workspaces/bn-1zv6/spikes/pwritev_group/target/release/pwritev_group prep-auto 24 1 2 2 domain 0
stdout:
payload,events_per_batch,owner_units,physical_batches,writers,chain,unit_shape,iterations,stop_reason,events,domain_events,bytes,cpu_ns,wall_ns,p50_ns,p95_ns,p99_ns,prepared_batches,load1_before,load1_after
24,1,2,2,2,0,domain,119838,bytes,239676,239676,33554640,63935236,64439920,440,570,630,239676,3.180,3.180
stderr:

[2026-07-15T18:38:15.294000+00:00] s0004 /home/bob/src/mess/.maw/workspaces/bn-1zv6/spikes/pwritev_group/target/release/pwritev_group prep-auto 24 1 2 2 new_name 0
stdout:
payload,events_per_batch,owner_units,physical_batches,writers,chain,unit_shape,iterations,stop_reason,events,domain_events,bytes,cpu_ns,wall_ns,p50_ns,p95_ns,p99_ns,prepared_batches,load1_before,load1_after
24,1,2,4,2,0,new_name,59919,bytes,239676,119838,33554640,58647384,60471253,850,1100,1280,239676,3.180,3.180
stderr:

[2026-07-15T18:38:16.314571+00:00] s0005 /home/bob/src/mess/.maw/workspaces/bn-1zv6/spikes/pwritev_group/target/release/pwritev_group prep-auto 24 1 2 4 domain 0
stdout:
payload,events_per_batch,owner_units,physical_batches,writers,chain,unit_shape,iterations,stop_reason,events,domain_events,bytes,cpu_ns,wall_ns,p50_ns,p95_ns,p99_ns,prepared_batches,load1_before,load1_after
24,1,2,2,4,0,domain,119838,bytes,239676,239676,33554640,63477706,64107301,440,540,610,239676,3.180,3.180
stderr:

[2026-07-15T18:38:17.338483+00:00] s0006 /home/bob/src/mess/.maw/workspaces/bn-1zv6/spikes/pwritev_group/target/release/pwritev_group prep-auto 24 1 3 4 domain 0
stdout:
payload,events_per_batch,owner_units,physical_batches,writers,chain,unit_shape,iterations,stop_reason,events,domain_events,bytes,cpu_ns,wall_ns,p50_ns,p95_ns,p99_ns,prepared_batches,load1_before,load1_after
24,1,3,3,4,0,domain,79892,bytes,239676,239676,33554640,61795425,62315342,640,960,1010,239676,2.930,2.930
stderr:

[2026-07-15T18:38:18.368555+00:00] s0007 /home/bob/src/mess/.maw/workspaces/bn-1zv6/spikes/pwritev_group/target/release/pwritev_group prep-auto 24 1 4 4 domain 0
stdout:
payload,events_per_batch,owner_units,physical_batches,writers,chain,unit_shape,iterations,stop_reason,events,domain_events,bytes,cpu_ns,wall_ns,p50_ns,p95_ns,p99_ns,prepared_batches,load1_before,load1_after
24,1,4,4,4,0,domain,59919,bytes,239676,239676,33554640,59363394,60039703,850,1150,1300,239676,2.930,2.930
stderr:

[2026-07-15T18:38:19.398732+00:00] s0008 /home/bob/src/mess/.maw/workspaces/bn-1zv6/spikes/pwritev_group/target/release/pwritev_group prep-auto 24 1 4 4 new_name 0
stdout:
payload,events_per_batch,owner_units,physical_batches,writers,chain,unit_shape,iterations,stop_reason,events,domain_events,bytes,cpu_ns,wall_ns,p50_ns,p95_ns,p99_ns,prepared_batches,load1_before,load1_after
24,1,4,8,4,0,new_name,29960,bytes,239680,119840,33555200,55022344,55505717,1680,2250,2620,239680,2.930,2.930
stderr:

[2026-07-15T18:38:20.425470+00:00] s0009 /home/bob/src/mess/.maw/workspaces/bn-1zv6/spikes/pwritev_group/target/release/pwritev_group prep-auto 24 1 16 4 domain 0
stdout:
payload,events_per_batch,owner_units,physical_batches,writers,chain,unit_shape,iterations,stop_reason,events,domain_events,bytes,cpu_ns,wall_ns,p50_ns,p95_ns,p99_ns,prepared_batches,load1_before,load1_after
24,1,16,16,4,0,domain,14980,bytes,239680,239680,33555200,52800843,53261109,3310,4360,5090,239680,2.930,2.930
stderr:

[2026-07-15T18:38:21.456310+00:00] s0010 /home/bob/src/mess/.maw/workspaces/bn-1zv6/spikes/pwritev_group/target/release/pwritev_group prep-auto 24 1 16 4 new_name 0
stdout:
payload,events_per_batch,owner_units,physical_batches,writers,chain,unit_shape,iterations,stop_reason,events,domain_events,bytes,cpu_ns,wall_ns,p50_ns,p95_ns,p99_ns,prepared_batches,load1_before,load1_after
24,1,16,32,4,0,new_name,7490,bytes,239680,119840,33555200,52230673,52699529,6550,9790,11520,239680,2.930,2.930
stderr:

[2026-07-15T18:38:22.484514+00:00] s0011 /home/bob/src/mess/.maw/workspaces/bn-1zv6/spikes/pwritev_group/target/release/pwritev_group prep-auto 24 1 64 4 domain 0
stdout:
payload,events_per_batch,owner_units,physical_batches,writers,chain,unit_shape,iterations,stop_reason,events,domain_events,bytes,cpu_ns,wall_ns,p50_ns,p95_ns,p99_ns,prepared_batches,load1_before,load1_after
24,1,64,64,4,0,domain,3745,bytes,239680,239680,33555200,51600643,51971590,13160,16900,21260,239680,2.770,2.770
stderr:

[2026-07-15T18:38:23.512983+00:00] s0012 /home/bob/src/mess/.maw/workspaces/bn-1zv6/spikes/pwritev_group/target/release/pwritev_group prep-auto 24 1 64 4 new_name 0
stdout:
payload,events_per_batch,owner_units,physical_batches,writers,chain,unit_shape,iterations,stop_reason,events,domain_events,bytes,cpu_ns,wall_ns,p50_ns,p95_ns,p99_ns,prepared_batches,load1_before,load1_after
24,1,64,128,4,0,new_name,1873,bytes,239744,119872,33564160,52780703,53339679,26200,38880,44660,239744,2.770,2.770
stderr:

[2026-07-15T18:38:24.542815+00:00] s0013 /home/bob/src/mess/.maw/workspaces/bn-1zv6/spikes/pwritev_group/target/release/pwritev_group prep-auto 24 1 256 4 domain 0
stdout:
payload,events_per_batch,owner_units,physical_batches,writers,chain,unit_shape,iterations,stop_reason,events,domain_events,bytes,cpu_ns,wall_ns,p50_ns,p95_ns,p99_ns,prepared_batches,load1_before,load1_after
24,1,256,256,4,0,domain,937,bytes,239872,239872,33582080,52698513,53304359,52930,76059,85130,239872,2.770,2.770
stderr:

[2026-07-15T18:38:25.571763+00:00] s0014 /home/bob/src/mess/.maw/workspaces/bn-1zv6/spikes/pwritev_group/target/release/pwritev_group prep-auto 24 1 256 4 new_name 0
stdout:
payload,events_per_batch,owner_units,physical_batches,writers,chain,unit_shape,iterations,stop_reason,events,domain_events,bytes,cpu_ns,wall_ns,p50_ns,p95_ns,p99_ns,prepared_batches,load1_before,load1_after
24,1,256,512,4,0,new_name,469,bytes,240128,120064,33617920,52506473,53012639,104830,152400,173590,240128,2.770,2.770
stderr:

[2026-07-15T18:38:26.603152+00:00] s0015 /home/bob/src/mess/.maw/workspaces/bn-1zv6/spikes/pwritev_group/target/release/pwritev_group prep-auto 24 1 1024 4 domain 0
stdout:
payload,events_per_batch,owner_units,physical_batches,writers,chain,unit_shape,iterations,stop_reason,events,domain_events,bytes,cpu_ns,wall_ns,p50_ns,p95_ns,p99_ns,prepared_batches,load1_before,load1_after
24,1,1024,1024,4,0,domain,235,bytes,240640,240640,33689600,51839943,52310760,211580,314250,335960,240640,2.770,2.770
stderr:

[2026-07-15T18:38:27.633610+00:00] s0016 /home/bob/src/mess/.maw/workspaces/bn-1zv6/spikes/pwritev_group/target/release/pwritev_group prep-auto 24 1 1024 4 new_name 0
stdout:
payload,events_per_batch,owner_units,physical_batches,writers,chain,unit_shape,iterations,stop_reason,events,domain_events,bytes,cpu_ns,wall_ns,p50_ns,p95_ns,p99_ns,prepared_batches,load1_before,load1_after
24,1,1024,2048,4,0,new_name,118,bytes,241664,120832,33832960,53404034,53924759,431680,598899,684679,241664,2.630,2.630
stderr:

[2026-07-15T18:38:28.664887+00:00] s0017 /home/bob/src/mess/.maw/workspaces/bn-1zv6/spikes/pwritev_group/target/release/pwritev_group prep-auto 24 1 1025 4 domain 0
stdout:
payload,events_per_batch,owner_units,physical_batches,writers,chain,unit_shape,iterations,stop_reason,events,domain_events,bytes,cpu_ns,wall_ns,p50_ns,p95_ns,p99_ns,prepared_batches,load1_before,load1_after
24,1,1025,1025,4,0,domain,234,bytes,239850,239850,33579000,50923932,51325741,214360,240970,312390,239850,2.630,2.630
stderr:

[2026-07-15T18:38:29.691545+00:00] s0018 /home/bob/src/mess/.maw/workspaces/bn-1zv6/spikes/pwritev_group/target/release/pwritev_group prep-auto 24 1 1025 4 new_name 0
stdout:
payload,events_per_batch,owner_units,physical_batches,writers,chain,unit_shape,iterations,stop_reason,events,domain_events,bytes,cpu_ns,wall_ns,p50_ns,p95_ns,p99_ns,prepared_batches,load1_before,load1_after
24,1,1025,2050,4,0,new_name,117,bytes,239850,119925,33579000,50283623,50805551,423790,506050,660189,239850,2.630,2.630
stderr:

[2026-07-15T18:38:30.721326+00:00] s0019 /home/bob/src/mess/.maw/workspaces/bn-1zv6/spikes/pwritev_group/target/release/pwritev_group prep-auto 24 10 1 1 domain 0
stdout:
payload,events_per_batch,owner_units,physical_batches,writers,chain,unit_shape,iterations,stop_reason,events,domain_events,bytes,cpu_ns,wall_ns,p50_ns,p95_ns,p99_ns,prepared_batches,load1_before,load1_after
24,10,1,1,1,0,domain,55189,bytes,551890,551890,33554912,36874909,37182661,550,750,1060,55189,2.630,2.630
stderr:

[2026-07-15T18:38:31.750056+00:00] s0020 /home/bob/src/mess/.maw/workspaces/bn-1zv6/spikes/pwritev_group/target/release/pwritev_group prep-auto 24 10 1 4 domain 0
stdout:
payload,events_per_batch,owner_units,physical_batches,writers,chain,unit_shape,iterations,stop_reason,events,domain_events,bytes,cpu_ns,wall_ns,p50_ns,p95_ns,p99_ns,prepared_batches,load1_before,load1_after
24,10,1,1,4,0,domain,55189,bytes,551890,551890,33554912,35505069,35817503,550,670,780,55189,2.630,2.740
stderr:

[2026-07-15T18:38:32.778367+00:00] s0021 /home/bob/src/mess/.maw/workspaces/bn-1zv6/spikes/pwritev_group/target/release/pwritev_group prep-auto 24 10 2 2 domain 0
stdout:
payload,events_per_batch,owner_units,physical_batches,writers,chain,unit_shape,iterations,stop_reason,events,domain_events,bytes,cpu_ns,wall_ns,p50_ns,p95_ns,p99_ns,prepared_batches,load1_before,load1_after
24,10,2,2,2,0,domain,27595,bytes,551900,551900,33555520,33433899,33731534,1080,1410,1580,55190,2.740,2.740
stderr:

[2026-07-15T18:38:33.808875+00:00] s0022 /home/bob/src/mess/.maw/workspaces/bn-1zv6/spikes/pwritev_group/target/release/pwritev_group prep-auto 24 10 2 2 new_name 0
stdout:
payload,events_per_batch,owner_units,physical_batches,writers,chain,unit_shape,iterations,stop_reason,events,domain_events,bytes,cpu_ns,wall_ns,p50_ns,p95_ns,p99_ns,prepared_batches,load1_before,load1_after
24,10,2,4,2,0,new_name,22430,bytes,493460,448600,33555280,35763009,36055682,1500,1700,2010,89720,2.740,2.740
stderr:

[2026-07-15T18:38:34.838675+00:00] s0023 /home/bob/src/mess/.maw/workspaces/bn-1zv6/spikes/pwritev_group/target/release/pwritev_group prep-auto 24 10 2 4 domain 0
stdout:
payload,events_per_batch,owner_units,physical_batches,writers,chain,unit_shape,iterations,stop_reason,events,domain_events,bytes,cpu_ns,wall_ns,p50_ns,p95_ns,p99_ns,prepared_batches,load1_before,load1_after
24,10,2,2,4,0,domain,27595,bytes,551900,551900,33555520,33321738,33564094,1080,1340,1460,55190,2.740,2.740
stderr:

[2026-07-15T18:38:35.870745+00:00] s0024 /home/bob/src/mess/.maw/workspaces/bn-1zv6/spikes/pwritev_group/target/release/pwritev_group prep-auto 24 10 3 4 domain 0
stdout:
payload,events_per_batch,owner_units,physical_batches,writers,chain,unit_shape,iterations,stop_reason,events,domain_events,bytes,cpu_ns,wall_ns,p50_ns,p95_ns,p99_ns,prepared_batches,load1_before,load1_after
24,10,3,3,4,0,domain,18397,bytes,551910,551910,33556128,33054748,33292204,1600,2300,2330,55191,2.740,2.740
stderr:

[2026-07-15T18:38:36.897030+00:00] s0025 /home/bob/src/mess/.maw/workspaces/bn-1zv6/spikes/pwritev_group/target/release/pwritev_group prep-auto 24 10 4 4 domain 0
stdout:
payload,events_per_batch,owner_units,physical_batches,writers,chain,unit_shape,iterations,stop_reason,events,domain_events,bytes,cpu_ns,wall_ns,p50_ns,p95_ns,p99_ns,prepared_batches,load1_before,load1_after
24,10,4,4,4,0,domain,13798,bytes,551920,551920,33556736,31540608,32890135,2130,2760,3160,55192,2.600,2.600
stderr:

[2026-07-15T18:38:37.927850+00:00] s0026 /home/bob/src/mess/.maw/workspaces/bn-1zv6/spikes/pwritev_group/target/release/pwritev_group prep-auto 24 10 4 4 new_name 0
stdout:
payload,events_per_batch,owner_units,physical_batches,writers,chain,unit_shape,iterations,stop_reason,events,domain_events,bytes,cpu_ns,wall_ns,p50_ns,p95_ns,p99_ns,prepared_batches,load1_before,load1_after
24,10,4,8,4,0,new_name,11215,bytes,493460,448600,33555280,37039389,37311451,2960,4390,4610,89720,2.600,2.600
stderr:

[2026-07-15T18:38:38.960571+00:00] s0027 /home/bob/src/mess/.maw/workspaces/bn-1zv6/spikes/pwritev_group/target/release/pwritev_group prep-auto 24 10 16 4 domain 0
stdout:
payload,events_per_batch,owner_units,physical_batches,writers,chain,unit_shape,iterations,stop_reason,events,domain_events,bytes,cpu_ns,wall_ns,p50_ns,p95_ns,p99_ns,prepared_batches,load1_before,load1_after
24,10,16,16,4,0,domain,3450,bytes,552000,552000,33561600,30528618,30775476,8420,10890,14910,55200,2.600,2.600
stderr:

[2026-07-15T18:38:39.991727+00:00] s0028 /home/bob/src/mess/.maw/workspaces/bn-1zv6/spikes/pwritev_group/target/release/pwritev_group prep-auto 24 10 16 4 new_name 0
stdout:
payload,events_per_batch,owner_units,physical_batches,writers,chain,unit_shape,iterations,stop_reason,events,domain_events,bytes,cpu_ns,wall_ns,p50_ns,p95_ns,p99_ns,prepared_batches,load1_before,load1_after
24,10,16,32,4,0,new_name,2804,bytes,493504,448640,33558272,34530548,34888033,11720,15150,20910,89728,2.600,2.600
stderr:

[2026-07-15T18:38:41.018767+00:00] s0029 /home/bob/src/mess/.maw/workspaces/bn-1zv6/spikes/pwritev_group/target/release/pwritev_group prep-auto 24 10 64 4 domain 0
stdout:
payload,events_per_batch,owner_units,physical_batches,writers,chain,unit_shape,iterations,stop_reason,events,domain_events,bytes,cpu_ns,wall_ns,p50_ns,p95_ns,p99_ns,prepared_batches,load1_before,load1_after
24,10,64,64,4,0,domain,863,bytes,552320,552320,33581056,31162518,31400486,34060,50210,52650,55232,2.600,2.600
stderr:

[2026-07-15T18:38:42.046996+00:00] s0030 /home/bob/src/mess/.maw/workspaces/bn-1zv6/spikes/pwritev_group/target/release/pwritev_group prep-auto 24 10 64 4 new_name 0
stdout:
payload,events_per_batch,owner_units,physical_batches,writers,chain,unit_shape,iterations,stop_reason,events,domain_events,bytes,cpu_ns,wall_ns,p50_ns,p95_ns,p99_ns,prepared_batches,load1_before,load1_after
24,10,64,128,4,0,new_name,701,bytes,493504,448640,33558272,35201139,35464472,47320,67960,72810,89728,2.470,2.470
stderr:

[2026-07-15T18:38:43.076464+00:00] s0031 /home/bob/src/mess/.maw/workspaces/bn-1zv6/spikes/pwritev_group/target/release/pwritev_group prep-auto 24 10 256 4 domain 0
stdout:
payload,events_per_batch,owner_units,physical_batches,writers,chain,unit_shape,iterations,stop_reason,events,domain_events,bytes,cpu_ns,wall_ns,p50_ns,p95_ns,p99_ns,prepared_batches,load1_before,load1_after
24,10,256,256,4,0,domain,216,bytes,552960,552960,33619968,30206327,30500907,134609,169510,201130,55296,2.470,2.470
stderr:

[2026-07-15T18:38:44.108878+00:00] s0032 /home/bob/src/mess/.maw/workspaces/bn-1zv6/spikes/pwritev_group/target/release/pwritev_group prep-auto 24 10 256 4 new_name 0
stdout:
payload,events_per_batch,owner_units,physical_batches,writers,chain,unit_shape,iterations,stop_reason,events,domain_events,bytes,cpu_ns,wall_ns,p50_ns,p95_ns,p99_ns,prepared_batches,load1_before,load1_after
24,10,256,512,4,0,new_name,176,bytes,495616,450560,33701888,34428729,34711453,188440,232740,279769,90112,2.470,2.470
stderr:

[2026-07-15T18:38:45.139204+00:00] s0033 /home/bob/src/mess/.maw/workspaces/bn-1zv6/spikes/pwritev_group/target/release/pwritev_group prep-auto 24 10 1024 4 domain 0
stdout:
payload,events_per_batch,owner_units,physical_batches,writers,chain,unit_shape,iterations,stop_reason,events,domain_events,bytes,cpu_ns,wall_ns,p50_ns,p95_ns,p99_ns,prepared_batches,load1_before,load1_after
24,10,1024,1024,4,0,domain,54,bytes,552960,552960,33619968,29721217,29988127,550179,591829,599149,55296,2.470,2.470
stderr:

[2026-07-15T18:38:46.168831+00:00] s0034 /home/bob/src/mess/.maw/workspaces/bn-1zv6/spikes/pwritev_group/target/release/pwritev_group prep-auto 24 10 1024 4 new_name 0
stdout:
payload,events_per_batch,owner_units,physical_batches,writers,chain,unit_shape,iterations,stop_reason,events,domain_events,bytes,cpu_ns,wall_ns,p50_ns,p95_ns,p99_ns,prepared_batches,load1_before,load1_after
24,10,1024,2048,4,0,new_name,44,bytes,495616,450560,33701888,35260048,35681452,772039,1042499,1105049,90112,2.470,2.470
stderr:

[2026-07-15T18:38:47.200711+00:00] s0035 /home/bob/src/mess/.maw/workspaces/bn-1zv6/spikes/pwritev_group/target/release/pwritev_group prep-auto 24 10 1025 4 domain 0
stdout:
payload,events_per_batch,owner_units,physical_batches,writers,chain,unit_shape,iterations,stop_reason,events,domain_events,bytes,cpu_ns,wall_ns,p50_ns,p95_ns,p99_ns,prepared_batches,load1_before,load1_after
24,10,1025,1025,4,0,domain,54,bytes,553500,553500,33652800,30127808,30408007,554519,600059,677369,55350,2.280,2.280
stderr:

[2026-07-15T18:38:48.231856+00:00] s0036 /home/bob/src/mess/.maw/workspaces/bn-1zv6/spikes/pwritev_group/target/release/pwritev_group prep-auto 24 10 1025 4 new_name 0
stdout:
payload,events_per_batch,owner_units,physical_batches,writers,chain,unit_shape,iterations,stop_reason,events,domain_events,bytes,cpu_ns,wall_ns,p50_ns,p95_ns,p99_ns,prepared_batches,load1_before,load1_after
24,10,1025,2050,4,0,new_name,44,bytes,496100,451000,33734800,35414799,35972863,789779,1050229,1062739,90200,2.280,2.280
stderr:

[2026-07-15T18:38:49.260612+00:00] s0037 /home/bob/src/mess/.maw/workspaces/bn-1zv6/spikes/pwritev_group/target/release/pwritev_group prep-auto 24 100 1 1 domain 0
stdout:
payload,events_per_batch,owner_units,physical_batches,writers,chain,unit_shape,iterations,stop_reason,events,domain_events,bytes,cpu_ns,wall_ns,p50_ns,p95_ns,p99_ns,prepared_batches,load1_before,load1_after
24,100,1,1,1,0,domain,6346,bytes,634600,634600,33557648,22216436,22683972,3390,3420,4440,6346,2.280,2.280
stderr:

[2026-07-15T18:38:50.290112+00:00] s0038 /home/bob/src/mess/.maw/workspaces/bn-1zv6/spikes/pwritev_group/target/release/pwritev_group prep-auto 24 100 1 4 domain 0
stdout:
payload,events_per_batch,owner_units,physical_batches,writers,chain,unit_shape,iterations,stop_reason,events,domain_events,bytes,cpu_ns,wall_ns,p50_ns,p95_ns,p99_ns,prepared_batches,load1_before,load1_after
24,100,1,1,4,0,domain,6346,bytes,634600,634600,33557648,22148515,22320763,3370,3960,4580,6346,2.280,2.280
stderr:

[2026-07-15T18:38:51.318359+00:00] s0039 /home/bob/src/mess/.maw/workspaces/bn-1zv6/spikes/pwritev_group/target/release/pwritev_group prep-auto 24 100 2 2 domain 0
stdout:
payload,events_per_batch,owner_units,physical_batches,writers,chain,unit_shape,iterations,stop_reason,events,domain_events,bytes,cpu_ns,wall_ns,p50_ns,p95_ns,p99_ns,prepared_batches,load1_before,load1_after
24,100,2,2,2,0,domain,3173,bytes,634600,634600,33557648,22695726,22877592,6750,7600,12690,6346,2.280,2.280
stderr:

[2026-07-15T18:38:52.347216+00:00] s0040 /home/bob/src/mess/.maw/workspaces/bn-1zv6/spikes/pwritev_group/target/release/pwritev_group prep-auto 24 100 2 2 new_name 0
stdout:
payload,events_per_batch,owner_units,physical_batches,writers,chain,unit_shape,iterations,stop_reason,events,domain_events,bytes,cpu_ns,wall_ns,p50_ns,p95_ns,p99_ns,prepared_batches,load1_before,load1_after
24,100,2,4,2,0,new_name,3091,bytes,624382,618200,33555896,25192506,25406731,7170,8970,35310,12364,2.250,2.250
stderr:

[2026-07-15T18:38:53.377103+00:00] s0041 /home/bob/src/mess/.maw/workspaces/bn-1zv6/spikes/pwritev_group/target/release/pwritev_group prep-auto 24 100 2 4 domain 0
stdout:
payload,events_per_batch,owner_units,physical_batches,writers,chain,unit_shape,iterations,stop_reason,events,domain_events,bytes,cpu_ns,wall_ns,p50_ns,p95_ns,p99_ns,prepared_batches,load1_before,load1_after
24,100,2,2,4,0,domain,3173,bytes,634600,634600,33557648,24093775,25242650,7030,9210,19950,6346,2.250,2.250
stderr:

[2026-07-15T18:38:54.408295+00:00] s0042 /home/bob/src/mess/.maw/workspaces/bn-1zv6/spikes/pwritev_group/target/release/pwritev_group prep-auto 24 100 3 4 domain 0
stdout:
payload,events_per_batch,owner_units,physical_batches,writers,chain,unit_shape,iterations,stop_reason,events,domain_events,bytes,cpu_ns,wall_ns,p50_ns,p95_ns,p99_ns,prepared_batches,load1_before,load1_after
24,100,3,3,4,0,domain,2116,bytes,634800,634800,33568224,22748796,22990973,10110,14390,17820,6348,2.250,2.250
stderr:

[2026-07-15T18:38:55.437949+00:00] s0043 /home/bob/src/mess/.maw/workspaces/bn-1zv6/spikes/pwritev_group/target/release/pwritev_group prep-auto 24 100 4 4 domain 0
stdout:
payload,events_per_batch,owner_units,physical_batches,writers,chain,unit_shape,iterations,stop_reason,events,domain_events,bytes,cpu_ns,wall_ns,p50_ns,p95_ns,p99_ns,prepared_batches,load1_before,load1_after
24,100,4,4,4,0,domain,1587,bytes,634800,634800,33568224,22574026,22744023,13450,16480,21760,6348,2.250,2.250
stderr:

[2026-07-15T18:38:56.467713+00:00] s0044 /home/bob/src/mess/.maw/workspaces/bn-1zv6/spikes/pwritev_group/target/release/pwritev_group prep-auto 24 100 4 4 new_name 0
stdout:
payload,events_per_batch,owner_units,physical_batches,writers,chain,unit_shape,iterations,stop_reason,events,domain_events,bytes,cpu_ns,wall_ns,p50_ns,p95_ns,p99_ns,prepared_batches,load1_before,load1_after
24,100,4,8,4,0,new_name,1546,bytes,624584,618400,33566752,22536356,22721002,14310,16940,21930,12368,2.250,2.250
stderr:

[2026-07-15T18:38:57.498667+00:00] s0045 /home/bob/src/mess/.maw/workspaces/bn-1zv6/spikes/pwritev_group/target/release/pwritev_group prep-auto 24 1000 1 1 domain 0
stdout:
payload,events_per_batch,owner_units,physical_batches,writers,chain,unit_shape,iterations,stop_reason,events,domain_events,bytes,cpu_ns,wall_ns,p50_ns,p95_ns,p99_ns,prepared_batches,load1_before,load1_after
24,1000,1,1,1,0,domain,645,bytes,645000,645000,33596760,21732356,21943404,30260,43820,59430,645,2.070,2.070
stderr:

[2026-07-15T18:38:58.526696+00:00] s0046 /home/bob/src/mess/.maw/workspaces/bn-1zv6/spikes/pwritev_group/target/release/pwritev_group prep-auto 24 1000 1 4 domain 0
stdout:
payload,events_per_batch,owner_units,physical_batches,writers,chain,unit_shape,iterations,stop_reason,events,domain_events,bytes,cpu_ns,wall_ns,p50_ns,p95_ns,p99_ns,prepared_batches,load1_before,load1_after
24,1000,1,1,4,0,domain,645,bytes,645000,645000,33596760,19928265,20077455,30260,35360,38610,645,2.070,2.070
stderr:

[2026-07-15T18:38:59.549239+00:00] s0047 /home/bob/src/mess/.maw/workspaces/bn-1zv6/spikes/pwritev_group/target/release/pwritev_group prep-auto 24 1000 2 2 domain 0
stdout:
payload,events_per_batch,owner_units,physical_batches,writers,chain,unit_shape,iterations,stop_reason,events,domain_events,bytes,cpu_ns,wall_ns,p50_ns,p95_ns,p99_ns,prepared_batches,load1_before,load1_after
24,1000,2,2,2,0,domain,323,bytes,646000,646000,33648848,20531495,20718004,60490,79969,108580,646,2.070,2.070
stderr:

[2026-07-15T18:39:00.579416+00:00] s0048 /home/bob/src/mess/.maw/workspaces/bn-1zv6/spikes/pwritev_group/target/release/pwritev_group prep-auto 24 1000 2 2 new_name 0
stdout:
payload,events_per_batch,owner_units,physical_batches,writers,chain,unit_shape,iterations,stop_reason,events,domain_events,bytes,cpu_ns,wall_ns,p50_ns,p95_ns,p99_ns,prepared_batches,load1_before,load1_after
24,1000,2,4,2,0,new_name,322,bytes,644644,644000,33634832,20571506,20949564,60950,71460,113349,1288,2.070,2.070
stderr:

[2026-07-15T18:39:01.604207+00:00] s0049 /home/bob/src/mess/.maw/workspaces/bn-1zv6/spikes/pwritev_group/target/release/pwritev_group prep-auto 24 1000 2 4 domain 0
stdout:
payload,events_per_batch,owner_units,physical_batches,writers,chain,unit_shape,iterations,stop_reason,events,domain_events,bytes,cpu_ns,wall_ns,p50_ns,p95_ns,p99_ns,prepared_batches,load1_before,load1_after
24,1000,2,2,4,0,domain,323,bytes,646000,646000,33648848,20739585,21088644,60540,82990,110490,646,2.070,2.070
stderr:

[2026-07-15T18:39:02.634430+00:00] s0050 /home/bob/src/mess/.maw/workspaces/bn-1zv6/spikes/pwritev_group/target/release/pwritev_group prep-auto 24 1000 3 4 domain 0
stdout:
payload,events_per_batch,owner_units,physical_batches,writers,chain,unit_shape,iterations,stop_reason,events,domain_events,bytes,cpu_ns,wall_ns,p50_ns,p95_ns,p99_ns,prepared_batches,load1_before,load1_after
24,1000,3,3,4,0,domain,215,bytes,645000,645000,33596760,20923476,21113175,90740,125160,162650,645,2.070,2.070
stderr:

[2026-07-15T18:39:03.662518+00:00] s0051 /home/bob/src/mess/.maw/workspaces/bn-1zv6/spikes/pwritev_group/target/release/pwritev_group prep-auto 24 1000 4 4 domain 0
stdout:
payload,events_per_batch,owner_units,physical_batches,writers,chain,unit_shape,iterations,stop_reason,events,domain_events,bytes,cpu_ns,wall_ns,p50_ns,p95_ns,p99_ns,prepared_batches,load1_before,load1_after
24,1000,4,4,4,0,domain,162,bytes,648000,648000,33753024,19907495,20097235,121040,135630,149610,648,2.070,2.070
stderr:

[2026-07-15T18:39:04.694222+00:00] s0052 /home/bob/src/mess/.maw/workspaces/bn-1zv6/spikes/pwritev_group/target/release/pwritev_group prep-auto 24 1000 4 4 new_name 0
stdout:
payload,events_per_batch,owner_units,physical_batches,writers,chain,unit_shape,iterations,stop_reason,events,domain_events,bytes,cpu_ns,wall_ns,p50_ns,p95_ns,p99_ns,prepared_batches,load1_before,load1_after
24,1000,4,8,4,0,new_name,161,bytes,644644,644000,33634832,19878535,20123025,121769,137560,157940,1288,2.070,2.070
stderr:

[2026-07-15T18:39:05.724940+00:00] s0053 /home/bob/src/mess/.maw/workspaces/bn-1zv6/spikes/pwritev_group/target/release/pwritev_group prep-auto 250 1 1 1 domain 0
stdout:
payload,events_per_batch,owner_units,physical_batches,writers,chain,unit_shape,iterations,stop_reason,events,domain_events,bytes,cpu_ns,wall_ns,p50_ns,p95_ns,p99_ns,prepared_batches,load1_before,load1_after
250,1,1,1,1,0,domain,91679,bytes,91679,91679,33554514,38035119,38307471,330,470,500,91679,2.070,2.070
stderr:

[2026-07-15T18:39:06.747525+00:00] s0054 /home/bob/src/mess/.maw/workspaces/bn-1zv6/spikes/pwritev_group/target/release/pwritev_group prep-auto 250 1 1 4 domain 0
stdout:
payload,events_per_batch,owner_units,physical_batches,writers,chain,unit_shape,iterations,stop_reason,events,domain_events,bytes,cpu_ns,wall_ns,p50_ns,p95_ns,p99_ns,prepared_batches,load1_before,load1_after
250,1,1,1,4,0,domain,91679,bytes,91679,91679,33554514,37063879,37332051,330,390,450,91679,2.070,2.070
stderr:

[2026-07-15T18:39:07.777041+00:00] s0055 /home/bob/src/mess/.maw/workspaces/bn-1zv6/spikes/pwritev_group/target/release/pwritev_group prep-auto 250 1 2 2 domain 0
stdout:
payload,events_per_batch,owner_units,physical_batches,writers,chain,unit_shape,iterations,stop_reason,events,domain_events,bytes,cpu_ns,wall_ns,p50_ns,p95_ns,p99_ns,prepared_batches,load1_before,load1_after
250,1,2,2,2,0,domain,45840,bytes,91680,91680,33554880,35056609,35347753,640,880,970,91680,2.380,2.380
stderr:

[2026-07-15T18:39:08.808345+00:00] s0056 /home/bob/src/mess/.maw/workspaces/bn-1zv6/spikes/pwritev_group/target/release/pwritev_group prep-auto 250 1 2 2 new_name 0
stdout:
payload,events_per_batch,owner_units,physical_batches,writers,chain,unit_shape,iterations,stop_reason,events,domain_events,bytes,cpu_ns,wall_ns,p50_ns,p95_ns,p99_ns,prepared_batches,load1_before,load1_after
250,1,2,4,2,0,new_name,33157,bytes,132628,66314,33554884,39110669,40751999,1080,1420,1600,132628,2.380,2.380
stderr:

[2026-07-15T18:39:09.836979+00:00] s0057 /home/bob/src/mess/.maw/workspaces/bn-1zv6/spikes/pwritev_group/target/release/pwritev_group prep-auto 250 1 2 4 domain 0
stdout:
payload,events_per_batch,owner_units,physical_batches,writers,chain,unit_shape,iterations,stop_reason,events,domain_events,bytes,cpu_ns,wall_ns,p50_ns,p95_ns,p99_ns,prepared_batches,load1_before,load1_after
250,1,2,2,4,0,domain,45840,bytes,91680,91680,33554880,36650669,36951612,650,950,990,91680,2.380,2.380
stderr:

[2026-07-15T18:39:10.868673+00:00] s0058 /home/bob/src/mess/.maw/workspaces/bn-1zv6/spikes/pwritev_group/target/release/pwritev_group prep-auto 250 1 3 4 domain 0
stdout:
payload,events_per_batch,owner_units,physical_batches,writers,chain,unit_shape,iterations,stop_reason,events,domain_events,bytes,cpu_ns,wall_ns,p50_ns,p95_ns,p99_ns,prepared_batches,load1_before,load1_after
250,1,3,3,4,0,domain,30560,bytes,91680,91680,33554880,35102319,35891943,950,1380,1460,91680,2.380,2.380
stderr:

[2026-07-15T18:39:11.901353+00:00] s0059 /home/bob/src/mess/.maw/workspaces/bn-1zv6/spikes/pwritev_group/target/release/pwritev_group prep-auto 250 1 4 4 domain 0
stdout:
payload,events_per_batch,owner_units,physical_batches,writers,chain,unit_shape,iterations,stop_reason,events,domain_events,bytes,cpu_ns,wall_ns,p50_ns,p95_ns,p99_ns,prepared_batches,load1_before,load1_after
250,1,4,4,4,0,domain,22920,bytes,91680,91680,33554880,30811768,32086785,1250,1590,1740,91680,2.270,2.270
stderr:

[2026-07-15T18:39:12.926786+00:00] s0060 /home/bob/src/mess/.maw/workspaces/bn-1zv6/spikes/pwritev_group/target/release/pwritev_group prep-auto 250 1 4 4 new_name 0
stdout:
payload,events_per_batch,owner_units,physical_batches,writers,chain,unit_shape,iterations,stop_reason,events,domain_events,bytes,cpu_ns,wall_ns,p50_ns,p95_ns,p99_ns,prepared_batches,load1_before,load1_after
250,1,4,8,4,0,new_name,16579,bytes,132632,66316,33555896,37741560,38027411,2120,2620,2870,132632,2.270,2.270
stderr:

[2026-07-15T18:39:13.958931+00:00] s0061 /home/bob/src/mess/.maw/workspaces/bn-1zv6/spikes/pwritev_group/target/release/pwritev_group prep-auto 250 10 1 1 domain 0
stdout:
payload,events_per_batch,owner_units,physical_batches,writers,chain,unit_shape,iterations,stop_reason,events,domain_events,bytes,cpu_ns,wall_ns,p50_ns,p95_ns,p99_ns,prepared_batches,load1_before,load1_after
250,10,1,1,1,0,domain,11700,bytes,117000,117000,33555600,16611414,16749807,1340,1350,1710,11700,2.270,2.270
stderr:

[2026-07-15T18:39:14.990577+00:00] s0062 /home/bob/src/mess/.maw/workspaces/bn-1zv6/spikes/pwritev_group/target/release/pwritev_group prep-auto 250 10 1 4 domain 0
stdout:
payload,events_per_batch,owner_units,physical_batches,writers,chain,unit_shape,iterations,stop_reason,events,domain_events,bytes,cpu_ns,wall_ns,p50_ns,p95_ns,p99_ns,prepared_batches,load1_before,load1_after
250,10,1,1,4,0,domain,11700,bytes,117000,117000,33555600,16797904,16909118,1340,1650,1730,11700,2.270,2.270
stderr:

[2026-07-15T18:39:16.021592+00:00] s0063 /home/bob/src/mess/.maw/workspaces/bn-1zv6/spikes/pwritev_group/target/release/pwritev_group prep-auto 250 10 2 2 domain 0
stdout:
payload,events_per_batch,owner_units,physical_batches,writers,chain,unit_shape,iterations,stop_reason,events,domain_events,bytes,cpu_ns,wall_ns,p50_ns,p95_ns,p99_ns,prepared_batches,load1_before,load1_after
250,10,2,2,2,0,domain,5850,bytes,117000,117000,33555600,16279784,16398967,2680,2930,3490,11700,2.270,2.270
stderr:

[2026-07-15T18:39:17.049777+00:00] s0064 /home/bob/src/mess/.maw/workspaces/bn-1zv6/spikes/pwritev_group/target/release/pwritev_group prep-auto 250 10 2 2 new_name 0
stdout:
payload,events_per_batch,owner_units,physical_batches,writers,chain,unit_shape,iterations,stop_reason,events,domain_events,bytes,cpu_ns,wall_ns,p50_ns,p95_ns,p99_ns,prepared_batches,load1_before,load1_after
250,10,2,4,2,0,new_name,5578,bytes,122716,111560,33557248,18246055,18521356,3080,3600,4650,22312,2.250,2.250
stderr:

[2026-07-15T18:39:18.072657+00:00] s0065 /home/bob/src/mess/.maw/workspaces/bn-1zv6/spikes/pwritev_group/target/release/pwritev_group prep-auto 250 10 2 4 domain 0
stdout:
payload,events_per_batch,owner_units,physical_batches,writers,chain,unit_shape,iterations,stop_reason,events,domain_events,bytes,cpu_ns,wall_ns,p50_ns,p95_ns,p99_ns,prepared_batches,load1_before,load1_after
250,10,2,2,4,0,domain,5850,bytes,117000,117000,33555600,17203064,20816954,2680,3470,3520,11700,2.250,2.250
stderr:

[2026-07-15T18:39:19.097699+00:00] s0066 /home/bob/src/mess/.maw/workspaces/bn-1zv6/spikes/pwritev_group/target/release/pwritev_group prep-auto 250 10 3 4 domain 0
stdout:
payload,events_per_batch,owner_units,physical_batches,writers,chain,unit_shape,iterations,stop_reason,events,domain_events,bytes,cpu_ns,wall_ns,p50_ns,p95_ns,p99_ns,prepared_batches,load1_before,load1_after
250,10,3,3,4,0,domain,3900,bytes,117000,117000,33555600,16201634,16309458,3990,5030,5360,11700,2.250,2.250
stderr:

[2026-07-15T18:39:20.125697+00:00] s0067 /home/bob/src/mess/.maw/workspaces/bn-1zv6/spikes/pwritev_group/target/release/pwritev_group prep-auto 250 10 4 4 domain 0
stdout:
payload,events_per_batch,owner_units,physical_batches,writers,chain,unit_shape,iterations,stop_reason,events,domain_events,bytes,cpu_ns,wall_ns,p50_ns,p95_ns,p99_ns,prepared_batches,load1_before,load1_after
250,10,4,4,4,0,domain,2925,bytes,117000,117000,33555600,16201054,16335447,5330,7120,7380,11700,2.250,2.250
stderr:

[2026-07-15T18:39:21.147370+00:00] s0068 /home/bob/src/mess/.maw/workspaces/bn-1zv6/spikes/pwritev_group/target/release/pwritev_group prep-auto 250 10 4 4 new_name 0
stdout:
payload,events_per_batch,owner_units,physical_batches,writers,chain,unit_shape,iterations,stop_reason,events,domain_events,bytes,cpu_ns,wall_ns,p50_ns,p95_ns,p99_ns,prepared_batches,load1_before,load1_after
250,10,4,8,4,0,new_name,2789,bytes,122716,111560,33557248,17970805,18193976,6150,7510,11440,22312,2.250,2.250
stderr:

[2026-07-15T18:39:22.174446+00:00] s0069 /home/bob/src/mess/.maw/workspaces/bn-1zv6/spikes/pwritev_group/target/release/pwritev_group prep-auto 250 10 16 4 domain 0
stdout:
payload,events_per_batch,owner_units,physical_batches,writers,chain,unit_shape,iterations,stop_reason,events,domain_events,bytes,cpu_ns,wall_ns,p50_ns,p95_ns,p99_ns,prepared_batches,load1_before,load1_after
250,10,16,16,4,0,domain,732,bytes,117120,117120,33590016,16350274,16581147,21290,27500,39629,11712,2.150,2.150
stderr:

[2026-07-15T18:39:23.202217+00:00] s0070 /home/bob/src/mess/.maw/workspaces/bn-1zv6/spikes/pwritev_group/target/release/pwritev_group prep-auto 250 10 16 4 new_name 0
stdout:
payload,events_per_batch,owner_units,physical_batches,writers,chain,unit_shape,iterations,stop_reason,events,domain_events,bytes,cpu_ns,wall_ns,p50_ns,p95_ns,p99_ns,prepared_batches,load1_before,load1_after
250,10,16,32,4,0,new_name,698,bytes,122848,111680,33593344,17325184,17407937,24550,27689,30010,22336,2.150,2.150
stderr:

[2026-07-15T18:39:24.234692+00:00] s0071 /home/bob/src/mess/.maw/workspaces/bn-1zv6/spikes/pwritev_group/target/release/pwritev_group prep-auto 250 10 64 4 domain 0
stdout:
payload,events_per_batch,owner_units,physical_batches,writers,chain,unit_shape,iterations,stop_reason,events,domain_events,bytes,cpu_ns,wall_ns,p50_ns,p95_ns,p99_ns,prepared_batches,load1_before,load1_after
250,10,64,64,4,0,domain,183,bytes,117120,117120,33590016,15878964,16617998,85180,127090,166720,11712,2.150,2.150
stderr:

[2026-07-15T18:39:25.257065+00:00] s0072 /home/bob/src/mess/.maw/workspaces/bn-1zv6/spikes/pwritev_group/target/release/pwritev_group prep-auto 250 10 64 4 new_name 0
stdout:
payload,events_per_batch,owner_units,physical_batches,writers,chain,unit_shape,iterations,stop_reason,events,domain_events,bytes,cpu_ns,wall_ns,p50_ns,p95_ns,p99_ns,prepared_batches,load1_before,load1_after
250,10,64,128,4,0,new_name,175,bytes,123200,112000,33689600,17701564,18034056,98150,120000,152540,22400,2.150,2.150
stderr:

[2026-07-15T18:39:26.280922+00:00] s0073 /home/bob/src/mess/.maw/workspaces/bn-1zv6/spikes/pwritev_group/target/release/pwritev_group prep-auto 250 10 256 4 domain 0
stdout:
payload,events_per_batch,owner_units,physical_batches,writers,chain,unit_shape,iterations,stop_reason,events,domain_events,bytes,cpu_ns,wall_ns,p50_ns,p95_ns,p99_ns,prepared_batches,load1_before,load1_after
250,10,256,256,4,0,domain,46,bytes,117760,117760,33773568,15779244,15873678,345340,353810,356109,11776,2.150,2.150
stderr:

[2026-07-15T18:39:27.302992+00:00] s0074 /home/bob/src/mess/.maw/workspaces/bn-1zv6/spikes/pwritev_group/target/release/pwritev_group prep-auto 250 10 256 4 new_name 0
stdout:
payload,events_per_batch,owner_units,physical_batches,writers,chain,unit_shape,iterations,stop_reason,events,domain_events,bytes,cpu_ns,wall_ns,p50_ns,p95_ns,p99_ns,prepared_batches,load1_before,load1_after
250,10,256,512,4,0,new_name,44,bytes,123904,112640,33882112,17678085,17801186,400979,437740,441860,22528,2.060,2.060
stderr:

[2026-07-15T18:39:28.328834+00:00] s0075 /home/bob/src/mess/.maw/workspaces/bn-1zv6/spikes/pwritev_group/target/release/pwritev_group prep-auto 250 10 1024 4 domain 0
stdout:
payload,events_per_batch,owner_units,physical_batches,writers,chain,unit_shape,iterations,stop_reason,events,domain_events,bytes,cpu_ns,wall_ns,p50_ns,p95_ns,p99_ns,prepared_batches,load1_before,load1_after
250,10,1024,1024,4,0,domain,12,bytes,122880,122880,35241984,16941355,17175307,1416369,1491959,1591769,12288,2.060,2.060
stderr:

[2026-07-15T18:39:29.354020+00:00] s0076 /home/bob/src/mess/.maw/workspaces/bn-1zv6/spikes/pwritev_group/target/release/pwritev_group prep-auto 250 10 1024 4 new_name 0
stdout:
payload,events_per_batch,owner_units,physical_batches,writers,chain,unit_shape,iterations,stop_reason,events,domain_events,bytes,cpu_ns,wall_ns,p50_ns,p95_ns,p99_ns,prepared_batches,load1_before,load1_after
250,10,1024,2048,4,0,new_name,11,bytes,123904,112640,33882112,18031555,18166136,1656789,1708859,1708859,22528,2.060,2.060
stderr:

[2026-07-15T18:39:30.387664+00:00] s0077 /home/bob/src/mess/.maw/workspaces/bn-1zv6/spikes/pwritev_group/target/release/pwritev_group prep-auto 250 10 1025 4 domain 0
stdout:
payload,events_per_batch,owner_units,physical_batches,writers,chain,unit_shape,iterations,stop_reason,events,domain_events,bytes,cpu_ns,wall_ns,p50_ns,p95_ns,p99_ns,prepared_batches,load1_before,load1_after
250,10,1025,1025,4,0,domain,12,bytes,123000,123000,35276400,16580604,16814187,1392479,1436909,1450688,12300,2.060,2.060
stderr:

[2026-07-15T18:39:31.410521+00:00] s0078 /home/bob/src/mess/.maw/workspaces/bn-1zv6/spikes/pwritev_group/target/release/pwritev_group prep-auto 250 10 1025 4 new_name 0
stdout:
payload,events_per_batch,owner_units,physical_batches,writers,chain,unit_shape,iterations,stop_reason,events,domain_events,bytes,cpu_ns,wall_ns,p50_ns,p95_ns,p99_ns,prepared_batches,load1_before,load1_after
250,10,1025,2050,4,0,new_name,11,bytes,124025,112750,33915200,17642955,17780716,1610969,1663298,1663298,22550,2.060,2.060
stderr:

[2026-07-15T18:39:32.438302+00:00] s0079 /home/bob/src/mess/.maw/workspaces/bn-1zv6/spikes/pwritev_group/target/release/pwritev_group prep-auto 250 100 1 1 domain 0
stdout:
payload,events_per_batch,owner_units,physical_batches,writers,chain,unit_shape,iterations,stop_reason,events,domain_events,bytes,cpu_ns,wall_ns,p50_ns,p95_ns,p99_ns,prepared_batches,load1_before,load1_after
250,100,1,1,1,0,domain,1204,bytes,120400,120400,33577152,15985244,16085958,10620,12710,91680,1204,1.970,1.970
stderr:

[2026-07-15T18:39:33.466053+00:00] s0080 /home/bob/src/mess/.maw/workspaces/bn-1zv6/spikes/pwritev_group/target/release/pwritev_group prep-auto 250 100 1 4 domain 0
stdout:
payload,events_per_batch,owner_units,physical_batches,writers,chain,unit_shape,iterations,stop_reason,events,domain_events,bytes,cpu_ns,wall_ns,p50_ns,p95_ns,p99_ns,prepared_batches,load1_before,load1_after
250,100,1,1,4,0,domain,1204,bytes,120400,120400,33577152,15211944,15987358,10610,12950,26100,1204,1.970,1.970
stderr:

[2026-07-15T18:39:34.497136+00:00] s0081 /home/bob/src/mess/.maw/workspaces/bn-1zv6/spikes/pwritev_group/target/release/pwritev_group prep-auto 250 100 2 2 domain 0
stdout:
payload,events_per_batch,owner_units,physical_batches,writers,chain,unit_shape,iterations,stop_reason,events,domain_events,bytes,cpu_ns,wall_ns,p50_ns,p95_ns,p99_ns,prepared_batches,load1_before,load1_after
250,100,2,2,2,0,domain,602,bytes,120400,120400,33577152,14624124,14734249,21240,33110,74200,1204,1.970,1.970
stderr:

[2026-07-15T18:39:35.527342+00:00] s0082 /home/bob/src/mess/.maw/workspaces/bn-1zv6/spikes/pwritev_group/target/release/pwritev_group prep-auto 250 100 2 2 new_name 0
stdout:
payload,events_per_batch,owner_units,physical_batches,writers,chain,unit_shape,iterations,stop_reason,events,domain_events,bytes,cpu_ns,wall_ns,p50_ns,p95_ns,p99_ns,prepared_batches,load1_before,load1_after
250,100,2,4,2,0,new_name,599,bytes,120998,119800,33577544,13450474,13575269,21660,25800,31600,2396,1.970,1.970
stderr:

[2026-07-15T18:39:36.550988+00:00] s0083 /home/bob/src/mess/.maw/workspaces/bn-1zv6/spikes/pwritev_group/target/release/pwritev_group prep-auto 250 100 2 4 domain 0
stdout:
payload,events_per_batch,owner_units,physical_batches,writers,chain,unit_shape,iterations,stop_reason,events,domain_events,bytes,cpu_ns,wall_ns,p50_ns,p95_ns,p99_ns,prepared_batches,load1_before,load1_after
250,100,2,2,4,0,domain,602,bytes,120400,120400,33577152,13214173,13323480,21230,26150,33700,1204,1.970,1.970
stderr:

[2026-07-15T18:39:37.571997+00:00] s0084 /home/bob/src/mess/.maw/workspaces/bn-1zv6/spikes/pwritev_group/target/release/pwritev_group prep-auto 250 100 3 4 domain 0
stdout:
payload,events_per_batch,owner_units,physical_batches,writers,chain,unit_shape,iterations,stop_reason,events,domain_events,bytes,cpu_ns,wall_ns,p50_ns,p95_ns,p99_ns,prepared_batches,load1_before,load1_after
250,100,3,3,4,0,domain,402,bytes,120600,120600,33632928,15809455,16184258,31800,39070,213500,1206,2.210,2.210
stderr:

[2026-07-15T18:39:38.599544+00:00] s0085 /home/bob/src/mess/.maw/workspaces/bn-1zv6/spikes/pwritev_group/target/release/pwritev_group prep-auto 250 100 4 4 domain 0
stdout:
payload,events_per_batch,owner_units,physical_batches,writers,chain,unit_shape,iterations,stop_reason,events,domain_events,bytes,cpu_ns,wall_ns,p50_ns,p95_ns,p99_ns,prepared_batches,load1_before,load1_after
250,100,4,4,4,0,domain,301,bytes,120400,120400,33577152,14056213,15597159,44380,56980,75530,1204,2.210,2.210
stderr:

[2026-07-15T18:39:39.620938+00:00] s0086 /home/bob/src/mess/.maw/workspaces/bn-1zv6/spikes/pwritev_group/target/release/pwritev_group prep-auto 250 100 4 4 new_name 0
stdout:
payload,events_per_batch,owner_units,physical_batches,writers,chain,unit_shape,iterations,stop_reason,events,domain_events,bytes,cpu_ns,wall_ns,p50_ns,p95_ns,p99_ns,prepared_batches,load1_before,load1_after
250,100,4,8,4,0,new_name,300,bytes,121200,120000,33633600,13140213,13252340,43290,49930,62300,2400,2.210,2.210
stderr:

[2026-07-15T18:39:40.651434+00:00] s0087 /home/bob/src/mess/.maw/workspaces/bn-1zv6/spikes/pwritev_group/target/release/pwritev_group prep-auto 250 1000 1 1 domain 0
stdout:
payload,events_per_batch,owner_units,physical_batches,writers,chain,unit_shape,iterations,stop_reason,events,domain_events,bytes,cpu_ns,wall_ns,p50_ns,p95_ns,p99_ns,prepared_batches,load1_before,load1_after
250,1000,1,1,1,0,domain,121,bytes,121000,121000,33648648,12912433,13099020,103570,115340,196719,121,2.210,2.210
stderr:

[2026-07-15T18:39:41.674590+00:00] s0088 /home/bob/src/mess/.maw/workspaces/bn-1zv6/spikes/pwritev_group/target/release/pwritev_group prep-auto 250 1000 1 4 domain 0
stdout:
payload,events_per_batch,owner_units,physical_batches,writers,chain,unit_shape,iterations,stop_reason,events,domain_events,bytes,cpu_ns,wall_ns,p50_ns,p95_ns,p99_ns,prepared_batches,load1_before,load1_after
250,1000,1,1,4,0,domain,121,bytes,121000,121000,33648648,13138753,13243700,105200,122860,195860,121,2.210,2.210
stderr:

[2026-07-15T18:39:42.696897+00:00] s0089 /home/bob/src/mess/.maw/workspaces/bn-1zv6/spikes/pwritev_group/target/release/pwritev_group prep-auto 250 1000 2 2 domain 0
stdout:
payload,events_per_batch,owner_units,physical_batches,writers,chain,unit_shape,iterations,stop_reason,events,domain_events,bytes,cpu_ns,wall_ns,p50_ns,p95_ns,p99_ns,prepared_batches,load1_before,load1_after
250,1000,2,2,2,0,domain,61,bytes,122000,122000,33926736,16182694,16422538,213850,270369,982349,122,2.280,2.280
stderr:

[2026-07-15T18:39:43.727410+00:00] s0090 /home/bob/src/mess/.maw/workspaces/bn-1zv6/spikes/pwritev_group/target/release/pwritev_group prep-auto 250 1000 2 2 new_name 0
stdout:
payload,events_per_batch,owner_units,physical_batches,writers,chain,unit_shape,iterations,stop_reason,events,domain_events,bytes,cpu_ns,wall_ns,p50_ns,p95_ns,p99_ns,prepared_batches,load1_before,load1_after
250,1000,2,4,2,0,new_name,61,bytes,122122,122000,33943816,16504214,16642347,211900,227189,491690,244,2.280,2.280
stderr:

[2026-07-15T18:39:44.759174+00:00] s0091 /home/bob/src/mess/.maw/workspaces/bn-1zv6/spikes/pwritev_group/target/release/pwritev_group prep-auto 250 1000 2 4 domain 0
stdout:
payload,events_per_batch,owner_units,physical_batches,writers,chain,unit_shape,iterations,stop_reason,events,domain_events,bytes,cpu_ns,wall_ns,p50_ns,p95_ns,p99_ns,prepared_batches,load1_before,load1_after
250,1000,2,2,4,0,domain,61,bytes,122000,122000,33926736,13151294,13257140,210699,236180,243420,122,2.280,2.280
stderr:

[2026-07-15T18:39:45.790805+00:00] s0092 /home/bob/src/mess/.maw/workspaces/bn-1zv6/spikes/pwritev_group/target/release/pwritev_group prep-auto 250 1000 3 4 domain 0
stdout:
payload,events_per_batch,owner_units,physical_batches,writers,chain,unit_shape,iterations,stop_reason,events,domain_events,bytes,cpu_ns,wall_ns,p50_ns,p95_ns,p99_ns,prepared_batches,load1_before,load1_after
250,1000,3,3,4,0,domain,41,bytes,123000,123000,34204824,13253463,13350539,317210,338940,576529,123,2.280,2.280
stderr:

[2026-07-15T18:39:46.816207+00:00] s0093 /home/bob/src/mess/.maw/workspaces/bn-1zv6/spikes/pwritev_group/target/release/pwritev_group prep-auto 250 1000 4 4 domain 0
stdout:
payload,events_per_batch,owner_units,physical_batches,writers,chain,unit_shape,iterations,stop_reason,events,domain_events,bytes,cpu_ns,wall_ns,p50_ns,p95_ns,p99_ns,prepared_batches,load1_before,load1_after
250,1000,4,4,4,0,domain,31,bytes,124000,124000,34482912,13311363,13425890,421200,484100,695280,124,2.340,2.340
stderr:

[2026-07-15T18:39:47.836951+00:00] s0094 /home/bob/src/mess/.maw/workspaces/bn-1zv6/spikes/pwritev_group/target/release/pwritev_group prep-auto 250 1000 4 4 new_name 0
stdout:
payload,events_per_batch,owner_units,physical_batches,writers,chain,unit_shape,iterations,stop_reason,events,domain_events,bytes,cpu_ns,wall_ns,p50_ns,p95_ns,p99_ns,prepared_batches,load1_before,load1_after
250,1000,4,8,4,0,new_name,31,bytes,124124,124000,34500272,15911864,16126838,425680,1116969,2198948,248,2.340,2.340
stderr:

[2026-07-15T18:39:48.859209+00:00] s0095 /home/bob/src/mess/.maw/workspaces/bn-1zv6/spikes/pwritev_group/target/release/pwritev_group prep-auto 4096 1 2 2 domain 0
stdout:
payload,events_per_batch,owner_units,physical_batches,writers,chain,unit_shape,iterations,stop_reason,events,domain_events,bytes,cpu_ns,wall_ns,p50_ns,p95_ns,p99_ns,prepared_batches,load1_before,load1_after
4096,1,2,2,2,0,domain,3984,bytes,7968,7968,33561216,13279353,13388750,3150,4000,4230,7968,2.340,2.340
stderr:

[2026-07-15T18:39:49.890234+00:00] s0096 /home/bob/src/mess/.maw/workspaces/bn-1zv6/spikes/pwritev_group/target/release/pwritev_group prep-auto 4096 1 2 2 new_name 0
stdout:
payload,events_per_batch,owner_units,physical_batches,writers,chain,unit_shape,iterations,stop_reason,events,domain_events,bytes,cpu_ns,wall_ns,p50_ns,p95_ns,p99_ns,prepared_batches,load1_before,load1_after
4096,1,2,4,2,0,new_name,3856,bytes,15424,7712,33562624,14633154,14714349,3610,3920,4520,15424,2.340,2.340
stderr:

[2026-07-15T18:39:50.921745+00:00] s0097 /home/bob/src/mess/.maw/workspaces/bn-1zv6/spikes/pwritev_group/target/release/pwritev_group prep-auto 4096 1 4 4 domain 0
stdout:
payload,events_per_batch,owner_units,physical_batches,writers,chain,unit_shape,iterations,stop_reason,events,domain_events,bytes,cpu_ns,wall_ns,p50_ns,p95_ns,p99_ns,prepared_batches,load1_before,load1_after
4096,1,4,4,4,0,domain,1992,bytes,7968,7968,33561216,12795124,12901850,6230,7620,8130,7968,2.340,2.340
stderr:

[2026-07-15T18:39:51.948140+00:00] s0098 /home/bob/src/mess/.maw/workspaces/bn-1zv6/spikes/pwritev_group/target/release/pwritev_group prep-auto 4096 1 4 4 new_name 0
stdout:
payload,events_per_batch,owner_units,physical_batches,writers,chain,unit_shape,iterations,stop_reason,events,domain_events,bytes,cpu_ns,wall_ns,p50_ns,p95_ns,p99_ns,prepared_batches,load1_before,load1_after
4096,1,4,8,4,0,new_name,1928,bytes,15424,7712,33562624,14269893,14568199,7180,8810,15170,15424,2.310,2.310
stderr:

[2026-07-15T18:39:52.978308+00:00] s0099 /home/bob/src/mess/.maw/workspaces/bn-1zv6/spikes/pwritev_group/target/release/pwritev_group prep-auto 4096 10 2 2 domain 0
stdout:
payload,events_per_batch,owner_units,physical_batches,writers,chain,unit_shape,iterations,stop_reason,events,domain_events,bytes,cpu_ns,wall_ns,p50_ns,p95_ns,p99_ns,prepared_batches,load1_before,load1_after
4096,10,2,2,2,0,domain,406,bytes,8120,8120,33558336,11032273,11270221,26560,31130,47390,812,2.310,2.310
stderr:

[2026-07-15T18:39:54.001032+00:00] s0100 /home/bob/src/mess/.maw/workspaces/bn-1zv6/spikes/pwritev_group/target/release/pwritev_group prep-auto 4096 10 2 2 new_name 0
stdout:
payload,events_per_batch,owner_units,physical_batches,writers,chain,unit_shape,iterations,stop_reason,events,domain_events,bytes,cpu_ns,wall_ns,p50_ns,p95_ns,p99_ns,prepared_batches,load1_before,load1_after
4096,10,2,4,2,0,new_name,405,bytes,8910,8100,33589080,12354723,12443591,26980,46010,84440,1620,2.310,2.310
stderr:

[2026-07-15T18:39:55.029464+00:00] s0101 /home/bob/src/mess/.maw/workspaces/bn-1zv6/spikes/pwritev_group/target/release/pwritev_group prep-auto 4096 10 4 4 domain 0
stdout:
payload,events_per_batch,owner_units,physical_batches,writers,chain,unit_shape,iterations,stop_reason,events,domain_events,bytes,cpu_ns,wall_ns,p50_ns,p95_ns,p99_ns,prepared_batches,load1_before,load1_after
4096,10,4,4,4,0,domain,203,bytes,8120,8120,33558336,11868233,11960181,53370,67560,75680,812,2.310,2.310
stderr:

[2026-07-15T18:39:56.058185+00:00] s0102 /home/bob/src/mess/.maw/workspaces/bn-1zv6/spikes/pwritev_group/target/release/pwritev_group prep-auto 4096 10 4 4 new_name 0
stdout:
payload,events_per_batch,owner_units,physical_batches,writers,chain,unit_shape,iterations,stop_reason,events,domain_events,bytes,cpu_ns,wall_ns,p50_ns,p95_ns,p99_ns,prepared_batches,load1_before,load1_after
4096,10,4,8,4,0,new_name,203,bytes,8932,8120,33672016,11536932,11633991,53920,69560,74410,1624,2.310,2.310
stderr:

[2026-07-15T18:39:57.083970+00:00] s0103 /home/bob/src/mess/.maw/workspaces/bn-1zv6/spikes/pwritev_group/target/release/pwritev_group prep-auto 4096 10 16 4 domain 0
stdout:
payload,events_per_batch,owner_units,physical_batches,writers,chain,unit_shape,iterations,stop_reason,events,domain_events,bytes,cpu_ns,wall_ns,p50_ns,p95_ns,p99_ns,prepared_batches,load1_before,load1_after
4096,10,16,16,4,0,domain,51,bytes,8160,8160,33723648,10996732,11101112,212570,233550,241980,816,2.280,2.280
stderr:

[2026-07-15T18:39:58.113813+00:00] s0104 /home/bob/src/mess/.maw/workspaces/bn-1zv6/spikes/pwritev_group/target/release/pwritev_group prep-auto 4096 10 16 4 new_name 0
stdout:
payload,events_per_batch,owner_units,physical_batches,writers,chain,unit_shape,iterations,stop_reason,events,domain_events,bytes,cpu_ns,wall_ns,p50_ns,p95_ns,p99_ns,prepared_batches,load1_before,load1_after
4096,10,16,32,4,0,new_name,51,bytes,8976,8160,33837888,11190562,11254151,219259,237389,243600,1632,2.280,2.280
stderr:

[2026-07-15T18:39:59.135715+00:00] s0105 /home/bob/src/mess/.maw/workspaces/bn-1zv6/spikes/pwritev_group/target/release/pwritev_group prep-auto 4096 10 64 4 domain 0
stdout:
payload,events_per_batch,owner_units,physical_batches,writers,chain,unit_shape,iterations,stop_reason,events,domain_events,bytes,cpu_ns,wall_ns,p50_ns,p95_ns,p99_ns,prepared_batches,load1_before,load1_after
4096,10,64,64,4,0,domain,13,bytes,8320,8320,34384896,11846103,11935271,875399,881320,1483709,832,2.280,2.280
stderr:

[2026-07-15T18:40:00.158336+00:00] s0106 /home/bob/src/mess/.maw/workspaces/bn-1zv6/spikes/pwritev_group/target/release/pwritev_group prep-auto 4096 10 64 4 new_name 0
stdout:
payload,events_per_batch,owner_units,physical_batches,writers,chain,unit_shape,iterations,stop_reason,events,domain_events,bytes,cpu_ns,wall_ns,p50_ns,p95_ns,p99_ns,prepared_batches,load1_before,load1_after
4096,10,64,128,4,0,new_name,13,bytes,9152,8320,34501376,11331393,11400261,875479,891729,899619,1664,2.280,2.280
stderr:

[2026-07-15T18:40:01.182393+00:00] s0107 /home/bob/src/mess/.maw/workspaces/bn-1zv6/spikes/pwritev_group/target/release/pwritev_group prep-auto 4096 10 256 4 domain 0
stdout:
payload,events_per_batch,owner_units,physical_batches,writers,chain,unit_shape,iterations,stop_reason,events,domain_events,bytes,cpu_ns,wall_ns,p50_ns,p95_ns,p99_ns,prepared_batches,load1_before,load1_after
4096,10,256,256,4,0,domain,4,bytes,10240,10240,42319872,13827313,13923100,3495107,3504797,3504797,1024,2.280,2.280
stderr:

[2026-07-15T18:40:02.214017+00:00] s0108 /home/bob/src/mess/.maw/workspaces/bn-1zv6/spikes/pwritev_group/target/release/pwritev_group prep-auto 4096 10 256 4 new_name 0
stdout:
payload,events_per_batch,owner_units,physical_batches,writers,chain,unit_shape,iterations,stop_reason,events,domain_events,bytes,cpu_ns,wall_ns,p50_ns,p95_ns,p99_ns,prepared_batches,load1_before,load1_after
4096,10,256,512,4,0,new_name,4,bytes,11264,10240,42463232,14031364,14160479,3505227,3656477,3656477,2048,2.100,2.100
stderr:

[2026-07-15T18:40:03.245535+00:00] s0109 /home/bob/src/mess/.maw/workspaces/bn-1zv6/spikes/pwritev_group/target/release/pwritev_group prep-auto 4096 10 1024 4 domain 0
stdout:
payload,events_per_batch,owner_units,physical_batches,writers,chain,unit_shape,iterations,stop_reason,events,domain_events,bytes,cpu_ns,wall_ns,p50_ns,p95_ns,p99_ns,prepared_batches,load1_before,load1_after
4096,10,1024,1024,4,0,domain,1,bytes,10240,10240,42319872,14313094,14437189,14436919,14436919,14436919,1024,2.100,2.100
stderr:

[2026-07-15T18:40:04.274051+00:00] s0110 /home/bob/src/mess/.maw/workspaces/bn-1zv6/spikes/pwritev_group/target/release/pwritev_group prep-auto 4096 10 1024 4 new_name 0
stdout:
payload,events_per_batch,owner_units,physical_batches,writers,chain,unit_shape,iterations,stop_reason,events,domain_events,bytes,cpu_ns,wall_ns,p50_ns,p95_ns,p99_ns,prepared_batches,load1_before,load1_after
4096,10,1024,2048,4,0,new_name,1,bytes,11264,10240,42463232,14107353,14212349,14211869,14211869,14211869,2048,2.100,2.100
stderr:

[2026-07-15T18:40:05.295281+00:00] s0111 /home/bob/src/mess/.maw/workspaces/bn-1zv6/spikes/pwritev_group/target/release/pwritev_group prep-auto 4096 10 1025 4 domain 0
stdout:
payload,events_per_batch,owner_units,physical_batches,writers,chain,unit_shape,iterations,stop_reason,events,domain_events,bytes,cpu_ns,wall_ns,p50_ns,p95_ns,p99_ns,prepared_batches,load1_before,load1_after
4096,10,1025,1025,4,0,domain,1,bytes,10250,10250,42361200,14384514,14580159,14579749,14579749,14579749,1025,2.100,2.100
stderr:

[2026-07-15T18:40:06.319374+00:00] s0112 /home/bob/src/mess/.maw/workspaces/bn-1zv6/spikes/pwritev_group/target/release/pwritev_group prep-auto 4096 10 1025 4 new_name 0
stdout:
payload,events_per_batch,owner_units,physical_batches,writers,chain,unit_shape,iterations,stop_reason,events,domain_events,bytes,cpu_ns,wall_ns,p50_ns,p95_ns,p99_ns,prepared_batches,load1_before,load1_after
4096,10,1025,2050,4,0,new_name,1,bytes,11275,10250,42504700,13932433,14008000,14007710,14007710,14007710,2050,2.100,2.100
stderr:

[2026-07-15T18:40:07.350400+00:00] s0113 /home/bob/src/mess/.maw/workspaces/bn-1zv6/spikes/pwritev_group/target/release/pwritev_group prep-auto 4096 100 2 2 domain 0
stdout:
payload,events_per_batch,owner_units,physical_batches,writers,chain,unit_shape,iterations,stop_reason,events,domain_events,bytes,cpu_ns,wall_ns,p50_ns,p95_ns,p99_ns,prepared_batches,load1_before,load1_after
4096,100,2,2,2,0,domain,41,bytes,8200,8200,33824016,11061443,11136651,260150,275239,644970,82,2.250,2.250
stderr:

[2026-07-15T18:40:08.380745+00:00] s0114 /home/bob/src/mess/.maw/workspaces/bn-1zv6/spikes/pwritev_group/target/release/pwritev_group prep-auto 4096 100 2 2 new_name 0
stdout:
payload,events_per_batch,owner_units,physical_batches,writers,chain,unit_shape,iterations,stop_reason,events,domain_events,bytes,cpu_ns,wall_ns,p50_ns,p95_ns,p99_ns,prepared_batches,load1_before,load1_after
4096,100,2,4,2,0,new_name,41,bytes,8282,8200,33835496,11429783,11599111,266770,331240,640699,164,2.250,2.250
stderr:

[2026-07-15T18:40:09.408269+00:00] s0115 /home/bob/src/mess/.maw/workspaces/bn-1zv6/spikes/pwritev_group/target/release/pwritev_group prep-auto 4096 100 4 4 domain 0
stdout:
payload,events_per_batch,owner_units,physical_batches,writers,chain,unit_shape,iterations,stop_reason,events,domain_events,bytes,cpu_ns,wall_ns,p50_ns,p95_ns,p99_ns,prepared_batches,load1_before,load1_after
4096,100,4,4,4,0,domain,21,bytes,8400,8400,34648992,13227333,13240140,539150,631030,2227108,84,2.250,2.250
stderr:

[2026-07-15T18:40:10.435894+00:00] s0116 /home/bob/src/mess/.maw/workspaces/bn-1zv6/spikes/pwritev_group/target/release/pwritev_group prep-auto 4096 100 4 4 new_name 0
stdout:
payload,events_per_batch,owner_units,physical_batches,writers,chain,unit_shape,iterations,stop_reason,events,domain_events,bytes,cpu_ns,wall_ns,p50_ns,p95_ns,p99_ns,prepared_batches,load1_before,load1_after
4096,100,4,8,4,0,new_name,21,bytes,8484,8400,34660752,14302134,14537319,525439,866319,3557517,168,2.250,2.250
stderr:

[2026-07-15T18:40:11.467337+00:00] s0117 /home/bob/src/mess/.maw/workspaces/bn-1zv6/spikes/pwritev_group/target/release/pwritev_group prep-auto 4096 1000 2 2 domain 0
stdout:
payload,events_per_batch,owner_units,physical_batches,writers,chain,unit_shape,iterations,stop_reason,events,domain_events,bytes,cpu_ns,wall_ns,p50_ns,p95_ns,p99_ns,prepared_batches,load1_before,load1_after
4096,1000,2,2,2,0,domain,5,bytes,10000,10000,41240880,17849634,19628065,2675028,6458725,6458725,10,2.250,2.250
stderr:

[2026-07-15T18:40:12.496824+00:00] s0118 /home/bob/src/mess/.maw/workspaces/bn-1zv6/spikes/pwritev_group/target/release/pwritev_group prep-auto 4096 1000 2 2 new_name 0
stdout:
payload,events_per_batch,owner_units,physical_batches,writers,chain,unit_shape,iterations,stop_reason,events,domain_events,bytes,cpu_ns,wall_ns,p50_ns,p95_ns,p99_ns,prepared_batches,load1_before,load1_after
4096,1000,2,4,2,0,new_name,5,bytes,10010,10000,41242280,16394434,16529787,2647378,4359027,4359027,20,2.310,2.310
stderr:

[2026-07-15T18:40:13.525650+00:00] s0119 /home/bob/src/mess/.maw/workspaces/bn-1zv6/spikes/pwritev_group/target/release/pwritev_group prep-auto 4096 1000 4 4 domain 0
stdout:
payload,events_per_batch,owner_units,physical_batches,writers,chain,unit_shape,iterations,stop_reason,events,domain_events,bytes,cpu_ns,wall_ns,p50_ns,p95_ns,p99_ns,prepared_batches,load1_before,load1_after
4096,1000,4,4,4,0,domain,3,bytes,12000,12000,49489056,19006255,19141675,6609665,7332314,7332314,12,2.310,2.310
stderr:

[2026-07-15T18:40:14.550716+00:00] s0120 /home/bob/src/mess/.maw/workspaces/bn-1zv6/spikes/pwritev_group/target/release/pwritev_group prep-auto 4096 1000 4 4 new_name 0
stdout:
payload,events_per_batch,owner_units,physical_batches,writers,chain,unit_shape,iterations,stop_reason,events,domain_events,bytes,cpu_ns,wall_ns,p50_ns,p95_ns,p99_ns,prepared_batches,load1_before,load1_after
4096,1000,4,8,4,0,new_name,3,bytes,12012,12000,49490736,17477795,17607436,5263606,7127284,7127284,24,2.310,2.310
stderr:

[2026-07-15T18:40:15.573214+00:00] s0121 /home/bob/src/mess/.maw/workspaces/bn-1zv6/spikes/pwritev_group/target/release/pwritev_group prep-auto 65536 1 2 2 domain 0
stdout:
payload,events_per_batch,owner_units,physical_batches,writers,chain,unit_shape,iterations,stop_reason,events,domain_events,bytes,cpu_ns,wall_ns,p50_ns,p95_ns,p99_ns,prepared_batches,load1_before,load1_after
65536,1,2,2,2,0,domain,256,bytes,512,512,33613824,11676673,11753811,41860,55290,59900,512,2.310,2.310
stderr:

[2026-07-15T18:40:16.594526+00:00] s0122 /home/bob/src/mess/.maw/workspaces/bn-1zv6/spikes/pwritev_group/target/release/pwritev_group prep-auto 65536 1 2 2 new_name 0
stdout:
payload,events_per_batch,owner_units,physical_batches,writers,chain,unit_shape,iterations,stop_reason,events,domain_events,bytes,cpu_ns,wall_ns,p50_ns,p95_ns,p99_ns,prepared_batches,load1_before,load1_after
65536,1,2,4,2,0,new_name,256,bytes,1024,512,33685504,11307343,11420042,42180,50580,58650,1024,2.310,2.310
stderr:

[2026-07-15T18:40:17.617310+00:00] s0123 /home/bob/src/mess/.maw/workspaces/bn-1zv6/spikes/pwritev_group/target/release/pwritev_group prep-auto 65536 1 4 4 domain 0
stdout:
payload,events_per_batch,owner_units,physical_batches,writers,chain,unit_shape,iterations,stop_reason,events,domain_events,bytes,cpu_ns,wall_ns,p50_ns,p95_ns,p99_ns,prepared_batches,load1_before,load1_after
65536,1,4,4,4,0,domain,128,bytes,512,512,33613824,11772853,11884791,94560,102260,118910,512,2.610,2.610
stderr:

[2026-07-15T18:40:18.638880+00:00] s0124 /home/bob/src/mess/.maw/workspaces/bn-1zv6/spikes/pwritev_group/target/release/pwritev_group prep-auto 65536 1 4 4 new_name 0
stdout:
payload,events_per_batch,owner_units,physical_batches,writers,chain,unit_shape,iterations,stop_reason,events,domain_events,bytes,cpu_ns,wall_ns,p50_ns,p95_ns,p99_ns,prepared_batches,load1_before,load1_after
65536,1,4,8,4,0,new_name,128,bytes,1024,512,33685504,12046132,12125581,85230,128510,237970,1024,2.610,2.610
stderr:

[2026-07-15T18:40:19.670903+00:00] s0125 /home/bob/src/mess/.maw/workspaces/bn-1zv6/spikes/pwritev_group/target/release/pwritev_group prep-auto 65536 10 2 2 domain 0
stdout:
payload,events_per_batch,owner_units,physical_batches,writers,chain,unit_shape,iterations,stop_reason,events,domain_events,bytes,cpu_ns,wall_ns,p50_ns,p95_ns,p99_ns,prepared_batches,load1_before,load1_after
65536,10,2,2,2,0,domain,26,bytes,520,520,34097856,15422714,15550818,419260,999709,4270687,52,2.610,2.610
stderr:

[2026-07-15T18:40:20.699591+00:00] s0126 /home/bob/src/mess/.maw/workspaces/bn-1zv6/spikes/pwritev_group/target/release/pwritev_group prep-auto 65536 10 2 2 new_name 0
stdout:
payload,events_per_batch,owner_units,physical_batches,writers,chain,unit_shape,iterations,stop_reason,events,domain_events,bytes,cpu_ns,wall_ns,p50_ns,p95_ns,p99_ns,prepared_batches,load1_before,load1_after
65536,10,2,4,2,0,new_name,26,bytes,572,520,34105136,12643593,12758790,474909,702700,947539,104,2.610,2.610
stderr:

[2026-07-15T18:40:21.729049+00:00] s0127 /home/bob/src/mess/.maw/workspaces/bn-1zv6/spikes/pwritev_group/target/release/pwritev_group prep-auto 65536 10 4 4 domain 0
stdout:
payload,events_per_batch,owner_units,physical_batches,writers,chain,unit_shape,iterations,stop_reason,events,domain_events,bytes,cpu_ns,wall_ns,p50_ns,p95_ns,p99_ns,prepared_batches,load1_before,load1_after
65536,10,4,4,4,0,domain,13,bytes,520,520,34097856,11629983,11710731,841970,1092759,1362059,52,2.610,2.610
stderr:

[2026-07-15T18:40:22.756192+00:00] s0128 /home/bob/src/mess/.maw/workspaces/bn-1zv6/spikes/pwritev_group/target/release/pwritev_group prep-auto 65536 10 4 4 new_name 0
stdout:
payload,events_per_batch,owner_units,physical_batches,writers,chain,unit_shape,iterations,stop_reason,events,domain_events,bytes,cpu_ns,wall_ns,p50_ns,p95_ns,p99_ns,prepared_batches,load1_before,load1_after
65536,10,4,8,4,0,new_name,13,bytes,572,520,34105136,12333453,12438270,948939,1087499,1382258,104,2.800,2.800
stderr:

[2026-07-15T18:40:23.785207+00:00] s0129 /home/bob/src/mess/.maw/workspaces/bn-1zv6/spikes/pwritev_group/target/release/pwritev_group prep-auto 65536 100 2 2 domain 0
stdout:
payload,events_per_batch,owner_units,physical_batches,writers,chain,unit_shape,iterations,stop_reason,events,domain_events,bytes,cpu_ns,wall_ns,p50_ns,p95_ns,p99_ns,prepared_batches,load1_before,load1_after
65536,100,2,2,2,0,domain,3,bytes,600,600,39338928,14029664,14116039,4181377,5786205,5786205,6,2.800,2.800
stderr:

[2026-07-15T18:40:24.810073+00:00] s0130 /home/bob/src/mess/.maw/workspaces/bn-1zv6/spikes/pwritev_group/target/release/pwritev_group prep-auto 65536 100 2 2 new_name 0
stdout:
payload,events_per_batch,owner_units,physical_batches,writers,chain,unit_shape,iterations,stop_reason,events,domain_events,bytes,cpu_ns,wall_ns,p50_ns,p95_ns,p99_ns,prepared_batches,load1_before,load1_after
65536,100,2,4,2,0,new_name,3,bytes,606,600,39339768,14423852,14539479,4562727,5798736,5798736,12,2.800,2.800
stderr:

[2026-07-15T18:40:25.845824+00:00] s0131 /home/bob/src/mess/.maw/workspaces/bn-1zv6/spikes/pwritev_group/target/release/pwritev_group prep-auto 65536 100 4 4 domain 0
stdout:
payload,events_per_batch,owner_units,physical_batches,writers,chain,unit_shape,iterations,stop_reason,events,domain_events,bytes,cpu_ns,wall_ns,p50_ns,p95_ns,p99_ns,prepared_batches,load1_before,load1_after
65536,100,4,4,4,0,domain,2,bytes,800,800,52451904,18224115,18416006,10018443,10018443,10018443,8,2.800,2.800
stderr:

[2026-07-15T18:40:26.872023+00:00] s0132 /home/bob/src/mess/.maw/workspaces/bn-1zv6/spikes/pwritev_group/target/release/pwritev_group prep-auto 65536 100 4 4 new_name 0
stdout:
payload,events_per_batch,owner_units,physical_batches,writers,chain,unit_shape,iterations,stop_reason,events,domain_events,bytes,cpu_ns,wall_ns,p50_ns,p95_ns,p99_ns,prepared_batches,load1_before,load1_after
65536,100,4,8,4,0,new_name,2,bytes,808,800,52453024,20010065,20142735,11516702,11516702,11516702,16,2.580,2.580
stderr:

[2026-07-15T18:40:27.897011+00:00] s0133 /home/bob/src/mess/.maw/workspaces/bn-1zv6/spikes/pwritev_group/target/release/pwritev_group prep-auto 65536 1000 2 2 domain 0
stdout:
payload,events_per_batch,owner_units,physical_batches,writers,chain,unit_shape,iterations,stop_reason,events,domain_events,bytes,cpu_ns,wall_ns,p50_ns,p95_ns,p99_ns,prepared_batches,load1_before,load1_after
65536,1000,2,2,2,0,domain,1,bytes,2000,2000,131128176,56571584,57243456,57242446,57242446,57242446,2,2.580,2.580
stderr:

[2026-07-15T18:40:28.928057+00:00] s0134 /home/bob/src/mess/.maw/workspaces/bn-1zv6/spikes/pwritev_group/target/release/pwritev_group prep-auto 65536 1000 2 2 new_name 0
stdout:
payload,events_per_batch,owner_units,physical_batches,writers,chain,unit_shape,iterations,stop_reason,events,domain_events,bytes,cpu_ns,wall_ns,p50_ns,p95_ns,p99_ns,prepared_batches,load1_before,load1_after
65536,1000,2,4,2,0,new_name,1,bytes,2002,2000,131128456,54972784,55405888,55405148,55405148,55405148,4,2.580,2.580
stderr:

[2026-07-15T18:40:29.951978+00:00] s0135 /home/bob/src/mess/.maw/workspaces/bn-1zv6/spikes/pwritev_group/target/release/pwritev_group prep-auto 65536 1000 4 4 domain 0
stdout:
payload,events_per_batch,owner_units,physical_batches,writers,chain,unit_shape,iterations,stop_reason,events,domain_events,bytes,cpu_ns,wall_ns,p50_ns,p95_ns,p99_ns,prepared_batches,load1_before,load1_after
65536,1000,4,4,4,0,domain,1,bytes,4000,4000,262256352,109629718,111183996,111183226,111183226,111183226,4,2.580,2.580
stderr:

[2026-07-15T18:40:30.974488+00:00] s0136 /home/bob/src/mess/.maw/workspaces/bn-1zv6/spikes/pwritev_group/target/release/pwritev_group prep-auto 65536 1000 4 4 new_name 0
stdout:
payload,events_per_batch,owner_units,physical_batches,writers,chain,unit_shape,iterations,stop_reason,events,domain_events,bytes,cpu_ns,wall_ns,p50_ns,p95_ns,p99_ns,prepared_batches,load1_before,load1_after
65536,1000,4,8,4,0,new_name,1,bytes,4004,4000,262256912,114843238,115990292,115989372,115989372,115989372,8,2.580,2.580
stderr:

[2026-07-15T18:40:32.004563+00:00] e000001 /home/bob/src/mess/.maw/workspaces/bn-1zv6/spikes/pwritev_group/target/release/pwritev_group point-auto k_pwrite process 24 1 2 2 domain 0
stdout:
variant,mode,payload,events_per_batch,owner_units,physical_batches,writers,chain,unit_shape,iterations,stop_reason,events,domain_events,bytes,write_syscalls,short_writes,interrupted,max_iovecs,copied_bytes,barriers,cpu_ns,wall_ns,p50_ns,p95_ns,p99_ns,load1_before,load1_after
k_pwrite,process,24,1,2,2,2,0,domain,119838,bytes,239676,239676,33554640,239676,0,0,0,0,0,194486619,198766569,1470,1850,2050,3.010,3.010
stderr:

[2026-07-15T18:40:33.032424+00:00] e000002 /home/bob/src/mess/.maw/workspaces/bn-1zv6/spikes/pwritev_group/target/release/pwritev_group point-auto pwritev_full_8m process 24 1 2 2 domain 0
stdout:
variant,mode,payload,events_per_batch,owner_units,physical_batches,writers,chain,unit_shape,iterations,stop_reason,events,domain_events,bytes,write_syscalls,short_writes,interrupted,max_iovecs,copied_bytes,barriers,cpu_ns,wall_ns,p50_ns,p95_ns,p99_ns,load1_before,load1_after
pwritev_full_8m,process,24,1,2,2,2,0,domain,119838,bytes,239676,239676,33554640,119838,0,0,2,0,0,119046910,120292719,890,1080,1160,3.010,3.010
stderr:

[2026-07-15T18:40:34.061026+00:00] e000003 /home/bob/src/mess/.maw/workspaces/bn-1zv6/spikes/pwritev_group/target/release/pwritev_group point-auto pwritev_full_8m process 24 1 2 2 domain 0
stdout:
variant,mode,payload,events_per_batch,owner_units,physical_batches,writers,chain,unit_shape,iterations,stop_reason,events,domain_events,bytes,write_syscalls,short_writes,interrupted,max_iovecs,copied_bytes,barriers,cpu_ns,wall_ns,p50_ns,p95_ns,p99_ns,load1_before,load1_after
pwritev_full_8m,process,24,1,2,2,2,0,domain,119838,bytes,239676,239676,33554640,119838,0,0,2,0,0,119341230,120412528,890,1090,1190,3.010,3.010
stderr:

[2026-07-15T18:40:35.085127+00:00] e000004 /home/bob/src/mess/.maw/workspaces/bn-1zv6/spikes/pwritev_group/target/release/pwritev_group point-auto k_pwrite process 24 1 2 2 domain 0
stdout:
variant,mode,payload,events_per_batch,owner_units,physical_batches,writers,chain,unit_shape,iterations,stop_reason,events,domain_events,bytes,write_syscalls,short_writes,interrupted,max_iovecs,copied_bytes,barriers,cpu_ns,wall_ns,p50_ns,p95_ns,p99_ns,load1_before,load1_after
k_pwrite,process,24,1,2,2,2,0,domain,119838,bytes,239676,239676,33554640,239676,0,0,0,0,0,190756557,195737292,1470,1789,1940,3.010,3.010
stderr:

[2026-07-15T18:40:36.114416+00:00] e000005 /home/bob/src/mess/.maw/workspaces/bn-1zv6/spikes/pwritev_group/target/release/pwritev_group point-auto copy_contiguous process 24 1 2 2 domain 0
stdout:
variant,mode,payload,events_per_batch,owner_units,physical_batches,writers,chain,unit_shape,iterations,stop_reason,events,domain_events,bytes,write_syscalls,short_writes,interrupted,max_iovecs,copied_bytes,barriers,cpu_ns,wall_ns,p50_ns,p95_ns,p99_ns,load1_before,load1_after
copy_contiguous,process,24,1,2,2,2,0,domain,119838,bytes,239676,239676,33554640,119838,0,0,0,33554640,0,106956487,107785338,790,1030,1070,3.010,3.010
stderr:

[2026-07-15T18:40:37.143913+00:00] e000006 /home/bob/src/mess/.maw/workspaces/bn-1zv6/spikes/pwritev_group/target/release/pwritev_group point-auto k_pwrite process 24 1 2 2 domain 0
stdout:
variant,mode,payload,events_per_batch,owner_units,physical_batches,writers,chain,unit_shape,iterations,stop_reason,events,domain_events,bytes,write_syscalls,short_writes,interrupted,max_iovecs,copied_bytes,barriers,cpu_ns,wall_ns,p50_ns,p95_ns,p99_ns,load1_before,load1_after
k_pwrite,process,24,1,2,2,2,0,domain,119838,bytes,239676,239676,33554640,239676,0,0,0,0,0,193259569,194772922,1480,1810,1940,2.930,2.930
stderr:

[2026-07-15T18:40:38.166648+00:00] e000007 /home/bob/src/mess/.maw/workspaces/bn-1zv6/spikes/pwritev_group/target/release/pwritev_group point-auto k_pwrite process 24 1 2 2 domain 0
stdout:
variant,mode,payload,events_per_batch,owner_units,physical_batches,writers,chain,unit_shape,iterations,stop_reason,events,domain_events,bytes,write_syscalls,short_writes,interrupted,max_iovecs,copied_bytes,barriers,cpu_ns,wall_ns,p50_ns,p95_ns,p99_ns,load1_before,load1_after
k_pwrite,process,24,1,2,2,2,0,domain,119838,bytes,239676,239676,33554640,239676,0,0,0,0,0,199392659,201329318,1480,1830,2020,2.930,2.930
stderr:

[2026-07-15T18:40:39.196453+00:00] e000008 /home/bob/src/mess/.maw/workspaces/bn-1zv6/spikes/pwritev_group/target/release/pwritev_group point-auto copy_contiguous process 24 1 2 2 domain 0
stdout:
variant,mode,payload,events_per_batch,owner_units,physical_batches,writers,chain,unit_shape,iterations,stop_reason,events,domain_events,bytes,write_syscalls,short_writes,interrupted,max_iovecs,copied_bytes,barriers,cpu_ns,wall_ns,p50_ns,p95_ns,p99_ns,load1_before,load1_after
copy_contiguous,process,24,1,2,2,2,0,domain,119838,bytes,239676,239676,33554640,119838,0,0,0,33554640,0,108045607,109320857,800,980,1060,2.930,2.930
stderr:

[2026-07-15T18:40:40.226736+00:00] e000009 /home/bob/src/mess/.maw/workspaces/bn-1zv6/spikes/pwritev_group/target/release/pwritev_group point-auto k_pwrite process 24 1 2 2 new_name 0
stdout:
variant,mode,payload,events_per_batch,owner_units,physical_batches,writers,chain,unit_shape,iterations,stop_reason,events,domain_events,bytes,write_syscalls,short_writes,interrupted,max_iovecs,copied_bytes,barriers,cpu_ns,wall_ns,p50_ns,p95_ns,p99_ns,load1_before,load1_after
k_pwrite,process,24,1,2,4,2,0,new_name,59919,bytes,239676,119838,33554640,239676,0,0,0,0,0,187030867,189621986,2900,3530,4880,2.930,2.930
stderr:

[2026-07-15T18:40:41.257777+00:00] e000010 /home/bob/src/mess/.maw/workspaces/bn-1zv6/spikes/pwritev_group/target/release/pwritev_group point-auto pwritev_full_8m process 24 1 2 2 new_name 0
stdout:
variant,mode,payload,events_per_batch,owner_units,physical_batches,writers,chain,unit_shape,iterations,stop_reason,events,domain_events,bytes,write_syscalls,short_writes,interrupted,max_iovecs,copied_bytes,barriers,cpu_ns,wall_ns,p50_ns,p95_ns,p99_ns,load1_before,load1_after
pwritev_full_8m,process,24,1,2,4,2,0,new_name,59919,bytes,239676,119838,33554640,59919,0,0,4,0,0,64095716,64858261,970,1190,1250,2.930,2.930
stderr:

[2026-07-15T18:40:42.289326+00:00] e000011 /home/bob/src/mess/.maw/workspaces/bn-1zv6/spikes/pwritev_group/target/release/pwritev_group point-auto pwritev_full_8m process 24 1 2 2 new_name 0
stdout:
variant,mode,payload,events_per_batch,owner_units,physical_batches,writers,chain,unit_shape,iterations,stop_reason,events,domain_events,bytes,write_syscalls,short_writes,interrupted,max_iovecs,copied_bytes,barriers,cpu_ns,wall_ns,p50_ns,p95_ns,p99_ns,load1_before,load1_after
pwritev_full_8m,process,24,1,2,4,2,0,new_name,59919,bytes,239676,119838,33554640,59919,0,0,4,0,0,65476117,67616669,980,1150,1250,2.690,2.690
stderr:

[2026-07-15T18:40:43.319336+00:00] e000012 /home/bob/src/mess/.maw/workspaces/bn-1zv6/spikes/pwritev_group/target/release/pwritev_group point-auto k_pwrite process 24 1 2 2 new_name 0
stdout:
variant,mode,payload,events_per_batch,owner_units,physical_batches,writers,chain,unit_shape,iterations,stop_reason,events,domain_events,bytes,write_syscalls,short_writes,interrupted,max_iovecs,copied_bytes,barriers,cpu_ns,wall_ns,p50_ns,p95_ns,p99_ns,load1_before,load1_after
k_pwrite,process,24,1,2,4,2,0,new_name,59919,bytes,239676,119838,33554640,239676,0,0,0,0,0,193075568,194768413,2910,3460,8340,2.690,2.690
stderr:

[2026-07-15T18:40:44.348604+00:00] e000013 /home/bob/src/mess/.maw/workspaces/bn-1zv6/spikes/pwritev_group/target/release/pwritev_group point-auto copy_contiguous process 24 1 2 2 new_name 0
stdout:
variant,mode,payload,events_per_batch,owner_units,physical_batches,writers,chain,unit_shape,iterations,stop_reason,events,domain_events,bytes,write_syscalls,short_writes,interrupted,max_iovecs,copied_bytes,barriers,cpu_ns,wall_ns,p50_ns,p95_ns,p99_ns,load1_before,load1_after
copy_contiguous,process,24,1,2,4,2,0,new_name,59919,bytes,239676,119838,33554640,59919,0,0,0,33554640,0,55393764,55799517,810,990,1120,2.690,2.690
stderr:

[2026-07-15T18:40:45.370218+00:00] e000014 /home/bob/src/mess/.maw/workspaces/bn-1zv6/spikes/pwritev_group/target/release/pwritev_group point-auto k_pwrite process 24 1 2 2 new_name 0
stdout:
variant,mode,payload,events_per_batch,owner_units,physical_batches,writers,chain,unit_shape,iterations,stop_reason,events,domain_events,bytes,write_syscalls,short_writes,interrupted,max_iovecs,copied_bytes,barriers,cpu_ns,wall_ns,p50_ns,p95_ns,p99_ns,load1_before,load1_after
k_pwrite,process,24,1,2,4,2,0,new_name,59919,bytes,239676,119838,33554640,239676,0,0,0,0,0,181826756,183213771,2900,3460,3900,2.690,2.690
stderr:

[2026-07-15T18:40:46.400372+00:00] e000015 /home/bob/src/mess/.maw/workspaces/bn-1zv6/spikes/pwritev_group/target/release/pwritev_group point-auto k_pwrite process 24 1 2 2 new_name 0
stdout:
variant,mode,payload,events_per_batch,owner_units,physical_batches,writers,chain,unit_shape,iterations,stop_reason,events,domain_events,bytes,write_syscalls,short_writes,interrupted,max_iovecs,copied_bytes,barriers,cpu_ns,wall_ns,p50_ns,p95_ns,p99_ns,load1_before,load1_after
k_pwrite,process,24,1,2,4,2,0,new_name,59919,bytes,239676,119838,33554640,239676,0,0,0,0,0,191563007,193525514,2910,3570,10310,2.690,2.690
stderr:

[2026-07-15T18:40:47.430859+00:00] e000016 /home/bob/src/mess/.maw/workspaces/bn-1zv6/spikes/pwritev_group/target/release/pwritev_group point-auto copy_contiguous process 24 1 2 2 new_name 0
stdout:
variant,mode,payload,events_per_batch,owner_units,physical_batches,writers,chain,unit_shape,iterations,stop_reason,events,domain_events,bytes,write_syscalls,short_writes,interrupted,max_iovecs,copied_bytes,barriers,cpu_ns,wall_ns,p50_ns,p95_ns,p99_ns,load1_before,load1_after
copy_contiguous,process,24,1,2,4,2,0,new_name,59919,bytes,239676,119838,33554640,59919,0,0,0,33554640,0,54847273,56042538,810,1010,1090,2.560,2.560
stderr:

[2026-07-15T18:40:48.456531+00:00] e000017 /home/bob/src/mess/.maw/workspaces/bn-1zv6/spikes/pwritev_group/target/release/pwritev_group point-auto k_pwrite process 24 1 4 4 domain 0
stdout:
variant,mode,payload,events_per_batch,owner_units,physical_batches,writers,chain,unit_shape,iterations,stop_reason,events,domain_events,bytes,write_syscalls,short_writes,interrupted,max_iovecs,copied_bytes,barriers,cpu_ns,wall_ns,p50_ns,p95_ns,p99_ns,load1_before,load1_after
k_pwrite,process,24,1,4,4,4,0,domain,59919,bytes,239676,239676,33554640,239676,0,0,0,0,0,181977606,183772812,2890,3490,3900,2.560,2.560
stderr:

[2026-07-15T18:40:49.486463+00:00] e000018 /home/bob/src/mess/.maw/workspaces/bn-1zv6/spikes/pwritev_group/target/release/pwritev_group point-auto pwritev_full_8m process 24 1 4 4 domain 0
stdout:
variant,mode,payload,events_per_batch,owner_units,physical_batches,writers,chain,unit_shape,iterations,stop_reason,events,domain_events,bytes,write_syscalls,short_writes,interrupted,max_iovecs,copied_bytes,barriers,cpu_ns,wall_ns,p50_ns,p95_ns,p99_ns,load1_before,load1_after
pwritev_full_8m,process,24,1,4,4,4,0,domain,59919,bytes,239676,239676,33554640,59919,0,0,4,0,0,64909266,65496360,970,1170,1290,2.560,2.560
stderr:

[2026-07-15T18:40:50.519361+00:00] e000019 /home/bob/src/mess/.maw/workspaces/bn-1zv6/spikes/pwritev_group/target/release/pwritev_group point-auto pwritev_full_8m process 24 1 4 4 domain 0
stdout:
variant,mode,payload,events_per_batch,owner_units,physical_batches,writers,chain,unit_shape,iterations,stop_reason,events,domain_events,bytes,write_syscalls,short_writes,interrupted,max_iovecs,copied_bytes,barriers,cpu_ns,wall_ns,p50_ns,p95_ns,p99_ns,load1_before,load1_after
pwritev_full_8m,process,24,1,4,4,4,0,domain,59919,bytes,239676,239676,33554640,59919,0,0,4,0,0,67824967,68403618,970,1220,1300,2.560,2.560
stderr:

[2026-07-15T18:40:51.542038+00:00] e000020 /home/bob/src/mess/.maw/workspaces/bn-1zv6/spikes/pwritev_group/target/release/pwritev_group point-auto k_pwrite process 24 1 4 4 domain 0
stdout:
variant,mode,payload,events_per_batch,owner_units,physical_batches,writers,chain,unit_shape,iterations,stop_reason,events,domain_events,bytes,write_syscalls,short_writes,interrupted,max_iovecs,copied_bytes,barriers,cpu_ns,wall_ns,p50_ns,p95_ns,p99_ns,load1_before,load1_after
k_pwrite,process,24,1,4,4,4,0,domain,59919,bytes,239676,239676,33554640,239676,0,0,0,0,0,183626596,185125790,2900,3480,3730,2.560,2.560
stderr:

[2026-07-15T18:40:52.570762+00:00] e000021 /home/bob/src/mess/.maw/workspaces/bn-1zv6/spikes/pwritev_group/target/release/pwritev_group point-auto copy_contiguous process 24 1 4 4 domain 0
stdout:
variant,mode,payload,events_per_batch,owner_units,physical_batches,writers,chain,unit_shape,iterations,stop_reason,events,domain_events,bytes,write_syscalls,short_writes,interrupted,max_iovecs,copied_bytes,barriers,cpu_ns,wall_ns,p50_ns,p95_ns,p99_ns,load1_before,load1_after
copy_contiguous,process,24,1,4,4,4,0,domain,59919,bytes,239676,239676,33554640,59919,0,0,0,33554640,0,56830574,57389626,810,1070,1150,2.510,2.510
stderr:

[2026-07-15T18:40:53.598848+00:00] e000022 /home/bob/src/mess/.maw/workspaces/bn-1zv6/spikes/pwritev_group/target/release/pwritev_group point-auto k_pwrite process 24 1 4 4 domain 0
stdout:
variant,mode,payload,events_per_batch,owner_units,physical_batches,writers,chain,unit_shape,iterations,stop_reason,events,domain_events,bytes,write_syscalls,short_writes,interrupted,max_iovecs,copied_bytes,barriers,cpu_ns,wall_ns,p50_ns,p95_ns,p99_ns,load1_before,load1_after
k_pwrite,process,24,1,4,4,4,0,domain,59919,bytes,239676,239676,33554640,239676,0,0,0,0,0,184767506,187019569,2890,3480,4680,2.510,2.510
stderr:

[2026-07-15T18:40:54.629163+00:00] e000023 /home/bob/src/mess/.maw/workspaces/bn-1zv6/spikes/pwritev_group/target/release/pwritev_group point-auto k_pwrite process 24 1 4 4 domain 0
stdout:
variant,mode,payload,events_per_batch,owner_units,physical_batches,writers,chain,unit_shape,iterations,stop_reason,events,domain_events,bytes,write_syscalls,short_writes,interrupted,max_iovecs,copied_bytes,barriers,cpu_ns,wall_ns,p50_ns,p95_ns,p99_ns,load1_before,load1_after
k_pwrite,process,24,1,4,4,4,0,domain,59919,bytes,239676,239676,33554640,239676,0,0,0,0,0,189493568,191285796,2900,3590,4460,2.510,2.510
stderr:

[2026-07-15T18:40:55.663511+00:00] e000024 /home/bob/src/mess/.maw/workspaces/bn-1zv6/spikes/pwritev_group/target/release/pwritev_group point-auto copy_contiguous process 24 1 4 4 domain 0
stdout:
variant,mode,payload,events_per_batch,owner_units,physical_batches,writers,chain,unit_shape,iterations,stop_reason,events,domain_events,bytes,write_syscalls,short_writes,interrupted,max_iovecs,copied_bytes,barriers,cpu_ns,wall_ns,p50_ns,p95_ns,p99_ns,load1_before,load1_after
copy_contiguous,process,24,1,4,4,4,0,domain,59919,bytes,239676,239676,33554640,59919,0,0,0,33554640,0,54146462,54545149,810,960,1030,2.510,2.510
stderr:

[2026-07-15T18:40:56.693164+00:00] e000025 /home/bob/src/mess/.maw/workspaces/bn-1zv6/spikes/pwritev_group/target/release/pwritev_group point-auto k_pwrite process 24 1 4 4 new_name 0
stdout:
variant,mode,payload,events_per_batch,owner_units,physical_batches,writers,chain,unit_shape,iterations,stop_reason,events,domain_events,bytes,write_syscalls,short_writes,interrupted,max_iovecs,copied_bytes,barriers,cpu_ns,wall_ns,p50_ns,p95_ns,p99_ns,load1_before,load1_after
k_pwrite,process,24,1,4,8,4,0,new_name,29960,bytes,239680,119840,33555200,239680,0,0,0,0,0,180505344,181886953,5700,6880,12750,2.510,2.550
stderr:

[2026-07-15T18:40:57.723462+00:00] e000026 /home/bob/src/mess/.maw/workspaces/bn-1zv6/spikes/pwritev_group/target/release/pwritev_group point-auto pwritev_full_8m process 24 1 4 4 new_name 0
stdout:
variant,mode,payload,events_per_batch,owner_units,physical_batches,writers,chain,unit_shape,iterations,stop_reason,events,domain_events,bytes,write_syscalls,short_writes,interrupted,max_iovecs,copied_bytes,barriers,cpu_ns,wall_ns,p50_ns,p95_ns,p99_ns,load1_before,load1_after
pwritev_full_8m,process,24,1,4,8,4,0,new_name,29960,bytes,239680,119840,33555200,29960,0,0,8,0,0,36953739,37237152,1110,1310,1530,2.550,2.550
stderr:

[2026-07-15T18:40:58.754465+00:00] e000027 /home/bob/src/mess/.maw/workspaces/bn-1zv6/spikes/pwritev_group/target/release/pwritev_group point-auto pwritev_full_8m process 24 1 4 4 new_name 0
stdout:
variant,mode,payload,events_per_batch,owner_units,physical_batches,writers,chain,unit_shape,iterations,stop_reason,events,domain_events,bytes,write_syscalls,short_writes,interrupted,max_iovecs,copied_bytes,barriers,cpu_ns,wall_ns,p50_ns,p95_ns,p99_ns,load1_before,load1_after
pwritev_full_8m,process,24,1,4,8,4,0,new_name,29960,bytes,239680,119840,33555200,29960,0,0,8,0,0,38712860,38956280,1110,1340,2070,2.550,2.550
stderr:

[2026-07-15T18:40:59.784355+00:00] e000028 /home/bob/src/mess/.maw/workspaces/bn-1zv6/spikes/pwritev_group/target/release/pwritev_group point-auto k_pwrite process 24 1 4 4 new_name 0
stdout:
variant,mode,payload,events_per_batch,owner_units,physical_batches,writers,chain,unit_shape,iterations,stop_reason,events,domain_events,bytes,write_syscalls,short_writes,interrupted,max_iovecs,copied_bytes,barriers,cpu_ns,wall_ns,p50_ns,p95_ns,p99_ns,load1_before,load1_after
k_pwrite,process,24,1,4,8,4,0,new_name,29960,bytes,239680,119840,33555200,239680,0,0,0,0,0,183749955,186787189,5750,7140,13710,2.550,2.550
stderr:

[2026-07-15T18:41:00.813953+00:00] e000029 /home/bob/src/mess/.maw/workspaces/bn-1zv6/spikes/pwritev_group/target/release/pwritev_group point-auto copy_contiguous process 24 1 4 4 new_name 0
stdout:
variant,mode,payload,events_per_batch,owner_units,physical_batches,writers,chain,unit_shape,iterations,stop_reason,events,domain_events,bytes,write_syscalls,short_writes,interrupted,max_iovecs,copied_bytes,barriers,cpu_ns,wall_ns,p50_ns,p95_ns,p99_ns,load1_before,load1_after
copy_contiguous,process,24,1,4,8,4,0,new_name,29960,bytes,239680,119840,33555200,29960,0,0,0,33555200,0,28377027,28646878,850,1010,1120,2.550,2.550
stderr:

[2026-07-15T18:41:01.835700+00:00] e000030 /home/bob/src/mess/.maw/workspaces/bn-1zv6/spikes/pwritev_group/target/release/pwritev_group point-auto k_pwrite process 24 1 4 4 new_name 0
stdout:
variant,mode,payload,events_per_batch,owner_units,physical_batches,writers,chain,unit_shape,iterations,stop_reason,events,domain_events,bytes,write_syscalls,short_writes,interrupted,max_iovecs,copied_bytes,barriers,cpu_ns,wall_ns,p50_ns,p95_ns,p99_ns,load1_before,load1_after
k_pwrite,process,24,1,4,8,4,0,new_name,29960,bytes,239680,119840,33555200,239680,0,0,0,0,0,176926895,178721666,5690,6750,8130,2.750,2.750
stderr:

[2026-07-15T18:41:02.860217+00:00] e000031 /home/bob/src/mess/.maw/workspaces/bn-1zv6/spikes/pwritev_group/target/release/pwritev_group point-auto k_pwrite process 24 1 4 4 new_name 0
stdout:
variant,mode,payload,events_per_batch,owner_units,physical_batches,writers,chain,unit_shape,iterations,stop_reason,events,domain_events,bytes,write_syscalls,short_writes,interrupted,max_iovecs,copied_bytes,barriers,cpu_ns,wall_ns,p50_ns,p95_ns,p99_ns,load1_before,load1_after
k_pwrite,process,24,1,4,8,4,0,new_name,29960,bytes,239680,119840,33555200,239680,0,0,0,0,0,183432365,184893510,5710,6900,14320,2.750,2.750
stderr:

[2026-07-15T18:41:03.890157+00:00] e000032 /home/bob/src/mess/.maw/workspaces/bn-1zv6/spikes/pwritev_group/target/release/pwritev_group point-auto copy_contiguous process 24 1 4 4 new_name 0
stdout:
variant,mode,payload,events_per_batch,owner_units,physical_batches,writers,chain,unit_shape,iterations,stop_reason,events,domain_events,bytes,write_syscalls,short_writes,interrupted,max_iovecs,copied_bytes,barriers,cpu_ns,wall_ns,p50_ns,p95_ns,p99_ns,load1_before,load1_after
copy_contiguous,process,24,1,4,8,4,0,new_name,29960,bytes,239680,119840,33555200,29960,0,0,0,33555200,0,28158197,28421129,850,980,1080,2.750,2.750
stderr:

[2026-07-15T18:41:04.913529+00:00] e000033 /home/bob/src/mess/.maw/workspaces/bn-1zv6/spikes/pwritev_group/target/release/pwritev_group point-auto k_pwrite process 24 1 16 4 domain 0
stdout:
variant,mode,payload,events_per_batch,owner_units,physical_batches,writers,chain,unit_shape,iterations,stop_reason,events,domain_events,bytes,write_syscalls,short_writes,interrupted,max_iovecs,copied_bytes,barriers,cpu_ns,wall_ns,p50_ns,p95_ns,p99_ns,load1_before,load1_after
k_pwrite,process,24,1,16,16,4,0,domain,14980,bytes,239680,239680,33555200,239680,0,0,0,0,0,176840125,179003495,11400,13940,19940,2.750,2.750
stderr:

[2026-07-15T18:41:05.943399+00:00] e000034 /home/bob/src/mess/.maw/workspaces/bn-1zv6/spikes/pwritev_group/target/release/pwritev_group point-auto pwritev_full_8m process 24 1 16 4 domain 0
stdout:
variant,mode,payload,events_per_batch,owner_units,physical_batches,writers,chain,unit_shape,iterations,stop_reason,events,domain_events,bytes,write_syscalls,short_writes,interrupted,max_iovecs,copied_bytes,barriers,cpu_ns,wall_ns,p50_ns,p95_ns,p99_ns,load1_before,load1_after
pwritev_full_8m,process,24,1,16,16,4,0,domain,14980,bytes,239680,239680,33555200,14980,0,0,16,0,0,23452126,23614203,1470,1770,1840,2.750,2.750
stderr:

[2026-07-15T18:41:06.971812+00:00] e000035 /home/bob/src/mess/.maw/workspaces/bn-1zv6/spikes/pwritev_group/target/release/pwritev_group point-auto pwritev_full_8m process 24 1 16 4 domain 0
stdout:
variant,mode,payload,events_per_batch,owner_units,physical_batches,writers,chain,unit_shape,iterations,stop_reason,events,domain_events,bytes,write_syscalls,short_writes,interrupted,max_iovecs,copied_bytes,barriers,cpu_ns,wall_ns,p50_ns,p95_ns,p99_ns,load1_before,load1_after
pwritev_full_8m,process,24,1,16,16,4,0,domain,14980,bytes,239680,239680,33555200,14980,0,0,16,0,0,23842936,24066072,1470,1890,1920,2.770,2.770
stderr:

[2026-07-15T18:41:07.995488+00:00] e000036 /home/bob/src/mess/.maw/workspaces/bn-1zv6/spikes/pwritev_group/target/release/pwritev_group point-auto k_pwrite process 24 1 16 4 domain 0
stdout:
variant,mode,payload,events_per_batch,owner_units,physical_batches,writers,chain,unit_shape,iterations,stop_reason,events,domain_events,bytes,write_syscalls,short_writes,interrupted,max_iovecs,copied_bytes,barriers,cpu_ns,wall_ns,p50_ns,p95_ns,p99_ns,load1_before,load1_after
k_pwrite,process,24,1,16,16,4,0,domain,14980,bytes,239680,239680,33555200,239680,0,0,0,0,0,174786104,176518997,11320,13560,20210,2.770,2.770
stderr:

[2026-07-15T18:41:09.024202+00:00] e000037 /home/bob/src/mess/.maw/workspaces/bn-1zv6/spikes/pwritev_group/target/release/pwritev_group point-auto copy_contiguous process 24 1 16 4 domain 0
stdout:
variant,mode,payload,events_per_batch,owner_units,physical_batches,writers,chain,unit_shape,iterations,stop_reason,events,domain_events,bytes,write_syscalls,short_writes,interrupted,max_iovecs,copied_bytes,barriers,cpu_ns,wall_ns,p50_ns,p95_ns,p99_ns,load1_before,load1_after
copy_contiguous,process,24,1,16,16,4,0,domain,14980,bytes,239680,239680,33555200,14980,0,0,0,33555200,0,15563814,15708738,910,1070,1710,2.770,2.770
stderr:

[2026-07-15T18:41:10.054311+00:00] e000038 /home/bob/src/mess/.maw/workspaces/bn-1zv6/spikes/pwritev_group/target/release/pwritev_group point-auto k_pwrite process 24 1 16 4 domain 0
stdout:
variant,mode,payload,events_per_batch,owner_units,physical_batches,writers,chain,unit_shape,iterations,stop_reason,events,domain_events,bytes,write_syscalls,short_writes,interrupted,max_iovecs,copied_bytes,barriers,cpu_ns,wall_ns,p50_ns,p95_ns,p99_ns,load1_before,load1_after
k_pwrite,process,24,1,16,16,4,0,domain,14980,bytes,239680,239680,33555200,239680,0,0,0,0,0,173920574,175292998,11340,12790,19390,2.770,2.770
stderr:

[2026-07-15T18:41:11.086414+00:00] e000039 /home/bob/src/mess/.maw/workspaces/bn-1zv6/spikes/pwritev_group/target/release/pwritev_group point-auto k_pwrite process 24 1 16 4 domain 0
stdout:
variant,mode,payload,events_per_batch,owner_units,physical_batches,writers,chain,unit_shape,iterations,stop_reason,events,domain_events,bytes,write_syscalls,short_writes,interrupted,max_iovecs,copied_bytes,barriers,cpu_ns,wall_ns,p50_ns,p95_ns,p99_ns,load1_before,load1_after
k_pwrite,process,24,1,16,16,4,0,domain,14980,bytes,239680,239680,33555200,239680,0,0,0,0,0,177557764,180679374,11370,13820,20280,2.770,2.770
stderr:

[2026-07-15T18:41:12.118002+00:00] e000040 /home/bob/src/mess/.maw/workspaces/bn-1zv6/spikes/pwritev_group/target/release/pwritev_group point-auto copy_contiguous process 24 1 16 4 domain 0
stdout:
variant,mode,payload,events_per_batch,owner_units,physical_batches,writers,chain,unit_shape,iterations,stop_reason,events,domain_events,bytes,write_syscalls,short_writes,interrupted,max_iovecs,copied_bytes,barriers,cpu_ns,wall_ns,p50_ns,p95_ns,p99_ns,load1_before,load1_after
copy_contiguous,process,24,1,16,16,4,0,domain,14980,bytes,239680,239680,33555200,14980,0,0,0,33555200,0,14906833,15111559,910,1090,1160,2.950,2.950
stderr:

[2026-07-15T18:41:13.147927+00:00] e000041 /home/bob/src/mess/.maw/workspaces/bn-1zv6/spikes/pwritev_group/target/release/pwritev_group point-auto k_pwrite process 24 1 16 4 new_name 0
stdout:
variant,mode,payload,events_per_batch,owner_units,physical_batches,writers,chain,unit_shape,iterations,stop_reason,events,domain_events,bytes,write_syscalls,short_writes,interrupted,max_iovecs,copied_bytes,barriers,cpu_ns,wall_ns,p50_ns,p95_ns,p99_ns,load1_before,load1_after
k_pwrite,process,24,1,16,32,4,0,new_name,7490,bytes,239680,119840,33555200,239680,0,0,0,0,0,179266345,180699893,23060,29510,34390,2.950,2.950
stderr:

[2026-07-15T18:41:14.179821+00:00] e000042 /home/bob/src/mess/.maw/workspaces/bn-1zv6/spikes/pwritev_group/target/release/pwritev_group point-auto pwritev_full_8m process 24 1 16 4 new_name 0
stdout:
variant,mode,payload,events_per_batch,owner_units,physical_batches,writers,chain,unit_shape,iterations,stop_reason,events,domain_events,bytes,write_syscalls,short_writes,interrupted,max_iovecs,copied_bytes,barriers,cpu_ns,wall_ns,p50_ns,p95_ns,p99_ns,load1_before,load1_after
pwritev_full_8m,process,24,1,16,32,4,0,new_name,7490,bytes,239680,119840,33555200,7490,0,0,32,0,0,19028775,19168955,2450,2480,3010,2.950,2.950
stderr:

[2026-07-15T18:41:15.210675+00:00] e000043 /home/bob/src/mess/.maw/workspaces/bn-1zv6/spikes/pwritev_group/target/release/pwritev_group point-auto pwritev_full_8m process 24 1 16 4 new_name 0
stdout:
variant,mode,payload,events_per_batch,owner_units,physical_batches,writers,chain,unit_shape,iterations,stop_reason,events,domain_events,bytes,write_syscalls,short_writes,interrupted,max_iovecs,copied_bytes,barriers,cpu_ns,wall_ns,p50_ns,p95_ns,p99_ns,load1_before,load1_after
pwritev_full_8m,process,24,1,16,32,4,0,new_name,7490,bytes,239680,119840,33555200,7490,0,0,32,0,0,20359445,20535074,2450,3220,3300,2.950,2.950
stderr:

[2026-07-15T18:41:16.234138+00:00] e000044 /home/bob/src/mess/.maw/workspaces/bn-1zv6/spikes/pwritev_group/target/release/pwritev_group point-auto k_pwrite process 24 1 16 4 new_name 0
stdout:
variant,mode,payload,events_per_batch,owner_units,physical_batches,writers,chain,unit_shape,iterations,stop_reason,events,domain_events,bytes,write_syscalls,short_writes,interrupted,max_iovecs,copied_bytes,barriers,cpu_ns,wall_ns,p50_ns,p95_ns,p99_ns,load1_before,load1_after
k_pwrite,process,24,1,16,32,4,0,new_name,7490,bytes,239680,119840,33555200,239680,0,0,0,0,0,181655586,183440181,23120,29420,35760,2.950,2.950
stderr:

[2026-07-15T18:41:17.262907+00:00] e000045 /home/bob/src/mess/.maw/workspaces/bn-1zv6/spikes/pwritev_group/target/release/pwritev_group point-auto copy_contiguous process 24 1 16 4 new_name 0
stdout:
variant,mode,payload,events_per_batch,owner_units,physical_batches,writers,chain,unit_shape,iterations,stop_reason,events,domain_events,bytes,write_syscalls,short_writes,interrupted,max_iovecs,copied_bytes,barriers,cpu_ns,wall_ns,p50_ns,p95_ns,p99_ns,load1_before,load1_after
copy_contiguous,process,24,1,16,32,4,0,new_name,7490,bytes,239680,119840,33555200,7490,0,0,0,33555200,0,11261593,11362422,1390,1660,1800,2.950,2.950
stderr:

[2026-07-15T18:41:18.294186+00:00] e000046 /home/bob/src/mess/.maw/workspaces/bn-1zv6/spikes/pwritev_group/target/release/pwritev_group point-auto k_pwrite process 24 1 16 4 new_name 0
stdout:
variant,mode,payload,events_per_batch,owner_units,physical_batches,writers,chain,unit_shape,iterations,stop_reason,events,domain_events,bytes,write_syscalls,short_writes,interrupted,max_iovecs,copied_bytes,barriers,cpu_ns,wall_ns,p50_ns,p95_ns,p99_ns,load1_before,load1_after
k_pwrite,process,24,1,16,32,4,0,new_name,7490,bytes,239680,119840,33555200,239680,0,0,0,0,0,181997706,183542832,23140,29190,38830,2.950,2.950
stderr:

[2026-07-15T18:41:19.325993+00:00] e000047 /home/bob/src/mess/.maw/workspaces/bn-1zv6/spikes/pwritev_group/target/release/pwritev_group point-auto k_pwrite process 24 1 16 4 new_name 0
stdout:
variant,mode,payload,events_per_batch,owner_units,physical_batches,writers,chain,unit_shape,iterations,stop_reason,events,domain_events,bytes,write_syscalls,short_writes,interrupted,max_iovecs,copied_bytes,barriers,cpu_ns,wall_ns,p50_ns,p95_ns,p99_ns,load1_before,load1_after
k_pwrite,process,24,1,16,32,4,0,new_name,7490,bytes,239680,119840,33555200,239680,0,0,0,0,0,190889738,194973703,23150,29430,62220,2.950,2.950
stderr:

[2026-07-15T18:41:20.349954+00:00] e000048 /home/bob/src/mess/.maw/workspaces/bn-1zv6/spikes/pwritev_group/target/release/pwritev_group point-auto copy_contiguous process 24 1 16 4 new_name 0
stdout:
variant,mode,payload,events_per_batch,owner_units,physical_batches,writers,chain,unit_shape,iterations,stop_reason,events,domain_events,bytes,write_syscalls,short_writes,interrupted,max_iovecs,copied_bytes,barriers,cpu_ns,wall_ns,p50_ns,p95_ns,p99_ns,load1_before,load1_after
copy_contiguous,process,24,1,16,32,4,0,new_name,7490,bytes,239680,119840,33555200,7490,0,0,0,33555200,0,11076863,11529842,1390,1710,1900,2.950,2.950
stderr:

[2026-07-15T18:41:21.379052+00:00] e000049 /home/bob/src/mess/.maw/workspaces/bn-1zv6/spikes/pwritev_group/target/release/pwritev_group point-auto k_pwrite process 24 1 64 4 domain 0
stdout:
variant,mode,payload,events_per_batch,owner_units,physical_batches,writers,chain,unit_shape,iterations,stop_reason,events,domain_events,bytes,write_syscalls,short_writes,interrupted,max_iovecs,copied_bytes,barriers,cpu_ns,wall_ns,p50_ns,p95_ns,p99_ns,load1_before,load1_after
k_pwrite,process,24,1,64,64,4,0,domain,3745,bytes,239680,239680,33555200,239680,0,0,0,0,0,176699673,178088096,46270,55699,60050,2.950,2.950
stderr:

[2026-07-15T18:41:22.400072+00:00] e000050 /home/bob/src/mess/.maw/workspaces/bn-1zv6/spikes/pwritev_group/target/release/pwritev_group point-auto pwritev_full_8m process 24 1 64 4 domain 0
stdout:
variant,mode,payload,events_per_batch,owner_units,physical_batches,writers,chain,unit_shape,iterations,stop_reason,events,domain_events,bytes,write_syscalls,short_writes,interrupted,max_iovecs,copied_bytes,barriers,cpu_ns,wall_ns,p50_ns,p95_ns,p99_ns,load1_before,load1_after
pwritev_full_8m,process,24,1,64,64,4,0,domain,3745,bytes,239680,239680,33555200,3745,0,0,64,0,0,16349984,18484396,4050,5400,5790,2.880,2.880
stderr:

[2026-07-15T18:41:23.431057+00:00] e000051 /home/bob/src/mess/.maw/workspaces/bn-1zv6/spikes/pwritev_group/target/release/pwritev_group point-auto pwritev_full_8m process 24 1 64 4 domain 0
stdout:
variant,mode,payload,events_per_batch,owner_units,physical_batches,writers,chain,unit_shape,iterations,stop_reason,events,domain_events,bytes,write_syscalls,short_writes,interrupted,max_iovecs,copied_bytes,barriers,cpu_ns,wall_ns,p50_ns,p95_ns,p99_ns,load1_before,load1_after
pwritev_full_8m,process,24,1,64,64,4,0,domain,3745,bytes,239680,239680,33555200,3745,0,0,64,0,0,15741793,15872859,4050,4840,5240,2.880,2.880
stderr:

[2026-07-15T18:41:24.454546+00:00] e000052 /home/bob/src/mess/.maw/workspaces/bn-1zv6/spikes/pwritev_group/target/release/pwritev_group point-auto k_pwrite process 24 1 64 4 domain 0
stdout:
variant,mode,payload,events_per_batch,owner_units,physical_batches,writers,chain,unit_shape,iterations,stop_reason,events,domain_events,bytes,write_syscalls,short_writes,interrupted,max_iovecs,copied_bytes,barriers,cpu_ns,wall_ns,p50_ns,p95_ns,p99_ns,load1_before,load1_after
k_pwrite,process,24,1,64,64,4,0,domain,3745,bytes,239680,239680,33555200,239680,0,0,0,0,0,182770034,186446630,46540,58470,73220,2.880,2.880
stderr:

[2026-07-15T18:41:25.478620+00:00] e000053 /home/bob/src/mess/.maw/workspaces/bn-1zv6/spikes/pwritev_group/target/release/pwritev_group point-auto copy_contiguous process 24 1 64 4 domain 0
stdout:
variant,mode,payload,events_per_batch,owner_units,physical_batches,writers,chain,unit_shape,iterations,stop_reason,events,domain_events,bytes,write_syscalls,short_writes,interrupted,max_iovecs,copied_bytes,barriers,cpu_ns,wall_ns,p50_ns,p95_ns,p99_ns,load1_before,load1_after
copy_contiguous,process,24,1,64,64,4,0,domain,3745,bytes,239680,239680,33555200,3745,0,0,0,33555200,0,8469612,8537193,2000,2750,2850,2.880,2.880
stderr:

[2026-07-15T18:41:26.506365+00:00] e000054 /home/bob/src/mess/.maw/workspaces/bn-1zv6/spikes/pwritev_group/target/release/pwritev_group point-auto k_pwrite process 24 1 64 4 domain 0
stdout:
variant,mode,payload,events_per_batch,owner_units,physical_batches,writers,chain,unit_shape,iterations,stop_reason,events,domain_events,bytes,write_syscalls,short_writes,interrupted,max_iovecs,copied_bytes,barriers,cpu_ns,wall_ns,p50_ns,p95_ns,p99_ns,load1_before,load1_after
k_pwrite,process,24,1,64,64,4,0,domain,3745,bytes,239680,239680,33555200,239680,0,0,0,0,0,183818196,186011371,46410,58340,72570,2.880,2.880
stderr:

[2026-07-15T18:41:27.534990+00:00] e000055 /home/bob/src/mess/.maw/workspaces/bn-1zv6/spikes/pwritev_group/target/release/pwritev_group point-auto k_pwrite process 24 1 64 4 domain 0
stdout:
variant,mode,payload,events_per_batch,owner_units,physical_batches,writers,chain,unit_shape,iterations,stop_reason,events,domain_events,bytes,write_syscalls,short_writes,interrupted,max_iovecs,copied_bytes,barriers,cpu_ns,wall_ns,p50_ns,p95_ns,p99_ns,load1_before,load1_after
k_pwrite,process,24,1,64,64,4,0,domain,3745,bytes,239680,239680,33555200,239680,0,0,0,0,0,183628216,185416431,46430,58390,76720,2.810,2.810
stderr:

[2026-07-15T18:41:28.563365+00:00] e000056 /home/bob/src/mess/.maw/workspaces/bn-1zv6/spikes/pwritev_group/target/release/pwritev_group point-auto copy_contiguous process 24 1 64 4 domain 0
stdout:
variant,mode,payload,events_per_batch,owner_units,physical_batches,writers,chain,unit_shape,iterations,stop_reason,events,domain_events,bytes,write_syscalls,short_writes,interrupted,max_iovecs,copied_bytes,barriers,cpu_ns,wall_ns,p50_ns,p95_ns,p99_ns,load1_before,load1_after
copy_contiguous,process,24,1,64,64,4,0,domain,3745,bytes,239680,239680,33555200,3745,0,0,0,33555200,0,7846602,7924404,1990,2050,2720,2.810,2.810
stderr:

[2026-07-15T18:41:29.587528+00:00] e000057 /home/bob/src/mess/.maw/workspaces/bn-1zv6/spikes/pwritev_group/target/release/pwritev_group point-auto k_pwrite process 24 1 64 4 new_name 0
stdout:
variant,mode,payload,events_per_batch,owner_units,physical_batches,writers,chain,unit_shape,iterations,stop_reason,events,domain_events,bytes,write_syscalls,short_writes,interrupted,max_iovecs,copied_bytes,barriers,cpu_ns,wall_ns,p50_ns,p95_ns,p99_ns,load1_before,load1_after
k_pwrite,process,24,1,64,128,4,0,new_name,1873,bytes,239744,119872,33564160,239744,0,0,0,0,0,177051144,179863305,92840,111170,122760,2.810,2.810
stderr:

[2026-07-15T18:41:30.619421+00:00] e000058 /home/bob/src/mess/.maw/workspaces/bn-1zv6/spikes/pwritev_group/target/release/pwritev_group point-auto pwritev_full_8m process 24 1 64 4 new_name 0
stdout:
variant,mode,payload,events_per_batch,owner_units,physical_batches,writers,chain,unit_shape,iterations,stop_reason,events,domain_events,bytes,write_syscalls,short_writes,interrupted,max_iovecs,copied_bytes,barriers,cpu_ns,wall_ns,p50_ns,p95_ns,p99_ns,load1_before,load1_after
pwritev_full_8m,process,24,1,64,128,4,0,new_name,1873,bytes,239744,119872,33564160,1873,0,0,128,0,0,13435594,13570740,7000,7830,11770,2.810,2.810
stderr:

[2026-07-15T18:41:31.650187+00:00] e000059 /home/bob/src/mess/.maw/workspaces/bn-1zv6/spikes/pwritev_group/target/release/pwritev_group point-auto pwritev_full_8m process 24 1 64 4 new_name 0
stdout:
variant,mode,payload,events_per_batch,owner_units,physical_batches,writers,chain,unit_shape,iterations,stop_reason,events,domain_events,bytes,write_syscalls,short_writes,interrupted,max_iovecs,copied_bytes,barriers,cpu_ns,wall_ns,p50_ns,p95_ns,p99_ns,load1_before,load1_after
pwritev_full_8m,process,24,1,64,128,4,0,new_name,1873,bytes,239744,119872,33564160,1873,0,0,128,0,0,13611393,13742770,6990,8190,9480,2.810,2.810
stderr:

[2026-07-15T18:41:32.681215+00:00] e000060 /home/bob/src/mess/.maw/workspaces/bn-1zv6/spikes/pwritev_group/target/release/pwritev_group point-auto k_pwrite process 24 1 64 4 new_name 0
stdout:
variant,mode,payload,events_per_batch,owner_units,physical_batches,writers,chain,unit_shape,iterations,stop_reason,events,domain_events,bytes,write_syscalls,short_writes,interrupted,max_iovecs,copied_bytes,barriers,cpu_ns,wall_ns,p50_ns,p95_ns,p99_ns,load1_before,load1_after
k_pwrite,process,24,1,64,128,4,0,new_name,1873,bytes,239744,119872,33564160,239744,0,0,0,0,0,178176175,179995565,93420,107940,122720,4.660,4.660
stderr:

[2026-07-15T18:41:33.710640+00:00] e000061 /home/bob/src/mess/.maw/workspaces/bn-1zv6/spikes/pwritev_group/target/release/pwritev_group point-auto pwritev_64_8m process 24 1 64 4 new_name 0
stdout:
variant,mode,payload,events_per_batch,owner_units,physical_batches,writers,chain,unit_shape,iterations,stop_reason,events,domain_events,bytes,write_syscalls,short_writes,interrupted,max_iovecs,copied_bytes,barriers,cpu_ns,wall_ns,p50_ns,p95_ns,p99_ns,load1_before,load1_after
pwritev_64_8m,process,24,1,64,128,4,0,new_name,1873,bytes,239744,119872,33564160,3746,0,0,64,0,0,15582164,15688108,8180,8390,10160,4.660,4.660
stderr:

[2026-07-15T18:41:34.738826+00:00] e000062 /home/bob/src/mess/.maw/workspaces/bn-1zv6/spikes/pwritev_group/target/release/pwritev_group point-auto k_pwrite process 24 1 64 4 new_name 0
stdout:
variant,mode,payload,events_per_batch,owner_units,physical_batches,writers,chain,unit_shape,iterations,stop_reason,events,domain_events,bytes,write_syscalls,short_writes,interrupted,max_iovecs,copied_bytes,barriers,cpu_ns,wall_ns,p50_ns,p95_ns,p99_ns,load1_before,load1_after
k_pwrite,process,24,1,64,128,4,0,new_name,1873,bytes,239744,119872,33564160,239744,0,0,0,0,0,183888917,188524888,92960,109800,145320,4.660,4.660
stderr:

[2026-07-15T18:41:35.768125+00:00] e000063 /home/bob/src/mess/.maw/workspaces/bn-1zv6/spikes/pwritev_group/target/release/pwritev_group point-auto k_pwrite process 24 1 64 4 new_name 0
stdout:
variant,mode,payload,events_per_batch,owner_units,physical_batches,writers,chain,unit_shape,iterations,stop_reason,events,domain_events,bytes,write_syscalls,short_writes,interrupted,max_iovecs,copied_bytes,barriers,cpu_ns,wall_ns,p50_ns,p95_ns,p99_ns,load1_before,load1_after
k_pwrite,process,24,1,64,128,4,0,new_name,1873,bytes,239744,119872,33564160,239744,0,0,0,0,0,184298356,185848561,93419,111910,138170,4.660,4.660
stderr:

[2026-07-15T18:41:36.796063+00:00] e000064 /home/bob/src/mess/.maw/workspaces/bn-1zv6/spikes/pwritev_group/target/release/pwritev_group point-auto pwritev_64_8m process 24 1 64 4 new_name 0
stdout:
variant,mode,payload,events_per_batch,owner_units,physical_batches,writers,chain,unit_shape,iterations,stop_reason,events,domain_events,bytes,write_syscalls,short_writes,interrupted,max_iovecs,copied_bytes,barriers,cpu_ns,wall_ns,p50_ns,p95_ns,p99_ns,load1_before,load1_after
pwritev_64_8m,process,24,1,64,128,4,0,new_name,1873,bytes,239744,119872,33564160,3746,0,0,64,0,0,15654374,15769949,8180,9310,11110,4.660,4.370
stderr:

[2026-07-15T18:41:37.825579+00:00] e000065 /home/bob/src/mess/.maw/workspaces/bn-1zv6/spikes/pwritev_group/target/release/pwritev_group point-auto k_pwrite process 24 1 64 4 new_name 0
stdout:
variant,mode,payload,events_per_batch,owner_units,physical_batches,writers,chain,unit_shape,iterations,stop_reason,events,domain_events,bytes,write_syscalls,short_writes,interrupted,max_iovecs,copied_bytes,barriers,cpu_ns,wall_ns,p50_ns,p95_ns,p99_ns,load1_before,load1_after
k_pwrite,process,24,1,64,128,4,0,new_name,1873,bytes,239744,119872,33564160,239744,0,0,0,0,0,179833105,181262714,93320,116740,124180,4.370,4.370
stderr:

[2026-07-15T18:41:38.855838+00:00] e000066 /home/bob/src/mess/.maw/workspaces/bn-1zv6/spikes/pwritev_group/target/release/pwritev_group point-auto copy_contiguous process 24 1 64 4 new_name 0
stdout:
variant,mode,payload,events_per_batch,owner_units,physical_batches,writers,chain,unit_shape,iterations,stop_reason,events,domain_events,bytes,write_syscalls,short_writes,interrupted,max_iovecs,copied_bytes,barriers,cpu_ns,wall_ns,p50_ns,p95_ns,p99_ns,load1_before,load1_after
copy_contiguous,process,24,1,64,128,4,0,new_name,1873,bytes,239744,119872,33564160,1873,0,0,0,33564160,0,5735542,5780636,2950,3280,3910,4.370,4.370
stderr:

[2026-07-15T18:41:39.886572+00:00] e000067 /home/bob/src/mess/.maw/workspaces/bn-1zv6/spikes/pwritev_group/target/release/pwritev_group point-auto copy_contiguous process 24 1 64 4 new_name 0
stdout:
variant,mode,payload,events_per_batch,owner_units,physical_batches,writers,chain,unit_shape,iterations,stop_reason,events,domain_events,bytes,write_syscalls,short_writes,interrupted,max_iovecs,copied_bytes,barriers,cpu_ns,wall_ns,p50_ns,p95_ns,p99_ns,load1_before,load1_after
copy_contiguous,process,24,1,64,128,4,0,new_name,1873,bytes,239744,119872,33564160,1873,0,0,0,33564160,0,5764671,5795286,2960,3550,3840,4.370,4.370
stderr:

[2026-07-15T18:41:40.915602+00:00] e000068 /home/bob/src/mess/.maw/workspaces/bn-1zv6/spikes/pwritev_group/target/release/pwritev_group point-auto k_pwrite process 24 1 64 4 new_name 0
stdout:
variant,mode,payload,events_per_batch,owner_units,physical_batches,writers,chain,unit_shape,iterations,stop_reason,events,domain_events,bytes,write_syscalls,short_writes,interrupted,max_iovecs,copied_bytes,barriers,cpu_ns,wall_ns,p50_ns,p95_ns,p99_ns,load1_before,load1_after
k_pwrite,process,24,1,64,128,4,0,new_name,1873,bytes,239744,119872,33564160,239744,0,0,0,0,0,181720285,183641152,93089,116780,148190,4.370,4.370
stderr:

[2026-07-15T18:41:41.936407+00:00] e000069 /home/bob/src/mess/.maw/workspaces/bn-1zv6/spikes/pwritev_group/target/release/pwritev_group point-auto pwritev_full_8m process 24 1 256 4 domain 0
stdout:
variant,mode,payload,events_per_batch,owner_units,physical_batches,writers,chain,unit_shape,iterations,stop_reason,events,domain_events,bytes,write_syscalls,short_writes,interrupted,max_iovecs,copied_bytes,barriers,cpu_ns,wall_ns,p50_ns,p95_ns,p99_ns,load1_before,load1_after
pwritev_full_8m,process,24,1,256,256,4,0,domain,937,bytes,239872,239872,33582080,937,0,0,256,0,0,11797003,11885361,12390,13630,19060,4.820,4.820
stderr:

[2026-07-15T18:41:42.957988+00:00] e000070 /home/bob/src/mess/.maw/workspaces/bn-1zv6/spikes/pwritev_group/target/release/pwritev_group point-auto k_pwrite process 24 1 256 4 domain 0
stdout:
variant,mode,payload,events_per_batch,owner_units,physical_batches,writers,chain,unit_shape,iterations,stop_reason,events,domain_events,bytes,write_syscalls,short_writes,interrupted,max_iovecs,copied_bytes,barriers,cpu_ns,wall_ns,p50_ns,p95_ns,p99_ns,load1_before,load1_after
k_pwrite,process,24,1,256,256,4,0,domain,937,bytes,239872,239872,33582080,239872,0,0,0,0,0,180791585,183810072,186680,209810,237320,4.820,4.820
stderr:

[2026-07-15T18:41:43.981316+00:00] e000071 /home/bob/src/mess/.maw/workspaces/bn-1zv6/spikes/pwritev_group/target/release/pwritev_group point-auto k_pwrite process 24 1 256 4 domain 0
stdout:
variant,mode,payload,events_per_batch,owner_units,physical_batches,writers,chain,unit_shape,iterations,stop_reason,events,domain_events,bytes,write_syscalls,short_writes,interrupted,max_iovecs,copied_bytes,barriers,cpu_ns,wall_ns,p50_ns,p95_ns,p99_ns,load1_before,load1_after
k_pwrite,process,24,1,256,256,4,0,domain,937,bytes,239872,239872,33582080,239872,0,0,0,0,0,181421715,183365662,187090,234809,250430,4.820,4.820
stderr:

[2026-07-15T18:41:45.010539+00:00] e000072 /home/bob/src/mess/.maw/workspaces/bn-1zv6/spikes/pwritev_group/target/release/pwritev_group point-auto pwritev_full_8m process 24 1 256 4 domain 0
stdout:
variant,mode,payload,events_per_batch,owner_units,physical_batches,writers,chain,unit_shape,iterations,stop_reason,events,domain_events,bytes,write_syscalls,short_writes,interrupted,max_iovecs,copied_bytes,barriers,cpu_ns,wall_ns,p50_ns,p95_ns,p99_ns,load1_before,load1_after
pwritev_full_8m,process,24,1,256,256,4,0,domain,937,bytes,239872,239872,33582080,937,0,0,256,0,0,12197504,12294310,12410,15770,19370,4.820,4.820
stderr:

[2026-07-15T18:41:46.039011+00:00] e000073 /home/bob/src/mess/.maw/workspaces/bn-1zv6/spikes/pwritev_group/target/release/pwritev_group point-auto k_pwrite process 24 1 256 4 domain 0
stdout:
variant,mode,payload,events_per_batch,owner_units,physical_batches,writers,chain,unit_shape,iterations,stop_reason,events,domain_events,bytes,write_syscalls,short_writes,interrupted,max_iovecs,copied_bytes,barriers,cpu_ns,wall_ns,p50_ns,p95_ns,p99_ns,load1_before,load1_after
k_pwrite,process,24,1,256,256,4,0,domain,937,bytes,239872,239872,33582080,239872,0,0,0,0,0,184713847,186767380,187460,223519,267080,4.820,4.820
stderr:

[2026-07-15T18:41:47.061058+00:00] e000074 /home/bob/src/mess/.maw/workspaces/bn-1zv6/spikes/pwritev_group/target/release/pwritev_group point-auto pwritev_64_8m process 24 1 256 4 domain 0
stdout:
variant,mode,payload,events_per_batch,owner_units,physical_batches,writers,chain,unit_shape,iterations,stop_reason,events,domain_events,bytes,write_syscalls,short_writes,interrupted,max_iovecs,copied_bytes,barriers,cpu_ns,wall_ns,p50_ns,p95_ns,p99_ns,load1_before,load1_after
pwritev_64_8m,process,24,1,256,256,4,0,domain,937,bytes,239872,239872,33582080,3748,0,0,64,0,0,17299455,17421867,16310,19250,43990,5.800,5.800
stderr:

[2026-07-15T18:41:48.090810+00:00] e000075 /home/bob/src/mess/.maw/workspaces/bn-1zv6/spikes/pwritev_group/target/release/pwritev_group point-auto pwritev_64_8m process 24 1 256 4 domain 0
stdout:
variant,mode,payload,events_per_batch,owner_units,physical_batches,writers,chain,unit_shape,iterations,stop_reason,events,domain_events,bytes,write_syscalls,short_writes,interrupted,max_iovecs,copied_bytes,barriers,cpu_ns,wall_ns,p50_ns,p95_ns,p99_ns,load1_before,load1_after
pwritev_64_8m,process,24,1,256,256,4,0,domain,937,bytes,239872,239872,33582080,3748,0,0,64,0,0,15970744,16135168,16320,19290,32920,5.800,5.800
stderr:

[2026-07-15T18:41:49.121051+00:00] e000076 /home/bob/src/mess/.maw/workspaces/bn-1zv6/spikes/pwritev_group/target/release/pwritev_group point-auto k_pwrite process 24 1 256 4 domain 0
stdout:
variant,mode,payload,events_per_batch,owner_units,physical_batches,writers,chain,unit_shape,iterations,stop_reason,events,domain_events,bytes,write_syscalls,short_writes,interrupted,max_iovecs,copied_bytes,barriers,cpu_ns,wall_ns,p50_ns,p95_ns,p99_ns,load1_before,load1_after
k_pwrite,process,24,1,256,256,4,0,domain,937,bytes,239872,239872,33582080,239872,0,0,0,0,0,180517864,183413063,188410,228880,248640,5.800,5.800
stderr:

[2026-07-15T18:41:50.142204+00:00] e000077 /home/bob/src/mess/.maw/workspaces/bn-1zv6/spikes/pwritev_group/target/release/pwritev_group point-auto copy_contiguous process 24 1 256 4 domain 0
stdout:
variant,mode,payload,events_per_batch,owner_units,physical_batches,writers,chain,unit_shape,iterations,stop_reason,events,domain_events,bytes,write_syscalls,short_writes,interrupted,max_iovecs,copied_bytes,barriers,cpu_ns,wall_ns,p50_ns,p95_ns,p99_ns,load1_before,load1_after
copy_contiguous,process,24,1,256,256,4,0,domain,937,bytes,239872,239872,33582080,937,0,0,0,33582080,0,4379491,4419287,4490,5630,6160,5.800,5.800
stderr:

[2026-07-15T18:41:51.169898+00:00] e000078 /home/bob/src/mess/.maw/workspaces/bn-1zv6/spikes/pwritev_group/target/release/pwritev_group point-auto k_pwrite process 24 1 256 4 domain 0
stdout:
variant,mode,payload,events_per_batch,owner_units,physical_batches,writers,chain,unit_shape,iterations,stop_reason,events,domain_events,bytes,write_syscalls,short_writes,interrupted,max_iovecs,copied_bytes,barriers,cpu_ns,wall_ns,p50_ns,p95_ns,p99_ns,load1_before,load1_after
k_pwrite,process,24,1,256,256,4,0,domain,937,bytes,239872,239872,33582080,239872,0,0,0,0,0,179972895,181645724,187509,210779,270600,5.800,5.800
stderr:

[2026-07-15T18:42:08.194630+00:00] e000079 /home/bob/src/mess/.maw/workspaces/bn-1zv6/spikes/pwritev_group/target/release/pwritev_group point-auto k_pwrite process 24 1 256 4 domain 0
stdout:
variant,mode,payload,events_per_batch,owner_units,physical_batches,writers,chain,unit_shape,iterations,stop_reason,events,domain_events,bytes,write_syscalls,short_writes,interrupted,max_iovecs,copied_bytes,barriers,cpu_ns,wall_ns,p50_ns,p95_ns,p99_ns,load1_before,load1_after
k_pwrite,process,24,1,256,256,4,0,domain,937,bytes,239872,239872,33582080,239872,0,0,0,0,0,176389974,177704527,185670,201769,231510,5.960,5.960
stderr:

[2026-07-15T18:42:09.224438+00:00] e000080 /home/bob/src/mess/.maw/workspaces/bn-1zv6/spikes/pwritev_group/target/release/pwritev_group point-auto copy_contiguous process 24 1 256 4 domain 0
stdout:
variant,mode,payload,events_per_batch,owner_units,physical_batches,writers,chain,unit_shape,iterations,stop_reason,events,domain_events,bytes,write_syscalls,short_writes,interrupted,max_iovecs,copied_bytes,barriers,cpu_ns,wall_ns,p50_ns,p95_ns,p99_ns,load1_before,load1_after
copy_contiguous,process,24,1,256,256,4,0,domain,937,bytes,239872,239872,33582080,937,0,0,0,33582080,0,4333661,4377956,4480,4600,6900,5.960,5.960
stderr:

[2026-07-15T18:42:10.255201+00:00] e000081 /home/bob/src/mess/.maw/workspaces/bn-1zv6/spikes/pwritev_group/target/release/pwritev_group point-auto k_pwrite process 24 1 256 4 new_name 0
stdout:
variant,mode,payload,events_per_batch,owner_units,physical_batches,writers,chain,unit_shape,iterations,stop_reason,events,domain_events,bytes,write_syscalls,short_writes,interrupted,max_iovecs,copied_bytes,barriers,cpu_ns,wall_ns,p50_ns,p95_ns,p99_ns,load1_before,load1_after
k_pwrite,process,24,1,256,512,4,0,new_name,469,bytes,240128,120064,33617920,240128,0,0,0,0,0,179290765,181113735,376609,442050,497599,5.960,5.960
stderr:

[2026-07-15T18:42:11.287122+00:00] e000082 /home/bob/src/mess/.maw/workspaces/bn-1zv6/spikes/pwritev_group/target/release/pwritev_group point-auto pwritev_full_8m process 24 1 256 4 new_name 0
stdout:
variant,mode,payload,events_per_batch,owner_units,physical_batches,writers,chain,unit_shape,iterations,stop_reason,events,domain_events,bytes,write_syscalls,short_writes,interrupted,max_iovecs,copied_bytes,barriers,cpu_ns,wall_ns,p50_ns,p95_ns,p99_ns,load1_before,load1_after
pwritev_full_8m,process,24,1,256,512,4,0,new_name,469,bytes,240128,120064,33617920,469,0,0,512,0,0,11132203,11219682,23160,29030,32430,5.960,5.960
stderr:

[2026-07-15T18:42:12.311742+00:00] e000083 /home/bob/src/mess/.maw/workspaces/bn-1zv6/spikes/pwritev_group/target/release/pwritev_group point-auto pwritev_full_8m process 24 1 256 4 new_name 0
stdout:
variant,mode,payload,events_per_batch,owner_units,physical_batches,writers,chain,unit_shape,iterations,stop_reason,events,domain_events,bytes,write_syscalls,short_writes,interrupted,max_iovecs,copied_bytes,barriers,cpu_ns,wall_ns,p50_ns,p95_ns,p99_ns,load1_before,load1_after
pwritev_full_8m,process,24,1,256,512,4,0,new_name,469,bytes,240128,120064,33617920,469,0,0,512,0,0,11176993,11299312,23100,27430,35290,5.720,5.720
stderr:

[2026-07-15T18:42:13.337513+00:00] e000084 /home/bob/src/mess/.maw/workspaces/bn-1zv6/spikes/pwritev_group/target/release/pwritev_group point-auto k_pwrite process 24 1 256 4 new_name 0
stdout:
variant,mode,payload,events_per_batch,owner_units,physical_batches,writers,chain,unit_shape,iterations,stop_reason,events,domain_events,bytes,write_syscalls,short_writes,interrupted,max_iovecs,copied_bytes,barriers,cpu_ns,wall_ns,p50_ns,p95_ns,p99_ns,load1_before,load1_after
k_pwrite,process,24,1,256,512,4,0,new_name,469,bytes,240128,120064,33617920,240128,0,0,0,0,0,184634825,186333311,378219,470549,761759,5.720,5.720
stderr:

[2026-07-15T18:42:14.368777+00:00] e000085 /home/bob/src/mess/.maw/workspaces/bn-1zv6/spikes/pwritev_group/target/release/pwritev_group point-auto pwritev_256_8m process 24 1 256 4 new_name 0
stdout:
variant,mode,payload,events_per_batch,owner_units,physical_batches,writers,chain,unit_shape,iterations,stop_reason,events,domain_events,bytes,write_syscalls,short_writes,interrupted,max_iovecs,copied_bytes,barriers,cpu_ns,wall_ns,p50_ns,p95_ns,p99_ns,load1_before,load1_after
pwritev_256_8m,process,24,1,256,512,4,0,new_name,469,bytes,240128,120064,33617920,938,0,0,256,0,0,12537143,12627060,25410,30680,35780,5.720,5.720
stderr:

[2026-07-15T18:42:15.398975+00:00] e000086 /home/bob/src/mess/.maw/workspaces/bn-1zv6/spikes/pwritev_group/target/release/pwritev_group point-auto k_pwrite process 24 1 256 4 new_name 0
stdout:
variant,mode,payload,events_per_batch,owner_units,physical_batches,writers,chain,unit_shape,iterations,stop_reason,events,domain_events,bytes,write_syscalls,short_writes,interrupted,max_iovecs,copied_bytes,barriers,cpu_ns,wall_ns,p50_ns,p95_ns,p99_ns,load1_before,load1_after
k_pwrite,process,24,1,256,512,4,0,new_name,469,bytes,240128,120064,33617920,240128,0,0,0,0,0,189840288,192141557,379030,455989,1151080,5.720,5.720
stderr:

[2026-07-15T18:42:16.428164+00:00] e000087 /home/bob/src/mess/.maw/workspaces/bn-1zv6/spikes/pwritev_group/target/release/pwritev_group point-auto k_pwrite process 24 1 256 4 new_name 0
stdout:
variant,mode,payload,events_per_batch,owner_units,physical_batches,writers,chain,unit_shape,iterations,stop_reason,events,domain_events,bytes,write_syscalls,short_writes,interrupted,max_iovecs,copied_bytes,barriers,cpu_ns,wall_ns,p50_ns,p95_ns,p99_ns,load1_before,load1_after
k_pwrite,process,24,1,256,512,4,0,new_name,469,bytes,240128,120064,33617920,240128,0,0,0,0,0,179375245,180992854,375690,413899,501020,5.720,5.720
stderr:

[2026-07-15T18:42:17.458436+00:00] e000088 /home/bob/src/mess/.maw/workspaces/bn-1zv6/spikes/pwritev_group/target/release/pwritev_group point-auto pwritev_256_8m process 24 1 256 4 new_name 0
stdout:
variant,mode,payload,events_per_batch,owner_units,physical_batches,writers,chain,unit_shape,iterations,stop_reason,events,domain_events,bytes,write_syscalls,short_writes,interrupted,max_iovecs,copied_bytes,barriers,cpu_ns,wall_ns,p50_ns,p95_ns,p99_ns,load1_before,load1_after
pwritev_256_8m,process,24,1,256,512,4,0,new_name,469,bytes,240128,120064,33617920,938,0,0,256,0,0,12140543,12285260,25130,30780,42680,5.420,5.420
stderr:

[2026-07-15T18:42:18.489372+00:00] e000089 /home/bob/src/mess/.maw/workspaces/bn-1zv6/spikes/pwritev_group/target/release/pwritev_group point-auto k_pwrite process 24 1 256 4 new_name 0
stdout:
variant,mode,payload,events_per_batch,owner_units,physical_batches,writers,chain,unit_shape,iterations,stop_reason,events,domain_events,bytes,write_syscalls,short_writes,interrupted,max_iovecs,copied_bytes,barriers,cpu_ns,wall_ns,p50_ns,p95_ns,p99_ns,load1_before,load1_after
k_pwrite,process,24,1,256,512,4,0,new_name,469,bytes,240128,120064,33617920,240128,0,0,0,0,0,186016487,188081240,376110,457680,834109,5.420,5.420
stderr:

[2026-07-15T18:42:19.521151+00:00] e000090 /home/bob/src/mess/.maw/workspaces/bn-1zv6/spikes/pwritev_group/target/release/pwritev_group point-auto pwritev_64_8m process 24 1 256 4 new_name 0
stdout:
variant,mode,payload,events_per_batch,owner_units,physical_batches,writers,chain,unit_shape,iterations,stop_reason,events,domain_events,bytes,write_syscalls,short_writes,interrupted,max_iovecs,copied_bytes,barriers,cpu_ns,wall_ns,p50_ns,p95_ns,p99_ns,load1_before,load1_after
pwritev_64_8m,process,24,1,256,512,4,0,new_name,469,bytes,240128,120064,33617920,3752,0,0,64,0,0,17852705,18071967,33040,43000,137510,5.420,5.420
stderr:

[2026-07-15T18:42:20.551323+00:00] e000091 /home/bob/src/mess/.maw/workspaces/bn-1zv6/spikes/pwritev_group/target/release/pwritev_group point-auto pwritev_64_8m process 24 1 256 4 new_name 0
stdout:
variant,mode,payload,events_per_batch,owner_units,physical_batches,writers,chain,unit_shape,iterations,stop_reason,events,domain_events,bytes,write_syscalls,short_writes,interrupted,max_iovecs,copied_bytes,barriers,cpu_ns,wall_ns,p50_ns,p95_ns,p99_ns,load1_before,load1_after
pwritev_64_8m,process,24,1,256,512,4,0,new_name,469,bytes,240128,120064,33617920,3752,0,0,64,0,0,16181335,17850907,32840,44080,55210,5.420,5.420
stderr:

[2026-07-15T18:42:21.573214+00:00] e000092 /home/bob/src/mess/.maw/workspaces/bn-1zv6/spikes/pwritev_group/target/release/pwritev_group point-auto k_pwrite process 24 1 256 4 new_name 0
stdout:
variant,mode,payload,events_per_batch,owner_units,physical_batches,writers,chain,unit_shape,iterations,stop_reason,events,domain_events,bytes,write_syscalls,short_writes,interrupted,max_iovecs,copied_bytes,barriers,cpu_ns,wall_ns,p50_ns,p95_ns,p99_ns,load1_before,load1_after
k_pwrite,process,24,1,256,512,4,0,new_name,469,bytes,240128,120064,33617920,240128,0,0,0,0,0,180754565,182161794,376550,434340,715149,5.420,5.420
stderr:

[2026-07-15T18:42:22.597476+00:00] e000093 /home/bob/src/mess/.maw/workspaces/bn-1zv6/spikes/pwritev_group/target/release/pwritev_group point-auto copy_contiguous process 24 1 256 4 new_name 0
stdout:
variant,mode,payload,events_per_batch,owner_units,physical_batches,writers,chain,unit_shape,iterations,stop_reason,events,domain_events,bytes,write_syscalls,short_writes,interrupted,max_iovecs,copied_bytes,barriers,cpu_ns,wall_ns,p50_ns,p95_ns,p99_ns,load1_before,load1_after
copy_contiguous,process,24,1,256,512,4,0,new_name,469,bytes,240128,120064,33617920,469,0,0,0,33617920,0,6914312,7030045,7820,16260,203679,5.230,5.230
stderr:

[2026-07-15T18:42:23.627721+00:00] e000094 /home/bob/src/mess/.maw/workspaces/bn-1zv6/spikes/pwritev_group/target/release/pwritev_group point-auto k_pwrite process 24 1 256 4 new_name 0
stdout:
variant,mode,payload,events_per_batch,owner_units,physical_batches,writers,chain,unit_shape,iterations,stop_reason,events,domain_events,bytes,write_syscalls,short_writes,interrupted,max_iovecs,copied_bytes,barriers,cpu_ns,wall_ns,p50_ns,p95_ns,p99_ns,load1_before,load1_after
k_pwrite,process,24,1,256,512,4,0,new_name,469,bytes,240128,120064,33617920,240128,0,0,0,0,0,186350737,188349419,379450,481110,714149,5.230,5.230
stderr:

[2026-07-15T18:42:24.658987+00:00] e000095 /home/bob/src/mess/.maw/workspaces/bn-1zv6/spikes/pwritev_group/target/release/pwritev_group point-auto k_pwrite process 24 1 256 4 new_name 0
stdout:
variant,mode,payload,events_per_batch,owner_units,physical_batches,writers,chain,unit_shape,iterations,stop_reason,events,domain_events,bytes,write_syscalls,short_writes,interrupted,max_iovecs,copied_bytes,barriers,cpu_ns,wall_ns,p50_ns,p95_ns,p99_ns,load1_before,load1_after
k_pwrite,process,24,1,256,512,4,0,new_name,469,bytes,240128,120064,33617920,240128,0,0,0,0,0,180385386,183904273,378229,463969,487109,5.230,5.230
stderr:

[2026-07-15T18:42:25.689344+00:00] e000096 /home/bob/src/mess/.maw/workspaces/bn-1zv6/spikes/pwritev_group/target/release/pwritev_group point-auto copy_contiguous process 24 1 256 4 new_name 0
stdout:
variant,mode,payload,events_per_batch,owner_units,physical_batches,writers,chain,unit_shape,iterations,stop_reason,events,domain_events,bytes,write_syscalls,short_writes,interrupted,max_iovecs,copied_bytes,barriers,cpu_ns,wall_ns,p50_ns,p95_ns,p99_ns,load1_before,load1_after
copy_contiguous,process,24,1,256,512,4,0,new_name,469,bytes,240128,120064,33617920,469,0,0,0,33617920,0,3975991,4267716,8140,13520,30440,5.230,5.230
stderr:

[2026-07-15T18:42:26.720411+00:00] e000097 /home/bob/src/mess/.maw/workspaces/bn-1zv6/spikes/pwritev_group/target/release/pwritev_group point-auto k_pwrite process 24 1 1024 4 domain 0
stdout:
variant,mode,payload,events_per_batch,owner_units,physical_batches,writers,chain,unit_shape,iterations,stop_reason,events,domain_events,bytes,write_syscalls,short_writes,interrupted,max_iovecs,copied_bytes,barriers,cpu_ns,wall_ns,p50_ns,p95_ns,p99_ns,load1_before,load1_after
k_pwrite,process,24,1,1024,1024,4,0,domain,235,bytes,240640,240640,33689600,240640,0,0,0,0,0,191690296,193848565,756569,1076739,2244448,5.230,4.890
stderr:

[2026-07-15T18:42:27.743026+00:00] e000098 /home/bob/src/mess/.maw/workspaces/bn-1zv6/spikes/pwritev_group/target/release/pwritev_group point-auto pwritev_full_8m process 24 1 1024 4 domain 0
stdout:
variant,mode,payload,events_per_batch,owner_units,physical_batches,writers,chain,unit_shape,iterations,stop_reason,events,domain_events,bytes,write_syscalls,short_writes,interrupted,max_iovecs,copied_bytes,barriers,cpu_ns,wall_ns,p50_ns,p95_ns,p99_ns,load1_before,load1_after
pwritev_full_8m,process,24,1,1024,1024,4,0,domain,235,bytes,240640,240640,33689600,235,0,0,1024,0,0,10634113,10715092,44460,50010,54000,4.890,4.890
stderr:

[2026-07-15T18:42:28.771216+00:00] e000099 /home/bob/src/mess/.maw/workspaces/bn-1zv6/spikes/pwritev_group/target/release/pwritev_group point-auto pwritev_full_8m process 24 1 1024 4 domain 0
stdout:
variant,mode,payload,events_per_batch,owner_units,physical_batches,writers,chain,unit_shape,iterations,stop_reason,events,domain_events,bytes,write_syscalls,short_writes,interrupted,max_iovecs,copied_bytes,barriers,cpu_ns,wall_ns,p50_ns,p95_ns,p99_ns,load1_before,load1_after
pwritev_full_8m,process,24,1,1024,1024,4,0,domain,235,bytes,240640,240640,33689600,235,0,0,1024,0,0,11090173,11169022,44500,56250,58630,4.890,4.890
stderr:

[2026-07-15T18:42:29.795519+00:00] e000100 /home/bob/src/mess/.maw/workspaces/bn-1zv6/spikes/pwritev_group/target/release/pwritev_group point-auto k_pwrite process 24 1 1024 4 domain 0
stdout:
variant,mode,payload,events_per_batch,owner_units,physical_batches,writers,chain,unit_shape,iterations,stop_reason,events,domain_events,bytes,write_syscalls,short_writes,interrupted,max_iovecs,copied_bytes,barriers,cpu_ns,wall_ns,p50_ns,p95_ns,p99_ns,load1_before,load1_after
k_pwrite,process,24,1,1024,1024,4,0,domain,235,bytes,240640,240640,33689600,240640,0,0,0,0,0,182303746,185523651,751500,944929,1627109,4.890,4.890
stderr:

[2026-07-15T18:42:30.825555+00:00] e000101 /home/bob/src/mess/.maw/workspaces/bn-1zv6/spikes/pwritev_group/target/release/pwritev_group point-auto pwritev_256_8m process 24 1 1024 4 domain 0
stdout:
variant,mode,payload,events_per_batch,owner_units,physical_batches,writers,chain,unit_shape,iterations,stop_reason,events,domain_events,bytes,write_syscalls,short_writes,interrupted,max_iovecs,copied_bytes,barriers,cpu_ns,wall_ns,p50_ns,p95_ns,p99_ns,load1_before,load1_after
pwritev_256_8m,process,24,1,1024,1024,4,0,domain,235,bytes,240640,240640,33689600,940,0,0,256,0,0,15706574,15813289,50900,61700,772849,4.890,4.890
stderr:

[2026-07-15T18:42:31.855607+00:00] e000102 /home/bob/src/mess/.maw/workspaces/bn-1zv6/spikes/pwritev_group/target/release/pwritev_group point-auto k_pwrite process 24 1 1024 4 domain 0
stdout:
variant,mode,payload,events_per_batch,owner_units,physical_batches,writers,chain,unit_shape,iterations,stop_reason,events,domain_events,bytes,write_syscalls,short_writes,interrupted,max_iovecs,copied_bytes,barriers,cpu_ns,wall_ns,p50_ns,p95_ns,p99_ns,load1_before,load1_after
k_pwrite,process,24,1,1024,1024,4,0,domain,235,bytes,240640,240640,33689600,240640,0,0,0,0,0,187785478,189379538,751939,904789,2652718,4.580,4.580
stderr:

[2026-07-15T18:42:32.885512+00:00] e000103 /home/bob/src/mess/.maw/workspaces/bn-1zv6/spikes/pwritev_group/target/release/pwritev_group point-auto k_pwrite process 24 1 1024 4 domain 0
stdout:
variant,mode,payload,events_per_batch,owner_units,physical_batches,writers,chain,unit_shape,iterations,stop_reason,events,domain_events,bytes,write_syscalls,short_writes,interrupted,max_iovecs,copied_bytes,barriers,cpu_ns,wall_ns,p50_ns,p95_ns,p99_ns,load1_before,load1_after
k_pwrite,process,24,1,1024,1024,4,0,domain,235,bytes,240640,240640,33689600,240640,0,0,0,0,0,181589966,183747453,750409,837700,1766459,4.580,4.580
stderr:

[2026-07-15T18:42:33.915233+00:00] e000104 /home/bob/src/mess/.maw/workspaces/bn-1zv6/spikes/pwritev_group/target/release/pwritev_group point-auto pwritev_256_8m process 24 1 1024 4 domain 0
stdout:
variant,mode,payload,events_per_batch,owner_units,physical_batches,writers,chain,unit_shape,iterations,stop_reason,events,domain_events,bytes,write_syscalls,short_writes,interrupted,max_iovecs,copied_bytes,barriers,cpu_ns,wall_ns,p50_ns,p95_ns,p99_ns,load1_before,load1_after
pwritev_256_8m,process,24,1,1024,1024,4,0,domain,235,bytes,240640,240640,33689600,940,0,0,256,0,0,12246123,12336660,51130,59160,62490,4.580,4.580
stderr:

[2026-07-15T18:42:34.947304+00:00] e000105 /home/bob/src/mess/.maw/workspaces/bn-1zv6/spikes/pwritev_group/target/release/pwritev_group point-auto k_pwrite process 24 1 1024 4 domain 0
stdout:
variant,mode,payload,events_per_batch,owner_units,physical_batches,writers,chain,unit_shape,iterations,stop_reason,events,domain_events,bytes,write_syscalls,short_writes,interrupted,max_iovecs,copied_bytes,barriers,cpu_ns,wall_ns,p50_ns,p95_ns,p99_ns,load1_before,load1_after
k_pwrite,process,24,1,1024,1024,4,0,domain,235,bytes,240640,240640,33689600,240640,0,0,0,0,0,188496398,191218927,756059,1150399,2120069,4.580,4.580
stderr:

[2026-07-15T18:42:35.975648+00:00] e000106 /home/bob/src/mess/.maw/workspaces/bn-1zv6/spikes/pwritev_group/target/release/pwritev_group point-auto pwritev_64_8m process 24 1 1024 4 domain 0
stdout:
variant,mode,payload,events_per_batch,owner_units,physical_batches,writers,chain,unit_shape,iterations,stop_reason,events,domain_events,bytes,write_syscalls,short_writes,interrupted,max_iovecs,copied_bytes,barriers,cpu_ns,wall_ns,p50_ns,p95_ns,p99_ns,load1_before,load1_after
pwritev_64_8m,process,24,1,1024,1024,4,0,domain,235,bytes,240640,240640,33689600,3760,0,0,64,0,0,16100794,16268647,66260,84170,96250,4.580,4.580
stderr:

[2026-07-15T18:42:37.003644+00:00] e000107 /home/bob/src/mess/.maw/workspaces/bn-1zv6/spikes/pwritev_group/target/release/pwritev_group point-auto pwritev_64_8m process 24 1 1024 4 domain 0
stdout:
variant,mode,payload,events_per_batch,owner_units,physical_batches,writers,chain,unit_shape,iterations,stop_reason,events,domain_events,bytes,write_syscalls,short_writes,interrupted,max_iovecs,copied_bytes,barriers,cpu_ns,wall_ns,p50_ns,p95_ns,p99_ns,load1_before,load1_after
pwritev_64_8m,process,24,1,1024,1024,4,0,domain,235,bytes,240640,240640,33689600,3760,0,0,64,0,0,15866094,15978918,66380,75289,78560,4.450,4.450
stderr:

[2026-07-15T18:42:38.032546+00:00] e000108 /home/bob/src/mess/.maw/workspaces/bn-1zv6/spikes/pwritev_group/target/release/pwritev_group point-auto k_pwrite process 24 1 1024 4 domain 0
stdout:
variant,mode,payload,events_per_batch,owner_units,physical_batches,writers,chain,unit_shape,iterations,stop_reason,events,domain_events,bytes,write_syscalls,short_writes,interrupted,max_iovecs,copied_bytes,barriers,cpu_ns,wall_ns,p50_ns,p95_ns,p99_ns,load1_before,load1_after
k_pwrite,process,24,1,1024,1024,4,0,domain,235,bytes,240640,240640,33689600,240640,0,0,0,0,0,185870466,187569350,755850,947289,1742128,4.450,4.450
stderr:

[2026-07-15T18:42:39.057214+00:00] e000109 /home/bob/src/mess/.maw/workspaces/bn-1zv6/spikes/pwritev_group/target/release/pwritev_group point-auto copy_contiguous process 24 1 1024 4 domain 0
stdout:
variant,mode,payload,events_per_batch,owner_units,physical_batches,writers,chain,unit_shape,iterations,stop_reason,events,domain_events,bytes,write_syscalls,short_writes,interrupted,max_iovecs,copied_bytes,barriers,cpu_ns,wall_ns,p50_ns,p95_ns,p99_ns,load1_before,load1_after
copy_contiguous,process,24,1,1024,1024,4,0,domain,235,bytes,240640,240640,33689600,235,0,0,0,33689600,0,5604631,5635636,23180,29360,33380,4.450,4.450
stderr:

[2026-07-15T18:42:40.086538+00:00] e000110 /home/bob/src/mess/.maw/workspaces/bn-1zv6/spikes/pwritev_group/target/release/pwritev_group point-auto k_pwrite process 24 1 1024 4 domain 0
stdout:
variant,mode,payload,events_per_batch,owner_units,physical_batches,writers,chain,unit_shape,iterations,stop_reason,events,domain_events,bytes,write_syscalls,short_writes,interrupted,max_iovecs,copied_bytes,barriers,cpu_ns,wall_ns,p50_ns,p95_ns,p99_ns,load1_before,load1_after
k_pwrite,process,24,1,1024,1024,4,0,domain,235,bytes,240640,240640,33689600,240640,0,0,0,0,0,183245126,187829210,756369,923119,1006280,4.450,4.450
stderr:

[2026-07-15T18:42:41.115763+00:00] e000111 /home/bob/src/mess/.maw/workspaces/bn-1zv6/spikes/pwritev_group/target/release/pwritev_group point-auto k_pwrite process 24 1 1024 4 domain 0
stdout:
variant,mode,payload,events_per_batch,owner_units,physical_batches,writers,chain,unit_shape,iterations,stop_reason,events,domain_events,bytes,write_syscalls,short_writes,interrupted,max_iovecs,copied_bytes,barriers,cpu_ns,wall_ns,p50_ns,p95_ns,p99_ns,load1_before,load1_after
k_pwrite,process,24,1,1024,1024,4,0,domain,235,bytes,240640,240640,33689600,240640,0,0,0,0,0,178519464,180309195,754170,827449,1165709,4.450,4.450
stderr:

[2026-07-15T18:42:42.147893+00:00] e000112 /home/bob/src/mess/.maw/workspaces/bn-1zv6/spikes/pwritev_group/target/release/pwritev_group point-auto copy_contiguous process 24 1 1024 4 domain 0
stdout:
variant,mode,payload,events_per_batch,owner_units,physical_batches,writers,chain,unit_shape,iterations,stop_reason,events,domain_events,bytes,write_syscalls,short_writes,interrupted,max_iovecs,copied_bytes,barriers,cpu_ns,wall_ns,p50_ns,p95_ns,p99_ns,load1_before,load1_after
copy_contiguous,process,24,1,1024,1024,4,0,domain,235,bytes,240640,240640,33689600,235,0,0,0,33689600,0,5561081,5620926,23300,28110,33380,4.250,4.250
stderr:

[2026-07-15T18:42:43.177645+00:00] e000113 /home/bob/src/mess/.maw/workspaces/bn-1zv6/spikes/pwritev_group/target/release/pwritev_group point-auto k_pwrite process 24 1 1024 4 new_name 0
stdout:
variant,mode,payload,events_per_batch,owner_units,physical_batches,writers,chain,unit_shape,iterations,stop_reason,events,domain_events,bytes,write_syscalls,short_writes,interrupted,max_iovecs,copied_bytes,barriers,cpu_ns,wall_ns,p50_ns,p95_ns,p99_ns,load1_before,load1_after
k_pwrite,process,24,1,1024,2048,4,0,new_name,118,bytes,241664,120832,33832960,241664,0,0,0,0,0,187933728,189647159,1516789,1962278,3137868,4.250,4.250
stderr:

[2026-07-15T18:42:44.200110+00:00] e000114 /home/bob/src/mess/.maw/workspaces/bn-1zv6/spikes/pwritev_group/target/release/pwritev_group point-auto pwritev_full_8m process 24 1 1024 4 new_name 0
stdout:
variant,mode,payload,events_per_batch,owner_units,physical_batches,writers,chain,unit_shape,iterations,stop_reason,events,domain_events,bytes,write_syscalls,short_writes,interrupted,max_iovecs,copied_bytes,barriers,cpu_ns,wall_ns,p50_ns,p95_ns,p99_ns,load1_before,load1_after
pwritev_full_8m,process,24,1,1024,2048,4,0,new_name,118,bytes,241664,120832,33832960,236,0,0,1024,0,0,10976283,11075632,89380,105000,125770,4.250,4.250
stderr:

[2026-07-15T18:42:45.230056+00:00] e000115 /home/bob/src/mess/.maw/workspaces/bn-1zv6/spikes/pwritev_group/target/release/pwritev_group point-auto pwritev_full_8m process 24 1 1024 4 new_name 0
stdout:
variant,mode,payload,events_per_batch,owner_units,physical_batches,writers,chain,unit_shape,iterations,stop_reason,events,domain_events,bytes,write_syscalls,short_writes,interrupted,max_iovecs,copied_bytes,barriers,cpu_ns,wall_ns,p50_ns,p95_ns,p99_ns,load1_before,load1_after
pwritev_full_8m,process,24,1,1024,2048,4,0,new_name,118,bytes,241664,120832,33832960,236,0,0,1024,0,0,12519833,12787571,89760,107120,121390,4.250,4.250
stderr:

[2026-07-15T18:42:46.268780+00:00] e000116 /home/bob/src/mess/.maw/workspaces/bn-1zv6/spikes/pwritev_group/target/release/pwritev_group point-auto k_pwrite process 24 1 1024 4 new_name 0
stdout:
variant,mode,payload,events_per_batch,owner_units,physical_batches,writers,chain,unit_shape,iterations,stop_reason,events,domain_events,bytes,write_syscalls,short_writes,interrupted,max_iovecs,copied_bytes,barriers,cpu_ns,wall_ns,p50_ns,p95_ns,p99_ns,load1_before,load1_after
k_pwrite,process,24,1,1024,2048,4,0,new_name,118,bytes,241664,120832,33832960,241664,0,0,0,0,0,192797459,194611575,1517339,1915869,3688337,4.250,4.250
stderr:

[2026-07-15T18:42:47.299578+00:00] e000117 /home/bob/src/mess/.maw/workspaces/bn-1zv6/spikes/pwritev_group/target/release/pwritev_group point-auto pwritev_256_8m process 24 1 1024 4 new_name 0
stdout:
variant,mode,payload,events_per_batch,owner_units,physical_batches,writers,chain,unit_shape,iterations,stop_reason,events,domain_events,bytes,write_syscalls,short_writes,interrupted,max_iovecs,copied_bytes,barriers,cpu_ns,wall_ns,p50_ns,p95_ns,p99_ns,load1_before,load1_after
pwritev_256_8m,process,24,1,1024,2048,4,0,new_name,118,bytes,241664,120832,33832960,944,0,0,256,0,0,12189493,12262141,102230,110090,111269,4.230,4.230
stderr:

[2026-07-15T18:42:48.323679+00:00] e000118 /home/bob/src/mess/.maw/workspaces/bn-1zv6/spikes/pwritev_group/target/release/pwritev_group point-auto k_pwrite process 24 1 1024 4 new_name 0
stdout:
variant,mode,payload,events_per_batch,owner_units,physical_batches,writers,chain,unit_shape,iterations,stop_reason,events,domain_events,bytes,write_syscalls,short_writes,interrupted,max_iovecs,copied_bytes,barriers,cpu_ns,wall_ns,p50_ns,p95_ns,p99_ns,load1_before,load1_after
k_pwrite,process,24,1,1024,2048,4,0,new_name,118,bytes,241664,120832,33832960,241664,0,0,0,0,0,184691017,187421830,1526779,1911708,2661349,4.230,4.230
stderr:

[2026-07-15T18:42:49.353196+00:00] e000119 /home/bob/src/mess/.maw/workspaces/bn-1zv6/spikes/pwritev_group/target/release/pwritev_group point-auto k_pwrite process 24 1 1024 4 new_name 0
stdout:
variant,mode,payload,events_per_batch,owner_units,physical_batches,writers,chain,unit_shape,iterations,stop_reason,events,domain_events,bytes,write_syscalls,short_writes,interrupted,max_iovecs,copied_bytes,barriers,cpu_ns,wall_ns,p50_ns,p95_ns,p99_ns,load1_before,load1_after
k_pwrite,process,24,1,1024,2048,4,0,new_name,118,bytes,241664,120832,33832960,241664,0,0,0,0,0,184261316,185825301,1512228,1828389,2635708,4.230,4.230
stderr:

[2026-07-15T18:42:50.386374+00:00] e000120 /home/bob/src/mess/.maw/workspaces/bn-1zv6/spikes/pwritev_group/target/release/pwritev_group point-auto pwritev_256_8m process 24 1 1024 4 new_name 0
stdout:
variant,mode,payload,events_per_batch,owner_units,physical_batches,writers,chain,unit_shape,iterations,stop_reason,events,domain_events,bytes,write_syscalls,short_writes,interrupted,max_iovecs,copied_bytes,barriers,cpu_ns,wall_ns,p50_ns,p95_ns,p99_ns,load1_before,load1_after
pwritev_256_8m,process,24,1,1024,2048,4,0,new_name,118,bytes,241664,120832,33832960,944,0,0,256,0,0,12603733,12724680,102710,125630,136040,4.230,4.230
stderr:

[2026-07-15T18:42:51.417901+00:00] e000121 /home/bob/src/mess/.maw/workspaces/bn-1zv6/spikes/pwritev_group/target/release/pwritev_group point-auto k_pwrite process 24 1 1024 4 new_name 0
stdout:
variant,mode,payload,events_per_batch,owner_units,physical_batches,writers,chain,unit_shape,iterations,stop_reason,events,domain_events,bytes,write_syscalls,short_writes,interrupted,max_iovecs,copied_bytes,barriers,cpu_ns,wall_ns,p50_ns,p95_ns,p99_ns,load1_before,load1_after
k_pwrite,process,24,1,1024,2048,4,0,new_name,118,bytes,241664,120832,33832960,241664,0,0,0,0,0,191413818,192921816,1519029,2179569,3511487,4.230,4.230
stderr:

[2026-07-15T18:42:52.441125+00:00] e000122 /home/bob/src/mess/.maw/workspaces/bn-1zv6/spikes/pwritev_group/target/release/pwritev_group point-auto pwritev_64_8m process 24 1 1024 4 new_name 0
stdout:
variant,mode,payload,events_per_batch,owner_units,physical_batches,writers,chain,unit_shape,iterations,stop_reason,events,domain_events,bytes,write_syscalls,short_writes,interrupted,max_iovecs,copied_bytes,barriers,cpu_ns,wall_ns,p50_ns,p95_ns,p99_ns,load1_before,load1_after
pwritev_64_8m,process,24,1,1024,2048,4,0,new_name,118,bytes,241664,120832,33832960,3776,0,0,64,0,0,16082834,16208188,133540,148829,171260,3.970,3.970
stderr:

[2026-07-15T18:42:53.469162+00:00] e000123 /home/bob/src/mess/.maw/workspaces/bn-1zv6/spikes/pwritev_group/target/release/pwritev_group point-auto pwritev_64_8m process 24 1 1024 4 new_name 0
stdout:
variant,mode,payload,events_per_batch,owner_units,physical_batches,writers,chain,unit_shape,iterations,stop_reason,events,domain_events,bytes,write_syscalls,short_writes,interrupted,max_iovecs,copied_bytes,barriers,cpu_ns,wall_ns,p50_ns,p95_ns,p99_ns,load1_before,load1_after
pwritev_64_8m,process,24,1,1024,2048,4,0,new_name,118,bytes,241664,120832,33832960,3776,0,0,64,0,0,16112784,16233038,133460,151379,163370,3.970,3.970
stderr:

[2026-07-15T18:42:54.498168+00:00] e000124 /home/bob/src/mess/.maw/workspaces/bn-1zv6/spikes/pwritev_group/target/release/pwritev_group point-auto k_pwrite process 24 1 1024 4 new_name 0
stdout:
variant,mode,payload,events_per_batch,owner_units,physical_batches,writers,chain,unit_shape,iterations,stop_reason,events,domain_events,bytes,write_syscalls,short_writes,interrupted,max_iovecs,copied_bytes,barriers,cpu_ns,wall_ns,p50_ns,p95_ns,p99_ns,load1_before,load1_after
k_pwrite,process,24,1,1024,2048,4,0,new_name,118,bytes,241664,120832,33832960,241664,0,0,0,0,0,192106285,195594164,1516489,1835339,4771947,3.970,3.970
stderr:

[2026-07-15T18:42:55.530342+00:00] e000125 /home/bob/src/mess/.maw/workspaces/bn-1zv6/spikes/pwritev_group/target/release/pwritev_group point-auto copy_contiguous process 24 1 1024 4 new_name 0
stdout:
variant,mode,payload,events_per_batch,owner_units,physical_batches,writers,chain,unit_shape,iterations,stop_reason,events,domain_events,bytes,write_syscalls,short_writes,interrupted,max_iovecs,copied_bytes,barriers,cpu_ns,wall_ns,p50_ns,p95_ns,p99_ns,load1_before,load1_after
copy_contiguous,process,24,1,1024,2048,4,0,new_name,118,bytes,241664,120832,33832960,118,0,0,0,33832960,0,6931991,6986165,56320,72560,96169,3.970,3.970
stderr:

[2026-07-15T18:42:56.560400+00:00] e000126 /home/bob/src/mess/.maw/workspaces/bn-1zv6/spikes/pwritev_group/target/release/pwritev_group point-auto k_pwrite process 24 1 1024 4 new_name 0
stdout:
variant,mode,payload,events_per_batch,owner_units,physical_batches,writers,chain,unit_shape,iterations,stop_reason,events,domain_events,bytes,write_syscalls,short_writes,interrupted,max_iovecs,copied_bytes,barriers,cpu_ns,wall_ns,p50_ns,p95_ns,p99_ns,load1_before,load1_after
k_pwrite,process,24,1,1024,2048,4,0,new_name,118,bytes,241664,120832,33832960,241664,0,0,0,0,0,183990236,185476942,1518949,1915719,2352269,3.970,3.970
stderr:

[2026-07-15T18:42:57.583183+00:00] e000127 /home/bob/src/mess/.maw/workspaces/bn-1zv6/spikes/pwritev_group/target/release/pwritev_group point-auto k_pwrite process 24 1 1024 4 new_name 0
stdout:
variant,mode,payload,events_per_batch,owner_units,physical_batches,writers,chain,unit_shape,iterations,stop_reason,events,domain_events,bytes,write_syscalls,short_writes,interrupted,max_iovecs,copied_bytes,barriers,cpu_ns,wall_ns,p50_ns,p95_ns,p99_ns,load1_before,load1_after
k_pwrite,process,24,1,1024,2048,4,0,new_name,118,bytes,241664,120832,33832960,241664,0,0,0,0,0,182612175,184170103,1517879,1780079,2668877,3.660,3.660
stderr:

[2026-07-15T18:42:58.618282+00:00] e000128 /home/bob/src/mess/.maw/workspaces/bn-1zv6/spikes/pwritev_group/target/release/pwritev_group point-auto copy_contiguous process 24 1 1024 4 new_name 0
stdout:
variant,mode,payload,events_per_batch,owner_units,physical_batches,writers,chain,unit_shape,iterations,stop_reason,events,domain_events,bytes,write_syscalls,short_writes,interrupted,max_iovecs,copied_bytes,barriers,cpu_ns,wall_ns,p50_ns,p95_ns,p99_ns,load1_before,load1_after
copy_contiguous,process,24,1,1024,2048,4,0,new_name,118,bytes,241664,120832,33832960,118,0,0,0,33832960,0,6402422,6487016,51890,65080,101750,3.660,3.660
stderr:

[2026-07-15T18:42:59.641427+00:00] e000129 /home/bob/src/mess/.maw/workspaces/bn-1zv6/spikes/pwritev_group/target/release/pwritev_group point-auto k_pwrite process 24 1 1025 4 domain 0
stdout:
variant,mode,payload,events_per_batch,owner_units,physical_batches,writers,chain,unit_shape,iterations,stop_reason,events,domain_events,bytes,write_syscalls,short_writes,interrupted,max_iovecs,copied_bytes,barriers,cpu_ns,wall_ns,p50_ns,p95_ns,p99_ns,load1_before,load1_after
k_pwrite,process,24,1,1025,1025,4,0,domain,234,bytes,239850,239850,33579000,239850,0,0,0,0,0,185257177,188187700,753579,942490,1882759,3.660,3.660
stderr:

[2026-07-15T18:43:00.669548+00:00] e000130 /home/bob/src/mess/.maw/workspaces/bn-1zv6/spikes/pwritev_group/target/release/pwritev_group point-auto pwritev_full_8m process 24 1 1025 4 domain 0
stdout:
variant,mode,payload,events_per_batch,owner_units,physical_batches,writers,chain,unit_shape,iterations,stop_reason,events,domain_events,bytes,write_syscalls,short_writes,interrupted,max_iovecs,copied_bytes,barriers,cpu_ns,wall_ns,p50_ns,p95_ns,p99_ns,load1_before,load1_after
pwritev_full_8m,process,24,1,1025,1025,4,0,domain,234,bytes,239850,239850,33579000,468,0,0,1024,0,0,10658353,10746112,44670,53360,61780,3.660,3.660
stderr:

[2026-07-15T18:43:01.693375+00:00] e000131 /home/bob/src/mess/.maw/workspaces/bn-1zv6/spikes/pwritev_group/target/release/pwritev_group point-auto pwritev_full_8m process 24 1 1025 4 domain 0
stdout:
variant,mode,payload,events_per_batch,owner_units,physical_batches,writers,chain,unit_shape,iterations,stop_reason,events,domain_events,bytes,write_syscalls,short_writes,interrupted,max_iovecs,copied_bytes,barriers,cpu_ns,wall_ns,p50_ns,p95_ns,p99_ns,load1_before,load1_after
pwritev_full_8m,process,24,1,1025,1025,4,0,domain,234,bytes,239850,239850,33579000,468,0,0,1024,0,0,10982633,11117452,44970,57920,74770,3.660,3.660
stderr:

[2026-07-15T18:43:02.723372+00:00] e000132 /home/bob/src/mess/.maw/workspaces/bn-1zv6/spikes/pwritev_group/target/release/pwritev_group point-auto k_pwrite process 24 1 1025 4 domain 0
stdout:
variant,mode,payload,events_per_batch,owner_units,physical_batches,writers,chain,unit_shape,iterations,stop_reason,events,domain_events,bytes,write_syscalls,short_writes,interrupted,max_iovecs,copied_bytes,barriers,cpu_ns,wall_ns,p50_ns,p95_ns,p99_ns,load1_before,load1_after
k_pwrite,process,24,1,1025,1025,4,0,domain,234,bytes,239850,239850,33579000,239850,0,0,0,0,0,186451695,192663257,751980,823979,3152557,3.360,3.360
stderr:

[2026-07-15T18:43:03.754636+00:00] e000133 /home/bob/src/mess/.maw/workspaces/bn-1zv6/spikes/pwritev_group/target/release/pwritev_group point-auto pwritev_256_8m process 24 1 1025 4 domain 0
stdout:
variant,mode,payload,events_per_batch,owner_units,physical_batches,writers,chain,unit_shape,iterations,stop_reason,events,domain_events,bytes,write_syscalls,short_writes,interrupted,max_iovecs,copied_bytes,barriers,cpu_ns,wall_ns,p50_ns,p95_ns,p99_ns,load1_before,load1_after
pwritev_256_8m,process,24,1,1025,1025,4,0,domain,234,bytes,239850,239850,33579000,1170,0,0,256,0,0,12128073,12240581,50930,57460,70960,3.360,3.360
stderr:

[2026-07-15T18:43:04.784621+00:00] e000134 /home/bob/src/mess/.maw/workspaces/bn-1zv6/spikes/pwritev_group/target/release/pwritev_group point-auto k_pwrite process 24 1 1025 4 domain 0
stdout:
variant,mode,payload,events_per_batch,owner_units,physical_batches,writers,chain,unit_shape,iterations,stop_reason,events,domain_events,bytes,write_syscalls,short_writes,interrupted,max_iovecs,copied_bytes,barriers,cpu_ns,wall_ns,p50_ns,p95_ns,p99_ns,load1_before,load1_after
k_pwrite,process,24,1,1025,1025,4,0,domain,234,bytes,239850,239850,33579000,239850,0,0,0,0,0,178141145,181523305,751179,865559,1131539,3.360,3.360
stderr:

[2026-07-15T18:43:05.814719+00:00] e000135 /home/bob/src/mess/.maw/workspaces/bn-1zv6/spikes/pwritev_group/target/release/pwritev_group point-auto k_pwrite process 24 1 1025 4 domain 0
stdout:
variant,mode,payload,events_per_batch,owner_units,physical_batches,writers,chain,unit_shape,iterations,stop_reason,events,domain_events,bytes,write_syscalls,short_writes,interrupted,max_iovecs,copied_bytes,barriers,cpu_ns,wall_ns,p50_ns,p95_ns,p99_ns,load1_before,load1_after
k_pwrite,process,24,1,1025,1025,4,0,domain,234,bytes,239850,239850,33579000,239850,0,0,0,0,0,183729807,185595972,758430,857199,1958679,3.360,3.360
stderr:

[2026-07-15T18:43:06.842636+00:00] e000136 /home/bob/src/mess/.maw/workspaces/bn-1zv6/spikes/pwritev_group/target/release/pwritev_group point-auto pwritev_256_8m process 24 1 1025 4 domain 0
stdout:
variant,mode,payload,events_per_batch,owner_units,physical_batches,writers,chain,unit_shape,iterations,stop_reason,events,domain_events,bytes,write_syscalls,short_writes,interrupted,max_iovecs,copied_bytes,barriers,cpu_ns,wall_ns,p50_ns,p95_ns,p99_ns,load1_before,load1_after
pwritev_256_8m,process,24,1,1025,1025,4,0,domain,234,bytes,239850,239850,33579000,1170,0,0,256,0,0,14057534,14159629,63010,68310,74860,3.410,3.410
stderr:

[2026-07-15T18:43:07.871163+00:00] e000137 /home/bob/src/mess/.maw/workspaces/bn-1zv6/spikes/pwritev_group/target/release/pwritev_group point-auto k_pwrite process 24 1 1025 4 domain 0
stdout:
variant,mode,payload,events_per_batch,owner_units,physical_batches,writers,chain,unit_shape,iterations,stop_reason,events,domain_events,bytes,write_syscalls,short_writes,interrupted,max_iovecs,copied_bytes,barriers,cpu_ns,wall_ns,p50_ns,p95_ns,p99_ns,load1_before,load1_after
k_pwrite,process,24,1,1025,1025,4,0,domain,234,bytes,239850,239850,33579000,239850,0,0,0,0,0,193977289,195945504,754689,919780,3573358,3.410,3.410
stderr:

[2026-07-15T18:43:08.893259+00:00] e000138 /home/bob/src/mess/.maw/workspaces/bn-1zv6/spikes/pwritev_group/target/release/pwritev_group point-auto pwritev_64_8m process 24 1 1025 4 domain 0
stdout:
variant,mode,payload,events_per_batch,owner_units,physical_batches,writers,chain,unit_shape,iterations,stop_reason,events,domain_events,bytes,write_syscalls,short_writes,interrupted,max_iovecs,copied_bytes,barriers,cpu_ns,wall_ns,p50_ns,p95_ns,p99_ns,load1_before,load1_after
pwritev_64_8m,process,24,1,1025,1025,4,0,domain,234,bytes,239850,239850,33579000,3978,0,0,64,0,0,17482785,18027237,67180,81110,116490,3.410,3.410
stderr:

[2026-07-15T18:43:09.917451+00:00] e000139 /home/bob/src/mess/.maw/workspaces/bn-1zv6/spikes/pwritev_group/target/release/pwritev_group point-auto pwritev_64_8m process 24 1 1025 4 domain 0
stdout:
variant,mode,payload,events_per_batch,owner_units,physical_batches,writers,chain,unit_shape,iterations,stop_reason,events,domain_events,bytes,write_syscalls,short_writes,interrupted,max_iovecs,copied_bytes,barriers,cpu_ns,wall_ns,p50_ns,p95_ns,p99_ns,load1_before,load1_after
pwritev_64_8m,process,24,1,1025,1025,4,0,domain,234,bytes,239850,239850,33579000,3978,0,0,64,0,0,16194534,16347358,66789,79460,100870,3.410,3.410
stderr:

[2026-07-15T18:43:10.948411+00:00] e000140 /home/bob/src/mess/.maw/workspaces/bn-1zv6/spikes/pwritev_group/target/release/pwritev_group point-auto k_pwrite process 24 1 1025 4 domain 0
stdout:
variant,mode,payload,events_per_batch,owner_units,physical_batches,writers,chain,unit_shape,iterations,stop_reason,events,domain_events,bytes,write_syscalls,short_writes,interrupted,max_iovecs,copied_bytes,barriers,cpu_ns,wall_ns,p50_ns,p95_ns,p99_ns,load1_before,load1_after
k_pwrite,process,24,1,1025,1025,4,0,domain,234,bytes,239850,239850,33579000,239850,0,0,0,0,0,183462956,184918052,754399,924499,1499829,3.410,3.410
stderr:

[2026-07-15T18:43:11.970464+00:00] e000141 /home/bob/src/mess/.maw/workspaces/bn-1zv6/spikes/pwritev_group/target/release/pwritev_group point-auto copy_contiguous process 24 1 1025 4 domain 0
stdout:
variant,mode,payload,events_per_batch,owner_units,physical_batches,writers,chain,unit_shape,iterations,stop_reason,events,domain_events,bytes,write_syscalls,short_writes,interrupted,max_iovecs,copied_bytes,barriers,cpu_ns,wall_ns,p50_ns,p95_ns,p99_ns,load1_before,load1_after
copy_contiguous,process,24,1,1025,1025,4,0,domain,234,bytes,239850,239850,33579000,234,0,0,0,33579000,0,5515361,5559076,23020,28110,35520,3.300,3.300
stderr:

[2026-07-15T18:43:13.001506+00:00] e000142 /home/bob/src/mess/.maw/workspaces/bn-1zv6/spikes/pwritev_group/target/release/pwritev_group point-auto k_pwrite process 24 1 1025 4 domain 0
stdout:
variant,mode,payload,events_per_batch,owner_units,physical_batches,writers,chain,unit_shape,iterations,stop_reason,events,domain_events,bytes,write_syscalls,short_writes,interrupted,max_iovecs,copied_bytes,barriers,cpu_ns,wall_ns,p50_ns,p95_ns,p99_ns,load1_before,load1_after
k_pwrite,process,24,1,1025,1025,4,0,domain,234,bytes,239850,239850,33579000,239850,0,0,0,0,0,178832164,180255747,756199,834780,1216919,3.300,3.300
stderr:

[2026-07-15T18:43:14.029400+00:00] e000143 /home/bob/src/mess/.maw/workspaces/bn-1zv6/spikes/pwritev_group/target/release/pwritev_group point-auto k_pwrite process 24 1 1025 4 domain 0
stdout:
variant,mode,payload,events_per_batch,owner_units,physical_batches,writers,chain,unit_shape,iterations,stop_reason,events,domain_events,bytes,write_syscalls,short_writes,interrupted,max_iovecs,copied_bytes,barriers,cpu_ns,wall_ns,p50_ns,p95_ns,p99_ns,load1_before,load1_after
k_pwrite,process,24,1,1025,1025,4,0,domain,234,bytes,239850,239850,33579000,239850,0,0,0,0,0,184382366,186119122,757980,945189,1335478,3.300,3.300
stderr:

[2026-07-15T18:43:15.059877+00:00] e000144 /home/bob/src/mess/.maw/workspaces/bn-1zv6/spikes/pwritev_group/target/release/pwritev_group point-auto copy_contiguous process 24 1 1025 4 domain 0
stdout:
variant,mode,payload,events_per_batch,owner_units,physical_batches,writers,chain,unit_shape,iterations,stop_reason,events,domain_events,bytes,write_syscalls,short_writes,interrupted,max_iovecs,copied_bytes,barriers,cpu_ns,wall_ns,p50_ns,p95_ns,p99_ns,load1_before,load1_after
copy_contiguous,process,24,1,1025,1025,4,0,domain,234,bytes,239850,239850,33579000,234,0,0,0,33579000,0,5854771,5919496,22710,32810,37960,3.300,3.300
stderr:

[2026-07-15T18:43:16.089826+00:00] e000145 /home/bob/src/mess/.maw/workspaces/bn-1zv6/spikes/pwritev_group/target/release/pwritev_group point-auto k_pwrite process 24 1 1025 4 new_name 0
stdout:
variant,mode,payload,events_per_batch,owner_units,physical_batches,writers,chain,unit_shape,iterations,stop_reason,events,domain_events,bytes,write_syscalls,short_writes,interrupted,max_iovecs,copied_bytes,barriers,cpu_ns,wall_ns,p50_ns,p95_ns,p99_ns,load1_before,load1_after
k_pwrite,process,24,1,1025,2050,4,0,new_name,117,bytes,239850,119925,33579000,239850,0,0,0,0,0,183319294,185005552,1530199,1836578,1919959,3.300,3.300
stderr:

[2026-07-15T18:43:17.118984+00:00] e000146 /home/bob/src/mess/.maw/workspaces/bn-1zv6/spikes/pwritev_group/target/release/pwritev_group point-auto pwritev_full_8m process 24 1 1025 4 new_name 0
stdout:
variant,mode,payload,events_per_batch,owner_units,physical_batches,writers,chain,unit_shape,iterations,stop_reason,events,domain_events,bytes,write_syscalls,short_writes,interrupted,max_iovecs,copied_bytes,barriers,cpu_ns,wall_ns,p50_ns,p95_ns,p99_ns,load1_before,load1_after
pwritev_full_8m,process,24,1,1025,2050,4,0,new_name,117,bytes,239850,119925,33579000,351,0,0,1024,0,0,10797483,10902172,90010,105590,117880,3.040,3.040
stderr:

[2026-07-15T18:43:18.151121+00:00] e000147 /home/bob/src/mess/.maw/workspaces/bn-1zv6/spikes/pwritev_group/target/release/pwritev_group point-auto pwritev_full_8m process 24 1 1025 4 new_name 0
stdout:
variant,mode,payload,events_per_batch,owner_units,physical_batches,writers,chain,unit_shape,iterations,stop_reason,events,domain_events,bytes,write_syscalls,short_writes,interrupted,max_iovecs,copied_bytes,barriers,cpu_ns,wall_ns,p50_ns,p95_ns,p99_ns,load1_before,load1_after
pwritev_full_8m,process,24,1,1025,2050,4,0,new_name,117,bytes,239850,119925,33579000,351,0,0,1024,0,0,10963942,11099181,90410,115620,129080,3.040,3.040
stderr:

[2026-07-15T18:43:19.173220+00:00] e000148 /home/bob/src/mess/.maw/workspaces/bn-1zv6/spikes/pwritev_group/target/release/pwritev_group point-auto k_pwrite process 24 1 1025 4 new_name 0
stdout:
variant,mode,payload,events_per_batch,owner_units,physical_batches,writers,chain,unit_shape,iterations,stop_reason,events,domain_events,bytes,write_syscalls,short_writes,interrupted,max_iovecs,copied_bytes,barriers,cpu_ns,wall_ns,p50_ns,p95_ns,p99_ns,load1_before,load1_after
k_pwrite,process,24,1,1025,2050,4,0,new_name,117,bytes,239850,119925,33579000,239850,0,0,0,0,0,183455865,185166662,1517439,1894728,2805367,3.040,3.040
stderr:

[2026-07-15T18:43:20.198206+00:00] e000149 /home/bob/src/mess/.maw/workspaces/bn-1zv6/spikes/pwritev_group/target/release/pwritev_group point-auto pwritev_256_8m process 24 1 1025 4 new_name 0
stdout:
variant,mode,payload,events_per_batch,owner_units,physical_batches,writers,chain,unit_shape,iterations,stop_reason,events,domain_events,bytes,write_syscalls,short_writes,interrupted,max_iovecs,copied_bytes,barriers,cpu_ns,wall_ns,p50_ns,p95_ns,p99_ns,load1_before,load1_after
pwritev_256_8m,process,24,1,1025,2050,4,0,new_name,117,bytes,239850,119925,33579000,1053,0,0,256,0,0,13723113,13952930,103020,117300,195960,3.040,3.040
stderr:

[2026-07-15T18:43:21.226802+00:00] e000150 /home/bob/src/mess/.maw/workspaces/bn-1zv6/spikes/pwritev_group/target/release/pwritev_group point-auto k_pwrite process 24 1 1025 4 new_name 0
stdout:
variant,mode,payload,events_per_batch,owner_units,physical_batches,writers,chain,unit_shape,iterations,stop_reason,events,domain_events,bytes,write_syscalls,short_writes,interrupted,max_iovecs,copied_bytes,barriers,cpu_ns,wall_ns,p50_ns,p95_ns,p99_ns,load1_before,load1_after
k_pwrite,process,24,1,1025,2050,4,0,new_name,117,bytes,239850,119925,33579000,239850,0,0,0,0,0,181357785,182830895,1514019,1854319,1960768,3.040,3.040
stderr:

[2026-07-15T18:43:22.257556+00:00] e000151 /home/bob/src/mess/.maw/workspaces/bn-1zv6/spikes/pwritev_group/target/release/pwritev_group point-auto k_pwrite process 24 1 1025 4 new_name 0
stdout:
variant,mode,payload,events_per_batch,owner_units,physical_batches,writers,chain,unit_shape,iterations,stop_reason,events,domain_events,bytes,write_syscalls,short_writes,interrupted,max_iovecs,copied_bytes,barriers,cpu_ns,wall_ns,p50_ns,p95_ns,p99_ns,load1_before,load1_after
k_pwrite,process,24,1,1025,2050,4,0,new_name,117,bytes,239850,119925,33579000,239850,0,0,0,0,0,190725457,192338227,1518359,2096359,4355107,2.870,2.870
stderr:

[2026-07-15T18:43:23.290091+00:00] e000152 /home/bob/src/mess/.maw/workspaces/bn-1zv6/spikes/pwritev_group/target/release/pwritev_group point-auto pwritev_256_8m process 24 1 1025 4 new_name 0
stdout:
variant,mode,payload,events_per_batch,owner_units,physical_batches,writers,chain,unit_shape,iterations,stop_reason,events,domain_events,bytes,write_syscalls,short_writes,interrupted,max_iovecs,copied_bytes,barriers,cpu_ns,wall_ns,p50_ns,p95_ns,p99_ns,load1_before,load1_after
pwritev_256_8m,process,24,1,1025,2050,4,0,new_name,117,bytes,239850,119925,33579000,1053,0,0,256,0,0,14101674,14509159,102820,127330,434470,2.870,2.870
stderr:

[2026-07-15T18:43:24.320336+00:00] e000153 /home/bob/src/mess/.maw/workspaces/bn-1zv6/spikes/pwritev_group/target/release/pwritev_group point-auto k_pwrite process 24 1 1025 4 new_name 0
stdout:
variant,mode,payload,events_per_batch,owner_units,physical_batches,writers,chain,unit_shape,iterations,stop_reason,events,domain_events,bytes,write_syscalls,short_writes,interrupted,max_iovecs,copied_bytes,barriers,cpu_ns,wall_ns,p50_ns,p95_ns,p99_ns,load1_before,load1_after
k_pwrite,process,24,1,1025,2050,4,0,new_name,117,bytes,239850,119925,33579000,239850,0,0,0,0,0,182478756,184522743,1523179,1800189,2584078,2.870,2.870
stderr:

[2026-07-15T18:43:25.349769+00:00] e000154 /home/bob/src/mess/.maw/workspaces/bn-1zv6/spikes/pwritev_group/target/release/pwritev_group point-auto pwritev_64_8m process 24 1 1025 4 new_name 0
stdout:
variant,mode,payload,events_per_batch,owner_units,physical_batches,writers,chain,unit_shape,iterations,stop_reason,events,domain_events,bytes,write_syscalls,short_writes,interrupted,max_iovecs,copied_bytes,barriers,cpu_ns,wall_ns,p50_ns,p95_ns,p99_ns,load1_before,load1_after
pwritev_64_8m,process,24,1,1025,2050,4,0,new_name,117,bytes,239850,119925,33579000,3861,0,0,64,0,0,17842375,18143517,136510,162850,179120,2.870,2.870
stderr:

[2026-07-15T18:43:26.374299+00:00] e000155 /home/bob/src/mess/.maw/workspaces/bn-1zv6/spikes/pwritev_group/target/release/pwritev_group point-auto pwritev_64_8m process 24 1 1025 4 new_name 0
stdout:
variant,mode,payload,events_per_batch,owner_units,physical_batches,writers,chain,unit_shape,iterations,stop_reason,events,domain_events,bytes,write_syscalls,short_writes,interrupted,max_iovecs,copied_bytes,barriers,cpu_ns,wall_ns,p50_ns,p95_ns,p99_ns,load1_before,load1_after
pwritev_64_8m,process,24,1,1025,2050,4,0,new_name,117,bytes,239850,119925,33579000,3861,0,0,64,0,0,15881074,16031138,134260,146170,172740,2.870,2.870
stderr:

[2026-07-15T18:43:27.397807+00:00] e000156 /home/bob/src/mess/.maw/workspaces/bn-1zv6/spikes/pwritev_group/target/release/pwritev_group point-auto k_pwrite process 24 1 1025 4 new_name 0
stdout:
variant,mode,payload,events_per_batch,owner_units,physical_batches,writers,chain,unit_shape,iterations,stop_reason,events,domain_events,bytes,write_syscalls,short_writes,interrupted,max_iovecs,copied_bytes,barriers,cpu_ns,wall_ns,p50_ns,p95_ns,p99_ns,load1_before,load1_after
k_pwrite,process,24,1,1025,2050,4,0,new_name,117,bytes,239850,119925,33579000,239850,0,0,0,0,0,185585967,187296081,1521729,1951479,3046338,2.800,2.800
stderr:

[2026-07-15T18:43:28.420409+00:00] e000157 /home/bob/src/mess/.maw/workspaces/bn-1zv6/spikes/pwritev_group/target/release/pwritev_group point-auto copy_contiguous process 24 1 1025 4 new_name 0
stdout:
variant,mode,payload,events_per_batch,owner_units,physical_batches,writers,chain,unit_shape,iterations,stop_reason,events,domain_events,bytes,write_syscalls,short_writes,interrupted,max_iovecs,copied_bytes,barriers,cpu_ns,wall_ns,p50_ns,p95_ns,p99_ns,load1_before,load1_after
copy_contiguous,process,24,1,1025,2050,4,0,new_name,117,bytes,239850,119925,33579000,117,0,0,0,33579000,0,5888720,6358555,50520,71740,76820,2.800,2.800
stderr:

[2026-07-15T18:43:29.441412+00:00] e000158 /home/bob/src/mess/.maw/workspaces/bn-1zv6/spikes/pwritev_group/target/release/pwritev_group point-auto k_pwrite process 24 1 1025 4 new_name 0
stdout:
variant,mode,payload,events_per_batch,owner_units,physical_batches,writers,chain,unit_shape,iterations,stop_reason,events,domain_events,bytes,write_syscalls,short_writes,interrupted,max_iovecs,copied_bytes,barriers,cpu_ns,wall_ns,p50_ns,p95_ns,p99_ns,load1_before,load1_after
k_pwrite,process,24,1,1025,2050,4,0,new_name,117,bytes,239850,119925,33579000,239850,0,0,0,0,0,182952286,184448823,1518399,1830229,2621018,2.800,2.800
stderr:

[2026-07-15T18:43:30.469491+00:00] e000159 /home/bob/src/mess/.maw/workspaces/bn-1zv6/spikes/pwritev_group/target/release/pwritev_group point-auto k_pwrite process 24 1 1025 4 new_name 0
stdout:
variant,mode,payload,events_per_batch,owner_units,physical_batches,writers,chain,unit_shape,iterations,stop_reason,events,domain_events,bytes,write_syscalls,short_writes,interrupted,max_iovecs,copied_bytes,barriers,cpu_ns,wall_ns,p50_ns,p95_ns,p99_ns,load1_before,load1_after
k_pwrite,process,24,1,1025,2050,4,0,new_name,117,bytes,239850,119925,33579000,239850,0,0,0,0,0,186231386,188510230,1515669,1837118,2941417,2.800,2.800
stderr:

[2026-07-15T18:43:31.499004+00:00] e000160 /home/bob/src/mess/.maw/workspaces/bn-1zv6/spikes/pwritev_group/target/release/pwritev_group point-auto copy_contiguous process 24 1 1025 4 new_name 0
stdout:
variant,mode,payload,events_per_batch,owner_units,physical_batches,writers,chain,unit_shape,iterations,stop_reason,events,domain_events,bytes,write_syscalls,short_writes,interrupted,max_iovecs,copied_bytes,barriers,cpu_ns,wall_ns,p50_ns,p95_ns,p99_ns,load1_before,load1_after
copy_contiguous,process,24,1,1025,2050,4,0,new_name,117,bytes,239850,119925,33579000,117,0,0,0,33579000,0,7670781,8204324,48780,68970,984819,2.800,2.800
stderr:

[2026-07-15T18:43:32.525524+00:00] e000161 /home/bob/src/mess/.maw/workspaces/bn-1zv6/spikes/pwritev_group/target/release/pwritev_group point-auto k_pwrite process 24 10 2 2 domain 0
stdout:
variant,mode,payload,events_per_batch,owner_units,physical_batches,writers,chain,unit_shape,iterations,stop_reason,events,domain_events,bytes,write_syscalls,short_writes,interrupted,max_iovecs,copied_bytes,barriers,cpu_ns,wall_ns,p50_ns,p95_ns,p99_ns,load1_before,load1_after
k_pwrite,process,24,10,2,2,2,0,domain,27595,bytes,551900,551900,33555520,55190,0,0,0,0,0,45168551,45988805,1510,1820,2010,2.740,2.740
stderr:

[2026-07-15T18:43:33.547954+00:00] e000162 /home/bob/src/mess/.maw/workspaces/bn-1zv6/spikes/pwritev_group/target/release/pwritev_group point-auto pwritev_full_8m process 24 10 2 2 domain 0
stdout:
variant,mode,payload,events_per_batch,owner_units,physical_batches,writers,chain,unit_shape,iterations,stop_reason,events,domain_events,bytes,write_syscalls,short_writes,interrupted,max_iovecs,copied_bytes,barriers,cpu_ns,wall_ns,p50_ns,p95_ns,p99_ns,load1_before,load1_after
pwritev_full_8m,process,24,10,2,2,2,0,domain,27595,bytes,551900,551900,33555520,27595,0,0,2,0,0,28098967,28380439,930,1070,1210,2.740,2.740
stderr:

[2026-07-15T18:43:34.576116+00:00] e000163 /home/bob/src/mess/.maw/workspaces/bn-1zv6/spikes/pwritev_group/target/release/pwritev_group point-auto pwritev_full_8m process 24 10 2 2 domain 0
stdout:
variant,mode,payload,events_per_batch,owner_units,physical_batches,writers,chain,unit_shape,iterations,stop_reason,events,domain_events,bytes,write_syscalls,short_writes,interrupted,max_iovecs,copied_bytes,barriers,cpu_ns,wall_ns,p50_ns,p95_ns,p99_ns,load1_before,load1_after
pwritev_full_8m,process,24,10,2,2,2,0,domain,27595,bytes,551900,551900,33555520,27595,0,0,2,0,0,30735468,31409727,920,1130,1240,2.740,2.740
stderr:

[2026-07-15T18:43:35.604771+00:00] e000164 /home/bob/src/mess/.maw/workspaces/bn-1zv6/spikes/pwritev_group/target/release/pwritev_group point-auto k_pwrite process 24 10 2 2 domain 0
stdout:
variant,mode,payload,events_per_batch,owner_units,physical_batches,writers,chain,unit_shape,iterations,stop_reason,events,domain_events,bytes,write_syscalls,short_writes,interrupted,max_iovecs,copied_bytes,barriers,cpu_ns,wall_ns,p50_ns,p95_ns,p99_ns,load1_before,load1_after
k_pwrite,process,24,10,2,2,2,0,domain,27595,bytes,551900,551900,33555520,55190,0,0,0,0,0,43973241,44410727,1510,1670,1920,2.740,2.740
stderr:

[2026-07-15T18:43:36.627268+00:00] e000165 /home/bob/src/mess/.maw/workspaces/bn-1zv6/spikes/pwritev_group/target/release/pwritev_group point-auto copy_contiguous process 24 10 2 2 domain 0
stdout:
variant,mode,payload,events_per_batch,owner_units,physical_batches,writers,chain,unit_shape,iterations,stop_reason,events,domain_events,bytes,write_syscalls,short_writes,interrupted,max_iovecs,copied_bytes,barriers,cpu_ns,wall_ns,p50_ns,p95_ns,p99_ns,load1_before,load1_after
copy_contiguous,process,24,10,2,2,2,0,domain,27595,bytes,551900,551900,33555520,27595,0,0,0,33555520,0,26230986,26480881,820,1090,1170,2.740,2.740
stderr:

[2026-07-15T18:43:37.657332+00:00] e000166 /home/bob/src/mess/.maw/workspaces/bn-1zv6/spikes/pwritev_group/target/release/pwritev_group point-auto k_pwrite process 24 10 2 2 domain 0
stdout:
variant,mode,payload,events_per_batch,owner_units,physical_batches,writers,chain,unit_shape,iterations,stop_reason,events,domain_events,bytes,write_syscalls,short_writes,interrupted,max_iovecs,copied_bytes,barriers,cpu_ns,wall_ns,p50_ns,p95_ns,p99_ns,load1_before,load1_after
k_pwrite,process,24,10,2,2,2,0,domain,27595,bytes,551900,551900,33555520,55190,0,0,0,0,0,45105442,45430586,1500,1730,2060,2.680,2.680
stderr:

[2026-07-15T18:43:38.680551+00:00] e000167 /home/bob/src/mess/.maw/workspaces/bn-1zv6/spikes/pwritev_group/target/release/pwritev_group point-auto k_pwrite process 24 10 2 2 domain 0
stdout:
variant,mode,payload,events_per_batch,owner_units,physical_batches,writers,chain,unit_shape,iterations,stop_reason,events,domain_events,bytes,write_syscalls,short_writes,interrupted,max_iovecs,copied_bytes,barriers,cpu_ns,wall_ns,p50_ns,p95_ns,p99_ns,load1_before,load1_after
k_pwrite,process,24,10,2,2,2,0,domain,27595,bytes,551900,551900,33555520,55190,0,0,0,0,0,45075251,45458036,1500,1790,1950,2.680,2.680
stderr:

[2026-07-15T18:43:39.702072+00:00] e000168 /home/bob/src/mess/.maw/workspaces/bn-1zv6/spikes/pwritev_group/target/release/pwritev_group point-auto copy_contiguous process 24 10 2 2 domain 0
stdout:
variant,mode,payload,events_per_batch,owner_units,physical_batches,writers,chain,unit_shape,iterations,stop_reason,events,domain_events,bytes,write_syscalls,short_writes,interrupted,max_iovecs,copied_bytes,barriers,cpu_ns,wall_ns,p50_ns,p95_ns,p99_ns,load1_before,load1_after
copy_contiguous,process,24,10,2,2,2,0,domain,27595,bytes,551900,551900,33555520,27595,0,0,0,33555520,0,26744807,27215980,820,980,1230,2.680,2.680
stderr:

[2026-07-15T18:43:40.729955+00:00] e000169 /home/bob/src/mess/.maw/workspaces/bn-1zv6/spikes/pwritev_group/target/release/pwritev_group point-auto k_pwrite process 24 10 2 2 new_name 0
stdout:
variant,mode,payload,events_per_batch,owner_units,physical_batches,writers,chain,unit_shape,iterations,stop_reason,events,domain_events,bytes,write_syscalls,short_writes,interrupted,max_iovecs,copied_bytes,barriers,cpu_ns,wall_ns,p50_ns,p95_ns,p99_ns,load1_before,load1_after
k_pwrite,process,24,10,2,4,2,0,new_name,22430,bytes,493460,448600,33555280,89720,0,0,0,0,0,69864207,70515858,2910,3470,6360,2.680,2.680
stderr:

[2026-07-15T18:43:41.759982+00:00] e000170 /home/bob/src/mess/.maw/workspaces/bn-1zv6/spikes/pwritev_group/target/release/pwritev_group point-auto pwritev_full_8m process 24 10 2 2 new_name 0
stdout:
variant,mode,payload,events_per_batch,owner_units,physical_batches,writers,chain,unit_shape,iterations,stop_reason,events,domain_events,bytes,write_syscalls,short_writes,interrupted,max_iovecs,copied_bytes,barriers,cpu_ns,wall_ns,p50_ns,p95_ns,p99_ns,load1_before,load1_after
pwritev_full_8m,process,24,10,2,4,2,0,new_name,22430,bytes,493460,448600,33555280,22430,0,0,4,0,0,24767787,24964071,1000,1230,1430,2.680,2.680
stderr:

[2026-07-15T18:43:42.790877+00:00] e000171 /home/bob/src/mess/.maw/workspaces/bn-1zv6/spikes/pwritev_group/target/release/pwritev_group point-auto pwritev_full_8m process 24 10 2 2 new_name 0
stdout:
variant,mode,payload,events_per_batch,owner_units,physical_batches,writers,chain,unit_shape,iterations,stop_reason,events,domain_events,bytes,write_syscalls,short_writes,interrupted,max_iovecs,copied_bytes,barriers,cpu_ns,wall_ns,p50_ns,p95_ns,p99_ns,load1_before,load1_after
pwritev_full_8m,process,24,10,2,4,2,0,new_name,22430,bytes,493460,448600,33555280,22430,0,0,4,0,0,25393776,25648351,990,1160,1280,2.460,2.460
stderr:

[2026-07-15T18:43:43.818492+00:00] e000172 /home/bob/src/mess/.maw/workspaces/bn-1zv6/spikes/pwritev_group/target/release/pwritev_group point-auto k_pwrite process 24 10 2 2 new_name 0
stdout:
variant,mode,payload,events_per_batch,owner_units,physical_batches,writers,chain,unit_shape,iterations,stop_reason,events,domain_events,bytes,write_syscalls,short_writes,interrupted,max_iovecs,copied_bytes,barriers,cpu_ns,wall_ns,p50_ns,p95_ns,p99_ns,load1_before,load1_after
k_pwrite,process,24,10,2,4,2,0,new_name,22430,bytes,493460,448600,33555280,89720,0,0,0,0,0,70936218,71597727,2920,3480,4180,2.460,2.460
stderr:

[2026-07-15T18:43:44.847720+00:00] e000173 /home/bob/src/mess/.maw/workspaces/bn-1zv6/spikes/pwritev_group/target/release/pwritev_group point-auto copy_contiguous process 24 10 2 2 new_name 0
stdout:
variant,mode,payload,events_per_batch,owner_units,physical_batches,writers,chain,unit_shape,iterations,stop_reason,events,domain_events,bytes,write_syscalls,short_writes,interrupted,max_iovecs,copied_bytes,barriers,cpu_ns,wall_ns,p50_ns,p95_ns,p99_ns,load1_before,load1_after
copy_contiguous,process,24,10,2,4,2,0,new_name,22430,bytes,493460,448600,33555280,22430,0,0,0,33555280,0,20380375,20547995,830,960,1040,2.460,2.460
stderr:

[2026-07-15T18:43:45.869838+00:00] e000174 /home/bob/src/mess/.maw/workspaces/bn-1zv6/spikes/pwritev_group/target/release/pwritev_group point-auto k_pwrite process 24 10 2 2 new_name 0
stdout:
variant,mode,payload,events_per_batch,owner_units,physical_batches,writers,chain,unit_shape,iterations,stop_reason,events,domain_events,bytes,write_syscalls,short_writes,interrupted,max_iovecs,copied_bytes,barriers,cpu_ns,wall_ns,p50_ns,p95_ns,p99_ns,load1_before,load1_after
k_pwrite,process,24,10,2,4,2,0,new_name,22430,bytes,493460,448600,33555280,89720,0,0,0,0,0,68941028,69704918,2910,3610,3950,2.460,2.460
stderr:

[2026-07-15T18:43:46.894689+00:00] e000175 /home/bob/src/mess/.maw/workspaces/bn-1zv6/spikes/pwritev_group/target/release/pwritev_group point-auto k_pwrite process 24 10 2 2 new_name 0
stdout:
variant,mode,payload,events_per_batch,owner_units,physical_batches,writers,chain,unit_shape,iterations,stop_reason,events,domain_events,bytes,write_syscalls,short_writes,interrupted,max_iovecs,copied_bytes,barriers,cpu_ns,wall_ns,p50_ns,p95_ns,p99_ns,load1_before,load1_after
k_pwrite,process,24,10,2,4,2,0,new_name,22430,bytes,493460,448600,33555280,89720,0,0,0,0,0,69859628,70465498,2890,3440,5030,2.670,2.670
stderr:

[2026-07-15T18:43:47.917986+00:00] e000176 /home/bob/src/mess/.maw/workspaces/bn-1zv6/spikes/pwritev_group/target/release/pwritev_group point-auto copy_contiguous process 24 10 2 2 new_name 0
stdout:
variant,mode,payload,events_per_batch,owner_units,physical_batches,writers,chain,unit_shape,iterations,stop_reason,events,domain_events,bytes,write_syscalls,short_writes,interrupted,max_iovecs,copied_bytes,barriers,cpu_ns,wall_ns,p50_ns,p95_ns,p99_ns,load1_before,load1_after
copy_contiguous,process,24,10,2,4,2,0,new_name,22430,bytes,493460,448600,33555280,22430,0,0,0,33555280,0,22343796,22516813,840,1080,1330,2.670,2.670
stderr:

[2026-07-15T18:43:48.947343+00:00] e000177 /home/bob/src/mess/.maw/workspaces/bn-1zv6/spikes/pwritev_group/target/release/pwritev_group point-auto k_pwrite process 24 10 4 4 domain 0
stdout:
variant,mode,payload,events_per_batch,owner_units,physical_batches,writers,chain,unit_shape,iterations,stop_reason,events,domain_events,bytes,write_syscalls,short_writes,interrupted,max_iovecs,copied_bytes,barriers,cpu_ns,wall_ns,p50_ns,p95_ns,p99_ns,load1_before,load1_after
k_pwrite,process,24,10,4,4,4,0,domain,13798,bytes,551920,551920,33556736,55192,0,0,0,0,0,42450181,42813468,2970,3370,3770,2.670,2.670
stderr:

[2026-07-15T18:43:49.969647+00:00] e000178 /home/bob/src/mess/.maw/workspaces/bn-1zv6/spikes/pwritev_group/target/release/pwritev_group point-auto pwritev_full_8m process 24 10 4 4 domain 0
stdout:
variant,mode,payload,events_per_batch,owner_units,physical_batches,writers,chain,unit_shape,iterations,stop_reason,events,domain_events,bytes,write_syscalls,short_writes,interrupted,max_iovecs,copied_bytes,barriers,cpu_ns,wall_ns,p50_ns,p95_ns,p99_ns,load1_before,load1_after
pwritev_full_8m,process,24,10,4,4,4,0,domain,13798,bytes,551920,551920,33556736,13798,0,0,4,0,0,15898134,16050688,1030,1150,2290,2.670,2.670
stderr:

[2026-07-15T18:43:50.997664+00:00] e000179 /home/bob/src/mess/.maw/workspaces/bn-1zv6/spikes/pwritev_group/target/release/pwritev_group point-auto pwritev_full_8m process 24 10 4 4 domain 0
stdout:
variant,mode,payload,events_per_batch,owner_units,physical_batches,writers,chain,unit_shape,iterations,stop_reason,events,domain_events,bytes,write_syscalls,short_writes,interrupted,max_iovecs,copied_bytes,barriers,cpu_ns,wall_ns,p50_ns,p95_ns,p99_ns,load1_before,load1_after
pwritev_full_8m,process,24,10,4,4,4,0,domain,13798,bytes,551920,551920,33556736,13798,0,0,4,0,0,15997384,16130218,1030,1200,1360,2.670,2.670
stderr:

[2026-07-15T18:43:52.028961+00:00] e000180 /home/bob/src/mess/.maw/workspaces/bn-1zv6/spikes/pwritev_group/target/release/pwritev_group point-auto k_pwrite process 24 10 4 4 domain 0
stdout:
variant,mode,payload,events_per_batch,owner_units,physical_batches,writers,chain,unit_shape,iterations,stop_reason,events,domain_events,bytes,write_syscalls,short_writes,interrupted,max_iovecs,copied_bytes,barriers,cpu_ns,wall_ns,p50_ns,p95_ns,p99_ns,load1_before,load1_after
k_pwrite,process,24,10,4,4,4,0,domain,13798,bytes,551920,551920,33556736,55192,0,0,0,0,0,43393871,43761237,2940,3640,4000,2.690,2.690
stderr:

[2026-07-15T18:43:53.051754+00:00] e000181 /home/bob/src/mess/.maw/workspaces/bn-1zv6/spikes/pwritev_group/target/release/pwritev_group point-auto copy_contiguous process 24 10 4 4 domain 0
stdout:
variant,mode,payload,events_per_batch,owner_units,physical_batches,writers,chain,unit_shape,iterations,stop_reason,events,domain_events,bytes,write_syscalls,short_writes,interrupted,max_iovecs,copied_bytes,barriers,cpu_ns,wall_ns,p50_ns,p95_ns,p99_ns,load1_before,load1_after
copy_contiguous,process,24,10,4,4,4,0,domain,13798,bytes,551920,551920,33556736,13798,0,0,0,33556736,0,13024533,13120411,850,1110,1120,2.690,2.690
stderr:

[2026-07-15T18:43:54.074507+00:00] e000182 /home/bob/src/mess/.maw/workspaces/bn-1zv6/spikes/pwritev_group/target/release/pwritev_group point-auto k_pwrite process 24 10 4 4 domain 0
stdout:
variant,mode,payload,events_per_batch,owner_units,physical_batches,writers,chain,unit_shape,iterations,stop_reason,events,domain_events,bytes,write_syscalls,short_writes,interrupted,max_iovecs,copied_bytes,barriers,cpu_ns,wall_ns,p50_ns,p95_ns,p99_ns,load1_before,load1_after
k_pwrite,process,24,10,4,4,4,0,domain,13798,bytes,551920,551920,33556736,55192,0,0,0,0,0,43388911,43729198,2930,3450,4340,2.690,2.690
stderr:

[2026-07-15T18:43:55.103300+00:00] e000183 /home/bob/src/mess/.maw/workspaces/bn-1zv6/spikes/pwritev_group/target/release/pwritev_group point-auto k_pwrite process 24 10 4 4 domain 0
stdout:
variant,mode,payload,events_per_batch,owner_units,physical_batches,writers,chain,unit_shape,iterations,stop_reason,events,domain_events,bytes,write_syscalls,short_writes,interrupted,max_iovecs,copied_bytes,barriers,cpu_ns,wall_ns,p50_ns,p95_ns,p99_ns,load1_before,load1_after
k_pwrite,process,24,10,4,4,4,0,domain,13798,bytes,551920,551920,33556736,55192,0,0,0,0,0,45026710,45653916,2960,3410,8840,2.690,2.690
stderr:

[2026-07-15T18:43:56.132625+00:00] e000184 /home/bob/src/mess/.maw/workspaces/bn-1zv6/spikes/pwritev_group/target/release/pwritev_group point-auto copy_contiguous process 24 10 4 4 domain 0
stdout:
variant,mode,payload,events_per_batch,owner_units,physical_batches,writers,chain,unit_shape,iterations,stop_reason,events,domain_events,bytes,write_syscalls,short_writes,interrupted,max_iovecs,copied_bytes,barriers,cpu_ns,wall_ns,p50_ns,p95_ns,p99_ns,load1_before,load1_after
copy_contiguous,process,24,10,4,4,4,0,domain,13798,bytes,551920,551920,33556736,13798,0,0,0,33556736,0,14015463,14132190,840,1060,1420,2.690,2.690
stderr:

[2026-07-15T18:43:57.161470+00:00] e000185 /home/bob/src/mess/.maw/workspaces/bn-1zv6/spikes/pwritev_group/target/release/pwritev_group point-auto k_pwrite process 24 10 4 4 new_name 0
stdout:
variant,mode,payload,events_per_batch,owner_units,physical_batches,writers,chain,unit_shape,iterations,stop_reason,events,domain_events,bytes,write_syscalls,short_writes,interrupted,max_iovecs,copied_bytes,barriers,cpu_ns,wall_ns,p50_ns,p95_ns,p99_ns,load1_before,load1_after
k_pwrite,process,24,10,4,8,4,0,new_name,11215,bytes,493460,448600,33555280,89720,0,0,0,0,0,66940727,67633580,5750,6890,8330,2.560,2.560
stderr:

[2026-07-15T18:43:58.189273+00:00] e000186 /home/bob/src/mess/.maw/workspaces/bn-1zv6/spikes/pwritev_group/target/release/pwritev_group point-auto pwritev_full_8m process 24 10 4 4 new_name 0
stdout:
variant,mode,payload,events_per_batch,owner_units,physical_batches,writers,chain,unit_shape,iterations,stop_reason,events,domain_events,bytes,write_syscalls,short_writes,interrupted,max_iovecs,copied_bytes,barriers,cpu_ns,wall_ns,p50_ns,p95_ns,p99_ns,load1_before,load1_after
pwritev_full_8m,process,24,10,4,8,4,0,new_name,11215,bytes,493460,448600,33555280,11215,0,0,8,0,0,14248293,14459789,1160,1250,1580,2.560,2.560
stderr:

[2026-07-15T18:43:59.219838+00:00] e000187 /home/bob/src/mess/.maw/workspaces/bn-1zv6/spikes/pwritev_group/target/release/pwritev_group point-auto pwritev_full_8m process 24 10 4 4 new_name 0
stdout:
variant,mode,payload,events_per_batch,owner_units,physical_batches,writers,chain,unit_shape,iterations,stop_reason,events,domain_events,bytes,write_syscalls,short_writes,interrupted,max_iovecs,copied_bytes,barriers,cpu_ns,wall_ns,p50_ns,p95_ns,p99_ns,load1_before,load1_after
pwritev_full_8m,process,24,10,4,8,4,0,new_name,11215,bytes,493460,448600,33555280,11215,0,0,8,0,0,13993904,14081709,1160,1370,1450,2.560,2.560
stderr:

[2026-07-15T18:44:00.242312+00:00] e000188 /home/bob/src/mess/.maw/workspaces/bn-1zv6/spikes/pwritev_group/target/release/pwritev_group point-auto k_pwrite process 24 10 4 4 new_name 0
stdout:
variant,mode,payload,events_per_batch,owner_units,physical_batches,writers,chain,unit_shape,iterations,stop_reason,events,domain_events,bytes,write_syscalls,short_writes,interrupted,max_iovecs,copied_bytes,barriers,cpu_ns,wall_ns,p50_ns,p95_ns,p99_ns,load1_before,load1_after
k_pwrite,process,24,10,4,8,4,0,new_name,11215,bytes,493460,448600,33555280,89720,0,0,0,0,0,68316707,69366359,5760,6790,12740,2.560,2.560
stderr:

[2026-07-15T18:44:01.272405+00:00] e000189 /home/bob/src/mess/.maw/workspaces/bn-1zv6/spikes/pwritev_group/target/release/pwritev_group point-auto copy_contiguous process 24 10 4 4 new_name 0
stdout:
variant,mode,payload,events_per_batch,owner_units,physical_batches,writers,chain,unit_shape,iterations,stop_reason,events,domain_events,bytes,write_syscalls,short_writes,interrupted,max_iovecs,copied_bytes,barriers,cpu_ns,wall_ns,p50_ns,p95_ns,p99_ns,load1_before,load1_after
copy_contiguous,process,24,10,4,8,4,0,new_name,11215,bytes,493460,448600,33555280,11215,0,0,0,33555280,0,11021623,12141871,890,1110,1210,2.560,2.560
stderr:

[2026-07-15T18:44:02.301213+00:00] e000190 /home/bob/src/mess/.maw/workspaces/bn-1zv6/spikes/pwritev_group/target/release/pwritev_group point-auto k_pwrite process 24 10 4 4 new_name 0
stdout:
variant,mode,payload,events_per_batch,owner_units,physical_batches,writers,chain,unit_shape,iterations,stop_reason,events,domain_events,bytes,write_syscalls,short_writes,interrupted,max_iovecs,copied_bytes,barriers,cpu_ns,wall_ns,p50_ns,p95_ns,p99_ns,load1_before,load1_after
k_pwrite,process,24,10,4,8,4,0,new_name,11215,bytes,493460,448600,33555280,89720,0,0,0,0,0,69420718,69980918,5760,6760,14130,2.430,2.430
stderr:

[2026-07-15T18:44:03.332940+00:00] e000191 /home/bob/src/mess/.maw/workspaces/bn-1zv6/spikes/pwritev_group/target/release/pwritev_group point-auto k_pwrite process 24 10 4 4 new_name 0
stdout:
variant,mode,payload,events_per_batch,owner_units,physical_batches,writers,chain,unit_shape,iterations,stop_reason,events,domain_events,bytes,write_syscalls,short_writes,interrupted,max_iovecs,copied_bytes,barriers,cpu_ns,wall_ns,p50_ns,p95_ns,p99_ns,load1_before,load1_after
k_pwrite,process,24,10,4,8,4,0,new_name,11215,bytes,493460,448600,33555280,89720,0,0,0,0,0,67393946,70066358,5760,6790,7530,2.430,2.430
stderr:

[2026-07-15T18:44:04.364330+00:00] e000192 /home/bob/src/mess/.maw/workspaces/bn-1zv6/spikes/pwritev_group/target/release/pwritev_group point-auto copy_contiguous process 24 10 4 4 new_name 0
stdout:
variant,mode,payload,events_per_batch,owner_units,physical_batches,writers,chain,unit_shape,iterations,stop_reason,events,domain_events,bytes,write_syscalls,short_writes,interrupted,max_iovecs,copied_bytes,barriers,cpu_ns,wall_ns,p50_ns,p95_ns,p99_ns,load1_before,load1_after
copy_contiguous,process,24,10,4,8,4,0,new_name,11215,bytes,493460,448600,33555280,11215,0,0,0,33555280,0,10805563,10897412,870,1010,1160,2.430,2.430
stderr:

[2026-07-15T18:44:05.386615+00:00] e000193 /home/bob/src/mess/.maw/workspaces/bn-1zv6/spikes/pwritev_group/target/release/pwritev_group point-auto k_pwrite process 24 10 16 4 domain 0
stdout:
variant,mode,payload,events_per_batch,owner_units,physical_batches,writers,chain,unit_shape,iterations,stop_reason,events,domain_events,bytes,write_syscalls,short_writes,interrupted,max_iovecs,copied_bytes,barriers,cpu_ns,wall_ns,p50_ns,p95_ns,p99_ns,load1_before,load1_after
k_pwrite,process,24,10,16,16,4,0,domain,3450,bytes,552000,552000,33561600,55200,0,0,0,0,0,44917221,45256657,12340,15600,22110,2.430,2.430
stderr:

[2026-07-15T18:44:06.417126+00:00] e000194 /home/bob/src/mess/.maw/workspaces/bn-1zv6/spikes/pwritev_group/target/release/pwritev_group point-auto pwritev_full_8m process 24 10 16 4 domain 0
stdout:
variant,mode,payload,events_per_batch,owner_units,physical_batches,writers,chain,unit_shape,iterations,stop_reason,events,domain_events,bytes,write_syscalls,short_writes,interrupted,max_iovecs,copied_bytes,barriers,cpu_ns,wall_ns,p50_ns,p95_ns,p99_ns,load1_before,load1_after
pwritev_full_8m,process,24,10,16,16,4,0,domain,3450,bytes,552000,552000,33561600,3450,0,0,16,0,0,8875472,8957463,2460,2860,3190,2.430,2.430
stderr:

[2026-07-15T18:44:07.449511+00:00] e000195 /home/bob/src/mess/.maw/workspaces/bn-1zv6/spikes/pwritev_group/target/release/pwritev_group point-auto pwritev_full_8m process 24 10 16 4 domain 0
stdout:
variant,mode,payload,events_per_batch,owner_units,physical_batches,writers,chain,unit_shape,iterations,stop_reason,events,domain_events,bytes,write_syscalls,short_writes,interrupted,max_iovecs,copied_bytes,barriers,cpu_ns,wall_ns,p50_ns,p95_ns,p99_ns,load1_before,load1_after
pwritev_full_8m,process,24,10,16,16,4,0,domain,3450,bytes,552000,552000,33561600,3450,0,0,16,0,0,8942863,9002333,2450,3060,3300,2.320,2.320
stderr:

[2026-07-15T18:44:08.479185+00:00] e000196 /home/bob/src/mess/.maw/workspaces/bn-1zv6/spikes/pwritev_group/target/release/pwritev_group point-auto k_pwrite process 24 10 16 4 domain 0
stdout:
variant,mode,payload,events_per_batch,owner_units,physical_batches,writers,chain,unit_shape,iterations,stop_reason,events,domain_events,bytes,write_syscalls,short_writes,interrupted,max_iovecs,copied_bytes,barriers,cpu_ns,wall_ns,p50_ns,p95_ns,p99_ns,load1_before,load1_after
k_pwrite,process,24,10,16,16,4,0,domain,3450,bytes,552000,552000,33561600,55200,0,0,0,0,0,45047181,45423266,12260,15520,23590,2.320,2.320
stderr:

[2026-07-15T18:44:09.500597+00:00] e000197 /home/bob/src/mess/.maw/workspaces/bn-1zv6/spikes/pwritev_group/target/release/pwritev_group point-auto copy_contiguous process 24 10 16 4 domain 0
stdout:
variant,mode,payload,events_per_batch,owner_units,physical_batches,writers,chain,unit_shape,iterations,stop_reason,events,domain_events,bytes,write_syscalls,short_writes,interrupted,max_iovecs,copied_bytes,barriers,cpu_ns,wall_ns,p50_ns,p95_ns,p99_ns,load1_before,load1_after
copy_contiguous,process,24,10,16,16,4,0,domain,3450,bytes,552000,552000,33561600,3450,0,0,0,33561600,0,6842892,6915005,1790,2330,2950,2.320,2.320
stderr:

[2026-07-15T18:44:10.531767+00:00] e000198 /home/bob/src/mess/.maw/workspaces/bn-1zv6/spikes/pwritev_group/target/release/pwritev_group point-auto k_pwrite process 24 10 16 4 domain 0
stdout:
variant,mode,payload,events_per_batch,owner_units,physical_batches,writers,chain,unit_shape,iterations,stop_reason,events,domain_events,bytes,write_syscalls,short_writes,interrupted,max_iovecs,copied_bytes,barriers,cpu_ns,wall_ns,p50_ns,p95_ns,p99_ns,load1_before,load1_after
k_pwrite,process,24,10,16,16,4,0,domain,3450,bytes,552000,552000,33561600,55200,0,0,0,0,0,45136881,45562116,12260,15090,26770,2.320,2.320
stderr:

[2026-07-15T18:44:11.557298+00:00] e000199 /home/bob/src/mess/.maw/workspaces/bn-1zv6/spikes/pwritev_group/target/release/pwritev_group point-auto k_pwrite process 24 10 16 4 domain 0
stdout:
variant,mode,payload,events_per_batch,owner_units,physical_batches,writers,chain,unit_shape,iterations,stop_reason,events,domain_events,bytes,write_syscalls,short_writes,interrupted,max_iovecs,copied_bytes,barriers,cpu_ns,wall_ns,p50_ns,p95_ns,p99_ns,load1_before,load1_after
k_pwrite,process,24,10,16,16,4,0,domain,3450,bytes,552000,552000,33561600,55200,0,0,0,0,0,44864711,45393076,12280,15330,23600,2.320,2.320
stderr:

[2026-07-15T18:44:12.586585+00:00] e000200 /home/bob/src/mess/.maw/workspaces/bn-1zv6/spikes/pwritev_group/target/release/pwritev_group point-auto copy_contiguous process 24 10 16 4 domain 0
stdout:
variant,mode,payload,events_per_batch,owner_units,physical_batches,writers,chain,unit_shape,iterations,stop_reason,events,domain_events,bytes,write_syscalls,short_writes,interrupted,max_iovecs,copied_bytes,barriers,cpu_ns,wall_ns,p50_ns,p95_ns,p99_ns,load1_before,load1_after
copy_contiguous,process,24,10,16,16,4,0,domain,3450,bytes,552000,552000,33561600,3450,0,0,0,33561600,0,6622361,6698895,1830,1870,2360,2.530,2.530
stderr:

[2026-07-15T18:44:13.616040+00:00] e000201 /home/bob/src/mess/.maw/workspaces/bn-1zv6/spikes/pwritev_group/target/release/pwritev_group point-auto k_pwrite process 24 10 16 4 new_name 0
stdout:
variant,mode,payload,events_per_batch,owner_units,physical_batches,writers,chain,unit_shape,iterations,stop_reason,events,domain_events,bytes,write_syscalls,short_writes,interrupted,max_iovecs,copied_bytes,barriers,cpu_ns,wall_ns,p50_ns,p95_ns,p99_ns,load1_before,load1_after
k_pwrite,process,24,10,16,32,4,0,new_name,2804,bytes,493504,448640,33558272,89728,0,0,0,0,0,68022128,68727939,23780,28040,37290,2.530,2.530
stderr:

[2026-07-15T18:44:14.643414+00:00] e000202 /home/bob/src/mess/.maw/workspaces/bn-1zv6/spikes/pwritev_group/target/release/pwritev_group point-auto pwritev_full_8m process 24 10 16 4 new_name 0
stdout:
variant,mode,payload,events_per_batch,owner_units,physical_batches,writers,chain,unit_shape,iterations,stop_reason,events,domain_events,bytes,write_syscalls,short_writes,interrupted,max_iovecs,copied_bytes,barriers,cpu_ns,wall_ns,p50_ns,p95_ns,p99_ns,load1_before,load1_after
pwritev_full_8m,process,24,10,16,32,4,0,new_name,2804,bytes,493504,448640,33558272,2804,0,0,32,0,0,9237783,9321903,3060,4260,4640,2.530,2.530
stderr:

[2026-07-15T18:44:15.673830+00:00] e000203 /home/bob/src/mess/.maw/workspaces/bn-1zv6/spikes/pwritev_group/target/release/pwritev_group point-auto pwritev_full_8m process 24 10 16 4 new_name 0
stdout:
variant,mode,payload,events_per_batch,owner_units,physical_batches,writers,chain,unit_shape,iterations,stop_reason,events,domain_events,bytes,write_syscalls,short_writes,interrupted,max_iovecs,copied_bytes,barriers,cpu_ns,wall_ns,p50_ns,p95_ns,p99_ns,load1_before,load1_after
pwritev_full_8m,process,24,10,16,32,4,0,new_name,2804,bytes,493504,448640,33558272,2804,0,0,32,0,0,8955062,9045633,3050,3630,4140,2.530,2.530
stderr:

[2026-07-15T18:44:16.696603+00:00] e000204 /home/bob/src/mess/.maw/workspaces/bn-1zv6/spikes/pwritev_group/target/release/pwritev_group point-auto k_pwrite process 24 10 16 4 new_name 0
stdout:
variant,mode,payload,events_per_batch,owner_units,physical_batches,writers,chain,unit_shape,iterations,stop_reason,events,domain_events,bytes,write_syscalls,short_writes,interrupted,max_iovecs,copied_bytes,barriers,cpu_ns,wall_ns,p50_ns,p95_ns,p99_ns,load1_before,load1_after
k_pwrite,process,24,10,16,32,4,0,new_name,2804,bytes,493504,448640,33558272,89728,0,0,0,0,0,72170268,76217593,24040,30960,46020,2.530,2.530
stderr:

[2026-07-15T18:44:17.719828+00:00] e000205 /home/bob/src/mess/.maw/workspaces/bn-1zv6/spikes/pwritev_group/target/release/pwritev_group point-auto copy_contiguous process 24 10 16 4 new_name 0
stdout:
variant,mode,payload,events_per_batch,owner_units,physical_batches,writers,chain,unit_shape,iterations,stop_reason,events,domain_events,bytes,write_syscalls,short_writes,interrupted,max_iovecs,copied_bytes,barriers,cpu_ns,wall_ns,p50_ns,p95_ns,p99_ns,load1_before,load1_after
copy_contiguous,process,24,10,16,32,4,0,new_name,2804,bytes,493504,448640,33558272,2804,0,0,0,33558272,0,5888761,5935016,1980,2450,2610,2.490,2.490
stderr:

[2026-07-15T18:44:18.742216+00:00] e000206 /home/bob/src/mess/.maw/workspaces/bn-1zv6/spikes/pwritev_group/target/release/pwritev_group point-auto k_pwrite process 24 10 16 4 new_name 0
stdout:
variant,mode,payload,events_per_batch,owner_units,physical_batches,writers,chain,unit_shape,iterations,stop_reason,events,domain_events,bytes,write_syscalls,short_writes,interrupted,max_iovecs,copied_bytes,barriers,cpu_ns,wall_ns,p50_ns,p95_ns,p99_ns,load1_before,load1_after
k_pwrite,process,24,10,16,32,4,0,new_name,2804,bytes,493504,448640,33558272,89728,0,0,0,0,0,71287088,71767127,23870,30020,44050,2.490,2.490
stderr:

[2026-07-15T18:44:19.771178+00:00] e000207 /home/bob/src/mess/.maw/workspaces/bn-1zv6/spikes/pwritev_group/target/release/pwritev_group point-auto k_pwrite process 24 10 16 4 new_name 0
stdout:
variant,mode,payload,events_per_batch,owner_units,physical_batches,writers,chain,unit_shape,iterations,stop_reason,events,domain_events,bytes,write_syscalls,short_writes,interrupted,max_iovecs,copied_bytes,barriers,cpu_ns,wall_ns,p50_ns,p95_ns,p99_ns,load1_before,load1_after
k_pwrite,process,24,10,16,32,4,0,new_name,2804,bytes,493504,448640,33558272,89728,0,0,0,0,0,71018658,72025997,23690,28530,41520,2.490,2.490
stderr:

[2026-07-15T18:44:20.797341+00:00] e000208 /home/bob/src/mess/.maw/workspaces/bn-1zv6/spikes/pwritev_group/target/release/pwritev_group point-auto copy_contiguous process 24 10 16 4 new_name 0
stdout:
variant,mode,payload,events_per_batch,owner_units,physical_batches,writers,chain,unit_shape,iterations,stop_reason,events,domain_events,bytes,write_syscalls,short_writes,interrupted,max_iovecs,copied_bytes,barriers,cpu_ns,wall_ns,p50_ns,p95_ns,p99_ns,load1_before,load1_after
copy_contiguous,process,24,10,16,32,4,0,new_name,2804,bytes,493504,448640,33558272,2804,0,0,0,33558272,0,6387472,6402426,2000,2580,6870,2.490,2.490
stderr:

[2026-07-15T18:44:21.827181+00:00] e000209 /home/bob/src/mess/.maw/workspaces/bn-1zv6/spikes/pwritev_group/target/release/pwritev_group point-auto k_pwrite process 24 10 64 4 domain 0
stdout:
variant,mode,payload,events_per_batch,owner_units,physical_batches,writers,chain,unit_shape,iterations,stop_reason,events,domain_events,bytes,write_syscalls,short_writes,interrupted,max_iovecs,copied_bytes,barriers,cpu_ns,wall_ns,p50_ns,p95_ns,p99_ns,load1_before,load1_after
k_pwrite,process,24,10,64,64,4,0,domain,863,bytes,552320,552320,33581056,55232,0,0,0,0,0,46136802,47044686,49730,63480,106900,2.490,2.690
stderr:

[2026-07-15T18:44:22.858216+00:00] e000210 /home/bob/src/mess/.maw/workspaces/bn-1zv6/spikes/pwritev_group/target/release/pwritev_group point-auto pwritev_full_8m process 24 10 64 4 domain 0
stdout:
variant,mode,payload,events_per_batch,owner_units,physical_batches,writers,chain,unit_shape,iterations,stop_reason,events,domain_events,bytes,write_syscalls,short_writes,interrupted,max_iovecs,copied_bytes,barriers,cpu_ns,wall_ns,p50_ns,p95_ns,p99_ns,load1_before,load1_after
pwritev_full_8m,process,24,10,64,64,4,0,domain,863,bytes,552320,552320,33581056,863,0,0,64,0,0,5735892,5793345,6370,8050,9710,2.690,2.690
stderr:

[2026-07-15T18:44:23.888871+00:00] e000211 /home/bob/src/mess/.maw/workspaces/bn-1zv6/spikes/pwritev_group/target/release/pwritev_group point-auto pwritev_full_8m process 24 10 64 4 domain 0
stdout:
variant,mode,payload,events_per_batch,owner_units,physical_batches,writers,chain,unit_shape,iterations,stop_reason,events,domain_events,bytes,write_syscalls,short_writes,interrupted,max_iovecs,copied_bytes,barriers,cpu_ns,wall_ns,p50_ns,p95_ns,p99_ns,load1_before,load1_after
pwritev_full_8m,process,24,10,64,64,4,0,domain,863,bytes,552320,552320,33581056,863,0,0,64,0,0,5898971,5949386,6350,8880,10210,2.690,2.690
stderr:

[2026-07-15T18:44:24.911075+00:00] e000212 /home/bob/src/mess/.maw/workspaces/bn-1zv6/spikes/pwritev_group/target/release/pwritev_group point-auto k_pwrite process 24 10 64 4 domain 0
stdout:
variant,mode,payload,events_per_batch,owner_units,physical_batches,writers,chain,unit_shape,iterations,stop_reason,events,domain_events,bytes,write_syscalls,short_writes,interrupted,max_iovecs,copied_bytes,barriers,cpu_ns,wall_ns,p50_ns,p95_ns,p99_ns,load1_before,load1_after
k_pwrite,process,24,10,64,64,4,0,domain,863,bytes,552320,552320,33581056,55232,0,0,0,0,0,43440301,43745358,49679,58490,63790,2.690,2.690
stderr:

[2026-07-15T18:44:25.933066+00:00] e000213 /home/bob/src/mess/.maw/workspaces/bn-1zv6/spikes/pwritev_group/target/release/pwritev_group point-auto copy_contiguous process 24 10 64 4 domain 0
stdout:
variant,mode,payload,events_per_batch,owner_units,physical_batches,writers,chain,unit_shape,iterations,stop_reason,events,domain_events,bytes,write_syscalls,short_writes,interrupted,max_iovecs,copied_bytes,barriers,cpu_ns,wall_ns,p50_ns,p95_ns,p99_ns,load1_before,load1_after
copy_contiguous,process,24,10,64,64,4,0,domain,863,bytes,552320,552320,33581056,863,0,0,0,33581056,0,3718850,3966337,4170,4470,16270,2.690,2.690
stderr:

[2026-07-15T18:44:26.965208+00:00] e000214 /home/bob/src/mess/.maw/workspaces/bn-1zv6/spikes/pwritev_group/target/release/pwritev_group point-auto k_pwrite process 24 10 64 4 domain 0
stdout:
variant,mode,payload,events_per_batch,owner_units,physical_batches,writers,chain,unit_shape,iterations,stop_reason,events,domain_events,bytes,write_syscalls,short_writes,interrupted,max_iovecs,copied_bytes,barriers,cpu_ns,wall_ns,p50_ns,p95_ns,p99_ns,load1_before,load1_after
k_pwrite,process,24,10,64,64,4,0,domain,863,bytes,552320,552320,33581056,55232,0,0,0,0,0,49111583,49978223,49860,65440,100360,2.560,2.560
stderr:

[2026-07-15T18:44:27.996997+00:00] e000215 /home/bob/src/mess/.maw/workspaces/bn-1zv6/spikes/pwritev_group/target/release/pwritev_group point-auto k_pwrite process 24 10 64 4 domain 0
stdout:
variant,mode,payload,events_per_batch,owner_units,physical_batches,writers,chain,unit_shape,iterations,stop_reason,events,domain_events,bytes,write_syscalls,short_writes,interrupted,max_iovecs,copied_bytes,barriers,cpu_ns,wall_ns,p50_ns,p95_ns,p99_ns,load1_before,load1_after
k_pwrite,process,24,10,64,64,4,0,domain,863,bytes,552320,552320,33581056,55232,0,0,0,0,0,49198102,49779704,49980,70350,145360,2.560,2.560
stderr:

[2026-07-15T18:44:29.021153+00:00] e000216 /home/bob/src/mess/.maw/workspaces/bn-1zv6/spikes/pwritev_group/target/release/pwritev_group point-auto copy_contiguous process 24 10 64 4 domain 0
stdout:
variant,mode,payload,events_per_batch,owner_units,physical_batches,writers,chain,unit_shape,iterations,stop_reason,events,domain_events,bytes,write_syscalls,short_writes,interrupted,max_iovecs,copied_bytes,barriers,cpu_ns,wall_ns,p50_ns,p95_ns,p99_ns,load1_before,load1_after
copy_contiguous,process,24,10,64,64,4,0,domain,863,bytes,552320,552320,33581056,863,0,0,0,33581056,0,3722681,3760958,4200,4320,5730,2.560,2.560
stderr:

[2026-07-15T18:44:30.050802+00:00] e000217 /home/bob/src/mess/.maw/workspaces/bn-1zv6/spikes/pwritev_group/target/release/pwritev_group point-auto k_pwrite process 24 10 64 4 new_name 0
stdout:
variant,mode,payload,events_per_batch,owner_units,physical_batches,writers,chain,unit_shape,iterations,stop_reason,events,domain_events,bytes,write_syscalls,short_writes,interrupted,max_iovecs,copied_bytes,barriers,cpu_ns,wall_ns,p50_ns,p95_ns,p99_ns,load1_before,load1_after
k_pwrite,process,24,10,64,128,4,0,new_name,701,bytes,493504,448640,33558272,89728,0,0,0,0,0,70821397,71499497,97230,124730,144209,2.560,2.560
stderr:

[2026-07-15T18:44:31.080971+00:00] e000218 /home/bob/src/mess/.maw/workspaces/bn-1zv6/spikes/pwritev_group/target/release/pwritev_group point-auto pwritev_full_8m process 24 10 64 4 new_name 0
stdout:
variant,mode,payload,events_per_batch,owner_units,physical_batches,writers,chain,unit_shape,iterations,stop_reason,events,domain_events,bytes,write_syscalls,short_writes,interrupted,max_iovecs,copied_bytes,barriers,cpu_ns,wall_ns,p50_ns,p95_ns,p99_ns,load1_before,load1_after
pwritev_full_8m,process,24,10,64,128,4,0,new_name,701,bytes,493504,448640,33558272,701,0,0,128,0,0,6534811,6574915,9070,10700,12310,2.560,2.560
stderr:

[2026-07-15T18:44:32.109054+00:00] e000219 /home/bob/src/mess/.maw/workspaces/bn-1zv6/spikes/pwritev_group/target/release/pwritev_group point-auto pwritev_full_8m process 24 10 64 4 new_name 0
stdout:
variant,mode,payload,events_per_batch,owner_units,physical_batches,writers,chain,unit_shape,iterations,stop_reason,events,domain_events,bytes,write_syscalls,short_writes,interrupted,max_iovecs,copied_bytes,barriers,cpu_ns,wall_ns,p50_ns,p95_ns,p99_ns,load1_before,load1_after
pwritev_full_8m,process,24,10,64,128,4,0,new_name,701,bytes,493504,448640,33558272,701,0,0,128,0,0,6929962,6983105,9600,11170,17070,2.510,2.510
stderr:

[2026-07-15T18:44:33.137370+00:00] e000220 /home/bob/src/mess/.maw/workspaces/bn-1zv6/spikes/pwritev_group/target/release/pwritev_group point-auto k_pwrite process 24 10 64 4 new_name 0
stdout:
variant,mode,payload,events_per_batch,owner_units,physical_batches,writers,chain,unit_shape,iterations,stop_reason,events,domain_events,bytes,write_syscalls,short_writes,interrupted,max_iovecs,copied_bytes,barriers,cpu_ns,wall_ns,p50_ns,p95_ns,p99_ns,load1_before,load1_after
k_pwrite,process,24,10,64,128,4,0,new_name,701,bytes,493504,448640,33558272,89728,0,0,0,0,0,69556118,70769658,96520,117330,147320,2.510,2.510
stderr:

[2026-07-15T18:44:34.160750+00:00] e000221 /home/bob/src/mess/.maw/workspaces/bn-1zv6/spikes/pwritev_group/target/release/pwritev_group point-auto pwritev_64_8m process 24 10 64 4 new_name 0
stdout:
variant,mode,payload,events_per_batch,owner_units,physical_batches,writers,chain,unit_shape,iterations,stop_reason,events,domain_events,bytes,write_syscalls,short_writes,interrupted,max_iovecs,copied_bytes,barriers,cpu_ns,wall_ns,p50_ns,p95_ns,p99_ns,load1_before,load1_after
pwritev_64_8m,process,24,10,64,128,4,0,new_name,701,bytes,493504,448640,33558272,1402,0,0,64,0,0,9008822,9447403,10700,13070,31950,2.510,2.510
stderr:

[2026-07-15T18:44:35.191302+00:00] e000222 /home/bob/src/mess/.maw/workspaces/bn-1zv6/spikes/pwritev_group/target/release/pwritev_group point-auto k_pwrite process 24 10 64 4 new_name 0
stdout:
variant,mode,payload,events_per_batch,owner_units,physical_batches,writers,chain,unit_shape,iterations,stop_reason,events,domain_events,bytes,write_syscalls,short_writes,interrupted,max_iovecs,copied_bytes,barriers,cpu_ns,wall_ns,p50_ns,p95_ns,p99_ns,load1_before,load1_after
k_pwrite,process,24,10,64,128,4,0,new_name,701,bytes,493504,448640,33558272,89728,0,0,0,0,0,71419138,72308096,97220,124360,203210,2.510,2.510
stderr:

[2026-07-15T18:44:36.214927+00:00] e000223 /home/bob/src/mess/.maw/workspaces/bn-1zv6/spikes/pwritev_group/target/release/pwritev_group point-auto k_pwrite process 24 10 64 4 new_name 0
stdout:
variant,mode,payload,events_per_batch,owner_units,physical_batches,writers,chain,unit_shape,iterations,stop_reason,events,domain_events,bytes,write_syscalls,short_writes,interrupted,max_iovecs,copied_bytes,barriers,cpu_ns,wall_ns,p50_ns,p95_ns,p99_ns,load1_before,load1_after
k_pwrite,process,24,10,64,128,4,0,new_name,701,bytes,493504,448640,33558272,89728,0,0,0,0,0,70185338,70780818,97250,119830,129310,2.510,2.510
stderr:

[2026-07-15T18:44:37.243480+00:00] e000224 /home/bob/src/mess/.maw/workspaces/bn-1zv6/spikes/pwritev_group/target/release/pwritev_group point-auto pwritev_64_8m process 24 10 64 4 new_name 0
stdout:
variant,mode,payload,events_per_batch,owner_units,physical_batches,writers,chain,unit_shape,iterations,stop_reason,events,domain_events,bytes,write_syscalls,short_writes,interrupted,max_iovecs,copied_bytes,barriers,cpu_ns,wall_ns,p50_ns,p95_ns,p99_ns,load1_before,load1_after
pwritev_64_8m,process,24,10,64,128,4,0,new_name,701,bytes,493504,448640,33558272,1402,0,0,64,0,0,7651592,7712984,10710,11070,16240,2.550,2.550
stderr:

[2026-07-15T18:44:38.273506+00:00] e000225 /home/bob/src/mess/.maw/workspaces/bn-1zv6/spikes/pwritev_group/target/release/pwritev_group point-auto k_pwrite process 24 10 64 4 new_name 0
stdout:
variant,mode,payload,events_per_batch,owner_units,physical_batches,writers,chain,unit_shape,iterations,stop_reason,events,domain_events,bytes,write_syscalls,short_writes,interrupted,max_iovecs,copied_bytes,barriers,cpu_ns,wall_ns,p50_ns,p95_ns,p99_ns,load1_before,load1_after
k_pwrite,process,24,10,64,128,4,0,new_name,701,bytes,493504,448640,33558272,89728,0,0,0,0,0,73012228,73585686,97150,114630,207359,2.550,2.550
stderr:

[2026-07-15T18:44:39.303710+00:00] e000226 /home/bob/src/mess/.maw/workspaces/bn-1zv6/spikes/pwritev_group/target/release/pwritev_group point-auto copy_contiguous process 24 10 64 4 new_name 0
stdout:
variant,mode,payload,events_per_batch,owner_units,physical_batches,writers,chain,unit_shape,iterations,stop_reason,events,domain_events,bytes,write_syscalls,short_writes,interrupted,max_iovecs,copied_bytes,barriers,cpu_ns,wall_ns,p50_ns,p95_ns,p99_ns,load1_before,load1_after
copy_contiguous,process,24,10,64,128,4,0,new_name,701,bytes,493504,448640,33558272,701,0,0,0,33558272,0,3690921,3840267,5120,5710,7080,2.550,2.550
stderr:

[2026-07-15T18:44:40.331056+00:00] e000227 /home/bob/src/mess/.maw/workspaces/bn-1zv6/spikes/pwritev_group/target/release/pwritev_group point-auto copy_contiguous process 24 10 64 4 new_name 0
stdout:
variant,mode,payload,events_per_batch,owner_units,physical_batches,writers,chain,unit_shape,iterations,stop_reason,events,domain_events,bytes,write_syscalls,short_writes,interrupted,max_iovecs,copied_bytes,barriers,cpu_ns,wall_ns,p50_ns,p95_ns,p99_ns,load1_before,load1_after
copy_contiguous,process,24,10,64,128,4,0,new_name,701,bytes,493504,448640,33558272,701,0,0,0,33558272,0,3818520,3882218,5090,7110,8190,2.550,2.550
stderr:

[2026-07-15T18:44:41.361685+00:00] e000228 /home/bob/src/mess/.maw/workspaces/bn-1zv6/spikes/pwritev_group/target/release/pwritev_group point-auto k_pwrite process 24 10 64 4 new_name 0
stdout:
variant,mode,payload,events_per_batch,owner_units,physical_batches,writers,chain,unit_shape,iterations,stop_reason,events,domain_events,bytes,write_syscalls,short_writes,interrupted,max_iovecs,copied_bytes,barriers,cpu_ns,wall_ns,p50_ns,p95_ns,p99_ns,load1_before,load1_after
k_pwrite,process,24,10,64,128,4,0,new_name,701,bytes,493504,448640,33558272,89728,0,0,0,0,0,72628338,73220896,97070,123880,136090,2.550,2.550
stderr:

[2026-07-15T18:44:42.393468+00:00] e000229 /home/bob/src/mess/.maw/workspaces/bn-1zv6/spikes/pwritev_group/target/release/pwritev_group point-auto pwritev_full_8m process 24 10 256 4 domain 0
stdout:
variant,mode,payload,events_per_batch,owner_units,physical_batches,writers,chain,unit_shape,iterations,stop_reason,events,domain_events,bytes,write_syscalls,short_writes,interrupted,max_iovecs,copied_bytes,barriers,cpu_ns,wall_ns,p50_ns,p95_ns,p99_ns,load1_before,load1_after
pwritev_full_8m,process,24,10,256,256,4,0,domain,216,bytes,552960,552960,33619968,216,0,0,256,0,0,4847872,4885766,21950,26240,32920,2.350,2.350
stderr:

[2026-07-15T18:44:43.425296+00:00] e000230 /home/bob/src/mess/.maw/workspaces/bn-1zv6/spikes/pwritev_group/target/release/pwritev_group point-auto k_pwrite process 24 10 256 4 domain 0
stdout:
variant,mode,payload,events_per_batch,owner_units,physical_batches,writers,chain,unit_shape,iterations,stop_reason,events,domain_events,bytes,write_syscalls,short_writes,interrupted,max_iovecs,copied_bytes,barriers,cpu_ns,wall_ns,p50_ns,p95_ns,p99_ns,load1_before,load1_after
k_pwrite,process,24,10,256,256,4,0,domain,216,bytes,552960,552960,33619968,55296,0,0,0,0,0,49046542,49491304,206560,234649,930689,2.350,2.350
stderr:

[2026-07-15T18:44:44.454679+00:00] e000231 /home/bob/src/mess/.maw/workspaces/bn-1zv6/spikes/pwritev_group/target/release/pwritev_group point-auto k_pwrite process 24 10 256 4 domain 0
stdout:
variant,mode,payload,events_per_batch,owner_units,physical_batches,writers,chain,unit_shape,iterations,stop_reason,events,domain_events,bytes,write_syscalls,short_writes,interrupted,max_iovecs,copied_bytes,barriers,cpu_ns,wall_ns,p50_ns,p95_ns,p99_ns,load1_before,load1_after
k_pwrite,process,24,10,256,256,4,0,domain,216,bytes,552960,552960,33619968,55296,0,0,0,0,0,45854492,46486505,207620,231650,256420,2.350,2.350
stderr:

[2026-07-15T18:44:45.483988+00:00] e000232 /home/bob/src/mess/.maw/workspaces/bn-1zv6/spikes/pwritev_group/target/release/pwritev_group point-auto pwritev_full_8m process 24 10 256 4 domain 0
stdout:
variant,mode,payload,events_per_batch,owner_units,physical_batches,writers,chain,unit_shape,iterations,stop_reason,events,domain_events,bytes,write_syscalls,short_writes,interrupted,max_iovecs,copied_bytes,barriers,cpu_ns,wall_ns,p50_ns,p95_ns,p99_ns,load1_before,load1_after
pwritev_full_8m,process,24,10,256,256,4,0,domain,216,bytes,552960,552960,33619968,216,0,0,256,0,0,4909231,5139966,21700,33960,46710,2.350,2.350
stderr:

[2026-07-15T18:44:46.517069+00:00] e000233 /home/bob/src/mess/.maw/workspaces/bn-1zv6/spikes/pwritev_group/target/release/pwritev_group point-auto k_pwrite process 24 10 256 4 domain 0
stdout:
variant,mode,payload,events_per_batch,owner_units,physical_batches,writers,chain,unit_shape,iterations,stop_reason,events,domain_events,bytes,write_syscalls,short_writes,interrupted,max_iovecs,copied_bytes,barriers,cpu_ns,wall_ns,p50_ns,p95_ns,p99_ns,load1_before,load1_after
k_pwrite,process,24,10,256,256,4,0,domain,216,bytes,552960,552960,33619968,55296,0,0,0,0,0,48412792,48792564,207670,253389,952759,2.350,2.350
stderr:

[2026-07-15T18:44:47.546289+00:00] e000234 /home/bob/src/mess/.maw/workspaces/bn-1zv6/spikes/pwritev_group/target/release/pwritev_group point-auto pwritev_64_8m process 24 10 256 4 domain 0
stdout:
variant,mode,payload,events_per_batch,owner_units,physical_batches,writers,chain,unit_shape,iterations,stop_reason,events,domain_events,bytes,write_syscalls,short_writes,interrupted,max_iovecs,copied_bytes,barriers,cpu_ns,wall_ns,p50_ns,p95_ns,p99_ns,load1_before,load1_after
pwritev_64_8m,process,24,10,256,256,4,0,domain,216,bytes,552960,552960,33619968,864,0,0,64,0,0,6290402,6342096,28320,34160,41370,3.200,3.200
stderr:

[2026-07-15T18:44:48.576138+00:00] e000235 /home/bob/src/mess/.maw/workspaces/bn-1zv6/spikes/pwritev_group/target/release/pwritev_group point-auto pwritev_64_8m process 24 10 256 4 domain 0
stdout:
variant,mode,payload,events_per_batch,owner_units,physical_batches,writers,chain,unit_shape,iterations,stop_reason,events,domain_events,bytes,write_syscalls,short_writes,interrupted,max_iovecs,copied_bytes,barriers,cpu_ns,wall_ns,p50_ns,p95_ns,p99_ns,load1_before,load1_after
pwritev_64_8m,process,24,10,256,256,4,0,domain,216,bytes,552960,552960,33619968,864,0,0,64,0,0,6474791,6527825,28820,37490,41840,3.200,3.200
stderr:

[2026-07-15T18:44:49.604251+00:00] e000236 /home/bob/src/mess/.maw/workspaces/bn-1zv6/spikes/pwritev_group/target/release/pwritev_group point-auto k_pwrite process 24 10 256 4 domain 0
stdout:
variant,mode,payload,events_per_batch,owner_units,physical_batches,writers,chain,unit_shape,iterations,stop_reason,events,domain_events,bytes,write_syscalls,short_writes,interrupted,max_iovecs,copied_bytes,barriers,cpu_ns,wall_ns,p50_ns,p95_ns,p99_ns,load1_before,load1_after
k_pwrite,process,24,10,256,256,4,0,domain,216,bytes,552960,552960,33619968,55296,0,0,0,0,0,47106952,47490615,207710,254160,279560,3.200,3.200
stderr:

[2026-07-15T18:44:50.634714+00:00] e000237 /home/bob/src/mess/.maw/workspaces/bn-1zv6/spikes/pwritev_group/target/release/pwritev_group point-auto copy_contiguous process 24 10 256 4 domain 0
stdout:
variant,mode,payload,events_per_batch,owner_units,physical_batches,writers,chain,unit_shape,iterations,stop_reason,events,domain_events,bytes,write_syscalls,short_writes,interrupted,max_iovecs,copied_bytes,barriers,cpu_ns,wall_ns,p50_ns,p95_ns,p99_ns,load1_before,load1_after
copy_contiguous,process,24,10,256,256,4,0,domain,216,bytes,552960,552960,33619968,216,0,0,0,33619968,0,8466343,8540714,22530,33410,639949,3.200,3.200
stderr:

[2026-07-15T18:44:51.667481+00:00] e000238 /home/bob/src/mess/.maw/workspaces/bn-1zv6/spikes/pwritev_group/target/release/pwritev_group point-auto k_pwrite process 24 10 256 4 domain 0
stdout:
variant,mode,payload,events_per_batch,owner_units,physical_batches,writers,chain,unit_shape,iterations,stop_reason,events,domain_events,bytes,write_syscalls,short_writes,interrupted,max_iovecs,copied_bytes,barriers,cpu_ns,wall_ns,p50_ns,p95_ns,p99_ns,load1_before,load1_after
k_pwrite,process,24,10,256,256,4,0,domain,216,bytes,552960,552960,33619968,55296,0,0,0,0,0,50045433,51163802,209080,255490,1033759,3.200,3.200
stderr:

[2026-07-15T18:44:52.696539+00:00] e000239 /home/bob/src/mess/.maw/workspaces/bn-1zv6/spikes/pwritev_group/target/release/pwritev_group point-auto k_pwrite process 24 10 256 4 domain 0
stdout:
variant,mode,payload,events_per_batch,owner_units,physical_batches,writers,chain,unit_shape,iterations,stop_reason,events,domain_events,bytes,write_syscalls,short_writes,interrupted,max_iovecs,copied_bytes,barriers,cpu_ns,wall_ns,p50_ns,p95_ns,p99_ns,load1_before,load1_after
k_pwrite,process,24,10,256,256,4,0,domain,216,bytes,552960,552960,33619968,55296,0,0,0,0,0,46875422,47621605,207319,230040,301779,4.860,4.860
stderr:

[2026-07-15T18:44:53.726000+00:00] e000240 /home/bob/src/mess/.maw/workspaces/bn-1zv6/spikes/pwritev_group/target/release/pwritev_group point-auto copy_contiguous process 24 10 256 4 domain 0
stdout:
variant,mode,payload,events_per_batch,owner_units,physical_batches,writers,chain,unit_shape,iterations,stop_reason,events,domain_events,bytes,write_syscalls,short_writes,interrupted,max_iovecs,copied_bytes,barriers,cpu_ns,wall_ns,p50_ns,p95_ns,p99_ns,load1_before,load1_after
copy_contiguous,process,24,10,256,256,4,0,domain,216,bytes,552960,552960,33619968,216,0,0,0,33619968,0,4843011,4874277,21730,27750,32620,4.860,4.860
stderr:

[2026-07-15T18:44:54.757915+00:00] e000241 /home/bob/src/mess/.maw/workspaces/bn-1zv6/spikes/pwritev_group/target/release/pwritev_group point-auto k_pwrite process 24 10 256 4 new_name 0
stdout:
variant,mode,payload,events_per_batch,owner_units,physical_batches,writers,chain,unit_shape,iterations,stop_reason,events,domain_events,bytes,write_syscalls,short_writes,interrupted,max_iovecs,copied_bytes,barriers,cpu_ns,wall_ns,p50_ns,p95_ns,p99_ns,load1_before,load1_after
k_pwrite,process,24,10,256,512,4,0,new_name,176,bytes,495616,450560,33701888,90112,0,0,0,0,0,73090368,73660135,398630,447190,763739,4.860,4.860
stderr:

[2026-07-15T18:44:55.788411+00:00] e000242 /home/bob/src/mess/.maw/workspaces/bn-1zv6/spikes/pwritev_group/target/release/pwritev_group point-auto pwritev_full_8m process 24 10 256 4 new_name 0
stdout:
variant,mode,payload,events_per_batch,owner_units,physical_batches,writers,chain,unit_shape,iterations,stop_reason,events,domain_events,bytes,write_syscalls,short_writes,interrupted,max_iovecs,copied_bytes,barriers,cpu_ns,wall_ns,p50_ns,p95_ns,p99_ns,load1_before,load1_after
pwritev_full_8m,process,24,10,256,512,4,0,new_name,176,bytes,495616,450560,33701888,176,0,0,512,0,0,6199531,6259036,33960,42120,53360,4.860,4.860
stderr:

[2026-07-15T18:44:56.818912+00:00] e000243 /home/bob/src/mess/.maw/workspaces/bn-1zv6/spikes/pwritev_group/target/release/pwritev_group point-auto pwritev_full_8m process 24 10 256 4 new_name 0
stdout:
variant,mode,payload,events_per_batch,owner_units,physical_batches,writers,chain,unit_shape,iterations,stop_reason,events,domain_events,bytes,write_syscalls,short_writes,interrupted,max_iovecs,copied_bytes,barriers,cpu_ns,wall_ns,p50_ns,p95_ns,p99_ns,load1_before,load1_after
pwritev_full_8m,process,24,10,256,512,4,0,new_name,176,bytes,495616,450560,33701888,176,0,0,512,0,0,6360592,6412545,35120,41390,48280,4.860,4.860
stderr:

[2026-07-15T18:44:57.849232+00:00] e000244 /home/bob/src/mess/.maw/workspaces/bn-1zv6/spikes/pwritev_group/target/release/pwritev_group point-auto k_pwrite process 24 10 256 4 new_name 0
stdout:
variant,mode,payload,events_per_batch,owner_units,physical_batches,writers,chain,unit_shape,iterations,stop_reason,events,domain_events,bytes,write_syscalls,short_writes,interrupted,max_iovecs,copied_bytes,barriers,cpu_ns,wall_ns,p50_ns,p95_ns,p99_ns,load1_before,load1_after
k_pwrite,process,24,10,256,512,4,0,new_name,176,bytes,495616,450560,33701888,90112,0,0,0,0,0,71936208,72520987,396890,417060,916299,4.880,4.880
stderr:

[2026-07-15T18:44:58.881174+00:00] e000245 /home/bob/src/mess/.maw/workspaces/bn-1zv6/spikes/pwritev_group/target/release/pwritev_group point-auto pwritev_256_8m process 24 10 256 4 new_name 0
stdout:
variant,mode,payload,events_per_batch,owner_units,physical_batches,writers,chain,unit_shape,iterations,stop_reason,events,domain_events,bytes,write_syscalls,short_writes,interrupted,max_iovecs,copied_bytes,barriers,cpu_ns,wall_ns,p50_ns,p95_ns,p99_ns,load1_before,load1_after
pwritev_256_8m,process,24,10,256,512,4,0,new_name,176,bytes,495616,450560,33701888,352,0,0,256,0,0,6525041,6585955,36050,42640,49740,4.880,4.880
stderr:

[2026-07-15T18:44:59.910332+00:00] e000246 /home/bob/src/mess/.maw/workspaces/bn-1zv6/spikes/pwritev_group/target/release/pwritev_group point-auto k_pwrite process 24 10 256 4 new_name 0
stdout:
variant,mode,payload,events_per_batch,owner_units,physical_batches,writers,chain,unit_shape,iterations,stop_reason,events,domain_events,bytes,write_syscalls,short_writes,interrupted,max_iovecs,copied_bytes,barriers,cpu_ns,wall_ns,p50_ns,p95_ns,p99_ns,load1_before,load1_after
k_pwrite,process,24,10,256,512,4,0,new_name,176,bytes,495616,450560,33701888,90112,0,0,0,0,0,74751449,75850534,398200,480100,861909,4.880,4.880
stderr:

[2026-07-15T18:45:00.938470+00:00] e000247 /home/bob/src/mess/.maw/workspaces/bn-1zv6/spikes/pwritev_group/target/release/pwritev_group point-auto k_pwrite process 24 10 256 4 new_name 0
stdout:
variant,mode,payload,events_per_batch,owner_units,physical_batches,writers,chain,unit_shape,iterations,stop_reason,events,domain_events,bytes,write_syscalls,short_writes,interrupted,max_iovecs,copied_bytes,barriers,cpu_ns,wall_ns,p50_ns,p95_ns,p99_ns,load1_before,load1_after
k_pwrite,process,24,10,256,512,4,0,new_name,176,bytes,495616,450560,33701888,90112,0,0,0,0,0,70629247,71153377,395410,438020,628390,4.880,4.880
stderr:

[2026-07-15T18:45:01.963517+00:00] e000248 /home/bob/src/mess/.maw/workspaces/bn-1zv6/spikes/pwritev_group/target/release/pwritev_group point-auto pwritev_256_8m process 24 10 256 4 new_name 0
stdout:
variant,mode,payload,events_per_batch,owner_units,physical_batches,writers,chain,unit_shape,iterations,stop_reason,events,domain_events,bytes,write_syscalls,short_writes,interrupted,max_iovecs,copied_bytes,barriers,cpu_ns,wall_ns,p50_ns,p95_ns,p99_ns,load1_before,load1_after
pwritev_256_8m,process,24,10,256,512,4,0,new_name,176,bytes,495616,450560,33701888,352,0,0,256,0,0,6576942,6615425,36630,43260,47300,4.810,4.810
stderr:

[2026-07-15T18:45:02.994966+00:00] e000249 /home/bob/src/mess/.maw/workspaces/bn-1zv6/spikes/pwritev_group/target/release/pwritev_group point-auto k_pwrite process 24 10 256 4 new_name 0
stdout:
variant,mode,payload,events_per_batch,owner_units,physical_batches,writers,chain,unit_shape,iterations,stop_reason,events,domain_events,bytes,write_syscalls,short_writes,interrupted,max_iovecs,copied_bytes,barriers,cpu_ns,wall_ns,p50_ns,p95_ns,p99_ns,load1_before,load1_after
k_pwrite,process,24,10,256,512,4,0,new_name,176,bytes,495616,450560,33701888,90112,0,0,0,0,0,77306129,78764832,396799,467430,1998989,4.810,4.810
stderr:

[2026-07-15T18:45:04.017672+00:00] e000250 /home/bob/src/mess/.maw/workspaces/bn-1zv6/spikes/pwritev_group/target/release/pwritev_group point-auto pwritev_64_8m process 24 10 256 4 new_name 0
stdout:
variant,mode,payload,events_per_batch,owner_units,physical_batches,writers,chain,unit_shape,iterations,stop_reason,events,domain_events,bytes,write_syscalls,short_writes,interrupted,max_iovecs,copied_bytes,barriers,cpu_ns,wall_ns,p50_ns,p95_ns,p99_ns,load1_before,load1_after
pwritev_64_8m,process,24,10,256,512,4,0,new_name,176,bytes,495616,450560,33701888,1408,0,0,64,0,0,8490102,8578134,47270,57280,64580,4.810,4.810
stderr:

[2026-07-15T18:45:05.046502+00:00] e000251 /home/bob/src/mess/.maw/workspaces/bn-1zv6/spikes/pwritev_group/target/release/pwritev_group point-auto pwritev_64_8m process 24 10 256 4 new_name 0
stdout:
variant,mode,payload,events_per_batch,owner_units,physical_batches,writers,chain,unit_shape,iterations,stop_reason,events,domain_events,bytes,write_syscalls,short_writes,interrupted,max_iovecs,copied_bytes,barriers,cpu_ns,wall_ns,p50_ns,p95_ns,p99_ns,load1_before,load1_after
pwritev_64_8m,process,24,10,256,512,4,0,new_name,176,bytes,495616,450560,33701888,1408,0,0,64,0,0,8545312,8604233,47650,55250,60790,4.810,4.810
stderr:

[2026-07-15T18:45:06.075104+00:00] e000252 /home/bob/src/mess/.maw/workspaces/bn-1zv6/spikes/pwritev_group/target/release/pwritev_group point-auto k_pwrite process 24 10 256 4 new_name 0
stdout:
variant,mode,payload,events_per_batch,owner_units,physical_batches,writers,chain,unit_shape,iterations,stop_reason,events,domain_events,bytes,write_syscalls,short_writes,interrupted,max_iovecs,copied_bytes,barriers,cpu_ns,wall_ns,p50_ns,p95_ns,p99_ns,load1_before,load1_after
k_pwrite,process,24,10,256,512,4,0,new_name,176,bytes,495616,450560,33701888,90112,0,0,0,0,0,73135618,73706085,397649,494480,774910,4.810,4.810
stderr:

[2026-07-15T18:45:07.103411+00:00] e000253 /home/bob/src/mess/.maw/workspaces/bn-1zv6/spikes/pwritev_group/target/release/pwritev_group point-auto copy_contiguous process 24 10 256 4 new_name 0
stdout:
variant,mode,payload,events_per_batch,owner_units,physical_batches,writers,chain,unit_shape,iterations,stop_reason,events,domain_events,bytes,write_syscalls,short_writes,interrupted,max_iovecs,copied_bytes,barriers,cpu_ns,wall_ns,p50_ns,p95_ns,p99_ns,load1_before,load1_after
copy_contiguous,process,24,10,256,512,4,0,new_name,176,bytes,495616,450560,33701888,176,0,0,0,33701888,0,5348041,5383836,29690,35560,40240,4.660,4.660
stderr:

[2026-07-15T18:45:08.132207+00:00] e000254 /home/bob/src/mess/.maw/workspaces/bn-1zv6/spikes/pwritev_group/target/release/pwritev_group point-auto k_pwrite process 24 10 256 4 new_name 0
stdout:
variant,mode,payload,events_per_batch,owner_units,physical_batches,writers,chain,unit_shape,iterations,stop_reason,events,domain_events,bytes,write_syscalls,short_writes,interrupted,max_iovecs,copied_bytes,barriers,cpu_ns,wall_ns,p50_ns,p95_ns,p99_ns,load1_before,load1_after
k_pwrite,process,24,10,256,512,4,0,new_name,176,bytes,495616,450560,33701888,90112,0,0,0,0,0,72977208,73503835,399090,445429,844299,4.660,4.660
stderr:

[2026-07-15T18:45:09.162525+00:00] e000255 /home/bob/src/mess/.maw/workspaces/bn-1zv6/spikes/pwritev_group/target/release/pwritev_group point-auto k_pwrite process 24 10 256 4 new_name 0
stdout:
variant,mode,payload,events_per_batch,owner_units,physical_batches,writers,chain,unit_shape,iterations,stop_reason,events,domain_events,bytes,write_syscalls,short_writes,interrupted,max_iovecs,copied_bytes,barriers,cpu_ns,wall_ns,p50_ns,p95_ns,p99_ns,load1_before,load1_after
k_pwrite,process,24,10,256,512,4,0,new_name,176,bytes,495616,450560,33701888,90112,0,0,0,0,0,71068378,71616807,398480,423320,640859,4.660,4.660
stderr:

[2026-07-15T18:45:10.185171+00:00] e000256 /home/bob/src/mess/.maw/workspaces/bn-1zv6/spikes/pwritev_group/target/release/pwritev_group point-auto copy_contiguous process 24 10 256 4 new_name 0
stdout:
variant,mode,payload,events_per_batch,owner_units,physical_batches,writers,chain,unit_shape,iterations,stop_reason,events,domain_events,bytes,write_syscalls,short_writes,interrupted,max_iovecs,copied_bytes,barriers,cpu_ns,wall_ns,p50_ns,p95_ns,p99_ns,load1_before,load1_after
copy_contiguous,process,24,10,256,512,4,0,new_name,176,bytes,495616,450560,33701888,176,0,0,0,33701888,0,5631392,5706046,33050,38970,46830,4.660,4.660
stderr:

[2026-07-15T18:45:11.206634+00:00] e000257 /home/bob/src/mess/.maw/workspaces/bn-1zv6/spikes/pwritev_group/target/release/pwritev_group point-auto k_pwrite process 24 10 1024 4 domain 0
stdout:
variant,mode,payload,events_per_batch,owner_units,physical_batches,writers,chain,unit_shape,iterations,stop_reason,events,domain_events,bytes,write_syscalls,short_writes,interrupted,max_iovecs,copied_bytes,barriers,cpu_ns,wall_ns,p50_ns,p95_ns,p99_ns,load1_before,load1_after
k_pwrite,process,24,10,1024,1024,4,0,domain,54,bytes,552960,552960,33619968,55296,0,0,0,0,0,47199572,48890174,842259,879430,907989,4.660,4.660
stderr:

[2026-07-15T18:45:12.235479+00:00] e000258 /home/bob/src/mess/.maw/workspaces/bn-1zv6/spikes/pwritev_group/target/release/pwritev_group point-auto pwritev_full_8m process 24 10 1024 4 domain 0
stdout:
variant,mode,payload,events_per_batch,owner_units,physical_batches,writers,chain,unit_shape,iterations,stop_reason,events,domain_events,bytes,write_syscalls,short_writes,interrupted,max_iovecs,copied_bytes,barriers,cpu_ns,wall_ns,p50_ns,p95_ns,p99_ns,load1_before,load1_after
pwritev_full_8m,process,24,10,1024,1024,4,0,domain,54,bytes,552960,552960,33619968,54,0,0,1024,0,0,5740601,5772936,102180,131200,146670,4.690,4.690
stderr:

[2026-07-15T18:45:13.265695+00:00] e000259 /home/bob/src/mess/.maw/workspaces/bn-1zv6/spikes/pwritev_group/target/release/pwritev_group point-auto pwritev_full_8m process 24 10 1024 4 domain 0
stdout:
variant,mode,payload,events_per_batch,owner_units,physical_batches,writers,chain,unit_shape,iterations,stop_reason,events,domain_events,bytes,write_syscalls,short_writes,interrupted,max_iovecs,copied_bytes,barriers,cpu_ns,wall_ns,p50_ns,p95_ns,p99_ns,load1_before,load1_after
pwritev_full_8m,process,24,10,1024,1024,4,0,domain,54,bytes,552960,552960,33619968,54,0,0,1024,0,0,6397611,6789715,103060,124450,130490,4.690,4.690
stderr:

[2026-07-15T18:45:14.296709+00:00] e000260 /home/bob/src/mess/.maw/workspaces/bn-1zv6/spikes/pwritev_group/target/release/pwritev_group point-auto k_pwrite process 24 10 1024 4 domain 0
stdout:
variant,mode,payload,events_per_batch,owner_units,physical_batches,writers,chain,unit_shape,iterations,stop_reason,events,domain_events,bytes,write_syscalls,short_writes,interrupted,max_iovecs,copied_bytes,barriers,cpu_ns,wall_ns,p50_ns,p95_ns,p99_ns,load1_before,load1_after
k_pwrite,process,24,10,1024,1024,4,0,domain,54,bytes,552960,552960,33619968,55296,0,0,0,0,0,51656763,51944192,832460,874499,3776157,4.690,4.690
stderr:

[2026-07-15T18:45:15.327983+00:00] e000261 /home/bob/src/mess/.maw/workspaces/bn-1zv6/spikes/pwritev_group/target/release/pwritev_group point-auto pwritev_256_8m process 24 10 1024 4 domain 0
stdout:
variant,mode,payload,events_per_batch,owner_units,physical_batches,writers,chain,unit_shape,iterations,stop_reason,events,domain_events,bytes,write_syscalls,short_writes,interrupted,max_iovecs,copied_bytes,barriers,cpu_ns,wall_ns,p50_ns,p95_ns,p99_ns,load1_before,load1_after
pwritev_256_8m,process,24,10,1024,1024,4,0,domain,54,bytes,552960,552960,33619968,216,0,0,256,0,0,5944002,5995116,110800,118950,123420,4.690,4.690
stderr:

[2026-07-15T18:45:16.357051+00:00] e000262 /home/bob/src/mess/.maw/workspaces/bn-1zv6/spikes/pwritev_group/target/release/pwritev_group point-auto k_pwrite process 24 10 1024 4 domain 0
stdout:
variant,mode,payload,events_per_batch,owner_units,physical_batches,writers,chain,unit_shape,iterations,stop_reason,events,domain_events,bytes,write_syscalls,short_writes,interrupted,max_iovecs,copied_bytes,barriers,cpu_ns,wall_ns,p50_ns,p95_ns,p99_ns,load1_before,load1_after
k_pwrite,process,24,10,1024,1024,4,0,domain,54,bytes,552960,552960,33619968,55296,0,0,0,0,0,48101762,48459574,847439,948389,1606019,4.690,4.690
stderr:

[2026-07-15T18:45:17.387478+00:00] e000263 /home/bob/src/mess/.maw/workspaces/bn-1zv6/spikes/pwritev_group/target/release/pwritev_group point-auto k_pwrite process 24 10 1024 4 domain 0
stdout:
variant,mode,payload,events_per_batch,owner_units,physical_batches,writers,chain,unit_shape,iterations,stop_reason,events,domain_events,bytes,write_syscalls,short_writes,interrupted,max_iovecs,copied_bytes,barriers,cpu_ns,wall_ns,p50_ns,p95_ns,p99_ns,load1_before,load1_after
k_pwrite,process,24,10,1024,1024,4,0,domain,54,bytes,552960,552960,33619968,55296,0,0,0,0,0,46558200,47597135,838559,884359,912669,4.790,4.790
stderr:

[2026-07-15T18:45:18.418604+00:00] e000264 /home/bob/src/mess/.maw/workspaces/bn-1zv6/spikes/pwritev_group/target/release/pwritev_group point-auto pwritev_256_8m process 24 10 1024 4 domain 0
stdout:
variant,mode,payload,events_per_batch,owner_units,physical_batches,writers,chain,unit_shape,iterations,stop_reason,events,domain_events,bytes,write_syscalls,short_writes,interrupted,max_iovecs,copied_bytes,barriers,cpu_ns,wall_ns,p50_ns,p95_ns,p99_ns,load1_before,load1_after
pwritev_256_8m,process,24,10,1024,1024,4,0,domain,54,bytes,552960,552960,33619968,216,0,0,256,0,0,5906581,5946756,108680,119420,122169,4.790,4.790
stderr:

[2026-07-15T18:45:19.447102+00:00] e000265 /home/bob/src/mess/.maw/workspaces/bn-1zv6/spikes/pwritev_group/target/release/pwritev_group point-auto k_pwrite process 24 10 1024 4 domain 0
stdout:
variant,mode,payload,events_per_batch,owner_units,physical_batches,writers,chain,unit_shape,iterations,stop_reason,events,domain_events,bytes,write_syscalls,short_writes,interrupted,max_iovecs,copied_bytes,barriers,cpu_ns,wall_ns,p50_ns,p95_ns,p99_ns,load1_before,load1_after
k_pwrite,process,24,10,1024,1024,4,0,domain,54,bytes,552960,552960,33619968,55296,0,0,0,0,0,48729352,49179014,849409,896379,1027969,4.790,4.790
stderr:

[2026-07-15T18:45:20.475720+00:00] e000266 /home/bob/src/mess/.maw/workspaces/bn-1zv6/spikes/pwritev_group/target/release/pwritev_group point-auto pwritev_64_8m process 24 10 1024 4 domain 0
stdout:
variant,mode,payload,events_per_batch,owner_units,physical_batches,writers,chain,unit_shape,iterations,stop_reason,events,domain_events,bytes,write_syscalls,short_writes,interrupted,max_iovecs,copied_bytes,barriers,cpu_ns,wall_ns,p50_ns,p95_ns,p99_ns,load1_before,load1_after
pwritev_64_8m,process,24,10,1024,1024,4,0,domain,54,bytes,552960,552960,33619968,864,0,0,64,0,0,7947652,8029384,150350,167580,170770,4.790,4.790
stderr:

[2026-07-15T18:45:21.503694+00:00] e000267 /home/bob/src/mess/.maw/workspaces/bn-1zv6/spikes/pwritev_group/target/release/pwritev_group point-auto pwritev_64_8m process 24 10 1024 4 domain 0
stdout:
variant,mode,payload,events_per_batch,owner_units,physical_batches,writers,chain,unit_shape,iterations,stop_reason,events,domain_events,bytes,write_syscalls,short_writes,interrupted,max_iovecs,copied_bytes,barriers,cpu_ns,wall_ns,p50_ns,p95_ns,p99_ns,load1_before,load1_after
pwritev_64_8m,process,24,10,1024,1024,4,0,domain,54,bytes,552960,552960,33619968,864,0,0,64,0,0,7222682,7285205,132439,147740,150170,4.790,4.790
stderr:

[2026-07-15T18:45:22.534548+00:00] e000268 /home/bob/src/mess/.maw/workspaces/bn-1zv6/spikes/pwritev_group/target/release/pwritev_group point-auto k_pwrite process 24 10 1024 4 domain 0
stdout:
variant,mode,payload,events_per_batch,owner_units,physical_batches,writers,chain,unit_shape,iterations,stop_reason,events,domain_events,bytes,write_syscalls,short_writes,interrupted,max_iovecs,copied_bytes,barriers,cpu_ns,wall_ns,p50_ns,p95_ns,p99_ns,load1_before,load1_after
k_pwrite,process,24,10,1024,1024,4,0,domain,54,bytes,552960,552960,33619968,55296,0,0,0,0,0,48228172,48837524,847229,1011529,1543058,5.690,5.690
stderr:

[2026-07-15T18:45:23.564460+00:00] e000269 /home/bob/src/mess/.maw/workspaces/bn-1zv6/spikes/pwritev_group/target/release/pwritev_group point-auto copy_contiguous process 24 10 1024 4 domain 0
stdout:
variant,mode,payload,events_per_batch,owner_units,physical_batches,writers,chain,unit_shape,iterations,stop_reason,events,domain_events,bytes,write_syscalls,short_writes,interrupted,max_iovecs,copied_bytes,barriers,cpu_ns,wall_ns,p50_ns,p95_ns,p99_ns,load1_before,load1_after
copy_contiguous,process,24,10,1024,1024,4,0,domain,54,bytes,552960,552960,33619968,54,0,0,0,33619968,0,7977492,8243074,98720,141070,1127689,5.690,5.690
stderr:

[2026-07-15T18:45:24.594822+00:00] e000270 /home/bob/src/mess/.maw/workspaces/bn-1zv6/spikes/pwritev_group/target/release/pwritev_group point-auto k_pwrite process 24 10 1024 4 domain 0
stdout:
variant,mode,payload,events_per_batch,owner_units,physical_batches,writers,chain,unit_shape,iterations,stop_reason,events,domain_events,bytes,write_syscalls,short_writes,interrupted,max_iovecs,copied_bytes,barriers,cpu_ns,wall_ns,p50_ns,p95_ns,p99_ns,load1_before,load1_after
k_pwrite,process,24,10,1024,1024,4,0,domain,54,bytes,552960,552960,33619968,55296,0,0,0,0,0,47533311,47915895,844579,1004199,1509498,5.690,5.690
stderr:

[2026-07-15T18:45:25.625374+00:00] e000271 /home/bob/src/mess/.maw/workspaces/bn-1zv6/spikes/pwritev_group/target/release/pwritev_group point-auto k_pwrite process 24 10 1024 4 domain 0
stdout:
variant,mode,payload,events_per_batch,owner_units,physical_batches,writers,chain,unit_shape,iterations,stop_reason,events,domain_events,bytes,write_syscalls,short_writes,interrupted,max_iovecs,copied_bytes,barriers,cpu_ns,wall_ns,p50_ns,p95_ns,p99_ns,load1_before,load1_after
k_pwrite,process,24,10,1024,1024,4,0,domain,54,bytes,552960,552960,33619968,55296,0,0,0,0,0,48553652,48942984,846090,944239,1779989,5.690,5.690
stderr:

[2026-07-15T18:45:26.648475+00:00] e000272 /home/bob/src/mess/.maw/workspaces/bn-1zv6/spikes/pwritev_group/target/release/pwritev_group point-auto copy_contiguous process 24 10 1024 4 domain 0
stdout:
variant,mode,payload,events_per_batch,owner_units,physical_batches,writers,chain,unit_shape,iterations,stop_reason,events,domain_events,bytes,write_syscalls,short_writes,interrupted,max_iovecs,copied_bytes,barriers,cpu_ns,wall_ns,p50_ns,p95_ns,p99_ns,load1_before,load1_after
copy_contiguous,process,24,10,1024,1024,4,0,domain,54,bytes,552960,552960,33619968,54,0,0,0,33619968,0,5218431,5276576,94690,108640,115849,5.690,5.690
stderr:

[2026-07-15T18:45:27.676246+00:00] e000273 /home/bob/src/mess/.maw/workspaces/bn-1zv6/spikes/pwritev_group/target/release/pwritev_group point-auto k_pwrite process 24 10 1024 4 new_name 0
stdout:
variant,mode,payload,events_per_batch,owner_units,physical_batches,writers,chain,unit_shape,iterations,stop_reason,events,domain_events,bytes,write_syscalls,short_writes,interrupted,max_iovecs,copied_bytes,barriers,cpu_ns,wall_ns,p50_ns,p95_ns,p99_ns,load1_before,load1_after
k_pwrite,process,24,10,1024,2048,4,0,new_name,44,bytes,495616,450560,33701888,90112,0,0,0,0,0,76458959,77054753,1598159,1936659,4912907,5.230,5.230
stderr:

[2026-07-15T18:45:28.705119+00:00] e000274 /home/bob/src/mess/.maw/workspaces/bn-1zv6/spikes/pwritev_group/target/release/pwritev_group point-auto pwritev_full_8m process 24 10 1024 4 new_name 0
stdout:
variant,mode,payload,events_per_batch,owner_units,physical_batches,writers,chain,unit_shape,iterations,stop_reason,events,domain_events,bytes,write_syscalls,short_writes,interrupted,max_iovecs,copied_bytes,barriers,cpu_ns,wall_ns,p50_ns,p95_ns,p99_ns,load1_before,load1_after
pwritev_full_8m,process,24,10,1024,2048,4,0,new_name,44,bytes,495616,450560,33701888,88,0,0,1024,0,0,6536052,6598805,148280,162390,179210,5.230,5.230
stderr:

[2026-07-15T18:45:29.727643+00:00] e000275 /home/bob/src/mess/.maw/workspaces/bn-1zv6/spikes/pwritev_group/target/release/pwritev_group point-auto pwritev_full_8m process 24 10 1024 4 new_name 0
stdout:
variant,mode,payload,events_per_batch,owner_units,physical_batches,writers,chain,unit_shape,iterations,stop_reason,events,domain_events,bytes,write_syscalls,short_writes,interrupted,max_iovecs,copied_bytes,barriers,cpu_ns,wall_ns,p50_ns,p95_ns,p99_ns,load1_before,load1_after
pwritev_full_8m,process,24,10,1024,2048,4,0,new_name,44,bytes,495616,450560,33701888,88,0,0,1024,0,0,8264742,8329944,148240,168450,1846349,5.230,5.230
stderr:

[2026-07-15T18:45:30.757703+00:00] e000276 /home/bob/src/mess/.maw/workspaces/bn-1zv6/spikes/pwritev_group/target/release/pwritev_group point-auto k_pwrite process 24 10 1024 4 new_name 0
stdout:
variant,mode,payload,events_per_batch,owner_units,physical_batches,writers,chain,unit_shape,iterations,stop_reason,events,domain_events,bytes,write_syscalls,short_writes,interrupted,max_iovecs,copied_bytes,barriers,cpu_ns,wall_ns,p50_ns,p95_ns,p99_ns,load1_before,load1_after
k_pwrite,process,24,10,1024,2048,4,0,new_name,44,bytes,495616,450560,33701888,90112,0,0,0,0,0,74110729,75440794,1601259,2900048,3515737,5.230,5.230
stderr:

[2026-07-15T18:45:31.782704+00:00] e000277 /home/bob/src/mess/.maw/workspaces/bn-1zv6/spikes/pwritev_group/target/release/pwritev_group point-auto pwritev_256_8m process 24 10 1024 4 new_name 0
stdout:
variant,mode,payload,events_per_batch,owner_units,physical_batches,writers,chain,unit_shape,iterations,stop_reason,events,domain_events,bytes,write_syscalls,short_writes,interrupted,max_iovecs,copied_bytes,barriers,cpu_ns,wall_ns,p50_ns,p95_ns,p99_ns,load1_before,load1_after
pwritev_256_8m,process,24,10,1024,2048,4,0,new_name,44,bytes,495616,450560,33701888,352,0,0,256,0,0,7326531,7369575,166610,178539,183320,5.230,5.230
stderr:

[2026-07-15T18:45:32.810850+00:00] e000278 /home/bob/src/mess/.maw/workspaces/bn-1zv6/spikes/pwritev_group/target/release/pwritev_group point-auto k_pwrite process 24 10 1024 4 new_name 0
stdout:
variant,mode,payload,events_per_batch,owner_units,physical_batches,writers,chain,unit_shape,iterations,stop_reason,events,domain_events,bytes,write_syscalls,short_writes,interrupted,max_iovecs,copied_bytes,barriers,cpu_ns,wall_ns,p50_ns,p95_ns,p99_ns,load1_before,load1_after
k_pwrite,process,24,10,1024,2048,4,0,new_name,44,bytes,495616,450560,33701888,90112,0,0,0,0,0,71393888,72031777,1595719,1736909,2307228,5.060,5.060
stderr:

[2026-07-15T18:45:33.839116+00:00] e000279 /home/bob/src/mess/.maw/workspaces/bn-1zv6/spikes/pwritev_group/target/release/pwritev_group point-auto k_pwrite process 24 10 1024 4 new_name 0
stdout:
variant,mode,payload,events_per_batch,owner_units,physical_batches,writers,chain,unit_shape,iterations,stop_reason,events,domain_events,bytes,write_syscalls,short_writes,interrupted,max_iovecs,copied_bytes,barriers,cpu_ns,wall_ns,p50_ns,p95_ns,p99_ns,load1_before,load1_after
k_pwrite,process,24,10,1024,2048,4,0,new_name,44,bytes,495616,450560,33701888,90112,0,0,0,0,0,73095649,73712516,1630709,1934299,2312669,5.060,5.060
stderr:

[2026-07-15T18:45:34.868616+00:00] e000280 /home/bob/src/mess/.maw/workspaces/bn-1zv6/spikes/pwritev_group/target/release/pwritev_group point-auto pwritev_256_8m process 24 10 1024 4 new_name 0
stdout:
variant,mode,payload,events_per_batch,owner_units,physical_batches,writers,chain,unit_shape,iterations,stop_reason,events,domain_events,bytes,write_syscalls,short_writes,interrupted,max_iovecs,copied_bytes,barriers,cpu_ns,wall_ns,p50_ns,p95_ns,p99_ns,load1_before,load1_after
pwritev_256_8m,process,24,10,1024,2048,4,0,new_name,44,bytes,495616,450560,33701888,352,0,0,256,0,0,7249582,7302835,162770,186010,199520,5.060,5.060
stderr:

[2026-07-15T18:45:35.900651+00:00] e000281 /home/bob/src/mess/.maw/workspaces/bn-1zv6/spikes/pwritev_group/target/release/pwritev_group point-auto k_pwrite process 24 10 1024 4 new_name 0
stdout:
variant,mode,payload,events_per_batch,owner_units,physical_batches,writers,chain,unit_shape,iterations,stop_reason,events,domain_events,bytes,write_syscalls,short_writes,interrupted,max_iovecs,copied_bytes,barriers,cpu_ns,wall_ns,p50_ns,p95_ns,p99_ns,load1_before,load1_after
k_pwrite,process,24,10,1024,2048,4,0,new_name,44,bytes,495616,450560,33701888,90112,0,0,0,0,0,75104498,75745114,1606449,2289728,3408637,5.060,5.060
stderr:

[2026-07-15T18:45:36.925445+00:00] e000282 /home/bob/src/mess/.maw/workspaces/bn-1zv6/spikes/pwritev_group/target/release/pwritev_group point-auto pwritev_64_8m process 24 10 1024 4 new_name 0
stdout:
variant,mode,payload,events_per_batch,owner_units,physical_batches,writers,chain,unit_shape,iterations,stop_reason,events,domain_events,bytes,write_syscalls,short_writes,interrupted,max_iovecs,copied_bytes,barriers,cpu_ns,wall_ns,p50_ns,p95_ns,p99_ns,load1_before,load1_after
pwritev_64_8m,process,24,10,1024,2048,4,0,new_name,44,bytes,495616,450560,33701888,1408,0,0,64,0,0,10180553,10257702,206400,288430,963260,4.650,4.650
stderr:

[2026-07-15T18:45:37.950968+00:00] e000283 /home/bob/src/mess/.maw/workspaces/bn-1zv6/spikes/pwritev_group/target/release/pwritev_group point-auto pwritev_64_8m process 24 10 1024 4 new_name 0
stdout:
variant,mode,payload,events_per_batch,owner_units,physical_batches,writers,chain,unit_shape,iterations,stop_reason,events,domain_events,bytes,write_syscalls,short_writes,interrupted,max_iovecs,copied_bytes,barriers,cpu_ns,wall_ns,p50_ns,p95_ns,p99_ns,load1_before,load1_after
pwritev_64_8m,process,24,10,1024,2048,4,0,new_name,44,bytes,495616,450560,33701888,1408,0,0,64,0,0,9014852,9091454,203160,217430,272269,4.650,4.650
stderr:

[2026-07-15T18:45:38.972984+00:00] e000284 /home/bob/src/mess/.maw/workspaces/bn-1zv6/spikes/pwritev_group/target/release/pwritev_group point-auto k_pwrite process 24 10 1024 4 new_name 0
stdout:
variant,mode,payload,events_per_batch,owner_units,physical_batches,writers,chain,unit_shape,iterations,stop_reason,events,domain_events,bytes,write_syscalls,short_writes,interrupted,max_iovecs,copied_bytes,barriers,cpu_ns,wall_ns,p50_ns,p95_ns,p99_ns,load1_before,load1_after
k_pwrite,process,24,10,1024,2048,4,0,new_name,44,bytes,495616,450560,33701888,90112,0,0,0,0,0,74698599,75377024,1611709,2447778,3444558,4.650,4.650
stderr:

[2026-07-15T18:45:40.002436+00:00] e000285 /home/bob/src/mess/.maw/workspaces/bn-1zv6/spikes/pwritev_group/target/release/pwritev_group point-auto copy_contiguous process 24 10 1024 4 new_name 0
stdout:
variant,mode,payload,events_per_batch,owner_units,physical_batches,writers,chain,unit_shape,iterations,stop_reason,events,domain_events,bytes,write_syscalls,short_writes,interrupted,max_iovecs,copied_bytes,barriers,cpu_ns,wall_ns,p50_ns,p95_ns,p99_ns,load1_before,load1_after
copy_contiguous,process,24,10,1024,2048,4,0,new_name,44,bytes,495616,450560,33701888,44,0,0,0,33701888,0,5414212,5470696,120030,143480,206800,4.650,4.650
stderr:

[2026-07-15T18:45:41.030587+00:00] e000286 /home/bob/src/mess/.maw/workspaces/bn-1zv6/spikes/pwritev_group/target/release/pwritev_group point-auto k_pwrite process 24 10 1024 4 new_name 0
stdout:
variant,mode,payload,events_per_batch,owner_units,physical_batches,writers,chain,unit_shape,iterations,stop_reason,events,domain_events,bytes,write_syscalls,short_writes,interrupted,max_iovecs,copied_bytes,barriers,cpu_ns,wall_ns,p50_ns,p95_ns,p99_ns,load1_before,load1_after
k_pwrite,process,24,10,1024,2048,4,0,new_name,44,bytes,495616,450560,33701888,90112,0,0,0,0,0,72098819,74144316,1603929,2148688,3305488,4.650,4.650
stderr:

[2026-07-15T18:45:42.055160+00:00] e000287 /home/bob/src/mess/.maw/workspaces/bn-1zv6/spikes/pwritev_group/target/release/pwritev_group point-auto k_pwrite process 24 10 1024 4 new_name 0
stdout:
variant,mode,payload,events_per_batch,owner_units,physical_batches,writers,chain,unit_shape,iterations,stop_reason,events,domain_events,bytes,write_syscalls,short_writes,interrupted,max_iovecs,copied_bytes,barriers,cpu_ns,wall_ns,p50_ns,p95_ns,p99_ns,load1_before,load1_after
k_pwrite,process,24,10,1024,2048,4,0,new_name,44,bytes,495616,450560,33701888,90112,0,0,0,0,0,71847768,72422917,1600949,1745509,2733407,4.440,4.440
stderr:

[2026-07-15T18:45:43.076400+00:00] e000288 /home/bob/src/mess/.maw/workspaces/bn-1zv6/spikes/pwritev_group/target/release/pwritev_group point-auto copy_contiguous process 24 10 1024 4 new_name 0
stdout:
variant,mode,payload,events_per_batch,owner_units,physical_batches,writers,chain,unit_shape,iterations,stop_reason,events,domain_events,bytes,write_syscalls,short_writes,interrupted,max_iovecs,copied_bytes,barriers,cpu_ns,wall_ns,p50_ns,p95_ns,p99_ns,load1_before,load1_after
copy_contiguous,process,24,10,1024,2048,4,0,new_name,44,bytes,495616,450560,33701888,44,0,0,0,33701888,0,5258071,5314276,116800,136590,193820,4.440,4.440
stderr:

[2026-07-15T18:45:44.105454+00:00] e000289 /home/bob/src/mess/.maw/workspaces/bn-1zv6/spikes/pwritev_group/target/release/pwritev_group point-auto k_pwrite process 24 10 1025 4 domain 0
stdout:
variant,mode,payload,events_per_batch,owner_units,physical_batches,writers,chain,unit_shape,iterations,stop_reason,events,domain_events,bytes,write_syscalls,short_writes,interrupted,max_iovecs,copied_bytes,barriers,cpu_ns,wall_ns,p50_ns,p95_ns,p99_ns,load1_before,load1_after
k_pwrite,process,24,10,1025,1025,4,0,domain,54,bytes,553500,553500,33652800,55350,0,0,0,0,0,47734532,48176175,847170,945039,1038289,4.440,4.440
stderr:

[2026-07-15T18:45:45.128119+00:00] e000290 /home/bob/src/mess/.maw/workspaces/bn-1zv6/spikes/pwritev_group/target/release/pwritev_group point-auto pwritev_full_8m process 24 10 1025 4 domain 0
stdout:
variant,mode,payload,events_per_batch,owner_units,physical_batches,writers,chain,unit_shape,iterations,stop_reason,events,domain_events,bytes,write_syscalls,short_writes,interrupted,max_iovecs,copied_bytes,barriers,cpu_ns,wall_ns,p50_ns,p95_ns,p99_ns,load1_before,load1_after
pwritev_full_8m,process,24,10,1025,1025,4,0,domain,54,bytes,553500,553500,33652800,108,0,0,1024,0,0,5589432,5654486,102890,117250,123120,4.440,4.440
stderr:

[2026-07-15T18:45:46.157619+00:00] e000291 /home/bob/src/mess/.maw/workspaces/bn-1zv6/spikes/pwritev_group/target/release/pwritev_group point-auto pwritev_full_8m process 24 10 1025 4 domain 0
stdout:
variant,mode,payload,events_per_batch,owner_units,physical_batches,writers,chain,unit_shape,iterations,stop_reason,events,domain_events,bytes,write_syscalls,short_writes,interrupted,max_iovecs,copied_bytes,barriers,cpu_ns,wall_ns,p50_ns,p95_ns,p99_ns,load1_before,load1_after
pwritev_full_8m,process,24,10,1025,1025,4,0,domain,54,bytes,553500,553500,33652800,108,0,0,1024,0,0,5481892,5621786,98650,135090,155290,4.440,4.440
stderr:

[2026-07-15T18:45:47.187945+00:00] e000292 /home/bob/src/mess/.maw/workspaces/bn-1zv6/spikes/pwritev_group/target/release/pwritev_group point-auto k_pwrite process 24 10 1025 4 domain 0
stdout:
variant,mode,payload,events_per_batch,owner_units,physical_batches,writers,chain,unit_shape,iterations,stop_reason,events,domain_events,bytes,write_syscalls,short_writes,interrupted,max_iovecs,copied_bytes,barriers,cpu_ns,wall_ns,p50_ns,p95_ns,p99_ns,load1_before,load1_after
k_pwrite,process,24,10,1025,1025,4,0,domain,54,bytes,553500,553500,33652800,55350,0,0,0,0,0,47327412,47712675,841240,914229,1808549,4.400,4.400
stderr:

[2026-07-15T18:45:48.217759+00:00] e000293 /home/bob/src/mess/.maw/workspaces/bn-1zv6/spikes/pwritev_group/target/release/pwritev_group point-auto pwritev_256_8m process 24 10 1025 4 domain 0
stdout:
variant,mode,payload,events_per_batch,owner_units,physical_batches,writers,chain,unit_shape,iterations,stop_reason,events,domain_events,bytes,write_syscalls,short_writes,interrupted,max_iovecs,copied_bytes,barriers,cpu_ns,wall_ns,p50_ns,p95_ns,p99_ns,load1_before,load1_after
pwritev_256_8m,process,24,10,1025,1025,4,0,domain,54,bytes,553500,553500,33652800,270,0,0,256,0,0,6053992,6451775,120210,134590,136100,4.400,4.400
stderr:

[2026-07-15T18:45:49.245287+00:00] e000294 /home/bob/src/mess/.maw/workspaces/bn-1zv6/spikes/pwritev_group/target/release/pwritev_group point-auto k_pwrite process 24 10 1025 4 domain 0
stdout:
variant,mode,payload,events_per_batch,owner_units,physical_batches,writers,chain,unit_shape,iterations,stop_reason,events,domain_events,bytes,write_syscalls,short_writes,interrupted,max_iovecs,copied_bytes,barriers,cpu_ns,wall_ns,p50_ns,p95_ns,p99_ns,load1_before,load1_after
k_pwrite,process,24,10,1025,1025,4,0,domain,54,bytes,553500,553500,33652800,55350,0,0,0,0,0,47260642,47582265,841629,930040,1015539,4.400,4.400
stderr:

[2026-07-15T18:45:50.273494+00:00] e000295 /home/bob/src/mess/.maw/workspaces/bn-1zv6/spikes/pwritev_group/target/release/pwritev_group point-auto k_pwrite process 24 10 1025 4 domain 0
stdout:
variant,mode,payload,events_per_batch,owner_units,physical_batches,writers,chain,unit_shape,iterations,stop_reason,events,domain_events,bytes,write_syscalls,short_writes,interrupted,max_iovecs,copied_bytes,barriers,cpu_ns,wall_ns,p50_ns,p95_ns,p99_ns,load1_before,load1_after
k_pwrite,process,24,10,1025,1025,4,0,domain,54,bytes,553500,553500,33652800,55350,0,0,0,0,0,48472912,49179415,845049,893879,927960,4.400,4.400
stderr:

[2026-07-15T18:45:51.304159+00:00] e000296 /home/bob/src/mess/.maw/workspaces/bn-1zv6/spikes/pwritev_group/target/release/pwritev_group point-auto pwritev_256_8m process 24 10 1025 4 domain 0
stdout:
variant,mode,payload,events_per_batch,owner_units,physical_batches,writers,chain,unit_shape,iterations,stop_reason,events,domain_events,bytes,write_syscalls,short_writes,interrupted,max_iovecs,copied_bytes,barriers,cpu_ns,wall_ns,p50_ns,p95_ns,p99_ns,load1_before,load1_after
pwritev_256_8m,process,24,10,1025,1025,4,0,domain,54,bytes,553500,553500,33652800,270,0,0,256,0,0,6162261,6301955,112769,133920,163280,4.400,4.400
stderr:

[2026-07-15T18:45:52.332859+00:00] e000297 /home/bob/src/mess/.maw/workspaces/bn-1zv6/spikes/pwritev_group/target/release/pwritev_group point-auto k_pwrite process 24 10 1025 4 domain 0
stdout:
variant,mode,payload,events_per_batch,owner_units,physical_batches,writers,chain,unit_shape,iterations,stop_reason,events,domain_events,bytes,write_syscalls,short_writes,interrupted,max_iovecs,copied_bytes,barriers,cpu_ns,wall_ns,p50_ns,p95_ns,p99_ns,load1_before,load1_after
k_pwrite,process,24,10,1025,1025,4,0,domain,54,bytes,553500,553500,33652800,55350,0,0,0,0,0,46473601,46940875,842180,891749,1478279,4.370,4.370
stderr:

[2026-07-15T18:45:53.361580+00:00] e000298 /home/bob/src/mess/.maw/workspaces/bn-1zv6/spikes/pwritev_group/target/release/pwritev_group point-auto pwritev_64_8m process 24 10 1025 4 domain 0
stdout:
variant,mode,payload,events_per_batch,owner_units,physical_batches,writers,chain,unit_shape,iterations,stop_reason,events,domain_events,bytes,write_syscalls,short_writes,interrupted,max_iovecs,copied_bytes,barriers,cpu_ns,wall_ns,p50_ns,p95_ns,p99_ns,load1_before,load1_after
pwritev_64_8m,process,24,10,1025,1025,4,0,domain,54,bytes,553500,553500,33652800,918,0,0,64,0,0,9102433,9153304,135560,150669,164780,4.370,4.370
stderr:

[2026-07-15T18:45:54.391922+00:00] e000299 /home/bob/src/mess/.maw/workspaces/bn-1zv6/spikes/pwritev_group/target/release/pwritev_group point-auto pwritev_64_8m process 24 10 1025 4 domain 0
stdout:
variant,mode,payload,events_per_batch,owner_units,physical_batches,writers,chain,unit_shape,iterations,stop_reason,events,domain_events,bytes,write_syscalls,short_writes,interrupted,max_iovecs,copied_bytes,barriers,cpu_ns,wall_ns,p50_ns,p95_ns,p99_ns,load1_before,load1_after
pwritev_64_8m,process,24,10,1025,1025,4,0,domain,54,bytes,553500,553500,33652800,918,0,0,64,0,0,7259832,7307485,132970,144829,151620,4.370,4.370
stderr:

[2026-07-15T18:45:55.416953+00:00] e000300 /home/bob/src/mess/.maw/workspaces/bn-1zv6/spikes/pwritev_group/target/release/pwritev_group point-auto k_pwrite process 24 10 1025 4 domain 0
stdout:
variant,mode,payload,events_per_batch,owner_units,physical_batches,writers,chain,unit_shape,iterations,stop_reason,events,domain_events,bytes,write_syscalls,short_writes,interrupted,max_iovecs,copied_bytes,barriers,cpu_ns,wall_ns,p50_ns,p95_ns,p99_ns,load1_before,load1_after
k_pwrite,process,24,10,1025,1025,4,0,domain,54,bytes,553500,553500,33652800,55350,0,0,0,0,0,47337262,47853215,847589,872690,1045949,4.370,4.370
stderr:

[2026-07-15T18:45:56.447072+00:00] e000301 /home/bob/src/mess/.maw/workspaces/bn-1zv6/spikes/pwritev_group/target/release/pwritev_group point-auto copy_contiguous process 24 10 1025 4 domain 0
stdout:
variant,mode,payload,events_per_batch,owner_units,physical_batches,writers,chain,unit_shape,iterations,stop_reason,events,domain_events,bytes,write_syscalls,short_writes,interrupted,max_iovecs,copied_bytes,barriers,cpu_ns,wall_ns,p50_ns,p95_ns,p99_ns,load1_before,load1_after
copy_contiguous,process,24,10,1025,1025,4,0,domain,54,bytes,553500,553500,33652800,54,0,0,0,33652800,0,5547321,5795015,103849,121110,151260,4.370,4.370
stderr:

[2026-07-15T18:45:57.469542+00:00] e000302 /home/bob/src/mess/.maw/workspaces/bn-1zv6/spikes/pwritev_group/target/release/pwritev_group point-auto k_pwrite process 24 10 1025 4 domain 0
stdout:
variant,mode,payload,events_per_batch,owner_units,physical_batches,writers,chain,unit_shape,iterations,stop_reason,events,domain_events,bytes,write_syscalls,short_writes,interrupted,max_iovecs,copied_bytes,barriers,cpu_ns,wall_ns,p50_ns,p95_ns,p99_ns,load1_before,load1_after
k_pwrite,process,24,10,1025,1025,4,0,domain,54,bytes,553500,553500,33652800,55350,0,0,0,0,0,47559771,48905804,847349,1048489,1504259,4.100,4.100
stderr:

[2026-07-15T18:45:58.500538+00:00] e000303 /home/bob/src/mess/.maw/workspaces/bn-1zv6/spikes/pwritev_group/target/release/pwritev_group point-auto k_pwrite process 24 10 1025 4 domain 0
stdout:
variant,mode,payload,events_per_batch,owner_units,physical_batches,writers,chain,unit_shape,iterations,stop_reason,events,domain_events,bytes,write_syscalls,short_writes,interrupted,max_iovecs,copied_bytes,barriers,cpu_ns,wall_ns,p50_ns,p95_ns,p99_ns,load1_before,load1_after
k_pwrite,process,24,10,1025,1025,4,0,domain,54,bytes,553500,553500,33652800,55350,0,0,0,0,0,50103172,50752563,839959,1038009,2674608,4.100,4.100
stderr:

[2026-07-15T18:45:59.525194+00:00] e000304 /home/bob/src/mess/.maw/workspaces/bn-1zv6/spikes/pwritev_group/target/release/pwritev_group point-auto copy_contiguous process 24 10 1025 4 domain 0
stdout:
variant,mode,payload,events_per_batch,owner_units,physical_batches,writers,chain,unit_shape,iterations,stop_reason,events,domain_events,bytes,write_syscalls,short_writes,interrupted,max_iovecs,copied_bytes,barriers,cpu_ns,wall_ns,p50_ns,p95_ns,p99_ns,load1_before,load1_after
copy_contiguous,process,24,10,1025,1025,4,0,domain,54,bytes,553500,553500,33652800,54,0,0,0,33652800,0,5421381,5488576,97860,117650,128000,4.100,4.100
stderr:

[2026-07-15T18:46:00.547328+00:00] e000305 /home/bob/src/mess/.maw/workspaces/bn-1zv6/spikes/pwritev_group/target/release/pwritev_group point-auto k_pwrite process 24 10 1025 4 new_name 0
stdout:
variant,mode,payload,events_per_batch,owner_units,physical_batches,writers,chain,unit_shape,iterations,stop_reason,events,domain_events,bytes,write_syscalls,short_writes,interrupted,max_iovecs,copied_bytes,barriers,cpu_ns,wall_ns,p50_ns,p95_ns,p99_ns,load1_before,load1_after
k_pwrite,process,24,10,1025,2050,4,0,new_name,44,bytes,496100,451000,33734800,90200,0,0,0,0,0,73779849,74508145,1606379,2011468,2633378,4.100,4.100
stderr:

[2026-07-15T18:46:01.575219+00:00] e000306 /home/bob/src/mess/.maw/workspaces/bn-1zv6/spikes/pwritev_group/target/release/pwritev_group point-auto pwritev_full_8m process 24 10 1025 4 new_name 0
stdout:
variant,mode,payload,events_per_batch,owner_units,physical_batches,writers,chain,unit_shape,iterations,stop_reason,events,domain_events,bytes,write_syscalls,short_writes,interrupted,max_iovecs,copied_bytes,barriers,cpu_ns,wall_ns,p50_ns,p95_ns,p99_ns,load1_before,load1_after
pwritev_full_8m,process,24,10,1025,2050,4,0,new_name,44,bytes,496100,451000,33734800,132,0,0,1024,0,0,6528712,6577845,147920,160830,175560,4.100,4.100
stderr:

[2026-07-15T18:46:02.604128+00:00] e000307 /home/bob/src/mess/.maw/workspaces/bn-1zv6/spikes/pwritev_group/target/release/pwritev_group point-auto pwritev_full_8m process 24 10 1025 4 new_name 0
stdout:
variant,mode,payload,events_per_batch,owner_units,physical_batches,writers,chain,unit_shape,iterations,stop_reason,events,domain_events,bytes,write_syscalls,short_writes,interrupted,max_iovecs,copied_bytes,barriers,cpu_ns,wall_ns,p50_ns,p95_ns,p99_ns,load1_before,load1_after
pwritev_full_8m,process,24,10,1025,2050,4,0,new_name,44,bytes,496100,451000,33734800,132,0,0,1024,0,0,6712982,6772195,148170,181709,188030,3.930,3.930
stderr:

[2026-07-15T18:46:03.634523+00:00] e000308 /home/bob/src/mess/.maw/workspaces/bn-1zv6/spikes/pwritev_group/target/release/pwritev_group point-auto k_pwrite process 24 10 1025 4 new_name 0
stdout:
variant,mode,payload,events_per_batch,owner_units,physical_batches,writers,chain,unit_shape,iterations,stop_reason,events,domain_events,bytes,write_syscalls,short_writes,interrupted,max_iovecs,copied_bytes,barriers,cpu_ns,wall_ns,p50_ns,p95_ns,p99_ns,load1_before,load1_after
k_pwrite,process,24,10,1025,2050,4,0,new_name,44,bytes,496100,451000,33734800,90200,0,0,0,0,0,74335498,74895125,1605539,2027529,3288828,3.930,3.930
stderr:

[2026-07-15T18:46:04.656578+00:00] e000309 /home/bob/src/mess/.maw/workspaces/bn-1zv6/spikes/pwritev_group/target/release/pwritev_group point-auto pwritev_256_8m process 24 10 1025 4 new_name 0
stdout:
variant,mode,payload,events_per_batch,owner_units,physical_batches,writers,chain,unit_shape,iterations,stop_reason,events,domain_events,bytes,write_syscalls,short_writes,interrupted,max_iovecs,copied_bytes,barriers,cpu_ns,wall_ns,p50_ns,p95_ns,p99_ns,load1_before,load1_after
pwritev_256_8m,process,24,10,1025,2050,4,0,new_name,44,bytes,496100,451000,33734800,396,0,0,256,0,0,7697072,7761734,171980,195850,259409,3.930,3.930
stderr:

[2026-07-15T18:46:05.685666+00:00] e000310 /home/bob/src/mess/.maw/workspaces/bn-1zv6/spikes/pwritev_group/target/release/pwritev_group point-auto k_pwrite process 24 10 1025 4 new_name 0
stdout:
variant,mode,payload,events_per_batch,owner_units,physical_batches,writers,chain,unit_shape,iterations,stop_reason,events,domain_events,bytes,write_syscalls,short_writes,interrupted,max_iovecs,copied_bytes,barriers,cpu_ns,wall_ns,p50_ns,p95_ns,p99_ns,load1_before,load1_after
k_pwrite,process,24,10,1025,2050,4,0,new_name,44,bytes,496100,451000,33734800,90200,0,0,0,0,0,72491448,73048606,1602389,1728039,2795629,3.930,3.930
stderr:

[2026-07-15T18:46:06.716487+00:00] e000311 /home/bob/src/mess/.maw/workspaces/bn-1zv6/spikes/pwritev_group/target/release/pwritev_group point-auto k_pwrite process 24 10 1025 4 new_name 0
stdout:
variant,mode,payload,events_per_batch,owner_units,physical_batches,writers,chain,unit_shape,iterations,stop_reason,events,domain_events,bytes,write_syscalls,short_writes,interrupted,max_iovecs,copied_bytes,barriers,cpu_ns,wall_ns,p50_ns,p95_ns,p99_ns,load1_before,load1_after
k_pwrite,process,24,10,1025,2050,4,0,new_name,44,bytes,496100,451000,33734800,90200,0,0,0,0,0,77173120,77909063,1620189,1812249,4846277,3.930,3.930
stderr:

[2026-07-15T18:46:07.738274+00:00] e000312 /home/bob/src/mess/.maw/workspaces/bn-1zv6/spikes/pwritev_group/target/release/pwritev_group point-auto pwritev_256_8m process 24 10 1025 4 new_name 0
stdout:
variant,mode,payload,events_per_batch,owner_units,physical_batches,writers,chain,unit_shape,iterations,stop_reason,events,domain_events,bytes,write_syscalls,short_writes,interrupted,max_iovecs,copied_bytes,barriers,cpu_ns,wall_ns,p50_ns,p95_ns,p99_ns,load1_before,load1_after
pwritev_256_8m,process,24,10,1025,2050,4,0,new_name,44,bytes,496100,451000,33734800,396,0,0,256,0,0,7376842,7443935,164310,189390,238920,3.700,3.700
stderr:

[2026-07-15T18:46:08.766093+00:00] e000313 /home/bob/src/mess/.maw/workspaces/bn-1zv6/spikes/pwritev_group/target/release/pwritev_group point-auto k_pwrite process 24 10 1025 4 new_name 0
stdout:
variant,mode,payload,events_per_batch,owner_units,physical_batches,writers,chain,unit_shape,iterations,stop_reason,events,domain_events,bytes,write_syscalls,short_writes,interrupted,max_iovecs,copied_bytes,barriers,cpu_ns,wall_ns,p50_ns,p95_ns,p99_ns,load1_before,load1_after
k_pwrite,process,24,10,1025,2050,4,0,new_name,44,bytes,496100,451000,33734800,90200,0,0,0,0,0,73215649,74254085,1611669,1963688,3066178,3.700,3.700
stderr:

[2026-07-15T18:46:09.790967+00:00] e000314 /home/bob/src/mess/.maw/workspaces/bn-1zv6/spikes/pwritev_group/target/release/pwritev_group point-auto pwritev_64_8m process 24 10 1025 4 new_name 0
stdout:
variant,mode,payload,events_per_batch,owner_units,physical_batches,writers,chain,unit_shape,iterations,stop_reason,events,domain_events,bytes,write_syscalls,short_writes,interrupted,max_iovecs,copied_bytes,barriers,cpu_ns,wall_ns,p50_ns,p95_ns,p99_ns,load1_before,load1_after
pwritev_64_8m,process,24,10,1025,2050,4,0,new_name,44,bytes,496100,451000,33734800,1452,0,0,64,0,0,10137403,11348612,212839,250210,2014729,3.700,3.700
stderr:

[2026-07-15T18:46:10.822385+00:00] e000315 /home/bob/src/mess/.maw/workspaces/bn-1zv6/spikes/pwritev_group/target/release/pwritev_group point-auto pwritev_64_8m process 24 10 1025 4 new_name 0
stdout:
variant,mode,payload,events_per_batch,owner_units,physical_batches,writers,chain,unit_shape,iterations,stop_reason,events,domain_events,bytes,write_syscalls,short_writes,interrupted,max_iovecs,copied_bytes,barriers,cpu_ns,wall_ns,p50_ns,p95_ns,p99_ns,load1_before,load1_after
pwritev_64_8m,process,24,10,1025,2050,4,0,new_name,44,bytes,496100,451000,33734800,1452,0,0,64,0,0,9140012,9235813,206720,238310,250800,3.700,3.700
stderr:

[2026-07-15T18:46:11.846714+00:00] e000316 /home/bob/src/mess/.maw/workspaces/bn-1zv6/spikes/pwritev_group/target/release/pwritev_group point-auto k_pwrite process 24 10 1025 4 new_name 0
stdout:
variant,mode,payload,events_per_batch,owner_units,physical_batches,writers,chain,unit_shape,iterations,stop_reason,events,domain_events,bytes,write_syscalls,short_writes,interrupted,max_iovecs,copied_bytes,barriers,cpu_ns,wall_ns,p50_ns,p95_ns,p99_ns,load1_before,load1_after
k_pwrite,process,24,10,1025,2050,4,0,new_name,44,bytes,496100,451000,33734800,90200,0,0,0,0,0,77513500,78095763,1610748,1809819,5233186,3.700,3.720
stderr:

[2026-07-15T18:46:12.868894+00:00] e000317 /home/bob/src/mess/.maw/workspaces/bn-1zv6/spikes/pwritev_group/target/release/pwritev_group point-auto copy_contiguous process 24 10 1025 4 new_name 0
stdout:
variant,mode,payload,events_per_batch,owner_units,physical_batches,writers,chain,unit_shape,iterations,stop_reason,events,domain_events,bytes,write_syscalls,short_writes,interrupted,max_iovecs,copied_bytes,barriers,cpu_ns,wall_ns,p50_ns,p95_ns,p99_ns,load1_before,load1_after
copy_contiguous,process,24,10,1025,2050,4,0,new_name,44,bytes,496100,451000,33734800,44,0,0,0,33734800,0,5489481,5595586,121610,152160,236440,3.720,3.720
stderr:

[2026-07-15T18:46:13.897663+00:00] e000318 /home/bob/src/mess/.maw/workspaces/bn-1zv6/spikes/pwritev_group/target/release/pwritev_group point-auto k_pwrite process 24 10 1025 4 new_name 0
stdout:
variant,mode,payload,events_per_batch,owner_units,physical_batches,writers,chain,unit_shape,iterations,stop_reason,events,domain_events,bytes,write_syscalls,short_writes,interrupted,max_iovecs,copied_bytes,barriers,cpu_ns,wall_ns,p50_ns,p95_ns,p99_ns,load1_before,load1_after
k_pwrite,process,24,10,1025,2050,4,0,new_name,44,bytes,496100,451000,33734800,90200,0,0,0,0,0,74622309,75995124,1616919,2325949,2830038,3.720,3.720
stderr:

[2026-07-15T18:46:14.929109+00:00] e000319 /home/bob/src/mess/.maw/workspaces/bn-1zv6/spikes/pwritev_group/target/release/pwritev_group point-auto k_pwrite process 24 10 1025 4 new_name 0
stdout:
variant,mode,payload,events_per_batch,owner_units,physical_batches,writers,chain,unit_shape,iterations,stop_reason,events,domain_events,bytes,write_syscalls,short_writes,interrupted,max_iovecs,copied_bytes,barriers,cpu_ns,wall_ns,p50_ns,p95_ns,p99_ns,load1_before,load1_after
k_pwrite,process,24,10,1025,2050,4,0,new_name,44,bytes,496100,451000,33734800,90200,0,0,0,0,0,78446270,79108732,1640789,2481188,4077567,3.720,3.720
stderr:

[2026-07-15T18:46:15.952988+00:00] e000320 /home/bob/src/mess/.maw/workspaces/bn-1zv6/spikes/pwritev_group/target/release/pwritev_group point-auto copy_contiguous process 24 10 1025 4 new_name 0
stdout:
variant,mode,payload,events_per_batch,owner_units,physical_batches,writers,chain,unit_shape,iterations,stop_reason,events,domain_events,bytes,write_syscalls,short_writes,interrupted,max_iovecs,copied_bytes,barriers,cpu_ns,wall_ns,p50_ns,p95_ns,p99_ns,load1_before,load1_after
copy_contiguous,process,24,10,1025,2050,4,0,new_name,44,bytes,496100,451000,33734800,44,0,0,0,33734800,0,5271342,5311166,119280,136359,136749,3.720,3.720
stderr:

[2026-07-15T18:46:16.974770+00:00] e000321 /home/bob/src/mess/.maw/workspaces/bn-1zv6/spikes/pwritev_group/target/release/pwritev_group point-auto k_pwrite process 24 100 2 2 domain 0
stdout:
variant,mode,payload,events_per_batch,owner_units,physical_batches,writers,chain,unit_shape,iterations,stop_reason,events,domain_events,bytes,write_syscalls,short_writes,interrupted,max_iovecs,copied_bytes,barriers,cpu_ns,wall_ns,p50_ns,p95_ns,p99_ns,load1_before,load1_after
k_pwrite,process,24,100,2,2,2,0,domain,3173,bytes,634600,634600,33557648,6346,0,0,0,0,0,7659022,7717395,2340,2370,2960,3.820,3.820
stderr:

[2026-07-15T18:46:18.002959+00:00] e000322 /home/bob/src/mess/.maw/workspaces/bn-1zv6/spikes/pwritev_group/target/release/pwritev_group point-auto pwritev_full_8m process 24 100 2 2 domain 0
stdout:
variant,mode,payload,events_per_batch,owner_units,physical_batches,writers,chain,unit_shape,iterations,stop_reason,events,domain_events,bytes,write_syscalls,short_writes,interrupted,max_iovecs,copied_bytes,barriers,cpu_ns,wall_ns,p50_ns,p95_ns,p99_ns,load1_before,load1_after
pwritev_full_8m,process,24,100,2,2,2,0,domain,3173,bytes,634600,634600,33557648,3173,0,0,2,0,0,6256681,6746295,1790,2090,3190,3.820,3.820
stderr:

[2026-07-15T18:46:19.027747+00:00] e000323 /home/bob/src/mess/.maw/workspaces/bn-1zv6/spikes/pwritev_group/target/release/pwritev_group point-auto pwritev_full_8m process 24 100 2 2 domain 0
stdout:
variant,mode,payload,events_per_batch,owner_units,physical_batches,writers,chain,unit_shape,iterations,stop_reason,events,domain_events,bytes,write_syscalls,short_writes,interrupted,max_iovecs,copied_bytes,barriers,cpu_ns,wall_ns,p50_ns,p95_ns,p99_ns,load1_before,load1_after
pwritev_full_8m,process,24,100,2,2,2,0,domain,3173,bytes,634600,634600,33557648,3173,0,0,2,0,0,6608641,6673635,1800,2370,2390,3.820,3.820
stderr:

[2026-07-15T18:46:20.058425+00:00] e000324 /home/bob/src/mess/.maw/workspaces/bn-1zv6/spikes/pwritev_group/target/release/pwritev_group point-auto k_pwrite process 24 100 2 2 domain 0
stdout:
variant,mode,payload,events_per_batch,owner_units,physical_batches,writers,chain,unit_shape,iterations,stop_reason,events,domain_events,bytes,write_syscalls,short_writes,interrupted,max_iovecs,copied_bytes,barriers,cpu_ns,wall_ns,p50_ns,p95_ns,p99_ns,load1_before,load1_after
k_pwrite,process,24,100,2,2,2,0,domain,3173,bytes,634600,634600,33557648,6346,0,0,0,0,0,7801312,7875274,2330,2900,3230,3.820,3.820
stderr:

[2026-07-15T18:46:21.088150+00:00] e000325 /home/bob/src/mess/.maw/workspaces/bn-1zv6/spikes/pwritev_group/target/release/pwritev_group point-auto copy_contiguous process 24 100 2 2 domain 0
stdout:
variant,mode,payload,events_per_batch,owner_units,physical_batches,writers,chain,unit_shape,iterations,stop_reason,events,domain_events,bytes,write_syscalls,short_writes,interrupted,max_iovecs,copied_bytes,barriers,cpu_ns,wall_ns,p50_ns,p95_ns,p99_ns,load1_before,load1_after
copy_contiguous,process,24,100,2,2,2,0,domain,3173,bytes,634600,634600,33557648,3173,0,0,0,33557648,0,5977891,6044706,1760,2320,2490,3.820,3.820
stderr:

[2026-07-15T18:46:22.120329+00:00] e000326 /home/bob/src/mess/.maw/workspaces/bn-1zv6/spikes/pwritev_group/target/release/pwritev_group point-auto k_pwrite process 24 100 2 2 domain 0
stdout:
variant,mode,payload,events_per_batch,owner_units,physical_batches,writers,chain,unit_shape,iterations,stop_reason,events,domain_events,bytes,write_syscalls,short_writes,interrupted,max_iovecs,copied_bytes,barriers,cpu_ns,wall_ns,p50_ns,p95_ns,p99_ns,load1_before,load1_after
k_pwrite,process,24,100,2,2,2,0,domain,3173,bytes,634600,634600,33557648,6346,0,0,0,0,0,7724632,7779615,2330,2700,2960,3.600,3.600
stderr:

[2026-07-15T18:46:23.153306+00:00] e000327 /home/bob/src/mess/.maw/workspaces/bn-1zv6/spikes/pwritev_group/target/release/pwritev_group point-auto k_pwrite process 24 100 2 2 domain 0
stdout:
variant,mode,payload,events_per_batch,owner_units,physical_batches,writers,chain,unit_shape,iterations,stop_reason,events,domain_events,bytes,write_syscalls,short_writes,interrupted,max_iovecs,copied_bytes,barriers,cpu_ns,wall_ns,p50_ns,p95_ns,p99_ns,load1_before,load1_after
k_pwrite,process,24,100,2,2,2,0,domain,3173,bytes,634600,634600,33557648,6346,0,0,0,0,0,7822462,7886444,2350,2780,3060,3.600,3.600
stderr:

[2026-07-15T18:46:24.183787+00:00] e000328 /home/bob/src/mess/.maw/workspaces/bn-1zv6/spikes/pwritev_group/target/release/pwritev_group point-auto copy_contiguous process 24 100 2 2 domain 0
stdout:
variant,mode,payload,events_per_batch,owner_units,physical_batches,writers,chain,unit_shape,iterations,stop_reason,events,domain_events,bytes,write_syscalls,short_writes,interrupted,max_iovecs,copied_bytes,barriers,cpu_ns,wall_ns,p50_ns,p95_ns,p99_ns,load1_before,load1_after
copy_contiguous,process,24,100,2,2,2,0,domain,3173,bytes,634600,634600,33557648,3173,0,0,0,33557648,0,6942921,7021305,2190,2330,2460,3.600,3.600
stderr:

[2026-07-15T18:46:25.211517+00:00] e000329 /home/bob/src/mess/.maw/workspaces/bn-1zv6/spikes/pwritev_group/target/release/pwritev_group point-auto k_pwrite process 24 100 2 2 new_name 0
stdout:
variant,mode,payload,events_per_batch,owner_units,physical_batches,writers,chain,unit_shape,iterations,stop_reason,events,domain_events,bytes,write_syscalls,short_writes,interrupted,max_iovecs,copied_bytes,barriers,cpu_ns,wall_ns,p50_ns,p95_ns,p99_ns,load1_before,load1_after
k_pwrite,process,24,100,2,4,2,0,new_name,3091,bytes,624382,618200,33555896,12364,0,0,0,0,0,11953953,12034351,3770,3830,4770,3.600,3.600
stderr:

[2026-07-15T18:46:26.239381+00:00] e000330 /home/bob/src/mess/.maw/workspaces/bn-1zv6/spikes/pwritev_group/target/release/pwritev_group point-auto pwritev_full_8m process 24 100 2 2 new_name 0
stdout:
variant,mode,payload,events_per_batch,owner_units,physical_batches,writers,chain,unit_shape,iterations,stop_reason,events,domain_events,bytes,write_syscalls,short_writes,interrupted,max_iovecs,copied_bytes,barriers,cpu_ns,wall_ns,p50_ns,p95_ns,p99_ns,load1_before,load1_after
pwritev_full_8m,process,24,100,2,4,2,0,new_name,3091,bytes,624382,618200,33555896,3091,0,0,4,0,0,6374251,6433056,1850,2000,2470,3.600,3.600
stderr:

[2026-07-15T18:46:27.266972+00:00] e000331 /home/bob/src/mess/.maw/workspaces/bn-1zv6/spikes/pwritev_group/target/release/pwritev_group point-auto pwritev_full_8m process 24 100 2 2 new_name 0
stdout:
variant,mode,payload,events_per_batch,owner_units,physical_batches,writers,chain,unit_shape,iterations,stop_reason,events,domain_events,bytes,write_syscalls,short_writes,interrupted,max_iovecs,copied_bytes,barriers,cpu_ns,wall_ns,p50_ns,p95_ns,p99_ns,load1_before,load1_after
pwritev_full_8m,process,24,100,2,4,2,0,new_name,3091,bytes,624382,618200,33555896,3091,0,0,4,0,0,6464762,6976225,1840,2130,2590,3.470,3.470
stderr:

[2026-07-15T18:46:28.292072+00:00] e000332 /home/bob/src/mess/.maw/workspaces/bn-1zv6/spikes/pwritev_group/target/release/pwritev_group point-auto k_pwrite process 24 100 2 2 new_name 0
stdout:
variant,mode,payload,events_per_batch,owner_units,physical_batches,writers,chain,unit_shape,iterations,stop_reason,events,domain_events,bytes,write_syscalls,short_writes,interrupted,max_iovecs,copied_bytes,barriers,cpu_ns,wall_ns,p50_ns,p95_ns,p99_ns,load1_before,load1_after
k_pwrite,process,24,100,2,4,2,0,new_name,3091,bytes,624382,618200,33555896,12364,0,0,0,0,0,15472074,15617699,4300,5640,19320,3.470,3.470
stderr:

[2026-07-15T18:46:29.321319+00:00] e000333 /home/bob/src/mess/.maw/workspaces/bn-1zv6/spikes/pwritev_group/target/release/pwritev_group point-auto copy_contiguous process 24 100 2 2 new_name 0
stdout:
variant,mode,payload,events_per_batch,owner_units,physical_batches,writers,chain,unit_shape,iterations,stop_reason,events,domain_events,bytes,write_syscalls,short_writes,interrupted,max_iovecs,copied_bytes,barriers,cpu_ns,wall_ns,p50_ns,p95_ns,p99_ns,load1_before,load1_after
copy_contiguous,process,24,100,2,4,2,0,new_name,3091,bytes,624382,618200,33555896,3091,0,0,0,33555896,0,6114181,6179125,1790,2460,2780,3.470,3.470
stderr:

[2026-07-15T18:46:30.352877+00:00] e000334 /home/bob/src/mess/.maw/workspaces/bn-1zv6/spikes/pwritev_group/target/release/pwritev_group point-auto k_pwrite process 24 100 2 2 new_name 0
stdout:
variant,mode,payload,events_per_batch,owner_units,physical_batches,writers,chain,unit_shape,iterations,stop_reason,events,domain_events,bytes,write_syscalls,short_writes,interrupted,max_iovecs,copied_bytes,barriers,cpu_ns,wall_ns,p50_ns,p95_ns,p99_ns,load1_before,load1_after
k_pwrite,process,24,100,2,4,2,0,new_name,3091,bytes,624382,618200,33555896,12364,0,0,0,0,0,12060013,12171371,3760,4400,5690,3.470,3.470
stderr:

[2026-07-15T18:46:31.374613+00:00] e000335 /home/bob/src/mess/.maw/workspaces/bn-1zv6/spikes/pwritev_group/target/release/pwritev_group point-auto k_pwrite process 24 100 2 2 new_name 0
stdout:
variant,mode,payload,events_per_batch,owner_units,physical_batches,writers,chain,unit_shape,iterations,stop_reason,events,domain_events,bytes,write_syscalls,short_writes,interrupted,max_iovecs,copied_bytes,barriers,cpu_ns,wall_ns,p50_ns,p95_ns,p99_ns,load1_before,load1_after
k_pwrite,process,24,100,2,4,2,0,new_name,3091,bytes,624382,618200,33555896,12364,0,0,0,0,0,12175393,12267861,3790,4590,4830,3.470,3.470
stderr:

[2026-07-15T18:46:32.403372+00:00] e000336 /home/bob/src/mess/.maw/workspaces/bn-1zv6/spikes/pwritev_group/target/release/pwritev_group point-auto copy_contiguous process 24 100 2 2 new_name 0
stdout:
variant,mode,payload,events_per_batch,owner_units,physical_batches,writers,chain,unit_shape,iterations,stop_reason,events,domain_events,bytes,write_syscalls,short_writes,interrupted,max_iovecs,copied_bytes,barriers,cpu_ns,wall_ns,p50_ns,p95_ns,p99_ns,load1_before,load1_after
copy_contiguous,process,24,100,2,4,2,0,new_name,3091,bytes,624382,618200,33555896,3091,0,0,0,33555896,0,6078092,6123666,1790,2300,2870,3.510,3.510
stderr:

[2026-07-15T18:46:33.432197+00:00] e000337 /home/bob/src/mess/.maw/workspaces/bn-1zv6/spikes/pwritev_group/target/release/pwritev_group point-auto k_pwrite process 24 100 4 4 domain 0
stdout:
variant,mode,payload,events_per_batch,owner_units,physical_batches,writers,chain,unit_shape,iterations,stop_reason,events,domain_events,bytes,write_syscalls,short_writes,interrupted,max_iovecs,copied_bytes,barriers,cpu_ns,wall_ns,p50_ns,p95_ns,p99_ns,load1_before,load1_after
k_pwrite,process,24,100,4,4,4,0,domain,1587,bytes,634800,634800,33568224,6348,0,0,0,0,0,9661962,9910912,5100,6010,23310,3.510,3.510
stderr:

[2026-07-15T18:46:34.461855+00:00] e000338 /home/bob/src/mess/.maw/workspaces/bn-1zv6/spikes/pwritev_group/target/release/pwritev_group point-auto pwritev_full_8m process 24 100 4 4 domain 0
stdout:
variant,mode,payload,events_per_batch,owner_units,physical_batches,writers,chain,unit_shape,iterations,stop_reason,events,domain_events,bytes,write_syscalls,short_writes,interrupted,max_iovecs,copied_bytes,barriers,cpu_ns,wall_ns,p50_ns,p95_ns,p99_ns,load1_before,load1_after
pwritev_full_8m,process,24,100,4,4,4,0,domain,1587,bytes,634800,634800,33568224,1587,0,0,4,0,0,4683131,4722677,2840,3220,4000,3.510,3.510
stderr:

[2026-07-15T18:46:35.493308+00:00] e000339 /home/bob/src/mess/.maw/workspaces/bn-1zv6/spikes/pwritev_group/target/release/pwritev_group point-auto pwritev_full_8m process 24 100 4 4 domain 0
stdout:
variant,mode,payload,events_per_batch,owner_units,physical_batches,writers,chain,unit_shape,iterations,stop_reason,events,domain_events,bytes,write_syscalls,short_writes,interrupted,max_iovecs,copied_bytes,barriers,cpu_ns,wall_ns,p50_ns,p95_ns,p99_ns,load1_before,load1_after
pwritev_full_8m,process,24,100,4,4,4,0,domain,1587,bytes,634800,634800,33568224,1587,0,0,4,0,0,4752292,4797617,2830,3410,4250,3.510,3.510
stderr:

[2026-07-15T18:46:36.514853+00:00] e000340 /home/bob/src/mess/.maw/workspaces/bn-1zv6/spikes/pwritev_group/target/release/pwritev_group point-auto k_pwrite process 24 100 4 4 domain 0
stdout:
variant,mode,payload,events_per_batch,owner_units,physical_batches,writers,chain,unit_shape,iterations,stop_reason,events,domain_events,bytes,write_syscalls,short_writes,interrupted,max_iovecs,copied_bytes,barriers,cpu_ns,wall_ns,p50_ns,p95_ns,p99_ns,load1_before,load1_after
k_pwrite,process,24,100,4,4,4,0,domain,1587,bytes,634800,634800,33568224,6348,0,0,0,0,0,8309992,8363204,5090,5990,6640,3.510,3.510
stderr:

[2026-07-15T18:46:37.542957+00:00] e000341 /home/bob/src/mess/.maw/workspaces/bn-1zv6/spikes/pwritev_group/target/release/pwritev_group point-auto copy_contiguous process 24 100 4 4 domain 0
stdout:
variant,mode,payload,events_per_batch,owner_units,physical_batches,writers,chain,unit_shape,iterations,stop_reason,events,domain_events,bytes,write_syscalls,short_writes,interrupted,max_iovecs,copied_bytes,barriers,cpu_ns,wall_ns,p50_ns,p95_ns,p99_ns,load1_before,load1_after
copy_contiguous,process,24,100,4,4,4,0,domain,1587,bytes,634800,634800,33568224,1587,0,0,0,33568224,0,5058331,5103536,3020,3740,4470,3.630,3.630
stderr:

[2026-07-15T18:46:38.569125+00:00] e000342 /home/bob/src/mess/.maw/workspaces/bn-1zv6/spikes/pwritev_group/target/release/pwritev_group point-auto k_pwrite process 24 100 4 4 domain 0
stdout:
variant,mode,payload,events_per_batch,owner_units,physical_batches,writers,chain,unit_shape,iterations,stop_reason,events,domain_events,bytes,write_syscalls,short_writes,interrupted,max_iovecs,copied_bytes,barriers,cpu_ns,wall_ns,p50_ns,p95_ns,p99_ns,load1_before,load1_after
k_pwrite,process,24,100,4,4,4,0,domain,1587,bytes,634800,634800,33568224,6348,0,0,0,0,0,8572142,8623324,5090,5900,9840,3.630,3.630
stderr:

[2026-07-15T18:46:39.599149+00:00] e000343 /home/bob/src/mess/.maw/workspaces/bn-1zv6/spikes/pwritev_group/target/release/pwritev_group point-auto k_pwrite process 24 100 4 4 domain 0
stdout:
variant,mode,payload,events_per_batch,owner_units,physical_batches,writers,chain,unit_shape,iterations,stop_reason,events,domain_events,bytes,write_syscalls,short_writes,interrupted,max_iovecs,copied_bytes,barriers,cpu_ns,wall_ns,p50_ns,p95_ns,p99_ns,load1_before,load1_after
k_pwrite,process,24,100,4,4,4,0,domain,1587,bytes,634800,634800,33568224,6348,0,0,0,0,0,9267703,9624603,5110,7480,20200,3.630,3.630
stderr:

[2026-07-15T18:46:40.628776+00:00] e000344 /home/bob/src/mess/.maw/workspaces/bn-1zv6/spikes/pwritev_group/target/release/pwritev_group point-auto copy_contiguous process 24 100 4 4 domain 0
stdout:
variant,mode,payload,events_per_batch,owner_units,physical_batches,writers,chain,unit_shape,iterations,stop_reason,events,domain_events,bytes,write_syscalls,short_writes,interrupted,max_iovecs,copied_bytes,barriers,cpu_ns,wall_ns,p50_ns,p95_ns,p99_ns,load1_before,load1_after
copy_contiguous,process,24,100,4,4,4,0,domain,1587,bytes,634800,634800,33568224,1587,0,0,0,33568224,0,5005831,5083786,3020,3560,4160,3.630,3.630
stderr:

[2026-07-15T18:46:41.653137+00:00] e000345 /home/bob/src/mess/.maw/workspaces/bn-1zv6/spikes/pwritev_group/target/release/pwritev_group point-auto k_pwrite process 24 100 4 4 new_name 0
stdout:
variant,mode,payload,events_per_batch,owner_units,physical_batches,writers,chain,unit_shape,iterations,stop_reason,events,domain_events,bytes,write_syscalls,short_writes,interrupted,max_iovecs,copied_bytes,barriers,cpu_ns,wall_ns,p50_ns,p95_ns,p99_ns,load1_before,load1_after
k_pwrite,process,24,100,4,8,4,0,new_name,1546,bytes,624584,618400,33566752,12368,0,0,0,0,0,13049503,13169680,7960,10360,13020,3.630,3.630
stderr:

[2026-07-15T18:46:42.674973+00:00] e000346 /home/bob/src/mess/.maw/workspaces/bn-1zv6/spikes/pwritev_group/target/release/pwritev_group point-auto pwritev_full_8m process 24 100 4 4 new_name 0
stdout:
variant,mode,payload,events_per_batch,owner_units,physical_batches,writers,chain,unit_shape,iterations,stop_reason,events,domain_events,bytes,write_syscalls,short_writes,interrupted,max_iovecs,copied_bytes,barriers,cpu_ns,wall_ns,p50_ns,p95_ns,p99_ns,load1_before,load1_after
pwritev_full_8m,process,24,100,4,8,4,0,new_name,1546,bytes,624584,618400,33566752,1546,0,0,8,0,0,4869152,4929206,2970,3740,4580,3.420,3.420
stderr:

[2026-07-15T18:46:43.699547+00:00] e000347 /home/bob/src/mess/.maw/workspaces/bn-1zv6/spikes/pwritev_group/target/release/pwritev_group point-auto pwritev_full_8m process 24 100 4 4 new_name 0
stdout:
variant,mode,payload,events_per_batch,owner_units,physical_batches,writers,chain,unit_shape,iterations,stop_reason,events,domain_events,bytes,write_syscalls,short_writes,interrupted,max_iovecs,copied_bytes,barriers,cpu_ns,wall_ns,p50_ns,p95_ns,p99_ns,load1_before,load1_after
pwritev_full_8m,process,24,100,4,8,4,0,new_name,1546,bytes,624584,618400,33566752,1546,0,0,8,0,0,5222511,5291856,2970,4460,5010,3.420,3.420
stderr:

[2026-07-15T18:46:44.729034+00:00] e000348 /home/bob/src/mess/.maw/workspaces/bn-1zv6/spikes/pwritev_group/target/release/pwritev_group point-auto k_pwrite process 24 100 4 4 new_name 0
stdout:
variant,mode,payload,events_per_batch,owner_units,physical_batches,writers,chain,unit_shape,iterations,stop_reason,events,domain_events,bytes,write_syscalls,short_writes,interrupted,max_iovecs,copied_bytes,barriers,cpu_ns,wall_ns,p50_ns,p95_ns,p99_ns,load1_before,load1_after
k_pwrite,process,24,100,4,8,4,0,new_name,1546,bytes,624584,618400,33566752,12368,0,0,0,0,0,13862154,13974150,7880,9780,34890,3.420,3.420
stderr:

[2026-07-15T18:46:45.753533+00:00] e000349 /home/bob/src/mess/.maw/workspaces/bn-1zv6/spikes/pwritev_group/target/release/pwritev_group point-auto copy_contiguous process 24 100 4 4 new_name 0
stdout:
variant,mode,payload,events_per_batch,owner_units,physical_batches,writers,chain,unit_shape,iterations,stop_reason,events,domain_events,bytes,write_syscalls,short_writes,interrupted,max_iovecs,copied_bytes,barriers,cpu_ns,wall_ns,p50_ns,p95_ns,p99_ns,load1_before,load1_after
copy_contiguous,process,24,100,4,8,4,0,new_name,1546,bytes,624584,618400,33566752,1546,0,0,0,33566752,0,4857391,4886377,3030,3570,3930,3.420,3.420
stderr:

[2026-07-15T18:46:46.775208+00:00] e000350 /home/bob/src/mess/.maw/workspaces/bn-1zv6/spikes/pwritev_group/target/release/pwritev_group point-auto k_pwrite process 24 100 4 4 new_name 0
stdout:
variant,mode,payload,events_per_batch,owner_units,physical_batches,writers,chain,unit_shape,iterations,stop_reason,events,domain_events,bytes,write_syscalls,short_writes,interrupted,max_iovecs,copied_bytes,barriers,cpu_ns,wall_ns,p50_ns,p95_ns,p99_ns,load1_before,load1_after
k_pwrite,process,24,100,4,8,4,0,new_name,1546,bytes,624584,618400,33566752,12368,0,0,0,0,0,13126993,13242510,7910,10370,12770,3.420,3.420
stderr:

[2026-07-15T18:46:47.800627+00:00] e000351 /home/bob/src/mess/.maw/workspaces/bn-1zv6/spikes/pwritev_group/target/release/pwritev_group point-auto k_pwrite process 24 100 4 4 new_name 0
stdout:
variant,mode,payload,events_per_batch,owner_units,physical_batches,writers,chain,unit_shape,iterations,stop_reason,events,domain_events,bytes,write_syscalls,short_writes,interrupted,max_iovecs,copied_bytes,barriers,cpu_ns,wall_ns,p50_ns,p95_ns,p99_ns,load1_before,load1_after
k_pwrite,process,24,100,4,8,4,0,new_name,1546,bytes,624584,618400,33566752,12368,0,0,0,0,0,14867614,14995509,7970,11650,47700,3.550,3.550
stderr:

[2026-07-15T18:46:48.824667+00:00] e000352 /home/bob/src/mess/.maw/workspaces/bn-1zv6/spikes/pwritev_group/target/release/pwritev_group point-auto copy_contiguous process 24 100 4 4 new_name 0
stdout:
variant,mode,payload,events_per_batch,owner_units,physical_batches,writers,chain,unit_shape,iterations,stop_reason,events,domain_events,bytes,write_syscalls,short_writes,interrupted,max_iovecs,copied_bytes,barriers,cpu_ns,wall_ns,p50_ns,p95_ns,p99_ns,load1_before,load1_after
copy_contiguous,process,24,100,4,8,4,0,new_name,1546,bytes,624584,618400,33566752,1546,0,0,0,33566752,0,4829331,4865016,3030,3090,3740,3.550,3.550
stderr:

[2026-07-15T18:46:49.857666+00:00] e000353 /home/bob/src/mess/.maw/workspaces/bn-1zv6/spikes/pwritev_group/target/release/pwritev_group point-auto k_pwrite process 24 1000 2 2 domain 0
stdout:
variant,mode,payload,events_per_batch,owner_units,physical_batches,writers,chain,unit_shape,iterations,stop_reason,events,domain_events,bytes,write_syscalls,short_writes,interrupted,max_iovecs,copied_bytes,barriers,cpu_ns,wall_ns,p50_ns,p95_ns,p99_ns,load1_before,load1_after
k_pwrite,process,24,1000,2,2,2,0,domain,323,bytes,646000,646000,33648848,646,0,0,0,0,0,2539990,2560308,7310,12180,15230,3.550,3.550
stderr:

[2026-07-15T18:46:50.890214+00:00] e000354 /home/bob/src/mess/.maw/workspaces/bn-1zv6/spikes/pwritev_group/target/release/pwritev_group point-auto pwritev_full_8m process 24 1000 2 2 domain 0
stdout:
variant,mode,payload,events_per_batch,owner_units,physical_batches,writers,chain,unit_shape,iterations,stop_reason,events,domain_events,bytes,write_syscalls,short_writes,interrupted,max_iovecs,copied_bytes,barriers,cpu_ns,wall_ns,p50_ns,p95_ns,p99_ns,load1_before,load1_after
pwritev_full_8m,process,24,1000,2,2,2,0,domain,323,bytes,646000,646000,33648848,323,0,0,2,0,0,2082631,2101068,5890,9850,12760,3.550,3.550
stderr:

[2026-07-15T18:46:51.912239+00:00] e000355 /home/bob/src/mess/.maw/workspaces/bn-1zv6/spikes/pwritev_group/target/release/pwritev_group point-auto pwritev_full_8m process 24 1000 2 2 domain 0
stdout:
variant,mode,payload,events_per_batch,owner_units,physical_batches,writers,chain,unit_shape,iterations,stop_reason,events,domain_events,bytes,write_syscalls,short_writes,interrupted,max_iovecs,copied_bytes,barriers,cpu_ns,wall_ns,p50_ns,p95_ns,p99_ns,load1_before,load1_after
pwritev_full_8m,process,24,1000,2,2,2,0,domain,323,bytes,646000,646000,33648848,323,0,0,2,0,0,2212300,2233598,6130,10050,12790,3.420,3.420
stderr:

[2026-07-15T18:46:52.939849+00:00] e000356 /home/bob/src/mess/.maw/workspaces/bn-1zv6/spikes/pwritev_group/target/release/pwritev_group point-auto k_pwrite process 24 1000 2 2 domain 0
stdout:
variant,mode,payload,events_per_batch,owner_units,physical_batches,writers,chain,unit_shape,iterations,stop_reason,events,domain_events,bytes,write_syscalls,short_writes,interrupted,max_iovecs,copied_bytes,barriers,cpu_ns,wall_ns,p50_ns,p95_ns,p99_ns,load1_before,load1_after
k_pwrite,process,24,1000,2,2,2,0,domain,323,bytes,646000,646000,33648848,646,0,0,0,0,0,2401321,2433098,7160,8730,14750,3.420,3.420
stderr:

[2026-07-15T18:46:53.969526+00:00] e000357 /home/bob/src/mess/.maw/workspaces/bn-1zv6/spikes/pwritev_group/target/release/pwritev_group point-auto copy_contiguous process 24 1000 2 2 domain 0
stdout:
variant,mode,payload,events_per_batch,owner_units,physical_batches,writers,chain,unit_shape,iterations,stop_reason,events,domain_events,bytes,write_syscalls,short_writes,interrupted,max_iovecs,copied_bytes,barriers,cpu_ns,wall_ns,p50_ns,p95_ns,p99_ns,load1_before,load1_after
copy_contiguous,process,24,1000,2,2,2,0,domain,323,bytes,646000,646000,33648848,323,0,0,0,33648848,0,4900651,5265916,9150,17460,28290,3.420,3.420
stderr:

[2026-07-15T18:46:55.000259+00:00] e000358 /home/bob/src/mess/.maw/workspaces/bn-1zv6/spikes/pwritev_group/target/release/pwritev_group point-auto k_pwrite process 24 1000 2 2 domain 0
stdout:
variant,mode,payload,events_per_batch,owner_units,physical_batches,writers,chain,unit_shape,iterations,stop_reason,events,domain_events,bytes,write_syscalls,short_writes,interrupted,max_iovecs,copied_bytes,barriers,cpu_ns,wall_ns,p50_ns,p95_ns,p99_ns,load1_before,load1_after
k_pwrite,process,24,1000,2,2,2,0,domain,323,bytes,646000,646000,33648848,646,0,0,0,0,0,2429441,2445308,7210,9530,13580,3.420,3.420
stderr:

[2026-07-15T18:46:56.032932+00:00] e000359 /home/bob/src/mess/.maw/workspaces/bn-1zv6/spikes/pwritev_group/target/release/pwritev_group point-auto k_pwrite process 24 1000 2 2 domain 0
stdout:
variant,mode,payload,events_per_batch,owner_units,physical_batches,writers,chain,unit_shape,iterations,stop_reason,events,domain_events,bytes,write_syscalls,short_writes,interrupted,max_iovecs,copied_bytes,barriers,cpu_ns,wall_ns,p50_ns,p95_ns,p99_ns,load1_before,load1_after
k_pwrite,process,24,1000,2,2,2,0,domain,323,bytes,646000,646000,33648848,646,0,0,0,0,0,2834621,2859908,7820,12910,16210,3.420,3.420
stderr:

[2026-07-15T18:46:57.062163+00:00] e000360 /home/bob/src/mess/.maw/workspaces/bn-1zv6/spikes/pwritev_group/target/release/pwritev_group point-auto copy_contiguous process 24 1000 2 2 domain 0
stdout:
variant,mode,payload,events_per_batch,owner_units,physical_batches,writers,chain,unit_shape,iterations,stop_reason,events,domain_events,bytes,write_syscalls,short_writes,interrupted,max_iovecs,copied_bytes,barriers,cpu_ns,wall_ns,p50_ns,p95_ns,p99_ns,load1_before,load1_after
copy_contiguous,process,24,1000,2,2,2,0,domain,323,bytes,646000,646000,33648848,323,0,0,0,33648848,0,2504591,2540358,7440,8320,15600,3.550,3.550
stderr:

[2026-07-15T18:46:58.091504+00:00] e000361 /home/bob/src/mess/.maw/workspaces/bn-1zv6/spikes/pwritev_group/target/release/pwritev_group point-auto k_pwrite process 24 1000 2 2 new_name 0
stdout:
variant,mode,payload,events_per_batch,owner_units,physical_batches,writers,chain,unit_shape,iterations,stop_reason,events,domain_events,bytes,write_syscalls,short_writes,interrupted,max_iovecs,copied_bytes,barriers,cpu_ns,wall_ns,p50_ns,p95_ns,p99_ns,load1_before,load1_after
k_pwrite,process,24,1000,2,4,2,0,new_name,322,bytes,644644,644000,33634832,1288,0,0,0,0,0,2926360,2944728,8640,12210,17560,3.550,3.550
stderr:

[2026-07-15T18:46:59.123969+00:00] e000362 /home/bob/src/mess/.maw/workspaces/bn-1zv6/spikes/pwritev_group/target/release/pwritev_group point-auto pwritev_full_8m process 24 1000 2 2 new_name 0
stdout:
variant,mode,payload,events_per_batch,owner_units,physical_batches,writers,chain,unit_shape,iterations,stop_reason,events,domain_events,bytes,write_syscalls,short_writes,interrupted,max_iovecs,copied_bytes,barriers,cpu_ns,wall_ns,p50_ns,p95_ns,p99_ns,load1_before,load1_after
pwritev_full_8m,process,24,1000,2,4,2,0,new_name,322,bytes,644644,644000,33634832,322,0,0,4,0,0,3105251,3146377,9400,11450,16560,3.550,3.550
stderr:

[2026-07-15T18:47:00.146337+00:00] e000363 /home/bob/src/mess/.maw/workspaces/bn-1zv6/spikes/pwritev_group/target/release/pwritev_group point-auto pwritev_full_8m process 24 1000 2 2 new_name 0
stdout:
variant,mode,payload,events_per_batch,owner_units,physical_batches,writers,chain,unit_shape,iterations,stop_reason,events,domain_events,bytes,write_syscalls,short_writes,interrupted,max_iovecs,copied_bytes,barriers,cpu_ns,wall_ns,p50_ns,p95_ns,p99_ns,load1_before,load1_after
pwritev_full_8m,process,24,1000,2,4,2,0,new_name,322,bytes,644644,644000,33634832,322,0,0,4,0,0,2665770,2810278,6900,13550,22230,3.550,3.550
stderr:

[2026-07-15T18:47:01.174746+00:00] e000364 /home/bob/src/mess/.maw/workspaces/bn-1zv6/spikes/pwritev_group/target/release/pwritev_group point-auto k_pwrite process 24 1000 2 2 new_name 0
stdout:
variant,mode,payload,events_per_batch,owner_units,physical_batches,writers,chain,unit_shape,iterations,stop_reason,events,domain_events,bytes,write_syscalls,short_writes,interrupted,max_iovecs,copied_bytes,barriers,cpu_ns,wall_ns,p50_ns,p95_ns,p99_ns,load1_before,load1_after
k_pwrite,process,24,1000,2,4,2,0,new_name,322,bytes,644644,644000,33634832,1288,0,0,0,0,0,3040911,3060598,8710,15270,19430,3.550,3.550
stderr:

[2026-07-15T18:47:02.204929+00:00] e000365 /home/bob/src/mess/.maw/workspaces/bn-1zv6/spikes/pwritev_group/target/release/pwritev_group point-auto copy_contiguous process 24 1000 2 2 new_name 0
stdout:
variant,mode,payload,events_per_batch,owner_units,physical_batches,writers,chain,unit_shape,iterations,stop_reason,events,domain_events,bytes,write_syscalls,short_writes,interrupted,max_iovecs,copied_bytes,barriers,cpu_ns,wall_ns,p50_ns,p95_ns,p99_ns,load1_before,load1_after
copy_contiguous,process,24,1000,2,4,2,0,new_name,322,bytes,644644,644000,33634832,322,0,0,0,33634832,0,5217481,5598886,9230,15860,262520,3.430,3.430
stderr:

[2026-07-15T18:47:03.234692+00:00] e000366 /home/bob/src/mess/.maw/workspaces/bn-1zv6/spikes/pwritev_group/target/release/pwritev_group point-auto k_pwrite process 24 1000 2 2 new_name 0
stdout:
variant,mode,payload,events_per_batch,owner_units,physical_batches,writers,chain,unit_shape,iterations,stop_reason,events,domain_events,bytes,write_syscalls,short_writes,interrupted,max_iovecs,copied_bytes,barriers,cpu_ns,wall_ns,p50_ns,p95_ns,p99_ns,load1_before,load1_after
k_pwrite,process,24,1000,2,4,2,0,new_name,322,bytes,644644,644000,33634832,1288,0,0,0,0,0,2891290,2912438,8730,10120,14970,3.430,3.430
stderr:

[2026-07-15T18:47:04.264834+00:00] e000367 /home/bob/src/mess/.maw/workspaces/bn-1zv6/spikes/pwritev_group/target/release/pwritev_group point-auto k_pwrite process 24 1000 2 2 new_name 0
stdout:
variant,mode,payload,events_per_batch,owner_units,physical_batches,writers,chain,unit_shape,iterations,stop_reason,events,domain_events,bytes,write_syscalls,short_writes,interrupted,max_iovecs,copied_bytes,barriers,cpu_ns,wall_ns,p50_ns,p95_ns,p99_ns,load1_before,load1_after
k_pwrite,process,24,1000,2,4,2,0,new_name,322,bytes,644644,644000,33634832,1288,0,0,0,0,0,3142661,3163358,9070,14480,18350,3.430,3.430
stderr:

[2026-07-15T18:47:05.294542+00:00] e000368 /home/bob/src/mess/.maw/workspaces/bn-1zv6/spikes/pwritev_group/target/release/pwritev_group point-auto copy_contiguous process 24 1000 2 2 new_name 0
stdout:
variant,mode,payload,events_per_batch,owner_units,physical_batches,writers,chain,unit_shape,iterations,stop_reason,events,domain_events,bytes,write_syscalls,short_writes,interrupted,max_iovecs,copied_bytes,barriers,cpu_ns,wall_ns,p50_ns,p95_ns,p99_ns,load1_before,load1_after
copy_contiguous,process,24,1000,2,4,2,0,new_name,322,bytes,644644,644000,33634832,322,0,0,0,33634832,0,2622100,2654448,7630,11160,17740,3.430,3.430
stderr:

[2026-07-15T18:47:06.326172+00:00] e000369 /home/bob/src/mess/.maw/workspaces/bn-1zv6/spikes/pwritev_group/target/release/pwritev_group point-auto k_pwrite process 24 1000 4 4 domain 0
stdout:
variant,mode,payload,events_per_batch,owner_units,physical_batches,writers,chain,unit_shape,iterations,stop_reason,events,domain_events,bytes,write_syscalls,short_writes,interrupted,max_iovecs,copied_bytes,barriers,cpu_ns,wall_ns,p50_ns,p95_ns,p99_ns,load1_before,load1_after
k_pwrite,process,24,1000,4,4,4,0,domain,162,bytes,648000,648000,33753024,648,0,0,0,0,0,3348791,3382788,19810,27510,30870,3.430,3.430
stderr:

[2026-07-15T18:47:07.348325+00:00] e000370 /home/bob/src/mess/.maw/workspaces/bn-1zv6/spikes/pwritev_group/target/release/pwritev_group point-auto pwritev_full_8m process 24 1000 4 4 domain 0
stdout:
variant,mode,payload,events_per_batch,owner_units,physical_batches,writers,chain,unit_shape,iterations,stop_reason,events,domain_events,bytes,write_syscalls,short_writes,interrupted,max_iovecs,copied_bytes,barriers,cpu_ns,wall_ns,p50_ns,p95_ns,p99_ns,load1_before,load1_after
pwritev_full_8m,process,24,1000,4,4,4,0,domain,162,bytes,648000,648000,33753024,162,0,0,4,0,0,2434250,2460648,14200,20590,26440,3.230,3.230
stderr:

[2026-07-15T18:47:08.377537+00:00] e000371 /home/bob/src/mess/.maw/workspaces/bn-1zv6/spikes/pwritev_group/target/release/pwritev_group point-auto pwritev_full_8m process 24 1000 4 4 domain 0
stdout:
variant,mode,payload,events_per_batch,owner_units,physical_batches,writers,chain,unit_shape,iterations,stop_reason,events,domain_events,bytes,write_syscalls,short_writes,interrupted,max_iovecs,copied_bytes,barriers,cpu_ns,wall_ns,p50_ns,p95_ns,p99_ns,load1_before,load1_after
pwritev_full_8m,process,24,1000,4,4,4,0,domain,162,bytes,648000,648000,33753024,162,0,0,4,0,0,2562220,2602548,14410,25420,27880,3.230,3.230
stderr:

[2026-07-15T18:47:09.405645+00:00] e000372 /home/bob/src/mess/.maw/workspaces/bn-1zv6/spikes/pwritev_group/target/release/pwritev_group point-auto k_pwrite process 24 1000 4 4 domain 0
stdout:
variant,mode,payload,events_per_batch,owner_units,physical_batches,writers,chain,unit_shape,iterations,stop_reason,events,domain_events,bytes,write_syscalls,short_writes,interrupted,max_iovecs,copied_bytes,barriers,cpu_ns,wall_ns,p50_ns,p95_ns,p99_ns,load1_before,load1_after
k_pwrite,process,24,1000,4,4,4,0,domain,162,bytes,648000,648000,33753024,648,0,0,0,0,0,5219501,5448936,27420,35190,203169,3.230,3.230
stderr:

[2026-07-15T18:47:10.438291+00:00] e000373 /home/bob/src/mess/.maw/workspaces/bn-1zv6/spikes/pwritev_group/target/release/pwritev_group point-auto copy_contiguous process 24 1000 4 4 domain 0
stdout:
variant,mode,payload,events_per_batch,owner_units,physical_batches,writers,chain,unit_shape,iterations,stop_reason,events,domain_events,bytes,write_syscalls,short_writes,interrupted,max_iovecs,copied_bytes,barriers,cpu_ns,wall_ns,p50_ns,p95_ns,p99_ns,load1_before,load1_after
copy_contiguous,process,24,1000,4,4,4,0,domain,162,bytes,648000,648000,33753024,162,0,0,0,33753024,0,7522122,7948934,29220,37940,45360,3.230,3.230
stderr:

[2026-07-15T18:47:11.471071+00:00] e000374 /home/bob/src/mess/.maw/workspaces/bn-1zv6/spikes/pwritev_group/target/release/pwritev_group point-auto k_pwrite process 24 1000 4 4 domain 0
stdout:
variant,mode,payload,events_per_batch,owner_units,physical_batches,writers,chain,unit_shape,iterations,stop_reason,events,domain_events,bytes,write_syscalls,short_writes,interrupted,max_iovecs,copied_bytes,barriers,cpu_ns,wall_ns,p50_ns,p95_ns,p99_ns,load1_before,load1_after
k_pwrite,process,24,1000,4,4,4,0,domain,162,bytes,648000,648000,33753024,648,0,0,0,0,0,7360842,7417755,22130,36680,328120,3.230,3.230
stderr:

[2026-07-15T18:47:12.496320+00:00] e000375 /home/bob/src/mess/.maw/workspaces/bn-1zv6/spikes/pwritev_group/target/release/pwritev_group point-auto k_pwrite process 24 1000 4 4 domain 0
stdout:
variant,mode,payload,events_per_batch,owner_units,physical_batches,writers,chain,unit_shape,iterations,stop_reason,events,domain_events,bytes,write_syscalls,short_writes,interrupted,max_iovecs,copied_bytes,barriers,cpu_ns,wall_ns,p50_ns,p95_ns,p99_ns,load1_before,load1_after
k_pwrite,process,24,1000,4,4,4,0,domain,162,bytes,648000,648000,33753024,648,0,0,0,0,0,3469271,3530557,20930,26770,38170,3.130,3.130
stderr:

[2026-07-15T18:47:13.527714+00:00] e000376 /home/bob/src/mess/.maw/workspaces/bn-1zv6/spikes/pwritev_group/target/release/pwritev_group point-auto copy_contiguous process 24 1000 4 4 domain 0
stdout:
variant,mode,payload,events_per_batch,owner_units,physical_batches,writers,chain,unit_shape,iterations,stop_reason,events,domain_events,bytes,write_syscalls,short_writes,interrupted,max_iovecs,copied_bytes,barriers,cpu_ns,wall_ns,p50_ns,p95_ns,p99_ns,load1_before,load1_after
copy_contiguous,process,24,1000,4,4,4,0,domain,162,bytes,648000,648000,33753024,162,0,0,0,33753024,0,4879561,4914036,29330,36460,40400,3.130,3.130
stderr:

[2026-07-15T18:47:14.559795+00:00] e000377 /home/bob/src/mess/.maw/workspaces/bn-1zv6/spikes/pwritev_group/target/release/pwritev_group point-auto k_pwrite process 24 1000 4 4 new_name 0
stdout:
variant,mode,payload,events_per_batch,owner_units,physical_batches,writers,chain,unit_shape,iterations,stop_reason,events,domain_events,bytes,write_syscalls,short_writes,interrupted,max_iovecs,copied_bytes,barriers,cpu_ns,wall_ns,p50_ns,p95_ns,p99_ns,load1_before,load1_after
k_pwrite,process,24,1000,4,8,4,0,new_name,161,bytes,644644,644000,33634832,1288,0,0,0,0,0,3813751,3922327,22870,30230,33930,3.130,3.130
stderr:

[2026-07-15T18:47:15.581055+00:00] e000378 /home/bob/src/mess/.maw/workspaces/bn-1zv6/spikes/pwritev_group/target/release/pwritev_group point-auto pwritev_full_8m process 24 1000 4 4 new_name 0
stdout:
variant,mode,payload,events_per_batch,owner_units,physical_batches,writers,chain,unit_shape,iterations,stop_reason,events,domain_events,bytes,write_syscalls,short_writes,interrupted,max_iovecs,copied_bytes,barriers,cpu_ns,wall_ns,p50_ns,p95_ns,p99_ns,load1_before,load1_after
pwritev_full_8m,process,24,1000,4,8,4,0,new_name,161,bytes,644644,644000,33634832,161,0,0,8,0,0,2515831,2540658,14770,22060,24900,3.130,3.130
stderr:

[2026-07-15T18:47:16.609323+00:00] e000379 /home/bob/src/mess/.maw/workspaces/bn-1zv6/spikes/pwritev_group/target/release/pwritev_group point-auto pwritev_full_8m process 24 1000 4 4 new_name 0
stdout:
variant,mode,payload,events_per_batch,owner_units,physical_batches,writers,chain,unit_shape,iterations,stop_reason,events,domain_events,bytes,write_syscalls,short_writes,interrupted,max_iovecs,copied_bytes,barriers,cpu_ns,wall_ns,p50_ns,p95_ns,p99_ns,load1_before,load1_after
pwritev_full_8m,process,24,1000,4,8,4,0,new_name,161,bytes,644644,644000,33634832,161,0,0,8,0,0,2483420,2501508,14270,23540,25990,3.130,3.130
stderr:

[2026-07-15T18:47:17.637113+00:00] e000380 /home/bob/src/mess/.maw/workspaces/bn-1zv6/spikes/pwritev_group/target/release/pwritev_group point-auto k_pwrite process 24 1000 4 4 new_name 0
stdout:
variant,mode,payload,events_per_batch,owner_units,physical_batches,writers,chain,unit_shape,iterations,stop_reason,events,domain_events,bytes,write_syscalls,short_writes,interrupted,max_iovecs,copied_bytes,barriers,cpu_ns,wall_ns,p50_ns,p95_ns,p99_ns,load1_before,load1_after
k_pwrite,process,24,1000,4,8,4,0,new_name,161,bytes,644644,644000,33634832,1288,0,0,0,0,0,4007150,4312027,23840,39670,46550,3.280,3.280
stderr:

[2026-07-15T18:47:18.667220+00:00] e000381 /home/bob/src/mess/.maw/workspaces/bn-1zv6/spikes/pwritev_group/target/release/pwritev_group point-auto copy_contiguous process 24 1000 4 4 new_name 0
stdout:
variant,mode,payload,events_per_batch,owner_units,physical_batches,writers,chain,unit_shape,iterations,stop_reason,events,domain_events,bytes,write_syscalls,short_writes,interrupted,max_iovecs,copied_bytes,barriers,cpu_ns,wall_ns,p50_ns,p95_ns,p99_ns,load1_before,load1_after
copy_contiguous,process,24,1000,4,8,4,0,new_name,161,bytes,644644,644000,33634832,161,0,0,0,33634832,0,7672592,7743754,30170,48390,605520,3.280,3.280
stderr:

[2026-07-15T18:47:19.699147+00:00] e000382 /home/bob/src/mess/.maw/workspaces/bn-1zv6/spikes/pwritev_group/target/release/pwritev_group point-auto k_pwrite process 24 1000 4 4 new_name 0
stdout:
variant,mode,payload,events_per_batch,owner_units,physical_batches,writers,chain,unit_shape,iterations,stop_reason,events,domain_events,bytes,write_syscalls,short_writes,interrupted,max_iovecs,copied_bytes,barriers,cpu_ns,wall_ns,p50_ns,p95_ns,p99_ns,load1_before,load1_after
k_pwrite,process,24,1000,4,8,4,0,new_name,161,bytes,644644,644000,33634832,1288,0,0,0,0,0,3995391,4038647,23450,32000,43800,3.280,3.280
stderr:

[2026-07-15T18:47:20.729362+00:00] e000383 /home/bob/src/mess/.maw/workspaces/bn-1zv6/spikes/pwritev_group/target/release/pwritev_group point-auto k_pwrite process 24 1000 4 4 new_name 0
stdout:
variant,mode,payload,events_per_batch,owner_units,physical_batches,writers,chain,unit_shape,iterations,stop_reason,events,domain_events,bytes,write_syscalls,short_writes,interrupted,max_iovecs,copied_bytes,barriers,cpu_ns,wall_ns,p50_ns,p95_ns,p99_ns,load1_before,load1_after
k_pwrite,process,24,1000,4,8,4,0,new_name,161,bytes,644644,644000,33634832,1288,0,0,0,0,0,3939611,3980617,23480,32100,35660,3.280,3.280
stderr:

[2026-07-15T18:47:21.762579+00:00] e000384 /home/bob/src/mess/.maw/workspaces/bn-1zv6/spikes/pwritev_group/target/release/pwritev_group point-auto copy_contiguous process 24 1000 4 4 new_name 0
stdout:
variant,mode,payload,events_per_batch,owner_units,physical_batches,writers,chain,unit_shape,iterations,stop_reason,events,domain_events,bytes,write_syscalls,short_writes,interrupted,max_iovecs,copied_bytes,barriers,cpu_ns,wall_ns,p50_ns,p95_ns,p99_ns,load1_before,load1_after
copy_contiguous,process,24,1000,4,8,4,0,new_name,161,bytes,644644,644000,33634832,161,0,0,0,33634832,0,5097360,5202476,30450,44460,54570,3.280,3.280
stderr:

[2026-07-15T18:47:22.793823+00:00] e000385 /home/bob/src/mess/.maw/workspaces/bn-1zv6/spikes/pwritev_group/target/release/pwritev_group point-auto k_pwrite process 250 1 2 2 domain 0
stdout:
variant,mode,payload,events_per_batch,owner_units,physical_batches,writers,chain,unit_shape,iterations,stop_reason,events,domain_events,bytes,write_syscalls,short_writes,interrupted,max_iovecs,copied_bytes,barriers,cpu_ns,wall_ns,p50_ns,p95_ns,p99_ns,load1_before,load1_after
k_pwrite,process,250,1,2,2,2,0,domain,45840,bytes,91680,91680,33554880,91680,0,0,0,0,0,75378869,75929864,1490,1750,2090,3.340,3.340
stderr:

[2026-07-15T18:47:23.818601+00:00] e000386 /home/bob/src/mess/.maw/workspaces/bn-1zv6/spikes/pwritev_group/target/release/pwritev_group point-auto pwritev_full_8m process 250 1 2 2 domain 0
stdout:
variant,mode,payload,events_per_batch,owner_units,physical_batches,writers,chain,unit_shape,iterations,stop_reason,events,domain_events,bytes,write_syscalls,short_writes,interrupted,max_iovecs,copied_bytes,barriers,cpu_ns,wall_ns,p50_ns,p95_ns,p99_ns,load1_before,load1_after
pwritev_full_8m,process,250,1,2,2,2,0,domain,45840,bytes,91680,91680,33554880,45840,0,0,2,0,0,46165122,46524936,900,1110,1210,3.340,3.340
stderr:

[2026-07-15T18:47:24.846308+00:00] e000387 /home/bob/src/mess/.maw/workspaces/bn-1zv6/spikes/pwritev_group/target/release/pwritev_group point-auto pwritev_full_8m process 250 1 2 2 domain 0
stdout:
variant,mode,payload,events_per_batch,owner_units,physical_batches,writers,chain,unit_shape,iterations,stop_reason,events,domain_events,bytes,write_syscalls,short_writes,interrupted,max_iovecs,copied_bytes,barriers,cpu_ns,wall_ns,p50_ns,p95_ns,p99_ns,load1_before,load1_after
pwritev_full_8m,process,250,1,2,2,2,0,domain,45840,bytes,91680,91680,33554880,45840,0,0,2,0,0,46787092,47122816,910,1090,1180,3.340,3.340
stderr:

[2026-07-15T18:47:25.874797+00:00] e000388 /home/bob/src/mess/.maw/workspaces/bn-1zv6/spikes/pwritev_group/target/release/pwritev_group point-auto k_pwrite process 250 1 2 2 domain 0
stdout:
variant,mode,payload,events_per_batch,owner_units,physical_batches,writers,chain,unit_shape,iterations,stop_reason,events,domain_events,bytes,write_syscalls,short_writes,interrupted,max_iovecs,copied_bytes,barriers,cpu_ns,wall_ns,p50_ns,p95_ns,p99_ns,load1_before,load1_after
k_pwrite,process,250,1,2,2,2,0,domain,45840,bytes,91680,91680,33554880,91680,0,0,0,0,0,75169519,75796834,1480,1780,3280,3.340,3.340
stderr:

[2026-07-15T18:47:26.904214+00:00] e000389 /home/bob/src/mess/.maw/workspaces/bn-1zv6/spikes/pwritev_group/target/release/pwritev_group point-auto copy_contiguous process 250 1 2 2 domain 0
stdout:
variant,mode,payload,events_per_batch,owner_units,physical_batches,writers,chain,unit_shape,iterations,stop_reason,events,domain_events,bytes,write_syscalls,short_writes,interrupted,max_iovecs,copied_bytes,barriers,cpu_ns,wall_ns,p50_ns,p95_ns,p99_ns,load1_before,load1_after
copy_contiguous,process,250,1,2,2,2,0,domain,45840,bytes,91680,91680,33554880,45840,0,0,0,33554880,0,41774491,42154349,810,1000,1090,3.230,3.230
stderr:

[2026-07-15T18:47:27.929298+00:00] e000390 /home/bob/src/mess/.maw/workspaces/bn-1zv6/spikes/pwritev_group/target/release/pwritev_group point-auto k_pwrite process 250 1 2 2 domain 0
stdout:
variant,mode,payload,events_per_batch,owner_units,physical_batches,writers,chain,unit_shape,iterations,stop_reason,events,domain_events,bytes,write_syscalls,short_writes,interrupted,max_iovecs,copied_bytes,barriers,cpu_ns,wall_ns,p50_ns,p95_ns,p99_ns,load1_before,load1_after
k_pwrite,process,250,1,2,2,2,0,domain,45840,bytes,91680,91680,33554880,91680,0,0,0,0,0,73931259,74496276,1490,1810,1900,3.230,3.230
stderr:

[2026-07-15T18:47:28.951471+00:00] e000391 /home/bob/src/mess/.maw/workspaces/bn-1zv6/spikes/pwritev_group/target/release/pwritev_group point-auto k_pwrite process 250 1 2 2 domain 0
stdout:
variant,mode,payload,events_per_batch,owner_units,physical_batches,writers,chain,unit_shape,iterations,stop_reason,events,domain_events,bytes,write_syscalls,short_writes,interrupted,max_iovecs,copied_bytes,barriers,cpu_ns,wall_ns,p50_ns,p95_ns,p99_ns,load1_before,load1_after
k_pwrite,process,250,1,2,2,2,0,domain,45840,bytes,91680,91680,33554880,91680,0,0,0,0,0,74140769,75033775,1490,1830,1910,3.230,3.230
stderr:

[2026-07-15T18:47:29.980004+00:00] e000392 /home/bob/src/mess/.maw/workspaces/bn-1zv6/spikes/pwritev_group/target/release/pwritev_group point-auto copy_contiguous process 250 1 2 2 domain 0
stdout:
variant,mode,payload,events_per_batch,owner_units,physical_batches,writers,chain,unit_shape,iterations,stop_reason,events,domain_events,bytes,write_syscalls,short_writes,interrupted,max_iovecs,copied_bytes,barriers,cpu_ns,wall_ns,p50_ns,p95_ns,p99_ns,load1_before,load1_after
copy_contiguous,process,250,1,2,2,2,0,domain,45840,bytes,91680,91680,33554880,45840,0,0,0,33554880,0,43312611,43671148,820,1050,1100,3.230,3.230
stderr:

[2026-07-15T18:47:31.008336+00:00] e000393 /home/bob/src/mess/.maw/workspaces/bn-1zv6/spikes/pwritev_group/target/release/pwritev_group point-auto k_pwrite process 250 1 2 2 new_name 0
stdout:
variant,mode,payload,events_per_batch,owner_units,physical_batches,writers,chain,unit_shape,iterations,stop_reason,events,domain_events,bytes,write_syscalls,short_writes,interrupted,max_iovecs,copied_bytes,barriers,cpu_ns,wall_ns,p50_ns,p95_ns,p99_ns,load1_before,load1_after
k_pwrite,process,250,1,2,4,2,0,new_name,33157,bytes,132628,66314,33554884,132628,0,0,0,0,0,106261976,107293922,2900,3660,8620,3.230,3.230
stderr:

[2026-07-15T18:47:32.039061+00:00] e000394 /home/bob/src/mess/.maw/workspaces/bn-1zv6/spikes/pwritev_group/target/release/pwritev_group point-auto pwritev_full_8m process 250 1 2 2 new_name 0
stdout:
variant,mode,payload,events_per_batch,owner_units,physical_batches,writers,chain,unit_shape,iterations,stop_reason,events,domain_events,bytes,write_syscalls,short_writes,interrupted,max_iovecs,copied_bytes,barriers,cpu_ns,wall_ns,p50_ns,p95_ns,p99_ns,load1_before,load1_after
pwritev_full_8m,process,250,1,2,4,2,0,new_name,33157,bytes,132628,66314,33554884,33157,0,0,4,0,0,36179608,38691152,990,1220,1320,3.210,3.210
stderr:

[2026-07-15T18:47:33.063092+00:00] e000395 /home/bob/src/mess/.maw/workspaces/bn-1zv6/spikes/pwritev_group/target/release/pwritev_group point-auto pwritev_full_8m process 250 1 2 2 new_name 0
stdout:
variant,mode,payload,events_per_batch,owner_units,physical_batches,writers,chain,unit_shape,iterations,stop_reason,events,domain_events,bytes,write_syscalls,short_writes,interrupted,max_iovecs,copied_bytes,barriers,cpu_ns,wall_ns,p50_ns,p95_ns,p99_ns,load1_before,load1_after
pwritev_full_8m,process,250,1,2,4,2,0,new_name,33157,bytes,132628,66314,33554884,33157,0,0,4,0,0,36534310,36781433,980,1260,1340,3.210,3.210
stderr:

[2026-07-15T18:47:34.092455+00:00] e000396 /home/bob/src/mess/.maw/workspaces/bn-1zv6/spikes/pwritev_group/target/release/pwritev_group point-auto k_pwrite process 250 1 2 2 new_name 0
stdout:
variant,mode,payload,events_per_batch,owner_units,physical_batches,writers,chain,unit_shape,iterations,stop_reason,events,domain_events,bytes,write_syscalls,short_writes,interrupted,max_iovecs,copied_bytes,barriers,cpu_ns,wall_ns,p50_ns,p95_ns,p99_ns,load1_before,load1_after
k_pwrite,process,250,1,2,4,2,0,new_name,33157,bytes,132628,66314,33554884,132628,0,0,0,0,0,101572346,102411565,2930,3550,3810,3.210,3.210
stderr:

[2026-07-15T18:47:35.123840+00:00] e000397 /home/bob/src/mess/.maw/workspaces/bn-1zv6/spikes/pwritev_group/target/release/pwritev_group point-auto copy_contiguous process 250 1 2 2 new_name 0
stdout:
variant,mode,payload,events_per_batch,owner_units,physical_batches,writers,chain,unit_shape,iterations,stop_reason,events,domain_events,bytes,write_syscalls,short_writes,interrupted,max_iovecs,copied_bytes,barriers,cpu_ns,wall_ns,p50_ns,p95_ns,p99_ns,load1_before,load1_after
copy_contiguous,process,250,1,2,4,2,0,new_name,33157,bytes,132628,66314,33554884,33157,0,0,0,33554884,0,31342368,31589317,840,1060,1120,3.210,3.210
stderr:

[2026-07-15T18:47:36.155161+00:00] e000398 /home/bob/src/mess/.maw/workspaces/bn-1zv6/spikes/pwritev_group/target/release/pwritev_group point-auto k_pwrite process 250 1 2 2 new_name 0
stdout:
variant,mode,payload,events_per_batch,owner_units,physical_batches,writers,chain,unit_shape,iterations,stop_reason,events,domain_events,bytes,write_syscalls,short_writes,interrupted,max_iovecs,copied_bytes,barriers,cpu_ns,wall_ns,p50_ns,p95_ns,p99_ns,load1_before,load1_after
k_pwrite,process,250,1,2,4,2,0,new_name,33157,bytes,132628,66314,33554884,132628,0,0,0,0,0,103561036,104497154,2930,3540,3960,3.210,3.210
stderr:

[2026-07-15T18:47:37.183727+00:00] e000399 /home/bob/src/mess/.maw/workspaces/bn-1zv6/spikes/pwritev_group/target/release/pwritev_group point-auto k_pwrite process 250 1 2 2 new_name 0
stdout:
variant,mode,payload,events_per_batch,owner_units,physical_batches,writers,chain,unit_shape,iterations,stop_reason,events,domain_events,bytes,write_syscalls,short_writes,interrupted,max_iovecs,copied_bytes,barriers,cpu_ns,wall_ns,p50_ns,p95_ns,p99_ns,load1_before,load1_after
k_pwrite,process,250,1,2,4,2,0,new_name,33157,bytes,132628,66314,33554884,132628,0,0,0,0,0,103016246,104103434,2920,3510,4720,3.360,3.360
stderr:

[2026-07-15T18:47:38.211441+00:00] e000400 /home/bob/src/mess/.maw/workspaces/bn-1zv6/spikes/pwritev_group/target/release/pwritev_group point-auto copy_contiguous process 250 1 2 2 new_name 0
stdout:
variant,mode,payload,events_per_batch,owner_units,physical_batches,writers,chain,unit_shape,iterations,stop_reason,events,domain_events,bytes,write_syscalls,short_writes,interrupted,max_iovecs,copied_bytes,barriers,cpu_ns,wall_ns,p50_ns,p95_ns,p99_ns,load1_before,load1_after
copy_contiguous,process,250,1,2,4,2,0,new_name,33157,bytes,132628,66314,33554884,33157,0,0,0,33554884,0,32684258,32987096,830,990,1100,3.360,3.360
stderr:

[2026-07-15T18:47:39.240331+00:00] e000401 /home/bob/src/mess/.maw/workspaces/bn-1zv6/spikes/pwritev_group/target/release/pwritev_group point-auto k_pwrite process 250 1 4 4 domain 0
stdout:
variant,mode,payload,events_per_batch,owner_units,physical_batches,writers,chain,unit_shape,iterations,stop_reason,events,domain_events,bytes,write_syscalls,short_writes,interrupted,max_iovecs,copied_bytes,barriers,cpu_ns,wall_ns,p50_ns,p95_ns,p99_ns,load1_before,load1_after
k_pwrite,process,250,1,4,4,4,0,domain,22920,bytes,91680,91680,33554880,91680,0,0,0,0,0,72838948,73815117,2930,3740,4180,3.360,3.360
stderr:

[2026-07-15T18:47:40.264733+00:00] e000402 /home/bob/src/mess/.maw/workspaces/bn-1zv6/spikes/pwritev_group/target/release/pwritev_group point-auto pwritev_full_8m process 250 1 4 4 domain 0
stdout:
variant,mode,payload,events_per_batch,owner_units,physical_batches,writers,chain,unit_shape,iterations,stop_reason,events,domain_events,bytes,write_syscalls,short_writes,interrupted,max_iovecs,copied_bytes,barriers,cpu_ns,wall_ns,p50_ns,p95_ns,p99_ns,load1_before,load1_after
pwritev_full_8m,process,250,1,4,4,4,0,domain,22920,bytes,91680,91680,33554880,22920,0,0,4,0,0,25286366,25527511,1000,1220,1260,3.360,3.360
stderr:

[2026-07-15T18:47:41.288293+00:00] e000403 /home/bob/src/mess/.maw/workspaces/bn-1zv6/spikes/pwritev_group/target/release/pwritev_group point-auto pwritev_full_8m process 250 1 4 4 domain 0
stdout:
variant,mode,payload,events_per_batch,owner_units,physical_batches,writers,chain,unit_shape,iterations,stop_reason,events,domain_events,bytes,write_syscalls,short_writes,interrupted,max_iovecs,copied_bytes,barriers,cpu_ns,wall_ns,p50_ns,p95_ns,p99_ns,load1_before,load1_after
pwritev_full_8m,process,250,1,4,4,4,0,domain,22920,bytes,91680,91680,33554880,22920,0,0,4,0,0,26068817,26410361,1000,1210,1720,3.360,3.360
stderr:

[2026-07-15T18:47:42.309787+00:00] e000404 /home/bob/src/mess/.maw/workspaces/bn-1zv6/spikes/pwritev_group/target/release/pwritev_group point-auto k_pwrite process 250 1 4 4 domain 0
stdout:
variant,mode,payload,events_per_batch,owner_units,physical_batches,writers,chain,unit_shape,iterations,stop_reason,events,domain_events,bytes,write_syscalls,short_writes,interrupted,max_iovecs,copied_bytes,barriers,cpu_ns,wall_ns,p50_ns,p95_ns,p99_ns,load1_before,load1_after
k_pwrite,process,250,1,4,4,4,0,domain,22920,bytes,91680,91680,33554880,91680,0,0,0,0,0,71808247,74759115,2910,3670,3860,4.690,4.690
stderr:

[2026-07-15T18:47:43.333013+00:00] e000405 /home/bob/src/mess/.maw/workspaces/bn-1zv6/spikes/pwritev_group/target/release/pwritev_group point-auto copy_contiguous process 250 1 4 4 domain 0
stdout:
variant,mode,payload,events_per_batch,owner_units,physical_batches,writers,chain,unit_shape,iterations,stop_reason,events,domain_events,bytes,write_syscalls,short_writes,interrupted,max_iovecs,copied_bytes,barriers,cpu_ns,wall_ns,p50_ns,p95_ns,p99_ns,load1_before,load1_after
copy_contiguous,process,250,1,4,4,4,0,domain,22920,bytes,91680,91680,33554880,22920,0,0,0,33554880,0,21693505,21870164,830,1030,1130,4.690,4.690
stderr:

[2026-07-15T18:47:44.356713+00:00] e000406 /home/bob/src/mess/.maw/workspaces/bn-1zv6/spikes/pwritev_group/target/release/pwritev_group point-auto k_pwrite process 250 1 4 4 domain 0
stdout:
variant,mode,payload,events_per_batch,owner_units,physical_batches,writers,chain,unit_shape,iterations,stop_reason,events,domain_events,bytes,write_syscalls,short_writes,interrupted,max_iovecs,copied_bytes,barriers,cpu_ns,wall_ns,p50_ns,p95_ns,p99_ns,load1_before,load1_after
k_pwrite,process,250,1,4,4,4,0,domain,22920,bytes,91680,91680,33554880,91680,0,0,0,0,0,71367468,72041037,2950,3550,3880,4.690,4.690
stderr:

[2026-07-15T18:47:45.385097+00:00] e000407 /home/bob/src/mess/.maw/workspaces/bn-1zv6/spikes/pwritev_group/target/release/pwritev_group point-auto k_pwrite process 250 1 4 4 domain 0
stdout:
variant,mode,payload,events_per_batch,owner_units,physical_batches,writers,chain,unit_shape,iterations,stop_reason,events,domain_events,bytes,write_syscalls,short_writes,interrupted,max_iovecs,copied_bytes,barriers,cpu_ns,wall_ns,p50_ns,p95_ns,p99_ns,load1_before,load1_after
k_pwrite,process,250,1,4,4,4,0,domain,22920,bytes,91680,91680,33554880,91680,0,0,0,0,0,71180828,72116188,2920,3500,4200,4.690,4.690
stderr:

[2026-07-15T18:47:46.414735+00:00] e000408 /home/bob/src/mess/.maw/workspaces/bn-1zv6/spikes/pwritev_group/target/release/pwritev_group point-auto copy_contiguous process 250 1 4 4 domain 0
stdout:
variant,mode,payload,events_per_batch,owner_units,physical_batches,writers,chain,unit_shape,iterations,stop_reason,events,domain_events,bytes,write_syscalls,short_writes,interrupted,max_iovecs,copied_bytes,barriers,cpu_ns,wall_ns,p50_ns,p95_ns,p99_ns,load1_before,load1_after
copy_contiguous,process,250,1,4,4,4,0,domain,22920,bytes,91680,91680,33554880,22920,0,0,0,33554880,0,21111585,21303845,830,1020,1100,4.690,4.690
stderr:

[2026-07-15T18:49:07.440981+00:00] e000409 /home/bob/src/mess/.maw/workspaces/bn-1zv6/spikes/pwritev_group/target/release/pwritev_group point-auto k_pwrite process 250 1 4 4 new_name 0
stdout:
variant,mode,payload,events_per_batch,owner_units,physical_batches,writers,chain,unit_shape,iterations,stop_reason,events,domain_events,bytes,write_syscalls,short_writes,interrupted,max_iovecs,copied_bytes,barriers,cpu_ns,wall_ns,p50_ns,p95_ns,p99_ns,load1_before,load1_after
k_pwrite,process,250,1,4,8,4,0,new_name,16579,bytes,132632,66316,33555896,132632,0,0,0,0,0,101865325,104009285,5780,6890,12290,5.670,5.670
stderr:

[2026-07-15T18:49:08.470765+00:00] e000410 /home/bob/src/mess/.maw/workspaces/bn-1zv6/spikes/pwritev_group/target/release/pwritev_group point-auto pwritev_full_8m process 250 1 4 4 new_name 0
stdout:
variant,mode,payload,events_per_batch,owner_units,physical_batches,writers,chain,unit_shape,iterations,stop_reason,events,domain_events,bytes,write_syscalls,short_writes,interrupted,max_iovecs,copied_bytes,barriers,cpu_ns,wall_ns,p50_ns,p95_ns,p99_ns,load1_before,load1_after
pwritev_full_8m,process,250,1,4,8,4,0,new_name,16579,bytes,132632,66316,33555896,16579,0,0,8,0,0,21428655,21616364,1150,1420,1490,5.670,5.670
stderr:

[2026-07-15T18:49:09.495149+00:00] e000411 /home/bob/src/mess/.maw/workspaces/bn-1zv6/spikes/pwritev_group/target/release/pwritev_group point-auto pwritev_full_8m process 250 1 4 4 new_name 0
stdout:
variant,mode,payload,events_per_batch,owner_units,physical_batches,writers,chain,unit_shape,iterations,stop_reason,events,domain_events,bytes,write_syscalls,short_writes,interrupted,max_iovecs,copied_bytes,barriers,cpu_ns,wall_ns,p50_ns,p95_ns,p99_ns,load1_before,load1_after
pwritev_full_8m,process,250,1,4,8,4,0,new_name,16579,bytes,132632,66316,33555896,16579,0,0,8,0,0,21362466,21588124,1160,1460,1570,5.670,5.670
stderr:

[2026-07-15T18:49:10.525166+00:00] e000412 /home/bob/src/mess/.maw/workspaces/bn-1zv6/spikes/pwritev_group/target/release/pwritev_group point-auto k_pwrite process 250 1 4 4 new_name 0
stdout:
variant,mode,payload,events_per_batch,owner_units,physical_batches,writers,chain,unit_shape,iterations,stop_reason,events,domain_events,bytes,write_syscalls,short_writes,interrupted,max_iovecs,copied_bytes,barriers,cpu_ns,wall_ns,p50_ns,p95_ns,p99_ns,load1_before,load1_after
k_pwrite,process,250,1,4,8,4,0,new_name,16579,bytes,132632,66316,33555896,132632,0,0,0,0,0,100661796,101453807,5760,7030,10420,5.670,5.670
stderr:

[2026-07-15T18:49:11.548503+00:00] e000413 /home/bob/src/mess/.maw/workspaces/bn-1zv6/spikes/pwritev_group/target/release/pwritev_group point-auto copy_contiguous process 250 1 4 4 new_name 0
stdout:
variant,mode,payload,events_per_batch,owner_units,physical_batches,writers,chain,unit_shape,iterations,stop_reason,events,domain_events,bytes,write_syscalls,short_writes,interrupted,max_iovecs,copied_bytes,barriers,cpu_ns,wall_ns,p50_ns,p95_ns,p99_ns,load1_before,load1_after
copy_contiguous,process,250,1,4,8,4,0,new_name,16579,bytes,132632,66316,33555896,16579,0,0,0,33555896,0,15645693,15769619,870,890,1090,5.670,5.670
stderr:

[2026-07-15T18:49:12.573044+00:00] e000414 /home/bob/src/mess/.maw/workspaces/bn-1zv6/spikes/pwritev_group/target/release/pwritev_group point-auto k_pwrite process 250 1 4 4 new_name 0
stdout:
variant,mode,payload,events_per_batch,owner_units,physical_batches,writers,chain,unit_shape,iterations,stop_reason,events,domain_events,bytes,write_syscalls,short_writes,interrupted,max_iovecs,copied_bytes,barriers,cpu_ns,wall_ns,p50_ns,p95_ns,p99_ns,load1_before,load1_after
k_pwrite,process,250,1,4,8,4,0,new_name,16579,bytes,132632,66316,33555896,132632,0,0,0,0,0,104739637,106516933,5760,6840,14430,5.690,5.690
stderr:

[2026-07-15T18:49:13.598540+00:00] e000415 /home/bob/src/mess/.maw/workspaces/bn-1zv6/spikes/pwritev_group/target/release/pwritev_group point-auto k_pwrite process 250 1 4 4 new_name 0
stdout:
variant,mode,payload,events_per_batch,owner_units,physical_batches,writers,chain,unit_shape,iterations,stop_reason,events,domain_events,bytes,write_syscalls,short_writes,interrupted,max_iovecs,copied_bytes,barriers,cpu_ns,wall_ns,p50_ns,p95_ns,p99_ns,load1_before,load1_after
k_pwrite,process,250,1,4,8,4,0,new_name,16579,bytes,132632,66316,33555896,132632,0,0,0,0,0,102801185,103784275,5730,7180,15820,5.690,5.690
stderr:

[2026-07-15T18:49:14.629710+00:00] e000416 /home/bob/src/mess/.maw/workspaces/bn-1zv6/spikes/pwritev_group/target/release/pwritev_group point-auto copy_contiguous process 250 1 4 4 new_name 0
stdout:
variant,mode,payload,events_per_batch,owner_units,physical_batches,writers,chain,unit_shape,iterations,stop_reason,events,domain_events,bytes,write_syscalls,short_writes,interrupted,max_iovecs,copied_bytes,barriers,cpu_ns,wall_ns,p50_ns,p95_ns,p99_ns,load1_before,load1_after
copy_contiguous,process,250,1,4,8,4,0,new_name,16579,bytes,132632,66316,33555896,16579,0,0,0,33555896,0,16403414,16582418,880,1140,1200,5.690,5.690
stderr:

[2026-07-15T18:49:15.655003+00:00] e000417 /home/bob/src/mess/.maw/workspaces/bn-1zv6/spikes/pwritev_group/target/release/pwritev_group point-auto k_pwrite process 250 10 2 2 domain 0
stdout:
variant,mode,payload,events_per_batch,owner_units,physical_batches,writers,chain,unit_shape,iterations,stop_reason,events,domain_events,bytes,write_syscalls,short_writes,interrupted,max_iovecs,copied_bytes,barriers,cpu_ns,wall_ns,p50_ns,p95_ns,p99_ns,load1_before,load1_after
k_pwrite,process,250,10,2,2,2,0,domain,5850,bytes,117000,117000,33555600,11700,0,0,0,0,0,11853713,11953561,1920,2320,2470,5.690,5.690
stderr:

[2026-07-15T18:49:16.686634+00:00] e000418 /home/bob/src/mess/.maw/workspaces/bn-1zv6/spikes/pwritev_group/target/release/pwritev_group point-auto pwritev_full_8m process 250 10 2 2 domain 0
stdout:
variant,mode,payload,events_per_batch,owner_units,physical_batches,writers,chain,unit_shape,iterations,stop_reason,events,domain_events,bytes,write_syscalls,short_writes,interrupted,max_iovecs,copied_bytes,barriers,cpu_ns,wall_ns,p50_ns,p95_ns,p99_ns,load1_before,load1_after
pwritev_full_8m,process,250,10,2,2,2,0,domain,5850,bytes,117000,117000,33555600,5850,0,0,2,0,0,8425632,8476924,1340,1630,1740,5.690,5.690
stderr:

[2026-07-15T18:49:17.707954+00:00] e000419 /home/bob/src/mess/.maw/workspaces/bn-1zv6/spikes/pwritev_group/target/release/pwritev_group point-auto pwritev_full_8m process 250 10 2 2 domain 0
stdout:
variant,mode,payload,events_per_batch,owner_units,physical_batches,writers,chain,unit_shape,iterations,stop_reason,events,domain_events,bytes,write_syscalls,short_writes,interrupted,max_iovecs,copied_bytes,barriers,cpu_ns,wall_ns,p50_ns,p95_ns,p99_ns,load1_before,load1_after
pwritev_full_8m,process,250,10,2,2,2,0,domain,5850,bytes,117000,117000,33555600,5850,0,0,2,0,0,9008812,9074613,1360,1770,1790,5.320,5.320
stderr:

[2026-07-15T18:49:18.737029+00:00] e000420 /home/bob/src/mess/.maw/workspaces/bn-1zv6/spikes/pwritev_group/target/release/pwritev_group point-auto k_pwrite process 250 10 2 2 domain 0
stdout:
variant,mode,payload,events_per_batch,owner_units,physical_batches,writers,chain,unit_shape,iterations,stop_reason,events,domain_events,bytes,write_syscalls,short_writes,interrupted,max_iovecs,copied_bytes,barriers,cpu_ns,wall_ns,p50_ns,p95_ns,p99_ns,load1_before,load1_after
k_pwrite,process,250,10,2,2,2,0,domain,5850,bytes,117000,117000,33555600,11700,0,0,0,0,0,12313913,12611511,1950,2310,3940,5.320,5.320
stderr:

[2026-07-15T18:49:19.762490+00:00] e000421 /home/bob/src/mess/.maw/workspaces/bn-1zv6/spikes/pwritev_group/target/release/pwritev_group point-auto copy_contiguous process 250 10 2 2 domain 0
stdout:
variant,mode,payload,events_per_batch,owner_units,physical_batches,writers,chain,unit_shape,iterations,stop_reason,events,domain_events,bytes,write_syscalls,short_writes,interrupted,max_iovecs,copied_bytes,barriers,cpu_ns,wall_ns,p50_ns,p95_ns,p99_ns,load1_before,load1_after
copy_contiguous,process,250,10,2,2,2,0,domain,5850,bytes,117000,117000,33555600,5850,0,0,0,33555600,0,8025622,8096664,1270,1580,1680,5.320,5.320
stderr:

[2026-07-15T18:49:20.792444+00:00] e000422 /home/bob/src/mess/.maw/workspaces/bn-1zv6/spikes/pwritev_group/target/release/pwritev_group point-auto k_pwrite process 250 10 2 2 domain 0
stdout:
variant,mode,payload,events_per_batch,owner_units,physical_batches,writers,chain,unit_shape,iterations,stop_reason,events,domain_events,bytes,write_syscalls,short_writes,interrupted,max_iovecs,copied_bytes,barriers,cpu_ns,wall_ns,p50_ns,p95_ns,p99_ns,load1_before,load1_after
k_pwrite,process,250,10,2,2,2,0,domain,5850,bytes,117000,117000,33555600,11700,0,0,0,0,0,11958143,12048171,1920,2400,2500,5.320,5.320
stderr:

[2026-07-15T18:49:21.814683+00:00] e000423 /home/bob/src/mess/.maw/workspaces/bn-1zv6/spikes/pwritev_group/target/release/pwritev_group point-auto k_pwrite process 250 10 2 2 domain 0
stdout:
variant,mode,payload,events_per_batch,owner_units,physical_batches,writers,chain,unit_shape,iterations,stop_reason,events,domain_events,bytes,write_syscalls,short_writes,interrupted,max_iovecs,copied_bytes,barriers,cpu_ns,wall_ns,p50_ns,p95_ns,p99_ns,load1_before,load1_after
k_pwrite,process,250,10,2,2,2,0,domain,5850,bytes,117000,117000,33555600,11700,0,0,0,0,0,11758423,11840981,1920,1960,2410,5.320,5.320
stderr:

[2026-07-15T18:49:22.837776+00:00] e000424 /home/bob/src/mess/.maw/workspaces/bn-1zv6/spikes/pwritev_group/target/release/pwritev_group point-auto copy_contiguous process 250 10 2 2 domain 0
stdout:
variant,mode,payload,events_per_batch,owner_units,physical_batches,writers,chain,unit_shape,iterations,stop_reason,events,domain_events,bytes,write_syscalls,short_writes,interrupted,max_iovecs,copied_bytes,barriers,cpu_ns,wall_ns,p50_ns,p95_ns,p99_ns,load1_before,load1_after
copy_contiguous,process,250,10,2,2,2,0,domain,5850,bytes,117000,117000,33555600,5850,0,0,0,33555600,0,10500062,10573402,1270,1710,8470,5.130,5.130
stderr:

[2026-07-15T18:49:23.862627+00:00] e000425 /home/bob/src/mess/.maw/workspaces/bn-1zv6/spikes/pwritev_group/target/release/pwritev_group point-auto k_pwrite process 250 10 2 2 new_name 0
stdout:
variant,mode,payload,events_per_batch,owner_units,physical_batches,writers,chain,unit_shape,iterations,stop_reason,events,domain_events,bytes,write_syscalls,short_writes,interrupted,max_iovecs,copied_bytes,barriers,cpu_ns,wall_ns,p50_ns,p95_ns,p99_ns,load1_before,load1_after
k_pwrite,process,250,10,2,4,2,0,new_name,5578,bytes,122716,111560,33557248,22312,0,0,0,0,0,19692385,19831075,3340,3880,4530,5.130,5.130
stderr:

[2026-07-15T18:49:24.894697+00:00] e000426 /home/bob/src/mess/.maw/workspaces/bn-1zv6/spikes/pwritev_group/target/release/pwritev_group point-auto pwritev_full_8m process 250 10 2 2 new_name 0
stdout:
variant,mode,payload,events_per_batch,owner_units,physical_batches,writers,chain,unit_shape,iterations,stop_reason,events,domain_events,bytes,write_syscalls,short_writes,interrupted,max_iovecs,copied_bytes,barriers,cpu_ns,wall_ns,p50_ns,p95_ns,p99_ns,load1_before,load1_after
pwritev_full_8m,process,250,10,2,4,2,0,new_name,5578,bytes,122716,111560,33557248,5578,0,0,4,0,0,8456282,8523974,1420,1700,1800,5.130,5.130
stderr:

[2026-07-15T18:49:25.916861+00:00] e000427 /home/bob/src/mess/.maw/workspaces/bn-1zv6/spikes/pwritev_group/target/release/pwritev_group point-auto pwritev_full_8m process 250 10 2 2 new_name 0
stdout:
variant,mode,payload,events_per_batch,owner_units,physical_batches,writers,chain,unit_shape,iterations,stop_reason,events,domain_events,bytes,write_syscalls,short_writes,interrupted,max_iovecs,copied_bytes,barriers,cpu_ns,wall_ns,p50_ns,p95_ns,p99_ns,load1_before,load1_after
pwritev_full_8m,process,250,10,2,4,2,0,new_name,5578,bytes,122716,111560,33557248,5578,0,0,4,0,0,8495172,8581734,1430,1700,1840,5.130,5.130
stderr:

[2026-07-15T18:49:26.941111+00:00] e000428 /home/bob/src/mess/.maw/workspaces/bn-1zv6/spikes/pwritev_group/target/release/pwritev_group point-auto k_pwrite process 250 10 2 2 new_name 0
stdout:
variant,mode,payload,events_per_batch,owner_units,physical_batches,writers,chain,unit_shape,iterations,stop_reason,events,domain_events,bytes,write_syscalls,short_writes,interrupted,max_iovecs,copied_bytes,barriers,cpu_ns,wall_ns,p50_ns,p95_ns,p99_ns,load1_before,load1_after
k_pwrite,process,250,10,2,4,2,0,new_name,5578,bytes,122716,111560,33557248,22312,0,0,0,0,0,19208875,19365616,3330,3790,4140,4.800,4.800
stderr:

[2026-07-15T18:49:27.967482+00:00] e000429 /home/bob/src/mess/.maw/workspaces/bn-1zv6/spikes/pwritev_group/target/release/pwritev_group point-auto copy_contiguous process 250 10 2 2 new_name 0
stdout:
variant,mode,payload,events_per_batch,owner_units,physical_batches,writers,chain,unit_shape,iterations,stop_reason,events,domain_events,bytes,write_syscalls,short_writes,interrupted,max_iovecs,copied_bytes,barriers,cpu_ns,wall_ns,p50_ns,p95_ns,p99_ns,load1_before,load1_after
copy_contiguous,process,250,10,2,4,2,0,new_name,5578,bytes,122716,111560,33557248,5578,0,0,0,33557248,0,8538262,8433384,1300,1430,5770,4.800,4.800
stderr:

[2026-07-15T18:49:29.000093+00:00] e000430 /home/bob/src/mess/.maw/workspaces/bn-1zv6/spikes/pwritev_group/target/release/pwritev_group point-auto k_pwrite process 250 10 2 2 new_name 0
stdout:
variant,mode,payload,events_per_batch,owner_units,physical_batches,writers,chain,unit_shape,iterations,stop_reason,events,domain_events,bytes,write_syscalls,short_writes,interrupted,max_iovecs,copied_bytes,barriers,cpu_ns,wall_ns,p50_ns,p95_ns,p99_ns,load1_before,load1_after
k_pwrite,process,250,10,2,4,2,0,new_name,5578,bytes,122716,111560,33557248,22312,0,0,0,0,0,19676375,21554534,3360,4180,4360,4.800,4.800
stderr:

[2026-07-15T18:49:30.032388+00:00] e000431 /home/bob/src/mess/.maw/workspaces/bn-1zv6/spikes/pwritev_group/target/release/pwritev_group point-auto k_pwrite process 250 10 2 2 new_name 0
stdout:
variant,mode,payload,events_per_batch,owner_units,physical_batches,writers,chain,unit_shape,iterations,stop_reason,events,domain_events,bytes,write_syscalls,short_writes,interrupted,max_iovecs,copied_bytes,barriers,cpu_ns,wall_ns,p50_ns,p95_ns,p99_ns,load1_before,load1_after
k_pwrite,process,250,10,2,4,2,0,new_name,5578,bytes,122716,111560,33557248,22312,0,0,0,0,0,19719505,19899296,3340,4130,4430,4.800,4.800
stderr:

[2026-07-15T18:49:31.063457+00:00] e000432 /home/bob/src/mess/.maw/workspaces/bn-1zv6/spikes/pwritev_group/target/release/pwritev_group point-auto copy_contiguous process 250 10 2 2 new_name 0
stdout:
variant,mode,payload,events_per_batch,owner_units,physical_batches,writers,chain,unit_shape,iterations,stop_reason,events,domain_events,bytes,write_syscalls,short_writes,interrupted,max_iovecs,copied_bytes,barriers,cpu_ns,wall_ns,p50_ns,p95_ns,p99_ns,load1_before,load1_after
copy_contiguous,process,250,10,2,4,2,0,new_name,5578,bytes,122716,111560,33557248,5578,0,0,0,33557248,0,7715762,7782794,1290,1610,1720,4.800,4.800
stderr:

[2026-07-15T18:49:32.094532+00:00] e000433 /home/bob/src/mess/.maw/workspaces/bn-1zv6/spikes/pwritev_group/target/release/pwritev_group point-auto k_pwrite process 250 10 4 4 domain 0
stdout:
variant,mode,payload,events_per_batch,owner_units,physical_batches,writers,chain,unit_shape,iterations,stop_reason,events,domain_events,bytes,write_syscalls,short_writes,interrupted,max_iovecs,copied_bytes,barriers,cpu_ns,wall_ns,p50_ns,p95_ns,p99_ns,load1_before,load1_after
k_pwrite,process,250,10,4,4,4,0,domain,2925,bytes,117000,117000,33555600,11700,0,0,0,0,0,11679733,11833812,3830,4870,5090,4.820,4.820
stderr:

[2026-07-15T18:49:33.119035+00:00] e000434 /home/bob/src/mess/.maw/workspaces/bn-1zv6/spikes/pwritev_group/target/release/pwritev_group point-auto pwritev_full_8m process 250 10 4 4 domain 0
stdout:
variant,mode,payload,events_per_batch,owner_units,physical_batches,writers,chain,unit_shape,iterations,stop_reason,events,domain_events,bytes,write_syscalls,short_writes,interrupted,max_iovecs,copied_bytes,barriers,cpu_ns,wall_ns,p50_ns,p95_ns,p99_ns,load1_before,load1_after
pwritev_full_8m,process,250,10,4,4,4,0,domain,2925,bytes,117000,117000,33555600,2925,0,0,4,0,0,5751501,5873136,1850,2250,2490,4.820,4.820
stderr:

[2026-07-15T18:49:34.147099+00:00] e000435 /home/bob/src/mess/.maw/workspaces/bn-1zv6/spikes/pwritev_group/target/release/pwritev_group point-auto pwritev_full_8m process 250 10 4 4 domain 0
stdout:
variant,mode,payload,events_per_batch,owner_units,physical_batches,writers,chain,unit_shape,iterations,stop_reason,events,domain_events,bytes,write_syscalls,short_writes,interrupted,max_iovecs,copied_bytes,barriers,cpu_ns,wall_ns,p50_ns,p95_ns,p99_ns,load1_before,load1_after
pwritev_full_8m,process,250,10,4,4,4,0,domain,2925,bytes,117000,117000,33555600,2925,0,0,4,0,0,5701071,5736556,1880,1890,2230,4.820,4.820
stderr:

[2026-07-15T18:49:35.169577+00:00] e000436 /home/bob/src/mess/.maw/workspaces/bn-1zv6/spikes/pwritev_group/target/release/pwritev_group point-auto k_pwrite process 250 10 4 4 domain 0
stdout:
variant,mode,payload,events_per_batch,owner_units,physical_batches,writers,chain,unit_shape,iterations,stop_reason,events,domain_events,bytes,write_syscalls,short_writes,interrupted,max_iovecs,copied_bytes,barriers,cpu_ns,wall_ns,p50_ns,p95_ns,p99_ns,load1_before,load1_after
k_pwrite,process,250,10,4,4,4,0,domain,2925,bytes,117000,117000,33555600,11700,0,0,0,0,0,11986222,12907451,3820,4520,8900,4.820,4.820
stderr:

[2026-07-15T18:49:36.201366+00:00] e000437 /home/bob/src/mess/.maw/workspaces/bn-1zv6/spikes/pwritev_group/target/release/pwritev_group point-auto copy_contiguous process 250 10 4 4 domain 0
stdout:
variant,mode,payload,events_per_batch,owner_units,physical_batches,writers,chain,unit_shape,iterations,stop_reason,events,domain_events,bytes,write_syscalls,short_writes,interrupted,max_iovecs,copied_bytes,barriers,cpu_ns,wall_ns,p50_ns,p95_ns,p99_ns,load1_before,load1_after
copy_contiguous,process,250,10,4,4,4,0,domain,2925,bytes,117000,117000,33555600,2925,0,0,0,33555600,0,5765582,5773776,1830,2310,2460,4.820,4.820
stderr:

[2026-07-15T18:49:37.231961+00:00] e000438 /home/bob/src/mess/.maw/workspaces/bn-1zv6/spikes/pwritev_group/target/release/pwritev_group point-auto k_pwrite process 250 10 4 4 domain 0
stdout:
variant,mode,payload,events_per_batch,owner_units,physical_batches,writers,chain,unit_shape,iterations,stop_reason,events,domain_events,bytes,write_syscalls,short_writes,interrupted,max_iovecs,copied_bytes,barriers,cpu_ns,wall_ns,p50_ns,p95_ns,p99_ns,load1_before,load1_after
k_pwrite,process,250,10,4,4,4,0,domain,2925,bytes,117000,117000,33555600,11700,0,0,0,0,0,14017014,14138479,3800,4770,29980,4.430,4.430
stderr:

[2026-07-15T18:49:38.261379+00:00] e000439 /home/bob/src/mess/.maw/workspaces/bn-1zv6/spikes/pwritev_group/target/release/pwritev_group point-auto k_pwrite process 250 10 4 4 domain 0
stdout:
variant,mode,payload,events_per_batch,owner_units,physical_batches,writers,chain,unit_shape,iterations,stop_reason,events,domain_events,bytes,write_syscalls,short_writes,interrupted,max_iovecs,copied_bytes,barriers,cpu_ns,wall_ns,p50_ns,p95_ns,p99_ns,load1_before,load1_after
k_pwrite,process,250,10,4,4,4,0,domain,2925,bytes,117000,117000,33555600,11700,0,0,0,0,0,11413803,11511112,3770,4550,4840,4.430,4.430
stderr:

[2026-07-15T18:49:39.292000+00:00] e000440 /home/bob/src/mess/.maw/workspaces/bn-1zv6/spikes/pwritev_group/target/release/pwritev_group point-auto copy_contiguous process 250 10 4 4 domain 0
stdout:
variant,mode,payload,events_per_batch,owner_units,physical_batches,writers,chain,unit_shape,iterations,stop_reason,events,domain_events,bytes,write_syscalls,short_writes,interrupted,max_iovecs,copied_bytes,barriers,cpu_ns,wall_ns,p50_ns,p95_ns,p99_ns,load1_before,load1_after
copy_contiguous,process,250,10,4,4,4,0,domain,2925,bytes,117000,117000,33555600,2925,0,0,0,33555600,0,5570512,5631466,1840,1860,1870,4.430,4.430
stderr:

[2026-07-15T18:49:40.323635+00:00] e000441 /home/bob/src/mess/.maw/workspaces/bn-1zv6/spikes/pwritev_group/target/release/pwritev_group point-auto k_pwrite process 250 10 4 4 new_name 0
stdout:
variant,mode,payload,events_per_batch,owner_units,physical_batches,writers,chain,unit_shape,iterations,stop_reason,events,domain_events,bytes,write_syscalls,short_writes,interrupted,max_iovecs,copied_bytes,barriers,cpu_ns,wall_ns,p50_ns,p95_ns,p99_ns,load1_before,load1_after
k_pwrite,process,250,10,4,8,4,0,new_name,2789,bytes,122716,111560,33557248,22312,0,0,0,0,0,19575705,19674386,6730,7240,14000,4.430,4.430
stderr:

[2026-07-15T18:49:41.356245+00:00] e000442 /home/bob/src/mess/.maw/workspaces/bn-1zv6/spikes/pwritev_group/target/release/pwritev_group point-auto pwritev_full_8m process 250 10 4 4 new_name 0
stdout:
variant,mode,payload,events_per_batch,owner_units,physical_batches,writers,chain,unit_shape,iterations,stop_reason,events,domain_events,bytes,write_syscalls,short_writes,interrupted,max_iovecs,copied_bytes,barriers,cpu_ns,wall_ns,p50_ns,p95_ns,p99_ns,load1_before,load1_after
pwritev_full_8m,process,250,10,4,8,4,0,new_name,2789,bytes,122716,111560,33557248,2789,0,0,8,0,0,6020741,6100546,2040,2300,2680,4.430,4.430
stderr:

[2026-07-15T18:49:42.378528+00:00] e000443 /home/bob/src/mess/.maw/workspaces/bn-1zv6/spikes/pwritev_group/target/release/pwritev_group point-auto pwritev_full_8m process 250 10 4 4 new_name 0
stdout:
variant,mode,payload,events_per_batch,owner_units,physical_batches,writers,chain,unit_shape,iterations,stop_reason,events,domain_events,bytes,write_syscalls,short_writes,interrupted,max_iovecs,copied_bytes,barriers,cpu_ns,wall_ns,p50_ns,p95_ns,p99_ns,load1_before,load1_after
pwritev_full_8m,process,250,10,4,8,4,0,new_name,2789,bytes,122716,111560,33557248,2789,0,0,8,0,0,6578372,6779184,2050,2690,2860,4.080,4.080
stderr:

[2026-07-15T18:49:43.406951+00:00] e000444 /home/bob/src/mess/.maw/workspaces/bn-1zv6/spikes/pwritev_group/target/release/pwritev_group point-auto k_pwrite process 250 10 4 4 new_name 0
stdout:
variant,mode,payload,events_per_batch,owner_units,physical_batches,writers,chain,unit_shape,iterations,stop_reason,events,domain_events,bytes,write_syscalls,short_writes,interrupted,max_iovecs,copied_bytes,barriers,cpu_ns,wall_ns,p50_ns,p95_ns,p99_ns,load1_before,load1_after
k_pwrite,process,250,10,4,8,4,0,new_name,2789,bytes,122716,111560,33557248,22312,0,0,0,0,0,19735555,20171655,6720,8470,13080,4.080,4.080
stderr:

[2026-07-15T18:49:44.437014+00:00] e000445 /home/bob/src/mess/.maw/workspaces/bn-1zv6/spikes/pwritev_group/target/release/pwritev_group point-auto copy_contiguous process 250 10 4 4 new_name 0
stdout:
variant,mode,payload,events_per_batch,owner_units,physical_batches,writers,chain,unit_shape,iterations,stop_reason,events,domain_events,bytes,write_syscalls,short_writes,interrupted,max_iovecs,copied_bytes,barriers,cpu_ns,wall_ns,p50_ns,p95_ns,p99_ns,load1_before,load1_after
copy_contiguous,process,250,10,4,8,4,0,new_name,2789,bytes,122716,111560,33557248,2789,0,0,0,33557248,0,5497681,5508276,1880,1920,2400,4.080,4.080
stderr:

[2026-07-15T18:49:45.462179+00:00] e000446 /home/bob/src/mess/.maw/workspaces/bn-1zv6/spikes/pwritev_group/target/release/pwritev_group point-auto k_pwrite process 250 10 4 4 new_name 0
stdout:
variant,mode,payload,events_per_batch,owner_units,physical_batches,writers,chain,unit_shape,iterations,stop_reason,events,domain_events,bytes,write_syscalls,short_writes,interrupted,max_iovecs,copied_bytes,barriers,cpu_ns,wall_ns,p50_ns,p95_ns,p99_ns,load1_before,load1_after
k_pwrite,process,250,10,4,8,4,0,new_name,2789,bytes,122716,111560,33557248,22312,0,0,0,0,0,19849005,20044256,6660,8040,15050,4.080,4.080
stderr:

[2026-07-15T18:49:46.492939+00:00] e000447 /home/bob/src/mess/.maw/workspaces/bn-1zv6/spikes/pwritev_group/target/release/pwritev_group point-auto k_pwrite process 250 10 4 4 new_name 0
stdout:
variant,mode,payload,events_per_batch,owner_units,physical_batches,writers,chain,unit_shape,iterations,stop_reason,events,domain_events,bytes,write_syscalls,short_writes,interrupted,max_iovecs,copied_bytes,barriers,cpu_ns,wall_ns,p50_ns,p95_ns,p99_ns,load1_before,load1_after
k_pwrite,process,250,10,4,8,4,0,new_name,2789,bytes,122716,111560,33557248,22312,0,0,0,0,0,19345335,19570076,6680,7700,12770,4.080,4.080
stderr:

[2026-07-15T18:49:47.514248+00:00] e000448 /home/bob/src/mess/.maw/workspaces/bn-1zv6/spikes/pwritev_group/target/release/pwritev_group point-auto copy_contiguous process 250 10 4 4 new_name 0
stdout:
variant,mode,payload,events_per_batch,owner_units,physical_batches,writers,chain,unit_shape,iterations,stop_reason,events,domain_events,bytes,write_syscalls,short_writes,interrupted,max_iovecs,copied_bytes,barriers,cpu_ns,wall_ns,p50_ns,p95_ns,p99_ns,load1_before,load1_after
copy_contiguous,process,250,10,4,8,4,0,new_name,2789,bytes,122716,111560,33557248,2789,0,0,0,33557248,0,5521662,5633956,1890,1950,2480,3.830,3.830
stderr:

[2026-07-15T18:49:48.538560+00:00] e000449 /home/bob/src/mess/.maw/workspaces/bn-1zv6/spikes/pwritev_group/target/release/pwritev_group point-auto k_pwrite process 250 10 16 4 domain 0
stdout:
variant,mode,payload,events_per_batch,owner_units,physical_batches,writers,chain,unit_shape,iterations,stop_reason,events,domain_events,bytes,write_syscalls,short_writes,interrupted,max_iovecs,copied_bytes,barriers,cpu_ns,wall_ns,p50_ns,p95_ns,p99_ns,load1_before,load1_after
k_pwrite,process,250,10,16,16,4,0,domain,732,bytes,117120,117120,33590016,11712,0,0,0,0,0,13680223,14537270,16390,21760,42140,3.830,3.830
stderr:

[2026-07-15T18:49:49.568691+00:00] e000450 /home/bob/src/mess/.maw/workspaces/bn-1zv6/spikes/pwritev_group/target/release/pwritev_group point-auto pwritev_full_8m process 250 10 16 4 domain 0
stdout:
variant,mode,payload,events_per_batch,owner_units,physical_batches,writers,chain,unit_shape,iterations,stop_reason,events,domain_events,bytes,write_syscalls,short_writes,interrupted,max_iovecs,copied_bytes,barriers,cpu_ns,wall_ns,p50_ns,p95_ns,p99_ns,load1_before,load1_after
pwritev_full_8m,process,250,10,16,16,4,0,domain,732,bytes,117120,117120,33590016,732,0,0,16,0,0,3478121,3495198,4580,5580,6690,3.830,3.830
stderr:

[2026-07-15T18:49:50.592690+00:00] e000451 /home/bob/src/mess/.maw/workspaces/bn-1zv6/spikes/pwritev_group/target/release/pwritev_group point-auto pwritev_full_8m process 250 10 16 4 domain 0
stdout:
variant,mode,payload,events_per_batch,owner_units,physical_batches,writers,chain,unit_shape,iterations,stop_reason,events,domain_events,bytes,write_syscalls,short_writes,interrupted,max_iovecs,copied_bytes,barriers,cpu_ns,wall_ns,p50_ns,p95_ns,p99_ns,load1_before,load1_after
pwritev_full_8m,process,250,10,16,16,4,0,domain,732,bytes,117120,117120,33590016,732,0,0,16,0,0,3409601,3435078,4560,4600,6520,3.830,3.830
stderr:

[2026-07-15T18:49:51.624802+00:00] e000452 /home/bob/src/mess/.maw/workspaces/bn-1zv6/spikes/pwritev_group/target/release/pwritev_group point-auto k_pwrite process 250 10 16 4 domain 0
stdout:
variant,mode,payload,events_per_batch,owner_units,physical_batches,writers,chain,unit_shape,iterations,stop_reason,events,domain_events,bytes,write_syscalls,short_writes,interrupted,max_iovecs,copied_bytes,barriers,cpu_ns,wall_ns,p50_ns,p95_ns,p99_ns,load1_before,load1_after
k_pwrite,process,250,10,16,16,4,0,domain,732,bytes,117120,117120,33590016,11712,0,0,0,0,0,12154273,12258811,16150,19180,25370,3.830,3.830
stderr:

[2026-07-15T18:49:52.646447+00:00] e000453 /home/bob/src/mess/.maw/workspaces/bn-1zv6/spikes/pwritev_group/target/release/pwritev_group point-auto copy_contiguous process 250 10 16 4 domain 0
stdout:
variant,mode,payload,events_per_batch,owner_units,physical_batches,writers,chain,unit_shape,iterations,stop_reason,events,domain_events,bytes,write_syscalls,short_writes,interrupted,max_iovecs,copied_bytes,barriers,cpu_ns,wall_ns,p50_ns,p95_ns,p99_ns,load1_before,load1_after
copy_contiguous,process,250,10,16,16,4,0,domain,732,bytes,117120,117120,33590016,732,0,0,0,33590016,0,3510721,3552628,4680,4810,6740,3.520,3.520
stderr:

[2026-07-15T18:49:53.671818+00:00] e000454 /home/bob/src/mess/.maw/workspaces/bn-1zv6/spikes/pwritev_group/target/release/pwritev_group point-auto k_pwrite process 250 10 16 4 domain 0
stdout:
variant,mode,payload,events_per_batch,owner_units,physical_batches,writers,chain,unit_shape,iterations,stop_reason,events,domain_events,bytes,write_syscalls,short_writes,interrupted,max_iovecs,copied_bytes,barriers,cpu_ns,wall_ns,p50_ns,p95_ns,p99_ns,load1_before,load1_after
k_pwrite,process,250,10,16,16,4,0,domain,732,bytes,117120,117120,33590016,11712,0,0,0,0,0,14034083,14447869,16120,19580,31590,3.520,3.520
stderr:

[2026-07-15T18:49:54.701136+00:00] e000455 /home/bob/src/mess/.maw/workspaces/bn-1zv6/spikes/pwritev_group/target/release/pwritev_group point-auto k_pwrite process 250 10 16 4 domain 0
stdout:
variant,mode,payload,events_per_batch,owner_units,physical_batches,writers,chain,unit_shape,iterations,stop_reason,events,domain_events,bytes,write_syscalls,short_writes,interrupted,max_iovecs,copied_bytes,barriers,cpu_ns,wall_ns,p50_ns,p95_ns,p99_ns,load1_before,load1_after
k_pwrite,process,250,10,16,16,4,0,domain,732,bytes,117120,117120,33590016,11712,0,0,0,0,0,14154753,14737529,16190,24080,45100,3.520,3.520
stderr:

[2026-07-15T18:49:55.733010+00:00] e000456 /home/bob/src/mess/.maw/workspaces/bn-1zv6/spikes/pwritev_group/target/release/pwritev_group point-auto copy_contiguous process 250 10 16 4 domain 0
stdout:
variant,mode,payload,events_per_batch,owner_units,physical_batches,writers,chain,unit_shape,iterations,stop_reason,events,domain_events,bytes,write_syscalls,short_writes,interrupted,max_iovecs,copied_bytes,barriers,cpu_ns,wall_ns,p50_ns,p95_ns,p99_ns,load1_before,load1_after
copy_contiguous,process,250,10,16,16,4,0,domain,732,bytes,117120,117120,33590016,732,0,0,0,33590016,0,3528831,3551187,4680,4740,6770,3.520,3.520
stderr:

[2026-07-15T18:49:56.756424+00:00] e000457 /home/bob/src/mess/.maw/workspaces/bn-1zv6/spikes/pwritev_group/target/release/pwritev_group point-auto k_pwrite process 250 10 16 4 new_name 0
stdout:
variant,mode,payload,events_per_batch,owner_units,physical_batches,writers,chain,unit_shape,iterations,stop_reason,events,domain_events,bytes,write_syscalls,short_writes,interrupted,max_iovecs,copied_bytes,barriers,cpu_ns,wall_ns,p50_ns,p95_ns,p99_ns,load1_before,load1_after
k_pwrite,process,250,10,16,32,4,0,new_name,698,bytes,122848,111680,33593344,22336,0,0,0,0,0,20074494,20386885,27830,35330,43720,3.520,3.520
stderr:

[2026-07-15T18:49:57.778864+00:00] e000458 /home/bob/src/mess/.maw/workspaces/bn-1zv6/spikes/pwritev_group/target/release/pwritev_group point-auto pwritev_full_8m process 250 10 16 4 new_name 0
stdout:
variant,mode,payload,events_per_batch,owner_units,physical_batches,writers,chain,unit_shape,iterations,stop_reason,events,domain_events,bytes,write_syscalls,short_writes,interrupted,max_iovecs,copied_bytes,barriers,cpu_ns,wall_ns,p50_ns,p95_ns,p99_ns,load1_before,load1_after
pwritev_full_8m,process,250,10,16,32,4,0,new_name,698,bytes,122848,111680,33593344,698,0,0,32,0,0,4283401,4338687,5550,8430,12059,3.240,3.240
stderr:

[2026-07-15T18:49:58.804845+00:00] e000459 /home/bob/src/mess/.maw/workspaces/bn-1zv6/spikes/pwritev_group/target/release/pwritev_group point-auto pwritev_full_8m process 250 10 16 4 new_name 0
stdout:
variant,mode,payload,events_per_batch,owner_units,physical_batches,writers,chain,unit_shape,iterations,stop_reason,events,domain_events,bytes,write_syscalls,short_writes,interrupted,max_iovecs,copied_bytes,barriers,cpu_ns,wall_ns,p50_ns,p95_ns,p99_ns,load1_before,load1_after
pwritev_full_8m,process,250,10,16,32,4,0,new_name,698,bytes,122848,111680,33593344,698,0,0,32,0,0,7168682,7325785,5460,8170,35060,3.240,3.240
stderr:

[2026-07-15T18:49:59.833208+00:00] e000460 /home/bob/src/mess/.maw/workspaces/bn-1zv6/spikes/pwritev_group/target/release/pwritev_group point-auto k_pwrite process 250 10 16 4 new_name 0
stdout:
variant,mode,payload,events_per_batch,owner_units,physical_batches,writers,chain,unit_shape,iterations,stop_reason,events,domain_events,bytes,write_syscalls,short_writes,interrupted,max_iovecs,copied_bytes,barriers,cpu_ns,wall_ns,p50_ns,p95_ns,p99_ns,load1_before,load1_after
k_pwrite,process,250,10,16,32,4,0,new_name,698,bytes,122848,111680,33593344,22336,0,0,0,0,0,22521986,22938723,27690,35830,51680,3.240,3.240
stderr:

[2026-07-15T18:50:00.862448+00:00] e000461 /home/bob/src/mess/.maw/workspaces/bn-1zv6/spikes/pwritev_group/target/release/pwritev_group point-auto copy_contiguous process 250 10 16 4 new_name 0
stdout:
variant,mode,payload,events_per_batch,owner_units,physical_batches,writers,chain,unit_shape,iterations,stop_reason,events,domain_events,bytes,write_syscalls,short_writes,interrupted,max_iovecs,copied_bytes,barriers,cpu_ns,wall_ns,p50_ns,p95_ns,p99_ns,load1_before,load1_after
copy_contiguous,process,250,10,16,32,4,0,new_name,698,bytes,122848,111680,33593344,698,0,0,0,33593344,0,3445501,3481667,4800,5350,6970,3.240,3.240
stderr:

[2026-07-15T18:50:01.892589+00:00] e000462 /home/bob/src/mess/.maw/workspaces/bn-1zv6/spikes/pwritev_group/target/release/pwritev_group point-auto k_pwrite process 250 10 16 4 new_name 0
stdout:
variant,mode,payload,events_per_batch,owner_units,physical_batches,writers,chain,unit_shape,iterations,stop_reason,events,domain_events,bytes,write_syscalls,short_writes,interrupted,max_iovecs,copied_bytes,barriers,cpu_ns,wall_ns,p50_ns,p95_ns,p99_ns,load1_before,load1_after
k_pwrite,process,250,10,16,32,4,0,new_name,698,bytes,122848,111680,33593344,22336,0,0,0,0,0,20857685,21018034,27800,38900,62780,3.240,3.220
stderr:

[2026-07-15T18:50:02.923281+00:00] e000463 /home/bob/src/mess/.maw/workspaces/bn-1zv6/spikes/pwritev_group/target/release/pwritev_group point-auto k_pwrite process 250 10 16 4 new_name 0
stdout:
variant,mode,payload,events_per_batch,owner_units,physical_batches,writers,chain,unit_shape,iterations,stop_reason,events,domain_events,bytes,write_syscalls,short_writes,interrupted,max_iovecs,copied_bytes,barriers,cpu_ns,wall_ns,p50_ns,p95_ns,p99_ns,load1_before,load1_after
k_pwrite,process,250,10,16,32,4,0,new_name,698,bytes,122848,111680,33593344,22336,0,0,0,0,0,20454135,20623885,27820,35990,52540,3.220,3.220
stderr:

[2026-07-15T18:50:03.956656+00:00] e000464 /home/bob/src/mess/.maw/workspaces/bn-1zv6/spikes/pwritev_group/target/release/pwritev_group point-auto copy_contiguous process 250 10 16 4 new_name 0
stdout:
variant,mode,payload,events_per_batch,owner_units,physical_batches,writers,chain,unit_shape,iterations,stop_reason,events,domain_events,bytes,write_syscalls,short_writes,interrupted,max_iovecs,copied_bytes,barriers,cpu_ns,wall_ns,p50_ns,p95_ns,p99_ns,load1_before,load1_after
copy_contiguous,process,250,10,16,32,4,0,new_name,698,bytes,122848,111680,33593344,698,0,0,0,33593344,0,4119091,4172907,6160,6500,8060,3.220,3.220
stderr:

[2026-07-15T18:50:04.983873+00:00] e000465 /home/bob/src/mess/.maw/workspaces/bn-1zv6/spikes/pwritev_group/target/release/pwritev_group point-auto k_pwrite process 250 10 64 4 domain 0
stdout:
variant,mode,payload,events_per_batch,owner_units,physical_batches,writers,chain,unit_shape,iterations,stop_reason,events,domain_events,bytes,write_syscalls,short_writes,interrupted,max_iovecs,copied_bytes,barriers,cpu_ns,wall_ns,p50_ns,p95_ns,p99_ns,load1_before,load1_after
k_pwrite,process,250,10,64,64,4,0,domain,183,bytes,117120,117120,33590016,11712,0,0,0,0,0,13113873,13227771,70960,80600,88270,3.220,3.220
stderr:

[2026-07-15T18:50:06.006463+00:00] e000466 /home/bob/src/mess/.maw/workspaces/bn-1zv6/spikes/pwritev_group/target/release/pwritev_group point-auto pwritev_full_8m process 250 10 64 4 domain 0
stdout:
variant,mode,payload,events_per_batch,owner_units,physical_batches,writers,chain,unit_shape,iterations,stop_reason,events,domain_events,bytes,write_syscalls,short_writes,interrupted,max_iovecs,copied_bytes,barriers,cpu_ns,wall_ns,p50_ns,p95_ns,p99_ns,load1_before,load1_after
pwritev_full_8m,process,250,10,64,64,4,0,domain,183,bytes,117120,117120,33590016,183,0,0,64,0,0,2611821,2624609,13850,18420,20930,3.220,3.220
stderr:

[2026-07-15T18:50:07.035220+00:00] e000467 /home/bob/src/mess/.maw/workspaces/bn-1zv6/spikes/pwritev_group/target/release/pwritev_group point-auto pwritev_full_8m process 250 10 64 4 domain 0
stdout:
variant,mode,payload,events_per_batch,owner_units,physical_batches,writers,chain,unit_shape,iterations,stop_reason,events,domain_events,bytes,write_syscalls,short_writes,interrupted,max_iovecs,copied_bytes,barriers,cpu_ns,wall_ns,p50_ns,p95_ns,p99_ns,load1_before,load1_after
pwritev_full_8m,process,250,10,64,64,4,0,domain,183,bytes,117120,117120,33590016,183,0,0,64,0,0,2834331,2868028,14620,22160,24610,3.440,3.440
stderr:

[2026-07-15T18:50:08.060398+00:00] e000468 /home/bob/src/mess/.maw/workspaces/bn-1zv6/spikes/pwritev_group/target/release/pwritev_group point-auto k_pwrite process 250 10 64 4 domain 0
stdout:
variant,mode,payload,events_per_batch,owner_units,physical_batches,writers,chain,unit_shape,iterations,stop_reason,events,domain_events,bytes,write_syscalls,short_writes,interrupted,max_iovecs,copied_bytes,barriers,cpu_ns,wall_ns,p50_ns,p95_ns,p99_ns,load1_before,load1_after
k_pwrite,process,250,10,64,64,4,0,domain,183,bytes,117120,117120,33590016,11712,0,0,0,0,0,13721304,13840010,72820,88220,97120,3.440,3.440
stderr:

[2026-07-15T18:50:09.093212+00:00] e000469 /home/bob/src/mess/.maw/workspaces/bn-1zv6/spikes/pwritev_group/target/release/pwritev_group point-auto copy_contiguous process 250 10 64 4 domain 0
stdout:
variant,mode,payload,events_per_batch,owner_units,physical_batches,writers,chain,unit_shape,iterations,stop_reason,events,domain_events,bytes,write_syscalls,short_writes,interrupted,max_iovecs,copied_bytes,barriers,cpu_ns,wall_ns,p50_ns,p95_ns,p99_ns,load1_before,load1_after
copy_contiguous,process,250,10,64,64,4,0,domain,183,bytes,117120,117120,33590016,183,0,0,0,33590016,0,4687141,4735167,25040,29950,38759,3.440,3.440
stderr:

[2026-07-15T18:50:10.114700+00:00] e000470 /home/bob/src/mess/.maw/workspaces/bn-1zv6/spikes/pwritev_group/target/release/pwritev_group point-auto k_pwrite process 250 10 64 4 domain 0
stdout:
variant,mode,payload,events_per_batch,owner_units,physical_batches,writers,chain,unit_shape,iterations,stop_reason,events,domain_events,bytes,write_syscalls,short_writes,interrupted,max_iovecs,copied_bytes,barriers,cpu_ns,wall_ns,p50_ns,p95_ns,p99_ns,load1_before,load1_after
k_pwrite,process,250,10,64,64,4,0,domain,183,bytes,117120,117120,33590016,11712,0,0,0,0,0,13880493,14157730,71639,96380,107540,3.440,3.440
stderr:

[2026-07-15T18:50:11.142522+00:00] e000471 /home/bob/src/mess/.maw/workspaces/bn-1zv6/spikes/pwritev_group/target/release/pwritev_group point-auto k_pwrite process 250 10 64 4 domain 0
stdout:
variant,mode,payload,events_per_batch,owner_units,physical_batches,writers,chain,unit_shape,iterations,stop_reason,events,domain_events,bytes,write_syscalls,short_writes,interrupted,max_iovecs,copied_bytes,barriers,cpu_ns,wall_ns,p50_ns,p95_ns,p99_ns,load1_before,load1_after
k_pwrite,process,250,10,64,64,4,0,domain,183,bytes,117120,117120,33590016,11712,0,0,0,0,0,13231453,13360041,71200,80520,100710,3.440,3.440
stderr:

[2026-07-15T18:50:12.172283+00:00] e000472 /home/bob/src/mess/.maw/workspaces/bn-1zv6/spikes/pwritev_group/target/release/pwritev_group point-auto copy_contiguous process 250 10 64 4 domain 0
stdout:
variant,mode,payload,events_per_batch,owner_units,physical_batches,writers,chain,unit_shape,iterations,stop_reason,events,domain_events,bytes,write_syscalls,short_writes,interrupted,max_iovecs,copied_bytes,barriers,cpu_ns,wall_ns,p50_ns,p95_ns,p99_ns,load1_before,load1_after
copy_contiguous,process,250,10,64,64,4,0,domain,183,bytes,117120,117120,33590016,183,0,0,0,33590016,0,8058182,8271664,26630,40990,511120,3.490,3.490
stderr:

[2026-07-15T18:50:13.202998+00:00] e000473 /home/bob/src/mess/.maw/workspaces/bn-1zv6/spikes/pwritev_group/target/release/pwritev_group point-auto k_pwrite process 250 10 64 4 new_name 0
stdout:
variant,mode,payload,events_per_batch,owner_units,physical_batches,writers,chain,unit_shape,iterations,stop_reason,events,domain_events,bytes,write_syscalls,short_writes,interrupted,max_iovecs,copied_bytes,barriers,cpu_ns,wall_ns,p50_ns,p95_ns,p99_ns,load1_before,load1_after
k_pwrite,process,250,10,64,128,4,0,new_name,175,bytes,123200,112000,33689600,22400,0,0,0,0,0,22841086,23017943,118620,132940,165980,3.490,3.490
stderr:

[2026-07-15T18:50:14.234429+00:00] e000474 /home/bob/src/mess/.maw/workspaces/bn-1zv6/spikes/pwritev_group/target/release/pwritev_group point-auto pwritev_full_8m process 250 10 64 4 new_name 0
stdout:
variant,mode,payload,events_per_batch,owner_units,physical_batches,writers,chain,unit_shape,iterations,stop_reason,events,domain_events,bytes,write_syscalls,short_writes,interrupted,max_iovecs,copied_bytes,barriers,cpu_ns,wall_ns,p50_ns,p95_ns,p99_ns,load1_before,load1_after
pwritev_full_8m,process,250,10,64,128,4,0,new_name,175,bytes,123200,112000,33689600,175,0,0,128,0,0,3439231,3472667,18990,23910,28540,3.490,3.490
stderr:

[2026-07-15T18:50:15.263956+00:00] e000475 /home/bob/src/mess/.maw/workspaces/bn-1zv6/spikes/pwritev_group/target/release/pwritev_group point-auto pwritev_full_8m process 250 10 64 4 new_name 0
stdout:
variant,mode,payload,events_per_batch,owner_units,physical_batches,writers,chain,unit_shape,iterations,stop_reason,events,domain_events,bytes,write_syscalls,short_writes,interrupted,max_iovecs,copied_bytes,barriers,cpu_ns,wall_ns,p50_ns,p95_ns,p99_ns,load1_before,load1_after
pwritev_full_8m,process,250,10,64,128,4,0,new_name,175,bytes,123200,112000,33689600,175,0,0,128,0,0,3343241,3381128,18460,23250,27570,3.490,3.490
stderr:

[2026-07-15T18:50:16.296994+00:00] e000476 /home/bob/src/mess/.maw/workspaces/bn-1zv6/spikes/pwritev_group/target/release/pwritev_group point-auto k_pwrite process 250 10 64 4 new_name 0
stdout:
variant,mode,payload,events_per_batch,owner_units,physical_batches,writers,chain,unit_shape,iterations,stop_reason,events,domain_events,bytes,write_syscalls,short_writes,interrupted,max_iovecs,copied_bytes,barriers,cpu_ns,wall_ns,p50_ns,p95_ns,p99_ns,load1_before,load1_after
k_pwrite,process,250,10,64,128,4,0,new_name,175,bytes,123200,112000,33689600,22400,0,0,0,0,0,24326286,24679762,119400,147750,923310,3.490,3.490
stderr:

[2026-07-15T18:50:17.323500+00:00] e000477 /home/bob/src/mess/.maw/workspaces/bn-1zv6/spikes/pwritev_group/target/release/pwritev_group point-auto pwritev_64_8m process 250 10 64 4 new_name 0
stdout:
variant,mode,payload,events_per_batch,owner_units,physical_batches,writers,chain,unit_shape,iterations,stop_reason,events,domain_events,bytes,write_syscalls,short_writes,interrupted,max_iovecs,copied_bytes,barriers,cpu_ns,wall_ns,p50_ns,p95_ns,p99_ns,load1_before,load1_after
pwritev_64_8m,process,250,10,64,128,4,0,new_name,175,bytes,123200,112000,33689600,350,0,0,64,0,0,3587491,3623947,19730,25880,30970,3.370,3.370
stderr:

[2026-07-15T18:50:18.351747+00:00] e000478 /home/bob/src/mess/.maw/workspaces/bn-1zv6/spikes/pwritev_group/target/release/pwritev_group point-auto k_pwrite process 250 10 64 4 new_name 0
stdout:
variant,mode,payload,events_per_batch,owner_units,physical_batches,writers,chain,unit_shape,iterations,stop_reason,events,domain_events,bytes,write_syscalls,short_writes,interrupted,max_iovecs,copied_bytes,barriers,cpu_ns,wall_ns,p50_ns,p95_ns,p99_ns,load1_before,load1_after
k_pwrite,process,250,10,64,128,4,0,new_name,175,bytes,123200,112000,33689600,22400,0,0,0,0,0,21157325,21341154,118210,143330,158640,3.370,3.370
stderr:

[2026-07-15T18:50:19.380107+00:00] e000479 /home/bob/src/mess/.maw/workspaces/bn-1zv6/spikes/pwritev_group/target/release/pwritev_group point-auto k_pwrite process 250 10 64 4 new_name 0
stdout:
variant,mode,payload,events_per_batch,owner_units,physical_batches,writers,chain,unit_shape,iterations,stop_reason,events,domain_events,bytes,write_syscalls,short_writes,interrupted,max_iovecs,copied_bytes,barriers,cpu_ns,wall_ns,p50_ns,p95_ns,p99_ns,load1_before,load1_after
k_pwrite,process,250,10,64,128,4,0,new_name,175,bytes,123200,112000,33689600,22400,0,0,0,0,0,21535906,21739464,120390,142100,149270,3.370,3.370
stderr:

[2026-07-15T18:50:20.409968+00:00] e000480 /home/bob/src/mess/.maw/workspaces/bn-1zv6/spikes/pwritev_group/target/release/pwritev_group point-auto pwritev_64_8m process 250 10 64 4 new_name 0
stdout:
variant,mode,payload,events_per_batch,owner_units,physical_batches,writers,chain,unit_shape,iterations,stop_reason,events,domain_events,bytes,write_syscalls,short_writes,interrupted,max_iovecs,copied_bytes,barriers,cpu_ns,wall_ns,p50_ns,p95_ns,p99_ns,load1_before,load1_after
pwritev_64_8m,process,250,10,64,128,4,0,new_name,175,bytes,123200,112000,33689600,350,0,0,64,0,0,6132562,6198905,22320,34180,425060,3.370,3.370
stderr:

[2026-07-15T18:50:21.439026+00:00] e000481 /home/bob/src/mess/.maw/workspaces/bn-1zv6/spikes/pwritev_group/target/release/pwritev_group point-auto k_pwrite process 250 10 64 4 new_name 0
stdout:
variant,mode,payload,events_per_batch,owner_units,physical_batches,writers,chain,unit_shape,iterations,stop_reason,events,domain_events,bytes,write_syscalls,short_writes,interrupted,max_iovecs,copied_bytes,barriers,cpu_ns,wall_ns,p50_ns,p95_ns,p99_ns,load1_before,load1_after
k_pwrite,process,250,10,64,128,4,0,new_name,175,bytes,123200,112000,33689600,22400,0,0,0,0,0,24053277,24847782,119630,140490,220730,3.370,3.370
stderr:

[2026-07-15T18:50:22.469369+00:00] e000482 /home/bob/src/mess/.maw/workspaces/bn-1zv6/spikes/pwritev_group/target/release/pwritev_group point-auto copy_contiguous process 250 10 64 4 new_name 0
stdout:
variant,mode,payload,events_per_batch,owner_units,physical_batches,writers,chain,unit_shape,iterations,stop_reason,events,domain_events,bytes,write_syscalls,short_writes,interrupted,max_iovecs,copied_bytes,barriers,cpu_ns,wall_ns,p50_ns,p95_ns,p99_ns,load1_before,load1_after
copy_contiguous,process,250,10,64,128,4,0,new_name,175,bytes,123200,112000,33689600,175,0,0,0,33689600,0,5066251,5122666,27910,36029,42340,4.860,4.860
stderr:

[2026-07-15T18:50:23.500236+00:00] e000483 /home/bob/src/mess/.maw/workspaces/bn-1zv6/spikes/pwritev_group/target/release/pwritev_group point-auto copy_contiguous process 250 10 64 4 new_name 0
stdout:
variant,mode,payload,events_per_batch,owner_units,physical_batches,writers,chain,unit_shape,iterations,stop_reason,events,domain_events,bytes,write_syscalls,short_writes,interrupted,max_iovecs,copied_bytes,barriers,cpu_ns,wall_ns,p50_ns,p95_ns,p99_ns,load1_before,load1_after
copy_contiguous,process,250,10,64,128,4,0,new_name,175,bytes,123200,112000,33689600,175,0,0,0,33689600,0,4947991,5146627,27130,40520,55300,4.860,4.860
stderr:

[2026-07-15T18:50:24.531222+00:00] e000484 /home/bob/src/mess/.maw/workspaces/bn-1zv6/spikes/pwritev_group/target/release/pwritev_group point-auto k_pwrite process 250 10 64 4 new_name 0
stdout:
variant,mode,payload,events_per_batch,owner_units,physical_batches,writers,chain,unit_shape,iterations,stop_reason,events,domain_events,bytes,write_syscalls,short_writes,interrupted,max_iovecs,copied_bytes,barriers,cpu_ns,wall_ns,p50_ns,p95_ns,p99_ns,load1_before,load1_after
k_pwrite,process,250,10,64,128,4,0,new_name,175,bytes,123200,112000,33689600,22400,0,0,0,0,0,23890626,24093263,120840,152040,162320,4.860,4.860
stderr:

[2026-07-15T18:50:25.563100+00:00] e000485 /home/bob/src/mess/.maw/workspaces/bn-1zv6/spikes/pwritev_group/target/release/pwritev_group point-auto pwritev_full_8m process 250 10 256 4 domain 0
stdout:
variant,mode,payload,events_per_batch,owner_units,physical_batches,writers,chain,unit_shape,iterations,stop_reason,events,domain_events,bytes,write_syscalls,short_writes,interrupted,max_iovecs,copied_bytes,barriers,cpu_ns,wall_ns,p50_ns,p95_ns,p99_ns,load1_before,load1_after
pwritev_full_8m,process,250,10,256,256,4,0,domain,46,bytes,117760,117760,33773568,46,0,0,256,0,0,3011721,3040658,63700,74560,108670,4.860,4.860
stderr:

[2026-07-15T18:50:26.598760+00:00] e000486 /home/bob/src/mess/.maw/workspaces/bn-1zv6/spikes/pwritev_group/target/release/pwritev_group point-auto k_pwrite process 250 10 256 4 domain 0
stdout:
variant,mode,payload,events_per_batch,owner_units,physical_batches,writers,chain,unit_shape,iterations,stop_reason,events,domain_events,bytes,write_syscalls,short_writes,interrupted,max_iovecs,copied_bytes,barriers,cpu_ns,wall_ns,p50_ns,p95_ns,p99_ns,load1_before,load1_after
k_pwrite,process,250,10,256,256,4,0,domain,46,bytes,117760,117760,33773568,11776,0,0,0,0,0,13870413,13968790,301260,331550,340970,4.860,4.860
stderr:

[2026-07-15T18:50:27.627966+00:00] e000487 /home/bob/src/mess/.maw/workspaces/bn-1zv6/spikes/pwritev_group/target/release/pwritev_group point-auto k_pwrite process 250 10 256 4 domain 0
stdout:
variant,mode,payload,events_per_batch,owner_units,physical_batches,writers,chain,unit_shape,iterations,stop_reason,events,domain_events,bytes,write_syscalls,short_writes,interrupted,max_iovecs,copied_bytes,barriers,cpu_ns,wall_ns,p50_ns,p95_ns,p99_ns,load1_before,load1_after
k_pwrite,process,250,10,256,256,4,0,domain,46,bytes,117760,117760,33773568,11776,0,0,0,0,0,15958934,16074918,304049,376520,1965708,4.630,4.630
stderr:

[2026-07-15T18:50:28.656047+00:00] e000488 /home/bob/src/mess/.maw/workspaces/bn-1zv6/spikes/pwritev_group/target/release/pwritev_group point-auto pwritev_full_8m process 250 10 256 4 domain 0
stdout:
variant,mode,payload,events_per_batch,owner_units,physical_batches,writers,chain,unit_shape,iterations,stop_reason,events,domain_events,bytes,write_syscalls,short_writes,interrupted,max_iovecs,copied_bytes,barriers,cpu_ns,wall_ns,p50_ns,p95_ns,p99_ns,load1_before,load1_after
pwritev_full_8m,process,250,10,256,256,4,0,domain,46,bytes,117760,117760,33773568,46,0,0,256,0,0,2995901,3020378,63100,72600,107060,4.630,4.630
stderr:

[2026-07-15T18:50:29.676839+00:00] e000489 /home/bob/src/mess/.maw/workspaces/bn-1zv6/spikes/pwritev_group/target/release/pwritev_group point-auto k_pwrite process 250 10 256 4 domain 0
stdout:
variant,mode,payload,events_per_batch,owner_units,physical_batches,writers,chain,unit_shape,iterations,stop_reason,events,domain_events,bytes,write_syscalls,short_writes,interrupted,max_iovecs,copied_bytes,barriers,cpu_ns,wall_ns,p50_ns,p95_ns,p99_ns,load1_before,load1_after
k_pwrite,process,250,10,256,256,4,0,domain,46,bytes,117760,117760,33773568,11776,0,0,0,0,0,13759083,13890560,299589,335160,357060,4.630,4.630
stderr:

[2026-07-15T18:50:30.706804+00:00] e000490 /home/bob/src/mess/.maw/workspaces/bn-1zv6/spikes/pwritev_group/target/release/pwritev_group point-auto pwritev_64_8m process 250 10 256 4 domain 0
stdout:
variant,mode,payload,events_per_batch,owner_units,physical_batches,writers,chain,unit_shape,iterations,stop_reason,events,domain_events,bytes,write_syscalls,short_writes,interrupted,max_iovecs,copied_bytes,barriers,cpu_ns,wall_ns,p50_ns,p95_ns,p99_ns,load1_before,load1_after
pwritev_64_8m,process,250,10,256,256,4,0,domain,46,bytes,117760,117760,33773568,184,0,0,64,0,0,3340451,3372038,72330,80920,90270,4.630,4.630
stderr:

[2026-07-15T18:50:31.727747+00:00] e000491 /home/bob/src/mess/.maw/workspaces/bn-1zv6/spikes/pwritev_group/target/release/pwritev_group point-auto pwritev_64_8m process 250 10 256 4 domain 0
stdout:
variant,mode,payload,events_per_batch,owner_units,physical_batches,writers,chain,unit_shape,iterations,stop_reason,events,domain_events,bytes,write_syscalls,short_writes,interrupted,max_iovecs,copied_bytes,barriers,cpu_ns,wall_ns,p50_ns,p95_ns,p99_ns,load1_before,load1_after
pwritev_64_8m,process,250,10,256,256,4,0,domain,46,bytes,117760,117760,33773568,184,0,0,64,0,0,3492800,3516788,73970,87160,96890,4.630,4.630
stderr:

[2026-07-15T18:50:32.756777+00:00] e000492 /home/bob/src/mess/.maw/workspaces/bn-1zv6/spikes/pwritev_group/target/release/pwritev_group point-auto k_pwrite process 250 10 256 4 domain 0
stdout:
variant,mode,payload,events_per_batch,owner_units,physical_batches,writers,chain,unit_shape,iterations,stop_reason,events,domain_events,bytes,write_syscalls,short_writes,interrupted,max_iovecs,copied_bytes,barriers,cpu_ns,wall_ns,p50_ns,p95_ns,p99_ns,load1_before,load1_after
k_pwrite,process,250,10,256,256,4,0,domain,46,bytes,117760,117760,33773568,11776,0,0,0,0,0,13802314,13900780,299149,321200,354599,4.340,4.340
stderr:

[2026-07-15T18:50:33.786502+00:00] e000493 /home/bob/src/mess/.maw/workspaces/bn-1zv6/spikes/pwritev_group/target/release/pwritev_group point-auto copy_contiguous process 250 10 256 4 domain 0
stdout:
variant,mode,payload,events_per_batch,owner_units,physical_batches,writers,chain,unit_shape,iterations,stop_reason,events,domain_events,bytes,write_syscalls,short_writes,interrupted,max_iovecs,copied_bytes,barriers,cpu_ns,wall_ns,p50_ns,p95_ns,p99_ns,load1_before,load1_after
copy_contiguous,process,250,10,256,256,4,0,domain,46,bytes,117760,117760,33773568,46,0,0,0,33773568,0,5173801,5219966,110239,119330,159880,4.340,4.340
stderr:

[2026-07-15T18:50:34.814194+00:00] e000494 /home/bob/src/mess/.maw/workspaces/bn-1zv6/spikes/pwritev_group/target/release/pwritev_group point-auto k_pwrite process 250 10 256 4 domain 0
stdout:
variant,mode,payload,events_per_batch,owner_units,physical_batches,writers,chain,unit_shape,iterations,stop_reason,events,domain_events,bytes,write_syscalls,short_writes,interrupted,max_iovecs,copied_bytes,barriers,cpu_ns,wall_ns,p50_ns,p95_ns,p99_ns,load1_before,load1_after
k_pwrite,process,250,10,256,256,4,0,domain,46,bytes,117760,117760,33773568,11776,0,0,0,0,0,13666184,13735800,296750,306420,315990,4.340,4.340
stderr:

[2026-07-15T18:50:35.842022+00:00] e000495 /home/bob/src/mess/.maw/workspaces/bn-1zv6/spikes/pwritev_group/target/release/pwritev_group point-auto k_pwrite process 250 10 256 4 domain 0
stdout:
variant,mode,payload,events_per_batch,owner_units,physical_batches,writers,chain,unit_shape,iterations,stop_reason,events,domain_events,bytes,write_syscalls,short_writes,interrupted,max_iovecs,copied_bytes,barriers,cpu_ns,wall_ns,p50_ns,p95_ns,p99_ns,load1_before,load1_after
k_pwrite,process,250,10,256,256,4,0,domain,46,bytes,117760,117760,33773568,11776,0,0,0,0,0,13932683,14042610,299410,354590,367699,4.340,4.340
stderr:

[2026-07-15T18:50:36.870428+00:00] e000496 /home/bob/src/mess/.maw/workspaces/bn-1zv6/spikes/pwritev_group/target/release/pwritev_group point-auto copy_contiguous process 250 10 256 4 domain 0
stdout:
variant,mode,payload,events_per_batch,owner_units,physical_batches,writers,chain,unit_shape,iterations,stop_reason,events,domain_events,bytes,write_syscalls,short_writes,interrupted,max_iovecs,copied_bytes,barriers,cpu_ns,wall_ns,p50_ns,p95_ns,p99_ns,load1_before,load1_after
copy_contiguous,process,250,10,256,256,4,0,domain,46,bytes,117760,117760,33773568,46,0,0,0,33773568,0,5158531,5189017,111480,122730,131010,4.340,4.340
stderr:

[2026-07-15T18:50:37.898793+00:00] e000497 /home/bob/src/mess/.maw/workspaces/bn-1zv6/spikes/pwritev_group/target/release/pwritev_group point-auto k_pwrite process 250 10 256 4 new_name 0
stdout:
variant,mode,payload,events_per_batch,owner_units,physical_batches,writers,chain,unit_shape,iterations,stop_reason,events,domain_events,bytes,write_syscalls,short_writes,interrupted,max_iovecs,copied_bytes,barriers,cpu_ns,wall_ns,p50_ns,p95_ns,p99_ns,load1_before,load1_after
k_pwrite,process,250,10,256,512,4,0,new_name,44,bytes,123904,112640,33882112,22528,0,0,0,0,0,22535096,22701693,493379,619869,628040,3.990,3.990
stderr:

[2026-07-15T18:50:38.926824+00:00] e000498 /home/bob/src/mess/.maw/workspaces/bn-1zv6/spikes/pwritev_group/target/release/pwritev_group point-auto pwritev_full_8m process 250 10 256 4 new_name 0
stdout:
variant,mode,payload,events_per_batch,owner_units,physical_batches,writers,chain,unit_shape,iterations,stop_reason,events,domain_events,bytes,write_syscalls,short_writes,interrupted,max_iovecs,copied_bytes,barriers,cpu_ns,wall_ns,p50_ns,p95_ns,p99_ns,load1_before,load1_after
pwritev_full_8m,process,250,10,256,512,4,0,new_name,44,bytes,123904,112640,33882112,44,0,0,512,0,0,3337901,3367677,75360,84880,88950,3.990,3.990
stderr:

[2026-07-15T18:50:39.960848+00:00] e000499 /home/bob/src/mess/.maw/workspaces/bn-1zv6/spikes/pwritev_group/target/release/pwritev_group point-auto pwritev_full_8m process 250 10 256 4 new_name 0
stdout:
variant,mode,payload,events_per_batch,owner_units,physical_batches,writers,chain,unit_shape,iterations,stop_reason,events,domain_events,bytes,write_syscalls,short_writes,interrupted,max_iovecs,copied_bytes,barriers,cpu_ns,wall_ns,p50_ns,p95_ns,p99_ns,load1_before,load1_after
pwritev_full_8m,process,250,10,256,512,4,0,new_name,44,bytes,123904,112640,33882112,44,0,0,512,0,0,3382491,3401827,76200,83070,86590,3.990,3.990
stderr:

[2026-07-15T18:50:40.990901+00:00] e000500 /home/bob/src/mess/.maw/workspaces/bn-1zv6/spikes/pwritev_group/target/release/pwritev_group point-auto k_pwrite process 250 10 256 4 new_name 0
stdout:
variant,mode,payload,events_per_batch,owner_units,physical_batches,writers,chain,unit_shape,iterations,stop_reason,events,domain_events,bytes,write_syscalls,short_writes,interrupted,max_iovecs,copied_bytes,barriers,cpu_ns,wall_ns,p50_ns,p95_ns,p99_ns,load1_before,load1_after
k_pwrite,process,250,10,256,512,4,0,new_name,44,bytes,123904,112640,33882112,22528,0,0,0,0,0,24327096,24522642,493749,549330,2568828,3.990,3.990
stderr:

[2026-07-15T18:50:42.023972+00:00] e000501 /home/bob/src/mess/.maw/workspaces/bn-1zv6/spikes/pwritev_group/target/release/pwritev_group point-auto pwritev_256_8m process 250 10 256 4 new_name 0
stdout:
variant,mode,payload,events_per_batch,owner_units,physical_batches,writers,chain,unit_shape,iterations,stop_reason,events,domain_events,bytes,write_syscalls,short_writes,interrupted,max_iovecs,copied_bytes,barriers,cpu_ns,wall_ns,p50_ns,p95_ns,p99_ns,load1_before,load1_after
pwritev_256_8m,process,250,10,256,512,4,0,new_name,44,bytes,123904,112640,33882112,88,0,0,256,0,0,3617621,3652077,80590,93780,95920,3.990,3.990
stderr:

[2026-07-15T18:50:43.054201+00:00] e000502 /home/bob/src/mess/.maw/workspaces/bn-1zv6/spikes/pwritev_group/target/release/pwritev_group point-auto k_pwrite process 250 10 256 4 new_name 0
stdout:
variant,mode,payload,events_per_batch,owner_units,physical_batches,writers,chain,unit_shape,iterations,stop_reason,events,domain_events,bytes,write_syscalls,short_writes,interrupted,max_iovecs,copied_bytes,barriers,cpu_ns,wall_ns,p50_ns,p95_ns,p99_ns,load1_before,load1_after
k_pwrite,process,250,10,256,512,4,0,new_name,44,bytes,123904,112640,33882112,22528,0,0,0,0,0,21663396,21854835,493209,527409,557049,3.990,3.990
stderr:

[2026-07-15T18:50:44.083528+00:00] e000503 /home/bob/src/mess/.maw/workspaces/bn-1zv6/spikes/pwritev_group/target/release/pwritev_group point-auto k_pwrite process 250 10 256 4 new_name 0
stdout:
variant,mode,payload,events_per_batch,owner_units,physical_batches,writers,chain,unit_shape,iterations,stop_reason,events,domain_events,bytes,write_syscalls,short_writes,interrupted,max_iovecs,copied_bytes,barriers,cpu_ns,wall_ns,p50_ns,p95_ns,p99_ns,load1_before,load1_after
k_pwrite,process,250,10,256,512,4,0,new_name,44,bytes,123904,112640,33882112,22528,0,0,0,0,0,29994818,30189718,497049,2413428,3713057,3.990,3.990
stderr:

[2026-07-15T18:50:45.109205+00:00] e000504 /home/bob/src/mess/.maw/workspaces/bn-1zv6/spikes/pwritev_group/target/release/pwritev_group point-auto pwritev_256_8m process 250 10 256 4 new_name 0
stdout:
variant,mode,payload,events_per_batch,owner_units,physical_batches,writers,chain,unit_shape,iterations,stop_reason,events,domain_events,bytes,write_syscalls,short_writes,interrupted,max_iovecs,copied_bytes,barriers,cpu_ns,wall_ns,p50_ns,p95_ns,p99_ns,load1_before,load1_after
pwritev_256_8m,process,250,10,256,512,4,0,new_name,44,bytes,123904,112640,33882112,88,0,0,256,0,0,3587651,3626367,81240,90460,99740,3.990,3.990
stderr:

[2026-07-15T18:50:46.140938+00:00] e000505 /home/bob/src/mess/.maw/workspaces/bn-1zv6/spikes/pwritev_group/target/release/pwritev_group point-auto k_pwrite process 250 10 256 4 new_name 0
stdout:
variant,mode,payload,events_per_batch,owner_units,physical_batches,writers,chain,unit_shape,iterations,stop_reason,events,domain_events,bytes,write_syscalls,short_writes,interrupted,max_iovecs,copied_bytes,barriers,cpu_ns,wall_ns,p50_ns,p95_ns,p99_ns,load1_before,load1_after
k_pwrite,process,250,10,256,512,4,0,new_name,44,bytes,123904,112640,33882112,22528,0,0,0,0,0,25139086,25340892,500630,559539,3115657,3.990,3.990
stderr:

[2026-07-15T18:50:47.167865+00:00] e000506 /home/bob/src/mess/.maw/workspaces/bn-1zv6/spikes/pwritev_group/target/release/pwritev_group point-auto pwritev_64_8m process 250 10 256 4 new_name 0
stdout:
variant,mode,payload,events_per_batch,owner_units,physical_batches,writers,chain,unit_shape,iterations,stop_reason,events,domain_events,bytes,write_syscalls,short_writes,interrupted,max_iovecs,copied_bytes,barriers,cpu_ns,wall_ns,p50_ns,p95_ns,p99_ns,load1_before,load1_after
pwritev_64_8m,process,250,10,256,512,4,0,new_name,44,bytes,123904,112640,33882112,352,0,0,64,0,0,7224921,8265824,99040,132990,3720137,3.910,3.910
stderr:

[2026-07-15T18:50:48.197055+00:00] e000507 /home/bob/src/mess/.maw/workspaces/bn-1zv6/spikes/pwritev_group/target/release/pwritev_group point-auto pwritev_64_8m process 250 10 256 4 new_name 0
stdout:
variant,mode,payload,events_per_batch,owner_units,physical_batches,writers,chain,unit_shape,iterations,stop_reason,events,domain_events,bytes,write_syscalls,short_writes,interrupted,max_iovecs,copied_bytes,barriers,cpu_ns,wall_ns,p50_ns,p95_ns,p99_ns,load1_before,load1_after
pwritev_64_8m,process,250,10,256,512,4,0,new_name,44,bytes,123904,112640,33882112,352,0,0,64,0,0,4277871,4306837,95740,109169,114629,3.910,3.910
stderr:

[2026-07-15T18:50:49.225512+00:00] e000508 /home/bob/src/mess/.maw/workspaces/bn-1zv6/spikes/pwritev_group/target/release/pwritev_group point-auto k_pwrite process 250 10 256 4 new_name 0
stdout:
variant,mode,payload,events_per_batch,owner_units,physical_batches,writers,chain,unit_shape,iterations,stop_reason,events,domain_events,bytes,write_syscalls,short_writes,interrupted,max_iovecs,copied_bytes,barriers,cpu_ns,wall_ns,p50_ns,p95_ns,p99_ns,load1_before,load1_after
k_pwrite,process,250,10,256,512,4,0,new_name,44,bytes,123904,112640,33882112,22528,0,0,0,0,0,23413246,23733713,499190,572429,1882028,3.910,3.910
stderr:

[2026-07-15T18:50:50.256715+00:00] e000509 /home/bob/src/mess/.maw/workspaces/bn-1zv6/spikes/pwritev_group/target/release/pwritev_group point-auto copy_contiguous process 250 10 256 4 new_name 0
stdout:
variant,mode,payload,events_per_batch,owner_units,physical_batches,writers,chain,unit_shape,iterations,stop_reason,events,domain_events,bytes,write_syscalls,short_writes,interrupted,max_iovecs,copied_bytes,barriers,cpu_ns,wall_ns,p50_ns,p95_ns,p99_ns,load1_before,load1_after
copy_contiguous,process,250,10,256,512,4,0,new_name,44,bytes,123904,112640,33882112,44,0,0,0,33882112,0,5217311,5248836,118610,126359,135420,3.910,3.910
stderr:

[2026-07-15T18:50:51.289633+00:00] e000510 /home/bob/src/mess/.maw/workspaces/bn-1zv6/spikes/pwritev_group/target/release/pwritev_group point-auto k_pwrite process 250 10 256 4 new_name 0
stdout:
variant,mode,payload,events_per_batch,owner_units,physical_batches,writers,chain,unit_shape,iterations,stop_reason,events,domain_events,bytes,write_syscalls,short_writes,interrupted,max_iovecs,copied_bytes,barriers,cpu_ns,wall_ns,p50_ns,p95_ns,p99_ns,load1_before,load1_after
k_pwrite,process,250,10,256,512,4,0,new_name,44,bytes,123904,112640,33882112,22528,0,0,0,0,0,23737935,25407191,496880,543479,3900827,3.910,3.910
stderr:

[2026-07-15T18:50:52.321287+00:00] e000511 /home/bob/src/mess/.maw/workspaces/bn-1zv6/spikes/pwritev_group/target/release/pwritev_group point-auto k_pwrite process 250 10 256 4 new_name 0
stdout:
variant,mode,payload,events_per_batch,owner_units,physical_batches,writers,chain,unit_shape,iterations,stop_reason,events,domain_events,bytes,write_syscalls,short_writes,interrupted,max_iovecs,copied_bytes,barriers,cpu_ns,wall_ns,p50_ns,p95_ns,p99_ns,load1_before,load1_after
k_pwrite,process,250,10,256,512,4,0,new_name,44,bytes,123904,112640,33882112,22528,0,0,0,0,0,24738856,24930332,496159,543149,3473278,3.600,3.600
stderr:

[2026-07-15T18:50:53.343194+00:00] e000512 /home/bob/src/mess/.maw/workspaces/bn-1zv6/spikes/pwritev_group/target/release/pwritev_group point-auto copy_contiguous process 250 10 256 4 new_name 0
stdout:
variant,mode,payload,events_per_batch,owner_units,physical_batches,writers,chain,unit_shape,iterations,stop_reason,events,domain_events,bytes,write_syscalls,short_writes,interrupted,max_iovecs,copied_bytes,barriers,cpu_ns,wall_ns,p50_ns,p95_ns,p99_ns,load1_before,load1_after
copy_contiguous,process,250,10,256,512,4,0,new_name,44,bytes,123904,112640,33882112,44,0,0,0,33882112,0,5188111,5223806,116080,129260,133860,3.600,3.600
stderr:

[2026-07-15T18:50:54.367844+00:00] e000513 /home/bob/src/mess/.maw/workspaces/bn-1zv6/spikes/pwritev_group/target/release/pwritev_group point-auto k_pwrite process 250 10 1024 4 domain 0
stdout:
variant,mode,payload,events_per_batch,owner_units,physical_batches,writers,chain,unit_shape,iterations,stop_reason,events,domain_events,bytes,write_syscalls,short_writes,interrupted,max_iovecs,copied_bytes,barriers,cpu_ns,wall_ns,p50_ns,p95_ns,p99_ns,load1_before,load1_after
k_pwrite,process,250,10,1024,1024,4,0,domain,12,bytes,122880,122880,35241984,12288,0,0,0,0,0,14850764,14985449,1239989,1279959,1378829,3.600,3.600
stderr:

[2026-07-15T18:50:55.402261+00:00] e000514 /home/bob/src/mess/.maw/workspaces/bn-1zv6/spikes/pwritev_group/target/release/pwritev_group point-auto pwritev_full_8m process 250 10 1024 4 domain 0
stdout:
variant,mode,payload,events_per_batch,owner_units,physical_batches,writers,chain,unit_shape,iterations,stop_reason,events,domain_events,bytes,write_syscalls,short_writes,interrupted,max_iovecs,copied_bytes,barriers,cpu_ns,wall_ns,p50_ns,p95_ns,p99_ns,load1_before,load1_after
pwritev_full_8m,process,250,10,1024,1024,4,0,domain,12,bytes,122880,122880,35241984,12,0,0,1024,0,0,2794460,2812688,235640,243819,252640,3.600,3.600
stderr:

[2026-07-15T18:50:56.430787+00:00] e000515 /home/bob/src/mess/.maw/workspaces/bn-1zv6/spikes/pwritev_group/target/release/pwritev_group point-auto pwritev_full_8m process 250 10 1024 4 domain 0
stdout:
variant,mode,payload,events_per_batch,owner_units,physical_batches,writers,chain,unit_shape,iterations,stop_reason,events,domain_events,bytes,write_syscalls,short_writes,interrupted,max_iovecs,copied_bytes,barriers,cpu_ns,wall_ns,p50_ns,p95_ns,p99_ns,load1_before,load1_after
pwritev_full_8m,process,250,10,1024,1024,4,0,domain,12,bytes,122880,122880,35241984,12,0,0,1024,0,0,2859711,2882408,240560,246669,251410,3.600,3.600
stderr:

[2026-07-15T18:50:57.461970+00:00] e000516 /home/bob/src/mess/.maw/workspaces/bn-1zv6/spikes/pwritev_group/target/release/pwritev_group point-auto k_pwrite process 250 10 1024 4 domain 0
stdout:
variant,mode,payload,events_per_batch,owner_units,physical_batches,writers,chain,unit_shape,iterations,stop_reason,events,domain_events,bytes,write_syscalls,short_writes,interrupted,max_iovecs,copied_bytes,barriers,cpu_ns,wall_ns,p50_ns,p95_ns,p99_ns,load1_before,load1_after
k_pwrite,process,250,10,1024,1024,4,0,domain,12,bytes,122880,122880,35241984,12288,0,0,0,0,0,14921293,15045959,1233699,1359199,1387618,3.550,3.550
stderr:

[2026-07-15T18:50:58.493542+00:00] e000517 /home/bob/src/mess/.maw/workspaces/bn-1zv6/spikes/pwritev_group/target/release/pwritev_group point-auto pwritev_256_8m process 250 10 1024 4 domain 0
stdout:
variant,mode,payload,events_per_batch,owner_units,physical_batches,writers,chain,unit_shape,iterations,stop_reason,events,domain_events,bytes,write_syscalls,short_writes,interrupted,max_iovecs,copied_bytes,barriers,cpu_ns,wall_ns,p50_ns,p95_ns,p99_ns,load1_before,load1_after
pwritev_256_8m,process,250,10,1024,1024,4,0,domain,12,bytes,122880,122880,35241984,48,0,0,256,0,0,3010151,3040297,250970,268460,270210,3.550,3.550
stderr:

[2026-07-15T18:50:59.516072+00:00] e000518 /home/bob/src/mess/.maw/workspaces/bn-1zv6/spikes/pwritev_group/target/release/pwritev_group point-auto k_pwrite process 250 10 1024 4 domain 0
stdout:
variant,mode,payload,events_per_batch,owner_units,physical_batches,writers,chain,unit_shape,iterations,stop_reason,events,domain_events,bytes,write_syscalls,short_writes,interrupted,max_iovecs,copied_bytes,barriers,cpu_ns,wall_ns,p50_ns,p95_ns,p99_ns,load1_before,load1_after
k_pwrite,process,250,10,1024,1024,4,0,domain,12,bytes,122880,122880,35241984,12288,0,0,0,0,0,14380314,14470150,1205590,1225589,1258649,3.550,3.550
stderr:

[2026-07-15T18:51:00.546636+00:00] e000519 /home/bob/src/mess/.maw/workspaces/bn-1zv6/spikes/pwritev_group/target/release/pwritev_group point-auto k_pwrite process 250 10 1024 4 domain 0
stdout:
variant,mode,payload,events_per_batch,owner_units,physical_batches,writers,chain,unit_shape,iterations,stop_reason,events,domain_events,bytes,write_syscalls,short_writes,interrupted,max_iovecs,copied_bytes,barriers,cpu_ns,wall_ns,p50_ns,p95_ns,p99_ns,load1_before,load1_after
k_pwrite,process,250,10,1024,1024,4,0,domain,12,bytes,122880,122880,35241984,12288,0,0,0,0,0,14439843,14544059,1211270,1244279,1268629,3.550,3.550
stderr:

[2026-07-15T18:51:01.567660+00:00] e000520 /home/bob/src/mess/.maw/workspaces/bn-1zv6/spikes/pwritev_group/target/release/pwritev_group point-auto pwritev_256_8m process 250 10 1024 4 domain 0
stdout:
variant,mode,payload,events_per_batch,owner_units,physical_batches,writers,chain,unit_shape,iterations,stop_reason,events,domain_events,bytes,write_syscalls,short_writes,interrupted,max_iovecs,copied_bytes,barriers,cpu_ns,wall_ns,p50_ns,p95_ns,p99_ns,load1_before,load1_after
pwritev_256_8m,process,250,10,1024,1024,4,0,domain,12,bytes,122880,122880,35241984,48,0,0,256,0,0,3138511,3155358,246080,300049,307630,3.550,3.550
stderr:

[2026-07-15T18:51:02.590221+00:00] e000521 /home/bob/src/mess/.maw/workspaces/bn-1zv6/spikes/pwritev_group/target/release/pwritev_group point-auto k_pwrite process 250 10 1024 4 domain 0
stdout:
variant,mode,payload,events_per_batch,owner_units,physical_batches,writers,chain,unit_shape,iterations,stop_reason,events,domain_events,bytes,write_syscalls,short_writes,interrupted,max_iovecs,copied_bytes,barriers,cpu_ns,wall_ns,p50_ns,p95_ns,p99_ns,load1_before,load1_after
k_pwrite,process,250,10,1024,1024,4,0,domain,12,bytes,122880,122880,35241984,12288,0,0,0,0,0,14418284,14500250,1189859,1282379,1321019,3.350,3.350
stderr:

[2026-07-15T18:51:03.620124+00:00] e000522 /home/bob/src/mess/.maw/workspaces/bn-1zv6/spikes/pwritev_group/target/release/pwritev_group point-auto pwritev_64_8m process 250 10 1024 4 domain 0
stdout:
variant,mode,payload,events_per_batch,owner_units,physical_batches,writers,chain,unit_shape,iterations,stop_reason,events,domain_events,bytes,write_syscalls,short_writes,interrupted,max_iovecs,copied_bytes,barriers,cpu_ns,wall_ns,p50_ns,p95_ns,p99_ns,load1_before,load1_after
pwritev_64_8m,process,250,10,1024,1024,4,0,domain,12,bytes,122880,122880,35241984,192,0,0,64,0,0,3742611,3796617,295090,386049,396319,3.350,3.350
stderr:

[2026-07-15T18:51:04.647207+00:00] e000523 /home/bob/src/mess/.maw/workspaces/bn-1zv6/spikes/pwritev_group/target/release/pwritev_group point-auto pwritev_64_8m process 250 10 1024 4 domain 0
stdout:
variant,mode,payload,events_per_batch,owner_units,physical_batches,writers,chain,unit_shape,iterations,stop_reason,events,domain_events,bytes,write_syscalls,short_writes,interrupted,max_iovecs,copied_bytes,barriers,cpu_ns,wall_ns,p50_ns,p95_ns,p99_ns,load1_before,load1_after
pwritev_64_8m,process,250,10,1024,1024,4,0,domain,12,bytes,122880,122880,35241984,192,0,0,64,0,0,3640841,3674557,293640,327360,403740,3.350,3.350
stderr:

[2026-07-15T18:51:05.674642+00:00] e000524 /home/bob/src/mess/.maw/workspaces/bn-1zv6/spikes/pwritev_group/target/release/pwritev_group point-auto k_pwrite process 250 10 1024 4 domain 0
stdout:
variant,mode,payload,events_per_batch,owner_units,physical_batches,writers,chain,unit_shape,iterations,stop_reason,events,domain_events,bytes,write_syscalls,short_writes,interrupted,max_iovecs,copied_bytes,barriers,cpu_ns,wall_ns,p50_ns,p95_ns,p99_ns,load1_before,load1_after
k_pwrite,process,250,10,1024,1024,4,0,domain,12,bytes,122880,122880,35241984,12288,0,0,0,0,0,14800384,14864449,1221319,1228449,1481319,3.350,3.350
stderr:

[2026-07-15T18:51:06.707379+00:00] e000525 /home/bob/src/mess/.maw/workspaces/bn-1zv6/spikes/pwritev_group/target/release/pwritev_group point-auto copy_contiguous process 250 10 1024 4 domain 0
stdout:
variant,mode,payload,events_per_batch,owner_units,physical_batches,writers,chain,unit_shape,iterations,stop_reason,events,domain_events,bytes,write_syscalls,short_writes,interrupted,max_iovecs,copied_bytes,barriers,cpu_ns,wall_ns,p50_ns,p95_ns,p99_ns,load1_before,load1_after
copy_contiguous,process,250,10,1024,1024,4,0,domain,12,bytes,122880,122880,35241984,12,0,0,0,35241984,0,5228771,5265646,439850,450039,458470,3.350,3.350
stderr:

[2026-07-15T18:51:07.729590+00:00] e000526 /home/bob/src/mess/.maw/workspaces/bn-1zv6/spikes/pwritev_group/target/release/pwritev_group point-auto k_pwrite process 250 10 1024 4 domain 0
stdout:
variant,mode,payload,events_per_batch,owner_units,physical_batches,writers,chain,unit_shape,iterations,stop_reason,events,domain_events,bytes,write_syscalls,short_writes,interrupted,max_iovecs,copied_bytes,barriers,cpu_ns,wall_ns,p50_ns,p95_ns,p99_ns,load1_before,load1_after
k_pwrite,process,250,10,1024,1024,4,0,domain,12,bytes,122880,122880,35241984,12288,0,0,0,0,0,17818664,17927357,1216339,1233269,4652597,3.320,3.320
stderr:

[2026-07-15T18:51:08.760642+00:00] e000527 /home/bob/src/mess/.maw/workspaces/bn-1zv6/spikes/pwritev_group/target/release/pwritev_group point-auto k_pwrite process 250 10 1024 4 domain 0
stdout:
variant,mode,payload,events_per_batch,owner_units,physical_batches,writers,chain,unit_shape,iterations,stop_reason,events,domain_events,bytes,write_syscalls,short_writes,interrupted,max_iovecs,copied_bytes,barriers,cpu_ns,wall_ns,p50_ns,p95_ns,p99_ns,load1_before,load1_after
k_pwrite,process,250,10,1024,1024,4,0,domain,12,bytes,122880,122880,35241984,12288,0,0,0,0,0,14569924,14710009,1212679,1248749,1321318,3.320,3.320
stderr:

[2026-07-15T18:51:09.785620+00:00] e000528 /home/bob/src/mess/.maw/workspaces/bn-1zv6/spikes/pwritev_group/target/release/pwritev_group point-auto copy_contiguous process 250 10 1024 4 domain 0
stdout:
variant,mode,payload,events_per_batch,owner_units,physical_batches,writers,chain,unit_shape,iterations,stop_reason,events,domain_events,bytes,write_syscalls,short_writes,interrupted,max_iovecs,copied_bytes,barriers,cpu_ns,wall_ns,p50_ns,p95_ns,p99_ns,load1_before,load1_after
copy_contiguous,process,250,10,1024,1024,4,0,domain,12,bytes,122880,122880,35241984,12,0,0,0,35241984,0,5416631,5463547,438380,488590,586269,3.320,3.320
stderr:

[2026-07-15T18:51:10.814233+00:00] e000529 /home/bob/src/mess/.maw/workspaces/bn-1zv6/spikes/pwritev_group/target/release/pwritev_group point-auto k_pwrite process 250 10 1024 4 new_name 0
stdout:
variant,mode,payload,events_per_batch,owner_units,physical_batches,writers,chain,unit_shape,iterations,stop_reason,events,domain_events,bytes,write_syscalls,short_writes,interrupted,max_iovecs,copied_bytes,barriers,cpu_ns,wall_ns,p50_ns,p95_ns,p99_ns,load1_before,load1_after
k_pwrite,process,250,10,1024,2048,4,0,new_name,11,bytes,123904,112640,33882112,22528,0,0,0,0,0,25247586,25434061,2000798,5288696,5288696,3.320,3.320
stderr:

[2026-07-15T18:51:11.838860+00:00] e000530 /home/bob/src/mess/.maw/workspaces/bn-1zv6/spikes/pwritev_group/target/release/pwritev_group point-auto pwritev_full_8m process 250 10 1024 4 new_name 0
stdout:
variant,mode,payload,events_per_batch,owner_units,physical_batches,writers,chain,unit_shape,iterations,stop_reason,events,domain_events,bytes,write_syscalls,short_writes,interrupted,max_iovecs,copied_bytes,barriers,cpu_ns,wall_ns,p50_ns,p95_ns,p99_ns,load1_before,load1_after
pwritev_full_8m,process,250,10,1024,2048,4,0,new_name,11,bytes,123904,112640,33882112,22,0,0,1024,0,0,3251591,3302098,298740,325959,325959,3.320,3.320
stderr:

[2026-07-15T18:51:12.872018+00:00] e000531 /home/bob/src/mess/.maw/workspaces/bn-1zv6/spikes/pwritev_group/target/release/pwritev_group point-auto pwritev_full_8m process 250 10 1024 4 new_name 0
stdout:
variant,mode,payload,events_per_batch,owner_units,physical_batches,writers,chain,unit_shape,iterations,stop_reason,events,domain_events,bytes,write_syscalls,short_writes,interrupted,max_iovecs,copied_bytes,barriers,cpu_ns,wall_ns,p50_ns,p95_ns,p99_ns,load1_before,load1_after
pwritev_full_8m,process,250,10,1024,2048,4,0,new_name,11,bytes,123904,112640,33882112,22,0,0,1024,0,0,3169161,3186447,288430,313400,313400,3.290,3.290
stderr:

[2026-07-15T18:51:13.902146+00:00] e000532 /home/bob/src/mess/.maw/workspaces/bn-1zv6/spikes/pwritev_group/target/release/pwritev_group point-auto k_pwrite process 250 10 1024 4 new_name 0
stdout:
variant,mode,payload,events_per_batch,owner_units,physical_batches,writers,chain,unit_shape,iterations,stop_reason,events,domain_events,bytes,write_syscalls,short_writes,interrupted,max_iovecs,copied_bytes,barriers,cpu_ns,wall_ns,p50_ns,p95_ns,p99_ns,load1_before,load1_after
k_pwrite,process,250,10,1024,2048,4,0,new_name,11,bytes,123904,112640,33882112,22528,0,0,0,0,0,26084366,26331781,2112769,5364637,5364637,3.290,3.290
stderr:

[2026-07-15T18:51:14.933694+00:00] e000533 /home/bob/src/mess/.maw/workspaces/bn-1zv6/spikes/pwritev_group/target/release/pwritev_group point-auto pwritev_256_8m process 250 10 1024 4 new_name 0
stdout:
variant,mode,payload,events_per_batch,owner_units,physical_batches,writers,chain,unit_shape,iterations,stop_reason,events,domain_events,bytes,write_syscalls,short_writes,interrupted,max_iovecs,copied_bytes,barriers,cpu_ns,wall_ns,p50_ns,p95_ns,p99_ns,load1_before,load1_after
pwritev_256_8m,process,250,10,1024,2048,4,0,new_name,11,bytes,123904,112640,33882112,88,0,0,256,0,0,3352741,3369198,303560,317430,317430,3.290,3.290
stderr:

[2026-07-15T18:51:15.964581+00:00] e000534 /home/bob/src/mess/.maw/workspaces/bn-1zv6/spikes/pwritev_group/target/release/pwritev_group point-auto k_pwrite process 250 10 1024 4 new_name 0
stdout:
variant,mode,payload,events_per_batch,owner_units,physical_batches,writers,chain,unit_shape,iterations,stop_reason,events,domain_events,bytes,write_syscalls,short_writes,interrupted,max_iovecs,copied_bytes,barriers,cpu_ns,wall_ns,p50_ns,p95_ns,p99_ns,load1_before,load1_after
k_pwrite,process,250,10,1024,2048,4,0,new_name,11,bytes,123904,112640,33882112,22528,0,0,0,0,0,24404546,24602402,2025998,4075817,4075817,3.290,3.290
stderr:

[2026-07-15T18:51:17.000449+00:00] e000535 /home/bob/src/mess/.maw/workspaces/bn-1zv6/spikes/pwritev_group/target/release/pwritev_group point-auto k_pwrite process 250 10 1024 4 new_name 0
stdout:
variant,mode,payload,events_per_batch,owner_units,physical_batches,writers,chain,unit_shape,iterations,stop_reason,events,domain_events,bytes,write_syscalls,short_writes,interrupted,max_iovecs,copied_bytes,barriers,cpu_ns,wall_ns,p50_ns,p95_ns,p99_ns,load1_before,load1_after
k_pwrite,process,250,10,1024,2048,4,0,new_name,11,bytes,123904,112640,33882112,22528,0,0,0,0,0,23643796,23804643,1976869,3966427,3966427,3.110,3.110
stderr:

[2026-07-15T18:51:18.026725+00:00] e000536 /home/bob/src/mess/.maw/workspaces/bn-1zv6/spikes/pwritev_group/target/release/pwritev_group point-auto pwritev_256_8m process 250 10 1024 4 new_name 0
stdout:
variant,mode,payload,events_per_batch,owner_units,physical_batches,writers,chain,unit_shape,iterations,stop_reason,events,domain_events,bytes,write_syscalls,short_writes,interrupted,max_iovecs,copied_bytes,barriers,cpu_ns,wall_ns,p50_ns,p95_ns,p99_ns,load1_before,load1_after
pwritev_256_8m,process,250,10,1024,2048,4,0,new_name,11,bytes,123904,112640,33882112,88,0,0,256,0,0,3560181,3581208,314119,426330,426330,3.110,3.110
stderr:

[2026-07-15T18:51:19.058338+00:00] e000537 /home/bob/src/mess/.maw/workspaces/bn-1zv6/spikes/pwritev_group/target/release/pwritev_group point-auto k_pwrite process 250 10 1024 4 new_name 0
stdout:
variant,mode,payload,events_per_batch,owner_units,physical_batches,writers,chain,unit_shape,iterations,stop_reason,events,domain_events,bytes,write_syscalls,short_writes,interrupted,max_iovecs,copied_bytes,barriers,cpu_ns,wall_ns,p50_ns,p95_ns,p99_ns,load1_before,load1_after
k_pwrite,process,250,10,1024,2048,4,0,new_name,11,bytes,123904,112640,33882112,22528,0,0,0,0,0,23096926,23288303,2063358,2447438,2447438,3.110,3.110
stderr:

[2026-07-15T18:51:20.092563+00:00] e000538 /home/bob/src/mess/.maw/workspaces/bn-1zv6/spikes/pwritev_group/target/release/pwritev_group point-auto pwritev_64_8m process 250 10 1024 4 new_name 0
stdout:
variant,mode,payload,events_per_batch,owner_units,physical_batches,writers,chain,unit_shape,iterations,stop_reason,events,domain_events,bytes,write_syscalls,short_writes,interrupted,max_iovecs,copied_bytes,barriers,cpu_ns,wall_ns,p50_ns,p95_ns,p99_ns,load1_before,load1_after
pwritev_64_8m,process,250,10,1024,2048,4,0,new_name,11,bytes,123904,112640,33882112,352,0,0,64,0,0,7616482,7671635,377060,2765728,2765728,3.110,3.110
stderr:

[2026-07-15T18:51:21.114848+00:00] e000539 /home/bob/src/mess/.maw/workspaces/bn-1zv6/spikes/pwritev_group/target/release/pwritev_group point-auto pwritev_64_8m process 250 10 1024 4 new_name 0
stdout:
variant,mode,payload,events_per_batch,owner_units,physical_batches,writers,chain,unit_shape,iterations,stop_reason,events,domain_events,bytes,write_syscalls,short_writes,interrupted,max_iovecs,copied_bytes,barriers,cpu_ns,wall_ns,p50_ns,p95_ns,p99_ns,load1_before,load1_after
pwritev_64_8m,process,250,10,1024,2048,4,0,new_name,11,bytes,123904,112640,33882112,352,0,0,64,0,0,4513991,4576896,383810,510020,510020,3.110,3.110
stderr:

[2026-07-15T18:51:22.144409+00:00] e000540 /home/bob/src/mess/.maw/workspaces/bn-1zv6/spikes/pwritev_group/target/release/pwritev_group point-auto k_pwrite process 250 10 1024 4 new_name 0
stdout:
variant,mode,payload,events_per_batch,owner_units,physical_batches,writers,chain,unit_shape,iterations,stop_reason,events,domain_events,bytes,write_syscalls,short_writes,interrupted,max_iovecs,copied_bytes,barriers,cpu_ns,wall_ns,p50_ns,p95_ns,p99_ns,load1_before,load1_after
k_pwrite,process,250,10,1024,2048,4,0,new_name,11,bytes,123904,112640,33882112,22528,0,0,0,0,0,26226426,26436401,2055739,5579836,5579836,3.820,3.820
stderr:

[2026-07-15T18:51:23.177274+00:00] e000541 /home/bob/src/mess/.maw/workspaces/bn-1zv6/spikes/pwritev_group/target/release/pwritev_group point-auto copy_contiguous process 250 10 1024 4 new_name 0
stdout:
variant,mode,payload,events_per_batch,owner_units,physical_batches,writers,chain,unit_shape,iterations,stop_reason,events,domain_events,bytes,write_syscalls,short_writes,interrupted,max_iovecs,copied_bytes,barriers,cpu_ns,wall_ns,p50_ns,p95_ns,p99_ns,load1_before,load1_after
copy_contiguous,process,250,10,1024,2048,4,0,new_name,11,bytes,123904,112640,33882112,11,0,0,0,33882112,0,4995722,5030356,457539,472799,472799,3.820,3.820
stderr:

[2026-07-15T18:51:24.211449+00:00] e000542 /home/bob/src/mess/.maw/workspaces/bn-1zv6/spikes/pwritev_group/target/release/pwritev_group point-auto k_pwrite process 250 10 1024 4 new_name 0
stdout:
variant,mode,payload,events_per_batch,owner_units,physical_batches,writers,chain,unit_shape,iterations,stop_reason,events,domain_events,bytes,write_syscalls,short_writes,interrupted,max_iovecs,copied_bytes,barriers,cpu_ns,wall_ns,p50_ns,p95_ns,p99_ns,load1_before,load1_after
k_pwrite,process,250,10,1024,2048,4,0,new_name,11,bytes,123904,112640,33882112,22528,0,0,0,0,0,26528746,26868251,2106008,5634146,5634146,3.820,3.820
stderr:

[2026-07-15T18:51:25.236791+00:00] e000543 /home/bob/src/mess/.maw/workspaces/bn-1zv6/spikes/pwritev_group/target/release/pwritev_group point-auto k_pwrite process 250 10 1024 4 new_name 0
stdout:
variant,mode,payload,events_per_batch,owner_units,physical_batches,writers,chain,unit_shape,iterations,stop_reason,events,domain_events,bytes,write_syscalls,short_writes,interrupted,max_iovecs,copied_bytes,barriers,cpu_ns,wall_ns,p50_ns,p95_ns,p99_ns,load1_before,load1_after
k_pwrite,process,250,10,1024,2048,4,0,new_name,11,bytes,123904,112640,33882112,22528,0,0,0,0,0,22456276,22668934,2059569,2119889,2119889,3.820,3.820
stderr:

[2026-07-15T18:51:26.264987+00:00] e000544 /home/bob/src/mess/.maw/workspaces/bn-1zv6/spikes/pwritev_group/target/release/pwritev_group point-auto copy_contiguous process 250 10 1024 4 new_name 0
stdout:
variant,mode,payload,events_per_batch,owner_units,physical_batches,writers,chain,unit_shape,iterations,stop_reason,events,domain_events,bytes,write_syscalls,short_writes,interrupted,max_iovecs,copied_bytes,barriers,cpu_ns,wall_ns,p50_ns,p95_ns,p99_ns,load1_before,load1_after
copy_contiguous,process,250,10,1024,2048,4,0,new_name,11,bytes,123904,112640,33882112,11,0,0,0,33882112,0,7000072,7047055,503530,1938199,1938199,3.820,3.820
stderr:

[2026-07-15T18:51:27.289131+00:00] e000545 /home/bob/src/mess/.maw/workspaces/bn-1zv6/spikes/pwritev_group/target/release/pwritev_group point-auto k_pwrite process 250 10 1025 4 domain 0
stdout:
variant,mode,payload,events_per_batch,owner_units,physical_batches,writers,chain,unit_shape,iterations,stop_reason,events,domain_events,bytes,write_syscalls,short_writes,interrupted,max_iovecs,copied_bytes,barriers,cpu_ns,wall_ns,p50_ns,p95_ns,p99_ns,load1_before,load1_after
k_pwrite,process,250,10,1025,1025,4,0,domain,12,bytes,123000,123000,35276400,12300,0,0,0,0,0,14832184,14947679,1233049,1308789,1335279,3.680,3.680
stderr:

[2026-07-15T18:51:28.322567+00:00] e000546 /home/bob/src/mess/.maw/workspaces/bn-1zv6/spikes/pwritev_group/target/release/pwritev_group point-auto pwritev_full_8m process 250 10 1025 4 domain 0
stdout:
variant,mode,payload,events_per_batch,owner_units,physical_batches,writers,chain,unit_shape,iterations,stop_reason,events,domain_events,bytes,write_syscalls,short_writes,interrupted,max_iovecs,copied_bytes,barriers,cpu_ns,wall_ns,p50_ns,p95_ns,p99_ns,load1_before,load1_after
pwritev_full_8m,process,250,10,1025,1025,4,0,domain,12,bytes,123000,123000,35276400,24,0,0,1024,0,0,5004852,5051396,412330,565499,574280,3.680,3.680
stderr:

[2026-07-15T18:51:29.355234+00:00] e000547 /home/bob/src/mess/.maw/workspaces/bn-1zv6/spikes/pwritev_group/target/release/pwritev_group point-auto pwritev_full_8m process 250 10 1025 4 domain 0
stdout:
variant,mode,payload,events_per_batch,owner_units,physical_batches,writers,chain,unit_shape,iterations,stop_reason,events,domain_events,bytes,write_syscalls,short_writes,interrupted,max_iovecs,copied_bytes,barriers,cpu_ns,wall_ns,p50_ns,p95_ns,p99_ns,load1_before,load1_after
pwritev_full_8m,process,250,10,1025,1025,4,0,domain,12,bytes,123000,123000,35276400,24,0,0,1024,0,0,4065431,4138757,359190,391749,397220,3.680,3.680
stderr:

[2026-07-15T18:51:30.385858+00:00] e000548 /home/bob/src/mess/.maw/workspaces/bn-1zv6/spikes/pwritev_group/target/release/pwritev_group point-auto k_pwrite process 250 10 1025 4 domain 0
stdout:
variant,mode,payload,events_per_batch,owner_units,physical_batches,writers,chain,unit_shape,iterations,stop_reason,events,domain_events,bytes,write_syscalls,short_writes,interrupted,max_iovecs,copied_bytes,barriers,cpu_ns,wall_ns,p50_ns,p95_ns,p99_ns,load1_before,load1_after
k_pwrite,process,250,10,1025,1025,4,0,domain,12,bytes,123000,123000,35276400,12300,0,0,0,0,0,15362584,15570628,1257880,1453878,1473669,3.680,3.680
stderr:

[2026-07-15T18:51:31.419668+00:00] e000549 /home/bob/src/mess/.maw/workspaces/bn-1zv6/spikes/pwritev_group/target/release/pwritev_group point-auto pwritev_256_8m process 250 10 1025 4 domain 0
stdout:
variant,mode,payload,events_per_batch,owner_units,physical_batches,writers,chain,unit_shape,iterations,stop_reason,events,domain_events,bytes,write_syscalls,short_writes,interrupted,max_iovecs,copied_bytes,barriers,cpu_ns,wall_ns,p50_ns,p95_ns,p99_ns,load1_before,load1_after
pwritev_256_8m,process,250,10,1025,1025,4,0,domain,12,bytes,123000,123000,35276400,60,0,0,256,0,0,3446621,4485567,275350,363940,1358629,3.680,3.680
stderr:

[2026-07-15T18:51:32.452373+00:00] e000550 /home/bob/src/mess/.maw/workspaces/bn-1zv6/spikes/pwritev_group/target/release/pwritev_group point-auto k_pwrite process 250 10 1025 4 domain 0
stdout:
variant,mode,payload,events_per_batch,owner_units,physical_batches,writers,chain,unit_shape,iterations,stop_reason,events,domain_events,bytes,write_syscalls,short_writes,interrupted,max_iovecs,copied_bytes,barriers,cpu_ns,wall_ns,p50_ns,p95_ns,p99_ns,load1_before,load1_after
k_pwrite,process,250,10,1025,1025,4,0,domain,12,bytes,123000,123000,35276400,12300,0,0,0,0,0,14618843,14729829,1213129,1235800,1422289,3.460,3.460
stderr:

[2026-07-15T18:51:33.483830+00:00] e000551 /home/bob/src/mess/.maw/workspaces/bn-1zv6/spikes/pwritev_group/target/release/pwritev_group point-auto k_pwrite process 250 10 1025 4 domain 0
stdout:
variant,mode,payload,events_per_batch,owner_units,physical_batches,writers,chain,unit_shape,iterations,stop_reason,events,domain_events,bytes,write_syscalls,short_writes,interrupted,max_iovecs,copied_bytes,barriers,cpu_ns,wall_ns,p50_ns,p95_ns,p99_ns,load1_before,load1_after
k_pwrite,process,250,10,1025,1025,4,0,domain,12,bytes,123000,123000,35276400,12300,0,0,0,0,0,15136844,15338239,1225139,1438709,1584169,3.460,3.460
stderr:

[2026-07-15T18:51:34.517033+00:00] e000552 /home/bob/src/mess/.maw/workspaces/bn-1zv6/spikes/pwritev_group/target/release/pwritev_group point-auto pwritev_256_8m process 250 10 1025 4 domain 0
stdout:
variant,mode,payload,events_per_batch,owner_units,physical_batches,writers,chain,unit_shape,iterations,stop_reason,events,domain_events,bytes,write_syscalls,short_writes,interrupted,max_iovecs,copied_bytes,barriers,cpu_ns,wall_ns,p50_ns,p95_ns,p99_ns,load1_before,load1_after
pwritev_256_8m,process,250,10,1025,1025,4,0,domain,12,bytes,123000,123000,35276400,60,0,0,256,0,0,3110511,3125518,262940,278150,285299,3.460,3.460
stderr:

[2026-07-15T18:51:35.546518+00:00] e000553 /home/bob/src/mess/.maw/workspaces/bn-1zv6/spikes/pwritev_group/target/release/pwritev_group point-auto k_pwrite process 250 10 1025 4 domain 0
stdout:
variant,mode,payload,events_per_batch,owner_units,physical_batches,writers,chain,unit_shape,iterations,stop_reason,events,domain_events,bytes,write_syscalls,short_writes,interrupted,max_iovecs,copied_bytes,barriers,cpu_ns,wall_ns,p50_ns,p95_ns,p99_ns,load1_before,load1_after
k_pwrite,process,250,10,1025,1025,4,0,domain,12,bytes,123000,123000,35276400,12300,0,0,0,0,0,21280635,21575005,1494279,1813329,4801467,3.460,3.460
stderr:

[2026-07-15T18:51:36.572826+00:00] e000554 /home/bob/src/mess/.maw/workspaces/bn-1zv6/spikes/pwritev_group/target/release/pwritev_group point-auto pwritev_64_8m process 250 10 1025 4 domain 0
stdout:
variant,mode,payload,events_per_batch,owner_units,physical_batches,writers,chain,unit_shape,iterations,stop_reason,events,domain_events,bytes,write_syscalls,short_writes,interrupted,max_iovecs,copied_bytes,barriers,cpu_ns,wall_ns,p50_ns,p95_ns,p99_ns,load1_before,load1_after
pwritev_64_8m,process,250,10,1025,1025,4,0,domain,12,bytes,123000,123000,35276400,204,0,0,64,0,0,3521201,3578988,301730,316010,320280,3.460,3.460
stderr:

[2026-07-15T18:51:37.599741+00:00] e000555 /home/bob/src/mess/.maw/workspaces/bn-1zv6/spikes/pwritev_group/target/release/pwritev_group point-auto pwritev_64_8m process 250 10 1025 4 domain 0
stdout:
variant,mode,payload,events_per_batch,owner_units,physical_batches,writers,chain,unit_shape,iterations,stop_reason,events,domain_events,bytes,write_syscalls,short_writes,interrupted,max_iovecs,copied_bytes,barriers,cpu_ns,wall_ns,p50_ns,p95_ns,p99_ns,load1_before,load1_after
pwritev_64_8m,process,250,10,1025,1025,4,0,domain,12,bytes,123000,123000,35276400,204,0,0,64,0,0,3478881,3501617,292549,297600,303409,3.180,3.180
stderr:

[2026-07-15T18:51:38.629767+00:00] e000556 /home/bob/src/mess/.maw/workspaces/bn-1zv6/spikes/pwritev_group/target/release/pwritev_group point-auto k_pwrite process 250 10 1025 4 domain 0
stdout:
variant,mode,payload,events_per_batch,owner_units,physical_batches,writers,chain,unit_shape,iterations,stop_reason,events,domain_events,bytes,write_syscalls,short_writes,interrupted,max_iovecs,copied_bytes,barriers,cpu_ns,wall_ns,p50_ns,p95_ns,p99_ns,load1_before,load1_after
k_pwrite,process,250,10,1025,1025,4,0,domain,12,bytes,123000,123000,35276400,12300,0,0,0,0,0,14448044,14559009,1217059,1226279,1231889,3.180,3.180
stderr:

[2026-07-15T18:51:39.661580+00:00] e000557 /home/bob/src/mess/.maw/workspaces/bn-1zv6/spikes/pwritev_group/target/release/pwritev_group point-auto copy_contiguous process 250 10 1025 4 domain 0
stdout:
variant,mode,payload,events_per_batch,owner_units,physical_batches,writers,chain,unit_shape,iterations,stop_reason,events,domain_events,bytes,write_syscalls,short_writes,interrupted,max_iovecs,copied_bytes,barriers,cpu_ns,wall_ns,p50_ns,p95_ns,p99_ns,load1_before,load1_after
copy_contiguous,process,250,10,1025,1025,4,0,domain,12,bytes,123000,123000,35276400,12,0,0,0,35276400,0,5853661,5922506,462369,595389,655310,3.180,3.180
stderr:

[2026-07-15T18:51:40.689156+00:00] e000558 /home/bob/src/mess/.maw/workspaces/bn-1zv6/spikes/pwritev_group/target/release/pwritev_group point-auto k_pwrite process 250 10 1025 4 domain 0
stdout:
variant,mode,payload,events_per_batch,owner_units,physical_batches,writers,chain,unit_shape,iterations,stop_reason,events,domain_events,bytes,write_syscalls,short_writes,interrupted,max_iovecs,copied_bytes,barriers,cpu_ns,wall_ns,p50_ns,p95_ns,p99_ns,load1_before,load1_after
k_pwrite,process,250,10,1025,1025,4,0,domain,12,bytes,123000,123000,35276400,12300,0,0,0,0,0,16714534,16853128,1261399,1593199,2682278,3.180,3.180
stderr:

[2026-07-15T18:51:41.720850+00:00] e000559 /home/bob/src/mess/.maw/workspaces/bn-1zv6/spikes/pwritev_group/target/release/pwritev_group point-auto k_pwrite process 250 10 1025 4 domain 0
stdout:
variant,mode,payload,events_per_batch,owner_units,physical_batches,writers,chain,unit_shape,iterations,stop_reason,events,domain_events,bytes,write_syscalls,short_writes,interrupted,max_iovecs,copied_bytes,barriers,cpu_ns,wall_ns,p50_ns,p95_ns,p99_ns,load1_before,load1_after
k_pwrite,process,250,10,1025,1025,4,0,domain,12,bytes,123000,123000,35276400,12300,0,0,0,0,0,17829734,17990337,1413929,1657728,3165728,3.180,3.180
stderr:

[2026-07-15T18:51:42.749200+00:00] e000560 /home/bob/src/mess/.maw/workspaces/bn-1zv6/spikes/pwritev_group/target/release/pwritev_group point-auto copy_contiguous process 250 10 1025 4 domain 0
stdout:
variant,mode,payload,events_per_batch,owner_units,physical_batches,writers,chain,unit_shape,iterations,stop_reason,events,domain_events,bytes,write_syscalls,short_writes,interrupted,max_iovecs,copied_bytes,barriers,cpu_ns,wall_ns,p50_ns,p95_ns,p99_ns,load1_before,load1_after
copy_contiguous,process,250,10,1025,1025,4,0,domain,12,bytes,123000,123000,35276400,12,0,0,0,35276400,0,5220932,5253236,438050,450219,457530,3.010,3.010
stderr:

[2026-07-15T18:51:43.778459+00:00] e000561 /home/bob/src/mess/.maw/workspaces/bn-1zv6/spikes/pwritev_group/target/release/pwritev_group point-auto k_pwrite process 250 10 1025 4 new_name 0
stdout:
variant,mode,payload,events_per_batch,owner_units,physical_batches,writers,chain,unit_shape,iterations,stop_reason,events,domain_events,bytes,write_syscalls,short_writes,interrupted,max_iovecs,copied_bytes,barriers,cpu_ns,wall_ns,p50_ns,p95_ns,p99_ns,load1_before,load1_after
k_pwrite,process,250,10,1025,2050,4,0,new_name,11,bytes,124025,112750,33915200,22550,0,0,0,0,0,25492396,25665342,1987368,5635666,5635666,3.010,3.010
stderr:

[2026-07-15T18:51:44.807113+00:00] e000562 /home/bob/src/mess/.maw/workspaces/bn-1zv6/spikes/pwritev_group/target/release/pwritev_group point-auto pwritev_full_8m process 250 10 1025 4 new_name 0
stdout:
variant,mode,payload,events_per_batch,owner_units,physical_batches,writers,chain,unit_shape,iterations,stop_reason,events,domain_events,bytes,write_syscalls,short_writes,interrupted,max_iovecs,copied_bytes,barriers,cpu_ns,wall_ns,p50_ns,p95_ns,p99_ns,load1_before,load1_after
pwritev_full_8m,process,250,10,1025,2050,4,0,new_name,11,bytes,124025,112750,33915200,33,0,0,1024,0,0,3124141,3147578,283940,296000,296000,3.010,3.010
stderr:

[2026-07-15T18:51:45.837208+00:00] e000563 /home/bob/src/mess/.maw/workspaces/bn-1zv6/spikes/pwritev_group/target/release/pwritev_group point-auto pwritev_full_8m process 250 10 1025 4 new_name 0
stdout:
variant,mode,payload,events_per_batch,owner_units,physical_batches,writers,chain,unit_shape,iterations,stop_reason,events,domain_events,bytes,write_syscalls,short_writes,interrupted,max_iovecs,copied_bytes,barriers,cpu_ns,wall_ns,p50_ns,p95_ns,p99_ns,load1_before,load1_after
pwritev_full_8m,process,250,10,1025,2050,4,0,new_name,11,bytes,124025,112750,33915200,33,0,0,1024,0,0,3157170,3182478,284750,321660,321660,3.010,3.010
stderr:

[2026-07-15T18:51:46.870178+00:00] e000564 /home/bob/src/mess/.maw/workspaces/bn-1zv6/spikes/pwritev_group/target/release/pwritev_group point-auto k_pwrite process 250 10 1025 4 new_name 0
stdout:
variant,mode,payload,events_per_batch,owner_units,physical_batches,writers,chain,unit_shape,iterations,stop_reason,events,domain_events,bytes,write_syscalls,short_writes,interrupted,max_iovecs,copied_bytes,barriers,cpu_ns,wall_ns,p50_ns,p95_ns,p99_ns,load1_before,load1_after
k_pwrite,process,250,10,1025,2050,4,0,new_name,11,bytes,124025,112750,33915200,22550,0,0,0,0,0,25608256,25882852,2039359,5346456,5346456,3.010,3.010
stderr:

[2026-07-15T18:51:47.899864+00:00] e000565 /home/bob/src/mess/.maw/workspaces/bn-1zv6/spikes/pwritev_group/target/release/pwritev_group point-auto pwritev_256_8m process 250 10 1025 4 new_name 0
stdout:
variant,mode,payload,events_per_batch,owner_units,physical_batches,writers,chain,unit_shape,iterations,stop_reason,events,domain_events,bytes,write_syscalls,short_writes,interrupted,max_iovecs,copied_bytes,barriers,cpu_ns,wall_ns,p50_ns,p95_ns,p99_ns,load1_before,load1_after
pwritev_256_8m,process,250,10,1025,2050,4,0,new_name,11,bytes,124025,112750,33915200,99,0,0,256,0,0,3535990,3561798,323810,338920,338920,3.090,3.090
stderr:

[2026-07-15T18:51:48.925377+00:00] e000566 /home/bob/src/mess/.maw/workspaces/bn-1zv6/spikes/pwritev_group/target/release/pwritev_group point-auto k_pwrite process 250 10 1025 4 new_name 0
stdout:
variant,mode,payload,events_per_batch,owner_units,physical_batches,writers,chain,unit_shape,iterations,stop_reason,events,domain_events,bytes,write_syscalls,short_writes,interrupted,max_iovecs,copied_bytes,barriers,cpu_ns,wall_ns,p50_ns,p95_ns,p99_ns,load1_before,load1_after
k_pwrite,process,250,10,1025,2050,4,0,new_name,11,bytes,124025,112750,33915200,22550,0,0,0,0,0,21850275,22097674,1998119,2104069,2104069,3.090,3.090
stderr:

[2026-07-15T18:51:49.954754+00:00] e000567 /home/bob/src/mess/.maw/workspaces/bn-1zv6/spikes/pwritev_group/target/release/pwritev_group point-auto k_pwrite process 250 10 1025 4 new_name 0
stdout:
variant,mode,payload,events_per_batch,owner_units,physical_batches,writers,chain,unit_shape,iterations,stop_reason,events,domain_events,bytes,write_syscalls,short_writes,interrupted,max_iovecs,copied_bytes,barriers,cpu_ns,wall_ns,p50_ns,p95_ns,p99_ns,load1_before,load1_after
k_pwrite,process,250,10,1025,2050,4,0,new_name,11,bytes,124025,112750,33915200,22550,0,0,0,0,0,24745275,24955712,2001609,4853717,4853717,3.090,3.090
stderr:

[2026-07-15T18:51:50.978601+00:00] e000568 /home/bob/src/mess/.maw/workspaces/bn-1zv6/spikes/pwritev_group/target/release/pwritev_group point-auto pwritev_256_8m process 250 10 1025 4 new_name 0
stdout:
variant,mode,payload,events_per_batch,owner_units,physical_batches,writers,chain,unit_shape,iterations,stop_reason,events,domain_events,bytes,write_syscalls,short_writes,interrupted,max_iovecs,copied_bytes,barriers,cpu_ns,wall_ns,p50_ns,p95_ns,p99_ns,load1_before,load1_after
pwritev_256_8m,process,250,10,1025,2050,4,0,new_name,11,bytes,124025,112750,33915200,99,0,0,256,0,0,3604791,3634998,317470,390800,390800,3.090,3.090
stderr:

[2026-07-15T18:51:52.008934+00:00] e000569 /home/bob/src/mess/.maw/workspaces/bn-1zv6/spikes/pwritev_group/target/release/pwritev_group point-auto k_pwrite process 250 10 1025 4 new_name 0
stdout:
variant,mode,payload,events_per_batch,owner_units,physical_batches,writers,chain,unit_shape,iterations,stop_reason,events,domain_events,bytes,write_syscalls,short_writes,interrupted,max_iovecs,copied_bytes,barriers,cpu_ns,wall_ns,p50_ns,p95_ns,p99_ns,load1_before,load1_after
k_pwrite,process,250,10,1025,2050,4,0,new_name,11,bytes,124025,112750,33915200,22550,0,0,0,0,0,24950826,25518842,2000949,5341607,5341607,3.240,3.240
stderr:

[2026-07-15T18:51:53.040397+00:00] e000570 /home/bob/src/mess/.maw/workspaces/bn-1zv6/spikes/pwritev_group/target/release/pwritev_group point-auto pwritev_64_8m process 250 10 1025 4 new_name 0
stdout:
variant,mode,payload,events_per_batch,owner_units,physical_batches,writers,chain,unit_shape,iterations,stop_reason,events,domain_events,bytes,write_syscalls,short_writes,interrupted,max_iovecs,copied_bytes,barriers,cpu_ns,wall_ns,p50_ns,p95_ns,p99_ns,load1_before,load1_after
pwritev_64_8m,process,250,10,1025,2050,4,0,new_name,11,bytes,124025,112750,33915200,363,0,0,64,0,0,4299500,4326967,389639,414399,414399,3.240,3.240
stderr:

[2026-07-15T18:51:54.071212+00:00] e000571 /home/bob/src/mess/.maw/workspaces/bn-1zv6/spikes/pwritev_group/target/release/pwritev_group point-auto pwritev_64_8m process 250 10 1025 4 new_name 0
stdout:
variant,mode,payload,events_per_batch,owner_units,physical_batches,writers,chain,unit_shape,iterations,stop_reason,events,domain_events,bytes,write_syscalls,short_writes,interrupted,max_iovecs,copied_bytes,barriers,cpu_ns,wall_ns,p50_ns,p95_ns,p99_ns,load1_before,load1_after
pwritev_64_8m,process,250,10,1025,2050,4,0,new_name,11,bytes,124025,112750,33915200,363,0,0,64,0,0,4245481,4281676,390170,414769,414769,3.240,3.240
stderr:

[2026-07-15T18:51:55.104021+00:00] e000572 /home/bob/src/mess/.maw/workspaces/bn-1zv6/spikes/pwritev_group/target/release/pwritev_group point-auto k_pwrite process 250 10 1025 4 new_name 0
stdout:
variant,mode,payload,events_per_batch,owner_units,physical_batches,writers,chain,unit_shape,iterations,stop_reason,events,domain_events,bytes,write_syscalls,short_writes,interrupted,max_iovecs,copied_bytes,barriers,cpu_ns,wall_ns,p50_ns,p95_ns,p99_ns,load1_before,load1_after
k_pwrite,process,250,10,1025,2050,4,0,new_name,11,bytes,124025,112750,33915200,22550,0,0,0,0,0,21877265,22041214,1996659,2083909,2083909,3.240,3.240
stderr:

[2026-07-15T18:51:56.140472+00:00] e000573 /home/bob/src/mess/.maw/workspaces/bn-1zv6/spikes/pwritev_group/target/release/pwritev_group point-auto copy_contiguous process 250 10 1025 4 new_name 0
stdout:
variant,mode,payload,events_per_batch,owner_units,physical_batches,writers,chain,unit_shape,iterations,stop_reason,events,domain_events,bytes,write_syscalls,short_writes,interrupted,max_iovecs,copied_bytes,barriers,cpu_ns,wall_ns,p50_ns,p95_ns,p99_ns,load1_before,load1_after
copy_contiguous,process,250,10,1025,2050,4,0,new_name,11,bytes,124025,112750,33915200,11,0,0,0,33915200,0,5119051,5157126,460510,506650,506650,3.240,3.240
stderr:

[2026-07-15T18:51:57.173990+00:00] e000574 /home/bob/src/mess/.maw/workspaces/bn-1zv6/spikes/pwritev_group/target/release/pwritev_group point-auto k_pwrite process 250 10 1025 4 new_name 0
stdout:
variant,mode,payload,events_per_batch,owner_units,physical_batches,writers,chain,unit_shape,iterations,stop_reason,events,domain_events,bytes,write_syscalls,short_writes,interrupted,max_iovecs,copied_bytes,barriers,cpu_ns,wall_ns,p50_ns,p95_ns,p99_ns,load1_before,load1_after
k_pwrite,process,250,10,1025,2050,4,0,new_name,11,bytes,124025,112750,33915200,22550,0,0,0,0,0,21735595,21908484,1983319,2054118,2054118,3.780,3.780
stderr:

[2026-07-15T18:51:58.200119+00:00] e000575 /home/bob/src/mess/.maw/workspaces/bn-1zv6/spikes/pwritev_group/target/release/pwritev_group point-auto k_pwrite process 250 10 1025 4 new_name 0
stdout:
variant,mode,payload,events_per_batch,owner_units,physical_batches,writers,chain,unit_shape,iterations,stop_reason,events,domain_events,bytes,write_syscalls,short_writes,interrupted,max_iovecs,copied_bytes,barriers,cpu_ns,wall_ns,p50_ns,p95_ns,p99_ns,load1_before,load1_after
k_pwrite,process,250,10,1025,2050,4,0,new_name,11,bytes,124025,112750,33915200,22550,0,0,0,0,0,22045566,22215974,1989209,2329899,2329899,3.780,3.780
stderr:

[2026-07-15T18:51:59.222293+00:00] e000576 /home/bob/src/mess/.maw/workspaces/bn-1zv6/spikes/pwritev_group/target/release/pwritev_group point-auto copy_contiguous process 250 10 1025 4 new_name 0
stdout:
variant,mode,payload,events_per_batch,owner_units,physical_batches,writers,chain,unit_shape,iterations,stop_reason,events,domain_events,bytes,write_syscalls,short_writes,interrupted,max_iovecs,copied_bytes,barriers,cpu_ns,wall_ns,p50_ns,p95_ns,p99_ns,load1_before,load1_after
copy_contiguous,process,250,10,1025,2050,4,0,new_name,11,bytes,124025,112750,33915200,11,0,0,0,33915200,0,8203242,8256944,481320,3470067,3470067,3.780,3.780
stderr:

[2026-07-15T18:52:00.255692+00:00] e000577 /home/bob/src/mess/.maw/workspaces/bn-1zv6/spikes/pwritev_group/target/release/pwritev_group point-auto k_pwrite process 250 100 2 2 domain 0
stdout:
variant,mode,payload,events_per_batch,owner_units,physical_batches,writers,chain,unit_shape,iterations,stop_reason,events,domain_events,bytes,write_syscalls,short_writes,interrupted,max_iovecs,copied_bytes,barriers,cpu_ns,wall_ns,p50_ns,p95_ns,p99_ns,load1_before,load1_after
k_pwrite,process,250,100,2,2,2,0,domain,602,bytes,120400,120400,33577152,1204,0,0,0,0,0,3396651,3431998,5440,5940,11330,3.780,3.780
stderr:

[2026-07-15T18:52:01.281699+00:00] e000578 /home/bob/src/mess/.maw/workspaces/bn-1zv6/spikes/pwritev_group/target/release/pwritev_group point-auto pwritev_full_8m process 250 100 2 2 domain 0
stdout:
variant,mode,payload,events_per_batch,owner_units,physical_batches,writers,chain,unit_shape,iterations,stop_reason,events,domain_events,bytes,write_syscalls,short_writes,interrupted,max_iovecs,copied_bytes,barriers,cpu_ns,wall_ns,p50_ns,p95_ns,p99_ns,load1_before,load1_after
pwritev_full_8m,process,250,100,2,2,2,0,domain,602,bytes,120400,120400,33577152,602,0,0,2,0,0,4958012,5207567,4550,12170,70750,3.780,3.780
stderr:

[2026-07-15T18:52:02.311403+00:00] e000579 /home/bob/src/mess/.maw/workspaces/bn-1zv6/spikes/pwritev_group/target/release/pwritev_group point-auto pwritev_full_8m process 250 100 2 2 domain 0
stdout:
variant,mode,payload,events_per_batch,owner_units,physical_batches,writers,chain,unit_shape,iterations,stop_reason,events,domain_events,bytes,write_syscalls,short_writes,interrupted,max_iovecs,copied_bytes,barriers,cpu_ns,wall_ns,p50_ns,p95_ns,p99_ns,load1_before,load1_after
pwritev_full_8m,process,250,100,2,2,2,0,domain,602,bytes,120400,120400,33577152,602,0,0,2,0,0,2661490,2688568,4180,5460,6690,3.720,3.720
stderr:

[2026-07-15T18:52:03.341177+00:00] e000580 /home/bob/src/mess/.maw/workspaces/bn-1zv6/spikes/pwritev_group/target/release/pwritev_group point-auto k_pwrite process 250 100 2 2 domain 0
stdout:
variant,mode,payload,events_per_batch,owner_units,physical_batches,writers,chain,unit_shape,iterations,stop_reason,events,domain_events,bytes,write_syscalls,short_writes,interrupted,max_iovecs,copied_bytes,barriers,cpu_ns,wall_ns,p50_ns,p95_ns,p99_ns,load1_before,load1_after
k_pwrite,process,250,100,2,2,2,0,domain,602,bytes,120400,120400,33577152,1204,0,0,0,0,0,3409261,3443147,5480,6240,8300,3.720,3.720
stderr:

[2026-07-15T18:52:04.372347+00:00] e000581 /home/bob/src/mess/.maw/workspaces/bn-1zv6/spikes/pwritev_group/target/release/pwritev_group point-auto copy_contiguous process 250 100 2 2 domain 0
stdout:
variant,mode,payload,events_per_batch,owner_units,physical_batches,writers,chain,unit_shape,iterations,stop_reason,events,domain_events,bytes,write_syscalls,short_writes,interrupted,max_iovecs,copied_bytes,barriers,cpu_ns,wall_ns,p50_ns,p95_ns,p99_ns,load1_before,load1_after
copy_contiguous,process,250,100,2,2,2,0,domain,602,bytes,120400,120400,33577152,602,0,0,0,33577152,0,3179131,3206328,5170,5350,6970,3.720,3.720
stderr:

[2026-07-15T18:52:05.409929+00:00] e000582 /home/bob/src/mess/.maw/workspaces/bn-1zv6/spikes/pwritev_group/target/release/pwritev_group point-auto k_pwrite process 250 100 2 2 domain 0
stdout:
variant,mode,payload,events_per_batch,owner_units,physical_batches,writers,chain,unit_shape,iterations,stop_reason,events,domain_events,bytes,write_syscalls,short_writes,interrupted,max_iovecs,copied_bytes,barriers,cpu_ns,wall_ns,p50_ns,p95_ns,p99_ns,load1_before,load1_after
k_pwrite,process,250,100,2,2,2,0,domain,602,bytes,120400,120400,33577152,1204,0,0,0,0,0,3451101,3496088,5450,7020,13130,3.720,3.720
stderr:

[2026-07-15T18:52:06.440192+00:00] e000583 /home/bob/src/mess/.maw/workspaces/bn-1zv6/spikes/pwritev_group/target/release/pwritev_group point-auto k_pwrite process 250 100 2 2 domain 0
stdout:
variant,mode,payload,events_per_batch,owner_units,physical_batches,writers,chain,unit_shape,iterations,stop_reason,events,domain_events,bytes,write_syscalls,short_writes,interrupted,max_iovecs,copied_bytes,barriers,cpu_ns,wall_ns,p50_ns,p95_ns,p99_ns,load1_before,load1_after
k_pwrite,process,250,100,2,2,2,0,domain,602,bytes,120400,120400,33577152,1204,0,0,0,0,0,3417091,3457758,5440,6440,9070,3.720,3.720
stderr:

[2026-07-15T18:52:07.469786+00:00] e000584 /home/bob/src/mess/.maw/workspaces/bn-1zv6/spikes/pwritev_group/target/release/pwritev_group point-auto copy_contiguous process 250 100 2 2 domain 0
stdout:
variant,mode,payload,events_per_batch,owner_units,physical_batches,writers,chain,unit_shape,iterations,stop_reason,events,domain_events,bytes,write_syscalls,short_writes,interrupted,max_iovecs,copied_bytes,barriers,cpu_ns,wall_ns,p50_ns,p95_ns,p99_ns,load1_before,load1_after
copy_contiguous,process,250,100,2,2,2,0,domain,602,bytes,120400,120400,33577152,602,0,0,0,33577152,0,3172841,3233958,4980,6600,9770,3.580,3.580
stderr:

[2026-07-15T18:52:08.501665+00:00] e000585 /home/bob/src/mess/.maw/workspaces/bn-1zv6/spikes/pwritev_group/target/release/pwritev_group point-auto k_pwrite process 250 100 2 2 new_name 0
stdout:
variant,mode,payload,events_per_batch,owner_units,physical_batches,writers,chain,unit_shape,iterations,stop_reason,events,domain_events,bytes,write_syscalls,short_writes,interrupted,max_iovecs,copied_bytes,barriers,cpu_ns,wall_ns,p50_ns,p95_ns,p99_ns,load1_before,load1_after
k_pwrite,process,250,100,2,4,2,0,new_name,599,bytes,120998,119800,33577544,2396,0,0,0,0,0,4340321,4380487,6880,9520,11410,3.580,3.580
stderr:

[2026-07-15T18:52:09.540318+00:00] e000586 /home/bob/src/mess/.maw/workspaces/bn-1zv6/spikes/pwritev_group/target/release/pwritev_group point-auto pwritev_full_8m process 250 100 2 2 new_name 0
stdout:
variant,mode,payload,events_per_batch,owner_units,physical_batches,writers,chain,unit_shape,iterations,stop_reason,events,domain_events,bytes,write_syscalls,short_writes,interrupted,max_iovecs,copied_bytes,barriers,cpu_ns,wall_ns,p50_ns,p95_ns,p99_ns,load1_before,load1_after
pwritev_full_8m,process,250,100,2,4,2,0,new_name,599,bytes,120998,119800,33577544,599,0,0,4,0,0,5353351,5729795,4260,7070,137670,3.580,3.580
stderr:

[2026-07-15T18:52:10.570211+00:00] e000587 /home/bob/src/mess/.maw/workspaces/bn-1zv6/spikes/pwritev_group/target/release/pwritev_group point-auto pwritev_full_8m process 250 100 2 2 new_name 0
stdout:
variant,mode,payload,events_per_batch,owner_units,physical_batches,writers,chain,unit_shape,iterations,stop_reason,events,domain_events,bytes,write_syscalls,short_writes,interrupted,max_iovecs,copied_bytes,barriers,cpu_ns,wall_ns,p50_ns,p95_ns,p99_ns,load1_before,load1_after
pwritev_full_8m,process,250,100,2,4,2,0,new_name,599,bytes,120998,119800,33577544,599,0,0,4,0,0,2677931,2723068,4260,5600,6930,3.580,3.580
stderr:

[2026-07-15T18:52:11.601063+00:00] e000588 /home/bob/src/mess/.maw/workspaces/bn-1zv6/spikes/pwritev_group/target/release/pwritev_group point-auto k_pwrite process 250 100 2 2 new_name 0
stdout:
variant,mode,payload,events_per_batch,owner_units,physical_batches,writers,chain,unit_shape,iterations,stop_reason,events,domain_events,bytes,write_syscalls,short_writes,interrupted,max_iovecs,copied_bytes,barriers,cpu_ns,wall_ns,p50_ns,p95_ns,p99_ns,load1_before,load1_after
k_pwrite,process,250,100,2,4,2,0,new_name,599,bytes,120998,119800,33577544,2396,0,0,0,0,0,4278201,4319746,6900,8320,13300,3.580,3.580
stderr:

[2026-07-15T18:52:12.629452+00:00] e000589 /home/bob/src/mess/.maw/workspaces/bn-1zv6/spikes/pwritev_group/target/release/pwritev_group point-auto copy_contiguous process 250 100 2 2 new_name 0
stdout:
variant,mode,payload,events_per_batch,owner_units,physical_batches,writers,chain,unit_shape,iterations,stop_reason,events,domain_events,bytes,write_syscalls,short_writes,interrupted,max_iovecs,copied_bytes,barriers,cpu_ns,wall_ns,p50_ns,p95_ns,p99_ns,load1_before,load1_after
copy_contiguous,process,250,100,2,4,2,0,new_name,599,bytes,120998,119800,33577544,599,0,0,0,33577544,0,3989801,4036378,6290,8650,11650,3.370,3.370
stderr:

[2026-07-15T18:52:13.658128+00:00] e000590 /home/bob/src/mess/.maw/workspaces/bn-1zv6/spikes/pwritev_group/target/release/pwritev_group point-auto k_pwrite process 250 100 2 2 new_name 0
stdout:
variant,mode,payload,events_per_batch,owner_units,physical_batches,writers,chain,unit_shape,iterations,stop_reason,events,domain_events,bytes,write_syscalls,short_writes,interrupted,max_iovecs,copied_bytes,barriers,cpu_ns,wall_ns,p50_ns,p95_ns,p99_ns,load1_before,load1_after
k_pwrite,process,250,100,2,4,2,0,new_name,599,bytes,120998,119800,33577544,2396,0,0,0,0,0,4305471,4348717,6940,7430,11750,3.370,3.370
stderr:

[2026-07-15T18:52:14.685655+00:00] e000591 /home/bob/src/mess/.maw/workspaces/bn-1zv6/spikes/pwritev_group/target/release/pwritev_group point-auto k_pwrite process 250 100 2 2 new_name 0
stdout:
variant,mode,payload,events_per_batch,owner_units,physical_batches,writers,chain,unit_shape,iterations,stop_reason,events,domain_events,bytes,write_syscalls,short_writes,interrupted,max_iovecs,copied_bytes,barriers,cpu_ns,wall_ns,p50_ns,p95_ns,p99_ns,load1_before,load1_after
k_pwrite,process,250,100,2,4,2,0,new_name,599,bytes,120998,119800,33577544,2396,0,0,0,0,0,4491211,4692196,6910,10530,21380,3.370,3.370
stderr:

[2026-07-15T18:52:15.713615+00:00] e000592 /home/bob/src/mess/.maw/workspaces/bn-1zv6/spikes/pwritev_group/target/release/pwritev_group point-auto copy_contiguous process 250 100 2 2 new_name 0
stdout:
variant,mode,payload,events_per_batch,owner_units,physical_batches,writers,chain,unit_shape,iterations,stop_reason,events,domain_events,bytes,write_syscalls,short_writes,interrupted,max_iovecs,copied_bytes,barriers,cpu_ns,wall_ns,p50_ns,p95_ns,p99_ns,load1_before,load1_after
copy_contiguous,process,250,100,2,4,2,0,new_name,599,bytes,120998,119800,33577544,599,0,0,0,33577544,0,3500111,3550588,5270,6990,13660,3.370,3.370
stderr:

[2026-07-15T18:52:16.742303+00:00] e000593 /home/bob/src/mess/.maw/workspaces/bn-1zv6/spikes/pwritev_group/target/release/pwritev_group point-auto k_pwrite process 250 100 4 4 domain 0
stdout:
variant,mode,payload,events_per_batch,owner_units,physical_batches,writers,chain,unit_shape,iterations,stop_reason,events,domain_events,bytes,write_syscalls,short_writes,interrupted,max_iovecs,copied_bytes,barriers,cpu_ns,wall_ns,p50_ns,p95_ns,p99_ns,load1_before,load1_after
k_pwrite,process,250,100,4,4,4,0,domain,301,bytes,120400,120400,33577152,1204,0,0,0,0,0,4188591,4244417,12270,19680,21620,3.370,3.370
stderr:

[2026-07-15T18:52:17.767668+00:00] e000594 /home/bob/src/mess/.maw/workspaces/bn-1zv6/spikes/pwritev_group/target/release/pwritev_group point-auto pwritev_full_8m process 250 100 4 4 domain 0
stdout:
variant,mode,payload,events_per_batch,owner_units,physical_batches,writers,chain,unit_shape,iterations,stop_reason,events,domain_events,bytes,write_syscalls,short_writes,interrupted,max_iovecs,copied_bytes,barriers,cpu_ns,wall_ns,p50_ns,p95_ns,p99_ns,load1_before,load1_after
pwritev_full_8m,process,250,100,4,4,4,0,domain,301,bytes,120400,120400,33577152,301,0,0,4,0,0,2197911,2238539,6830,10100,14460,3.340,3.340
stderr:

[2026-07-15T18:52:18.800505+00:00] e000595 /home/bob/src/mess/.maw/workspaces/bn-1zv6/spikes/pwritev_group/target/release/pwritev_group point-auto pwritev_full_8m process 250 100 4 4 domain 0
stdout:
variant,mode,payload,events_per_batch,owner_units,physical_batches,writers,chain,unit_shape,iterations,stop_reason,events,domain_events,bytes,write_syscalls,short_writes,interrupted,max_iovecs,copied_bytes,barriers,cpu_ns,wall_ns,p50_ns,p95_ns,p99_ns,load1_before,load1_after
pwritev_full_8m,process,250,100,4,4,4,0,domain,301,bytes,120400,120400,33577152,301,0,0,4,0,0,2309680,2355359,7100,10790,21810,3.340,3.340
stderr:

[2026-07-15T18:52:19.831700+00:00] e000596 /home/bob/src/mess/.maw/workspaces/bn-1zv6/spikes/pwritev_group/target/release/pwritev_group point-auto k_pwrite process 250 100 4 4 domain 0
stdout:
variant,mode,payload,events_per_batch,owner_units,physical_batches,writers,chain,unit_shape,iterations,stop_reason,events,domain_events,bytes,write_syscalls,short_writes,interrupted,max_iovecs,copied_bytes,barriers,cpu_ns,wall_ns,p50_ns,p95_ns,p99_ns,load1_before,load1_after
k_pwrite,process,250,100,4,4,4,0,domain,301,bytes,120400,120400,33577152,1204,0,0,0,0,0,3635281,3673697,11580,14840,23550,3.340,3.340
stderr:

[2026-07-15T18:52:20.861316+00:00] e000597 /home/bob/src/mess/.maw/workspaces/bn-1zv6/spikes/pwritev_group/target/release/pwritev_group point-auto copy_contiguous process 250 100 4 4 domain 0
stdout:
variant,mode,payload,events_per_batch,owner_units,physical_batches,writers,chain,unit_shape,iterations,stop_reason,events,domain_events,bytes,write_syscalls,short_writes,interrupted,max_iovecs,copied_bytes,barriers,cpu_ns,wall_ns,p50_ns,p95_ns,p99_ns,load1_before,load1_after
copy_contiguous,process,250,100,4,4,4,0,domain,301,bytes,120400,120400,33577152,301,0,0,0,33577152,0,2945691,2966088,8930,14440,16810,3.340,3.340
stderr:

[2026-07-15T18:52:21.885205+00:00] e000598 /home/bob/src/mess/.maw/workspaces/bn-1zv6/spikes/pwritev_group/target/release/pwritev_group point-auto k_pwrite process 250 100 4 4 domain 0
stdout:
variant,mode,payload,events_per_batch,owner_units,physical_batches,writers,chain,unit_shape,iterations,stop_reason,events,domain_events,bytes,write_syscalls,short_writes,interrupted,max_iovecs,copied_bytes,barriers,cpu_ns,wall_ns,p50_ns,p95_ns,p99_ns,load1_before,load1_after
k_pwrite,process,250,100,4,4,4,0,domain,301,bytes,120400,120400,33577152,1204,0,0,0,0,0,3587481,3607337,11160,16860,20960,3.340,3.340
stderr:

[2026-07-15T18:52:22.915371+00:00] e000599 /home/bob/src/mess/.maw/workspaces/bn-1zv6/spikes/pwritev_group/target/release/pwritev_group point-auto k_pwrite process 250 100 4 4 domain 0
stdout:
variant,mode,payload,events_per_batch,owner_units,physical_batches,writers,chain,unit_shape,iterations,stop_reason,events,domain_events,bytes,write_syscalls,short_writes,interrupted,max_iovecs,copied_bytes,barriers,cpu_ns,wall_ns,p50_ns,p95_ns,p99_ns,load1_before,load1_after
k_pwrite,process,250,100,4,4,4,0,domain,301,bytes,120400,120400,33577152,1204,0,0,0,0,0,3776531,3810818,11750,17160,22280,3.240,3.240
stderr:

[2026-07-15T18:52:23.948290+00:00] e000600 /home/bob/src/mess/.maw/workspaces/bn-1zv6/spikes/pwritev_group/target/release/pwritev_group point-auto copy_contiguous process 250 100 4 4 domain 0
stdout:
variant,mode,payload,events_per_batch,owner_units,physical_batches,writers,chain,unit_shape,iterations,stop_reason,events,domain_events,bytes,write_syscalls,short_writes,interrupted,max_iovecs,copied_bytes,barriers,cpu_ns,wall_ns,p50_ns,p95_ns,p99_ns,load1_before,load1_after
copy_contiguous,process,250,100,4,4,4,0,domain,301,bytes,120400,120400,33577152,301,0,0,0,33577152,0,5577972,5807846,11050,18370,233289,3.240,3.240
stderr:

[2026-07-15T18:52:24.982152+00:00] e000601 /home/bob/src/mess/.maw/workspaces/bn-1zv6/spikes/pwritev_group/target/release/pwritev_group point-auto k_pwrite process 250 100 4 4 new_name 0
stdout:
variant,mode,payload,events_per_batch,owner_units,physical_batches,writers,chain,unit_shape,iterations,stop_reason,events,domain_events,bytes,write_syscalls,short_writes,interrupted,max_iovecs,copied_bytes,barriers,cpu_ns,wall_ns,p50_ns,p95_ns,p99_ns,load1_before,load1_after
k_pwrite,process,250,100,4,8,4,0,new_name,300,bytes,121200,120000,33633600,2400,0,0,0,0,0,6765702,6833895,15580,31840,173060,3.240,3.240
stderr:

[2026-07-15T18:52:26.014155+00:00] e000602 /home/bob/src/mess/.maw/workspaces/bn-1zv6/spikes/pwritev_group/target/release/pwritev_group point-auto pwritev_full_8m process 250 100 4 4 new_name 0
stdout:
variant,mode,payload,events_per_batch,owner_units,physical_batches,writers,chain,unit_shape,iterations,stop_reason,events,domain_events,bytes,write_syscalls,short_writes,interrupted,max_iovecs,copied_bytes,barriers,cpu_ns,wall_ns,p50_ns,p95_ns,p99_ns,load1_before,load1_after
pwritev_full_8m,process,250,100,4,8,4,0,new_name,300,bytes,121200,120000,33633600,300,0,0,8,0,0,2234550,2254868,7040,10520,13850,3.240,3.240
stderr:

[2026-07-15T18:52:27.042014+00:00] e000603 /home/bob/src/mess/.maw/workspaces/bn-1zv6/spikes/pwritev_group/target/release/pwritev_group point-auto pwritev_full_8m process 250 100 4 4 new_name 0
stdout:
variant,mode,payload,events_per_batch,owner_units,physical_batches,writers,chain,unit_shape,iterations,stop_reason,events,domain_events,bytes,write_syscalls,short_writes,interrupted,max_iovecs,copied_bytes,barriers,cpu_ns,wall_ns,p50_ns,p95_ns,p99_ns,load1_before,load1_after
pwritev_full_8m,process,250,100,4,8,4,0,new_name,300,bytes,121200,120000,33633600,300,0,0,8,0,0,2295121,2324168,7390,9440,13270,3.060,3.060
stderr:

[2026-07-15T18:52:28.068990+00:00] e000604 /home/bob/src/mess/.maw/workspaces/bn-1zv6/spikes/pwritev_group/target/release/pwritev_group point-auto k_pwrite process 250 100 4 4 new_name 0
stdout:
variant,mode,payload,events_per_batch,owner_units,physical_batches,writers,chain,unit_shape,iterations,stop_reason,events,domain_events,bytes,write_syscalls,short_writes,interrupted,max_iovecs,copied_bytes,barriers,cpu_ns,wall_ns,p50_ns,p95_ns,p99_ns,load1_before,load1_after
k_pwrite,process,250,100,4,8,4,0,new_name,300,bytes,121200,120000,33633600,2400,0,0,0,0,0,4863291,4892647,15640,20050,23360,3.060,3.060
stderr:

[2026-07-15T18:52:29.102593+00:00] e000605 /home/bob/src/mess/.maw/workspaces/bn-1zv6/spikes/pwritev_group/target/release/pwritev_group point-auto copy_contiguous process 250 100 4 4 new_name 0
stdout:
variant,mode,payload,events_per_batch,owner_units,physical_batches,writers,chain,unit_shape,iterations,stop_reason,events,domain_events,bytes,write_syscalls,short_writes,interrupted,max_iovecs,copied_bytes,barriers,cpu_ns,wall_ns,p50_ns,p95_ns,p99_ns,load1_before,load1_after
copy_contiguous,process,250,100,4,8,4,0,new_name,300,bytes,121200,120000,33633600,300,0,0,0,33633600,0,2844371,2860408,9310,9880,14000,3.060,3.060
stderr:

[2026-07-15T18:52:30.125995+00:00] e000606 /home/bob/src/mess/.maw/workspaces/bn-1zv6/spikes/pwritev_group/target/release/pwritev_group point-auto k_pwrite process 250 100 4 4 new_name 0
stdout:
variant,mode,payload,events_per_batch,owner_units,physical_batches,writers,chain,unit_shape,iterations,stop_reason,events,domain_events,bytes,write_syscalls,short_writes,interrupted,max_iovecs,copied_bytes,barriers,cpu_ns,wall_ns,p50_ns,p95_ns,p99_ns,load1_before,load1_after
k_pwrite,process,250,100,4,8,4,0,new_name,300,bytes,121200,120000,33633600,2400,0,0,0,0,0,4837171,4875136,15560,19250,29230,3.060,3.060
stderr:

[2026-07-15T18:52:31.154493+00:00] e000607 /home/bob/src/mess/.maw/workspaces/bn-1zv6/spikes/pwritev_group/target/release/pwritev_group point-auto k_pwrite process 250 100 4 4 new_name 0
stdout:
variant,mode,payload,events_per_batch,owner_units,physical_batches,writers,chain,unit_shape,iterations,stop_reason,events,domain_events,bytes,write_syscalls,short_writes,interrupted,max_iovecs,copied_bytes,barriers,cpu_ns,wall_ns,p50_ns,p95_ns,p99_ns,load1_before,load1_after
k_pwrite,process,250,100,4,8,4,0,new_name,300,bytes,121200,120000,33633600,2400,0,0,0,0,0,5076111,5125556,14660,23390,32790,3.060,3.060
stderr:

[2026-07-15T18:52:32.180396+00:00] e000608 /home/bob/src/mess/.maw/workspaces/bn-1zv6/spikes/pwritev_group/target/release/pwritev_group point-auto copy_contiguous process 250 100 4 4 new_name 0
stdout:
variant,mode,payload,events_per_batch,owner_units,physical_batches,writers,chain,unit_shape,iterations,stop_reason,events,domain_events,bytes,write_syscalls,short_writes,interrupted,max_iovecs,copied_bytes,barriers,cpu_ns,wall_ns,p50_ns,p95_ns,p99_ns,load1_before,load1_after
copy_contiguous,process,250,100,4,8,4,0,new_name,300,bytes,121200,120000,33633600,300,0,0,0,33633600,0,6182192,6230705,9290,16220,272689,4.890,4.890
stderr:

[2026-07-15T18:52:33.213649+00:00] e000609 /home/bob/src/mess/.maw/workspaces/bn-1zv6/spikes/pwritev_group/target/release/pwritev_group point-auto k_pwrite process 250 1000 2 2 domain 0
stdout:
variant,mode,payload,events_per_batch,owner_units,physical_batches,writers,chain,unit_shape,iterations,stop_reason,events,domain_events,bytes,write_syscalls,short_writes,interrupted,max_iovecs,copied_bytes,barriers,cpu_ns,wall_ns,p50_ns,p95_ns,p99_ns,load1_before,load1_after
k_pwrite,process,250,1000,2,2,2,0,domain,61,bytes,122000,122000,33926736,122,0,0,0,0,0,3119381,3166938,49960,64950,68100,4.890,4.890
stderr:

[2026-07-15T18:52:34.246813+00:00] e000610 /home/bob/src/mess/.maw/workspaces/bn-1zv6/spikes/pwritev_group/target/release/pwritev_group point-auto pwritev_full_8m process 250 1000 2 2 domain 0
stdout:
variant,mode,payload,events_per_batch,owner_units,physical_batches,writers,chain,unit_shape,iterations,stop_reason,events,domain_events,bytes,write_syscalls,short_writes,interrupted,max_iovecs,copied_bytes,barriers,cpu_ns,wall_ns,p50_ns,p95_ns,p99_ns,load1_before,load1_after
pwritev_full_8m,process,250,1000,2,2,2,0,domain,61,bytes,122000,122000,33926736,61,0,0,2,0,0,6563801,6605795,49160,60030,1076289,4.890,4.890
stderr:

[2026-07-15T18:52:35.277977+00:00] e000611 /home/bob/src/mess/.maw/workspaces/bn-1zv6/spikes/pwritev_group/target/release/pwritev_group point-auto pwritev_full_8m process 250 1000 2 2 domain 0
stdout:
variant,mode,payload,events_per_batch,owner_units,physical_batches,writers,chain,unit_shape,iterations,stop_reason,events,domain_events,bytes,write_syscalls,short_writes,interrupted,max_iovecs,copied_bytes,barriers,cpu_ns,wall_ns,p50_ns,p95_ns,p99_ns,load1_before,load1_after
pwritev_full_8m,process,250,1000,2,2,2,0,domain,61,bytes,122000,122000,33926736,61,0,0,2,0,0,5614571,5647475,50930,94470,868550,4.890,4.890
stderr:

[2026-07-15T18:52:36.303488+00:00] e000612 /home/bob/src/mess/.maw/workspaces/bn-1zv6/spikes/pwritev_group/target/release/pwritev_group point-auto k_pwrite process 250 1000 2 2 domain 0
stdout:
variant,mode,payload,events_per_batch,owner_units,physical_batches,writers,chain,unit_shape,iterations,stop_reason,events,domain_events,bytes,write_syscalls,short_writes,interrupted,max_iovecs,copied_bytes,barriers,cpu_ns,wall_ns,p50_ns,p95_ns,p99_ns,load1_before,load1_after
k_pwrite,process,250,1000,2,2,2,0,domain,61,bytes,122000,122000,33926736,122,0,0,0,0,0,2964020,2984778,47980,56490,58050,4.890,4.890
stderr:

[2026-07-15T18:52:37.326573+00:00] e000613 /home/bob/src/mess/.maw/workspaces/bn-1zv6/spikes/pwritev_group/target/release/pwritev_group point-auto copy_contiguous process 250 1000 2 2 domain 0
stdout:
variant,mode,payload,events_per_batch,owner_units,physical_batches,writers,chain,unit_shape,iterations,stop_reason,events,domain_events,bytes,write_syscalls,short_writes,interrupted,max_iovecs,copied_bytes,barriers,cpu_ns,wall_ns,p50_ns,p95_ns,p99_ns,load1_before,load1_after
copy_contiguous,process,250,1000,2,2,2,0,domain,61,bytes,122000,122000,33926736,61,0,0,0,33926736,0,5267981,5308616,85250,93350,95730,4.660,4.660
stderr:

[2026-07-15T18:52:38.352209+00:00] e000614 /home/bob/src/mess/.maw/workspaces/bn-1zv6/spikes/pwritev_group/target/release/pwritev_group point-auto k_pwrite process 250 1000 2 2 domain 0
stdout:
variant,mode,payload,events_per_batch,owner_units,physical_batches,writers,chain,unit_shape,iterations,stop_reason,events,domain_events,bytes,write_syscalls,short_writes,interrupted,max_iovecs,copied_bytes,barriers,cpu_ns,wall_ns,p50_ns,p95_ns,p99_ns,load1_before,load1_after
k_pwrite,process,250,1000,2,2,2,0,domain,61,bytes,122000,122000,33926736,122,0,0,0,0,0,3143911,3174297,50470,63750,67320,4.660,4.660
stderr:

[2026-07-15T18:52:39.384374+00:00] e000615 /home/bob/src/mess/.maw/workspaces/bn-1zv6/spikes/pwritev_group/target/release/pwritev_group point-auto k_pwrite process 250 1000 2 2 domain 0
stdout:
variant,mode,payload,events_per_batch,owner_units,physical_batches,writers,chain,unit_shape,iterations,stop_reason,events,domain_events,bytes,write_syscalls,short_writes,interrupted,max_iovecs,copied_bytes,barriers,cpu_ns,wall_ns,p50_ns,p95_ns,p99_ns,load1_before,load1_after
k_pwrite,process,250,1000,2,2,2,0,domain,61,bytes,122000,122000,33926736,122,0,0,0,0,0,3166461,3195308,50790,60100,61130,4.660,4.660
stderr:

[2026-07-15T18:52:40.416109+00:00] e000616 /home/bob/src/mess/.maw/workspaces/bn-1zv6/spikes/pwritev_group/target/release/pwritev_group point-auto copy_contiguous process 250 1000 2 2 domain 0
stdout:
variant,mode,payload,events_per_batch,owner_units,physical_batches,writers,chain,unit_shape,iterations,stop_reason,events,domain_events,bytes,write_syscalls,short_writes,interrupted,max_iovecs,copied_bytes,barriers,cpu_ns,wall_ns,p50_ns,p95_ns,p99_ns,load1_before,load1_after
copy_contiguous,process,250,1000,2,2,2,0,domain,61,bytes,122000,122000,33926736,61,0,0,0,33926736,0,5236971,5263896,85149,91669,95030,4.660,4.660
stderr:

[2026-07-15T18:52:41.447317+00:00] e000617 /home/bob/src/mess/.maw/workspaces/bn-1zv6/spikes/pwritev_group/target/release/pwritev_group point-auto k_pwrite process 250 1000 2 2 new_name 0
stdout:
variant,mode,payload,events_per_batch,owner_units,physical_batches,writers,chain,unit_shape,iterations,stop_reason,events,domain_events,bytes,write_syscalls,short_writes,interrupted,max_iovecs,copied_bytes,barriers,cpu_ns,wall_ns,p50_ns,p95_ns,p99_ns,load1_before,load1_after
k_pwrite,process,250,1000,2,4,2,0,new_name,61,bytes,122122,122000,33943816,244,0,0,0,0,0,4588361,4657477,51030,66450,159190,4.660,4.660
stderr:

[2026-07-15T18:52:42.472426+00:00] e000618 /home/bob/src/mess/.maw/workspaces/bn-1zv6/spikes/pwritev_group/target/release/pwritev_group point-auto pwritev_full_8m process 250 1000 2 2 new_name 0
stdout:
variant,mode,payload,events_per_batch,owner_units,physical_batches,writers,chain,unit_shape,iterations,stop_reason,events,domain_events,bytes,write_syscalls,short_writes,interrupted,max_iovecs,copied_bytes,barriers,cpu_ns,wall_ns,p50_ns,p95_ns,p99_ns,load1_before,load1_after
pwritev_full_8m,process,250,1000,2,4,2,0,new_name,61,bytes,122122,122000,33943816,61,0,0,4,0,0,2830980,2863398,45240,54130,64060,4.450,4.450
stderr:

[2026-07-15T18:52:43.507958+00:00] e000619 /home/bob/src/mess/.maw/workspaces/bn-1zv6/spikes/pwritev_group/target/release/pwritev_group point-auto pwritev_full_8m process 250 1000 2 2 new_name 0
stdout:
variant,mode,payload,events_per_batch,owner_units,physical_batches,writers,chain,unit_shape,iterations,stop_reason,events,domain_events,bytes,write_syscalls,short_writes,interrupted,max_iovecs,copied_bytes,barriers,cpu_ns,wall_ns,p50_ns,p95_ns,p99_ns,load1_before,load1_after
pwritev_full_8m,process,250,1000,2,4,2,0,new_name,61,bytes,122122,122000,33943816,61,0,0,4,0,0,3061121,3084977,49420,57030,61910,4.450,4.450
stderr:

[2026-07-15T18:52:44.534438+00:00] e000620 /home/bob/src/mess/.maw/workspaces/bn-1zv6/spikes/pwritev_group/target/release/pwritev_group point-auto k_pwrite process 250 1000 2 2 new_name 0
stdout:
variant,mode,payload,events_per_batch,owner_units,physical_batches,writers,chain,unit_shape,iterations,stop_reason,events,domain_events,bytes,write_syscalls,short_writes,interrupted,max_iovecs,copied_bytes,barriers,cpu_ns,wall_ns,p50_ns,p95_ns,p99_ns,load1_before,load1_after
k_pwrite,process,250,1000,2,4,2,0,new_name,61,bytes,122122,122000,33943816,244,0,0,0,0,0,3151331,3176548,50580,58990,65450,4.450,4.450
stderr:

[2026-07-15T18:52:45.556607+00:00] e000621 /home/bob/src/mess/.maw/workspaces/bn-1zv6/spikes/pwritev_group/target/release/pwritev_group point-auto copy_contiguous process 250 1000 2 2 new_name 0
stdout:
variant,mode,payload,events_per_batch,owner_units,physical_batches,writers,chain,unit_shape,iterations,stop_reason,events,domain_events,bytes,write_syscalls,short_writes,interrupted,max_iovecs,copied_bytes,barriers,cpu_ns,wall_ns,p50_ns,p95_ns,p99_ns,load1_before,load1_after
copy_contiguous,process,250,1000,2,4,2,0,new_name,61,bytes,122122,122000,33943816,61,0,0,0,33943816,0,5217321,5275277,83460,101090,107020,4.450,4.450
stderr:

[2026-07-15T18:52:46.584893+00:00] e000622 /home/bob/src/mess/.maw/workspaces/bn-1zv6/spikes/pwritev_group/target/release/pwritev_group point-auto k_pwrite process 250 1000 2 2 new_name 0
stdout:
variant,mode,payload,events_per_batch,owner_units,physical_batches,writers,chain,unit_shape,iterations,stop_reason,events,domain_events,bytes,write_syscalls,short_writes,interrupted,max_iovecs,copied_bytes,barriers,cpu_ns,wall_ns,p50_ns,p95_ns,p99_ns,load1_before,load1_after
k_pwrite,process,250,1000,2,4,2,0,new_name,61,bytes,122122,122000,33943816,244,0,0,0,0,0,3215131,3385248,51770,63990,127080,4.450,4.450
stderr:

[2026-07-15T18:52:53.612402+00:00] e000623 /home/bob/src/mess/.maw/workspaces/bn-1zv6/spikes/pwritev_group/target/release/pwritev_group point-auto k_pwrite process 250 1000 2 2 new_name 0
stdout:
variant,mode,payload,events_per_batch,owner_units,physical_batches,writers,chain,unit_shape,iterations,stop_reason,events,domain_events,bytes,write_syscalls,short_writes,interrupted,max_iovecs,copied_bytes,barriers,cpu_ns,wall_ns,p50_ns,p95_ns,p99_ns,load1_before,load1_after
k_pwrite,process,250,1000,2,4,2,0,new_name,61,bytes,122122,122000,33943816,244,0,0,0,0,0,3568191,3595867,55600,77970,80100,5.680,5.680
stderr:

[2026-07-15T18:52:54.646006+00:00] e000624 /home/bob/src/mess/.maw/workspaces/bn-1zv6/spikes/pwritev_group/target/release/pwritev_group point-auto copy_contiguous process 250 1000 2 2 new_name 0
stdout:
variant,mode,payload,events_per_batch,owner_units,physical_batches,writers,chain,unit_shape,iterations,stop_reason,events,domain_events,bytes,write_syscalls,short_writes,interrupted,max_iovecs,copied_bytes,barriers,cpu_ns,wall_ns,p50_ns,p95_ns,p99_ns,load1_before,load1_after
copy_contiguous,process,250,1000,2,4,2,0,new_name,61,bytes,122122,122000,33943816,61,0,0,0,33943816,0,7793062,8022184,87220,136730,752859,5.680,5.680
stderr:

[2026-07-15T18:52:55.671009+00:00] e000625 /home/bob/src/mess/.maw/workspaces/bn-1zv6/spikes/pwritev_group/target/release/pwritev_group point-auto k_pwrite process 250 1000 4 4 domain 0
stdout:
variant,mode,payload,events_per_batch,owner_units,physical_batches,writers,chain,unit_shape,iterations,stop_reason,events,domain_events,bytes,write_syscalls,short_writes,interrupted,max_iovecs,copied_bytes,barriers,cpu_ns,wall_ns,p50_ns,p95_ns,p99_ns,load1_before,load1_after
k_pwrite,process,250,1000,4,4,4,0,domain,31,bytes,124000,124000,34482912,124,0,0,0,0,0,3027520,3053828,96370,108000,115690,5.680,5.680
stderr:

[2026-07-15T18:52:56.704855+00:00] e000626 /home/bob/src/mess/.maw/workspaces/bn-1zv6/spikes/pwritev_group/target/release/pwritev_group point-auto pwritev_full_8m process 250 1000 4 4 domain 0
stdout:
variant,mode,payload,events_per_batch,owner_units,physical_batches,writers,chain,unit_shape,iterations,stop_reason,events,domain_events,bytes,write_syscalls,short_writes,interrupted,max_iovecs,copied_bytes,barriers,cpu_ns,wall_ns,p50_ns,p95_ns,p99_ns,load1_before,load1_after
pwritev_full_8m,process,250,1000,4,4,4,0,domain,31,bytes,124000,124000,34482912,31,0,0,4,0,0,2904660,2928158,93540,107380,111020,5.680,5.680
stderr:

[2026-07-15T18:52:57.728396+00:00] e000627 /home/bob/src/mess/.maw/workspaces/bn-1zv6/spikes/pwritev_group/target/release/pwritev_group point-auto pwritev_full_8m process 250 1000 4 4 domain 0
stdout:
variant,mode,payload,events_per_batch,owner_units,physical_batches,writers,chain,unit_shape,iterations,stop_reason,events,domain_events,bytes,write_syscalls,short_writes,interrupted,max_iovecs,copied_bytes,barriers,cpu_ns,wall_ns,p50_ns,p95_ns,p99_ns,load1_before,load1_after
pwritev_full_8m,process,250,1000,4,4,4,0,domain,31,bytes,124000,124000,34482912,31,0,0,4,0,0,2859601,2877678,91240,109580,114180,5.310,5.310
stderr:

[2026-07-15T18:52:58.757224+00:00] e000628 /home/bob/src/mess/.maw/workspaces/bn-1zv6/spikes/pwritev_group/target/release/pwritev_group point-auto k_pwrite process 250 1000 4 4 domain 0
stdout:
variant,mode,payload,events_per_batch,owner_units,physical_batches,writers,chain,unit_shape,iterations,stop_reason,events,domain_events,bytes,write_syscalls,short_writes,interrupted,max_iovecs,copied_bytes,barriers,cpu_ns,wall_ns,p50_ns,p95_ns,p99_ns,load1_before,load1_after
k_pwrite,process,250,1000,4,4,4,0,domain,31,bytes,124000,124000,34482912,124,0,0,0,0,0,3050691,3071688,97240,109620,110590,5.310,5.310
stderr:

[2026-07-15T18:52:59.789190+00:00] e000629 /home/bob/src/mess/.maw/workspaces/bn-1zv6/spikes/pwritev_group/target/release/pwritev_group point-auto copy_contiguous process 250 1000 4 4 domain 0
stdout:
variant,mode,payload,events_per_batch,owner_units,physical_batches,writers,chain,unit_shape,iterations,stop_reason,events,domain_events,bytes,write_syscalls,short_writes,interrupted,max_iovecs,copied_bytes,barriers,cpu_ns,wall_ns,p50_ns,p95_ns,p99_ns,load1_before,load1_after
copy_contiguous,process,250,1000,4,4,4,0,domain,31,bytes,124000,124000,34482912,31,0,0,0,34482912,0,5264152,5313406,167120,200460,231250,5.310,5.310
stderr:

[2026-07-15T18:53:00.821319+00:00] e000630 /home/bob/src/mess/.maw/workspaces/bn-1zv6/spikes/pwritev_group/target/release/pwritev_group point-auto k_pwrite process 250 1000 4 4 domain 0
stdout:
variant,mode,payload,events_per_batch,owner_units,physical_batches,writers,chain,unit_shape,iterations,stop_reason,events,domain_events,bytes,write_syscalls,short_writes,interrupted,max_iovecs,copied_bytes,barriers,cpu_ns,wall_ns,p50_ns,p95_ns,p99_ns,load1_before,load1_after
k_pwrite,process,250,1000,4,4,4,0,domain,31,bytes,124000,124000,34482912,124,0,0,0,0,0,3484321,3508838,112820,129050,133630,5.310,5.310
stderr:

[2026-07-15T18:53:01.852207+00:00] e000631 /home/bob/src/mess/.maw/workspaces/bn-1zv6/spikes/pwritev_group/target/release/pwritev_group point-auto k_pwrite process 250 1000 4 4 domain 0
stdout:
variant,mode,payload,events_per_batch,owner_units,physical_batches,writers,chain,unit_shape,iterations,stop_reason,events,domain_events,bytes,write_syscalls,short_writes,interrupted,max_iovecs,copied_bytes,barriers,cpu_ns,wall_ns,p50_ns,p95_ns,p99_ns,load1_before,load1_after
k_pwrite,process,250,1000,4,4,4,0,domain,31,bytes,124000,124000,34482912,124,0,0,0,0,0,3301201,3327327,105220,128000,130619,5.310,5.310
stderr:

[2026-07-15T18:53:02.882582+00:00] e000632 /home/bob/src/mess/.maw/workspaces/bn-1zv6/spikes/pwritev_group/target/release/pwritev_group point-auto copy_contiguous process 250 1000 4 4 domain 0
stdout:
variant,mode,payload,events_per_batch,owner_units,physical_batches,writers,chain,unit_shape,iterations,stop_reason,events,domain_events,bytes,write_syscalls,short_writes,interrupted,max_iovecs,copied_bytes,barriers,cpu_ns,wall_ns,p50_ns,p95_ns,p99_ns,load1_before,load1_after
copy_contiguous,process,250,1000,4,4,4,0,domain,31,bytes,124000,124000,34482912,31,0,0,0,34482912,0,5584882,5637406,179580,232060,235870,4.960,4.960
stderr:

[2026-07-15T18:53:03.908635+00:00] e000633 /home/bob/src/mess/.maw/workspaces/bn-1zv6/spikes/pwritev_group/target/release/pwritev_group point-auto k_pwrite process 250 1000 4 4 new_name 0
stdout:
variant,mode,payload,events_per_batch,owner_units,physical_batches,writers,chain,unit_shape,iterations,stop_reason,events,domain_events,bytes,write_syscalls,short_writes,interrupted,max_iovecs,copied_bytes,barriers,cpu_ns,wall_ns,p50_ns,p95_ns,p99_ns,load1_before,load1_after
k_pwrite,process,250,1000,4,8,4,0,new_name,31,bytes,124124,124000,34500272,248,0,0,0,0,0,5907751,5945146,107180,516829,1926759,4.960,4.960
stderr:

[2026-07-15T18:53:04.937302+00:00] e000634 /home/bob/src/mess/.maw/workspaces/bn-1zv6/spikes/pwritev_group/target/release/pwritev_group point-auto pwritev_full_8m process 250 1000 4 4 new_name 0
stdout:
variant,mode,payload,events_per_batch,owner_units,physical_batches,writers,chain,unit_shape,iterations,stop_reason,events,domain_events,bytes,write_syscalls,short_writes,interrupted,max_iovecs,copied_bytes,barriers,cpu_ns,wall_ns,p50_ns,p95_ns,p99_ns,load1_before,load1_after
pwritev_full_8m,process,250,1000,4,8,4,0,new_name,31,bytes,124124,124000,34500272,31,0,0,8,0,0,2911541,2943468,87550,131250,151520,4.960,4.960
stderr:

[2026-07-15T18:53:05.960318+00:00] e000635 /home/bob/src/mess/.maw/workspaces/bn-1zv6/spikes/pwritev_group/target/release/pwritev_group point-auto pwritev_full_8m process 250 1000 4 4 new_name 0
stdout:
variant,mode,payload,events_per_batch,owner_units,physical_batches,writers,chain,unit_shape,iterations,stop_reason,events,domain_events,bytes,write_syscalls,short_writes,interrupted,max_iovecs,copied_bytes,barriers,cpu_ns,wall_ns,p50_ns,p95_ns,p99_ns,load1_before,load1_after
pwritev_full_8m,process,250,1000,4,8,4,0,new_name,31,bytes,124124,124000,34500272,31,0,0,8,0,0,2682580,2696978,85620,99570,102250,4.960,4.960
stderr:

[2026-07-15T18:53:06.990356+00:00] e000636 /home/bob/src/mess/.maw/workspaces/bn-1zv6/spikes/pwritev_group/target/release/pwritev_group point-auto k_pwrite process 250 1000 4 4 new_name 0
stdout:
variant,mode,payload,events_per_batch,owner_units,physical_batches,writers,chain,unit_shape,iterations,stop_reason,events,domain_events,bytes,write_syscalls,short_writes,interrupted,max_iovecs,copied_bytes,barriers,cpu_ns,wall_ns,p50_ns,p95_ns,p99_ns,load1_before,load1_after
k_pwrite,process,250,1000,4,8,4,0,new_name,31,bytes,124124,124000,34500272,248,0,0,0,0,0,3196870,3223637,98740,142170,144979,4.880,4.880
stderr:

[2026-07-15T18:53:08.023037+00:00] e000637 /home/bob/src/mess/.maw/workspaces/bn-1zv6/spikes/pwritev_group/target/release/pwritev_group point-auto copy_contiguous process 250 1000 4 4 new_name 0
stdout:
variant,mode,payload,events_per_batch,owner_units,physical_batches,writers,chain,unit_shape,iterations,stop_reason,events,domain_events,bytes,write_syscalls,short_writes,interrupted,max_iovecs,copied_bytes,barriers,cpu_ns,wall_ns,p50_ns,p95_ns,p99_ns,load1_before,load1_after
copy_contiguous,process,250,1000,4,8,4,0,new_name,31,bytes,124124,124000,34500272,31,0,0,0,34500272,0,5211621,5247296,168500,181030,185540,4.880,4.880
stderr:

[2026-07-15T18:53:09.054149+00:00] e000638 /home/bob/src/mess/.maw/workspaces/bn-1zv6/spikes/pwritev_group/target/release/pwritev_group point-auto k_pwrite process 250 1000 4 4 new_name 0
stdout:
variant,mode,payload,events_per_batch,owner_units,physical_batches,writers,chain,unit_shape,iterations,stop_reason,events,domain_events,bytes,write_syscalls,short_writes,interrupted,max_iovecs,copied_bytes,barriers,cpu_ns,wall_ns,p50_ns,p95_ns,p99_ns,load1_before,load1_after
k_pwrite,process,250,1000,4,8,4,0,new_name,31,bytes,124124,124000,34500272,248,0,0,0,0,0,3279941,3297478,103880,126890,135350,4.880,4.880
stderr:

[2026-07-15T18:53:10.083319+00:00] e000639 /home/bob/src/mess/.maw/workspaces/bn-1zv6/spikes/pwritev_group/target/release/pwritev_group point-auto k_pwrite process 250 1000 4 4 new_name 0
stdout:
variant,mode,payload,events_per_batch,owner_units,physical_batches,writers,chain,unit_shape,iterations,stop_reason,events,domain_events,bytes,write_syscalls,short_writes,interrupted,max_iovecs,copied_bytes,barriers,cpu_ns,wall_ns,p50_ns,p95_ns,p99_ns,load1_before,load1_after
k_pwrite,process,250,1000,4,8,4,0,new_name,31,bytes,124124,124000,34500272,248,0,0,0,0,0,3308471,4375117,105180,135020,1199169,4.880,4.880
stderr:

[2026-07-15T18:53:11.117027+00:00] e000640 /home/bob/src/mess/.maw/workspaces/bn-1zv6/spikes/pwritev_group/target/release/pwritev_group point-auto copy_contiguous process 250 1000 4 4 new_name 0
stdout:
variant,mode,payload,events_per_batch,owner_units,physical_batches,writers,chain,unit_shape,iterations,stop_reason,events,domain_events,bytes,write_syscalls,short_writes,interrupted,max_iovecs,copied_bytes,barriers,cpu_ns,wall_ns,p50_ns,p95_ns,p99_ns,load1_before,load1_after
copy_contiguous,process,250,1000,4,8,4,0,new_name,31,bytes,124124,124000,34500272,31,0,0,0,34500272,0,5326681,5378276,169280,213160,241150,4.880,4.880
stderr:

[2026-07-15T18:53:12.148209+00:00] e000641 /home/bob/src/mess/.maw/workspaces/bn-1zv6/spikes/pwritev_group/target/release/pwritev_group point-auto k_pwrite process 4096 1 2 2 domain 0
stdout:
variant,mode,payload,events_per_batch,owner_units,physical_batches,writers,chain,unit_shape,iterations,stop_reason,events,domain_events,bytes,write_syscalls,short_writes,interrupted,max_iovecs,copied_bytes,barriers,cpu_ns,wall_ns,p50_ns,p95_ns,p99_ns,load1_before,load1_after
k_pwrite,process,4096,1,2,2,2,0,domain,3984,bytes,7968,7968,33561216,7968,0,0,0,0,0,9614623,9693223,2300,2740,3020,4.730,4.730
stderr:

[2026-07-15T18:53:13.175877+00:00] e000642 /home/bob/src/mess/.maw/workspaces/bn-1zv6/spikes/pwritev_group/target/release/pwritev_group point-auto pwritev_full_8m process 4096 1 2 2 domain 0
stdout:
variant,mode,payload,events_per_batch,owner_units,physical_batches,writers,chain,unit_shape,iterations,stop_reason,events,domain_events,bytes,write_syscalls,short_writes,interrupted,max_iovecs,copied_bytes,barriers,cpu_ns,wall_ns,p50_ns,p95_ns,p99_ns,load1_before,load1_after
pwritev_full_8m,process,4096,1,2,2,2,0,domain,3984,bytes,7968,7968,33561216,3984,0,0,2,0,0,7414642,7485184,1740,2170,2370,4.730,4.730
stderr:

[2026-07-15T18:53:14.207212+00:00] e000643 /home/bob/src/mess/.maw/workspaces/bn-1zv6/spikes/pwritev_group/target/release/pwritev_group point-auto pwritev_full_8m process 4096 1 2 2 domain 0
stdout:
variant,mode,payload,events_per_batch,owner_units,physical_batches,writers,chain,unit_shape,iterations,stop_reason,events,domain_events,bytes,write_syscalls,short_writes,interrupted,max_iovecs,copied_bytes,barriers,cpu_ns,wall_ns,p50_ns,p95_ns,p99_ns,load1_before,load1_after
pwritev_full_8m,process,4096,1,2,2,2,0,domain,3984,bytes,7968,7968,33561216,3984,0,0,2,0,0,7406972,7505244,1740,2040,2360,4.730,4.730
stderr:

[2026-07-15T18:53:15.240478+00:00] e000644 /home/bob/src/mess/.maw/workspaces/bn-1zv6/spikes/pwritev_group/target/release/pwritev_group point-auto k_pwrite process 4096 1 2 2 domain 0
stdout:
variant,mode,payload,events_per_batch,owner_units,physical_batches,writers,chain,unit_shape,iterations,stop_reason,events,domain_events,bytes,write_syscalls,short_writes,interrupted,max_iovecs,copied_bytes,barriers,cpu_ns,wall_ns,p50_ns,p95_ns,p99_ns,load1_before,load1_after
k_pwrite,process,4096,1,2,2,2,0,domain,3984,bytes,7968,7968,33561216,7968,0,0,0,0,0,9834423,9915343,2320,2850,4020,4.730,4.730
stderr:

[2026-07-15T18:53:16.275813+00:00] e000645 /home/bob/src/mess/.maw/workspaces/bn-1zv6/spikes/pwritev_group/target/release/pwritev_group point-auto copy_contiguous process 4096 1 2 2 domain 0
stdout:
variant,mode,payload,events_per_batch,owner_units,physical_batches,writers,chain,unit_shape,iterations,stop_reason,events,domain_events,bytes,write_syscalls,short_writes,interrupted,max_iovecs,copied_bytes,barriers,cpu_ns,wall_ns,p50_ns,p95_ns,p99_ns,load1_before,load1_after
copy_contiguous,process,4096,1,2,2,2,0,domain,3984,bytes,7968,7968,33561216,3984,0,0,0,33561216,0,7210932,7291354,1700,2150,2300,4.730,4.730
stderr:

[2026-07-15T18:53:17.307114+00:00] e000646 /home/bob/src/mess/.maw/workspaces/bn-1zv6/spikes/pwritev_group/target/release/pwritev_group point-auto k_pwrite process 4096 1 2 2 domain 0
stdout:
variant,mode,payload,events_per_batch,owner_units,physical_batches,writers,chain,unit_shape,iterations,stop_reason,events,domain_events,bytes,write_syscalls,short_writes,interrupted,max_iovecs,copied_bytes,barriers,cpu_ns,wall_ns,p50_ns,p95_ns,p99_ns,load1_before,load1_after
k_pwrite,process,4096,1,2,2,2,0,domain,3984,bytes,7968,7968,33561216,7968,0,0,0,0,0,9693583,9827313,2300,2820,3070,4.350,4.350
stderr:

[2026-07-15T18:53:18.328348+00:00] e000647 /home/bob/src/mess/.maw/workspaces/bn-1zv6/spikes/pwritev_group/target/release/pwritev_group point-auto k_pwrite process 4096 1 2 2 domain 0
stdout:
variant,mode,payload,events_per_batch,owner_units,physical_batches,writers,chain,unit_shape,iterations,stop_reason,events,domain_events,bytes,write_syscalls,short_writes,interrupted,max_iovecs,copied_bytes,barriers,cpu_ns,wall_ns,p50_ns,p95_ns,p99_ns,load1_before,load1_after
k_pwrite,process,4096,1,2,2,2,0,domain,3984,bytes,7968,7968,33561216,7968,0,0,0,0,0,9929193,10044412,2330,2900,3410,4.350,4.350
stderr:

[2026-07-15T18:53:19.354503+00:00] e000648 /home/bob/src/mess/.maw/workspaces/bn-1zv6/spikes/pwritev_group/target/release/pwritev_group point-auto copy_contiguous process 4096 1 2 2 domain 0
stdout:
variant,mode,payload,events_per_batch,owner_units,physical_batches,writers,chain,unit_shape,iterations,stop_reason,events,domain_events,bytes,write_syscalls,short_writes,interrupted,max_iovecs,copied_bytes,barriers,cpu_ns,wall_ns,p50_ns,p95_ns,p99_ns,load1_before,load1_after
copy_contiguous,process,4096,1,2,2,2,0,domain,3984,bytes,7968,7968,33561216,3984,0,0,0,33561216,0,8328753,8949123,1700,2170,13640,4.350,4.350
stderr:

[2026-07-15T18:53:20.384384+00:00] e000649 /home/bob/src/mess/.maw/workspaces/bn-1zv6/spikes/pwritev_group/target/release/pwritev_group point-auto k_pwrite process 4096 1 2 2 new_name 0
stdout:
variant,mode,payload,events_per_batch,owner_units,physical_batches,writers,chain,unit_shape,iterations,stop_reason,events,domain_events,bytes,write_syscalls,short_writes,interrupted,max_iovecs,copied_bytes,barriers,cpu_ns,wall_ns,p50_ns,p95_ns,p99_ns,load1_before,load1_after
k_pwrite,process,4096,1,2,4,2,0,new_name,3856,bytes,15424,7712,33562624,15424,0,0,0,0,0,15487574,15678749,3730,4320,6070,4.350,4.350
stderr:

[2026-07-15T18:53:21.414432+00:00] e000650 /home/bob/src/mess/.maw/workspaces/bn-1zv6/spikes/pwritev_group/target/release/pwritev_group point-auto pwritev_full_8m process 4096 1 2 2 new_name 0
stdout:
variant,mode,payload,events_per_batch,owner_units,physical_batches,writers,chain,unit_shape,iterations,stop_reason,events,domain_events,bytes,write_syscalls,short_writes,interrupted,max_iovecs,copied_bytes,barriers,cpu_ns,wall_ns,p50_ns,p95_ns,p99_ns,load1_before,load1_after
pwritev_full_8m,process,4096,1,2,4,2,0,new_name,3856,bytes,15424,7712,33562624,3856,0,0,4,0,0,7329412,7376675,1810,2060,2330,4.350,4.350
stderr:

[2026-07-15T18:53:22.448206+00:00] e000651 /home/bob/src/mess/.maw/workspaces/bn-1zv6/spikes/pwritev_group/target/release/pwritev_group point-auto pwritev_full_8m process 4096 1 2 2 new_name 0
stdout:
variant,mode,payload,events_per_batch,owner_units,physical_batches,writers,chain,unit_shape,iterations,stop_reason,events,domain_events,bytes,write_syscalls,short_writes,interrupted,max_iovecs,copied_bytes,barriers,cpu_ns,wall_ns,p50_ns,p95_ns,p99_ns,load1_before,load1_after
pwritev_full_8m,process,4096,1,2,4,2,0,new_name,3856,bytes,15424,7712,33562624,3856,0,0,4,0,0,7322892,7381085,1810,2050,2420,4.410,4.410
stderr:

[2026-07-15T18:53:23.474820+00:00] e000652 /home/bob/src/mess/.maw/workspaces/bn-1zv6/spikes/pwritev_group/target/release/pwritev_group point-auto k_pwrite process 4096 1 2 2 new_name 0
stdout:
variant,mode,payload,events_per_batch,owner_units,physical_batches,writers,chain,unit_shape,iterations,stop_reason,events,domain_events,bytes,write_syscalls,short_writes,interrupted,max_iovecs,copied_bytes,barriers,cpu_ns,wall_ns,p50_ns,p95_ns,p99_ns,load1_before,load1_after
k_pwrite,process,4096,1,2,4,2,0,new_name,3856,bytes,15424,7712,33562624,15424,0,0,0,0,0,14989984,15111569,3750,4840,5010,4.410,4.410
stderr:

[2026-07-15T18:53:24.507424+00:00] e000653 /home/bob/src/mess/.maw/workspaces/bn-1zv6/spikes/pwritev_group/target/release/pwritev_group point-auto copy_contiguous process 4096 1 2 2 new_name 0
stdout:
variant,mode,payload,events_per_batch,owner_units,physical_batches,writers,chain,unit_shape,iterations,stop_reason,events,domain_events,bytes,write_syscalls,short_writes,interrupted,max_iovecs,copied_bytes,barriers,cpu_ns,wall_ns,p50_ns,p95_ns,p99_ns,load1_before,load1_after
copy_contiguous,process,4096,1,2,4,2,0,new_name,3856,bytes,15424,7712,33562624,3856,0,0,0,33562624,0,7181872,7280155,1730,2260,2350,4.410,4.410
stderr:

[2026-07-15T18:53:25.534752+00:00] e000654 /home/bob/src/mess/.maw/workspaces/bn-1zv6/spikes/pwritev_group/target/release/pwritev_group point-auto k_pwrite process 4096 1 2 2 new_name 0
stdout:
variant,mode,payload,events_per_batch,owner_units,physical_batches,writers,chain,unit_shape,iterations,stop_reason,events,domain_events,bytes,write_syscalls,short_writes,interrupted,max_iovecs,copied_bytes,barriers,cpu_ns,wall_ns,p50_ns,p95_ns,p99_ns,load1_before,load1_after
k_pwrite,process,4096,1,2,4,2,0,new_name,3856,bytes,15424,7712,33562624,15424,0,0,0,0,0,14802054,14979710,3720,4330,7100,4.410,4.410
stderr:

[2026-07-15T18:53:26.566154+00:00] e000655 /home/bob/src/mess/.maw/workspaces/bn-1zv6/spikes/pwritev_group/target/release/pwritev_group point-auto k_pwrite process 4096 1 2 2 new_name 0
stdout:
variant,mode,payload,events_per_batch,owner_units,physical_batches,writers,chain,unit_shape,iterations,stop_reason,events,domain_events,bytes,write_syscalls,short_writes,interrupted,max_iovecs,copied_bytes,barriers,cpu_ns,wall_ns,p50_ns,p95_ns,p99_ns,load1_before,load1_after
k_pwrite,process,4096,1,2,4,2,0,new_name,3856,bytes,15424,7712,33562624,15424,0,0,0,0,0,15511534,15661988,3720,4820,4890,4.410,4.410
stderr:

[2026-07-15T18:53:27.597145+00:00] e000656 /home/bob/src/mess/.maw/workspaces/bn-1zv6/spikes/pwritev_group/target/release/pwritev_group point-auto copy_contiguous process 4096 1 2 2 new_name 0
stdout:
variant,mode,payload,events_per_batch,owner_units,physical_batches,writers,chain,unit_shape,iterations,stop_reason,events,domain_events,bytes,write_syscalls,short_writes,interrupted,max_iovecs,copied_bytes,barriers,cpu_ns,wall_ns,p50_ns,p95_ns,p99_ns,load1_before,load1_after
copy_contiguous,process,4096,1,2,4,2,0,new_name,3856,bytes,15424,7712,33562624,3856,0,0,0,33562624,0,7090102,7131915,1730,2180,2310,4.130,4.130
stderr:

[2026-07-15T18:53:28.621719+00:00] e000657 /home/bob/src/mess/.maw/workspaces/bn-1zv6/spikes/pwritev_group/target/release/pwritev_group point-auto k_pwrite process 4096 1 4 4 domain 0
stdout:
variant,mode,payload,events_per_batch,owner_units,physical_batches,writers,chain,unit_shape,iterations,stop_reason,events,domain_events,bytes,write_syscalls,short_writes,interrupted,max_iovecs,copied_bytes,barriers,cpu_ns,wall_ns,p50_ns,p95_ns,p99_ns,load1_before,load1_after
k_pwrite,process,4096,1,4,4,4,0,domain,1992,bytes,7968,7968,33561216,7968,0,0,0,0,0,10005443,10091053,4640,5930,10600,4.130,4.130
stderr:

[2026-07-15T18:53:29.646631+00:00] e000658 /home/bob/src/mess/.maw/workspaces/bn-1zv6/spikes/pwritev_group/target/release/pwritev_group point-auto pwritev_full_8m process 4096 1 4 4 domain 0
stdout:
variant,mode,payload,events_per_batch,owner_units,physical_batches,writers,chain,unit_shape,iterations,stop_reason,events,domain_events,bytes,write_syscalls,short_writes,interrupted,max_iovecs,copied_bytes,barriers,cpu_ns,wall_ns,p50_ns,p95_ns,p99_ns,load1_before,load1_after
pwritev_full_8m,process,4096,1,4,4,4,0,domain,1992,bytes,7968,7968,33561216,1992,0,0,4,0,0,5535071,5677146,2400,2980,7280,4.130,4.130
stderr:

[2026-07-15T18:53:30.669454+00:00] e000659 /home/bob/src/mess/.maw/workspaces/bn-1zv6/spikes/pwritev_group/target/release/pwritev_group point-auto pwritev_full_8m process 4096 1 4 4 domain 0
stdout:
variant,mode,payload,events_per_batch,owner_units,physical_batches,writers,chain,unit_shape,iterations,stop_reason,events,domain_events,bytes,write_syscalls,short_writes,interrupted,max_iovecs,copied_bytes,barriers,cpu_ns,wall_ns,p50_ns,p95_ns,p99_ns,load1_before,load1_after
pwritev_full_8m,process,4096,1,4,4,4,0,domain,1992,bytes,7968,7968,33561216,1992,0,0,4,0,0,4939911,4968847,2370,2880,3080,4.130,4.130
stderr:

[2026-07-15T18:53:31.699849+00:00] e000660 /home/bob/src/mess/.maw/workspaces/bn-1zv6/spikes/pwritev_group/target/release/pwritev_group point-auto k_pwrite process 4096 1 4 4 domain 0
stdout:
variant,mode,payload,events_per_batch,owner_units,physical_batches,writers,chain,unit_shape,iterations,stop_reason,events,domain_events,bytes,write_syscalls,short_writes,interrupted,max_iovecs,copied_bytes,barriers,cpu_ns,wall_ns,p50_ns,p95_ns,p99_ns,load1_before,load1_after
k_pwrite,process,4096,1,4,4,4,0,domain,1992,bytes,7968,7968,33561216,7968,0,0,0,0,0,9696362,9901013,4630,5650,8030,4.130,4.130
stderr:

[2026-07-15T18:53:32.728167+00:00] e000661 /home/bob/src/mess/.maw/workspaces/bn-1zv6/spikes/pwritev_group/target/release/pwritev_group point-auto copy_contiguous process 4096 1 4 4 domain 0
stdout:
variant,mode,payload,events_per_batch,owner_units,physical_batches,writers,chain,unit_shape,iterations,stop_reason,events,domain_events,bytes,write_syscalls,short_writes,interrupted,max_iovecs,copied_bytes,barriers,cpu_ns,wall_ns,p50_ns,p95_ns,p99_ns,load1_before,load1_after
copy_contiguous,process,4096,1,4,4,4,0,domain,1992,bytes,7968,7968,33561216,1992,0,0,0,33561216,0,5211362,5254806,2490,3060,3260,3.880,3.880
stderr:

[2026-07-15T18:53:33.753496+00:00] e000662 /home/bob/src/mess/.maw/workspaces/bn-1zv6/spikes/pwritev_group/target/release/pwritev_group point-auto k_pwrite process 4096 1 4 4 domain 0
stdout:
variant,mode,payload,events_per_batch,owner_units,physical_batches,writers,chain,unit_shape,iterations,stop_reason,events,domain_events,bytes,write_syscalls,short_writes,interrupted,max_iovecs,copied_bytes,barriers,cpu_ns,wall_ns,p50_ns,p95_ns,p99_ns,load1_before,load1_after
k_pwrite,process,4096,1,4,4,4,0,domain,1992,bytes,7968,7968,33561216,7968,0,0,0,0,0,9530703,9619033,4630,5270,6310,3.880,3.880
stderr:

[2026-07-15T18:53:34.780838+00:00] e000663 /home/bob/src/mess/.maw/workspaces/bn-1zv6/spikes/pwritev_group/target/release/pwritev_group point-auto k_pwrite process 4096 1 4 4 domain 0
stdout:
variant,mode,payload,events_per_batch,owner_units,physical_batches,writers,chain,unit_shape,iterations,stop_reason,events,domain_events,bytes,write_syscalls,short_writes,interrupted,max_iovecs,copied_bytes,barriers,cpu_ns,wall_ns,p50_ns,p95_ns,p99_ns,load1_before,load1_after
k_pwrite,process,4096,1,4,4,4,0,domain,1992,bytes,7968,7968,33561216,7968,0,0,0,0,0,9585822,9657413,4660,5290,5980,3.880,3.880
stderr:

[2026-07-15T18:53:35.807832+00:00] e000664 /home/bob/src/mess/.maw/workspaces/bn-1zv6/spikes/pwritev_group/target/release/pwritev_group point-auto copy_contiguous process 4096 1 4 4 domain 0
stdout:
variant,mode,payload,events_per_batch,owner_units,physical_batches,writers,chain,unit_shape,iterations,stop_reason,events,domain_events,bytes,write_syscalls,short_writes,interrupted,max_iovecs,copied_bytes,barriers,cpu_ns,wall_ns,p50_ns,p95_ns,p99_ns,load1_before,load1_after
copy_contiguous,process,4096,1,4,4,4,0,domain,1992,bytes,7968,7968,33561216,1992,0,0,0,33561216,0,5144992,5193856,2470,2530,3420,3.880,3.880
stderr:

[2026-07-15T18:53:36.839522+00:00] e000665 /home/bob/src/mess/.maw/workspaces/bn-1zv6/spikes/pwritev_group/target/release/pwritev_group point-auto k_pwrite process 4096 1 4 4 new_name 0
stdout:
variant,mode,payload,events_per_batch,owner_units,physical_batches,writers,chain,unit_shape,iterations,stop_reason,events,domain_events,bytes,write_syscalls,short_writes,interrupted,max_iovecs,copied_bytes,barriers,cpu_ns,wall_ns,p50_ns,p95_ns,p99_ns,load1_before,load1_after
k_pwrite,process,4096,1,4,8,4,0,new_name,1928,bytes,15424,7712,33562624,15424,0,0,0,0,0,14821074,14965059,7450,8900,10530,3.880,3.880
stderr:

[2026-07-15T18:53:37.866523+00:00] e000666 /home/bob/src/mess/.maw/workspaces/bn-1zv6/spikes/pwritev_group/target/release/pwritev_group point-auto pwritev_full_8m process 4096 1 4 4 new_name 0
stdout:
variant,mode,payload,events_per_batch,owner_units,physical_batches,writers,chain,unit_shape,iterations,stop_reason,events,domain_events,bytes,write_syscalls,short_writes,interrupted,max_iovecs,copied_bytes,barriers,cpu_ns,wall_ns,p50_ns,p95_ns,p99_ns,load1_before,load1_after
pwritev_full_8m,process,4096,1,4,8,4,0,new_name,1928,bytes,15424,7712,33562624,1928,0,0,8,0,0,6098422,6415915,2530,3020,8530,3.810,3.810
stderr:

[2026-07-15T18:53:38.892943+00:00] e000667 /home/bob/src/mess/.maw/workspaces/bn-1zv6/spikes/pwritev_group/target/release/pwritev_group point-auto pwritev_full_8m process 4096 1 4 4 new_name 0
stdout:
variant,mode,payload,events_per_batch,owner_units,physical_batches,writers,chain,unit_shape,iterations,stop_reason,events,domain_events,bytes,write_syscalls,short_writes,interrupted,max_iovecs,copied_bytes,barriers,cpu_ns,wall_ns,p50_ns,p95_ns,p99_ns,load1_before,load1_after
pwritev_full_8m,process,4096,1,4,8,4,0,new_name,1928,bytes,15424,7712,33562624,1928,0,0,8,0,0,5081721,5123206,2510,2980,3230,3.810,3.810
stderr:

[2026-07-15T18:53:39.917692+00:00] e000668 /home/bob/src/mess/.maw/workspaces/bn-1zv6/spikes/pwritev_group/target/release/pwritev_group point-auto k_pwrite process 4096 1 4 4 new_name 0
stdout:
variant,mode,payload,events_per_batch,owner_units,physical_batches,writers,chain,unit_shape,iterations,stop_reason,events,domain_events,bytes,write_syscalls,short_writes,interrupted,max_iovecs,copied_bytes,barriers,cpu_ns,wall_ns,p50_ns,p95_ns,p99_ns,load1_before,load1_after
k_pwrite,process,4096,1,4,8,4,0,new_name,1928,bytes,15424,7712,33562624,15424,0,0,0,0,0,14794484,14915029,7450,8580,10720,3.810,3.810
stderr:

[2026-07-15T18:53:40.948022+00:00] e000669 /home/bob/src/mess/.maw/workspaces/bn-1zv6/spikes/pwritev_group/target/release/pwritev_group point-auto copy_contiguous process 4096 1 4 4 new_name 0
stdout:
variant,mode,payload,events_per_batch,owner_units,physical_batches,writers,chain,unit_shape,iterations,stop_reason,events,domain_events,bytes,write_syscalls,short_writes,interrupted,max_iovecs,copied_bytes,barriers,cpu_ns,wall_ns,p50_ns,p95_ns,p99_ns,load1_before,load1_after
copy_contiguous,process,4096,1,4,8,4,0,new_name,1928,bytes,15424,7712,33562624,1928,0,0,0,33562624,0,5007371,5055377,2510,2550,3140,3.810,3.810
stderr:

[2026-07-15T18:53:41.978650+00:00] e000670 /home/bob/src/mess/.maw/workspaces/bn-1zv6/spikes/pwritev_group/target/release/pwritev_group point-auto k_pwrite process 4096 1 4 4 new_name 0
stdout:
variant,mode,payload,events_per_batch,owner_units,physical_batches,writers,chain,unit_shape,iterations,stop_reason,events,domain_events,bytes,write_syscalls,short_writes,interrupted,max_iovecs,copied_bytes,barriers,cpu_ns,wall_ns,p50_ns,p95_ns,p99_ns,load1_before,load1_after
k_pwrite,process,4096,1,4,8,4,0,new_name,1928,bytes,15424,7712,33562624,15424,0,0,0,0,0,14889624,14986009,7480,9040,10730,3.750,3.750
stderr:

[2026-07-15T18:53:43.006607+00:00] e000671 /home/bob/src/mess/.maw/workspaces/bn-1zv6/spikes/pwritev_group/target/release/pwritev_group point-auto k_pwrite process 4096 1 4 4 new_name 0
stdout:
variant,mode,payload,events_per_batch,owner_units,physical_batches,writers,chain,unit_shape,iterations,stop_reason,events,domain_events,bytes,write_syscalls,short_writes,interrupted,max_iovecs,copied_bytes,barriers,cpu_ns,wall_ns,p50_ns,p95_ns,p99_ns,load1_before,load1_after
k_pwrite,process,4096,1,4,8,4,0,new_name,1928,bytes,15424,7712,33562624,15424,0,0,0,0,0,14883463,15036759,7470,8940,11380,3.750,3.750
stderr:

[2026-07-15T18:53:44.031203+00:00] e000672 /home/bob/src/mess/.maw/workspaces/bn-1zv6/spikes/pwritev_group/target/release/pwritev_group point-auto copy_contiguous process 4096 1 4 4 new_name 0
stdout:
variant,mode,payload,events_per_batch,owner_units,physical_batches,writers,chain,unit_shape,iterations,stop_reason,events,domain_events,bytes,write_syscalls,short_writes,interrupted,max_iovecs,copied_bytes,barriers,cpu_ns,wall_ns,p50_ns,p95_ns,p99_ns,load1_before,load1_after
copy_contiguous,process,4096,1,4,8,4,0,new_name,1928,bytes,15424,7712,33562624,1928,0,0,0,33562624,0,5110791,5182066,2500,3060,3360,3.750,3.750
stderr:

[2026-07-15T18:53:45.057454+00:00] e000673 /home/bob/src/mess/.maw/workspaces/bn-1zv6/spikes/pwritev_group/target/release/pwritev_group point-auto k_pwrite process 4096 10 2 2 domain 0
stdout:
variant,mode,payload,events_per_batch,owner_units,physical_batches,writers,chain,unit_shape,iterations,stop_reason,events,domain_events,bytes,write_syscalls,short_writes,interrupted,max_iovecs,copied_bytes,barriers,cpu_ns,wall_ns,p50_ns,p95_ns,p99_ns,load1_before,load1_after
k_pwrite,process,4096,10,2,2,2,0,domain,406,bytes,8120,8120,33558336,812,0,0,0,0,0,2739201,2756538,6440,9000,11080,3.750,3.750
stderr:

[2026-07-15T18:53:46.089407+00:00] e000674 /home/bob/src/mess/.maw/workspaces/bn-1zv6/spikes/pwritev_group/target/release/pwritev_group point-auto pwritev_full_8m process 4096 10 2 2 domain 0
stdout:
variant,mode,payload,events_per_batch,owner_units,physical_batches,writers,chain,unit_shape,iterations,stop_reason,events,domain_events,bytes,write_syscalls,short_writes,interrupted,max_iovecs,copied_bytes,barriers,cpu_ns,wall_ns,p50_ns,p95_ns,p99_ns,load1_before,load1_after
pwritev_full_8m,process,4096,10,2,2,2,0,domain,406,bytes,8120,8120,33558336,406,0,0,2,0,0,2134650,2156648,4860,7350,9110,3.750,3.750
stderr:

[2026-07-15T18:53:47.120728+00:00] e000675 /home/bob/src/mess/.maw/workspaces/bn-1zv6/spikes/pwritev_group/target/release/pwritev_group point-auto pwritev_full_8m process 4096 10 2 2 domain 0
stdout:
variant,mode,payload,events_per_batch,owner_units,physical_batches,writers,chain,unit_shape,iterations,stop_reason,events,domain_events,bytes,write_syscalls,short_writes,interrupted,max_iovecs,copied_bytes,barriers,cpu_ns,wall_ns,p50_ns,p95_ns,p99_ns,load1_before,load1_after
pwritev_full_8m,process,4096,10,2,2,2,0,domain,406,bytes,8120,8120,33558336,406,0,0,2,0,0,2008161,2041209,4720,5480,10420,3.850,3.850
stderr:

[2026-07-15T18:53:48.142398+00:00] e000676 /home/bob/src/mess/.maw/workspaces/bn-1zv6/spikes/pwritev_group/target/release/pwritev_group point-auto k_pwrite process 4096 10 2 2 domain 0
stdout:
variant,mode,payload,events_per_batch,owner_units,physical_batches,writers,chain,unit_shape,iterations,stop_reason,events,domain_events,bytes,write_syscalls,short_writes,interrupted,max_iovecs,copied_bytes,barriers,cpu_ns,wall_ns,p50_ns,p95_ns,p99_ns,load1_before,load1_after
k_pwrite,process,4096,10,2,2,2,0,domain,406,bytes,8120,8120,33558336,812,0,0,0,0,0,2705120,2719148,6340,8340,10800,3.850,3.850
stderr:

[2026-07-15T18:53:49.171032+00:00] e000677 /home/bob/src/mess/.maw/workspaces/bn-1zv6/spikes/pwritev_group/target/release/pwritev_group point-auto copy_contiguous process 4096 10 2 2 domain 0
stdout:
variant,mode,payload,events_per_batch,owner_units,physical_batches,writers,chain,unit_shape,iterations,stop_reason,events,domain_events,bytes,write_syscalls,short_writes,interrupted,max_iovecs,copied_bytes,barriers,cpu_ns,wall_ns,p50_ns,p95_ns,p99_ns,load1_before,load1_after
copy_contiguous,process,4096,10,2,2,2,0,domain,406,bytes,8120,8120,33558336,406,0,0,0,33558336,0,3188481,3205027,7880,8650,11850,3.850,3.850
stderr:

[2026-07-15T18:53:50.203700+00:00] e000678 /home/bob/src/mess/.maw/workspaces/bn-1zv6/spikes/pwritev_group/target/release/pwritev_group point-auto k_pwrite process 4096 10 2 2 domain 0
stdout:
variant,mode,payload,events_per_batch,owner_units,physical_batches,writers,chain,unit_shape,iterations,stop_reason,events,domain_events,bytes,write_syscalls,short_writes,interrupted,max_iovecs,copied_bytes,barriers,cpu_ns,wall_ns,p50_ns,p95_ns,p99_ns,load1_before,load1_after
k_pwrite,process,4096,10,2,2,2,0,domain,406,bytes,8120,8120,33558336,812,0,0,0,0,0,2727820,2740057,6380,7950,10560,3.850,3.850
stderr:

[2026-07-15T18:53:51.227877+00:00] e000679 /home/bob/src/mess/.maw/workspaces/bn-1zv6/spikes/pwritev_group/target/release/pwritev_group point-auto k_pwrite process 4096 10 2 2 domain 0
stdout:
variant,mode,payload,events_per_batch,owner_units,physical_batches,writers,chain,unit_shape,iterations,stop_reason,events,domain_events,bytes,write_syscalls,short_writes,interrupted,max_iovecs,copied_bytes,barriers,cpu_ns,wall_ns,p50_ns,p95_ns,p99_ns,load1_before,load1_after
k_pwrite,process,4096,10,2,2,2,0,domain,406,bytes,8120,8120,33558336,812,0,0,0,0,0,2742811,2755888,6370,9880,12110,3.850,3.850
stderr:

[2026-07-15T18:53:52.259834+00:00] e000680 /home/bob/src/mess/.maw/workspaces/bn-1zv6/spikes/pwritev_group/target/release/pwritev_group point-auto copy_contiguous process 4096 10 2 2 domain 0
stdout:
variant,mode,payload,events_per_batch,owner_units,physical_batches,writers,chain,unit_shape,iterations,stop_reason,events,domain_events,bytes,write_syscalls,short_writes,interrupted,max_iovecs,copied_bytes,barriers,cpu_ns,wall_ns,p50_ns,p95_ns,p99_ns,load1_before,load1_after
copy_contiguous,process,4096,10,2,2,2,0,domain,406,bytes,8120,8120,33558336,406,0,0,0,33558336,0,2545671,2567348,5950,8280,10150,3.700,3.700
stderr:

[2026-07-15T18:53:53.287987+00:00] e000681 /home/bob/src/mess/.maw/workspaces/bn-1zv6/spikes/pwritev_group/target/release/pwritev_group point-auto k_pwrite process 4096 10 2 2 new_name 0
stdout:
variant,mode,payload,events_per_batch,owner_units,physical_batches,writers,chain,unit_shape,iterations,stop_reason,events,domain_events,bytes,write_syscalls,short_writes,interrupted,max_iovecs,copied_bytes,barriers,cpu_ns,wall_ns,p50_ns,p95_ns,p99_ns,load1_before,load1_after
k_pwrite,process,4096,10,2,4,2,0,new_name,405,bytes,8910,8100,33589080,1620,0,0,0,0,0,3284570,3302108,7770,10479,11750,3.700,3.700
stderr:

[2026-07-15T18:53:54.319423+00:00] e000682 /home/bob/src/mess/.maw/workspaces/bn-1zv6/spikes/pwritev_group/target/release/pwritev_group point-auto pwritev_full_8m process 4096 10 2 2 new_name 0
stdout:
variant,mode,payload,events_per_batch,owner_units,physical_batches,writers,chain,unit_shape,iterations,stop_reason,events,domain_events,bytes,write_syscalls,short_writes,interrupted,max_iovecs,copied_bytes,barriers,cpu_ns,wall_ns,p50_ns,p95_ns,p99_ns,load1_before,load1_after
pwritev_full_8m,process,4096,10,2,4,2,0,new_name,405,bytes,8910,8100,33589080,405,0,0,4,0,0,1971230,1983569,4730,4880,7480,3.700,3.700
stderr:

[2026-07-15T18:53:55.350341+00:00] e000683 /home/bob/src/mess/.maw/workspaces/bn-1zv6/spikes/pwritev_group/target/release/pwritev_group point-auto pwritev_full_8m process 4096 10 2 2 new_name 0
stdout:
variant,mode,payload,events_per_batch,owner_units,physical_batches,writers,chain,unit_shape,iterations,stop_reason,events,domain_events,bytes,write_syscalls,short_writes,interrupted,max_iovecs,copied_bytes,barriers,cpu_ns,wall_ns,p50_ns,p95_ns,p99_ns,load1_before,load1_after
pwritev_full_8m,process,4096,10,2,4,2,0,new_name,405,bytes,8910,8100,33589080,405,0,0,4,0,0,2019581,2031318,4750,6320,8510,3.700,3.700
stderr:

[2026-07-15T18:53:56.379034+00:00] e000684 /home/bob/src/mess/.maw/workspaces/bn-1zv6/spikes/pwritev_group/target/release/pwritev_group point-auto k_pwrite process 4096 10 2 2 new_name 0
stdout:
variant,mode,payload,events_per_batch,owner_units,physical_batches,writers,chain,unit_shape,iterations,stop_reason,events,domain_events,bytes,write_syscalls,short_writes,interrupted,max_iovecs,copied_bytes,barriers,cpu_ns,wall_ns,p50_ns,p95_ns,p99_ns,load1_before,load1_after
k_pwrite,process,4096,10,2,4,2,0,new_name,405,bytes,8910,8100,33589080,1620,0,0,0,0,0,3439391,3470008,7760,12070,21380,3.700,3.700
stderr:

[2026-07-15T18:53:57.407708+00:00] e000685 /home/bob/src/mess/.maw/workspaces/bn-1zv6/spikes/pwritev_group/target/release/pwritev_group point-auto copy_contiguous process 4096 10 2 2 new_name 0
stdout:
variant,mode,payload,events_per_batch,owner_units,physical_batches,writers,chain,unit_shape,iterations,stop_reason,events,domain_events,bytes,write_syscalls,short_writes,interrupted,max_iovecs,copied_bytes,barriers,cpu_ns,wall_ns,p50_ns,p95_ns,p99_ns,load1_before,load1_after
copy_contiguous,process,4096,10,2,4,2,0,new_name,405,bytes,8910,8100,33589080,405,0,0,0,33589080,0,3251001,3283057,7960,11540,12830,3.480,3.480
stderr:

[2026-07-15T18:53:58.440861+00:00] e000686 /home/bob/src/mess/.maw/workspaces/bn-1zv6/spikes/pwritev_group/target/release/pwritev_group point-auto k_pwrite process 4096 10 2 2 new_name 0
stdout:
variant,mode,payload,events_per_batch,owner_units,physical_batches,writers,chain,unit_shape,iterations,stop_reason,events,domain_events,bytes,write_syscalls,short_writes,interrupted,max_iovecs,copied_bytes,barriers,cpu_ns,wall_ns,p50_ns,p95_ns,p99_ns,load1_before,load1_after
k_pwrite,process,4096,10,2,4,2,0,new_name,405,bytes,8910,8100,33589080,1620,0,0,0,0,0,3707031,3732487,8180,9300,17970,3.480,3.480
stderr:

[2026-07-15T18:53:59.463462+00:00] e000687 /home/bob/src/mess/.maw/workspaces/bn-1zv6/spikes/pwritev_group/target/release/pwritev_group point-auto k_pwrite process 4096 10 2 2 new_name 0
stdout:
variant,mode,payload,events_per_batch,owner_units,physical_batches,writers,chain,unit_shape,iterations,stop_reason,events,domain_events,bytes,write_syscalls,short_writes,interrupted,max_iovecs,copied_bytes,barriers,cpu_ns,wall_ns,p50_ns,p95_ns,p99_ns,load1_before,load1_after
k_pwrite,process,4096,10,2,4,2,0,new_name,405,bytes,8910,8100,33589080,1620,0,0,0,0,0,3435291,3471238,7800,13750,17380,3.480,3.480
stderr:

[2026-07-15T18:54:00.495187+00:00] e000688 /home/bob/src/mess/.maw/workspaces/bn-1zv6/spikes/pwritev_group/target/release/pwritev_group point-auto copy_contiguous process 4096 10 2 2 new_name 0
stdout:
variant,mode,payload,events_per_batch,owner_units,physical_batches,writers,chain,unit_shape,iterations,stop_reason,events,domain_events,bytes,write_syscalls,short_writes,interrupted,max_iovecs,copied_bytes,barriers,cpu_ns,wall_ns,p50_ns,p95_ns,p99_ns,load1_before,load1_after
copy_contiguous,process,4096,10,2,4,2,0,new_name,405,bytes,8910,8100,33589080,405,0,0,0,33589080,0,2857851,2880948,6530,10940,14110,3.480,3.480
stderr:

[2026-07-15T18:54:01.526396+00:00] e000689 /home/bob/src/mess/.maw/workspaces/bn-1zv6/spikes/pwritev_group/target/release/pwritev_group point-auto k_pwrite process 4096 10 4 4 domain 0
stdout:
variant,mode,payload,events_per_batch,owner_units,physical_batches,writers,chain,unit_shape,iterations,stop_reason,events,domain_events,bytes,write_syscalls,short_writes,interrupted,max_iovecs,copied_bytes,barriers,cpu_ns,wall_ns,p50_ns,p95_ns,p99_ns,load1_before,load1_after
k_pwrite,process,4096,10,4,4,4,0,domain,203,bytes,8120,8120,33558336,812,0,0,0,0,0,3331641,3362988,15800,21460,25300,3.480,3.480
stderr:

[2026-07-15T18:54:02.556353+00:00] e000690 /home/bob/src/mess/.maw/workspaces/bn-1zv6/spikes/pwritev_group/target/release/pwritev_group point-auto pwritev_full_8m process 4096 10 4 4 domain 0
stdout:
variant,mode,payload,events_per_batch,owner_units,physical_batches,writers,chain,unit_shape,iterations,stop_reason,events,domain_events,bytes,write_syscalls,short_writes,interrupted,max_iovecs,copied_bytes,barriers,cpu_ns,wall_ns,p50_ns,p95_ns,p99_ns,load1_before,load1_after
pwritev_full_8m,process,4096,10,4,4,4,0,domain,203,bytes,8120,8120,33558336,203,0,0,4,0,0,2013030,2035679,9560,10310,22200,3.280,3.280
stderr:

[2026-07-15T18:54:03.578324+00:00] e000691 /home/bob/src/mess/.maw/workspaces/bn-1zv6/spikes/pwritev_group/target/release/pwritev_group point-auto pwritev_full_8m process 4096 10 4 4 domain 0
stdout:
variant,mode,payload,events_per_batch,owner_units,physical_batches,writers,chain,unit_shape,iterations,stop_reason,events,domain_events,bytes,write_syscalls,short_writes,interrupted,max_iovecs,copied_bytes,barriers,cpu_ns,wall_ns,p50_ns,p95_ns,p99_ns,load1_before,load1_after
pwritev_full_8m,process,4096,10,4,4,4,0,domain,203,bytes,8120,8120,33558336,203,0,0,4,0,0,1981950,2007718,8910,15410,19680,3.280,3.280
stderr:

[2026-07-15T18:54:04.607314+00:00] e000692 /home/bob/src/mess/.maw/workspaces/bn-1zv6/spikes/pwritev_group/target/release/pwritev_group point-auto k_pwrite process 4096 10 4 4 domain 0
stdout:
variant,mode,payload,events_per_batch,owner_units,physical_batches,writers,chain,unit_shape,iterations,stop_reason,events,domain_events,bytes,write_syscalls,short_writes,interrupted,max_iovecs,copied_bytes,barriers,cpu_ns,wall_ns,p50_ns,p95_ns,p99_ns,load1_before,load1_after
k_pwrite,process,4096,10,4,4,4,0,domain,203,bytes,8120,8120,33558336,812,0,0,0,0,0,3300330,3332888,15480,21210,28180,3.280,3.280
stderr:

[2026-07-15T18:54:05.632818+00:00] e000693 /home/bob/src/mess/.maw/workspaces/bn-1zv6/spikes/pwritev_group/target/release/pwritev_group point-auto copy_contiguous process 4096 10 4 4 domain 0
stdout:
variant,mode,payload,events_per_batch,owner_units,physical_batches,writers,chain,unit_shape,iterations,stop_reason,events,domain_events,bytes,write_syscalls,short_writes,interrupted,max_iovecs,copied_bytes,barriers,cpu_ns,wall_ns,p50_ns,p95_ns,p99_ns,load1_before,load1_after
copy_contiguous,process,4096,10,4,4,4,0,domain,203,bytes,8120,8120,33558336,203,0,0,0,33558336,0,4633141,4686426,22080,29060,39260,3.280,3.280
stderr:

[2026-07-15T18:54:06.659094+00:00] e000694 /home/bob/src/mess/.maw/workspaces/bn-1zv6/spikes/pwritev_group/target/release/pwritev_group point-auto k_pwrite process 4096 10 4 4 domain 0
stdout:
variant,mode,payload,events_per_batch,owner_units,physical_batches,writers,chain,unit_shape,iterations,stop_reason,events,domain_events,bytes,write_syscalls,short_writes,interrupted,max_iovecs,copied_bytes,barriers,cpu_ns,wall_ns,p50_ns,p95_ns,p99_ns,load1_before,load1_after
k_pwrite,process,4096,10,4,4,4,0,domain,203,bytes,8120,8120,33558336,812,0,0,0,0,0,3158401,3185048,14650,20940,26860,3.280,3.280
stderr:

[2026-07-15T18:54:07.689390+00:00] e000695 /home/bob/src/mess/.maw/workspaces/bn-1zv6/spikes/pwritev_group/target/release/pwritev_group point-auto k_pwrite process 4096 10 4 4 domain 0
stdout:
variant,mode,payload,events_per_batch,owner_units,physical_batches,writers,chain,unit_shape,iterations,stop_reason,events,domain_events,bytes,write_syscalls,short_writes,interrupted,max_iovecs,copied_bytes,barriers,cpu_ns,wall_ns,p50_ns,p95_ns,p99_ns,load1_before,load1_after
k_pwrite,process,4096,10,4,4,4,0,domain,203,bytes,8120,8120,33558336,812,0,0,0,0,0,3337901,3390288,15550,21350,39050,3.180,3.180
stderr:

[2026-07-15T18:54:08.719358+00:00] e000696 /home/bob/src/mess/.maw/workspaces/bn-1zv6/spikes/pwritev_group/target/release/pwritev_group point-auto copy_contiguous process 4096 10 4 4 domain 0
stdout:
variant,mode,payload,events_per_batch,owner_units,physical_batches,writers,chain,unit_shape,iterations,stop_reason,events,domain_events,bytes,write_syscalls,short_writes,interrupted,max_iovecs,copied_bytes,barriers,cpu_ns,wall_ns,p50_ns,p95_ns,p99_ns,load1_before,load1_after
copy_contiguous,process,4096,10,4,4,4,0,domain,203,bytes,8120,8120,33558336,203,0,0,0,33558336,0,4574011,4620567,21720,27550,32870,3.180,3.180
stderr:

[2026-07-15T18:54:09.747545+00:00] e000697 /home/bob/src/mess/.maw/workspaces/bn-1zv6/spikes/pwritev_group/target/release/pwritev_group point-auto k_pwrite process 4096 10 4 4 new_name 0
stdout:
variant,mode,payload,events_per_batch,owner_units,physical_batches,writers,chain,unit_shape,iterations,stop_reason,events,domain_events,bytes,write_syscalls,short_writes,interrupted,max_iovecs,copied_bytes,barriers,cpu_ns,wall_ns,p50_ns,p95_ns,p99_ns,load1_before,load1_after
k_pwrite,process,4096,10,4,8,4,0,new_name,203,bytes,8932,8120,33672016,1624,0,0,0,0,0,4145271,4177037,19740,24440,28820,3.180,3.180
stderr:

[2026-07-15T18:54:10.776294+00:00] e000698 /home/bob/src/mess/.maw/workspaces/bn-1zv6/spikes/pwritev_group/target/release/pwritev_group point-auto pwritev_full_8m process 4096 10 4 4 new_name 0
stdout:
variant,mode,payload,events_per_batch,owner_units,physical_batches,writers,chain,unit_shape,iterations,stop_reason,events,domain_events,bytes,write_syscalls,short_writes,interrupted,max_iovecs,copied_bytes,barriers,cpu_ns,wall_ns,p50_ns,p95_ns,p99_ns,load1_before,load1_after
pwritev_full_8m,process,4096,10,4,8,4,0,new_name,203,bytes,8932,8120,33672016,203,0,0,8,0,0,2179881,2204579,10320,15020,18260,3.180,3.180
stderr:

[2026-07-15T18:54:11.801660+00:00] e000699 /home/bob/src/mess/.maw/workspaces/bn-1zv6/spikes/pwritev_group/target/release/pwritev_group point-auto pwritev_full_8m process 4096 10 4 4 new_name 0
stdout:
variant,mode,payload,events_per_batch,owner_units,physical_batches,writers,chain,unit_shape,iterations,stop_reason,events,domain_events,bytes,write_syscalls,short_writes,interrupted,max_iovecs,copied_bytes,barriers,cpu_ns,wall_ns,p50_ns,p95_ns,p99_ns,load1_before,load1_after
pwritev_full_8m,process,4096,10,4,8,4,0,new_name,203,bytes,8932,8120,33672016,203,0,0,8,0,0,2112020,2126819,9810,12540,26400,3.180,3.180
stderr:

[2026-07-15T18:54:12.832556+00:00] e000700 /home/bob/src/mess/.maw/workspaces/bn-1zv6/spikes/pwritev_group/target/release/pwritev_group point-auto k_pwrite process 4096 10 4 4 new_name 0
stdout:
variant,mode,payload,events_per_batch,owner_units,physical_batches,writers,chain,unit_shape,iterations,stop_reason,events,domain_events,bytes,write_syscalls,short_writes,interrupted,max_iovecs,copied_bytes,barriers,cpu_ns,wall_ns,p50_ns,p95_ns,p99_ns,load1_before,load1_after
k_pwrite,process,4096,10,4,8,4,0,new_name,203,bytes,8932,8120,33672016,1624,0,0,0,0,0,3829691,3869757,17980,24580,33210,3.250,3.250
stderr:

[2026-07-15T18:54:13.863774+00:00] e000701 /home/bob/src/mess/.maw/workspaces/bn-1zv6/spikes/pwritev_group/target/release/pwritev_group point-auto copy_contiguous process 4096 10 4 4 new_name 0
stdout:
variant,mode,payload,events_per_batch,owner_units,physical_batches,writers,chain,unit_shape,iterations,stop_reason,events,domain_events,bytes,write_syscalls,short_writes,interrupted,max_iovecs,copied_bytes,barriers,cpu_ns,wall_ns,p50_ns,p95_ns,p99_ns,load1_before,load1_after
copy_contiguous,process,4096,10,4,8,4,0,new_name,203,bytes,8932,8120,33672016,203,0,0,0,33672016,0,4425891,4467157,21639,23340,29360,3.250,3.250
stderr:

[2026-07-15T18:54:14.891862+00:00] e000702 /home/bob/src/mess/.maw/workspaces/bn-1zv6/spikes/pwritev_group/target/release/pwritev_group point-auto k_pwrite process 4096 10 4 4 new_name 0
stdout:
variant,mode,payload,events_per_batch,owner_units,physical_batches,writers,chain,unit_shape,iterations,stop_reason,events,domain_events,bytes,write_syscalls,short_writes,interrupted,max_iovecs,copied_bytes,barriers,cpu_ns,wall_ns,p50_ns,p95_ns,p99_ns,load1_before,load1_after
k_pwrite,process,4096,10,4,8,4,0,new_name,203,bytes,8932,8120,33672016,1624,0,0,0,0,0,3950241,3971027,18360,27910,34600,3.250,3.250
stderr:

[2026-07-15T18:54:15.922982+00:00] e000703 /home/bob/src/mess/.maw/workspaces/bn-1zv6/spikes/pwritev_group/target/release/pwritev_group point-auto k_pwrite process 4096 10 4 4 new_name 0
stdout:
variant,mode,payload,events_per_batch,owner_units,physical_batches,writers,chain,unit_shape,iterations,stop_reason,events,domain_events,bytes,write_syscalls,short_writes,interrupted,max_iovecs,copied_bytes,barriers,cpu_ns,wall_ns,p50_ns,p95_ns,p99_ns,load1_before,load1_after
k_pwrite,process,4096,10,4,8,4,0,new_name,203,bytes,8932,8120,33672016,1624,0,0,0,0,0,4049501,4096197,19240,24990,36080,3.250,3.250
stderr:

[2026-07-15T18:54:16.954213+00:00] e000704 /home/bob/src/mess/.maw/workspaces/bn-1zv6/spikes/pwritev_group/target/release/pwritev_group point-auto copy_contiguous process 4096 10 4 4 new_name 0
stdout:
variant,mode,payload,events_per_batch,owner_units,physical_batches,writers,chain,unit_shape,iterations,stop_reason,events,domain_events,bytes,write_syscalls,short_writes,interrupted,max_iovecs,copied_bytes,barriers,cpu_ns,wall_ns,p50_ns,p95_ns,p99_ns,load1_before,load1_after
copy_contiguous,process,4096,10,4,8,4,0,new_name,203,bytes,8932,8120,33672016,203,0,0,0,33672016,0,4416981,4456977,21350,25080,28850,3.250,3.250
stderr:

[2026-07-15T18:54:17.982301+00:00] e000705 /home/bob/src/mess/.maw/workspaces/bn-1zv6/spikes/pwritev_group/target/release/pwritev_group point-auto k_pwrite process 4096 10 16 4 domain 0
stdout:
variant,mode,payload,events_per_batch,owner_units,physical_batches,writers,chain,unit_shape,iterations,stop_reason,events,domain_events,bytes,write_syscalls,short_writes,interrupted,max_iovecs,copied_bytes,barriers,cpu_ns,wall_ns,p50_ns,p95_ns,p99_ns,load1_before,load1_after
k_pwrite,process,4096,10,16,16,4,0,domain,51,bytes,8160,8160,33723648,816,0,0,0,0,0,3965001,4010957,76590,90500,99230,3.310,3.310
stderr:

[2026-07-15T18:54:19.006140+00:00] e000706 /home/bob/src/mess/.maw/workspaces/bn-1zv6/spikes/pwritev_group/target/release/pwritev_group point-auto pwritev_full_8m process 4096 10 16 4 domain 0
stdout:
variant,mode,payload,events_per_batch,owner_units,physical_batches,writers,chain,unit_shape,iterations,stop_reason,events,domain_events,bytes,write_syscalls,short_writes,interrupted,max_iovecs,copied_bytes,barriers,cpu_ns,wall_ns,p50_ns,p95_ns,p99_ns,load1_before,load1_after
pwritev_full_8m,process,4096,10,16,16,4,0,domain,51,bytes,8160,8160,33723648,51,0,0,16,0,0,5095231,5538026,47370,66600,1768819,3.310,3.310
stderr:

[2026-07-15T18:54:20.034662+00:00] e000707 /home/bob/src/mess/.maw/workspaces/bn-1zv6/spikes/pwritev_group/target/release/pwritev_group point-auto pwritev_full_8m process 4096 10 16 4 domain 0
stdout:
variant,mode,payload,events_per_batch,owner_units,physical_batches,writers,chain,unit_shape,iterations,stop_reason,events,domain_events,bytes,write_syscalls,short_writes,interrupted,max_iovecs,copied_bytes,barriers,cpu_ns,wall_ns,p50_ns,p95_ns,p99_ns,load1_before,load1_after
pwritev_full_8m,process,4096,10,16,16,4,0,domain,51,bytes,8160,8160,33723648,51,0,0,16,0,0,2630300,2650268,51050,57700,59759,3.310,3.310
stderr:

[2026-07-15T18:54:21.062712+00:00] e000708 /home/bob/src/mess/.maw/workspaces/bn-1zv6/spikes/pwritev_group/target/release/pwritev_group point-auto k_pwrite process 4096 10 16 4 domain 0
stdout:
variant,mode,payload,events_per_batch,owner_units,physical_batches,writers,chain,unit_shape,iterations,stop_reason,events,domain_events,bytes,write_syscalls,short_writes,interrupted,max_iovecs,copied_bytes,barriers,cpu_ns,wall_ns,p50_ns,p95_ns,p99_ns,load1_before,load1_after
k_pwrite,process,4096,10,16,16,4,0,domain,51,bytes,8160,8160,33723648,816,0,0,0,0,0,4397861,4441387,85720,102710,124990,3.310,3.310
stderr:

[2026-07-15T18:54:22.095562+00:00] e000709 /home/bob/src/mess/.maw/workspaces/bn-1zv6/spikes/pwritev_group/target/release/pwritev_group point-auto copy_contiguous process 4096 10 16 4 domain 0
stdout:
variant,mode,payload,events_per_batch,owner_units,physical_batches,writers,chain,unit_shape,iterations,stop_reason,events,domain_events,bytes,write_syscalls,short_writes,interrupted,max_iovecs,copied_bytes,barriers,cpu_ns,wall_ns,p50_ns,p95_ns,p99_ns,load1_before,load1_after
copy_contiguous,process,4096,10,16,16,4,0,domain,51,bytes,8160,8160,33723648,51,0,0,0,33723648,0,5335242,5372996,104470,114720,118240,3.200,3.200
stderr:

[2026-07-15T18:54:23.127000+00:00] e000710 /home/bob/src/mess/.maw/workspaces/bn-1zv6/spikes/pwritev_group/target/release/pwritev_group point-auto k_pwrite process 4096 10 16 4 domain 0
stdout:
variant,mode,payload,events_per_batch,owner_units,physical_batches,writers,chain,unit_shape,iterations,stop_reason,events,domain_events,bytes,write_syscalls,short_writes,interrupted,max_iovecs,copied_bytes,barriers,cpu_ns,wall_ns,p50_ns,p95_ns,p99_ns,load1_before,load1_after
k_pwrite,process,4096,10,16,16,4,0,domain,51,bytes,8160,8160,33723648,816,0,0,0,0,0,4057981,4104137,79050,91630,101640,3.200,3.200
stderr:

[2026-07-15T18:54:24.158821+00:00] e000711 /home/bob/src/mess/.maw/workspaces/bn-1zv6/spikes/pwritev_group/target/release/pwritev_group point-auto k_pwrite process 4096 10 16 4 domain 0
stdout:
variant,mode,payload,events_per_batch,owner_units,physical_batches,writers,chain,unit_shape,iterations,stop_reason,events,domain_events,bytes,write_syscalls,short_writes,interrupted,max_iovecs,copied_bytes,barriers,cpu_ns,wall_ns,p50_ns,p95_ns,p99_ns,load1_before,load1_after
k_pwrite,process,4096,10,16,16,4,0,domain,51,bytes,8160,8160,33723648,816,0,0,0,0,0,4017711,4050337,77170,92639,96540,3.200,3.200
stderr:

[2026-07-15T18:54:25.189704+00:00] e000712 /home/bob/src/mess/.maw/workspaces/bn-1zv6/spikes/pwritev_group/target/release/pwritev_group point-auto copy_contiguous process 4096 10 16 4 domain 0
stdout:
variant,mode,payload,events_per_batch,owner_units,physical_batches,writers,chain,unit_shape,iterations,stop_reason,events,domain_events,bytes,write_syscalls,short_writes,interrupted,max_iovecs,copied_bytes,barriers,cpu_ns,wall_ns,p50_ns,p95_ns,p99_ns,load1_before,load1_after
copy_contiguous,process,4096,10,16,16,4,0,domain,51,bytes,8160,8160,33723648,51,0,0,0,33723648,0,5096792,5141997,99240,111320,125240,3.200,3.200
stderr:

[2026-07-15T18:54:26.212030+00:00] e000713 /home/bob/src/mess/.maw/workspaces/bn-1zv6/spikes/pwritev_group/target/release/pwritev_group point-auto k_pwrite process 4096 10 16 4 new_name 0
stdout:
variant,mode,payload,events_per_batch,owner_units,physical_batches,writers,chain,unit_shape,iterations,stop_reason,events,domain_events,bytes,write_syscalls,short_writes,interrupted,max_iovecs,copied_bytes,barriers,cpu_ns,wall_ns,p50_ns,p95_ns,p99_ns,load1_before,load1_after
k_pwrite,process,4096,10,16,32,4,0,new_name,51,bytes,8976,8160,33837888,1632,0,0,0,0,0,4750241,4794477,91620,109330,116580,3.200,3.200
stderr:

[2026-07-15T18:54:27.236137+00:00] e000714 /home/bob/src/mess/.maw/workspaces/bn-1zv6/spikes/pwritev_group/target/release/pwritev_group point-auto pwritev_full_8m process 4096 10 16 4 new_name 0
stdout:
variant,mode,payload,events_per_batch,owner_units,physical_batches,writers,chain,unit_shape,iterations,stop_reason,events,domain_events,bytes,write_syscalls,short_writes,interrupted,max_iovecs,copied_bytes,barriers,cpu_ns,wall_ns,p50_ns,p95_ns,p99_ns,load1_before,load1_after
pwritev_full_8m,process,4096,10,16,32,4,0,new_name,51,bytes,8976,8160,33837888,51,0,0,32,0,0,3282600,3328588,57420,101760,102970,3.180,3.180
stderr:

[2026-07-15T18:54:28.264746+00:00] e000715 /home/bob/src/mess/.maw/workspaces/bn-1zv6/spikes/pwritev_group/target/release/pwritev_group point-auto pwritev_full_8m process 4096 10 16 4 new_name 0
stdout:
variant,mode,payload,events_per_batch,owner_units,physical_batches,writers,chain,unit_shape,iterations,stop_reason,events,domain_events,bytes,write_syscalls,short_writes,interrupted,max_iovecs,copied_bytes,barriers,cpu_ns,wall_ns,p50_ns,p95_ns,p99_ns,load1_before,load1_after
pwritev_full_8m,process,4096,10,16,32,4,0,new_name,51,bytes,8976,8160,33837888,51,0,0,32,0,0,2840501,2878528,54410,66380,88130,3.180,3.180
stderr:

[2026-07-15T18:54:29.295874+00:00] e000716 /home/bob/src/mess/.maw/workspaces/bn-1zv6/spikes/pwritev_group/target/release/pwritev_group point-auto k_pwrite process 4096 10 16 4 new_name 0
stdout:
variant,mode,payload,events_per_batch,owner_units,physical_batches,writers,chain,unit_shape,iterations,stop_reason,events,domain_events,bytes,write_syscalls,short_writes,interrupted,max_iovecs,copied_bytes,barriers,cpu_ns,wall_ns,p50_ns,p95_ns,p99_ns,load1_before,load1_after
k_pwrite,process,4096,10,16,32,4,0,new_name,51,bytes,8976,8160,33837888,1632,0,0,0,0,0,4908522,5035247,93570,124140,159210,3.180,3.180
stderr:

[2026-07-15T18:54:30.328392+00:00] e000717 /home/bob/src/mess/.maw/workspaces/bn-1zv6/spikes/pwritev_group/target/release/pwritev_group point-auto copy_contiguous process 4096 10 16 4 new_name 0
stdout:
variant,mode,payload,events_per_batch,owner_units,physical_batches,writers,chain,unit_shape,iterations,stop_reason,events,domain_events,bytes,write_syscalls,short_writes,interrupted,max_iovecs,copied_bytes,barriers,cpu_ns,wall_ns,p50_ns,p95_ns,p99_ns,load1_before,load1_after
copy_contiguous,process,4096,10,16,32,4,0,new_name,51,bytes,8976,8160,33837888,51,0,0,0,33837888,0,5284801,5352066,101840,121630,161110,3.180,3.180
stderr:

[2026-07-15T18:54:31.359753+00:00] e000718 /home/bob/src/mess/.maw/workspaces/bn-1zv6/spikes/pwritev_group/target/release/pwritev_group point-auto k_pwrite process 4096 10 16 4 new_name 0
stdout:
variant,mode,payload,events_per_batch,owner_units,physical_batches,writers,chain,unit_shape,iterations,stop_reason,events,domain_events,bytes,write_syscalls,short_writes,interrupted,max_iovecs,copied_bytes,barriers,cpu_ns,wall_ns,p50_ns,p95_ns,p99_ns,load1_before,load1_after
k_pwrite,process,4096,10,16,32,4,0,new_name,51,bytes,8976,8160,33837888,1632,0,0,0,0,0,4722431,4770867,91440,109170,115109,3.180,3.180
stderr:

[2026-07-15T18:54:32.391065+00:00] e000719 /home/bob/src/mess/.maw/workspaces/bn-1zv6/spikes/pwritev_group/target/release/pwritev_group point-auto k_pwrite process 4096 10 16 4 new_name 0
stdout:
variant,mode,payload,events_per_batch,owner_units,physical_batches,writers,chain,unit_shape,iterations,stop_reason,events,domain_events,bytes,write_syscalls,short_writes,interrupted,max_iovecs,copied_bytes,barriers,cpu_ns,wall_ns,p50_ns,p95_ns,p99_ns,load1_before,load1_after
k_pwrite,process,4096,10,16,32,4,0,new_name,51,bytes,8976,8160,33837888,1632,0,0,0,0,0,4717551,4758227,91070,103160,109500,3.170,3.170
stderr:

[2026-07-15T18:54:33.421344+00:00] e000720 /home/bob/src/mess/.maw/workspaces/bn-1zv6/spikes/pwritev_group/target/release/pwritev_group point-auto copy_contiguous process 4096 10 16 4 new_name 0
stdout:
variant,mode,payload,events_per_batch,owner_units,physical_batches,writers,chain,unit_shape,iterations,stop_reason,events,domain_events,bytes,write_syscalls,short_writes,interrupted,max_iovecs,copied_bytes,barriers,cpu_ns,wall_ns,p50_ns,p95_ns,p99_ns,load1_before,load1_after
copy_contiguous,process,4096,10,16,32,4,0,new_name,51,bytes,8976,8160,33837888,51,0,0,0,33837888,0,5069181,5125406,99220,107760,135259,3.170,3.170
stderr:

[2026-07-15T18:54:34.450070+00:00] e000721 /home/bob/src/mess/.maw/workspaces/bn-1zv6/spikes/pwritev_group/target/release/pwritev_group point-auto k_pwrite process 4096 10 64 4 domain 0
stdout:
variant,mode,payload,events_per_batch,owner_units,physical_batches,writers,chain,unit_shape,iterations,stop_reason,events,domain_events,bytes,write_syscalls,short_writes,interrupted,max_iovecs,copied_bytes,barriers,cpu_ns,wall_ns,p50_ns,p95_ns,p99_ns,load1_before,load1_after
k_pwrite,process,4096,10,64,64,4,0,domain,13,bytes,8320,8320,34384896,832,0,0,0,0,0,4310071,4335587,331650,338830,341030,3.170,3.170
stderr:

[2026-07-15T18:54:35.482793+00:00] e000722 /home/bob/src/mess/.maw/workspaces/bn-1zv6/spikes/pwritev_group/target/release/pwritev_group point-auto pwritev_full_8m process 4096 10 64 4 domain 0
stdout:
variant,mode,payload,events_per_batch,owner_units,physical_batches,writers,chain,unit_shape,iterations,stop_reason,events,domain_events,bytes,write_syscalls,short_writes,interrupted,max_iovecs,copied_bytes,barriers,cpu_ns,wall_ns,p50_ns,p95_ns,p99_ns,load1_before,load1_after
pwritev_full_8m,process,4096,10,64,64,4,0,domain,13,bytes,8320,8320,34384896,13,0,0,64,0,0,2595610,2638908,198260,225760,305789,3.170,3.170
stderr:

[2026-07-15T18:54:36.509217+00:00] e000723 /home/bob/src/mess/.maw/workspaces/bn-1zv6/spikes/pwritev_group/target/release/pwritev_group point-auto pwritev_full_8m process 4096 10 64 4 domain 0
stdout:
variant,mode,payload,events_per_batch,owner_units,physical_batches,writers,chain,unit_shape,iterations,stop_reason,events,domain_events,bytes,write_syscalls,short_writes,interrupted,max_iovecs,copied_bytes,barriers,cpu_ns,wall_ns,p50_ns,p95_ns,p99_ns,load1_before,load1_after
pwritev_full_8m,process,4096,10,64,64,4,0,domain,13,bytes,8320,8320,34384896,13,0,0,64,0,0,2401690,2411088,183040,196259,202830,3.170,3.170
stderr:

[2026-07-15T18:54:37.531657+00:00] e000724 /home/bob/src/mess/.maw/workspaces/bn-1zv6/spikes/pwritev_group/target/release/pwritev_group point-auto k_pwrite process 4096 10 64 4 domain 0
stdout:
variant,mode,payload,events_per_batch,owner_units,physical_batches,writers,chain,unit_shape,iterations,stop_reason,events,domain_events,bytes,write_syscalls,short_writes,interrupted,max_iovecs,copied_bytes,barriers,cpu_ns,wall_ns,p50_ns,p95_ns,p99_ns,load1_before,load1_after
k_pwrite,process,4096,10,64,64,4,0,domain,13,bytes,8320,8320,34384896,832,0,0,0,0,0,4346231,4373007,329810,349969,353190,3.000,3.000
stderr:

[2026-07-15T18:54:38.557508+00:00] e000725 /home/bob/src/mess/.maw/workspaces/bn-1zv6/spikes/pwritev_group/target/release/pwritev_group point-auto copy_contiguous process 4096 10 64 4 domain 0
stdout:
variant,mode,payload,events_per_batch,owner_units,physical_batches,writers,chain,unit_shape,iterations,stop_reason,events,domain_events,bytes,write_syscalls,short_writes,interrupted,max_iovecs,copied_bytes,barriers,cpu_ns,wall_ns,p50_ns,p95_ns,p99_ns,load1_before,load1_after
copy_contiguous,process,4096,10,64,64,4,0,domain,13,bytes,8320,8320,34384896,13,0,0,0,34384896,0,5395042,5459266,404520,477859,585920,3.000,3.000
stderr:

[2026-07-15T18:54:39.582925+00:00] e000726 /home/bob/src/mess/.maw/workspaces/bn-1zv6/spikes/pwritev_group/target/release/pwritev_group point-auto k_pwrite process 4096 10 64 4 domain 0
stdout:
variant,mode,payload,events_per_batch,owner_units,physical_batches,writers,chain,unit_shape,iterations,stop_reason,events,domain_events,bytes,write_syscalls,short_writes,interrupted,max_iovecs,copied_bytes,barriers,cpu_ns,wall_ns,p50_ns,p95_ns,p99_ns,load1_before,load1_after
k_pwrite,process,4096,10,64,64,4,0,domain,13,bytes,8320,8320,34384896,832,0,0,0,0,0,4433531,4474256,341850,354820,367979,3.000,3.000
stderr:

[2026-07-15T18:54:40.611379+00:00] e000727 /home/bob/src/mess/.maw/workspaces/bn-1zv6/spikes/pwritev_group/target/release/pwritev_group point-auto k_pwrite process 4096 10 64 4 domain 0
stdout:
variant,mode,payload,events_per_batch,owner_units,physical_batches,writers,chain,unit_shape,iterations,stop_reason,events,domain_events,bytes,write_syscalls,short_writes,interrupted,max_iovecs,copied_bytes,barriers,cpu_ns,wall_ns,p50_ns,p95_ns,p99_ns,load1_before,load1_after
k_pwrite,process,4096,10,64,64,4,0,domain,13,bytes,8320,8320,34384896,832,0,0,0,0,0,4345461,4370116,330879,354930,359330,3.000,3.000
stderr:

[2026-07-15T18:54:41.635303+00:00] e000728 /home/bob/src/mess/.maw/workspaces/bn-1zv6/spikes/pwritev_group/target/release/pwritev_group point-auto copy_contiguous process 4096 10 64 4 domain 0
stdout:
variant,mode,payload,events_per_batch,owner_units,physical_batches,writers,chain,unit_shape,iterations,stop_reason,events,domain_events,bytes,write_syscalls,short_writes,interrupted,max_iovecs,copied_bytes,barriers,cpu_ns,wall_ns,p50_ns,p95_ns,p99_ns,load1_before,load1_after
copy_contiguous,process,4096,10,64,64,4,0,domain,13,bytes,8320,8320,34384896,13,0,0,0,34384896,0,5262032,5304096,391720,500080,526930,3.000,3.000
stderr:

[2026-07-15T18:54:42.666387+00:00] e000729 /home/bob/src/mess/.maw/workspaces/bn-1zv6/spikes/pwritev_group/target/release/pwritev_group point-auto k_pwrite process 4096 10 64 4 new_name 0
stdout:
variant,mode,payload,events_per_batch,owner_units,physical_batches,writers,chain,unit_shape,iterations,stop_reason,events,domain_events,bytes,write_syscalls,short_writes,interrupted,max_iovecs,copied_bytes,barriers,cpu_ns,wall_ns,p50_ns,p95_ns,p99_ns,load1_before,load1_after
k_pwrite,process,4096,10,64,128,4,0,new_name,13,bytes,9152,8320,34501376,1664,0,0,0,0,0,4977982,5212216,384350,457680,469969,2.760,2.760
stderr:

[2026-07-15T18:54:43.697517+00:00] e000730 /home/bob/src/mess/.maw/workspaces/bn-1zv6/spikes/pwritev_group/target/release/pwritev_group point-auto pwritev_full_8m process 4096 10 64 4 new_name 0
stdout:
variant,mode,payload,events_per_batch,owner_units,physical_batches,writers,chain,unit_shape,iterations,stop_reason,events,domain_events,bytes,write_syscalls,short_writes,interrupted,max_iovecs,copied_bytes,barriers,cpu_ns,wall_ns,p50_ns,p95_ns,p99_ns,load1_before,load1_after
pwritev_full_8m,process,4096,10,64,128,4,0,new_name,13,bytes,9152,8320,34501376,13,0,0,128,0,0,5012361,5053826,201319,368669,2297538,2.760,2.760
stderr:

[2026-07-15T18:54:44.727365+00:00] e000731 /home/bob/src/mess/.maw/workspaces/bn-1zv6/spikes/pwritev_group/target/release/pwritev_group point-auto pwritev_full_8m process 4096 10 64 4 new_name 0
stdout:
variant,mode,payload,events_per_batch,owner_units,physical_batches,writers,chain,unit_shape,iterations,stop_reason,events,domain_events,bytes,write_syscalls,short_writes,interrupted,max_iovecs,copied_bytes,barriers,cpu_ns,wall_ns,p50_ns,p95_ns,p99_ns,load1_before,load1_after
pwritev_full_8m,process,4096,10,64,128,4,0,new_name,13,bytes,9152,8320,34501376,13,0,0,128,0,0,2495521,2523279,184250,215640,273220,2.760,2.760
stderr:

[2026-07-15T18:54:45.755284+00:00] e000732 /home/bob/src/mess/.maw/workspaces/bn-1zv6/spikes/pwritev_group/target/release/pwritev_group point-auto k_pwrite process 4096 10 64 4 new_name 0
stdout:
variant,mode,payload,events_per_batch,owner_units,physical_batches,writers,chain,unit_shape,iterations,stop_reason,events,domain_events,bytes,write_syscalls,short_writes,interrupted,max_iovecs,copied_bytes,barriers,cpu_ns,wall_ns,p50_ns,p95_ns,p99_ns,load1_before,load1_after
k_pwrite,process,4096,10,64,128,4,0,new_name,13,bytes,9152,8320,34501376,1664,0,0,0,0,0,4851281,4877567,374490,387710,390520,2.760,2.760
stderr:

[2026-07-15T18:54:46.787289+00:00] e000733 /home/bob/src/mess/.maw/workspaces/bn-1zv6/spikes/pwritev_group/target/release/pwritev_group point-auto pwritev_64_8m process 4096 10 64 4 new_name 0
stdout:
variant,mode,payload,events_per_batch,owner_units,physical_batches,writers,chain,unit_shape,iterations,stop_reason,events,domain_events,bytes,write_syscalls,short_writes,interrupted,max_iovecs,copied_bytes,barriers,cpu_ns,wall_ns,p50_ns,p95_ns,p99_ns,load1_before,load1_after
pwritev_64_8m,process,4096,10,64,128,4,0,new_name,13,bytes,9152,8320,34501376,26,0,0,64,0,0,2493271,2509008,189980,205470,208800,2.760,2.760
stderr:

[2026-07-15T18:54:47.808042+00:00] e000734 /home/bob/src/mess/.maw/workspaces/bn-1zv6/spikes/pwritev_group/target/release/pwritev_group point-auto k_pwrite process 4096 10 64 4 new_name 0
stdout:
variant,mode,payload,events_per_batch,owner_units,physical_batches,writers,chain,unit_shape,iterations,stop_reason,events,domain_events,bytes,write_syscalls,short_writes,interrupted,max_iovecs,copied_bytes,barriers,cpu_ns,wall_ns,p50_ns,p95_ns,p99_ns,load1_before,load1_after
k_pwrite,process,4096,10,64,128,4,0,new_name,13,bytes,9152,8320,34501376,1664,0,0,0,0,0,4888411,4922947,378740,391140,401869,2.540,2.540
stderr:

[2026-07-15T18:54:48.836630+00:00] e000735 /home/bob/src/mess/.maw/workspaces/bn-1zv6/spikes/pwritev_group/target/release/pwritev_group point-auto k_pwrite process 4096 10 64 4 new_name 0
stdout:
variant,mode,payload,events_per_batch,owner_units,physical_batches,writers,chain,unit_shape,iterations,stop_reason,events,domain_events,bytes,write_syscalls,short_writes,interrupted,max_iovecs,copied_bytes,barriers,cpu_ns,wall_ns,p50_ns,p95_ns,p99_ns,load1_before,load1_after
k_pwrite,process,4096,10,64,128,4,0,new_name,13,bytes,9152,8320,34501376,1664,0,0,0,0,0,4859312,5056766,377280,432640,480940,2.540,2.540
stderr:

[2026-07-15T18:54:49.867690+00:00] e000736 /home/bob/src/mess/.maw/workspaces/bn-1zv6/spikes/pwritev_group/target/release/pwritev_group point-auto pwritev_64_8m process 4096 10 64 4 new_name 0
stdout:
variant,mode,payload,events_per_batch,owner_units,physical_batches,writers,chain,unit_shape,iterations,stop_reason,events,domain_events,bytes,write_syscalls,short_writes,interrupted,max_iovecs,copied_bytes,barriers,cpu_ns,wall_ns,p50_ns,p95_ns,p99_ns,load1_before,load1_after
pwritev_64_8m,process,4096,10,64,128,4,0,new_name,13,bytes,9152,8320,34501376,26,0,0,64,0,0,2689851,2719898,199830,241439,303150,2.540,2.540
stderr:

[2026-07-15T18:54:50.897298+00:00] e000737 /home/bob/src/mess/.maw/workspaces/bn-1zv6/spikes/pwritev_group/target/release/pwritev_group point-auto k_pwrite process 4096 10 64 4 new_name 0
stdout:
variant,mode,payload,events_per_batch,owner_units,physical_batches,writers,chain,unit_shape,iterations,stop_reason,events,domain_events,bytes,write_syscalls,short_writes,interrupted,max_iovecs,copied_bytes,barriers,cpu_ns,wall_ns,p50_ns,p95_ns,p99_ns,load1_before,load1_after
k_pwrite,process,4096,10,64,128,4,0,new_name,13,bytes,9152,8320,34501376,1664,0,0,0,0,0,8079312,8126734,384980,515129,3381678,2.540,2.540
stderr:

[2026-07-15T18:54:51.928388+00:00] e000738 /home/bob/src/mess/.maw/workspaces/bn-1zv6/spikes/pwritev_group/target/release/pwritev_group point-auto copy_contiguous process 4096 10 64 4 new_name 0
stdout:
variant,mode,payload,events_per_batch,owner_units,physical_batches,writers,chain,unit_shape,iterations,stop_reason,events,domain_events,bytes,write_syscalls,short_writes,interrupted,max_iovecs,copied_bytes,barriers,cpu_ns,wall_ns,p50_ns,p95_ns,p99_ns,load1_before,load1_after
copy_contiguous,process,4096,10,64,128,4,0,new_name,13,bytes,9152,8320,34501376,13,0,0,0,34501376,0,5096911,5137507,390510,404400,452320,2.540,2.540
stderr:

[2026-07-15T18:54:52.953287+00:00] e000739 /home/bob/src/mess/.maw/workspaces/bn-1zv6/spikes/pwritev_group/target/release/pwritev_group point-auto copy_contiguous process 4096 10 64 4 new_name 0
stdout:
variant,mode,payload,events_per_batch,owner_units,physical_batches,writers,chain,unit_shape,iterations,stop_reason,events,domain_events,bytes,write_syscalls,short_writes,interrupted,max_iovecs,copied_bytes,barriers,cpu_ns,wall_ns,p50_ns,p95_ns,p99_ns,load1_before,load1_after
copy_contiguous,process,4096,10,64,128,4,0,new_name,13,bytes,9152,8320,34501376,13,0,0,0,34501376,0,5135012,5180946,391280,415329,416909,2.410,2.410
stderr:

[2026-07-15T18:54:53.975847+00:00] e000740 /home/bob/src/mess/.maw/workspaces/bn-1zv6/spikes/pwritev_group/target/release/pwritev_group point-auto k_pwrite process 4096 10 64 4 new_name 0
stdout:
variant,mode,payload,events_per_batch,owner_units,physical_batches,writers,chain,unit_shape,iterations,stop_reason,events,domain_events,bytes,write_syscalls,short_writes,interrupted,max_iovecs,copied_bytes,barriers,cpu_ns,wall_ns,p50_ns,p95_ns,p99_ns,load1_before,load1_after
k_pwrite,process,4096,10,64,128,4,0,new_name,13,bytes,9152,8320,34501376,1664,0,0,0,0,0,5096011,5129606,377630,451109,467420,2.410,2.410
stderr:

[2026-07-15T18:54:55.005602+00:00] e000741 /home/bob/src/mess/.maw/workspaces/bn-1zv6/spikes/pwritev_group/target/release/pwritev_group point-auto pwritev_full_8m process 4096 10 256 4 domain 0
stdout:
variant,mode,payload,events_per_batch,owner_units,physical_batches,writers,chain,unit_shape,iterations,stop_reason,events,domain_events,bytes,write_syscalls,short_writes,interrupted,max_iovecs,copied_bytes,barriers,cpu_ns,wall_ns,p50_ns,p95_ns,p99_ns,load1_before,load1_after
pwritev_full_8m,process,4096,10,256,256,4,0,domain,4,bytes,10240,10240,42319872,8,0,0,203,0,0,3085261,3106188,790269,797239,797239,2.410,2.410
stderr:

[2026-07-15T18:54:56.033893+00:00] e000742 /home/bob/src/mess/.maw/workspaces/bn-1zv6/spikes/pwritev_group/target/release/pwritev_group point-auto k_pwrite process 4096 10 256 4 domain 0
stdout:
variant,mode,payload,events_per_batch,owner_units,physical_batches,writers,chain,unit_shape,iterations,stop_reason,events,domain_events,bytes,write_syscalls,short_writes,interrupted,max_iovecs,copied_bytes,barriers,cpu_ns,wall_ns,p50_ns,p95_ns,p99_ns,load1_before,load1_after
k_pwrite,process,4096,10,256,256,4,0,domain,4,bytes,10240,10240,42319872,1024,0,0,0,0,0,6421601,6486115,1650599,1714128,1714128,2.410,2.410
stderr:

[2026-07-15T18:54:57.063539+00:00] e000743 /home/bob/src/mess/.maw/workspaces/bn-1zv6/spikes/pwritev_group/target/release/pwritev_group point-auto k_pwrite process 4096 10 256 4 domain 0
stdout:
variant,mode,payload,events_per_batch,owner_units,physical_batches,writers,chain,unit_shape,iterations,stop_reason,events,domain_events,bytes,write_syscalls,short_writes,interrupted,max_iovecs,copied_bytes,barriers,cpu_ns,wall_ns,p50_ns,p95_ns,p99_ns,load1_before,load1_after
k_pwrite,process,4096,10,256,256,4,0,domain,4,bytes,10240,10240,42319872,1024,0,0,0,0,0,6079492,6129845,1529118,1670549,1670549,2.220,2.220
stderr:

[2026-07-15T18:54:58.088437+00:00] e000744 /home/bob/src/mess/.maw/workspaces/bn-1zv6/spikes/pwritev_group/target/release/pwritev_group point-auto pwritev_full_8m process 4096 10 256 4 domain 0
stdout:
variant,mode,payload,events_per_batch,owner_units,physical_batches,writers,chain,unit_shape,iterations,stop_reason,events,domain_events,bytes,write_syscalls,short_writes,interrupted,max_iovecs,copied_bytes,barriers,cpu_ns,wall_ns,p50_ns,p95_ns,p99_ns,load1_before,load1_after
pwritev_full_8m,process,4096,10,256,256,4,0,domain,4,bytes,10240,10240,42319872,8,0,0,203,0,0,3208500,3227598,769609,951000,951000,2.220,2.220
stderr:

[2026-07-15T18:54:59.109828+00:00] e000745 /home/bob/src/mess/.maw/workspaces/bn-1zv6/spikes/pwritev_group/target/release/pwritev_group point-auto k_pwrite process 4096 10 256 4 domain 0
stdout:
variant,mode,payload,events_per_batch,owner_units,physical_batches,writers,chain,unit_shape,iterations,stop_reason,events,domain_events,bytes,write_syscalls,short_writes,interrupted,max_iovecs,copied_bytes,barriers,cpu_ns,wall_ns,p50_ns,p95_ns,p99_ns,load1_before,load1_after
k_pwrite,process,4096,10,256,256,4,0,domain,4,bytes,10240,10240,42319872,1024,0,0,0,0,0,9672193,9936033,2138068,4683307,4683307,2.220,2.220
stderr:

[2026-07-15T18:55:00.132603+00:00] e000746 /home/bob/src/mess/.maw/workspaces/bn-1zv6/spikes/pwritev_group/target/release/pwritev_group point-auto pwritev_64_8m process 4096 10 256 4 domain 0
stdout:
variant,mode,payload,events_per_batch,owner_units,physical_batches,writers,chain,unit_shape,iterations,stop_reason,events,domain_events,bytes,write_syscalls,short_writes,interrupted,max_iovecs,copied_bytes,barriers,cpu_ns,wall_ns,p50_ns,p95_ns,p99_ns,load1_before,load1_after
pwritev_64_8m,process,4096,10,256,256,4,0,domain,4,bytes,10240,10240,42319872,16,0,0,64,0,0,3150500,3178428,806199,830229,830229,2.220,2.220
stderr:

[2026-07-15T18:55:01.162787+00:00] e000747 /home/bob/src/mess/.maw/workspaces/bn-1zv6/spikes/pwritev_group/target/release/pwritev_group point-auto pwritev_64_8m process 4096 10 256 4 domain 0
stdout:
variant,mode,payload,events_per_batch,owner_units,physical_batches,writers,chain,unit_shape,iterations,stop_reason,events,domain_events,bytes,write_syscalls,short_writes,interrupted,max_iovecs,copied_bytes,barriers,cpu_ns,wall_ns,p50_ns,p95_ns,p99_ns,load1_before,load1_after
pwritev_64_8m,process,4096,10,256,256,4,0,domain,4,bytes,10240,10240,42319872,16,0,0,64,0,0,3040100,3074788,746250,856119,856119,2.220,2.220
stderr:

[2026-07-15T18:55:02.196768+00:00] e000748 /home/bob/src/mess/.maw/workspaces/bn-1zv6/spikes/pwritev_group/target/release/pwritev_group point-auto k_pwrite process 4096 10 256 4 domain 0
stdout:
variant,mode,payload,events_per_batch,owner_units,physical_batches,writers,chain,unit_shape,iterations,stop_reason,events,domain_events,bytes,write_syscalls,short_writes,interrupted,max_iovecs,copied_bytes,barriers,cpu_ns,wall_ns,p50_ns,p95_ns,p99_ns,load1_before,load1_after
k_pwrite,process,4096,10,256,256,4,0,domain,4,bytes,10240,10240,42319872,1024,0,0,0,0,0,9925133,9991803,1725669,5185006,5185006,2.200,2.200
stderr:

[2026-07-15T18:55:03.220707+00:00] e000749 /home/bob/src/mess/.maw/workspaces/bn-1zv6/spikes/pwritev_group/target/release/pwritev_group point-auto pwritev_full_8m process 4096 10 256 4 new_name 0
stdout:
variant,mode,payload,events_per_batch,owner_units,physical_batches,writers,chain,unit_shape,iterations,stop_reason,events,domain_events,bytes,write_syscalls,short_writes,interrupted,max_iovecs,copied_bytes,barriers,cpu_ns,wall_ns,p50_ns,p95_ns,p99_ns,load1_before,load1_after
pwritev_full_8m,process,4096,10,256,512,4,0,new_name,4,bytes,11264,10240,42463232,8,0,0,406,0,0,3460391,4501486,823519,2161428,2161428,2.200,2.200
stderr:

[2026-07-15T18:55:04.248798+00:00] e000750 /home/bob/src/mess/.maw/workspaces/bn-1zv6/spikes/pwritev_group/target/release/pwritev_group point-auto k_pwrite process 4096 10 256 4 new_name 0
stdout:
variant,mode,payload,events_per_batch,owner_units,physical_batches,writers,chain,unit_shape,iterations,stop_reason,events,domain_events,bytes,write_syscalls,short_writes,interrupted,max_iovecs,copied_bytes,barriers,cpu_ns,wall_ns,p50_ns,p95_ns,p99_ns,load1_before,load1_after
k_pwrite,process,4096,10,256,512,4,0,new_name,4,bytes,11264,10240,42463232,2048,0,0,0,0,0,7004072,7047645,1762489,1822119,1822119,2.200,2.200
stderr:

[2026-07-15T18:55:05.280161+00:00] e000751 /home/bob/src/mess/.maw/workspaces/bn-1zv6/spikes/pwritev_group/target/release/pwritev_group point-auto k_pwrite process 4096 10 256 4 new_name 0
stdout:
variant,mode,payload,events_per_batch,owner_units,physical_batches,writers,chain,unit_shape,iterations,stop_reason,events,domain_events,bytes,write_syscalls,short_writes,interrupted,max_iovecs,copied_bytes,barriers,cpu_ns,wall_ns,p50_ns,p95_ns,p99_ns,load1_before,load1_after
k_pwrite,process,4096,10,256,512,4,0,new_name,4,bytes,11264,10240,42463232,2048,0,0,0,0,0,7753752,8285194,2160328,2234888,2234888,2.200,2.200
stderr:

[2026-07-15T18:55:06.308194+00:00] e000752 /home/bob/src/mess/.maw/workspaces/bn-1zv6/spikes/pwritev_group/target/release/pwritev_group point-auto pwritev_full_8m process 4096 10 256 4 new_name 0
stdout:
variant,mode,payload,events_per_batch,owner_units,physical_batches,writers,chain,unit_shape,iterations,stop_reason,events,domain_events,bytes,write_syscalls,short_writes,interrupted,max_iovecs,copied_bytes,barriers,cpu_ns,wall_ns,p50_ns,p95_ns,p99_ns,load1_before,load1_after
pwritev_full_8m,process,4096,10,256,512,4,0,new_name,4,bytes,11264,10240,42463232,8,0,0,406,0,0,3142211,3177818,843320,857179,857179,2.200,2.200
stderr:

[2026-07-15T18:55:07.332298+00:00] e000753 /home/bob/src/mess/.maw/workspaces/bn-1zv6/spikes/pwritev_group/target/release/pwritev_group point-auto k_pwrite process 4096 10 256 4 new_name 0
stdout:
variant,mode,payload,events_per_batch,owner_units,physical_batches,writers,chain,unit_shape,iterations,stop_reason,events,domain_events,bytes,write_syscalls,short_writes,interrupted,max_iovecs,copied_bytes,barriers,cpu_ns,wall_ns,p50_ns,p95_ns,p99_ns,load1_before,load1_after
k_pwrite,process,4096,10,256,512,4,0,new_name,4,bytes,11264,10240,42463232,2048,0,0,0,0,0,7271382,7330744,1867908,1979418,1979418,2.180,2.180
stderr:

[2026-07-15T18:55:08.357555+00:00] e000754 /home/bob/src/mess/.maw/workspaces/bn-1zv6/spikes/pwritev_group/target/release/pwritev_group point-auto pwritev_256_8m process 4096 10 256 4 new_name 0
stdout:
variant,mode,payload,events_per_batch,owner_units,physical_batches,writers,chain,unit_shape,iterations,stop_reason,events,domain_events,bytes,write_syscalls,short_writes,interrupted,max_iovecs,copied_bytes,barriers,cpu_ns,wall_ns,p50_ns,p95_ns,p99_ns,load1_before,load1_after
pwritev_256_8m,process,4096,10,256,512,4,0,new_name,4,bytes,11264,10240,42463232,8,0,0,256,0,0,3103871,3123887,808329,820949,820949,2.180,2.180
stderr:

[2026-07-15T18:55:09.388568+00:00] e000755 /home/bob/src/mess/.maw/workspaces/bn-1zv6/spikes/pwritev_group/target/release/pwritev_group point-auto pwritev_256_8m process 4096 10 256 4 new_name 0
stdout:
variant,mode,payload,events_per_batch,owner_units,physical_batches,writers,chain,unit_shape,iterations,stop_reason,events,domain_events,bytes,write_syscalls,short_writes,interrupted,max_iovecs,copied_bytes,barriers,cpu_ns,wall_ns,p50_ns,p95_ns,p99_ns,load1_before,load1_after
pwritev_256_8m,process,4096,10,256,512,4,0,new_name,4,bytes,11264,10240,42463232,8,0,0,256,0,0,3362241,3393687,815199,1110389,1110389,2.180,2.180
stderr:

[2026-07-15T18:55:10.413555+00:00] e000756 /home/bob/src/mess/.maw/workspaces/bn-1zv6/spikes/pwritev_group/target/release/pwritev_group point-auto k_pwrite process 4096 10 256 4 new_name 0
stdout:
variant,mode,payload,events_per_batch,owner_units,physical_batches,writers,chain,unit_shape,iterations,stop_reason,events,domain_events,bytes,write_syscalls,short_writes,interrupted,max_iovecs,copied_bytes,barriers,cpu_ns,wall_ns,p50_ns,p95_ns,p99_ns,load1_before,load1_after
k_pwrite,process,4096,10,256,512,4,0,new_name,4,bytes,11264,10240,42463232,2048,0,0,0,0,0,7329631,7410865,1814269,2023208,2023208,2.180,2.180
stderr:

[2026-07-15T18:55:11.436490+00:00] e000757 /home/bob/src/mess/.maw/workspaces/bn-1zv6/spikes/pwritev_group/target/release/pwritev_group point-auto pwritev_64_8m process 4096 10 256 4 new_name 0
stdout:
variant,mode,payload,events_per_batch,owner_units,physical_batches,writers,chain,unit_shape,iterations,stop_reason,events,domain_events,bytes,write_syscalls,short_writes,interrupted,max_iovecs,copied_bytes,barriers,cpu_ns,wall_ns,p50_ns,p95_ns,p99_ns,load1_before,load1_after
pwritev_64_8m,process,4096,10,256,512,4,0,new_name,4,bytes,11264,10240,42463232,32,0,0,64,0,0,3931211,3972217,1036410,1200999,1200999,2.180,2.180
stderr:

[2026-07-15T18:55:12.466750+00:00] e000758 /home/bob/src/mess/.maw/workspaces/bn-1zv6/spikes/pwritev_group/target/release/pwritev_group point-auto k_pwrite process 4096 10 256 4 new_name 0
stdout:
variant,mode,payload,events_per_batch,owner_units,physical_batches,writers,chain,unit_shape,iterations,stop_reason,events,domain_events,bytes,write_syscalls,short_writes,interrupted,max_iovecs,copied_bytes,barriers,cpu_ns,wall_ns,p50_ns,p95_ns,p99_ns,load1_before,load1_after
k_pwrite,process,4096,10,256,512,4,0,new_name,4,bytes,11264,10240,42463232,2048,0,0,0,0,0,7347072,7419175,1886728,2059489,2059489,2.330,2.330
stderr:

[2026-07-15T18:55:13.496029+00:00] e000759 /home/bob/src/mess/.maw/workspaces/bn-1zv6/spikes/pwritev_group/target/release/pwritev_group point-auto k_pwrite process 4096 10 256 4 new_name 0
stdout:
variant,mode,payload,events_per_batch,owner_units,physical_batches,writers,chain,unit_shape,iterations,stop_reason,events,domain_events,bytes,write_syscalls,short_writes,interrupted,max_iovecs,copied_bytes,barriers,cpu_ns,wall_ns,p50_ns,p95_ns,p99_ns,load1_before,load1_after
k_pwrite,process,4096,10,256,512,4,0,new_name,4,bytes,11264,10240,42463232,2048,0,0,0,0,0,10566883,10658792,1888058,5353656,5353656,2.330,2.330
stderr:

[2026-07-15T18:55:14.524040+00:00] e000760 /home/bob/src/mess/.maw/workspaces/bn-1zv6/spikes/pwritev_group/target/release/pwritev_group point-auto pwritev_64_8m process 4096 10 256 4 new_name 0
stdout:
variant,mode,payload,events_per_batch,owner_units,physical_batches,writers,chain,unit_shape,iterations,stop_reason,events,domain_events,bytes,write_syscalls,short_writes,interrupted,max_iovecs,copied_bytes,barriers,cpu_ns,wall_ns,p50_ns,p95_ns,p99_ns,load1_before,load1_after
pwritev_64_8m,process,4096,10,256,512,4,0,new_name,4,bytes,11264,10240,42463232,32,0,0,64,0,0,4633221,4679637,1253768,1257140,1257140,2.330,2.330
stderr:

[2026-07-15T18:55:15.553395+00:00] e000761 /home/bob/src/mess/.maw/workspaces/bn-1zv6/spikes/pwritev_group/target/release/pwritev_group point-auto k_pwrite process 4096 10 1024 4 domain 0
stdout:
variant,mode,payload,events_per_batch,owner_units,physical_batches,writers,chain,unit_shape,iterations,stop_reason,events,domain_events,bytes,write_syscalls,short_writes,interrupted,max_iovecs,copied_bytes,barriers,cpu_ns,wall_ns,p50_ns,p95_ns,p99_ns,load1_before,load1_after
k_pwrite,process,4096,10,1024,1024,4,0,domain,1,bytes,10240,10240,42319872,1024,0,0,0,0,0,7562812,7621745,7621365,7621365,7621365,2.330,2.330
stderr:

[2026-07-15T18:55:16.585852+00:00] e000762 /home/bob/src/mess/.maw/workspaces/bn-1zv6/spikes/pwritev_group/target/release/pwritev_group point-auto pwritev_full_8m process 4096 10 1024 4 domain 0
stdout:
variant,mode,payload,events_per_batch,owner_units,physical_batches,writers,chain,unit_shape,iterations,stop_reason,events,domain_events,bytes,write_syscalls,short_writes,interrupted,max_iovecs,copied_bytes,barriers,cpu_ns,wall_ns,p50_ns,p95_ns,p99_ns,load1_before,load1_after
pwritev_full_8m,process,4096,10,1024,1024,4,0,domain,1,bytes,10240,10240,42319872,6,0,0,204,0,0,5344011,5400057,5399567,5399567,5399567,2.330,2.330
stderr:

[2026-07-15T18:55:17.615678+00:00] e000763 /home/bob/src/mess/.maw/workspaces/bn-1zv6/spikes/pwritev_group/target/release/pwritev_group point-auto pwritev_full_8m process 4096 10 1024 4 domain 0
stdout:
variant,mode,payload,events_per_batch,owner_units,physical_batches,writers,chain,unit_shape,iterations,stop_reason,events,domain_events,bytes,write_syscalls,short_writes,interrupted,max_iovecs,copied_bytes,barriers,cpu_ns,wall_ns,p50_ns,p95_ns,p99_ns,load1_before,load1_after
pwritev_full_8m,process,4096,10,1024,1024,4,0,domain,1,bytes,10240,10240,42319872,6,0,0,204,0,0,4964161,5095316,5094196,5094196,5094196,2.300,2.300
stderr:

[2026-07-15T18:55:18.649680+00:00] e000764 /home/bob/src/mess/.maw/workspaces/bn-1zv6/spikes/pwritev_group/target/release/pwritev_group point-auto k_pwrite process 4096 10 1024 4 domain 0
stdout:
variant,mode,payload,events_per_batch,owner_units,physical_batches,writers,chain,unit_shape,iterations,stop_reason,events,domain_events,bytes,write_syscalls,short_writes,interrupted,max_iovecs,copied_bytes,barriers,cpu_ns,wall_ns,p50_ns,p95_ns,p99_ns,load1_before,load1_after
k_pwrite,process,4096,10,1024,1024,4,0,domain,1,bytes,10240,10240,42319872,1024,0,0,0,0,0,7842772,7908824,7908374,7908374,7908374,2.300,2.300
stderr:

[2026-07-15T18:55:19.671963+00:00] e000765 /home/bob/src/mess/.maw/workspaces/bn-1zv6/spikes/pwritev_group/target/release/pwritev_group point-auto pwritev_64_8m process 4096 10 1024 4 domain 0
stdout:
variant,mode,payload,events_per_batch,owner_units,physical_batches,writers,chain,unit_shape,iterations,stop_reason,events,domain_events,bytes,write_syscalls,short_writes,interrupted,max_iovecs,copied_bytes,barriers,cpu_ns,wall_ns,p50_ns,p95_ns,p99_ns,load1_before,load1_after
pwritev_64_8m,process,4096,10,1024,1024,4,0,domain,1,bytes,10240,10240,42319872,16,0,0,64,0,0,8612612,8690414,8690104,8690104,8690104,2.300,2.300
stderr:

[2026-07-15T18:55:20.696609+00:00] e000766 /home/bob/src/mess/.maw/workspaces/bn-1zv6/spikes/pwritev_group/target/release/pwritev_group point-auto k_pwrite process 4096 10 1024 4 domain 0
stdout:
variant,mode,payload,events_per_batch,owner_units,physical_batches,writers,chain,unit_shape,iterations,stop_reason,events,domain_events,bytes,write_syscalls,short_writes,interrupted,max_iovecs,copied_bytes,barriers,cpu_ns,wall_ns,p50_ns,p95_ns,p99_ns,load1_before,load1_after
k_pwrite,process,4096,10,1024,1024,4,0,domain,1,bytes,10240,10240,42319872,1024,0,0,0,0,0,11110853,11546462,11546172,11546172,11546172,2.300,2.300
stderr:

[2026-07-15T18:55:21.725907+00:00] e000767 /home/bob/src/mess/.maw/workspaces/bn-1zv6/spikes/pwritev_group/target/release/pwritev_group point-auto k_pwrite process 4096 10 1024 4 domain 0
stdout:
variant,mode,payload,events_per_batch,owner_units,physical_batches,writers,chain,unit_shape,iterations,stop_reason,events,domain_events,bytes,write_syscalls,short_writes,interrupted,max_iovecs,copied_bytes,barriers,cpu_ns,wall_ns,p50_ns,p95_ns,p99_ns,load1_before,load1_after
k_pwrite,process,4096,10,1024,1024,4,0,domain,1,bytes,10240,10240,42319872,1024,0,0,0,0,0,7702992,7751464,7751184,7751184,7751184,2.300,2.300
stderr:

[2026-07-15T18:55:22.759680+00:00] e000768 /home/bob/src/mess/.maw/workspaces/bn-1zv6/spikes/pwritev_group/target/release/pwritev_group point-auto pwritev_64_8m process 4096 10 1024 4 domain 0
stdout:
variant,mode,payload,events_per_batch,owner_units,physical_batches,writers,chain,unit_shape,iterations,stop_reason,events,domain_events,bytes,write_syscalls,short_writes,interrupted,max_iovecs,copied_bytes,barriers,cpu_ns,wall_ns,p50_ns,p95_ns,p99_ns,load1_before,load1_after
pwritev_64_8m,process,4096,10,1024,1024,4,0,domain,1,bytes,10240,10240,42319872,16,0,0,64,0,0,4852721,4891457,4891037,4891037,4891037,3.160,3.160
stderr:

[2026-07-15T18:55:23.782225+00:00] e000769 /home/bob/src/mess/.maw/workspaces/bn-1zv6/spikes/pwritev_group/target/release/pwritev_group point-auto k_pwrite process 4096 10 1024 4 new_name 0
stdout:
variant,mode,payload,events_per_batch,owner_units,physical_batches,writers,chain,unit_shape,iterations,stop_reason,events,domain_events,bytes,write_syscalls,short_writes,interrupted,max_iovecs,copied_bytes,barriers,cpu_ns,wall_ns,p50_ns,p95_ns,p99_ns,load1_before,load1_after
k_pwrite,process,4096,10,1024,2048,4,0,new_name,1,bytes,11264,10240,42463232,2048,0,0,0,0,0,8975003,9078784,9078414,9078414,9078414,3.160,3.160
stderr:

[2026-07-15T18:55:24.811404+00:00] e000770 /home/bob/src/mess/.maw/workspaces/bn-1zv6/spikes/pwritev_group/target/release/pwritev_group point-auto pwritev_full_8m process 4096 10 1024 4 new_name 0
stdout:
variant,mode,payload,events_per_batch,owner_units,physical_batches,writers,chain,unit_shape,iterations,stop_reason,events,domain_events,bytes,write_syscalls,short_writes,interrupted,max_iovecs,copied_bytes,barriers,cpu_ns,wall_ns,p50_ns,p95_ns,p99_ns,load1_before,load1_after
pwritev_full_8m,process,4096,10,1024,2048,4,0,new_name,1,bytes,11264,10240,42463232,6,0,0,407,0,0,4912411,4991137,4990947,4990947,4990947,3.160,3.160
stderr:

[2026-07-15T18:55:25.833977+00:00] e000771 /home/bob/src/mess/.maw/workspaces/bn-1zv6/spikes/pwritev_group/target/release/pwritev_group point-auto pwritev_full_8m process 4096 10 1024 4 new_name 0
stdout:
variant,mode,payload,events_per_batch,owner_units,physical_batches,writers,chain,unit_shape,iterations,stop_reason,events,domain_events,bytes,write_syscalls,short_writes,interrupted,max_iovecs,copied_bytes,barriers,cpu_ns,wall_ns,p50_ns,p95_ns,p99_ns,load1_before,load1_after
pwritev_full_8m,process,4096,10,1024,2048,4,0,new_name,1,bytes,11264,10240,42463232,6,0,0,407,0,0,5343702,5386576,5386136,5386136,5386136,3.160,3.160
stderr:

[2026-07-15T18:55:26.863113+00:00] e000772 /home/bob/src/mess/.maw/workspaces/bn-1zv6/spikes/pwritev_group/target/release/pwritev_group point-auto k_pwrite process 4096 10 1024 4 new_name 0
stdout:
variant,mode,payload,events_per_batch,owner_units,physical_batches,writers,chain,unit_shape,iterations,stop_reason,events,domain_events,bytes,write_syscalls,short_writes,interrupted,max_iovecs,copied_bytes,barriers,cpu_ns,wall_ns,p50_ns,p95_ns,p99_ns,load1_before,load1_after
k_pwrite,process,4096,10,1024,2048,4,0,new_name,1,bytes,11264,10240,42463232,2048,0,0,0,0,0,11544012,11658751,11658061,11658061,11658061,3.230,3.230
stderr:

[2026-07-15T18:55:27.891758+00:00] e000773 /home/bob/src/mess/.maw/workspaces/bn-1zv6/spikes/pwritev_group/target/release/pwritev_group point-auto pwritev_256_8m process 4096 10 1024 4 new_name 0
stdout:
variant,mode,payload,events_per_batch,owner_units,physical_batches,writers,chain,unit_shape,iterations,stop_reason,events,domain_events,bytes,write_syscalls,short_writes,interrupted,max_iovecs,copied_bytes,barriers,cpu_ns,wall_ns,p50_ns,p95_ns,p99_ns,load1_before,load1_after
pwritev_256_8m,process,4096,10,1024,2048,4,0,new_name,1,bytes,11264,10240,42463232,8,0,0,256,0,0,5312562,5363056,5362696,5362696,5362696,3.230,3.230
stderr:

[2026-07-15T18:55:28.917245+00:00] e000774 /home/bob/src/mess/.maw/workspaces/bn-1zv6/spikes/pwritev_group/target/release/pwritev_group point-auto k_pwrite process 4096 10 1024 4 new_name 0
stdout:
variant,mode,payload,events_per_batch,owner_units,physical_batches,writers,chain,unit_shape,iterations,stop_reason,events,domain_events,bytes,write_syscalls,short_writes,interrupted,max_iovecs,copied_bytes,barriers,cpu_ns,wall_ns,p50_ns,p95_ns,p99_ns,load1_before,load1_after
k_pwrite,process,4096,10,1024,2048,4,0,new_name,1,bytes,11264,10240,42463232,2048,0,0,0,0,0,8279872,8360075,8359695,8359695,8359695,3.230,3.230
stderr:

[2026-07-15T18:55:29.938395+00:00] e000775 /home/bob/src/mess/.maw/workspaces/bn-1zv6/spikes/pwritev_group/target/release/pwritev_group point-auto k_pwrite process 4096 10 1024 4 new_name 0
stdout:
variant,mode,payload,events_per_batch,owner_units,physical_batches,writers,chain,unit_shape,iterations,stop_reason,events,domain_events,bytes,write_syscalls,short_writes,interrupted,max_iovecs,copied_bytes,barriers,cpu_ns,wall_ns,p50_ns,p95_ns,p99_ns,load1_before,load1_after
k_pwrite,process,4096,10,1024,2048,4,0,new_name,1,bytes,11264,10240,42463232,2048,0,0,0,0,0,10888751,11918802,11918252,11918252,11918252,3.230,3.230
stderr:

[2026-07-15T18:55:30.962205+00:00] e000776 /home/bob/src/mess/.maw/workspaces/bn-1zv6/spikes/pwritev_group/target/release/pwritev_group point-auto pwritev_256_8m process 4096 10 1024 4 new_name 0
stdout:
variant,mode,payload,events_per_batch,owner_units,physical_batches,writers,chain,unit_shape,iterations,stop_reason,events,domain_events,bytes,write_syscalls,short_writes,interrupted,max_iovecs,copied_bytes,barriers,cpu_ns,wall_ns,p50_ns,p95_ns,p99_ns,load1_before,load1_after
pwritev_256_8m,process,4096,10,1024,2048,4,0,new_name,1,bytes,11264,10240,42463232,8,0,0,256,0,0,4828272,4879676,4879416,4879416,4879416,3.230,3.230
stderr:

[2026-07-15T18:55:31.987304+00:00] e000777 /home/bob/src/mess/.maw/workspaces/bn-1zv6/spikes/pwritev_group/target/release/pwritev_group point-auto k_pwrite process 4096 10 1024 4 new_name 0
stdout:
variant,mode,payload,events_per_batch,owner_units,physical_batches,writers,chain,unit_shape,iterations,stop_reason,events,domain_events,bytes,write_syscalls,short_writes,interrupted,max_iovecs,copied_bytes,barriers,cpu_ns,wall_ns,p50_ns,p95_ns,p99_ns,load1_before,load1_after
k_pwrite,process,4096,10,1024,2048,4,0,new_name,1,bytes,11264,10240,42463232,2048,0,0,0,0,0,13580444,13693420,13692970,13692970,13692970,4.890,4.890
stderr:

[2026-07-15T18:55:33.019347+00:00] e000778 /home/bob/src/mess/.maw/workspaces/bn-1zv6/spikes/pwritev_group/target/release/pwritev_group point-auto pwritev_64_8m process 4096 10 1024 4 new_name 0
stdout:
variant,mode,payload,events_per_batch,owner_units,physical_batches,writers,chain,unit_shape,iterations,stop_reason,events,domain_events,bytes,write_syscalls,short_writes,interrupted,max_iovecs,copied_bytes,barriers,cpu_ns,wall_ns,p50_ns,p95_ns,p99_ns,load1_before,load1_after
pwritev_64_8m,process,4096,10,1024,2048,4,0,new_name,1,bytes,11264,10240,42463232,32,0,0,64,0,0,5254331,5286716,5286376,5286376,5286376,4.890,4.890
stderr:

[2026-07-15T18:55:34.041217+00:00] e000779 /home/bob/src/mess/.maw/workspaces/bn-1zv6/spikes/pwritev_group/target/release/pwritev_group point-auto pwritev_64_8m process 4096 10 1024 4 new_name 0
stdout:
variant,mode,payload,events_per_batch,owner_units,physical_batches,writers,chain,unit_shape,iterations,stop_reason,events,domain_events,bytes,write_syscalls,short_writes,interrupted,max_iovecs,copied_bytes,barriers,cpu_ns,wall_ns,p50_ns,p95_ns,p99_ns,load1_before,load1_after
pwritev_64_8m,process,4096,10,1024,2048,4,0,new_name,1,bytes,11264,10240,42463232,32,0,0,64,0,0,5429531,5484886,5484386,5484386,5484386,4.890,4.890
stderr:

[2026-07-15T18:55:35.069493+00:00] e000780 /home/bob/src/mess/.maw/workspaces/bn-1zv6/spikes/pwritev_group/target/release/pwritev_group point-auto k_pwrite process 4096 10 1024 4 new_name 0
stdout:
variant,mode,payload,events_per_batch,owner_units,physical_batches,writers,chain,unit_shape,iterations,stop_reason,events,domain_events,bytes,write_syscalls,short_writes,interrupted,max_iovecs,copied_bytes,barriers,cpu_ns,wall_ns,p50_ns,p95_ns,p99_ns,load1_before,load1_after
k_pwrite,process,4096,10,1024,2048,4,0,new_name,1,bytes,11264,10240,42463232,2048,0,0,0,0,0,11991393,12074772,12074412,12074412,12074412,4.890,4.890
stderr:

[2026-07-15T18:55:36.095859+00:00] e000781 /home/bob/src/mess/.maw/workspaces/bn-1zv6/spikes/pwritev_group/target/release/pwritev_group point-auto pwritev_full_8m process 4096 10 1025 4 domain 0
stdout:
variant,mode,payload,events_per_batch,owner_units,physical_batches,writers,chain,unit_shape,iterations,stop_reason,events,domain_events,bytes,write_syscalls,short_writes,interrupted,max_iovecs,copied_bytes,barriers,cpu_ns,wall_ns,p50_ns,p95_ns,p99_ns,load1_before,load1_after
pwritev_full_8m,process,4096,10,1025,1025,4,0,domain,1,bytes,10250,10250,42361200,6,0,0,204,0,0,4836911,4887166,4886986,4886986,4886986,4.890,4.890
stderr:

[2026-07-15T18:55:37.126983+00:00] e000782 /home/bob/src/mess/.maw/workspaces/bn-1zv6/spikes/pwritev_group/target/release/pwritev_group point-auto k_pwrite process 4096 10 1025 4 domain 0
stdout:
variant,mode,payload,events_per_batch,owner_units,physical_batches,writers,chain,unit_shape,iterations,stop_reason,events,domain_events,bytes,write_syscalls,short_writes,interrupted,max_iovecs,copied_bytes,barriers,cpu_ns,wall_ns,p50_ns,p95_ns,p99_ns,load1_before,load1_after
k_pwrite,process,4096,10,1025,1025,4,0,domain,1,bytes,10250,10250,42361200,1025,0,0,0,0,0,7421701,7487724,7487444,7487444,7487444,5.060,5.060
stderr:

[2026-07-15T18:55:38.157775+00:00] e000783 /home/bob/src/mess/.maw/workspaces/bn-1zv6/spikes/pwritev_group/target/release/pwritev_group point-auto k_pwrite process 4096 10 1025 4 domain 0
stdout:
variant,mode,payload,events_per_batch,owner_units,physical_batches,writers,chain,unit_shape,iterations,stop_reason,events,domain_events,bytes,write_syscalls,short_writes,interrupted,max_iovecs,copied_bytes,barriers,cpu_ns,wall_ns,p50_ns,p95_ns,p99_ns,load1_before,load1_after
k_pwrite,process,4096,10,1025,1025,4,0,domain,1,bytes,10250,10250,42361200,1025,0,0,0,0,0,7461022,7545404,7545224,7545224,7545224,5.060,5.060
stderr:

[2026-07-15T18:55:39.179786+00:00] e000784 /home/bob/src/mess/.maw/workspaces/bn-1zv6/spikes/pwritev_group/target/release/pwritev_group point-auto pwritev_full_8m process 4096 10 1025 4 domain 0
stdout:
variant,mode,payload,events_per_batch,owner_units,physical_batches,writers,chain,unit_shape,iterations,stop_reason,events,domain_events,bytes,write_syscalls,short_writes,interrupted,max_iovecs,copied_bytes,barriers,cpu_ns,wall_ns,p50_ns,p95_ns,p99_ns,load1_before,load1_after
pwritev_full_8m,process,4096,10,1025,1025,4,0,domain,1,bytes,10250,10250,42361200,6,0,0,204,0,0,5276391,5343947,5343527,5343527,5343527,5.060,5.060
stderr:

[2026-07-15T18:55:40.208045+00:00] e000785 /home/bob/src/mess/.maw/workspaces/bn-1zv6/spikes/pwritev_group/target/release/pwritev_group point-auto k_pwrite process 4096 10 1025 4 domain 0
stdout:
variant,mode,payload,events_per_batch,owner_units,physical_batches,writers,chain,unit_shape,iterations,stop_reason,events,domain_events,bytes,write_syscalls,short_writes,interrupted,max_iovecs,copied_bytes,barriers,cpu_ns,wall_ns,p50_ns,p95_ns,p99_ns,load1_before,load1_after
k_pwrite,process,4096,10,1025,1025,4,0,domain,1,bytes,10250,10250,42361200,1025,0,0,0,0,0,9320093,9428933,9428743,9428743,9428743,5.060,5.060
stderr:

[2026-07-15T18:55:41.236663+00:00] e000786 /home/bob/src/mess/.maw/workspaces/bn-1zv6/spikes/pwritev_group/target/release/pwritev_group point-auto pwritev_64_8m process 4096 10 1025 4 domain 0
stdout:
variant,mode,payload,events_per_batch,owner_units,physical_batches,writers,chain,unit_shape,iterations,stop_reason,events,domain_events,bytes,write_syscalls,short_writes,interrupted,max_iovecs,copied_bytes,barriers,cpu_ns,wall_ns,p50_ns,p95_ns,p99_ns,load1_before,load1_after
pwritev_64_8m,process,4096,10,1025,1025,4,0,domain,1,bytes,10250,10250,42361200,17,0,0,64,0,0,5033601,5082667,5082367,5082367,5082367,5.060,5.060
stderr:

[2026-07-15T18:55:42.259402+00:00] e000787 /home/bob/src/mess/.maw/workspaces/bn-1zv6/spikes/pwritev_group/target/release/pwritev_group point-auto pwritev_64_8m process 4096 10 1025 4 domain 0
stdout:
variant,mode,payload,events_per_batch,owner_units,physical_batches,writers,chain,unit_shape,iterations,stop_reason,events,domain_events,bytes,write_syscalls,short_writes,interrupted,max_iovecs,copied_bytes,barriers,cpu_ns,wall_ns,p50_ns,p95_ns,p99_ns,load1_before,load1_after
pwritev_64_8m,process,4096,10,1025,1025,4,0,domain,1,bytes,10250,10250,42361200,17,0,0,64,0,0,5225761,5291307,5290937,5290937,5290937,5.540,5.540
stderr:

[2026-07-15T18:55:43.290408+00:00] e000788 /home/bob/src/mess/.maw/workspaces/bn-1zv6/spikes/pwritev_group/target/release/pwritev_group point-auto k_pwrite process 4096 10 1025 4 domain 0
stdout:
variant,mode,payload,events_per_batch,owner_units,physical_batches,writers,chain,unit_shape,iterations,stop_reason,events,domain_events,bytes,write_syscalls,short_writes,interrupted,max_iovecs,copied_bytes,barriers,cpu_ns,wall_ns,p50_ns,p95_ns,p99_ns,load1_before,load1_after
k_pwrite,process,4096,10,1025,1025,4,0,domain,1,bytes,10250,10250,42361200,1025,0,0,0,0,0,7665012,7718504,7718234,7718234,7718234,5.540,5.540
stderr:

[2026-07-15T18:55:44.321466+00:00] e000789 /home/bob/src/mess/.maw/workspaces/bn-1zv6/spikes/pwritev_group/target/release/pwritev_group point-auto pwritev_full_8m process 4096 10 1025 4 new_name 0
stdout:
variant,mode,payload,events_per_batch,owner_units,physical_batches,writers,chain,unit_shape,iterations,stop_reason,events,domain_events,bytes,write_syscalls,short_writes,interrupted,max_iovecs,copied_bytes,barriers,cpu_ns,wall_ns,p50_ns,p95_ns,p99_ns,load1_before,load1_after
pwritev_full_8m,process,4096,10,1025,2050,4,0,new_name,1,bytes,11275,10250,42504700,6,0,0,407,0,0,5301771,5342846,5342236,5342236,5342236,5.540,5.540
stderr:

[2026-07-15T18:55:45.354202+00:00] e000790 /home/bob/src/mess/.maw/workspaces/bn-1zv6/spikes/pwritev_group/target/release/pwritev_group point-auto k_pwrite process 4096 10 1025 4 new_name 0
stdout:
variant,mode,payload,events_per_batch,owner_units,physical_batches,writers,chain,unit_shape,iterations,stop_reason,events,domain_events,bytes,write_syscalls,short_writes,interrupted,max_iovecs,copied_bytes,barriers,cpu_ns,wall_ns,p50_ns,p95_ns,p99_ns,load1_before,load1_after
k_pwrite,process,4096,10,1025,2050,4,0,new_name,1,bytes,11275,10250,42504700,2050,0,0,0,0,0,8408863,8487493,8486823,8486823,8486823,5.540,5.540
stderr:

[2026-07-15T18:55:46.378113+00:00] e000791 /home/bob/src/mess/.maw/workspaces/bn-1zv6/spikes/pwritev_group/target/release/pwritev_group point-auto k_pwrite process 4096 10 1025 4 new_name 0
stdout:
variant,mode,payload,events_per_batch,owner_units,physical_batches,writers,chain,unit_shape,iterations,stop_reason,events,domain_events,bytes,write_syscalls,short_writes,interrupted,max_iovecs,copied_bytes,barriers,cpu_ns,wall_ns,p50_ns,p95_ns,p99_ns,load1_before,load1_after
k_pwrite,process,4096,10,1025,2050,4,0,new_name,1,bytes,11275,10250,42504700,2050,0,0,0,0,0,8533362,8614644,8614214,8614214,8614214,5.540,5.540
stderr:

[2026-07-15T18:55:53.406729+00:00] e000792 /home/bob/src/mess/.maw/workspaces/bn-1zv6/spikes/pwritev_group/target/release/pwritev_group point-auto pwritev_full_8m process 4096 10 1025 4 new_name 0
stdout:
variant,mode,payload,events_per_batch,owner_units,physical_batches,writers,chain,unit_shape,iterations,stop_reason,events,domain_events,bytes,write_syscalls,short_writes,interrupted,max_iovecs,copied_bytes,barriers,cpu_ns,wall_ns,p50_ns,p95_ns,p99_ns,load1_before,load1_after
pwritev_full_8m,process,4096,10,1025,2050,4,0,new_name,1,bytes,11275,10250,42504700,6,0,0,407,0,0,5266441,5309786,5309446,5309446,5309446,5.720,5.720
stderr:

[2026-07-15T18:55:54.435652+00:00] e000793 /home/bob/src/mess/.maw/workspaces/bn-1zv6/spikes/pwritev_group/target/release/pwritev_group point-auto k_pwrite process 4096 10 1025 4 new_name 0
stdout:
variant,mode,payload,events_per_batch,owner_units,physical_batches,writers,chain,unit_shape,iterations,stop_reason,events,domain_events,bytes,write_syscalls,short_writes,interrupted,max_iovecs,copied_bytes,barriers,cpu_ns,wall_ns,p50_ns,p95_ns,p99_ns,load1_before,load1_after
k_pwrite,process,4096,10,1025,2050,4,0,new_name,1,bytes,11275,10250,42504700,2050,0,0,0,0,0,8590042,8662473,8662123,8662123,8662123,5.720,5.720
stderr:

[2026-07-15T18:55:55.473542+00:00] e000794 /home/bob/src/mess/.maw/workspaces/bn-1zv6/spikes/pwritev_group/target/release/pwritev_group point-auto pwritev_256_8m process 4096 10 1025 4 new_name 0
stdout:
variant,mode,payload,events_per_batch,owner_units,physical_batches,writers,chain,unit_shape,iterations,stop_reason,events,domain_events,bytes,write_syscalls,short_writes,interrupted,max_iovecs,copied_bytes,barriers,cpu_ns,wall_ns,p50_ns,p95_ns,p99_ns,load1_before,load1_after
pwritev_256_8m,process,4096,10,1025,2050,4,0,new_name,1,bytes,11275,10250,42504700,9,0,0,256,0,0,5902272,5951996,5951586,5951586,5951586,5.720,5.720
stderr:

[2026-07-15T18:55:56.498540+00:00] e000795 /home/bob/src/mess/.maw/workspaces/bn-1zv6/spikes/pwritev_group/target/release/pwritev_group point-auto pwritev_256_8m process 4096 10 1025 4 new_name 0
stdout:
variant,mode,payload,events_per_batch,owner_units,physical_batches,writers,chain,unit_shape,iterations,stop_reason,events,domain_events,bytes,write_syscalls,short_writes,interrupted,max_iovecs,copied_bytes,barriers,cpu_ns,wall_ns,p50_ns,p95_ns,p99_ns,load1_before,load1_after
pwritev_256_8m,process,4096,10,1025,2050,4,0,new_name,1,bytes,11275,10250,42504700,9,0,0,256,0,0,4944212,4978927,4978637,4978637,4978637,5.720,5.720
stderr:

[2026-07-15T18:55:57.528923+00:00] e000796 /home/bob/src/mess/.maw/workspaces/bn-1zv6/spikes/pwritev_group/target/release/pwritev_group point-auto k_pwrite process 4096 10 1025 4 new_name 0
stdout:
variant,mode,payload,events_per_batch,owner_units,physical_batches,writers,chain,unit_shape,iterations,stop_reason,events,domain_events,bytes,write_syscalls,short_writes,interrupted,max_iovecs,copied_bytes,barriers,cpu_ns,wall_ns,p50_ns,p95_ns,p99_ns,load1_before,load1_after
k_pwrite,process,4096,10,1025,2050,4,0,new_name,1,bytes,11275,10250,42504700,2050,0,0,0,0,0,8412552,8474634,8474274,8474274,8474274,5.420,5.420
stderr:

[2026-07-15T18:55:58.559026+00:00] e000797 /home/bob/src/mess/.maw/workspaces/bn-1zv6/spikes/pwritev_group/target/release/pwritev_group point-auto pwritev_64_8m process 4096 10 1025 4 new_name 0
stdout:
variant,mode,payload,events_per_batch,owner_units,physical_batches,writers,chain,unit_shape,iterations,stop_reason,events,domain_events,bytes,write_syscalls,short_writes,interrupted,max_iovecs,copied_bytes,barriers,cpu_ns,wall_ns,p50_ns,p95_ns,p99_ns,load1_before,load1_after
pwritev_64_8m,process,4096,10,1025,2050,4,0,new_name,1,bytes,11275,10250,42504700,33,0,0,64,0,0,6095361,6146876,6146276,6146276,6146276,5.420,5.420
stderr:

[2026-07-15T18:55:59.580989+00:00] e000798 /home/bob/src/mess/.maw/workspaces/bn-1zv6/spikes/pwritev_group/target/release/pwritev_group point-auto k_pwrite process 4096 10 1025 4 new_name 0
stdout:
variant,mode,payload,events_per_batch,owner_units,physical_batches,writers,chain,unit_shape,iterations,stop_reason,events,domain_events,bytes,write_syscalls,short_writes,interrupted,max_iovecs,copied_bytes,barriers,cpu_ns,wall_ns,p50_ns,p95_ns,p99_ns,load1_before,load1_after
k_pwrite,process,4096,10,1025,2050,4,0,new_name,1,bytes,11275,10250,42504700,2050,0,0,0,0,0,8387472,8464784,8464404,8464404,8464404,5.420,5.420
stderr:

[2026-07-15T18:56:00.603090+00:00] e000799 /home/bob/src/mess/.maw/workspaces/bn-1zv6/spikes/pwritev_group/target/release/pwritev_group point-auto k_pwrite process 4096 10 1025 4 new_name 0
stdout:
variant,mode,payload,events_per_batch,owner_units,physical_batches,writers,chain,unit_shape,iterations,stop_reason,events,domain_events,bytes,write_syscalls,short_writes,interrupted,max_iovecs,copied_bytes,barriers,cpu_ns,wall_ns,p50_ns,p95_ns,p99_ns,load1_before,load1_after
k_pwrite,process,4096,10,1025,2050,4,0,new_name,1,bytes,11275,10250,42504700,2050,0,0,0,0,0,12710093,12908731,12908361,12908361,12908361,5.420,5.420
stderr:

[2026-07-15T18:56:01.628343+00:00] e000800 /home/bob/src/mess/.maw/workspaces/bn-1zv6/spikes/pwritev_group/target/release/pwritev_group point-auto pwritev_64_8m process 4096 10 1025 4 new_name 0
stdout:
variant,mode,payload,events_per_batch,owner_units,physical_batches,writers,chain,unit_shape,iterations,stop_reason,events,domain_events,bytes,write_syscalls,short_writes,interrupted,max_iovecs,copied_bytes,barriers,cpu_ns,wall_ns,p50_ns,p95_ns,p99_ns,load1_before,load1_after
pwritev_64_8m,process,4096,10,1025,2050,4,0,new_name,1,bytes,11275,10250,42504700,33,0,0,64,0,0,5096491,5128116,5127666,5127666,5127666,5.420,5.420
stderr:

[2026-07-15T18:56:02.653754+00:00] e000801 /home/bob/src/mess/.maw/workspaces/bn-1zv6/spikes/pwritev_group/target/release/pwritev_group point-auto k_pwrite process 4096 100 2 2 domain 0
stdout:
variant,mode,payload,events_per_batch,owner_units,physical_batches,writers,chain,unit_shape,iterations,stop_reason,events,domain_events,bytes,write_syscalls,short_writes,interrupted,max_iovecs,copied_bytes,barriers,cpu_ns,wall_ns,p50_ns,p95_ns,p99_ns,load1_before,load1_after
k_pwrite,process,4096,100,2,2,2,0,domain,41,bytes,8200,8200,33824016,82,0,0,0,0,0,2887131,2928258,69430,80770,91690,5.150,5.150
stderr:

[2026-07-15T18:56:03.684057+00:00] e000802 /home/bob/src/mess/.maw/workspaces/bn-1zv6/spikes/pwritev_group/target/release/pwritev_group point-auto pwritev_full_8m process 4096 100 2 2 domain 0
stdout:
variant,mode,payload,events_per_batch,owner_units,physical_batches,writers,chain,unit_shape,iterations,stop_reason,events,domain_events,bytes,write_syscalls,short_writes,interrupted,max_iovecs,copied_bytes,barriers,cpu_ns,wall_ns,p50_ns,p95_ns,p99_ns,load1_before,load1_after
pwritev_full_8m,process,4096,100,2,2,2,0,domain,41,bytes,8200,8200,33824016,41,0,0,2,0,0,2791591,2933299,68270,85740,101780,5.150,5.150
stderr:

[2026-07-15T18:56:04.712529+00:00] e000803 /home/bob/src/mess/.maw/workspaces/bn-1zv6/spikes/pwritev_group/target/release/pwritev_group point-auto pwritev_full_8m process 4096 100 2 2 domain 0
stdout:
variant,mode,payload,events_per_batch,owner_units,physical_batches,writers,chain,unit_shape,iterations,stop_reason,events,domain_events,bytes,write_syscalls,short_writes,interrupted,max_iovecs,copied_bytes,barriers,cpu_ns,wall_ns,p50_ns,p95_ns,p99_ns,load1_before,load1_after
pwritev_full_8m,process,4096,100,2,2,2,0,domain,41,bytes,8200,8200,33824016,41,0,0,2,0,0,2905511,2961008,69980,95270,104750,5.150,5.150
stderr:

[2026-07-15T18:56:05.742668+00:00] e000804 /home/bob/src/mess/.maw/workspaces/bn-1zv6/spikes/pwritev_group/target/release/pwritev_group point-auto k_pwrite process 4096 100 2 2 domain 0
stdout:
variant,mode,payload,events_per_batch,owner_units,physical_batches,writers,chain,unit_shape,iterations,stop_reason,events,domain_events,bytes,write_syscalls,short_writes,interrupted,max_iovecs,copied_bytes,barriers,cpu_ns,wall_ns,p50_ns,p95_ns,p99_ns,load1_before,load1_after
k_pwrite,process,4096,100,2,2,2,0,domain,41,bytes,8200,8200,33824016,82,0,0,0,0,0,2917671,2952528,69740,80960,87840,5.150,5.150
stderr:

[2026-07-15T18:56:06.770337+00:00] e000805 /home/bob/src/mess/.maw/workspaces/bn-1zv6/spikes/pwritev_group/target/release/pwritev_group point-auto copy_contiguous process 4096 100 2 2 domain 0
stdout:
variant,mode,payload,events_per_batch,owner_units,physical_batches,writers,chain,unit_shape,iterations,stop_reason,events,domain_events,bytes,write_syscalls,short_writes,interrupted,max_iovecs,copied_bytes,barriers,cpu_ns,wall_ns,p50_ns,p95_ns,p99_ns,load1_before,load1_after
copy_contiguous,process,4096,100,2,2,2,0,domain,41,bytes,8200,8200,33824016,41,0,0,0,33824016,0,5217252,5251106,127200,134420,137130,5.150,5.150
stderr:

[2026-07-15T18:56:07.798440+00:00] e000806 /home/bob/src/mess/.maw/workspaces/bn-1zv6/spikes/pwritev_group/target/release/pwritev_group point-auto k_pwrite process 4096 100 2 2 domain 0
stdout:
variant,mode,payload,events_per_batch,owner_units,physical_batches,writers,chain,unit_shape,iterations,stop_reason,events,domain_events,bytes,write_syscalls,short_writes,interrupted,max_iovecs,copied_bytes,barriers,cpu_ns,wall_ns,p50_ns,p95_ns,p99_ns,load1_before,load1_after
k_pwrite,process,4096,100,2,2,2,0,domain,41,bytes,8200,8200,33824016,82,0,0,0,0,0,3265220,3510547,70170,136720,154360,5.300,5.300
stderr:

[2026-07-15T18:56:08.820267+00:00] e000807 /home/bob/src/mess/.maw/workspaces/bn-1zv6/spikes/pwritev_group/target/release/pwritev_group point-auto k_pwrite process 4096 100 2 2 domain 0
stdout:
variant,mode,payload,events_per_batch,owner_units,physical_batches,writers,chain,unit_shape,iterations,stop_reason,events,domain_events,bytes,write_syscalls,short_writes,interrupted,max_iovecs,copied_bytes,barriers,cpu_ns,wall_ns,p50_ns,p95_ns,p99_ns,load1_before,load1_after
k_pwrite,process,4096,100,2,2,2,0,domain,41,bytes,8200,8200,33824016,82,0,0,0,0,0,2872481,2902768,68020,81320,141009,5.300,5.300
stderr:

[2026-07-15T18:56:09.844450+00:00] e000808 /home/bob/src/mess/.maw/workspaces/bn-1zv6/spikes/pwritev_group/target/release/pwritev_group point-auto copy_contiguous process 4096 100 2 2 domain 0
stdout:
variant,mode,payload,events_per_batch,owner_units,physical_batches,writers,chain,unit_shape,iterations,stop_reason,events,domain_events,bytes,write_syscalls,short_writes,interrupted,max_iovecs,copied_bytes,barriers,cpu_ns,wall_ns,p50_ns,p95_ns,p99_ns,load1_before,load1_after
copy_contiguous,process,4096,100,2,2,2,0,domain,41,bytes,8200,8200,33824016,41,0,0,0,33824016,0,5080001,5133896,123949,134010,142570,5.300,5.300
stderr:

[2026-07-15T18:56:10.872389+00:00] e000809 /home/bob/src/mess/.maw/workspaces/bn-1zv6/spikes/pwritev_group/target/release/pwritev_group point-auto k_pwrite process 4096 100 2 2 new_name 0
stdout:
variant,mode,payload,events_per_batch,owner_units,physical_batches,writers,chain,unit_shape,iterations,stop_reason,events,domain_events,bytes,write_syscalls,short_writes,interrupted,max_iovecs,copied_bytes,barriers,cpu_ns,wall_ns,p50_ns,p95_ns,p99_ns,load1_before,load1_after
k_pwrite,process,4096,100,2,4,2,0,new_name,41,bytes,8282,8200,33835496,164,0,0,0,0,0,2956341,2975009,71740,79310,81970,5.300,5.300
stderr:

[2026-07-15T18:56:11.896200+00:00] e000810 /home/bob/src/mess/.maw/workspaces/bn-1zv6/spikes/pwritev_group/target/release/pwritev_group point-auto pwritev_full_8m process 4096 100 2 2 new_name 0
stdout:
variant,mode,payload,events_per_batch,owner_units,physical_batches,writers,chain,unit_shape,iterations,stop_reason,events,domain_events,bytes,write_syscalls,short_writes,interrupted,max_iovecs,copied_bytes,barriers,cpu_ns,wall_ns,p50_ns,p95_ns,p99_ns,load1_before,load1_after
pwritev_full_8m,process,4096,100,2,4,2,0,new_name,41,bytes,8282,8200,33835496,41,0,0,4,0,0,5363701,5461476,66520,119810,1991509,5.300,5.300
stderr:

[2026-07-15T18:56:12.925104+00:00] e000811 /home/bob/src/mess/.maw/workspaces/bn-1zv6/spikes/pwritev_group/target/release/pwritev_group point-auto pwritev_full_8m process 4096 100 2 2 new_name 0
stdout:
variant,mode,payload,events_per_batch,owner_units,physical_batches,writers,chain,unit_shape,iterations,stop_reason,events,domain_events,bytes,write_syscalls,short_writes,interrupted,max_iovecs,copied_bytes,barriers,cpu_ns,wall_ns,p50_ns,p95_ns,p99_ns,load1_before,load1_after
pwritev_full_8m,process,4096,100,2,4,2,0,new_name,41,bytes,8282,8200,33835496,41,0,0,4,0,0,2988920,3007038,68860,94710,102849,5.030,5.030
stderr:

[2026-07-15T18:56:13.956399+00:00] e000812 /home/bob/src/mess/.maw/workspaces/bn-1zv6/spikes/pwritev_group/target/release/pwritev_group point-auto k_pwrite process 4096 100 2 2 new_name 0
stdout:
variant,mode,payload,events_per_batch,owner_units,physical_batches,writers,chain,unit_shape,iterations,stop_reason,events,domain_events,bytes,write_syscalls,short_writes,interrupted,max_iovecs,copied_bytes,barriers,cpu_ns,wall_ns,p50_ns,p95_ns,p99_ns,load1_before,load1_after
k_pwrite,process,4096,100,2,4,2,0,new_name,41,bytes,8282,8200,33835496,164,0,0,0,0,0,3428241,3459227,83630,99959,110210,5.030,5.030
stderr:

[2026-07-15T18:56:14.988449+00:00] e000813 /home/bob/src/mess/.maw/workspaces/bn-1zv6/spikes/pwritev_group/target/release/pwritev_group point-auto copy_contiguous process 4096 100 2 2 new_name 0
stdout:
variant,mode,payload,events_per_batch,owner_units,physical_batches,writers,chain,unit_shape,iterations,stop_reason,events,domain_events,bytes,write_syscalls,short_writes,interrupted,max_iovecs,copied_bytes,barriers,cpu_ns,wall_ns,p50_ns,p95_ns,p99_ns,load1_before,load1_after
copy_contiguous,process,4096,100,2,4,2,0,new_name,41,bytes,8282,8200,33835496,41,0,0,0,33835496,0,7902332,7947994,124480,199250,2640048,5.030,5.030
stderr:

[2026-07-15T18:56:16.018085+00:00] e000814 /home/bob/src/mess/.maw/workspaces/bn-1zv6/spikes/pwritev_group/target/release/pwritev_group point-auto k_pwrite process 4096 100 2 2 new_name 0
stdout:
variant,mode,payload,events_per_batch,owner_units,physical_batches,writers,chain,unit_shape,iterations,stop_reason,events,domain_events,bytes,write_syscalls,short_writes,interrupted,max_iovecs,copied_bytes,barriers,cpu_ns,wall_ns,p50_ns,p95_ns,p99_ns,load1_before,load1_after
k_pwrite,process,4096,100,2,4,2,0,new_name,41,bytes,8282,8200,33835496,164,0,0,0,0,0,2951320,2981388,71940,79250,97110,5.030,5.030
stderr:

[2026-07-15T18:56:17.049217+00:00] e000815 /home/bob/src/mess/.maw/workspaces/bn-1zv6/spikes/pwritev_group/target/release/pwritev_group point-auto k_pwrite process 4096 100 2 2 new_name 0
stdout:
variant,mode,payload,events_per_batch,owner_units,physical_batches,writers,chain,unit_shape,iterations,stop_reason,events,domain_events,bytes,write_syscalls,short_writes,interrupted,max_iovecs,copied_bytes,barriers,cpu_ns,wall_ns,p50_ns,p95_ns,p99_ns,load1_before,load1_after
k_pwrite,process,4096,100,2,4,2,0,new_name,41,bytes,8282,8200,33835496,164,0,0,0,0,0,3075851,3100088,72370,85690,115070,4.870,4.870
stderr:

[2026-07-15T18:56:18.081602+00:00] e000816 /home/bob/src/mess/.maw/workspaces/bn-1zv6/spikes/pwritev_group/target/release/pwritev_group point-auto copy_contiguous process 4096 100 2 2 new_name 0
stdout:
variant,mode,payload,events_per_batch,owner_units,physical_batches,writers,chain,unit_shape,iterations,stop_reason,events,domain_events,bytes,write_syscalls,short_writes,interrupted,max_iovecs,copied_bytes,barriers,cpu_ns,wall_ns,p50_ns,p95_ns,p99_ns,load1_before,load1_after
copy_contiguous,process,4096,100,2,4,2,0,new_name,41,bytes,8282,8200,33835496,41,0,0,0,33835496,0,5094121,5146166,124660,133550,143080,4.870,4.870
stderr:

[2026-07-15T18:56:19.102193+00:00] e000817 /home/bob/src/mess/.maw/workspaces/bn-1zv6/spikes/pwritev_group/target/release/pwritev_group point-auto k_pwrite process 4096 100 4 4 domain 0
stdout:
variant,mode,payload,events_per_batch,owner_units,physical_batches,writers,chain,unit_shape,iterations,stop_reason,events,domain_events,bytes,write_syscalls,short_writes,interrupted,max_iovecs,copied_bytes,barriers,cpu_ns,wall_ns,p50_ns,p95_ns,p99_ns,load1_before,load1_after
k_pwrite,process,4096,100,4,4,4,0,domain,21,bytes,8400,8400,34648992,84,0,0,0,0,0,2965131,2989078,140710,153970,172430,4.870,4.870
stderr:

[2026-07-15T18:56:20.126292+00:00] e000818 /home/bob/src/mess/.maw/workspaces/bn-1zv6/spikes/pwritev_group/target/release/pwritev_group point-auto pwritev_full_8m process 4096 100 4 4 domain 0
stdout:
variant,mode,payload,events_per_batch,owner_units,physical_batches,writers,chain,unit_shape,iterations,stop_reason,events,domain_events,bytes,write_syscalls,short_writes,interrupted,max_iovecs,copied_bytes,barriers,cpu_ns,wall_ns,p50_ns,p95_ns,p99_ns,load1_before,load1_after
pwritev_full_8m,process,4096,100,4,4,4,0,domain,21,bytes,8400,8400,34648992,21,0,0,4,0,0,6770501,6831235,154279,311810,3520787,4.870,4.870
stderr:

[2026-07-15T18:56:21.156089+00:00] e000819 /home/bob/src/mess/.maw/workspaces/bn-1zv6/spikes/pwritev_group/target/release/pwritev_group point-auto pwritev_full_8m process 4096 100 4 4 domain 0
stdout:
variant,mode,payload,events_per_batch,owner_units,physical_batches,writers,chain,unit_shape,iterations,stop_reason,events,domain_events,bytes,write_syscalls,short_writes,interrupted,max_iovecs,copied_bytes,barriers,cpu_ns,wall_ns,p50_ns,p95_ns,p99_ns,load1_before,load1_after
pwritev_full_8m,process,4096,100,4,4,4,0,domain,21,bytes,8400,8400,34648992,21,0,0,4,0,0,2884320,2929498,137540,155750,156090,4.870,4.870
stderr:

[2026-07-15T18:56:22.180953+00:00] e000820 /home/bob/src/mess/.maw/workspaces/bn-1zv6/spikes/pwritev_group/target/release/pwritev_group point-auto k_pwrite process 4096 100 4 4 domain 0
stdout:
variant,mode,payload,events_per_batch,owner_units,physical_batches,writers,chain,unit_shape,iterations,stop_reason,events,domain_events,bytes,write_syscalls,short_writes,interrupted,max_iovecs,copied_bytes,barriers,cpu_ns,wall_ns,p50_ns,p95_ns,p99_ns,load1_before,load1_after
k_pwrite,process,4096,100,4,4,4,0,domain,21,bytes,8400,8400,34648992,84,0,0,0,0,0,3048321,3073648,142479,164480,198880,4.560,4.560
stderr:

[2026-07-15T18:56:23.212710+00:00] e000821 /home/bob/src/mess/.maw/workspaces/bn-1zv6/spikes/pwritev_group/target/release/pwritev_group point-auto copy_contiguous process 4096 100 4 4 domain 0
stdout:
variant,mode,payload,events_per_batch,owner_units,physical_batches,writers,chain,unit_shape,iterations,stop_reason,events,domain_events,bytes,write_syscalls,short_writes,interrupted,max_iovecs,copied_bytes,barriers,cpu_ns,wall_ns,p50_ns,p95_ns,p99_ns,load1_before,load1_after
copy_contiguous,process,4096,100,4,4,4,0,domain,21,bytes,8400,8400,34648992,21,0,0,0,34648992,0,5226471,5678606,244880,286729,753140,4.560,4.560
stderr:

[2026-07-15T18:56:24.241514+00:00] e000822 /home/bob/src/mess/.maw/workspaces/bn-1zv6/spikes/pwritev_group/target/release/pwritev_group point-auto k_pwrite process 4096 100 4 4 domain 0
stdout:
variant,mode,payload,events_per_batch,owner_units,physical_batches,writers,chain,unit_shape,iterations,stop_reason,events,domain_events,bytes,write_syscalls,short_writes,interrupted,max_iovecs,copied_bytes,barriers,cpu_ns,wall_ns,p50_ns,p95_ns,p99_ns,load1_before,load1_after
k_pwrite,process,4096,100,4,4,4,0,domain,21,bytes,8400,8400,34648992,84,0,0,0,0,0,2901761,2931128,137410,158410,161180,4.560,4.560
stderr:

[2026-07-15T18:56:25.270458+00:00] e000823 /home/bob/src/mess/.maw/workspaces/bn-1zv6/spikes/pwritev_group/target/release/pwritev_group point-auto k_pwrite process 4096 100 4 4 domain 0
stdout:
variant,mode,payload,events_per_batch,owner_units,physical_batches,writers,chain,unit_shape,iterations,stop_reason,events,domain_events,bytes,write_syscalls,short_writes,interrupted,max_iovecs,copied_bytes,barriers,cpu_ns,wall_ns,p50_ns,p95_ns,p99_ns,load1_before,load1_after
k_pwrite,process,4096,100,4,4,4,0,domain,21,bytes,8400,8400,34648992,84,0,0,0,0,0,3169411,3189658,151780,162310,169230,4.560,4.560
stderr:

[2026-07-15T18:56:26.301855+00:00] e000824 /home/bob/src/mess/.maw/workspaces/bn-1zv6/spikes/pwritev_group/target/release/pwritev_group point-auto copy_contiguous process 4096 100 4 4 domain 0
stdout:
variant,mode,payload,events_per_batch,owner_units,physical_batches,writers,chain,unit_shape,iterations,stop_reason,events,domain_events,bytes,write_syscalls,short_writes,interrupted,max_iovecs,copied_bytes,barriers,cpu_ns,wall_ns,p50_ns,p95_ns,p99_ns,load1_before,load1_after
copy_contiguous,process,4096,100,4,4,4,0,domain,21,bytes,8400,8400,34648992,21,0,0,0,34648992,0,5375212,5431166,255690,275730,279710,4.560,4.560
stderr:

[2026-07-15T18:56:27.327201+00:00] e000825 /home/bob/src/mess/.maw/workspaces/bn-1zv6/spikes/pwritev_group/target/release/pwritev_group point-auto k_pwrite process 4096 100 4 4 new_name 0
stdout:
variant,mode,payload,events_per_batch,owner_units,physical_batches,writers,chain,unit_shape,iterations,stop_reason,events,domain_events,bytes,write_syscalls,short_writes,interrupted,max_iovecs,copied_bytes,barriers,cpu_ns,wall_ns,p50_ns,p95_ns,p99_ns,load1_before,load1_after
k_pwrite,process,4096,100,4,8,4,0,new_name,21,bytes,8484,8400,34660752,168,0,0,0,0,0,2976371,2997917,141480,154610,157180,4.280,4.280
stderr:

[2026-07-15T18:56:28.364119+00:00] e000826 /home/bob/src/mess/.maw/workspaces/bn-1zv6/spikes/pwritev_group/target/release/pwritev_group point-auto pwritev_full_8m process 4096 100 4 4 new_name 0
stdout:
variant,mode,payload,events_per_batch,owner_units,physical_batches,writers,chain,unit_shape,iterations,stop_reason,events,domain_events,bytes,write_syscalls,short_writes,interrupted,max_iovecs,copied_bytes,barriers,cpu_ns,wall_ns,p50_ns,p95_ns,p99_ns,load1_before,load1_after
pwritev_full_8m,process,4096,100,4,8,4,0,new_name,21,bytes,8484,8400,34660752,21,0,0,8,0,0,2853770,2879378,133670,152940,157039,4.280,4.280
stderr:

[2026-07-15T18:56:29.390509+00:00] e000827 /home/bob/src/mess/.maw/workspaces/bn-1zv6/spikes/pwritev_group/target/release/pwritev_group point-auto pwritev_full_8m process 4096 100 4 4 new_name 0
stdout:
variant,mode,payload,events_per_batch,owner_units,physical_batches,writers,chain,unit_shape,iterations,stop_reason,events,domain_events,bytes,write_syscalls,short_writes,interrupted,max_iovecs,copied_bytes,barriers,cpu_ns,wall_ns,p50_ns,p95_ns,p99_ns,load1_before,load1_after
pwritev_full_8m,process,4096,100,4,8,4,0,new_name,21,bytes,8484,8400,34660752,21,0,0,8,0,0,3574661,3580227,147440,187759,560140,4.280,4.280
stderr:

[2026-07-15T18:56:30.415749+00:00] e000828 /home/bob/src/mess/.maw/workspaces/bn-1zv6/spikes/pwritev_group/target/release/pwritev_group point-auto k_pwrite process 4096 100 4 4 new_name 0
stdout:
variant,mode,payload,events_per_batch,owner_units,physical_batches,writers,chain,unit_shape,iterations,stop_reason,events,domain_events,bytes,write_syscalls,short_writes,interrupted,max_iovecs,copied_bytes,barriers,cpu_ns,wall_ns,p50_ns,p95_ns,p99_ns,load1_before,load1_after
k_pwrite,process,4096,100,4,8,4,0,new_name,21,bytes,8484,8400,34660752,168,0,0,0,0,0,3044140,3063788,143970,158360,158810,4.280,4.280
stderr:

[2026-07-15T18:56:31.437000+00:00] e000829 /home/bob/src/mess/.maw/workspaces/bn-1zv6/spikes/pwritev_group/target/release/pwritev_group point-auto copy_contiguous process 4096 100 4 4 new_name 0
stdout:
variant,mode,payload,events_per_batch,owner_units,physical_batches,writers,chain,unit_shape,iterations,stop_reason,events,domain_events,bytes,write_syscalls,short_writes,interrupted,max_iovecs,copied_bytes,barriers,cpu_ns,wall_ns,p50_ns,p95_ns,p99_ns,load1_before,load1_after
copy_contiguous,process,4096,100,4,8,4,0,new_name,21,bytes,8484,8400,34660752,21,0,0,0,34660752,0,5138761,5178207,245759,255829,267520,4.280,4.280
stderr:

[2026-07-15T18:56:32.458692+00:00] e000830 /home/bob/src/mess/.maw/workspaces/bn-1zv6/spikes/pwritev_group/target/release/pwritev_group point-auto k_pwrite process 4096 100 4 4 new_name 0
stdout:
variant,mode,payload,events_per_batch,owner_units,physical_batches,writers,chain,unit_shape,iterations,stop_reason,events,domain_events,bytes,write_syscalls,short_writes,interrupted,max_iovecs,copied_bytes,barriers,cpu_ns,wall_ns,p50_ns,p95_ns,p99_ns,load1_before,load1_after
k_pwrite,process,4096,100,4,8,4,0,new_name,21,bytes,8484,8400,34660752,168,0,0,0,0,0,4536290,6780085,155200,217589,3611828,3.930,3.930
stderr:

[2026-07-15T18:56:33.482739+00:00] e000831 /home/bob/src/mess/.maw/workspaces/bn-1zv6/spikes/pwritev_group/target/release/pwritev_group point-auto k_pwrite process 4096 100 4 4 new_name 0
stdout:
variant,mode,payload,events_per_batch,owner_units,physical_batches,writers,chain,unit_shape,iterations,stop_reason,events,domain_events,bytes,write_syscalls,short_writes,interrupted,max_iovecs,copied_bytes,barriers,cpu_ns,wall_ns,p50_ns,p95_ns,p99_ns,load1_before,load1_after
k_pwrite,process,4096,100,4,8,4,0,new_name,21,bytes,8484,8400,34660752,168,0,0,0,0,0,2971511,3009708,140510,160430,166600,3.930,3.930
stderr:

[2026-07-15T18:56:34.504845+00:00] e000832 /home/bob/src/mess/.maw/workspaces/bn-1zv6/spikes/pwritev_group/target/release/pwritev_group point-auto copy_contiguous process 4096 100 4 4 new_name 0
stdout:
variant,mode,payload,events_per_batch,owner_units,physical_batches,writers,chain,unit_shape,iterations,stop_reason,events,domain_events,bytes,write_syscalls,short_writes,interrupted,max_iovecs,copied_bytes,barriers,cpu_ns,wall_ns,p50_ns,p95_ns,p99_ns,load1_before,load1_after
copy_contiguous,process,4096,100,4,8,4,0,new_name,21,bytes,8484,8400,34660752,21,0,0,0,34660752,0,5086061,5118266,241930,255040,256750,3.930,3.930
stderr:

[2026-07-15T18:56:35.527991+00:00] e000833 /home/bob/src/mess/.maw/workspaces/bn-1zv6/spikes/pwritev_group/target/release/pwritev_group point-auto k_pwrite process 4096 1000 2 2 domain 0
stdout:
variant,mode,payload,events_per_batch,owner_units,physical_batches,writers,chain,unit_shape,iterations,stop_reason,events,domain_events,bytes,write_syscalls,short_writes,interrupted,max_iovecs,copied_bytes,barriers,cpu_ns,wall_ns,p50_ns,p95_ns,p99_ns,load1_before,load1_after
k_pwrite,process,4096,1000,2,2,2,0,domain,5,bytes,10000,10000,41240880,10,0,0,0,0,0,3084151,3109538,635080,643279,643279,3.930,3.930
stderr:

[2026-07-15T18:56:36.560603+00:00] e000834 /home/bob/src/mess/.maw/workspaces/bn-1zv6/spikes/pwritev_group/target/release/pwritev_group point-auto pwritev_full_8m process 4096 1000 2 2 domain 0
stdout:
variant,mode,payload,events_per_batch,owner_units,physical_batches,writers,chain,unit_shape,iterations,stop_reason,events,domain_events,bytes,write_syscalls,short_writes,interrupted,max_iovecs,copied_bytes,barriers,cpu_ns,wall_ns,p50_ns,p95_ns,p99_ns,load1_before,load1_after
pwritev_full_8m,process,4096,1000,2,2,2,0,domain,5,bytes,10000,10000,41240880,5,0,0,2,0,0,3880321,3917477,726199,1129129,1129129,3.930,3.930
stderr:

[2026-07-15T18:56:37.591396+00:00] e000835 /home/bob/src/mess/.maw/workspaces/bn-1zv6/spikes/pwritev_group/target/release/pwritev_group point-auto pwritev_full_8m process 4096 1000 2 2 domain 0
stdout:
variant,mode,payload,events_per_batch,owner_units,physical_batches,writers,chain,unit_shape,iterations,stop_reason,events,domain_events,bytes,write_syscalls,short_writes,interrupted,max_iovecs,copied_bytes,barriers,cpu_ns,wall_ns,p50_ns,p95_ns,p99_ns,load1_before,load1_after
pwritev_full_8m,process,4096,1000,2,2,2,0,domain,5,bytes,10000,10000,41240880,5,0,0,2,0,0,3327521,3360508,708640,772229,772229,3.620,3.620
stderr:

[2026-07-15T18:56:38.617451+00:00] e000836 /home/bob/src/mess/.maw/workspaces/bn-1zv6/spikes/pwritev_group/target/release/pwritev_group point-auto k_pwrite process 4096 1000 2 2 domain 0
stdout:
variant,mode,payload,events_per_batch,owner_units,physical_batches,writers,chain,unit_shape,iterations,stop_reason,events,domain_events,bytes,write_syscalls,short_writes,interrupted,max_iovecs,copied_bytes,barriers,cpu_ns,wall_ns,p50_ns,p95_ns,p99_ns,load1_before,load1_after
k_pwrite,process,4096,1000,2,2,2,0,domain,5,bytes,10000,10000,41240880,10,0,0,0,0,0,4502881,4526787,623169,2011249,2011249,3.620,3.620
stderr:

[2026-07-15T18:56:39.639715+00:00] e000837 /home/bob/src/mess/.maw/workspaces/bn-1zv6/spikes/pwritev_group/target/release/pwritev_group point-auto copy_contiguous process 4096 1000 2 2 domain 0
stdout:
variant,mode,payload,events_per_batch,owner_units,physical_batches,writers,chain,unit_shape,iterations,stop_reason,events,domain_events,bytes,write_syscalls,short_writes,interrupted,max_iovecs,copied_bytes,barriers,cpu_ns,wall_ns,p50_ns,p95_ns,p99_ns,load1_before,load1_after
copy_contiguous,process,4096,1000,2,2,2,0,domain,5,bytes,10000,10000,41240880,5,0,0,0,41240880,0,10588882,10673953,2017868,2569728,2569728,3.620,3.620
stderr:

[2026-07-15T18:56:40.663330+00:00] e000838 /home/bob/src/mess/.maw/workspaces/bn-1zv6/spikes/pwritev_group/target/release/pwritev_group point-auto k_pwrite process 4096 1000 2 2 domain 0
stdout:
variant,mode,payload,events_per_batch,owner_units,physical_batches,writers,chain,unit_shape,iterations,stop_reason,events,domain_events,bytes,write_syscalls,short_writes,interrupted,max_iovecs,copied_bytes,barriers,cpu_ns,wall_ns,p50_ns,p95_ns,p99_ns,load1_before,load1_after
k_pwrite,process,4096,1000,2,2,2,0,domain,5,bytes,10000,10000,41240880,10,0,0,0,0,0,3026861,3052868,554330,840639,840639,3.620,3.620
stderr:

[2026-07-15T18:56:41.694339+00:00] e000839 /home/bob/src/mess/.maw/workspaces/bn-1zv6/spikes/pwritev_group/target/release/pwritev_group point-auto k_pwrite process 4096 1000 2 2 domain 0
stdout:
variant,mode,payload,events_per_batch,owner_units,physical_batches,writers,chain,unit_shape,iterations,stop_reason,events,domain_events,bytes,write_syscalls,short_writes,interrupted,max_iovecs,copied_bytes,barriers,cpu_ns,wall_ns,p50_ns,p95_ns,p99_ns,load1_before,load1_after
k_pwrite,process,4096,1000,2,2,2,0,domain,5,bytes,10000,10000,41240880,10,0,0,0,0,0,3034571,3073848,562610,766980,766980,3.620,3.620
stderr:

[2026-07-15T18:56:42.719865+00:00] e000840 /home/bob/src/mess/.maw/workspaces/bn-1zv6/spikes/pwritev_group/target/release/pwritev_group point-auto copy_contiguous process 4096 1000 2 2 domain 0
stdout:
variant,mode,payload,events_per_batch,owner_units,physical_batches,writers,chain,unit_shape,iterations,stop_reason,events,domain_events,bytes,write_syscalls,short_writes,interrupted,max_iovecs,copied_bytes,barriers,cpu_ns,wall_ns,p50_ns,p95_ns,p99_ns,load1_before,load1_after
copy_contiguous,process,4096,1000,2,2,2,0,domain,5,bytes,10000,10000,41240880,5,0,0,0,41240880,0,7958322,8036174,1547369,1917398,1917398,3.410,3.410
stderr:

[2026-07-15T18:56:43.749990+00:00] e000841 /home/bob/src/mess/.maw/workspaces/bn-1zv6/spikes/pwritev_group/target/release/pwritev_group point-auto k_pwrite process 4096 1000 2 2 new_name 0
stdout:
variant,mode,payload,events_per_batch,owner_units,physical_batches,writers,chain,unit_shape,iterations,stop_reason,events,domain_events,bytes,write_syscalls,short_writes,interrupted,max_iovecs,copied_bytes,barriers,cpu_ns,wall_ns,p50_ns,p95_ns,p99_ns,load1_before,load1_after
k_pwrite,process,4096,1000,2,4,2,0,new_name,5,bytes,10010,10000,41242280,20,0,0,0,0,0,6021512,6611975,612070,4227867,4227867,3.410,3.410
stderr:

[2026-07-15T18:56:44.781629+00:00] e000842 /home/bob/src/mess/.maw/workspaces/bn-1zv6/spikes/pwritev_group/target/release/pwritev_group point-auto pwritev_full_8m process 4096 1000 2 2 new_name 0
stdout:
variant,mode,payload,events_per_batch,owner_units,physical_batches,writers,chain,unit_shape,iterations,stop_reason,events,domain_events,bytes,write_syscalls,short_writes,interrupted,max_iovecs,copied_bytes,barriers,cpu_ns,wall_ns,p50_ns,p95_ns,p99_ns,load1_before,load1_after
pwritev_full_8m,process,4096,1000,2,4,2,0,new_name,5,bytes,10010,10000,41242280,5,0,0,4,0,0,6880742,6940905,626300,4447647,4447647,3.410,3.410
stderr:

[2026-07-15T18:56:45.812979+00:00] e000843 /home/bob/src/mess/.maw/workspaces/bn-1zv6/spikes/pwritev_group/target/release/pwritev_group point-auto pwritev_full_8m process 4096 1000 2 2 new_name 0
stdout:
variant,mode,payload,events_per_batch,owner_units,physical_batches,writers,chain,unit_shape,iterations,stop_reason,events,domain_events,bytes,write_syscalls,short_writes,interrupted,max_iovecs,copied_bytes,barriers,cpu_ns,wall_ns,p50_ns,p95_ns,p99_ns,load1_before,load1_after
pwritev_full_8m,process,4096,1000,2,4,2,0,new_name,5,bytes,10010,10000,41242280,5,0,0,4,0,0,3092711,3122258,613019,650870,650870,3.410,3.410
stderr:

[2026-07-15T18:56:46.844276+00:00] e000844 /home/bob/src/mess/.maw/workspaces/bn-1zv6/spikes/pwritev_group/target/release/pwritev_group point-auto k_pwrite process 4096 1000 2 2 new_name 0
stdout:
variant,mode,payload,events_per_batch,owner_units,physical_batches,writers,chain,unit_shape,iterations,stop_reason,events,domain_events,bytes,write_syscalls,short_writes,interrupted,max_iovecs,copied_bytes,barriers,cpu_ns,wall_ns,p50_ns,p95_ns,p99_ns,load1_before,load1_after
k_pwrite,process,4096,1000,2,4,2,0,new_name,5,bytes,10010,10000,41242280,20,0,0,0,0,0,2732880,2749638,548499,558170,558170,3.410,3.410
stderr:

[2026-07-15T18:56:47.872214+00:00] e000845 /home/bob/src/mess/.maw/workspaces/bn-1zv6/spikes/pwritev_group/target/release/pwritev_group point-auto copy_contiguous process 4096 1000 2 2 new_name 0
stdout:
variant,mode,payload,events_per_batch,owner_units,physical_batches,writers,chain,unit_shape,iterations,stop_reason,events,domain_events,bytes,write_syscalls,short_writes,interrupted,max_iovecs,copied_bytes,barriers,cpu_ns,wall_ns,p50_ns,p95_ns,p99_ns,load1_before,load1_after
copy_contiguous,process,4096,1000,2,4,2,0,new_name,5,bytes,10010,10000,41242280,5,0,0,0,41242280,0,7876362,7940984,1590268,1601899,1601899,3.210,3.210
stderr:

[2026-07-15T18:56:48.900026+00:00] e000846 /home/bob/src/mess/.maw/workspaces/bn-1zv6/spikes/pwritev_group/target/release/pwritev_group point-auto k_pwrite process 4096 1000 2 2 new_name 0
stdout:
variant,mode,payload,events_per_batch,owner_units,physical_batches,writers,chain,unit_shape,iterations,stop_reason,events,domain_events,bytes,write_syscalls,short_writes,interrupted,max_iovecs,copied_bytes,barriers,cpu_ns,wall_ns,p50_ns,p95_ns,p99_ns,load1_before,load1_after
k_pwrite,process,4096,1000,2,4,2,0,new_name,5,bytes,10010,10000,41242280,20,0,0,0,0,0,2869931,2889918,569610,613829,613829,3.210,3.210
stderr:

[2026-07-15T18:56:49.928293+00:00] e000847 /home/bob/src/mess/.maw/workspaces/bn-1zv6/spikes/pwritev_group/target/release/pwritev_group point-auto k_pwrite process 4096 1000 2 2 new_name 0
stdout:
variant,mode,payload,events_per_batch,owner_units,physical_batches,writers,chain,unit_shape,iterations,stop_reason,events,domain_events,bytes,write_syscalls,short_writes,interrupted,max_iovecs,copied_bytes,barriers,cpu_ns,wall_ns,p50_ns,p95_ns,p99_ns,load1_before,load1_after
k_pwrite,process,4096,1000,2,4,2,0,new_name,5,bytes,10010,10000,41242280,20,0,0,0,0,0,2802251,2823158,560909,598059,598059,3.210,3.210
stderr:

[2026-07-15T18:56:50.952736+00:00] e000848 /home/bob/src/mess/.maw/workspaces/bn-1zv6/spikes/pwritev_group/target/release/pwritev_group point-auto copy_contiguous process 4096 1000 2 2 new_name 0
stdout:
variant,mode,payload,events_per_batch,owner_units,physical_batches,writers,chain,unit_shape,iterations,stop_reason,events,domain_events,bytes,write_syscalls,short_writes,interrupted,max_iovecs,copied_bytes,barriers,cpu_ns,wall_ns,p50_ns,p95_ns,p99_ns,load1_before,load1_after
copy_contiguous,process,4096,1000,2,4,2,0,new_name,5,bytes,10010,10000,41242280,5,0,0,0,41242280,0,7671852,7746695,1568689,1632349,1632349,3.210,3.210
stderr:

[2026-07-15T18:56:51.982598+00:00] e000849 /home/bob/src/mess/.maw/workspaces/bn-1zv6/spikes/pwritev_group/target/release/pwritev_group point-auto k_pwrite process 4096 1000 4 4 domain 0
stdout:
variant,mode,payload,events_per_batch,owner_units,physical_batches,writers,chain,unit_shape,iterations,stop_reason,events,domain_events,bytes,write_syscalls,short_writes,interrupted,max_iovecs,copied_bytes,barriers,cpu_ns,wall_ns,p50_ns,p95_ns,p99_ns,load1_before,load1_after
k_pwrite,process,4096,1000,4,4,4,0,domain,3,bytes,12000,12000,49489056,12,0,0,0,0,0,4796441,4826306,1586879,1720739,1720739,3.200,3.200
stderr:

[2026-07-15T18:56:53.019119+00:00] e000850 /home/bob/src/mess/.maw/workspaces/bn-1zv6/spikes/pwritev_group/target/release/pwritev_group point-auto pwritev_full_8m process 4096 1000 4 4 domain 0
stdout:
variant,mode,payload,events_per_batch,owner_units,physical_batches,writers,chain,unit_shape,iterations,stop_reason,events,domain_events,bytes,write_syscalls,short_writes,interrupted,max_iovecs,copied_bytes,barriers,cpu_ns,wall_ns,p50_ns,p95_ns,p99_ns,load1_before,load1_after
pwritev_full_8m,process,4096,1000,4,4,4,0,domain,3,bytes,12000,12000,49489056,6,0,0,3,0,0,5215602,5263266,1788168,1919259,1919259,3.200,3.200
stderr:

[2026-07-15T18:56:54.050285+00:00] e000851 /home/bob/src/mess/.maw/workspaces/bn-1zv6/spikes/pwritev_group/target/release/pwritev_group point-auto pwritev_full_8m process 4096 1000 4 4 domain 0
stdout:
variant,mode,payload,events_per_batch,owner_units,physical_batches,writers,chain,unit_shape,iterations,stop_reason,events,domain_events,bytes,write_syscalls,short_writes,interrupted,max_iovecs,copied_bytes,barriers,cpu_ns,wall_ns,p50_ns,p95_ns,p99_ns,load1_before,load1_after
pwritev_full_8m,process,4096,1000,4,4,4,0,domain,3,bytes,12000,12000,49489056,6,0,0,3,0,0,5171951,5226456,1757848,1783829,1783829,3.200,3.200
stderr:

[2026-07-15T18:56:55.081204+00:00] e000852 /home/bob/src/mess/.maw/workspaces/bn-1zv6/spikes/pwritev_group/target/release/pwritev_group point-auto k_pwrite process 4096 1000 4 4 domain 0
stdout:
variant,mode,payload,events_per_batch,owner_units,physical_batches,writers,chain,unit_shape,iterations,stop_reason,events,domain_events,bytes,write_syscalls,short_writes,interrupted,max_iovecs,copied_bytes,barriers,cpu_ns,wall_ns,p50_ns,p95_ns,p99_ns,load1_before,load1_after
k_pwrite,process,4096,1000,4,4,4,0,domain,3,bytes,12000,12000,49489056,12,0,0,0,0,0,5601152,5650496,1771579,2198178,2198178,3.200,3.200
stderr:

[2026-07-15T18:56:56.110976+00:00] e000853 /home/bob/src/mess/.maw/workspaces/bn-1zv6/spikes/pwritev_group/target/release/pwritev_group point-auto pwritev_full_8m process 4096 1000 4 4 new_name 0
stdout:
variant,mode,payload,events_per_batch,owner_units,physical_batches,writers,chain,unit_shape,iterations,stop_reason,events,domain_events,bytes,write_syscalls,short_writes,interrupted,max_iovecs,copied_bytes,barriers,cpu_ns,wall_ns,p50_ns,p95_ns,p99_ns,load1_before,load1_after
pwritev_full_8m,process,4096,1000,4,8,4,0,new_name,3,bytes,12012,12000,49490736,6,0,0,6,0,0,4511791,4557856,1500699,1619888,1619888,3.200,3.200
stderr:

[2026-07-15T18:56:57.133605+00:00] e000854 /home/bob/src/mess/.maw/workspaces/bn-1zv6/spikes/pwritev_group/target/release/pwritev_group point-auto k_pwrite process 4096 1000 4 4 new_name 0
stdout:
variant,mode,payload,events_per_batch,owner_units,physical_batches,writers,chain,unit_shape,iterations,stop_reason,events,domain_events,bytes,write_syscalls,short_writes,interrupted,max_iovecs,copied_bytes,barriers,cpu_ns,wall_ns,p50_ns,p95_ns,p99_ns,load1_before,load1_after
k_pwrite,process,4096,1000,4,8,4,0,new_name,3,bytes,12012,12000,49490736,24,0,0,0,0,0,5718061,5771906,1920179,2194818,2194818,3.020,3.020
stderr:

[2026-07-15T18:56:58.161321+00:00] e000855 /home/bob/src/mess/.maw/workspaces/bn-1zv6/spikes/pwritev_group/target/release/pwritev_group point-auto k_pwrite process 4096 1000 4 4 new_name 0
stdout:
variant,mode,payload,events_per_batch,owner_units,physical_batches,writers,chain,unit_shape,iterations,stop_reason,events,domain_events,bytes,write_syscalls,short_writes,interrupted,max_iovecs,copied_bytes,barriers,cpu_ns,wall_ns,p50_ns,p95_ns,p99_ns,load1_before,load1_after
k_pwrite,process,4096,1000,4,8,4,0,new_name,3,bytes,12012,12000,49490736,24,0,0,0,0,0,6209872,6281295,2173089,2177408,2177408,3.020,3.020
stderr:

[2026-07-15T18:56:59.191100+00:00] e000856 /home/bob/src/mess/.maw/workspaces/bn-1zv6/spikes/pwritev_group/target/release/pwritev_group point-auto pwritev_full_8m process 4096 1000 4 4 new_name 0
stdout:
variant,mode,payload,events_per_batch,owner_units,physical_batches,writers,chain,unit_shape,iterations,stop_reason,events,domain_events,bytes,write_syscalls,short_writes,interrupted,max_iovecs,copied_bytes,barriers,cpu_ns,wall_ns,p50_ns,p95_ns,p99_ns,load1_before,load1_after
pwritev_full_8m,process,4096,1000,4,8,4,0,new_name,3,bytes,12012,12000,49490736,6,0,0,6,0,0,5244251,5313146,1773119,1865559,1865559,3.020,3.020
stderr:

[2026-07-15T18:57:00.222421+00:00] e000857 /home/bob/src/mess/.maw/workspaces/bn-1zv6/spikes/pwritev_group/target/release/pwritev_group point-auto k_pwrite process 65536 1 2 2 domain 0
stdout:
variant,mode,payload,events_per_batch,owner_units,physical_batches,writers,chain,unit_shape,iterations,stop_reason,events,domain_events,bytes,write_syscalls,short_writes,interrupted,max_iovecs,copied_bytes,barriers,cpu_ns,wall_ns,p50_ns,p95_ns,p99_ns,load1_before,load1_after
k_pwrite,process,65536,1,2,2,2,0,domain,256,bytes,512,512,33613824,512,0,0,0,0,0,2405611,2425518,9050,12170,15660,3.020,3.020
stderr:

[2026-07-15T18:57:01.252831+00:00] e000858 /home/bob/src/mess/.maw/workspaces/bn-1zv6/spikes/pwritev_group/target/release/pwritev_group point-auto pwritev_full_8m process 65536 1 2 2 domain 0
stdout:
variant,mode,payload,events_per_batch,owner_units,physical_batches,writers,chain,unit_shape,iterations,stop_reason,events,domain_events,bytes,write_syscalls,short_writes,interrupted,max_iovecs,copied_bytes,barriers,cpu_ns,wall_ns,p50_ns,p95_ns,p99_ns,load1_before,load1_after
pwritev_full_8m,process,65536,1,2,2,2,0,domain,256,bytes,512,512,33613824,256,0,0,2,0,0,1723450,1738118,6200,10180,13250,3.020,3.020
stderr:

[2026-07-15T18:57:02.282943+00:00] e000859 /home/bob/src/mess/.maw/workspaces/bn-1zv6/spikes/pwritev_group/target/release/pwritev_group point-auto pwritev_full_8m process 65536 1 2 2 domain 0
stdout:
variant,mode,payload,events_per_batch,owner_units,physical_batches,writers,chain,unit_shape,iterations,stop_reason,events,domain_events,bytes,write_syscalls,short_writes,interrupted,max_iovecs,copied_bytes,barriers,cpu_ns,wall_ns,p50_ns,p95_ns,p99_ns,load1_before,load1_after
pwritev_full_8m,process,65536,1,2,2,2,0,domain,256,bytes,512,512,33613824,256,0,0,2,0,0,1854110,1875519,6840,10280,13560,2.860,2.860
stderr:

[2026-07-15T18:57:03.313933+00:00] e000860 /home/bob/src/mess/.maw/workspaces/bn-1zv6/spikes/pwritev_group/target/release/pwritev_group point-auto k_pwrite process 65536 1 2 2 domain 0
stdout:
variant,mode,payload,events_per_batch,owner_units,physical_batches,writers,chain,unit_shape,iterations,stop_reason,events,domain_events,bytes,write_syscalls,short_writes,interrupted,max_iovecs,copied_bytes,barriers,cpu_ns,wall_ns,p50_ns,p95_ns,p99_ns,load1_before,load1_after
k_pwrite,process,65536,1,2,2,2,0,domain,256,bytes,512,512,33613824,512,0,0,0,0,0,2282021,2305429,8530,10180,17090,2.860,2.860
stderr:

[2026-07-15T18:57:04.342680+00:00] e000861 /home/bob/src/mess/.maw/workspaces/bn-1zv6/spikes/pwritev_group/target/release/pwritev_group point-auto copy_contiguous process 65536 1 2 2 domain 0
stdout:
variant,mode,payload,events_per_batch,owner_units,physical_batches,writers,chain,unit_shape,iterations,stop_reason,events,domain_events,bytes,write_syscalls,short_writes,interrupted,max_iovecs,copied_bytes,barriers,cpu_ns,wall_ns,p50_ns,p95_ns,p99_ns,load1_before,load1_after
copy_contiguous,process,65536,1,2,2,2,0,domain,256,bytes,512,512,33613824,256,0,0,0,33613824,0,2961671,2992118,11300,12610,19270,2.860,2.860
stderr:

[2026-07-15T18:57:05.365212+00:00] e000862 /home/bob/src/mess/.maw/workspaces/bn-1zv6/spikes/pwritev_group/target/release/pwritev_group point-auto k_pwrite process 65536 1 2 2 domain 0
stdout:
variant,mode,payload,events_per_batch,owner_units,physical_batches,writers,chain,unit_shape,iterations,stop_reason,events,domain_events,bytes,write_syscalls,short_writes,interrupted,max_iovecs,copied_bytes,barriers,cpu_ns,wall_ns,p50_ns,p95_ns,p99_ns,load1_before,load1_after
k_pwrite,process,65536,1,2,2,2,0,domain,256,bytes,512,512,33613824,512,0,0,0,0,0,2169051,2199309,8270,8900,12330,2.860,2.860
stderr:

[2026-07-15T18:57:06.396505+00:00] e000863 /home/bob/src/mess/.maw/workspaces/bn-1zv6/spikes/pwritev_group/target/release/pwritev_group point-auto k_pwrite process 65536 1 2 2 domain 0
stdout:
variant,mode,payload,events_per_batch,owner_units,physical_batches,writers,chain,unit_shape,iterations,stop_reason,events,domain_events,bytes,write_syscalls,short_writes,interrupted,max_iovecs,copied_bytes,barriers,cpu_ns,wall_ns,p50_ns,p95_ns,p99_ns,load1_before,load1_after
k_pwrite,process,65536,1,2,2,2,0,domain,256,bytes,512,512,33613824,512,0,0,0,0,0,6046492,6163005,9240,16280,343309,2.860,2.860
stderr:

[2026-07-15T18:57:07.427421+00:00] e000864 /home/bob/src/mess/.maw/workspaces/bn-1zv6/spikes/pwritev_group/target/release/pwritev_group point-auto copy_contiguous process 65536 1 2 2 domain 0
stdout:
variant,mode,payload,events_per_batch,owner_units,physical_batches,writers,chain,unit_shape,iterations,stop_reason,events,domain_events,bytes,write_syscalls,short_writes,interrupted,max_iovecs,copied_bytes,barriers,cpu_ns,wall_ns,p50_ns,p95_ns,p99_ns,load1_before,load1_after
copy_contiguous,process,65536,1,2,2,2,0,domain,256,bytes,512,512,33613824,256,0,0,0,33613824,0,2763810,2783208,10530,12510,18180,2.710,2.710
stderr:

[2026-07-15T18:57:08.457210+00:00] e000865 /home/bob/src/mess/.maw/workspaces/bn-1zv6/spikes/pwritev_group/target/release/pwritev_group point-auto k_pwrite process 65536 1 2 2 new_name 0
stdout:
variant,mode,payload,events_per_batch,owner_units,physical_batches,writers,chain,unit_shape,iterations,stop_reason,events,domain_events,bytes,write_syscalls,short_writes,interrupted,max_iovecs,copied_bytes,barriers,cpu_ns,wall_ns,p50_ns,p95_ns,p99_ns,load1_before,load1_after
k_pwrite,process,65536,1,2,4,2,0,new_name,256,bytes,1024,512,33685504,1024,0,0,0,0,0,2730901,2757949,9960,17240,18300,2.710,2.710
stderr:

[2026-07-15T18:57:09.486967+00:00] e000866 /home/bob/src/mess/.maw/workspaces/bn-1zv6/spikes/pwritev_group/target/release/pwritev_group point-auto pwritev_full_8m process 65536 1 2 2 new_name 0
stdout:
variant,mode,payload,events_per_batch,owner_units,physical_batches,writers,chain,unit_shape,iterations,stop_reason,events,domain_events,bytes,write_syscalls,short_writes,interrupted,max_iovecs,copied_bytes,barriers,cpu_ns,wall_ns,p50_ns,p95_ns,p99_ns,load1_before,load1_after
pwritev_full_8m,process,65536,1,2,4,2,0,new_name,256,bytes,1024,512,33685504,256,0,0,4,0,0,1844371,1855458,6730,9810,14300,2.710,2.710
stderr:

[2026-07-15T18:57:10.513919+00:00] e000867 /home/bob/src/mess/.maw/workspaces/bn-1zv6/spikes/pwritev_group/target/release/pwritev_group point-auto pwritev_full_8m process 65536 1 2 2 new_name 0
stdout:
variant,mode,payload,events_per_batch,owner_units,physical_batches,writers,chain,unit_shape,iterations,stop_reason,events,domain_events,bytes,write_syscalls,short_writes,interrupted,max_iovecs,copied_bytes,barriers,cpu_ns,wall_ns,p50_ns,p95_ns,p99_ns,load1_before,load1_after
pwritev_full_8m,process,65536,1,2,4,2,0,new_name,256,bytes,1024,512,33685504,256,0,0,4,0,0,1867561,1880968,6940,9210,13220,2.710,2.710
stderr:

[2026-07-15T18:57:11.535433+00:00] e000868 /home/bob/src/mess/.maw/workspaces/bn-1zv6/spikes/pwritev_group/target/release/pwritev_group point-auto k_pwrite process 65536 1 2 2 new_name 0
stdout:
variant,mode,payload,events_per_batch,owner_units,physical_batches,writers,chain,unit_shape,iterations,stop_reason,events,domain_events,bytes,write_syscalls,short_writes,interrupted,max_iovecs,copied_bytes,barriers,cpu_ns,wall_ns,p50_ns,p95_ns,p99_ns,load1_before,load1_after
k_pwrite,process,65536,1,2,4,2,0,new_name,256,bytes,1024,512,33685504,1024,0,0,0,0,0,2800381,2830468,10340,15180,21030,2.710,2.710
stderr:

[2026-07-15T18:57:12.564368+00:00] e000869 /home/bob/src/mess/.maw/workspaces/bn-1zv6/spikes/pwritev_group/target/release/pwritev_group point-auto copy_contiguous process 65536 1 2 2 new_name 0
stdout:
variant,mode,payload,events_per_batch,owner_units,physical_batches,writers,chain,unit_shape,iterations,stop_reason,events,domain_events,bytes,write_syscalls,short_writes,interrupted,max_iovecs,copied_bytes,barriers,cpu_ns,wall_ns,p50_ns,p95_ns,p99_ns,load1_before,load1_after
copy_contiguous,process,65536,1,2,4,2,0,new_name,256,bytes,1024,512,33685504,256,0,0,0,33685504,0,4357121,4393937,16640,20210,23390,2.650,2.650
stderr:

[2026-07-15T18:57:13.596053+00:00] e000870 /home/bob/src/mess/.maw/workspaces/bn-1zv6/spikes/pwritev_group/target/release/pwritev_group point-auto k_pwrite process 65536 1 2 2 new_name 0
stdout:
variant,mode,payload,events_per_batch,owner_units,physical_batches,writers,chain,unit_shape,iterations,stop_reason,events,domain_events,bytes,write_syscalls,short_writes,interrupted,max_iovecs,copied_bytes,barriers,cpu_ns,wall_ns,p50_ns,p95_ns,p99_ns,load1_before,load1_after
k_pwrite,process,65536,1,2,4,2,0,new_name,256,bytes,1024,512,33685504,1024,0,0,0,0,0,6414191,6525245,10900,41339,272180,2.650,2.650
stderr:

[2026-07-15T18:57:14.626508+00:00] e000871 /home/bob/src/mess/.maw/workspaces/bn-1zv6/spikes/pwritev_group/target/release/pwritev_group point-auto k_pwrite process 65536 1 2 2 new_name 0
stdout:
variant,mode,payload,events_per_batch,owner_units,physical_batches,writers,chain,unit_shape,iterations,stop_reason,events,domain_events,bytes,write_syscalls,short_writes,interrupted,max_iovecs,copied_bytes,barriers,cpu_ns,wall_ns,p50_ns,p95_ns,p99_ns,load1_before,load1_after
k_pwrite,process,65536,1,2,4,2,0,new_name,256,bytes,1024,512,33685504,1024,0,0,0,0,0,2880580,2905188,10670,15090,18600,2.650,2.650
stderr:

[2026-07-15T18:57:15.657468+00:00] e000872 /home/bob/src/mess/.maw/workspaces/bn-1zv6/spikes/pwritev_group/target/release/pwritev_group point-auto copy_contiguous process 65536 1 2 2 new_name 0
stdout:
variant,mode,payload,events_per_batch,owner_units,physical_batches,writers,chain,unit_shape,iterations,stop_reason,events,domain_events,bytes,write_syscalls,short_writes,interrupted,max_iovecs,copied_bytes,barriers,cpu_ns,wall_ns,p50_ns,p95_ns,p99_ns,load1_before,load1_after
copy_contiguous,process,65536,1,2,4,2,0,new_name,256,bytes,1024,512,33685504,256,0,0,0,33685504,0,4174651,4219417,15610,21810,26480,2.650,2.650
stderr:

[2026-07-15T18:57:16.689341+00:00] e000873 /home/bob/src/mess/.maw/workspaces/bn-1zv6/spikes/pwritev_group/target/release/pwritev_group point-auto k_pwrite process 65536 1 4 4 domain 0
stdout:
variant,mode,payload,events_per_batch,owner_units,physical_batches,writers,chain,unit_shape,iterations,stop_reason,events,domain_events,bytes,write_syscalls,short_writes,interrupted,max_iovecs,copied_bytes,barriers,cpu_ns,wall_ns,p50_ns,p95_ns,p99_ns,load1_before,load1_after
k_pwrite,process,65536,1,4,4,4,0,domain,128,bytes,512,512,33613824,512,0,0,0,0,0,3440631,3574537,25780,35760,64270,2.650,2.650
stderr:

[2026-07-15T18:57:17.715016+00:00] e000874 /home/bob/src/mess/.maw/workspaces/bn-1zv6/spikes/pwritev_group/target/release/pwritev_group point-auto pwritev_full_8m process 65536 1 4 4 domain 0
stdout:
variant,mode,payload,events_per_batch,owner_units,physical_batches,writers,chain,unit_shape,iterations,stop_reason,events,domain_events,bytes,write_syscalls,short_writes,interrupted,max_iovecs,copied_bytes,barriers,cpu_ns,wall_ns,p50_ns,p95_ns,p99_ns,load1_before,load1_after
pwritev_full_8m,process,65536,1,4,4,4,0,domain,128,bytes,512,512,33613824,128,0,0,4,0,0,2630620,2653568,19710,27330,31320,2.600,2.600
stderr:

[2026-07-15T18:57:18.745499+00:00] e000875 /home/bob/src/mess/.maw/workspaces/bn-1zv6/spikes/pwritev_group/target/release/pwritev_group point-auto pwritev_full_8m process 65536 1 4 4 domain 0
stdout:
variant,mode,payload,events_per_batch,owner_units,physical_batches,writers,chain,unit_shape,iterations,stop_reason,events,domain_events,bytes,write_syscalls,short_writes,interrupted,max_iovecs,copied_bytes,barriers,cpu_ns,wall_ns,p50_ns,p95_ns,p99_ns,load1_before,load1_after
pwritev_full_8m,process,65536,1,4,4,4,0,domain,128,bytes,512,512,33613824,128,0,0,4,0,0,2587551,2605258,19330,26670,30680,2.600,2.600
stderr:

[2026-07-15T18:57:19.773730+00:00] e000876 /home/bob/src/mess/.maw/workspaces/bn-1zv6/spikes/pwritev_group/target/release/pwritev_group point-auto k_pwrite process 65536 1 4 4 domain 0
stdout:
variant,mode,payload,events_per_batch,owner_units,physical_batches,writers,chain,unit_shape,iterations,stop_reason,events,domain_events,bytes,write_syscalls,short_writes,interrupted,max_iovecs,copied_bytes,barriers,cpu_ns,wall_ns,p50_ns,p95_ns,p99_ns,load1_before,load1_after
k_pwrite,process,65536,1,4,4,4,0,domain,128,bytes,512,512,33613824,512,0,0,0,0,0,3264621,3297427,24970,32670,41160,2.600,2.600
stderr:

[2026-07-15T18:57:20.801489+00:00] e000877 /home/bob/src/mess/.maw/workspaces/bn-1zv6/spikes/pwritev_group/target/release/pwritev_group point-auto copy_contiguous process 65536 1 4 4 domain 0
stdout:
variant,mode,payload,events_per_batch,owner_units,physical_batches,writers,chain,unit_shape,iterations,stop_reason,events,domain_events,bytes,write_syscalls,short_writes,interrupted,max_iovecs,copied_bytes,barriers,cpu_ns,wall_ns,p50_ns,p95_ns,p99_ns,load1_before,load1_after
copy_contiguous,process,65536,1,4,4,4,0,domain,128,bytes,512,512,33613824,128,0,0,0,33613824,0,4958971,5006686,37469,48630,54840,2.600,2.600
stderr:

[2026-07-15T18:57:21.829829+00:00] e000878 /home/bob/src/mess/.maw/workspaces/bn-1zv6/spikes/pwritev_group/target/release/pwritev_group point-auto k_pwrite process 65536 1 4 4 domain 0
stdout:
variant,mode,payload,events_per_batch,owner_units,physical_batches,writers,chain,unit_shape,iterations,stop_reason,events,domain_events,bytes,write_syscalls,short_writes,interrupted,max_iovecs,copied_bytes,barriers,cpu_ns,wall_ns,p50_ns,p95_ns,p99_ns,load1_before,load1_after
k_pwrite,process,65536,1,4,4,4,0,domain,128,bytes,512,512,33613824,512,0,0,0,0,0,6738450,7004215,28610,50060,839659,2.600,2.600
stderr:

[2026-07-15T18:57:22.860843+00:00] e000879 /home/bob/src/mess/.maw/workspaces/bn-1zv6/spikes/pwritev_group/target/release/pwritev_group point-auto k_pwrite process 65536 1 4 4 domain 0
stdout:
variant,mode,payload,events_per_batch,owner_units,physical_batches,writers,chain,unit_shape,iterations,stop_reason,events,domain_events,bytes,write_syscalls,short_writes,interrupted,max_iovecs,copied_bytes,barriers,cpu_ns,wall_ns,p50_ns,p95_ns,p99_ns,load1_before,load1_after
k_pwrite,process,65536,1,4,4,4,0,domain,128,bytes,512,512,33613824,512,0,0,0,0,0,3532991,3563468,26190,35230,41230,2.550,2.550
stderr:

[2026-07-15T18:57:23.889870+00:00] e000880 /home/bob/src/mess/.maw/workspaces/bn-1zv6/spikes/pwritev_group/target/release/pwritev_group point-auto copy_contiguous process 65536 1 4 4 domain 0
stdout:
variant,mode,payload,events_per_batch,owner_units,physical_batches,writers,chain,unit_shape,iterations,stop_reason,events,domain_events,bytes,write_syscalls,short_writes,interrupted,max_iovecs,copied_bytes,barriers,cpu_ns,wall_ns,p50_ns,p95_ns,p99_ns,load1_before,load1_after
copy_contiguous,process,65536,1,4,4,4,0,domain,128,bytes,512,512,33613824,128,0,0,0,33613824,0,5087131,5163437,38900,46610,62820,2.550,2.550
stderr:

[2026-07-15T18:57:24.917176+00:00] e000881 /home/bob/src/mess/.maw/workspaces/bn-1zv6/spikes/pwritev_group/target/release/pwritev_group point-auto k_pwrite process 65536 1 4 4 new_name 0
stdout:
variant,mode,payload,events_per_batch,owner_units,physical_batches,writers,chain,unit_shape,iterations,stop_reason,events,domain_events,bytes,write_syscalls,short_writes,interrupted,max_iovecs,copied_bytes,barriers,cpu_ns,wall_ns,p50_ns,p95_ns,p99_ns,load1_before,load1_after
k_pwrite,process,65536,1,4,8,4,0,new_name,128,bytes,1024,512,33685504,1024,0,0,0,0,0,3807221,3823397,28990,36860,38110,2.550,2.550
stderr:

[2026-07-15T18:57:25.949235+00:00] e000882 /home/bob/src/mess/.maw/workspaces/bn-1zv6/spikes/pwritev_group/target/release/pwritev_group point-auto pwritev_full_8m process 65536 1 4 4 new_name 0
stdout:
variant,mode,payload,events_per_batch,owner_units,physical_batches,writers,chain,unit_shape,iterations,stop_reason,events,domain_events,bytes,write_syscalls,short_writes,interrupted,max_iovecs,copied_bytes,barriers,cpu_ns,wall_ns,p50_ns,p95_ns,p99_ns,load1_before,load1_after
pwritev_full_8m,process,65536,1,4,8,4,0,new_name,128,bytes,1024,512,33685504,128,0,0,8,0,0,2601760,2617228,19620,26020,28680,2.550,2.550
stderr:

[2026-07-15T18:57:26.980256+00:00] e000883 /home/bob/src/mess/.maw/workspaces/bn-1zv6/spikes/pwritev_group/target/release/pwritev_group point-auto pwritev_full_8m process 65536 1 4 4 new_name 0
stdout:
variant,mode,payload,events_per_batch,owner_units,physical_batches,writers,chain,unit_shape,iterations,stop_reason,events,domain_events,bytes,write_syscalls,short_writes,interrupted,max_iovecs,copied_bytes,barriers,cpu_ns,wall_ns,p50_ns,p95_ns,p99_ns,load1_before,load1_after
pwritev_full_8m,process,65536,1,4,8,4,0,new_name,128,bytes,1024,512,33685504,128,0,0,8,0,0,2809891,2829978,20970,28650,33480,2.550,2.550
stderr:

[2026-07-15T18:57:28.011841+00:00] e000884 /home/bob/src/mess/.maw/workspaces/bn-1zv6/spikes/pwritev_group/target/release/pwritev_group point-auto k_pwrite process 65536 1 4 4 new_name 0
stdout:
variant,mode,payload,events_per_batch,owner_units,physical_batches,writers,chain,unit_shape,iterations,stop_reason,events,domain_events,bytes,write_syscalls,short_writes,interrupted,max_iovecs,copied_bytes,barriers,cpu_ns,wall_ns,p50_ns,p95_ns,p99_ns,load1_before,load1_after
k_pwrite,process,65536,1,4,8,4,0,new_name,128,bytes,1024,512,33685504,1024,0,0,0,0,0,3847851,3887567,28780,37630,58690,2.430,2.430
stderr:

[2026-07-15T18:57:29.039639+00:00] e000885 /home/bob/src/mess/.maw/workspaces/bn-1zv6/spikes/pwritev_group/target/release/pwritev_group point-auto copy_contiguous process 65536 1 4 4 new_name 0
stdout:
variant,mode,payload,events_per_batch,owner_units,physical_batches,writers,chain,unit_shape,iterations,stop_reason,events,domain_events,bytes,write_syscalls,short_writes,interrupted,max_iovecs,copied_bytes,barriers,cpu_ns,wall_ns,p50_ns,p95_ns,p99_ns,load1_before,load1_after
copy_contiguous,process,65536,1,4,8,4,0,new_name,128,bytes,1024,512,33685504,128,0,0,0,33685504,0,4993461,5024567,38540,45060,48050,2.430,2.430
stderr:

[2026-07-15T18:57:30.070060+00:00] e000886 /home/bob/src/mess/.maw/workspaces/bn-1zv6/spikes/pwritev_group/target/release/pwritev_group point-auto k_pwrite process 65536 1 4 4 new_name 0
stdout:
variant,mode,payload,events_per_batch,owner_units,physical_batches,writers,chain,unit_shape,iterations,stop_reason,events,domain_events,bytes,write_syscalls,short_writes,interrupted,max_iovecs,copied_bytes,barriers,cpu_ns,wall_ns,p50_ns,p95_ns,p99_ns,load1_before,load1_after
k_pwrite,process,65536,1,4,8,4,0,new_name,128,bytes,1024,512,33685504,1024,0,0,0,0,0,3767301,3877587,27680,41990,77480,2.430,2.430
stderr:

[2026-07-15T18:57:31.098047+00:00] e000887 /home/bob/src/mess/.maw/workspaces/bn-1zv6/spikes/pwritev_group/target/release/pwritev_group point-auto k_pwrite process 65536 1 4 4 new_name 0
stdout:
variant,mode,payload,events_per_batch,owner_units,physical_batches,writers,chain,unit_shape,iterations,stop_reason,events,domain_events,bytes,write_syscalls,short_writes,interrupted,max_iovecs,copied_bytes,barriers,cpu_ns,wall_ns,p50_ns,p95_ns,p99_ns,load1_before,load1_after
k_pwrite,process,65536,1,4,8,4,0,new_name,128,bytes,1024,512,33685504,1024,0,0,0,0,0,6258352,6344746,29400,49000,634190,2.430,2.430
stderr:

[2026-07-15T18:57:32.122718+00:00] e000888 /home/bob/src/mess/.maw/workspaces/bn-1zv6/spikes/pwritev_group/target/release/pwritev_group point-auto copy_contiguous process 65536 1 4 4 new_name 0
stdout:
variant,mode,payload,events_per_batch,owner_units,physical_batches,writers,chain,unit_shape,iterations,stop_reason,events,domain_events,bytes,write_syscalls,short_writes,interrupted,max_iovecs,copied_bytes,barriers,cpu_ns,wall_ns,p50_ns,p95_ns,p99_ns,load1_before,load1_after
copy_contiguous,process,65536,1,4,8,4,0,new_name,128,bytes,1024,512,33685504,128,0,0,0,33685504,0,4894221,4938427,37380,46820,53650,4.150,4.150
stderr:

[2026-07-15T18:57:33.154012+00:00] e000889 /home/bob/src/mess/.maw/workspaces/bn-1zv6/spikes/pwritev_group/target/release/pwritev_group point-auto k_pwrite process 65536 10 2 2 domain 0
stdout:
variant,mode,payload,events_per_batch,owner_units,physical_batches,writers,chain,unit_shape,iterations,stop_reason,events,domain_events,bytes,write_syscalls,short_writes,interrupted,max_iovecs,copied_bytes,barriers,cpu_ns,wall_ns,p50_ns,p95_ns,p99_ns,load1_before,load1_after
k_pwrite,process,65536,10,2,2,2,0,domain,26,bytes,520,520,34097856,52,0,0,0,0,0,2910020,2939638,110670,129150,137990,4.150,4.150
stderr:

[2026-07-15T18:57:34.179399+00:00] e000890 /home/bob/src/mess/.maw/workspaces/bn-1zv6/spikes/pwritev_group/target/release/pwritev_group point-auto pwritev_full_8m process 65536 10 2 2 domain 0
stdout:
variant,mode,payload,events_per_batch,owner_units,physical_batches,writers,chain,unit_shape,iterations,stop_reason,events,domain_events,bytes,write_syscalls,short_writes,interrupted,max_iovecs,copied_bytes,barriers,cpu_ns,wall_ns,p50_ns,p95_ns,p99_ns,load1_before,load1_after
pwritev_full_8m,process,65536,10,2,2,2,0,domain,26,bytes,520,520,34097856,26,0,0,2,0,0,2900831,2931778,109660,138210,153640,4.150,4.150
stderr:

[2026-07-15T18:57:35.207388+00:00] e000891 /home/bob/src/mess/.maw/workspaces/bn-1zv6/spikes/pwritev_group/target/release/pwritev_group point-auto pwritev_full_8m process 65536 10 2 2 domain 0
stdout:
variant,mode,payload,events_per_batch,owner_units,physical_batches,writers,chain,unit_shape,iterations,stop_reason,events,domain_events,bytes,write_syscalls,short_writes,interrupted,max_iovecs,copied_bytes,barriers,cpu_ns,wall_ns,p50_ns,p95_ns,p99_ns,load1_before,load1_after
pwritev_full_8m,process,65536,10,2,2,2,0,domain,26,bytes,520,520,34097856,26,0,0,2,0,0,2687731,2710918,102420,119340,119780,4.150,4.150
stderr:

[2026-07-15T18:57:36.236357+00:00] e000892 /home/bob/src/mess/.maw/workspaces/bn-1zv6/spikes/pwritev_group/target/release/pwritev_group point-auto k_pwrite process 65536 10 2 2 domain 0
stdout:
variant,mode,payload,events_per_batch,owner_units,physical_batches,writers,chain,unit_shape,iterations,stop_reason,events,domain_events,bytes,write_syscalls,short_writes,interrupted,max_iovecs,copied_bytes,barriers,cpu_ns,wall_ns,p50_ns,p95_ns,p99_ns,load1_before,load1_after
k_pwrite,process,65536,10,2,2,2,0,domain,26,bytes,520,520,34097856,52,0,0,0,0,0,3052820,3071827,113170,140410,156120,4.150,4.150
stderr:

[2026-07-15T18:57:37.267865+00:00] e000893 /home/bob/src/mess/.maw/workspaces/bn-1zv6/spikes/pwritev_group/target/release/pwritev_group point-auto copy_contiguous process 65536 10 2 2 domain 0
stdout:
variant,mode,payload,events_per_batch,owner_units,physical_batches,writers,chain,unit_shape,iterations,stop_reason,events,domain_events,bytes,write_syscalls,short_writes,interrupted,max_iovecs,copied_bytes,barriers,cpu_ns,wall_ns,p50_ns,p95_ns,p99_ns,load1_before,load1_after
copy_contiguous,process,65536,10,2,2,2,0,domain,26,bytes,520,520,34097856,26,0,0,0,34097856,0,5310032,5437436,197970,263570,310129,3.980,3.980
stderr:

[2026-07-15T18:57:38.296716+00:00] e000894 /home/bob/src/mess/.maw/workspaces/bn-1zv6/spikes/pwritev_group/target/release/pwritev_group point-auto k_pwrite process 65536 10 2 2 domain 0
stdout:
variant,mode,payload,events_per_batch,owner_units,physical_batches,writers,chain,unit_shape,iterations,stop_reason,events,domain_events,bytes,write_syscalls,short_writes,interrupted,max_iovecs,copied_bytes,barriers,cpu_ns,wall_ns,p50_ns,p95_ns,p99_ns,load1_before,load1_after
k_pwrite,process,65536,10,2,2,2,0,domain,26,bytes,520,520,34097856,52,0,0,0,0,0,2954201,2974578,111640,128310,161060,3.980,3.980
stderr:

[2026-07-15T18:57:39.322832+00:00] e000895 /home/bob/src/mess/.maw/workspaces/bn-1zv6/spikes/pwritev_group/target/release/pwritev_group point-auto k_pwrite process 65536 10 2 2 domain 0
stdout:
variant,mode,payload,events_per_batch,owner_units,physical_batches,writers,chain,unit_shape,iterations,stop_reason,events,domain_events,bytes,write_syscalls,short_writes,interrupted,max_iovecs,copied_bytes,barriers,cpu_ns,wall_ns,p50_ns,p95_ns,p99_ns,load1_before,load1_after
k_pwrite,process,65536,10,2,2,2,0,domain,26,bytes,520,520,34097856,52,0,0,0,0,0,3361121,3402187,134020,153180,158740,3.980,3.980
stderr:

[2026-07-15T18:57:40.354980+00:00] e000896 /home/bob/src/mess/.maw/workspaces/bn-1zv6/spikes/pwritev_group/target/release/pwritev_group point-auto copy_contiguous process 65536 10 2 2 domain 0
stdout:
variant,mode,payload,events_per_batch,owner_units,physical_batches,writers,chain,unit_shape,iterations,stop_reason,events,domain_events,bytes,write_syscalls,short_writes,interrupted,max_iovecs,copied_bytes,barriers,cpu_ns,wall_ns,p50_ns,p95_ns,p99_ns,load1_before,load1_after
copy_contiguous,process,65536,10,2,2,2,0,domain,26,bytes,520,520,34097856,26,0,0,0,34097856,0,5304362,5348417,205549,218700,253020,3.980,3.980
stderr:

[2026-07-15T18:57:41.386448+00:00] e000897 /home/bob/src/mess/.maw/workspaces/bn-1zv6/spikes/pwritev_group/target/release/pwritev_group point-auto k_pwrite process 65536 10 2 2 new_name 0
stdout:
variant,mode,payload,events_per_batch,owner_units,physical_batches,writers,chain,unit_shape,iterations,stop_reason,events,domain_events,bytes,write_syscalls,short_writes,interrupted,max_iovecs,copied_bytes,barriers,cpu_ns,wall_ns,p50_ns,p95_ns,p99_ns,load1_before,load1_after
k_pwrite,process,65536,10,2,4,2,0,new_name,26,bytes,572,520,34105136,104,0,0,0,0,0,2858411,2901808,107220,120850,195809,3.980,3.980
stderr:

[2026-07-15T18:57:42.417663+00:00] e000898 /home/bob/src/mess/.maw/workspaces/bn-1zv6/spikes/pwritev_group/target/release/pwritev_group point-auto pwritev_full_8m process 65536 10 2 2 new_name 0
stdout:
variant,mode,payload,events_per_batch,owner_units,physical_batches,writers,chain,unit_shape,iterations,stop_reason,events,domain_events,bytes,write_syscalls,short_writes,interrupted,max_iovecs,copied_bytes,barriers,cpu_ns,wall_ns,p50_ns,p95_ns,p99_ns,load1_before,load1_after
pwritev_full_8m,process,65536,10,2,4,2,0,new_name,26,bytes,572,520,34105136,26,0,0,4,0,0,2808791,2825398,108050,118440,121800,3.900,3.900
stderr:

[2026-07-15T18:57:43.448681+00:00] e000899 /home/bob/src/mess/.maw/workspaces/bn-1zv6/spikes/pwritev_group/target/release/pwritev_group point-auto pwritev_full_8m process 65536 10 2 2 new_name 0
stdout:
variant,mode,payload,events_per_batch,owner_units,physical_batches,writers,chain,unit_shape,iterations,stop_reason,events,domain_events,bytes,write_syscalls,short_writes,interrupted,max_iovecs,copied_bytes,barriers,cpu_ns,wall_ns,p50_ns,p95_ns,p99_ns,load1_before,load1_after
pwritev_full_8m,process,65536,10,2,4,2,0,new_name,26,bytes,572,520,34105136,26,0,0,4,0,0,2911291,2930638,110120,130700,143020,3.900,3.900
stderr:

[2026-07-15T18:57:44.469784+00:00] e000900 /home/bob/src/mess/.maw/workspaces/bn-1zv6/spikes/pwritev_group/target/release/pwritev_group point-auto k_pwrite process 65536 10 2 2 new_name 0
stdout:
variant,mode,payload,events_per_batch,owner_units,physical_batches,writers,chain,unit_shape,iterations,stop_reason,events,domain_events,bytes,write_syscalls,short_writes,interrupted,max_iovecs,copied_bytes,barriers,cpu_ns,wall_ns,p50_ns,p95_ns,p99_ns,load1_before,load1_after
k_pwrite,process,65536,10,2,4,2,0,new_name,26,bytes,572,520,34105136,104,0,0,0,0,0,2841091,2929138,108970,118390,179569,3.900,3.900
stderr:

[2026-07-15T18:57:45.493864+00:00] e000901 /home/bob/src/mess/.maw/workspaces/bn-1zv6/spikes/pwritev_group/target/release/pwritev_group point-auto copy_contiguous process 65536 10 2 2 new_name 0
stdout:
variant,mode,payload,events_per_batch,owner_units,physical_batches,writers,chain,unit_shape,iterations,stop_reason,events,domain_events,bytes,write_syscalls,short_writes,interrupted,max_iovecs,copied_bytes,barriers,cpu_ns,wall_ns,p50_ns,p95_ns,p99_ns,load1_before,load1_after
copy_contiguous,process,65536,10,2,4,2,0,new_name,26,bytes,572,520,34105136,26,0,0,0,34105136,0,8310892,9408553,202580,1291848,3252668,3.900,3.900
stderr:

[2026-07-15T18:57:46.519101+00:00] e000902 /home/bob/src/mess/.maw/workspaces/bn-1zv6/spikes/pwritev_group/target/release/pwritev_group point-auto k_pwrite process 65536 10 2 2 new_name 0
stdout:
variant,mode,payload,events_per_batch,owner_units,physical_batches,writers,chain,unit_shape,iterations,stop_reason,events,domain_events,bytes,write_syscalls,short_writes,interrupted,max_iovecs,copied_bytes,barriers,cpu_ns,wall_ns,p50_ns,p95_ns,p99_ns,load1_before,load1_after
k_pwrite,process,65536,10,2,4,2,0,new_name,26,bytes,572,520,34105136,104,0,0,0,0,0,2905920,2926858,112770,118480,130790,3.900,3.900
stderr:

[2026-07-15T18:57:47.541005+00:00] e000903 /home/bob/src/mess/.maw/workspaces/bn-1zv6/spikes/pwritev_group/target/release/pwritev_group point-auto k_pwrite process 65536 10 2 2 new_name 0
stdout:
variant,mode,payload,events_per_batch,owner_units,physical_batches,writers,chain,unit_shape,iterations,stop_reason,events,domain_events,bytes,write_syscalls,short_writes,interrupted,max_iovecs,copied_bytes,barriers,cpu_ns,wall_ns,p50_ns,p95_ns,p99_ns,load1_before,load1_after
k_pwrite,process,65536,10,2,4,2,0,new_name,26,bytes,572,520,34105136,104,0,0,0,0,0,2900210,2925468,112980,124510,125250,3.830,3.830
stderr:

[2026-07-15T18:57:48.568911+00:00] e000904 /home/bob/src/mess/.maw/workspaces/bn-1zv6/spikes/pwritev_group/target/release/pwritev_group point-auto copy_contiguous process 65536 10 2 2 new_name 0
stdout:
variant,mode,payload,events_per_batch,owner_units,physical_batches,writers,chain,unit_shape,iterations,stop_reason,events,domain_events,bytes,write_syscalls,short_writes,interrupted,max_iovecs,copied_bytes,barriers,cpu_ns,wall_ns,p50_ns,p95_ns,p99_ns,load1_before,load1_after
copy_contiguous,process,65536,10,2,4,2,0,new_name,26,bytes,572,520,34105136,26,0,0,0,34105136,0,5177161,5230477,195990,225349,286580,3.830,3.830
stderr:

[2026-07-15T18:57:49.594735+00:00] e000905 /home/bob/src/mess/.maw/workspaces/bn-1zv6/spikes/pwritev_group/target/release/pwritev_group point-auto k_pwrite process 65536 10 4 4 domain 0
stdout:
variant,mode,payload,events_per_batch,owner_units,physical_batches,writers,chain,unit_shape,iterations,stop_reason,events,domain_events,bytes,write_syscalls,short_writes,interrupted,max_iovecs,copied_bytes,barriers,cpu_ns,wall_ns,p50_ns,p95_ns,p99_ns,load1_before,load1_after
k_pwrite,process,65536,10,4,4,4,0,domain,13,bytes,520,520,34097856,52,0,0,0,0,0,3064620,3088098,234749,252830,277780,3.830,3.830
stderr:

[2026-07-15T18:57:50.620215+00:00] e000906 /home/bob/src/mess/.maw/workspaces/bn-1zv6/spikes/pwritev_group/target/release/pwritev_group point-auto pwritev_full_8m process 65536 10 4 4 domain 0
stdout:
variant,mode,payload,events_per_batch,owner_units,physical_batches,writers,chain,unit_shape,iterations,stop_reason,events,domain_events,bytes,write_syscalls,short_writes,interrupted,max_iovecs,copied_bytes,barriers,cpu_ns,wall_ns,p50_ns,p95_ns,p99_ns,load1_before,load1_after
pwritev_full_8m,process,65536,10,4,4,4,0,domain,13,bytes,520,520,34097856,13,0,0,4,0,0,2845580,2867508,209749,263990,267449,3.830,3.830
stderr:

[2026-07-15T18:57:51.641358+00:00] e000907 /home/bob/src/mess/.maw/workspaces/bn-1zv6/spikes/pwritev_group/target/release/pwritev_group point-auto pwritev_full_8m process 65536 10 4 4 domain 0
stdout:
variant,mode,payload,events_per_batch,owner_units,physical_batches,writers,chain,unit_shape,iterations,stop_reason,events,domain_events,bytes,write_syscalls,short_writes,interrupted,max_iovecs,copied_bytes,barriers,cpu_ns,wall_ns,p50_ns,p95_ns,p99_ns,load1_before,load1_after
pwritev_full_8m,process,65536,10,4,4,4,0,domain,13,bytes,520,520,34097856,13,0,0,4,0,0,2812881,2837228,216070,238530,241280,3.830,3.830
stderr:

[2026-07-15T18:57:52.668955+00:00] e000908 /home/bob/src/mess/.maw/workspaces/bn-1zv6/spikes/pwritev_group/target/release/pwritev_group point-auto k_pwrite process 65536 10 4 4 domain 0
stdout:
variant,mode,payload,events_per_batch,owner_units,physical_batches,writers,chain,unit_shape,iterations,stop_reason,events,domain_events,bytes,write_syscalls,short_writes,interrupted,max_iovecs,copied_bytes,barriers,cpu_ns,wall_ns,p50_ns,p95_ns,p99_ns,load1_before,load1_after
k_pwrite,process,65536,10,4,4,4,0,domain,13,bytes,520,520,34097856,52,0,0,0,0,0,3180121,3229858,241430,289490,312099,3.600,3.600
stderr:

[2026-07-15T18:57:53.700558+00:00] e000909 /home/bob/src/mess/.maw/workspaces/bn-1zv6/spikes/pwritev_group/target/release/pwritev_group point-auto copy_contiguous process 65536 10 4 4 domain 0
stdout:
variant,mode,payload,events_per_batch,owner_units,physical_batches,writers,chain,unit_shape,iterations,stop_reason,events,domain_events,bytes,write_syscalls,short_writes,interrupted,max_iovecs,copied_bytes,barriers,cpu_ns,wall_ns,p50_ns,p95_ns,p99_ns,load1_before,load1_after
copy_contiguous,process,65536,10,4,4,4,0,domain,13,bytes,520,520,34097856,13,0,0,0,34097856,0,5010382,5077096,381430,411999,449009,3.600,3.600
stderr:

[2026-07-15T18:57:54.731215+00:00] e000910 /home/bob/src/mess/.maw/workspaces/bn-1zv6/spikes/pwritev_group/target/release/pwritev_group point-auto k_pwrite process 65536 10 4 4 domain 0
stdout:
variant,mode,payload,events_per_batch,owner_units,physical_batches,writers,chain,unit_shape,iterations,stop_reason,events,domain_events,bytes,write_syscalls,short_writes,interrupted,max_iovecs,copied_bytes,barriers,cpu_ns,wall_ns,p50_ns,p95_ns,p99_ns,load1_before,load1_after
k_pwrite,process,65536,10,4,4,4,0,domain,13,bytes,520,520,34097856,52,0,0,0,0,0,3011800,3039258,221830,263220,333610,3.600,3.600
stderr:

[2026-07-15T18:57:55.761485+00:00] e000911 /home/bob/src/mess/.maw/workspaces/bn-1zv6/spikes/pwritev_group/target/release/pwritev_group point-auto k_pwrite process 65536 10 4 4 domain 0
stdout:
variant,mode,payload,events_per_batch,owner_units,physical_batches,writers,chain,unit_shape,iterations,stop_reason,events,domain_events,bytes,write_syscalls,short_writes,interrupted,max_iovecs,copied_bytes,barriers,cpu_ns,wall_ns,p50_ns,p95_ns,p99_ns,load1_before,load1_after
k_pwrite,process,65536,10,4,4,4,0,domain,13,bytes,520,520,34097856,52,0,0,0,0,0,4855251,4897346,397710,487390,814329,3.600,3.600
stderr:

[2026-07-15T18:57:56.792900+00:00] e000912 /home/bob/src/mess/.maw/workspaces/bn-1zv6/spikes/pwritev_group/target/release/pwritev_group point-auto copy_contiguous process 65536 10 4 4 domain 0
stdout:
variant,mode,payload,events_per_batch,owner_units,physical_batches,writers,chain,unit_shape,iterations,stop_reason,events,domain_events,bytes,write_syscalls,short_writes,interrupted,max_iovecs,copied_bytes,barriers,cpu_ns,wall_ns,p50_ns,p95_ns,p99_ns,load1_before,load1_after
copy_contiguous,process,65536,10,4,4,4,0,domain,13,bytes,520,520,34097856,13,0,0,0,34097856,0,8852412,8918854,414940,511049,3886558,3.600,3.600
stderr:

[2026-07-15T18:57:57.824610+00:00] e000913 /home/bob/src/mess/.maw/workspaces/bn-1zv6/spikes/pwritev_group/target/release/pwritev_group point-auto k_pwrite process 65536 10 4 4 new_name 0
stdout:
variant,mode,payload,events_per_batch,owner_units,physical_batches,writers,chain,unit_shape,iterations,stop_reason,events,domain_events,bytes,write_syscalls,short_writes,interrupted,max_iovecs,copied_bytes,barriers,cpu_ns,wall_ns,p50_ns,p95_ns,p99_ns,load1_before,load1_after
k_pwrite,process,65536,10,4,8,4,0,new_name,13,bytes,572,520,34105136,104,0,0,0,0,0,3134831,3163368,233520,266310,329559,3.390,3.390
stderr:

[2026-07-15T18:57:58.856083+00:00] e000914 /home/bob/src/mess/.maw/workspaces/bn-1zv6/spikes/pwritev_group/target/release/pwritev_group point-auto pwritev_full_8m process 65536 10 4 4 new_name 0
stdout:
variant,mode,payload,events_per_batch,owner_units,physical_batches,writers,chain,unit_shape,iterations,stop_reason,events,domain_events,bytes,write_syscalls,short_writes,interrupted,max_iovecs,copied_bytes,barriers,cpu_ns,wall_ns,p50_ns,p95_ns,p99_ns,load1_before,load1_after
pwritev_full_8m,process,65536,10,4,8,4,0,new_name,13,bytes,572,520,34105136,13,0,0,8,0,0,2866071,2877558,222470,230190,236690,3.390,3.390
stderr:

[2026-07-15T18:57:59.886981+00:00] e000915 /home/bob/src/mess/.maw/workspaces/bn-1zv6/spikes/pwritev_group/target/release/pwritev_group point-auto pwritev_full_8m process 65536 10 4 4 new_name 0
stdout:
variant,mode,payload,events_per_batch,owner_units,physical_batches,writers,chain,unit_shape,iterations,stop_reason,events,domain_events,bytes,write_syscalls,short_writes,interrupted,max_iovecs,copied_bytes,barriers,cpu_ns,wall_ns,p50_ns,p95_ns,p99_ns,load1_before,load1_after
pwritev_full_8m,process,65536,10,4,8,4,0,new_name,13,bytes,572,520,34105136,13,0,0,8,0,0,2726600,2736348,209480,218210,226210,3.390,3.390
stderr:

[2026-07-15T18:58:00.918607+00:00] e000916 /home/bob/src/mess/.maw/workspaces/bn-1zv6/spikes/pwritev_group/target/release/pwritev_group point-auto k_pwrite process 65536 10 4 4 new_name 0
stdout:
variant,mode,payload,events_per_batch,owner_units,physical_batches,writers,chain,unit_shape,iterations,stop_reason,events,domain_events,bytes,write_syscalls,short_writes,interrupted,max_iovecs,copied_bytes,barriers,cpu_ns,wall_ns,p50_ns,p95_ns,p99_ns,load1_before,load1_after
k_pwrite,process,65536,10,4,8,4,0,new_name,13,bytes,572,520,34105136,104,0,0,0,0,0,2969551,2997918,226960,251930,254530,3.390,3.390
stderr:

[2026-07-15T18:58:01.948762+00:00] e000917 /home/bob/src/mess/.maw/workspaces/bn-1zv6/spikes/pwritev_group/target/release/pwritev_group point-auto copy_contiguous process 65536 10 4 4 new_name 0
stdout:
variant,mode,payload,events_per_batch,owner_units,physical_batches,writers,chain,unit_shape,iterations,stop_reason,events,domain_events,bytes,write_syscalls,short_writes,interrupted,max_iovecs,copied_bytes,barriers,cpu_ns,wall_ns,p50_ns,p95_ns,p99_ns,load1_before,load1_after
copy_contiguous,process,65536,10,4,8,4,0,new_name,13,bytes,572,520,34105136,13,0,0,0,34105136,0,4915501,4957547,380750,392060,416190,3.390,3.390
stderr:

[2026-07-15T18:58:02.980085+00:00] e000918 /home/bob/src/mess/.maw/workspaces/bn-1zv6/spikes/pwritev_group/target/release/pwritev_group point-auto k_pwrite process 65536 10 4 4 new_name 0
stdout:
variant,mode,payload,events_per_batch,owner_units,physical_batches,writers,chain,unit_shape,iterations,stop_reason,events,domain_events,bytes,write_syscalls,short_writes,interrupted,max_iovecs,copied_bytes,barriers,cpu_ns,wall_ns,p50_ns,p95_ns,p99_ns,load1_before,load1_after
k_pwrite,process,65536,10,4,8,4,0,new_name,13,bytes,572,520,34105136,104,0,0,0,0,0,2927940,2955078,216700,233580,333610,3.280,3.280
stderr:

[2026-07-15T18:58:04.012793+00:00] e000919 /home/bob/src/mess/.maw/workspaces/bn-1zv6/spikes/pwritev_group/target/release/pwritev_group point-auto k_pwrite process 65536 10 4 4 new_name 0
stdout:
variant,mode,payload,events_per_batch,owner_units,physical_batches,writers,chain,unit_shape,iterations,stop_reason,events,domain_events,bytes,write_syscalls,short_writes,interrupted,max_iovecs,copied_bytes,barriers,cpu_ns,wall_ns,p50_ns,p95_ns,p99_ns,load1_before,load1_after
k_pwrite,process,65536,10,4,8,4,0,new_name,13,bytes,572,520,34105136,104,0,0,0,0,0,3142061,3180087,243880,253689,257320,3.280,3.280
stderr:

[2026-07-15T18:58:05.044209+00:00] e000920 /home/bob/src/mess/.maw/workspaces/bn-1zv6/spikes/pwritev_group/target/release/pwritev_group point-auto copy_contiguous process 65536 10 4 4 new_name 0
stdout:
variant,mode,payload,events_per_batch,owner_units,physical_batches,writers,chain,unit_shape,iterations,stop_reason,events,domain_events,bytes,write_syscalls,short_writes,interrupted,max_iovecs,copied_bytes,barriers,cpu_ns,wall_ns,p50_ns,p95_ns,p99_ns,load1_before,load1_after
copy_contiguous,process,65536,10,4,8,4,0,new_name,13,bytes,572,520,34105136,13,0,0,0,34105136,0,4987462,5023206,379999,413570,418810,3.280,3.280
stderr:

[2026-07-15T18:58:06.072605+00:00] e000921 /home/bob/src/mess/.maw/workspaces/bn-1zv6/spikes/pwritev_group/target/release/pwritev_group point-auto k_pwrite process 65536 100 2 2 domain 0
stdout:
variant,mode,payload,events_per_batch,owner_units,physical_batches,writers,chain,unit_shape,iterations,stop_reason,events,domain_events,bytes,write_syscalls,short_writes,interrupted,max_iovecs,copied_bytes,barriers,cpu_ns,wall_ns,p50_ns,p95_ns,p99_ns,load1_before,load1_after
k_pwrite,process,65536,100,2,2,2,0,domain,3,bytes,600,600,39338928,6,0,0,0,0,0,3058181,3083248,967400,1310689,1310689,3.280,3.280
stderr:

[2026-07-15T18:58:07.097159+00:00] e000922 /home/bob/src/mess/.maw/workspaces/bn-1zv6/spikes/pwritev_group/target/release/pwritev_group point-auto pwritev_full_8m process 65536 100 2 2 domain 0
stdout:
variant,mode,payload,events_per_batch,owner_units,physical_batches,writers,chain,unit_shape,iterations,stop_reason,events,domain_events,bytes,write_syscalls,short_writes,interrupted,max_iovecs,copied_bytes,barriers,cpu_ns,wall_ns,p50_ns,p95_ns,p99_ns,load1_before,load1_after
pwritev_full_8m,process,65536,100,2,2,2,0,domain,3,bytes,600,600,39338928,6,0,0,2,0,0,2702591,2718898,837420,1048799,1048799,3.180,3.180
stderr:

[2026-07-15T18:58:08.123217+00:00] e000923 /home/bob/src/mess/.maw/workspaces/bn-1zv6/spikes/pwritev_group/target/release/pwritev_group point-auto pwritev_full_8m process 65536 100 2 2 domain 0
stdout:
variant,mode,payload,events_per_batch,owner_units,physical_batches,writers,chain,unit_shape,iterations,stop_reason,events,domain_events,bytes,write_syscalls,short_writes,interrupted,max_iovecs,copied_bytes,barriers,cpu_ns,wall_ns,p50_ns,p95_ns,p99_ns,load1_before,load1_after
pwritev_full_8m,process,65536,100,2,2,2,0,domain,3,bytes,600,600,39338928,6,0,0,2,0,0,2943200,3082247,973709,1224549,1224549,3.180,3.180
stderr:

[2026-07-15T18:58:09.159208+00:00] e000924 /home/bob/src/mess/.maw/workspaces/bn-1zv6/spikes/pwritev_group/target/release/pwritev_group point-auto k_pwrite process 65536 100 2 2 domain 0
stdout:
variant,mode,payload,events_per_batch,owner_units,physical_batches,writers,chain,unit_shape,iterations,stop_reason,events,domain_events,bytes,write_syscalls,short_writes,interrupted,max_iovecs,copied_bytes,barriers,cpu_ns,wall_ns,p50_ns,p95_ns,p99_ns,load1_before,load1_after
k_pwrite,process,65536,100,2,2,2,0,domain,3,bytes,600,600,39338928,6,0,0,0,0,0,3686910,3748877,1280589,1418989,1418989,3.180,3.180
stderr:

[2026-07-15T18:58:10.186043+00:00] e000925 /home/bob/src/mess/.maw/workspaces/bn-1zv6/spikes/pwritev_group/target/release/pwritev_group point-auto pwritev_full_8m process 65536 100 2 2 new_name 0
stdout:
variant,mode,payload,events_per_batch,owner_units,physical_batches,writers,chain,unit_shape,iterations,stop_reason,events,domain_events,bytes,write_syscalls,short_writes,interrupted,max_iovecs,copied_bytes,barriers,cpu_ns,wall_ns,p50_ns,p95_ns,p99_ns,load1_before,load1_after
pwritev_full_8m,process,65536,100,2,4,2,0,new_name,3,bytes,606,600,39339768,6,0,0,4,0,0,3922661,3970417,1298759,1394739,1394739,3.180,3.180
stderr:

[2026-07-15T18:58:11.218741+00:00] e000926 /home/bob/src/mess/.maw/workspaces/bn-1zv6/spikes/pwritev_group/target/release/pwritev_group point-auto k_pwrite process 65536 100 2 2 new_name 0
stdout:
variant,mode,payload,events_per_batch,owner_units,physical_batches,writers,chain,unit_shape,iterations,stop_reason,events,domain_events,bytes,write_syscalls,short_writes,interrupted,max_iovecs,copied_bytes,barriers,cpu_ns,wall_ns,p50_ns,p95_ns,p99_ns,load1_before,load1_after
k_pwrite,process,65536,100,2,4,2,0,new_name,3,bytes,606,600,39339768,12,0,0,0,0,0,3804871,3838587,1224939,1397499,1397499,3.180,3.180
stderr:

[2026-07-15T18:58:12.248558+00:00] e000927 /home/bob/src/mess/.maw/workspaces/bn-1zv6/spikes/pwritev_group/target/release/pwritev_group point-auto k_pwrite process 65536 100 2 2 new_name 0
stdout:
variant,mode,payload,events_per_batch,owner_units,physical_batches,writers,chain,unit_shape,iterations,stop_reason,events,domain_events,bytes,write_syscalls,short_writes,interrupted,max_iovecs,copied_bytes,barriers,cpu_ns,wall_ns,p50_ns,p95_ns,p99_ns,load1_before,load1_after
k_pwrite,process,65536,100,2,4,2,0,new_name,3,bytes,606,600,39339768,12,0,0,0,0,0,3306261,3335857,1050579,1355169,1355169,5.730,5.730
stderr:

[2026-07-15T18:58:13.279343+00:00] e000928 /home/bob/src/mess/.maw/workspaces/bn-1zv6/spikes/pwritev_group/target/release/pwritev_group point-auto pwritev_full_8m process 65536 100 2 2 new_name 0
stdout:
variant,mode,payload,events_per_batch,owner_units,physical_batches,writers,chain,unit_shape,iterations,stop_reason,events,domain_events,bytes,write_syscalls,short_writes,interrupted,max_iovecs,copied_bytes,barriers,cpu_ns,wall_ns,p50_ns,p95_ns,p99_ns,load1_before,load1_after
pwritev_full_8m,process,65536,100,2,4,2,0,new_name,3,bytes,606,600,39339768,6,0,0,4,0,0,6550122,7084375,1305759,4731977,4731977,5.730,5.730
stderr:

[2026-07-15T18:58:14.307752+00:00] e000929 /home/bob/src/mess/.maw/workspaces/bn-1zv6/spikes/pwritev_group/target/release/pwritev_group point-auto k_pwrite process 65536 100 4 4 domain 0
stdout:
variant,mode,payload,events_per_batch,owner_units,physical_batches,writers,chain,unit_shape,iterations,stop_reason,events,domain_events,bytes,write_syscalls,short_writes,interrupted,max_iovecs,copied_bytes,barriers,cpu_ns,wall_ns,p50_ns,p95_ns,p99_ns,load1_before,load1_after
k_pwrite,process,65536,100,4,4,4,0,domain,2,bytes,800,800,52451904,8,0,0,0,0,0,6197222,6259996,3161688,3161688,3161688,5.730,5.730
stderr:

[2026-07-15T18:58:15.335622+00:00] e000930 /home/bob/src/mess/.maw/workspaces/bn-1zv6/spikes/pwritev_group/target/release/pwritev_group point-auto pwritev_full_8m process 65536 100 4 4 domain 0
stdout:
variant,mode,payload,events_per_batch,owner_units,physical_batches,writers,chain,unit_shape,iterations,stop_reason,events,domain_events,bytes,write_syscalls,short_writes,interrupted,max_iovecs,copied_bytes,barriers,cpu_ns,wall_ns,p50_ns,p95_ns,p99_ns,load1_before,load1_after
pwritev_full_8m,process,65536,100,4,4,4,0,domain,2,bytes,800,800,52451904,8,0,0,2,0,0,5974992,6045716,3132568,3132568,3132568,5.730,5.730
stderr:

[2026-07-15T18:58:16.365368+00:00] e000931 /home/bob/src/mess/.maw/workspaces/bn-1zv6/spikes/pwritev_group/target/release/pwritev_group point-auto pwritev_full_8m process 65536 100 4 4 domain 0
stdout:
variant,mode,payload,events_per_batch,owner_units,physical_batches,writers,chain,unit_shape,iterations,stop_reason,events,domain_events,bytes,write_syscalls,short_writes,interrupted,max_iovecs,copied_bytes,barriers,cpu_ns,wall_ns,p50_ns,p95_ns,p99_ns,load1_before,load1_after
pwritev_full_8m,process,65536,100,4,4,4,0,domain,2,bytes,800,800,52451904,8,0,0,2,0,0,6195221,6240396,3322468,3322468,3322468,5.730,5.730
stderr:

[2026-07-15T18:59:27.399314+00:00] e000932 /home/bob/src/mess/.maw/workspaces/bn-1zv6/spikes/pwritev_group/target/release/pwritev_group point-auto k_pwrite process 65536 100 4 4 domain 0
stdout:
variant,mode,payload,events_per_batch,owner_units,physical_batches,writers,chain,unit_shape,iterations,stop_reason,events,domain_events,bytes,write_syscalls,short_writes,interrupted,max_iovecs,copied_bytes,barriers,cpu_ns,wall_ns,p50_ns,p95_ns,p99_ns,load1_before,load1_after
k_pwrite,process,65536,100,4,4,4,0,domain,2,bytes,800,800,52451904,8,0,0,0,0,0,6277881,6324345,3469827,3469827,3469827,5.660,5.660
stderr:

[2026-07-15T18:59:28.428413+00:00] e000933 /home/bob/src/mess/.maw/workspaces/bn-1zv6/spikes/pwritev_group/target/release/pwritev_group point-auto pwritev_full_8m process 65536 100 4 4 new_name 0
stdout:
variant,mode,payload,events_per_batch,owner_units,physical_batches,writers,chain,unit_shape,iterations,stop_reason,events,domain_events,bytes,write_syscalls,short_writes,interrupted,max_iovecs,copied_bytes,barriers,cpu_ns,wall_ns,p50_ns,p95_ns,p99_ns,load1_before,load1_after
pwritev_full_8m,process,65536,100,4,8,4,0,new_name,2,bytes,808,800,52453024,8,0,0,4,0,0,6279392,6358045,3380888,3380888,3380888,5.660,5.660
stderr:

[2026-07-15T18:59:29.457209+00:00] e000934 /home/bob/src/mess/.maw/workspaces/bn-1zv6/spikes/pwritev_group/target/release/pwritev_group point-auto k_pwrite process 65536 100 4 4 new_name 0
stdout:
variant,mode,payload,events_per_batch,owner_units,physical_batches,writers,chain,unit_shape,iterations,stop_reason,events,domain_events,bytes,write_syscalls,short_writes,interrupted,max_iovecs,copied_bytes,barriers,cpu_ns,wall_ns,p50_ns,p95_ns,p99_ns,load1_before,load1_after
k_pwrite,process,65536,100,4,8,4,0,new_name,2,bytes,808,800,52453024,16,0,0,0,0,0,6245821,6310125,3220638,3220638,3220638,5.660,5.660
stderr:

[2026-07-15T18:59:30.485756+00:00] e000935 /home/bob/src/mess/.maw/workspaces/bn-1zv6/spikes/pwritev_group/target/release/pwritev_group point-auto k_pwrite process 65536 100 4 4 new_name 0
stdout:
variant,mode,payload,events_per_batch,owner_units,physical_batches,writers,chain,unit_shape,iterations,stop_reason,events,domain_events,bytes,write_syscalls,short_writes,interrupted,max_iovecs,copied_bytes,barriers,cpu_ns,wall_ns,p50_ns,p95_ns,p99_ns,load1_before,load1_after
k_pwrite,process,65536,100,4,8,4,0,new_name,2,bytes,808,800,52453024,16,0,0,0,0,0,6585012,6678785,3638337,3638337,3638337,5.660,5.660
stderr:

[2026-07-15T18:59:31.515709+00:00] e000936 /home/bob/src/mess/.maw/workspaces/bn-1zv6/spikes/pwritev_group/target/release/pwritev_group point-auto pwritev_full_8m process 65536 100 4 4 new_name 0
stdout:
variant,mode,payload,events_per_batch,owner_units,physical_batches,writers,chain,unit_shape,iterations,stop_reason,events,domain_events,bytes,write_syscalls,short_writes,interrupted,max_iovecs,copied_bytes,barriers,cpu_ns,wall_ns,p50_ns,p95_ns,p99_ns,load1_before,load1_after
pwritev_full_8m,process,65536,100,4,8,4,0,new_name,2,bytes,808,800,52453024,8,0,0,4,0,0,6366202,6422045,3355088,3355088,3355088,5.660,5.660
stderr:

[2026-07-15T18:59:32.544651+00:00] e000937 /home/bob/src/mess/.maw/workspaces/bn-1zv6/spikes/pwritev_group/target/release/pwritev_group point-auto k_pwrite process 65536 1000 2 2 domain 0
stdout:
variant,mode,payload,events_per_batch,owner_units,physical_batches,writers,chain,unit_shape,iterations,stop_reason,events,domain_events,bytes,write_syscalls,short_writes,interrupted,max_iovecs,copied_bytes,barriers,cpu_ns,wall_ns,p50_ns,p95_ns,p99_ns,load1_before,load1_after
k_pwrite,process,65536,1000,2,2,2,0,domain,1,bytes,2000,2000,131128176,2,0,0,0,0,0,14532912,14676390,14676160,14676160,14676160,5.200,5.200
stderr:

[2026-07-15T18:59:33.573039+00:00] e000938 /home/bob/src/mess/.maw/workspaces/bn-1zv6/spikes/pwritev_group/target/release/pwritev_group point-auto pwritev_full_8m process 65536 1000 2 2 domain 0
stdout:
variant,mode,payload,events_per_batch,owner_units,physical_batches,writers,chain,unit_shape,iterations,stop_reason,events,domain_events,bytes,write_syscalls,short_writes,interrupted,max_iovecs,copied_bytes,barriers,cpu_ns,wall_ns,p50_ns,p95_ns,p99_ns,load1_before,load1_after
pwritev_full_8m,process,65536,1000,2,2,2,0,domain,1,bytes,2000,2000,131128176,16,0,0,2,0,0,15031034,15161109,15160909,15160909,15160909,5.200,5.200
stderr:

[2026-07-15T18:59:34.602704+00:00] e000939 /home/bob/src/mess/.maw/workspaces/bn-1zv6/spikes/pwritev_group/target/release/pwritev_group point-auto pwritev_full_8m process 65536 1000 2 2 domain 0
stdout:
variant,mode,payload,events_per_batch,owner_units,physical_batches,writers,chain,unit_shape,iterations,stop_reason,events,domain_events,bytes,write_syscalls,short_writes,interrupted,max_iovecs,copied_bytes,barriers,cpu_ns,wall_ns,p50_ns,p95_ns,p99_ns,load1_before,load1_after
pwritev_full_8m,process,65536,1000,2,2,2,0,domain,1,bytes,2000,2000,131128176,16,0,0,2,0,0,14891424,15008199,15007929,15007929,15007929,5.200,5.200
stderr:

[2026-07-15T18:59:35.627191+00:00] e000940 /home/bob/src/mess/.maw/workspaces/bn-1zv6/spikes/pwritev_group/target/release/pwritev_group point-auto k_pwrite process 65536 1000 2 2 domain 0
stdout:
variant,mode,payload,events_per_batch,owner_units,physical_batches,writers,chain,unit_shape,iterations,stop_reason,events,domain_events,bytes,write_syscalls,short_writes,interrupted,max_iovecs,copied_bytes,barriers,cpu_ns,wall_ns,p50_ns,p95_ns,p99_ns,load1_before,load1_after
k_pwrite,process,65536,1000,2,2,2,0,domain,1,bytes,2000,2000,131128176,2,0,0,0,0,0,15432864,15694999,15694779,15694779,15694779,5.200,5.200
stderr:

[2026-07-15T18:59:36.648487+00:00] e000941 /home/bob/src/mess/.maw/workspaces/bn-1zv6/spikes/pwritev_group/target/release/pwritev_group point-auto pwritev_full_8m process 65536 1000 2 2 new_name 0
stdout:
variant,mode,payload,events_per_batch,owner_units,physical_batches,writers,chain,unit_shape,iterations,stop_reason,events,domain_events,bytes,write_syscalls,short_writes,interrupted,max_iovecs,copied_bytes,barriers,cpu_ns,wall_ns,p50_ns,p95_ns,p99_ns,load1_before,load1_after
pwritev_full_8m,process,65536,1000,2,4,2,0,new_name,1,bytes,2002,2000,131128456,16,0,0,3,0,0,15486644,15617558,15617348,15617348,15617348,4.950,4.950
stderr:

[2026-07-15T18:59:37.671860+00:00] e000942 /home/bob/src/mess/.maw/workspaces/bn-1zv6/spikes/pwritev_group/target/release/pwritev_group point-auto k_pwrite process 65536 1000 2 2 new_name 0
stdout:
variant,mode,payload,events_per_batch,owner_units,physical_batches,writers,chain,unit_shape,iterations,stop_reason,events,domain_events,bytes,write_syscalls,short_writes,interrupted,max_iovecs,copied_bytes,barriers,cpu_ns,wall_ns,p50_ns,p95_ns,p99_ns,load1_before,load1_after
k_pwrite,process,65536,1000,2,4,2,0,new_name,1,bytes,2002,2000,131128456,4,0,0,0,0,0,16231044,16388388,16388168,16388168,16388168,4.950,4.950
stderr:

[2026-07-15T18:59:38.702772+00:00] e000943 /home/bob/src/mess/.maw/workspaces/bn-1zv6/spikes/pwritev_group/target/release/pwritev_group point-auto k_pwrite process 65536 1000 2 2 new_name 0
stdout:
variant,mode,payload,events_per_batch,owner_units,physical_batches,writers,chain,unit_shape,iterations,stop_reason,events,domain_events,bytes,write_syscalls,short_writes,interrupted,max_iovecs,copied_bytes,barriers,cpu_ns,wall_ns,p50_ns,p95_ns,p99_ns,load1_before,load1_after
k_pwrite,process,65536,1000,2,4,2,0,new_name,1,bytes,2002,2000,131128456,4,0,0,0,0,0,14975214,15105359,15105149,15105149,15105149,4.950,4.950
stderr:

[2026-07-15T18:59:39.729602+00:00] e000944 /home/bob/src/mess/.maw/workspaces/bn-1zv6/spikes/pwritev_group/target/release/pwritev_group point-auto pwritev_full_8m process 65536 1000 2 2 new_name 0
stdout:
variant,mode,payload,events_per_batch,owner_units,physical_batches,writers,chain,unit_shape,iterations,stop_reason,events,domain_events,bytes,write_syscalls,short_writes,interrupted,max_iovecs,copied_bytes,barriers,cpu_ns,wall_ns,p50_ns,p95_ns,p99_ns,load1_before,load1_after
pwritev_full_8m,process,65536,1000,2,4,2,0,new_name,1,bytes,2002,2000,131128456,16,0,0,3,0,0,15496804,15657069,15656679,15656679,15656679,4.950,4.950
stderr:

[2026-07-15T18:59:41.752466+00:00] e000945 /home/bob/src/mess/.maw/workspaces/bn-1zv6/spikes/pwritev_group/target/release/pwritev_group point-auto k_pwrite process 65536 1000 4 4 domain 0
stdout:
variant,mode,payload,events_per_batch,owner_units,physical_batches,writers,chain,unit_shape,iterations,stop_reason,events,domain_events,bytes,write_syscalls,short_writes,interrupted,max_iovecs,copied_bytes,barriers,cpu_ns,wall_ns,p50_ns,p95_ns,p99_ns,load1_before,load1_after
k_pwrite,process,65536,1000,4,4,4,0,domain,1,bytes,4000,4000,262256352,4,0,0,0,0,0,29011058,29296599,29296339,29296339,29296339,4.950,4.950
stderr:

[2026-07-15T18:59:43.776953+00:00] e000946 /home/bob/src/mess/.maw/workspaces/bn-1zv6/spikes/pwritev_group/target/release/pwritev_group point-auto pwritev_full_8m process 65536 1000 4 4 domain 0
stdout:
variant,mode,payload,events_per_batch,owner_units,physical_batches,writers,chain,unit_shape,iterations,stop_reason,events,domain_events,bytes,write_syscalls,short_writes,interrupted,max_iovecs,copied_bytes,barriers,cpu_ns,wall_ns,p50_ns,p95_ns,p99_ns,load1_before,load1_after
pwritev_full_8m,process,65536,1000,4,4,4,0,domain,1,bytes,4000,4000,262256352,32,0,0,2,0,0,28819587,29026440,29026210,29026210,29026210,4.630,4.630
stderr:

[2026-07-15T18:59:45.798278+00:00] e000947 /home/bob/src/mess/.maw/workspaces/bn-1zv6/spikes/pwritev_group/target/release/pwritev_group point-auto pwritev_full_8m process 65536 1000 4 4 domain 0
stdout:
variant,mode,payload,events_per_batch,owner_units,physical_batches,writers,chain,unit_shape,iterations,stop_reason,events,domain_events,bytes,write_syscalls,short_writes,interrupted,max_iovecs,copied_bytes,barriers,cpu_ns,wall_ns,p50_ns,p95_ns,p99_ns,load1_before,load1_after
pwritev_full_8m,process,65536,1000,4,4,4,0,domain,1,bytes,4000,4000,262256352,32,0,0,2,0,0,29288807,29539399,29539209,29539209,29539209,4.630,4.630
stderr:

[2026-07-15T18:59:47.821478+00:00] e000948 /home/bob/src/mess/.maw/workspaces/bn-1zv6/spikes/pwritev_group/target/release/pwritev_group point-auto k_pwrite process 65536 1000 4 4 domain 0
stdout:
variant,mode,payload,events_per_batch,owner_units,physical_batches,writers,chain,unit_shape,iterations,stop_reason,events,domain_events,bytes,write_syscalls,short_writes,interrupted,max_iovecs,copied_bytes,barriers,cpu_ns,wall_ns,p50_ns,p95_ns,p99_ns,load1_before,load1_after
k_pwrite,process,65536,1000,4,4,4,0,domain,1,bytes,4000,4000,262256352,4,0,0,0,0,0,36518250,36812754,36812544,36812544,36812544,4.500,4.500
stderr:

[2026-07-15T18:59:49.842002+00:00] e000949 /home/bob/src/mess/.maw/workspaces/bn-1zv6/spikes/pwritev_group/target/release/pwritev_group point-auto pwritev_full_8m process 65536 1000 4 4 new_name 0
stdout:
variant,mode,payload,events_per_batch,owner_units,physical_batches,writers,chain,unit_shape,iterations,stop_reason,events,domain_events,bytes,write_syscalls,short_writes,interrupted,max_iovecs,copied_bytes,barriers,cpu_ns,wall_ns,p50_ns,p95_ns,p99_ns,load1_before,load1_after
pwritev_full_8m,process,65536,1000,4,8,4,0,new_name,1,bytes,4004,4000,262256912,32,0,0,3,0,0,30416838,30736978,30736718,30736718,30736718,4.500,4.500
stderr:

[2026-07-15T18:59:51.873688+00:00] e000950 /home/bob/src/mess/.maw/workspaces/bn-1zv6/spikes/pwritev_group/target/release/pwritev_group point-auto k_pwrite process 65536 1000 4 4 new_name 0
stdout:
variant,mode,payload,events_per_batch,owner_units,physical_batches,writers,chain,unit_shape,iterations,stop_reason,events,domain_events,bytes,write_syscalls,short_writes,interrupted,max_iovecs,copied_bytes,barriers,cpu_ns,wall_ns,p50_ns,p95_ns,p99_ns,load1_before,load1_after
k_pwrite,process,65536,1000,4,8,4,0,new_name,1,bytes,4004,4000,262256912,8,0,0,0,0,0,28746588,29051860,29051560,29051560,29051560,4.300,4.300
stderr:

[2026-07-15T18:59:53.900281+00:00] e000951 /home/bob/src/mess/.maw/workspaces/bn-1zv6/spikes/pwritev_group/target/release/pwritev_group point-auto k_pwrite process 65536 1000 4 4 new_name 0
stdout:
variant,mode,payload,events_per_batch,owner_units,physical_batches,writers,chain,unit_shape,iterations,stop_reason,events,domain_events,bytes,write_syscalls,short_writes,interrupted,max_iovecs,copied_bytes,barriers,cpu_ns,wall_ns,p50_ns,p95_ns,p99_ns,load1_before,load1_after
k_pwrite,process,65536,1000,4,8,4,0,new_name,1,bytes,4004,4000,262256912,8,0,0,0,0,0,29047147,29389699,29389429,29389429,29389429,4.300,4.300
stderr:

[2026-07-15T18:59:55.932021+00:00] e000952 /home/bob/src/mess/.maw/workspaces/bn-1zv6/spikes/pwritev_group/target/release/pwritev_group point-auto pwritev_full_8m process 65536 1000 4 4 new_name 0
stdout:
variant,mode,payload,events_per_batch,owner_units,physical_batches,writers,chain,unit_shape,iterations,stop_reason,events,domain_events,bytes,write_syscalls,short_writes,interrupted,max_iovecs,copied_bytes,barriers,cpu_ns,wall_ns,p50_ns,p95_ns,p99_ns,load1_before,load1_after
pwritev_full_8m,process,65536,1000,4,8,4,0,new_name,1,bytes,4004,4000,262256912,32,0,0,3,0,0,28781737,29025919,29025659,29025659,29025659,4.300,4.300
stderr:

[2026-07-15T18:59:56.959206+00:00] b00001 /home/bob/src/mess/.maw/workspaces/bn-1zv6/spikes/pwritev_group/target/release/pwritev_group boundary-auto k_pwrite process 140 1 1
stdout:
variant,mode,target_bytes,physical_batches,writers,iterations,stop_reason,events,bytes,write_syscalls,short_writes,interrupted,max_iovecs,copied_bytes,barriers,cpu_ns,wall_ns,p50_ns,p95_ns,p99_ns,min_payload,max_payload,load1_before,load1_after
k_pwrite,process,140,1,1,479350,bytes,479350,67109000,479350,0,0,0,0,0,402999430,406472779,770,890,970,24,24,4.300,4.120
stderr:

[2026-07-15T18:59:57.986373+00:00] b00002 /home/bob/src/mess/.maw/workspaces/bn-1zv6/spikes/pwritev_group/target/release/pwritev_group boundary-auto pwritev_full_1m process 140 1 1
stdout:
variant,mode,target_bytes,physical_batches,writers,iterations,stop_reason,events,bytes,write_syscalls,short_writes,interrupted,max_iovecs,copied_bytes,barriers,cpu_ns,wall_ns,p50_ns,p95_ns,p99_ns,min_payload,max_payload,load1_before,load1_after
pwritev_full_1m,process,140,1,1,479350,bytes,479350,67109000,479350,0,0,1,0,0,447675062,451404837,860,1010,1100,24,24,4.120,4.120
stderr:

[2026-07-15T18:59:59.013706+00:00] b00003 /home/bob/src/mess/.maw/workspaces/bn-1zv6/spikes/pwritev_group/target/release/pwritev_group boundary-auto pwritev_full_1m process 140 1 1
stdout:
variant,mode,target_bytes,physical_batches,writers,iterations,stop_reason,events,bytes,write_syscalls,short_writes,interrupted,max_iovecs,copied_bytes,barriers,cpu_ns,wall_ns,p50_ns,p95_ns,p99_ns,min_payload,max_payload,load1_before,load1_after
pwritev_full_1m,process,140,1,1,479350,bytes,479350,67109000,479350,0,0,1,0,0,446328271,449887799,860,990,1090,24,24,4.120,4.120
stderr:

[2026-07-15T19:00:00.043660+00:00] b00004 /home/bob/src/mess/.maw/workspaces/bn-1zv6/spikes/pwritev_group/target/release/pwritev_group boundary-auto k_pwrite process 140 1 1
stdout:
variant,mode,target_bytes,physical_batches,writers,iterations,stop_reason,events,bytes,write_syscalls,short_writes,interrupted,max_iovecs,copied_bytes,barriers,cpu_ns,wall_ns,p50_ns,p95_ns,p99_ns,min_payload,max_payload,load1_before,load1_after
k_pwrite,process,140,1,1,479350,bytes,479350,67109000,479350,0,0,0,0,0,404625190,407982098,770,910,990,24,24,4.120,4.120
stderr:

[2026-07-15T19:00:01.074511+00:00] b00005 /home/bob/src/mess/.maw/workspaces/bn-1zv6/spikes/pwritev_group/target/release/pwritev_group boundary-auto copy_contiguous process 140 1 1
stdout:
variant,mode,target_bytes,physical_batches,writers,iterations,stop_reason,events,bytes,write_syscalls,short_writes,interrupted,max_iovecs,copied_bytes,barriers,cpu_ns,wall_ns,p50_ns,p95_ns,p99_ns,min_payload,max_payload,load1_before,load1_after
copy_contiguous,process,140,1,1,479350,bytes,479350,67109000,479350,0,0,0,67109000,0,412557364,416045033,790,860,1000,24,24,4.120,4.120
stderr:

[2026-07-15T19:00:02.095409+00:00] b00006 /home/bob/src/mess/.maw/workspaces/bn-1zv6/spikes/pwritev_group/target/release/pwritev_group boundary-auto k_pwrite process 140 1 1
stdout:
variant,mode,target_bytes,physical_batches,writers,iterations,stop_reason,events,bytes,write_syscalls,short_writes,interrupted,max_iovecs,copied_bytes,barriers,cpu_ns,wall_ns,p50_ns,p95_ns,p99_ns,min_payload,max_payload,load1_before,load1_after
k_pwrite,process,140,1,1,479350,bytes,479350,67109000,479350,0,0,0,0,0,400251310,403515952,760,780,970,24,24,3.790,3.790
stderr:

[2026-07-15T19:00:03.122925+00:00] b00007 /home/bob/src/mess/.maw/workspaces/bn-1zv6/spikes/pwritev_group/target/release/pwritev_group boundary-auto k_pwrite process 140 1 1
stdout:
variant,mode,target_bytes,physical_batches,writers,iterations,stop_reason,events,bytes,write_syscalls,short_writes,interrupted,max_iovecs,copied_bytes,barriers,cpu_ns,wall_ns,p50_ns,p95_ns,p99_ns,min_payload,max_payload,load1_before,load1_after
k_pwrite,process,140,1,1,479350,bytes,479350,67109000,479350,0,0,0,0,0,399276000,402289393,760,780,940,24,24,3.790,3.790
stderr:

[2026-07-15T19:00:04.148303+00:00] b00008 /home/bob/src/mess/.maw/workspaces/bn-1zv6/spikes/pwritev_group/target/release/pwritev_group boundary-auto copy_contiguous process 140 1 1
stdout:
variant,mode,target_bytes,physical_batches,writers,iterations,stop_reason,events,bytes,write_syscalls,short_writes,interrupted,max_iovecs,copied_bytes,barriers,cpu_ns,wall_ns,p50_ns,p95_ns,p99_ns,min_payload,max_payload,load1_before,load1_after
copy_contiguous,process,140,1,1,479350,bytes,479350,67109000,479350,0,0,0,67109000,0,412379433,415199583,790,870,1010,24,24,3.790,3.790
stderr:

[2026-07-15T19:00:05.177750+00:00] b00009 /home/bob/src/mess/.maw/workspaces/bn-1zv6/spikes/pwritev_group/target/release/pwritev_group boundary-auto k_pwrite process 280 2 2
stdout:
variant,mode,target_bytes,physical_batches,writers,iterations,stop_reason,events,bytes,write_syscalls,short_writes,interrupted,max_iovecs,copied_bytes,barriers,cpu_ns,wall_ns,p50_ns,p95_ns,p99_ns,min_payload,max_payload,load1_before,load1_after
k_pwrite,process,280,2,2,239675,bytes,479350,67109000,479350,0,0,0,0,0,376303934,379137309,1490,1750,1880,24,24,3.790,3.790
stderr:

[2026-07-15T19:00:06.202186+00:00] b00010 /home/bob/src/mess/.maw/workspaces/bn-1zv6/spikes/pwritev_group/target/release/pwritev_group boundary-auto pwritev_full_1m process 280 2 2
stdout:
variant,mode,target_bytes,physical_batches,writers,iterations,stop_reason,events,bytes,write_syscalls,short_writes,interrupted,max_iovecs,copied_bytes,barriers,cpu_ns,wall_ns,p50_ns,p95_ns,p99_ns,min_payload,max_payload,load1_before,load1_after
pwritev_full_1m,process,280,2,2,239675,bytes,479350,67109000,239675,0,0,2,0,0,232740778,234602442,900,980,1130,24,24,3.790,3.790
stderr:

[2026-07-15T19:00:07.228429+00:00] b00011 /home/bob/src/mess/.maw/workspaces/bn-1zv6/spikes/pwritev_group/target/release/pwritev_group boundary-auto pwritev_full_1m process 280 2 2
stdout:
variant,mode,target_bytes,physical_batches,writers,iterations,stop_reason,events,bytes,write_syscalls,short_writes,interrupted,max_iovecs,copied_bytes,barriers,cpu_ns,wall_ns,p50_ns,p95_ns,p99_ns,min_payload,max_payload,load1_before,load1_after
pwritev_full_1m,process,280,2,2,239675,bytes,479350,67109000,239675,0,0,2,0,0,235472759,237485320,900,1110,1160,24,24,3.640,3.640
stderr:

[2026-07-15T19:00:08.254846+00:00] b00012 /home/bob/src/mess/.maw/workspaces/bn-1zv6/spikes/pwritev_group/target/release/pwritev_group boundary-auto k_pwrite process 280 2 2
stdout:
variant,mode,target_bytes,physical_batches,writers,iterations,stop_reason,events,bytes,write_syscalls,short_writes,interrupted,max_iovecs,copied_bytes,barriers,cpu_ns,wall_ns,p50_ns,p95_ns,p99_ns,min_payload,max_payload,load1_before,load1_after
k_pwrite,process,280,2,2,239675,bytes,479350,67109000,479350,0,0,0,0,0,378491044,381637497,1490,1750,1950,24,24,3.640,3.640
stderr:

[2026-07-15T19:00:09.283279+00:00] b00013 /home/bob/src/mess/.maw/workspaces/bn-1zv6/spikes/pwritev_group/target/release/pwritev_group boundary-auto copy_contiguous process 280 2 2
stdout:
variant,mode,target_bytes,physical_batches,writers,iterations,stop_reason,events,bytes,write_syscalls,short_writes,interrupted,max_iovecs,copied_bytes,barriers,cpu_ns,wall_ns,p50_ns,p95_ns,p99_ns,min_payload,max_payload,load1_before,load1_after
copy_contiguous,process,280,2,2,239675,bytes,479350,67109000,239675,0,0,0,67109000,0,208711892,210367760,800,820,990,24,24,3.640,3.640
stderr:

[2026-07-15T19:00:10.312777+00:00] b00014 /home/bob/src/mess/.maw/workspaces/bn-1zv6/spikes/pwritev_group/target/release/pwritev_group boundary-auto k_pwrite process 280 2 2
stdout:
variant,mode,target_bytes,physical_batches,writers,iterations,stop_reason,events,bytes,write_syscalls,short_writes,interrupted,max_iovecs,copied_bytes,barriers,cpu_ns,wall_ns,p50_ns,p95_ns,p99_ns,min_payload,max_payload,load1_before,load1_after
k_pwrite,process,280,2,2,239675,bytes,479350,67109000,479350,0,0,0,0,0,375098994,378006990,1480,1720,1870,24,24,3.640,3.640
stderr:

[2026-07-15T19:00:11.336206+00:00] b00015 /home/bob/src/mess/.maw/workspaces/bn-1zv6/spikes/pwritev_group/target/release/pwritev_group boundary-auto k_pwrite process 280 2 2
stdout:
variant,mode,target_bytes,physical_batches,writers,iterations,stop_reason,events,bytes,write_syscalls,short_writes,interrupted,max_iovecs,copied_bytes,barriers,cpu_ns,wall_ns,p50_ns,p95_ns,p99_ns,min_payload,max_payload,load1_before,load1_after
k_pwrite,process,280,2,2,239675,bytes,479350,67109000,479350,0,0,0,0,0,373641963,376527701,1470,1740,1930,24,24,3.640,3.640
stderr:

[2026-07-15T19:00:12.363944+00:00] b00016 /home/bob/src/mess/.maw/workspaces/bn-1zv6/spikes/pwritev_group/target/release/pwritev_group boundary-auto copy_contiguous process 280 2 2
stdout:
variant,mode,target_bytes,physical_batches,writers,iterations,stop_reason,events,bytes,write_syscalls,short_writes,interrupted,max_iovecs,copied_bytes,barriers,cpu_ns,wall_ns,p50_ns,p95_ns,p99_ns,min_payload,max_payload,load1_before,load1_after
copy_contiguous,process,280,2,2,239675,bytes,479350,67109000,239675,0,0,0,67109000,0,208648522,210274649,800,820,990,24,24,3.590,3.590
stderr:

[2026-07-15T19:00:13.393906+00:00] b00017 /home/bob/src/mess/.maw/workspaces/bn-1zv6/spikes/pwritev_group/target/release/pwritev_group boundary-auto k_pwrite process 420 3 3
stdout:
variant,mode,target_bytes,physical_batches,writers,iterations,stop_reason,events,bytes,write_syscalls,short_writes,interrupted,max_iovecs,copied_bytes,barriers,cpu_ns,wall_ns,p50_ns,p95_ns,p99_ns,min_payload,max_payload,load1_before,load1_after
k_pwrite,process,420,3,3,159784,bytes,479352,67109280,479352,0,0,0,0,0,364515362,367199147,2190,2310,2800,24,24,3.590,3.590
stderr:

[2026-07-15T19:00:14.422996+00:00] b00018 /home/bob/src/mess/.maw/workspaces/bn-1zv6/spikes/pwritev_group/target/release/pwritev_group boundary-auto pwritev_full_1m process 420 3 3
stdout:
variant,mode,target_bytes,physical_batches,writers,iterations,stop_reason,events,bytes,write_syscalls,short_writes,interrupted,max_iovecs,copied_bytes,barriers,cpu_ns,wall_ns,p50_ns,p95_ns,p99_ns,min_payload,max_payload,load1_before,load1_after
pwritev_full_1m,process,420,3,3,159784,bytes,479352,67109280,159784,0,0,3,0,0,159961529,161063625,930,950,1150,24,24,3.590,3.590
stderr:

[2026-07-15T19:00:15.456646+00:00] b00019 /home/bob/src/mess/.maw/workspaces/bn-1zv6/spikes/pwritev_group/target/release/pwritev_group boundary-auto pwritev_full_1m process 420 3 3
stdout:
variant,mode,target_bytes,physical_batches,writers,iterations,stop_reason,events,bytes,write_syscalls,short_writes,interrupted,max_iovecs,copied_bytes,barriers,cpu_ns,wall_ns,p50_ns,p95_ns,p99_ns,min_payload,max_payload,load1_before,load1_after
pwritev_full_1m,process,420,3,3,159784,bytes,479352,67109280,159784,0,0,3,0,0,162280131,163501433,930,1140,1220,24,24,3.590,3.590
stderr:

[2026-07-15T19:00:16.477510+00:00] b00020 /home/bob/src/mess/.maw/workspaces/bn-1zv6/spikes/pwritev_group/target/release/pwritev_group boundary-auto k_pwrite process 420 3 3
stdout:
variant,mode,target_bytes,physical_batches,writers,iterations,stop_reason,events,bytes,write_syscalls,short_writes,interrupted,max_iovecs,copied_bytes,barriers,cpu_ns,wall_ns,p50_ns,p95_ns,p99_ns,min_payload,max_payload,load1_before,load1_after
k_pwrite,process,420,3,3,159784,bytes,479352,67109280,479352,0,0,0,0,0,366647922,369289017,2200,2600,2850,24,24,3.590,3.590
stderr:

[2026-07-15T19:00:17.502183+00:00] b00021 /home/bob/src/mess/.maw/workspaces/bn-1zv6/spikes/pwritev_group/target/release/pwritev_group boundary-auto copy_contiguous process 420 3 3
stdout:
variant,mode,target_bytes,physical_batches,writers,iterations,stop_reason,events,bytes,write_syscalls,short_writes,interrupted,max_iovecs,copied_bytes,barriers,cpu_ns,wall_ns,p50_ns,p95_ns,p99_ns,min_payload,max_payload,load1_before,load1_after
copy_contiguous,process,420,3,3,159784,bytes,479352,67109280,159784,0,0,0,67109280,0,141156115,142243189,810,940,1030,24,24,3.380,3.380
stderr:

[2026-07-15T19:00:18.524697+00:00] b00022 /home/bob/src/mess/.maw/workspaces/bn-1zv6/spikes/pwritev_group/target/release/pwritev_group boundary-auto k_pwrite process 420 3 3
stdout:
variant,mode,target_bytes,physical_batches,writers,iterations,stop_reason,events,bytes,write_syscalls,short_writes,interrupted,max_iovecs,copied_bytes,barriers,cpu_ns,wall_ns,p50_ns,p95_ns,p99_ns,min_payload,max_payload,load1_before,load1_after
k_pwrite,process,420,3,3,159784,bytes,479352,67109280,479352,0,0,0,0,0,365652570,368602147,2200,2520,2780,24,24,3.380,3.380
stderr:

[2026-07-15T19:00:19.553202+00:00] b00023 /home/bob/src/mess/.maw/workspaces/bn-1zv6/spikes/pwritev_group/target/release/pwritev_group boundary-auto k_pwrite process 420 3 3
stdout:
variant,mode,target_bytes,physical_batches,writers,iterations,stop_reason,events,bytes,write_syscalls,short_writes,interrupted,max_iovecs,copied_bytes,barriers,cpu_ns,wall_ns,p50_ns,p95_ns,p99_ns,min_payload,max_payload,load1_before,load1_after
k_pwrite,process,420,3,3,159784,bytes,479352,67109280,479352,0,0,0,0,0,367277092,370358405,2200,2610,2830,24,24,3.380,3.380
stderr:

[2026-07-15T19:00:20.578341+00:00] b00024 /home/bob/src/mess/.maw/workspaces/bn-1zv6/spikes/pwritev_group/target/release/pwritev_group boundary-auto copy_contiguous process 420 3 3
stdout:
variant,mode,target_bytes,physical_batches,writers,iterations,stop_reason,events,bytes,write_syscalls,short_writes,interrupted,max_iovecs,copied_bytes,barriers,cpu_ns,wall_ns,p50_ns,p95_ns,p99_ns,min_payload,max_payload,load1_before,load1_after
copy_contiguous,process,420,3,3,159784,bytes,479352,67109280,159784,0,0,0,67109280,0,141090285,142157638,810,830,1040,24,24,3.380,3.380
stderr:

[2026-07-15T19:00:21.605092+00:00] b00025 /home/bob/src/mess/.maw/workspaces/bn-1zv6/spikes/pwritev_group/target/release/pwritev_group boundary-auto k_pwrite process 420 3 3
stdout:
variant,mode,target_bytes,physical_batches,writers,iterations,stop_reason,events,bytes,write_syscalls,short_writes,interrupted,max_iovecs,copied_bytes,barriers,cpu_ns,wall_ns,p50_ns,p95_ns,p99_ns,min_payload,max_payload,load1_before,load1_after
k_pwrite,process,420,3,3,159784,bytes,479352,67109280,479352,0,0,0,0,0,363949711,367717047,2190,2400,2760,24,24,3.380,3.380
stderr:

[2026-07-15T19:00:22.634862+00:00] b00026 /home/bob/src/mess/.maw/workspaces/bn-1zv6/spikes/pwritev_group/target/release/pwritev_group boundary-auto pwritev_full_1m process 420 3 3
stdout:
variant,mode,target_bytes,physical_batches,writers,iterations,stop_reason,events,bytes,write_syscalls,short_writes,interrupted,max_iovecs,copied_bytes,barriers,cpu_ns,wall_ns,p50_ns,p95_ns,p99_ns,min_payload,max_payload,load1_before,load1_after
pwritev_full_1m,process,420,3,3,159784,bytes,479352,67109280,159784,0,0,3,0,0,161465550,162612804,930,1140,1220,24,24,3.110,3.110
stderr:

[2026-07-15T19:00:23.664173+00:00] b00027 /home/bob/src/mess/.maw/workspaces/bn-1zv6/spikes/pwritev_group/target/release/pwritev_group boundary-auto pwritev_full_1m process 420 3 3
stdout:
variant,mode,target_bytes,physical_batches,writers,iterations,stop_reason,events,bytes,write_syscalls,short_writes,interrupted,max_iovecs,copied_bytes,barriers,cpu_ns,wall_ns,p50_ns,p95_ns,p99_ns,min_payload,max_payload,load1_before,load1_after
pwritev_full_1m,process,420,3,3,159784,bytes,479352,67109280,159784,0,0,3,0,0,160396239,161636034,930,960,1150,24,24,3.110,3.110
stderr:

[2026-07-15T19:00:24.692678+00:00] b00028 /home/bob/src/mess/.maw/workspaces/bn-1zv6/spikes/pwritev_group/target/release/pwritev_group boundary-auto k_pwrite process 420 3 3
stdout:
variant,mode,target_bytes,physical_batches,writers,iterations,stop_reason,events,bytes,write_syscalls,short_writes,interrupted,max_iovecs,copied_bytes,barriers,cpu_ns,wall_ns,p50_ns,p95_ns,p99_ns,min_payload,max_payload,load1_before,load1_after
k_pwrite,process,420,3,3,159784,bytes,479352,67109280,479352,0,0,0,0,0,365581162,368397166,2190,2570,2770,24,24,3.110,3.110
stderr:

[2026-07-15T19:00:25.714503+00:00] b00029 /home/bob/src/mess/.maw/workspaces/bn-1zv6/spikes/pwritev_group/target/release/pwritev_group boundary-auto copy_contiguous process 420 3 3
stdout:
variant,mode,target_bytes,physical_batches,writers,iterations,stop_reason,events,bytes,write_syscalls,short_writes,interrupted,max_iovecs,copied_bytes,barriers,cpu_ns,wall_ns,p50_ns,p95_ns,p99_ns,min_payload,max_payload,load1_before,load1_after
copy_contiguous,process,420,3,3,159784,bytes,479352,67109280,159784,0,0,0,67109280,0,143033946,144150657,820,900,1050,24,24,3.110,3.110
stderr:

[2026-07-15T19:00:26.742268+00:00] b00030 /home/bob/src/mess/.maw/workspaces/bn-1zv6/spikes/pwritev_group/target/release/pwritev_group boundary-auto k_pwrite process 420 3 3
stdout:
variant,mode,target_bytes,physical_batches,writers,iterations,stop_reason,events,bytes,write_syscalls,short_writes,interrupted,max_iovecs,copied_bytes,barriers,cpu_ns,wall_ns,p50_ns,p95_ns,p99_ns,min_payload,max_payload,load1_before,load1_after
k_pwrite,process,420,3,3,159784,bytes,479352,67109280,479352,0,0,0,0,0,365407271,368016087,2190,2570,2820,24,24,3.110,3.180
stderr:

[2026-07-15T19:00:27.763012+00:00] b00031 /home/bob/src/mess/.maw/workspaces/bn-1zv6/spikes/pwritev_group/target/release/pwritev_group boundary-auto k_pwrite process 420 3 3
stdout:
variant,mode,target_bytes,physical_batches,writers,iterations,stop_reason,events,bytes,write_syscalls,short_writes,interrupted,max_iovecs,copied_bytes,barriers,cpu_ns,wall_ns,p50_ns,p95_ns,p99_ns,min_payload,max_payload,load1_before,load1_after
k_pwrite,process,420,3,3,159784,bytes,479352,67109280,479352,0,0,0,0,0,362990650,366539568,2189,2310,2700,24,24,3.180,3.180
stderr:

[2026-07-15T19:00:28.791487+00:00] b00032 /home/bob/src/mess/.maw/workspaces/bn-1zv6/spikes/pwritev_group/target/release/pwritev_group boundary-auto copy_contiguous process 420 3 3
stdout:
variant,mode,target_bytes,physical_batches,writers,iterations,stop_reason,events,bytes,write_syscalls,short_writes,interrupted,max_iovecs,copied_bytes,barriers,cpu_ns,wall_ns,p50_ns,p95_ns,p99_ns,min_payload,max_payload,load1_before,load1_after
copy_contiguous,process,420,3,3,159784,bytes,479352,67109280,159784,0,0,0,67109280,0,141282525,142559919,810,880,1030,24,24,3.180,3.180
stderr:

[2026-07-15T19:00:29.813617+00:00] b00033 /home/bob/src/mess/.maw/workspaces/bn-1zv6/spikes/pwritev_group/target/release/pwritev_group boundary-auto k_pwrite process 560 4 4
stdout:
variant,mode,target_bytes,physical_batches,writers,iterations,stop_reason,events,bytes,write_syscalls,short_writes,interrupted,max_iovecs,copied_bytes,barriers,cpu_ns,wall_ns,p50_ns,p95_ns,p99_ns,min_payload,max_payload,load1_before,load1_after
k_pwrite,process,560,4,4,119838,bytes,479352,67109280,479352,0,0,0,0,0,360377300,363545151,2910,3020,3660,24,24,3.180,3.180
stderr:

[2026-07-15T19:00:30.842919+00:00] b00034 /home/bob/src/mess/.maw/workspaces/bn-1zv6/spikes/pwritev_group/target/release/pwritev_group boundary-auto pwritev_full_1m process 560 4 4
stdout:
variant,mode,target_bytes,physical_batches,writers,iterations,stop_reason,events,bytes,write_syscalls,short_writes,interrupted,max_iovecs,copied_bytes,barriers,cpu_ns,wall_ns,p50_ns,p95_ns,p99_ns,min_payload,max_payload,load1_before,load1_after
pwritev_full_1m,process,560,4,4,119838,bytes,479352,67109280,119838,0,0,4,0,0,124687881,125687230,970,990,1220,24,24,3.180,3.180
stderr:

[2026-07-15T19:00:31.873880+00:00] b00035 /home/bob/src/mess/.maw/workspaces/bn-1zv6/spikes/pwritev_group/target/release/pwritev_group boundary-auto pwritev_full_1m process 560 4 4
stdout:
variant,mode,target_bytes,physical_batches,writers,iterations,stop_reason,events,bytes,write_syscalls,short_writes,interrupted,max_iovecs,copied_bytes,barriers,cpu_ns,wall_ns,p50_ns,p95_ns,p99_ns,min_payload,max_payload,load1_before,load1_after
pwritev_full_1m,process,560,4,4,119838,bytes,479352,67109280,119838,0,0,4,0,0,125687342,126734779,970,1160,1220,24,24,3.180,3.180
stderr:

[2026-07-15T19:00:32.897100+00:00] b00036 /home/bob/src/mess/.maw/workspaces/bn-1zv6/spikes/pwritev_group/target/release/pwritev_group boundary-auto k_pwrite process 560 4 4
stdout:
variant,mode,target_bytes,physical_batches,writers,iterations,stop_reason,events,bytes,write_syscalls,short_writes,interrupted,max_iovecs,copied_bytes,barriers,cpu_ns,wall_ns,p50_ns,p95_ns,p99_ns,min_payload,max_payload,load1_before,load1_after
k_pwrite,process,560,4,4,119838,bytes,479352,67109280,479352,0,0,0,0,0,356972509,360115733,2880,3060,3590,24,24,2.930,2.930
stderr:

[2026-07-15T19:00:33.924420+00:00] b00037 /home/bob/src/mess/.maw/workspaces/bn-1zv6/spikes/pwritev_group/target/release/pwritev_group boundary-auto copy_contiguous process 560 4 4
stdout:
variant,mode,target_bytes,physical_batches,writers,iterations,stop_reason,events,bytes,write_syscalls,short_writes,interrupted,max_iovecs,copied_bytes,barriers,cpu_ns,wall_ns,p50_ns,p95_ns,p99_ns,min_payload,max_payload,load1_before,load1_after
copy_contiguous,process,560,4,4,119838,bytes,479352,67109280,119838,0,0,0,67109280,0,106673387,107531184,810,940,1020,24,24,2.930,2.930
stderr:

[2026-07-15T19:00:34.952781+00:00] b00038 /home/bob/src/mess/.maw/workspaces/bn-1zv6/spikes/pwritev_group/target/release/pwritev_group boundary-auto k_pwrite process 560 4 4
stdout:
variant,mode,target_bytes,physical_batches,writers,iterations,stop_reason,events,bytes,write_syscalls,short_writes,interrupted,max_iovecs,copied_bytes,barriers,cpu_ns,wall_ns,p50_ns,p95_ns,p99_ns,min_payload,max_payload,load1_before,load1_after
k_pwrite,process,560,4,4,119838,bytes,479352,67109280,479352,0,0,0,0,0,361375901,364349759,2920,3280,3670,24,24,2.930,2.930
stderr:

[2026-07-15T19:00:35.982202+00:00] b00039 /home/bob/src/mess/.maw/workspaces/bn-1zv6/spikes/pwritev_group/target/release/pwritev_group boundary-auto k_pwrite process 560 4 4
stdout:
variant,mode,target_bytes,physical_batches,writers,iterations,stop_reason,events,bytes,write_syscalls,short_writes,interrupted,max_iovecs,copied_bytes,barriers,cpu_ns,wall_ns,p50_ns,p95_ns,p99_ns,min_payload,max_payload,load1_before,load1_after
k_pwrite,process,560,4,4,119838,bytes,479352,67109280,479352,0,0,0,0,0,360209880,363157481,2900,3380,3710,24,24,2.930,2.930
stderr:

[2026-07-15T19:00:37.004207+00:00] b00040 /home/bob/src/mess/.maw/workspaces/bn-1zv6/spikes/pwritev_group/target/release/pwritev_group boundary-auto copy_contiguous process 560 4 4
stdout:
variant,mode,target_bytes,physical_batches,writers,iterations,stop_reason,events,bytes,write_syscalls,short_writes,interrupted,max_iovecs,copied_bytes,barriers,cpu_ns,wall_ns,p50_ns,p95_ns,p99_ns,min_payload,max_payload,load1_before,load1_after
copy_contiguous,process,560,4,4,119838,bytes,479352,67109280,119838,0,0,0,67109280,0,106208707,107009303,810,900,1070,24,24,2.930,2.850
stderr:

[2026-07-15T19:00:38.027709+00:00] b00041 /home/bob/src/mess/.maw/workspaces/bn-1zv6/spikes/pwritev_group/target/release/pwritev_group boundary-auto k_pwrite process 700 5 4
stdout:
variant,mode,target_bytes,physical_batches,writers,iterations,stop_reason,events,bytes,write_syscalls,short_writes,interrupted,max_iovecs,copied_bytes,barriers,cpu_ns,wall_ns,p50_ns,p95_ns,p99_ns,min_payload,max_payload,load1_before,load1_after
k_pwrite,process,700,5,4,95870,bytes,479350,67109000,479350,0,0,0,0,0,359574370,362571521,3610,4410,4700,24,24,2.850,2.850
stderr:

[2026-07-15T19:00:39.050150+00:00] b00042 /home/bob/src/mess/.maw/workspaces/bn-1zv6/spikes/pwritev_group/target/release/pwritev_group boundary-auto pwritev_full_1m process 700 5 4
stdout:
variant,mode,target_bytes,physical_batches,writers,iterations,stop_reason,events,bytes,write_syscalls,short_writes,interrupted,max_iovecs,copied_bytes,barriers,cpu_ns,wall_ns,p50_ns,p95_ns,p99_ns,min_payload,max_payload,load1_before,load1_after
pwritev_full_1m,process,700,5,4,95870,bytes,479350,67109000,95870,0,0,5,0,0,104327755,105077705,1010,1230,1310,24,24,2.850,2.850
stderr:

[2026-07-15T19:00:40.079318+00:00] b00043 /home/bob/src/mess/.maw/workspaces/bn-1zv6/spikes/pwritev_group/target/release/pwritev_group boundary-auto pwritev_full_1m process 700 5 4
stdout:
variant,mode,target_bytes,physical_batches,writers,iterations,stop_reason,events,bytes,write_syscalls,short_writes,interrupted,max_iovecs,copied_bytes,barriers,cpu_ns,wall_ns,p50_ns,p95_ns,p99_ns,min_payload,max_payload,load1_before,load1_after
pwritev_full_1m,process,700,5,4,95870,bytes,479350,67109000,95870,0,0,5,0,0,103096666,104003196,1000,1020,1240,24,24,2.850,2.850
stderr:

[2026-07-15T19:00:41.107399+00:00] b00044 /home/bob/src/mess/.maw/workspaces/bn-1zv6/spikes/pwritev_group/target/release/pwritev_group boundary-auto k_pwrite process 700 5 4
stdout:
variant,mode,target_bytes,physical_batches,writers,iterations,stop_reason,events,bytes,write_syscalls,short_writes,interrupted,max_iovecs,copied_bytes,barriers,cpu_ns,wall_ns,p50_ns,p95_ns,p99_ns,min_payload,max_payload,load1_before,load1_after
k_pwrite,process,700,5,4,95870,bytes,479350,67109000,479350,0,0,0,0,0,357271160,360200113,3610,4170,4650,24,24,2.850,2.850
stderr:

[2026-07-15T19:00:42.130190+00:00] b00045 /home/bob/src/mess/.maw/workspaces/bn-1zv6/spikes/pwritev_group/target/release/pwritev_group boundary-auto copy_contiguous process 700 5 4
stdout:
variant,mode,target_bytes,physical_batches,writers,iterations,stop_reason,events,bytes,write_syscalls,short_writes,interrupted,max_iovecs,copied_bytes,barriers,cpu_ns,wall_ns,p50_ns,p95_ns,p99_ns,min_payload,max_payload,load1_before,load1_after
copy_contiguous,process,700,5,4,95870,bytes,479350,67109000,95870,0,0,0,67109000,0,86360892,87021097,830,850,1030,24,24,2.620,2.620
stderr:

[2026-07-15T19:00:43.156424+00:00] b00046 /home/bob/src/mess/.maw/workspaces/bn-1zv6/spikes/pwritev_group/target/release/pwritev_group boundary-auto k_pwrite process 700 5 4
stdout:
variant,mode,target_bytes,physical_batches,writers,iterations,stop_reason,events,bytes,write_syscalls,short_writes,interrupted,max_iovecs,copied_bytes,barriers,cpu_ns,wall_ns,p50_ns,p95_ns,p99_ns,min_payload,max_payload,load1_before,load1_after
k_pwrite,process,700,5,4,95870,bytes,479350,67109000,479350,0,0,0,0,0,358514548,361156132,3620,4340,4690,24,24,2.620,2.620
stderr:

[2026-07-15T19:00:44.178669+00:00] b00047 /home/bob/src/mess/.maw/workspaces/bn-1zv6/spikes/pwritev_group/target/release/pwritev_group boundary-auto k_pwrite process 700 5 4
stdout:
variant,mode,target_bytes,physical_batches,writers,iterations,stop_reason,events,bytes,write_syscalls,short_writes,interrupted,max_iovecs,copied_bytes,barriers,cpu_ns,wall_ns,p50_ns,p95_ns,p99_ns,min_payload,max_payload,load1_before,load1_after
k_pwrite,process,700,5,4,95870,bytes,479350,67109000,479350,0,0,0,0,0,355562578,358649104,3600,4120,4590,24,24,2.620,2.620
stderr:

[2026-07-15T19:00:45.208399+00:00] b00048 /home/bob/src/mess/.maw/workspaces/bn-1zv6/spikes/pwritev_group/target/release/pwritev_group boundary-auto copy_contiguous process 700 5 4
stdout:
variant,mode,target_bytes,physical_batches,writers,iterations,stop_reason,events,bytes,write_syscalls,short_writes,interrupted,max_iovecs,copied_bytes,barriers,cpu_ns,wall_ns,p50_ns,p95_ns,p99_ns,min_payload,max_payload,load1_before,load1_after
copy_contiguous,process,700,5,4,95870,bytes,479350,67109000,95870,0,0,0,67109000,0,86386849,87015108,830,880,1080,24,24,2.620,2.620
stderr:

[2026-07-15T19:00:46.237067+00:00] b00049 /home/bob/src/mess/.maw/workspaces/bn-1zv6/spikes/pwritev_group/target/release/pwritev_group boundary-auto k_pwrite process 980 7 4
stdout:
variant,mode,target_bytes,physical_batches,writers,iterations,stop_reason,events,bytes,write_syscalls,short_writes,interrupted,max_iovecs,copied_bytes,barriers,cpu_ns,wall_ns,p50_ns,p95_ns,p99_ns,min_payload,max_payload,load1_before,load1_after
k_pwrite,process,980,7,4,68479,bytes,479353,67109420,479353,0,0,0,0,0,352705997,356154076,5020,5860,6350,24,24,2.620,2.620
stderr:

[2026-07-15T19:00:47.260134+00:00] b00050 /home/bob/src/mess/.maw/workspaces/bn-1zv6/spikes/pwritev_group/target/release/pwritev_group boundary-auto pwritev_full_1m process 980 7 4
stdout:
variant,mode,target_bytes,physical_batches,writers,iterations,stop_reason,events,bytes,write_syscalls,short_writes,interrupted,max_iovecs,copied_bytes,barriers,cpu_ns,wall_ns,p50_ns,p95_ns,p99_ns,min_payload,max_payload,load1_before,load1_after
pwritev_full_1m,process,980,7,4,68479,bytes,479353,67109420,68479,0,0,7,0,0,78583030,79211114,1070,1100,1330,24,24,2.410,2.410
stderr:

[2026-07-15T19:00:48.280224+00:00] b00051 /home/bob/src/mess/.maw/workspaces/bn-1zv6/spikes/pwritev_group/target/release/pwritev_group boundary-auto pwritev_full_1m process 980 7 4
stdout:
variant,mode,target_bytes,physical_batches,writers,iterations,stop_reason,events,bytes,write_syscalls,short_writes,interrupted,max_iovecs,copied_bytes,barriers,cpu_ns,wall_ns,p50_ns,p95_ns,p99_ns,min_payload,max_payload,load1_before,load1_after
pwritev_full_1m,process,980,7,4,68479,bytes,479353,67109420,68479,0,0,7,0,0,80366961,81019882,1080,1370,1430,24,24,2.410,2.410
stderr:

[2026-07-15T19:00:49.307628+00:00] b00052 /home/bob/src/mess/.maw/workspaces/bn-1zv6/spikes/pwritev_group/target/release/pwritev_group boundary-auto k_pwrite process 980 7 4
stdout:
variant,mode,target_bytes,physical_batches,writers,iterations,stop_reason,events,bytes,write_syscalls,short_writes,interrupted,max_iovecs,copied_bytes,barriers,cpu_ns,wall_ns,p50_ns,p95_ns,p99_ns,min_payload,max_payload,load1_before,load1_after
k_pwrite,process,980,7,4,68479,bytes,479353,67109420,479353,0,0,0,0,0,352462317,355262397,5010,5770,6490,24,24,2.410,2.410
stderr:

[2026-07-15T19:00:50.336309+00:00] b00053 /home/bob/src/mess/.maw/workspaces/bn-1zv6/spikes/pwritev_group/target/release/pwritev_group boundary-auto copy_contiguous process 980 7 4
stdout:
variant,mode,target_bytes,physical_batches,writers,iterations,stop_reason,events,bytes,write_syscalls,short_writes,interrupted,max_iovecs,copied_bytes,barriers,cpu_ns,wall_ns,p50_ns,p95_ns,p99_ns,min_payload,max_payload,load1_before,load1_after
copy_contiguous,process,980,7,4,68479,bytes,479353,67109420,68479,0,0,0,67109420,0,62794196,63372545,830,1020,1110,24,24,2.410,2.410
stderr:

[2026-07-15T19:00:51.358874+00:00] b00054 /home/bob/src/mess/.maw/workspaces/bn-1zv6/spikes/pwritev_group/target/release/pwritev_group boundary-auto k_pwrite process 980 7 4
stdout:
variant,mode,target_bytes,physical_batches,writers,iterations,stop_reason,events,bytes,write_syscalls,short_writes,interrupted,max_iovecs,copied_bytes,barriers,cpu_ns,wall_ns,p50_ns,p95_ns,p99_ns,min_payload,max_payload,load1_before,load1_after
k_pwrite,process,980,7,4,68479,bytes,479353,67109420,479353,0,0,0,0,0,355146758,357788575,5020,5990,6490,24,24,2.410,2.410
stderr:

[2026-07-15T19:00:52.384369+00:00] b00055 /home/bob/src/mess/.maw/workspaces/bn-1zv6/spikes/pwritev_group/target/release/pwritev_group boundary-auto k_pwrite process 980 7 4
stdout:
variant,mode,target_bytes,physical_batches,writers,iterations,stop_reason,events,bytes,write_syscalls,short_writes,interrupted,max_iovecs,copied_bytes,barriers,cpu_ns,wall_ns,p50_ns,p95_ns,p99_ns,min_payload,max_payload,load1_before,load1_after
k_pwrite,process,980,7,4,68479,bytes,479353,67109420,479353,0,0,0,0,0,352812797,355372987,5010,5950,6550,24,24,2.300,2.300
stderr:

[2026-07-15T19:00:53.411903+00:00] b00056 /home/bob/src/mess/.maw/workspaces/bn-1zv6/spikes/pwritev_group/target/release/pwritev_group boundary-auto copy_contiguous process 980 7 4
stdout:
variant,mode,target_bytes,physical_batches,writers,iterations,stop_reason,events,bytes,write_syscalls,short_writes,interrupted,max_iovecs,copied_bytes,barriers,cpu_ns,wall_ns,p50_ns,p95_ns,p99_ns,min_payload,max_payload,load1_before,load1_after
copy_contiguous,process,980,7,4,68479,bytes,479353,67109420,68479,0,0,0,67109420,0,62917756,63365995,840,1070,1110,24,24,2.300,2.300
stderr:

[2026-07-15T19:00:54.436627+00:00] b00057 /home/bob/src/mess/.maw/workspaces/bn-1zv6/spikes/pwritev_group/target/release/pwritev_group boundary-auto k_pwrite process 1120 8 4
stdout:
variant,mode,target_bytes,physical_batches,writers,iterations,stop_reason,events,bytes,write_syscalls,short_writes,interrupted,max_iovecs,copied_bytes,barriers,cpu_ns,wall_ns,p50_ns,p95_ns,p99_ns,min_payload,max_payload,load1_before,load1_after
k_pwrite,process,1120,8,4,59919,bytes,479352,67109280,479352,0,0,0,0,0,352711168,355330196,5750,6590,7350,24,24,2.300,2.300
stderr:

[2026-07-15T19:00:55.459955+00:00] b00058 /home/bob/src/mess/.maw/workspaces/bn-1zv6/spikes/pwritev_group/target/release/pwritev_group boundary-auto pwritev_full_1m process 1120 8 4
stdout:
variant,mode,target_bytes,physical_batches,writers,iterations,stop_reason,events,bytes,write_syscalls,short_writes,interrupted,max_iovecs,copied_bytes,barriers,cpu_ns,wall_ns,p50_ns,p95_ns,p99_ns,min_payload,max_payload,load1_before,load1_after
pwritev_full_1m,process,1120,8,4,59919,bytes,479352,67109280,59919,0,0,8,0,0,71376608,71909439,1110,1140,1390,24,24,2.300,2.300
stderr:

[2026-07-15T19:00:56.483392+00:00] b00059 /home/bob/src/mess/.maw/workspaces/bn-1zv6/spikes/pwritev_group/target/release/pwritev_group boundary-auto pwritev_full_1m process 1120 8 4
stdout:
variant,mode,target_bytes,physical_batches,writers,iterations,stop_reason,events,bytes,write_syscalls,short_writes,interrupted,max_iovecs,copied_bytes,barriers,cpu_ns,wall_ns,p50_ns,p95_ns,p99_ns,min_payload,max_payload,load1_before,load1_after
pwritev_full_1m,process,1120,8,4,59919,bytes,479352,67109280,59919,0,0,8,0,0,71680688,72430549,1120,1140,1380,24,24,2.300,2.300
stderr:

[2026-07-15T19:00:57.504426+00:00] b00060 /home/bob/src/mess/.maw/workspaces/bn-1zv6/spikes/pwritev_group/target/release/pwritev_group boundary-auto k_pwrite process 1120 8 4
stdout:
variant,mode,target_bytes,physical_batches,writers,iterations,stop_reason,events,bytes,write_syscalls,short_writes,interrupted,max_iovecs,copied_bytes,barriers,cpu_ns,wall_ns,p50_ns,p95_ns,p99_ns,min_payload,max_payload,load1_before,load1_after
k_pwrite,process,1120,8,4,59919,bytes,479352,67109280,479352,0,0,0,0,0,356012467,359109293,5740,7090,7510,24,24,2.280,2.280
stderr:

[2026-07-15T19:00:58.531353+00:00] b00061 /home/bob/src/mess/.maw/workspaces/bn-1zv6/spikes/pwritev_group/target/release/pwritev_group boundary-auto copy_contiguous process 1120 8 4
stdout:
variant,mode,target_bytes,physical_batches,writers,iterations,stop_reason,events,bytes,write_syscalls,short_writes,interrupted,max_iovecs,copied_bytes,barriers,cpu_ns,wall_ns,p50_ns,p95_ns,p99_ns,min_payload,max_payload,load1_before,load1_after
copy_contiguous,process,1120,8,4,59919,bytes,479352,67109280,59919,0,0,0,67109280,0,55443254,55908120,850,990,1090,24,24,2.280,2.280
stderr:

[2026-07-15T19:00:59.553087+00:00] b00062 /home/bob/src/mess/.maw/workspaces/bn-1zv6/spikes/pwritev_group/target/release/pwritev_group boundary-auto k_pwrite process 1120 8 4
stdout:
variant,mode,target_bytes,physical_batches,writers,iterations,stop_reason,events,bytes,write_syscalls,short_writes,interrupted,max_iovecs,copied_bytes,barriers,cpu_ns,wall_ns,p50_ns,p95_ns,p99_ns,min_payload,max_payload,load1_before,load1_after
k_pwrite,process,1120,8,4,59919,bytes,479352,67109280,479352,0,0,0,0,0,351826918,354447717,5770,6000,7150,24,24,2.280,2.280
stderr:

[2026-07-15T19:01:00.582157+00:00] b00063 /home/bob/src/mess/.maw/workspaces/bn-1zv6/spikes/pwritev_group/target/release/pwritev_group boundary-auto k_pwrite process 1120 8 4
stdout:
variant,mode,target_bytes,physical_batches,writers,iterations,stop_reason,events,bytes,write_syscalls,short_writes,interrupted,max_iovecs,copied_bytes,barriers,cpu_ns,wall_ns,p50_ns,p95_ns,p99_ns,min_payload,max_payload,load1_before,load1_after
k_pwrite,process,1120,8,4,59919,bytes,479352,67109280,479352,0,0,0,0,0,351913827,354816786,5730,6490,7260,24,24,2.280,2.280
stderr:

[2026-07-15T19:01:01.612415+00:00] b00064 /home/bob/src/mess/.maw/workspaces/bn-1zv6/spikes/pwritev_group/target/release/pwritev_group boundary-auto copy_contiguous process 1120 8 4
stdout:
variant,mode,target_bytes,physical_batches,writers,iterations,stop_reason,events,bytes,write_syscalls,short_writes,interrupted,max_iovecs,copied_bytes,barriers,cpu_ns,wall_ns,p50_ns,p95_ns,p99_ns,min_payload,max_payload,load1_before,load1_after
copy_contiguous,process,1120,8,4,59919,bytes,479352,67109280,59919,0,0,0,67109280,0,55276864,55679170,850,870,1060,24,24,2.280,2.280
stderr:

[2026-07-15T19:01:02.641781+00:00] b00065 /home/bob/src/mess/.maw/workspaces/bn-1zv6/spikes/pwritev_group/target/release/pwritev_group boundary-auto k_pwrite process 1260 9 4
stdout:
variant,mode,target_bytes,physical_batches,writers,iterations,stop_reason,events,bytes,write_syscalls,short_writes,interrupted,max_iovecs,copied_bytes,barriers,cpu_ns,wall_ns,p50_ns,p95_ns,p99_ns,min_payload,max_payload,load1_before,load1_after
k_pwrite,process,1260,9,4,53262,bytes,479358,67110120,479358,0,0,0,0,0,354777959,357526574,6440,7790,8320,24,24,2.170,2.170
stderr:

[2026-07-15T19:01:03.663135+00:00] b00066 /home/bob/src/mess/.maw/workspaces/bn-1zv6/spikes/pwritev_group/target/release/pwritev_group boundary-auto pwritev_full_1m process 1260 9 4
stdout:
variant,mode,target_bytes,physical_batches,writers,iterations,stop_reason,events,bytes,write_syscalls,short_writes,interrupted,max_iovecs,copied_bytes,barriers,cpu_ns,wall_ns,p50_ns,p95_ns,p99_ns,min_payload,max_payload,load1_before,load1_after
pwritev_full_1m,process,1260,9,4,53262,bytes,479358,67110120,53262,0,0,9,0,0,67817077,68333582,1200,1220,1510,24,24,2.170,2.170
stderr:

[2026-07-15T19:01:04.684722+00:00] b00067 /home/bob/src/mess/.maw/workspaces/bn-1zv6/spikes/pwritev_group/target/release/pwritev_group boundary-auto pwritev_full_1m process 1260 9 4
stdout:
variant,mode,target_bytes,physical_batches,writers,iterations,stop_reason,events,bytes,write_syscalls,short_writes,interrupted,max_iovecs,copied_bytes,barriers,cpu_ns,wall_ns,p50_ns,p95_ns,p99_ns,min_payload,max_payload,load1_before,load1_after
pwritev_full_1m,process,1260,9,4,53262,bytes,479358,67110120,53262,0,0,9,0,0,69465867,69966880,1200,1560,1610,24,24,2.170,2.170
stderr:

[2026-07-15T19:01:05.711864+00:00] b00068 /home/bob/src/mess/.maw/workspaces/bn-1zv6/spikes/pwritev_group/target/release/pwritev_group boundary-auto k_pwrite process 1260 9 4
stdout:
variant,mode,target_bytes,physical_batches,writers,iterations,stop_reason,events,bytes,write_syscalls,short_writes,interrupted,max_iovecs,copied_bytes,barriers,cpu_ns,wall_ns,p50_ns,p95_ns,p99_ns,min_payload,max_payload,load1_before,load1_after
k_pwrite,process,1260,9,4,53262,bytes,479358,67110120,479358,0,0,0,0,0,350182838,352830958,6450,7310,8320,24,24,2.170,2.170
stderr:

[2026-07-15T19:01:06.739090+00:00] b00069 /home/bob/src/mess/.maw/workspaces/bn-1zv6/spikes/pwritev_group/target/release/pwritev_group boundary-auto copy_contiguous process 1260 9 4
stdout:
variant,mode,target_bytes,physical_batches,writers,iterations,stop_reason,events,bytes,write_syscalls,short_writes,interrupted,max_iovecs,copied_bytes,barriers,cpu_ns,wall_ns,p50_ns,p95_ns,p99_ns,min_payload,max_payload,load1_before,load1_after
copy_contiguous,process,1260,9,4,53262,bytes,479358,67110120,53262,0,0,0,67110120,0,52010353,52428003,900,1050,1160,24,24,2.170,2.170
stderr:

[2026-07-15T19:01:07.766871+00:00] b00070 /home/bob/src/mess/.maw/workspaces/bn-1zv6/spikes/pwritev_group/target/release/pwritev_group boundary-auto k_pwrite process 1260 9 4
stdout:
variant,mode,target_bytes,physical_batches,writers,iterations,stop_reason,events,bytes,write_syscalls,short_writes,interrupted,max_iovecs,copied_bytes,barriers,cpu_ns,wall_ns,p50_ns,p95_ns,p99_ns,min_payload,max_payload,load1_before,load1_after
k_pwrite,process,1260,9,4,53262,bytes,479358,67110120,479358,0,0,0,0,0,350352578,352721549,6450,7330,8280,24,24,2.240,2.240
stderr:

[2026-07-15T19:01:08.796268+00:00] b00071 /home/bob/src/mess/.maw/workspaces/bn-1zv6/spikes/pwritev_group/target/release/pwritev_group boundary-auto k_pwrite process 1260 9 4
stdout:
variant,mode,target_bytes,physical_batches,writers,iterations,stop_reason,events,bytes,write_syscalls,short_writes,interrupted,max_iovecs,copied_bytes,barriers,cpu_ns,wall_ns,p50_ns,p95_ns,p99_ns,min_payload,max_payload,load1_before,load1_after
k_pwrite,process,1260,9,4,53262,bytes,479358,67110120,479358,0,0,0,0,0,349452338,352073079,6430,7200,8180,24,24,2.240,2.240
stderr:

[2026-07-15T19:01:09.824502+00:00] b00072 /home/bob/src/mess/.maw/workspaces/bn-1zv6/spikes/pwritev_group/target/release/pwritev_group boundary-auto copy_contiguous process 1260 9 4
stdout:
variant,mode,target_bytes,physical_batches,writers,iterations,stop_reason,events,bytes,write_syscalls,short_writes,interrupted,max_iovecs,copied_bytes,barriers,cpu_ns,wall_ns,p50_ns,p95_ns,p99_ns,min_payload,max_payload,load1_before,load1_after
copy_contiguous,process,1260,9,4,53262,bytes,479358,67110120,53262,0,0,0,67110120,0,52803713,53271762,890,1120,1210,24,24,2.240,2.240
stderr:

[2026-07-15T19:01:10.852178+00:00] b00073 /home/bob/src/mess/.maw/workspaces/bn-1zv6/spikes/pwritev_group/target/release/pwritev_group boundary-auto k_pwrite process 2100 15 4
stdout:
variant,mode,target_bytes,physical_batches,writers,iterations,stop_reason,events,bytes,write_syscalls,short_writes,interrupted,max_iovecs,copied_bytes,barriers,cpu_ns,wall_ns,p50_ns,p95_ns,p99_ns,min_payload,max_payload,load1_before,load1_after
k_pwrite,process,2100,15,4,31957,bytes,479355,67109700,479355,0,0,0,0,0,346026946,348538801,10660,11610,16780,24,24,2.240,2.240
stderr:

[2026-07-15T19:01:11.879981+00:00] b00074 /home/bob/src/mess/.maw/workspaces/bn-1zv6/spikes/pwritev_group/target/release/pwritev_group boundary-auto pwritev_full_1m process 2100 15 4
stdout:
variant,mode,target_bytes,physical_batches,writers,iterations,stop_reason,events,bytes,write_syscalls,short_writes,interrupted,max_iovecs,copied_bytes,barriers,cpu_ns,wall_ns,p50_ns,p95_ns,p99_ns,min_payload,max_payload,load1_before,load1_after
pwritev_full_1m,process,2100,15,4,31957,bytes,479355,67109700,31957,0,0,15,0,0,48192802,48598876,1420,1670,1830,24,24,2.240,2.240
stderr:

[2026-07-15T19:01:12.908993+00:00] b00075 /home/bob/src/mess/.maw/workspaces/bn-1zv6/spikes/pwritev_group/target/release/pwritev_group boundary-auto pwritev_full_1m process 2100 15 4
stdout:
variant,mode,target_bytes,physical_batches,writers,iterations,stop_reason,events,bytes,write_syscalls,short_writes,interrupted,max_iovecs,copied_bytes,barriers,cpu_ns,wall_ns,p50_ns,p95_ns,p99_ns,min_payload,max_payload,load1_before,load1_after
pwritev_full_1m,process,2100,15,4,31957,bytes,479355,67109700,31957,0,0,15,0,0,48105952,48484165,1430,1440,1780,24,24,2.220,2.220
stderr:

[2026-07-15T19:01:13.932860+00:00] b00076 /home/bob/src/mess/.maw/workspaces/bn-1zv6/spikes/pwritev_group/target/release/pwritev_group boundary-auto k_pwrite process 2100 15 4
stdout:
variant,mode,target_bytes,physical_batches,writers,iterations,stop_reason,events,bytes,write_syscalls,short_writes,interrupted,max_iovecs,copied_bytes,barriers,cpu_ns,wall_ns,p50_ns,p95_ns,p99_ns,min_payload,max_payload,load1_before,load1_after
k_pwrite,process,2100,15,4,31957,bytes,479355,67109700,479355,0,0,0,0,0,346393626,348942411,10730,11100,17710,24,24,2.220,2.220
stderr:

[2026-07-15T19:01:14.955198+00:00] b00077 /home/bob/src/mess/.maw/workspaces/bn-1zv6/spikes/pwritev_group/target/release/pwritev_group boundary-auto copy_contiguous process 2100 15 4
stdout:
variant,mode,target_bytes,physical_batches,writers,iterations,stop_reason,events,bytes,write_syscalls,short_writes,interrupted,max_iovecs,copied_bytes,barriers,cpu_ns,wall_ns,p50_ns,p95_ns,p99_ns,min_payload,max_payload,load1_before,load1_after
copy_contiguous,process,2100,15,4,31957,bytes,479355,67109700,31957,0,0,0,67109700,0,31160818,31431368,900,920,1130,24,24,2.220,2.220
stderr:

[2026-07-15T19:01:15.978949+00:00] b00078 /home/bob/src/mess/.maw/workspaces/bn-1zv6/spikes/pwritev_group/target/release/pwritev_group boundary-auto k_pwrite process 2100 15 4
stdout:
variant,mode,target_bytes,physical_batches,writers,iterations,stop_reason,events,bytes,write_syscalls,short_writes,interrupted,max_iovecs,copied_bytes,barriers,cpu_ns,wall_ns,p50_ns,p95_ns,p99_ns,min_payload,max_payload,load1_before,load1_after
k_pwrite,process,2100,15,4,31957,bytes,479355,67109700,479355,0,0,0,0,0,348354127,350810840,10750,11700,17220,24,24,2.220,2.220
stderr:

[2026-07-15T19:01:17.003559+00:00] b00079 /home/bob/src/mess/.maw/workspaces/bn-1zv6/spikes/pwritev_group/target/release/pwritev_group boundary-auto k_pwrite process 2100 15 4
stdout:
variant,mode,target_bytes,physical_batches,writers,iterations,stop_reason,events,bytes,write_syscalls,short_writes,interrupted,max_iovecs,copied_bytes,barriers,cpu_ns,wall_ns,p50_ns,p95_ns,p99_ns,min_payload,max_payload,load1_before,load1_after
k_pwrite,process,2100,15,4,31957,bytes,479355,67109700,479355,0,0,0,0,0,347385047,349813940,10710,11750,16990,24,24,2.220,2.120
stderr:

[2026-07-15T19:01:18.031371+00:00] b00080 /home/bob/src/mess/.maw/workspaces/bn-1zv6/spikes/pwritev_group/target/release/pwritev_group boundary-auto copy_contiguous process 2100 15 4
stdout:
variant,mode,target_bytes,physical_batches,writers,iterations,stop_reason,events,bytes,write_syscalls,short_writes,interrupted,max_iovecs,copied_bytes,barriers,cpu_ns,wall_ns,p50_ns,p95_ns,p99_ns,min_payload,max_payload,load1_before,load1_after
copy_contiguous,process,2100,15,4,31957,bytes,479355,67109700,31957,0,0,0,67109700,0,31506818,31734788,900,1050,1190,24,24,2.120,2.120
stderr:

[2026-07-15T19:01:19.059447+00:00] b00081 /home/bob/src/mess/.maw/workspaces/bn-1zv6/spikes/pwritev_group/target/release/pwritev_group boundary-auto k_pwrite process 2240 16 4
stdout:
variant,mode,target_bytes,physical_batches,writers,iterations,stop_reason,events,bytes,write_syscalls,short_writes,interrupted,max_iovecs,copied_bytes,barriers,cpu_ns,wall_ns,p50_ns,p95_ns,p99_ns,min_payload,max_payload,load1_before,load1_after
k_pwrite,process,2240,16,4,29960,bytes,479360,67110400,479360,0,0,0,0,0,348946736,351041169,11530,11870,17460,24,24,2.120,2.120
stderr:

[2026-07-15T19:01:20.083151+00:00] b00082 /home/bob/src/mess/.maw/workspaces/bn-1zv6/spikes/pwritev_group/target/release/pwritev_group boundary-auto pwritev_full_1m process 2240 16 4
stdout:
variant,mode,target_bytes,physical_batches,writers,iterations,stop_reason,events,bytes,write_syscalls,short_writes,interrupted,max_iovecs,copied_bytes,barriers,cpu_ns,wall_ns,p50_ns,p95_ns,p99_ns,min_payload,max_payload,load1_before,load1_after
pwritev_full_1m,process,2240,16,4,29960,bytes,479360,67110400,29960,0,0,16,0,0,46785732,47249886,1460,1860,1930,24,24,2.120,2.120
stderr:

[2026-07-15T19:01:21.111716+00:00] b00083 /home/bob/src/mess/.maw/workspaces/bn-1zv6/spikes/pwritev_group/target/release/pwritev_group boundary-auto pwritev_full_1m process 2240 16 4
stdout:
variant,mode,target_bytes,physical_batches,writers,iterations,stop_reason,events,bytes,write_syscalls,short_writes,interrupted,max_iovecs,copied_bytes,barriers,cpu_ns,wall_ns,p50_ns,p95_ns,p99_ns,min_payload,max_payload,load1_before,load1_after
pwritev_full_1m,process,2240,16,4,29960,bytes,479360,67110400,29960,0,0,16,0,0,46185682,46546697,1470,1490,1800,24,24,2.120,2.120
stderr:

[2026-07-15T19:01:22.135448+00:00] b00084 /home/bob/src/mess/.maw/workspaces/bn-1zv6/spikes/pwritev_group/target/release/pwritev_group boundary-auto k_pwrite process 2240 16 4
stdout:
variant,mode,target_bytes,physical_batches,writers,iterations,stop_reason,events,bytes,write_syscalls,short_writes,interrupted,max_iovecs,copied_bytes,barriers,cpu_ns,wall_ns,p50_ns,p95_ns,p99_ns,min_payload,max_payload,load1_before,load1_after
k_pwrite,process,2240,16,4,29960,bytes,479360,67110400,479360,0,0,0,0,0,348237927,351520989,11450,12840,17940,24,24,1.950,1.950
stderr:

[2026-07-15T19:01:23.163771+00:00] b00085 /home/bob/src/mess/.maw/workspaces/bn-1zv6/spikes/pwritev_group/target/release/pwritev_group boundary-auto copy_contiguous process 2240 16 4
stdout:
variant,mode,target_bytes,physical_batches,writers,iterations,stop_reason,events,bytes,write_syscalls,short_writes,interrupted,max_iovecs,copied_bytes,barriers,cpu_ns,wall_ns,p50_ns,p95_ns,p99_ns,min_payload,max_payload,load1_before,load1_after
copy_contiguous,process,2240,16,4,29960,bytes,479360,67110400,29960,0,0,0,67110400,0,29211647,29423849,900,920,1140,24,24,1.950,1.950
stderr:

[2026-07-15T19:01:24.187771+00:00] b00086 /home/bob/src/mess/.maw/workspaces/bn-1zv6/spikes/pwritev_group/target/release/pwritev_group boundary-auto k_pwrite process 2240 16 4
stdout:
variant,mode,target_bytes,physical_batches,writers,iterations,stop_reason,events,bytes,write_syscalls,short_writes,interrupted,max_iovecs,copied_bytes,barriers,cpu_ns,wall_ns,p50_ns,p95_ns,p99_ns,min_payload,max_payload,load1_before,load1_after
k_pwrite,process,2240,16,4,29960,bytes,479360,67110400,479360,0,0,0,0,0,347160447,350060960,11410,11840,19760,24,24,1.950,1.950
stderr:

[2026-07-15T19:01:25.210209+00:00] b00087 /home/bob/src/mess/.maw/workspaces/bn-1zv6/spikes/pwritev_group/target/release/pwritev_group boundary-auto k_pwrite process 2240 16 4
stdout:
variant,mode,target_bytes,physical_batches,writers,iterations,stop_reason,events,bytes,write_syscalls,short_writes,interrupted,max_iovecs,copied_bytes,barriers,cpu_ns,wall_ns,p50_ns,p95_ns,p99_ns,min_payload,max_payload,load1_before,load1_after
k_pwrite,process,2240,16,4,29960,bytes,479360,67110400,479360,0,0,0,0,0,349413037,352347028,11410,13430,19570,24,24,1.950,1.950
stderr:

[2026-07-15T19:01:26.240566+00:00] b00088 /home/bob/src/mess/.maw/workspaces/bn-1zv6/spikes/pwritev_group/target/release/pwritev_group boundary-auto copy_contiguous process 2240 16 4
stdout:
variant,mode,target_bytes,physical_batches,writers,iterations,stop_reason,events,bytes,write_syscalls,short_writes,interrupted,max_iovecs,copied_bytes,barriers,cpu_ns,wall_ns,p50_ns,p95_ns,p99_ns,min_payload,max_payload,load1_before,load1_after
copy_contiguous,process,2240,16,4,29960,bytes,479360,67110400,29960,0,0,0,67110400,0,29836058,30127419,910,1140,1270,24,24,1.950,1.950
stderr:

[2026-07-15T19:01:27.264577+00:00] b00089 /home/bob/src/mess/.maw/workspaces/bn-1zv6/spikes/pwritev_group/target/release/pwritev_group boundary-auto k_pwrite process 2380 17 4
stdout:
variant,mode,target_bytes,physical_batches,writers,iterations,stop_reason,events,bytes,write_syscalls,short_writes,interrupted,max_iovecs,copied_bytes,barriers,cpu_ns,wall_ns,p50_ns,p95_ns,p99_ns,min_payload,max_payload,load1_before,load1_after
k_pwrite,process,2380,17,4,28198,bytes,479366,67111240,479366,0,0,0,0,0,350652239,353592048,12100,14570,20360,24,24,1.800,1.800
stderr:

[2026-07-15T19:01:28.287172+00:00] b00090 /home/bob/src/mess/.maw/workspaces/bn-1zv6/spikes/pwritev_group/target/release/pwritev_group boundary-auto pwritev_full_1m process 2380 17 4
stdout:
variant,mode,target_bytes,physical_batches,writers,iterations,stop_reason,events,bytes,write_syscalls,short_writes,interrupted,max_iovecs,copied_bytes,barriers,cpu_ns,wall_ns,p50_ns,p95_ns,p99_ns,min_payload,max_payload,load1_before,load1_after
pwritev_full_1m,process,2380,17,4,28198,bytes,479366,67111240,28198,0,0,17,0,0,45046361,45543918,1510,1670,1890,24,24,1.800,1.800
stderr:

[2026-07-15T19:01:29.310173+00:00] b00091 /home/bob/src/mess/.maw/workspaces/bn-1zv6/spikes/pwritev_group/target/release/pwritev_group boundary-auto pwritev_full_1m process 2380 17 4
stdout:
variant,mode,target_bytes,physical_batches,writers,iterations,stop_reason,events,bytes,write_syscalls,short_writes,interrupted,max_iovecs,copied_bytes,barriers,cpu_ns,wall_ns,p50_ns,p95_ns,p99_ns,min_payload,max_payload,load1_before,load1_after
pwritev_full_1m,process,2380,17,4,28198,bytes,479366,67111240,28198,0,0,17,0,0,46576812,46983646,1510,1920,2120,24,24,1.800,1.800
stderr:

[2026-07-15T19:01:30.332745+00:00] b00092 /home/bob/src/mess/.maw/workspaces/bn-1zv6/spikes/pwritev_group/target/release/pwritev_group boundary-auto k_pwrite process 2380 17 4
stdout:
variant,mode,target_bytes,physical_batches,writers,iterations,stop_reason,events,bytes,write_syscalls,short_writes,interrupted,max_iovecs,copied_bytes,barriers,cpu_ns,wall_ns,p50_ns,p95_ns,p99_ns,min_payload,max_payload,load1_before,load1_after
k_pwrite,process,2380,17,4,28198,bytes,479366,67111240,479366,0,0,0,0,0,346623547,348697991,12110,13310,18170,24,24,1.800,1.800
stderr:

[2026-07-15T19:01:31.360360+00:00] b00093 /home/bob/src/mess/.maw/workspaces/bn-1zv6/spikes/pwritev_group/target/release/pwritev_group boundary-auto copy_contiguous process 2380 17 4
stdout:
variant,mode,target_bytes,physical_batches,writers,iterations,stop_reason,events,bytes,write_syscalls,short_writes,interrupted,max_iovecs,copied_bytes,barriers,cpu_ns,wall_ns,p50_ns,p95_ns,p99_ns,min_payload,max_payload,load1_before,load1_after
copy_contiguous,process,2380,17,4,28198,bytes,479366,67111240,28198,0,0,0,67111240,0,27577167,27744951,900,920,1150,24,24,1.800,1.800
stderr:

[2026-07-15T19:01:32.384550+00:00] b00094 /home/bob/src/mess/.maw/workspaces/bn-1zv6/spikes/pwritev_group/target/release/pwritev_group boundary-auto k_pwrite process 2380 17 4
stdout:
variant,mode,target_bytes,physical_batches,writers,iterations,stop_reason,events,bytes,write_syscalls,short_writes,interrupted,max_iovecs,copied_bytes,barriers,cpu_ns,wall_ns,p50_ns,p95_ns,p99_ns,min_payload,max_payload,load1_before,load1_after
k_pwrite,process,2380,17,4,28198,bytes,479366,67111240,479366,0,0,0,0,0,347362087,349794861,12180,12780,19210,24,24,1.650,1.650
stderr:

[2026-07-15T19:01:33.412863+00:00] b00095 /home/bob/src/mess/.maw/workspaces/bn-1zv6/spikes/pwritev_group/target/release/pwritev_group boundary-auto k_pwrite process 2380 17 4
stdout:
variant,mode,target_bytes,physical_batches,writers,iterations,stop_reason,events,bytes,write_syscalls,short_writes,interrupted,max_iovecs,copied_bytes,barriers,cpu_ns,wall_ns,p50_ns,p95_ns,p99_ns,min_payload,max_payload,load1_before,load1_after
k_pwrite,process,2380,17,4,28198,bytes,479366,67111240,479366,0,0,0,0,0,347354958,349885351,12150,13760,19800,24,24,1.650,1.650
stderr:

[2026-07-15T19:01:34.441268+00:00] b00096 /home/bob/src/mess/.maw/workspaces/bn-1zv6/spikes/pwritev_group/target/release/pwritev_group boundary-auto copy_contiguous process 2380 17 4
stdout:
variant,mode,target_bytes,physical_batches,writers,iterations,stop_reason,events,bytes,write_syscalls,short_writes,interrupted,max_iovecs,copied_bytes,barriers,cpu_ns,wall_ns,p50_ns,p95_ns,p99_ns,min_payload,max_payload,load1_before,load1_after
copy_contiguous,process,2380,17,4,28198,bytes,479366,67111240,28198,0,0,0,67111240,0,27568697,27786070,900,920,1140,24,24,1.650,1.650
stderr:

[2026-07-15T19:01:35.463217+00:00] b00097 /home/bob/src/mess/.maw/workspaces/bn-1zv6/spikes/pwritev_group/target/release/pwritev_group boundary-auto k_pwrite process 65535 64 4
stdout:
variant,mode,target_bytes,physical_batches,writers,iterations,stop_reason,events,bytes,write_syscalls,short_writes,interrupted,max_iovecs,copied_bytes,barriers,cpu_ns,wall_ns,p50_ns,p95_ns,p99_ns,min_payload,max_payload,load1_before,load1_after
k_pwrite,process,65535,64,4,1025,bytes,65600,67173375,65600,0,0,0,0,0,54774084,55286771,52830,61560,75200,907,908,1.650,1.650
stderr:

[2026-07-15T19:01:36.487606+00:00] b00098 /home/bob/src/mess/.maw/workspaces/bn-1zv6/spikes/pwritev_group/target/release/pwritev_group boundary-auto pwritev_full_1m process 65535 64 4
stdout:
variant,mode,target_bytes,physical_batches,writers,iterations,stop_reason,events,bytes,write_syscalls,short_writes,interrupted,max_iovecs,copied_bytes,barriers,cpu_ns,wall_ns,p50_ns,p95_ns,p99_ns,min_payload,max_payload,load1_before,load1_after
pwritev_full_1m,process,65535,64,4,1025,bytes,65600,67173375,1025,0,0,64,0,0,7151872,7242774,6570,8780,12230,907,908,1.650,1.650
stderr:

[2026-07-15T19:01:37.517029+00:00] b00099 /home/bob/src/mess/.maw/workspaces/bn-1zv6/spikes/pwritev_group/target/release/pwritev_group boundary-auto pwritev_full_1m process 65535 64 4
stdout:
variant,mode,target_bytes,physical_batches,writers,iterations,stop_reason,events,bytes,write_syscalls,short_writes,interrupted,max_iovecs,copied_bytes,barriers,cpu_ns,wall_ns,p50_ns,p95_ns,p99_ns,min_payload,max_payload,load1_before,load1_after
pwritev_full_1m,process,65535,64,4,1025,bytes,65600,67173375,1025,0,0,64,0,0,6997842,7059865,6540,7950,12400,907,908,1.520,1.520
stderr:

[2026-07-15T19:01:38.544886+00:00] b00100 /home/bob/src/mess/.maw/workspaces/bn-1zv6/spikes/pwritev_group/target/release/pwritev_group boundary-auto k_pwrite process 65535 64 4
stdout:
variant,mode,target_bytes,physical_batches,writers,iterations,stop_reason,events,bytes,write_syscalls,short_writes,interrupted,max_iovecs,copied_bytes,barriers,cpu_ns,wall_ns,p50_ns,p95_ns,p99_ns,min_payload,max_payload,load1_before,load1_after
k_pwrite,process,65535,64,4,1025,bytes,65600,67173375,65600,0,0,0,0,0,54345353,54694551,52600,59130,63060,907,908,1.520,1.520
stderr:

[2026-07-15T19:01:39.567391+00:00] b00101 /home/bob/src/mess/.maw/workspaces/bn-1zv6/spikes/pwritev_group/target/release/pwritev_group boundary-auto copy_contiguous process 65535 64 4
stdout:
variant,mode,target_bytes,physical_batches,writers,iterations,stop_reason,events,bytes,write_syscalls,short_writes,interrupted,max_iovecs,copied_bytes,barriers,cpu_ns,wall_ns,p50_ns,p95_ns,p99_ns,min_payload,max_payload,load1_before,load1_after
copy_contiguous,process,65535,64,4,1025,bytes,65600,67173375,1025,0,0,0,67173375,0,5767142,5805106,5360,6400,8580,907,908,1.520,1.520
stderr:

[2026-07-15T19:01:40.590528+00:00] b00102 /home/bob/src/mess/.maw/workspaces/bn-1zv6/spikes/pwritev_group/target/release/pwritev_group boundary-auto k_pwrite process 65535 64 4
stdout:
variant,mode,target_bytes,physical_batches,writers,iterations,stop_reason,events,bytes,write_syscalls,short_writes,interrupted,max_iovecs,copied_bytes,barriers,cpu_ns,wall_ns,p50_ns,p95_ns,p99_ns,min_payload,max_payload,load1_before,load1_after
k_pwrite,process,65535,64,4,1025,bytes,65600,67173375,65600,0,0,0,0,0,55821394,56375599,52820,67930,77880,907,908,1.520,1.520
stderr:

[2026-07-15T19:01:41.615094+00:00] b00103 /home/bob/src/mess/.maw/workspaces/bn-1zv6/spikes/pwritev_group/target/release/pwritev_group boundary-auto k_pwrite process 65535 64 4
stdout:
variant,mode,target_bytes,physical_batches,writers,iterations,stop_reason,events,bytes,write_syscalls,short_writes,interrupted,max_iovecs,copied_bytes,barriers,cpu_ns,wall_ns,p50_ns,p95_ns,p99_ns,min_payload,max_payload,load1_before,load1_after
k_pwrite,process,65535,64,4,1025,bytes,65600,67173375,65600,0,0,0,0,0,55366574,55757890,52820,64380,72280,907,908,1.520,1.520
stderr:

[2026-07-15T19:01:42.637925+00:00] b00104 /home/bob/src/mess/.maw/workspaces/bn-1zv6/spikes/pwritev_group/target/release/pwritev_group boundary-auto copy_contiguous process 65535 64 4
stdout:
variant,mode,target_bytes,physical_batches,writers,iterations,stop_reason,events,bytes,write_syscalls,short_writes,interrupted,max_iovecs,copied_bytes,barriers,cpu_ns,wall_ns,p50_ns,p95_ns,p99_ns,min_payload,max_payload,load1_before,load1_after
copy_contiguous,process,65535,64,4,1025,bytes,65600,67173375,1025,0,0,0,67173375,0,5387061,5428166,5120,5250,7600,907,908,1.880,1.880
stderr:

[2026-07-15T19:01:43.667468+00:00] b00105 /home/bob/src/mess/.maw/workspaces/bn-1zv6/spikes/pwritev_group/target/release/pwritev_group boundary-auto k_pwrite process 65536 64 4
stdout:
variant,mode,target_bytes,physical_batches,writers,iterations,stop_reason,events,bytes,write_syscalls,short_writes,interrupted,max_iovecs,copied_bytes,barriers,cpu_ns,wall_ns,p50_ns,p95_ns,p99_ns,min_payload,max_payload,load1_before,load1_after
k_pwrite,process,65536,64,4,1024,bytes,65536,67108864,65536,0,0,0,0,0,55740134,56155700,53080,65850,71870,908,908,1.880,1.880
stderr:

[2026-07-15T19:01:44.694914+00:00] b00106 /home/bob/src/mess/.maw/workspaces/bn-1zv6/spikes/pwritev_group/target/release/pwritev_group boundary-auto pwritev_full_1m process 65536 64 4
stdout:
variant,mode,target_bytes,physical_batches,writers,iterations,stop_reason,events,bytes,write_syscalls,short_writes,interrupted,max_iovecs,copied_bytes,barriers,cpu_ns,wall_ns,p50_ns,p95_ns,p99_ns,min_payload,max_payload,load1_before,load1_after
pwritev_full_1m,process,65536,64,4,1024,bytes,65536,67108864,1024,0,0,64,0,0,6920422,6974164,6570,7070,11730,908,908,1.880,1.880
stderr:

[2026-07-15T19:01:45.717884+00:00] b00107 /home/bob/src/mess/.maw/workspaces/bn-1zv6/spikes/pwritev_group/target/release/pwritev_group boundary-auto pwritev_full_1m process 65536 64 4
stdout:
variant,mode,target_bytes,physical_batches,writers,iterations,stop_reason,events,bytes,write_syscalls,short_writes,interrupted,max_iovecs,copied_bytes,barriers,cpu_ns,wall_ns,p50_ns,p95_ns,p99_ns,min_payload,max_payload,load1_before,load1_after
pwritev_full_1m,process,65536,64,4,1024,bytes,65536,67108864,1024,0,0,64,0,0,7595351,7667014,7180,8500,11460,908,908,1.880,1.880
stderr:

[2026-07-15T19:01:46.747429+00:00] b00108 /home/bob/src/mess/.maw/workspaces/bn-1zv6/spikes/pwritev_group/target/release/pwritev_group boundary-auto k_pwrite process 65536 64 4
stdout:
variant,mode,target_bytes,physical_batches,writers,iterations,stop_reason,events,bytes,write_syscalls,short_writes,interrupted,max_iovecs,copied_bytes,barriers,cpu_ns,wall_ns,p50_ns,p95_ns,p99_ns,min_payload,max_payload,load1_before,load1_after
k_pwrite,process,65536,64,4,1024,bytes,65536,67108864,65536,0,0,0,0,0,56054004,56490690,53080,67640,77060,908,908,1.880,1.880
stderr:

[2026-07-15T19:01:47.771377+00:00] b00109 /home/bob/src/mess/.maw/workspaces/bn-1zv6/spikes/pwritev_group/target/release/pwritev_group boundary-auto copy_contiguous process 65536 64 4
stdout:
variant,mode,target_bytes,physical_batches,writers,iterations,stop_reason,events,bytes,write_syscalls,short_writes,interrupted,max_iovecs,copied_bytes,barriers,cpu_ns,wall_ns,p50_ns,p95_ns,p99_ns,min_payload,max_payload,load1_before,load1_after
copy_contiguous,process,65536,64,4,1024,bytes,65536,67108864,1024,0,0,0,67108864,0,5876001,5921615,5529,6210,8740,908,908,1.810,1.810
stderr:

[2026-07-15T19:01:48.792138+00:00] b00110 /home/bob/src/mess/.maw/workspaces/bn-1zv6/spikes/pwritev_group/target/release/pwritev_group boundary-auto k_pwrite process 65536 64 4
stdout:
variant,mode,target_bytes,physical_batches,writers,iterations,stop_reason,events,bytes,write_syscalls,short_writes,interrupted,max_iovecs,copied_bytes,barriers,cpu_ns,wall_ns,p50_ns,p95_ns,p99_ns,min_payload,max_payload,load1_before,load1_after
k_pwrite,process,65536,64,4,1024,bytes,65536,67108864,65536,0,0,0,0,0,55312073,55687431,53289,61710,73410,908,908,1.810,1.810
stderr:

[2026-07-15T19:01:49.816349+00:00] b00111 /home/bob/src/mess/.maw/workspaces/bn-1zv6/spikes/pwritev_group/target/release/pwritev_group boundary-auto k_pwrite process 65536 64 4
stdout:
variant,mode,target_bytes,physical_batches,writers,iterations,stop_reason,events,bytes,write_syscalls,short_writes,interrupted,max_iovecs,copied_bytes,barriers,cpu_ns,wall_ns,p50_ns,p95_ns,p99_ns,min_payload,max_payload,load1_before,load1_after
k_pwrite,process,65536,64,4,1024,bytes,65536,67108864,65536,0,0,0,0,0,54521624,54969291,52550,60940,73430,908,908,1.810,1.810
stderr:

[2026-07-15T19:01:50.846452+00:00] b00112 /home/bob/src/mess/.maw/workspaces/bn-1zv6/spikes/pwritev_group/target/release/pwritev_group boundary-auto copy_contiguous process 65536 64 4
stdout:
variant,mode,target_bytes,physical_batches,writers,iterations,stop_reason,events,bytes,write_syscalls,short_writes,interrupted,max_iovecs,copied_bytes,barriers,cpu_ns,wall_ns,p50_ns,p95_ns,p99_ns,min_payload,max_payload,load1_before,load1_after
copy_contiguous,process,65536,64,4,1024,bytes,65536,67108864,1024,0,0,0,67108864,0,5488501,5541876,5100,5860,10590,908,908,1.810,1.810
stderr:

[2026-07-15T19:01:51.870217+00:00] b00113 /home/bob/src/mess/.maw/workspaces/bn-1zv6/spikes/pwritev_group/target/release/pwritev_group boundary-auto k_pwrite process 65537 64 4
stdout:
variant,mode,target_bytes,physical_batches,writers,iterations,stop_reason,events,bytes,write_syscalls,short_writes,interrupted,max_iovecs,copied_bytes,barriers,cpu_ns,wall_ns,p50_ns,p95_ns,p99_ns,min_payload,max_payload,load1_before,load1_after
k_pwrite,process,65537,64,4,1024,bytes,65536,67109888,65536,0,0,0,0,0,55998943,56398140,53900,63160,67420,908,909,1.810,1.810
stderr:

[2026-07-15T19:01:52.897322+00:00] b00114 /home/bob/src/mess/.maw/workspaces/bn-1zv6/spikes/pwritev_group/target/release/pwritev_group boundary-auto pwritev_full_1m process 65537 64 4
stdout:
variant,mode,target_bytes,physical_batches,writers,iterations,stop_reason,events,bytes,write_syscalls,short_writes,interrupted,max_iovecs,copied_bytes,barriers,cpu_ns,wall_ns,p50_ns,p95_ns,p99_ns,min_payload,max_payload,load1_before,load1_after
pwritev_full_1m,process,65537,64,4,1024,bytes,65536,67109888,1024,0,0,64,0,0,7052171,7118655,6610,7870,12100,908,909,1.740,1.740
stderr:

[2026-07-15T19:01:53.924242+00:00] b00115 /home/bob/src/mess/.maw/workspaces/bn-1zv6/spikes/pwritev_group/target/release/pwritev_group boundary-auto pwritev_full_1m process 65537 64 4
stdout:
variant,mode,target_bytes,physical_batches,writers,iterations,stop_reason,events,bytes,write_syscalls,short_writes,interrupted,max_iovecs,copied_bytes,barriers,cpu_ns,wall_ns,p50_ns,p95_ns,p99_ns,min_payload,max_payload,load1_before,load1_after
pwritev_full_1m,process,65537,64,4,1024,bytes,65536,67109888,1024,0,0,64,0,0,6874592,6911595,6590,6720,8780,908,909,1.740,1.740
stderr:

[2026-07-15T19:01:54.951530+00:00] b00116 /home/bob/src/mess/.maw/workspaces/bn-1zv6/spikes/pwritev_group/target/release/pwritev_group boundary-auto k_pwrite process 65537 64 4
stdout:
variant,mode,target_bytes,physical_batches,writers,iterations,stop_reason,events,bytes,write_syscalls,short_writes,interrupted,max_iovecs,copied_bytes,barriers,cpu_ns,wall_ns,p50_ns,p95_ns,p99_ns,min_payload,max_payload,load1_before,load1_after
k_pwrite,process,65537,64,4,1024,bytes,65536,67109888,65536,0,0,0,0,0,55746603,56143620,53090,67970,72080,908,909,1.740,1.740
stderr:

[2026-07-15T19:01:55.979927+00:00] b00117 /home/bob/src/mess/.maw/workspaces/bn-1zv6/spikes/pwritev_group/target/release/pwritev_group boundary-auto copy_contiguous process 65537 64 4
stdout:
variant,mode,target_bytes,physical_batches,writers,iterations,stop_reason,events,bytes,write_syscalls,short_writes,interrupted,max_iovecs,copied_bytes,barriers,cpu_ns,wall_ns,p50_ns,p95_ns,p99_ns,min_payload,max_payload,load1_before,load1_after
copy_contiguous,process,65537,64,4,1024,bytes,65536,67109888,1024,0,0,0,67109888,0,6191342,6247855,5380,8450,12970,908,909,1.740,1.740
stderr:

[2026-07-15T19:01:57.008443+00:00] b00118 /home/bob/src/mess/.maw/workspaces/bn-1zv6/spikes/pwritev_group/target/release/pwritev_group boundary-auto k_pwrite process 65537 64 4
stdout:
variant,mode,target_bytes,physical_batches,writers,iterations,stop_reason,events,bytes,write_syscalls,short_writes,interrupted,max_iovecs,copied_bytes,barriers,cpu_ns,wall_ns,p50_ns,p95_ns,p99_ns,min_payload,max_payload,load1_before,load1_after
k_pwrite,process,65537,64,4,1024,bytes,65536,67109888,65536,0,0,0,0,0,55251894,55692240,52830,64350,72880,908,909,1.740,2.000
stderr:

[2026-07-15T19:01:58.031898+00:00] b00119 /home/bob/src/mess/.maw/workspaces/bn-1zv6/spikes/pwritev_group/target/release/pwritev_group boundary-auto k_pwrite process 65537 64 4
stdout:
variant,mode,target_bytes,physical_batches,writers,iterations,stop_reason,events,bytes,write_syscalls,short_writes,interrupted,max_iovecs,copied_bytes,barriers,cpu_ns,wall_ns,p50_ns,p95_ns,p99_ns,min_payload,max_payload,load1_before,load1_after
k_pwrite,process,65537,64,4,1024,bytes,65536,67109888,65536,0,0,0,0,0,55454143,55900970,53080,66050,69950,908,909,2.000,2.000
stderr:

[2026-07-15T19:01:59.059704+00:00] b00120 /home/bob/src/mess/.maw/workspaces/bn-1zv6/spikes/pwritev_group/target/release/pwritev_group boundary-auto copy_contiguous process 65537 64 4
stdout:
variant,mode,target_bytes,physical_batches,writers,iterations,stop_reason,events,bytes,write_syscalls,short_writes,interrupted,max_iovecs,copied_bytes,barriers,cpu_ns,wall_ns,p50_ns,p95_ns,p99_ns,min_payload,max_payload,load1_before,load1_after
copy_contiguous,process,65537,64,4,1024,bytes,65536,67109888,1024,0,0,0,67109888,0,5565121,5611466,5200,6530,8280,908,909,2.000,2.000
stderr:

[2026-07-15T19:02:00.088321+00:00] b00121 /home/bob/src/mess/.maw/workspaces/bn-1zv6/spikes/pwritev_group/target/release/pwritev_group boundary-auto k_pwrite process 262143 256 4
stdout:
variant,mode,target_bytes,physical_batches,writers,iterations,stop_reason,events,bytes,write_syscalls,short_writes,interrupted,max_iovecs,copied_bytes,barriers,cpu_ns,wall_ns,p50_ns,p95_ns,p99_ns,min_payload,max_payload,load1_before,load1_after
k_pwrite,process,262143,256,4,257,bytes,65792,67370751,65792,0,0,0,0,0,58908465,59550878,226750,264860,283480,907,908,2.000,2.000
stderr:

[2026-07-15T19:02:01.111203+00:00] b00122 /home/bob/src/mess/.maw/workspaces/bn-1zv6/spikes/pwritev_group/target/release/pwritev_group boundary-auto pwritev_full_1m process 262143 256 4
stdout:
variant,mode,target_bytes,physical_batches,writers,iterations,stop_reason,events,bytes,write_syscalls,short_writes,interrupted,max_iovecs,copied_bytes,barriers,cpu_ns,wall_ns,p50_ns,p95_ns,p99_ns,min_payload,max_payload,load1_before,load1_after
pwritev_full_1m,process,262143,256,4,257,bytes,65792,67370751,257,0,0,256,0,0,8341192,8404234,31950,36860,42270,907,908,2.000,2.000
stderr:

[2026-07-15T19:02:02.140554+00:00] b00123 /home/bob/src/mess/.maw/workspaces/bn-1zv6/spikes/pwritev_group/target/release/pwritev_group boundary-auto pwritev_full_1m process 262143 256 4
stdout:
variant,mode,target_bytes,physical_batches,writers,iterations,stop_reason,events,bytes,write_syscalls,short_writes,interrupted,max_iovecs,copied_bytes,barriers,cpu_ns,wall_ns,p50_ns,p95_ns,p99_ns,min_payload,max_payload,load1_before,load1_after
pwritev_full_1m,process,262143,256,4,257,bytes,65792,67370751,257,0,0,256,0,0,8507722,8596364,31210,39270,45460,907,908,2.240,2.240
stderr:

[2026-07-15T19:02:03.169946+00:00] b00124 /home/bob/src/mess/.maw/workspaces/bn-1zv6/spikes/pwritev_group/target/release/pwritev_group boundary-auto k_pwrite process 262143 256 4
stdout:
variant,mode,target_bytes,physical_batches,writers,iterations,stop_reason,events,bytes,write_syscalls,short_writes,interrupted,max_iovecs,copied_bytes,barriers,cpu_ns,wall_ns,p50_ns,p95_ns,p99_ns,min_payload,max_payload,load1_before,load1_after
k_pwrite,process,262143,256,4,257,bytes,65792,67370751,65792,0,0,0,0,0,58834355,59290458,227520,256580,270240,907,908,2.240,2.240
stderr:

[2026-07-15T19:02:04.197036+00:00] b00125 /home/bob/src/mess/.maw/workspaces/bn-1zv6/spikes/pwritev_group/target/release/pwritev_group boundary-auto pwritev_64_1m process 262143 256 4
stdout:
variant,mode,target_bytes,physical_batches,writers,iterations,stop_reason,events,bytes,write_syscalls,short_writes,interrupted,max_iovecs,copied_bytes,barriers,cpu_ns,wall_ns,p50_ns,p95_ns,p99_ns,min_payload,max_payload,load1_before,load1_after
pwritev_64_1m,process,262143,256,4,257,bytes,65792,67370751,1028,0,0,64,0,0,10404113,10536722,39050,47580,63250,907,908,2.240,2.240
stderr:

[2026-07-15T19:02:05.228092+00:00] b00126 /home/bob/src/mess/.maw/workspaces/bn-1zv6/spikes/pwritev_group/target/release/pwritev_group boundary-auto k_pwrite process 262143 256 4
stdout:
variant,mode,target_bytes,physical_batches,writers,iterations,stop_reason,events,bytes,write_syscalls,short_writes,interrupted,max_iovecs,copied_bytes,barriers,cpu_ns,wall_ns,p50_ns,p95_ns,p99_ns,min_payload,max_payload,load1_before,load1_after
k_pwrite,process,262143,256,4,257,bytes,65792,67370751,65792,0,0,0,0,0,58765904,59275488,226160,255889,281250,907,908,2.240,2.240
stderr:

[2026-07-15T19:02:06.250565+00:00] b00127 /home/bob/src/mess/.maw/workspaces/bn-1zv6/spikes/pwritev_group/target/release/pwritev_group boundary-auto k_pwrite process 262143 256 4
stdout:
variant,mode,target_bytes,physical_batches,writers,iterations,stop_reason,events,bytes,write_syscalls,short_writes,interrupted,max_iovecs,copied_bytes,barriers,cpu_ns,wall_ns,p50_ns,p95_ns,p99_ns,min_payload,max_payload,load1_before,load1_after
k_pwrite,process,262143,256,4,257,bytes,65792,67370751,65792,0,0,0,0,0,57861295,58277198,224659,236160,246860,907,908,2.240,2.240
stderr:

[2026-07-15T19:02:07.280416+00:00] b00128 /home/bob/src/mess/.maw/workspaces/bn-1zv6/spikes/pwritev_group/target/release/pwritev_group boundary-auto pwritev_64_1m process 262143 256 4
stdout:
variant,mode,target_bytes,physical_batches,writers,iterations,stop_reason,events,bytes,write_syscalls,short_writes,interrupted,max_iovecs,copied_bytes,barriers,cpu_ns,wall_ns,p50_ns,p95_ns,p99_ns,min_payload,max_payload,load1_before,load1_after
pwritev_64_1m,process,262143,256,4,257,bytes,65792,67370751,1028,0,0,64,0,0,10286183,10385482,39080,45300,55250,907,908,2.060,2.060
stderr:

[2026-07-15T19:02:08.310248+00:00] b00129 /home/bob/src/mess/.maw/workspaces/bn-1zv6/spikes/pwritev_group/target/release/pwritev_group boundary-auto k_pwrite process 262143 256 4
stdout:
variant,mode,target_bytes,physical_batches,writers,iterations,stop_reason,events,bytes,write_syscalls,short_writes,interrupted,max_iovecs,copied_bytes,barriers,cpu_ns,wall_ns,p50_ns,p95_ns,p99_ns,min_payload,max_payload,load1_before,load1_after
k_pwrite,process,262143,256,4,257,bytes,65792,67370751,65792,0,0,0,0,0,58061165,58491389,225980,237220,241950,907,908,2.060,2.060
stderr:

[2026-07-15T19:02:09.337440+00:00] b00130 /home/bob/src/mess/.maw/workspaces/bn-1zv6/spikes/pwritev_group/target/release/pwritev_group boundary-auto copy_contiguous process 262143 256 4
stdout:
variant,mode,target_bytes,physical_batches,writers,iterations,stop_reason,events,bytes,write_syscalls,short_writes,interrupted,max_iovecs,copied_bytes,barriers,cpu_ns,wall_ns,p50_ns,p95_ns,p99_ns,min_payload,max_payload,load1_before,load1_after
copy_contiguous,process,262143,256,4,257,bytes,65792,67370751,257,0,0,0,67370751,0,10398613,10492803,38990,48310,56200,907,908,2.060,2.060
stderr:

[2026-07-15T19:02:10.360652+00:00] b00131 /home/bob/src/mess/.maw/workspaces/bn-1zv6/spikes/pwritev_group/target/release/pwritev_group boundary-auto copy_contiguous process 262143 256 4
stdout:
variant,mode,target_bytes,physical_batches,writers,iterations,stop_reason,events,bytes,write_syscalls,short_writes,interrupted,max_iovecs,copied_bytes,barriers,cpu_ns,wall_ns,p50_ns,p95_ns,p99_ns,min_payload,max_payload,load1_before,load1_after
copy_contiguous,process,262143,256,4,257,bytes,65792,67370751,257,0,0,0,67370751,0,10321693,10407152,39240,46610,57300,907,908,2.060,2.060
stderr:

[2026-07-15T19:02:11.390195+00:00] b00132 /home/bob/src/mess/.maw/workspaces/bn-1zv6/spikes/pwritev_group/target/release/pwritev_group boundary-auto k_pwrite process 262143 256 4
stdout:
variant,mode,target_bytes,physical_batches,writers,iterations,stop_reason,events,bytes,write_syscalls,short_writes,interrupted,max_iovecs,copied_bytes,barriers,cpu_ns,wall_ns,p50_ns,p95_ns,p99_ns,min_payload,max_payload,load1_before,load1_after
k_pwrite,process,262143,256,4,257,bytes,65792,67370751,65792,0,0,0,0,0,58362284,58895818,226140,245240,272459,907,908,2.060,2.060
stderr:

[2026-07-15T19:02:12.418782+00:00] b00133 /home/bob/src/mess/.maw/workspaces/bn-1zv6/spikes/pwritev_group/target/release/pwritev_group boundary-auto pwritev_full_1m process 262144 256 4
stdout:
variant,mode,target_bytes,physical_batches,writers,iterations,stop_reason,events,bytes,write_syscalls,short_writes,interrupted,max_iovecs,copied_bytes,barriers,cpu_ns,wall_ns,p50_ns,p95_ns,p99_ns,min_payload,max_payload,load1_before,load1_after
pwritev_full_1m,process,262144,256,4,256,bytes,65536,67108864,256,0,0,256,0,0,8371442,8441114,32080,38460,44910,908,908,1.900,1.900
stderr:

[2026-07-15T19:02:13.447158+00:00] b00134 /home/bob/src/mess/.maw/workspaces/bn-1zv6/spikes/pwritev_group/target/release/pwritev_group boundary-auto k_pwrite process 262144 256 4
stdout:
variant,mode,target_bytes,physical_batches,writers,iterations,stop_reason,events,bytes,write_syscalls,short_writes,interrupted,max_iovecs,copied_bytes,barriers,cpu_ns,wall_ns,p50_ns,p95_ns,p99_ns,min_payload,max_payload,load1_before,load1_after
k_pwrite,process,262144,256,4,256,bytes,65536,67108864,65536,0,0,0,0,0,57999383,58499478,226120,238720,257380,908,908,1.900,1.900
stderr:

[2026-07-15T19:02:14.474431+00:00] b00135 /home/bob/src/mess/.maw/workspaces/bn-1zv6/spikes/pwritev_group/target/release/pwritev_group boundary-auto k_pwrite process 262144 256 4
stdout:
variant,mode,target_bytes,physical_batches,writers,iterations,stop_reason,events,bytes,write_syscalls,short_writes,interrupted,max_iovecs,copied_bytes,barriers,cpu_ns,wall_ns,p50_ns,p95_ns,p99_ns,min_payload,max_payload,load1_before,load1_after
k_pwrite,process,262144,256,4,256,bytes,65536,67108864,65536,0,0,0,0,0,57954945,58455929,225330,242880,249760,908,908,1.900,1.900
stderr:

[2026-07-15T19:02:15.501915+00:00] b00136 /home/bob/src/mess/.maw/workspaces/bn-1zv6/spikes/pwritev_group/target/release/pwritev_group boundary-auto pwritev_full_1m process 262144 256 4
stdout:
variant,mode,target_bytes,physical_batches,writers,iterations,stop_reason,events,bytes,write_syscalls,short_writes,interrupted,max_iovecs,copied_bytes,barriers,cpu_ns,wall_ns,p50_ns,p95_ns,p99_ns,min_payload,max_payload,load1_before,load1_after
pwritev_full_1m,process,262144,256,4,256,bytes,65536,67108864,256,0,0,256,0,0,8581332,8664534,32350,39160,45470,908,908,1.900,1.900
stderr:

[2026-07-15T19:02:16.524725+00:00] b00137 /home/bob/src/mess/.maw/workspaces/bn-1zv6/spikes/pwritev_group/target/release/pwritev_group boundary-auto k_pwrite process 262144 256 4
stdout:
variant,mode,target_bytes,physical_batches,writers,iterations,stop_reason,events,bytes,write_syscalls,short_writes,interrupted,max_iovecs,copied_bytes,barriers,cpu_ns,wall_ns,p50_ns,p95_ns,p99_ns,min_payload,max_payload,load1_before,load1_after
k_pwrite,process,262144,256,4,256,bytes,65536,67108864,65536,0,0,0,0,0,58809334,59329558,227490,252599,282309,908,908,1.900,1.900
stderr:

[2026-07-15T19:02:17.553499+00:00] b00138 /home/bob/src/mess/.maw/workspaces/bn-1zv6/spikes/pwritev_group/target/release/pwritev_group boundary-auto pwritev_64_1m process 262144 256 4
stdout:
variant,mode,target_bytes,physical_batches,writers,iterations,stop_reason,events,bytes,write_syscalls,short_writes,interrupted,max_iovecs,copied_bytes,barriers,cpu_ns,wall_ns,p50_ns,p95_ns,p99_ns,min_payload,max_payload,load1_before,load1_after
pwritev_64_1m,process,262144,256,4,256,bytes,65536,67108864,1024,0,0,64,0,0,10235403,10342933,38970,48190,52720,908,908,1.750,1.750
stderr:

[2026-07-15T19:02:18.583662+00:00] b00139 /home/bob/src/mess/.maw/workspaces/bn-1zv6/spikes/pwritev_group/target/release/pwritev_group boundary-auto pwritev_64_1m process 262144 256 4
stdout:
variant,mode,target_bytes,physical_batches,writers,iterations,stop_reason,events,bytes,write_syscalls,short_writes,interrupted,max_iovecs,copied_bytes,barriers,cpu_ns,wall_ns,p50_ns,p95_ns,p99_ns,min_payload,max_payload,load1_before,load1_after
pwritev_64_1m,process,262144,256,4,256,bytes,65536,67108864,1024,0,0,64,0,0,9885802,9966363,38270,44130,49910,908,908,1.750,1.750
stderr:

[2026-07-15T19:02:19.613963+00:00] b00140 /home/bob/src/mess/.maw/workspaces/bn-1zv6/spikes/pwritev_group/target/release/pwritev_group boundary-auto k_pwrite process 262144 256 4
stdout:
variant,mode,target_bytes,physical_batches,writers,iterations,stop_reason,events,bytes,write_syscalls,short_writes,interrupted,max_iovecs,copied_bytes,barriers,cpu_ns,wall_ns,p50_ns,p95_ns,p99_ns,min_payload,max_payload,load1_before,load1_after
k_pwrite,process,262144,256,4,256,bytes,65536,67108864,65536,0,0,0,0,0,58085254,58511638,226650,237279,244120,908,908,1.750,1.750
stderr:

[2026-07-15T19:02:20.642748+00:00] b00141 /home/bob/src/mess/.maw/workspaces/bn-1zv6/spikes/pwritev_group/target/release/pwritev_group boundary-auto copy_contiguous process 262144 256 4
stdout:
variant,mode,target_bytes,physical_batches,writers,iterations,stop_reason,events,bytes,write_syscalls,short_writes,interrupted,max_iovecs,copied_bytes,barriers,cpu_ns,wall_ns,p50_ns,p95_ns,p99_ns,min_payload,max_payload,load1_before,load1_after
copy_contiguous,process,262144,256,4,256,bytes,65536,67108864,256,0,0,0,67108864,0,9996743,10084983,38020,45410,51200,908,908,1.750,1.750
stderr:

[2026-07-15T19:02:21.671199+00:00] b00142 /home/bob/src/mess/.maw/workspaces/bn-1zv6/spikes/pwritev_group/target/release/pwritev_group boundary-auto k_pwrite process 262144 256 4
stdout:
variant,mode,target_bytes,physical_batches,writers,iterations,stop_reason,events,bytes,write_syscalls,short_writes,interrupted,max_iovecs,copied_bytes,barriers,cpu_ns,wall_ns,p50_ns,p95_ns,p99_ns,min_payload,max_payload,load1_before,load1_after
k_pwrite,process,262144,256,4,256,bytes,65536,67108864,65536,0,0,0,0,0,58225835,58721118,226200,245430,265279,908,908,1.750,1.750
stderr:

[2026-07-15T19:02:22.703202+00:00] b00143 /home/bob/src/mess/.maw/workspaces/bn-1zv6/spikes/pwritev_group/target/release/pwritev_group boundary-auto k_pwrite process 262144 256 4
stdout:
variant,mode,target_bytes,physical_batches,writers,iterations,stop_reason,events,bytes,write_syscalls,short_writes,interrupted,max_iovecs,copied_bytes,barriers,cpu_ns,wall_ns,p50_ns,p95_ns,p99_ns,min_payload,max_payload,load1_before,load1_after
k_pwrite,process,262144,256,4,256,bytes,65536,67108864,65536,0,0,0,0,0,58251204,58722518,226590,250039,271349,908,908,1.610,1.610
stderr:

[2026-07-15T19:02:23.728875+00:00] b00144 /home/bob/src/mess/.maw/workspaces/bn-1zv6/spikes/pwritev_group/target/release/pwritev_group boundary-auto copy_contiguous process 262144 256 4
stdout:
variant,mode,target_bytes,physical_batches,writers,iterations,stop_reason,events,bytes,write_syscalls,short_writes,interrupted,max_iovecs,copied_bytes,barriers,cpu_ns,wall_ns,p50_ns,p95_ns,p99_ns,min_payload,max_payload,load1_before,load1_after
copy_contiguous,process,262144,256,4,256,bytes,65536,67108864,256,0,0,0,67108864,0,9995043,10094303,38440,45220,55200,908,908,1.610,1.610
stderr:

[2026-07-15T19:02:24.757389+00:00] b00145 /home/bob/src/mess/.maw/workspaces/bn-1zv6/spikes/pwritev_group/target/release/pwritev_group boundary-auto k_pwrite process 262145 256 4
stdout:
variant,mode,target_bytes,physical_batches,writers,iterations,stop_reason,events,bytes,write_syscalls,short_writes,interrupted,max_iovecs,copied_bytes,barriers,cpu_ns,wall_ns,p50_ns,p95_ns,p99_ns,min_payload,max_payload,load1_before,load1_after
k_pwrite,process,262145,256,4,256,bytes,65536,67109120,65536,0,0,0,0,0,58079724,58530848,225450,241800,268490,908,909,1.610,1.610
stderr:

[2026-07-15T19:02:25.786207+00:00] b00146 /home/bob/src/mess/.maw/workspaces/bn-1zv6/spikes/pwritev_group/target/release/pwritev_group boundary-auto pwritev_full_1m process 262145 256 4
stdout:
variant,mode,target_bytes,physical_batches,writers,iterations,stop_reason,events,bytes,write_syscalls,short_writes,interrupted,max_iovecs,copied_bytes,barriers,cpu_ns,wall_ns,p50_ns,p95_ns,p99_ns,min_payload,max_payload,load1_before,load1_after
pwritev_full_1m,process,262145,256,4,256,bytes,65536,67109120,256,0,0,256,0,0,8458122,8524484,32100,39540,43040,908,909,1.610,1.610
stderr:

[2026-07-15T19:02:26.815280+00:00] b00147 /home/bob/src/mess/.maw/workspaces/bn-1zv6/spikes/pwritev_group/target/release/pwritev_group boundary-auto pwritev_full_1m process 262145 256 4
stdout:
variant,mode,target_bytes,physical_batches,writers,iterations,stop_reason,events,bytes,write_syscalls,short_writes,interrupted,max_iovecs,copied_bytes,barriers,cpu_ns,wall_ns,p50_ns,p95_ns,p99_ns,min_payload,max_payload,load1_before,load1_after
pwritev_full_1m,process,262145,256,4,256,bytes,65536,67109120,256,0,0,256,0,0,8196202,8296974,31190,38120,49580,908,909,1.610,1.610
stderr:

[2026-07-15T19:02:27.838122+00:00] b00148 /home/bob/src/mess/.maw/workspaces/bn-1zv6/spikes/pwritev_group/target/release/pwritev_group boundary-auto k_pwrite process 262145 256 4
stdout:
variant,mode,target_bytes,physical_batches,writers,iterations,stop_reason,events,bytes,write_syscalls,short_writes,interrupted,max_iovecs,copied_bytes,barriers,cpu_ns,wall_ns,p50_ns,p95_ns,p99_ns,min_payload,max_payload,load1_before,load1_after
k_pwrite,process,262145,256,4,256,bytes,65536,67109120,65536,0,0,0,0,0,57710444,58074399,225980,235380,243799,908,909,1.480,1.480
stderr:

[2026-07-15T19:02:28.863163+00:00] b00149 /home/bob/src/mess/.maw/workspaces/bn-1zv6/spikes/pwritev_group/target/release/pwritev_group boundary-auto pwritev_64_1m process 262145 256 4
stdout:
variant,mode,target_bytes,physical_batches,writers,iterations,stop_reason,events,bytes,write_syscalls,short_writes,interrupted,max_iovecs,copied_bytes,barriers,cpu_ns,wall_ns,p50_ns,p95_ns,p99_ns,min_payload,max_payload,load1_before,load1_after
pwritev_64_1m,process,262145,256,4,256,bytes,65536,67109120,1024,0,0,64,0,0,10071153,10159813,38490,46540,56310,908,909,1.480,1.480
stderr:

[2026-07-15T19:02:29.885145+00:00] b00150 /home/bob/src/mess/.maw/workspaces/bn-1zv6/spikes/pwritev_group/target/release/pwritev_group boundary-auto k_pwrite process 262145 256 4
stdout:
variant,mode,target_bytes,physical_batches,writers,iterations,stop_reason,events,bytes,write_syscalls,short_writes,interrupted,max_iovecs,copied_bytes,barriers,cpu_ns,wall_ns,p50_ns,p95_ns,p99_ns,min_payload,max_payload,load1_before,load1_after
k_pwrite,process,262145,256,4,256,bytes,65536,67109120,65536,0,0,0,0,0,57944034,58375219,225620,240880,269920,908,909,1.480,1.480
stderr:

[2026-07-15T19:02:30.915495+00:00] b00151 /home/bob/src/mess/.maw/workspaces/bn-1zv6/spikes/pwritev_group/target/release/pwritev_group boundary-auto k_pwrite process 262145 256 4
stdout:
variant,mode,target_bytes,physical_batches,writers,iterations,stop_reason,events,bytes,write_syscalls,short_writes,interrupted,max_iovecs,copied_bytes,barriers,cpu_ns,wall_ns,p50_ns,p95_ns,p99_ns,min_payload,max_payload,load1_before,load1_after
k_pwrite,process,262145,256,4,256,bytes,65536,67109120,65536,0,0,0,0,0,58178435,58666408,226439,242880,282240,908,909,1.480,1.480
stderr:

[2026-07-15T19:02:31.946435+00:00] b00152 /home/bob/src/mess/.maw/workspaces/bn-1zv6/spikes/pwritev_group/target/release/pwritev_group boundary-auto pwritev_64_1m process 262145 256 4
stdout:
variant,mode,target_bytes,physical_batches,writers,iterations,stop_reason,events,bytes,write_syscalls,short_writes,interrupted,max_iovecs,copied_bytes,barriers,cpu_ns,wall_ns,p50_ns,p95_ns,p99_ns,min_payload,max_payload,load1_before,load1_after
pwritev_64_1m,process,262145,256,4,256,bytes,65536,67109120,1024,0,0,64,0,0,10285183,10365203,39160,45940,51150,908,909,1.480,1.480
stderr:

[2026-07-15T19:02:32.967835+00:00] b00153 /home/bob/src/mess/.maw/workspaces/bn-1zv6/spikes/pwritev_group/target/release/pwritev_group boundary-auto k_pwrite process 262145 256 4
stdout:
variant,mode,target_bytes,physical_batches,writers,iterations,stop_reason,events,bytes,write_syscalls,short_writes,interrupted,max_iovecs,copied_bytes,barriers,cpu_ns,wall_ns,p50_ns,p95_ns,p99_ns,min_payload,max_payload,load1_before,load1_after
k_pwrite,process,262145,256,4,256,bytes,65536,67109120,65536,0,0,0,0,0,59220745,59739917,227419,268949,286510,908,909,1.520,1.520
stderr:

[2026-07-15T19:02:33.995749+00:00] b00154 /home/bob/src/mess/.maw/workspaces/bn-1zv6/spikes/pwritev_group/target/release/pwritev_group boundary-auto copy_contiguous process 262145 256 4
stdout:
variant,mode,target_bytes,physical_batches,writers,iterations,stop_reason,events,bytes,write_syscalls,short_writes,interrupted,max_iovecs,copied_bytes,barriers,cpu_ns,wall_ns,p50_ns,p95_ns,p99_ns,min_payload,max_payload,load1_before,load1_after
copy_contiguous,process,262145,256,4,256,bytes,65536,67109120,256,0,0,0,67109120,0,9766913,9833283,37840,42980,46990,908,909,1.520,1.520
stderr:

[2026-07-15T19:02:35.024145+00:00] b00155 /home/bob/src/mess/.maw/workspaces/bn-1zv6/spikes/pwritev_group/target/release/pwritev_group boundary-auto copy_contiguous process 262145 256 4
stdout:
variant,mode,target_bytes,physical_batches,writers,iterations,stop_reason,events,bytes,write_syscalls,short_writes,interrupted,max_iovecs,copied_bytes,barriers,cpu_ns,wall_ns,p50_ns,p95_ns,p99_ns,min_payload,max_payload,load1_before,load1_after
copy_contiguous,process,262145,256,4,256,bytes,65536,67109120,256,0,0,0,67109120,0,9634992,9688713,37360,42350,44550,908,909,1.520,1.520
stderr:

[2026-07-15T19:02:36.054183+00:00] b00156 /home/bob/src/mess/.maw/workspaces/bn-1zv6/spikes/pwritev_group/target/release/pwritev_group boundary-auto k_pwrite process 262145 256 4
stdout:
variant,mode,target_bytes,physical_batches,writers,iterations,stop_reason,events,bytes,write_syscalls,short_writes,interrupted,max_iovecs,copied_bytes,barriers,cpu_ns,wall_ns,p50_ns,p95_ns,p99_ns,min_payload,max_payload,load1_before,load1_after
k_pwrite,process,262145,256,4,256,bytes,65536,67109120,65536,0,0,0,0,0,58651315,59183548,227180,249959,272750,908,909,1.520,1.520
stderr:

[2026-07-15T19:02:37.083180+00:00] b00157 /home/bob/src/mess/.maw/workspaces/bn-1zv6/spikes/pwritev_group/target/release/pwritev_group boundary-auto pwritev_full_1m process 1048575 256 4
stdout:
variant,mode,target_bytes,physical_batches,writers,iterations,stop_reason,events,bytes,write_syscalls,short_writes,interrupted,max_iovecs,copied_bytes,barriers,cpu_ns,wall_ns,p50_ns,p95_ns,p99_ns,min_payload,max_payload,load1_before,load1_after
pwritev_full_1m,process,1048575,256,4,65,bytes,16640,68157375,65,0,0,256,0,0,5678221,5728336,83650,102750,103490,3979,3980,1.560,1.560
stderr:

[2026-07-15T19:02:38.104730+00:00] b00158 /home/bob/src/mess/.maw/workspaces/bn-1zv6/spikes/pwritev_group/target/release/pwritev_group boundary-auto k_pwrite process 1048575 256 4
stdout:
variant,mode,target_bytes,physical_batches,writers,iterations,stop_reason,events,bytes,write_syscalls,short_writes,interrupted,max_iovecs,copied_bytes,barriers,cpu_ns,wall_ns,p50_ns,p95_ns,p99_ns,min_payload,max_payload,load1_before,load1_after
k_pwrite,process,1048575,256,4,65,bytes,16640,68157375,16640,0,0,0,0,0,22398096,22591104,344360,369250,373769,3979,3980,1.560,1.560
stderr:

[2026-07-15T19:02:39.132351+00:00] b00159 /home/bob/src/mess/.maw/workspaces/bn-1zv6/spikes/pwritev_group/target/release/pwritev_group boundary-auto k_pwrite process 1048575 256 4
stdout:
variant,mode,target_bytes,physical_batches,writers,iterations,stop_reason,events,bytes,write_syscalls,short_writes,interrupted,max_iovecs,copied_bytes,barriers,cpu_ns,wall_ns,p50_ns,p95_ns,p99_ns,min_payload,max_payload,load1_before,load1_after
k_pwrite,process,1048575,256,4,65,bytes,16640,68157375,16640,0,0,0,0,0,22335205,22485844,344360,358860,362529,3979,3980,1.560,1.560
stderr:

[2026-07-15T19:02:40.166091+00:00] b00160 /home/bob/src/mess/.maw/workspaces/bn-1zv6/spikes/pwritev_group/target/release/pwritev_group boundary-auto pwritev_full_1m process 1048575 256 4
stdout:
variant,mode,target_bytes,physical_batches,writers,iterations,stop_reason,events,bytes,write_syscalls,short_writes,interrupted,max_iovecs,copied_bytes,barriers,cpu_ns,wall_ns,p50_ns,p95_ns,p99_ns,min_payload,max_payload,load1_before,load1_after
pwritev_full_1m,process,1048575,256,4,65,bytes,16640,68157375,65,0,0,256,0,0,5623392,5652886,81440,101540,103230,3979,3980,1.560,1.560
stderr:

[2026-07-15T19:02:41.194719+00:00] b00161 /home/bob/src/mess/.maw/workspaces/bn-1zv6/spikes/pwritev_group/target/release/pwritev_group boundary-auto k_pwrite process 1048575 256 4
stdout:
variant,mode,target_bytes,physical_batches,writers,iterations,stop_reason,events,bytes,write_syscalls,short_writes,interrupted,max_iovecs,copied_bytes,barriers,cpu_ns,wall_ns,p50_ns,p95_ns,p99_ns,min_payload,max_payload,load1_before,load1_after
k_pwrite,process,1048575,256,4,65,bytes,16640,68157375,16640,0,0,0,0,0,22427145,22585443,344650,360250,402960,3979,3980,1.560,1.560
stderr:

[2026-07-15T19:02:42.217127+00:00] b00162 /home/bob/src/mess/.maw/workspaces/bn-1zv6/spikes/pwritev_group/target/release/pwritev_group boundary-auto pwritev_64_1m process 1048575 256 4
stdout:
variant,mode,target_bytes,physical_batches,writers,iterations,stop_reason,events,bytes,write_syscalls,short_writes,interrupted,max_iovecs,copied_bytes,barriers,cpu_ns,wall_ns,p50_ns,p95_ns,p99_ns,min_payload,max_payload,load1_before,load1_after
pwritev_64_1m,process,1048575,256,4,65,bytes,16640,68157375,260,0,0,64,0,0,6139861,6176866,92760,107270,108630,3979,3980,1.590,1.590
stderr:

[2026-07-15T19:02:43.247109+00:00] b00163 /home/bob/src/mess/.maw/workspaces/bn-1zv6/spikes/pwritev_group/target/release/pwritev_group boundary-auto pwritev_64_1m process 1048575 256 4
stdout:
variant,mode,target_bytes,physical_batches,writers,iterations,stop_reason,events,bytes,write_syscalls,short_writes,interrupted,max_iovecs,copied_bytes,barriers,cpu_ns,wall_ns,p50_ns,p95_ns,p99_ns,min_payload,max_payload,load1_before,load1_after
pwritev_64_1m,process,1048575,256,4,65,bytes,16640,68157375,260,0,0,64,0,0,6320772,6386026,92130,122890,161040,3979,3980,1.590,1.590
stderr:

[2026-07-15T19:02:44.276476+00:00] b00164 /home/bob/src/mess/.maw/workspaces/bn-1zv6/spikes/pwritev_group/target/release/pwritev_group boundary-auto k_pwrite process 1048575 256 4
stdout:
variant,mode,target_bytes,physical_batches,writers,iterations,stop_reason,events,bytes,write_syscalls,short_writes,interrupted,max_iovecs,copied_bytes,barriers,cpu_ns,wall_ns,p50_ns,p95_ns,p99_ns,min_payload,max_payload,load1_before,load1_after
k_pwrite,process,1048575,256,4,65,bytes,16640,68157375,16640,0,0,0,0,0,23361176,23547154,347280,433889,443130,3979,3980,1.590,1.590
stderr:

[2026-07-15T19:02:45.304559+00:00] b00165 /home/bob/src/mess/.maw/workspaces/bn-1zv6/spikes/pwritev_group/target/release/pwritev_group boundary-auto copy_contiguous process 1048575 256 4
stdout:
variant,mode,target_bytes,physical_batches,writers,iterations,stop_reason,events,bytes,write_syscalls,short_writes,interrupted,max_iovecs,copied_bytes,barriers,cpu_ns,wall_ns,p50_ns,p95_ns,p99_ns,min_payload,max_payload,load1_before,load1_after
copy_contiguous,process,1048575,256,4,65,bytes,16640,68157375,65,0,0,0,68157375,0,10186362,10258923,155490,162619,186940,3979,3980,1.590,1.590
stderr:

[2026-07-15T19:02:46.332966+00:00] b00166 /home/bob/src/mess/.maw/workspaces/bn-1zv6/spikes/pwritev_group/target/release/pwritev_group boundary-auto k_pwrite process 1048575 256 4
stdout:
variant,mode,target_bytes,physical_batches,writers,iterations,stop_reason,events,bytes,write_syscalls,short_writes,interrupted,max_iovecs,copied_bytes,barriers,cpu_ns,wall_ns,p50_ns,p95_ns,p99_ns,min_payload,max_payload,load1_before,load1_after
k_pwrite,process,1048575,256,4,65,bytes,16640,68157375,16640,0,0,0,0,0,22721965,22894743,347109,408680,426569,3979,3980,1.590,1.590
stderr:

[2026-07-15T19:02:47.361540+00:00] b00167 /home/bob/src/mess/.maw/workspaces/bn-1zv6/spikes/pwritev_group/target/release/pwritev_group boundary-auto k_pwrite process 1048575 256 4
stdout:
variant,mode,target_bytes,physical_batches,writers,iterations,stop_reason,events,bytes,write_syscalls,short_writes,interrupted,max_iovecs,copied_bytes,barriers,cpu_ns,wall_ns,p50_ns,p95_ns,p99_ns,min_payload,max_payload,load1_before,load1_after
k_pwrite,process,1048575,256,4,65,bytes,16640,68157375,16640,0,0,0,0,0,22654156,22819284,345869,418260,426140,3979,3980,1.550,1.550
stderr:

[2026-07-15T19:02:48.388947+00:00] b00168 /home/bob/src/mess/.maw/workspaces/bn-1zv6/spikes/pwritev_group/target/release/pwritev_group boundary-auto copy_contiguous process 1048575 256 4
stdout:
variant,mode,target_bytes,physical_batches,writers,iterations,stop_reason,events,bytes,write_syscalls,short_writes,interrupted,max_iovecs,copied_bytes,barriers,cpu_ns,wall_ns,p50_ns,p95_ns,p99_ns,min_payload,max_payload,load1_before,load1_after
copy_contiguous,process,1048575,256,4,65,bytes,16640,68157375,65,0,0,0,68157375,0,10228642,10288203,155120,165920,204820,3979,3980,1.550,1.550
stderr:

[2026-07-15T19:02:49.418639+00:00] b00169 /home/bob/src/mess/.maw/workspaces/bn-1zv6/spikes/pwritev_group/target/release/pwritev_group boundary-auto k_pwrite process 1048576 256 4
stdout:
variant,mode,target_bytes,physical_batches,writers,iterations,stop_reason,events,bytes,write_syscalls,short_writes,interrupted,max_iovecs,copied_bytes,barriers,cpu_ns,wall_ns,p50_ns,p95_ns,p99_ns,min_payload,max_payload,load1_before,load1_after
k_pwrite,process,1048576,256,4,64,bytes,16384,67108864,16384,0,0,0,0,0,22143355,22317594,342010,385200,452150,3980,3980,1.550,1.550
stderr:

[2026-07-15T19:02:50.448162+00:00] b00170 /home/bob/src/mess/.maw/workspaces/bn-1zv6/spikes/pwritev_group/target/release/pwritev_group boundary-auto pwritev_full_1m process 1048576 256 4
stdout:
variant,mode,target_bytes,physical_batches,writers,iterations,stop_reason,events,bytes,write_syscalls,short_writes,interrupted,max_iovecs,copied_bytes,barriers,cpu_ns,wall_ns,p50_ns,p95_ns,p99_ns,min_payload,max_payload,load1_before,load1_after
pwritev_full_1m,process,1048576,256,4,64,bytes,16384,67108864,64,0,0,256,0,0,5295101,5340816,80300,92609,146860,3980,3980,1.550,1.550
stderr:

[2026-07-15T19:02:51.475574+00:00] b00171 /home/bob/src/mess/.maw/workspaces/bn-1zv6/spikes/pwritev_group/target/release/pwritev_group boundary-auto pwritev_full_1m process 1048576 256 4
stdout:
variant,mode,target_bytes,physical_batches,writers,iterations,stop_reason,events,bytes,write_syscalls,short_writes,interrupted,max_iovecs,copied_bytes,barriers,cpu_ns,wall_ns,p50_ns,p95_ns,p99_ns,min_payload,max_payload,load1_before,load1_after
pwritev_full_1m,process,1048576,256,4,64,bytes,16384,67108864,64,0,0,256,0,0,5160691,5193867,80220,87420,99130,3980,3980,1.550,1.550
stderr:

[2026-07-15T19:02:52.515290+00:00] b00172 /home/bob/src/mess/.maw/workspaces/bn-1zv6/spikes/pwritev_group/target/release/pwritev_group boundary-auto k_pwrite process 1048576 256 4
stdout:
variant,mode,target_bytes,physical_batches,writers,iterations,stop_reason,events,bytes,write_syscalls,short_writes,interrupted,max_iovecs,copied_bytes,barriers,cpu_ns,wall_ns,p50_ns,p95_ns,p99_ns,min_payload,max_payload,load1_before,load1_after
k_pwrite,process,1048576,256,4,64,bytes,16384,67108864,16384,0,0,0,0,0,21832336,22002534,342810,356580,358980,3980,3980,1.420,1.420
stderr:

[2026-07-15T19:02:53.541839+00:00] b00173 /home/bob/src/mess/.maw/workspaces/bn-1zv6/spikes/pwritev_group/target/release/pwritev_group boundary-auto pwritev_64_1m process 1048576 256 4
stdout:
variant,mode,target_bytes,physical_batches,writers,iterations,stop_reason,events,bytes,write_syscalls,short_writes,interrupted,max_iovecs,copied_bytes,barriers,cpu_ns,wall_ns,p50_ns,p95_ns,p99_ns,min_payload,max_payload,load1_before,load1_after
pwritev_64_1m,process,1048576,256,4,64,bytes,16384,67108864,256,0,0,64,0,0,6111301,6168356,90930,115800,117830,3980,3980,1.420,1.420
stderr:

[2026-07-15T19:02:54.571493+00:00] b00174 /home/bob/src/mess/.maw/workspaces/bn-1zv6/spikes/pwritev_group/target/release/pwritev_group boundary-auto k_pwrite process 1048576 256 4
stdout:
variant,mode,target_bytes,physical_batches,writers,iterations,stop_reason,events,bytes,write_syscalls,short_writes,interrupted,max_iovecs,copied_bytes,barriers,cpu_ns,wall_ns,p50_ns,p95_ns,p99_ns,min_payload,max_payload,load1_before,load1_after
k_pwrite,process,1048576,256,4,64,bytes,16384,67108864,16384,0,0,0,0,0,22753475,22951604,346429,428850,447329,3980,3980,1.420,1.420
stderr:

[2026-07-15T19:02:55.597425+00:00] b00175 /home/bob/src/mess/.maw/workspaces/bn-1zv6/spikes/pwritev_group/target/release/pwritev_group boundary-auto k_pwrite process 1048576 256 4
stdout:
variant,mode,target_bytes,physical_batches,writers,iterations,stop_reason,events,bytes,write_syscalls,short_writes,interrupted,max_iovecs,copied_bytes,barriers,cpu_ns,wall_ns,p50_ns,p95_ns,p99_ns,min_payload,max_payload,load1_before,load1_after
k_pwrite,process,1048576,256,4,64,bytes,16384,67108864,16384,0,0,0,0,0,21980815,22147434,343650,357650,360270,3980,3980,1.420,1.420
stderr:

[2026-07-15T19:02:56.626202+00:00] b00176 /home/bob/src/mess/.maw/workspaces/bn-1zv6/spikes/pwritev_group/target/release/pwritev_group boundary-auto pwritev_64_1m process 1048576 256 4
stdout:
variant,mode,target_bytes,physical_batches,writers,iterations,stop_reason,events,bytes,write_syscalls,short_writes,interrupted,max_iovecs,copied_bytes,barriers,cpu_ns,wall_ns,p50_ns,p95_ns,p99_ns,min_payload,max_payload,load1_before,load1_after
pwritev_64_1m,process,1048576,256,4,64,bytes,16384,67108864,256,0,0,64,0,0,5919052,5959186,91320,102390,102870,3980,3980,1.420,1.420
stderr:

[2026-07-15T19:02:57.649370+00:00] b00177 /home/bob/src/mess/.maw/workspaces/bn-1zv6/spikes/pwritev_group/target/release/pwritev_group boundary-auto k_pwrite process 1048576 256 4
stdout:
variant,mode,target_bytes,physical_batches,writers,iterations,stop_reason,events,bytes,write_syscalls,short_writes,interrupted,max_iovecs,copied_bytes,barriers,cpu_ns,wall_ns,p50_ns,p95_ns,p99_ns,min_payload,max_payload,load1_before,load1_after
k_pwrite,process,1048576,256,4,64,bytes,16384,67108864,16384,0,0,0,0,0,22257345,22461544,346779,413640,421180,3980,3980,1.310,1.310
stderr:

[2026-07-15T19:02:58.677575+00:00] b00178 /home/bob/src/mess/.maw/workspaces/bn-1zv6/spikes/pwritev_group/target/release/pwritev_group boundary-auto copy_contiguous process 1048576 256 4
stdout:
variant,mode,target_bytes,physical_batches,writers,iterations,stop_reason,events,bytes,write_syscalls,short_writes,interrupted,max_iovecs,copied_bytes,barriers,cpu_ns,wall_ns,p50_ns,p95_ns,p99_ns,min_payload,max_payload,load1_before,load1_after
copy_contiguous,process,1048576,256,4,64,bytes,16384,67108864,64,0,0,0,67108864,0,9936152,10022933,154870,167860,171290,3980,3980,1.310,1.310
stderr:

[2026-07-15T19:02:59.703719+00:00] b00179 /home/bob/src/mess/.maw/workspaces/bn-1zv6/spikes/pwritev_group/target/release/pwritev_group boundary-auto copy_contiguous process 1048576 256 4
stdout:
variant,mode,target_bytes,physical_batches,writers,iterations,stop_reason,events,bytes,write_syscalls,short_writes,interrupted,max_iovecs,copied_bytes,barriers,cpu_ns,wall_ns,p50_ns,p95_ns,p99_ns,min_payload,max_payload,load1_before,load1_after
copy_contiguous,process,1048576,256,4,64,bytes,16384,67108864,64,0,0,0,67108864,0,9983473,10063563,154560,165509,170490,3980,3980,1.310,1.310
stderr:

[2026-07-15T19:03:00.730160+00:00] b00180 /home/bob/src/mess/.maw/workspaces/bn-1zv6/spikes/pwritev_group/target/release/pwritev_group boundary-auto k_pwrite process 1048576 256 4
stdout:
variant,mode,target_bytes,physical_batches,writers,iterations,stop_reason,events,bytes,write_syscalls,short_writes,interrupted,max_iovecs,copied_bytes,barriers,cpu_ns,wall_ns,p50_ns,p95_ns,p99_ns,min_payload,max_payload,load1_before,load1_after
k_pwrite,process,1048576,256,4,64,bytes,16384,67108864,16384,0,0,0,0,0,22580815,23329864,349630,421620,475920,3980,3980,1.310,1.310
stderr:

[2026-07-15T19:03:01.758667+00:00] b00181 /home/bob/src/mess/.maw/workspaces/bn-1zv6/spikes/pwritev_group/target/release/pwritev_group boundary-auto pwritev_full_1m process 1048577 256 4
stdout:
variant,mode,target_bytes,physical_batches,writers,iterations,stop_reason,events,bytes,write_syscalls,short_writes,interrupted,max_iovecs,copied_bytes,barriers,cpu_ns,wall_ns,p50_ns,p95_ns,p99_ns,min_payload,max_payload,load1_before,load1_after
pwritev_full_1m,process,1048577,256,4,64,bytes,16384,67108928,128,0,0,256,0,0,5160662,5193426,79640,90870,98040,3980,3981,1.310,1.310
stderr:

[2026-07-15T19:03:02.787739+00:00] b00182 /home/bob/src/mess/.maw/workspaces/bn-1zv6/spikes/pwritev_group/target/release/pwritev_group boundary-auto k_pwrite process 1048577 256 4
stdout:
variant,mode,target_bytes,physical_batches,writers,iterations,stop_reason,events,bytes,write_syscalls,short_writes,interrupted,max_iovecs,copied_bytes,barriers,cpu_ns,wall_ns,p50_ns,p95_ns,p99_ns,min_payload,max_payload,load1_before,load1_after
k_pwrite,process,1048577,256,4,64,bytes,16384,67108928,16384,0,0,0,0,0,22277385,22607024,345790,412360,424400,3980,3981,1.200,1.200
stderr:

[2026-07-15T19:03:03.816635+00:00] b00183 /home/bob/src/mess/.maw/workspaces/bn-1zv6/spikes/pwritev_group/target/release/pwritev_group boundary-auto k_pwrite process 1048577 256 4
stdout:
variant,mode,target_bytes,physical_batches,writers,iterations,stop_reason,events,bytes,write_syscalls,short_writes,interrupted,max_iovecs,copied_bytes,barriers,cpu_ns,wall_ns,p50_ns,p95_ns,p99_ns,min_payload,max_payload,load1_before,load1_after
k_pwrite,process,1048577,256,4,64,bytes,16384,67108928,16384,0,0,0,0,0,22744176,22927734,346499,439040,443420,3980,3981,1.200,1.200
stderr:

[2026-07-15T19:03:04.845028+00:00] b00184 /home/bob/src/mess/.maw/workspaces/bn-1zv6/spikes/pwritev_group/target/release/pwritev_group boundary-auto pwritev_full_1m process 1048577 256 4
stdout:
variant,mode,target_bytes,physical_batches,writers,iterations,stop_reason,events,bytes,write_syscalls,short_writes,interrupted,max_iovecs,copied_bytes,barriers,cpu_ns,wall_ns,p50_ns,p95_ns,p99_ns,min_payload,max_payload,load1_before,load1_after
pwritev_full_1m,process,1048577,256,4,64,bytes,16384,67108928,128,0,0,256,0,0,5315221,5352386,81220,94930,98840,3980,3981,1.200,1.200
stderr:

[2026-07-15T19:03:05.873086+00:00] b00185 /home/bob/src/mess/.maw/workspaces/bn-1zv6/spikes/pwritev_group/target/release/pwritev_group boundary-auto k_pwrite process 1048577 256 4
stdout:
variant,mode,target_bytes,physical_batches,writers,iterations,stop_reason,events,bytes,write_syscalls,short_writes,interrupted,max_iovecs,copied_bytes,barriers,cpu_ns,wall_ns,p50_ns,p95_ns,p99_ns,min_payload,max_payload,load1_before,load1_after
k_pwrite,process,1048577,256,4,64,bytes,16384,67108928,16384,0,0,0,0,0,22345624,22550434,346769,397950,424389,3980,3981,1.200,1.200
stderr:

[2026-07-15T19:03:06.901205+00:00] b00186 /home/bob/src/mess/.maw/workspaces/bn-1zv6/spikes/pwritev_group/target/release/pwritev_group boundary-auto pwritev_full_4m process 1048577 256 4
stdout:
variant,mode,target_bytes,physical_batches,writers,iterations,stop_reason,events,bytes,write_syscalls,short_writes,interrupted,max_iovecs,copied_bytes,barriers,cpu_ns,wall_ns,p50_ns,p95_ns,p99_ns,min_payload,max_payload,load1_before,load1_after
pwritev_full_4m,process,1048577,256,4,64,bytes,16384,67108928,64,0,0,256,0,0,5120241,5152776,79200,86480,89110,3980,3981,1.200,1.200
stderr:

[2026-07-15T19:03:07.928293+00:00] b00187 /home/bob/src/mess/.maw/workspaces/bn-1zv6/spikes/pwritev_group/target/release/pwritev_group boundary-auto pwritev_full_4m process 1048577 256 4
stdout:
variant,mode,target_bytes,physical_batches,writers,iterations,stop_reason,events,bytes,write_syscalls,short_writes,interrupted,max_iovecs,copied_bytes,barriers,cpu_ns,wall_ns,p50_ns,p95_ns,p99_ns,min_payload,max_payload,load1_before,load1_after
pwritev_full_4m,process,1048577,256,4,64,bytes,16384,67108928,64,0,0,256,0,0,5157962,5184456,78990,90600,97540,3980,3981,1.270,1.270
stderr:

[2026-07-15T19:03:08.957795+00:00] b00188 /home/bob/src/mess/.maw/workspaces/bn-1zv6/spikes/pwritev_group/target/release/pwritev_group boundary-auto k_pwrite process 1048577 256 4
stdout:
variant,mode,target_bytes,physical_batches,writers,iterations,stop_reason,events,bytes,write_syscalls,short_writes,interrupted,max_iovecs,copied_bytes,barriers,cpu_ns,wall_ns,p50_ns,p95_ns,p99_ns,min_payload,max_payload,load1_before,load1_after
k_pwrite,process,1048577,256,4,64,bytes,16384,67108928,16384,0,0,0,0,0,22481615,22694164,347940,405250,432670,3980,3981,1.270,1.270
stderr:

[2026-07-15T19:03:09.986687+00:00] b00189 /home/bob/src/mess/.maw/workspaces/bn-1zv6/spikes/pwritev_group/target/release/pwritev_group boundary-auto pwritev_64_1m process 1048577 256 4
stdout:
variant,mode,target_bytes,physical_batches,writers,iterations,stop_reason,events,bytes,write_syscalls,short_writes,interrupted,max_iovecs,copied_bytes,barriers,cpu_ns,wall_ns,p50_ns,p95_ns,p99_ns,min_payload,max_payload,load1_before,load1_after
pwritev_64_1m,process,1048577,256,4,64,bytes,16384,67108928,256,0,0,64,0,0,5943391,5987755,91040,102860,114510,3980,3981,1.270,1.270
stderr:

[2026-07-15T19:03:11.014669+00:00] b00190 /home/bob/src/mess/.maw/workspaces/bn-1zv6/spikes/pwritev_group/target/release/pwritev_group boundary-auto k_pwrite process 1048577 256 4
stdout:
variant,mode,target_bytes,physical_batches,writers,iterations,stop_reason,events,bytes,write_syscalls,short_writes,interrupted,max_iovecs,copied_bytes,barriers,cpu_ns,wall_ns,p50_ns,p95_ns,p99_ns,min_payload,max_payload,load1_before,load1_after
k_pwrite,process,1048577,256,4,64,bytes,16384,67108928,16384,0,0,0,0,0,22060576,22247544,344280,359470,367740,3980,3981,1.270,1.270
stderr:

[2026-07-15T19:03:12.036327+00:00] b00191 /home/bob/src/mess/.maw/workspaces/bn-1zv6/spikes/pwritev_group/target/release/pwritev_group boundary-auto k_pwrite process 1048577 256 4
stdout:
variant,mode,target_bytes,physical_batches,writers,iterations,stop_reason,events,bytes,write_syscalls,short_writes,interrupted,max_iovecs,copied_bytes,barriers,cpu_ns,wall_ns,p50_ns,p95_ns,p99_ns,min_payload,max_payload,load1_before,load1_after
k_pwrite,process,1048577,256,4,64,bytes,16384,67108928,16384,0,0,0,0,0,21918645,22070485,344820,357900,366230,3980,3981,1.270,1.270
stderr:

[2026-07-15T19:03:13.065789+00:00] b00192 /home/bob/src/mess/.maw/workspaces/bn-1zv6/spikes/pwritev_group/target/release/pwritev_group boundary-auto pwritev_64_1m process 1048577 256 4
stdout:
variant,mode,target_bytes,physical_batches,writers,iterations,stop_reason,events,bytes,write_syscalls,short_writes,interrupted,max_iovecs,copied_bytes,barriers,cpu_ns,wall_ns,p50_ns,p95_ns,p99_ns,min_payload,max_payload,load1_before,load1_after
pwritev_64_1m,process,1048577,256,4,64,bytes,16384,67108928,256,0,0,64,0,0,5961222,6020825,90930,114320,127780,3980,3981,1.330,1.330
stderr:

[2026-07-15T19:03:14.093520+00:00] b00193 /home/bob/src/mess/.maw/workspaces/bn-1zv6/spikes/pwritev_group/target/release/pwritev_group boundary-auto k_pwrite process 1048577 256 4
stdout:
variant,mode,target_bytes,physical_batches,writers,iterations,stop_reason,events,bytes,write_syscalls,short_writes,interrupted,max_iovecs,copied_bytes,barriers,cpu_ns,wall_ns,p50_ns,p95_ns,p99_ns,min_payload,max_payload,load1_before,load1_after
k_pwrite,process,1048577,256,4,64,bytes,16384,67108928,16384,0,0,0,0,0,22027185,22186074,342220,364589,369410,3980,3981,1.330,1.330
stderr:

[2026-07-15T19:03:15.122088+00:00] b00194 /home/bob/src/mess/.maw/workspaces/bn-1zv6/spikes/pwritev_group/target/release/pwritev_group boundary-auto copy_contiguous process 1048577 256 4
stdout:
variant,mode,target_bytes,physical_batches,writers,iterations,stop_reason,events,bytes,write_syscalls,short_writes,interrupted,max_iovecs,copied_bytes,barriers,cpu_ns,wall_ns,p50_ns,p95_ns,p99_ns,min_payload,max_payload,load1_before,load1_after
copy_contiguous,process,1048577,256,4,64,bytes,16384,67108928,64,0,0,0,67108928,0,9889672,9956573,154280,162789,165220,3980,3981,1.330,1.330
stderr:

[2026-07-15T19:03:16.149163+00:00] b00195 /home/bob/src/mess/.maw/workspaces/bn-1zv6/spikes/pwritev_group/target/release/pwritev_group boundary-auto copy_contiguous process 1048577 256 4
stdout:
variant,mode,target_bytes,physical_batches,writers,iterations,stop_reason,events,bytes,write_syscalls,short_writes,interrupted,max_iovecs,copied_bytes,barriers,cpu_ns,wall_ns,p50_ns,p95_ns,p99_ns,min_payload,max_payload,load1_before,load1_after
copy_contiguous,process,1048577,256,4,64,bytes,16384,67108928,64,0,0,0,67108928,0,10074163,10143323,155880,164990,208320,3980,3981,1.330,1.330
stderr:

[2026-07-15T19:03:17.177127+00:00] b00196 /home/bob/src/mess/.maw/workspaces/bn-1zv6/spikes/pwritev_group/target/release/pwritev_group boundary-auto k_pwrite process 1048577 256 4
stdout:
variant,mode,target_bytes,physical_batches,writers,iterations,stop_reason,events,bytes,write_syscalls,short_writes,interrupted,max_iovecs,copied_bytes,barriers,cpu_ns,wall_ns,p50_ns,p95_ns,p99_ns,min_payload,max_payload,load1_before,load1_after
k_pwrite,process,1048577,256,4,64,bytes,16384,67108928,16384,0,0,0,0,0,21937915,22058954,343450,352250,359930,3980,3981,1.220,1.220
stderr:

[2026-07-15T19:03:18.206859+00:00] b00197 /home/bob/src/mess/.maw/workspaces/bn-1zv6/spikes/pwritev_group/target/release/pwritev_group boundary-auto pwritev_full_1m process 4194303 1024 4
stdout:
variant,mode,target_bytes,physical_batches,writers,iterations,stop_reason,events,bytes,write_syscalls,short_writes,interrupted,max_iovecs,copied_bytes,barriers,cpu_ns,wall_ns,p50_ns,p95_ns,p99_ns,min_payload,max_payload,load1_before,load1_after
pwritev_full_1m,process,4194303,1024,4,17,bytes,17408,71303151,68,0,0,256,0,0,5609791,5657826,322550,362369,435620,3979,3980,1.220,1.220
stderr:

[2026-07-15T19:03:19.234106+00:00] b00198 /home/bob/src/mess/.maw/workspaces/bn-1zv6/spikes/pwritev_group/target/release/pwritev_group boundary-auto k_pwrite process 4194303 1024 4
stdout:
variant,mode,target_bytes,physical_batches,writers,iterations,stop_reason,events,bytes,write_syscalls,short_writes,interrupted,max_iovecs,copied_bytes,barriers,cpu_ns,wall_ns,p50_ns,p95_ns,p99_ns,min_payload,max_payload,load1_before,load1_after
k_pwrite,process,4194303,1024,4,17,bytes,17408,71303151,17408,0,0,0,0,0,23792535,23951323,1396189,1467899,1519709,3979,3980,1.220,1.220
stderr:

[2026-07-15T19:03:20.261846+00:00] b00199 /home/bob/src/mess/.maw/workspaces/bn-1zv6/spikes/pwritev_group/target/release/pwritev_group boundary-auto k_pwrite process 4194303 1024 4
stdout:
variant,mode,target_bytes,physical_batches,writers,iterations,stop_reason,events,bytes,write_syscalls,short_writes,interrupted,max_iovecs,copied_bytes,barriers,cpu_ns,wall_ns,p50_ns,p95_ns,p99_ns,min_payload,max_payload,load1_before,load1_after
k_pwrite,process,4194303,1024,4,17,bytes,17408,71303151,17408,0,0,0,0,0,24275576,24478043,1410449,1539749,1660129,3979,3980,1.220,1.220
stderr:

[2026-07-15T19:03:21.289338+00:00] b00200 /home/bob/src/mess/.maw/workspaces/bn-1zv6/spikes/pwritev_group/target/release/pwritev_group boundary-auto pwritev_full_1m process 4194303 1024 4
stdout:
variant,mode,target_bytes,physical_batches,writers,iterations,stop_reason,events,bytes,write_syscalls,short_writes,interrupted,max_iovecs,copied_bytes,barriers,cpu_ns,wall_ns,p50_ns,p95_ns,p99_ns,min_payload,max_payload,load1_before,load1_after
pwritev_full_1m,process,4194303,1024,4,17,bytes,17408,71303151,68,0,0,256,0,0,5440571,5482176,322790,330610,331579,3979,3980,1.220,1.220
stderr:

[2026-07-15T19:03:22.318683+00:00] b00201 /home/bob/src/mess/.maw/workspaces/bn-1zv6/spikes/pwritev_group/target/release/pwritev_group boundary-auto k_pwrite process 4194303 1024 4
stdout:
variant,mode,target_bytes,physical_batches,writers,iterations,stop_reason,events,bytes,write_syscalls,short_writes,interrupted,max_iovecs,copied_bytes,barriers,cpu_ns,wall_ns,p50_ns,p95_ns,p99_ns,min_payload,max_payload,load1_before,load1_after
k_pwrite,process,4194303,1024,4,17,bytes,17408,71303151,17408,0,0,0,0,0,25412036,25672482,1484949,1757358,1883879,3979,3980,1.200,1.200
stderr:

[2026-07-15T19:03:23.350004+00:00] b00202 /home/bob/src/mess/.maw/workspaces/bn-1zv6/spikes/pwritev_group/target/release/pwritev_group boundary-auto pwritev_full_4m process 4194303 1024 4
stdout:
variant,mode,target_bytes,physical_batches,writers,iterations,stop_reason,events,bytes,write_syscalls,short_writes,interrupted,max_iovecs,copied_bytes,barriers,cpu_ns,wall_ns,p50_ns,p95_ns,p99_ns,min_payload,max_payload,load1_before,load1_after
pwritev_full_4m,process,4194303,1024,4,17,bytes,17408,71303151,17,0,0,1024,0,0,5127841,5235306,300489,320879,394690,3979,3980,1.200,1.200
stderr:

[2026-07-15T19:03:24.377435+00:00] b00203 /home/bob/src/mess/.maw/workspaces/bn-1zv6/spikes/pwritev_group/target/release/pwritev_group boundary-auto pwritev_full_4m process 4194303 1024 4
stdout:
variant,mode,target_bytes,physical_batches,writers,iterations,stop_reason,events,bytes,write_syscalls,short_writes,interrupted,max_iovecs,copied_bytes,barriers,cpu_ns,wall_ns,p50_ns,p95_ns,p99_ns,min_payload,max_payload,load1_before,load1_after
pwritev_full_4m,process,4194303,1024,4,17,bytes,17408,71303151,17,0,0,1024,0,0,5168700,5193436,303670,318670,319129,3979,3980,1.200,1.200
stderr:

[2026-07-15T19:03:25.407148+00:00] b00204 /home/bob/src/mess/.maw/workspaces/bn-1zv6/spikes/pwritev_group/target/release/pwritev_group boundary-auto k_pwrite process 4194303 1024 4
stdout:
variant,mode,target_bytes,physical_batches,writers,iterations,stop_reason,events,bytes,write_syscalls,short_writes,interrupted,max_iovecs,copied_bytes,barriers,cpu_ns,wall_ns,p50_ns,p95_ns,p99_ns,min_payload,max_payload,load1_before,load1_after
k_pwrite,process,4194303,1024,4,17,bytes,17408,71303151,17408,0,0,0,0,0,25392016,25625702,1477619,1672329,1746448,3979,3980,1.200,1.200
stderr:

[2026-07-15T19:03:26.438067+00:00] b00205 /home/bob/src/mess/.maw/workspaces/bn-1zv6/spikes/pwritev_group/target/release/pwritev_group boundary-auto pwritev_64_1m process 4194303 1024 4
stdout:
variant,mode,target_bytes,physical_batches,writers,iterations,stop_reason,events,bytes,write_syscalls,short_writes,interrupted,max_iovecs,copied_bytes,barriers,cpu_ns,wall_ns,p50_ns,p95_ns,p99_ns,min_payload,max_payload,load1_before,load1_after
pwritev_64_1m,process,4194303,1024,4,17,bytes,17408,71303151,272,0,0,64,0,0,6259992,6327176,370080,393330,406010,3979,3980,1.200,1.200
stderr:

[2026-07-15T19:03:27.460703+00:00] b00206 /home/bob/src/mess/.maw/workspaces/bn-1zv6/spikes/pwritev_group/target/release/pwritev_group boundary-auto k_pwrite process 4194303 1024 4
stdout:
variant,mode,target_bytes,physical_batches,writers,iterations,stop_reason,events,bytes,write_syscalls,short_writes,interrupted,max_iovecs,copied_bytes,barriers,cpu_ns,wall_ns,p50_ns,p95_ns,p99_ns,min_payload,max_payload,load1_before,load1_after
k_pwrite,process,4194303,1024,4,17,bytes,17408,71303151,17408,0,0,0,0,0,25340296,25783262,1515209,1698569,1706829,3979,3980,1.350,1.350
stderr:

[2026-07-15T19:03:28.489713+00:00] b00207 /home/bob/src/mess/.maw/workspaces/bn-1zv6/spikes/pwritev_group/target/release/pwritev_group boundary-auto k_pwrite process 4194303 1024 4
stdout:
variant,mode,target_bytes,physical_batches,writers,iterations,stop_reason,events,bytes,write_syscalls,short_writes,interrupted,max_iovecs,copied_bytes,barriers,cpu_ns,wall_ns,p50_ns,p95_ns,p99_ns,min_payload,max_payload,load1_before,load1_after
k_pwrite,process,4194303,1024,4,17,bytes,17408,71303151,17408,0,0,0,0,0,24041296,24226673,1379679,1595229,1807229,3979,3980,1.350,1.350
stderr:

[2026-07-15T19:03:29.514788+00:00] b00208 /home/bob/src/mess/.maw/workspaces/bn-1zv6/spikes/pwritev_group/target/release/pwritev_group boundary-auto pwritev_64_1m process 4194303 1024 4
stdout:
variant,mode,target_bytes,physical_batches,writers,iterations,stop_reason,events,bytes,write_syscalls,short_writes,interrupted,max_iovecs,copied_bytes,barriers,cpu_ns,wall_ns,p50_ns,p95_ns,p99_ns,min_payload,max_payload,load1_before,load1_after
pwritev_64_1m,process,4194303,1024,4,17,bytes,17408,71303151,272,0,0,64,0,0,6561342,6620915,371870,465519,492310,3979,3980,1.350,1.350
stderr:

[2026-07-15T19:03:30.542204+00:00] b00209 /home/bob/src/mess/.maw/workspaces/bn-1zv6/spikes/pwritev_group/target/release/pwritev_group boundary-auto k_pwrite process 4194303 1024 4
stdout:
variant,mode,target_bytes,physical_batches,writers,iterations,stop_reason,events,bytes,write_syscalls,short_writes,interrupted,max_iovecs,copied_bytes,barriers,cpu_ns,wall_ns,p50_ns,p95_ns,p99_ns,min_payload,max_payload,load1_before,load1_after
k_pwrite,process,4194303,1024,4,17,bytes,17408,71303151,17408,0,0,0,0,0,23888476,24073413,1396949,1493909,1657799,3979,3980,1.350,1.350
stderr:

[2026-07-15T19:03:31.572506+00:00] b00210 /home/bob/src/mess/.maw/workspaces/bn-1zv6/spikes/pwritev_group/target/release/pwritev_group boundary-auto copy_contiguous process 4194303 1024 4
stdout:
variant,mode,target_bytes,physical_batches,writers,iterations,stop_reason,events,bytes,write_syscalls,short_writes,interrupted,max_iovecs,copied_bytes,barriers,cpu_ns,wall_ns,p50_ns,p95_ns,p99_ns,min_payload,max_payload,load1_before,load1_after
copy_contiguous,process,4194303,1024,4,17,bytes,17408,71303151,17,0,0,0,71303151,0,10689873,10810692,598520,801269,900870,3979,3980,1.350,1.350
stderr:

[2026-07-15T19:03:32.602756+00:00] b00211 /home/bob/src/mess/.maw/workspaces/bn-1zv6/spikes/pwritev_group/target/release/pwritev_group boundary-auto copy_contiguous process 4194303 1024 4
stdout:
variant,mode,target_bytes,physical_batches,writers,iterations,stop_reason,events,bytes,write_syscalls,short_writes,interrupted,max_iovecs,copied_bytes,barriers,cpu_ns,wall_ns,p50_ns,p95_ns,p99_ns,min_payload,max_payload,load1_before,load1_after
copy_contiguous,process,4194303,1024,4,17,bytes,17408,71303151,17,0,0,0,71303151,0,9996082,10087153,589779,616649,636439,3979,3980,1.320,1.320
stderr:

[2026-07-15T19:03:33.630990+00:00] b00212 /home/bob/src/mess/.maw/workspaces/bn-1zv6/spikes/pwritev_group/target/release/pwritev_group boundary-auto k_pwrite process 4194303 1024 4
stdout:
variant,mode,target_bytes,physical_batches,writers,iterations,stop_reason,events,bytes,write_syscalls,short_writes,interrupted,max_iovecs,copied_bytes,barriers,cpu_ns,wall_ns,p50_ns,p95_ns,p99_ns,min_payload,max_payload,load1_before,load1_after
k_pwrite,process,4194303,1024,4,17,bytes,17408,71303151,17408,0,0,0,0,0,24204006,24363632,1389429,1591949,1713209,3979,3980,1.320,1.320
stderr:

[2026-07-15T19:03:34.659830+00:00] b00213 /home/bob/src/mess/.maw/workspaces/bn-1zv6/spikes/pwritev_group/target/release/pwritev_group boundary-auto pwritev_full_1m process 4194304 1024 4
stdout:
variant,mode,target_bytes,physical_batches,writers,iterations,stop_reason,events,bytes,write_syscalls,short_writes,interrupted,max_iovecs,copied_bytes,barriers,cpu_ns,wall_ns,p50_ns,p95_ns,p99_ns,min_payload,max_payload,load1_before,load1_after
pwritev_full_1m,process,4194304,1024,4,16,bytes,16384,67108864,64,0,0,256,0,0,5281361,5327397,331079,361800,373120,3980,3980,1.320,1.320
stderr:

[2026-07-15T19:03:35.689760+00:00] b00214 /home/bob/src/mess/.maw/workspaces/bn-1zv6/spikes/pwritev_group/target/release/pwritev_group boundary-auto k_pwrite process 4194304 1024 4
stdout:
variant,mode,target_bytes,physical_batches,writers,iterations,stop_reason,events,bytes,write_syscalls,short_writes,interrupted,max_iovecs,copied_bytes,barriers,cpu_ns,wall_ns,p50_ns,p95_ns,p99_ns,min_payload,max_payload,load1_before,load1_after
k_pwrite,process,4194304,1024,4,16,bytes,16384,67108864,16384,0,0,0,0,0,22551806,22677314,1380469,1498849,1713029,3980,3980,1.320,1.320
stderr:

[2026-07-15T19:03:36.710394+00:00] b00215 /home/bob/src/mess/.maw/workspaces/bn-1zv6/spikes/pwritev_group/target/release/pwritev_group boundary-auto k_pwrite process 4194304 1024 4
stdout:
variant,mode,target_bytes,physical_batches,writers,iterations,stop_reason,events,bytes,write_syscalls,short_writes,interrupted,max_iovecs,copied_bytes,barriers,cpu_ns,wall_ns,p50_ns,p95_ns,p99_ns,min_payload,max_payload,load1_before,load1_after
k_pwrite,process,4194304,1024,4,16,bytes,16384,67108864,16384,0,0,0,0,0,21970925,22127924,1382219,1403819,1406429,3980,3980,1.320,1.320
stderr:

[2026-07-15T19:03:37.738406+00:00] b00216 /home/bob/src/mess/.maw/workspaces/bn-1zv6/spikes/pwritev_group/target/release/pwritev_group boundary-auto pwritev_full_1m process 4194304 1024 4
stdout:
variant,mode,target_bytes,physical_batches,writers,iterations,stop_reason,events,bytes,write_syscalls,short_writes,interrupted,max_iovecs,copied_bytes,barriers,cpu_ns,wall_ns,p50_ns,p95_ns,p99_ns,min_payload,max_payload,load1_before,load1_after
pwritev_full_1m,process,4194304,1024,4,16,bytes,16384,67108864,64,0,0,256,0,0,5125841,5156266,321110,334190,340859,3980,3980,1.290,1.290
stderr:

[2026-07-15T19:03:38.766145+00:00] b00217 /home/bob/src/mess/.maw/workspaces/bn-1zv6/spikes/pwritev_group/target/release/pwritev_group boundary-auto k_pwrite process 4194304 1024 4
stdout:
variant,mode,target_bytes,physical_batches,writers,iterations,stop_reason,events,bytes,write_syscalls,short_writes,interrupted,max_iovecs,copied_bytes,barriers,cpu_ns,wall_ns,p50_ns,p95_ns,p99_ns,min_payload,max_payload,load1_before,load1_after
k_pwrite,process,4194304,1024,4,16,bytes,16384,67108864,16384,0,0,0,0,0,22330456,22582594,1402499,1461789,1483069,3980,3980,1.290,1.290
stderr:

[2026-07-15T19:03:39.794673+00:00] b00218 /home/bob/src/mess/.maw/workspaces/bn-1zv6/spikes/pwritev_group/target/release/pwritev_group boundary-auto pwritev_full_4m process 4194304 1024 4
stdout:
variant,mode,target_bytes,physical_batches,writers,iterations,stop_reason,events,bytes,write_syscalls,short_writes,interrupted,max_iovecs,copied_bytes,barriers,cpu_ns,wall_ns,p50_ns,p95_ns,p99_ns,min_payload,max_payload,load1_before,load1_after
pwritev_full_4m,process,4194304,1024,4,16,bytes,16384,67108864,16,0,0,1024,0,0,4873901,4912577,308690,317820,329940,3980,3980,1.290,1.290
stderr:

[2026-07-15T19:03:40.823204+00:00] b00219 /home/bob/src/mess/.maw/workspaces/bn-1zv6/spikes/pwritev_group/target/release/pwritev_group boundary-auto pwritev_full_4m process 4194304 1024 4
stdout:
variant,mode,target_bytes,physical_batches,writers,iterations,stop_reason,events,bytes,write_syscalls,short_writes,interrupted,max_iovecs,copied_bytes,barriers,cpu_ns,wall_ns,p50_ns,p95_ns,p99_ns,min_payload,max_payload,load1_before,load1_after
pwritev_full_4m,process,4194304,1024,4,16,bytes,16384,67108864,16,0,0,1024,0,0,4886862,4921077,307420,314120,317050,3980,3980,1.290,1.290
stderr:

[2026-07-15T19:03:41.846827+00:00] b00220 /home/bob/src/mess/.maw/workspaces/bn-1zv6/spikes/pwritev_group/target/release/pwritev_group boundary-auto k_pwrite process 4194304 1024 4
stdout:
variant,mode,target_bytes,physical_batches,writers,iterations,stop_reason,events,bytes,write_syscalls,short_writes,interrupted,max_iovecs,copied_bytes,barriers,cpu_ns,wall_ns,p50_ns,p95_ns,p99_ns,min_payload,max_payload,load1_before,load1_after
k_pwrite,process,4194304,1024,4,16,bytes,16384,67108864,16384,0,0,0,0,0,23303976,23509444,1421130,1706578,1729149,3980,3980,1.290,1.290
stderr:

[2026-07-15T19:03:42.884203+00:00] b00221 /home/bob/src/mess/.maw/workspaces/bn-1zv6/spikes/pwritev_group/target/release/pwritev_group boundary-auto pwritev_64_1m process 4194304 1024 4
stdout:
variant,mode,target_bytes,physical_batches,writers,iterations,stop_reason,events,bytes,write_syscalls,short_writes,interrupted,max_iovecs,copied_bytes,barriers,cpu_ns,wall_ns,p50_ns,p95_ns,p99_ns,min_payload,max_payload,load1_before,load1_after
pwritev_64_1m,process,4194304,1024,4,16,bytes,16384,67108864,256,0,0,64,0,0,6161941,6208565,391090,402929,426630,3980,3980,1.190,1.190
stderr:

[2026-07-15T19:03:43.911762+00:00] b00222 /home/bob/src/mess/.maw/workspaces/bn-1zv6/spikes/pwritev_group/target/release/pwritev_group boundary-auto k_pwrite process 4194304 1024 4
stdout:
variant,mode,target_bytes,physical_batches,writers,iterations,stop_reason,events,bytes,write_syscalls,short_writes,interrupted,max_iovecs,copied_bytes,barriers,cpu_ns,wall_ns,p50_ns,p95_ns,p99_ns,min_payload,max_payload,load1_before,load1_after
k_pwrite,process,4194304,1024,4,16,bytes,16384,67108864,16384,0,0,0,0,0,22956526,23159114,1400409,1620429,1709789,3980,3980,1.190,1.190
stderr:

[2026-07-15T19:03:44.936465+00:00] b00223 /home/bob/src/mess/.maw/workspaces/bn-1zv6/spikes/pwritev_group/target/release/pwritev_group boundary-auto k_pwrite process 4194304 1024 4
stdout:
variant,mode,target_bytes,physical_batches,writers,iterations,stop_reason,events,bytes,write_syscalls,short_writes,interrupted,max_iovecs,copied_bytes,barriers,cpu_ns,wall_ns,p50_ns,p95_ns,p99_ns,min_payload,max_payload,load1_before,load1_after
k_pwrite,process,4194304,1024,4,16,bytes,16384,67108864,16384,0,0,0,0,0,22514066,22675894,1395628,1481909,1720269,3980,3980,1.190,1.190
stderr:

[2026-07-15T19:03:45.965982+00:00] b00224 /home/bob/src/mess/.maw/workspaces/bn-1zv6/spikes/pwritev_group/target/release/pwritev_group boundary-auto pwritev_64_1m process 4194304 1024 4
stdout:
variant,mode,target_bytes,physical_batches,writers,iterations,stop_reason,events,bytes,write_syscalls,short_writes,interrupted,max_iovecs,copied_bytes,barriers,cpu_ns,wall_ns,p50_ns,p95_ns,p99_ns,min_payload,max_payload,load1_before,load1_after
pwritev_64_1m,process,4194304,1024,4,16,bytes,16384,67108864,256,0,0,64,0,0,5870241,5913606,367989,388520,394050,3980,3980,1.190,1.190
stderr:

[2026-07-15T19:03:46.994449+00:00] b00225 /home/bob/src/mess/.maw/workspaces/bn-1zv6/spikes/pwritev_group/target/release/pwritev_group boundary-auto k_pwrite process 4194304 1024 4
stdout:
variant,mode,target_bytes,physical_batches,writers,iterations,stop_reason,events,bytes,write_syscalls,short_writes,interrupted,max_iovecs,copied_bytes,barriers,cpu_ns,wall_ns,p50_ns,p95_ns,p99_ns,min_payload,max_payload,load1_before,load1_after
k_pwrite,process,4194304,1024,4,16,bytes,16384,67108864,16384,0,0,0,0,0,22543165,22688434,1393099,1517679,1607329,3980,3980,1.190,1.190
stderr:

[2026-07-15T19:03:48.016738+00:00] b00226 /home/bob/src/mess/.maw/workspaces/bn-1zv6/spikes/pwritev_group/target/release/pwritev_group boundary-auto copy_contiguous process 4194304 1024 4
stdout:
variant,mode,target_bytes,physical_batches,writers,iterations,stop_reason,events,bytes,write_syscalls,short_writes,interrupted,max_iovecs,copied_bytes,barriers,cpu_ns,wall_ns,p50_ns,p95_ns,p99_ns,min_payload,max_payload,load1_before,load1_after
copy_contiguous,process,4194304,1024,4,16,bytes,16384,67108864,16,0,0,0,67108864,0,9789183,9890543,580839,737569,865880,3980,3980,1.330,1.330
stderr:

[2026-07-15T19:03:49.044919+00:00] b00227 /home/bob/src/mess/.maw/workspaces/bn-1zv6/spikes/pwritev_group/target/release/pwritev_group boundary-auto copy_contiguous process 4194304 1024 4
stdout:
variant,mode,target_bytes,physical_batches,writers,iterations,stop_reason,events,bytes,write_syscalls,short_writes,interrupted,max_iovecs,copied_bytes,barriers,cpu_ns,wall_ns,p50_ns,p95_ns,p99_ns,min_payload,max_payload,load1_before,load1_after
copy_contiguous,process,4194304,1024,4,16,bytes,16384,67108864,16,0,0,0,67108864,0,9383842,9476583,583920,618810,698479,3980,3980,1.330,1.330
stderr:

[2026-07-15T19:03:50.066332+00:00] b00228 /home/bob/src/mess/.maw/workspaces/bn-1zv6/spikes/pwritev_group/target/release/pwritev_group boundary-auto k_pwrite process 4194304 1024 4
stdout:
variant,mode,target_bytes,physical_batches,writers,iterations,stop_reason,events,bytes,write_syscalls,short_writes,interrupted,max_iovecs,copied_bytes,barriers,cpu_ns,wall_ns,p50_ns,p95_ns,p99_ns,min_payload,max_payload,load1_before,load1_after
k_pwrite,process,4194304,1024,4,16,bytes,16384,67108864,16384,0,0,0,0,0,22393396,22596894,1404749,1459529,1478579,3980,3980,1.330,1.330
stderr:

[2026-07-15T19:03:51.094742+00:00] b00229 /home/bob/src/mess/.maw/workspaces/bn-1zv6/spikes/pwritev_group/target/release/pwritev_group boundary-auto pwritev_full_1m process 4194305 1024 4
stdout:
variant,mode,target_bytes,physical_batches,writers,iterations,stop_reason,events,bytes,write_syscalls,short_writes,interrupted,max_iovecs,copied_bytes,barriers,cpu_ns,wall_ns,p50_ns,p95_ns,p99_ns,min_payload,max_payload,load1_before,load1_after
pwritev_full_1m,process,4194305,1024,4,16,bytes,16384,67108880,80,0,0,257,0,0,5292521,5330267,333040,349940,357180,3980,3981,1.330,1.330
stderr:

[2026-07-15T19:03:52.121141+00:00] b00230 /home/bob/src/mess/.maw/workspaces/bn-1zv6/spikes/pwritev_group/target/release/pwritev_group boundary-auto k_pwrite process 4194305 1024 4
stdout:
variant,mode,target_bytes,physical_batches,writers,iterations,stop_reason,events,bytes,write_syscalls,short_writes,interrupted,max_iovecs,copied_bytes,barriers,cpu_ns,wall_ns,p50_ns,p95_ns,p99_ns,min_payload,max_payload,load1_before,load1_after
k_pwrite,process,4194305,1024,4,16,bytes,16384,67108880,16384,0,0,0,0,0,22437175,22600144,1393819,1563359,1581699,3980,3981,1.230,1.230
stderr:

[2026-07-15T19:03:53.149996+00:00] b00231 /home/bob/src/mess/.maw/workspaces/bn-1zv6/spikes/pwritev_group/target/release/pwritev_group boundary-auto k_pwrite process 4194305 1024 4
stdout:
variant,mode,target_bytes,physical_batches,writers,iterations,stop_reason,events,bytes,write_syscalls,short_writes,interrupted,max_iovecs,copied_bytes,barriers,cpu_ns,wall_ns,p50_ns,p95_ns,p99_ns,min_payload,max_payload,load1_before,load1_after
k_pwrite,process,4194305,1024,4,16,bytes,16384,67108880,16384,0,0,0,0,0,22879976,23043884,1408229,1582389,1632459,3980,3981,1.230,1.230
stderr:

[2026-07-15T19:03:54.181974+00:00] b00232 /home/bob/src/mess/.maw/workspaces/bn-1zv6/spikes/pwritev_group/target/release/pwritev_group boundary-auto pwritev_full_1m process 4194305 1024 4
stdout:
variant,mode,target_bytes,physical_batches,writers,iterations,stop_reason,events,bytes,write_syscalls,short_writes,interrupted,max_iovecs,copied_bytes,barriers,cpu_ns,wall_ns,p50_ns,p95_ns,p99_ns,min_payload,max_payload,load1_before,load1_after
pwritev_full_1m,process,4194305,1024,4,16,bytes,16384,67108880,80,0,0,257,0,0,5354692,5398747,329559,388079,401860,3980,3981,1.230,1.230
stderr:

[2026-07-15T19:03:55.210956+00:00] b00233 /home/bob/src/mess/.maw/workspaces/bn-1zv6/spikes/pwritev_group/target/release/pwritev_group boundary-auto k_pwrite process 4194305 1024 4
stdout:
variant,mode,target_bytes,physical_batches,writers,iterations,stop_reason,events,bytes,write_syscalls,short_writes,interrupted,max_iovecs,copied_bytes,barriers,cpu_ns,wall_ns,p50_ns,p95_ns,p99_ns,min_payload,max_payload,load1_before,load1_after
k_pwrite,process,4194305,1024,4,16,bytes,16384,67108880,16384,0,0,0,0,0,22801456,23450223,1417660,1661298,1739329,3980,3981,1.230,1.230
stderr:

[2026-07-15T19:03:56.240213+00:00] b00234 /home/bob/src/mess/.maw/workspaces/bn-1zv6/spikes/pwritev_group/target/release/pwritev_group boundary-auto pwritev_full_4m process 4194305 1024 4
stdout:
variant,mode,target_bytes,physical_batches,writers,iterations,stop_reason,events,bytes,write_syscalls,short_writes,interrupted,max_iovecs,copied_bytes,barriers,cpu_ns,wall_ns,p50_ns,p95_ns,p99_ns,min_payload,max_payload,load1_before,load1_after
pwritev_full_4m,process,4194305,1024,4,16,bytes,16384,67108880,32,0,0,1024,0,0,4893912,4922356,307909,313250,315410,3980,3981,1.230,1.230
stderr:

[2026-07-15T19:03:57.267892+00:00] b00235 /home/bob/src/mess/.maw/workspaces/bn-1zv6/spikes/pwritev_group/target/release/pwritev_group boundary-auto pwritev_full_4m process 4194305 1024 4
stdout:
variant,mode,target_bytes,physical_batches,writers,iterations,stop_reason,events,bytes,write_syscalls,short_writes,interrupted,max_iovecs,copied_bytes,barriers,cpu_ns,wall_ns,p50_ns,p95_ns,p99_ns,min_payload,max_payload,load1_before,load1_after
pwritev_full_4m,process,4194305,1024,4,16,bytes,16384,67108880,32,0,0,1024,0,0,5138761,5183666,315269,362250,445489,3980,3981,1.130,1.130
stderr:

[2026-07-15T19:03:58.290889+00:00] b00236 /home/bob/src/mess/.maw/workspaces/bn-1zv6/spikes/pwritev_group/target/release/pwritev_group boundary-auto k_pwrite process 4194305 1024 4
stdout:
variant,mode,target_bytes,physical_batches,writers,iterations,stop_reason,events,bytes,write_syscalls,short_writes,interrupted,max_iovecs,copied_bytes,barriers,cpu_ns,wall_ns,p50_ns,p95_ns,p99_ns,min_payload,max_payload,load1_before,load1_after
k_pwrite,process,4194305,1024,4,16,bytes,16384,67108880,16384,0,0,0,0,0,22487945,22682944,1405069,1454319,1561509,3980,3981,1.130,1.130
stderr:

[2026-07-15T19:03:59.314587+00:00] b00237 /home/bob/src/mess/.maw/workspaces/bn-1zv6/spikes/pwritev_group/target/release/pwritev_group boundary-auto pwritev_full_8m process 4194305 1024 4
stdout:
variant,mode,target_bytes,physical_batches,writers,iterations,stop_reason,events,bytes,write_syscalls,short_writes,interrupted,max_iovecs,copied_bytes,barriers,cpu_ns,wall_ns,p50_ns,p95_ns,p99_ns,min_payload,max_payload,load1_before,load1_after
pwritev_full_8m,process,4194305,1024,4,16,bytes,16384,67108880,16,0,0,1024,0,0,4959382,4998926,316710,322350,322359,3980,3981,1.130,1.130
stderr:

[2026-07-15T19:04:00.342492+00:00] b00238 /home/bob/src/mess/.maw/workspaces/bn-1zv6/spikes/pwritev_group/target/release/pwritev_group boundary-auto k_pwrite process 4194305 1024 4
stdout:
variant,mode,target_bytes,physical_batches,writers,iterations,stop_reason,events,bytes,write_syscalls,short_writes,interrupted,max_iovecs,copied_bytes,barriers,cpu_ns,wall_ns,p50_ns,p95_ns,p99_ns,min_payload,max_payload,load1_before,load1_after
k_pwrite,process,4194305,1024,4,16,bytes,16384,67108880,16384,0,0,0,0,0,22104776,22276094,1393509,1416569,1417209,3980,3981,1.130,1.130
stderr:

[2026-07-15T19:04:01.369611+00:00] b00239 /home/bob/src/mess/.maw/workspaces/bn-1zv6/spikes/pwritev_group/target/release/pwritev_group boundary-auto k_pwrite process 4194305 1024 4
stdout:
variant,mode,target_bytes,physical_batches,writers,iterations,stop_reason,events,bytes,write_syscalls,short_writes,interrupted,max_iovecs,copied_bytes,barriers,cpu_ns,wall_ns,p50_ns,p95_ns,p99_ns,min_payload,max_payload,load1_before,load1_after
k_pwrite,process,4194305,1024,4,16,bytes,16384,67108880,16384,0,0,0,0,0,22798655,23017253,1395049,1586318,1679689,3980,3981,1.130,1.130
stderr:

[2026-07-15T19:04:02.397764+00:00] b00240 /home/bob/src/mess/.maw/workspaces/bn-1zv6/spikes/pwritev_group/target/release/pwritev_group boundary-auto pwritev_full_8m process 4194305 1024 4
stdout:
variant,mode,target_bytes,physical_batches,writers,iterations,stop_reason,events,bytes,write_syscalls,short_writes,interrupted,max_iovecs,copied_bytes,barriers,cpu_ns,wall_ns,p50_ns,p95_ns,p99_ns,min_payload,max_payload,load1_before,load1_after
pwritev_full_8m,process,4194305,1024,4,16,bytes,16384,67108880,16,0,0,1024,0,0,4880331,4909026,304080,320370,322140,3980,3981,1.040,1.040
stderr:

[2026-07-15T19:04:03.420307+00:00] b00241 /home/bob/src/mess/.maw/workspaces/bn-1zv6/spikes/pwritev_group/target/release/pwritev_group boundary-auto k_pwrite process 4194305 1024 4
stdout:
variant,mode,target_bytes,physical_batches,writers,iterations,stop_reason,events,bytes,write_syscalls,short_writes,interrupted,max_iovecs,copied_bytes,barriers,cpu_ns,wall_ns,p50_ns,p95_ns,p99_ns,min_payload,max_payload,load1_before,load1_after
k_pwrite,process,4194305,1024,4,16,bytes,16384,67108880,16384,0,0,0,0,0,22809266,23018853,1405689,1600259,1717938,3980,3981,1.040,1.040
stderr:

[2026-07-15T19:04:04.443388+00:00] b00242 /home/bob/src/mess/.maw/workspaces/bn-1zv6/spikes/pwritev_group/target/release/pwritev_group boundary-auto pwritev_256_1m process 4194305 1024 4
stdout:
variant,mode,target_bytes,physical_batches,writers,iterations,stop_reason,events,bytes,write_syscalls,short_writes,interrupted,max_iovecs,copied_bytes,barriers,cpu_ns,wall_ns,p50_ns,p95_ns,p99_ns,min_payload,max_payload,load1_before,load1_after
pwritev_256_1m,process,4194305,1024,4,16,bytes,16384,67108880,80,0,0,256,0,0,5359852,5407696,324460,409159,428930,3980,3981,1.040,1.040
stderr:

[2026-07-15T19:04:05.471907+00:00] b00243 /home/bob/src/mess/.maw/workspaces/bn-1zv6/spikes/pwritev_group/target/release/pwritev_group boundary-auto pwritev_256_1m process 4194305 1024 4
stdout:
variant,mode,target_bytes,physical_batches,writers,iterations,stop_reason,events,bytes,write_syscalls,short_writes,interrupted,max_iovecs,copied_bytes,barriers,cpu_ns,wall_ns,p50_ns,p95_ns,p99_ns,min_payload,max_payload,load1_before,load1_after
pwritev_256_1m,process,4194305,1024,4,16,bytes,16384,67108880,80,0,0,256,0,0,5383771,5437166,332250,390720,445830,3980,3981,1.040,1.040
stderr:

[2026-07-15T19:04:06.501768+00:00] b00244 /home/bob/src/mess/.maw/workspaces/bn-1zv6/spikes/pwritev_group/target/release/pwritev_group boundary-auto k_pwrite process 4194305 1024 4
stdout:
variant,mode,target_bytes,physical_batches,writers,iterations,stop_reason,events,bytes,write_syscalls,short_writes,interrupted,max_iovecs,copied_bytes,barriers,cpu_ns,wall_ns,p50_ns,p95_ns,p99_ns,min_payload,max_payload,load1_before,load1_after
k_pwrite,process,4194305,1024,4,16,bytes,16384,67108880,16384,0,0,0,0,0,22672796,22872104,1397799,1502269,1792689,3980,3981,1.040,1.040
stderr:

[2026-07-15T19:04:07.530069+00:00] b00245 /home/bob/src/mess/.maw/workspaces/bn-1zv6/spikes/pwritev_group/target/release/pwritev_group boundary-auto pwritev_256_4m process 4194305 1024 4
stdout:
variant,mode,target_bytes,physical_batches,writers,iterations,stop_reason,events,bytes,write_syscalls,short_writes,interrupted,max_iovecs,copied_bytes,barriers,cpu_ns,wall_ns,p50_ns,p95_ns,p99_ns,min_payload,max_payload,load1_before,load1_after
pwritev_256_4m,process,4194305,1024,4,16,bytes,16384,67108880,64,0,0,256,0,0,5366592,5408066,325379,413300,460599,3980,3981,0.950,0.950
stderr:

[2026-07-15T19:04:08.557801+00:00] b00246 /home/bob/src/mess/.maw/workspaces/bn-1zv6/spikes/pwritev_group/target/release/pwritev_group boundary-auto k_pwrite process 4194305 1024 4
stdout:
variant,mode,target_bytes,physical_batches,writers,iterations,stop_reason,events,bytes,write_syscalls,short_writes,interrupted,max_iovecs,copied_bytes,barriers,cpu_ns,wall_ns,p50_ns,p95_ns,p99_ns,min_payload,max_payload,load1_before,load1_after
k_pwrite,process,4194305,1024,4,16,bytes,16384,67108880,16384,0,0,0,0,0,23617326,23843303,1452999,1677829,1749029,3980,3981,0.950,0.950
stderr:

[2026-07-15T19:04:09.581489+00:00] b00247 /home/bob/src/mess/.maw/workspaces/bn-1zv6/spikes/pwritev_group/target/release/pwritev_group boundary-auto k_pwrite process 4194305 1024 4
stdout:
variant,mode,target_bytes,physical_batches,writers,iterations,stop_reason,events,bytes,write_syscalls,short_writes,interrupted,max_iovecs,copied_bytes,barriers,cpu_ns,wall_ns,p50_ns,p95_ns,p99_ns,min_payload,max_payload,load1_before,load1_after
k_pwrite,process,4194305,1024,4,16,bytes,16384,67108880,16384,0,0,0,0,0,22606416,22779684,1396509,1508549,1658199,3980,3981,0.950,0.950
stderr:

[2026-07-15T19:04:10.608668+00:00] b00248 /home/bob/src/mess/.maw/workspaces/bn-1zv6/spikes/pwritev_group/target/release/pwritev_group boundary-auto pwritev_256_4m process 4194305 1024 4
stdout:
variant,mode,target_bytes,physical_batches,writers,iterations,stop_reason,events,bytes,write_syscalls,short_writes,interrupted,max_iovecs,copied_bytes,barriers,cpu_ns,wall_ns,p50_ns,p95_ns,p99_ns,min_payload,max_payload,load1_before,load1_after
pwritev_256_4m,process,4194305,1024,4,16,bytes,16384,67108880,64,0,0,256,0,0,5405501,5453216,330149,403200,433150,3980,3981,0.950,0.950
stderr:

[2026-07-15T19:04:11.632136+00:00] b00249 /home/bob/src/mess/.maw/workspaces/bn-1zv6/spikes/pwritev_group/target/release/pwritev_group boundary-auto k_pwrite process 4194305 1024 4
stdout:
variant,mode,target_bytes,physical_batches,writers,iterations,stop_reason,events,bytes,write_syscalls,short_writes,interrupted,max_iovecs,copied_bytes,barriers,cpu_ns,wall_ns,p50_ns,p95_ns,p99_ns,min_payload,max_payload,load1_before,load1_after
k_pwrite,process,4194305,1024,4,16,bytes,16384,67108880,16384,0,0,0,0,0,22858706,23137844,1418819,1550179,1667029,3980,3981,0.950,0.950
stderr:

[2026-07-15T19:04:12.660155+00:00] b00250 /home/bob/src/mess/.maw/workspaces/bn-1zv6/spikes/pwritev_group/target/release/pwritev_group boundary-auto pwritev_64_1m process 4194305 1024 4
stdout:
variant,mode,target_bytes,physical_batches,writers,iterations,stop_reason,events,bytes,write_syscalls,short_writes,interrupted,max_iovecs,copied_bytes,barriers,cpu_ns,wall_ns,p50_ns,p95_ns,p99_ns,min_payload,max_payload,load1_before,load1_after
pwritev_64_1m,process,4194305,1024,4,16,bytes,16384,67108880,256,0,0,64,0,0,5990802,6065596,370369,400620,523870,3980,3981,1.200,1.200
stderr:

[2026-07-15T19:04:13.681049+00:00] b00251 /home/bob/src/mess/.maw/workspaces/bn-1zv6/spikes/pwritev_group/target/release/pwritev_group boundary-auto pwritev_64_1m process 4194305 1024 4
stdout:
variant,mode,target_bytes,physical_batches,writers,iterations,stop_reason,events,bytes,write_syscalls,short_writes,interrupted,max_iovecs,copied_bytes,barriers,cpu_ns,wall_ns,p50_ns,p95_ns,p99_ns,min_payload,max_payload,load1_before,load1_after
pwritev_64_1m,process,4194305,1024,4,16,bytes,16384,67108880,256,0,0,64,0,0,5864622,5918426,371519,378490,381200,3980,3981,1.200,1.200
stderr:

[2026-07-15T19:04:14.710176+00:00] b00252 /home/bob/src/mess/.maw/workspaces/bn-1zv6/spikes/pwritev_group/target/release/pwritev_group boundary-auto k_pwrite process 4194305 1024 4
stdout:
variant,mode,target_bytes,physical_batches,writers,iterations,stop_reason,events,bytes,write_syscalls,short_writes,interrupted,max_iovecs,copied_bytes,barriers,cpu_ns,wall_ns,p50_ns,p95_ns,p99_ns,min_payload,max_payload,load1_before,load1_after
k_pwrite,process,4194305,1024,4,16,bytes,16384,67108880,16384,0,0,0,0,0,22769586,22929284,1395729,1608039,1652618,3980,3981,1.200,1.200
stderr:

[2026-07-15T19:04:15.740278+00:00] b00253 /home/bob/src/mess/.maw/workspaces/bn-1zv6/spikes/pwritev_group/target/release/pwritev_group boundary-auto copy_contiguous process 4194305 1024 4
stdout:
variant,mode,target_bytes,physical_batches,writers,iterations,stop_reason,events,bytes,write_syscalls,short_writes,interrupted,max_iovecs,copied_bytes,barriers,cpu_ns,wall_ns,p50_ns,p95_ns,p99_ns,min_payload,max_payload,load1_before,load1_after
copy_contiguous,process,4194305,1024,4,16,bytes,16384,67108880,16,0,0,0,67108880,0,9650813,9752653,589230,656699,808410,3980,3981,1.200,1.200
stderr:

[2026-07-15T19:04:16.767423+00:00] b00254 /home/bob/src/mess/.maw/workspaces/bn-1zv6/spikes/pwritev_group/target/release/pwritev_group boundary-auto k_pwrite process 4194305 1024 4
stdout:
variant,mode,target_bytes,physical_batches,writers,iterations,stop_reason,events,bytes,write_syscalls,short_writes,interrupted,max_iovecs,copied_bytes,barriers,cpu_ns,wall_ns,p50_ns,p95_ns,p99_ns,min_payload,max_payload,load1_before,load1_after
k_pwrite,process,4194305,1024,4,16,bytes,16384,67108880,16384,0,0,0,0,0,23263306,23510953,1431149,1678999,1709468,3980,3981,1.200,1.200
stderr:

[2026-07-15T19:04:17.795163+00:00] b00255 /home/bob/src/mess/.maw/workspaces/bn-1zv6/spikes/pwritev_group/target/release/pwritev_group boundary-auto k_pwrite process 4194305 1024 4
stdout:
variant,mode,target_bytes,physical_batches,writers,iterations,stop_reason,events,bytes,write_syscalls,short_writes,interrupted,max_iovecs,copied_bytes,barriers,cpu_ns,wall_ns,p50_ns,p95_ns,p99_ns,min_payload,max_payload,load1_before,load1_after
k_pwrite,process,4194305,1024,4,16,bytes,16384,67108880,16384,0,0,0,0,0,22923866,23107293,1394590,1669298,1679349,3980,3981,1.180,1.180
stderr:

[2026-07-15T19:04:18.823177+00:00] b00256 /home/bob/src/mess/.maw/workspaces/bn-1zv6/spikes/pwritev_group/target/release/pwritev_group boundary-auto copy_contiguous process 4194305 1024 4
stdout:
variant,mode,target_bytes,physical_batches,writers,iterations,stop_reason,events,bytes,write_syscalls,short_writes,interrupted,max_iovecs,copied_bytes,barriers,cpu_ns,wall_ns,p50_ns,p95_ns,p99_ns,min_payload,max_payload,load1_before,load1_after
copy_contiguous,process,4194305,1024,4,16,bytes,16384,67108880,16,0,0,0,67108880,0,9717433,9800363,586999,754120,824819,3980,3981,1.180,1.180
stderr:

[2026-07-15T19:04:19.847206+00:00] b00257 /home/bob/src/mess/.maw/workspaces/bn-1zv6/spikes/pwritev_group/target/release/pwritev_group boundary-auto k_pwrite process 8388607 1024 4
stdout:
variant,mode,target_bytes,physical_batches,writers,iterations,stop_reason,events,bytes,write_syscalls,short_writes,interrupted,max_iovecs,copied_bytes,barriers,cpu_ns,wall_ns,p50_ns,p95_ns,p99_ns,min_payload,max_payload,load1_before,load1_after
k_pwrite,process,8388607,1024,4,9,bytes,9216,75497463,9216,0,0,0,0,0,20556244,20709425,2268429,2594858,2594858,8075,8076,1.180,1.180
stderr:

[2026-07-15T19:04:20.874991+00:00] b00258 /home/bob/src/mess/.maw/workspaces/bn-1zv6/spikes/pwritev_group/target/release/pwritev_group boundary-auto pwritev_full_1m process 8388607 1024 4
stdout:
variant,mode,target_bytes,physical_batches,writers,iterations,stop_reason,events,bytes,write_syscalls,short_writes,interrupted,max_iovecs,copied_bytes,barriers,cpu_ns,wall_ns,p50_ns,p95_ns,p99_ns,min_payload,max_payload,load1_before,load1_after
pwritev_full_1m,process,8388607,1024,4,9,bytes,9216,75497463,72,0,0,128,0,0,7180102,7315465,862489,991199,991199,8075,8076,1.180,1.180
stderr:

[2026-07-15T19:04:21.902856+00:00] b00259 /home/bob/src/mess/.maw/workspaces/bn-1zv6/spikes/pwritev_group/target/release/pwritev_group boundary-auto pwritev_full_1m process 8388607 1024 4
stdout:
variant,mode,target_bytes,physical_batches,writers,iterations,stop_reason,events,bytes,write_syscalls,short_writes,interrupted,max_iovecs,copied_bytes,barriers,cpu_ns,wall_ns,p50_ns,p95_ns,p99_ns,min_payload,max_payload,load1_before,load1_after
pwritev_full_1m,process,8388607,1024,4,9,bytes,9216,75497463,72,0,0,128,0,0,5291202,5322266,592339,615400,615400,8075,8076,1.180,1.180
stderr:

[2026-07-15T19:04:22.926124+00:00] b00260 /home/bob/src/mess/.maw/workspaces/bn-1zv6/spikes/pwritev_group/target/release/pwritev_group boundary-auto k_pwrite process 8388607 1024 4
stdout:
variant,mode,target_bytes,physical_batches,writers,iterations,stop_reason,events,bytes,write_syscalls,short_writes,interrupted,max_iovecs,copied_bytes,barriers,cpu_ns,wall_ns,p50_ns,p95_ns,p99_ns,min_payload,max_payload,load1_before,load1_after
k_pwrite,process,8388607,1024,4,9,bytes,9216,75497463,9216,0,0,0,0,0,21388574,21623464,2396068,2559818,2559818,8075,8076,1.250,1.250
stderr:

[2026-07-15T19:04:23.954036+00:00] b00261 /home/bob/src/mess/.maw/workspaces/bn-1zv6/spikes/pwritev_group/target/release/pwritev_group boundary-auto pwritev_full_4m process 8388607 1024 4
stdout:
variant,mode,target_bytes,physical_batches,writers,iterations,stop_reason,events,bytes,write_syscalls,short_writes,interrupted,max_iovecs,copied_bytes,barriers,cpu_ns,wall_ns,p50_ns,p95_ns,p99_ns,min_payload,max_payload,load1_before,load1_after
pwritev_full_4m,process,8388607,1024,4,9,bytes,9216,75497463,18,0,0,512,0,0,5380391,5423016,575139,723680,723680,8075,8076,1.250,1.250
stderr:

[2026-07-15T19:04:24.976205+00:00] b00262 /home/bob/src/mess/.maw/workspaces/bn-1zv6/spikes/pwritev_group/target/release/pwritev_group boundary-auto k_pwrite process 8388607 1024 4
stdout:
variant,mode,target_bytes,physical_batches,writers,iterations,stop_reason,events,bytes,write_syscalls,short_writes,interrupted,max_iovecs,copied_bytes,barriers,cpu_ns,wall_ns,p50_ns,p95_ns,p99_ns,min_payload,max_payload,load1_before,load1_after
k_pwrite,process,8388607,1024,4,9,bytes,9216,75497463,9216,0,0,0,0,0,20384905,20549725,2248218,2496028,2496028,8075,8076,1.250,1.250
stderr:

[2026-07-15T19:04:26.004356+00:00] b00263 /home/bob/src/mess/.maw/workspaces/bn-1zv6/spikes/pwritev_group/target/release/pwritev_group boundary-auto k_pwrite process 8388607 1024 4
stdout:
variant,mode,target_bytes,physical_batches,writers,iterations,stop_reason,events,bytes,write_syscalls,short_writes,interrupted,max_iovecs,copied_bytes,barriers,cpu_ns,wall_ns,p50_ns,p95_ns,p99_ns,min_payload,max_payload,load1_before,load1_after
k_pwrite,process,8388607,1024,4,9,bytes,9216,75497463,9216,0,0,0,0,0,21167504,21359564,2340538,2599548,2599548,8075,8076,1.250,1.250
stderr:

[2026-07-15T19:04:27.032834+00:00] b00264 /home/bob/src/mess/.maw/workspaces/bn-1zv6/spikes/pwritev_group/target/release/pwritev_group boundary-auto pwritev_full_4m process 8388607 1024 4
stdout:
variant,mode,target_bytes,physical_batches,writers,iterations,stop_reason,events,bytes,write_syscalls,short_writes,interrupted,max_iovecs,copied_bytes,barriers,cpu_ns,wall_ns,p50_ns,p95_ns,p99_ns,min_payload,max_payload,load1_before,load1_after
pwritev_full_4m,process,8388607,1024,4,9,bytes,9216,75497463,18,0,0,512,0,0,5131262,5160017,562339,639480,639480,8075,8076,1.250,1.250
stderr:

[2026-07-15T19:04:28.054268+00:00] b00265 /home/bob/src/mess/.maw/workspaces/bn-1zv6/spikes/pwritev_group/target/release/pwritev_group boundary-auto k_pwrite process 8388607 1024 4
stdout:
variant,mode,target_bytes,physical_batches,writers,iterations,stop_reason,events,bytes,write_syscalls,short_writes,interrupted,max_iovecs,copied_bytes,barriers,cpu_ns,wall_ns,p50_ns,p95_ns,p99_ns,min_payload,max_payload,load1_before,load1_after
k_pwrite,process,8388607,1024,4,9,bytes,9216,75497463,9216,0,0,0,0,0,21621185,21853525,2411458,2620978,2620978,8075,8076,1.470,1.470
stderr:

[2026-07-15T19:04:29.075432+00:00] b00266 /home/bob/src/mess/.maw/workspaces/bn-1zv6/spikes/pwritev_group/target/release/pwritev_group boundary-auto pwritev_full_8m process 8388607 1024 4
stdout:
variant,mode,target_bytes,physical_batches,writers,iterations,stop_reason,events,bytes,write_syscalls,short_writes,interrupted,max_iovecs,copied_bytes,barriers,cpu_ns,wall_ns,p50_ns,p95_ns,p99_ns,min_payload,max_payload,load1_before,load1_after
pwritev_full_8m,process,8388607,1024,4,9,bytes,9216,75497463,9,0,0,1024,0,0,5576352,5629716,602789,808009,808009,8075,8076,1.470,1.470
stderr:

[2026-07-15T19:04:30.099275+00:00] b00267 /home/bob/src/mess/.maw/workspaces/bn-1zv6/spikes/pwritev_group/target/release/pwritev_group boundary-auto pwritev_full_8m process 8388607 1024 4
stdout:
variant,mode,target_bytes,physical_batches,writers,iterations,stop_reason,events,bytes,write_syscalls,short_writes,interrupted,max_iovecs,copied_bytes,barriers,cpu_ns,wall_ns,p50_ns,p95_ns,p99_ns,min_payload,max_payload,load1_before,load1_after
pwritev_full_8m,process,8388607,1024,4,9,bytes,9216,75497463,9,0,0,1024,0,0,4996551,5041947,558360,601430,601430,8075,8076,1.470,1.470
stderr:

[2026-07-15T19:04:31.127487+00:00] b00268 /home/bob/src/mess/.maw/workspaces/bn-1zv6/spikes/pwritev_group/target/release/pwritev_group boundary-auto k_pwrite process 8388607 1024 4
stdout:
variant,mode,target_bytes,physical_batches,writers,iterations,stop_reason,events,bytes,write_syscalls,short_writes,interrupted,max_iovecs,copied_bytes,barriers,cpu_ns,wall_ns,p50_ns,p95_ns,p99_ns,min_payload,max_payload,load1_before,load1_after
k_pwrite,process,8388607,1024,4,9,bytes,9216,75497463,9216,0,0,0,0,0,20421075,20592515,2260998,2379978,2379978,8075,8076,1.470,1.470
stderr:

[2026-07-15T19:04:32.152944+00:00] b00269 /home/bob/src/mess/.maw/workspaces/bn-1zv6/spikes/pwritev_group/target/release/pwritev_group boundary-auto pwritev_256_4m process 8388607 1024 4
stdout:
variant,mode,target_bytes,physical_batches,writers,iterations,stop_reason,events,bytes,write_syscalls,short_writes,interrupted,max_iovecs,copied_bytes,barriers,cpu_ns,wall_ns,p50_ns,p95_ns,p99_ns,min_payload,max_payload,load1_before,load1_after
pwritev_256_4m,process,8388607,1024,4,9,bytes,9216,75497463,36,0,0,256,0,0,5745401,5791026,617720,735789,735789,8075,8076,1.430,1.430
stderr:

[2026-07-15T19:04:33.173643+00:00] b00270 /home/bob/src/mess/.maw/workspaces/bn-1zv6/spikes/pwritev_group/target/release/pwritev_group boundary-auto k_pwrite process 8388607 1024 4
stdout:
variant,mode,target_bytes,physical_batches,writers,iterations,stop_reason,events,bytes,write_syscalls,short_writes,interrupted,max_iovecs,copied_bytes,barriers,cpu_ns,wall_ns,p50_ns,p95_ns,p99_ns,min_payload,max_payload,load1_before,load1_after
k_pwrite,process,8388607,1024,4,9,bytes,9216,75497463,9216,0,0,0,0,0,21393566,21597214,2386018,2629948,2629948,8075,8076,1.430,1.430
stderr:

[2026-07-15T19:04:34.194599+00:00] b00271 /home/bob/src/mess/.maw/workspaces/bn-1zv6/spikes/pwritev_group/target/release/pwritev_group boundary-auto k_pwrite process 8388607 1024 4
stdout:
variant,mode,target_bytes,physical_batches,writers,iterations,stop_reason,events,bytes,write_syscalls,short_writes,interrupted,max_iovecs,copied_bytes,barriers,cpu_ns,wall_ns,p50_ns,p95_ns,p99_ns,min_payload,max_payload,load1_before,load1_after
k_pwrite,process,8388607,1024,4,9,bytes,9216,75497463,9216,0,0,0,0,0,21134345,21325085,2314368,2641358,2641358,8075,8076,1.430,1.430
stderr:

[2026-07-15T19:04:35.218146+00:00] b00272 /home/bob/src/mess/.maw/workspaces/bn-1zv6/spikes/pwritev_group/target/release/pwritev_group boundary-auto pwritev_256_4m process 8388607 1024 4
stdout:
variant,mode,target_bytes,physical_batches,writers,iterations,stop_reason,events,bytes,write_syscalls,short_writes,interrupted,max_iovecs,copied_bytes,barriers,cpu_ns,wall_ns,p50_ns,p95_ns,p99_ns,min_payload,max_payload,load1_before,load1_after
pwritev_256_4m,process,8388607,1024,4,9,bytes,9216,75497463,36,0,0,256,0,0,5511662,5560066,580820,761079,761079,8075,8076,1.430,1.430
stderr:

[2026-07-15T19:04:36.246376+00:00] b00273 /home/bob/src/mess/.maw/workspaces/bn-1zv6/spikes/pwritev_group/target/release/pwritev_group boundary-auto k_pwrite process 8388607 1024 4
stdout:
variant,mode,target_bytes,physical_batches,writers,iterations,stop_reason,events,bytes,write_syscalls,short_writes,interrupted,max_iovecs,copied_bytes,barriers,cpu_ns,wall_ns,p50_ns,p95_ns,p99_ns,min_payload,max_payload,load1_before,load1_after
k_pwrite,process,8388607,1024,4,9,bytes,9216,75497463,9216,0,0,0,0,0,21389815,21562654,2406699,2441988,2441988,8075,8076,1.430,1.430
stderr:

[2026-07-15T19:04:37.272744+00:00] b00274 /home/bob/src/mess/.maw/workspaces/bn-1zv6/spikes/pwritev_group/target/release/pwritev_group boundary-auto pwritev_64_1m process 8388607 1024 4
stdout:
variant,mode,target_bytes,physical_batches,writers,iterations,stop_reason,events,bytes,write_syscalls,short_writes,interrupted,max_iovecs,copied_bytes,barriers,cpu_ns,wall_ns,p50_ns,p95_ns,p99_ns,min_payload,max_payload,load1_before,load1_after
pwritev_64_1m,process,8388607,1024,4,9,bytes,9216,75497463,144,0,0,64,0,0,5867781,5911075,644439,790189,790189,8075,8076,1.400,1.400
stderr:

[2026-07-15T19:04:38.300631+00:00] b00275 /home/bob/src/mess/.maw/workspaces/bn-1zv6/spikes/pwritev_group/target/release/pwritev_group boundary-auto pwritev_64_1m process 8388607 1024 4
stdout:
variant,mode,target_bytes,physical_batches,writers,iterations,stop_reason,events,bytes,write_syscalls,short_writes,interrupted,max_iovecs,copied_bytes,barriers,cpu_ns,wall_ns,p50_ns,p95_ns,p99_ns,min_payload,max_payload,load1_before,load1_after
pwritev_64_1m,process,8388607,1024,4,9,bytes,9216,75497463,144,0,0,64,0,0,5763801,5824296,635829,712100,712100,8075,8076,1.400,1.400
stderr:

[2026-07-15T19:04:39.328085+00:00] b00276 /home/bob/src/mess/.maw/workspaces/bn-1zv6/spikes/pwritev_group/target/release/pwritev_group boundary-auto k_pwrite process 8388607 1024 4
stdout:
variant,mode,target_bytes,physical_batches,writers,iterations,stop_reason,events,bytes,write_syscalls,short_writes,interrupted,max_iovecs,copied_bytes,barriers,cpu_ns,wall_ns,p50_ns,p95_ns,p99_ns,min_payload,max_payload,load1_before,load1_after
k_pwrite,process,8388607,1024,4,9,bytes,9216,75497463,9216,0,0,0,0,0,20973586,21127625,2344118,2464938,2464938,8075,8076,1.400,1.400
stderr:

[2026-07-15T19:04:40.355759+00:00] b00277 /home/bob/src/mess/.maw/workspaces/bn-1zv6/spikes/pwritev_group/target/release/pwritev_group boundary-auto copy_contiguous process 8388607 1024 4
stdout:
variant,mode,target_bytes,physical_batches,writers,iterations,stop_reason,events,bytes,write_syscalls,short_writes,interrupted,max_iovecs,copied_bytes,barriers,cpu_ns,wall_ns,p50_ns,p95_ns,p99_ns,min_payload,max_payload,load1_before,load1_after
copy_contiguous,process,8388607,1024,4,9,bytes,9216,75497463,9,0,0,0,75497463,0,13672594,13798970,1511839,1621909,1621909,8075,8076,1.400,1.400
stderr:

[2026-07-15T19:04:41.383574+00:00] b00278 /home/bob/src/mess/.maw/workspaces/bn-1zv6/spikes/pwritev_group/target/release/pwritev_group boundary-auto k_pwrite process 8388607 1024 4
stdout:
variant,mode,target_bytes,physical_batches,writers,iterations,stop_reason,events,bytes,write_syscalls,short_writes,interrupted,max_iovecs,copied_bytes,barriers,cpu_ns,wall_ns,p50_ns,p95_ns,p99_ns,min_payload,max_payload,load1_before,load1_after
k_pwrite,process,8388607,1024,4,9,bytes,9216,75497463,9216,0,0,0,0,0,21738605,21903415,2436268,2581818,2581818,8075,8076,1.400,1.400
stderr:

[2026-07-15T19:04:42.405521+00:00] b00279 /home/bob/src/mess/.maw/workspaces/bn-1zv6/spikes/pwritev_group/target/release/pwritev_group boundary-auto k_pwrite process 8388607 1024 4
stdout:
variant,mode,target_bytes,physical_batches,writers,iterations,stop_reason,events,bytes,write_syscalls,short_writes,interrupted,max_iovecs,copied_bytes,barriers,cpu_ns,wall_ns,p50_ns,p95_ns,p99_ns,min_payload,max_payload,load1_before,load1_after
k_pwrite,process,8388607,1024,4,9,bytes,9216,75497463,9216,0,0,0,0,0,20925895,21062655,2290309,2623498,2623498,8075,8076,1.360,1.360
stderr:

[2026-07-15T19:04:43.433858+00:00] b00280 /home/bob/src/mess/.maw/workspaces/bn-1zv6/spikes/pwritev_group/target/release/pwritev_group boundary-auto copy_contiguous process 8388607 1024 4
stdout:
variant,mode,target_bytes,physical_batches,writers,iterations,stop_reason,events,bytes,write_syscalls,short_writes,interrupted,max_iovecs,copied_bytes,barriers,cpu_ns,wall_ns,p50_ns,p95_ns,p99_ns,min_payload,max_payload,load1_before,load1_after
copy_contiguous,process,8388607,1024,4,9,bytes,9216,75497463,9,0,0,0,75497463,0,13528623,13653821,1514259,1563869,1563869,8075,8076,1.360,1.360
stderr:

[2026-07-15T19:04:44.461303+00:00] b00281 /home/bob/src/mess/.maw/workspaces/bn-1zv6/spikes/pwritev_group/target/release/pwritev_group boundary-auto k_pwrite process 8388608 1024 4
stdout:
variant,mode,target_bytes,physical_batches,writers,iterations,stop_reason,events,bytes,write_syscalls,short_writes,interrupted,max_iovecs,copied_bytes,barriers,cpu_ns,wall_ns,p50_ns,p95_ns,p99_ns,min_payload,max_payload,load1_before,load1_after
k_pwrite,process,8388608,1024,4,8,bytes,8192,67108864,8192,0,0,0,0,0,18258934,18443906,2305068,2406898,2406898,8076,8076,1.360,1.360
stderr:

[2026-07-15T19:04:45.482507+00:00] b00282 /home/bob/src/mess/.maw/workspaces/bn-1zv6/spikes/pwritev_group/target/release/pwritev_group boundary-auto pwritev_full_1m process 8388608 1024 4
stdout:
variant,mode,target_bytes,physical_batches,writers,iterations,stop_reason,events,bytes,write_syscalls,short_writes,interrupted,max_iovecs,copied_bytes,barriers,cpu_ns,wall_ns,p50_ns,p95_ns,p99_ns,min_payload,max_payload,load1_before,load1_after
pwritev_full_1m,process,8388608,1024,4,8,bytes,8192,67108864,64,0,0,128,0,0,4857601,4880257,608409,643850,643850,8076,8076,1.360,1.360
stderr:

[2026-07-15T19:04:46.509464+00:00] b00283 /home/bob/src/mess/.maw/workspaces/bn-1zv6/spikes/pwritev_group/target/release/pwritev_group boundary-auto pwritev_full_1m process 8388608 1024 4
stdout:
variant,mode,target_bytes,physical_batches,writers,iterations,stop_reason,events,bytes,write_syscalls,short_writes,interrupted,max_iovecs,copied_bytes,barriers,cpu_ns,wall_ns,p50_ns,p95_ns,p99_ns,min_payload,max_payload,load1_before,load1_after
pwritev_full_1m,process,8388608,1024,4,8,bytes,8192,67108864,64,0,0,128,0,0,4845801,4883796,613400,645890,645890,8076,8076,1.360,1.360
stderr:

[2026-07-15T19:04:47.537301+00:00] b00284 /home/bob/src/mess/.maw/workspaces/bn-1zv6/spikes/pwritev_group/target/release/pwritev_group boundary-auto k_pwrite process 8388608 1024 4
stdout:
variant,mode,target_bytes,physical_batches,writers,iterations,stop_reason,events,bytes,write_syscalls,short_writes,interrupted,max_iovecs,copied_bytes,barriers,cpu_ns,wall_ns,p50_ns,p95_ns,p99_ns,min_payload,max_payload,load1_before,load1_after
k_pwrite,process,8388608,1024,4,8,bytes,8192,67108864,8192,0,0,0,0,0,18330954,18494456,2289698,2444498,2444498,8076,8076,2.460,2.460
stderr:

[2026-07-15T19:04:48.564634+00:00] b00285 /home/bob/src/mess/.maw/workspaces/bn-1zv6/spikes/pwritev_group/target/release/pwritev_group boundary-auto pwritev_full_4m process 8388608 1024 4
stdout:
variant,mode,target_bytes,physical_batches,writers,iterations,stop_reason,events,bytes,write_syscalls,short_writes,interrupted,max_iovecs,copied_bytes,barriers,cpu_ns,wall_ns,p50_ns,p95_ns,p99_ns,min_payload,max_payload,load1_before,load1_after
pwritev_full_4m,process,8388608,1024,4,8,bytes,8192,67108864,16,0,0,512,0,0,4489131,4516797,563270,576960,576960,8076,8076,2.460,2.460
stderr:

[2026-07-15T19:04:49.586186+00:00] b00286 /home/bob/src/mess/.maw/workspaces/bn-1zv6/spikes/pwritev_group/target/release/pwritev_group boundary-auto k_pwrite process 8388608 1024 4
stdout:
variant,mode,target_bytes,physical_batches,writers,iterations,stop_reason,events,bytes,write_syscalls,short_writes,interrupted,max_iovecs,copied_bytes,barriers,cpu_ns,wall_ns,p50_ns,p95_ns,p99_ns,min_payload,max_payload,load1_before,load1_after
k_pwrite,process,8388608,1024,4,8,bytes,8192,67108864,8192,0,0,0,0,0,18680235,18825856,2332459,2484818,2484818,8076,8076,2.460,2.460
stderr:

[2026-07-15T19:04:50.607656+00:00] b00287 /home/bob/src/mess/.maw/workspaces/bn-1zv6/spikes/pwritev_group/target/release/pwritev_group boundary-auto k_pwrite process 8388608 1024 4
stdout:
variant,mode,target_bytes,physical_batches,writers,iterations,stop_reason,events,bytes,write_syscalls,short_writes,interrupted,max_iovecs,copied_bytes,barriers,cpu_ns,wall_ns,p50_ns,p95_ns,p99_ns,min_payload,max_payload,load1_before,load1_after
k_pwrite,process,8388608,1024,4,8,bytes,8192,67108864,8192,0,0,0,0,0,19347245,19547326,2454748,2659289,2659289,8076,8076,2.460,2.460
stderr:

[2026-07-15T19:04:51.629141+00:00] b00288 /home/bob/src/mess/.maw/workspaces/bn-1zv6/spikes/pwritev_group/target/release/pwritev_group boundary-auto pwritev_full_4m process 8388608 1024 4
stdout:
variant,mode,target_bytes,physical_batches,writers,iterations,stop_reason,events,bytes,write_syscalls,short_writes,interrupted,max_iovecs,copied_bytes,barriers,cpu_ns,wall_ns,p50_ns,p95_ns,p99_ns,min_payload,max_payload,load1_before,load1_after
pwritev_full_4m,process,8388608,1024,4,8,bytes,8192,67108864,16,0,0,512,0,0,4563451,4594507,576909,592270,592270,8076,8076,2.460,2.460
stderr:

[2026-07-15T19:04:52.656895+00:00] b00289 /home/bob/src/mess/.maw/workspaces/bn-1zv6/spikes/pwritev_group/target/release/pwritev_group boundary-auto k_pwrite process 8388608 1024 4
stdout:
variant,mode,target_bytes,physical_batches,writers,iterations,stop_reason,events,bytes,write_syscalls,short_writes,interrupted,max_iovecs,copied_bytes,barriers,cpu_ns,wall_ns,p50_ns,p95_ns,p99_ns,min_payload,max_payload,load1_before,load1_after
k_pwrite,process,8388608,1024,4,8,bytes,8192,67108864,8192,0,0,0,0,0,19213625,19396306,2450148,2591958,2591958,8076,8076,2.420,2.420
stderr:

[2026-07-15T19:04:53.684203+00:00] b00290 /home/bob/src/mess/.maw/workspaces/bn-1zv6/spikes/pwritev_group/target/release/pwritev_group boundary-auto pwritev_full_8m process 8388608 1024 4
stdout:
variant,mode,target_bytes,physical_batches,writers,iterations,stop_reason,events,bytes,write_syscalls,short_writes,interrupted,max_iovecs,copied_bytes,barriers,cpu_ns,wall_ns,p50_ns,p95_ns,p99_ns,min_payload,max_payload,load1_before,load1_after
pwritev_full_8m,process,8388608,1024,4,8,bytes,8192,67108864,8,0,0,1024,0,0,4697581,4747797,549799,780780,780780,8076,8076,2.420,2.420
stderr:

[2026-07-15T19:04:54.711842+00:00] b00291 /home/bob/src/mess/.maw/workspaces/bn-1zv6/spikes/pwritev_group/target/release/pwritev_group boundary-auto pwritev_full_8m process 8388608 1024 4
stdout:
variant,mode,target_bytes,physical_batches,writers,iterations,stop_reason,events,bytes,write_syscalls,short_writes,interrupted,max_iovecs,copied_bytes,barriers,cpu_ns,wall_ns,p50_ns,p95_ns,p99_ns,min_payload,max_payload,load1_before,load1_after
pwritev_full_8m,process,8388608,1024,4,8,bytes,8192,67108864,8,0,0,1024,0,0,4394461,4415927,554889,569820,569820,8076,8076,2.420,2.420
stderr:

[2026-07-15T19:04:55.739591+00:00] b00292 /home/bob/src/mess/.maw/workspaces/bn-1zv6/spikes/pwritev_group/target/release/pwritev_group boundary-auto k_pwrite process 8388608 1024 4
stdout:
variant,mode,target_bytes,physical_batches,writers,iterations,stop_reason,events,bytes,write_syscalls,short_writes,interrupted,max_iovecs,copied_bytes,barriers,cpu_ns,wall_ns,p50_ns,p95_ns,p99_ns,min_payload,max_payload,load1_before,load1_after
k_pwrite,process,8388608,1024,4,8,bytes,8192,67108864,8192,0,0,0,0,0,18971414,19123886,2347768,2574298,2574298,8076,8076,2.420,2.420
stderr:

[2026-07-15T19:04:56.767013+00:00] b00293 /home/bob/src/mess/.maw/workspaces/bn-1zv6/spikes/pwritev_group/target/release/pwritev_group boundary-auto pwritev_256_4m process 8388608 1024 4
stdout:
variant,mode,target_bytes,physical_batches,writers,iterations,stop_reason,events,bytes,write_syscalls,short_writes,interrupted,max_iovecs,copied_bytes,barriers,cpu_ns,wall_ns,p50_ns,p95_ns,p99_ns,min_payload,max_payload,load1_before,load1_after
pwritev_256_4m,process,8388608,1024,4,8,bytes,8192,67108864,32,0,0,256,0,0,4654101,4703457,571059,693250,693250,8076,8076,2.420,2.420
stderr:

[2026-07-15T19:04:57.788555+00:00] b00294 /home/bob/src/mess/.maw/workspaces/bn-1zv6/spikes/pwritev_group/target/release/pwritev_group boundary-auto k_pwrite process 8388608 1024 4
stdout:
variant,mode,target_bytes,physical_batches,writers,iterations,stop_reason,events,bytes,write_syscalls,short_writes,interrupted,max_iovecs,copied_bytes,barriers,cpu_ns,wall_ns,p50_ns,p95_ns,p99_ns,min_payload,max_payload,load1_before,load1_after
k_pwrite,process,8388608,1024,4,8,bytes,8192,67108864,8192,0,0,0,0,0,18837655,19098096,2333478,2671079,2671079,8076,8076,2.230,2.230
stderr:

[2026-07-15T19:04:58.816085+00:00] b00295 /home/bob/src/mess/.maw/workspaces/bn-1zv6/spikes/pwritev_group/target/release/pwritev_group boundary-auto k_pwrite process 8388608 1024 4
stdout:
variant,mode,target_bytes,physical_batches,writers,iterations,stop_reason,events,bytes,write_syscalls,short_writes,interrupted,max_iovecs,copied_bytes,barriers,cpu_ns,wall_ns,p50_ns,p95_ns,p99_ns,min_payload,max_payload,load1_before,load1_after
k_pwrite,process,8388608,1024,4,8,bytes,8192,67108864,8192,0,0,0,0,0,19286105,19488206,2472248,2599388,2599388,8076,8076,2.230,2.230
stderr:

[2026-07-15T19:04:59.843692+00:00] b00296 /home/bob/src/mess/.maw/workspaces/bn-1zv6/spikes/pwritev_group/target/release/pwritev_group boundary-auto pwritev_256_4m process 8388608 1024 4
stdout:
variant,mode,target_bytes,physical_batches,writers,iterations,stop_reason,events,bytes,write_syscalls,short_writes,interrupted,max_iovecs,copied_bytes,barriers,cpu_ns,wall_ns,p50_ns,p95_ns,p99_ns,min_payload,max_payload,load1_before,load1_after
pwritev_256_4m,process,8388608,1024,4,8,bytes,8192,67108864,32,0,0,256,0,0,4597191,4635237,578509,594480,594480,8076,8076,2.230,2.230
stderr:

[2026-07-15T19:05:00.865566+00:00] b00297 /home/bob/src/mess/.maw/workspaces/bn-1zv6/spikes/pwritev_group/target/release/pwritev_group boundary-auto k_pwrite process 8388608 1024 4
stdout:
variant,mode,target_bytes,physical_batches,writers,iterations,stop_reason,events,bytes,write_syscalls,short_writes,interrupted,max_iovecs,copied_bytes,barriers,cpu_ns,wall_ns,p50_ns,p95_ns,p99_ns,min_payload,max_payload,load1_before,load1_after
k_pwrite,process,8388608,1024,4,8,bytes,8192,67108864,8192,0,0,0,0,0,18518805,18687697,2327628,2532698,2532698,8076,8076,2.230,2.230
stderr:

[2026-07-15T19:05:01.892639+00:00] b00298 /home/bob/src/mess/.maw/workspaces/bn-1zv6/spikes/pwritev_group/target/release/pwritev_group boundary-auto pwritev_64_1m process 8388608 1024 4
stdout:
variant,mode,target_bytes,physical_batches,writers,iterations,stop_reason,events,bytes,write_syscalls,short_writes,interrupted,max_iovecs,copied_bytes,barriers,cpu_ns,wall_ns,p50_ns,p95_ns,p99_ns,min_payload,max_payload,load1_before,load1_after
pwritev_64_1m,process,8388608,1024,4,8,bytes,8192,67108864,128,0,0,64,0,0,5438841,5472696,687779,713479,713479,8076,8076,2.230,2.230
stderr:

[2026-07-15T19:05:02.920876+00:00] b00299 /home/bob/src/mess/.maw/workspaces/bn-1zv6/spikes/pwritev_group/target/release/pwritev_group boundary-auto pwritev_64_1m process 8388608 1024 4
stdout:
variant,mode,target_bytes,physical_batches,writers,iterations,stop_reason,events,bytes,write_syscalls,short_writes,interrupted,max_iovecs,copied_bytes,barriers,cpu_ns,wall_ns,p50_ns,p95_ns,p99_ns,min_payload,max_payload,load1_before,load1_after
pwritev_64_1m,process,8388608,1024,4,8,bytes,8192,67108864,128,0,0,64,0,0,5091912,5122427,638729,654170,654170,8076,8076,2.050,2.050
stderr:

[2026-07-15T19:05:03.949515+00:00] b00300 /home/bob/src/mess/.maw/workspaces/bn-1zv6/spikes/pwritev_group/target/release/pwritev_group boundary-auto k_pwrite process 8388608 1024 4
stdout:
variant,mode,target_bytes,physical_batches,writers,iterations,stop_reason,events,bytes,write_syscalls,short_writes,interrupted,max_iovecs,copied_bytes,barriers,cpu_ns,wall_ns,p50_ns,p95_ns,p99_ns,min_payload,max_payload,load1_before,load1_after
k_pwrite,process,8388608,1024,4,8,bytes,8192,67108864,8192,0,0,0,0,0,18758185,18917856,2354669,2484658,2484658,8076,8076,2.050,2.050
stderr:

[2026-07-15T19:05:04.971342+00:00] b00301 /home/bob/src/mess/.maw/workspaces/bn-1zv6/spikes/pwritev_group/target/release/pwritev_group boundary-auto copy_contiguous process 8388608 1024 4
stdout:
variant,mode,target_bytes,physical_batches,writers,iterations,stop_reason,events,bytes,write_syscalls,short_writes,interrupted,max_iovecs,copied_bytes,barriers,cpu_ns,wall_ns,p50_ns,p95_ns,p99_ns,min_payload,max_payload,load1_before,load1_after
copy_contiguous,process,8388608,1024,4,8,bytes,8192,67108864,8,0,0,0,67108864,0,12468164,12620161,1548359,1753719,1753719,8076,8076,2.050,2.050
stderr:

[2026-07-15T19:05:05.999145+00:00] b00302 /home/bob/src/mess/.maw/workspaces/bn-1zv6/spikes/pwritev_group/target/release/pwritev_group boundary-auto k_pwrite process 8388608 1024 4
stdout:
variant,mode,target_bytes,physical_batches,writers,iterations,stop_reason,events,bytes,write_syscalls,short_writes,interrupted,max_iovecs,copied_bytes,barriers,cpu_ns,wall_ns,p50_ns,p95_ns,p99_ns,min_payload,max_payload,load1_before,load1_after
k_pwrite,process,8388608,1024,4,8,bytes,8192,67108864,8192,0,0,0,0,0,18331925,18480127,2319188,2443438,2443438,8076,8076,2.050,2.050
stderr:

[2026-07-15T19:05:07.026636+00:00] b00303 /home/bob/src/mess/.maw/workspaces/bn-1zv6/spikes/pwritev_group/target/release/pwritev_group boundary-auto k_pwrite process 8388608 1024 4
stdout:
variant,mode,target_bytes,physical_batches,writers,iterations,stop_reason,events,bytes,write_syscalls,short_writes,interrupted,max_iovecs,copied_bytes,barriers,cpu_ns,wall_ns,p50_ns,p95_ns,p99_ns,min_payload,max_payload,load1_before,load1_after
k_pwrite,process,8388608,1024,4,8,bytes,8192,67108864,8192,0,0,0,0,0,19569665,19724696,2508849,2585698,2585698,8076,8076,2.050,2.050
stderr:

[2026-07-15T19:05:08.054493+00:00] b00304 /home/bob/src/mess/.maw/workspaces/bn-1zv6/spikes/pwritev_group/target/release/pwritev_group boundary-auto copy_contiguous process 8388608 1024 4
stdout:
variant,mode,target_bytes,physical_batches,writers,iterations,stop_reason,events,bytes,write_syscalls,short_writes,interrupted,max_iovecs,copied_bytes,barriers,cpu_ns,wall_ns,p50_ns,p95_ns,p99_ns,min_payload,max_payload,load1_before,load1_after
copy_contiguous,process,8388608,1024,4,8,bytes,8192,67108864,8,0,0,0,67108864,0,12887133,13048751,1616269,1779789,1779789,8076,8076,2.040,2.040
stderr:

[2026-07-15T19:05:09.081821+00:00] b00305 /home/bob/src/mess/.maw/workspaces/bn-1zv6/spikes/pwritev_group/target/release/pwritev_group boundary-auto k_pwrite process 8388609 1024 4
stdout:
variant,mode,target_bytes,physical_batches,writers,iterations,stop_reason,events,bytes,write_syscalls,short_writes,interrupted,max_iovecs,copied_bytes,barriers,cpu_ns,wall_ns,p50_ns,p95_ns,p99_ns,min_payload,max_payload,load1_before,load1_after
k_pwrite,process,8388609,1024,4,8,bytes,8192,67108872,8192,0,0,0,0,0,18441085,18569957,2254288,2702538,2702538,8076,8077,2.040,2.040
stderr:

[2026-07-15T19:05:10.109352+00:00] b00306 /home/bob/src/mess/.maw/workspaces/bn-1zv6/spikes/pwritev_group/target/release/pwritev_group boundary-auto pwritev_full_1m process 8388609 1024 4
stdout:
variant,mode,target_bytes,physical_batches,writers,iterations,stop_reason,events,bytes,write_syscalls,short_writes,interrupted,max_iovecs,copied_bytes,barriers,cpu_ns,wall_ns,p50_ns,p95_ns,p99_ns,min_payload,max_payload,load1_before,load1_after
pwritev_full_1m,process,8388609,1024,4,8,bytes,8192,67108872,72,0,0,129,0,0,4860352,4892637,604939,647100,647100,8076,8077,2.040,2.040
stderr:

[2026-07-15T19:05:11.136723+00:00] b00307 /home/bob/src/mess/.maw/workspaces/bn-1zv6/spikes/pwritev_group/target/release/pwritev_group boundary-auto pwritev_full_1m process 8388609 1024 4
stdout:
variant,mode,target_bytes,physical_batches,writers,iterations,stop_reason,events,bytes,write_syscalls,short_writes,interrupted,max_iovecs,copied_bytes,barriers,cpu_ns,wall_ns,p50_ns,p95_ns,p99_ns,min_payload,max_payload,load1_before,load1_after
pwritev_full_1m,process,8388609,1024,4,8,bytes,8192,67108872,72,0,0,129,0,0,5270421,5346216,649219,866529,866529,8076,8077,2.040,2.040
stderr:

[2026-07-15T19:05:12.164885+00:00] b00308 /home/bob/src/mess/.maw/workspaces/bn-1zv6/spikes/pwritev_group/target/release/pwritev_group boundary-auto k_pwrite process 8388609 1024 4
stdout:
variant,mode,target_bytes,physical_batches,writers,iterations,stop_reason,events,bytes,write_syscalls,short_writes,interrupted,max_iovecs,copied_bytes,barriers,cpu_ns,wall_ns,p50_ns,p95_ns,p99_ns,min_payload,max_payload,load1_before,load1_after
k_pwrite,process,8388609,1024,4,8,bytes,8192,67108872,8192,0,0,0,0,0,18155315,18276827,2265048,2419488,2419488,8076,8077,2.040,2.040
stderr:

[2026-07-15T19:05:13.192951+00:00] b00309 /home/bob/src/mess/.maw/workspaces/bn-1zv6/spikes/pwritev_group/target/release/pwritev_group boundary-auto pwritev_full_4m process 8388609 1024 4
stdout:
variant,mode,target_bytes,physical_batches,writers,iterations,stop_reason,events,bytes,write_syscalls,short_writes,interrupted,max_iovecs,copied_bytes,barriers,cpu_ns,wall_ns,p50_ns,p95_ns,p99_ns,min_payload,max_payload,load1_before,load1_after
pwritev_full_4m,process,8388609,1024,4,8,bytes,8192,67108872,24,0,0,513,0,0,4592031,4622227,576000,604650,604650,8076,8077,2.040,2.040
stderr:

[2026-07-15T19:05:14.220191+00:00] b00310 /home/bob/src/mess/.maw/workspaces/bn-1zv6/spikes/pwritev_group/target/release/pwritev_group boundary-auto k_pwrite process 8388609 1024 4
stdout:
variant,mode,target_bytes,physical_batches,writers,iterations,stop_reason,events,bytes,write_syscalls,short_writes,interrupted,max_iovecs,copied_bytes,barriers,cpu_ns,wall_ns,p50_ns,p95_ns,p99_ns,min_payload,max_payload,load1_before,load1_after
k_pwrite,process,8388609,1024,4,8,bytes,8192,67108872,8192,0,0,0,0,0,18635475,18800036,2333308,2494888,2494888,8076,8077,2.040,2.040
stderr:

[2026-07-15T19:05:15.247802+00:00] b00311 /home/bob/src/mess/.maw/workspaces/bn-1zv6/spikes/pwritev_group/target/release/pwritev_group boundary-auto k_pwrite process 8388609 1024 4
stdout:
variant,mode,target_bytes,physical_batches,writers,iterations,stop_reason,events,bytes,write_syscalls,short_writes,interrupted,max_iovecs,copied_bytes,barriers,cpu_ns,wall_ns,p50_ns,p95_ns,p99_ns,min_payload,max_payload,load1_before,load1_after
k_pwrite,process,8388609,1024,4,8,bytes,8192,67108872,8192,0,0,0,0,0,17862004,17983647,2223669,2331508,2331508,8076,8077,2.040,2.040
stderr:

[2026-07-15T19:05:16.275220+00:00] b00312 /home/bob/src/mess/.maw/workspaces/bn-1zv6/spikes/pwritev_group/target/release/pwritev_group boundary-auto pwritev_full_4m process 8388609 1024 4
stdout:
variant,mode,target_bytes,physical_batches,writers,iterations,stop_reason,events,bytes,write_syscalls,short_writes,interrupted,max_iovecs,copied_bytes,barriers,cpu_ns,wall_ns,p50_ns,p95_ns,p99_ns,min_payload,max_payload,load1_before,load1_after
pwritev_full_4m,process,8388609,1024,4,8,bytes,8192,67108872,24,0,0,513,0,0,4509122,4549837,566769,602150,602150,8076,8077,2.040,2.040
stderr:

[2026-07-15T19:05:17.303001+00:00] b00313 /home/bob/src/mess/.maw/workspaces/bn-1zv6/spikes/pwritev_group/target/release/pwritev_group boundary-auto k_pwrite process 8388609 1024 4
stdout:
variant,mode,target_bytes,physical_batches,writers,iterations,stop_reason,events,bytes,write_syscalls,short_writes,interrupted,max_iovecs,copied_bytes,barriers,cpu_ns,wall_ns,p50_ns,p95_ns,p99_ns,min_payload,max_payload,load1_before,load1_after
k_pwrite,process,8388609,1024,4,8,bytes,8192,67108872,8192,0,0,0,0,0,19075365,19222376,2437328,2520229,2520229,8076,8077,2.040,2.040
stderr:

[2026-07-15T19:05:18.330329+00:00] b00314 /home/bob/src/mess/.maw/workspaces/bn-1zv6/spikes/pwritev_group/target/release/pwritev_group boundary-auto pwritev_full_8m process 8388609 1024 4
stdout:
variant,mode,target_bytes,physical_batches,writers,iterations,stop_reason,events,bytes,write_syscalls,short_writes,interrupted,max_iovecs,copied_bytes,barriers,cpu_ns,wall_ns,p50_ns,p95_ns,p99_ns,min_payload,max_payload,load1_before,load1_after
pwritev_full_8m,process,8388609,1024,4,8,bytes,8192,67108872,16,0,0,1024,0,0,6957672,7065945,798830,1241889,1241889,8076,8077,2.040,2.040
stderr:

[2026-07-15T19:05:19.352174+00:00] b00315 /home/bob/src/mess/.maw/workspaces/bn-1zv6/spikes/pwritev_group/target/release/pwritev_group boundary-auto pwritev_full_8m process 8388609 1024 4
stdout:
variant,mode,target_bytes,physical_batches,writers,iterations,stop_reason,events,bytes,write_syscalls,short_writes,interrupted,max_iovecs,copied_bytes,barriers,cpu_ns,wall_ns,p50_ns,p95_ns,p99_ns,min_payload,max_payload,load1_before,load1_after
pwritev_full_8m,process,8388609,1024,4,8,bytes,8192,67108872,16,0,0,1024,0,0,4658912,4685307,576899,650970,650970,8076,8077,2.040,2.040
stderr:

[2026-07-15T19:05:20.380632+00:00] b00316 /home/bob/src/mess/.maw/workspaces/bn-1zv6/spikes/pwritev_group/target/release/pwritev_group boundary-auto k_pwrite process 8388609 1024 4
stdout:
variant,mode,target_bytes,physical_batches,writers,iterations,stop_reason,events,bytes,write_syscalls,short_writes,interrupted,max_iovecs,copied_bytes,barriers,cpu_ns,wall_ns,p50_ns,p95_ns,p99_ns,min_payload,max_payload,load1_before,load1_after
k_pwrite,process,8388609,1024,4,8,bytes,8192,67108872,8192,0,0,0,0,0,18360825,18494446,2274918,2599128,2599128,8076,8077,2.040,2.040
stderr:

[2026-07-15T19:05:21.409044+00:00] b00317 /home/bob/src/mess/.maw/workspaces/bn-1zv6/spikes/pwritev_group/target/release/pwritev_group boundary-auto pwritev_256_4m process 8388609 1024 4
stdout:
variant,mode,target_bytes,physical_batches,writers,iterations,stop_reason,events,bytes,write_syscalls,short_writes,interrupted,max_iovecs,copied_bytes,barriers,cpu_ns,wall_ns,p50_ns,p95_ns,p99_ns,min_payload,max_payload,load1_before,load1_after
pwritev_256_4m,process,8388609,1024,4,8,bytes,8192,67108872,32,0,0,256,0,0,4616891,4656157,585270,605289,605289,8076,8077,2.040,2.040
stderr:

[2026-07-15T19:05:22.436568+00:00] b00318 /home/bob/src/mess/.maw/workspaces/bn-1zv6/spikes/pwritev_group/target/release/pwritev_group boundary-auto k_pwrite process 8388609 1024 4
stdout:
variant,mode,target_bytes,physical_batches,writers,iterations,stop_reason,events,bytes,write_syscalls,short_writes,interrupted,max_iovecs,copied_bytes,barriers,cpu_ns,wall_ns,p50_ns,p95_ns,p99_ns,min_payload,max_payload,load1_before,load1_after
k_pwrite,process,8388609,1024,4,8,bytes,8192,67108872,8192,0,0,0,0,0,18042115,18198627,2289118,2399458,2399458,8076,8077,1.950,1.950
stderr:

[2026-07-15T19:05:23.463677+00:00] b00319 /home/bob/src/mess/.maw/workspaces/bn-1zv6/spikes/pwritev_group/target/release/pwritev_group boundary-auto k_pwrite process 8388609 1024 4
stdout:
variant,mode,target_bytes,physical_batches,writers,iterations,stop_reason,events,bytes,write_syscalls,short_writes,interrupted,max_iovecs,copied_bytes,barriers,cpu_ns,wall_ns,p50_ns,p95_ns,p99_ns,min_payload,max_payload,load1_before,load1_after
k_pwrite,process,8388609,1024,4,8,bytes,8192,67108872,8192,0,0,0,0,0,18875054,19074597,2372458,2557238,2557238,8076,8077,1.950,1.950
stderr:

[2026-07-15T19:05:24.490978+00:00] b00320 /home/bob/src/mess/.maw/workspaces/bn-1zv6/spikes/pwritev_group/target/release/pwritev_group boundary-auto pwritev_256_4m process 8388609 1024 4
stdout:
variant,mode,target_bytes,physical_batches,writers,iterations,stop_reason,events,bytes,write_syscalls,short_writes,interrupted,max_iovecs,copied_bytes,barriers,cpu_ns,wall_ns,p50_ns,p95_ns,p99_ns,min_payload,max_payload,load1_before,load1_after
pwritev_256_4m,process,8388609,1024,4,8,bytes,8192,67108872,32,0,0,256,0,0,5175971,5243337,583410,890650,890650,8076,8077,1.950,1.950
stderr:

[2026-07-15T19:05:25.519054+00:00] b00321 /home/bob/src/mess/.maw/workspaces/bn-1zv6/spikes/pwritev_group/target/release/pwritev_group boundary-auto k_pwrite process 8388609 1024 4
stdout:
variant,mode,target_bytes,physical_batches,writers,iterations,stop_reason,events,bytes,write_syscalls,short_writes,interrupted,max_iovecs,copied_bytes,barriers,cpu_ns,wall_ns,p50_ns,p95_ns,p99_ns,min_payload,max_payload,load1_before,load1_after
k_pwrite,process,8388609,1024,4,8,bytes,8192,67108872,8192,0,0,0,0,0,19592505,19747916,2444198,2611538,2611538,8076,8077,1.950,1.950
stderr:

[2026-07-15T19:05:26.546761+00:00] b00322 /home/bob/src/mess/.maw/workspaces/bn-1zv6/spikes/pwritev_group/target/release/pwritev_group boundary-auto pwritev_64_1m process 8388609 1024 4
stdout:
variant,mode,target_bytes,physical_batches,writers,iterations,stop_reason,events,bytes,write_syscalls,short_writes,interrupted,max_iovecs,copied_bytes,barriers,cpu_ns,wall_ns,p50_ns,p95_ns,p99_ns,min_payload,max_payload,load1_before,load1_after
pwritev_64_1m,process,8388609,1024,4,8,bytes,8192,67108872,128,0,0,64,0,0,5410521,5474676,638650,879039,879039,8076,8077,1.950,1.950
stderr:

[2026-07-15T19:05:27.574284+00:00] b00323 /home/bob/src/mess/.maw/workspaces/bn-1zv6/spikes/pwritev_group/target/release/pwritev_group boundary-auto pwritev_64_1m process 8388609 1024 4
stdout:
variant,mode,target_bytes,physical_batches,writers,iterations,stop_reason,events,bytes,write_syscalls,short_writes,interrupted,max_iovecs,copied_bytes,barriers,cpu_ns,wall_ns,p50_ns,p95_ns,p99_ns,min_payload,max_payload,load1_before,load1_after
pwritev_64_1m,process,8388609,1024,4,8,bytes,8192,67108872,128,0,0,64,0,0,5058331,5109146,639159,653899,653899,8076,8077,1.880,1.880
stderr:

[2026-07-15T19:05:28.601629+00:00] b00324 /home/bob/src/mess/.maw/workspaces/bn-1zv6/spikes/pwritev_group/target/release/pwritev_group boundary-auto k_pwrite process 8388609 1024 4
stdout:
variant,mode,target_bytes,physical_batches,writers,iterations,stop_reason,events,bytes,write_syscalls,short_writes,interrupted,max_iovecs,copied_bytes,barriers,cpu_ns,wall_ns,p50_ns,p95_ns,p99_ns,min_payload,max_payload,load1_before,load1_after
k_pwrite,process,8388609,1024,4,8,bytes,8192,67108872,8192,0,0,0,0,0,20193355,20379835,2541448,2802718,2802718,8076,8077,1.880,1.880
stderr:

[2026-07-15T19:05:29.621815+00:00] b00325 /home/bob/src/mess/.maw/workspaces/bn-1zv6/spikes/pwritev_group/target/release/pwritev_group boundary-auto pwritev_full_1m process 8820 63 4
stdout:
variant,mode,target_bytes,physical_batches,writers,iterations,stop_reason,events,bytes,write_syscalls,short_writes,interrupted,max_iovecs,copied_bytes,barriers,cpu_ns,wall_ns,p50_ns,p95_ns,p99_ns,min_payload,max_payload,load1_before,load1_after
pwritev_full_1m,process,8820,63,4,7609,bytes,479367,67111380,7609,0,0,63,0,0,31282398,31505888,4010,4070,5020,24,24,1.880,1.880
stderr:

[2026-07-15T19:05:30.649339+00:00] b00326 /home/bob/src/mess/.maw/workspaces/bn-1zv6/spikes/pwritev_group/target/release/pwritev_group boundary-auto k_pwrite process 8820 63 4
stdout:
variant,mode,target_bytes,physical_batches,writers,iterations,stop_reason,events,bytes,write_syscalls,short_writes,interrupted,max_iovecs,copied_bytes,barriers,cpu_ns,wall_ns,p50_ns,p95_ns,p99_ns,min_payload,max_payload,load1_before,load1_after
k_pwrite,process,8820,63,4,7609,bytes,479367,67111380,479367,0,0,0,0,0,351431678,354114368,45730,53450,58070,24,24,1.880,1.880
stderr:

[2026-07-15T19:05:31.676844+00:00] b00327 /home/bob/src/mess/.maw/workspaces/bn-1zv6/spikes/pwritev_group/target/release/pwritev_group boundary-auto k_pwrite process 8820 63 4
stdout:
variant,mode,target_bytes,physical_batches,writers,iterations,stop_reason,events,bytes,write_syscalls,short_writes,interrupted,max_iovecs,copied_bytes,barriers,cpu_ns,wall_ns,p50_ns,p95_ns,p99_ns,min_payload,max_payload,load1_before,load1_after
k_pwrite,process,8820,63,4,7609,bytes,479367,67111380,479367,0,0,0,0,0,349820238,352429269,45580,52490,57260,24,24,1.880,1.880
stderr:

[2026-07-15T19:05:32.707800+00:00] b00328 /home/bob/src/mess/.maw/workspaces/bn-1zv6/spikes/pwritev_group/target/release/pwritev_group boundary-auto pwritev_full_1m process 8820 63 4
stdout:
variant,mode,target_bytes,physical_batches,writers,iterations,stop_reason,events,bytes,write_syscalls,short_writes,interrupted,max_iovecs,copied_bytes,barriers,cpu_ns,wall_ns,p50_ns,p95_ns,p99_ns,min_payload,max_payload,load1_before,load1_after
pwritev_full_1m,process,8820,63,4,7609,bytes,479367,67111380,7609,0,0,63,0,0,31665638,31880907,4010,4830,5370,24,24,1.890,1.890
stderr:

[2026-07-15T19:05:33.735668+00:00] b00329 /home/bob/src/mess/.maw/workspaces/bn-1zv6/spikes/pwritev_group/target/release/pwritev_group boundary-auto k_pwrite process 8820 63 4
stdout:
variant,mode,target_bytes,physical_batches,writers,iterations,stop_reason,events,bytes,write_syscalls,short_writes,interrupted,max_iovecs,copied_bytes,barriers,cpu_ns,wall_ns,p50_ns,p95_ns,p99_ns,min_payload,max_payload,load1_before,load1_after
k_pwrite,process,8820,63,4,7609,bytes,479367,67111380,479367,0,0,0,0,0,350731828,353221199,45920,52120,56440,24,24,1.890,1.890
stderr:

[2026-07-15T19:05:34.764778+00:00] b00330 /home/bob/src/mess/.maw/workspaces/bn-1zv6/spikes/pwritev_group/target/release/pwritev_group boundary-auto copy_contiguous process 8820 63 4
stdout:
variant,mode,target_bytes,physical_batches,writers,iterations,stop_reason,events,bytes,write_syscalls,short_writes,interrupted,max_iovecs,copied_bytes,barriers,cpu_ns,wall_ns,p50_ns,p95_ns,p99_ns,min_payload,max_payload,load1_before,load1_after
copy_contiguous,process,8820,63,4,7609,bytes,479367,67111380,7609,0,0,0,67111380,0,15873014,16042389,1980,2040,2630,24,24,1.890,1.890
stderr:

[2026-07-15T19:05:35.792863+00:00] b00331 /home/bob/src/mess/.maw/workspaces/bn-1zv6/spikes/pwritev_group/target/release/pwritev_group boundary-auto copy_contiguous process 8820 63 4
stdout:
variant,mode,target_bytes,physical_batches,writers,iterations,stop_reason,events,bytes,write_syscalls,short_writes,interrupted,max_iovecs,copied_bytes,barriers,cpu_ns,wall_ns,p50_ns,p95_ns,p99_ns,min_payload,max_payload,load1_before,load1_after
copy_contiguous,process,8820,63,4,7609,bytes,479367,67111380,7609,0,0,0,67111380,0,15793454,15948649,1990,2040,2580,24,24,1.890,1.890
stderr:

[2026-07-15T19:05:36.820524+00:00] b00332 /home/bob/src/mess/.maw/workspaces/bn-1zv6/spikes/pwritev_group/target/release/pwritev_group boundary-auto k_pwrite process 8820 63 4
stdout:
variant,mode,target_bytes,physical_batches,writers,iterations,stop_reason,events,bytes,write_syscalls,short_writes,interrupted,max_iovecs,copied_bytes,barriers,cpu_ns,wall_ns,p50_ns,p95_ns,p99_ns,min_payload,max_payload,load1_before,load1_after
k_pwrite,process,8820,63,4,7609,bytes,479367,67111380,479367,0,0,0,0,0,350688168,352924758,45800,51950,57930,24,24,1.890,1.900
stderr:

[2026-07-15T19:05:37.848034+00:00] b00333 /home/bob/src/mess/.maw/workspaces/bn-1zv6/spikes/pwritev_group/target/release/pwritev_group boundary-auto pwritev_full_1m process 8960 64 4
stdout:
variant,mode,target_bytes,physical_batches,writers,iterations,stop_reason,events,bytes,write_syscalls,short_writes,interrupted,max_iovecs,copied_bytes,barriers,cpu_ns,wall_ns,p50_ns,p95_ns,p99_ns,min_payload,max_payload,load1_before,load1_after
pwritev_full_1m,process,8960,64,4,7490,bytes,479360,67110400,7490,0,0,64,0,0,31050138,31271378,4050,4080,5050,24,24,1.900,1.900
stderr:

[2026-07-15T19:05:38.869799+00:00] b00334 /home/bob/src/mess/.maw/workspaces/bn-1zv6/spikes/pwritev_group/target/release/pwritev_group boundary-auto k_pwrite process 8960 64 4
stdout:
variant,mode,target_bytes,physical_batches,writers,iterations,stop_reason,events,bytes,write_syscalls,short_writes,interrupted,max_iovecs,copied_bytes,barriers,cpu_ns,wall_ns,p50_ns,p95_ns,p99_ns,min_payload,max_payload,load1_before,load1_after
k_pwrite,process,8960,64,4,7490,bytes,479360,67110400,479360,0,0,0,0,0,353744309,356318996,46730,55270,59119,24,24,1.900,1.900
stderr:

[2026-07-15T19:05:39.896645+00:00] b00335 /home/bob/src/mess/.maw/workspaces/bn-1zv6/spikes/pwritev_group/target/release/pwritev_group boundary-auto k_pwrite process 8960 64 4
stdout:
variant,mode,target_bytes,physical_batches,writers,iterations,stop_reason,events,bytes,write_syscalls,short_writes,interrupted,max_iovecs,copied_bytes,barriers,cpu_ns,wall_ns,p50_ns,p95_ns,p99_ns,min_payload,max_payload,load1_before,load1_after
k_pwrite,process,8960,64,4,7490,bytes,479360,67110400,479360,0,0,0,0,0,353861327,356567986,46879,55040,58970,24,24,1.900,1.900
stderr:

[2026-07-15T19:05:40.925120+00:00] b00336 /home/bob/src/mess/.maw/workspaces/bn-1zv6/spikes/pwritev_group/target/release/pwritev_group boundary-auto pwritev_full_1m process 8960 64 4
stdout:
variant,mode,target_bytes,physical_batches,writers,iterations,stop_reason,events,bytes,write_syscalls,short_writes,interrupted,max_iovecs,copied_bytes,barriers,cpu_ns,wall_ns,p50_ns,p95_ns,p99_ns,min_payload,max_payload,load1_before,load1_after
pwritev_full_1m,process,8960,64,4,7490,bytes,479360,67110400,7490,0,0,64,0,0,31537018,31787898,4060,4910,5420,24,24,1.900,1.900
stderr:

[2026-07-15T19:05:41.952525+00:00] b00337 /home/bob/src/mess/.maw/workspaces/bn-1zv6/spikes/pwritev_group/target/release/pwritev_group boundary-auto k_pwrite process 8960 64 4
stdout:
variant,mode,target_bytes,physical_batches,writers,iterations,stop_reason,events,bytes,write_syscalls,short_writes,interrupted,max_iovecs,copied_bytes,barriers,cpu_ns,wall_ns,p50_ns,p95_ns,p99_ns,min_payload,max_payload,load1_before,load1_after
k_pwrite,process,8960,64,4,7490,bytes,479360,67110400,479360,0,0,0,0,0,353081659,355612457,46860,55180,59340,24,24,1.900,1.900
stderr:

[2026-07-15T19:05:42.980404+00:00] b00338 /home/bob/src/mess/.maw/workspaces/bn-1zv6/spikes/pwritev_group/target/release/pwritev_group boundary-auto copy_contiguous process 8960 64 4
stdout:
variant,mode,target_bytes,physical_batches,writers,iterations,stop_reason,events,bytes,write_syscalls,short_writes,interrupted,max_iovecs,copied_bytes,barriers,cpu_ns,wall_ns,p50_ns,p95_ns,p99_ns,min_payload,max_payload,load1_before,load1_after
copy_contiguous,process,8960,64,4,7490,bytes,479360,67110400,7490,0,0,0,67110400,0,15642114,15781559,1990,2050,2650,24,24,1.900,1.900
stderr:

[2026-07-15T19:05:44.009073+00:00] b00339 /home/bob/src/mess/.maw/workspaces/bn-1zv6/spikes/pwritev_group/target/release/pwritev_group boundary-auto copy_contiguous process 8960 64 4
stdout:
variant,mode,target_bytes,physical_batches,writers,iterations,stop_reason,events,bytes,write_syscalls,short_writes,interrupted,max_iovecs,copied_bytes,barriers,cpu_ns,wall_ns,p50_ns,p95_ns,p99_ns,min_payload,max_payload,load1_before,load1_after
copy_contiguous,process,8960,64,4,7490,bytes,479360,67110400,7490,0,0,0,67110400,0,15661814,16019288,2000,2050,2620,24,24,1.900,1.900
stderr:

[2026-07-15T19:05:45.036580+00:00] b00340 /home/bob/src/mess/.maw/workspaces/bn-1zv6/spikes/pwritev_group/target/release/pwritev_group boundary-auto k_pwrite process 8960 64 4
stdout:
variant,mode,target_bytes,physical_batches,writers,iterations,stop_reason,events,bytes,write_syscalls,short_writes,interrupted,max_iovecs,copied_bytes,barriers,cpu_ns,wall_ns,p50_ns,p95_ns,p99_ns,min_payload,max_payload,load1_before,load1_after
k_pwrite,process,8960,64,4,7490,bytes,479360,67110400,479360,0,0,0,0,0,357904110,360674103,46640,58560,60450,24,24,1.900,1.900
stderr:

[2026-07-15T19:05:46.064421+00:00] b00341 /home/bob/src/mess/.maw/workspaces/bn-1zv6/spikes/pwritev_group/target/release/pwritev_group boundary-auto pwritev_full_1m process 9100 65 4
stdout:
variant,mode,target_bytes,physical_batches,writers,iterations,stop_reason,events,bytes,write_syscalls,short_writes,interrupted,max_iovecs,copied_bytes,barriers,cpu_ns,wall_ns,p50_ns,p95_ns,p99_ns,min_payload,max_payload,load1_before,load1_after
pwritev_full_1m,process,9100,65,4,7375,bytes,479375,67112500,7375,0,0,65,0,0,31029448,31244858,4110,4150,5130,24,24,1.900,1.900
stderr:

[2026-07-15T19:05:47.092613+00:00] b00342 /home/bob/src/mess/.maw/workspaces/bn-1zv6/spikes/pwritev_group/target/release/pwritev_group boundary-auto k_pwrite process 9100 65 4
stdout:
variant,mode,target_bytes,physical_batches,writers,iterations,stop_reason,events,bytes,write_syscalls,short_writes,interrupted,max_iovecs,copied_bytes,barriers,cpu_ns,wall_ns,p50_ns,p95_ns,p99_ns,min_payload,max_payload,load1_before,load1_after
k_pwrite,process,9100,65,4,7375,bytes,479375,67112500,479375,0,0,0,0,0,355388440,358336134,47230,58470,60830,24,24,1.900,2.070
stderr:

[2026-07-15T19:05:48.114625+00:00] b00343 /home/bob/src/mess/.maw/workspaces/bn-1zv6/spikes/pwritev_group/target/release/pwritev_group boundary-auto k_pwrite process 9100 65 4
stdout:
variant,mode,target_bytes,physical_batches,writers,iterations,stop_reason,events,bytes,write_syscalls,short_writes,interrupted,max_iovecs,copied_bytes,barriers,cpu_ns,wall_ns,p50_ns,p95_ns,p99_ns,min_payload,max_payload,load1_before,load1_after
k_pwrite,process,9100,65,4,7375,bytes,479375,67112500,479375,0,0,0,0,0,354975790,359109234,47540,56240,60810,24,24,2.070,2.070
stderr:

[2026-07-15T19:05:49.142053+00:00] b00344 /home/bob/src/mess/.maw/workspaces/bn-1zv6/spikes/pwritev_group/target/release/pwritev_group boundary-auto pwritev_full_1m process 9100 65 4
stdout:
variant,mode,target_bytes,physical_batches,writers,iterations,stop_reason,events,bytes,write_syscalls,short_writes,interrupted,max_iovecs,copied_bytes,barriers,cpu_ns,wall_ns,p50_ns,p95_ns,p99_ns,min_payload,max_payload,load1_before,load1_after
pwritev_full_1m,process,9100,65,4,7375,bytes,479375,67112500,7375,0,0,65,0,0,31659838,31949048,4110,4940,5790,24,24,2.070,2.070
stderr:

[2026-07-15T19:05:50.162899+00:00] b00345 /home/bob/src/mess/.maw/workspaces/bn-1zv6/spikes/pwritev_group/target/release/pwritev_group boundary-auto k_pwrite process 9100 65 4
stdout:
variant,mode,target_bytes,physical_batches,writers,iterations,stop_reason,events,bytes,write_syscalls,short_writes,interrupted,max_iovecs,copied_bytes,barriers,cpu_ns,wall_ns,p50_ns,p95_ns,p99_ns,min_payload,max_payload,load1_before,load1_after
k_pwrite,process,9100,65,4,7375,bytes,479375,67112500,479375,0,0,0,0,0,350882298,353679698,47150,55340,59170,24,24,2.070,2.070
stderr:

[2026-07-15T19:05:51.183782+00:00] b00346 /home/bob/src/mess/.maw/workspaces/bn-1zv6/spikes/pwritev_group/target/release/pwritev_group boundary-auto pwritev_64_1m process 9100 65 4
stdout:
variant,mode,target_bytes,physical_batches,writers,iterations,stop_reason,events,bytes,write_syscalls,short_writes,interrupted,max_iovecs,copied_bytes,barriers,cpu_ns,wall_ns,p50_ns,p95_ns,p99_ns,min_payload,max_payload,load1_before,load1_after
pwritev_64_1m,process,9100,65,4,7375,bytes,479375,67112500,14750,0,0,64,0,0,37428939,37764013,4880,6290,6480,24,24,2.070,2.070
stderr:

[2026-07-15T19:05:52.212329+00:00] b00347 /home/bob/src/mess/.maw/workspaces/bn-1zv6/spikes/pwritev_group/target/release/pwritev_group boundary-auto pwritev_64_1m process 9100 65 4
stdout:
variant,mode,target_bytes,physical_batches,writers,iterations,stop_reason,events,bytes,write_syscalls,short_writes,interrupted,max_iovecs,copied_bytes,barriers,cpu_ns,wall_ns,p50_ns,p95_ns,p99_ns,min_payload,max_payload,load1_before,load1_after
pwritev_64_1m,process,9100,65,4,7375,bytes,479375,67112500,14750,0,0,64,0,0,37206800,37506773,4900,5650,6440,24,24,2.070,2.070
stderr:

[2026-07-15T19:05:53.239649+00:00] b00348 /home/bob/src/mess/.maw/workspaces/bn-1zv6/spikes/pwritev_group/target/release/pwritev_group boundary-auto k_pwrite process 9100 65 4
stdout:
variant,mode,target_bytes,physical_batches,writers,iterations,stop_reason,events,bytes,write_syscalls,short_writes,interrupted,max_iovecs,copied_bytes,barriers,cpu_ns,wall_ns,p50_ns,p95_ns,p99_ns,min_payload,max_payload,load1_before,load1_after
k_pwrite,process,9100,65,4,7375,bytes,479375,67112500,479375,0,0,0,0,0,352102778,355061997,47310,55380,60130,24,24,2.070,2.070
stderr:

[2026-07-15T19:05:54.267062+00:00] b00349 /home/bob/src/mess/.maw/workspaces/bn-1zv6/spikes/pwritev_group/target/release/pwritev_group boundary-auto copy_contiguous process 9100 65 4
stdout:
variant,mode,target_bytes,physical_batches,writers,iterations,stop_reason,events,bytes,write_syscalls,short_writes,interrupted,max_iovecs,copied_bytes,barriers,cpu_ns,wall_ns,p50_ns,p95_ns,p99_ns,min_payload,max_payload,load1_before,load1_after
copy_contiguous,process,9100,65,4,7375,bytes,479375,67112500,7375,0,0,0,67112500,0,15170144,15258999,1980,2000,2540,24,24,2.070,2.070
stderr:

[2026-07-15T19:05:55.288450+00:00] b00350 /home/bob/src/mess/.maw/workspaces/bn-1zv6/spikes/pwritev_group/target/release/pwritev_group boundary-auto k_pwrite process 9100 65 4
stdout:
variant,mode,target_bytes,physical_batches,writers,iterations,stop_reason,events,bytes,write_syscalls,short_writes,interrupted,max_iovecs,copied_bytes,barriers,cpu_ns,wall_ns,p50_ns,p95_ns,p99_ns,min_payload,max_payload,load1_before,load1_after
k_pwrite,process,9100,65,4,7375,bytes,479375,67112500,479375,0,0,0,0,0,351053857,353644828,47250,54250,60140,24,24,2.070,2.070
stderr:

[2026-07-15T19:05:56.316047+00:00] b00351 /home/bob/src/mess/.maw/workspaces/bn-1zv6/spikes/pwritev_group/target/release/pwritev_group boundary-auto k_pwrite process 9100 65 4
stdout:
variant,mode,target_bytes,physical_batches,writers,iterations,stop_reason,events,bytes,write_syscalls,short_writes,interrupted,max_iovecs,copied_bytes,barriers,cpu_ns,wall_ns,p50_ns,p95_ns,p99_ns,min_payload,max_payload,load1_before,load1_after
k_pwrite,process,9100,65,4,7375,bytes,479375,67112500,479375,0,0,0,0,0,351002768,353934358,47180,54320,60020,24,24,2.070,2.070
stderr:

[2026-07-15T19:05:57.343983+00:00] b00352 /home/bob/src/mess/.maw/workspaces/bn-1zv6/spikes/pwritev_group/target/release/pwritev_group boundary-auto copy_contiguous process 9100 65 4
stdout:
variant,mode,target_bytes,physical_batches,writers,iterations,stop_reason,events,bytes,write_syscalls,short_writes,interrupted,max_iovecs,copied_bytes,barriers,cpu_ns,wall_ns,p50_ns,p95_ns,p99_ns,min_payload,max_payload,load1_before,load1_after
copy_contiguous,process,9100,65,4,7375,bytes,479375,67112500,7375,0,0,0,67112500,0,15264763,15419350,1990,2030,2610,24,24,2.060,2.060
stderr:

[2026-07-15T19:05:58.371572+00:00] b00353 /home/bob/src/mess/.maw/workspaces/bn-1zv6/spikes/pwritev_group/target/release/pwritev_group boundary-auto k_pwrite process 35700 255 4
stdout:
variant,mode,target_bytes,physical_batches,writers,iterations,stop_reason,events,bytes,write_syscalls,short_writes,interrupted,max_iovecs,copied_bytes,barriers,cpu_ns,wall_ns,p50_ns,p95_ns,p99_ns,min_payload,max_payload,load1_before,load1_after
k_pwrite,process,35700,255,4,1880,bytes,479400,67116000,479400,0,0,0,0,0,351021126,353798569,186330,200650,229580,24,24,2.060,2.060
stderr:

[2026-07-15T19:05:59.399409+00:00] b00354 /home/bob/src/mess/.maw/workspaces/bn-1zv6/spikes/pwritev_group/target/release/pwritev_group boundary-auto pwritev_full_1m process 35700 255 4
stdout:
variant,mode,target_bytes,physical_batches,writers,iterations,stop_reason,events,bytes,write_syscalls,short_writes,interrupted,max_iovecs,copied_bytes,barriers,cpu_ns,wall_ns,p50_ns,p95_ns,p99_ns,min_payload,max_payload,load1_before,load1_after
pwritev_full_1m,process,35700,255,4,1880,bytes,479400,67116000,1880,0,0,255,0,0,23528576,23691653,12390,12480,18230,24,24,2.060,2.060
stderr:

[2026-07-15T19:06:00.427056+00:00] b00355 /home/bob/src/mess/.maw/workspaces/bn-1zv6/spikes/pwritev_group/target/release/pwritev_group boundary-auto pwritev_full_1m process 35700 255 4
stdout:
variant,mode,target_bytes,physical_batches,writers,iterations,stop_reason,events,bytes,write_syscalls,short_writes,interrupted,max_iovecs,copied_bytes,barriers,cpu_ns,wall_ns,p50_ns,p95_ns,p99_ns,min_payload,max_payload,load1_before,load1_after
pwritev_full_1m,process,35700,255,4,1880,bytes,479400,67116000,1880,0,0,255,0,0,23874614,24053663,12460,13800,18470,24,24,2.060,2.060
stderr:

[2026-07-15T19:06:01.454698+00:00] b00356 /home/bob/src/mess/.maw/workspaces/bn-1zv6/spikes/pwritev_group/target/release/pwritev_group boundary-auto k_pwrite process 35700 255 4
stdout:
variant,mode,target_bytes,physical_batches,writers,iterations,stop_reason,events,bytes,write_syscalls,short_writes,interrupted,max_iovecs,copied_bytes,barriers,cpu_ns,wall_ns,p50_ns,p95_ns,p99_ns,min_payload,max_payload,load1_before,load1_after
k_pwrite,process,35700,255,4,1880,bytes,479400,67116000,479400,0,0,0,0,0,352708038,355733756,186579,208450,236129,24,24,2.060,2.060
stderr:

[2026-07-15T19:06:02.481483+00:00] b00357 /home/bob/src/mess/.maw/workspaces/bn-1zv6/spikes/pwritev_group/target/release/pwritev_group boundary-auto pwritev_64_1m process 35700 255 4
stdout:
variant,mode,target_bytes,physical_batches,writers,iterations,stop_reason,events,bytes,write_syscalls,short_writes,interrupted,max_iovecs,copied_bytes,barriers,cpu_ns,wall_ns,p50_ns,p95_ns,p99_ns,min_payload,max_payload,load1_before,load1_after
pwritev_64_1m,process,35700,255,4,1880,bytes,479400,67116000,7520,0,0,64,0,0,30995258,31226368,16300,17390,25100,24,24,2.060,2.060
stderr:

[2026-07-15T19:06:03.509250+00:00] b00358 /home/bob/src/mess/.maw/workspaces/bn-1zv6/spikes/pwritev_group/target/release/pwritev_group boundary-auto k_pwrite process 35700 255 4
stdout:
variant,mode,target_bytes,physical_batches,writers,iterations,stop_reason,events,bytes,write_syscalls,short_writes,interrupted,max_iovecs,copied_bytes,barriers,cpu_ns,wall_ns,p50_ns,p95_ns,p99_ns,min_payload,max_payload,load1_before,load1_after
k_pwrite,process,35700,255,4,1880,bytes,479400,67116000,479400,0,0,0,0,0,350730237,353473279,186020,199900,232970,24,24,2.060,2.060
stderr:

[2026-07-15T19:06:04.537427+00:00] b00359 /home/bob/src/mess/.maw/workspaces/bn-1zv6/spikes/pwritev_group/target/release/pwritev_group boundary-auto k_pwrite process 35700 255 4
stdout:
variant,mode,target_bytes,physical_batches,writers,iterations,stop_reason,events,bytes,write_syscalls,short_writes,interrupted,max_iovecs,copied_bytes,barriers,cpu_ns,wall_ns,p50_ns,p95_ns,p99_ns,min_payload,max_payload,load1_before,load1_after
k_pwrite,process,35700,255,4,1880,bytes,479400,67116000,479400,0,0,0,0,0,350905117,354383048,185600,204090,234030,24,24,2.060,2.060
stderr:

[2026-07-15T19:06:05.567334+00:00] b00360 /home/bob/src/mess/.maw/workspaces/bn-1zv6/spikes/pwritev_group/target/release/pwritev_group boundary-auto pwritev_64_1m process 35700 255 4
stdout:
variant,mode,target_bytes,physical_batches,writers,iterations,stop_reason,events,bytes,write_syscalls,short_writes,interrupted,max_iovecs,copied_bytes,barriers,cpu_ns,wall_ns,p50_ns,p95_ns,p99_ns,min_payload,max_payload,load1_before,load1_after
pwritev_64_1m,process,35700,255,4,1880,bytes,479400,67116000,7520,0,0,64,0,0,31524218,31757028,16350,20840,25080,24,24,2.060,2.060
stderr:

[2026-07-15T19:06:06.595297+00:00] b00361 /home/bob/src/mess/.maw/workspaces/bn-1zv6/spikes/pwritev_group/target/release/pwritev_group boundary-auto k_pwrite process 35700 255 4
stdout:
variant,mode,target_bytes,physical_batches,writers,iterations,stop_reason,events,bytes,write_syscalls,short_writes,interrupted,max_iovecs,copied_bytes,barriers,cpu_ns,wall_ns,p50_ns,p95_ns,p99_ns,min_payload,max_payload,load1_before,load1_after
k_pwrite,process,35700,255,4,1880,bytes,479400,67116000,479400,0,0,0,0,0,352110118,354895448,186229,206810,237009,24,24,2.060,2.060
stderr:

[2026-07-15T19:06:07.615730+00:00] b00362 /home/bob/src/mess/.maw/workspaces/bn-1zv6/spikes/pwritev_group/target/release/pwritev_group boundary-auto copy_contiguous process 35700 255 4
stdout:
variant,mode,target_bytes,physical_batches,writers,iterations,stop_reason,events,bytes,write_syscalls,short_writes,interrupted,max_iovecs,copied_bytes,barriers,cpu_ns,wall_ns,p50_ns,p95_ns,p99_ns,min_payload,max_payload,load1_before,load1_after
copy_contiguous,process,35700,255,4,1880,bytes,479400,67116000,1880,0,0,0,67116000,0,8656092,8718604,4500,4570,6040,24,24,2.130,2.130
stderr:

[2026-07-15T19:06:08.643399+00:00] b00363 /home/bob/src/mess/.maw/workspaces/bn-1zv6/spikes/pwritev_group/target/release/pwritev_group boundary-auto copy_contiguous process 35700 255 4
stdout:
variant,mode,target_bytes,physical_batches,writers,iterations,stop_reason,events,bytes,write_syscalls,short_writes,interrupted,max_iovecs,copied_bytes,barriers,cpu_ns,wall_ns,p50_ns,p95_ns,p99_ns,min_payload,max_payload,load1_before,load1_after
copy_contiguous,process,35700,255,4,1880,bytes,479400,67116000,1880,0,0,0,67116000,0,8883103,8946944,4510,6000,6520,24,24,2.130,2.130
stderr:

[2026-07-15T19:06:09.671421+00:00] b00364 /home/bob/src/mess/.maw/workspaces/bn-1zv6/spikes/pwritev_group/target/release/pwritev_group boundary-auto k_pwrite process 35700 255 4
stdout:
variant,mode,target_bytes,physical_batches,writers,iterations,stop_reason,events,bytes,write_syscalls,short_writes,interrupted,max_iovecs,copied_bytes,barriers,cpu_ns,wall_ns,p50_ns,p95_ns,p99_ns,min_payload,max_payload,load1_before,load1_after
k_pwrite,process,35700,255,4,1880,bytes,479400,67116000,479400,0,0,0,0,0,351681997,354283977,186410,199660,232240,24,24,2.130,2.130
stderr:

[2026-07-15T19:06:10.702055+00:00] b00365 /home/bob/src/mess/.maw/workspaces/bn-1zv6/spikes/pwritev_group/target/release/pwritev_group boundary-auto pwritev_full_1m process 35840 256 4
stdout:
variant,mode,target_bytes,physical_batches,writers,iterations,stop_reason,events,bytes,write_syscalls,short_writes,interrupted,max_iovecs,copied_bytes,barriers,cpu_ns,wall_ns,p50_ns,p95_ns,p99_ns,min_payload,max_payload,load1_before,load1_after
pwritev_full_1m,process,35840,256,4,1873,bytes,479488,67128320,1873,0,0,256,0,0,23438366,23563153,12360,13300,17880,24,24,2.130,2.130
stderr:

[2026-07-15T19:06:11.732860+00:00] b00366 /home/bob/src/mess/.maw/workspaces/bn-1zv6/spikes/pwritev_group/target/release/pwritev_group boundary-auto k_pwrite process 35840 256 4
stdout:
variant,mode,target_bytes,physical_batches,writers,iterations,stop_reason,events,bytes,write_syscalls,short_writes,interrupted,max_iovecs,copied_bytes,barriers,cpu_ns,wall_ns,p50_ns,p95_ns,p99_ns,min_payload,max_payload,load1_before,load1_after
k_pwrite,process,35840,256,4,1873,bytes,479488,67128320,479488,0,0,0,0,0,351288429,354050068,186880,201180,226250,24,24,2.130,2.130
stderr:

[2026-07-15T19:06:12.760738+00:00] b00367 /home/bob/src/mess/.maw/workspaces/bn-1zv6/spikes/pwritev_group/target/release/pwritev_group boundary-auto k_pwrite process 35840 256 4
stdout:
variant,mode,target_bytes,physical_batches,writers,iterations,stop_reason,events,bytes,write_syscalls,short_writes,interrupted,max_iovecs,copied_bytes,barriers,cpu_ns,wall_ns,p50_ns,p95_ns,p99_ns,min_payload,max_payload,load1_before,load1_after
k_pwrite,process,35840,256,4,1873,bytes,479488,67128320,479488,0,0,0,0,0,353754869,356553137,187520,205839,231980,24,24,2.040,2.040
stderr:

[2026-07-15T19:06:13.788027+00:00] b00368 /home/bob/src/mess/.maw/workspaces/bn-1zv6/spikes/pwritev_group/target/release/pwritev_group boundary-auto pwritev_full_1m process 35840 256 4
stdout:
variant,mode,target_bytes,physical_batches,writers,iterations,stop_reason,events,bytes,write_syscalls,short_writes,interrupted,max_iovecs,copied_bytes,barriers,cpu_ns,wall_ns,p50_ns,p95_ns,p99_ns,min_payload,max_payload,load1_before,load1_after
pwritev_full_1m,process,35840,256,4,1873,bytes,479488,67128320,1873,0,0,256,0,0,23477766,23740424,12360,13570,18800,24,24,2.040,2.040
stderr:

[2026-07-15T19:06:14.815449+00:00] b00369 /home/bob/src/mess/.maw/workspaces/bn-1zv6/spikes/pwritev_group/target/release/pwritev_group boundary-auto k_pwrite process 35840 256 4
stdout:
variant,mode,target_bytes,physical_batches,writers,iterations,stop_reason,events,bytes,write_syscalls,short_writes,interrupted,max_iovecs,copied_bytes,barriers,cpu_ns,wall_ns,p50_ns,p95_ns,p99_ns,min_payload,max_payload,load1_before,load1_after
k_pwrite,process,35840,256,4,1873,bytes,479488,67128320,479488,0,0,0,0,0,350424348,353020699,187720,197550,204250,24,24,2.040,2.040
stderr:

[2026-07-15T19:06:15.844650+00:00] b00370 /home/bob/src/mess/.maw/workspaces/bn-1zv6/spikes/pwritev_group/target/release/pwritev_group boundary-auto pwritev_64_1m process 35840 256 4
stdout:
variant,mode,target_bytes,physical_batches,writers,iterations,stop_reason,events,bytes,write_syscalls,short_writes,interrupted,max_iovecs,copied_bytes,barriers,cpu_ns,wall_ns,p50_ns,p95_ns,p99_ns,min_payload,max_payload,load1_before,load1_after
pwritev_64_1m,process,35840,256,4,1873,bytes,479488,67128320,7492,0,0,64,0,0,31089986,31384057,16330,18050,24530,24,24,2.040,2.040
stderr:

[2026-07-15T19:06:16.872753+00:00] b00371 /home/bob/src/mess/.maw/workspaces/bn-1zv6/spikes/pwritev_group/target/release/pwritev_group boundary-auto pwritev_64_1m process 35840 256 4
stdout:
variant,mode,target_bytes,physical_batches,writers,iterations,stop_reason,events,bytes,write_syscalls,short_writes,interrupted,max_iovecs,copied_bytes,barriers,cpu_ns,wall_ns,p50_ns,p95_ns,p99_ns,min_payload,max_payload,load1_before,load1_after
pwritev_64_1m,process,35840,256,4,1873,bytes,479488,67128320,7492,0,0,64,0,0,31316898,31611007,16290,20560,26470,24,24,2.040,2.040
stderr:

[2026-07-15T19:06:17.900615+00:00] b00372 /home/bob/src/mess/.maw/workspaces/bn-1zv6/spikes/pwritev_group/target/release/pwritev_group boundary-auto k_pwrite process 35840 256 4
stdout:
variant,mode,target_bytes,physical_batches,writers,iterations,stop_reason,events,bytes,write_syscalls,short_writes,interrupted,max_iovecs,copied_bytes,barriers,cpu_ns,wall_ns,p50_ns,p95_ns,p99_ns,min_payload,max_payload,load1_before,load1_after
k_pwrite,process,35840,256,4,1873,bytes,479488,67128320,479488,0,0,0,0,0,356148370,358895514,187650,223240,236630,24,24,1.880,1.880
stderr:

[2026-07-15T19:06:18.928421+00:00] b00373 /home/bob/src/mess/.maw/workspaces/bn-1zv6/spikes/pwritev_group/target/release/pwritev_group boundary-auto copy_contiguous process 35840 256 4
stdout:
variant,mode,target_bytes,physical_batches,writers,iterations,stop_reason,events,bytes,write_syscalls,short_writes,interrupted,max_iovecs,copied_bytes,barriers,cpu_ns,wall_ns,p50_ns,p95_ns,p99_ns,min_payload,max_payload,load1_before,load1_after
copy_contiguous,process,35840,256,4,1873,bytes,479488,67128320,1873,0,0,0,67128320,0,8723392,8872973,4480,5460,6500,24,24,1.880,1.880
stderr:

[2026-07-15T19:06:19.956444+00:00] b00374 /home/bob/src/mess/.maw/workspaces/bn-1zv6/spikes/pwritev_group/target/release/pwritev_group boundary-auto k_pwrite process 35840 256 4
stdout:
variant,mode,target_bytes,physical_batches,writers,iterations,stop_reason,events,bytes,write_syscalls,short_writes,interrupted,max_iovecs,copied_bytes,barriers,cpu_ns,wall_ns,p50_ns,p95_ns,p99_ns,min_payload,max_payload,load1_before,load1_after
k_pwrite,process,35840,256,4,1873,bytes,479488,67128320,479488,0,0,0,0,0,351157626,353980368,187050,202210,234189,24,24,1.880,1.880
stderr:

[2026-07-15T19:06:20.984262+00:00] b00375 /home/bob/src/mess/.maw/workspaces/bn-1zv6/spikes/pwritev_group/target/release/pwritev_group boundary-auto k_pwrite process 35840 256 4
stdout:
variant,mode,target_bytes,physical_batches,writers,iterations,stop_reason,events,bytes,write_syscalls,short_writes,interrupted,max_iovecs,copied_bytes,barriers,cpu_ns,wall_ns,p50_ns,p95_ns,p99_ns,min_payload,max_payload,load1_before,load1_after
k_pwrite,process,35840,256,4,1873,bytes,479488,67128320,479488,0,0,0,0,0,352282918,355224137,186920,204960,232640,24,24,1.880,1.880
stderr:

[2026-07-15T19:06:22.011840+00:00] b00376 /home/bob/src/mess/.maw/workspaces/bn-1zv6/spikes/pwritev_group/target/release/pwritev_group boundary-auto copy_contiguous process 35840 256 4
stdout:
variant,mode,target_bytes,physical_batches,writers,iterations,stop_reason,events,bytes,write_syscalls,short_writes,interrupted,max_iovecs,copied_bytes,barriers,cpu_ns,wall_ns,p50_ns,p95_ns,p99_ns,min_payload,max_payload,load1_before,load1_after
copy_contiguous,process,35840,256,4,1873,bytes,479488,67128320,1873,0,0,0,67128320,0,8574282,8631334,4460,4510,6070,24,24,1.880,1.880
stderr:

[2026-07-15T19:06:23.039620+00:00] b00377 /home/bob/src/mess/.maw/workspaces/bn-1zv6/spikes/pwritev_group/target/release/pwritev_group boundary-auto k_pwrite process 35980 257 4
stdout:
variant,mode,target_bytes,physical_batches,writers,iterations,stop_reason,events,bytes,write_syscalls,short_writes,interrupted,max_iovecs,copied_bytes,barriers,cpu_ns,wall_ns,p50_ns,p95_ns,p99_ns,min_payload,max_payload,load1_before,load1_after
k_pwrite,process,35980,257,4,1866,bytes,479562,67138680,479562,0,0,0,0,0,354183148,357229986,188389,210510,234429,24,24,1.970,1.970
stderr:

[2026-07-15T19:06:24.066820+00:00] b00378 /home/bob/src/mess/.maw/workspaces/bn-1zv6/spikes/pwritev_group/target/release/pwritev_group boundary-auto pwritev_full_1m process 35980 257 4
stdout:
variant,mode,target_bytes,physical_batches,writers,iterations,stop_reason,events,bytes,write_syscalls,short_writes,interrupted,max_iovecs,copied_bytes,barriers,cpu_ns,wall_ns,p50_ns,p95_ns,p99_ns,min_payload,max_payload,load1_before,load1_after
pwritev_full_1m,process,35980,257,4,1866,bytes,479562,67138680,1866,0,0,257,0,0,24201776,24397293,12550,16050,19280,24,24,1.970,1.970
stderr:

[2026-07-15T19:06:25.094004+00:00] b00379 /home/bob/src/mess/.maw/workspaces/bn-1zv6/spikes/pwritev_group/target/release/pwritev_group boundary-auto pwritev_full_1m process 35980 257 4
stdout:
variant,mode,target_bytes,physical_batches,writers,iterations,stop_reason,events,bytes,write_syscalls,short_writes,interrupted,max_iovecs,copied_bytes,barriers,cpu_ns,wall_ns,p50_ns,p95_ns,p99_ns,min_payload,max_payload,load1_before,load1_after
pwritev_full_1m,process,35980,257,4,1866,bytes,479562,67138680,1866,0,0,257,0,0,23806115,23938213,12570,13180,17800,24,24,1.970,1.970
stderr:

[2026-07-15T19:06:26.121920+00:00] b00380 /home/bob/src/mess/.maw/workspaces/bn-1zv6/spikes/pwritev_group/target/release/pwritev_group boundary-auto k_pwrite process 35980 257 4
stdout:
variant,mode,target_bytes,physical_batches,writers,iterations,stop_reason,events,bytes,write_syscalls,short_writes,interrupted,max_iovecs,copied_bytes,barriers,cpu_ns,wall_ns,p50_ns,p95_ns,p99_ns,min_payload,max_payload,load1_before,load1_after
k_pwrite,process,35980,257,4,1866,bytes,479562,67138680,479562,0,0,0,0,0,352557308,355594527,188020,206770,236810,24,24,1.970,1.970
stderr:

[2026-07-15T19:06:27.149612+00:00] b00381 /home/bob/src/mess/.maw/workspaces/bn-1zv6/spikes/pwritev_group/target/release/pwritev_group boundary-auto pwritev_256_1m process 35980 257 4
stdout:
variant,mode,target_bytes,physical_batches,writers,iterations,stop_reason,events,bytes,write_syscalls,short_writes,interrupted,max_iovecs,copied_bytes,barriers,cpu_ns,wall_ns,p50_ns,p95_ns,p99_ns,min_payload,max_payload,load1_before,load1_after
pwritev_256_1m,process,35980,257,4,1866,bytes,479562,67138680,3732,0,0,256,0,0,25011047,25195962,13200,14210,20800,24,24,1.890,1.890
stderr:

[2026-07-15T19:06:28.170171+00:00] b00382 /home/bob/src/mess/.maw/workspaces/bn-1zv6/spikes/pwritev_group/target/release/pwritev_group boundary-auto k_pwrite process 35980 257 4
stdout:
variant,mode,target_bytes,physical_batches,writers,iterations,stop_reason,events,bytes,write_syscalls,short_writes,interrupted,max_iovecs,copied_bytes,barriers,cpu_ns,wall_ns,p50_ns,p95_ns,p99_ns,min_payload,max_payload,load1_before,load1_after
k_pwrite,process,35980,257,4,1866,bytes,479562,67138680,479562,0,0,0,0,0,350127647,353125059,186280,206559,224970,24,24,1.890,1.890
stderr:

[2026-07-15T19:06:29.192187+00:00] b00383 /home/bob/src/mess/.maw/workspaces/bn-1zv6/spikes/pwritev_group/target/release/pwritev_group boundary-auto k_pwrite process 35980 257 4
stdout:
variant,mode,target_bytes,physical_batches,writers,iterations,stop_reason,events,bytes,write_syscalls,short_writes,interrupted,max_iovecs,copied_bytes,barriers,cpu_ns,wall_ns,p50_ns,p95_ns,p99_ns,min_payload,max_payload,load1_before,load1_after
k_pwrite,process,35980,257,4,1866,bytes,479562,67138680,479562,0,0,0,0,0,358647129,362243372,188780,225670,246450,24,24,1.890,1.890
stderr:

[2026-07-15T19:06:30.219576+00:00] b00384 /home/bob/src/mess/.maw/workspaces/bn-1zv6/spikes/pwritev_group/target/release/pwritev_group boundary-auto pwritev_256_1m process 35980 257 4
stdout:
variant,mode,target_bytes,physical_batches,writers,iterations,stop_reason,events,bytes,write_syscalls,short_writes,interrupted,max_iovecs,copied_bytes,barriers,cpu_ns,wall_ns,p50_ns,p95_ns,p99_ns,min_payload,max_payload,load1_before,load1_after
pwritev_256_1m,process,35980,257,4,1866,bytes,479562,67138680,3732,0,0,256,0,0,25645946,25852062,13220,16760,22190,24,24,1.890,1.890
stderr:

[2026-07-15T19:06:31.247501+00:00] b00385 /home/bob/src/mess/.maw/workspaces/bn-1zv6/spikes/pwritev_group/target/release/pwritev_group boundary-auto k_pwrite process 35980 257 4
stdout:
variant,mode,target_bytes,physical_batches,writers,iterations,stop_reason,events,bytes,write_syscalls,short_writes,interrupted,max_iovecs,copied_bytes,barriers,cpu_ns,wall_ns,p50_ns,p95_ns,p99_ns,min_payload,max_payload,load1_before,load1_after
k_pwrite,process,35980,257,4,1866,bytes,479562,67138680,479562,0,0,0,0,0,351582439,354133998,188300,199600,216429,24,24,1.890,1.890
stderr:

[2026-07-15T19:06:32.274884+00:00] b00386 /home/bob/src/mess/.maw/workspaces/bn-1zv6/spikes/pwritev_group/target/release/pwritev_group boundary-auto pwritev_64_1m process 35980 257 4
stdout:
variant,mode,target_bytes,physical_batches,writers,iterations,stop_reason,events,bytes,write_syscalls,short_writes,interrupted,max_iovecs,copied_bytes,barriers,cpu_ns,wall_ns,p50_ns,p95_ns,p99_ns,min_payload,max_payload,load1_before,load1_after
pwritev_64_1m,process,35980,257,4,1866,bytes,479562,67138680,9330,0,0,64,0,0,32398448,32627427,17110,18770,25010,24,24,1.740,1.740
stderr:

[2026-07-15T19:06:33.303747+00:00] b00387 /home/bob/src/mess/.maw/workspaces/bn-1zv6/spikes/pwritev_group/target/release/pwritev_group boundary-auto pwritev_64_1m process 35980 257 4
stdout:
variant,mode,target_bytes,physical_batches,writers,iterations,stop_reason,events,bytes,write_syscalls,short_writes,interrupted,max_iovecs,copied_bytes,barriers,cpu_ns,wall_ns,p50_ns,p95_ns,p99_ns,min_payload,max_payload,load1_before,load1_after
pwritev_64_1m,process,35980,257,4,1866,bytes,479562,67138680,9330,0,0,64,0,0,32401069,32646636,17170,17680,24820,24,24,1.740,1.740
stderr:

[2026-07-15T19:06:34.329619+00:00] b00388 /home/bob/src/mess/.maw/workspaces/bn-1zv6/spikes/pwritev_group/target/release/pwritev_group boundary-auto k_pwrite process 35980 257 4
stdout:
variant,mode,target_bytes,physical_batches,writers,iterations,stop_reason,events,bytes,write_syscalls,short_writes,interrupted,max_iovecs,copied_bytes,barriers,cpu_ns,wall_ns,p50_ns,p95_ns,p99_ns,min_payload,max_payload,load1_before,load1_after
k_pwrite,process,35980,257,4,1866,bytes,479562,67138680,479562,0,0,0,0,0,350890997,353511368,187280,202940,232370,24,24,1.740,1.740
stderr:

[2026-07-15T19:06:35.357543+00:00] b00389 /home/bob/src/mess/.maw/workspaces/bn-1zv6/spikes/pwritev_group/target/release/pwritev_group boundary-auto copy_contiguous process 35980 257 4
stdout:
variant,mode,target_bytes,physical_batches,writers,iterations,stop_reason,events,bytes,write_syscalls,short_writes,interrupted,max_iovecs,copied_bytes,barriers,cpu_ns,wall_ns,p50_ns,p95_ns,p99_ns,min_payload,max_payload,load1_before,load1_after
copy_contiguous,process,35980,257,4,1866,bytes,479562,67138680,1866,0,0,0,67138680,0,8515622,8578274,4440,4500,6330,24,24,1.740,1.740
stderr:

[2026-07-15T19:06:36.380468+00:00] b00390 /home/bob/src/mess/.maw/workspaces/bn-1zv6/spikes/pwritev_group/target/release/pwritev_group boundary-auto k_pwrite process 35980 257 4
stdout:
variant,mode,target_bytes,physical_batches,writers,iterations,stop_reason,events,bytes,write_syscalls,short_writes,interrupted,max_iovecs,copied_bytes,barriers,cpu_ns,wall_ns,p50_ns,p95_ns,p99_ns,min_payload,max_payload,load1_before,load1_after
k_pwrite,process,35980,257,4,1866,bytes,479562,67138680,479562,0,0,0,0,0,353824260,358636754,188090,215940,236810,24,24,1.740,1.740
stderr:

[2026-07-15T19:06:37.404144+00:00] b00391 /home/bob/src/mess/.maw/workspaces/bn-1zv6/spikes/pwritev_group/target/release/pwritev_group boundary-auto k_pwrite process 35980 257 4
stdout:
variant,mode,target_bytes,physical_batches,writers,iterations,stop_reason,events,bytes,write_syscalls,short_writes,interrupted,max_iovecs,copied_bytes,barriers,cpu_ns,wall_ns,p50_ns,p95_ns,p99_ns,min_payload,max_payload,load1_before,load1_after
k_pwrite,process,35980,257,4,1866,bytes,479562,67138680,479562,0,0,0,0,0,351251117,354160338,187330,205449,235410,24,24,1.680,1.680
stderr:

[2026-07-15T19:06:38.431506+00:00] b00392 /home/bob/src/mess/.maw/workspaces/bn-1zv6/spikes/pwritev_group/target/release/pwritev_group boundary-auto copy_contiguous process 35980 257 4
stdout:
variant,mode,target_bytes,physical_batches,writers,iterations,stop_reason,events,bytes,write_syscalls,short_writes,interrupted,max_iovecs,copied_bytes,barriers,cpu_ns,wall_ns,p50_ns,p95_ns,p99_ns,min_payload,max_payload,load1_before,load1_after
copy_contiguous,process,35980,257,4,1866,bytes,479562,67138680,1866,0,0,0,67138680,0,8773052,8829674,4620,4690,6000,24,24,1.680,1.680
stderr:

[2026-07-15T19:06:39.452384+00:00] b00393 /home/bob/src/mess/.maw/workspaces/bn-1zv6/spikes/pwritev_group/target/release/pwritev_group boundary-auto k_pwrite process 143220 1023 4
stdout:
variant,mode,target_bytes,physical_batches,writers,iterations,stop_reason,events,bytes,write_syscalls,short_writes,interrupted,max_iovecs,copied_bytes,barriers,cpu_ns,wall_ns,p50_ns,p95_ns,p99_ns,min_payload,max_payload,load1_before,load1_after
k_pwrite,process,143220,1023,4,469,bytes,479787,67170180,479787,0,0,0,0,0,350746768,353361559,748480,780599,914029,24,24,1.680,1.680
stderr:

[2026-07-15T19:06:40.480564+00:00] b00394 /home/bob/src/mess/.maw/workspaces/bn-1zv6/spikes/pwritev_group/target/release/pwritev_group boundary-auto pwritev_full_1m process 143220 1023 4
stdout:
variant,mode,target_bytes,physical_batches,writers,iterations,stop_reason,events,bytes,write_syscalls,short_writes,interrupted,max_iovecs,copied_bytes,barriers,cpu_ns,wall_ns,p50_ns,p95_ns,p99_ns,min_payload,max_payload,load1_before,load1_after
pwritev_full_1m,process,143220,1023,4,469,bytes,479787,67170180,469,0,0,1023,0,0,20763535,20953575,43610,49810,62710,24,24,1.680,1.680
stderr:

[2026-07-15T19:06:41.508578+00:00] b00395 /home/bob/src/mess/.maw/workspaces/bn-1zv6/spikes/pwritev_group/target/release/pwritev_group boundary-auto pwritev_full_1m process 143220 1023 4
stdout:
variant,mode,target_bytes,physical_batches,writers,iterations,stop_reason,events,bytes,write_syscalls,short_writes,interrupted,max_iovecs,copied_bytes,barriers,cpu_ns,wall_ns,p50_ns,p95_ns,p99_ns,min_payload,max_payload,load1_before,load1_after
pwritev_full_1m,process,143220,1023,4,469,bytes,479787,67170180,469,0,0,1023,0,0,20741855,20887416,43810,49530,51970,24,24,1.680,1.680
stderr:

[2026-07-15T19:06:42.536129+00:00] b00396 /home/bob/src/mess/.maw/workspaces/bn-1zv6/spikes/pwritev_group/target/release/pwritev_group boundary-auto k_pwrite process 143220 1023 4
stdout:
variant,mode,target_bytes,physical_batches,writers,iterations,stop_reason,events,bytes,write_syscalls,short_writes,interrupted,max_iovecs,copied_bytes,barriers,cpu_ns,wall_ns,p50_ns,p95_ns,p99_ns,min_payload,max_payload,load1_before,load1_after
k_pwrite,process,143220,1023,4,469,bytes,479787,67170180,479787,0,0,0,0,0,350101069,353846049,748580,776509,908929,24,24,1.700,1.700
stderr:

[2026-07-15T19:06:43.564416+00:00] b00397 /home/bob/src/mess/.maw/workspaces/bn-1zv6/spikes/pwritev_group/target/release/pwritev_group boundary-auto pwritev_256_1m process 143220 1023 4
stdout:
variant,mode,target_bytes,physical_batches,writers,iterations,stop_reason,events,bytes,write_syscalls,short_writes,interrupted,max_iovecs,copied_bytes,barriers,cpu_ns,wall_ns,p50_ns,p95_ns,p99_ns,min_payload,max_payload,load1_before,load1_after
pwritev_256_1m,process,143220,1023,4,469,bytes,479787,67170180,1876,0,0,256,0,0,24870126,25117293,50290,64750,74570,24,24,1.700,1.700
stderr:

[2026-07-15T19:06:44.584979+00:00] b00398 /home/bob/src/mess/.maw/workspaces/bn-1zv6/spikes/pwritev_group/target/release/pwritev_group boundary-auto k_pwrite process 143220 1023 4
stdout:
variant,mode,target_bytes,physical_batches,writers,iterations,stop_reason,events,bytes,write_syscalls,short_writes,interrupted,max_iovecs,copied_bytes,barriers,cpu_ns,wall_ns,p50_ns,p95_ns,p99_ns,min_payload,max_payload,load1_before,load1_after
k_pwrite,process,143220,1023,4,469,bytes,479787,67170180,479787,0,0,0,0,0,351054297,353773358,749329,788900,902909,24,24,1.700,1.700
stderr:

[2026-07-15T19:06:45.612453+00:00] b00399 /home/bob/src/mess/.maw/workspaces/bn-1zv6/spikes/pwritev_group/target/release/pwritev_group boundary-auto k_pwrite process 143220 1023 4
stdout:
variant,mode,target_bytes,physical_batches,writers,iterations,stop_reason,events,bytes,write_syscalls,short_writes,interrupted,max_iovecs,copied_bytes,barriers,cpu_ns,wall_ns,p50_ns,p95_ns,p99_ns,min_payload,max_payload,load1_before,load1_after
k_pwrite,process,143220,1023,4,469,bytes,479787,67170180,479787,0,0,0,0,0,349582308,352213870,749439,773780,812360,24,24,1.700,1.700
stderr:

[2026-07-15T19:06:46.639613+00:00] b00400 /home/bob/src/mess/.maw/workspaces/bn-1zv6/spikes/pwritev_group/target/release/pwritev_group boundary-auto pwritev_256_1m process 143220 1023 4
stdout:
variant,mode,target_bytes,physical_batches,writers,iterations,stop_reason,events,bytes,write_syscalls,short_writes,interrupted,max_iovecs,copied_bytes,barriers,cpu_ns,wall_ns,p50_ns,p95_ns,p99_ns,min_payload,max_payload,load1_before,load1_after
pwritev_256_1m,process,143220,1023,4,469,bytes,479787,67170180,1876,0,0,256,0,0,24310476,24495702,50050,63359,73120,24,24,1.700,1.700
stderr:

[2026-07-15T19:06:47.660404+00:00] b00401 /home/bob/src/mess/.maw/workspaces/bn-1zv6/spikes/pwritev_group/target/release/pwritev_group boundary-auto k_pwrite process 143220 1023 4
stdout:
variant,mode,target_bytes,physical_batches,writers,iterations,stop_reason,events,bytes,write_syscalls,short_writes,interrupted,max_iovecs,copied_bytes,barriers,cpu_ns,wall_ns,p50_ns,p95_ns,p99_ns,min_payload,max_payload,load1_before,load1_after
k_pwrite,process,143220,1023,4,469,bytes,479787,67170180,479787,0,0,0,0,0,353250578,355877607,754969,794209,866900,24,24,1.730,1.730
stderr:

[2026-07-15T19:06:48.688355+00:00] b00402 /home/bob/src/mess/.maw/workspaces/bn-1zv6/spikes/pwritev_group/target/release/pwritev_group boundary-auto pwritev_64_1m process 143220 1023 4
stdout:
variant,mode,target_bytes,physical_batches,writers,iterations,stop_reason,events,bytes,write_syscalls,short_writes,interrupted,max_iovecs,copied_bytes,barriers,cpu_ns,wall_ns,p50_ns,p95_ns,p99_ns,min_payload,max_payload,load1_before,load1_after
pwritev_64_1m,process,143220,1023,4,469,bytes,479787,67170180,7504,0,0,64,0,0,31011177,31253907,65560,74720,77629,24,24,1.730,1.730
stderr:

[2026-07-15T19:06:49.708880+00:00] b00403 /home/bob/src/mess/.maw/workspaces/bn-1zv6/spikes/pwritev_group/target/release/pwritev_group boundary-auto pwritev_64_1m process 143220 1023 4
stdout:
variant,mode,target_bytes,physical_batches,writers,iterations,stop_reason,events,bytes,write_syscalls,short_writes,interrupted,max_iovecs,copied_bytes,barriers,cpu_ns,wall_ns,p50_ns,p95_ns,p99_ns,min_payload,max_payload,load1_before,load1_after
pwritev_64_1m,process,143220,1023,4,469,bytes,479787,67170180,7504,0,0,64,0,0,31042428,31284588,65680,74270,76770,24,24,1.730,1.730
stderr:

[2026-07-15T19:06:50.736095+00:00] b00404 /home/bob/src/mess/.maw/workspaces/bn-1zv6/spikes/pwritev_group/target/release/pwritev_group boundary-auto k_pwrite process 143220 1023 4
stdout:
variant,mode,target_bytes,physical_batches,writers,iterations,stop_reason,events,bytes,write_syscalls,short_writes,interrupted,max_iovecs,copied_bytes,barriers,cpu_ns,wall_ns,p50_ns,p95_ns,p99_ns,min_payload,max_payload,load1_before,load1_after
k_pwrite,process,143220,1023,4,469,bytes,479787,67170180,479787,0,0,0,0,0,351256397,353834408,751029,769840,915099,24,24,1.730,1.730
stderr:

[2026-07-15T19:06:51.758337+00:00] b00405 /home/bob/src/mess/.maw/workspaces/bn-1zv6/spikes/pwritev_group/target/release/pwritev_group boundary-auto copy_contiguous process 143220 1023 4
stdout:
variant,mode,target_bytes,physical_batches,writers,iterations,stop_reason,events,bytes,write_syscalls,short_writes,interrupted,max_iovecs,copied_bytes,barriers,cpu_ns,wall_ns,p50_ns,p95_ns,p99_ns,min_payload,max_payload,load1_before,load1_after
copy_contiguous,process,143220,1023,4,469,bytes,479787,67170180,469,0,0,0,67170180,0,10748163,10814812,22660,25840,29470,24,24,1.730,1.730
stderr:

[2026-07-15T19:06:52.778911+00:00] b00406 /home/bob/src/mess/.maw/workspaces/bn-1zv6/spikes/pwritev_group/target/release/pwritev_group boundary-auto k_pwrite process 143220 1023 4
stdout:
variant,mode,target_bytes,physical_batches,writers,iterations,stop_reason,events,bytes,write_syscalls,short_writes,interrupted,max_iovecs,copied_bytes,barriers,cpu_ns,wall_ns,p50_ns,p95_ns,p99_ns,min_payload,max_payload,load1_before,load1_after
k_pwrite,process,143220,1023,4,469,bytes,479787,67170180,479787,0,0,0,0,0,350434557,352950149,750519,776129,830820,24,24,1.670,1.670
stderr:

[2026-07-15T19:06:53.806982+00:00] b00407 /home/bob/src/mess/.maw/workspaces/bn-1zv6/spikes/pwritev_group/target/release/pwritev_group boundary-auto k_pwrite process 143220 1023 4
stdout:
variant,mode,target_bytes,physical_batches,writers,iterations,stop_reason,events,bytes,write_syscalls,short_writes,interrupted,max_iovecs,copied_bytes,barriers,cpu_ns,wall_ns,p50_ns,p95_ns,p99_ns,min_payload,max_payload,load1_before,load1_after
k_pwrite,process,143220,1023,4,469,bytes,479787,67170180,479787,0,0,0,0,0,351521557,354353468,751529,782460,845439,24,24,1.670,1.670
stderr:

[2026-07-15T19:06:54.835093+00:00] b00408 /home/bob/src/mess/.maw/workspaces/bn-1zv6/spikes/pwritev_group/target/release/pwritev_group boundary-auto copy_contiguous process 143220 1023 4
stdout:
variant,mode,target_bytes,physical_batches,writers,iterations,stop_reason,events,bytes,write_syscalls,short_writes,interrupted,max_iovecs,copied_bytes,barriers,cpu_ns,wall_ns,p50_ns,p95_ns,p99_ns,min_payload,max_payload,load1_before,load1_after
copy_contiguous,process,143220,1023,4,469,bytes,479787,67170180,469,0,0,0,67170180,0,9941402,9996813,20770,25150,28550,24,24,1.670,1.670
stderr:

[2026-07-15T19:06:55.862940+00:00] b00409 /home/bob/src/mess/.maw/workspaces/bn-1zv6/spikes/pwritev_group/target/release/pwritev_group boundary-auto k_pwrite process 143360 1024 4
stdout:
variant,mode,target_bytes,physical_batches,writers,iterations,stop_reason,events,bytes,write_syscalls,short_writes,interrupted,max_iovecs,copied_bytes,barriers,cpu_ns,wall_ns,p50_ns,p95_ns,p99_ns,min_payload,max_payload,load1_before,load1_after
k_pwrite,process,143360,1024,4,469,bytes,480256,67235840,480256,0,0,0,0,0,352750007,355718117,751949,808409,938289,24,24,1.670,1.670
stderr:

[2026-07-15T19:06:56.890615+00:00] b00410 /home/bob/src/mess/.maw/workspaces/bn-1zv6/spikes/pwritev_group/target/release/pwritev_group boundary-auto pwritev_full_1m process 143360 1024 4
stdout:
variant,mode,target_bytes,physical_batches,writers,iterations,stop_reason,events,bytes,write_syscalls,short_writes,interrupted,max_iovecs,copied_bytes,barriers,cpu_ns,wall_ns,p50_ns,p95_ns,p99_ns,min_payload,max_payload,load1_before,load1_after
pwritev_full_1m,process,143360,1024,4,469,bytes,480256,67235840,469,0,0,1024,0,0,21754925,21959475,44460,57260,61619,24,24,1.670,1.670
stderr:

[2026-07-15T19:06:57.917913+00:00] b00411 /home/bob/src/mess/.maw/workspaces/bn-1zv6/spikes/pwritev_group/target/release/pwritev_group boundary-auto pwritev_full_1m process 143360 1024 4
stdout:
variant,mode,target_bytes,physical_batches,writers,iterations,stop_reason,events,bytes,write_syscalls,short_writes,interrupted,max_iovecs,copied_bytes,barriers,cpu_ns,wall_ns,p50_ns,p95_ns,p99_ns,min_payload,max_payload,load1_before,load1_after
pwritev_full_1m,process,143360,1024,4,469,bytes,480256,67235840,469,0,0,1024,0,0,21460816,21666955,44840,55930,60830,24,24,2.100,2.100
stderr:

[2026-07-15T19:06:58.945992+00:00] b00412 /home/bob/src/mess/.maw/workspaces/bn-1zv6/spikes/pwritev_group/target/release/pwritev_group boundary-auto k_pwrite process 143360 1024 4
stdout:
variant,mode,target_bytes,physical_batches,writers,iterations,stop_reason,events,bytes,write_syscalls,short_writes,interrupted,max_iovecs,copied_bytes,barriers,cpu_ns,wall_ns,p50_ns,p95_ns,p99_ns,min_payload,max_payload,load1_before,load1_after
k_pwrite,process,143360,1024,4,469,bytes,480256,67235840,480256,0,0,0,0,0,352514607,355479858,754280,778709,933159,24,24,2.100,2.100
stderr:

[2026-07-15T19:06:59.967523+00:00] b00413 /home/bob/src/mess/.maw/workspaces/bn-1zv6/spikes/pwritev_group/target/release/pwritev_group boundary-auto pwritev_256_1m process 143360 1024 4
stdout:
variant,mode,target_bytes,physical_batches,writers,iterations,stop_reason,events,bytes,write_syscalls,short_writes,interrupted,max_iovecs,copied_bytes,barriers,cpu_ns,wall_ns,p50_ns,p95_ns,p99_ns,min_payload,max_payload,load1_before,load1_after
pwritev_256_1m,process,143360,1024,4,469,bytes,480256,67235840,1876,0,0,256,0,0,24678196,24820502,51020,64200,65250,24,24,2.100,2.100
stderr:

[2026-07-15T19:07:00.988607+00:00] b00414 /home/bob/src/mess/.maw/workspaces/bn-1zv6/spikes/pwritev_group/target/release/pwritev_group boundary-auto k_pwrite process 143360 1024 4
stdout:
variant,mode,target_bytes,physical_batches,writers,iterations,stop_reason,events,bytes,write_syscalls,short_writes,interrupted,max_iovecs,copied_bytes,barriers,cpu_ns,wall_ns,p50_ns,p95_ns,p99_ns,min_payload,max_payload,load1_before,load1_after
k_pwrite,process,143360,1024,4,469,bytes,480256,67235840,480256,0,0,0,0,0,351680058,354409408,753329,773249,838479,24,24,2.100,2.100
stderr:

[2026-07-15T19:07:02.016444+00:00] b00415 /home/bob/src/mess/.maw/workspaces/bn-1zv6/spikes/pwritev_group/target/release/pwritev_group boundary-auto k_pwrite process 143360 1024 4
stdout:
variant,mode,target_bytes,physical_batches,writers,iterations,stop_reason,events,bytes,write_syscalls,short_writes,interrupted,max_iovecs,copied_bytes,barriers,cpu_ns,wall_ns,p50_ns,p95_ns,p99_ns,min_payload,max_payload,load1_before,load1_after
k_pwrite,process,143360,1024,4,469,bytes,480256,67235840,480256,0,0,0,0,0,355115749,358108446,753459,859819,904899,24,24,2.100,2.010
stderr:

[2026-07-15T19:07:03.036643+00:00] b00416 /home/bob/src/mess/.maw/workspaces/bn-1zv6/spikes/pwritev_group/target/release/pwritev_group boundary-auto pwritev_256_1m process 143360 1024 4
stdout:
variant,mode,target_bytes,physical_batches,writers,iterations,stop_reason,events,bytes,write_syscalls,short_writes,interrupted,max_iovecs,copied_bytes,barriers,cpu_ns,wall_ns,p50_ns,p95_ns,p99_ns,min_payload,max_payload,load1_before,load1_after
pwritev_256_1m,process,143360,1024,4,469,bytes,480256,67235840,1876,0,0,256,0,0,24132066,24308423,50870,57600,68350,24,24,2.010,2.010
stderr:

[2026-07-15T19:07:04.063350+00:00] b00417 /home/bob/src/mess/.maw/workspaces/bn-1zv6/spikes/pwritev_group/target/release/pwritev_group boundary-auto k_pwrite process 143360 1024 4
stdout:
variant,mode,target_bytes,physical_batches,writers,iterations,stop_reason,events,bytes,write_syscalls,short_writes,interrupted,max_iovecs,copied_bytes,barriers,cpu_ns,wall_ns,p50_ns,p95_ns,p99_ns,min_payload,max_payload,load1_before,load1_after
k_pwrite,process,143360,1024,4,469,bytes,480256,67235840,480256,0,0,0,0,0,350877469,353504838,751770,773639,854260,24,24,2.010,2.010
stderr:

[2026-07-15T19:07:05.084399+00:00] b00418 /home/bob/src/mess/.maw/workspaces/bn-1zv6/spikes/pwritev_group/target/release/pwritev_group boundary-auto pwritev_64_1m process 143360 1024 4
stdout:
variant,mode,target_bytes,physical_batches,writers,iterations,stop_reason,events,bytes,write_syscalls,short_writes,interrupted,max_iovecs,copied_bytes,barriers,cpu_ns,wall_ns,p50_ns,p95_ns,p99_ns,min_payload,max_payload,load1_before,load1_after
pwritev_64_1m,process,143360,1024,4,469,bytes,480256,67235840,7504,0,0,64,0,0,31528548,31817287,66410,76040,84190,24,24,2.010,2.010
stderr:

[2026-07-15T19:07:06.112227+00:00] b00419 /home/bob/src/mess/.maw/workspaces/bn-1zv6/spikes/pwritev_group/target/release/pwritev_group boundary-auto pwritev_64_1m process 143360 1024 4
stdout:
variant,mode,target_bytes,physical_batches,writers,iterations,stop_reason,events,bytes,write_syscalls,short_writes,interrupted,max_iovecs,copied_bytes,barriers,cpu_ns,wall_ns,p50_ns,p95_ns,p99_ns,min_payload,max_payload,load1_before,load1_after
pwritev_64_1m,process,143360,1024,4,469,bytes,480256,67235840,7504,0,0,64,0,0,31323717,31515628,66270,73780,76470,24,24,2.010,2.010
stderr:

[2026-07-15T19:07:07.140000+00:00] b00420 /home/bob/src/mess/.maw/workspaces/bn-1zv6/spikes/pwritev_group/target/release/pwritev_group boundary-auto k_pwrite process 143360 1024 4
stdout:
variant,mode,target_bytes,physical_batches,writers,iterations,stop_reason,events,bytes,write_syscalls,short_writes,interrupted,max_iovecs,copied_bytes,barriers,cpu_ns,wall_ns,p50_ns,p95_ns,p99_ns,min_payload,max_payload,load1_before,load1_after
k_pwrite,process,143360,1024,4,469,bytes,480256,67235840,480256,0,0,0,0,0,351941859,354524777,750009,792929,900259,24,24,1.930,1.930
stderr:

[2026-07-15T19:07:08.167505+00:00] b00421 /home/bob/src/mess/.maw/workspaces/bn-1zv6/spikes/pwritev_group/target/release/pwritev_group boundary-auto copy_contiguous process 143360 1024 4
stdout:
variant,mode,target_bytes,physical_batches,writers,iterations,stop_reason,events,bytes,write_syscalls,short_writes,interrupted,max_iovecs,copied_bytes,barriers,cpu_ns,wall_ns,p50_ns,p95_ns,p99_ns,min_payload,max_payload,load1_before,load1_after
copy_contiguous,process,143360,1024,4,469,bytes,480256,67235840,469,0,0,0,67235840,0,10636702,10716462,22310,26220,32870,24,24,1.930,1.930
stderr:

[2026-07-15T19:07:09.194675+00:00] b00422 /home/bob/src/mess/.maw/workspaces/bn-1zv6/spikes/pwritev_group/target/release/pwritev_group boundary-auto k_pwrite process 143360 1024 4
stdout:
variant,mode,target_bytes,physical_batches,writers,iterations,stop_reason,events,bytes,write_syscalls,short_writes,interrupted,max_iovecs,copied_bytes,barriers,cpu_ns,wall_ns,p50_ns,p95_ns,p99_ns,min_payload,max_payload,load1_before,load1_after
k_pwrite,process,143360,1024,4,469,bytes,480256,67235840,480256,0,0,0,0,0,352695999,355532917,756209,773929,945050,24,24,1.930,1.930
stderr:

[2026-07-15T19:07:10.215706+00:00] b00423 /home/bob/src/mess/.maw/workspaces/bn-1zv6/spikes/pwritev_group/target/release/pwritev_group boundary-auto k_pwrite process 143360 1024 4
stdout:
variant,mode,target_bytes,physical_batches,writers,iterations,stop_reason,events,bytes,write_syscalls,short_writes,interrupted,max_iovecs,copied_bytes,barriers,cpu_ns,wall_ns,p50_ns,p95_ns,p99_ns,min_payload,max_payload,load1_before,load1_after
k_pwrite,process,143360,1024,4,469,bytes,480256,67235840,480256,0,0,0,0,0,354193499,356909286,751829,853489,915479,24,24,1.930,1.930
stderr:

[2026-07-15T19:07:11.242796+00:00] b00424 /home/bob/src/mess/.maw/workspaces/bn-1zv6/spikes/pwritev_group/target/release/pwritev_group boundary-auto copy_contiguous process 143360 1024 4
stdout:
variant,mode,target_bytes,physical_batches,writers,iterations,stop_reason,events,bytes,write_syscalls,short_writes,interrupted,max_iovecs,copied_bytes,barriers,cpu_ns,wall_ns,p50_ns,p95_ns,p99_ns,min_payload,max_payload,load1_before,load1_after
copy_contiguous,process,143360,1024,4,469,bytes,480256,67235840,469,0,0,0,67235840,0,11126903,11243432,23160,28790,39350,24,24,1.930,1.930
stderr:

[2026-07-15T19:07:12.270390+00:00] b00425 /home/bob/src/mess/.maw/workspaces/bn-1zv6/spikes/pwritev_group/target/release/pwritev_group boundary-auto k_pwrite process 143500 1025 4
stdout:
variant,mode,target_bytes,physical_batches,writers,iterations,stop_reason,events,bytes,write_syscalls,short_writes,interrupted,max_iovecs,copied_bytes,barriers,cpu_ns,wall_ns,p50_ns,p95_ns,p99_ns,min_payload,max_payload,load1_before,load1_after
k_pwrite,process,143500,1025,4,468,bytes,479700,67158000,479700,0,0,0,0,0,352191467,356293346,750790,826750,932109,24,24,1.770,1.770
stderr:

[2026-07-15T19:07:13.291099+00:00] b00426 /home/bob/src/mess/.maw/workspaces/bn-1zv6/spikes/pwritev_group/target/release/pwritev_group boundary-auto pwritev_full_1m process 143500 1025 4
stdout:
variant,mode,target_bytes,physical_batches,writers,iterations,stop_reason,events,bytes,write_syscalls,short_writes,interrupted,max_iovecs,copied_bytes,barriers,cpu_ns,wall_ns,p50_ns,p95_ns,p99_ns,min_payload,max_payload,load1_before,load1_after
pwritev_full_1m,process,143500,1025,4,468,bytes,479700,67158000,936,0,0,1024,0,0,21404456,21592005,45120,52180,65500,24,24,1.770,1.770
stderr:

[2026-07-15T19:07:14.318303+00:00] b00427 /home/bob/src/mess/.maw/workspaces/bn-1zv6/spikes/pwritev_group/target/release/pwritev_group boundary-auto pwritev_full_1m process 143500 1025 4
stdout:
variant,mode,target_bytes,physical_batches,writers,iterations,stop_reason,events,bytes,write_syscalls,short_writes,interrupted,max_iovecs,copied_bytes,barriers,cpu_ns,wall_ns,p50_ns,p95_ns,p99_ns,min_payload,max_payload,load1_before,load1_after
pwritev_full_1m,process,143500,1025,4,468,bytes,479700,67158000,936,0,0,1024,0,0,22122505,22374934,45200,58200,66420,24,24,1.770,1.770
stderr:

[2026-07-15T19:07:15.339282+00:00] b00428 /home/bob/src/mess/.maw/workspaces/bn-1zv6/spikes/pwritev_group/target/release/pwritev_group boundary-auto k_pwrite process 143500 1025 4
stdout:
variant,mode,target_bytes,physical_batches,writers,iterations,stop_reason,events,bytes,write_syscalls,short_writes,interrupted,max_iovecs,copied_bytes,barriers,cpu_ns,wall_ns,p50_ns,p95_ns,p99_ns,min_payload,max_payload,load1_before,load1_after
k_pwrite,process,143500,1025,4,468,bytes,479700,67158000,479700,0,0,0,0,0,354032307,356912746,751659,860800,958259,24,24,1.770,1.770
stderr:

[2026-07-15T19:07:16.360674+00:00] b00429 /home/bob/src/mess/.maw/workspaces/bn-1zv6/spikes/pwritev_group/target/release/pwritev_group boundary-auto pwritev_256_1m process 143500 1025 4
stdout:
variant,mode,target_bytes,physical_batches,writers,iterations,stop_reason,events,bytes,write_syscalls,short_writes,interrupted,max_iovecs,copied_bytes,barriers,cpu_ns,wall_ns,p50_ns,p95_ns,p99_ns,min_payload,max_payload,load1_before,load1_after
pwritev_256_1m,process,143500,1025,4,468,bytes,479700,67158000,2340,0,0,256,0,0,25208766,25443392,51210,67260,70880,24,24,1.770,1.770
stderr:

[2026-07-15T19:07:17.381857+00:00] b00430 /home/bob/src/mess/.maw/workspaces/bn-1zv6/spikes/pwritev_group/target/release/pwritev_group boundary-auto k_pwrite process 143500 1025 4
stdout:
variant,mode,target_bytes,physical_batches,writers,iterations,stop_reason,events,bytes,write_syscalls,short_writes,interrupted,max_iovecs,copied_bytes,barriers,cpu_ns,wall_ns,p50_ns,p95_ns,p99_ns,min_payload,max_payload,load1_before,load1_after
k_pwrite,process,143500,1025,4,468,bytes,479700,67158000,479700,0,0,0,0,0,350959987,354493767,751310,789880,954009,24,24,1.630,1.630
stderr:

[2026-07-15T19:07:18.408888+00:00] b00431 /home/bob/src/mess/.maw/workspaces/bn-1zv6/spikes/pwritev_group/target/release/pwritev_group boundary-auto k_pwrite process 143500 1025 4
stdout:
variant,mode,target_bytes,physical_batches,writers,iterations,stop_reason,events,bytes,write_syscalls,short_writes,interrupted,max_iovecs,copied_bytes,barriers,cpu_ns,wall_ns,p50_ns,p95_ns,p99_ns,min_payload,max_payload,load1_before,load1_after
k_pwrite,process,143500,1025,4,468,bytes,479700,67158000,479700,0,0,0,0,0,350416297,353513718,751360,789309,836650,24,24,1.630,1.630
stderr:

[2026-07-15T19:07:19.436202+00:00] b00432 /home/bob/src/mess/.maw/workspaces/bn-1zv6/spikes/pwritev_group/target/release/pwritev_group boundary-auto pwritev_256_1m process 143500 1025 4
stdout:
variant,mode,target_bytes,physical_batches,writers,iterations,stop_reason,events,bytes,write_syscalls,short_writes,interrupted,max_iovecs,copied_bytes,barriers,cpu_ns,wall_ns,p50_ns,p95_ns,p99_ns,min_payload,max_payload,load1_before,load1_after
pwritev_256_1m,process,143500,1025,4,468,bytes,479700,67158000,2340,0,0,256,0,0,24163476,24548633,50840,59190,75739,24,24,1.630,1.630
stderr:

[2026-07-15T19:07:20.456693+00:00] b00433 /home/bob/src/mess/.maw/workspaces/bn-1zv6/spikes/pwritev_group/target/release/pwritev_group boundary-auto k_pwrite process 143500 1025 4
stdout:
variant,mode,target_bytes,physical_batches,writers,iterations,stop_reason,events,bytes,write_syscalls,short_writes,interrupted,max_iovecs,copied_bytes,barriers,cpu_ns,wall_ns,p50_ns,p95_ns,p99_ns,min_payload,max_payload,load1_before,load1_after
k_pwrite,process,143500,1025,4,468,bytes,479700,67158000,479700,0,0,0,0,0,350228267,352950109,751100,773950,816260,24,24,1.630,1.630
stderr:

[2026-07-15T19:07:21.484977+00:00] b00434 /home/bob/src/mess/.maw/workspaces/bn-1zv6/spikes/pwritev_group/target/release/pwritev_group boundary-auto pwritev_64_1m process 143500 1025 4
stdout:
variant,mode,target_bytes,physical_batches,writers,iterations,stop_reason,events,bytes,write_syscalls,short_writes,interrupted,max_iovecs,copied_bytes,barriers,cpu_ns,wall_ns,p50_ns,p95_ns,p99_ns,min_payload,max_payload,load1_before,load1_after
pwritev_64_1m,process,143500,1025,4,468,bytes,479700,67158000,7956,0,0,64,0,0,31749818,31983527,66790,76510,84670,24,24,1.630,1.630
stderr:

[2026-07-15T19:07:22.506270+00:00] b00435 /home/bob/src/mess/.maw/workspaces/bn-1zv6/spikes/pwritev_group/target/release/pwritev_group boundary-auto pwritev_64_1m process 143500 1025 4
stdout:
variant,mode,target_bytes,physical_batches,writers,iterations,stop_reason,events,bytes,write_syscalls,short_writes,interrupted,max_iovecs,copied_bytes,barriers,cpu_ns,wall_ns,p50_ns,p95_ns,p99_ns,min_payload,max_payload,load1_before,load1_after
pwritev_64_1m,process,143500,1025,4,468,bytes,479700,67158000,7956,0,0,64,0,0,31827298,32287487,66600,81030,91469,24,24,1.660,1.660
stderr:

[2026-07-15T19:07:23.527427+00:00] b00436 /home/bob/src/mess/.maw/workspaces/bn-1zv6/spikes/pwritev_group/target/release/pwritev_group boundary-auto k_pwrite process 143500 1025 4
stdout:
variant,mode,target_bytes,physical_batches,writers,iterations,stop_reason,events,bytes,write_syscalls,short_writes,interrupted,max_iovecs,copied_bytes,barriers,cpu_ns,wall_ns,p50_ns,p95_ns,p99_ns,min_payload,max_payload,load1_before,load1_after
k_pwrite,process,143500,1025,4,468,bytes,479700,67158000,479700,0,0,0,0,0,350084018,352731969,752319,772540,813889,24,24,1.660,1.660
stderr:

[2026-07-15T19:07:24.554943+00:00] b00437 /home/bob/src/mess/.maw/workspaces/bn-1zv6/spikes/pwritev_group/target/release/pwritev_group boundary-auto copy_contiguous process 143500 1025 4
stdout:
variant,mode,target_bytes,physical_batches,writers,iterations,stop_reason,events,bytes,write_syscalls,short_writes,interrupted,max_iovecs,copied_bytes,barriers,cpu_ns,wall_ns,p50_ns,p95_ns,p99_ns,min_payload,max_payload,load1_before,load1_after
copy_contiguous,process,143500,1025,4,468,bytes,479700,67158000,468,0,0,0,67158000,0,10953243,11038942,23040,27440,33990,24,24,1.660,1.660
stderr:

[2026-07-15T19:07:25.582129+00:00] b00438 /home/bob/src/mess/.maw/workspaces/bn-1zv6/spikes/pwritev_group/target/release/pwritev_group boundary-auto k_pwrite process 143500 1025 4
stdout:
variant,mode,target_bytes,physical_batches,writers,iterations,stop_reason,events,bytes,write_syscalls,short_writes,interrupted,max_iovecs,copied_bytes,barriers,cpu_ns,wall_ns,p50_ns,p95_ns,p99_ns,min_payload,max_payload,load1_before,load1_after
k_pwrite,process,143500,1025,4,468,bytes,479700,67158000,479700,0,0,0,0,0,349730338,352579259,752530,775949,788579,24,24,1.660,1.660
stderr:

[2026-07-15T19:07:26.610107+00:00] b00439 /home/bob/src/mess/.maw/workspaces/bn-1zv6/spikes/pwritev_group/target/release/pwritev_group boundary-auto k_pwrite process 143500 1025 4
stdout:
variant,mode,target_bytes,physical_batches,writers,iterations,stop_reason,events,bytes,write_syscalls,short_writes,interrupted,max_iovecs,copied_bytes,barriers,cpu_ns,wall_ns,p50_ns,p95_ns,p99_ns,min_payload,max_payload,load1_before,load1_after
k_pwrite,process,143500,1025,4,468,bytes,479700,67158000,479700,0,0,0,0,0,354848288,357521115,751360,900689,951719,24,24,1.660,1.660
stderr:

[2026-07-15T19:07:27.631592+00:00] b00440 /home/bob/src/mess/.maw/workspaces/bn-1zv6/spikes/pwritev_group/target/release/pwritev_group boundary-auto copy_contiguous process 143500 1025 4
stdout:
variant,mode,target_bytes,physical_batches,writers,iterations,stop_reason,events,bytes,write_syscalls,short_writes,interrupted,max_iovecs,copied_bytes,barriers,cpu_ns,wall_ns,p50_ns,p95_ns,p99_ns,min_payload,max_payload,load1_before,load1_after
copy_contiguous,process,143500,1025,4,468,bytes,479700,67158000,468,0,0,0,67158000,0,11042323,11121922,23140,28960,32580,24,24,1.610,1.610
stderr:

